uid,domainID,siteID,namedLocation,collectDate,sampleID,sampleCode,sampleCondition,laboratoryName,analysisDate,analyzedBy,sampleType,replicate,sampleVolumeFiltered,filterSize,percentFilterAnalyzed,analyte,analyteConcentration,plantAlgaeLabUnits,method,externalRemarks,externalLabDataQF
"71f5e8ff-0e4c-4296-b8f8-c8f4036914f3","D03","BARC","BARC.AOS.buoy.c0","2018-09-05","BARC.C0.20180905.POM.1","A00000005356","condition ok","SIRFER Lab at University of Utah","2018-11-07","ElFtGy1kV49xqNP00HfxQA==","POM","1",300,25,100,"d15N",1.38,"perMill","Revesz & Coplen 2012a",,
"86970cb3-d9c2-48b7-9bf8-63f48424c722","D03","BARC","BARC.AOS.buoy.c0","2018-09-05","BARC.C0.20180905.POM.1","A00000005356","condition ok","SIRFER Lab at University of Utah","2018-11-07","ElFtGy1kV49xqNP00HfxQA==","POM","1",300,25,100,"d13C",-35.41,"perMill","Revesz & Coplen 2012a",,
"96350f4f-db86-489c-bb5e-740e5078f591","D03","BARC","BARC.AOS.buoy.c0","2018-09-05","BARC.C0.20180905.POM.1","A00000005356","condition ok","SIRFER Lab at University of Utah","2018-11-07","ElFtGy1kV49xqNP00HfxQA==","POM","1",300,25,100,"nitrogen",43.59,"microgramsPerLiter","Revesz & Coplen 2012a",,
"2090e412-d66b-49c2-b1ce-ec5d095ac736","D03","BARC","BARC.AOS.buoy.c0","2018-09-05","BARC.C0.20180905.POM.1","A00000005356","condition ok","SIRFER Lab at University of Utah","2018-11-07","ElFtGy1kV49xqNP00HfxQA==","POM","1",300,25,100,"carbon",358.13,"microgramsPerLiter","Revesz & Coplen 2012a",,
