uid,domainID,siteID,namedLocation,collectDate,sampleID,sampleCode,sampleCondition,laboratoryName,analysisDate,analyzedBy,sampleType,replicate,sampleVolumeFiltered,filterSize,percentFilterAnalyzed,analyte,analyteConcentration,plantAlgaeLabUnits,method,externalRemarks,externalLabDataQF
"22057352-5ab8-4272-950e-dcc379298708","D14","SYCA","SYCA.AOS.S2","2019-04-09","SYCA.SS.20190409.POM.1","A00000093934","condition ok","SIRFER Lab at University of Utah","2019-05-13","ElFtGy1kV49xqNP00HfxQA==","POM","1",300,25,100,"d13C",-30.38,"perMill","Revesz & Coplen 2012a",,
"707e9419-4880-441b-b7f1-c72026c7eafd","D14","SYCA","SYCA.AOS.S2","2019-04-09","SYCA.SS.20190409.POM.1","A00000093934","condition ok","SIRFER Lab at University of Utah","2019-05-13","ElFtGy1kV49xqNP00HfxQA==","POM","1",300,25,100,"nitrogen",271.25,"microgramsPerLiter","Revesz & Coplen 2012a",,
"35ade2ba-01f3-425d-a491-08e437560614","D14","SYCA","SYCA.AOS.S2","2019-04-09","SYCA.SS.20190409.POM.1","A00000093934","condition ok","SIRFER Lab at University of Utah","2019-05-13","ElFtGy1kV49xqNP00HfxQA==","POM","1",300,25,100,"d15N",4.74,"perMill","Revesz & Coplen 2012a",,
"3280d311-95ec-479d-ba99-0b5eb8051316","D14","SYCA","SYCA.AOS.S2","2019-04-09","SYCA.SS.20190409.POM.1","A00000093934","condition ok","SIRFER Lab at University of Utah","2019-05-13","ElFtGy1kV49xqNP00HfxQA==","POM","1",300,25,100,"carbon",1788.55,"microgramsPerLiter","Revesz & Coplen 2012a",,
"b6071c9f-6971-469e-bd0a-2a9b5323aac0","D14","SYCA","SYCA.AOS.S2","2019-04-16","SYCA.SS.20190416.POM.1","A00000055737","condition ok","SIRFER Lab at University of Utah","2019-05-13","ElFtGy1kV49xqNP00HfxQA==","POM","1",302,25,100,"d15N",1.21,"perMill","Revesz & Coplen 2012a",,
"9141d217-8b9b-4ec7-8a61-1d748733a42b","D14","SYCA","SYCA.AOS.S2","2019-04-16","SYCA.SS.20190416.POM.1","A00000055737","condition ok","SIRFER Lab at University of Utah","2019-05-13","ElFtGy1kV49xqNP00HfxQA==","POM","1",302,25,100,"d13C",-29.54,"perMill","Revesz & Coplen 2012a",,
"c985c3b3-b952-4003-b6cb-661c6ed8e7b8","D14","SYCA","SYCA.AOS.S2","2019-04-16","SYCA.SS.20190416.POM.1","A00000055737","condition ok","SIRFER Lab at University of Utah","2019-05-13","ElFtGy1kV49xqNP00HfxQA==","POM","1",302,25,100,"nitrogen",221.29,"microgramsPerLiter","Revesz & Coplen 2012a",,
"3bd52dba-8fe6-4dce-aa40-c59314b8158d","D14","SYCA","SYCA.AOS.S2","2019-04-16","SYCA.SS.20190416.POM.1","A00000055737","condition ok","SIRFER Lab at University of Utah","2019-05-13","ElFtGy1kV49xqNP00HfxQA==","POM","1",302,25,100,"carbon",1352.46,"microgramsPerLiter","Revesz & Coplen 2012a",,
"b78e0d0c-6cc5-4340-bb42-2143c239f6d4","D14","SYCA","SYCA.AOS.S2","2019-04-24","SYCA.SS.20190424.POM.1","A00000094042","condition ok","SIRFER Lab at University of Utah","2019-05-13","ElFtGy1kV49xqNP00HfxQA==","POM","1",300,25,100,"nitrogen",128.62,"microgramsPerLiter","Revesz & Coplen 2012a",,
"d0c958b1-ad04-45d1-a5b4-8d79a48b6112","D14","SYCA","SYCA.AOS.S2","2019-04-24","SYCA.SS.20190424.POM.1","A00000094042","condition ok","SIRFER Lab at University of Utah","2019-05-13","ElFtGy1kV49xqNP00HfxQA==","POM","1",300,25,100,"d13C",-28.73,"perMill","Revesz & Coplen 2012a",,
"139875ed-c2a5-4c82-88e1-6a878b22bb22","D14","SYCA","SYCA.AOS.S2","2019-04-24","SYCA.SS.20190424.POM.1","A00000094042","condition ok","SIRFER Lab at University of Utah","2019-05-13","ElFtGy1kV49xqNP00HfxQA==","POM","1",300,25,100,"carbon",914.17,"microgramsPerLiter","Revesz & Coplen 2012a",,
"7b7abc8c-255a-44a3-b2a8-75fdbc20153e","D14","SYCA","SYCA.AOS.S2","2019-04-24","SYCA.SS.20190424.POM.1","A00000094042","condition ok","SIRFER Lab at University of Utah","2019-05-13","ElFtGy1kV49xqNP00HfxQA==","POM","1",300,25,100,"d15N",8.50,"perMill","Revesz & Coplen 2012a",,
