uid,domainID,siteID,namedLocation,collectDate,sampleID,sampleCode,sampleCondition,laboratoryName,analysisDate,analyzedBy,sampleType,replicate,sampleVolumeFiltered,filterSize,percentFilterAnalyzed,analyte,analyteConcentration,plantAlgaeLabUnits,method,externalRemarks,externalLabDataQF
"f24c0a71-2f74-407e-a962-7e86e4cd0b37","D03","FLNT","FLNT.AOS.buoy.c0","2017-09-14","FLNT.C0.20170914.POM.1",,"condition ok","SIRFER Lab at University of Utah","2018-03-28","ElFtGy1kV49xqNP00HfxQA==","POM","1",,,100,"d13C",-29.48,"perMill","Revesz & Coplen 2012a",,
"d8cdc773-c51e-4c93-aa0a-a63f8ed3c541","D03","FLNT","FLNT.AOS.buoy.c0","2017-09-14","FLNT.C0.20170914.POM.1",,"condition ok","SIRFER Lab at University of Utah","2018-03-28","ElFtGy1kV49xqNP00HfxQA==","POM","1",,,100,"d15N",4.63,"perMill","Revesz & Coplen 2012a",,
"eec207f5-b5a3-4612-884e-48d6cd8b6dd2","D03","FLNT","FLNT.AOS.buoy.c0","2017-09-14","FLNT.C0.20170914.POM.1",,"condition ok","SIRFER Lab at University of Utah","2018-03-28","ElFtGy1kV49xqNP00HfxQA==","POM","1",,,100,"carbon",183.75,"microgramsPerLiter","Revesz & Coplen 2012a",,
"ce569bc2-bac1-4d29-8aba-6965db77dc49","D03","FLNT","FLNT.AOS.buoy.c0","2017-09-14","FLNT.C0.20170914.POM.1",,"condition ok","SIRFER Lab at University of Utah","2018-03-28","ElFtGy1kV49xqNP00HfxQA==","POM","1",,,100,"nitrogen",249.55,"microgramsPerLiter","Revesz & Coplen 2012a",,
