uid,domainID,siteID,namedLocation,collectDate,sampleID,sampleCode,sampleCondition,laboratoryName,analysisDate,analyzedBy,sampleType,replicate,sampleVolumeFiltered,filterSize,percentFilterAnalyzed,analyte,analyteConcentration,plantAlgaeLabUnits,method,externalRemarks,externalLabDataQF
"802a3dbb-33b2-4859-8e8b-749ca0d36fba","D13","COMO","COMO.AOS.S2","2017-02-21","COMO.SS.20170221.POM.1",,"condition ok","SIRFER Lab at University of Utah","2018-04-06","ElFtGy1kV49xqNP00HfxQA==","POM","1",850,25,100,"nitrogen",5.49,"microgramsPerLiter","Revesz & Coplen 2012a",,
"c6fdf90c-e902-434a-a5d7-2cf130f26297","D13","COMO","COMO.AOS.S2","2017-02-21","COMO.SS.20170221.POM.1",,"condition ok","SIRFER Lab at University of Utah","2018-04-06","ElFtGy1kV49xqNP00HfxQA==","POM","1",850,25,100,"carbon",67.71,"microgramsPerLiter","Revesz & Coplen 2012a",,
"0d779238-f0fc-4ccd-b109-97646de5928b","D13","COMO","COMO.AOS.S2","2017-02-21","COMO.SS.20170221.POM.1",,"condition ok","SIRFER Lab at University of Utah","2018-04-06","ElFtGy1kV49xqNP00HfxQA==","POM","1",850,25,100,"d15N",7.40,"perMill","Revesz & Coplen 2012a",,
"45e7e091-c6c6-4e32-92db-fdcdd06be96a","D13","COMO","COMO.AOS.S2","2017-02-21","COMO.SS.20170221.POM.1",,"condition ok","SIRFER Lab at University of Utah","2018-04-06","ElFtGy1kV49xqNP00HfxQA==","POM","1",850,25,100,"d13C",-27.50,"perMill","Revesz & Coplen 2012a",,
