uid,domainID,siteID,namedLocation,collectDate,sampleID,sampleCode,sampleCondition,laboratoryName,analysisDate,analyzedBy,sampleType,replicate,sampleVolumeFiltered,filterSize,percentFilterAnalyzed,analyte,analyteConcentration,plantAlgaeLabUnits,method,externalRemarks,externalLabDataQF
"6f2d8096-9908-44a6-9494-b6e6828a1831","D10","ARIK","ARIK.AOS.S2","2019-03-05","ARIK.SS.20190305.POM.1","A00000051660","condition ok","SIRFER Lab at University of Utah","2019-04-26","ElFtGy1kV49xqNP00HfxQA==","POM","1",600,25,100,"nitrogen",27.32,"microgramsPerLiter","Revesz & Coplen 2012a",,
"9ddb2296-ce3a-4a3e-9a82-0f9ae3a250ea","D10","ARIK","ARIK.AOS.S2","2019-03-05","ARIK.SS.20190305.POM.1","A00000051660","condition ok","SIRFER Lab at University of Utah","2019-04-26","ElFtGy1kV49xqNP00HfxQA==","POM","1",600,25,100,"carbon",235.97,"microgramsPerLiter","Revesz & Coplen 2012a",,
"fb5331f6-a963-4bc2-befb-170792ef7d46","D10","ARIK","ARIK.AOS.S2","2019-03-05","ARIK.SS.20190305.POM.1","A00000051660","condition ok","SIRFER Lab at University of Utah","2019-04-26","ElFtGy1kV49xqNP00HfxQA==","POM","1",600,25,100,"d15N",5.39,"perMill","Revesz & Coplen 2012a",,
"b84cfe1d-38d9-440a-85d0-2e73a4b0926e","D10","ARIK","ARIK.AOS.S2","2019-03-05","ARIK.SS.20190305.POM.1","A00000051660","condition ok","SIRFER Lab at University of Utah","2019-04-26","ElFtGy1kV49xqNP00HfxQA==","POM","1",600,25,100,"d13C",-30.25,"perMill","Revesz & Coplen 2012a",,
"5354eae7-58d1-49db-859e-f14db8cbf39c","D10","ARIK","ARIK.AOS.S2","2019-03-12","ARIK.SS.20190312.POM.1","A00000051675","condition ok","SIRFER Lab at University of Utah","2019-04-26","ElFtGy1kV49xqNP00HfxQA==","POM","1",500,25,100,"carbon",509.97,"microgramsPerLiter","Revesz & Coplen 2012a",,
"80a97039-f695-4812-a721-1f3f16aa890d","D10","ARIK","ARIK.AOS.S2","2019-03-12","ARIK.SS.20190312.POM.1","A00000051675","condition ok","SIRFER Lab at University of Utah","2019-04-26","ElFtGy1kV49xqNP00HfxQA==","POM","1",500,25,100,"d15N",6.09,"perMill","Revesz & Coplen 2012a",,
"02ccd9bf-25a3-460b-bc92-f1ce9b8bca7c","D10","ARIK","ARIK.AOS.S2","2019-03-12","ARIK.SS.20190312.POM.1","A00000051675","condition ok","SIRFER Lab at University of Utah","2019-04-26","ElFtGy1kV49xqNP00HfxQA==","POM","1",500,25,100,"d13C",-30.24,"perMill","Revesz & Coplen 2012a",,
"59b47b5b-24b7-428a-b2ca-695390095446","D10","ARIK","ARIK.AOS.S2","2019-03-12","ARIK.SS.20190312.POM.1","A00000051675","condition ok","SIRFER Lab at University of Utah","2019-04-26","ElFtGy1kV49xqNP00HfxQA==","POM","1",500,25,100,"nitrogen",63.88,"microgramsPerLiter","Revesz & Coplen 2012a",,
"fb9e26a0-dca2-4f91-893e-47d52d8ea1ab","D10","ARIK","ARIK.AOS.S2","2019-03-27","ARIK.SS.20190327.POM.1","A00000051496","condition ok","SIRFER Lab at University of Utah","2019-09-23","ElFtGy1kV49xqNP00HfxQA==","POM","1",500,25,100,"d15N",5.39,"perMill","Revesz & Coplen 2012a",,
"20e3091c-5a3e-49f0-8874-c31409b14c71","D10","ARIK","ARIK.AOS.S2","2019-03-27","ARIK.SS.20190327.POM.1","A00000051496","condition ok","SIRFER Lab at University of Utah","2019-09-23","ElFtGy1kV49xqNP00HfxQA==","POM","1",500,25,100,"carbon",583.09,"microgramsPerLiter","Revesz & Coplen 2012a",,
"f25dfd7d-2449-49ba-a7a4-fc8007cdd57b","D10","ARIK","ARIK.AOS.S2","2019-03-27","ARIK.SS.20190327.POM.1","A00000051496","condition ok","SIRFER Lab at University of Utah","2019-09-23","ElFtGy1kV49xqNP00HfxQA==","POM","1",500,25,100,"nitrogen",67.59,"microgramsPerLiter","Revesz & Coplen 2012a",,
"3e500c03-1216-4b55-a986-6c69bb401dbc","D10","ARIK","ARIK.AOS.S2","2019-03-27","ARIK.SS.20190327.POM.1","A00000051496","condition ok","SIRFER Lab at University of Utah","2019-09-23","ElFtGy1kV49xqNP00HfxQA==","POM","1",500,25,100,"d13C",-30.46,"perMill","Revesz & Coplen 2012a",,
