uid,domainID,siteID,namedLocation,collectDate,sampleID,sampleCode,sampleCondition,laboratoryName,analysisDate,analyzedBy,sampleType,replicate,sampleVolumeFiltered,filterSize,percentFilterAnalyzed,analyte,analyteConcentration,plantAlgaeLabUnits,method,externalRemarks,externalLabDataQF
"cd227c8d-31ce-48eb-a9a4-323ec35f0614","D04","GUIL","GUIL.AOS.S2","2015-11-02","GUIL.SS.20151102.POM.1",,"other","Academy of Natural Sciences of Drexel University","2017-03-03","OKgcKejxXbI=","13C15N","1",,,100,"d15N",5.33,"perMill",,"Difference in volume filtered",
"3cc7bc07-ad07-48e1-a06a-22d3423237d1","D04","GUIL","GUIL.AOS.S2","2015-11-02","GUIL.SS.20151102.POM.1",,"other","Academy of Natural Sciences of Drexel University","2017-03-03","OKgcKejxXbI=","13C15N","1",,,100,"d13C",-26.37,"perMill",,"Difference in volume filtered",
"580f5032-ba6e-4111-a142-051e473ed4e0","D04","GUIL","GUIL.AOS.S2","2015-11-02","GUIL.SS.20151102.POM.2",,"other","Academy of Natural Sciences of Drexel University","2017-05-17","OKgcKejxXbI=","13C15N","2",,,100,"d15N",4.78,"perMill",,"Difference in volume filtered, hand pump broke (but replaced) and a third replicate was made. Processing time was more than 3 hours from collection time",
"fc626d52-e05a-4f10-a4bf-ba3c42595ee1","D04","GUIL","GUIL.AOS.S2","2015-11-02","GUIL.SS.20151102.POM.2",,"other","Academy of Natural Sciences of Drexel University","2017-05-17","OKgcKejxXbI=","13C15N","2",,,100,"d13C",-26.36,"perMill",,"Difference in volume filtered, hand pump broke (but replaced) and a third replicate was made. Processing time was more than 3 hours from collection time",
"065a3aa8-4c9b-4986-b13a-c8672e04717a","D04","GUIL","GUIL.AOS.S2","2015-11-17","GUIL.SS.20151117.POM.2",,"other","Academy of Natural Sciences of Drexel University","2017-05-17","OKgcKejxXbI=","13C15N","2",,,100,"d13C",-25.81,"perMill",,"Difference in volume filtered",
"95872713-72a5-41fb-bda6-9c9593dc2d2c","D04","GUIL","GUIL.AOS.S2","2015-11-17","GUIL.SS.20151117.POM.2",,"other","Academy of Natural Sciences of Drexel University","2017-05-17","OKgcKejxXbI=","13C15N","2",,,100,"d15N",3.76,"perMill",,"Difference in volume filtered",
"ac05b3fa-e89b-4bab-98f9-308e52b521e4","D04","GUIL","GUIL.AOS.S2","2015-11-17","GUIL.SS.20151117.POM.1",,"other","Academy of Natural Sciences of Drexel University","2017-03-03","OKgcKejxXbI=","13C15N","1",,,100,"d15N",5.62,"perMill",,"Difference in volume filtered",
"acfe85d0-7f29-41be-99d7-aaa9d64c3785","D04","GUIL","GUIL.AOS.S2","2015-11-17","GUIL.SS.20151117.POM.1",,"other","Academy of Natural Sciences of Drexel University","2017-03-03","OKgcKejxXbI=","13C15N","1",,,100,"d13C",-26.48,"perMill",,"Difference in volume filtered",
