uid,domainID,siteID,namedLocation,collectDate,sampleID,sampleCode,sampleCondition,laboratoryName,analysisDate,analyzedBy,sampleType,replicate,sampleVolumeFiltered,filterSize,percentFilterAnalyzed,analyte,analyteConcentration,plantAlgaeLabUnits,method,externalRemarks,externalLabDataQF
"f581c6cf-5164-468a-9472-56097bad4ee4","D04","GUIL","GUIL.AOS.S2","2017-04-06","GUIL.SS.20170406.POM.2",,"condition ok","SIRFER Lab at University of Utah","2018-05-29","ElFtGy1kV49xqNP00HfxQA==","POM","1",1000,25,100,"carbon",131.46,"microgramsPerLiter","Revesz & Coplen 2012a",,
"fdf51cd2-e217-4a54-8c7a-569db90b7911","D04","GUIL","GUIL.AOS.S2","2017-04-06","GUIL.SS.20170406.POM.2",,"condition ok","SIRFER Lab at University of Utah","2018-05-29","ElFtGy1kV49xqNP00HfxQA==","POM","1",1000,25,100,"nitrogen",14.12,"microgramsPerLiter","Revesz & Coplen 2012a",,
"7a5e6661-d349-4bc9-be77-7a67c5c13e68","D04","GUIL","GUIL.AOS.S2","2017-04-06","GUIL.SS.20170406.POM.2",,"condition ok","SIRFER Lab at University of Utah","2018-05-29","ElFtGy1kV49xqNP00HfxQA==","POM","1",1000,25,100,"d13C",-25.23,"perMill","Revesz & Coplen 2012a",,
"51feec21-a49e-4b63-8b9d-5e3095ba026e","D04","GUIL","GUIL.AOS.S2","2017-04-06","GUIL.SS.20170406.POM.2",,"condition ok","SIRFER Lab at University of Utah","2018-05-29","ElFtGy1kV49xqNP00HfxQA==","POM","1",1000,25,100,"d15N",14.25,"perMill","Revesz & Coplen 2012a",,
"0943d70a-3d10-452f-9aac-f269d0b55081","D04","GUIL","GUIL.AOS.S2","2017-04-25","GUIL.SS.20170425.POM.2",,"condition ok","SIRFER Lab at University of Utah","2018-05-29","ElFtGy1kV49xqNP00HfxQA==","POM","1",1000,25,100,"d13C",-25.52,"perMill","Revesz & Coplen 2012a",,
"16022f91-824a-47fe-9267-5741567799c4","D04","GUIL","GUIL.AOS.S2","2017-04-25","GUIL.SS.20170425.POM.2",,"condition ok","SIRFER Lab at University of Utah","2018-05-29","ElFtGy1kV49xqNP00HfxQA==","POM","1",1000,25,100,"nitrogen",14.58,"microgramsPerLiter","Revesz & Coplen 2012a",,
"8a851a0a-0340-4bd1-85f4-137bc4fc504c","D04","GUIL","GUIL.AOS.S2","2017-04-25","GUIL.SS.20170425.POM.2",,"condition ok","SIRFER Lab at University of Utah","2018-05-29","ElFtGy1kV49xqNP00HfxQA==","POM","1",1000,25,100,"d15N",15.26,"perMill","Revesz & Coplen 2012a",,
"44b58d47-0a5e-4674-a1de-85dab22b1596","D04","GUIL","GUIL.AOS.S2","2017-04-25","GUIL.SS.20170425.POM.2",,"condition ok","SIRFER Lab at University of Utah","2018-05-29","ElFtGy1kV49xqNP00HfxQA==","POM","1",1000,25,100,"carbon",131.93,"microgramsPerLiter","Revesz & Coplen 2012a",,
