uid,domainID,siteID,namedLocation,collectDate,sampleID,sampleCode,sampleCondition,laboratoryName,analysisDate,analyzedBy,sampleType,replicate,sampleVolumeFiltered,filterSize,percentFilterAnalyzed,analyte,analyteConcentration,plantAlgaeLabUnits,method,externalRemarks,externalLabDataQF
"3bf9d0e1-e2a8-4df3-adae-db252366a059","D07","WALK","WALK.AOS.S2","2017-06-20","WALK.SS.20170620.POM.1",,"condition ok","SIRFER Lab at University of Utah","2018-03-12","ElFtGy1kV49xqNP00HfxQA==","POM","1",,,100,"carbon",297.61,"microgramsPerLiter","Revesz & Coplen 2012a",,
"ea80da67-1b57-4c38-8552-6aed020a3fcb","D07","WALK","WALK.AOS.S2","2017-06-20","WALK.SS.20170620.POM.1",,"condition ok","SIRFER Lab at University of Utah","2018-03-12","ElFtGy1kV49xqNP00HfxQA==","POM","1",,,100,"d15N",1.21,"perMill","Revesz & Coplen 2012a",,
"fd0b82a1-3274-4054-af31-3ff308223785","D07","WALK","WALK.AOS.S2","2017-06-20","WALK.SS.20170620.POM.1",,"condition ok","SIRFER Lab at University of Utah","2018-03-12","ElFtGy1kV49xqNP00HfxQA==","POM","1",,,100,"nitrogen",22.59,"microgramsPerLiter","Revesz & Coplen 2012a",,
"c38823b1-05e5-4f36-b3fd-a564ad5555a4","D07","WALK","WALK.AOS.S2","2017-06-20","WALK.SS.20170620.POM.1",,"condition ok","SIRFER Lab at University of Utah","2018-03-12","ElFtGy1kV49xqNP00HfxQA==","POM","1",,,100,"d13C",-28.56,"perMill","Revesz & Coplen 2012a",,
