uid,domainID,siteID,namedLocation,collectDate,parentSampleID,parentSampleCode,isotopeH2OSampleCond,isotopeH2OSampleID,isotopeH2OSampleCode,isotopePOMRep2SampleCond,isotopePOMRep2SampleID,isotopePOMRep2SampleCode,isotopePOMSampleCond,isotopePOMSampleID,isotopePOMSampleCode,processedDateFilters,processedDateH2OIsotopes,sampleVolumeFilteredPOMRep1,sampleVolumeFilteredPOMRep2,fieldDataQF
"25d99f4d-2866-485c-b92b-a16d94742017","D09","PRPO","PRPO.AOS.inlet","2017-10-17T13:45Z","PRPO.IN.20171017",,"Sample condition ok","PRPO.IN.20171017.H2O.1",,"Sample condition ok","PRPO.IN.20171017.POM.2",,"Sample condition ok","PRPO.IN.20171017.POM.1",,"2017-10-17T17:00Z","2017-10-17T18:05Z",30,30,
"20173af4-1f6b-4554-8512-5cfa95b72417","D09","PRPO","PRPO.AOS.buoy.c0","2017-10-17T14:15Z","PRPO.C0.20171017",,"Sample condition ok","PRPO.C0.20171017.H2O.1",,"Sample condition ok","PRPO.C0.20171017.POM.2",,"Sample condition ok","PRPO.C0.20171017.POM.1",,"2017-10-17T18:05Z","2017-10-17T18:08Z",35,35,
"e2f5b825-237f-44c6-ae7a-ca7efa33e61c","D09","PRPO","PRPO.AOS.outlet","2017-10-17T14:49Z","PRPO.OT.20171017",,"Sample condition ok","PRPO.OT.20171017.H2O.1",,"Sample condition ok","PRPO.OT.20171017.POM.2",,"Sample condition ok","PRPO.OT.20171017.POM.1",,"2017-10-17T18:20Z","2017-10-17T18:10Z",35,35,
"96e5751c-a275-4f43-8c69-42054de3a690","D09","PRPO","PRPO.AOS.inlet","2017-10-31T14:55Z","PRPO.IN.20171031",,"Sample condition ok","PRPO.IN.20171031.H2O.1",,"Sample condition ok","PRPO.IN.20171031.POM.2",,"Sample condition ok","PRPO.IN.20171031.POM.1",,"2017-10-31T18:00Z","2017-10-31T18:46Z",40,40,
"8aa518ef-e9b0-4229-814e-d7320f1ed222","D09","PRPO","PRPO.AOS.buoy.c0","2017-10-31T15:24Z","PRPO.C0.20171031",,"Sample condition ok","PRPO.C0.20171031.H2O.1",,"Sample condition ok","PRPO.C0.20171031.POM.2",,"Sample condition ok","PRPO.C0.20171031.POM.1",,"2017-10-31T17:35Z","2017-10-31T18:50Z",40,40,
"d2caecfc-52f6-4b30-9d36-2acdb773eea6","D09","PRPO","PRPO.AOS.outlet","2017-10-31T15:46Z","PRPO.OT.20171031",,"Sample condition ok","PRPO.OT.20171031.H2O.1",,"Sample condition ok","PRPO.OT.20171031.POM.2",,"Sample condition ok","PRPO.OT.20171031.POM.1",,"2017-10-31T18:20Z","2017-10-31T19:05Z",40,40,
