uid,domainID,siteID,namedLocation,collectDate,sampleID,sampleCode,sampleCondition,laboratoryName,analysisDate,analyzedBy,sampleType,replicate,sampleVolumeFiltered,filterSize,percentFilterAnalyzed,analyte,analyteConcentration,plantAlgaeLabUnits,method,externalRemarks,externalLabDataQF
"c26ebb0a-b248-4e7c-b5a9-d5e8c29695fa","D09","PRPO","PRPO.AOS.inlet","2017-10-17","PRPO.IN.20171017.POM.1",,"condition ok","SIRFER Lab at University of Utah","2018-03-16","ElFtGy1kV49xqNP00HfxQA==","POM","1",30,25,100,"carbon",6440.00,"microgramsPerLiter","Revesz & Coplen 2012a",,
"cd819127-e5ec-478e-88c5-0474f61ccde4","D09","PRPO","PRPO.AOS.inlet","2017-10-17","PRPO.IN.20171017.POM.1",,"condition ok","SIRFER Lab at University of Utah","2018-03-16","ElFtGy1kV49xqNP00HfxQA==","POM","1",30,25,100,"nitrogen",616.30,"microgramsPerLiter","Revesz & Coplen 2012a",,
"958b3f4c-620a-42c1-95f4-40c61f49dc85","D09","PRPO","PRPO.AOS.inlet","2017-10-17","PRPO.IN.20171017.POM.1",,"condition ok","SIRFER Lab at University of Utah","2018-03-16","ElFtGy1kV49xqNP00HfxQA==","POM","1",30,25,100,"d13C",-28.10,"perMill","Revesz & Coplen 2012a",,
"f26684be-4420-4104-920a-23384e668e6e","D09","PRPO","PRPO.AOS.inlet","2017-10-17","PRPO.IN.20171017.POM.1",,"condition ok","SIRFER Lab at University of Utah","2018-03-16","ElFtGy1kV49xqNP00HfxQA==","POM","1",30,25,100,"d15N",6.90,"perMill","Revesz & Coplen 2012a",,
"d69ce9fb-8783-4cd7-b212-ef7fc5b5b652","D09","PRPO","PRPO.AOS.buoy.c0","2017-10-17","PRPO.C0.20171017.POM.1",,"condition ok","SIRFER Lab at University of Utah","2018-03-16","ElFtGy1kV49xqNP00HfxQA==","POM","1",35,25,100,"carbon",6518.50,"microgramsPerLiter","Revesz & Coplen 2012a",,
"e797f686-6d38-4214-ad25-9a2ded037218","D09","PRPO","PRPO.AOS.buoy.c0","2017-10-17","PRPO.C0.20171017.POM.1",,"condition ok","SIRFER Lab at University of Utah","2018-03-16","ElFtGy1kV49xqNP00HfxQA==","POM","1",35,25,100,"nitrogen",623.70,"microgramsPerLiter","Revesz & Coplen 2012a",,
"7486317e-4736-4f3b-b078-64f5e47f356d","D09","PRPO","PRPO.AOS.buoy.c0","2017-10-17","PRPO.C0.20171017.POM.1",,"condition ok","SIRFER Lab at University of Utah","2018-03-16","ElFtGy1kV49xqNP00HfxQA==","POM","1",35,25,100,"d15N",7.00,"perMill","Revesz & Coplen 2012a",,
"948f470a-54bf-44c2-9942-70f67412b816","D09","PRPO","PRPO.AOS.buoy.c0","2017-10-17","PRPO.C0.20171017.POM.1",,"condition ok","SIRFER Lab at University of Utah","2018-03-16","ElFtGy1kV49xqNP00HfxQA==","POM","1",35,25,100,"d13C",-28.20,"perMill","Revesz & Coplen 2012a",,
"3423e3c6-6e59-45a9-9330-49272939c3f0","D09","PRPO","PRPO.AOS.outlet","2017-10-17","PRPO.OT.20171017.POM.1",,"condition ok","SIRFER Lab at University of Utah","2018-03-16","ElFtGy1kV49xqNP00HfxQA==","POM","1",35,25,100,"d15N",6.40,"perMill","Revesz & Coplen 2012a",,
"6867b195-5c26-497c-a98d-8e4694fbe244","D09","PRPO","PRPO.AOS.outlet","2017-10-17","PRPO.OT.20171017.POM.1",,"condition ok","SIRFER Lab at University of Utah","2018-03-16","ElFtGy1kV49xqNP00HfxQA==","POM","1",35,25,100,"carbon",6598.10,"microgramsPerLiter","Revesz & Coplen 2012a",,
"1982f79f-742c-45e2-97f5-d3a30cdcbbaa","D09","PRPO","PRPO.AOS.outlet","2017-10-17","PRPO.OT.20171017.POM.1",,"condition ok","SIRFER Lab at University of Utah","2018-03-16","ElFtGy1kV49xqNP00HfxQA==","POM","1",35,25,100,"d13C",-27.90,"perMill","Revesz & Coplen 2012a",,
"f20b9d41-5d36-4051-a27e-6ef1276b2eb1","D09","PRPO","PRPO.AOS.outlet","2017-10-17","PRPO.OT.20171017.POM.1",,"condition ok","SIRFER Lab at University of Utah","2018-03-16","ElFtGy1kV49xqNP00HfxQA==","POM","1",35,25,100,"nitrogen",634.10,"microgramsPerLiter","Revesz & Coplen 2012a",,
"05c420a7-0989-40e7-90d2-4de28d144306","D09","PRPO","PRPO.AOS.inlet","2017-10-31","PRPO.IN.20171031.POM.1",,"condition ok","SIRFER Lab at University of Utah","2018-03-16","ElFtGy1kV49xqNP00HfxQA==","POM","1",40,25,100,"carbon",5202.50,"microgramsPerLiter","Revesz & Coplen 2012a",,
"560aad6b-1a5d-4c73-be61-d04d8708cbae","D09","PRPO","PRPO.AOS.inlet","2017-10-31","PRPO.IN.20171031.POM.1",,"condition ok","SIRFER Lab at University of Utah","2018-03-16","ElFtGy1kV49xqNP00HfxQA==","POM","1",40,25,100,"nitrogen",554.20,"microgramsPerLiter","Revesz & Coplen 2012a",,
"da227d14-efaf-4e77-82ed-e24fb53c6152","D09","PRPO","PRPO.AOS.inlet","2017-10-31","PRPO.IN.20171031.POM.1",,"condition ok","SIRFER Lab at University of Utah","2018-03-16","ElFtGy1kV49xqNP00HfxQA==","POM","1",40,25,100,"d15N",5.10,"perMill","Revesz & Coplen 2012a",,
"9f0cdc84-9845-4f92-bb27-bd9be2f38020","D09","PRPO","PRPO.AOS.inlet","2017-10-31","PRPO.IN.20171031.POM.1",,"condition ok","SIRFER Lab at University of Utah","2018-03-16","ElFtGy1kV49xqNP00HfxQA==","POM","1",40,25,100,"d13C",-28.60,"perMill","Revesz & Coplen 2012a",,
"63aeb075-3c59-4542-a497-cee02d765b29","D09","PRPO","PRPO.AOS.buoy.c0","2017-10-31","PRPO.C0.20171031.POM.1",,"condition ok","SIRFER Lab at University of Utah","2018-03-16","ElFtGy1kV49xqNP00HfxQA==","POM","1",40,25,100,"carbon",6637.10,"microgramsPerLiter","Revesz & Coplen 2012a",,
"71d6cd3c-fee5-40c7-95dd-38ed9c2d7784","D09","PRPO","PRPO.AOS.buoy.c0","2017-10-31","PRPO.C0.20171031.POM.1",,"condition ok","SIRFER Lab at University of Utah","2018-03-16","ElFtGy1kV49xqNP00HfxQA==","POM","1",40,25,100,"d13C",-28.60,"perMill","Revesz & Coplen 2012a",,
"f48584df-5faf-4976-8ddb-27db1f4ffed1","D09","PRPO","PRPO.AOS.buoy.c0","2017-10-31","PRPO.C0.20171031.POM.1",,"condition ok","SIRFER Lab at University of Utah","2018-03-16","ElFtGy1kV49xqNP00HfxQA==","POM","1",40,25,100,"nitrogen",669.10,"microgramsPerLiter","Revesz & Coplen 2012a",,
"5ee70352-ddd8-48f4-be54-1d1fafb808c7","D09","PRPO","PRPO.AOS.buoy.c0","2017-10-31","PRPO.C0.20171031.POM.1",,"condition ok","SIRFER Lab at University of Utah","2018-03-16","ElFtGy1kV49xqNP00HfxQA==","POM","1",40,25,100,"d15N",8.00,"perMill","Revesz & Coplen 2012a",,
"38f0b926-7e20-4e0b-b14c-d5cc3e303493","D09","PRPO","PRPO.AOS.outlet","2017-10-31","PRPO.OT.20171031.POM.1",,"condition ok","SIRFER Lab at University of Utah","2018-03-16","ElFtGy1kV49xqNP00HfxQA==","POM","1",40,25,100,"nitrogen",600.00,"microgramsPerLiter","Revesz & Coplen 2012a",,
"61513e3d-7090-496a-a00d-693dcbdfea09","D09","PRPO","PRPO.AOS.outlet","2017-10-31","PRPO.OT.20171031.POM.1",,"condition ok","SIRFER Lab at University of Utah","2018-03-16","ElFtGy1kV49xqNP00HfxQA==","POM","1",40,25,100,"carbon",5807.90,"microgramsPerLiter","Revesz & Coplen 2012a",,
"400c315e-2a8e-45f7-9fa5-3eb666cd295f","D09","PRPO","PRPO.AOS.outlet","2017-10-31","PRPO.OT.20171031.POM.1",,"condition ok","SIRFER Lab at University of Utah","2018-03-16","ElFtGy1kV49xqNP00HfxQA==","POM","1",40,25,100,"d15N",4.60,"perMill","Revesz & Coplen 2012a",,
"f55446e6-60e8-4372-bd83-c9c10c72fecf","D09","PRPO","PRPO.AOS.outlet","2017-10-31","PRPO.OT.20171031.POM.1",,"condition ok","SIRFER Lab at University of Utah","2018-03-16","ElFtGy1kV49xqNP00HfxQA==","POM","1",40,25,100,"d13C",-27.50,"perMill","Revesz & Coplen 2012a",,
