uid,domainID,siteID,namedLocation,decimalLatitude,decimalLongitude,coordinateUncertainty,additionalCoordUncertainty,elevation,elevationUncertainty,geodeticDatum,altLocation,altLatitude,altLongitude,altCoordinateUncertainty,altGeodeticDatum,collectDate,aquaticSiteType,samplingImpractical,parentSampleID,parentSampleCode,eventID,samplerType,dissolvedOxygen,dissolvedOxygenSaturation,specificConductance,waterTemp,asiSamplingProtocolVersion,lowerSegmentDepth,upperSegmentDepth,maxDepth,lakeSampleDepth1,lakeSampleDepth2,aCollectedBy,bCollectedBy,remarks,fieldDataQF
"aeb43184-55c7-4ec2-b535-631273e94adf","D09","PRPO","PRPO.AOS.inlet",47.129671,-99.254694,0.1,10.0,591.0,0.1,"WGS84",,,,,,"2017-10-17T13:45Z","lake",,"PRPO.IN.20171017",,"PRPO.20171017","Kemmerer",9.13,81.00,3775.00,6.60,"NEON.DOC.001886vF",,,0.9,0.5,,"rhowell@battelleecology.org","aanteau@neoninc.org",,
"19926287-29fe-427f-9311-8ab5202c52c0","D09","PRPO","PRPO.AOS.buoy.c0",47.130692,-99.253482,10.0,10.0,590.0,10.0,"WGS84",,,,,,"2017-10-17T14:15Z","lake",,"PRPO.C0.20171017",,"PRPO.20171017","Kemmerer",9.12,80.80,3830.00,6.60,"NEON.DOC.001886vF",,,1.9,0.5,,"rhowell@battelleecology.org","aanteau@neoninc.org",,
"28e30fe1-a4bb-4fa5-85f1-feabe4376fe4","D09","PRPO","PRPO.AOS.outlet",47.131108,-99.250809,0.1,10.0,591.2,0.1,"WGS84",,,,,,"2017-10-17T14:49Z","lake",,"PRPO.OT.20171017",,"PRPO.20171017","Kemmerer",9.73,85.90,3822.00,6.50,"NEON.DOC.001886vF",,,1.0,0.5,,"rhowell@battelleecology.org","aanteau@neoninc.org",,
"221a0d29-fcec-4a35-bd0d-3fea4a79f61b","D09","PRPO","PRPO.AOS.inlet",47.129671,-99.254694,0.1,10.0,591.0,0.1,"WGS84",,,,,,"2017-10-31T14:55Z","lake",,"PRPO.IN.20171031",,"PRPO.20171031","Kemmerer",13.76,102.40,3977.00,0.00,"NEON.DOC.001886vF",,,1.0,0.5,,"jeldridge@neoninc.org","tcarter@neoninc.org","Ice 1cm thick",
"54082307-e06e-4206-9a2f-a802c2073c42","D09","PRPO","PRPO.AOS.buoy.c0",47.130692,-99.253482,10.0,10.0,590.0,10.0,"WGS84",,,,,,"2017-10-31T15:24Z","lake",,"PRPO.C0.20171031",,"PRPO.20171031","Kemmerer",12.91,95.70,3992.00,0.10,"NEON.DOC.001886vF",,,1.8,0.5,,"jeldridge@neoninc.org","tcarter@neoninc.org","1 cm of ice",
"7cc12b69-2881-4127-b2b0-fc1283a53944","D09","PRPO","PRPO.AOS.outlet",47.131108,-99.250809,0.1,10.0,591.2,0.1,"WGS84",,,,,,"2017-10-31T15:46Z","lake",,"PRPO.OT.20171031",,"PRPO.20171031","Kemmerer",13.73,102.30,4010.00,0.00,"NEON.DOC.001886vF",,,1.0,0.5,,"jeldridge@neoninc.org","tcarter@neoninc.org","Ice 1.3 cm thick",
