uid,domainID,siteID,namedLocation,collectDate,sampleID,sampleCode,sampleCondition,laboratoryName,analysisDate,analyzedBy,sampleType,replicate,sampleVolumeFiltered,filterSize,percentFilterAnalyzed,analyte,analyteConcentration,plantAlgaeLabUnits,method,externalRemarks,externalLabDataQF
"6e58df7b-f48e-4389-ada5-09191db2d1b7","D02","LEWI","LEWI.AOS.S2","2018-03-07","LEWI.SS.20180307.POM.1",,"condition ok","SIRFER Lab at University of Utah","2018-08-10","ElFtGy1kV49xqNP00HfxQA==","POM","1",1100,25,100,"nitrogen",20.09,"microgramsPerLiter","Revesz & Coplen 2012a",,
"647a09bf-162b-461a-93a5-d804fb8b2708","D02","LEWI","LEWI.AOS.S2","2018-03-07","LEWI.SS.20180307.POM.1",,"condition ok","SIRFER Lab at University of Utah","2018-08-10","ElFtGy1kV49xqNP00HfxQA==","POM","1",1100,25,100,"carbon",209.00,"microgramsPerLiter","Revesz & Coplen 2012a",,
"88eaaab1-44d2-4044-b97a-cc2d5e8db518","D02","LEWI","LEWI.AOS.S2","2018-03-07","LEWI.SS.20180307.POM.1",,"condition ok","SIRFER Lab at University of Utah","2018-08-10","ElFtGy1kV49xqNP00HfxQA==","POM","1",1100,25,100,"d15N",6.65,"perMill","Revesz & Coplen 2012a",,
"daff9ef9-7766-42f3-b377-7c591832c211","D02","LEWI","LEWI.AOS.S2","2018-03-07","LEWI.SS.20180307.POM.1",,"condition ok","SIRFER Lab at University of Utah","2018-08-10","ElFtGy1kV49xqNP00HfxQA==","POM","1",1100,25,100,"d13C",-25.65,"perMill","Revesz & Coplen 2012a",,
"f6a5c9ee-761d-48d8-b57c-ac6157c58e17","D02","LEWI","LEWI.AOS.S2","2018-03-14","LEWI.SS.20180314.POM.1",,"condition ok","SIRFER Lab at University of Utah","2018-08-10","ElFtGy1kV49xqNP00HfxQA==","POM","1",800,25,100,"nitrogen",19.81,"microgramsPerLiter","Revesz & Coplen 2012a",,
"520c49be-9de3-4bd0-908b-1db204c9aacb","D02","LEWI","LEWI.AOS.S2","2018-03-14","LEWI.SS.20180314.POM.1",,"condition ok","SIRFER Lab at University of Utah","2018-08-10","ElFtGy1kV49xqNP00HfxQA==","POM","1",800,25,100,"d13C",-25.57,"perMill","Revesz & Coplen 2012a",,
"b8c78ce7-b8c7-4997-ab9e-911ae45106cf","D02","LEWI","LEWI.AOS.S2","2018-03-14","LEWI.SS.20180314.POM.1",,"condition ok","SIRFER Lab at University of Utah","2018-08-10","ElFtGy1kV49xqNP00HfxQA==","POM","1",800,25,100,"d15N",6.42,"perMill","Revesz & Coplen 2012a",,
"4ba5d200-70ea-43d5-b9d5-665ea8957525","D02","LEWI","LEWI.AOS.S2","2018-03-14","LEWI.SS.20180314.POM.1",,"condition ok","SIRFER Lab at University of Utah","2018-08-10","ElFtGy1kV49xqNP00HfxQA==","POM","1",800,25,100,"carbon",234.60,"microgramsPerLiter","Revesz & Coplen 2012a",,
"d16f67d1-642f-4c0c-ae4c-60d03661b404","D02","LEWI","LEWI.AOS.S2","2018-03-26","LEWI.SS.20180326.POM.1",,"condition ok","SIRFER Lab at University of Utah","2018-08-10","ElFtGy1kV49xqNP00HfxQA==","POM","1",800,25,100,"carbon",165.51,"microgramsPerLiter","Revesz & Coplen 2012a",,
"fedece16-10f3-42db-8f01-7d2db342a53d","D02","LEWI","LEWI.AOS.S2","2018-03-26","LEWI.SS.20180326.POM.1",,"condition ok","SIRFER Lab at University of Utah","2018-08-10","ElFtGy1kV49xqNP00HfxQA==","POM","1",800,25,100,"d15N",6.04,"perMill","Revesz & Coplen 2012a",,
"924a0210-d324-4f9d-8c5d-3c85e77d57a6","D02","LEWI","LEWI.AOS.S2","2018-03-26","LEWI.SS.20180326.POM.1",,"condition ok","SIRFER Lab at University of Utah","2018-08-10","ElFtGy1kV49xqNP00HfxQA==","POM","1",800,25,100,"d13C",-27.04,"perMill","Revesz & Coplen 2012a",,
"1b4491ff-976b-4a7a-85c6-94d36d2c91a6","D02","LEWI","LEWI.AOS.S2","2018-03-26","LEWI.SS.20180326.POM.1",,"condition ok","SIRFER Lab at University of Utah","2018-08-10","ElFtGy1kV49xqNP00HfxQA==","POM","1",800,25,100,"nitrogen",16.74,"microgramsPerLiter","Revesz & Coplen 2012a",,
