uid,domainID,siteID,namedLocation,collectDate,sampleID,sampleCode,sampleCondition,laboratoryName,analysisDate,analyzedBy,sampleType,replicate,sampleVolumeFiltered,filterSize,percentFilterAnalyzed,analyte,analyteConcentration,plantAlgaeLabUnits,method,externalRemarks,externalLabDataQF
"5eb1a3fe-046e-4eed-b8da-fc1f17106833","D03","SUGG","SUGG.AOS.buoy.c0","2017-05-01","SUGG.C0.20170501.POM.2",,"condition ok","SIRFER Lab at University of Utah","2018-05-26","ElFtGy1kV49xqNP00HfxQA==","POM","1",,,100,"carbon",470.00,"microgramsPerLiter","Revesz & Coplen 2012a",,
"2c3e9702-94a2-4a13-940c-ae692355793e","D03","SUGG","SUGG.AOS.buoy.c0","2017-05-01","SUGG.C0.20170501.POM.2",,"condition ok","SIRFER Lab at University of Utah","2018-05-26","ElFtGy1kV49xqNP00HfxQA==","POM","1",,,100,"d15N",10.63,"perMill","Revesz & Coplen 2012a",,
"fce915bb-9098-4146-a381-2ee514613021","D03","SUGG","SUGG.AOS.buoy.c0","2017-05-01","SUGG.C0.20170501.POM.2",,"condition ok","SIRFER Lab at University of Utah","2018-05-26","ElFtGy1kV49xqNP00HfxQA==","POM","1",,,100,"nitrogen",44.48,"microgramsPerLiter","Revesz & Coplen 2012a",,
"39837b2c-75c7-4e0d-9a53-7d4a36896968","D03","SUGG","SUGG.AOS.buoy.c0","2017-05-01","SUGG.C0.20170501.POM.2",,"condition ok","SIRFER Lab at University of Utah","2018-05-26","ElFtGy1kV49xqNP00HfxQA==","POM","1",,,100,"d13C",-30.64,"perMill","Revesz & Coplen 2012a",,
"85690706-5955-46d7-b414-846ab99f14d0","D03","SUGG","SUGG.AOS.inlet","2017-05-01","SUGG.IN.20170501.POM.2",,"condition ok","SIRFER Lab at University of Utah","2018-05-26","ElFtGy1kV49xqNP00HfxQA==","POM","1",,,100,"carbon",620.22,"microgramsPerLiter","Revesz & Coplen 2012a",,
"98a1526d-6b4b-4050-9228-1646caa3d3c3","D03","SUGG","SUGG.AOS.inlet","2017-05-01","SUGG.IN.20170501.POM.2",,"condition ok","SIRFER Lab at University of Utah","2018-05-26","ElFtGy1kV49xqNP00HfxQA==","POM","1",,,100,"nitrogen",58.11,"microgramsPerLiter","Revesz & Coplen 2012a",,
"d587ba76-de78-48af-b55b-b9f9b78fdc19","D03","SUGG","SUGG.AOS.inlet","2017-05-01","SUGG.IN.20170501.POM.2",,"condition ok","SIRFER Lab at University of Utah","2018-05-26","ElFtGy1kV49xqNP00HfxQA==","POM","1",,,100,"d15N",9.75,"perMill","Revesz & Coplen 2012a",,
"6e6d92cc-d2b3-45ed-8bc6-e8282a152132","D03","SUGG","SUGG.AOS.inlet","2017-05-01","SUGG.IN.20170501.POM.2",,"condition ok","SIRFER Lab at University of Utah","2018-05-26","ElFtGy1kV49xqNP00HfxQA==","POM","1",,,100,"d13C",-30.49,"perMill","Revesz & Coplen 2012a",,
"76c074f7-2ecd-46fe-a026-d6b6749ba06d","D03","SUGG","SUGG.AOS.outlet","2017-05-01","SUGG.OT.20170501.POM.2",,"condition ok","SIRFER Lab at University of Utah","2018-05-26","ElFtGy1kV49xqNP00HfxQA==","POM","1",,,100,"nitrogen",60.22,"microgramsPerLiter","Revesz & Coplen 2012a",,
"56898601-64ed-47c0-99f4-2a567c51ab0b","D03","SUGG","SUGG.AOS.outlet","2017-05-01","SUGG.OT.20170501.POM.2",,"condition ok","SIRFER Lab at University of Utah","2018-05-26","ElFtGy1kV49xqNP00HfxQA==","POM","1",,,100,"d13C",-30.88,"perMill","Revesz & Coplen 2012a",,
"2579ab57-592d-42e0-b716-a5681506bf74","D03","SUGG","SUGG.AOS.outlet","2017-05-01","SUGG.OT.20170501.POM.2",,"condition ok","SIRFER Lab at University of Utah","2018-05-26","ElFtGy1kV49xqNP00HfxQA==","POM","1",,,100,"carbon",612.48,"microgramsPerLiter","Revesz & Coplen 2012a",,
"ee7e2b50-086d-442a-a5ca-5d3b222f5992","D03","SUGG","SUGG.AOS.outlet","2017-05-01","SUGG.OT.20170501.POM.2",,"condition ok","SIRFER Lab at University of Utah","2018-05-26","ElFtGy1kV49xqNP00HfxQA==","POM","1",,,100,"d15N",4.63,"perMill","Revesz & Coplen 2012a",,
