uid,domainID,siteID,namedLocation,collectDate,sampleID,sampleCode,sampleCondition,laboratoryName,analysisDate,analyzedBy,sampleType,replicate,sampleVolumeFiltered,filterSize,percentFilterAnalyzed,analyte,analyteConcentration,plantAlgaeLabUnits,method,externalRemarks,externalLabDataQF
"01f02369-eb95-4d30-97e9-0dee86284dcc","D03","BARC","BARC.AOS.buoy.c0","2017-08-02","BARC.C0.20170802.POM.1",,"condition ok","SIRFER Lab at University of Utah","2018-05-22","ElFtGy1kV49xqNP00HfxQA==","POM","1",,,100,"d13C",-32.48,"perMill","Revesz & Coplen 2012a",,
"62ee9ca2-c290-4ee8-ad6c-9312d45a58be","D03","BARC","BARC.AOS.buoy.c0","2017-08-02","BARC.C0.20170802.POM.1",,"condition ok","SIRFER Lab at University of Utah","2018-05-22","ElFtGy1kV49xqNP00HfxQA==","POM","1",,,100,"carbon",303.92,"microgramsPerLiter","Revesz & Coplen 2012a",,
"780385fc-5950-4e2c-af8d-2f8da7950a93","D03","BARC","BARC.AOS.buoy.c0","2017-08-02","BARC.C0.20170802.POM.1",,"condition ok","SIRFER Lab at University of Utah","2018-05-22","ElFtGy1kV49xqNP00HfxQA==","POM","1",,,100,"d15N",8.79,"perMill","Revesz & Coplen 2012a",,
"d83f8f42-7556-4bee-b795-25f3645de4de","D03","BARC","BARC.AOS.buoy.c0","2017-08-02","BARC.C0.20170802.POM.1",,"condition ok","SIRFER Lab at University of Utah","2018-05-22","ElFtGy1kV49xqNP00HfxQA==","POM","1",,,100,"nitrogen",30.18,"microgramsPerLiter","Revesz & Coplen 2012a",,
"aec5f832-c9a5-4d7d-8603-4c48431b3182","D03","BARC","BARC.AOS.inlet","2017-08-02","BARC.IN.20170802.POM.1",,"condition ok","SIRFER Lab at University of Utah","2018-05-22","ElFtGy1kV49xqNP00HfxQA==","POM","1",,,100,"nitrogen",41.94,"microgramsPerLiter","Revesz & Coplen 2012a",,
"66249d25-d2f0-4086-9661-b5e9f4a4b461","D03","BARC","BARC.AOS.inlet","2017-08-02","BARC.IN.20170802.POM.1",,"condition ok","SIRFER Lab at University of Utah","2018-05-22","ElFtGy1kV49xqNP00HfxQA==","POM","1",,,100,"carbon",515.78,"microgramsPerLiter","Revesz & Coplen 2012a",,
"49616c5c-314e-4cba-bd7a-5263db6ba653","D03","BARC","BARC.AOS.inlet","2017-08-02","BARC.IN.20170802.POM.1",,"condition ok","SIRFER Lab at University of Utah","2018-05-22","ElFtGy1kV49xqNP00HfxQA==","POM","1",,,100,"d13C",-31.16,"perMill","Revesz & Coplen 2012a",,
"3a3fc8af-23f1-42c7-8ee1-ae84b1dae106","D03","BARC","BARC.AOS.inlet","2017-08-02","BARC.IN.20170802.POM.1",,"condition ok","SIRFER Lab at University of Utah","2018-05-22","ElFtGy1kV49xqNP00HfxQA==","POM","1",,,100,"d15N",10.06,"perMill","Revesz & Coplen 2012a",,
"1ab025e8-f464-49c0-9e53-0b9527191b9f","D03","BARC","BARC.AOS.outlet","2017-08-02","BARC.OT.20170802.POM.1",,"condition ok","SIRFER Lab at University of Utah","2018-05-22","ElFtGy1kV49xqNP00HfxQA==","POM","1",,,100,"d13C",-30.83,"perMill","Revesz & Coplen 2012a",,
"bdd5cf2e-de95-4d21-b981-6c8288dbf9cf","D03","BARC","BARC.AOS.outlet","2017-08-02","BARC.OT.20170802.POM.1",,"condition ok","SIRFER Lab at University of Utah","2018-05-22","ElFtGy1kV49xqNP00HfxQA==","POM","1",,,100,"carbon",396.99,"microgramsPerLiter","Revesz & Coplen 2012a",,
"09313f32-766a-4ca7-b9c9-aa91085feb58","D03","BARC","BARC.AOS.outlet","2017-08-02","BARC.OT.20170802.POM.1",,"condition ok","SIRFER Lab at University of Utah","2018-05-22","ElFtGy1kV49xqNP00HfxQA==","POM","1",,,100,"d15N",11.76,"perMill","Revesz & Coplen 2012a",,
"b966c2fa-090a-47b6-b523-6be892fc8a31","D03","BARC","BARC.AOS.outlet","2017-08-02","BARC.OT.20170802.POM.1",,"condition ok","SIRFER Lab at University of Utah","2018-05-22","ElFtGy1kV49xqNP00HfxQA==","POM","1",,,100,"nitrogen",35.08,"microgramsPerLiter","Revesz & Coplen 2012a",,
