uid,domainID,siteID,namedLocation,collectDate,sampleID,sampleCode,sampleCondition,laboratoryName,analysisDate,analyzedBy,sampleType,replicate,sampleVolumeFiltered,filterSize,percentFilterAnalyzed,analyte,analyteConcentration,plantAlgaeLabUnits,method,externalRemarks,externalLabDataQF
"09ea2639-afd0-4588-9f0b-15ae3acfe4a7","D07","LECO","LECO.AOS.S2","2017-03-07","LECO.SS.20170307.POM.2",,"condition ok","SIRFER Lab at University of Utah","2018-03-12","ElFtGy1kV49xqNP00HfxQA==","POM","1",,,100,"d15N",8.90,"perMill","Revesz & Coplen 2012a",,
"4f38d814-aa85-4f89-a4eb-90604546398c","D07","LECO","LECO.AOS.S2","2017-03-07","LECO.SS.20170307.POM.2",,"condition ok","SIRFER Lab at University of Utah","2018-03-12","ElFtGy1kV49xqNP00HfxQA==","POM","1",,,100,"d13C",-27.73,"perMill","Revesz & Coplen 2012a",,
"627d09ad-8f48-4841-b6ca-5c42f7346112","D07","LECO","LECO.AOS.S2","2017-03-07","LECO.SS.20170307.POM.2",,"condition ok","SIRFER Lab at University of Utah","2018-03-12","ElFtGy1kV49xqNP00HfxQA==","POM","1",,,100,"carbon",203.83,"microgramsPerLiter","Revesz & Coplen 2012a",,
"da793def-42e9-4eeb-a69f-a4858bfcb984","D07","LECO","LECO.AOS.S2","2017-03-07","LECO.SS.20170307.POM.2",,"condition ok","SIRFER Lab at University of Utah","2018-03-12","ElFtGy1kV49xqNP00HfxQA==","POM","1",,,100,"nitrogen",13.02,"microgramsPerLiter","Revesz & Coplen 2012a",,
"a41de2e0-e393-43f7-9682-8c9e1f8356d7","D07","LECO","LECO.AOS.S2","2017-03-13","LECO.SS.20170313.POM.2",,"condition ok","SIRFER Lab at University of Utah","2018-03-12","ElFtGy1kV49xqNP00HfxQA==","POM","1",,,100,"nitrogen",8.07,"microgramsPerLiter","Revesz & Coplen 2012a",,
"e5da4233-1360-4664-821f-50c07666462e","D07","LECO","LECO.AOS.S2","2017-03-13","LECO.SS.20170313.POM.2",,"condition ok","SIRFER Lab at University of Utah","2018-03-12","ElFtGy1kV49xqNP00HfxQA==","POM","1",,,100,"carbon",135.55,"microgramsPerLiter","Revesz & Coplen 2012a",,
"1239fb0b-d981-4d90-beb8-b0407eefe3f2","D07","LECO","LECO.AOS.S2","2017-03-13","LECO.SS.20170313.POM.2",,"condition ok","SIRFER Lab at University of Utah","2018-03-12","ElFtGy1kV49xqNP00HfxQA==","POM","1",,,100,"d13C",-27.42,"perMill","Revesz & Coplen 2012a",,
"2ba0b8ef-ed87-45d0-8dca-14d58f551542","D07","LECO","LECO.AOS.S2","2017-03-13","LECO.SS.20170313.POM.2",,"condition ok","SIRFER Lab at University of Utah","2018-03-12","ElFtGy1kV49xqNP00HfxQA==","POM","1",,,100,"d15N",8.30,"perMill","Revesz & Coplen 2012a",,
"e73164f2-b43a-47a9-a531-6ae214cfc8e7","D07","LECO","LECO.AOS.S2","2017-03-28","LECO.SS.20170328.POM.2",,"condition ok","SIRFER Lab at University of Utah","2018-03-12","ElFtGy1kV49xqNP00HfxQA==","POM","1",,,100,"d15N",5.27,"perMill","Revesz & Coplen 2012a",,
"d26d382f-33c0-4ac9-bfab-1337a38c82aa","D07","LECO","LECO.AOS.S2","2017-03-28","LECO.SS.20170328.POM.2",,"condition ok","SIRFER Lab at University of Utah","2018-03-12","ElFtGy1kV49xqNP00HfxQA==","POM","1",,,100,"nitrogen",46.19,"microgramsPerLiter","Revesz & Coplen 2012a",,
"a059cf68-afeb-4400-a0be-11f6be9f34bc","D07","LECO","LECO.AOS.S2","2017-03-28","LECO.SS.20170328.POM.2",,"condition ok","SIRFER Lab at University of Utah","2018-03-12","ElFtGy1kV49xqNP00HfxQA==","POM","1",,,100,"d13C",-27.70,"perMill","Revesz & Coplen 2012a",,
"3fb354b2-b440-4061-aa8a-bb01bf31c123","D07","LECO","LECO.AOS.S2","2017-03-28","LECO.SS.20170328.POM.2",,"condition ok","SIRFER Lab at University of Utah","2018-03-12","ElFtGy1kV49xqNP00HfxQA==","POM","1",,,100,"carbon",726.51,"microgramsPerLiter","Revesz & Coplen 2012a",,
