uid,domainID,siteID,namedLocation,collectDate,parentSampleID,parentSampleCode,isotopeH2OSampleCond,isotopeH2OSampleID,isotopeH2OSampleCode,isotopePOMRep2SampleCond,isotopePOMRep2SampleID,isotopePOMRep2SampleCode,isotopePOMSampleCond,isotopePOMSampleID,isotopePOMSampleCode,processedDateFilters,processedDateH2OIsotopes,sampleVolumeFilteredPOMRep1,sampleVolumeFilteredPOMRep2,fieldDataQF
"38b271f9-3576-4871-adb8-d1dd504e3e5f","D07","LECO","LECO.AOS.S2","2017-03-07T16:07Z","LECO.SS.20170307",,,"LECO.SS.20170307.H2O.1",,,"LECO.SS.20170307.POM.2",,,"LECO.SS.20170307.POM.1",,"2017-03-07T19:45Z","2017-03-07T17:15Z",1200,1200,
"93ed1b0e-4f97-4369-aa1f-788ac48e2d28","D07","LECO","LECO.AOS.S2","2017-03-10T17:00Z","LECO.SS.20170310",,,"LECO.SS.20170310.H2O.1",,,"LECO.SS.20170310.POM.2",,,"LECO.SS.20170310.POM.1",,"2017-03-10T20:00Z","2017-03-10T17:00Z",1200,1200,
"9217e0ed-62ad-4c7f-9870-3a324c3fba59","D07","LECO","LECO.AOS.S2","2017-03-13T16:00Z","LECO.SS.20170313",,"Sample condition ok","LECO.SS.20170313.H2O.1",,"Sample condition ok","LECO.SS.20170313.POM.2",,"Sample condition ok","LECO.SS.20170313.POM.1",,"2017-03-13T19:00Z","2017-03-13T16:00Z",1200,1200,
"7332b78b-8c6b-4552-be54-fc45a0f4fc1c","D07","LECO","LECO.AOS.S2","2017-03-28T12:45Z","LECO.SS.20170328",,,"LECO.SS.20170328.H2O.1",,,"LECO.SS.20170328.POM.2",,,"LECO.SS.20170328.POM.1",,"2017-03-28T17:00Z","2017-03-28T13:45Z",800,800,
