uid,domainID,siteID,namedLocation,decimalLatitude,decimalLongitude,coordinateUncertainty,additionalCoordUncertainty,elevation,elevationUncertainty,geodeticDatum,altLocation,altLatitude,altLongitude,altCoordinateUncertainty,altGeodeticDatum,collectDate,aquaticSiteType,samplingImpractical,parentSampleID,parentSampleCode,eventID,samplerType,dissolvedOxygen,dissolvedOxygenSaturation,specificConductance,waterTemp,asiSamplingProtocolVersion,lowerSegmentDepth,upperSegmentDepth,maxDepth,lakeSampleDepth1,lakeSampleDepth2,aCollectedBy,bCollectedBy,remarks,fieldDataQF
"e83c876b-e7e4-41fa-9efc-26bc4258ea61","D07","LECO","LECO.AOS.S2",35.692201,-83.504427,0.2,10.0,536.3,0.1,"WGS84",,,,,,"2017-03-07T16:07Z","stream",,"LECO.SS.20170307",,"LECO.20170307","Grab",14.24,125.80,20.10,10.10,"NEON.DOC.001886vE",,,,,,"pharnage@neoninc.org","sthomason@neoninc.org","DO membrane probably needs to be replaced",
"1561feb5-0e1e-4994-aa92-3125cf2cf4b2","D07","LECO","LECO.AOS.S2",35.692201,-83.504427,0.2,10.0,536.3,0.1,"WGS84",,,,,,"2017-03-10T17:00Z","stream",,"LECO.SS.20170310",,"LECO.20170310","Grab",,,,,"NEON.DOC.001886vE",,,,,,"abradner@neoninc.org","pharnage@neoninc.org",,
"0da5fcc9-80bb-455e-9500-967430326d70","D07","LECO","LECO.AOS.S2",35.692201,-83.504427,0.2,10.0,536.3,0.1,"WGS84",,,,,,"2017-03-13T16:00Z","stream",,"LECO.SS.20170313",,"LECO.20170313","Grab",16.07,126.70,20.10,5.20,"NEON.DOC.001886vE",,,,,,"pharnage@battelleecology.org","abradner@battelleecology.org",,
"78f2b2fb-f853-441d-8a46-4fd82bfd95a2","D07","LECO","LECO.AOS.S2",35.692201,-83.504427,0.2,10.0,536.3,0.1,"WGS84",,,,,,"2017-03-28T12:45Z","stream",,"LECO.SS.20170328",,"LECO.20170328","Grab",9.74,88.60,19.80,11.10,"NEON.DOC.001886vE",,,,,,"abradner@neoninc.org","jmonroe@field-ops.org",,
