uid,domainID,siteID,namedLocation,collectDate,sampleID,sampleCode,sampleCondition,laboratoryName,analysisDate,analyzedBy,sampleType,replicate,sampleVolumeFiltered,filterSize,percentFilterAnalyzed,analyte,analyteConcentration,plantAlgaeLabUnits,method,externalRemarks,externalLabDataQF
"3618a165-5fce-45dd-98a5-3a804735048c","D02","POSE","POSE.AOS.S2","2015-10-20","POSE.SS.20151020.POM.1",,"condition ok","Academy of Natural Sciences of Drexel University","2016-03-31","OKgcKejxXbI=","13C15N","1",450,25,100,"d13C",-28.08,"perMill",,,"Audit Failed. Document: A00036_DREX_AlgalChem_DocAudit_20170407.pdf & A00036_DREX_AlgalChem_VisitAudit_20170407.pdf"
"752db60c-43da-4661-ab65-b8f662cf8a57","D02","POSE","POSE.AOS.S2","2015-10-20","POSE.SS.20151020.POM.2",,"other","Academy of Natural Sciences of Drexel University","2016-03-31","OKgcKejxXbI=","13C15N","2",450,25,100,"d15N",,"perMill",,"sample lost during analysis","Audit Failed. Document: A00036_DREX_AlgalChem_DocAudit_20170407.pdf & A00036_DREX_AlgalChem_VisitAudit_20170407.pdf"
"a404c918-1160-4182-99ec-1ae7fbabfa39","D02","POSE","POSE.AOS.S2","2015-10-20","POSE.SS.20151020.POM.1",,"condition ok","Academy of Natural Sciences of Drexel University","2016-03-31","OKgcKejxXbI=","13C15N","1",450,25,100,"d15N",2.28,"perMill",,,"Audit Failed. Document: A00036_DREX_AlgalChem_DocAudit_20170407.pdf & A00036_DREX_AlgalChem_VisitAudit_20170407.pdf"
"45840529-bf80-4b1a-b29a-0e09c9e6088a","D02","POSE","POSE.AOS.S2","2015-10-20","POSE.SS.20151020.POM.1",,"condition ok","Academy of Natural Sciences of Drexel University","2016-03-31","OKgcKejxXbI=","13C15N","1",,,100,"d15N",2.28,"perMill",,,
"553f7027-b632-48ac-8084-fae38bdef842","D02","POSE","POSE.AOS.S2","2015-10-20","POSE.SS.20151020.POM.1",,"condition ok","Academy of Natural Sciences of Drexel University","2016-03-31","OKgcKejxXbI=","13C15N","1",,,100,"d13C",-28.08,"perMill",,,
"6acfaa66-2740-4add-9276-4999f81eba66","D02","POSE","POSE.AOS.S2","2015-10-20","POSE.SS.20151020.POM.2",,"other","Academy of Natural Sciences of Drexel University","2016-03-31","OKgcKejxXbI=","13C15N","2",,,100,"d13C",,"perMill",,"sample lost during analysis",
"16d61114-6acf-4cc1-9b9d-c16bf914fc5e","D02","POSE","POSE.AOS.S2","2015-10-20","POSE.SS.20151020.POM.2",,"other","Academy of Natural Sciences of Drexel University","2016-03-31","OKgcKejxXbI=","13C15N","2",450,25,100,"d13C",,"perMill",,"sample lost during analysis","Audit Failed. Document: A00036_DREX_AlgalChem_DocAudit_20170407.pdf & A00036_DREX_AlgalChem_VisitAudit_20170407.pdf"
"a2796327-99e8-4a87-af48-959405b3d202","D02","POSE","POSE.AOS.S2","2015-10-20","POSE.SS.20151020.POM.2",,"other","Academy of Natural Sciences of Drexel University","2016-03-31","OKgcKejxXbI=","13C15N","2",,,100,"d15N",,"perMill",,"sample lost during analysis",
