uid,domainID,siteID,namedLocation,collectDate,sampleID,sampleCode,sampleCondition,laboratoryName,analysisDate,analyzedBy,sampleType,replicate,sampleVolumeFiltered,filterSize,percentFilterAnalyzed,analyte,analyteConcentration,plantAlgaeLabUnits,method,externalRemarks,externalLabDataQF
"0c470220-fbb8-451e-a3e1-7bbfad426188","D02","LEWI","LEWI.AOS.S2","2017-12-05","LEWI.SS.20171205.POM.1",,"condition ok","SIRFER Lab at University of Utah","2018-08-10","ElFtGy1kV49xqNP00HfxQA==","POM","1",1000,25,100,"carbon",180.52,"microgramsPerLiter","Revesz & Coplen 2012a",,
"48960ca6-7ede-4624-be32-cf5b6ccc48c7","D02","LEWI","LEWI.AOS.S2","2017-12-05","LEWI.SS.20171205.POM.1",,"condition ok","SIRFER Lab at University of Utah","2018-08-10","ElFtGy1kV49xqNP00HfxQA==","POM","1",1000,25,100,"d13C",-27.35,"perMill","Revesz & Coplen 2012a",,
"2f5a2f03-8cff-4d1c-a138-2c3f7175c02b","D02","LEWI","LEWI.AOS.S2","2017-12-05","LEWI.SS.20171205.POM.1",,"condition ok","SIRFER Lab at University of Utah","2018-08-10","ElFtGy1kV49xqNP00HfxQA==","POM","1",1000,25,100,"nitrogen",20.08,"microgramsPerLiter","Revesz & Coplen 2012a",,
"5ae634a6-dccb-484c-bd03-d1194a175feb","D02","LEWI","LEWI.AOS.S2","2017-12-05","LEWI.SS.20171205.POM.1",,"condition ok","SIRFER Lab at University of Utah","2018-08-10","ElFtGy1kV49xqNP00HfxQA==","POM","1",1000,25,100,"d15N",6.91,"perMill","Revesz & Coplen 2012a",,
"939a404a-a153-4c5e-b27d-6546c7ce067e","D02","LEWI","LEWI.AOS.S2","2017-12-13","LEWI.SS.20171213.POM.1",,"condition ok","SIRFER Lab at University of Utah","2018-08-10","ElFtGy1kV49xqNP00HfxQA==","POM","1",1000,25,100,"nitrogen",15.09,"microgramsPerLiter","Revesz & Coplen 2012a",,
"84ade3c5-68d5-412c-9237-e2db3fbdb9d5","D02","LEWI","LEWI.AOS.S2","2017-12-13","LEWI.SS.20171213.POM.1",,"condition ok","SIRFER Lab at University of Utah","2018-08-10","ElFtGy1kV49xqNP00HfxQA==","POM","1",1000,25,100,"carbon",136.53,"microgramsPerLiter","Revesz & Coplen 2012a",,
"6332b79b-2204-4888-aef4-50ffb42c9981","D02","LEWI","LEWI.AOS.S2","2017-12-13","LEWI.SS.20171213.POM.1",,"condition ok","SIRFER Lab at University of Utah","2018-08-10","ElFtGy1kV49xqNP00HfxQA==","POM","1",1000,25,100,"d15N",7.20,"perMill","Revesz & Coplen 2012a",,
"daec930d-eff7-4bd2-b305-5a941ed775c2","D02","LEWI","LEWI.AOS.S2","2017-12-13","LEWI.SS.20171213.POM.1",,"condition ok","SIRFER Lab at University of Utah","2018-08-10","ElFtGy1kV49xqNP00HfxQA==","POM","1",1000,25,100,"d13C",-26.53,"perMill","Revesz & Coplen 2012a",,
