uid,domainID,siteID,namedLocation,collectDate,sampleID,sampleCode,sampleCondition,laboratoryName,analysisDate,analyzedBy,sampleType,replicate,sampleVolumeFiltered,filterSize,percentFilterAnalyzed,analyte,analyteConcentration,plantAlgaeLabUnits,method,externalRemarks,externalLabDataQF
"a1597cbb-ab59-4724-ac63-8d1cc288641e","D06","KING","KING.AOS.S2","2016-12-06","KING.SS.20161206.POM.1",,"condition ok","SIRFER Lab at University of Utah","2018-09-24","ElFtGy1kV49xqNP00HfxQA==","POM","1",1000,25,100,"nitrogen",19.74,"microgramsPerLiter","Revesz & Coplen 2012a",,
"a87c31f8-93b8-4428-9612-5e89ad7bc0aa","D06","KING","KING.AOS.S2","2016-12-06","KING.SS.20161206.POM.1",,"condition ok","SIRFER Lab at University of Utah","2018-09-24","ElFtGy1kV49xqNP00HfxQA==","POM","1",1000,25,100,"d15N",5.81,"perMill","Revesz & Coplen 2012a",,
"e813efb8-c6a5-49a5-a6a3-923d6a146fcb","D06","KING","KING.AOS.S2","2016-12-06","KING.SS.20161206.POM.1",,"condition ok","SIRFER Lab at University of Utah","2018-09-24","ElFtGy1kV49xqNP00HfxQA==","POM","1",1000,25,100,"carbon",167.55,"microgramsPerLiter","Revesz & Coplen 2012a",,
"b4865150-5557-4a16-83bb-ecf595ccbf93","D06","KING","KING.AOS.S2","2016-12-06","KING.SS.20161206.POM.1",,"condition ok","SIRFER Lab at University of Utah","2018-09-24","ElFtGy1kV49xqNP00HfxQA==","POM","1",1000,25,100,"d13C",-25.72,"perMill","Revesz & Coplen 2012a",,
