uid,domainID,siteID,namedLocation,collectDate,analysisDate,isotopeH2OSampleID,isotopeH2OSampleCode,instrumentSN,d18OWater,d2HWater,d18OsdWater,d2HsdWater,isotopeH2OExternalLabQF,laboratoryName,analyzedBy,sampleCondition,externalRemarks,externalLabDataQF
"4f7bff63-65aa-442b-8b1d-1596b9d83593","D19","CARI","CARI.AOS.S2","2018-08-01","2018-09-07","CARI.SS.20180801.H2O.1","A00000027442","HIDS2052",-19.28,-148.27,0.04,0.08,0,"SIRFER Lab at University of Utah","OlSmE6RRn5QQH8tvUHmK5i/poYiQr6sd","OK",,
"031f2f06-dfc8-41c6-b980-0b138885c1f3","D19","CARI","CARI.AOS.S2","2018-08-08","2018-10-25","CARI.SS.20180808.H2O.1","A00000027438","HIDS2052",-19.08,-147.98,0.03,0.25,0,"SIRFER Lab at University of Utah","OlSmE6RRn5QQH8tvUHmK5i/poYiQr6sd","OK",,
"fed9fa6e-f169-454e-8cfb-50511ee68073","D19","CARI","CARI.AOS.S2","2018-08-15","2018-10-25","CARI.SS.20180815.H2O.1","A00000027445","HIDS2052",-18.97,-147.91,0.04,0.08,0,"SIRFER Lab at University of Utah","OlSmE6RRn5QQH8tvUHmK5i/poYiQr6sd","OK",,
"7bd2fba3-800c-45c0-ac84-ee7db040122d","D19","CARI","CARI.AOS.S2","2018-08-22","2018-10-25","CARI.SS.20180822.H2O.1","A00000027449","HIDS2052",-19.13,-148.52,0.06,0.21,0,"SIRFER Lab at University of Utah","OlSmE6RRn5QQH8tvUHmK5i/poYiQr6sd","OK",,
