uid,domainID,siteID,namedLocation,collectDate,parentSampleID,parentSampleCode,isotopeH2OSampleCond,isotopeH2OSampleID,isotopeH2OSampleCode,isotopePOMRep2SampleCond,isotopePOMRep2SampleID,isotopePOMRep2SampleCode,isotopePOMSampleCond,isotopePOMSampleID,isotopePOMSampleCode,processedDateFilters,processedDateH2OIsotopes,sampleVolumeFilteredPOMRep1,sampleVolumeFilteredPOMRep2,fieldDataQF
"320b1c32-bc8f-4e13-ac46-e1e418a02813","D19","CARI","CARI.AOS.S2","2018-08-01T18:57Z","CARI.SS.20180801",,"Sample condition ok","CARI.SS.20180801.H2O.1","A00000027442","Sample condition ok","CARI.SS.20180801.POM.2","A00000029292","Sample condition ok","CARI.SS.20180801.POM.1","A00000029291","2018-08-01T23:19Z","2018-08-01T21:10Z",750,750,
"d53a08f6-d397-4ca2-b94b-7dbb01c31b3d","D19","CARI","CARI.AOS.S2","2018-08-08T20:09Z","CARI.SS.20180808",,"Sample condition ok","CARI.SS.20180808.H2O.1","A00000027438","Sample condition ok","CARI.SS.20180808.POM.2","A00000029297","Sample condition ok","CARI.SS.20180808.POM.1","A00000029296","2018-08-08T22:45Z","2018-08-08T22:45Z",750,750,
"b5b46eea-1404-47fa-a9bc-8c024f30841f","D19","CARI","CARI.AOS.S2","2018-08-15T18:50Z","CARI.SS.20180815",,"Sample condition ok","CARI.SS.20180815.H2O.1","A00000027445","Sample condition ok","CARI.SS.20180815.POM.2","A00000029106","Sample condition ok","CARI.SS.20180815.POM.1","A00000029109","2018-08-15T21:30Z","2018-08-15T22:00Z",750,750,
"3640c8eb-5f05-4148-be02-71c8e6cc1128","D19","CARI","CARI.AOS.S2","2018-08-22T18:45Z","CARI.SS.20180822",,"Sample condition ok","CARI.SS.20180822.H2O.1","A00000027449","Sample condition ok","CARI.SS.20180822.POM.2","A00000029108","Sample condition ok","CARI.SS.20180822.POM.1","A00000029300","2018-08-22T18:45Z","2018-08-22T18:45Z",1000,1000,
