uid,domainID,siteID,namedLocation,collectDate,sampleID,sampleCode,sampleCondition,laboratoryName,analysisDate,analyzedBy,sampleType,replicate,sampleVolumeFiltered,filterSize,percentFilterAnalyzed,analyte,analyteConcentration,plantAlgaeLabUnits,method,externalRemarks,externalLabDataQF
"4284615a-166a-4388-86f6-71d2c57ed480","D19","CARI","CARI.AOS.S2","2018-08-01","CARI.SS.20180801.POM.1","A00000029291","condition ok","SIRFER Lab at University of Utah","2018-08-30","ElFtGy1kV49xqNP00HfxQA==","POM","1",750,25,100,"nitrogen",2.92,"microgramsPerLiter","Revesz & Coplen 2012a",,
"9f5c2d77-d734-4a37-be9a-0c75a94ea2a7","D19","CARI","CARI.AOS.S2","2018-08-01","CARI.SS.20180801.POM.1","A00000029291","condition ok","SIRFER Lab at University of Utah","2018-08-30","ElFtGy1kV49xqNP00HfxQA==","POM","1",750,25,100,"d15N",5.05,"perMill","Revesz & Coplen 2012a",,
"4933cb7e-2d6a-4167-acf4-9737cc91fb29","D19","CARI","CARI.AOS.S2","2018-08-01","CARI.SS.20180801.POM.1","A00000029291","condition ok","SIRFER Lab at University of Utah","2018-08-30","ElFtGy1kV49xqNP00HfxQA==","POM","1",750,25,100,"d13C",-29.01,"perMill","Revesz & Coplen 2012a",,
"58536a4e-c2be-42c1-9849-3e26e2685848","D19","CARI","CARI.AOS.S2","2018-08-01","CARI.SS.20180801.POM.1","A00000029291","condition ok","SIRFER Lab at University of Utah","2018-08-30","ElFtGy1kV49xqNP00HfxQA==","POM","1",750,25,100,"carbon",47.97,"microgramsPerLiter","Revesz & Coplen 2012a",,
"5f25d2ca-b51f-4e3c-9521-8815c23864af","D19","CARI","CARI.AOS.S2","2018-08-08","CARI.SS.20180808.POM.1","A00000029296","condition ok","SIRFER Lab at University of Utah","2018-10-18","ElFtGy1kV49xqNP00HfxQA==","POM","1",750,25,100,"nitrogen",16.79,"microgramsPerLiter","Revesz & Coplen 2012a",,
"70d9e377-0780-41dc-a9d6-121905582fca","D19","CARI","CARI.AOS.S2","2018-08-08","CARI.SS.20180808.POM.1","A00000029296","condition ok","SIRFER Lab at University of Utah","2018-10-18","ElFtGy1kV49xqNP00HfxQA==","POM","1",750,25,100,"d15N",2.53,"perMill","Revesz & Coplen 2012a",,
"7ac0a773-14e0-4099-b566-5770f7be4ff3","D19","CARI","CARI.AOS.S2","2018-08-08","CARI.SS.20180808.POM.1","A00000029296","condition ok","SIRFER Lab at University of Utah","2018-10-18","ElFtGy1kV49xqNP00HfxQA==","POM","1",750,25,100,"d13C",-27.38,"perMill","Revesz & Coplen 2012a",,
"5d8131ad-1be9-4843-9b3d-58c53741dfbd","D19","CARI","CARI.AOS.S2","2018-08-08","CARI.SS.20180808.POM.1","A00000029296","condition ok","SIRFER Lab at University of Utah","2018-10-18","ElFtGy1kV49xqNP00HfxQA==","POM","1",750,25,100,"carbon",227.39,"microgramsPerLiter","Revesz & Coplen 2012a",,
"efba5543-6ee6-403d-9b71-7ad04138b458","D19","CARI","CARI.AOS.S2","2018-08-15","CARI.SS.20180815.POM.1","A00000029109","condition ok","SIRFER Lab at University of Utah","2018-10-18","ElFtGy1kV49xqNP00HfxQA==","POM","1",750,25,100,"nitrogen",43.78,"microgramsPerLiter","Revesz & Coplen 2012a",,
"d92df53d-7eb1-425b-9f36-38c340601803","D19","CARI","CARI.AOS.S2","2018-08-15","CARI.SS.20180815.POM.1","A00000029109","condition ok","SIRFER Lab at University of Utah","2018-10-18","ElFtGy1kV49xqNP00HfxQA==","POM","1",750,25,100,"carbon",645.02,"microgramsPerLiter","Revesz & Coplen 2012a",,
"87cce9f2-c6f0-4a10-9b07-c09037a626d0","D19","CARI","CARI.AOS.S2","2018-08-15","CARI.SS.20180815.POM.1","A00000029109","condition ok","SIRFER Lab at University of Utah","2018-10-18","ElFtGy1kV49xqNP00HfxQA==","POM","1",750,25,100,"d13C",-26.62,"perMill","Revesz & Coplen 2012a",,
"c3c76f63-60a0-4792-b4cc-f20bd19e9cfb","D19","CARI","CARI.AOS.S2","2018-08-15","CARI.SS.20180815.POM.1","A00000029109","condition ok","SIRFER Lab at University of Utah","2018-10-18","ElFtGy1kV49xqNP00HfxQA==","POM","1",750,25,100,"d15N",1.98,"perMill","Revesz & Coplen 2012a",,
"6bde5336-176b-49a3-9482-929d5f899c9d","D19","CARI","CARI.AOS.S2","2018-08-22","CARI.SS.20180822.POM.1","A00000029300","condition ok","SIRFER Lab at University of Utah","2018-10-18","ElFtGy1kV49xqNP00HfxQA==","POM","1",1000,25,100,"nitrogen",9.56,"microgramsPerLiter","Revesz & Coplen 2012a",,
"c05e3e96-e359-45ca-a910-c758a1cf9b3f","D19","CARI","CARI.AOS.S2","2018-08-22","CARI.SS.20180822.POM.1","A00000029300","condition ok","SIRFER Lab at University of Utah","2018-10-18","ElFtGy1kV49xqNP00HfxQA==","POM","1",1000,25,100,"d13C",-28.09,"perMill","Revesz & Coplen 2012a",,
"058a892e-34fe-411e-ba95-4dc2ccaf8fcc","D19","CARI","CARI.AOS.S2","2018-08-22","CARI.SS.20180822.POM.1","A00000029300","condition ok","SIRFER Lab at University of Utah","2018-10-18","ElFtGy1kV49xqNP00HfxQA==","POM","1",1000,25,100,"carbon",120.28,"microgramsPerLiter","Revesz & Coplen 2012a",,
"7a975528-65c7-49d3-b132-20049903d970","D19","CARI","CARI.AOS.S2","2018-08-22","CARI.SS.20180822.POM.1","A00000029300","condition ok","SIRFER Lab at University of Utah","2018-10-18","ElFtGy1kV49xqNP00HfxQA==","POM","1",1000,25,100,"d15N",1.75,"perMill","Revesz & Coplen 2012a",,
