uid,domainID,siteID,namedLocation,decimalLatitude,decimalLongitude,coordinateUncertainty,additionalCoordUncertainty,elevation,elevationUncertainty,geodeticDatum,altLocation,altLatitude,altLongitude,altCoordinateUncertainty,altGeodeticDatum,collectDate,aquaticSiteType,samplingImpractical,parentSampleID,parentSampleCode,eventID,samplerType,dissolvedOxygen,dissolvedOxygenSaturation,specificConductance,waterTemp,asiSamplingProtocolVersion,lowerSegmentDepth,upperSegmentDepth,maxDepth,lakeSampleDepth1,lakeSampleDepth2,aCollectedBy,bCollectedBy,remarks,fieldDataQF
"129d5c7f-b486-40ca-b54b-5b745df93a5f","D19","CARI","CARI.AOS.S2",65.153073,-147.501999,0.1,10.0,225.4,0.0,"WGS84",,,,,,"2018-08-01T18:57Z","stream",,"CARI.SS.20180801",,"CARI.20180801","Grab",,86.74,,5.79,"NEON.DOC.001886vF",,,,,,"gdukelow@battelleecology.org","jmonroe@battelleecology.org","POM 1 and 2 samples were left in drying oven from 20180801 to 20180807.",
"cd493636-6d98-4001-b469-5f4e8e3b1d80","D19","CARI","CARI.AOS.S2",65.153073,-147.501999,0.1,10.0,225.4,0.0,"WGS84",,,,,,"2018-08-08T20:09Z","stream",,"CARI.SS.20180808",,"CARI.20180808","Grab",12.66,96.60,64.30,4.10,"NEON.DOC.001886vF",,,,,,"jcelmer@battelleecology.org","gdukelow@battelleecology.org",,
"dabe6556-bab4-4906-a11c-1e83ce3331aa","D19","CARI","CARI.AOS.S2",65.153073,-147.501999,0.1,10.0,225.4,0.0,"WGS84",,,,,,"2018-08-15T18:50Z","stream",,"CARI.SS.20180815",,"CARI.20180815","Grab",,101.00,57.20,4.00,"NEON.DOC.001886vF",,,,,,"gdukelow@battelleecology.org","avandreser@battelleecology.org",,
"0b497313-b05c-4844-ae2f-be122d22fe83","D19","CARI","CARI.AOS.S2",65.153073,-147.501999,0.1,10.0,225.4,0.0,"WGS84",,,,,,"2018-08-22T18:45Z","stream",,"CARI.SS.20180822",,"CARI.20180822","Grab",13.20,105.00,76.40,3.80,"NEON.DOC.001886vF",,,,,,"gdukelow@battelleecology.org","gdukelow@battelleecology.org",,
