uid,domainID,siteID,namedLocation,collectDate,sampleID,sampleCode,sampleCondition,laboratoryName,analysisDate,analyzedBy,sampleType,replicate,sampleVolumeFiltered,filterSize,percentFilterAnalyzed,analyte,analyteConcentration,plantAlgaeLabUnits,method,externalRemarks,externalLabDataQF
"00e52fac-58ab-4093-ac48-60ece396a37c","D16","MART","MART.AOS.S2","2018-03-01","MART.SS.20180301.POM.1",,"condition ok","SIRFER Lab at University of Utah","2018-07-20","ElFtGy1kV49xqNP00HfxQA==","POM","1",1000,25,100,"d13C",-26.94,"perMill","Revesz & Coplen 2012a",,
"0a36eedc-5fb1-4faa-8290-e3d9789bf74a","D16","MART","MART.AOS.S2","2018-03-01","MART.SS.20180301.POM.1",,"condition ok","SIRFER Lab at University of Utah","2018-07-20","ElFtGy1kV49xqNP00HfxQA==","POM","1",1000,25,100,"nitrogen",8.36,"microgramsPerLiter","Revesz & Coplen 2012a",,
"b7182cc7-0d3d-4881-a093-b4641b1b0047","D16","MART","MART.AOS.S2","2018-03-01","MART.SS.20180301.POM.1",,"condition ok","SIRFER Lab at University of Utah","2018-07-20","ElFtGy1kV49xqNP00HfxQA==","POM","1",1000,25,100,"d15N",2.27,"perMill","Revesz & Coplen 2012a",,
"8c5cb644-26b7-4bc3-9ddf-73bc04ed8a73","D16","MART","MART.AOS.S2","2018-03-01","MART.SS.20180301.POM.1",,"condition ok","SIRFER Lab at University of Utah","2018-07-20","ElFtGy1kV49xqNP00HfxQA==","POM","1",1000,25,100,"carbon",132.61,"microgramsPerLiter","Revesz & Coplen 2012a",,
"ddbb637d-6d92-461a-a13b-d6e3d7cc3117","D16","MART","MART.AOS.S2","2018-03-13","MART.SS.20180313.POM.1",,"condition ok","SIRFER Lab at University of Utah","2018-07-20","ElFtGy1kV49xqNP00HfxQA==","POM","1",1500,25,100,"d13C",-28.49,"perMill","Revesz & Coplen 2012a",,
"d900d5a1-4fa5-4485-b4db-d6b1e6d535b5","D16","MART","MART.AOS.S2","2018-03-13","MART.SS.20180313.POM.1",,"condition ok","SIRFER Lab at University of Utah","2018-07-20","ElFtGy1kV49xqNP00HfxQA==","POM","1",1500,25,100,"carbon",54.96,"microgramsPerLiter","Revesz & Coplen 2012a",,
"2f7c8865-fc45-40fa-b407-c7fd1669be15","D16","MART","MART.AOS.S2","2018-03-13","MART.SS.20180313.POM.1",,"condition ok","SIRFER Lab at University of Utah","2018-07-20","ElFtGy1kV49xqNP00HfxQA==","POM","1",1500,25,100,"d15N",-0.06,"perMill","Revesz & Coplen 2012a",,
"d9fac14a-7ea6-4201-8028-3ba955f82340","D16","MART","MART.AOS.S2","2018-03-13","MART.SS.20180313.POM.1",,"condition ok","SIRFER Lab at University of Utah","2018-07-20","ElFtGy1kV49xqNP00HfxQA==","POM","1",1500,25,100,"nitrogen",2.74,"microgramsPerLiter","Revesz & Coplen 2012a",,
"78e0f51e-07a8-4540-a038-56a9ac730c27","D16","MART","MART.AOS.S2","2018-03-19","MART.SS.20180319.POM.1",,"condition ok","SIRFER Lab at University of Utah","2018-07-26","ElFtGy1kV49xqNP00HfxQA==","POM","1",1250,25,100,"d15N",1.98,"perMill","Revesz & Coplen 2012a",,
"c2b4ff06-0e14-4f93-8148-fae409950282","D16","MART","MART.AOS.S2","2018-03-19","MART.SS.20180319.POM.1",,"condition ok","SIRFER Lab at University of Utah","2018-07-26","ElFtGy1kV49xqNP00HfxQA==","POM","1",1250,25,100,"d13C",-27.02,"perMill","Revesz & Coplen 2012a",,
"fe6bbc68-7fbf-4aca-a79e-b4bc6ddf4ebe","D16","MART","MART.AOS.S2","2018-03-19","MART.SS.20180319.POM.1",,"condition ok","SIRFER Lab at University of Utah","2018-07-26","ElFtGy1kV49xqNP00HfxQA==","POM","1",1250,25,100,"nitrogen",4.68,"microgramsPerLiter","Revesz & Coplen 2012a",,
"ddf9cacf-b1e4-44f7-bfe4-d6615964a0d0","D16","MART","MART.AOS.S2","2018-03-19","MART.SS.20180319.POM.1",,"condition ok","SIRFER Lab at University of Utah","2018-07-26","ElFtGy1kV49xqNP00HfxQA==","POM","1",1250,25,100,"carbon",132.18,"microgramsPerLiter","Revesz & Coplen 2012a",,
