uid,domainID,siteID,namedLocation,collectDate,sampleID,sampleCode,sampleCondition,laboratoryName,analysisDate,analyzedBy,sampleType,replicate,sampleVolumeFiltered,filterSize,percentFilterAnalyzed,analyte,analyteConcentration,plantAlgaeLabUnits,method,externalRemarks,externalLabDataQF
"065ad997-9757-44dd-9682-2927a31150d2","D14","SYCA","SYCA.AOS.S2","2018-09-04","SYCA.SS.20180904.POM.1","A00000022539","condition ok","SIRFER Lab at University of Utah","2018-12-13","ElFtGy1kV49xqNP00HfxQA==","POM","1",100,25,100,"d13C",-22.64,"perMill","Revesz & Coplen 2012a",,
"adefd73d-7d52-4180-8ac0-6660e0fd3dd5","D14","SYCA","SYCA.AOS.S2","2018-09-04","SYCA.SS.20180904.POM.1","A00000022539","condition ok","SIRFER Lab at University of Utah","2018-12-13","ElFtGy1kV49xqNP00HfxQA==","POM","1",100,25,100,"carbon",1261.38,"microgramsPerLiter","Revesz & Coplen 2012a",,
"4c36d2a5-fdac-42ca-b339-f17883c51c50","D14","SYCA","SYCA.AOS.S2","2018-09-04","SYCA.SS.20180904.POM.1","A00000022539","condition ok","SIRFER Lab at University of Utah","2018-12-13","ElFtGy1kV49xqNP00HfxQA==","POM","1",100,25,100,"d15N",4.26,"perMill","Revesz & Coplen 2012a",,
"882d1161-2ddf-41da-949d-e323ecf5b126","D14","SYCA","SYCA.AOS.S2","2018-09-04","SYCA.SS.20180904.POM.1","A00000022539","condition ok","SIRFER Lab at University of Utah","2018-12-13","ElFtGy1kV49xqNP00HfxQA==","POM","1",100,25,100,"nitrogen",139.99,"microgramsPerLiter","Revesz & Coplen 2012a",,
"dd7ce0e9-8a2b-4f1e-af74-7a7ea761cd49","D14","SYCA","SYCA.AOS.S2","2018-09-11","SYCA.SS.20180911.POM.1","A00000055038","condition ok","SIRFER Lab at University of Utah","2018-12-13","ElFtGy1kV49xqNP00HfxQA==","POM","1",102,25,100,"nitrogen",505.55,"microgramsPerLiter","Revesz & Coplen 2012a",,
"41d0cbe3-4a3b-4582-8588-298e9473e394","D14","SYCA","SYCA.AOS.S2","2018-09-11","SYCA.SS.20180911.POM.1","A00000055038","condition ok","SIRFER Lab at University of Utah","2018-12-13","ElFtGy1kV49xqNP00HfxQA==","POM","1",102,25,100,"d13C",-34.47,"perMill","Revesz & Coplen 2012a",,
"4e444686-a549-4b50-a685-e6c0b3b9d417","D14","SYCA","SYCA.AOS.S2","2018-09-11","SYCA.SS.20180911.POM.1","A00000055038","condition ok","SIRFER Lab at University of Utah","2018-12-13","ElFtGy1kV49xqNP00HfxQA==","POM","1",102,25,100,"d15N",9.72,"perMill","Revesz & Coplen 2012a",,
"28ae01e3-f978-44bc-8cb1-676221f3de4c","D14","SYCA","SYCA.AOS.S2","2018-09-11","SYCA.SS.20180911.POM.1","A00000055038","condition ok","SIRFER Lab at University of Utah","2018-12-13","ElFtGy1kV49xqNP00HfxQA==","POM","1",102,25,100,"carbon",3241.76,"microgramsPerLiter","Revesz & Coplen 2012a",,
"5e4ee698-59cb-41e3-8b74-52c663fd0485","D14","SYCA","SYCA.AOS.S2","2018-09-25","SYCA.SS.20180925.POM.1","A00000055044","condition ok","SIRFER Lab at University of Utah","2018-12-13","ElFtGy1kV49xqNP00HfxQA==","POM","1",151,25,100,"carbon",3393.80,"microgramsPerLiter","Revesz & Coplen 2012a",,
"8fb1bf2f-7b2e-4783-a6af-16aceb96a6d4","D14","SYCA","SYCA.AOS.S2","2018-09-25","SYCA.SS.20180925.POM.1","A00000055044","condition ok","SIRFER Lab at University of Utah","2018-12-13","ElFtGy1kV49xqNP00HfxQA==","POM","1",151,25,100,"d13C",-38.54,"perMill","Revesz & Coplen 2012a",,
"5da6b677-31ed-48f5-840d-3c8ad9020bc3","D14","SYCA","SYCA.AOS.S2","2018-09-25","SYCA.SS.20180925.POM.1","A00000055044","condition ok","SIRFER Lab at University of Utah","2018-12-13","ElFtGy1kV49xqNP00HfxQA==","POM","1",151,25,100,"d15N",6.15,"perMill","Revesz & Coplen 2012a",,
"5e97b14a-cffd-45e6-b5c3-1bff3f5f2b63","D14","SYCA","SYCA.AOS.S2","2018-09-25","SYCA.SS.20180925.POM.1","A00000055044","condition ok","SIRFER Lab at University of Utah","2018-12-13","ElFtGy1kV49xqNP00HfxQA==","POM","1",151,25,100,"nitrogen",659.10,"microgramsPerLiter","Revesz & Coplen 2012a",,
