uid,domainID,siteID,namedLocation,collectDate,sampleID,sampleCode,sampleCondition,laboratoryName,analysisDate,analyzedBy,sampleType,replicate,sampleVolumeFiltered,filterSize,percentFilterAnalyzed,analyte,analyteConcentration,plantAlgaeLabUnits,method,externalRemarks,externalLabDataQF
"c94bf9b8-b365-42df-85fa-7aaecb945931","D09","PRPO","PRPO.AOS.inlet","2015-10-20","PRPO.IN.20151020.POM.2",,"condition ok","Academy of Natural Sciences of Drexel University","2017-05-17","OKgcKejxXbI=","13C15N","2",,,100,"d13C",-29.20,"perMill",,,
"2c5890e2-6e51-4e20-952d-23817e50d48f","D09","PRPO","PRPO.AOS.inlet","2015-10-20","PRPO.IN.20151020.POM.2",,"condition ok","Academy of Natural Sciences of Drexel University","2017-05-17","OKgcKejxXbI=","13C15N","2",,,100,"d15N",4.59,"perMill",,,
"aeede35f-570e-4580-bdad-3f7675e22625","D09","PRPO","PRPO.AOS.inlet","2015-10-20","PRPO.IN.20151020.POM.1",,"condition ok","Academy of Natural Sciences of Drexel University","2017-01-31","OKgcKejxXbI=","13C15N","1",,,100,"d13C",-30.11,"perMill",,,
"de637053-306b-41ff-828c-15d6605a5a20","D09","PRPO","PRPO.AOS.inlet","2015-10-20","PRPO.IN.20151020.POM.1",,"condition ok","Academy of Natural Sciences of Drexel University","2017-01-31","OKgcKejxXbI=","13C15N","1",,,100,"d15N",3.34,"perMill",,,
"bd2dd022-6c6b-410c-8464-60cdf4dfa0b8","D09","PRPO","PRPO.AOS.buoy.c0","2015-10-20","PRPO.C0.20151020.POM.2",,"other","Academy of Natural Sciences of Drexel University","2017-05-17","OKgcKejxXbI=","13C15N","2",,,100,"d13C",-29.33,"perMill",,"Difference in volume filtered, filter stained blue and folded poorly which led to spillage",
"87b35be9-37bd-4724-ad59-83df172e40bd","D09","PRPO","PRPO.AOS.buoy.c0","2015-10-20","PRPO.C0.20151020.POM.1",,"other","Academy of Natural Sciences of Drexel University","2017-01-31","OKgcKejxXbI=","13C15N","1",,,100,"d15N",3.81,"perMill",,"Difference in volume filtered, filter stained blue and folded poorly which led to spillage",
"0bc1f514-9f72-486c-a8ef-b5b6e6551da8","D09","PRPO","PRPO.AOS.buoy.c0","2015-10-20","PRPO.C0.20151020.POM.2",,"other","Academy of Natural Sciences of Drexel University","2017-05-17","OKgcKejxXbI=","13C15N","2",,,100,"d15N",3.68,"perMill",,"Difference in volume filtered, filter stained blue and folded poorly which led to spillage",
"e9242497-2958-46d7-83cc-16141c3b5783","D09","PRPO","PRPO.AOS.buoy.c0","2015-10-20","PRPO.C0.20151020.POM.1",,"other","Academy of Natural Sciences of Drexel University","2017-01-31","OKgcKejxXbI=","13C15N","1",,,100,"d13C",-28.79,"perMill",,"Difference in volume filtered, filter stained blue and folded poorly which led to spillage",
"120ee53b-8620-4666-a406-3cdd25068293","D09","PRPO","PRPO.AOS.outlet","2015-10-20","PRPO.OT.20151020.POM.1",,"other","Academy of Natural Sciences of Drexel University","2017-01-31","OKgcKejxXbI=","13C15N","1",,,100,"d13C",-29.68,"perMill",,"Difference in volume filtered, filter stained blue and folded poorly which led to spillage",
"7c1e0a91-c1cc-44fd-9ab4-6661511226c0","D09","PRPO","PRPO.AOS.outlet","2015-10-20","PRPO.OT.20151020.POM.2",,"other","Academy of Natural Sciences of Drexel University","2017-05-17","OKgcKejxXbI=","13C15N","2",,,100,"d15N",3.85,"perMill",,"Difference in volume filtered, filter stained blue and folded poorly which led to spillage",
"2250c9f9-f050-47f3-a34b-1af3113e67a9","D09","PRPO","PRPO.AOS.outlet","2015-10-20","PRPO.OT.20151020.POM.1",,"other","Academy of Natural Sciences of Drexel University","2017-01-31","OKgcKejxXbI=","13C15N","1",,,100,"d15N",4.36,"perMill",,"Difference in volume filtered, filter stained blue and folded poorly which led to spillage",
"0a4514b4-ead0-41d1-a889-f2179e2dfb75","D09","PRPO","PRPO.AOS.outlet","2015-10-20","PRPO.OT.20151020.POM.2",,"other","Academy of Natural Sciences of Drexel University","2017-05-17","OKgcKejxXbI=","13C15N","2",,,100,"d13C",-30.20,"perMill",,"Difference in volume filtered, filter stained blue and folded poorly which led to spillage",
