uid,domainID,siteID,namedLocation,collectDate,sampleID,sampleCode,sampleCondition,laboratoryName,analysisDate,analyzedBy,sampleType,replicate,sampleVolumeFiltered,filterSize,percentFilterAnalyzed,analyte,analyteConcentration,plantAlgaeLabUnits,method,externalRemarks,externalLabDataQF
"f8b6f783-5b06-4be3-974e-25d74819bac9","D11","BLUE","BLUE.AOS.S2","2017-03-09","BLUE.SS.20170309.POM.1",,"condition ok","SIRFER Lab at University of Utah","2018-04-17","ElFtGy1kV49xqNP00HfxQA==","POM","1",400,25,100,"carbon",657.98,"microgramsPerLiter","Revesz & Coplen 2012a",,
"170e1b16-afe5-40b6-9f6d-26926b4702ae","D11","BLUE","BLUE.AOS.S2","2017-03-09","BLUE.SS.20170309.POM.1",,"condition ok","SIRFER Lab at University of Utah","2018-04-17","ElFtGy1kV49xqNP00HfxQA==","POM","1",400,25,100,"nitrogen",96.43,"microgramsPerLiter","Revesz & Coplen 2012a",,
"80d2bc36-3ad0-4328-b785-97917fa8d945","D11","BLUE","BLUE.AOS.S2","2017-03-09","BLUE.SS.20170309.POM.1",,"condition ok","SIRFER Lab at University of Utah","2018-04-17","ElFtGy1kV49xqNP00HfxQA==","POM","1",400,25,100,"d15N",-1.56,"perMill","Revesz & Coplen 2012a",,
"bb3b674d-9926-412f-9833-2a06cb3870db","D11","BLUE","BLUE.AOS.S2","2017-03-09","BLUE.SS.20170309.POM.1",,"condition ok","SIRFER Lab at University of Utah","2018-04-17","ElFtGy1kV49xqNP00HfxQA==","POM","1",400,25,100,"d13C",-27.81,"perMill","Revesz & Coplen 2012a",,
"421bb3d9-cb47-4b84-a8e8-8c8fdfed4c1d","D11","BLUE","BLUE.AOS.S2","2017-03-28","BLUE.SS.20170328.POM.1",,"condition ok","SIRFER Lab at University of Utah","2018-04-17","ElFtGy1kV49xqNP00HfxQA==","POM","1",500,25,100,"d15N",-7.47,"perMill","Revesz & Coplen 2012a",,
"2e84e719-5931-4423-a72e-6db82697cfd6","D11","BLUE","BLUE.AOS.S2","2017-03-28","BLUE.SS.20170328.POM.1",,"condition ok","SIRFER Lab at University of Utah","2018-04-17","ElFtGy1kV49xqNP00HfxQA==","POM","1",500,25,100,"d13C",-20.55,"perMill","Revesz & Coplen 2012a",,
"3707ec2e-d31c-4894-8be4-6a743ba77487","D11","BLUE","BLUE.AOS.S2","2017-03-28","BLUE.SS.20170328.POM.1",,"condition ok","SIRFER Lab at University of Utah","2018-04-17","ElFtGy1kV49xqNP00HfxQA==","POM","1",500,25,100,"carbon",341.01,"microgramsPerLiter","Revesz & Coplen 2012a",,
"31899160-df41-41e8-aa7d-c58215be017d","D11","BLUE","BLUE.AOS.S2","2017-03-28","BLUE.SS.20170328.POM.1",,"condition ok","SIRFER Lab at University of Utah","2018-04-17","ElFtGy1kV49xqNP00HfxQA==","POM","1",500,25,100,"nitrogen",19.47,"microgramsPerLiter","Revesz & Coplen 2012a",,
