uid,domainID,siteID,namedLocation,collectDate,sampleID,sampleCode,sampleCondition,laboratoryName,analysisDate,analyzedBy,sampleType,replicate,sampleVolumeFiltered,filterSize,percentFilterAnalyzed,analyte,analyteConcentration,plantAlgaeLabUnits,method,externalRemarks,externalLabDataQF
"21f11e0b-d525-4dd7-8d3d-4f74d17a9d81","D10","ARIK","ARIK.AOS.S2","2017-11-07","ARIK.SS.20171107.POM.1",,"condition ok","SIRFER Lab at University of Utah","2018-08-08","ElFtGy1kV49xqNP00HfxQA==","POM","1",750,25,100,"d15N",5.73,"perMill","Revesz & Coplen 2012a",,
"0e756c24-3819-4db1-92fa-ee04b87f431b","D10","ARIK","ARIK.AOS.S2","2017-11-07","ARIK.SS.20171107.POM.1",,"condition ok","SIRFER Lab at University of Utah","2018-08-08","ElFtGy1kV49xqNP00HfxQA==","POM","1",750,25,100,"nitrogen",25.59,"microgramsPerLiter","Revesz & Coplen 2012a",,
"f9fe4da3-acd7-4571-8b16-dd49caba8e26","D10","ARIK","ARIK.AOS.S2","2017-11-07","ARIK.SS.20171107.POM.1",,"condition ok","SIRFER Lab at University of Utah","2018-08-08","ElFtGy1kV49xqNP00HfxQA==","POM","1",750,25,100,"d13C",-29.87,"perMill","Revesz & Coplen 2012a",,
"aceaa9fc-ab8d-48c2-b18d-9049a053df4a","D10","ARIK","ARIK.AOS.S2","2017-11-07","ARIK.SS.20171107.POM.1",,"condition ok","SIRFER Lab at University of Utah","2018-08-08","ElFtGy1kV49xqNP00HfxQA==","POM","1",750,25,100,"carbon",254.57,"microgramsPerLiter","Revesz & Coplen 2012a",,
"4cf20153-a496-4aff-8648-5db0d15270eb","D10","ARIK","ARIK.AOS.S2","2017-11-30","ARIK.SS.20171130.POM.1",,"condition ok","SIRFER Lab at University of Utah","2018-08-08","ElFtGy1kV49xqNP00HfxQA==","POM","1",1000,25,100,"nitrogen",23.16,"microgramsPerLiter","Revesz & Coplen 2012a",,
"adf2787f-12c0-4e01-a373-d74dbcd51ac6","D10","ARIK","ARIK.AOS.S2","2017-11-30","ARIK.SS.20171130.POM.1",,"condition ok","SIRFER Lab at University of Utah","2018-08-08","ElFtGy1kV49xqNP00HfxQA==","POM","1",1000,25,100,"carbon",224.16,"microgramsPerLiter","Revesz & Coplen 2012a",,
"cb6fe343-fae5-4271-bcd3-ab0c1395bd85","D10","ARIK","ARIK.AOS.S2","2017-11-30","ARIK.SS.20171130.POM.1",,"condition ok","SIRFER Lab at University of Utah","2018-08-08","ElFtGy1kV49xqNP00HfxQA==","POM","1",1000,25,100,"d15N",7.43,"perMill","Revesz & Coplen 2012a",,
"e87b86ef-4aee-4b44-9c90-c5d365fe0f22","D10","ARIK","ARIK.AOS.S2","2017-11-30","ARIK.SS.20171130.POM.1",,"condition ok","SIRFER Lab at University of Utah","2018-08-08","ElFtGy1kV49xqNP00HfxQA==","POM","1",1000,25,100,"d13C",-29.81,"perMill","Revesz & Coplen 2012a",,
