uid,domainID,siteID,namedLocation,collectDate,parentSampleID,parentSampleCode,isotopeH2OSampleCond,isotopeH2OSampleID,isotopeH2OSampleCode,isotopePOMRep2SampleCond,isotopePOMRep2SampleID,isotopePOMRep2SampleCode,isotopePOMSampleCond,isotopePOMSampleID,isotopePOMSampleCode,processedDateFilters,processedDateH2OIsotopes,sampleVolumeFilteredPOMRep1,sampleVolumeFilteredPOMRep2,fieldDataQF
"cf134f25-dbf3-4414-b772-f8d838564d7b","D19","CARI","CARI.AOS.S2","2019-05-01T18:45Z","CARI.SS.20190501",,"Sample condition ok","CARI.SS.20190501.H2O.1","A00000065949","Sample condition ok","CARI.SS.20190501.POM.2","A00000065954","Sample condition ok","CARI.SS.20190501.POM.1","A00000065952",,"2019-05-01T21:52Z",360,360,
"d67af363-531e-4fee-acef-a6cceebe5406","D19","CARI","CARI.AOS.S2","2019-05-08T19:50Z","CARI.SS.20190508",,"Sample condition ok","CARI.SS.20190508.H2O.1","A00000065955","Sample condition ok","CARI.SS.20190508.POM.2","A00000065957","Sample condition ok","CARI.SS.20190508.POM.1","A00000065956","2019-05-08T22:45Z","2019-05-08T22:43Z",400,400,
"2d4c042a-9aa8-4fce-87be-6c3fd300925a","D19","CARI","CARI.AOS.S2","2019-05-15T19:44Z","CARI.SS.20190515",,"Sample condition ok","CARI.SS.20190515.H2O.1","A00000066050","Sample condition ok","CARI.SS.20190515.POM.2","A00000066051","Sample condition ok","CARI.SS.20190515.POM.1","A00000066052",,"2019-05-15T22:05Z",250,250,
"ccec9a5d-da5e-42a8-ba40-5ebd9672da57","D19","CARI","CARI.AOS.S2","2019-05-21T22:40Z","CARI.SS.20190521",,"Sample condition ok","CARI.SS.20190521.H2O.1","A00000066028","Sample condition ok","CARI.SS.20190521.POM.2","A00000066018","Sample condition ok","CARI.SS.20190521.POM.1","A00000066019","2019-05-22T00:47Z","2019-05-22T00:40Z",400,400,
"16acceb2-05b0-4082-8ff8-19ce795168a3","D19","CARI","CARI.AOS.S2","2019-05-29T19:50Z","CARI.SS.20190529",,"Sample condition ok","CARI.SS.20190529.H2O.1","A00000102631","Sample condition ok","CARI.SS.20190529.POM.2","A00000102630","Sample condition ok","CARI.SS.20190529.POM.1","A00000102629","2019-05-29T21:50Z","2019-05-29T21:50Z",600,600,
