uid,domainID,siteID,namedLocation,collectDate,analysisDate,isotopeH2OSampleID,isotopeH2OSampleCode,instrumentSN,d18OWater,d2HWater,d18OsdWater,d2HsdWater,isotopeH2OExternalLabQF,laboratoryName,analyzedBy,sampleCondition,externalRemarks,externalLabDataQF
"d47db3e1-5d5f-4da7-a106-9bd65af5580c","D19","CARI","CARI.AOS.S2","2019-05-01","2019-07-01","CARI.SS.20190501.H2O.1","A00000065949","HIDS2046",-20.09,-155.53,0.01,0.10,0,"SIRFER Lab at University of Utah","OlSmE6RRn5QQH8tvUHmK5i/poYiQr6sd","OK",,
"bb243688-4754-41fb-80bc-fc84048fcbd9","D19","CARI","CARI.AOS.S2","2019-05-08","2019-07-01","CARI.SS.20190508.H2O.1","A00000065955","HIDS2046",-19.77,-153.37,0.02,0.16,0,"SIRFER Lab at University of Utah","OlSmE6RRn5QQH8tvUHmK5i/poYiQr6sd","OK",,
"b4400c0f-d904-47b8-916a-be6d0d783180","D19","CARI","CARI.AOS.S2","2019-05-15","2019-07-01","CARI.SS.20190515.H2O.1","A00000066050","HIDS2046",-19.28,-151.04,0.00,0.01,0,"SIRFER Lab at University of Utah","OlSmE6RRn5QQH8tvUHmK5i/poYiQr6sd","OK",,
"e67afdae-8c98-4195-a17a-cd6a61b65bb2","D19","CARI","CARI.AOS.S2","2019-05-21","2019-07-01","CARI.SS.20190521.H2O.1","A00000066028","HIDS2046",-19.26,-149.69,0.02,0.18,0,"SIRFER Lab at University of Utah","OlSmE6RRn5QQH8tvUHmK5i/poYiQr6sd","OK",,
"1aa9fb7a-78c1-452e-8105-d056db04cd88","D19","CARI","CARI.AOS.S2","2019-05-29","2019-07-01","CARI.SS.20190529.H2O.1","A00000102631","HIDS2046",-19.24,-149.17,0.02,0.11,0,"SIRFER Lab at University of Utah","OlSmE6RRn5QQH8tvUHmK5i/poYiQr6sd","OK",,
