uid,domainID,siteID,namedLocation,decimalLatitude,decimalLongitude,coordinateUncertainty,additionalCoordUncertainty,elevation,elevationUncertainty,geodeticDatum,altLocation,altLatitude,altLongitude,altCoordinateUncertainty,altGeodeticDatum,collectDate,aquaticSiteType,samplingImpractical,parentSampleID,parentSampleCode,eventID,samplerType,dissolvedOxygen,dissolvedOxygenSaturation,specificConductance,waterTemp,asiSamplingProtocolVersion,lowerSegmentDepth,upperSegmentDepth,maxDepth,lakeSampleDepth1,lakeSampleDepth2,aCollectedBy,bCollectedBy,remarks,fieldDataQF
"7fd63a84-e833-4b5b-9632-906f5aaf4854","D19","CARI","CARI.AOS.S2",65.153073,-147.501999,0.1,10.0,225.4,0.0,"WGS84",,,,,,"2019-05-01T18:45Z","stream",,"CARI.SS.20190501",,"CARI.20190501","Grab",15.20,107.00,73.40,0.20,"NEON.DOC.001886vF",,,,,,,"0000-0002-1118-0428",,
"c20b8634-3a49-4dad-a06c-b7dab48b7d05","D19","CARI","CARI.AOS.S2",65.153073,-147.501999,0.1,10.0,225.4,0.0,"WGS84",,,,,,"2019-05-08T19:50Z","stream",,"CARI.SS.20190508",,"CARI.20190508","Grab",14.30,101.00,71.70,0.90,"NEON.DOC.001886vF",,,,,,"0000-0002-2848-7952","0000-0001-5131-1181",,
"50feb9e8-d1b9-47ad-9eb4-d4cda9e4402c","D19","CARI","CARI.AOS.S2",65.153073,-147.501999,0.1,10.0,225.4,0.0,"WGS84",,,,,,"2019-05-15T19:44Z","stream",,"CARI.SS.20190515",,"CARI.20190515","Grab",14.20,107.00,62.80,2.50,"NEON.DOC.001886vF",,,,,,"0000-0002-2848-7952","0000-0002-1118-0428",,
"d8382ce6-14c7-41b4-a2cc-ea12a0127cfb","D19","CARI","CARI.AOS.S2",65.153073,-147.501999,0.1,10.0,225.4,0.0,"WGS84",,,,,,"2019-05-21T22:40Z","stream",,"CARI.SS.20190521",,"CARI.20190521","Grab",17.40,131.00,71.50,3.00,"NEON.DOC.001886vF",,,,,,"0000-0002-2848-7952","0000-0003-1651-3911",,
"cf8ff540-ac20-4950-b9d1-e5d325af1956","D19","CARI","CARI.AOS.S2",65.153073,-147.501999,0.1,10.0,225.4,0.0,"WGS84",,,,,,"2019-05-29T19:50Z","stream",,"CARI.SS.20190529",,"CARI.20190529","Grab",13.90,105.00,71.60,3.30,"NEON.DOC.001886vF",,,,,,"0000-0002-2848-7952","0000-0002-1118-0428",,
