uid,domainID,siteID,namedLocation,decimalLatitude,decimalLongitude,coordinateUncertainty,additionalCoordUncertainty,elevation,elevationUncertainty,geodeticDatum,altLocation,altLatitude,altLongitude,altCoordinateUncertainty,altGeodeticDatum,collectDate,aquaticSiteType,samplingImpractical,parentSampleID,parentSampleCode,eventID,samplerType,dissolvedOxygen,dissolvedOxygenSaturation,specificConductance,waterTemp,asiSamplingProtocolVersion,lowerSegmentDepth,upperSegmentDepth,maxDepth,lakeSampleDepth1,lakeSampleDepth2,aCollectedBy,bCollectedBy,remarks,fieldDataQF
"b2770c34-c03d-4939-8856-9eca5d6615b0","D06","KING","KING.AOS.reach",39.105061,-96.603829,10.0,,324.4,10.0,"WGS84","507 meters downstream from ss location",39.105554,-96.605017,0.7,"WGS84","2018-05-07T14:35Z","stream",,"KING.RE.20180507",,"KING.20180507","Grab",3.34,34.80,667.00,16.00,"NEON.DOC.001886vF",,,,,,"jkukulski@battelleecology.org","egawanda@battelleecology.org",,
"1615825a-5089-46d3-a27c-c47bcc443d89","D06","KING","KING.AOS.reach",39.105061,-96.603829,10.0,,324.4,10.0,"WGS84","507 m downstream from SS location",39.105554,-96.605017,0.7,"WGS84","2018-05-09T14:11Z","stream",,"KING.RE.20180509",,"KING.20180509","Grab",3.15,32.80,673.00,15.50,"NEON.DOC.001886vF",,,,,,"egawanda@battelleecology.org","jkukulski@battelleecology.org",,
"707cedae-2c9d-46c3-b159-849d9b0daefa","D06","KING","KING.AOS.reach",39.105061,-96.603829,10.0,,324.4,10.0,"WGS84","507m downstream from SS location",39.105554,-96.605017,0.7,"WGS84","2018-05-15T14:34Z","stream",,"KING.RE.20180515",,"KING.20180515","Grab",1.95,21.10,665.00,17.50,"NEON.DOC.001886vF",,,,,,"jkukulski@battelleecology.org","egawanda@battelleecology.org",,
"0ced3ea4-603a-414a-bf3d-ded87a4b70b6","D06","KING","KING.AOS.reach",39.105061,-96.603829,10.0,,324.4,10.0,"WGS84","507m downstream from SS location",39.105554,-96.605017,0.7,"WGS84","2018-05-21T14:45Z","stream",,"KING.RE.20180521",,"KING.20180521","Grab",2.46,25.30,655.00,15.20,"NEON.DOC.001886vF",,,,,,"jkukulski@battelleecology.org","egawanda@battelleecology.org",,
