uid,domainID,siteID,namedLocation,collectDate,analysisDate,isotopeH2OSampleID,isotopeH2OSampleCode,instrumentSN,d18OWater,d2HWater,d18OsdWater,d2HsdWater,isotopeH2OExternalLabQF,laboratoryName,analyzedBy,sampleCondition,externalRemarks,externalLabDataQF
"dbe03707-440a-40b4-a9ab-a5f61060000f","D06","KING","KING.AOS.reach","2018-05-07","2018-05-24","KING.RE.20180507.H2O.1","A00000010397","HIDS2046",-6.19,-39.04,0.09,0.18,0,"SIRFER Lab at University of Utah","OlSmE6RRn5QQH8tvUHmK5i/poYiQr6sd","OK",,
"a6c2bd15-d2ef-479e-9a7d-b1d9782681eb","D06","KING","KING.AOS.reach","2018-05-09","2018-05-24","KING.RE.20180509.H2O.1","A00000009580","HIDS2046",-6.18,-38.02,0.04,0.23,0,"SIRFER Lab at University of Utah","OlSmE6RRn5QQH8tvUHmK5i/poYiQr6sd","OK",,
"32fbddc0-5713-43cb-821c-444239b66096","D06","KING","KING.AOS.reach","2018-05-15","2018-08-13","KING.RE.20180515.H2O.1","A00000010481","HIDS2052",-6.08,-38.42,0.03,0.22,0,"SIRFER Lab at University of Utah","OlSmE6RRn5QQH8tvUHmK5i/poYiQr6sd","OK",,
"34f0c77c-0db0-4893-be47-421e51241a6b","D06","KING","KING.AOS.reach","2018-05-21","2018-08-13","KING.RE.20180521.H2O.1","A00000010482","HIDS2052",-6.00,-38.61,0.06,0.24,0,"SIRFER Lab at University of Utah","OlSmE6RRn5QQH8tvUHmK5i/poYiQr6sd","OK",,
