uid,domainID,siteID,namedLocation,collectDate,parentSampleID,parentSampleCode,isotopeH2OSampleCond,isotopeH2OSampleID,isotopeH2OSampleCode,isotopePOMRep2SampleCond,isotopePOMRep2SampleID,isotopePOMRep2SampleCode,isotopePOMSampleCond,isotopePOMSampleID,isotopePOMSampleCode,processedDateFilters,processedDateH2OIsotopes,sampleVolumeFilteredPOMRep1,sampleVolumeFilteredPOMRep2,fieldDataQF
"d8662e9c-b472-4e1d-923f-46dc02c67265","D06","KING","KING.AOS.reach","2018-05-07T14:35Z","KING.RE.20180507",,"Sample condition ok","KING.RE.20180507.H2O.1","A00000010397","Sample condition ok","KING.RE.20180507.POM.2","A00000010402","Sample condition ok","KING.RE.20180507.POM.1","A00000010401","2018-05-07T15:56Z",,295,300,
"cfafb65f-66e3-4ad3-b726-681df203e9ea","D06","KING","KING.AOS.reach","2018-05-09T14:11Z","KING.RE.20180509",,"Sample condition ok","KING.RE.20180509.H2O.1","A00000009580","Sample condition ok","KING.RE.20180509.POM.2","A00000010406","Sample condition ok","KING.RE.20180509.POM.1","A00000010403","2018-05-09T15:10Z","2018-05-09T14:06Z",300,300,
"cc0b8462-cd87-479c-bf1e-7c7e22df5f4a","D06","KING","KING.AOS.reach","2018-05-15T14:34Z","KING.RE.20180515",,"Sample condition ok","KING.RE.20180515.H2O.1","A00000010481","Sample condition ok","KING.RE.20180515.POM.2","A00000010476","Sample condition ok","KING.RE.20180515.POM.1","A00000010477","2018-05-15T15:25Z","2018-05-15T14:29Z",260,250,
"08eeb072-ce20-4deb-a3a6-077a6e7bea42","D06","KING","KING.AOS.reach","2018-05-21T14:45Z","KING.RE.20180521",,"Sample condition ok","KING.RE.20180521.H2O.1","A00000010482","Sample condition ok","KING.RE.20180521.POM.2","A00000010487","Sample condition ok","KING.RE.20180521.POM.1","A00000010488","2018-05-21T15:38Z","2018-05-21T14:33Z",310,310,
