uid,domainID,siteID,namedLocation,collectDate,sampleID,sampleCode,sampleCondition,laboratoryName,analysisDate,analyzedBy,sampleType,replicate,sampleVolumeFiltered,filterSize,percentFilterAnalyzed,analyte,analyteConcentration,plantAlgaeLabUnits,method,externalRemarks,externalLabDataQF
"8dca79bf-0fd7-4eb3-baa7-c70f2cd97d68","D06","KING","KING.AOS.reach","2018-05-07","KING.RE.20180507.POM.1","A00000010401","condition ok","SIRFER Lab at University of Utah","2018-08-02","ElFtGy1kV49xqNP00HfxQA==","POM","1",295,25,100,"nitrogen",77.66,"microgramsPerLiter","Revesz & Coplen 2012a",,
"5a63b910-bc77-4edf-a83d-b44940253afb","D06","KING","KING.AOS.reach","2018-05-07","KING.RE.20180507.POM.1","A00000010401","condition ok","SIRFER Lab at University of Utah","2018-08-02","ElFtGy1kV49xqNP00HfxQA==","POM","1",295,25,100,"carbon",499.31,"microgramsPerLiter","Revesz & Coplen 2012a",,
"7bf6260c-c8b8-42af-9880-126108a82afc","D06","KING","KING.AOS.reach","2018-05-07","KING.RE.20180507.POM.1","A00000010401","condition ok","SIRFER Lab at University of Utah","2018-08-02","ElFtGy1kV49xqNP00HfxQA==","POM","1",295,25,100,"d15N",3.65,"perMill","Revesz & Coplen 2012a",,
"86f7187b-6c36-44f9-91b9-5326eb6657bb","D06","KING","KING.AOS.reach","2018-05-07","KING.RE.20180507.POM.1","A00000010401","condition ok","SIRFER Lab at University of Utah","2018-08-02","ElFtGy1kV49xqNP00HfxQA==","POM","1",295,25,100,"d13C",-30.09,"perMill","Revesz & Coplen 2012a",,
"74aba2d0-18f2-4f6c-b97b-369deebfbb17","D06","KING","KING.AOS.reach","2018-05-09","KING.RE.20180509.POM.1","A00000010403","condition ok","SIRFER Lab at University of Utah","2018-08-02","ElFtGy1kV49xqNP00HfxQA==","POM","1",300,25,100,"d13C",-33.13,"perMill","Revesz & Coplen 2012a",,
"23de33f5-3924-48cc-b024-cc3faebe5cbc","D06","KING","KING.AOS.reach","2018-05-09","KING.RE.20180509.POM.1","A00000010403","condition ok","SIRFER Lab at University of Utah","2018-08-02","ElFtGy1kV49xqNP00HfxQA==","POM","1",300,25,100,"carbon",581.88,"microgramsPerLiter","Revesz & Coplen 2012a",,
"85727f84-94b3-4043-9082-033c6ee876a9","D06","KING","KING.AOS.reach","2018-05-09","KING.RE.20180509.POM.1","A00000010403","condition ok","SIRFER Lab at University of Utah","2018-08-02","ElFtGy1kV49xqNP00HfxQA==","POM","1",300,25,100,"nitrogen",93.06,"microgramsPerLiter","Revesz & Coplen 2012a",,
"719f0af8-a937-44b3-8fdf-de798ff84af5","D06","KING","KING.AOS.reach","2018-05-09","KING.RE.20180509.POM.1","A00000010403","condition ok","SIRFER Lab at University of Utah","2018-08-02","ElFtGy1kV49xqNP00HfxQA==","POM","1",300,25,100,"d15N",4.18,"perMill","Revesz & Coplen 2012a",,
"8f1c7ab3-5d11-4e90-8f7e-168b639d79ca","D06","KING","KING.AOS.reach","2018-05-15","KING.RE.20180515.POM.1","A00000010477","condition ok","SIRFER Lab at University of Utah","2018-08-03","ElFtGy1kV49xqNP00HfxQA==","POM","1",260,25,100,"d13C",-31.95,"perMill","Revesz & Coplen 2012a",,
"1b558a5e-be1f-44cf-a68d-0d035b723290","D06","KING","KING.AOS.reach","2018-05-15","KING.RE.20180515.POM.1","A00000010477","condition ok","SIRFER Lab at University of Utah","2018-08-03","ElFtGy1kV49xqNP00HfxQA==","POM","1",260,25,100,"carbon",672.44,"microgramsPerLiter","Revesz & Coplen 2012a",,
"b492037a-012a-4555-ad4e-101d69b033a7","D06","KING","KING.AOS.reach","2018-05-15","KING.RE.20180515.POM.1","A00000010477","condition ok","SIRFER Lab at University of Utah","2018-08-03","ElFtGy1kV49xqNP00HfxQA==","POM","1",260,25,100,"nitrogen",109.06,"microgramsPerLiter","Revesz & Coplen 2012a",,
"fd2be064-ee6b-4568-b752-d555d6ca6408","D06","KING","KING.AOS.reach","2018-05-15","KING.RE.20180515.POM.1","A00000010477","condition ok","SIRFER Lab at University of Utah","2018-08-03","ElFtGy1kV49xqNP00HfxQA==","POM","1",260,25,100,"d15N",3.05,"perMill","Revesz & Coplen 2012a",,
"535ca81f-62bb-42b0-b757-8771bf8d69d4","D06","KING","KING.AOS.reach","2018-05-21","KING.RE.20180521.POM.1","A00000010488","condition ok","SIRFER Lab at University of Utah","2018-08-03","ElFtGy1kV49xqNP00HfxQA==","POM","1",310,25,100,"carbon",1272.92,"microgramsPerLiter","Revesz & Coplen 2012a",,
"bd76ebbd-2519-403d-b6d8-b8a9c17461a5","D06","KING","KING.AOS.reach","2018-05-21","KING.RE.20180521.POM.1","A00000010488","condition ok","SIRFER Lab at University of Utah","2018-08-03","ElFtGy1kV49xqNP00HfxQA==","POM","1",310,25,100,"d15N",4.82,"perMill","Revesz & Coplen 2012a",,
"746f4720-f100-458c-9c0f-4a17517caca4","D06","KING","KING.AOS.reach","2018-05-21","KING.RE.20180521.POM.1","A00000010488","condition ok","SIRFER Lab at University of Utah","2018-08-03","ElFtGy1kV49xqNP00HfxQA==","POM","1",310,25,100,"nitrogen",205.79,"microgramsPerLiter","Revesz & Coplen 2012a",,
"e2b5acc7-1acd-4ac6-9996-582cc7f02afe","D06","KING","KING.AOS.reach","2018-05-21","KING.RE.20180521.POM.1","A00000010488","condition ok","SIRFER Lab at University of Utah","2018-08-03","ElFtGy1kV49xqNP00HfxQA==","POM","1",310,25,100,"d13C",-34.96,"perMill","Revesz & Coplen 2012a",,
