uid,domainID,siteID,namedLocation,collectDate,sampleID,sampleCode,sampleCondition,laboratoryName,analysisDate,analyzedBy,sampleType,replicate,sampleVolumeFiltered,filterSize,percentFilterAnalyzed,analyte,analyteConcentration,plantAlgaeLabUnits,method,externalRemarks,externalLabDataQF
"bcb1a5e0-03c5-4360-9f8c-4ee6d24e7497","D19","CARI","CARI.AOS.S2","2019-06-11","CARI.SS.20190611.POM.1","A00000102580","condition ok","SIRFER Lab at University of Utah","2019-11-01","ElFtGy1kV49xqNP00HfxQA==","POM","1",750,25,100,"carbon",309.63,"microgramsPerLiter","Revesz & Coplen 2012a",,
"6baec92a-c508-4f5d-994b-af6b7e31488c","D19","CARI","CARI.AOS.S2","2019-06-11","CARI.SS.20190611.POM.1","A00000102580","condition ok","SIRFER Lab at University of Utah","2019-11-01","ElFtGy1kV49xqNP00HfxQA==","POM","1",750,25,100,"d15N",6.73,"perMill","Revesz & Coplen 2012a",,
"c97e1ae0-59f9-40c5-aaed-9433914e2b38","D19","CARI","CARI.AOS.S2","2019-06-11","CARI.SS.20190611.POM.1","A00000102580","condition ok","SIRFER Lab at University of Utah","2019-11-01","ElFtGy1kV49xqNP00HfxQA==","POM","1",750,25,100,"d13C",-27.01,"perMill","Revesz & Coplen 2012a",,
"56735eba-c47e-4132-be1c-da6e1dc150a8","D19","CARI","CARI.AOS.S2","2019-06-11","CARI.SS.20190611.POM.1","A00000102580","condition ok","SIRFER Lab at University of Utah","2019-11-01","ElFtGy1kV49xqNP00HfxQA==","POM","1",750,25,100,"nitrogen",23.85,"microgramsPerLiter","Revesz & Coplen 2012a",,
"30cc92ee-25e5-42e2-a442-bb2ad141febc","D19","CARI","CARI.AOS.S2","2019-06-19","CARI.SS.20190619.POM.1","A00000065842","condition ok","SIRFER Lab at University of Utah","2019-11-01","ElFtGy1kV49xqNP00HfxQA==","POM","1",500,25,100,"carbon",160.50,"microgramsPerLiter","Revesz & Coplen 2012a",,
"a3549b39-a147-4072-b7ac-a4ce3ae36f61","D19","CARI","CARI.AOS.S2","2019-06-19","CARI.SS.20190619.POM.1","A00000065842","condition ok","SIRFER Lab at University of Utah","2019-11-01","ElFtGy1kV49xqNP00HfxQA==","POM","1",750,25,100,"d13C",-27.68,"perMill","Revesz & Coplen 2012a",,
"11409975-a35e-49e2-8ba4-7d63577d3908","D19","CARI","CARI.AOS.S2","2019-06-19","CARI.SS.20190619.POM.1","A00000065842","condition ok","SIRFER Lab at University of Utah","2019-11-01","ElFtGy1kV49xqNP00HfxQA==","POM","1",750,25,100,"nitrogen",12.00,"microgramsPerLiter","Revesz & Coplen 2012a",,
"a60d4bb2-679e-4f3b-ad08-f9e92d11e010","D19","CARI","CARI.AOS.S2","2019-06-19","CARI.SS.20190619.POM.1","A00000065842","condition ok","SIRFER Lab at University of Utah","2019-11-01","ElFtGy1kV49xqNP00HfxQA==","POM","1",750,25,100,"d15N",2.78,"perMill","Revesz & Coplen 2012a",,
