uid,domainID,siteID,namedLocation,collectDate,sampleID,sampleCode,sampleCondition,laboratoryName,analysisDate,analyzedBy,sampleType,replicate,sampleVolumeFiltered,filterSize,percentFilterAnalyzed,analyte,analyteConcentration,plantAlgaeLabUnits,method,externalRemarks,externalLabDataQF
"482d5feb-4160-41e1-8d92-84b2ed3e3657","D11","BLUE","BLUE.AOS.S2","2019-07-09","BLUE.SS.20190709.POM.1","A00000104775","condition ok","SIRFER Lab at University of Utah","2019-11-21","ElFtGy1kV49xqNP00HfxQA==","POM","1",300,25,100,"d13C",-24.57,"perMill","Revesz & Coplen 2012a",,
"4aa66ddf-1cbe-45b7-9a40-7ff6041b8d58","D11","BLUE","BLUE.AOS.S2","2019-07-09","BLUE.SS.20190709.POM.1","A00000104775","condition ok","SIRFER Lab at University of Utah","2019-11-21","ElFtGy1kV49xqNP00HfxQA==","POM","1",300,25,100,"carbon",741.94,"microgramsPerLiter","Revesz & Coplen 2012a",,
"23e5b5bb-574b-446e-8200-270dba25f3a0","D11","BLUE","BLUE.AOS.S2","2019-07-09","BLUE.SS.20190709.POM.1","A00000104775","condition ok","SIRFER Lab at University of Utah","2019-11-21","ElFtGy1kV49xqNP00HfxQA==","POM","1",300,25,100,"nitrogen",81.98,"microgramsPerLiter","Revesz & Coplen 2012a",,
"c411ae78-c739-4fc4-b8cb-3693a00ef792","D11","BLUE","BLUE.AOS.S2","2019-07-09","BLUE.SS.20190709.POM.1","A00000104775","condition ok","SIRFER Lab at University of Utah","2019-11-21","ElFtGy1kV49xqNP00HfxQA==","POM","1",300,25,100,"d15N",1.38,"perMill","Revesz & Coplen 2012a",,
