uid,domainID,siteID,namedLocation,collectDate,sampleID,sampleCode,sampleCondition,laboratoryName,analysisDate,analyzedBy,sampleType,replicate,sampleVolumeFiltered,filterSize,percentFilterAnalyzed,analyte,analyteConcentration,plantAlgaeLabUnits,method,externalRemarks,externalLabDataQF
"f9a8a9b5-20d9-4bc6-a4fc-c9a32223c4f3","D02","LEWI","LEWI.AOS.S2","2017-02-01","LEWI.SS.20170201.POM.1",,"condition ok","SIRFER Lab at University of Utah","2018-03-05","ElFtGy1kV49xqNP00HfxQA==","POM","1",600,25,100,"d15N",5.52,"perMill","Revesz & Coplen 2012a",,
"0b6836fc-390c-4d40-a751-48280d8088c1","D02","LEWI","LEWI.AOS.S2","2017-02-01","LEWI.SS.20170201.POM.1",,"condition ok","SIRFER Lab at University of Utah","2018-03-05","ElFtGy1kV49xqNP00HfxQA==","POM","1",600,25,100,"nitrogen",42.00,"microgramsPerLiter","Revesz & Coplen 2012a",,
"0b7c58b6-1919-49c2-ad7b-3ec8599e8e9d","D02","LEWI","LEWI.AOS.S2","2017-02-01","LEWI.SS.20170201.POM.1",,"condition ok","SIRFER Lab at University of Utah","2018-03-05","ElFtGy1kV49xqNP00HfxQA==","POM","1",600,25,100,"d13C",-23.18,"perMill","Revesz & Coplen 2012a",,
"ea3d602c-2d4a-4684-b997-391e241a5845","D02","LEWI","LEWI.AOS.S2","2017-02-01","LEWI.SS.20170201.POM.1",,"condition ok","SIRFER Lab at University of Utah","2018-03-05","ElFtGy1kV49xqNP00HfxQA==","POM","1",600,25,100,"carbon",575.24,"microgramsPerLiter","Revesz & Coplen 2012a",,
"03694850-b746-4ac0-99ae-ba9bf71a413c","D02","LEWI","LEWI.AOS.S2","2017-02-15","LEWI.SS.20170215.POM.1",,"condition ok","SIRFER Lab at University of Utah","2018-03-05","ElFtGy1kV49xqNP00HfxQA==","POM","1",800,25,100,"carbon",247.84,"microgramsPerLiter","Revesz & Coplen 2012a",,
"d3260de0-d4fc-4ea0-b472-84861eb2b3fb","D02","LEWI","LEWI.AOS.S2","2017-02-15","LEWI.SS.20170215.POM.1",,"condition ok","SIRFER Lab at University of Utah","2018-03-05","ElFtGy1kV49xqNP00HfxQA==","POM","1",800,25,100,"nitrogen",18.96,"microgramsPerLiter","Revesz & Coplen 2012a",,
"376b33c0-f762-46c7-8c93-d47331989728","D02","LEWI","LEWI.AOS.S2","2017-02-15","LEWI.SS.20170215.POM.1",,"condition ok","SIRFER Lab at University of Utah","2018-03-05","ElFtGy1kV49xqNP00HfxQA==","POM","1",800,25,100,"d13C",-25.12,"perMill","Revesz & Coplen 2012a",,
"601fe0f3-4f9b-4118-86dc-e25976e25f7a","D02","LEWI","LEWI.AOS.S2","2017-02-15","LEWI.SS.20170215.POM.1",,"condition ok","SIRFER Lab at University of Utah","2018-03-05","ElFtGy1kV49xqNP00HfxQA==","POM","1",800,25,100,"d15N",6.08,"perMill","Revesz & Coplen 2012a",,
