uid,domainID,siteID,namedLocation,collectDate,parentSampleID,parentSampleCode,isotopeH2OSampleCond,isotopeH2OSampleID,isotopeH2OSampleCode,isotopePOMRep2SampleCond,isotopePOMRep2SampleID,isotopePOMRep2SampleCode,isotopePOMSampleCond,isotopePOMSampleID,isotopePOMSampleCode,processedDateFilters,processedDateH2OIsotopes,sampleVolumeFilteredPOMRep1,sampleVolumeFilteredPOMRep2,fieldDataQF
"6784432a-ae96-48ca-9e29-3148e27e4804","D05","LIRO","LIRO.AOS.buoy.c1","2018-05-14T15:16Z","LIRO.C1.20180514",,"Sample condition ok","LIRO.C1.20180514.H2O.1","A00000007868","Sample condition ok","LIRO.C1.20180514.POM.2","A00000007887","Sample condition ok","LIRO.C1.20180514.POM.1","A00000007886",,"2018-05-14T17:44Z",250,250,
"3e3c5449-1299-4e5d-8696-f29635153bf1","D05","LIRO","LIRO.AOS.buoy.c2","2018-05-14T15:32Z","LIRO.C2.20180514",,"Sample condition ok","LIRO.C2.20180514.H2O.1","A00000007850","Sample condition ok","LIRO.C2.20180514.POM.2","A00000007870","Sample condition ok","LIRO.C2.20180514.POM.1","A00000007869","2018-05-14T18:32Z","2018-05-14T18:07Z",150,150,
"c643ac0f-402c-4252-bff9-95519e623d9f","D05","LIRO","LIRO.AOS.buoy.c2","2018-05-21T16:45Z","LIRO.C2.20180521",,"Sample condition ok","LIRO.C2.20180521.H2O.1","A00000007758","Sample condition ok","LIRO.C2.20180521.POM.2","A00000007752","Sample condition ok","LIRO.C2.20180521.POM.1","A00000007753","2018-05-21T20:55Z",,100,100,
"cbe2b811-39f1-4d89-83c2-60619bf7f3aa","D05","LIRO","LIRO.AOS.buoy.c1","2018-05-21T16:54Z","LIRO.C1.20180521",,"Sample condition ok","LIRO.C1.20180521.H2O.1","A00000007757","Sample condition ok","LIRO.C1.20180521.POM.2","A00000007754","Sample condition ok","LIRO.C1.20180521.POM.1","A00000007755","2018-05-21T20:19Z",,200,200,
