uid,domainID,siteID,namedLocation,collectDate,analysisDate,isotopeH2OSampleID,isotopeH2OSampleCode,instrumentSN,d18OWater,d2HWater,d18OsdWater,d2HsdWater,isotopeH2OExternalLabQF,laboratoryName,analyzedBy,sampleCondition,externalRemarks,externalLabDataQF
"8dc1dfd4-b3f8-41b2-bb9d-732a1e3f2556","D05","LIRO","LIRO.AOS.buoy.c1","2018-05-14","2018-07-09","LIRO.C1.20180514.H2O.1","A00000007868","HIDS2052",-5.11,-50.33,0.02,0.14,0,"SIRFER Lab at University of Utah","OlSmE6RRn5QQH8tvUHmK5i/poYiQr6sd","OK",,
"2e8d4962-d5c1-4d59-9361-a706fb0e7ae5","D05","LIRO","LIRO.AOS.buoy.c2","2018-05-14","2018-07-09","LIRO.C2.20180514.H2O.1","A00000007850","HIDS2052",-4.41,-46.81,0.03,0.09,0,"SIRFER Lab at University of Utah","OlSmE6RRn5QQH8tvUHmK5i/poYiQr6sd","OK",,
"853e4bdb-e3a4-42c7-99b9-3afa1e5d2c32","D05","LIRO","LIRO.AOS.buoy.c2","2018-05-21","2018-07-09","LIRO.C2.20180521.H2O.1","A00000007758","HIDS2052",-4.51,-46.58,0.10,0.26,0,"SIRFER Lab at University of Utah","OlSmE6RRn5QQH8tvUHmK5i/poYiQr6sd","OK",,
"6ad4d446-dd2a-4a27-982f-910393c44663","D05","LIRO","LIRO.AOS.buoy.c1","2018-05-21","2018-07-09","LIRO.C1.20180521.H2O.1","A00000007757","HIDS2052",-4.33,-48.24,0.04,0.18,0,"SIRFER Lab at University of Utah","OlSmE6RRn5QQH8tvUHmK5i/poYiQr6sd","OK",,
