uid,domainID,siteID,namedLocation,decimalLatitude,decimalLongitude,coordinateUncertainty,additionalCoordUncertainty,elevation,elevationUncertainty,geodeticDatum,altLocation,altLatitude,altLongitude,altCoordinateUncertainty,altGeodeticDatum,collectDate,aquaticSiteType,samplingImpractical,parentSampleID,parentSampleCode,eventID,samplerType,dissolvedOxygen,dissolvedOxygenSaturation,specificConductance,waterTemp,asiSamplingProtocolVersion,lowerSegmentDepth,upperSegmentDepth,maxDepth,lakeSampleDepth1,lakeSampleDepth2,aCollectedBy,bCollectedBy,remarks,fieldDataQF
"a9aea268-5e67-4140-aec6-421148486ea6","D05","LIRO","LIRO.AOS.buoy.c1",45.998322,-89.704766,10.0,10.0,502.0,10.0,"WGS84",,,,,,"2018-05-14T15:16Z","lake",,"LIRO.C1.20180514",,"LIRO.20180514","Kemmerer",10.25,104.20,10.60,15.30,"NEON.DOC.001886vF",0.5,0.0,8.0,0.5,,"jbuza@battelleecology.org","hbeeler@battelleecology.org",,
"17409066-cfb4-4eb7-a63b-dfb47dc4caf8","D05","LIRO","LIRO.AOS.buoy.c2",45.998322,-89.704766,10.0,10.0,502.0,10.0,"WGS84",,,,,,"2018-05-14T15:32Z","lake",,"LIRO.C2.20180514",,"LIRO.20180514","Kemmerer",,,,,"NEON.DOC.001886vF",,,8.0,6.0,,"jbuza@battelleecology.org","hbeeler@battelleecology.org",,
"1ebf280e-467b-4931-ac57-40ca300379ed","D05","LIRO","LIRO.AOS.buoy.c2",45.998322,-89.704766,10.0,10.0,502.0,10.0,"WGS84",,,,,,"2018-05-21T16:45Z","lake",,"LIRO.C2.20180521",,"LIRO.20180521","Kemmerer",,,,,"NEON.DOC.001886vF",10.2,5.5,10.2,6.7,9.0,"jbuza@battelleecology.org","hbeeler@battelleecology.org","Suspended sediment in sample",
"e5d143f8-9996-47c8-adb6-989f0624302c","D05","LIRO","LIRO.AOS.buoy.c1",45.998322,-89.704766,10.0,10.0,502.0,10.0,"WGS84",,,,,,"2018-05-21T16:54Z","lake",,"LIRO.C1.20180521",,"LIRO.20180521","Kemmerer",11.12,115.00,8.50,16.80,,1.5,0.0,10.2,0.5,,"jbuza@battelleecology.org","hbeeler@battelleecology.org",,
