uid,domainID,siteID,namedLocation,collectDate,sampleID,sampleCode,sampleCondition,laboratoryName,analysisDate,analyzedBy,sampleType,replicate,sampleVolumeFiltered,filterSize,percentFilterAnalyzed,analyte,analyteConcentration,plantAlgaeLabUnits,method,externalRemarks,externalLabDataQF
"a53b8fc4-12fb-445a-9e83-4d792eed78c3","D05","LIRO","LIRO.AOS.buoy.c1","2018-05-14","LIRO.C1.20180514.POM.1","A00000007886","condition ok","SIRFER Lab at University of Utah","2018-08-14","ElFtGy1kV49xqNP00HfxQA==","POM","1",250,25,100,"d13C",-35.23,"perMill","Revesz & Coplen 2012a",,
"5e1d20f7-e9a8-4c2a-a291-d1c4f0670ae5","D05","LIRO","LIRO.AOS.buoy.c1","2018-05-14","LIRO.C1.20180514.POM.1","A00000007886","condition ok","SIRFER Lab at University of Utah","2018-08-14","ElFtGy1kV49xqNP00HfxQA==","POM","1",250,25,100,"d15N",2.45,"perMill","Revesz & Coplen 2012a",,
"c23f4136-8396-4a09-a1be-5d2ba94852ef","D05","LIRO","LIRO.AOS.buoy.c1","2018-05-14","LIRO.C1.20180514.POM.1","A00000007886","condition ok","SIRFER Lab at University of Utah","2018-08-14","ElFtGy1kV49xqNP00HfxQA==","POM","1",250,25,100,"nitrogen",88.14,"microgramsPerLiter","Revesz & Coplen 2012a",,
"5878cd69-60d9-4dea-9af2-6b03116a5eb1","D05","LIRO","LIRO.AOS.buoy.c1","2018-05-14","LIRO.C1.20180514.POM.1","A00000007886","condition ok","SIRFER Lab at University of Utah","2018-08-14","ElFtGy1kV49xqNP00HfxQA==","POM","1",250,25,100,"carbon",680.22,"microgramsPerLiter","Revesz & Coplen 2012a",,
"caa949d2-cc88-429c-83a3-9772e368af2e","D05","LIRO","LIRO.AOS.buoy.c2","2018-05-14","LIRO.C2.20180514.POM.1","A00000007869","condition ok","SIRFER Lab at University of Utah","2018-08-14","ElFtGy1kV49xqNP00HfxQA==","POM","1",150,25,100,"nitrogen",168.84,"microgramsPerLiter","Revesz & Coplen 2012a",,
"52edcfa0-7054-46cd-856c-f19365e87085","D05","LIRO","LIRO.AOS.buoy.c2","2018-05-14","LIRO.C2.20180514.POM.1","A00000007869","condition ok","SIRFER Lab at University of Utah","2018-08-14","ElFtGy1kV49xqNP00HfxQA==","POM","1",150,25,100,"d15N",4.80,"perMill","Revesz & Coplen 2012a",,
"5715ee65-353b-4f22-90b6-7349b6fe0590","D05","LIRO","LIRO.AOS.buoy.c2","2018-05-14","LIRO.C2.20180514.POM.1","A00000007869","condition ok","SIRFER Lab at University of Utah","2018-08-14","ElFtGy1kV49xqNP00HfxQA==","POM","1",150,25,100,"d13C",-32.08,"perMill","Revesz & Coplen 2012a",,
"04ede0d1-1f29-4c69-8dda-1479a26dd00b","D05","LIRO","LIRO.AOS.buoy.c2","2018-05-14","LIRO.C2.20180514.POM.1","A00000007869","condition ok","SIRFER Lab at University of Utah","2018-08-14","ElFtGy1kV49xqNP00HfxQA==","POM","1",150,25,100,"carbon",1210.13,"microgramsPerLiter","Revesz & Coplen 2012a",,
"8aea12b9-8de3-4dcd-9994-db932737c01d","D05","LIRO","LIRO.AOS.buoy.c2","2018-05-21","LIRO.C2.20180521.POM.1","A00000007753","condition ok","SIRFER Lab at University of Utah","2018-08-14","ElFtGy1kV49xqNP00HfxQA==","POM","1",100,25,100,"carbon",1418.39,"microgramsPerLiter","Revesz & Coplen 2012a",,
"622bca85-35ea-44d7-8abe-c063f8bd8d66","D05","LIRO","LIRO.AOS.buoy.c2","2018-05-21","LIRO.C2.20180521.POM.1","A00000007753","condition ok","SIRFER Lab at University of Utah","2018-08-14","ElFtGy1kV49xqNP00HfxQA==","POM","1",100,25,100,"d15N",0.68,"perMill","Revesz & Coplen 2012a",,
"4882a5d4-b7f8-42b8-ae0b-3606cd027362","D05","LIRO","LIRO.AOS.buoy.c2","2018-05-21","LIRO.C2.20180521.POM.1","A00000007753","condition ok","SIRFER Lab at University of Utah","2018-08-14","ElFtGy1kV49xqNP00HfxQA==","POM","1",100,25,100,"d13C",-35.87,"perMill","Revesz & Coplen 2012a",,
"e69708fd-8248-4e21-8763-0ed5ac1a8899","D05","LIRO","LIRO.AOS.buoy.c2","2018-05-21","LIRO.C2.20180521.POM.1","A00000007753","condition ok","SIRFER Lab at University of Utah","2018-08-14","ElFtGy1kV49xqNP00HfxQA==","POM","1",100,25,100,"nitrogen",159.31,"microgramsPerLiter","Revesz & Coplen 2012a",,
