uid,domainID,siteID,namedLocation,collectDate,sampleID,sampleCode,sampleCondition,laboratoryName,analysisDate,analyzedBy,sampleType,replicate,sampleVolumeFiltered,filterSize,percentFilterAnalyzed,analyte,analyteConcentration,plantAlgaeLabUnits,method,externalRemarks,externalLabDataQF
"4b109152-a137-476f-9c58-8f331a4fde35","D10","ARIK","ARIK.AOS.S2","2018-04-03","ARIK.SS.20180403.POM.1",,"condition ok","SIRFER Lab at University of Utah","2018-08-08","ElFtGy1kV49xqNP00HfxQA==","POM","1",250,25,100,"nitrogen",53.43,"microgramsPerLiter","Revesz & Coplen 2012a",,
"5ddf0c83-b2c2-4e45-bb68-361dc6d123dc","D10","ARIK","ARIK.AOS.S2","2018-04-03","ARIK.SS.20180403.POM.1",,"condition ok","SIRFER Lab at University of Utah","2018-08-08","ElFtGy1kV49xqNP00HfxQA==","POM","1",250,25,100,"carbon",531.18,"microgramsPerLiter","Revesz & Coplen 2012a",,
"6e219e30-8e9d-44a8-928f-b67ee78bd0bf","D10","ARIK","ARIK.AOS.S2","2018-04-03","ARIK.SS.20180403.POM.1",,"condition ok","SIRFER Lab at University of Utah","2018-08-08","ElFtGy1kV49xqNP00HfxQA==","POM","1",250,25,100,"d13C",-29.54,"perMill","Revesz & Coplen 2012a",,
"3e6f19dd-1c65-414b-b2ef-44f4f8f4e740","D10","ARIK","ARIK.AOS.S2","2018-04-03","ARIK.SS.20180403.POM.1",,"condition ok","SIRFER Lab at University of Utah","2018-08-08","ElFtGy1kV49xqNP00HfxQA==","POM","1",250,25,100,"d15N",4.99,"perMill","Revesz & Coplen 2012a",,
"5ddd59e3-17be-4470-a93a-a5ab7184feb8","D10","ARIK","ARIK.AOS.S2","2018-04-18","ARIK.SS.20180418.POM.1","A00000017634","condition ok","SIRFER Lab at University of Utah","2018-08-08","ElFtGy1kV49xqNP00HfxQA==","POM","1",500,25,100,"carbon",401.02,"microgramsPerLiter","Revesz & Coplen 2012a",,
"a7370a69-a599-45c8-a097-ff5ca82e3bfc","D10","ARIK","ARIK.AOS.S2","2018-04-18","ARIK.SS.20180418.POM.1","A00000017634","condition ok","SIRFER Lab at University of Utah","2018-08-08","ElFtGy1kV49xqNP00HfxQA==","POM","1",500,25,100,"d13C",-29.73,"perMill","Revesz & Coplen 2012a",,
"5513c024-5fcb-4b72-bd05-3bae46890a70","D10","ARIK","ARIK.AOS.S2","2018-04-18","ARIK.SS.20180418.POM.1","A00000017634","condition ok","SIRFER Lab at University of Utah","2018-08-08","ElFtGy1kV49xqNP00HfxQA==","POM","1",500,25,100,"d15N",4.89,"perMill","Revesz & Coplen 2012a",,
"644f1d96-c9f4-4e4d-9e3e-bcc8e40bfdac","D10","ARIK","ARIK.AOS.S2","2018-04-18","ARIK.SS.20180418.POM.1","A00000017634","condition ok","SIRFER Lab at University of Utah","2018-08-08","ElFtGy1kV49xqNP00HfxQA==","POM","1",500,25,100,"nitrogen",48.60,"microgramsPerLiter","Revesz & Coplen 2012a",,
