uid,domainID,siteID,namedLocation,collectDate,parentSampleID,parentSampleCode,isotopeH2OSampleCond,isotopeH2OSampleID,isotopeH2OSampleCode,isotopePOMRep2SampleCond,isotopePOMRep2SampleID,isotopePOMRep2SampleCode,isotopePOMSampleCond,isotopePOMSampleID,isotopePOMSampleCode,processedDateFilters,processedDateH2OIsotopes,sampleVolumeFilteredPOMRep1,sampleVolumeFilteredPOMRep2,fieldDataQF
"ad1c41c2-34bd-4199-9e7c-f3a9cd4b5a8b","D18","OKSR","OKSR.AOS.S2","2019-10-01T19:50Z","OKSR.SS.20191001",,"Sample condition ok","OKSR.SS.20191001.H2O.1","A00000100922","Sample condition ok","OKSR.SS.20191001.POM.2","A00000100950","Sample condition ok","OKSR.SS.20191001.POM.1","A00000100949",,"2019-10-01T22:57Z",750,750,
"1eb73b5f-a281-4ace-93cc-0a5f5c739824","D18","OKSR","OKSR.AOS.S2","2019-10-09T18:10Z","OKSR.SS.20191009",,"Sample condition ok","OKSR.SS.20191009.H2O.1",,"Sample condition ok","OKSR.SS.20191009.POM.2",,"Sample condition ok","OKSR.SS.20191009.POM.1",,"2019-10-09T19:10Z","2019-10-09T19:10Z",750,700,
"4acfe736-f62e-4dcf-99b0-28a0fd9411d5","D18","OKSR","OKSR.AOS.S2","2019-10-15T18:30Z","OKSR.SS.20191015",,"Sample condition ok","OKSR.SS.20191015.H2O.1","A00000100953","Sample condition ok","OKSR.SS.20191015.POM.2","A00000100973","Sample condition ok","OKSR.SS.20191015.POM.1","A00000100974","2019-10-15T21:14Z","2019-10-15T21:14Z",750,750,
"1d093e53-b913-473a-980b-6e0992045736","D18","OKSR","OKSR.AOS.S2","2019-10-22T19:08Z","OKSR.SS.20191022",,"Sample condition ok","OKSR.SS.20191022.H2O.1","A00000101690","Sample condition ok","OKSR.SS.20191022.POM.2","A00000101673","Sample condition ok","OKSR.SS.20191022.POM.1","A00000101674","2019-10-22T21:30Z","2019-10-22T21:30Z",750,750,
