uid,domainID,siteID,namedLocation,decimalLatitude,decimalLongitude,coordinateUncertainty,additionalCoordUncertainty,elevation,elevationUncertainty,geodeticDatum,altLocation,altLatitude,altLongitude,altCoordinateUncertainty,altGeodeticDatum,collectDate,aquaticSiteType,samplingImpractical,parentSampleID,parentSampleCode,eventID,samplerType,dissolvedOxygen,dissolvedOxygenSaturation,specificConductance,waterTemp,asiSamplingProtocolVersion,lowerSegmentDepth,upperSegmentDepth,maxDepth,lakeSampleDepth1,lakeSampleDepth2,aCollectedBy,bCollectedBy,remarks,fieldDataQF
"a044f1bd-d5e1-47b0-b6b6-e3a6a3a02ed3","D18","OKSR","OKSR.AOS.S2",68.669659,-149.143501,0.1,10.0,767.4,0.0,"WGS84",,,,,,"2019-10-01T19:50Z","stream",,"OKSR.SS.20191001",,"OKSR.20191001","Grab",13.26,90.30,78.30,0.10,"NEON.DOC.001886vF",,,,,,"0000-0001-9124-8148","0000-0002-3121-1658",,
"84b37593-eef8-424a-bc6e-1a84f04b116d","D18","OKSR","OKSR.AOS.S2",68.669659,-149.143501,0.1,10.0,767.4,0.0,"WGS84",,,,,,"2019-10-09T18:10Z","stream",,"OKSR.SS.20191009",,"OKSR.20191009","Grab",12.14,81.40,81.40,-0.10,"NEON.DOC.001886vF",,,,,,"0000-0002-2848-7952","0000-0001-9124-8148",,
"b29fea44-dc6d-49e2-801f-5f46f710ef7b","D18","OKSR","OKSR.AOS.S2",68.669659,-149.143501,0.1,10.0,767.4,0.0,"WGS84",,,,,,"2019-10-15T18:30Z","stream",,"OKSR.SS.20191015",,"OKSR.20191015","Grab",12.05,82.30,87.90,-0.10,"NEON.DOC.001886vF",,,,,,"0000-0002-2848-7952","0000-0001-9124-8148",,
"66090771-abdd-48db-9fbf-e580875b7646","D18","OKSR","OKSR.AOS.S2",68.669659,-149.143501,0.1,10.0,767.4,0.0,"WGS84",,,,,,"2019-10-22T19:08Z","stream",,"OKSR.SS.20191022",,"OKSR.20191022","Grab",12.28,83.70,96.00,0.00,"NEON.DOC.001886vF",,,,,,"0000-0002-1118-0428","0000-0002-2848-7952",,
