uid,domainID,siteID,namedLocation,collectDate,sampleID,sampleCode,sampleCondition,laboratoryName,analysisDate,analyzedBy,sampleType,replicate,sampleVolumeFiltered,filterSize,percentFilterAnalyzed,analyte,analyteConcentration,plantAlgaeLabUnits,method,externalRemarks,externalLabDataQF
"380cccbb-d704-4938-ad30-c7ddb9b41b22","D18","TOOK","TOOK.AOS.buoy.c1","2018-07-03","TOOK.C1.20180703.POM.1","A00000029996","condition ok","SIRFER Lab at University of Utah","2018-08-02","ElFtGy1kV49xqNP00HfxQA==","POM","1",500,25,100,"d13C",-34.59,"perMill","Revesz & Coplen 2012a",,
"7bf640af-813b-4a6f-add9-f1415615ebe9","D18","TOOK","TOOK.AOS.buoy.c1","2018-07-03","TOOK.C1.20180703.POM.1","A00000029996","condition ok","SIRFER Lab at University of Utah","2018-08-02","ElFtGy1kV49xqNP00HfxQA==","POM","1",500,25,100,"carbon",291.01,"microgramsPerLiter","Revesz & Coplen 2012a",,
"58583b67-cee2-488e-bdb6-48acc24bfd5d","D18","TOOK","TOOK.AOS.buoy.c1","2018-07-03","TOOK.C1.20180703.POM.1","A00000029996","condition ok","SIRFER Lab at University of Utah","2018-08-02","ElFtGy1kV49xqNP00HfxQA==","POM","1",500,25,100,"nitrogen",40.56,"microgramsPerLiter","Revesz & Coplen 2012a",,
"2d7fb191-2299-474b-8457-d0b5ddd72a0d","D18","TOOK","TOOK.AOS.buoy.c1","2018-07-03","TOOK.C1.20180703.POM.1","A00000029996","condition ok","SIRFER Lab at University of Utah","2018-08-02","ElFtGy1kV49xqNP00HfxQA==","POM","1",500,25,100,"d15N",8.44,"perMill","Revesz & Coplen 2012a",,
"4c294b57-b2b2-4d94-b6cf-7768f59333b3","D18","TOOK","TOOK.AOS.buoy.c2","2018-07-03","TOOK.C2.20180703.POM.1","A00000029983","condition ok","SIRFER Lab at University of Utah","2018-08-02","ElFtGy1kV49xqNP00HfxQA==","POM","1",500,25,100,"carbon",532.51,"microgramsPerLiter","Revesz & Coplen 2012a",,
"d176ee12-1e72-4b45-b356-85fe8dca0f01","D18","TOOK","TOOK.AOS.buoy.c2","2018-07-03","TOOK.C2.20180703.POM.1","A00000029983","condition ok","SIRFER Lab at University of Utah","2018-08-02","ElFtGy1kV49xqNP00HfxQA==","POM","1",500,25,100,"d15N",-2.27,"perMill","Revesz & Coplen 2012a",,
"3eeb8e09-e886-428c-bd9e-62f0d386a36d","D18","TOOK","TOOK.AOS.buoy.c2","2018-07-03","TOOK.C2.20180703.POM.1","A00000029983","condition ok","SIRFER Lab at University of Utah","2018-08-02","ElFtGy1kV49xqNP00HfxQA==","POM","1",500,25,100,"nitrogen",107.96,"microgramsPerLiter","Revesz & Coplen 2012a",,
"6579dd6c-8efb-413f-bc60-c7310cdb9dc9","D18","TOOK","TOOK.AOS.buoy.c2","2018-07-03","TOOK.C2.20180703.POM.1","A00000029983","condition ok","SIRFER Lab at University of Utah","2018-08-02","ElFtGy1kV49xqNP00HfxQA==","POM","1",500,25,100,"d13C",-27.25,"perMill","Revesz & Coplen 2012a",,
"89ec4a85-dce6-45a3-93a9-e96605843f87","D18","TOOK","TOOK.AOS.outlet","2018-07-03","TOOK.OT.20180703.POM.1","A00000029986","condition ok","SIRFER Lab at University of Utah","2018-08-02","ElFtGy1kV49xqNP00HfxQA==","POM","1",500,25,100,"carbon",534.78,"microgramsPerLiter","Revesz & Coplen 2012a",,
"5cf2466b-5ad4-45f1-a236-47fd65398c59","D18","TOOK","TOOK.AOS.outlet","2018-07-03","TOOK.OT.20180703.POM.1","A00000029986","condition ok","SIRFER Lab at University of Utah","2018-08-02","ElFtGy1kV49xqNP00HfxQA==","POM","1",500,25,100,"nitrogen",65.72,"microgramsPerLiter","Revesz & Coplen 2012a",,
"b33eac6c-efe0-427f-ac3e-737ae12a1553","D18","TOOK","TOOK.AOS.outlet","2018-07-03","TOOK.OT.20180703.POM.1","A00000029986","condition ok","SIRFER Lab at University of Utah","2018-08-02","ElFtGy1kV49xqNP00HfxQA==","POM","1",500,25,100,"d13C",-31.16,"perMill","Revesz & Coplen 2012a",,
"9698c9b2-4e9a-4a64-833e-de999b9369d6","D18","TOOK","TOOK.AOS.outlet","2018-07-03","TOOK.OT.20180703.POM.1","A00000029986","condition ok","SIRFER Lab at University of Utah","2018-08-02","ElFtGy1kV49xqNP00HfxQA==","POM","1",500,25,100,"d15N",3.73,"perMill","Revesz & Coplen 2012a",,
"12ec6de8-a4dc-44bd-9764-a747e2db2249","D18","TOOK","TOOK.AOS.inlet","2018-07-03","TOOK.IN.20180703.POM.1","A00000029989","condition ok","SIRFER Lab at University of Utah","2018-08-02","ElFtGy1kV49xqNP00HfxQA==","POM","1",600,25,100,"d13C",-27.41,"perMill","Revesz & Coplen 2012a",,
"bbc680fb-4fde-4b31-ba86-73ce77551f36","D18","TOOK","TOOK.AOS.inlet","2018-07-03","TOOK.IN.20180703.POM.1","A00000029989","condition ok","SIRFER Lab at University of Utah","2018-08-02","ElFtGy1kV49xqNP00HfxQA==","POM","1",600,25,100,"carbon",1052.85,"microgramsPerLiter","Revesz & Coplen 2012a",,
"8d08157b-3459-42af-8088-e3f029571c0d","D18","TOOK","TOOK.AOS.inlet","2018-07-03","TOOK.IN.20180703.POM.1","A00000029989","condition ok","SIRFER Lab at University of Utah","2018-08-02","ElFtGy1kV49xqNP00HfxQA==","POM","1",600,25,100,"nitrogen",169.16,"microgramsPerLiter","Revesz & Coplen 2012a",,
"000b91e2-a495-41e2-8fca-0c0bee905cd7","D18","TOOK","TOOK.AOS.inlet","2018-07-03","TOOK.IN.20180703.POM.1","A00000029989","condition ok","SIRFER Lab at University of Utah","2018-08-02","ElFtGy1kV49xqNP00HfxQA==","POM","1",600,25,100,"d15N",0.89,"perMill","Revesz & Coplen 2012a",,
