uid,domainID,siteID,namedLocation,collectDate,analysisDate,isotopeH2OSampleID,isotopeH2OSampleCode,instrumentSN,d18OWater,d2HWater,d18OsdWater,d2HsdWater,isotopeH2OExternalLabQF,laboratoryName,analyzedBy,sampleCondition,externalRemarks,externalLabDataQF
"de3f82b8-52a6-4452-ae22-1e51fa6d56af","D18","TOOK","TOOK.AOS.buoy.c1","2018-07-03","2018-09-07","TOOK.C1.20180703.H2O.1","A00000029993","HIDS2052",-19.66,-154.37,0.02,0.13,0,"SIRFER Lab at University of Utah","OlSmE6RRn5QQH8tvUHmK5i/poYiQr6sd","OK",,
"335e50a3-0d50-4872-a348-7210ad6ab5b6","D18","TOOK","TOOK.AOS.buoy.c2","2018-07-03","2018-09-07","TOOK.C2.20180703.H2O.1","A00000029981","HIDS2052",-19.68,-154.10,0.03,0.08,0,"SIRFER Lab at University of Utah","OlSmE6RRn5QQH8tvUHmK5i/poYiQr6sd","OK",,
"4f43b7d9-e255-43fb-b9af-00c5c561ec5f","D18","TOOK","TOOK.AOS.outlet","2018-07-03","2018-09-07","TOOK.OT.20180703.H2O.1","A00000029988","HIDS2052",-19.51,-153.30,0.02,0.18,0,"SIRFER Lab at University of Utah","OlSmE6RRn5QQH8tvUHmK5i/poYiQr6sd","OK",,
"44f0a5fd-17a3-44cb-8b56-7aaf86cb2cca","D18","TOOK","TOOK.AOS.inlet","2018-07-03","2018-09-07","TOOK.IN.20180703.H2O.1","A00000029992","HIDS2052",-19.71,-153.36,0.04,0.15,0,"SIRFER Lab at University of Utah","OlSmE6RRn5QQH8tvUHmK5i/poYiQr6sd","OK",,
