uid,domainID,siteID,namedLocation,decimalLatitude,decimalLongitude,coordinateUncertainty,additionalCoordUncertainty,elevation,elevationUncertainty,geodeticDatum,altLocation,altLatitude,altLongitude,altCoordinateUncertainty,altGeodeticDatum,collectDate,aquaticSiteType,samplingImpractical,parentSampleID,parentSampleCode,eventID,samplerType,dissolvedOxygen,dissolvedOxygenSaturation,specificConductance,waterTemp,asiSamplingProtocolVersion,lowerSegmentDepth,upperSegmentDepth,maxDepth,lakeSampleDepth1,lakeSampleDepth2,aCollectedBy,bCollectedBy,remarks,fieldDataQF
"d85e09cb-f085-4897-bcd3-4c6839db4fb8","D18","TOOK","TOOK.AOS.buoy.c1",68.630699,-149.611405,10.0,10.0,715.0,10.0,"WGS84",,,,,,"2018-07-03T18:06Z","lake",,"TOOK.C1.20180703",,"TOOK.20180703","Kemmerer",10.10,100.00,87.90,11.60,"NEON.DOC.001886vF",3.0,0.0,21.0,0.5,,"Jcelmer@battelleecology.org","kbroberg@battelleecology.org",,
"e07813f6-b4c3-4505-8575-3e4f2f42bf94","D18","TOOK","TOOK.AOS.buoy.c2",68.630699,-149.611405,10.0,10.0,715.0,10.0,"WGS84",,,,,,"2018-07-03T18:40Z","lake",,"TOOK.C2.20180703",,"TOOK.20180703","Kemmerer",,,,,"NEON.DOC.001886vF",21.0,6.0,21.0,9.8,17.3,"Jcelmer@battelleecology.org","kbroberg@battelleecology.org","Composite depth #2: 17.27 m",
"7071bc88-808f-447d-94ee-0467204df273","D18","TOOK","TOOK.AOS.outlet",68.640502,-149.596089,0.1,10.0,717.0,0.0,"WGS84",,,,,,"2018-07-03T19:22Z","lake",,"TOOK.OT.20180703",,"TOOK.20180703","Grab",10.70,104.00,81.10,12.10,"NEON.DOC.001886vF",,,,0.5,,"Jcelmer@battelleecology.org","kbroberg@battelleecology.org",,
"b63f37d1-8880-437d-ab60-ad8d07211380","D18","TOOK","TOOK.AOS.inlet",68.625566,-149.595360,0.1,10.0,717.3,0.0,"WGS84",,,,,,"2018-07-03T19:51Z","lake",,"TOOK.IN.20180703",,"TOOK.20180703","Grab",9.90,98.00,81.00,12.60,"NEON.DOC.001886vF",,,,0.5,,"Jcelmer@battelleecology.org","kbroberg@battelleecology.org",,
