uid,domainID,siteID,namedLocation,collectDate,parentSampleID,parentSampleCode,isotopeH2OSampleCond,isotopeH2OSampleID,isotopeH2OSampleCode,isotopePOMRep2SampleCond,isotopePOMRep2SampleID,isotopePOMRep2SampleCode,isotopePOMSampleCond,isotopePOMSampleID,isotopePOMSampleCode,processedDateFilters,processedDateH2OIsotopes,sampleVolumeFilteredPOMRep1,sampleVolumeFilteredPOMRep2,fieldDataQF
"30c89e4b-b0bb-4dc0-bfce-85554176f9c4","D18","TOOK","TOOK.AOS.buoy.c1","2018-07-03T18:06Z","TOOK.C1.20180703",,"Sample condition ok","TOOK.C1.20180703.H2O.1","A00000029993","Sample condition ok","TOOK.C1.20180703.POM.2","A00000029994","Sample condition ok","TOOK.C1.20180703.POM.1","A00000029996","2018-07-03T21:46Z","2018-07-03T21:46Z",500,500,
"16aa1c9a-4ac4-4c65-a582-83d58b4c6a1f","D18","TOOK","TOOK.AOS.buoy.c2","2018-07-03T18:40Z","TOOK.C2.20180703",,"Sample condition ok","TOOK.C2.20180703.H2O.1","A00000029981","Sample condition ok","TOOK.C2.20180703.POM.2","A00000029982","Sample condition ok","TOOK.C2.20180703.POM.1","A00000029983","2018-07-03T21:49Z","2018-07-03T21:49Z",500,500,
"2a8b6017-a171-432e-b2bc-92b280246e52","D18","TOOK","TOOK.AOS.outlet","2018-07-03T19:22Z","TOOK.OT.20180703",,"Sample condition ok","TOOK.OT.20180703.H2O.1","A00000029988","Sample condition ok","TOOK.OT.20180703.POM.2","A00000029987","Sample condition ok","TOOK.OT.20180703.POM.1","A00000029986","2018-07-03T21:55Z","2018-07-03T21:55Z",500,500,
"fd35529c-8f3c-477c-8a91-34e9d98b2650","D18","TOOK","TOOK.AOS.inlet","2018-07-03T19:51Z","TOOK.IN.20180703",,"Sample condition ok","TOOK.IN.20180703.H2O.1","A00000029992","Sample condition ok","TOOK.IN.20180703.POM.2","A00000029990","Sample condition ok","TOOK.IN.20180703.POM.1","A00000029989","2018-07-03T21:52Z","2018-07-03T21:52Z",600,600,
