uid,domainID,siteID,namedLocation,decimalLatitude,decimalLongitude,coordinateUncertainty,additionalCoordUncertainty,elevation,elevationUncertainty,geodeticDatum,altLocation,altLatitude,altLongitude,altCoordinateUncertainty,altGeodeticDatum,collectDate,aquaticSiteType,samplingImpractical,parentSampleID,parentSampleCode,eventID,samplerType,dissolvedOxygen,dissolvedOxygenSaturation,specificConductance,waterTemp,asiSamplingProtocolVersion,lowerSegmentDepth,upperSegmentDepth,maxDepth,lakeSampleDepth1,lakeSampleDepth2,aCollectedBy,bCollectedBy,remarks,fieldDataQF
"73727291-c857-4e7b-8c16-c387d9f91542","D13","WLOU","WLOU.AOS.S2",39.890669,-105.911314,0.1,10.0,2899.5,0.0,"WGS84",,,,,,"2018-06-07T16:44Z","stream",,"WLOU.SS.20180607",,"WLOU.20180607","Grab",11.35,117.20,70.40,3.50,"NEON.DOC.001886vF",,,,,,"jen.roquemore@battelleecology.org","Jswenson@battelleecology.org",,
"c0aaba03-9cc2-4e15-8461-e5d7ab3cb4ac","D13","WLOU","WLOU.AOS.S2",39.890669,-105.911314,0.1,10.0,2899.5,0.0,"WGS84",,,,,,"2018-06-12T16:15Z","stream",,"WLOU.SS.20180612",,"WLOU.20180612","Grab",11.94,125.20,68.20,3.60,"NEON.DOC.001886vF",,,,,,"rlehrter@battelleecology.org","jen.roquemore@battelleecology.org",,
"11748f21-d130-4390-8b36-7190ea88d87a","D13","WLOU","WLOU.AOS.S2",39.890669,-105.911314,0.1,10.0,2899.5,0.0,"WGS84",,,,,,"2018-06-14T18:38Z","stream",,"WLOU.SS.20180614",,"WLOU.20180614","Grab",14.38,148.50,69.60,5.50,"NEON.DOC.001886vF",,,,,,"jen.roquemore@battelleecology.org","Jswenson@battelleecology.org",,
"91d66795-d3f4-4374-acc5-bb8231b5dfc5","D13","WLOU","WLOU.AOS.S2",39.890669,-105.911314,0.1,10.0,2899.5,0.0,"WGS84",,,,,,"2018-06-18T16:14Z","stream",,"WLOU.SS.20180618",,"WLOU.20180618","Grab",11.32,122.50,72.70,4.80,"NEON.DOC.001886vF",,,,,,"jen.roquemore@battelleecology.org","jen.roquemore@battelleecology.org",,
"63f6dedc-ff04-4c3f-91e4-330f9971e91e","D13","WLOU","WLOU.AOS.S2",39.890669,-105.911314,0.1,10.0,2899.5,0.0,"WGS84",,,,,,"2018-06-20T14:29Z","stream",,"WLOU.SS.20180620",,"WLOU.20180620","Grab",10.23,109.30,72.70,3.80,"NEON.DOC.001886vF",,,,,,"Jswenson@battelleecology.org","Jswenson@battelleecology.org",,
"f1778372-2049-4c8a-a778-c5ca753738e1","D13","WLOU","WLOU.AOS.S2",39.890669,-105.911314,0.1,10.0,2899.5,0.0,"WGS84",,,,,,"2018-06-27T18:35Z","stream",,"WLOU.SS.20180627",,"WLOU.20180627","Grab",9.70,113.70,77.30,7.60,"NEON.DOC.001886vF",,,,,,"Bnance@battelleecology.org","Hschartel@battelleecology.org",,
