uid,domainID,siteID,namedLocation,collectDate,sampleID,sampleCode,sampleCondition,laboratoryName,analysisDate,analyzedBy,sampleType,replicate,sampleVolumeFiltered,filterSize,percentFilterAnalyzed,analyte,analyteConcentration,plantAlgaeLabUnits,method,externalRemarks,externalLabDataQF
"27af4432-def7-4a24-9441-2a8667b45d40","D13","WLOU","WLOU.AOS.S2","2018-06-07","WLOU.SS.20180607.POM.1","A00000018508","condition ok","SIRFER Lab at University of Utah","2018-08-09","ElFtGy1kV49xqNP00HfxQA==","POM","1",750,25,100,"d13C",-25.52,"perMill","Revesz & Coplen 2012a",,
"c630f74a-b3ec-49a2-8779-85e07d1b1fb6","D13","WLOU","WLOU.AOS.S2","2018-06-07","WLOU.SS.20180607.POM.1","A00000018508","condition ok","SIRFER Lab at University of Utah","2018-08-09","ElFtGy1kV49xqNP00HfxQA==","POM","1",750,25,100,"carbon",309.63,"microgramsPerLiter","Revesz & Coplen 2012a",,
"98471cd0-ee0d-4a01-8676-057bf716d4f1","D13","WLOU","WLOU.AOS.S2","2018-06-07","WLOU.SS.20180607.POM.1","A00000018508","condition ok","SIRFER Lab at University of Utah","2018-08-09","ElFtGy1kV49xqNP00HfxQA==","POM","1",750,25,100,"d15N",2.04,"perMill","Revesz & Coplen 2012a",,
"e36deab0-29c8-4265-aeb4-59712022608f","D13","WLOU","WLOU.AOS.S2","2018-06-07","WLOU.SS.20180607.POM.1","A00000018508","condition ok","SIRFER Lab at University of Utah","2018-08-09","ElFtGy1kV49xqNP00HfxQA==","POM","1",750,25,100,"nitrogen",16.12,"microgramsPerLiter","Revesz & Coplen 2012a",,
"543c6eaa-1801-4c2e-89dd-31fb1ecf1671","D13","WLOU","WLOU.AOS.S2","2018-06-12","WLOU.SS.20180612.POM.1","A00000018820","condition ok","SIRFER Lab at University of Utah","2018-08-09","ElFtGy1kV49xqNP00HfxQA==","POM","1",1000,25,100,"carbon",227.66,"microgramsPerLiter","Revesz & Coplen 2012a",,
"db3c6775-0493-42b2-840b-04d6940a89fb","D13","WLOU","WLOU.AOS.S2","2018-06-12","WLOU.SS.20180612.POM.1","A00000018820","condition ok","SIRFER Lab at University of Utah","2018-08-09","ElFtGy1kV49xqNP00HfxQA==","POM","1",1000,25,100,"nitrogen",16.74,"microgramsPerLiter","Revesz & Coplen 2012a",,
"41efcdb9-c962-47d1-a827-043c70dfe9ef","D13","WLOU","WLOU.AOS.S2","2018-06-12","WLOU.SS.20180612.POM.1","A00000018820","condition ok","SIRFER Lab at University of Utah","2018-08-09","ElFtGy1kV49xqNP00HfxQA==","POM","1",1000,25,100,"d13C",-25.22,"perMill","Revesz & Coplen 2012a",,
"d1d3846c-ec7e-4ccc-9dd2-700fe296c6ce","D13","WLOU","WLOU.AOS.S2","2018-06-12","WLOU.SS.20180612.POM.1","A00000018820","condition ok","SIRFER Lab at University of Utah","2018-08-09","ElFtGy1kV49xqNP00HfxQA==","POM","1",1000,25,100,"d15N",3.12,"perMill","Revesz & Coplen 2012a",,
"565a2714-bad2-4867-88ce-06623ae0480d","D13","WLOU","WLOU.AOS.S2","2018-06-14","WLOU.SS.20180614.POM.1","A00000018799","condition ok","SIRFER Lab at University of Utah","2018-09-06","ElFtGy1kV49xqNP00HfxQA==","POM","1",1250,25,100,"d13C",-25.52,"perMill","Revesz & Coplen 2012a",,
"5fa94a56-74b5-4f02-8095-0bfe17e9d684","D13","WLOU","WLOU.AOS.S2","2018-06-14","WLOU.SS.20180614.POM.1","A00000018799","condition ok","SIRFER Lab at University of Utah","2018-09-06","ElFtGy1kV49xqNP00HfxQA==","POM","1",1250,25,100,"nitrogen",11.77,"microgramsPerLiter","Revesz & Coplen 2012a",,
"f3408760-f27f-4df5-ab8e-c2d40f6e2a1e","D13","WLOU","WLOU.AOS.S2","2018-06-14","WLOU.SS.20180614.POM.1","A00000018799","condition ok","SIRFER Lab at University of Utah","2018-09-06","ElFtGy1kV49xqNP00HfxQA==","POM","1",1250,25,100,"carbon",161.01,"microgramsPerLiter","Revesz & Coplen 2012a",,
"6326d7e0-0948-4223-9e6c-41c4840287b4","D13","WLOU","WLOU.AOS.S2","2018-06-14","WLOU.SS.20180614.POM.1","A00000018799","condition ok","SIRFER Lab at University of Utah","2018-09-06","ElFtGy1kV49xqNP00HfxQA==","POM","1",1250,25,100,"d15N",3.40,"perMill","Revesz & Coplen 2012a",,
"c0d7d4cd-0815-4a2c-9e4e-08952b077295","D13","WLOU","WLOU.AOS.S2","2018-06-18","WLOU.SS.20180618.POM.1","A00000018759","condition ok","SIRFER Lab at University of Utah","2018-09-07","ElFtGy1kV49xqNP00HfxQA==","POM","1",1000,25,100,"d15N",2.35,"perMill","Revesz & Coplen 2012a",,
"04c58c15-6102-464f-9c20-0c05b60b7fba","D13","WLOU","WLOU.AOS.S2","2018-06-18","WLOU.SS.20180618.POM.1","A00000018759","condition ok","SIRFER Lab at University of Utah","2018-09-07","ElFtGy1kV49xqNP00HfxQA==","POM","1",1000,25,100,"nitrogen",11.63,"microgramsPerLiter","Revesz & Coplen 2012a",,
"3d23e6fc-43c2-451e-ada5-f0089210a059","D13","WLOU","WLOU.AOS.S2","2018-06-18","WLOU.SS.20180618.POM.1","A00000018759","condition ok","SIRFER Lab at University of Utah","2018-09-07","ElFtGy1kV49xqNP00HfxQA==","POM","1",1000,25,100,"carbon",179.15,"microgramsPerLiter","Revesz & Coplen 2012a",,
"0fff7f23-18bd-496d-8c95-a4a8e369c6c1","D13","WLOU","WLOU.AOS.S2","2018-06-18","WLOU.SS.20180618.POM.1","A00000018759","condition ok","SIRFER Lab at University of Utah","2018-09-07","ElFtGy1kV49xqNP00HfxQA==","POM","1",1000,25,100,"d13C",-26.05,"perMill","Revesz & Coplen 2012a",,
"a079dff9-2ffc-41f7-bbf8-a3b4cf07251c","D13","WLOU","WLOU.AOS.S2","2018-06-20","WLOU.SS.20180620.POM.1","A00000019220","condition ok","SIRFER Lab at University of Utah","2018-09-06","ElFtGy1kV49xqNP00HfxQA==","POM","1",1500,25,100,"carbon",170.82,"microgramsPerLiter","Revesz & Coplen 2012a",,
"0f156f66-8320-40a9-8fd0-159fa5c62500","D13","WLOU","WLOU.AOS.S2","2018-06-20","WLOU.SS.20180620.POM.1","A00000019220","condition ok","SIRFER Lab at University of Utah","2018-09-06","ElFtGy1kV49xqNP00HfxQA==","POM","1",1500,25,100,"d15N",1.37,"perMill","Revesz & Coplen 2012a",,
"5c59732a-28ee-4739-b14a-b1502a73dfdf","D13","WLOU","WLOU.AOS.S2","2018-06-20","WLOU.SS.20180620.POM.1","A00000019220","condition ok","SIRFER Lab at University of Utah","2018-09-06","ElFtGy1kV49xqNP00HfxQA==","POM","1",1500,25,100,"d13C",-26.07,"perMill","Revesz & Coplen 2012a",,
"2fdd9515-bc38-4349-8c79-03e2a3355643","D13","WLOU","WLOU.AOS.S2","2018-06-20","WLOU.SS.20180620.POM.1","A00000019220","condition ok","SIRFER Lab at University of Utah","2018-09-06","ElFtGy1kV49xqNP00HfxQA==","POM","1",1500,25,100,"nitrogen",10.02,"microgramsPerLiter","Revesz & Coplen 2012a",,
"273ce35e-a14a-4a37-a9e3-46b3b76328ac","D13","WLOU","WLOU.AOS.S2","2018-06-27","WLOU.SS.20180627.POM.1","A00000018874","condition ok","SIRFER Lab at University of Utah","2018-09-06","ElFtGy1kV49xqNP00HfxQA==","POM","1",1250,25,100,"carbon",119.35,"microgramsPerLiter","Revesz & Coplen 2012a",,
"d7baaa02-0531-49b3-a0af-44eba20cee90","D13","WLOU","WLOU.AOS.S2","2018-06-27","WLOU.SS.20180627.POM.1","A00000018874","condition ok","SIRFER Lab at University of Utah","2018-09-06","ElFtGy1kV49xqNP00HfxQA==","POM","1",1250,25,100,"d15N",5.36,"perMill","Revesz & Coplen 2012a",,
"0313e0e2-7247-446c-b730-4d432f1bbf63","D13","WLOU","WLOU.AOS.S2","2018-06-27","WLOU.SS.20180627.POM.1","A00000018874","condition ok","SIRFER Lab at University of Utah","2018-09-06","ElFtGy1kV49xqNP00HfxQA==","POM","1",1250,25,100,"d13C",-26.24,"perMill","Revesz & Coplen 2012a",,
"1ba66b52-2e3c-4762-9aaa-0e6792b435e9","D13","WLOU","WLOU.AOS.S2","2018-06-27","WLOU.SS.20180627.POM.1","A00000018874","condition ok","SIRFER Lab at University of Utah","2018-09-06","ElFtGy1kV49xqNP00HfxQA==","POM","1",1250,25,100,"nitrogen",10.78,"microgramsPerLiter","Revesz & Coplen 2012a",,
