uid,domainID,siteID,namedLocation,collectDate,analysisDate,isotopeH2OSampleID,isotopeH2OSampleCode,instrumentSN,d18OWater,d2HWater,d18OsdWater,d2HsdWater,isotopeH2OExternalLabQF,laboratoryName,analyzedBy,sampleCondition,externalRemarks,externalLabDataQF
"a305d27b-0e84-4dca-8f1a-cd040b14e4fe","D13","WLOU","WLOU.AOS.S2","2018-06-07","2018-08-08","WLOU.SS.20180607.H2O.1","A00000018492","HIDS2052",-18.00,-133.23,0.06,0.32,0,"SIRFER Lab at University of Utah","OlSmE6RRn5QQH8tvUHmK5i/poYiQr6sd","OK",,
"f52d1110-a65f-4127-8827-69a02d9e6b26","D13","WLOU","WLOU.AOS.S2","2018-06-12","2018-08-08","WLOU.SS.20180612.H2O.1","A00000018704","HIDS2052",-17.55,-131.65,0.04,0.25,0,"SIRFER Lab at University of Utah","OlSmE6RRn5QQH8tvUHmK5i/poYiQr6sd","OK",,
"59e4993a-b2ff-4752-a272-3c86b572dac8","D13","WLOU","WLOU.AOS.S2","2018-06-14","2018-08-08","WLOU.SS.20180614.H2O.1","A00000018815","HIDS2052",-17.81,-132.15,0.04,0.13,0,"SIRFER Lab at University of Utah","OlSmE6RRn5QQH8tvUHmK5i/poYiQr6sd","OK",,
"9a85f1e0-ccfb-4183-872e-6323a43bf22f","D13","WLOU","WLOU.AOS.S2","2018-06-18","2018-08-08","WLOU.SS.20180618.H2O.1","A00000018752","HIDS2052",-17.96,-132.46,0.05,0.20,0,"SIRFER Lab at University of Utah","OlSmE6RRn5QQH8tvUHmK5i/poYiQr6sd","OK",,
"ca6c0516-8fbd-4077-a9a0-fae2c6a698fc","D13","WLOU","WLOU.AOS.S2","2018-06-20","2018-08-08","WLOU.SS.20180620.H2O.1","A00000018768","HIDS2052",-17.56,-131.24,0.04,0.20,0,"SIRFER Lab at University of Utah","OlSmE6RRn5QQH8tvUHmK5i/poYiQr6sd","OK",,
"76db1811-675f-486c-a472-b6e4212fce67","D13","WLOU","WLOU.AOS.S2","2018-06-27","2018-08-08","WLOU.SS.20180627.H2O.1","A00000018877","HIDS2052",-17.72,-131.42,0.06,0.40,0,"SIRFER Lab at University of Utah","OlSmE6RRn5QQH8tvUHmK5i/poYiQr6sd","OK",,
