uid,domainID,siteID,namedLocation,collectDate,parentSampleID,parentSampleCode,isotopeH2OSampleCond,isotopeH2OSampleID,isotopeH2OSampleCode,isotopePOMRep2SampleCond,isotopePOMRep2SampleID,isotopePOMRep2SampleCode,isotopePOMSampleCond,isotopePOMSampleID,isotopePOMSampleCode,processedDateFilters,processedDateH2OIsotopes,sampleVolumeFilteredPOMRep1,sampleVolumeFilteredPOMRep2,fieldDataQF
"21409ac1-8a4f-429e-b439-4e810de29bbb","D13","WLOU","WLOU.AOS.S2","2018-06-07T16:44Z","WLOU.SS.20180607",,"Sample condition ok","WLOU.SS.20180607.H2O.1","A00000018492","Sample condition ok","WLOU.SS.20180607.POM.2","A00000018509","Sample condition ok","WLOU.SS.20180607.POM.1","A00000018508","2018-06-07T16:44Z","2018-06-07T16:40Z",750,750,
"44fa4d91-dfff-4fab-8231-56c25b9ee96e","D13","WLOU","WLOU.AOS.S2","2018-06-12T16:15Z","WLOU.SS.20180612",,"Sample condition ok","WLOU.SS.20180612.H2O.1","A00000018704","Sample condition ok","WLOU.SS.20180612.POM.2","A00000018822","Sample condition ok","WLOU.SS.20180612.POM.1","A00000018820","2018-06-12T17:24Z","2018-06-12T16:27Z",1000,1000,
"598c6fb3-2e47-46ad-a627-2bca2b99b5d7","D13","WLOU","WLOU.AOS.S2","2018-06-14T18:38Z","WLOU.SS.20180614",,"Sample condition ok","WLOU.SS.20180614.H2O.1","A00000018815","Sample condition ok","WLOU.SS.20180614.POM.2","A00000018800","Sample condition ok","WLOU.SS.20180614.POM.1","A00000018799","2018-06-14T19:25Z","2018-06-14T18:33Z",1250,1250,
"2794dd06-d8d1-4f09-afe5-66b26f35d83b","D13","WLOU","WLOU.AOS.S2","2018-06-18T16:14Z","WLOU.SS.20180618",,"Sample condition ok","WLOU.SS.20180618.H2O.1","A00000018752","Sample condition ok","WLOU.SS.20180618.POM.2","A00000018758","Sample condition ok","WLOU.SS.20180618.POM.1","A00000018759","2018-06-18T17:42Z","2018-06-18T17:25Z",1000,1000,
"02cc1943-0d37-4ac5-abd3-d40198cd8b48","D13","WLOU","WLOU.AOS.S2","2018-06-20T14:29Z","WLOU.SS.20180620",,"Sample condition ok","WLOU.SS.20180620.H2O.1","A00000018768","Sample condition ok","WLOU.SS.20180620.POM.2","A00000019222","Sample condition ok","WLOU.SS.20180620.POM.1","A00000019220","2018-06-21T04:52Z","2018-06-20T14:14Z",1500,1500,
"097197c9-0f19-4f31-997d-80e02ae762de","D13","WLOU","WLOU.AOS.S2","2018-06-27T18:35Z","WLOU.SS.20180627",,"Sample condition ok","WLOU.SS.20180627.H2O.1","A00000018877","Sample condition ok","WLOU.SS.20180627.POM.2","A00000018875","Sample condition ok","WLOU.SS.20180627.POM.1","A00000018874","2018-06-27T19:26Z","2018-06-27T18:20Z",1250,1250,
