uid,domainID,siteID,namedLocation,collectDate,sampleID,sampleCode,sampleCondition,laboratoryName,analysisDate,analyzedBy,sampleType,replicate,sampleVolumeFiltered,filterSize,percentFilterAnalyzed,analyte,analyteConcentration,plantAlgaeLabUnits,method,externalRemarks,externalLabDataQF
"85d9064b-9b18-4567-b56c-2c1425d3138e","D11","BLUE","BLUE.AOS.S2","2017-12-12","BLUE.SS.20171212.POM.1",,"condition ok","SIRFER Lab at University of Utah","2018-08-24","ElFtGy1kV49xqNP00HfxQA==","POM","1",550,25,100,"nitrogen",13.71,"microgramsPerLiter","Revesz & Coplen 2012a",,
"8b1a9973-781a-4d1e-9dd4-82fef4ae7843","D11","BLUE","BLUE.AOS.S2","2017-12-12","BLUE.SS.20171212.POM.1",,"condition ok","SIRFER Lab at University of Utah","2018-08-24","ElFtGy1kV49xqNP00HfxQA==","POM","1",550,25,100,"carbon",119.52,"microgramsPerLiter","Revesz & Coplen 2012a",,
"0f4bc76e-0d83-4713-83fc-12a4e3e1c41c","D11","BLUE","BLUE.AOS.S2","2017-12-12","BLUE.SS.20171212.POM.1",,"condition ok","SIRFER Lab at University of Utah","2018-08-24","ElFtGy1kV49xqNP00HfxQA==","POM","1",550,25,100,"d15N",4.63,"perMill","Revesz & Coplen 2012a",,
"4dd5fa97-9185-4c6a-a231-5994cf621fb1","D11","BLUE","BLUE.AOS.S2","2017-12-12","BLUE.SS.20171212.POM.1",,"condition ok","SIRFER Lab at University of Utah","2018-08-24","ElFtGy1kV49xqNP00HfxQA==","POM","1",550,25,100,"d13C",-27.28,"perMill","Revesz & Coplen 2012a",,
"65ffb12b-e47a-41e5-b104-216bf3de8c9a","D11","BLUE","BLUE.AOS.S2","2017-12-14","BLUE.SS.20171214.POM.1",,"condition ok","SIRFER Lab at University of Utah","2018-08-24","ElFtGy1kV49xqNP00HfxQA==","POM","1",500,25,100,"d15N",4.48,"perMill","Revesz & Coplen 2012a",,
"be3a1914-e1b7-4ada-8fdb-9d5ec4014af1","D11","BLUE","BLUE.AOS.S2","2017-12-14","BLUE.SS.20171214.POM.1",,"condition ok","SIRFER Lab at University of Utah","2018-08-24","ElFtGy1kV49xqNP00HfxQA==","POM","1",500,25,100,"nitrogen",14.59,"microgramsPerLiter","Revesz & Coplen 2012a",,
"c63aa266-a1a0-495e-9ccc-22db965ef63d","D11","BLUE","BLUE.AOS.S2","2017-12-14","BLUE.SS.20171214.POM.1",,"condition ok","SIRFER Lab at University of Utah","2018-08-24","ElFtGy1kV49xqNP00HfxQA==","POM","1",500,25,100,"carbon",134.19,"microgramsPerLiter","Revesz & Coplen 2012a",,
"67c1b79a-e79d-4ab7-827e-1fbc542251df","D11","BLUE","BLUE.AOS.S2","2017-12-14","BLUE.SS.20171214.POM.1",,"condition ok","SIRFER Lab at University of Utah","2018-08-24","ElFtGy1kV49xqNP00HfxQA==","POM","1",500,25,100,"d13C",-27.29,"perMill","Revesz & Coplen 2012a",,
