uid,domainID,siteID,namedLocation,collectDate,parentSampleID,parentSampleCode,isotopeH2OSampleCond,isotopeH2OSampleID,isotopeH2OSampleCode,isotopePOMRep2SampleCond,isotopePOMRep2SampleID,isotopePOMRep2SampleCode,isotopePOMSampleCond,isotopePOMSampleID,isotopePOMSampleCode,processedDateFilters,processedDateH2OIsotopes,sampleVolumeFilteredPOMRep1,sampleVolumeFilteredPOMRep2,fieldDataQF
"7839ea7f-99a0-42a3-80f3-552c07d0ef0c","D13","WLOU","WLOU.AOS.S2","2019-05-02T18:00Z","WLOU.SS.20190502",,"Sample condition ok","WLOU.SS.20190502.H2O.1","A00000089692","Sample condition ok","WLOU.SS.20190502.POM.2","A00000089710","Sample condition ok","WLOU.SS.20190502.POM.1","A00000089627",,"2019-05-02T18:05Z",650,650,
"0152e9f3-2107-4d8e-8e2b-916ddb6b6016","D13","WLOU","WLOU.AOS.S2","2019-05-07T19:17Z","WLOU.SS.20190507",,"Sample condition ok","WLOU.SS.20190507.H2O.1","A00000089686","Sample condition ok","WLOU.SS.20190507.POM.2","A00000089662","Sample condition ok","WLOU.SS.20190507.POM.1","A00000089661",,"2019-05-07T19:13Z",830,830,
"26829dce-be0e-4b00-b99f-93fb5a4da047","D13","WLOU","WLOU.AOS.S2","2019-05-16T15:45Z","WLOU.SS.20190516",,"Sample condition ok","WLOU.SS.20190516.H2O.1","A00000089879","Sample condition ok","WLOU.SS.20190516.POM.2","A00000089715","Sample condition ok","WLOU.SS.20190516.POM.1","A00000089714","2019-05-16T18:22Z","2019-05-16T15:45Z",1000,1000,
"2ac712de-c11f-4d66-9631-fb59eca7c151","D13","WLOU","WLOU.AOS.S2","2019-05-30T15:51Z","WLOU.SS.20190530",,"Sample condition ok","WLOU.SS.20190530.H2O.1","A00000090017","Sample condition ok","WLOU.SS.20190530.POM.2","A00000090617","Sample condition ok","WLOU.SS.20190530.POM.1","A00000090615","2019-05-30T16:45Z","2019-05-30T15:51Z",1000,1000,
