uid,domainID,siteID,namedLocation,decimalLatitude,decimalLongitude,coordinateUncertainty,additionalCoordUncertainty,elevation,elevationUncertainty,geodeticDatum,altLocation,altLatitude,altLongitude,altCoordinateUncertainty,altGeodeticDatum,collectDate,aquaticSiteType,samplingImpractical,parentSampleID,parentSampleCode,eventID,samplerType,dissolvedOxygen,dissolvedOxygenSaturation,specificConductance,waterTemp,asiSamplingProtocolVersion,lowerSegmentDepth,upperSegmentDepth,maxDepth,lakeSampleDepth1,lakeSampleDepth2,aCollectedBy,bCollectedBy,remarks,fieldDataQF
"1fd8b012-7d1c-4a4e-aca4-19e192b2422a","D13","WLOU","WLOU.AOS.S2",39.890669,-105.911314,0.1,10.0,2899.5,0.0,"WGS84",,,,,,"2019-05-02T18:00Z","stream",,"WLOU.SS.20190502",,"WLOU.20190502","Grab",9.00,90.20,90.90,1.10,"NEON.DOC.001886vF",,,,,,"0000-0001-7092-2850","0000-0003-3415-3067",,
"38f474ed-b4b1-43ae-8499-802511228cba","D13","WLOU","WLOU.AOS.S2",39.890669,-105.911314,0.1,10.0,2899.5,0.0,"WGS84",,,,,,"2019-05-07T19:17Z","stream",,"WLOU.SS.20190507",,"WLOU.20190507","Grab",9.49,96.40,93.80,1.40,"NEON.DOC.001886vF",,,,,,"0000-0002-7071-0855","0000-0003-3415-3067",,
"c6932089-c24c-4fb3-95ae-1e070abef456","D13","WLOU","WLOU.AOS.S2",39.890669,-105.911314,0.1,10.0,2899.5,0.0,"WGS84",,,,,,"2019-05-16T15:45Z","stream",,"WLOU.SS.20190516",,"WLOU.20190516","Grab",9.89,100.50,76.20,1.50,"NEON.DOC.001886vF",,,,,,"0000-0002-7071-0855","0000-0002-8159-7966",,
"671e24b3-c17a-4437-842c-6a44c2f96100","D13","WLOU","WLOU.AOS.S2",39.890669,-105.911314,0.1,10.0,2899.5,0.0,"WGS84",,,,,,"2019-05-30T15:51Z","stream",,"WLOU.SS.20190530",,"WLOU.20190530","Grab",9.47,95.70,83.30,1.50,"NEON.DOC.001886vF",,,,,,"0000-0002-7071-0855","0000-0003-3415-3067",,
