uid,domainID,siteID,namedLocation,collectDate,analysisDate,isotopeH2OSampleID,isotopeH2OSampleCode,instrumentSN,d18OWater,d2HWater,d18OsdWater,d2HsdWater,isotopeH2OExternalLabQF,laboratoryName,analyzedBy,sampleCondition,externalRemarks,externalLabDataQF
"b7afd8cb-12c9-4eb5-a071-d1e4cf429d5e","D13","WLOU","WLOU.AOS.S2","2019-05-02","2019-06-04","WLOU.SS.20190502.H2O.1","A00000089692","HIDS2052",-17.84,-132.30,0.08,0.46,0,"SIRFER Lab at University of Utah","OlSmE6RRn5QQH8tvUHmK5i/poYiQr6sd","OK",,
"0f30c40c-5309-467e-9f68-e8093c4b3f16","D13","WLOU","WLOU.AOS.S2","2019-05-07","2019-06-04","WLOU.SS.20190507.H2O.1","A00000089686","HIDS2052",-17.88,-132.81,0.04,0.27,0,"SIRFER Lab at University of Utah","OlSmE6RRn5QQH8tvUHmK5i/poYiQr6sd","OK",,
"ea22aec1-5e0c-458f-80d2-11b686534656","D13","WLOU","WLOU.AOS.S2","2019-05-16","2019-06-04","WLOU.SS.20190516.H2O.1","A00000089879","HIDS2052",-18.09,-134.26,0.08,0.55,0,"SIRFER Lab at University of Utah","OlSmE6RRn5QQH8tvUHmK5i/poYiQr6sd","OK",,
"ff431063-5f83-4a54-94fc-88c47fca703e","D13","WLOU","WLOU.AOS.S2","2019-05-30","2019-07-22","WLOU.SS.20190530.H2O.1","A00000090017","HIDS2052",-18.09,-133.56,0.07,0.14,0,"SIRFER Lab at University of Utah","OlSmE6RRn5QQH8tvUHmK5i/poYiQr6sd","OK",,
