uid,domainID,siteID,namedLocation,collectDate,sampleID,sampleCode,sampleCondition,laboratoryName,analysisDate,analyzedBy,sampleType,replicate,sampleVolumeFiltered,filterSize,percentFilterAnalyzed,analyte,analyteConcentration,plantAlgaeLabUnits,method,externalRemarks,externalLabDataQF
"fc72241a-75d2-44f9-bae0-c64cb0e7ebb7","D13","WLOU","WLOU.AOS.S2","2019-05-02","WLOU.SS.20190502.POM.1","A00000089627","condition ok","SIRFER Lab at University of Utah","2019-09-23","ElFtGy1kV49xqNP00HfxQA==","POM","1",650,25,100,"d13C",-26.53,"perMill","Revesz & Coplen 2012a",,
"074836a9-9cc3-40e4-8794-6e0eaeb3aa4a","D13","WLOU","WLOU.AOS.S2","2019-05-02","WLOU.SS.20190502.POM.1","A00000089627","condition ok","SIRFER Lab at University of Utah","2019-09-23","ElFtGy1kV49xqNP00HfxQA==","POM","1",650,25,100,"nitrogen",23.80,"microgramsPerLiter","Revesz & Coplen 2012a",,
"a83e3dd1-fe46-4d85-a8c5-264027aea107","D13","WLOU","WLOU.AOS.S2","2019-05-02","WLOU.SS.20190502.POM.1","A00000089627","condition ok","SIRFER Lab at University of Utah","2019-09-23","ElFtGy1kV49xqNP00HfxQA==","POM","1",650,25,100,"d15N",1.52,"perMill","Revesz & Coplen 2012a",,
"19dbd17f-5562-4f94-942c-fd72f12511a6","D13","WLOU","WLOU.AOS.S2","2019-05-02","WLOU.SS.20190502.POM.1","A00000089627","condition ok","SIRFER Lab at University of Utah","2019-09-23","ElFtGy1kV49xqNP00HfxQA==","POM","1",650,25,100,"carbon",444.82,"microgramsPerLiter","Revesz & Coplen 2012a",,
"04ca6b36-d75c-4ee4-858c-a136a6d6554a","D13","WLOU","WLOU.AOS.S2","2019-05-07","WLOU.SS.20190507.POM.1","A00000089661","condition ok","SIRFER Lab at University of Utah","2019-09-23","ElFtGy1kV49xqNP00HfxQA==","POM","1",830,25,100,"d13C",-26.34,"perMill","Revesz & Coplen 2012a",,
"0e31c07b-cf23-42c8-812f-c053d186a541","D13","WLOU","WLOU.AOS.S2","2019-05-07","WLOU.SS.20190507.POM.1","A00000089661","condition ok","SIRFER Lab at University of Utah","2019-09-23","ElFtGy1kV49xqNP00HfxQA==","POM","1",830,25,100,"nitrogen",7.45,"microgramsPerLiter","Revesz & Coplen 2012a",,
"7c8fd562-c024-4e68-9964-bff22cbb1bbe","D13","WLOU","WLOU.AOS.S2","2019-05-07","WLOU.SS.20190507.POM.1","A00000089661","condition ok","SIRFER Lab at University of Utah","2019-09-23","ElFtGy1kV49xqNP00HfxQA==","POM","1",830,25,100,"d15N",-1.62,"perMill","Revesz & Coplen 2012a",,
"f88c4f15-da6c-4d74-beb8-2d02ba4b3e95","D13","WLOU","WLOU.AOS.S2","2019-05-07","WLOU.SS.20190507.POM.1","A00000089661","condition ok","SIRFER Lab at University of Utah","2019-09-23","ElFtGy1kV49xqNP00HfxQA==","POM","1",830,25,100,"carbon",132.04,"microgramsPerLiter","Revesz & Coplen 2012a",,
"e95ea321-7b4f-4814-8adc-a548296830fe","D13","WLOU","WLOU.AOS.S2","2019-05-16","WLOU.SS.20190516.POM.1","A00000089714","condition ok","SIRFER Lab at University of Utah","2019-09-23","ElFtGy1kV49xqNP00HfxQA==","POM","1",1000,25,100,"carbon",404.30,"microgramsPerLiter","Revesz & Coplen 2012a",,
"ff6b6393-7729-47ae-9a40-3e5d6dde3f30","D13","WLOU","WLOU.AOS.S2","2019-05-16","WLOU.SS.20190516.POM.1","A00000089714","condition ok","SIRFER Lab at University of Utah","2019-09-23","ElFtGy1kV49xqNP00HfxQA==","POM","1",1000,25,100,"d13C",-26.61,"perMill","Revesz & Coplen 2012a",,
"13415fe9-7835-44c3-b461-5371f2cb2989","D13","WLOU","WLOU.AOS.S2","2019-05-16","WLOU.SS.20190516.POM.1","A00000089714","condition ok","SIRFER Lab at University of Utah","2019-09-23","ElFtGy1kV49xqNP00HfxQA==","POM","1",1000,25,100,"nitrogen",22.96,"microgramsPerLiter","Revesz & Coplen 2012a",,
"8a6ead9a-9fad-4721-bcf1-4eb536ebc41d","D13","WLOU","WLOU.AOS.S2","2019-05-16","WLOU.SS.20190516.POM.1","A00000089714","condition ok","SIRFER Lab at University of Utah","2019-09-23","ElFtGy1kV49xqNP00HfxQA==","POM","1",1000,25,100,"d15N",1.58,"perMill","Revesz & Coplen 2012a",,
"ae233288-22e5-461b-9ff7-3c597f79a220","D13","WLOU","WLOU.AOS.S2","2019-05-30","WLOU.SS.20190530.POM.1","A00000090615","condition ok","SIRFER Lab at University of Utah","2019-09-23","ElFtGy1kV49xqNP00HfxQA==","POM","1",1000,25,100,"d13C",-26.35,"perMill","Revesz & Coplen 2012a",,
"6d765b0a-415d-413e-8f80-43153ce66695","D13","WLOU","WLOU.AOS.S2","2019-05-30","WLOU.SS.20190530.POM.1","A00000090615","condition ok","SIRFER Lab at University of Utah","2019-09-23","ElFtGy1kV49xqNP00HfxQA==","POM","1",1000,25,100,"d15N",-0.20,"perMill","Revesz & Coplen 2012a",,
"415ea4ab-10a6-4b05-a078-2c1be8dbd08c","D13","WLOU","WLOU.AOS.S2","2019-05-30","WLOU.SS.20190530.POM.1","A00000090615","condition ok","SIRFER Lab at University of Utah","2019-09-23","ElFtGy1kV49xqNP00HfxQA==","POM","1",1000,25,100,"nitrogen",13.09,"microgramsPerLiter","Revesz & Coplen 2012a",,
"a96cc54d-6e14-4188-8708-75259a1b71e8","D13","WLOU","WLOU.AOS.S2","2019-05-30","WLOU.SS.20190530.POM.1","A00000090615","condition ok","SIRFER Lab at University of Utah","2019-09-23","ElFtGy1kV49xqNP00HfxQA==","POM","1",1000,25,100,"carbon",228.76,"microgramsPerLiter","Revesz & Coplen 2012a",,
