uid,domainID,siteID,namedLocation,collectDate,sampleID,sampleCode,sampleCondition,laboratoryName,analysisDate,analyzedBy,sampleType,replicate,sampleVolumeFiltered,filterSize,percentFilterAnalyzed,analyte,analyteConcentration,plantAlgaeLabUnits,method,externalRemarks,externalLabDataQF
"5e3bf881-b64a-4185-8188-4eba2cca8b10","D04","GUIL","GUIL.AOS.S2","2016-08-09","GUIL.SS.20160809.POM.2",,"other","Academy of Natural Sciences of Drexel University","2017-05-10","OKgcKejxXbI=","13C15N","2",,,100,"d13C",-25.67,"perMill",,"Samples delivered over the weekend - not processed until 9/26/16 - dry ice melted",
"a26cb753-830f-4d67-a8e9-924d0c6ce7ec","D04","GUIL","GUIL.AOS.S2","2016-08-09","GUIL.SS.20160809.POM.1",,"other","Academy of Natural Sciences of Drexel University","2017-03-28","OKgcKejxXbI=","13C15N","1",,,100,"d15N",3.33,"perMill",,"Samples delivered over the weekend - not processed until 9/26/16 - dry ice melted",
"8f389191-4998-4b23-8e75-b4f3f08bbdfb","D04","GUIL","GUIL.AOS.S2","2016-08-09","GUIL.SS.20160809.POM.1",,"other","Academy of Natural Sciences of Drexel University","2017-03-28","OKgcKejxXbI=","13C15N","1",,,100,"d13C",-25.87,"perMill",,"Samples delivered over the weekend - not processed until 9/26/16 - dry ice melted",
"57e2a2c3-b08e-4720-8056-bebd1ae57f58","D04","GUIL","GUIL.AOS.S2","2016-08-09","GUIL.SS.20160809.POM.2",,"other","Academy of Natural Sciences of Drexel University","2017-05-10","OKgcKejxXbI=","13C15N","2",,,100,"d15N",3.46,"perMill",,"Samples delivered over the weekend - not processed until 9/26/16 - dry ice melted",
"6606517a-0765-403a-a864-54b2db598936","D04","GUIL","GUIL.AOS.S2","2016-08-23","GUIL.SS.20160823.POM.2",,"other","Academy of Natural Sciences of Drexel University","2017-05-10","OKgcKejxXbI=","13C15N","2",,,100,"d13C",-28.59,"perMill",,"Samples delivered over the weekend - not processed until 9/26/16 - dry ice melted",
"55e5f235-3fae-4962-8890-0508cbbf632d","D04","GUIL","GUIL.AOS.S2","2016-08-23","GUIL.SS.20160823.POM.1",,"other","Academy of Natural Sciences of Drexel University","2017-03-28","OKgcKejxXbI=","13C15N","1",,,100,"d13C",-28.40,"perMill",,"Samples delivered over the weekend - not processed until 9/26/16 - dry ice melted",
"355ebb37-af79-485f-a9f5-40b7998d1364","D04","GUIL","GUIL.AOS.S2","2016-08-23","GUIL.SS.20160823.POM.1",,"other","Academy of Natural Sciences of Drexel University","2017-03-28","OKgcKejxXbI=","13C15N","1",,,100,"d15N",3.83,"perMill",,"Samples delivered over the weekend - not processed until 9/26/16 - dry ice melted",
"e45c7c3c-173a-4548-85fa-093a77d61f6c","D04","GUIL","GUIL.AOS.S2","2016-08-23","GUIL.SS.20160823.POM.2",,"other","Academy of Natural Sciences of Drexel University","2017-05-10","OKgcKejxXbI=","13C15N","2",,,100,"d15N",2.98,"perMill",,"Samples delivered over the weekend - not processed until 9/26/16 - dry ice melted",
