uid,domainID,siteID,namedLocation,collectDate,sampleID,sampleCode,sampleCondition,laboratoryName,analysisDate,analyzedBy,sampleType,replicate,sampleVolumeFiltered,filterSize,percentFilterAnalyzed,analyte,analyteConcentration,plantAlgaeLabUnits,method,externalRemarks,externalLabDataQF
"b2227656-4633-4f4e-a199-34c1436307ad","D10","ARIK","ARIK.AOS.S2","2015-10-06","ARIK.SS.20151006.POM.1",,"condition ok","Academy of Natural Sciences of Drexel University","2016-09-13","OKgcKejxXbI=","13C15N","1",100,25,100,"d13C",-26.52,"perMill",,,"Audit Failed. Document: A00036_DREX_AlgalChem_DocAudit_20170407.pdf & A00036_DREX_AlgalChem_VisitAudit_20170407.pdf"
"60ede101-4864-441c-a056-d44d47a97c9f","D10","ARIK","ARIK.AOS.S2","2015-10-06","ARIK.SS.20151006.POM.1",,"condition ok","Academy of Natural Sciences of Drexel University","2016-09-13","OKgcKejxXbI=","13C15N","1",,,100,"d15N",9.84,"perMill",,,
"085441f5-e3cb-42da-9852-0c7d3ea26256","D10","ARIK","ARIK.AOS.S2","2015-10-06","ARIK.SS.20151006.POM.2",,"condition ok","Academy of Natural Sciences of Drexel University","2017-01-17","OKgcKejxXbI=","13C15N","2",100,25,100,"d13C",-26.24,"perMill",,,"Audit Failed. Document: A00036_DREX_AlgalChem_DocAudit_20170407.pdf & A00036_DREX_AlgalChem_VisitAudit_20170407.pdf"
"f44857b4-d585-4d09-a526-6c7fcb621c30","D10","ARIK","ARIK.AOS.S2","2015-10-06","ARIK.SS.20151006.POM.1",,"condition ok","Academy of Natural Sciences of Drexel University","2016-09-13","OKgcKejxXbI=","13C15N","1",100,25,100,"d15N",9.84,"perMill",,,"Audit Failed. Document: A00036_DREX_AlgalChem_DocAudit_20170407.pdf & A00036_DREX_AlgalChem_VisitAudit_20170407.pdf"
"b12e3cea-9bb9-4937-9135-da33224732aa","D10","ARIK","ARIK.AOS.S2","2015-10-06","ARIK.SS.20151006.POM.2",,"condition ok","Academy of Natural Sciences of Drexel University","2017-01-17","OKgcKejxXbI=","13C15N","2",100,25,100,"d15N",7.21,"perMill",,,"Audit Failed. Document: A00036_DREX_AlgalChem_DocAudit_20170407.pdf & A00036_DREX_AlgalChem_VisitAudit_20170407.pdf"
"4f41ba4f-eeed-4726-aede-abeb9e56b30a","D10","ARIK","ARIK.AOS.S2","2015-10-06","ARIK.SS.20151006.POM.2",,"condition ok","Academy of Natural Sciences of Drexel University","2017-01-17","OKgcKejxXbI=","13C15N","2",,,100,"d13C",-26.24,"perMill",,,
"45e677ac-99b7-4da1-8aed-3ca4b65fbbea","D10","ARIK","ARIK.AOS.S2","2015-10-06","ARIK.SS.20151006.POM.2",,"condition ok","Academy of Natural Sciences of Drexel University","2017-01-17","OKgcKejxXbI=","13C15N","2",,,100,"d15N",7.21,"perMill",,,
"9aa2f8f5-1c99-4845-aa6c-7886242cc63f","D10","ARIK","ARIK.AOS.S2","2015-10-06","ARIK.SS.20151006.POM.1",,"condition ok","Academy of Natural Sciences of Drexel University","2016-09-13","OKgcKejxXbI=","13C15N","1",,,100,"d13C",-26.52,"perMill",,,
