uid,domainID,siteID,namedLocation,collectDate,sampleID,sampleCode,sampleCondition,laboratoryName,analysisDate,analyzedBy,sampleType,replicate,sampleVolumeFiltered,filterSize,percentFilterAnalyzed,analyte,analyteConcentration,plantAlgaeLabUnits,method,externalRemarks,externalLabDataQF
"3d7c1f5f-289c-445b-a87b-4c4438169f42","D10","ARIK","ARIK.AOS.S2","2019-04-02","ARIK.SS.20190402.POM.1","A00000089305","condition ok","SIRFER Lab at University of Utah","2019-09-23","ElFtGy1kV49xqNP00HfxQA==","POM","1",500,25,100,"d13C",-29.81,"perMill","Revesz & Coplen 2012a",,
"f101f453-2667-4851-83d8-885c21f439f3","D10","ARIK","ARIK.AOS.S2","2019-04-02","ARIK.SS.20190402.POM.1","A00000089305","condition ok","SIRFER Lab at University of Utah","2019-09-23","ElFtGy1kV49xqNP00HfxQA==","POM","1",500,25,100,"d15N",4.50,"perMill","Revesz & Coplen 2012a",,
"6bc896b7-e94a-4b3a-ba68-d5e757396f5d","D10","ARIK","ARIK.AOS.S2","2019-04-02","ARIK.SS.20190402.POM.1","A00000089305","condition ok","SIRFER Lab at University of Utah","2019-09-23","ElFtGy1kV49xqNP00HfxQA==","POM","1",500,25,100,"carbon",421.41,"microgramsPerLiter","Revesz & Coplen 2012a",,
"0da0fe77-2828-43bb-b471-b52a89b25fd2","D10","ARIK","ARIK.AOS.S2","2019-04-02","ARIK.SS.20190402.POM.1","A00000089305","condition ok","SIRFER Lab at University of Utah","2019-09-23","ElFtGy1kV49xqNP00HfxQA==","POM","1",500,25,100,"nitrogen",47.40,"microgramsPerLiter","Revesz & Coplen 2012a",,
"bb746eb7-09a8-474d-b87e-ac396ace66bd","D10","ARIK","ARIK.AOS.S2","2019-04-17","ARIK.SS.20190417.POM.1","A00000089631","condition ok","SIRFER Lab at University of Utah","2019-09-23","ElFtGy1kV49xqNP00HfxQA==","POM","1",460,25,100,"d15N",5.28,"perMill","Revesz & Coplen 2012a",,
"f6a06787-d004-4b9c-ac0b-a18a1e2fd2d0","D10","ARIK","ARIK.AOS.S2","2019-04-17","ARIK.SS.20190417.POM.1","A00000089631","condition ok","SIRFER Lab at University of Utah","2019-09-23","ElFtGy1kV49xqNP00HfxQA==","POM","1",460,25,100,"nitrogen",50.58,"microgramsPerLiter","Revesz & Coplen 2012a",,
"5bcd17d3-d403-4439-8bf3-0d08affbd605","D10","ARIK","ARIK.AOS.S2","2019-04-17","ARIK.SS.20190417.POM.1","A00000089631","condition ok","SIRFER Lab at University of Utah","2019-09-23","ElFtGy1kV49xqNP00HfxQA==","POM","1",460,25,100,"carbon",502.00,"microgramsPerLiter","Revesz & Coplen 2012a",,
"dfd47f16-1017-44f0-961d-3b4acccbc03d","D10","ARIK","ARIK.AOS.S2","2019-04-17","ARIK.SS.20190417.POM.1","A00000089631","condition ok","SIRFER Lab at University of Utah","2019-09-23","ElFtGy1kV49xqNP00HfxQA==","POM","1",460,25,100,"d13C",-28.72,"perMill","Revesz & Coplen 2012a",,
"9f27e40b-a364-4a29-80c8-5dce883370a2","D10","ARIK","ARIK.AOS.S2","2019-04-29","ARIK.SS.20190429.POM.1","A00000089286","condition ok","SIRFER Lab at University of Utah","2019-09-23","ElFtGy1kV49xqNP00HfxQA==","POM","1",650,25,100,"nitrogen",44.55,"microgramsPerLiter","Revesz & Coplen 2012a",,
"dea97464-00b3-499b-9c90-ec81fab21312","D10","ARIK","ARIK.AOS.S2","2019-04-29","ARIK.SS.20190429.POM.1","A00000089286","condition ok","SIRFER Lab at University of Utah","2019-09-23","ElFtGy1kV49xqNP00HfxQA==","POM","1",650,25,100,"d13C",-28.47,"perMill","Revesz & Coplen 2012a",,
"17c55186-9948-4c44-823a-d7dae8f151f1","D10","ARIK","ARIK.AOS.S2","2019-04-29","ARIK.SS.20190429.POM.1","A00000089286","condition ok","SIRFER Lab at University of Utah","2019-09-23","ElFtGy1kV49xqNP00HfxQA==","POM","1",650,25,100,"carbon",437.67,"microgramsPerLiter","Revesz & Coplen 2012a",,
"68c195b9-4f68-428b-9662-678a0085b911","D10","ARIK","ARIK.AOS.S2","2019-04-29","ARIK.SS.20190429.POM.1","A00000089286","condition ok","SIRFER Lab at University of Utah","2019-09-23","ElFtGy1kV49xqNP00HfxQA==","POM","1",650,25,100,"d15N",3.65,"perMill","Revesz & Coplen 2012a",,
