uid,domainID,siteID,namedLocation,decimalLatitude,decimalLongitude,coordinateUncertainty,additionalCoordUncertainty,elevation,elevationUncertainty,geodeticDatum,altLocation,altLatitude,altLongitude,altCoordinateUncertainty,altGeodeticDatum,collectDate,aquaticSiteType,samplingImpractical,parentSampleID,parentSampleCode,eventID,samplerType,dissolvedOxygen,dissolvedOxygenSaturation,specificConductance,waterTemp,asiSamplingProtocolVersion,lowerSegmentDepth,upperSegmentDepth,maxDepth,lakeSampleDepth1,lakeSampleDepth2,aCollectedBy,bCollectedBy,remarks,fieldDataQF
"01b22f5d-f060-46e9-8a29-2b128d75889a","D05","CRAM","CRAM.AOS.outlet",46.211998,-89.474475,0.1,10.0,511.8,0.1,"WGS84",,,,,,"2017-04-18T14:20Z","lake",,"CRAM.OT.20170418",,"CRAM.20170418","Kemmerer",13.00,107.00,16.00,7.00,"NEON.DOC.001886vE",1.3,0.0,1.3,0.5,,"jhudson@neoninc.org","hbeeler@neoninc.org",,
"b5aa91d0-5e30-4468-afe9-c5ef7fadcd5f","D05","CRAM","CRAM.AOS.inlet",46.207952,-89.476174,0.1,10.0,511.7,0.1,"WGS84",,,,,,"2017-04-18T14:55Z","lake",,"CRAM.IN.20170418",,"CRAM.20170418","Kemmerer",13.00,108.00,15.30,7.20,"NEON.DOC.001886vE",1.4,0.0,1.4,0.5,,"jhudson@neoninc.org","hbeeler@neoninc.org",,
"8f896173-4630-4e8a-a7bf-d721c9f3ed25","D05","CRAM","CRAM.AOS.buoy.c1",46.210592,-89.476861,10.0,10.0,509.0,10.0,"WGS84",,,,,,"2017-04-18T15:45Z","lake",,"CRAM.C1.20170418",,"CRAM.20170418","Kemmerer",12.80,106.00,15.30,7.20,"NEON.DOC.001886vE",5.5,0.0,16.5,0.5,,"jhudson@neoninc.org","hbeeler@neoninc.org",,
"5cf4d780-76ff-4747-9fc3-0d3f5e8f19e8","D05","CRAM","CRAM.AOS.buoy.c2",46.210592,-89.476861,10.0,10.0,509.0,10.0,"WGS84",,,,,,"2017-04-18T16:30Z","lake",,"CRAM.C2.20170418",,"CRAM.20170418","Kemmerer",9.58,73.90,16.10,4.40,"NEON.DOC.001886vE",16.5,7.0,16.5,9.5,14.3,"jhudson@neoninc.org","hbeeler@neoninc.org","Samples taken at 9.5 m and 14.25 m. In situ measurements taken at 12.0 m.",
