uid,domainID,siteID,namedLocation,collectDate,sampleID,sampleCode,sampleCondition,laboratoryName,analysisDate,analyzedBy,sampleType,replicate,sampleVolumeFiltered,filterSize,percentFilterAnalyzed,analyte,analyteConcentration,plantAlgaeLabUnits,method,externalRemarks,externalLabDataQF
"c54cee2c-bb55-414a-af5b-4a86b8bbcd87","D05","CRAM","CRAM.AOS.outlet","2017-04-18","CRAM.OT.20170418.POM.2",,"condition ok","SIRFER Lab at University of Utah","2018-03-27","ElFtGy1kV49xqNP00HfxQA==","POM","1",200,25,100,"carbon",600.87,"microgramsPerLiter","Revesz & Coplen 2012a",,
"8f807af4-e654-4f7b-8ae3-8e9708c99617","D05","CRAM","CRAM.AOS.outlet","2017-04-18","CRAM.OT.20170418.POM.2",,"condition ok","SIRFER Lab at University of Utah","2018-03-27","ElFtGy1kV49xqNP00HfxQA==","POM","1",200,25,100,"d15N",7.64,"perMill","Revesz & Coplen 2012a",,
"606d7ac0-6be0-48d4-adbb-eb942ea8e039","D05","CRAM","CRAM.AOS.outlet","2017-04-18","CRAM.OT.20170418.POM.2",,"condition ok","SIRFER Lab at University of Utah","2018-03-27","ElFtGy1kV49xqNP00HfxQA==","POM","1",200,25,100,"nitrogen",89.29,"microgramsPerLiter","Revesz & Coplen 2012a",,
"cb978370-b72c-4181-aa26-21286b482f76","D05","CRAM","CRAM.AOS.outlet","2017-04-18","CRAM.OT.20170418.POM.2",,"condition ok","SIRFER Lab at University of Utah","2018-03-27","ElFtGy1kV49xqNP00HfxQA==","POM","1",200,25,100,"d13C",-35.45,"perMill","Revesz & Coplen 2012a",,
"8736d244-362a-4170-a1d2-2fb519f1b11e","D05","CRAM","CRAM.AOS.inlet","2017-04-18","CRAM.IN.20170418.POM.2",,"condition ok","SIRFER Lab at University of Utah","2018-03-27","ElFtGy1kV49xqNP00HfxQA==","POM","1",200,25,100,"d13C",-35.67,"perMill","Revesz & Coplen 2012a",,
"18cbf4b4-b69f-42a1-9ef9-f5ba8512f665","D05","CRAM","CRAM.AOS.inlet","2017-04-18","CRAM.IN.20170418.POM.2",,"condition ok","SIRFER Lab at University of Utah","2018-03-27","ElFtGy1kV49xqNP00HfxQA==","POM","1",200,25,100,"nitrogen",97.48,"microgramsPerLiter","Revesz & Coplen 2012a",,
"b48a5fb2-2f6f-4319-ba5d-9baf0860b8fc","D05","CRAM","CRAM.AOS.inlet","2017-04-18","CRAM.IN.20170418.POM.2",,"condition ok","SIRFER Lab at University of Utah","2018-03-27","ElFtGy1kV49xqNP00HfxQA==","POM","1",200,25,100,"carbon",639.51,"microgramsPerLiter","Revesz & Coplen 2012a",,
"84a1075c-e33e-4d82-a916-0f5a9487da58","D05","CRAM","CRAM.AOS.inlet","2017-04-18","CRAM.IN.20170418.POM.2",,"condition ok","SIRFER Lab at University of Utah","2018-03-27","ElFtGy1kV49xqNP00HfxQA==","POM","1",200,25,100,"d15N",6.03,"perMill","Revesz & Coplen 2012a",,
"07f3e06c-1ecf-4fe3-988f-a351d417b99d","D05","CRAM","CRAM.AOS.buoy.c1","2017-04-18","CRAM.C1.20170418.POM.2",,"condition ok","SIRFER Lab at University of Utah","2018-03-27","ElFtGy1kV49xqNP00HfxQA==","POM","1",200,25,100,"nitrogen",92.55,"microgramsPerLiter","Revesz & Coplen 2012a",,
"1df8962b-6466-4419-8cd8-5461f00c1efb","D05","CRAM","CRAM.AOS.buoy.c1","2017-04-18","CRAM.C1.20170418.POM.2",,"condition ok","SIRFER Lab at University of Utah","2018-03-27","ElFtGy1kV49xqNP00HfxQA==","POM","1",200,25,100,"d15N",9.86,"perMill","Revesz & Coplen 2012a",,
"1e74f38b-4d3c-4f11-aeae-45319933179e","D05","CRAM","CRAM.AOS.buoy.c1","2017-04-18","CRAM.C1.20170418.POM.2",,"condition ok","SIRFER Lab at University of Utah","2018-03-27","ElFtGy1kV49xqNP00HfxQA==","POM","1",200,25,100,"d13C",-33.02,"perMill","Revesz & Coplen 2012a",,
"3058e6d0-1b21-44ce-a0eb-98d930652f24","D05","CRAM","CRAM.AOS.buoy.c1","2017-04-18","CRAM.C1.20170418.POM.2",,"condition ok","SIRFER Lab at University of Utah","2018-03-27","ElFtGy1kV49xqNP00HfxQA==","POM","1",200,25,100,"carbon",674.55,"microgramsPerLiter","Revesz & Coplen 2012a",,
"97e24b74-fcdf-4484-b805-5d87136b6eef","D05","CRAM","CRAM.AOS.buoy.c2","2017-04-18","CRAM.C2.20170418.POM.2",,"condition ok","SIRFER Lab at University of Utah","2018-03-27","ElFtGy1kV49xqNP00HfxQA==","POM","1",150,25,100,"nitrogen",55.52,"microgramsPerLiter","Revesz & Coplen 2012a",,
"e2d04ef9-44cc-4d18-97f1-f41d6be2e64e","D05","CRAM","CRAM.AOS.buoy.c2","2017-04-18","CRAM.C2.20170418.POM.2",,"condition ok","SIRFER Lab at University of Utah","2018-03-27","ElFtGy1kV49xqNP00HfxQA==","POM","1",150,25,100,"d13C",-29.87,"perMill","Revesz & Coplen 2012a",,
"bc4f87d2-2ddb-4647-bb23-06a9ef669f83","D05","CRAM","CRAM.AOS.buoy.c2","2017-04-18","CRAM.C2.20170418.POM.2",,"condition ok","SIRFER Lab at University of Utah","2018-03-27","ElFtGy1kV49xqNP00HfxQA==","POM","1",150,25,100,"d15N",15.82,"perMill","Revesz & Coplen 2012a",,
"22427905-760c-460d-839e-4da7bd308fe9","D05","CRAM","CRAM.AOS.buoy.c2","2017-04-18","CRAM.C2.20170418.POM.2",,"condition ok","SIRFER Lab at University of Utah","2018-03-27","ElFtGy1kV49xqNP00HfxQA==","POM","1",150,25,100,"carbon",689.66,"microgramsPerLiter","Revesz & Coplen 2012a",,
