uid,domainID,siteID,namedLocation,collectDate,parentSampleID,parentSampleCode,isotopeH2OSampleCond,isotopeH2OSampleID,isotopeH2OSampleCode,isotopePOMRep2SampleCond,isotopePOMRep2SampleID,isotopePOMRep2SampleCode,isotopePOMSampleCond,isotopePOMSampleID,isotopePOMSampleCode,processedDateFilters,processedDateH2OIsotopes,sampleVolumeFilteredPOMRep1,sampleVolumeFilteredPOMRep2,fieldDataQF
"517eb570-eb72-4005-bbd7-c489a8f5b4d5","D05","CRAM","CRAM.AOS.outlet","2017-04-18T14:20Z","CRAM.OT.20170418",,,"CRAM.OT.20170418.H2O.1",,,"CRAM.OT.20170418.POM.2",,,"CRAM.OT.20170418.POM.1",,"2017-04-18T19:27Z","2017-04-18T20:50Z",200,200,
"d4864a9d-dfc2-434d-b6c7-3ff3f83e0803","D05","CRAM","CRAM.AOS.inlet","2017-04-18T14:55Z","CRAM.IN.20170418",,,"CRAM.IN.20170418.H2O.1",,,"CRAM.IN.20170418.POM.2",,,"CRAM.IN.20170418.POM.1",,"2017-04-18T19:53Z","2017-04-18T21:00Z",200,200,
"88e6bd84-5709-4f26-adb3-97dc197e2529","D05","CRAM","CRAM.AOS.buoy.c1","2017-04-18T15:45Z","CRAM.C1.20170418",,,"CRAM.C1.20170418.H2O.1",,,"CRAM.C1.20170418.POM.2",,,"CRAM.C1.20170418.POM.1",,"2017-04-18T20:08Z","2017-04-18T21:10Z",200,200,
"db9f5928-4a31-478f-996f-8692de521d8d","D05","CRAM","CRAM.AOS.buoy.c2","2017-04-18T16:30Z","CRAM.C2.20170418",,,"CRAM.C2.20170418.H2O.1",,,"CRAM.C2.20170418.POM.2",,,"CRAM.C2.20170418.POM.1",,"2017-04-18T20:30Z","2017-04-18T21:20Z",150,150,
