uid,domainID,siteID,namedLocation,collectDate,sampleID,sampleCode,sampleCondition,laboratoryName,analysisDate,analyzedBy,sampleType,replicate,sampleVolumeFiltered,filterSize,percentFilterAnalyzed,analyte,analyteConcentration,plantAlgaeLabUnits,method,externalRemarks,externalLabDataQF
"8c39c1ea-ffd4-466f-a7ad-05188eb24b7f","D02","POSE","POSE.AOS.S2","2017-09-19","POSE.SS.20170919.POM.1",,"condition ok","SIRFER Lab at University of Utah","2018-03-09","ElFtGy1kV49xqNP00HfxQA==","POM","1",200,25,100,"d13C",-27.75,"perMill","Revesz & Coplen 2012a",,
"e84b8bc3-ce61-44ca-aa7d-bf8ffead5258","D02","POSE","POSE.AOS.S2","2017-09-19","POSE.SS.20170919.POM.1",,"condition ok","SIRFER Lab at University of Utah","2018-03-09","ElFtGy1kV49xqNP00HfxQA==","POM","1",200,25,100,"carbon",2420.87,"percent","Revesz & Coplen 2012a",,
"6a69e0af-67b1-439f-a9de-d174a502d45c","D02","POSE","POSE.AOS.S2","2017-09-19","POSE.SS.20170919.POM.1",,"condition ok","SIRFER Lab at University of Utah","2018-03-09","ElFtGy1kV49xqNP00HfxQA==","POM","1",200,25,100,"nitrogen",156.78,"percent","Revesz & Coplen 2012a",,
"23a8a6c6-8713-4a5e-a228-98784310e087","D02","POSE","POSE.AOS.S2","2017-09-19","POSE.SS.20170919.POM.1",,"condition ok","SIRFER Lab at University of Utah","2018-03-09","ElFtGy1kV49xqNP00HfxQA==","POM","1",200,25,100,"d15N",3.78,"perMill","Revesz & Coplen 2012a",,
