uid,domainID,siteID,namedLocation,collectDate,sampleID,sampleCode,sampleCondition,laboratoryName,analysisDate,analyzedBy,sampleType,replicate,sampleVolumeFiltered,filterSize,percentFilterAnalyzed,analyte,analyteConcentration,plantAlgaeLabUnits,method,externalRemarks,externalLabDataQF
"025db13a-e722-44c3-8778-fa0a2f887680","D18","TOOK","TOOK.AOS.buoy.c0","2018-04-03","TOOK.C0.20180403.POM.1","A00000030254","condition ok","SIRFER Lab at University of Utah","2018-07-16","ElFtGy1kV49xqNP00HfxQA==","POM","1",750,25,100,"d15N",9.78,"perMill","Revesz & Coplen 2012a",,
"eba19804-c05d-46ee-a9a8-74d717c25319","D18","TOOK","TOOK.AOS.buoy.c0","2018-04-03","TOOK.C0.20180403.POM.1","A00000030254","condition ok","SIRFER Lab at University of Utah","2018-07-16","ElFtGy1kV49xqNP00HfxQA==","POM","1",750,25,100,"d13C",-29.28,"perMill","Revesz & Coplen 2012a",,
"515f1808-189e-4cdd-ae2e-c0a809c08966","D18","TOOK","TOOK.AOS.buoy.c0","2018-04-03","TOOK.C0.20180403.POM.1","A00000030254","condition ok","SIRFER Lab at University of Utah","2018-07-16","ElFtGy1kV49xqNP00HfxQA==","POM","1",750,25,100,"nitrogen",25.29,"microgramsPerLiter","Revesz & Coplen 2012a",,
"d4ba9ded-f991-4702-a98f-b614f9d52b9b","D18","TOOK","TOOK.AOS.buoy.c0","2018-04-03","TOOK.C0.20180403.POM.1","A00000030254","condition ok","SIRFER Lab at University of Utah","2018-07-16","ElFtGy1kV49xqNP00HfxQA==","POM","1",750,25,100,"carbon",246.94,"microgramsPerLiter","Revesz & Coplen 2012a",,
