uid,domainID,siteID,namedLocation,collectDate,sampleID,sampleCode,sampleCondition,laboratoryName,analysisDate,analyzedBy,sampleType,replicate,sampleVolumeFiltered,filterSize,percentFilterAnalyzed,analyte,analyteConcentration,plantAlgaeLabUnits,method,externalRemarks,externalLabDataQF
"3cabef43-e846-4f10-b875-317c71d5f384","D01","HOPB","HOPB.AOS.S2","2016-11-10","HOPB.SS.20161110.POM.2",,"other","Academy of Natural Sciences of Drexel University","2017-06-14","OKgcKejxXbI=","13C15N","2",,,100,"d15N",,"perMill",,"sample too small for analysis",
"6e4696ec-fe40-45da-ab1e-0e27cf9f50af","D01","HOPB","HOPB.AOS.S2","2016-11-10","HOPB.SS.20161110.POM.2",,"condition ok","Academy of Natural Sciences of Drexel University","2017-06-14","OKgcKejxXbI=","13C15N","2",,,100,"d13C",-27.11,"perMill",,,
"b50db767-3b78-4d5c-b20b-4f5ca9f850e1","D01","HOPB","HOPB.AOS.S2","2016-11-10","HOPB.SS.20161110.POM.1",,"condition ok","Academy of Natural Sciences of Drexel University","2017-04-08","OKgcKejxXbI=","13C15N","1",,,100,"d13C",-27.73,"perMill",,,
"96209604-3aea-4b5f-a4bb-9f759d0e9a77","D01","HOPB","HOPB.AOS.S2","2016-11-10","HOPB.SS.20161110.POM.1",,"condition ok","Academy of Natural Sciences of Drexel University","2017-04-08","OKgcKejxXbI=","13C15N","1",,,100,"d15N",6.34,"perMill",,,
"fdaa50c5-9249-494b-8dcc-e15c27ee4557","D01","HOPB","HOPB.AOS.S2","2016-11-17","HOPB.SS.20161117.POM.1",,"other","Academy of Natural Sciences of Drexel University","2017-04-08","OKgcKejxXbI=","13C15N","1",,,100,"d15N",,"perMill",,"sample too small for analysis",
"9cabf70c-1cd0-411d-929d-93a6930f407f","D01","HOPB","HOPB.AOS.S2","2016-11-17","HOPB.SS.20161117.POM.2",,"condition ok","Academy of Natural Sciences of Drexel University","2017-06-14","OKgcKejxXbI=","13C15N","2",,,100,"d15N",6.76,"perMill",,,
"b3a5699d-ef63-4341-a6f6-aa5292f80195","D01","HOPB","HOPB.AOS.S2","2016-11-17","HOPB.SS.20161117.POM.2",,"condition ok","Academy of Natural Sciences of Drexel University","2017-06-14","OKgcKejxXbI=","13C15N","2",,,100,"d13C",-27.43,"perMill",,,
"e3ced6f1-5abf-479e-a861-f4f9c2fcd356","D01","HOPB","HOPB.AOS.S2","2016-11-17","HOPB.SS.20161117.POM.1",,"condition ok","Academy of Natural Sciences of Drexel University","2017-04-08","OKgcKejxXbI=","13C15N","1",,,100,"d13C",-26.30,"perMill",,,
