uid,domainID,siteID,namedLocation,collectDate,sampleID,sampleCode,sampleCondition,laboratoryName,analysisDate,analyzedBy,sampleType,replicate,sampleVolumeFiltered,filterSize,percentFilterAnalyzed,analyte,analyteConcentration,plantAlgaeLabUnits,method,externalRemarks,externalLabDataQF
"7a1d55b0-d6df-47bb-8a1a-8610b32d95e1","D10","ARIK","ARIK.AOS.S2","2019-06-05","ARIK.SS.20190605.POM.1","A00000089940","condition ok","SIRFER Lab at University of Utah","2019-09-23","ElFtGy1kV49xqNP00HfxQA==","POM","1",700,25,100,"d13C",-29.56,"perMill","Revesz & Coplen 2012a",,
"49fda81a-4959-4919-a186-5d6742eddd30","D10","ARIK","ARIK.AOS.S2","2019-06-05","ARIK.SS.20190605.POM.1","A00000089940","condition ok","SIRFER Lab at University of Utah","2019-09-23","ElFtGy1kV49xqNP00HfxQA==","POM","1",700,25,100,"nitrogen",30.54,"microgramsPerLiter","Revesz & Coplen 2012a",,
"2df87cc1-2bad-4069-9b4e-b4326654298f","D10","ARIK","ARIK.AOS.S2","2019-06-05","ARIK.SS.20190605.POM.1","A00000089940","condition ok","SIRFER Lab at University of Utah","2019-09-23","ElFtGy1kV49xqNP00HfxQA==","POM","1",700,25,100,"carbon",230.84,"microgramsPerLiter","Revesz & Coplen 2012a",,
"b61a7b97-e086-4421-ae97-6350be6af9bf","D10","ARIK","ARIK.AOS.S2","2019-06-05","ARIK.SS.20190605.POM.1","A00000089940","condition ok","SIRFER Lab at University of Utah","2019-09-23","ElFtGy1kV49xqNP00HfxQA==","POM","1",700,25,100,"d15N",4.37,"perMill","Revesz & Coplen 2012a",,
