uid,domainID,siteID,namedLocation,collectDate,sampleID,sampleCode,sampleCondition,laboratoryName,analysisDate,analyzedBy,sampleType,replicate,sampleVolumeFiltered,filterSize,percentFilterAnalyzed,analyte,analyteConcentration,plantAlgaeLabUnits,method,externalRemarks,externalLabDataQF
"c581dd63-8c40-4f24-b67f-2831b0c5ca64","D04","CUPE","CUPE.AOS.S2","2018-07-10","CUPE.SS.20180710.POM.1","A00000006608","condition ok","SIRFER Lab at University of Utah","2018-10-17","ElFtGy1kV49xqNP00HfxQA==","POM","1",2000,25,100,"carbon",58.75,"microgramsPerLiter","Revesz & Coplen 2012a",,
"d2ca4219-4020-45d3-95bb-166753d57335","D04","CUPE","CUPE.AOS.S2","2018-07-10","CUPE.SS.20180710.POM.1","A00000006608","condition ok","SIRFER Lab at University of Utah","2018-10-17","ElFtGy1kV49xqNP00HfxQA==","POM","1",2000,25,100,"d13C",-28.30,"perMill","Revesz & Coplen 2012a",,
"1fac8b9a-6d1f-43b3-b426-fe3fc72e48e6","D04","CUPE","CUPE.AOS.S2","2018-07-10","CUPE.SS.20180710.POM.1","A00000006608","condition ok","SIRFER Lab at University of Utah","2018-10-17","ElFtGy1kV49xqNP00HfxQA==","POM","1",2000,25,100,"d15N",0.07,"perMill","Revesz & Coplen 2012a",,
"f9f358e0-55c4-4dfb-852e-047ce65738c8","D04","CUPE","CUPE.AOS.S2","2018-07-10","CUPE.SS.20180710.POM.1","A00000006608","condition ok","SIRFER Lab at University of Utah","2018-10-17","ElFtGy1kV49xqNP00HfxQA==","POM","1",2000,25,100,"nitrogen",6.24,"microgramsPerLiter","Revesz & Coplen 2012a",,
"a7c2afe9-0fa5-4ec1-b40d-40c35a7b465d","D04","CUPE","CUPE.AOS.S2","2018-07-19","CUPE.SS.20180719.POM.1","A00000006529","condition ok","SIRFER Lab at University of Utah","2018-10-17","ElFtGy1kV49xqNP00HfxQA==","POM","1",1500,25,100,"carbon",77.54,"microgramsPerLiter","Revesz & Coplen 2012a",,
"732df6fa-0de8-4939-b41e-ec0d9b321946","D04","CUPE","CUPE.AOS.S2","2018-07-19","CUPE.SS.20180719.POM.1","A00000006529","condition ok","SIRFER Lab at University of Utah","2018-10-17","ElFtGy1kV49xqNP00HfxQA==","POM","1",1500,25,100,"d13C",-28.30,"perMill","Revesz & Coplen 2012a",,
"fe7d38eb-56ba-4fd7-9773-220a31c4507e","D04","CUPE","CUPE.AOS.S2","2018-07-19","CUPE.SS.20180719.POM.1","A00000006529","condition ok","SIRFER Lab at University of Utah","2018-10-17","ElFtGy1kV49xqNP00HfxQA==","POM","1",1500,25,100,"nitrogen",6.54,"microgramsPerLiter","Revesz & Coplen 2012a",,
"48406dae-05ab-45ab-aa69-f9357f483ca1","D04","CUPE","CUPE.AOS.S2","2018-07-19","CUPE.SS.20180719.POM.1","A00000006529","condition ok","SIRFER Lab at University of Utah","2018-10-17","ElFtGy1kV49xqNP00HfxQA==","POM","1",1500,25,100,"d15N",0.66,"perMill","Revesz & Coplen 2012a",,
