uid,domainID,siteID,namedLocation,collectDate,sampleID,sampleCode,sampleCondition,laboratoryName,analysisDate,analyzedBy,sampleType,replicate,sampleVolumeFiltered,filterSize,percentFilterAnalyzed,analyte,analyteConcentration,plantAlgaeLabUnits,method,externalRemarks,externalLabDataQF
"eb40f64f-86e6-4f56-85f1-0aa1c0be829c","D11","PRIN","PRIN.AOS.S2","2016-08-30","PRIN.SS.20160830.POM.1",,"condition ok","Academy of Natural Sciences of Drexel University","2017-03-03","OKgcKejxXbI=","13C15N","1",,,100,"d15N",6.76,"perMill",,,
"f0d8274f-f644-4c8f-9151-6e0c5bcdb962","D11","PRIN","PRIN.AOS.S2","2016-08-30","PRIN.SS.20160830.POM.2",,"other","Academy of Natural Sciences of Drexel University","2017-05-10","OKgcKejxXbI=","13C15N","2",,,100,"d15N",,"perMill",,"sample lost during analysis",
"094d4e7c-3927-4fd2-a203-dd33d9010bdd","D11","PRIN","PRIN.AOS.S2","2016-08-30","PRIN.SS.20160830.POM.2",,"other","Academy of Natural Sciences of Drexel University","2017-05-10","OKgcKejxXbI=","13C15N","2",,,100,"d13C",,"perMill",,"sample lost during analysis",
"82839935-c7f5-4b04-9377-6e79f78e03c5","D11","PRIN","PRIN.AOS.S2","2016-08-30","PRIN.SS.20160830.POM.1",,"condition ok","Academy of Natural Sciences of Drexel University","2017-03-03","OKgcKejxXbI=","13C15N","1",,,100,"d13C",-25.98,"perMill",,,
