uid,domainID,siteID,namedLocation,collectDate,sampleID,sampleCode,sampleCondition,laboratoryName,analysisDate,analyzedBy,sampleType,replicate,sampleVolumeFiltered,filterSize,percentFilterAnalyzed,analyte,analyteConcentration,plantAlgaeLabUnits,method,externalRemarks,externalLabDataQF
"8297e4c3-7d7a-4e8c-8a8f-66e7109aa707","D02","LEWI","LEWI.AOS.S2","2018-10-10","LEWI.SS.20181010.POM.1","A00000034679","condition ok","SIRFER Lab at University of Utah","2019-02-13","ElFtGy1kV49xqNP00HfxQA==","POM","1",400,25,100,"d13C",-25.07,"perMill","Revesz & Coplen 2012a",,
"bd92c3f8-1237-4745-beee-fd8ee47d3012","D02","LEWI","LEWI.AOS.S2","2018-10-10","LEWI.SS.20181010.POM.1","A00000034679","condition ok","SIRFER Lab at University of Utah","2019-02-13","ElFtGy1kV49xqNP00HfxQA==","POM","1",400,25,100,"d15N",7.30,"perMill","Revesz & Coplen 2012a",,
"b2a9722c-4d70-46d8-8475-0948dd936be6","D02","LEWI","LEWI.AOS.S2","2018-10-10","LEWI.SS.20181010.POM.1","A00000034679","condition ok","SIRFER Lab at University of Utah","2019-02-13","ElFtGy1kV49xqNP00HfxQA==","POM","1",400,25,100,"nitrogen",140.54,"microgramsPerLiter","Revesz & Coplen 2012a",,
"e03e2bcd-eea8-400b-88f2-c331d4286b82","D02","LEWI","LEWI.AOS.S2","2018-10-10","LEWI.SS.20181010.POM.1","A00000034679","condition ok","SIRFER Lab at University of Utah","2019-02-13","ElFtGy1kV49xqNP00HfxQA==","POM","1",400,25,100,"carbon",1659.42,"microgramsPerLiter","Revesz & Coplen 2012a",,
"7f6feb41-54d4-4d1a-9f02-60612a2fa086","D02","LEWI","LEWI.AOS.S2","2018-10-17","LEWI.SS.20181017.POM.1","A00000034685","condition ok","SIRFER Lab at University of Utah","2019-02-13","ElFtGy1kV49xqNP00HfxQA==","POM","1",400,25,100,"nitrogen",56.99,"microgramsPerLiter","Revesz & Coplen 2012a",,
"771475fc-d10d-4908-992d-ea99bd92e676","D02","LEWI","LEWI.AOS.S2","2018-10-17","LEWI.SS.20181017.POM.1","A00000034685","condition ok","SIRFER Lab at University of Utah","2019-02-13","ElFtGy1kV49xqNP00HfxQA==","POM","1",400,25,100,"d15N",0.64,"perMill","Revesz & Coplen 2012a",,
"790f442b-c46f-4e82-b8af-cda88de28128","D02","LEWI","LEWI.AOS.S2","2018-10-17","LEWI.SS.20181017.POM.1","A00000034685","condition ok","SIRFER Lab at University of Utah","2019-02-13","ElFtGy1kV49xqNP00HfxQA==","POM","1",400,25,100,"carbon",540.64,"microgramsPerLiter","Revesz & Coplen 2012a",,
"d21ca379-b441-438e-99c8-0b9f70938b7a","D02","LEWI","LEWI.AOS.S2","2018-10-17","LEWI.SS.20181017.POM.1","A00000034685","condition ok","SIRFER Lab at University of Utah","2019-02-13","ElFtGy1kV49xqNP00HfxQA==","POM","1",400,25,100,"d13C",-24.71,"perMill","Revesz & Coplen 2012a",,
