uid,domainID,siteID,namedLocation,collectDate,sampleID,sampleCode,sampleCondition,laboratoryName,analysisDate,analyzedBy,sampleType,replicate,sampleVolumeFiltered,filterSize,percentFilterAnalyzed,analyte,analyteConcentration,plantAlgaeLabUnits,method,externalRemarks,externalLabDataQF
"2ab6bb06-dd0e-455a-9618-52b4f268bdff","D05","CRAM","CRAM.AOS.buoy.c0","2017-02-07","CRAM.C0.20170207.POM.2",,"other","Academy of Natural Sciences of Drexel University","2017-06-14","OKgcKejxXbI=","13C15N","2",,,100,"d15N",,"perMill",,"analysis corrupted during run",
"fc58c2c9-5f0e-4925-9cac-0e14b616a378","D05","CRAM","CRAM.AOS.buoy.c0","2017-02-07","CRAM.C0.20170207.POM.1",,"other","Academy of Natural Sciences of Drexel University","2017-05-25","OKgcKejxXbI=","13C15N","1",,,100,"d15N",-0.07,"perMill",,"filter torn significant sample loss",
"aaea820d-74d2-4e26-ad57-462b80435370","D05","CRAM","CRAM.AOS.buoy.c0","2017-02-07","CRAM.C0.20170207.POM.1",,"other","Academy of Natural Sciences of Drexel University","2017-05-25","OKgcKejxXbI=","13C15N","1",,,100,"d13C",-33.09,"perMill",,"filter torn significant sample loss",
"6834f5ae-5041-44bb-bd16-0342642e9777","D05","CRAM","CRAM.AOS.buoy.c0","2017-02-07","CRAM.C0.20170207.POM.2",,"other","Academy of Natural Sciences of Drexel University","2017-06-14","OKgcKejxXbI=","13C15N","2",,,100,"d13C",,"perMill",,"analysis corrupted during run",
