uid,domainID,siteID,namedLocation,collectDate,sampleID,sampleCode,sampleCondition,laboratoryName,analysisDate,analyzedBy,sampleType,replicate,sampleVolumeFiltered,filterSize,percentFilterAnalyzed,analyte,analyteConcentration,plantAlgaeLabUnits,method,externalRemarks,externalLabDataQF
"5ce90552-ddfa-467e-bb8c-57780edc8d33","D06","KING","KING.AOS.S2","2016-08-02","KING.SS.20160802.POM.2",,"other","Academy of Natural Sciences of Drexel University","2017-05-10","OKgcKejxXbI=","13C15N","2",,,100,"d15N",,"perMill",,"sample corrupted during analysis",
"e9dc1cc7-7b43-4273-8d82-f0ca186fa56f","D06","KING","KING.AOS.S2","2016-08-02","KING.SS.20160802.POM.1",,"condition ok","Academy of Natural Sciences of Drexel University","2017-03-28","OKgcKejxXbI=","13C15N","1",,,100,"d13C",-24.54,"perMill",,,
"607612b4-c0ce-4f13-aa2c-413f3ad5d3aa","D06","KING","KING.AOS.S2","2016-08-02","KING.SS.20160802.POM.1",,"condition ok","Academy of Natural Sciences of Drexel University","2017-03-28","OKgcKejxXbI=","13C15N","1",,,100,"d15N",2.47,"perMill",,,
"171d812c-d856-401f-8c23-e331b6fa4838","D06","KING","KING.AOS.S2","2016-08-02","KING.SS.20160802.POM.2",,"other","Academy of Natural Sciences of Drexel University","2017-05-10","OKgcKejxXbI=","13C15N","2",,,100,"d13C",,"perMill",,"sample corrupted during analysis",
"d4f45378-1b0c-411a-8434-49ba484137bb","D06","KING","KING.AOS.S2","2016-08-09","KING.SS.20160809.POM.1",,"condition ok","Academy of Natural Sciences of Drexel University","2017-03-28","OKgcKejxXbI=","13C15N","1",1500,,100,"d13C",-29.25,"perMill",,,
"7ceb8f26-52e2-4d43-b152-8bb1032ee90b","D06","KING","KING.AOS.S2","2016-08-09","KING.SS.20160809.POM.1",,"condition ok","Academy of Natural Sciences of Drexel University","2017-03-28","OKgcKejxXbI=","13C15N","1",1500,,100,"d15N",2.38,"perMill",,,
"40112208-c267-4866-bbbe-1aaa7c56c9fa","D06","KING","KING.AOS.S2","2016-08-09","KING.SS.20160809.POM.2",,"other","Academy of Natural Sciences of Drexel University","2017-05-10","OKgcKejxXbI=","13C15N","2",1500,,100,"d13C",,"perMill",,"sample corrupted during analysis",
"8131ae51-e611-4454-9898-11750db4a1af","D06","KING","KING.AOS.S2","2016-08-09","KING.SS.20160809.POM.2",,"other","Academy of Natural Sciences of Drexel University","2017-05-10","OKgcKejxXbI=","13C15N","2",1500,,100,"d15N",,"perMill",,"sample corrupted during analysis",
