uid,domainID,siteID,namedLocation,collectDate,sampleID,sampleCode,sampleCondition,laboratoryName,analysisDate,analyzedBy,sampleType,replicate,sampleVolumeFiltered,filterSize,percentFilterAnalyzed,analyte,analyteConcentration,plantAlgaeLabUnits,method,externalRemarks,externalLabDataQF
"1a9de1f1-ba85-4ff8-b30f-59a314a02ab8","D13","WLOU","WLOU.AOS.S2","2019-03-12","WLOU.SS.20190312.POM.1","A00000051670","condition ok","SIRFER Lab at University of Utah","2019-04-26","ElFtGy1kV49xqNP00HfxQA==","POM","1",1000,25,100,"nitrogen",4.80,"microgramsPerLiter","Revesz & Coplen 2012a",,
"00f46b62-9774-420b-a161-12a9bfbe64ba","D13","WLOU","WLOU.AOS.S2","2019-03-12","WLOU.SS.20190312.POM.1","A00000051670","condition ok","SIRFER Lab at University of Utah","2019-04-26","ElFtGy1kV49xqNP00HfxQA==","POM","1",1000,25,100,"d13C",-25.55,"perMill","Revesz & Coplen 2012a",,
"edb0f27d-1657-4281-a91f-78fd1aad0d29","D13","WLOU","WLOU.AOS.S2","2019-03-12","WLOU.SS.20190312.POM.1","A00000051670","condition ok","SIRFER Lab at University of Utah","2019-04-26","ElFtGy1kV49xqNP00HfxQA==","POM","1",1000,25,100,"d15N",1.72,"perMill","Revesz & Coplen 2012a",,
"82ef5aee-9ac4-4588-a261-fe0e38ad9c6d","D13","WLOU","WLOU.AOS.S2","2019-03-12","WLOU.SS.20190312.POM.1","A00000051670","condition ok","SIRFER Lab at University of Utah","2019-04-26","ElFtGy1kV49xqNP00HfxQA==","POM","1",1000,25,100,"carbon",73.87,"microgramsPerLiter","Revesz & Coplen 2012a",,
"cec25474-1c69-4a1b-913f-25eec4d113b5","D13","WLOU","WLOU.AOS.S2","2019-03-18","WLOU.SS.20190318.POM.1","A00000051687","condition ok","SIRFER Lab at University of Utah","2019-04-26","ElFtGy1kV49xqNP00HfxQA==","POM","1",1000,25,100,"nitrogen",6.34,"microgramsPerLiter","Revesz & Coplen 2012a",,
"a809d4bd-fd24-4f40-8abf-479e19f41529","D13","WLOU","WLOU.AOS.S2","2019-03-18","WLOU.SS.20190318.POM.1","A00000051687","condition ok","SIRFER Lab at University of Utah","2019-04-26","ElFtGy1kV49xqNP00HfxQA==","POM","1",1000,25,100,"d15N",2.55,"perMill","Revesz & Coplen 2012a",,
"3f1baf78-3a2d-450c-95f6-ceaae22137f8","D13","WLOU","WLOU.AOS.S2","2019-03-18","WLOU.SS.20190318.POM.1","A00000051687","condition ok","SIRFER Lab at University of Utah","2019-04-26","ElFtGy1kV49xqNP00HfxQA==","POM","1",1000,25,100,"carbon",90.76,"microgramsPerLiter","Revesz & Coplen 2012a",,
"2e6b07ea-078e-4eb4-8878-dd1082017c6c","D13","WLOU","WLOU.AOS.S2","2019-03-18","WLOU.SS.20190318.POM.1","A00000051687","condition ok","SIRFER Lab at University of Utah","2019-04-26","ElFtGy1kV49xqNP00HfxQA==","POM","1",1000,25,100,"d13C",-25.00,"perMill","Revesz & Coplen 2012a",,
