uid,domainID,siteID,namedLocation,collectDate,sampleID,sampleCode,sampleCondition,laboratoryName,analysisDate,analyzedBy,sampleType,replicate,sampleVolumeFiltered,filterSize,percentFilterAnalyzed,analyte,analyteConcentration,plantAlgaeLabUnits,method,externalRemarks,externalLabDataQF
"ccea3886-6b68-486a-91a3-4bd3a85b0da8","D04","GUIL","GUIL.AOS.S2","2016-06-14","GUIL.SS.20160614.POM.1",,"condition ok","Academy of Natural Sciences of Drexel University","2017-01-24","OKgcKejxXbI=","13C15N","1",,,100,"d13C",-25.39,"perMill",,,
"dc4c439d-58a0-47d3-8d41-95874eead397","D04","GUIL","GUIL.AOS.S2","2016-06-14","GUIL.SS.20160614.POM.2",,"condition ok","Academy of Natural Sciences of Drexel University","2017-02-13","OKgcKejxXbI=","13C15N","2",,,100,"d13C",-25.67,"perMill",,,
"a8f6fe4c-fc6d-4132-acfe-ebe213b12c75","D04","GUIL","GUIL.AOS.S2","2016-06-14","GUIL.SS.20160614.POM.2",,"condition ok","Academy of Natural Sciences of Drexel University","2017-02-13","OKgcKejxXbI=","13C15N","2",,,100,"d15N",3.06,"perMill",,,
"394e8de5-fe4a-4103-8698-7cf2ab02e94d","D04","GUIL","GUIL.AOS.S2","2016-06-14","GUIL.SS.20160614.POM.1",,"condition ok","Academy of Natural Sciences of Drexel University","2017-01-24","OKgcKejxXbI=","13C15N","1",,,100,"d15N",6.27,"perMill",,,
"683d931b-92d9-4230-a06b-14bbeb1f3964","D04","GUIL","GUIL.AOS.S2","2016-06-21","GUIL.SS.20160621.POM.1",,"condition ok","Academy of Natural Sciences of Drexel University","2017-01-24","OKgcKejxXbI=","13C15N","1",,,100,"d15N",5.30,"perMill",,,
"c075e09c-d92a-40ea-ad1e-417d3734747c","D04","GUIL","GUIL.AOS.S2","2016-06-21","GUIL.SS.20160621.POM.2",,"condition ok","Academy of Natural Sciences of Drexel University","2017-02-13","OKgcKejxXbI=","13C15N","2",,,100,"d13C",-25.30,"perMill",,,
"856ce2e0-c90e-45e2-bb07-0e3fe0bbfe3d","D04","GUIL","GUIL.AOS.S2","2016-06-21","GUIL.SS.20160621.POM.1",,"condition ok","Academy of Natural Sciences of Drexel University","2017-01-24","OKgcKejxXbI=","13C15N","1",,,100,"d13C",-25.10,"perMill",,,
"89b6c927-0004-4a49-a838-4aee814202da","D04","GUIL","GUIL.AOS.S2","2016-06-21","GUIL.SS.20160621.POM.2",,"condition ok","Academy of Natural Sciences of Drexel University","2017-02-13","OKgcKejxXbI=","13C15N","2",,,100,"d15N",3.41,"perMill",,,
