uid,domainID,siteID,namedLocation,collectDate,sampleID,sampleCode,sampleCondition,laboratoryName,analysisDate,analyzedBy,sampleType,replicate,sampleVolumeFiltered,filterSize,percentFilterAnalyzed,analyte,analyteConcentration,plantAlgaeLabUnits,method,externalRemarks,externalLabDataQF
"0dcd1d6e-bcaa-4524-b92a-26e84981477f","D06","KING","KING.AOS.reach","2018-08-06","KING.RE.20180806.POM.1","A00000010115","condition ok","SIRFER Lab at University of Utah","2018-10-16","ElFtGy1kV49xqNP00HfxQA==","POM","1",25,25,100,"d13C",-31.80,"perMill","Revesz & Coplen 2012a",,
"7c75eb13-e794-4d91-95ec-b6dac5312bec","D06","KING","KING.AOS.reach","2018-08-06","KING.RE.20180806.POM.1","A00000010115","condition ok","SIRFER Lab at University of Utah","2018-10-16","ElFtGy1kV49xqNP00HfxQA==","POM","1",25,25,100,"carbon",12700.62,"microgramsPerLiter","Revesz & Coplen 2012a",,
"5281d036-c6f6-4f86-aa5a-13ae70fbd9de","D06","KING","KING.AOS.reach","2018-08-06","KING.RE.20180806.POM.1","A00000010115","condition ok","SIRFER Lab at University of Utah","2018-10-16","ElFtGy1kV49xqNP00HfxQA==","POM","1",25,25,100,"d15N",3.96,"perMill","Revesz & Coplen 2012a",,
"f628b5e4-9344-41dd-abbc-6cca04e5692e","D06","KING","KING.AOS.reach","2018-08-06","KING.RE.20180806.POM.1","A00000010115","condition ok","SIRFER Lab at University of Utah","2018-10-16","ElFtGy1kV49xqNP00HfxQA==","POM","1",25,25,100,"nitrogen",1687.86,"microgramsPerLiter","Revesz & Coplen 2012a",,
"2b529425-044b-4eeb-947e-78b8b1566a17","D06","KING","KING.AOS.reach","2018-08-08","KING.RE.20180808.POM.1",,"condition ok","SIRFER Lab at University of Utah","2018-10-16","ElFtGy1kV49xqNP00HfxQA==","POM","1",0,25,100,"d13C",-29.97,"perMill","Revesz & Coplen 2012a",,
"fc7db26a-9799-43f6-b1e1-2d1fa87ec5bb","D06","KING","KING.AOS.reach","2018-08-08","KING.RE.20180808.POM.1",,"condition ok","SIRFER Lab at University of Utah","2018-10-16","ElFtGy1kV49xqNP00HfxQA==","POM","1",0,25,100,"d15N",2.67,"perMill","Revesz & Coplen 2012a",,
"c4c1842e-61b5-4f91-8738-d09720e6e9dd","D06","KING","KING.AOS.reach","2018-08-08","KING.RE.20180808.POM.1",,"condition ok","SIRFER Lab at University of Utah","2018-10-16","ElFtGy1kV49xqNP00HfxQA==","POM","1",0,25,100,"carbon",,"microgramsPerLiter","Revesz & Coplen 2012a",,
"cb4d921c-6226-4204-9617-04841fc101ec","D06","KING","KING.AOS.reach","2018-08-08","KING.RE.20180808.POM.1",,"condition ok","SIRFER Lab at University of Utah","2018-10-16","ElFtGy1kV49xqNP00HfxQA==","POM","1",0,25,100,"nitrogen",,"microgramsPerLiter","Revesz & Coplen 2012a",,
