uid,domainID,siteID,namedLocation,collectDate,sampleID,sampleCode,sampleCondition,laboratoryName,analysisDate,analyzedBy,sampleType,replicate,sampleVolumeFiltered,filterSize,percentFilterAnalyzed,analyte,analyteConcentration,plantAlgaeLabUnits,method,externalRemarks,externalLabDataQF
"4e2e2c9a-d817-4298-a7a0-926d164920ff","D09","PRPO","PRPO.AOS.buoy.c0","2018-03-13","PRPO.C0.20180313.POM.1",,"condition ok","SIRFER Lab at University of Utah","2018-10-18","ElFtGy1kV49xqNP00HfxQA==","POM","1",40,25,100,"d15N",,"perMill","Revesz & Coplen 2012a",,
"52cd1f0b-92b5-45a5-9e98-534be7fe989b","D09","PRPO","PRPO.AOS.buoy.c0","2018-03-13","PRPO.C0.20180313.POM.1",,"condition ok","SIRFER Lab at University of Utah","2018-10-18","ElFtGy1kV49xqNP00HfxQA==","POM","1",40,25,100,"nitrogen",,"microgramsPerLiter","Revesz & Coplen 2012a",,
"12d17b8c-d0cd-4a20-97aa-d009ddda1d96","D09","PRPO","PRPO.AOS.buoy.c0","2018-03-13","PRPO.C0.20180313.POM.1",,"condition ok","SIRFER Lab at University of Utah","2018-10-18","ElFtGy1kV49xqNP00HfxQA==","POM","1",40,25,100,"d13C",,"perMill","Revesz & Coplen 2012a",,
"1833d6fa-fc9d-41d7-9d34-34a00a2724a0","D09","PRPO","PRPO.AOS.buoy.c0","2018-03-13","PRPO.C0.20180313.POM.1",,"condition ok","SIRFER Lab at University of Utah","2018-10-18","ElFtGy1kV49xqNP00HfxQA==","POM","1",40,25,100,"carbon",,"microgramsPerLiter","Revesz & Coplen 2012a",,
