uid,domainID,siteID,namedLocation,collectDate,sampleID,sampleCode,sampleCondition,laboratoryName,analysisDate,analyzedBy,sampleType,replicate,sampleVolumeFiltered,filterSize,percentFilterAnalyzed,analyte,analyteConcentration,plantAlgaeLabUnits,method,externalRemarks,externalLabDataQF
"607c94a7-9745-441f-9843-3be1f025449c","D07","LECO","LECO.AOS.S2","2016-08-08","LECO.SS.20160808.POM.2",,"other","Academy of Natural Sciences of Drexel University","2017-06-01","OKgcKejxXbI=","13C15N","2",,,100,"d13C",-28.12,"perMill",,"filter poorly folded, sample loss",
"a6b292f4-c607-4e7d-b9c4-ef2327fd8a16","D07","LECO","LECO.AOS.S2","2016-08-08","LECO.SS.20160808.POM.2",,"other","Academy of Natural Sciences of Drexel University","2017-06-01","OKgcKejxXbI=","13C15N","2",,,100,"d15N",1.63,"perMill",,"filter poorly folded, sample loss",
"c7068180-96dd-4e8c-87e5-ed8c1f15051f","D07","LECO","LECO.AOS.S2","2016-08-08","LECO.SS.20160808.POM.2",,"other","Academy of Natural Sciences of Drexel University","2017-06-01","OKgcKejxXbI=","13C15N","2",,,100,"d13C",-28.51,"perMill",,"filter poorly folded, sample loss",
"57e4e89c-2054-4400-a6f6-d49a4b196b87","D07","LECO","LECO.AOS.S2","2016-08-08","LECO.SS.20160808.POM.1",,"other","Academy of Natural Sciences of Drexel University","2017-02-23","OKgcKejxXbI=","13C15N","1",,,100,"d15N",3.51,"perMill",,"filter poorly folded, sample loss",
"3666dad5-0ef9-4576-b9a7-71691656bf26","D07","LECO","LECO.AOS.S2","2016-08-08","LECO.SS.20160808.POM.1",,"other","Academy of Natural Sciences of Drexel University","2017-02-23","OKgcKejxXbI=","13C15N","1",,,100,"d13C",-27.98,"perMill",,"filter poorly folded, sample loss",
"7a75974f-435c-4504-95f8-b6844aebfd3e","D07","LECO","LECO.AOS.S2","2016-08-08","LECO.SS.20160808.POM.1",,"other","Academy of Natural Sciences of Drexel University","2017-02-23","OKgcKejxXbI=","13C15N","1",,,100,"d15N",6.35,"perMill",,"filter poorly folded, sample loss",
"e74527ca-1e1b-41cb-a34f-8275eddef0aa","D07","LECO","LECO.AOS.S2","2016-08-08","LECO.SS.20160808.POM.1",,"other","Academy of Natural Sciences of Drexel University","2017-02-23","OKgcKejxXbI=","13C15N","1",,,100,"d13C",-27.89,"perMill",,"filter poorly folded, sample loss",
"e1a5e04b-46ab-435e-aa38-9de08bdfa50f","D07","LECO","LECO.AOS.S2","2016-08-08","LECO.SS.20160808.POM.2",,"other","Academy of Natural Sciences of Drexel University","2017-06-01","OKgcKejxXbI=","13C15N","2",,,100,"d15N",2.59,"perMill",,"filter poorly folded, sample loss",
