uid,domainID,siteID,namedLocation,collectDate,sampleID,sampleCode,sampleCondition,laboratoryName,analysisDate,analyzedBy,sampleType,replicate,sampleVolumeFiltered,filterSize,percentFilterAnalyzed,analyte,analyteConcentration,plantAlgaeLabUnits,method,externalRemarks,externalLabDataQF
"dcfb1a0d-659a-4773-86be-e1b3552087d4","D01","HOPB","HOPB.AOS.S2","2019-02-14","HOPB.SS.20190214.POM.1","A00000032931","condition ok","SIRFER Lab at University of Utah","2019-07-25","ElFtGy1kV49xqNP00HfxQA==","POM","1",950,25,100,"d15N",2.03,"perMill","Revesz & Coplen 2012a",,
"6c2e4794-28ec-48cb-8bbc-9f5a91e55807","D01","HOPB","HOPB.AOS.S2","2019-02-14","HOPB.SS.20190214.POM.1","A00000032931","condition ok","SIRFER Lab at University of Utah","2019-07-25","ElFtGy1kV49xqNP00HfxQA==","POM","1",950,25,100,"d13C",-28.43,"perMill","Revesz & Coplen 2012a",,
"1b81a2cd-e45f-491d-8492-c6993d402874","D01","HOPB","HOPB.AOS.S2","2019-02-14","HOPB.SS.20190214.POM.1","A00000032931","condition ok","SIRFER Lab at University of Utah","2019-07-25","ElFtGy1kV49xqNP00HfxQA==","POM","1",950,25,100,"nitrogen",22.26,"microgramsPerLiter","Revesz & Coplen 2012a",,
"e95c5621-87f1-4148-817d-a108d13f3608","D01","HOPB","HOPB.AOS.S2","2019-02-14","HOPB.SS.20190214.POM.1","A00000032931","condition ok","SIRFER Lab at University of Utah","2019-07-25","ElFtGy1kV49xqNP00HfxQA==","POM","1",950,25,100,"carbon",265.92,"microgramsPerLiter","Revesz & Coplen 2012a",,
"32f0fbf0-c11c-435d-8706-e3289bacbd29","D01","HOPB","HOPB.AOS.S2","2019-02-26","HOPB.SS.20190226.POM.1","A00000032913","condition ok","SIRFER Lab at University of Utah","2019-07-25","ElFtGy1kV49xqNP00HfxQA==","POM","1",750,25,100,"carbon",238.39,"microgramsPerLiter","Revesz & Coplen 2012a",,
"ca7cdcfe-a77c-47dc-89d7-3469a16f60e8","D01","HOPB","HOPB.AOS.S2","2019-02-26","HOPB.SS.20190226.POM.1","A00000032913","condition ok","SIRFER Lab at University of Utah","2019-07-25","ElFtGy1kV49xqNP00HfxQA==","POM","1",750,25,100,"d13C",-28.32,"perMill","Revesz & Coplen 2012a",,
"e7f0053e-dd3b-41e3-9ac9-d6aa86bac89a","D01","HOPB","HOPB.AOS.S2","2019-02-26","HOPB.SS.20190226.POM.1","A00000032913","condition ok","SIRFER Lab at University of Utah","2019-07-25","ElFtGy1kV49xqNP00HfxQA==","POM","1",750,25,100,"d15N",3.81,"perMill","Revesz & Coplen 2012a",,
"5c602d6c-99a5-4d14-866a-3465ea273663","D01","HOPB","HOPB.AOS.S2","2019-02-26","HOPB.SS.20190226.POM.1","A00000032913","condition ok","SIRFER Lab at University of Utah","2019-07-25","ElFtGy1kV49xqNP00HfxQA==","POM","1",750,25,100,"nitrogen",19.42,"microgramsPerLiter","Revesz & Coplen 2012a",,
