uid,domainID,siteID,namedLocation,collectDate,sampleID,sampleCode,sampleCondition,laboratoryName,analysisDate,analyzedBy,sampleType,replicate,sampleVolumeFiltered,filterSize,percentFilterAnalyzed,analyte,analyteConcentration,plantAlgaeLabUnits,method,externalRemarks,externalLabDataQF
"c9a2978e-adde-4e65-903b-cd04b846cecf","D09","PRPO","PRPO.AOS.buoy.c0","2017-02-14","PRPO.C0.20170214.POM.1",,"condition ok","SIRFER Lab at University of Utah","2018-03-14","ElFtGy1kV49xqNP00HfxQA==","POM","1",50,25,100,"nitrogen",645.30,"microgramsPerLiter","Revesz & Coplen 2012a",,
"96891e2c-5bb5-4172-a053-3ac6423387cd","D09","PRPO","PRPO.AOS.buoy.c0","2017-02-14","PRPO.C0.20170214.POM.1",,"condition ok","SIRFER Lab at University of Utah","2018-03-14","ElFtGy1kV49xqNP00HfxQA==","POM","1",50,25,100,"d15N",9.90,"perMill","Revesz & Coplen 2012a",,
"9c723008-185b-46ef-9fc6-686a269ff1ea","D09","PRPO","PRPO.AOS.buoy.c0","2017-02-14","PRPO.C0.20170214.POM.1",,"condition ok","SIRFER Lab at University of Utah","2018-03-14","ElFtGy1kV49xqNP00HfxQA==","POM","1",50,25,100,"d13C",-30.90,"perMill","Revesz & Coplen 2012a",,
"6daf9bc6-658c-42c0-a746-1018232bc588","D09","PRPO","PRPO.AOS.buoy.c0","2017-02-14","PRPO.C0.20170214.POM.1",,"condition ok","SIRFER Lab at University of Utah","2018-03-14","ElFtGy1kV49xqNP00HfxQA==","POM","1",50,25,100,"carbon",6376.70,"microgramsPerLiter","Revesz & Coplen 2012a",,
