uid,domainID,siteID,namedLocation,collectDate,sampleID,sampleCode,sampleCondition,laboratoryName,analysisDate,analyzedBy,sampleType,replicate,sampleVolumeFiltered,filterSize,percentFilterAnalyzed,analyte,analyteConcentration,plantAlgaeLabUnits,method,externalRemarks,externalLabDataQF
"91dc16b8-7aa4-4143-a47e-8bba46c428f8","D11","BLUE","BLUE.AOS.S2","2017-09-12","BLUE.SS.20170912.POM.1",,"condition ok","SIRFER Lab at University of Utah","2018-04-17","ElFtGy1kV49xqNP00HfxQA==","POM","1",600,25,100,"nitrogen",28.61,"microgramsPerLiter","Revesz & Coplen 2012a",,
"5f4868bb-4e3c-47ed-befb-070c8cbc3116","D11","BLUE","BLUE.AOS.S2","2017-09-12","BLUE.SS.20170912.POM.1",,"condition ok","SIRFER Lab at University of Utah","2018-04-17","ElFtGy1kV49xqNP00HfxQA==","POM","1",600,25,100,"carbon",219.89,"microgramsPerLiter","Revesz & Coplen 2012a",,
"fb0e7f27-ca6e-49d5-919d-f2a8def9fd61","D11","BLUE","BLUE.AOS.S2","2017-09-12","BLUE.SS.20170912.POM.1",,"condition ok","SIRFER Lab at University of Utah","2018-04-17","ElFtGy1kV49xqNP00HfxQA==","POM","1",600,25,100,"d15N",7.63,"perMill","Revesz & Coplen 2012a",,
"453742e9-a5f3-4822-a11b-9c2d8f2dc735","D11","BLUE","BLUE.AOS.S2","2017-09-12","BLUE.SS.20170912.POM.1",,"condition ok","SIRFER Lab at University of Utah","2018-04-17","ElFtGy1kV49xqNP00HfxQA==","POM","1",600,25,100,"d13C",-22.57,"perMill","Revesz & Coplen 2012a",,
