uid,domainID,siteID,namedLocation,collectDate,sampleID,sampleCode,sampleCondition,laboratoryName,analysisDate,analyzedBy,sampleType,replicate,sampleVolumeFiltered,filterSize,percentFilterAnalyzed,analyte,analyteConcentration,plantAlgaeLabUnits,method,externalRemarks,externalLabDataQF
"3971e0c5-5c13-436e-828d-ce4222539b96","D07","WALK","WALK.AOS.S2","2017-12-11","WALK.SS.20171211.POM.1",,"condition ok","SIRFER Lab at University of Utah","2018-08-31","ElFtGy1kV49xqNP00HfxQA==","POM","1",1000,25,100,"d13C",-28.45,"perMill","Revesz & Coplen 2012a",,
"c17ec0ef-357a-4ad6-a0a2-edcec6e98768","D07","WALK","WALK.AOS.S2","2017-12-11","WALK.SS.20171211.POM.1",,"condition ok","SIRFER Lab at University of Utah","2018-08-31","ElFtGy1kV49xqNP00HfxQA==","POM","1",1000,25,100,"carbon",196.80,"microgramsPerLiter","Revesz & Coplen 2012a",,
"acaab688-ba54-4b4f-84cf-346cd8fc0690","D07","WALK","WALK.AOS.S2","2017-12-11","WALK.SS.20171211.POM.1",,"condition ok","SIRFER Lab at University of Utah","2018-08-31","ElFtGy1kV49xqNP00HfxQA==","POM","1",1000,25,100,"d15N",3.20,"perMill","Revesz & Coplen 2012a",,
"70795b81-8b59-45f3-89f7-b34fb1a16e98","D07","WALK","WALK.AOS.S2","2017-12-11","WALK.SS.20171211.POM.1",,"condition ok","SIRFER Lab at University of Utah","2018-08-31","ElFtGy1kV49xqNP00HfxQA==","POM","1",1000,25,100,"nitrogen",13.98,"microgramsPerLiter","Revesz & Coplen 2012a",,
"a022dd60-71a5-4f78-81dc-7ce02ccebca0","D07","WALK","WALK.AOS.S2","2017-12-18","WALK.SS.20171218.POM.1",,"condition ok","SIRFER Lab at University of Utah","2018-08-31","ElFtGy1kV49xqNP00HfxQA==","POM","1",1000,25,100,"nitrogen",10.00,"microgramsPerLiter","Revesz & Coplen 2012a",,
"84d4ed70-1060-4202-af95-b0e5fdcd4b4a","D07","WALK","WALK.AOS.S2","2017-12-18","WALK.SS.20171218.POM.1",,"condition ok","SIRFER Lab at University of Utah","2018-08-31","ElFtGy1kV49xqNP00HfxQA==","POM","1",1000,25,100,"carbon",121.84,"microgramsPerLiter","Revesz & Coplen 2012a",,
"1981ed69-3ebb-4862-80c4-a1c17bfdd331","D07","WALK","WALK.AOS.S2","2017-12-18","WALK.SS.20171218.POM.1",,"condition ok","SIRFER Lab at University of Utah","2018-08-31","ElFtGy1kV49xqNP00HfxQA==","POM","1",1000,25,100,"d15N",2.57,"perMill","Revesz & Coplen 2012a",,
"e2576c36-6470-4275-abb2-ab6b5e6124f7","D07","WALK","WALK.AOS.S2","2017-12-18","WALK.SS.20171218.POM.1",,"condition ok","SIRFER Lab at University of Utah","2018-08-31","ElFtGy1kV49xqNP00HfxQA==","POM","1",1000,25,100,"d13C",-28.99,"perMill","Revesz & Coplen 2012a",,
