uid,domainID,siteID,namedLocation,collectDate,sampleID,sampleCode,sampleCondition,laboratoryName,analysisDate,analyzedBy,sampleType,replicate,sampleVolumeFiltered,filterSize,percentFilterAnalyzed,analyte,analyteConcentration,plantAlgaeLabUnits,method,externalRemarks,externalLabDataQF
"2f8b6d41-4da3-429a-a0ce-a32639d0195e","D08","TOMB","TOMB.AOS.buoy.c0","2017-05-02","TOMB.C0.20170502.POM.1",,"condition ok","SIRFER Lab at University of Utah","2018-03-26","ElFtGy1kV49xqNP00HfxQA==","POM","1",50,25,100,"d13C",-28.06,"perMill","Revesz & Coplen 2012a",,
"8d8dc843-a799-47f2-bf31-b542f6210155","D08","TOMB","TOMB.AOS.buoy.c0","2017-05-02","TOMB.C0.20170502.POM.1",,"condition ok","SIRFER Lab at University of Utah","2018-03-26","ElFtGy1kV49xqNP00HfxQA==","POM","1",50,25,100,"carbon",1466.25,"microgramsPerLiter","Revesz & Coplen 2012a",,
"a5ea070a-1364-48cc-b9f7-ebb0cfc100c5","D08","TOMB","TOMB.AOS.buoy.c0","2017-05-02","TOMB.C0.20170502.POM.1",,"condition ok","SIRFER Lab at University of Utah","2018-03-26","ElFtGy1kV49xqNP00HfxQA==","POM","1",50,25,100,"d15N",7.42,"perMill","Revesz & Coplen 2012a",,
"cbff26b5-6d61-41d9-bfce-60f7368594bd","D08","TOMB","TOMB.AOS.buoy.c0","2017-05-02","TOMB.C0.20170502.POM.1",,"condition ok","SIRFER Lab at University of Utah","2018-03-26","ElFtGy1kV49xqNP00HfxQA==","POM","1",50,25,100,"nitrogen",199.12,"microgramsPerLiter","Revesz & Coplen 2012a",,
"2ddc6393-0cb2-4391-8511-a12b16ccef37","D08","TOMB","TOMB.AOS.buoy.c0","2017-05-16","TOMB.C0.20170516.POM.1",,"condition ok","SIRFER Lab at University of Utah","2018-03-26","ElFtGy1kV49xqNP00HfxQA==","POM","1",100,25,100,"d13C",-27.46,"perMill","Revesz & Coplen 2012a",,
"5d12d38e-31aa-4bb6-ae81-2d9bbbde0aaa","D08","TOMB","TOMB.AOS.buoy.c0","2017-05-16","TOMB.C0.20170516.POM.1",,"condition ok","SIRFER Lab at University of Utah","2018-03-26","ElFtGy1kV49xqNP00HfxQA==","POM","1",100,25,100,"nitrogen",151.19,"microgramsPerLiter","Revesz & Coplen 2012a",,
"c80122ca-c390-4d69-a013-8dcb8480609b","D08","TOMB","TOMB.AOS.buoy.c0","2017-05-16","TOMB.C0.20170516.POM.1",,"condition ok","SIRFER Lab at University of Utah","2018-03-26","ElFtGy1kV49xqNP00HfxQA==","POM","1",100,25,100,"carbon",992.17,"microgramsPerLiter","Revesz & Coplen 2012a",,
"466b8467-ff1f-4ec4-a41e-aaba34bf68ef","D08","TOMB","TOMB.AOS.buoy.c0","2017-05-16","TOMB.C0.20170516.POM.1",,"condition ok","SIRFER Lab at University of Utah","2018-03-26","ElFtGy1kV49xqNP00HfxQA==","POM","1",100,25,100,"d15N",9.85,"perMill","Revesz & Coplen 2012a",,
"f2dc6a87-9629-4358-8240-6a8cda43c1f8","D08","TOMB","TOMB.AOS.buoy.c0","2017-05-23","TOMB.C0.20170523.POM.1",,"condition ok","SIRFER Lab at University of Utah","2018-03-26","ElFtGy1kV49xqNP00HfxQA==","POM","1",100,25,100,"carbon",845.92,"microgramsPerLiter","Revesz & Coplen 2012a",,
"f7c10726-6dca-4e36-986f-78db2847b79d","D08","TOMB","TOMB.AOS.buoy.c0","2017-05-23","TOMB.C0.20170523.POM.1",,"condition ok","SIRFER Lab at University of Utah","2018-03-26","ElFtGy1kV49xqNP00HfxQA==","POM","1",100,25,100,"d13C",-27.12,"perMill","Revesz & Coplen 2012a",,
"83f47f6f-c8d4-479a-a515-ff9b19676296","D08","TOMB","TOMB.AOS.buoy.c0","2017-05-23","TOMB.C0.20170523.POM.1",,"condition ok","SIRFER Lab at University of Utah","2018-03-26","ElFtGy1kV49xqNP00HfxQA==","POM","1",100,25,100,"d15N",9.63,"perMill","Revesz & Coplen 2012a",,
"c8f2864c-6128-4376-ac60-d4fafb6e7f90","D08","TOMB","TOMB.AOS.buoy.c0","2017-05-23","TOMB.C0.20170523.POM.1",,"condition ok","SIRFER Lab at University of Utah","2018-03-26","ElFtGy1kV49xqNP00HfxQA==","POM","1",100,25,100,"nitrogen",135.77,"microgramsPerLiter","Revesz & Coplen 2012a",,
