uid,domainID,siteID,namedLocation,collectDate,sampleID,sampleCode,sampleCondition,laboratoryName,analysisDate,analyzedBy,sampleType,replicate,sampleVolumeFiltered,filterSize,percentFilterAnalyzed,analyte,analyteConcentration,plantAlgaeLabUnits,method,externalRemarks,externalLabDataQF
"025af01b-c1b2-4e0b-a7bb-6bb128bca9cc","D03","BARC","BARC.AOS.buoy.c0","2017-03-09","BARC.C0.20170309.POM.2",,"condition ok","SIRFER Lab at University of Utah","2018-05-08","ElFtGy1kV49xqNP00HfxQA==","POM","1",,,100,"nitrogen",26.81,"microgramsPerLiter","Revesz & Coplen 2012a",,
"40343593-b09a-45fe-8431-e6d86f1cc763","D03","BARC","BARC.AOS.buoy.c0","2017-03-09","BARC.C0.20170309.POM.2",,"condition ok","SIRFER Lab at University of Utah","2018-05-08","ElFtGy1kV49xqNP00HfxQA==","POM","1",,,100,"carbon",237.31,"microgramsPerLiter","Revesz & Coplen 2012a",,
"27fd5c5c-73e8-4ef9-b711-cc5f2721e4c1","D03","BARC","BARC.AOS.buoy.c0","2017-03-09","BARC.C0.20170309.POM.2",,"condition ok","SIRFER Lab at University of Utah","2018-05-08","ElFtGy1kV49xqNP00HfxQA==","POM","1",,,100,"d13C",-28.59,"perMill","Revesz & Coplen 2012a",,
"970d3829-d04f-4930-82e9-7c844b9cc44a","D03","BARC","BARC.AOS.buoy.c0","2017-03-09","BARC.C0.20170309.POM.2",,"condition ok","SIRFER Lab at University of Utah","2018-05-08","ElFtGy1kV49xqNP00HfxQA==","POM","1",,,100,"d15N",9.14,"perMill","Revesz & Coplen 2012a",,
"67acbd8d-ce34-4b89-867c-3e07261aba71","D03","BARC","BARC.AOS.inlet","2017-03-09","BARC.IN.20170309.POM.2",,"condition ok","SIRFER Lab at University of Utah","2018-05-08","ElFtGy1kV49xqNP00HfxQA==","POM","1",,,100,"d13C",-28.59,"perMill","Revesz & Coplen 2012a",,
"be813b85-9113-46f7-8e8d-23b5cd323f34","D03","BARC","BARC.AOS.inlet","2017-03-09","BARC.IN.20170309.POM.2",,"condition ok","SIRFER Lab at University of Utah","2018-05-08","ElFtGy1kV49xqNP00HfxQA==","POM","1",,,100,"nitrogen",39.49,"microgramsPerLiter","Revesz & Coplen 2012a",,
"9133e604-04eb-46d8-9a42-050b7590f9a9","D03","BARC","BARC.AOS.inlet","2017-03-09","BARC.IN.20170309.POM.2",,"condition ok","SIRFER Lab at University of Utah","2018-05-08","ElFtGy1kV49xqNP00HfxQA==","POM","1",,,100,"carbon",372.51,"microgramsPerLiter","Revesz & Coplen 2012a",,
"586f8375-ab6b-400b-aa3c-eda1f14fd023","D03","BARC","BARC.AOS.inlet","2017-03-09","BARC.IN.20170309.POM.2",,"condition ok","SIRFER Lab at University of Utah","2018-05-08","ElFtGy1kV49xqNP00HfxQA==","POM","1",,,100,"d15N",7.92,"perMill","Revesz & Coplen 2012a",,
"23c06215-9b88-44ba-ac31-1a8620fb03c5","D03","BARC","BARC.AOS.outlet","2017-03-09","BARC.OT.20170309.POM.2",,"condition ok","SIRFER Lab at University of Utah","2018-05-08","ElFtGy1kV49xqNP00HfxQA==","POM","1",,,100,"d15N",7.44,"perMill","Revesz & Coplen 2012a",,
"634be7b6-831a-4a7d-8274-371eec6ba75e","D03","BARC","BARC.AOS.outlet","2017-03-09","BARC.OT.20170309.POM.2",,"condition ok","SIRFER Lab at University of Utah","2018-05-08","ElFtGy1kV49xqNP00HfxQA==","POM","1",,,100,"carbon",498.59,"microgramsPerLiter","Revesz & Coplen 2012a",,
"90a7f585-17e1-4f5f-b0b9-3d841c651603","D03","BARC","BARC.AOS.outlet","2017-03-09","BARC.OT.20170309.POM.2",,"condition ok","SIRFER Lab at University of Utah","2018-05-08","ElFtGy1kV49xqNP00HfxQA==","POM","1",,,100,"nitrogen",50.09,"microgramsPerLiter","Revesz & Coplen 2012a",,
"f220d22e-6ebe-4759-8bc5-48d8bb8553d0","D03","BARC","BARC.AOS.outlet","2017-03-09","BARC.OT.20170309.POM.2",,"condition ok","SIRFER Lab at University of Utah","2018-05-08","ElFtGy1kV49xqNP00HfxQA==","POM","1",,,100,"d13C",-29.02,"perMill","Revesz & Coplen 2012a",,
