uid,domainID,siteID,namedLocation,collectDate,sampleID,sampleCode,sampleCondition,laboratoryName,analysisDate,analyzedBy,sampleType,replicate,sampleVolumeFiltered,filterSize,percentFilterAnalyzed,analyte,analyteConcentration,plantAlgaeLabUnits,method,externalRemarks,externalLabDataQF
"aaa142b3-559c-4b29-9d38-df42f04cb269","D15","REDB","REDB.AOS.S2","2017-09-05","REDB.SS.20170905.POM.1",,"condition ok","SIRFER Lab at University of Utah","2018-07-05","ElFtGy1kV49xqNP00HfxQA==","POM","1",500,25,100,"d13C",-23.56,"perMill","Revesz & Coplen 2012a",,
"ba16cc91-9ddd-427f-bb77-f59242cb69f8","D15","REDB","REDB.AOS.S2","2017-09-05","REDB.SS.20170905.POM.1",,"condition ok","SIRFER Lab at University of Utah","2018-07-05","ElFtGy1kV49xqNP00HfxQA==","POM","1",500,25,100,"nitrogen",18.71,"microgramsPerLiter","Revesz & Coplen 2012a",,
"3e60b48a-d79d-4b33-97b8-2e12a7a5ca5e","D15","REDB","REDB.AOS.S2","2017-09-05","REDB.SS.20170905.POM.1",,"condition ok","SIRFER Lab at University of Utah","2018-07-05","ElFtGy1kV49xqNP00HfxQA==","POM","1",500,25,100,"carbon",298.43,"microgramsPerLiter","Revesz & Coplen 2012a",,
"80c0c115-4713-4b20-9111-5dc7f4a95aca","D15","REDB","REDB.AOS.S2","2017-09-05","REDB.SS.20170905.POM.1",,"condition ok","SIRFER Lab at University of Utah","2018-07-05","ElFtGy1kV49xqNP00HfxQA==","POM","1",500,25,100,"d15N",2.34,"perMill","Revesz & Coplen 2012a",,
"c4f9c32a-1f47-4f77-b00d-3bd2183474e1","D15","REDB","REDB.AOS.S2","2017-09-12","REDB.SS.20170912.POM.1",,"condition ok","SIRFER Lab at University of Utah","2018-07-05","ElFtGy1kV49xqNP00HfxQA==","POM","1",500,25,100,"nitrogen",15.59,"microgramsPerLiter","Revesz & Coplen 2012a",,
"f49f3815-7c28-4464-a78e-441571351643","D15","REDB","REDB.AOS.S2","2017-09-12","REDB.SS.20170912.POM.1",,"condition ok","SIRFER Lab at University of Utah","2018-07-05","ElFtGy1kV49xqNP00HfxQA==","POM","1",500,25,100,"d15N",3.52,"perMill","Revesz & Coplen 2012a",,
"6b712cbf-6216-4dff-8034-c9f9e0483061","D15","REDB","REDB.AOS.S2","2017-09-12","REDB.SS.20170912.POM.1",,"condition ok","SIRFER Lab at University of Utah","2018-07-05","ElFtGy1kV49xqNP00HfxQA==","POM","1",500,25,100,"carbon",263.78,"microgramsPerLiter","Revesz & Coplen 2012a",,
"2a6f510c-f2e1-4f29-a741-c7ae71e863b3","D15","REDB","REDB.AOS.S2","2017-09-12","REDB.SS.20170912.POM.1",,"condition ok","SIRFER Lab at University of Utah","2018-07-05","ElFtGy1kV49xqNP00HfxQA==","POM","1",500,25,100,"d13C",-23.40,"perMill","Revesz & Coplen 2012a",,
