uid,domainID,siteID,namedLocation,collectDate,sampleID,sampleCode,sampleCondition,laboratoryName,analysisDate,analyzedBy,sampleType,replicate,sampleVolumeFiltered,filterSize,percentFilterAnalyzed,analyte,analyteConcentration,plantAlgaeLabUnits,method,externalRemarks,externalLabDataQF
"333871a6-5636-4f27-9300-c17e5a27e030","D17","BIGC","BIGC.AOS.S2","2019-06-03","BIGC.SS.20190603.POM.1","A00000063999","condition ok","SIRFER Lab at University of Utah","2019-10-09","ElFtGy1kV49xqNP00HfxQA==","POM","1",1250,25,100,"d13C",-27.02,"perMill","Revesz & Coplen 2012a",,
"97e86a6f-6d54-4718-9d0e-10abe263d966","D17","BIGC","BIGC.AOS.S2","2019-06-03","BIGC.SS.20190603.POM.1","A00000063999","condition ok","SIRFER Lab at University of Utah","2019-10-09","ElFtGy1kV49xqNP00HfxQA==","POM","1",1250,25,100,"nitrogen",11.40,"microgramsPerLiter","Revesz & Coplen 2012a",,
"81d8641c-ab4b-4466-93e8-12f8f35dcce7","D17","BIGC","BIGC.AOS.S2","2019-06-03","BIGC.SS.20190603.POM.1","A00000063999","condition ok","SIRFER Lab at University of Utah","2019-10-09","ElFtGy1kV49xqNP00HfxQA==","POM","1",1250,25,100,"carbon",140.31,"microgramsPerLiter","Revesz & Coplen 2012a",,
"9d032314-c201-42a2-ab15-5a28363bd7a8","D17","BIGC","BIGC.AOS.S2","2019-06-03","BIGC.SS.20190603.POM.1","A00000063999","condition ok","SIRFER Lab at University of Utah","2019-10-09","ElFtGy1kV49xqNP00HfxQA==","POM","1",1250,25,100,"d15N",-3.81,"perMill","Revesz & Coplen 2012a",,
"e53e2e9b-a260-4af6-a0ce-9a809b306a00","D17","BIGC","BIGC.AOS.S2","2019-06-04","BIGC.SS.20190604.POM.1","A00000064006","condition ok","SIRFER Lab at University of Utah","2019-10-09","ElFtGy1kV49xqNP00HfxQA==","POM","1",1250,25,100,"carbon",198.33,"microgramsPerLiter","Revesz & Coplen 2012a",,
"fe9d2d9e-18ab-400e-bf9b-aa85aea7347b","D17","BIGC","BIGC.AOS.S2","2019-06-04","BIGC.SS.20190604.POM.1","A00000064006","condition ok","SIRFER Lab at University of Utah","2019-10-09","ElFtGy1kV49xqNP00HfxQA==","POM","1",1250,25,100,"d13C",-27.86,"perMill","Revesz & Coplen 2012a",,
"f6145b99-a53f-4887-b450-0771cedbc677","D17","BIGC","BIGC.AOS.S2","2019-06-04","BIGC.SS.20190604.POM.1","A00000064006","condition ok","SIRFER Lab at University of Utah","2019-10-09","ElFtGy1kV49xqNP00HfxQA==","POM","1",1250,25,100,"d15N",-0.34,"perMill","Revesz & Coplen 2012a",,
"61d705ab-4ded-441e-a97d-70be0dfdb519","D17","BIGC","BIGC.AOS.S2","2019-06-04","BIGC.SS.20190604.POM.1","A00000064006","condition ok","SIRFER Lab at University of Utah","2019-10-09","ElFtGy1kV49xqNP00HfxQA==","POM","1",1250,25,100,"nitrogen",16.78,"microgramsPerLiter","Revesz & Coplen 2012a",,
"edc28f2b-91a8-4b49-8fe0-b875410cee77","D17","BIGC","BIGC.AOS.S2","2019-06-12","BIGC.SS.20190612.POM.1","A00000063606","condition ok","SIRFER Lab at University of Utah","2019-10-09","ElFtGy1kV49xqNP00HfxQA==","POM","1",2000,25,100,"d15N",-2.62,"perMill","Revesz & Coplen 2012a",,
"50882f06-aa5d-40ca-947b-0d0ec9cc5b66","D17","BIGC","BIGC.AOS.S2","2019-06-12","BIGC.SS.20190612.POM.1","A00000063606","condition ok","SIRFER Lab at University of Utah","2019-10-09","ElFtGy1kV49xqNP00HfxQA==","POM","1",2000,25,100,"carbon",102.48,"microgramsPerLiter","Revesz & Coplen 2012a",,
"c5524754-1b98-4677-9112-50e7bdd9dd1c","D17","BIGC","BIGC.AOS.S2","2019-06-12","BIGC.SS.20190612.POM.1","A00000063606","condition ok","SIRFER Lab at University of Utah","2019-10-09","ElFtGy1kV49xqNP00HfxQA==","POM","1",2000,25,100,"d13C",-27.38,"perMill","Revesz & Coplen 2012a",,
"e4f9c0cd-2fda-4d9f-ad32-f19201a5dba5","D17","BIGC","BIGC.AOS.S2","2019-06-12","BIGC.SS.20190612.POM.1","A00000063606","condition ok","SIRFER Lab at University of Utah","2019-10-09","ElFtGy1kV49xqNP00HfxQA==","POM","1",2000,25,100,"nitrogen",5.19,"microgramsPerLiter","Revesz & Coplen 2012a",,
"3e31bb26-c6a9-4fb7-aa15-664b56d80bc0","D17","BIGC","BIGC.AOS.S2","2019-06-24","BIGC.SS.20190624.POM.1","A00000063938","condition ok","SIRFER Lab at University of Utah","2019-10-14","ElFtGy1kV49xqNP00HfxQA==","POM","1",1750,25,100,"carbon",131.15,"microgramsPerLiter","Revesz & Coplen 2012a",,
"6eccacee-5b34-40a0-8872-e936298ac8a0","D17","BIGC","BIGC.AOS.S2","2019-06-24","BIGC.SS.20190624.POM.1","A00000063938","condition ok","SIRFER Lab at University of Utah","2019-10-14","ElFtGy1kV49xqNP00HfxQA==","POM","1",1750,25,100,"d15N",3.73,"perMill","Revesz & Coplen 2012a",,
"fe144df4-7d9e-4bea-8f51-87031bd71398","D17","BIGC","BIGC.AOS.S2","2019-06-24","BIGC.SS.20190624.POM.1","A00000063938","condition ok","SIRFER Lab at University of Utah","2019-10-14","ElFtGy1kV49xqNP00HfxQA==","POM","1",1750,25,100,"d13C",-26.94,"perMill","Revesz & Coplen 2012a",,
"23966fce-b2e4-4829-8549-58336007132c","D17","BIGC","BIGC.AOS.S2","2019-06-24","BIGC.SS.20190624.POM.1","A00000063938","condition ok","SIRFER Lab at University of Utah","2019-10-14","ElFtGy1kV49xqNP00HfxQA==","POM","1",1750,25,100,"nitrogen",15.69,"microgramsPerLiter","Revesz & Coplen 2012a",,
