uid,domainID,siteID,namedLocation,collectDate,parentSampleID,parentSampleCode,isotopeH2OSampleCond,isotopeH2OSampleID,isotopeH2OSampleCode,isotopePOMRep2SampleCond,isotopePOMRep2SampleID,isotopePOMRep2SampleCode,isotopePOMSampleCond,isotopePOMSampleID,isotopePOMSampleCode,processedDateFilters,processedDateH2OIsotopes,sampleVolumeFilteredPOMRep1,sampleVolumeFilteredPOMRep2,fieldDataQF
"82c2f36b-71e3-436a-9411-350d43760430","D17","BIGC","BIGC.AOS.S2","2019-06-03T23:15Z","BIGC.SS.20190603",,"Sample condition ok","BIGC.SS.20190603.H2O.1","A00000062704","Sample condition ok","BIGC.SS.20190603.POM.2","A00000063998","Sample condition ok","BIGC.SS.20190603.POM.1","A00000063999","2019-06-04T00:00Z","2019-06-04T00:00Z",1250,1250,
"79b7dae5-162b-4552-8629-c855dc35c19a","D17","BIGC","BIGC.AOS.S2","2019-06-04T17:45Z","BIGC.SS.20190604",,"Sample condition ok","BIGC.SS.20190604.H2O.1","A00000064013","Sample condition ok","BIGC.SS.20190604.POM.2","A00000064007","Sample condition ok","BIGC.SS.20190604.POM.1","A00000064006",,"2019-06-05T06:20Z",1250,1250,
"ac361846-6be0-435e-a210-78545816e612","D17","BIGC","BIGC.AOS.S2","2019-06-12T17:25Z","BIGC.SS.20190612",,"Sample condition ok","BIGC.SS.20190612.H2O.1","A00000063559","Sample condition ok","BIGC.SS.20190612.POM.2","A00000063607","Sample condition ok","BIGC.SS.20190612.POM.1","A00000063606",,"2019-06-12T18:06Z",2000,2000,
"5b04c1ec-b371-4f67-85bd-ff358b95eec4","D17","BIGC","BIGC.AOS.S2","2019-06-24T18:02Z","BIGC.SS.20190624",,"Sample condition ok","BIGC.SS.20190624.H2O.1","A00000063935","Sample condition ok","BIGC.SS.20190624.POM.2","A00000063939","Sample condition ok","BIGC.SS.20190624.POM.1","A00000063938","2019-06-24T21:50Z","2019-06-24T18:25Z",1750,1750,
