uid,domainID,siteID,namedLocation,collectDate,analysisDate,isotopeH2OSampleID,isotopeH2OSampleCode,instrumentSN,d18OWater,d2HWater,d18OsdWater,d2HsdWater,isotopeH2OExternalLabQF,laboratoryName,analyzedBy,sampleCondition,externalRemarks,externalLabDataQF
"3145acdf-bade-4101-9f75-7ef9f1a69041","D17","BIGC","BIGC.AOS.S2","2019-06-03","2019-07-08","BIGC.SS.20190603.H2O.1","A00000062704","HIDS2052",-11.56,-78.53,0.04,0.16,0,"SIRFER Lab at University of Utah","OlSmE6RRn5QQH8tvUHmK5i/poYiQr6sd","OK",,
"0ad248c6-1a4b-459c-b6a6-062fa04d448e","D17","BIGC","BIGC.AOS.S2","2019-06-04","2019-07-08","BIGC.SS.20190604.H2O.1","A00000064013","HIDS2052",-11.58,-78.76,0.04,0.12,0,"SIRFER Lab at University of Utah","OlSmE6RRn5QQH8tvUHmK5i/poYiQr6sd","OK",,
"cd914a1b-32b1-45ce-b630-25166b8a95bf","D17","BIGC","BIGC.AOS.S2","2019-06-12","2019-09-27","BIGC.SS.20190612.H2O.1","A00000063559","HIDS2052",-11.40,-78.56,0.05,0.30,0,"SIRFER Lab at University of Utah","OlSmE6RRn5QQH8tvUHmK5i/poYiQr6sd","OK",,
"9ceb7f09-3316-4a94-b05c-02f8c9f9b4fa","D17","BIGC","BIGC.AOS.S2","2019-06-24","2019-09-27","BIGC.SS.20190624.H2O.1","A00000063935","HIDS2052",-11.51,-79.43,0.06,0.12,0,"SIRFER Lab at University of Utah","OlSmE6RRn5QQH8tvUHmK5i/poYiQr6sd","OK",,
