uid,domainID,siteID,namedLocation,decimalLatitude,decimalLongitude,coordinateUncertainty,additionalCoordUncertainty,elevation,elevationUncertainty,geodeticDatum,altLocation,altLatitude,altLongitude,altCoordinateUncertainty,altGeodeticDatum,collectDate,aquaticSiteType,samplingImpractical,parentSampleID,parentSampleCode,eventID,samplerType,dissolvedOxygen,dissolvedOxygenSaturation,specificConductance,waterTemp,asiSamplingProtocolVersion,lowerSegmentDepth,upperSegmentDepth,maxDepth,lakeSampleDepth1,lakeSampleDepth2,aCollectedBy,bCollectedBy,remarks,fieldDataQF
"12fb608f-9441-4430-8aae-b80a9c3c4376","D17","BIGC","BIGC.AOS.S2",37.057667,-119.255374,0.1,10.0,1128.1,0.0,"WGS84",,,,,,"2019-06-03T23:15Z","stream",,"BIGC.SS.20190603",,"BIGC.20190603","Grab",9.27,90.00,84.00,14.00,"NEON.DOC.001886vF",,,,,,"0000-0001-7332-328X","0000-0001-7332-328X",,
"9e8fe4fe-a4f8-4dda-baaa-120d4aab8a7e","D17","BIGC","BIGC.AOS.S2",37.057667,-119.255374,0.1,10.0,1128.1,0.0,"WGS84",,,,,,"2019-06-04T17:45Z","stream",,"BIGC.SS.20190604",,"BIGC.20190604","Grab",9.77,90.40,85.20,11.90,"NEON.DOC.001886vF",,,,,,"0000-0001-7332-328X","0000-0003-0738-4353",,
"fb014fe6-44f3-45e6-9576-271390642b78","D17","BIGC","BIGC.AOS.S2",37.057667,-119.255374,0.1,10.0,1128.1,0.0,"WGS84",,,,,,"2019-06-12T17:25Z","stream",,"BIGC.SS.20190612",,"BIGC.20190612","Grab",9.56,91.00,90.00,13.30,"NEON.DOC.001886vF",,,,,,"0000-0001-5002-5407","0000-0003-0738-4353",,
"4102397d-1953-4f5c-8abc-4baae78e8743","D17","BIGC","BIGC.AOS.S2",37.057667,-119.255374,0.1,10.0,1128.1,0.0,"WGS84",,,,,,"2019-06-24T18:02Z","stream",,"BIGC.SS.20190624",,"BIGC.20190624","Grab",9.78,94.30,98.80,13.70,"NEON.DOC.001886vF",,,,,,"0000-0001-5002-5407","0000-0001-5002-5407",,
