uid,domainID,siteID,namedLocation,collectDate,sampleID,sampleCode,sampleCondition,laboratoryName,analysisDate,analyzedBy,sampleType,replicate,sampleVolumeFiltered,filterSize,percentFilterAnalyzed,analyte,analyteConcentration,plantAlgaeLabUnits,method,externalRemarks,externalLabDataQF
"0d8e7214-e394-41aa-9984-fe1348654dd7","D03","FLNT","FLNT.AOS.buoy.c0","2018-04-11","FLNT.C0.20180411.POM.1","A00000003835","condition ok","SIRFER Lab at University of Utah","2018-07-31","ElFtGy1kV49xqNP00HfxQA==","POM","1",300,25,100,"nitrogen",37.17,"microgramsPerLiter","Revesz & Coplen 2012a",,
"18ea89d6-0a2b-4ec7-9fe7-3cd6d51839ca","D03","FLNT","FLNT.AOS.buoy.c0","2018-04-11","FLNT.C0.20180411.POM.1","A00000003835","condition ok","SIRFER Lab at University of Utah","2018-07-31","ElFtGy1kV49xqNP00HfxQA==","POM","1",300,25,100,"d15N",5.78,"perMill","Revesz & Coplen 2012a",,
"12e84dd0-7a8d-4793-8737-22dc2af58f53","D03","FLNT","FLNT.AOS.buoy.c0","2018-04-11","FLNT.C0.20180411.POM.1","A00000003835","condition ok","SIRFER Lab at University of Utah","2018-07-31","ElFtGy1kV49xqNP00HfxQA==","POM","1",300,25,100,"d13C",-28.58,"perMill","Revesz & Coplen 2012a",,
"1482bf82-7360-4db3-be84-763e738e1f82","D03","FLNT","FLNT.AOS.buoy.c0","2018-04-11","FLNT.C0.20180411.POM.1","A00000003835","condition ok","SIRFER Lab at University of Utah","2018-07-31","ElFtGy1kV49xqNP00HfxQA==","POM","1",300,25,100,"carbon",378.85,"microgramsPerLiter","Revesz & Coplen 2012a",,
"ef616e09-4738-4149-bcc9-5e9e90d648ea","D03","FLNT","FLNT.AOS.buoy.c0","2018-04-17","FLNT.C0.20180417.POM.1","A00000003861","condition ok","SIRFER Lab at University of Utah","2018-07-31","ElFtGy1kV49xqNP00HfxQA==","POM","1",350,25,100,"d13C",-28.30,"perMill","Revesz & Coplen 2012a",,
"ef4e376a-9c01-4d94-809d-867f0cae968e","D03","FLNT","FLNT.AOS.buoy.c0","2018-04-17","FLNT.C0.20180417.POM.1","A00000003861","condition ok","SIRFER Lab at University of Utah","2018-07-31","ElFtGy1kV49xqNP00HfxQA==","POM","1",350,25,100,"nitrogen",65.70,"microgramsPerLiter","Revesz & Coplen 2012a",,
"0c396bfa-66ca-4ec1-8925-68b06a456d00","D03","FLNT","FLNT.AOS.buoy.c0","2018-04-17","FLNT.C0.20180417.POM.1","A00000003861","condition ok","SIRFER Lab at University of Utah","2018-07-31","ElFtGy1kV49xqNP00HfxQA==","POM","1",350,25,100,"carbon",677.59,"microgramsPerLiter","Revesz & Coplen 2012a",,
"b682d73b-b069-4ce9-b0a6-76143f90a222","D03","FLNT","FLNT.AOS.buoy.c0","2018-04-17","FLNT.C0.20180417.POM.1","A00000003861","condition ok","SIRFER Lab at University of Utah","2018-07-31","ElFtGy1kV49xqNP00HfxQA==","POM","1",350,25,100,"d15N",5.91,"perMill","Revesz & Coplen 2012a",,
"4a9ff06a-110c-4d2d-bd12-e952ac1de2fe","D03","FLNT","FLNT.AOS.buoy.c0","2018-04-25","FLNT.C0.20180425.POM.1","A00000003836","condition ok","SIRFER Lab at University of Utah","2018-07-31","ElFtGy1kV49xqNP00HfxQA==","POM","1",400,25,100,"nitrogen",60.72,"microgramsPerLiter","Revesz & Coplen 2012a",,
"943bf567-13e6-4030-ad4b-b1c89aa699d6","D03","FLNT","FLNT.AOS.buoy.c0","2018-04-25","FLNT.C0.20180425.POM.1","A00000003836","condition ok","SIRFER Lab at University of Utah","2018-07-31","ElFtGy1kV49xqNP00HfxQA==","POM","1",400,25,100,"carbon",579.33,"microgramsPerLiter","Revesz & Coplen 2012a",,
"eef31582-1480-4221-8f58-b0a8554787ad","D03","FLNT","FLNT.AOS.buoy.c0","2018-04-25","FLNT.C0.20180425.POM.1","A00000003836","condition ok","SIRFER Lab at University of Utah","2018-07-31","ElFtGy1kV49xqNP00HfxQA==","POM","1",400,25,100,"d15N",1.25,"perMill","Revesz & Coplen 2012a",,
"ce31021c-c982-4061-b8a8-80d953f31491","D03","FLNT","FLNT.AOS.buoy.c0","2018-04-25","FLNT.C0.20180425.POM.1","A00000003836","condition ok","SIRFER Lab at University of Utah","2018-07-31","ElFtGy1kV49xqNP00HfxQA==","POM","1",400,25,100,"d13C",-28.96,"perMill","Revesz & Coplen 2012a",,
