uid,domainID,siteID,namedLocation,collectDate,sampleID,sampleCode,sampleCondition,laboratoryName,analysisDate,analyzedBy,sampleType,replicate,sampleVolumeFiltered,filterSize,percentFilterAnalyzed,analyte,analyteConcentration,plantAlgaeLabUnits,method,externalRemarks,externalLabDataQF
"cf87da89-14f3-4f03-a4bc-0d364af91cb6","D10","ARIK","ARIK.AOS.S2","2019-05-07","ARIK.SS.20190507.POM.1","A00000089288","condition ok","SIRFER Lab at University of Utah","2019-09-23","ElFtGy1kV49xqNP00HfxQA==","POM","1",400,25,100,"carbon",325.47,"microgramsPerLiter","Revesz & Coplen 2012a",,
"59668977-bacb-4326-adf0-556f8d32093b","D10","ARIK","ARIK.AOS.S2","2019-05-07","ARIK.SS.20190507.POM.1","A00000089288","condition ok","SIRFER Lab at University of Utah","2019-09-23","ElFtGy1kV49xqNP00HfxQA==","POM","1",400,25,100,"d13C",-29.60,"perMill","Revesz & Coplen 2012a",,
"6ab0fee7-ed17-47d7-8fe3-3396ec0c331c","D10","ARIK","ARIK.AOS.S2","2019-05-07","ARIK.SS.20190507.POM.1","A00000089288","condition ok","SIRFER Lab at University of Utah","2019-09-23","ElFtGy1kV49xqNP00HfxQA==","POM","1",400,25,100,"nitrogen",33.83,"microgramsPerLiter","Revesz & Coplen 2012a",,
"bc4d3009-aad9-42df-b3f4-e0fee531274a","D10","ARIK","ARIK.AOS.S2","2019-05-07","ARIK.SS.20190507.POM.1","A00000089288","condition ok","SIRFER Lab at University of Utah","2019-09-23","ElFtGy1kV49xqNP00HfxQA==","POM","1",400,25,100,"d15N",3.95,"perMill","Revesz & Coplen 2012a",,
"bae540a4-6f62-4c74-89f7-06c8a0e76016","D10","ARIK","ARIK.AOS.S2","2019-05-14","ARIK.SS.20190514.POM.1","A00000090032","condition ok","SIRFER Lab at University of Utah","2019-09-23","ElFtGy1kV49xqNP00HfxQA==","POM","1",650,25,100,"d15N",5.12,"perMill","Revesz & Coplen 2012a",,
"ce896419-dd42-4ba5-8cb2-70def595c8b8","D10","ARIK","ARIK.AOS.S2","2019-05-14","ARIK.SS.20190514.POM.1","A00000090032","condition ok","SIRFER Lab at University of Utah","2019-09-23","ElFtGy1kV49xqNP00HfxQA==","POM","1",650,25,100,"carbon",294.55,"microgramsPerLiter","Revesz & Coplen 2012a",,
"c2fa67fb-0cd7-40bf-9c16-f3a7d08c3b69","D10","ARIK","ARIK.AOS.S2","2019-05-14","ARIK.SS.20190514.POM.1","A00000090032","condition ok","SIRFER Lab at University of Utah","2019-09-23","ElFtGy1kV49xqNP00HfxQA==","POM","1",650,25,100,"d13C",-29.94,"perMill","Revesz & Coplen 2012a",,
"ad365935-e5b2-4efc-936a-885dfbdf50de","D10","ARIK","ARIK.AOS.S2","2019-05-14","ARIK.SS.20190514.POM.1","A00000090032","condition ok","SIRFER Lab at University of Utah","2019-09-23","ElFtGy1kV49xqNP00HfxQA==","POM","1",650,25,100,"nitrogen",33.99,"microgramsPerLiter","Revesz & Coplen 2012a",,
"d07fe850-f9fe-45fa-bf20-d503256acc38","D10","ARIK","ARIK.AOS.S2","2019-05-29","ARIK.SS.20190529.POM.1","A00000089657","condition ok","SIRFER Lab at University of Utah","2019-09-23","ElFtGy1kV49xqNP00HfxQA==","POM","1",750,25,100,"d13C",-29.89,"perMill","Revesz & Coplen 2012a",,
"68306c30-32d5-421d-bbbb-cb70a8ed22e2","D10","ARIK","ARIK.AOS.S2","2019-05-29","ARIK.SS.20190529.POM.1","A00000089657","condition ok","SIRFER Lab at University of Utah","2019-09-23","ElFtGy1kV49xqNP00HfxQA==","POM","1",750,25,100,"d15N",4.29,"perMill","Revesz & Coplen 2012a",,
"f9e7a8b1-5947-4ead-90ec-2dd68b8e7331","D10","ARIK","ARIK.AOS.S2","2019-05-29","ARIK.SS.20190529.POM.1","A00000089657","condition ok","SIRFER Lab at University of Utah","2019-09-23","ElFtGy1kV49xqNP00HfxQA==","POM","1",750,25,100,"carbon",178.46,"microgramsPerLiter","Revesz & Coplen 2012a",,
"061d8a9f-ca6b-4be0-b2e8-c08aa5fa6dd6","D10","ARIK","ARIK.AOS.S2","2019-05-29","ARIK.SS.20190529.POM.1","A00000089657","condition ok","SIRFER Lab at University of Utah","2019-09-23","ElFtGy1kV49xqNP00HfxQA==","POM","1",750,25,100,"nitrogen",21.12,"microgramsPerLiter","Revesz & Coplen 2012a",,
