uid,domainID,siteID,namedLocation,collectDate,sampleID,sampleCode,sampleCondition,laboratoryName,analysisDate,analyzedBy,sampleType,replicate,sampleVolumeFiltered,filterSize,percentFilterAnalyzed,analyte,analyteConcentration,plantAlgaeLabUnits,method,externalRemarks,externalLabDataQF
"b7b6ad2d-1878-46f0-839d-67b8be3d98fc","D04","GUIL","GUIL.AOS.S2","2017-11-13","GUIL.SS.20171113.POM.1",,"condition ok","SIRFER Lab at University of Utah","2018-08-10","ElFtGy1kV49xqNP00HfxQA==","POM","1",850,25,100,"d13C",-28.99,"perMill","Revesz & Coplen 2012a",,
"3e5784c7-dfdd-4d0c-a4a9-135b0c528f60","D04","GUIL","GUIL.AOS.S2","2017-11-13","GUIL.SS.20171113.POM.1",,"condition ok","SIRFER Lab at University of Utah","2018-08-10","ElFtGy1kV49xqNP00HfxQA==","POM","1",850,25,100,"d15N",-5.37,"perMill","Revesz & Coplen 2012a",,
"d4c7d8e6-e0b1-4fb4-8e2d-88ff1471ac07","D04","GUIL","GUIL.AOS.S2","2017-11-13","GUIL.SS.20171113.POM.1",,"condition ok","SIRFER Lab at University of Utah","2018-08-10","ElFtGy1kV49xqNP00HfxQA==","POM","1",850,25,100,"nitrogen",7.89,"microgramsPerLiter","Revesz & Coplen 2012a",,
"d2445f2d-6f75-4f12-ada5-7686ec8654c7","D04","GUIL","GUIL.AOS.S2","2017-11-13","GUIL.SS.20171113.POM.1",,"condition ok","SIRFER Lab at University of Utah","2018-08-10","ElFtGy1kV49xqNP00HfxQA==","POM","1",850,25,100,"carbon",77.36,"microgramsPerLiter","Revesz & Coplen 2012a",,
"3e623088-a236-4757-923b-38857b0a5605","D04","GUIL","GUIL.AOS.S2","2017-11-21","GUIL.SS.20171121.POM.1",,"condition ok","SIRFER Lab at University of Utah","2018-08-10","ElFtGy1kV49xqNP00HfxQA==","POM","1",750,25,100,"d15N",13.55,"perMill","Revesz & Coplen 2012a",,
"55c80473-91b7-42ca-9221-3910b466d95c","D04","GUIL","GUIL.AOS.S2","2017-11-21","GUIL.SS.20171121.POM.1",,"condition ok","SIRFER Lab at University of Utah","2018-08-10","ElFtGy1kV49xqNP00HfxQA==","POM","1",750,25,100,"nitrogen",9.70,"microgramsPerLiter","Revesz & Coplen 2012a",,
"d0c5110e-29d6-40ad-8e63-2322bbd2e711","D04","GUIL","GUIL.AOS.S2","2017-11-21","GUIL.SS.20171121.POM.1",,"condition ok","SIRFER Lab at University of Utah","2018-08-10","ElFtGy1kV49xqNP00HfxQA==","POM","1",750,25,100,"d13C",-27.50,"perMill","Revesz & Coplen 2012a",,
"f302d31e-6e7b-43d6-9b60-26ad1ea903b4","D04","GUIL","GUIL.AOS.S2","2017-11-21","GUIL.SS.20171121.POM.1",,"condition ok","SIRFER Lab at University of Utah","2018-08-10","ElFtGy1kV49xqNP00HfxQA==","POM","1",750,25,100,"carbon",84.22,"microgramsPerLiter","Revesz & Coplen 2012a",,
"85b2b1e8-999b-41db-b316-d7d39c9e942b","D04","GUIL","GUIL.AOS.S2","2017-11-28","GUIL.SS.20171128.POM.1",,"condition ok","SIRFER Lab at University of Utah","2018-08-10","ElFtGy1kV49xqNP00HfxQA==","POM","1",1000,25,100,"d15N",0.72,"perMill","Revesz & Coplen 2012a",,
"b1f05858-5018-4f9f-983b-f34d45dae908","D04","GUIL","GUIL.AOS.S2","2017-11-28","GUIL.SS.20171128.POM.1",,"condition ok","SIRFER Lab at University of Utah","2018-08-10","ElFtGy1kV49xqNP00HfxQA==","POM","1",1000,25,100,"d13C",-28.51,"perMill","Revesz & Coplen 2012a",,
"f41603eb-6634-4a6d-a9e6-9083f691c2eb","D04","GUIL","GUIL.AOS.S2","2017-11-28","GUIL.SS.20171128.POM.1",,"condition ok","SIRFER Lab at University of Utah","2018-08-10","ElFtGy1kV49xqNP00HfxQA==","POM","1",1000,25,100,"nitrogen",7.92,"microgramsPerLiter","Revesz & Coplen 2012a",,
"74ac0674-3a67-4f7e-ba0b-bcfdf16ec9b3","D04","GUIL","GUIL.AOS.S2","2017-11-28","GUIL.SS.20171128.POM.1",,"condition ok","SIRFER Lab at University of Utah","2018-08-10","ElFtGy1kV49xqNP00HfxQA==","POM","1",1000,25,100,"carbon",68.27,"microgramsPerLiter","Revesz & Coplen 2012a",,
