uid,domainID,siteID,namedLocation,collectDate,sampleID,sampleCode,sampleCondition,laboratoryName,analysisDate,analyzedBy,sampleType,replicate,sampleVolumeFiltered,filterSize,percentFilterAnalyzed,analyte,analyteConcentration,plantAlgaeLabUnits,method,externalRemarks,externalLabDataQF
"3bf1af12-6012-47aa-97d2-22f309316671","D08","MAYF","MAYF.AOS.S2","2018-06-05","MAYF.SS.20180605.POM.1","A00000015349","condition ok","SIRFER Lab at University of Utah","2018-08-30","ElFtGy1kV49xqNP00HfxQA==","POM","1",50,25,100,"nitrogen",618.16,"microgramsPerLiter","Revesz & Coplen 2012a",,
"e5abdd66-4758-48f2-b477-018b86b53da5","D08","MAYF","MAYF.AOS.S2","2018-06-05","MAYF.SS.20180605.POM.1","A00000015349","condition ok","SIRFER Lab at University of Utah","2018-08-30","ElFtGy1kV49xqNP00HfxQA==","POM","1",50,25,100,"d15N",4.21,"perMill","Revesz & Coplen 2012a",,
"71fd1875-a930-42cf-b2fb-7d1700e95957","D08","MAYF","MAYF.AOS.S2","2018-06-05","MAYF.SS.20180605.POM.1","A00000015349","condition ok","SIRFER Lab at University of Utah","2018-08-30","ElFtGy1kV49xqNP00HfxQA==","POM","1",50,25,100,"d13C",-26.74,"perMill","Revesz & Coplen 2012a",,
"c5334e2b-7752-494f-a562-2cdc869e79e9","D08","MAYF","MAYF.AOS.S2","2018-06-05","MAYF.SS.20180605.POM.1","A00000015349","condition ok","SIRFER Lab at University of Utah","2018-08-30","ElFtGy1kV49xqNP00HfxQA==","POM","1",50,25,100,"carbon",5363.81,"microgramsPerLiter","Revesz & Coplen 2012a",,
"24a8f82c-5cf5-415c-ba0b-a7efb9f0f746","D08","MAYF","MAYF.AOS.S2","2018-06-11","MAYF.SS.20180611.POM.1","A00000015351","condition ok","SIRFER Lab at University of Utah","2018-08-30","ElFtGy1kV49xqNP00HfxQA==","POM","1",50,25,100,"carbon",3462.68,"microgramsPerLiter","Revesz & Coplen 2012a",,
"b3cad5ee-299e-4faf-8670-bf81fe252be5","D08","MAYF","MAYF.AOS.S2","2018-06-11","MAYF.SS.20180611.POM.1","A00000015351","condition ok","SIRFER Lab at University of Utah","2018-08-30","ElFtGy1kV49xqNP00HfxQA==","POM","1",50,25,100,"d15N",7.69,"perMill","Revesz & Coplen 2012a",,
"daaf6f1f-844d-4d1d-a0b0-a2e4aef7f305","D08","MAYF","MAYF.AOS.S2","2018-06-11","MAYF.SS.20180611.POM.1","A00000015351","condition ok","SIRFER Lab at University of Utah","2018-08-30","ElFtGy1kV49xqNP00HfxQA==","POM","1",50,25,100,"d13C",-28.76,"perMill","Revesz & Coplen 2012a",,
"1912f53b-a754-4de7-93cf-3cc6f5a8a9b1","D08","MAYF","MAYF.AOS.S2","2018-06-11","MAYF.SS.20180611.POM.1","A00000015351","condition ok","SIRFER Lab at University of Utah","2018-08-30","ElFtGy1kV49xqNP00HfxQA==","POM","1",50,25,100,"nitrogen",449.26,"microgramsPerLiter","Revesz & Coplen 2012a",,
