uid,domainID,siteID,namedLocation,collectDate,sampleID,sampleCode,sampleCondition,laboratoryName,analysisDate,analyzedBy,sampleType,replicate,sampleVolumeFiltered,filterSize,percentFilterAnalyzed,analyte,analyteConcentration,plantAlgaeLabUnits,method,externalRemarks,externalLabDataQF
"2a6f3774-d08c-4f71-93a4-e3d94ed11e66","D09","PRLA","PRLA.AOS.buoy.c0","2019-02-11","PRLA.C0.20190211.POM.1","A00000049927","condition ok","SIRFER Lab at University of Utah","2019-04-18","ElFtGy1kV49xqNP00HfxQA==","POM","1",70,25,100,"carbon",3850.60,"microgramsPerLiter","Revesz & Coplen 2012a",,
"50c6e074-ed5a-4448-873b-3383b4ba74d7","D09","PRLA","PRLA.AOS.buoy.c0","2019-02-11","PRLA.C0.20190211.POM.1","A00000049927","condition ok","SIRFER Lab at University of Utah","2019-04-18","ElFtGy1kV49xqNP00HfxQA==","POM","1",70,25,100,"d15N",2.61,"perMill","Revesz & Coplen 2012a",,
"270e165c-3bb6-42d5-828f-d5ab41595568","D09","PRLA","PRLA.AOS.buoy.c0","2019-02-11","PRLA.C0.20190211.POM.1","A00000049927","condition ok","SIRFER Lab at University of Utah","2019-04-18","ElFtGy1kV49xqNP00HfxQA==","POM","1",70,25,100,"d13C",-32.53,"perMill","Revesz & Coplen 2012a",,
"8580fda8-e2d6-4935-a307-a478393094da","D09","PRLA","PRLA.AOS.buoy.c0","2019-02-11","PRLA.C0.20190211.POM.1","A00000049927","condition ok","SIRFER Lab at University of Utah","2019-04-18","ElFtGy1kV49xqNP00HfxQA==","POM","1",70,25,100,"nitrogen",420.52,"microgramsPerLiter","Revesz & Coplen 2012a",,
