uid,domainID,siteID,namedLocation,collectDate,sampleID,sampleCode,sampleCondition,laboratoryName,analysisDate,analyzedBy,sampleType,replicate,sampleVolumeFiltered,filterSize,percentFilterAnalyzed,analyte,analyteConcentration,plantAlgaeLabUnits,method,externalRemarks,externalLabDataQF
"b49d4ced-69ce-4c58-a7f5-501018d964c6","D18","TOOK","TOOK.AOS.buoy.c0","2018-01-09","TOOK.C0.20180109.POM.1",,"condition ok","SIRFER Lab at University of Utah","2018-08-01","ElFtGy1kV49xqNP00HfxQA==","POM","1",750,25,100,"carbon",221.27,"microgramsPerLiter","Revesz & Coplen 2012a",,
"9236822c-31a0-45e9-bf38-3bf31c338a39","D18","TOOK","TOOK.AOS.buoy.c0","2018-01-09","TOOK.C0.20180109.POM.1",,"condition ok","SIRFER Lab at University of Utah","2018-08-01","ElFtGy1kV49xqNP00HfxQA==","POM","1",750,25,100,"nitrogen",23.05,"microgramsPerLiter","Revesz & Coplen 2012a",,
"6c6a05ac-8207-449b-8712-22e2440a9627","D18","TOOK","TOOK.AOS.buoy.c0","2018-01-09","TOOK.C0.20180109.POM.1",,"condition ok","SIRFER Lab at University of Utah","2018-08-01","ElFtGy1kV49xqNP00HfxQA==","POM","1",750,25,100,"d13C",-28.30,"perMill","Revesz & Coplen 2012a",,
"dba6dd1a-e325-4662-9c6c-6fe446490aca","D18","TOOK","TOOK.AOS.buoy.c0","2018-01-09","TOOK.C0.20180109.POM.1",,"condition ok","SIRFER Lab at University of Utah","2018-08-01","ElFtGy1kV49xqNP00HfxQA==","POM","1",750,25,100,"d15N",1.38,"perMill","Revesz & Coplen 2012a",,
