uid,domainID,siteID,namedLocation,collectDate,sampleID,sampleCode,sampleCondition,laboratoryName,analysisDate,analyzedBy,sampleType,replicate,sampleVolumeFiltered,filterSize,percentFilterAnalyzed,analyte,analyteConcentration,plantAlgaeLabUnits,method,externalRemarks,externalLabDataQF
"bdbcdbb6-1a98-4e10-801a-bab37b8f16e4","D05","LIRO","LIRO.AOS.buoy.c1","2018-06-04","LIRO.C1.20180604.POM.1","A00000007717","condition ok","SIRFER Lab at University of Utah","2018-08-14","ElFtGy1kV49xqNP00HfxQA==","POM","1",200,25,100,"nitrogen",76.37,"microgramsPerLiter","Revesz & Coplen 2012a",,
"416ce3d7-4dc7-4f21-9a18-397b98c4d91a","D05","LIRO","LIRO.AOS.buoy.c1","2018-06-04","LIRO.C1.20180604.POM.1","A00000007717","condition ok","SIRFER Lab at University of Utah","2018-08-14","ElFtGy1kV49xqNP00HfxQA==","POM","1",200,25,100,"carbon",617.29,"microgramsPerLiter","Revesz & Coplen 2012a",,
"2ebb874d-b09c-4fb9-94dd-371e6a99b3bd","D05","LIRO","LIRO.AOS.buoy.c1","2018-06-04","LIRO.C1.20180604.POM.1","A00000007717","condition ok","SIRFER Lab at University of Utah","2018-08-14","ElFtGy1kV49xqNP00HfxQA==","POM","1",200,25,100,"d13C",-32.30,"perMill","Revesz & Coplen 2012a",,
"45e2bd5c-72f7-47db-8ca3-a2f572293cc9","D05","LIRO","LIRO.AOS.buoy.c1","2018-06-04","LIRO.C1.20180604.POM.1","A00000007717","condition ok","SIRFER Lab at University of Utah","2018-08-14","ElFtGy1kV49xqNP00HfxQA==","POM","1",200,25,100,"d15N",3.85,"perMill","Revesz & Coplen 2012a",,
"39cfcc9c-9d4d-4254-9cd8-48a50b406e36","D05","LIRO","LIRO.AOS.buoy.c2","2018-06-04","LIRO.C2.20180604.POM.1","A00000007721","condition ok","SIRFER Lab at University of Utah","2018-08-14","ElFtGy1kV49xqNP00HfxQA==","POM","1",200,25,100,"carbon",1421.50,"microgramsPerLiter","Revesz & Coplen 2012a",,
"f13b18e4-64f9-4045-af93-e0fd72c62d6a","D05","LIRO","LIRO.AOS.buoy.c2","2018-06-04","LIRO.C2.20180604.POM.1","A00000007721","condition ok","SIRFER Lab at University of Utah","2018-08-14","ElFtGy1kV49xqNP00HfxQA==","POM","1",200,25,100,"nitrogen",219.46,"microgramsPerLiter","Revesz & Coplen 2012a",,
"ffe67ef2-5eee-4e30-a21c-98492c0141b1","D05","LIRO","LIRO.AOS.buoy.c2","2018-06-04","LIRO.C2.20180604.POM.1","A00000007721","condition ok","SIRFER Lab at University of Utah","2018-08-14","ElFtGy1kV49xqNP00HfxQA==","POM","1",200,25,100,"d15N",6.10,"perMill","Revesz & Coplen 2012a",,
"49556cda-70f8-4084-8b45-4099c9e138a9","D05","LIRO","LIRO.AOS.buoy.c2","2018-06-04","LIRO.C2.20180604.POM.1","A00000007721","condition ok","SIRFER Lab at University of Utah","2018-08-14","ElFtGy1kV49xqNP00HfxQA==","POM","1",200,25,100,"d13C",-30.37,"perMill","Revesz & Coplen 2012a",,
