uid,domainID,siteID,namedLocation,collectDate,parentSampleID,parentSampleCode,isotopeH2OSampleCond,isotopeH2OSampleID,isotopeH2OSampleCode,isotopePOMRep2SampleCond,isotopePOMRep2SampleID,isotopePOMRep2SampleCode,isotopePOMSampleCond,isotopePOMSampleID,isotopePOMSampleCode,processedDateFilters,processedDateH2OIsotopes,sampleVolumeFilteredPOMRep1,sampleVolumeFilteredPOMRep2,fieldDataQF
"00cc590a-f8a5-4f23-bc73-cc9940b6a10e","D03","SUGG","SUGG.AOS.buoy.c0","2017-06-06T13:57Z","SUGG.C0.20170606",,"Sample condition ok","SUGG.C0.20170606.H2O.1",,"Sample condition ok",,,"Sample condition ok","SUGG.C0.20170606.POM.1",,"2017-06-06T16:30Z","2017-06-06T16:30Z",350,,
"535e91b0-0763-4e61-a396-93588d9b534d","D03","SUGG","SUGG.AOS.inlet","2017-06-06T14:25Z","SUGG.IN.20170606",,"Sample condition ok","SUGG.IN.20170606.H2O.1",,"Sample condition ok",,,"Sample condition ok","SUGG.IN.20170606.POM.1",,"2017-06-06T17:10Z","2017-06-06T17:00Z",300,,
"225fafc1-2546-48f6-bf90-bde49d465853","D03","SUGG","SUGG.AOS.outlet","2017-06-06T14:52Z","SUGG.OT.20170606",,"Sample condition ok","SUGG.OT.20170606.H2O.1",,"Sample condition ok",,,"Sample condition ok","SUGG.OT.20170606.POM.1",,"2017-06-06T17:35Z","2017-06-06T17:30Z",300,,
"fa68d2ba-0219-4f47-a350-45c7021627fc","D03","SUGG","SUGG.AOS.buoy.c0","2017-06-26T14:19Z","SUGG.C0.20170626",,"Sample condition ok","SUGG.C0.20170626.H2O.1",,"Sample condition ok",,,"Sample condition ok","SUGG.C0.20170626.POM.1",,,,300,,
"8b9f5732-3a90-40a2-a6e4-5dfeb45c68d2","D03","SUGG","SUGG.AOS.inlet","2017-06-26T14:29Z","SUGG.IN.20170626",,"Sample condition ok","SUGG.IN.20170626.H2O.1",,"Sample condition ok",,,"Sample condition ok","SUGG.IN.20170626.POM.1",,"2017-06-26T17:07Z","2017-06-26T17:08Z",200,,
"64c44805-0538-479a-b158-d615912d4a77","D03","SUGG","SUGG.AOS.outlet","2017-06-26T15:21Z","SUGG.OT.20170626",,"Sample condition ok","SUGG.OT.20170626.H2O.1",,"Sample condition ok",,,"Sample condition ok","SUGG.OT.20170626.POM.1",,"2017-06-26T17:32Z","2017-06-26T17:33Z",250,,
