uid,domainID,siteID,namedLocation,collectDate,sampleID,sampleCode,sampleCondition,laboratoryName,analysisDate,analyzedBy,sampleType,replicate,sampleVolumeFiltered,filterSize,percentFilterAnalyzed,analyte,analyteConcentration,plantAlgaeLabUnits,method,externalRemarks,externalLabDataQF
"fd2c1dca-d64f-4d74-8c88-3fc77b5eab1b","D03","SUGG","SUGG.AOS.buoy.c0","2017-06-06","SUGG.C0.20170606.POM.1",,"condition ok","SIRFER Lab at University of Utah","2018-05-16","ElFtGy1kV49xqNP00HfxQA==","POM","1",,,100,"nitrogen",99.53,"microgramsPerLiter","Revesz & Coplen 2012a",,
"8ecd7ec9-0987-4d07-b524-0d0ba36a0efa","D03","SUGG","SUGG.AOS.buoy.c0","2017-06-06","SUGG.C0.20170606.POM.1",,"condition ok","SIRFER Lab at University of Utah","2018-05-16","ElFtGy1kV49xqNP00HfxQA==","POM","1",,,100,"d13C",-30.70,"perMill","Revesz & Coplen 2012a",,
"c00a0b7a-50b8-49c0-9944-b56b2babd491","D03","SUGG","SUGG.AOS.buoy.c0","2017-06-06","SUGG.C0.20170606.POM.1",,"condition ok","SIRFER Lab at University of Utah","2018-05-16","ElFtGy1kV49xqNP00HfxQA==","POM","1",,,100,"carbon",1082.62,"microgramsPerLiter","Revesz & Coplen 2012a",,
"332a4b45-58ab-4adb-ae03-0e75fea6e767","D03","SUGG","SUGG.AOS.buoy.c0","2017-06-06","SUGG.C0.20170606.POM.1",,"condition ok","SIRFER Lab at University of Utah","2018-05-16","ElFtGy1kV49xqNP00HfxQA==","POM","1",,,100,"d15N",4.68,"perMill","Revesz & Coplen 2012a",,
"de3d13d0-dfb9-40ce-a383-6322011eaefd","D03","SUGG","SUGG.AOS.inlet","2017-06-06","SUGG.IN.20170606.POM.1",,"condition ok","SIRFER Lab at University of Utah","2018-05-16","ElFtGy1kV49xqNP00HfxQA==","POM","1",,,100,"d13C",-31.48,"perMill","Revesz & Coplen 2012a",,
"e84b6e62-af6b-4005-9da1-82360170eff7","D03","SUGG","SUGG.AOS.inlet","2017-06-06","SUGG.IN.20170606.POM.1",,"condition ok","SIRFER Lab at University of Utah","2018-05-16","ElFtGy1kV49xqNP00HfxQA==","POM","1",,,100,"carbon",562.03,"microgramsPerLiter","Revesz & Coplen 2012a",,
"dbfb7f7c-1e2e-475e-8a00-c53ad5d96039","D03","SUGG","SUGG.AOS.inlet","2017-06-06","SUGG.IN.20170606.POM.1",,"condition ok","SIRFER Lab at University of Utah","2018-05-16","ElFtGy1kV49xqNP00HfxQA==","POM","1",,,100,"nitrogen",50.63,"microgramsPerLiter","Revesz & Coplen 2012a",,
"1dfdf332-e8b2-4ae2-a9f4-f6835dba3302","D03","SUGG","SUGG.AOS.inlet","2017-06-06","SUGG.IN.20170606.POM.1",,"condition ok","SIRFER Lab at University of Utah","2018-05-16","ElFtGy1kV49xqNP00HfxQA==","POM","1",,,100,"d15N",3.95,"perMill","Revesz & Coplen 2012a",,
"2517c326-a3d1-4571-9a3c-e43b420e7556","D03","SUGG","SUGG.AOS.outlet","2017-06-06","SUGG.OT.20170606.POM.1",,"condition ok","SIRFER Lab at University of Utah","2018-05-16","ElFtGy1kV49xqNP00HfxQA==","POM","1",,,100,"nitrogen",58.29,"microgramsPerLiter","Revesz & Coplen 2012a",,
"0f23ae1f-7c4e-484b-979b-5b341b846c37","D03","SUGG","SUGG.AOS.outlet","2017-06-06","SUGG.OT.20170606.POM.1",,"condition ok","SIRFER Lab at University of Utah","2018-05-16","ElFtGy1kV49xqNP00HfxQA==","POM","1",,,100,"carbon",625.43,"microgramsPerLiter","Revesz & Coplen 2012a",,
"ed92e41b-005e-4e10-9743-355b3e50af94","D03","SUGG","SUGG.AOS.outlet","2017-06-06","SUGG.OT.20170606.POM.1",,"condition ok","SIRFER Lab at University of Utah","2018-05-16","ElFtGy1kV49xqNP00HfxQA==","POM","1",,,100,"d15N",7.53,"perMill","Revesz & Coplen 2012a",,
"b39fc96f-422b-4f76-ba22-04e3adf3f4eb","D03","SUGG","SUGG.AOS.outlet","2017-06-06","SUGG.OT.20170606.POM.1",,"condition ok","SIRFER Lab at University of Utah","2018-05-16","ElFtGy1kV49xqNP00HfxQA==","POM","1",,,100,"d13C",-31.51,"perMill","Revesz & Coplen 2012a",,
"b83c2ede-3e1e-48ac-8039-70c9500c0ac5","D03","SUGG","SUGG.AOS.buoy.c0","2017-06-26","SUGG.C0.20170626.POM.1",,"condition ok","SIRFER Lab at University of Utah","2018-05-16","ElFtGy1kV49xqNP00HfxQA==","POM","1",,,100,"d13C",-36.96,"perMill","Revesz & Coplen 2012a",,
"e05cab89-2eb6-4cf2-8ad8-10247e28c1ab","D03","SUGG","SUGG.AOS.buoy.c0","2017-06-26","SUGG.C0.20170626.POM.1",,"condition ok","SIRFER Lab at University of Utah","2018-05-16","ElFtGy1kV49xqNP00HfxQA==","POM","1",,,100,"d15N",7.33,"perMill","Revesz & Coplen 2012a",,
"9062d989-71af-46f2-a3a4-291e2ffb5922","D03","SUGG","SUGG.AOS.buoy.c0","2017-06-26","SUGG.C0.20170626.POM.1",,"condition ok","SIRFER Lab at University of Utah","2018-05-16","ElFtGy1kV49xqNP00HfxQA==","POM","1",,,100,"nitrogen",92.38,"microgramsPerLiter","Revesz & Coplen 2012a",,
"be1bd388-8d7a-4cc4-9af3-3df8a0452988","D03","SUGG","SUGG.AOS.buoy.c0","2017-06-26","SUGG.C0.20170626.POM.1",,"condition ok","SIRFER Lab at University of Utah","2018-05-16","ElFtGy1kV49xqNP00HfxQA==","POM","1",,,100,"carbon",825.92,"microgramsPerLiter","Revesz & Coplen 2012a",,
"99813e42-db7a-409b-8269-7d9d8ff1052e","D03","SUGG","SUGG.AOS.inlet","2017-06-26","SUGG.IN.20170626.POM.1",,"condition ok","SIRFER Lab at University of Utah","2018-05-16","ElFtGy1kV49xqNP00HfxQA==","POM","1",,,100,"nitrogen",96.31,"microgramsPerLiter","Revesz & Coplen 2012a",,
"4accde2a-e623-4b54-be13-79c1df56c0be","D03","SUGG","SUGG.AOS.inlet","2017-06-26","SUGG.IN.20170626.POM.1",,"condition ok","SIRFER Lab at University of Utah","2018-05-16","ElFtGy1kV49xqNP00HfxQA==","POM","1",,,100,"carbon",1005.90,"microgramsPerLiter","Revesz & Coplen 2012a",,
"14e7282f-56ba-4239-afe9-bfcb6dcc0155","D03","SUGG","SUGG.AOS.inlet","2017-06-26","SUGG.IN.20170626.POM.1",,"condition ok","SIRFER Lab at University of Utah","2018-05-16","ElFtGy1kV49xqNP00HfxQA==","POM","1",,,100,"d13C",-35.71,"perMill","Revesz & Coplen 2012a",,
"6ee35e8d-ed5e-47f5-a86b-dd90717f4083","D03","SUGG","SUGG.AOS.inlet","2017-06-26","SUGG.IN.20170626.POM.1",,"condition ok","SIRFER Lab at University of Utah","2018-05-16","ElFtGy1kV49xqNP00HfxQA==","POM","1",,,100,"d15N",9.44,"perMill","Revesz & Coplen 2012a",,
"9af84903-d71f-4f04-a46c-950e34ceb81b","D03","SUGG","SUGG.AOS.outlet","2017-06-26","SUGG.OT.20170626.POM.1",,"condition ok","SIRFER Lab at University of Utah","2018-05-16","ElFtGy1kV49xqNP00HfxQA==","POM","1",,,100,"nitrogen",88.22,"microgramsPerLiter","Revesz & Coplen 2012a",,
"bec6bfed-dc72-4030-ae47-0d828b77fe13","D03","SUGG","SUGG.AOS.outlet","2017-06-26","SUGG.OT.20170626.POM.1",,"condition ok","SIRFER Lab at University of Utah","2018-05-16","ElFtGy1kV49xqNP00HfxQA==","POM","1",,,100,"carbon",815.40,"microgramsPerLiter","Revesz & Coplen 2012a",,
"4e63ae4b-e960-4e68-93a8-d904b7a5e480","D03","SUGG","SUGG.AOS.outlet","2017-06-26","SUGG.OT.20170626.POM.1",,"condition ok","SIRFER Lab at University of Utah","2018-05-16","ElFtGy1kV49xqNP00HfxQA==","POM","1",,,100,"d13C",-37.40,"perMill","Revesz & Coplen 2012a",,
"a683a2d3-edaf-412a-9ccb-34b09e196b7b","D03","SUGG","SUGG.AOS.outlet","2017-06-26","SUGG.OT.20170626.POM.1",,"condition ok","SIRFER Lab at University of Utah","2018-05-16","ElFtGy1kV49xqNP00HfxQA==","POM","1",,,100,"d15N",9.71,"perMill","Revesz & Coplen 2012a",,
