uid,domainID,siteID,namedLocation,decimalLatitude,decimalLongitude,coordinateUncertainty,additionalCoordUncertainty,elevation,elevationUncertainty,geodeticDatum,altLocation,altLatitude,altLongitude,altCoordinateUncertainty,altGeodeticDatum,collectDate,aquaticSiteType,samplingImpractical,parentSampleID,parentSampleCode,eventID,samplerType,dissolvedOxygen,dissolvedOxygenSaturation,specificConductance,waterTemp,asiSamplingProtocolVersion,lowerSegmentDepth,upperSegmentDepth,maxDepth,lakeSampleDepth1,lakeSampleDepth2,aCollectedBy,bCollectedBy,remarks,fieldDataQF
"40fc134f-4c77-4a9e-bbef-b481aec07922","D03","SUGG","SUGG.AOS.buoy.c0",29.688149,-82.017318,10.0,10.0,30.0,10.0,"WGS84",,,,,,"2017-06-06T13:57Z","lake",,"SUGG.C0.20170606",,"SUGG.20170606","Kemmerer",6.59,84.20,93.70,27.50,"NEON.DOC.001886vE",,,1.4,0.5,,"kludwig@field-ops.org","jcampbell@field-ops.org",,
"0aa77e64-f29d-4829-9a0d-7f7bdd4f2018","D03","SUGG","SUGG.AOS.inlet",29.685093,-82.018412,0.3,10.0,30.2,0.3,"WGS84",,,,,,"2017-06-06T14:25Z","lake",,"SUGG.IN.20170606",,"SUGG.20170606","Kemmerer",5.22,66.60,94.70,27.60,"NEON.DOC.001886vE",,,0.9,0.5,,"kludwig@field-ops.org","jcampbell@field-ops.org",,
"7d652155-a3fa-4b22-90e4-51ca80f21a43","D03","SUGG","SUGG.AOS.outlet",29.687601,-82.020598,0.3,10.0,30.3,0.3,"WGS84",,,,,,"2017-06-06T14:52Z","lake",,"SUGG.OT.20170606",,"SUGG.20170606","Kemmerer",4.55,58.10,95.00,27.90,"NEON.DOC.001886vE",,,0.8,0.5,,"jcampbell@field-ops.org","kludwig@field-ops.org",,
"a327603c-60c9-42d5-887d-325e04e9c6bd","D03","SUGG","SUGG.AOS.buoy.c0",29.688149,-82.017318,10.0,10.0,30.0,10.0,"WGS84",,,,,,"2017-06-26T14:19Z","lake",,"SUGG.C0.20170626",,"SUGG.20170626","Kemmerer",4.44,60.00,95.40,30.60,"NEON.DOC.001886vE",,,2.4,0.5,,"kludwig@field-ops.org","jcampbell@field-ops.org",,
"d217efa1-8f30-41ec-a904-cf86b50b54e1","D03","SUGG","SUGG.AOS.inlet",29.685093,-82.018412,0.3,10.0,30.2,0.3,"WGS84",,,,,,"2017-06-26T14:29Z","lake",,"SUGG.IN.20170626",,"SUGG.20170626","Kemmerer",3.15,43.70,96.60,31.00,"NEON.DOC.001886vE",,,1.0,0.5,,"kludwig@field-ops.org","jcampbell@field-ops.org",,
"d13adfb0-cee8-4bfa-9b2f-305483a58488","D03","SUGG","SUGG.AOS.outlet",29.687601,-82.020598,0.3,10.0,30.3,0.3,"WGS84",,,,,,"2017-06-26T15:21Z","lake",,"SUGG.OT.20170626",,"SUGG.20170626","Kemmerer",3.69,51.10,96.20,30.40,"NEON.DOC.001886vE",,,1.9,0.5,,"kludwig@field-ops.org","jcampbell@field-ops.org",,
