uid,domainID,siteID,namedLocation,collectDate,sampleID,sampleCode,sampleCondition,laboratoryName,analysisDate,analyzedBy,sampleType,replicate,sampleVolumeFiltered,filterSize,percentFilterAnalyzed,analyte,analyteConcentration,plantAlgaeLabUnits,method,externalRemarks,externalLabDataQF
"4917cfb0-b5d6-4d1f-abfe-d2d69dfb2486","D07","LECO","LECO.AOS.S2","2016-05-10","LECO.SS.20160510.POM.2",,"condition ok","Academy of Natural Sciences of Drexel University","2016-08-29","OKgcKejxXbI=","13C15N","2",,,100,"d13C",-28.00,"perMill",,,
"66f8b9a7-106b-495f-94bb-ee6573c7d595","D07","LECO","LECO.AOS.S2","2016-05-10","LECO.SS.20160510.POM.1",,"condition ok","Academy of Natural Sciences of Drexel University","2016-08-29","OKgcKejxXbI=","13C15N","1",,,100,"d13C",-28.27,"perMill",,,
"faf4a7cf-93f6-42b4-8af3-8d756f305d02","D07","LECO","LECO.AOS.S2","2016-05-10","LECO.SS.20160510.POM.1",,"condition ok","Academy of Natural Sciences of Drexel University","2016-08-29","OKgcKejxXbI=","13C15N","1",,,100,"d15N",1.67,"perMill",,,
"c4519567-998a-4fa8-b9e1-8ebeac9cda3f","D07","LECO","LECO.AOS.S2","2016-05-10","LECO.SS.20160510.POM.2",,"condition ok","Academy of Natural Sciences of Drexel University","2016-08-29","OKgcKejxXbI=","13C15N","2",,,100,"d15N",1.83,"perMill",,,
"d414250e-a761-4fa3-86b9-b18ff401550a","D07","LECO","LECO.AOS.S2","2016-05-24","LECO.SS.20160524.POM.2",,"other","Academy of Natural Sciences of Drexel University","2017-06-01","OKgcKejxXbI=","13C15N","2",,,100,"d13C",-28.49,"perMill",,"filter poorly folded, sample loss",
"e0a6c16f-4d0e-4f16-bb80-5c0babcb59f4","D07","LECO","LECO.AOS.S2","2016-05-24","LECO.SS.20160524.POM.1",,"other","Academy of Natural Sciences of Drexel University","2017-02-23","OKgcKejxXbI=","13C15N","1",,,100,"d13C",-28.04,"perMill",,"filter poorly folded, sample loss",
"a4ffe72b-9268-46da-8a17-20e075af5b38","D07","LECO","LECO.AOS.S2","2016-05-24","LECO.SS.20160524.POM.2",,"other","Academy of Natural Sciences of Drexel University","2017-06-01","OKgcKejxXbI=","13C15N","2",,,100,"d15N",2.72,"perMill",,"filter poorly folded, sample loss",
"bb6c2a7b-11e3-43fa-afd2-af3654f0f178","D07","LECO","LECO.AOS.S2","2016-05-24","LECO.SS.20160524.POM.1",,"other","Academy of Natural Sciences of Drexel University","2017-02-23","OKgcKejxXbI=","13C15N","1",,,100,"d15N",1.48,"perMill",,"filter poorly folded, sample loss",
