uid,domainID,siteID,namedLocation,collectDate,sampleID,sampleCode,sampleCondition,laboratoryName,analysisDate,analyzedBy,sampleType,replicate,sampleVolumeFiltered,filterSize,percentFilterAnalyzed,analyte,analyteConcentration,plantAlgaeLabUnits,method,externalRemarks,externalLabDataQF
"54097e08-0b58-4c10-8e82-fa4aa2081c43","D16","MCRA","MCRA.AOS.S2","2019-04-18","MCRA.SS.20190418.POM.1","A00000061058","condition ok","SIRFER Lab at University of Utah","2019-09-06","ElFtGy1kV49xqNP00HfxQA==","POM","1",2000,25,100,"d13C",-28.02,"perMill","Revesz & Coplen 2012a",,
"f150b1e3-4a98-4dfd-b8e5-4aca872b5529","D16","MCRA","MCRA.AOS.S2","2019-04-18","MCRA.SS.20190418.POM.1","A00000061058","condition ok","SIRFER Lab at University of Utah","2019-09-06","ElFtGy1kV49xqNP00HfxQA==","POM","1",2000,25,100,"nitrogen",2.29,"microgramsPerLiter","Revesz & Coplen 2012a",,
"fca80cc3-6306-4542-a805-136c24fe0214","D16","MCRA","MCRA.AOS.S2","2019-04-18","MCRA.SS.20190418.POM.1","A00000061058","condition ok","SIRFER Lab at University of Utah","2019-09-06","ElFtGy1kV49xqNP00HfxQA==","POM","1",2000,25,100,"carbon",41.84,"microgramsPerLiter","Revesz & Coplen 2012a",,
"7c435251-41a9-4cb6-8dcc-03f97fdff600","D16","MCRA","MCRA.AOS.S2","2019-04-18","MCRA.SS.20190418.POM.1","A00000061058","condition ok","SIRFER Lab at University of Utah","2019-09-06","ElFtGy1kV49xqNP00HfxQA==","POM","1",2000,25,100,"d15N",-3.50,"perMill","Revesz & Coplen 2012a",,
"a4e14b1f-c7d3-4056-a674-5c5b4bb56219","D16","MCRA","MCRA.AOS.S2","2019-04-23","MCRA.SS.20190423.POM.1","A00000060963","condition ok","SIRFER Lab at University of Utah","2019-09-06","ElFtGy1kV49xqNP00HfxQA==","POM","1",1100,25,100,"nitrogen",6.47,"microgramsPerLiter","Revesz & Coplen 2012a",,
"3aa376d1-9e5a-4e25-9bdd-fe6883ef9a6b","D16","MCRA","MCRA.AOS.S2","2019-04-23","MCRA.SS.20190423.POM.1","A00000060963","condition ok","SIRFER Lab at University of Utah","2019-09-06","ElFtGy1kV49xqNP00HfxQA==","POM","1",1100,25,100,"d13C",-28.45,"perMill","Revesz & Coplen 2012a",,
"7ae3a372-e01e-4d52-b96c-a08a3686d5c8","D16","MCRA","MCRA.AOS.S2","2019-04-23","MCRA.SS.20190423.POM.1","A00000060963","condition ok","SIRFER Lab at University of Utah","2019-09-06","ElFtGy1kV49xqNP00HfxQA==","POM","1",1100,25,100,"carbon",117.80,"microgramsPerLiter","Revesz & Coplen 2012a",,
"720a91bf-9419-4a28-95e1-945ce49fdc72","D16","MCRA","MCRA.AOS.S2","2019-04-23","MCRA.SS.20190423.POM.1","A00000060963","condition ok","SIRFER Lab at University of Utah","2019-09-06","ElFtGy1kV49xqNP00HfxQA==","POM","1",1100,25,100,"d15N",3.98,"perMill","Revesz & Coplen 2012a",,
