uid,domainID,siteID,namedLocation,collectDate,parentSampleID,parentSampleCode,isotopeH2OSampleCond,isotopeH2OSampleID,isotopeH2OSampleCode,isotopePOMRep2SampleCond,isotopePOMRep2SampleID,isotopePOMRep2SampleCode,isotopePOMSampleCond,isotopePOMSampleID,isotopePOMSampleCode,processedDateFilters,processedDateH2OIsotopes,sampleVolumeFilteredPOMRep1,sampleVolumeFilteredPOMRep2,fieldDataQF
"748bbdbf-355d-41ed-9a91-d64827b719b5","D16","MCRA","MCRA.AOS.S2","2019-05-01T15:29Z","MCRA.SS.20190501",,"Sample condition ok","MCRA.SS.20190501.H2O.1","A00000060796","Sample condition ok","MCRA.SS.20190501.POM.2","A00000060803","Sample condition ok","MCRA.SS.20190501.POM.1","A00000060802","2019-05-01T17:27Z","2019-05-01T15:41Z",1200,1200,
"d34d1829-be75-4918-8e13-558c793ca0fd","D16","MCRA","MCRA.AOS.S2","2019-05-14T16:25Z","MCRA.SS.20190514",,"Sample condition ok","MCRA.SS.20190514.H2O.1","A00000060810","Sample condition ok","MCRA.SS.20190514.POM.2","A00000060816","Sample condition ok","MCRA.SS.20190514.POM.1","A00000060815","2019-05-14T17:15Z","2019-05-14T17:15Z",1500,1500,
"35626d0e-8d89-4209-8ffc-4a00857031f8","D16","MCRA","MCRA.AOS.S2","2019-05-21T16:35Z","MCRA.SS.20190521",,"Sample condition ok","MCRA.SS.20190521.H2O.1","A00000060817","Sample condition ok","MCRA.SS.20190521.POM.2","A00000060887","Sample condition ok","MCRA.SS.20190521.POM.1","A00000060888","2019-05-21T18:35Z","2019-05-21T18:35Z",1500,1500,
"fb65b6e6-e1cf-4faf-b032-02f8fb439ea1","D16","MCRA","MCRA.AOS.S2","2019-05-30T16:15Z","MCRA.SS.20190530",,"Sample condition ok","MCRA.SS.20190530.H2O.1","A00000061112","Sample condition ok","MCRA.SS.20190530.POM.2","A00000061109","Sample condition ok","MCRA.SS.20190530.POM.1","A00000061108",,,1500,1500,
