uid,domainID,siteID,namedLocation,collectDate,analysisDate,isotopeH2OSampleID,isotopeH2OSampleCode,instrumentSN,d18OWater,d2HWater,d18OsdWater,d2HsdWater,isotopeH2OExternalLabQF,laboratoryName,analyzedBy,sampleCondition,externalRemarks,externalLabDataQF
"c41e91c6-c25f-40c3-b0e2-574ed730178f","D16","MCRA","MCRA.AOS.S2","2019-05-01","2019-06-03","MCRA.SS.20190501.H2O.1","A00000060796","HIDS2046",-11.62,-79.45,0.02,0.22,0,"SIRFER Lab at University of Utah","OlSmE6RRn5QQH8tvUHmK5i/poYiQr6sd","OK",,
"98bed8bf-e6e7-4c88-babc-7a50ab33b756","D16","MCRA","MCRA.AOS.S2","2019-05-14","2019-07-19","MCRA.SS.20190514.H2O.1","A00000060810","HIDS2052",-11.31,-79.22,0.02,0.18,0,"SIRFER Lab at University of Utah","OlSmE6RRn5QQH8tvUHmK5i/poYiQr6sd","OK",,
"cdc3a118-d843-4edd-a22b-cb4c4fe66b15","D16","MCRA","MCRA.AOS.S2","2019-05-21","2019-07-19","MCRA.SS.20190521.H2O.1","A00000060817","HIDS2052",-11.63,-79.91,0.03,0.10,0,"SIRFER Lab at University of Utah","OlSmE6RRn5QQH8tvUHmK5i/poYiQr6sd","OK",,
"056355e6-e843-4f7f-9123-e2862db2bfe7","D16","MCRA","MCRA.AOS.S2","2019-05-30","2019-07-19","MCRA.SS.20190530.H2O.1","A00000061112","HIDS2052",-11.73,-79.88,0.04,0.20,0,"SIRFER Lab at University of Utah","OlSmE6RRn5QQH8tvUHmK5i/poYiQr6sd","OK",,
