uid,domainID,siteID,namedLocation,collectDate,sampleID,sampleCode,sampleCondition,laboratoryName,analysisDate,analyzedBy,sampleType,replicate,sampleVolumeFiltered,filterSize,percentFilterAnalyzed,analyte,analyteConcentration,plantAlgaeLabUnits,method,externalRemarks,externalLabDataQF
"837907cc-d06c-4a18-abc4-4cd10cd99b13","D16","MCRA","MCRA.AOS.S2","2019-05-01","MCRA.SS.20190501.POM.1","A00000060802","condition ok","SIRFER Lab at University of Utah","2019-09-06","ElFtGy1kV49xqNP00HfxQA==","POM","1",1200,25,100,"d13C",-27.74,"perMill","Revesz & Coplen 2012a",,
"1f1f8c1c-d6bb-4304-b9c5-c77f392f7854","D16","MCRA","MCRA.AOS.S2","2019-05-01","MCRA.SS.20190501.POM.1","A00000060802","condition ok","SIRFER Lab at University of Utah","2019-09-06","ElFtGy1kV49xqNP00HfxQA==","POM","1",1200,25,100,"d15N",3.14,"perMill","Revesz & Coplen 2012a",,
"63dad7ff-fc9d-475d-be96-63a00a73b03d","D16","MCRA","MCRA.AOS.S2","2019-05-01","MCRA.SS.20190501.POM.1","A00000060802","condition ok","SIRFER Lab at University of Utah","2019-09-06","ElFtGy1kV49xqNP00HfxQA==","POM","1",1200,25,100,"carbon",204.93,"microgramsPerLiter","Revesz & Coplen 2012a",,
"6eca4c00-89fc-493a-b177-42848a9f5099","D16","MCRA","MCRA.AOS.S2","2019-05-01","MCRA.SS.20190501.POM.1","A00000060802","condition ok","SIRFER Lab at University of Utah","2019-09-06","ElFtGy1kV49xqNP00HfxQA==","POM","1",1200,25,100,"nitrogen",2.89,"microgramsPerLiter","Revesz & Coplen 2012a",,
"0db544cf-9575-4864-b481-dcde8ebb29b5","D16","MCRA","MCRA.AOS.S2","2019-05-14","MCRA.SS.20190514.POM.1","A00000060815","condition ok","SIRFER Lab at University of Utah","2019-10-08","ElFtGy1kV49xqNP00HfxQA==","POM","1",1500,25,100,"carbon",64.02,"microgramsPerLiter","Revesz & Coplen 2012a",,
"813d38d6-30b0-4b7e-ac6c-d9c6586496b4","D16","MCRA","MCRA.AOS.S2","2019-05-14","MCRA.SS.20190514.POM.1","A00000060815","condition ok","SIRFER Lab at University of Utah","2019-10-08","ElFtGy1kV49xqNP00HfxQA==","POM","1",1500,25,100,"nitrogen",,"microgramsPerLiter","Revesz & Coplen 2012a",,
"4d34bd6a-321e-493c-bc6b-d4b6b442cf31","D16","MCRA","MCRA.AOS.S2","2019-05-14","MCRA.SS.20190514.POM.1","A00000060815","condition ok","SIRFER Lab at University of Utah","2019-10-08","ElFtGy1kV49xqNP00HfxQA==","POM","1",1500,25,100,"d13C",-27.20,"perMill","Revesz & Coplen 2012a",,
"340e12b4-26fe-4a0b-ac12-e2f66f1fa555","D16","MCRA","MCRA.AOS.S2","2019-05-14","MCRA.SS.20190514.POM.1","A00000060815","condition ok","SIRFER Lab at University of Utah","2019-10-08","ElFtGy1kV49xqNP00HfxQA==","POM","1",1500,25,100,"d15N",,"perMill","Revesz & Coplen 2012a",,
"5c33491c-4b01-435e-bbae-96e63f421666","D16","MCRA","MCRA.AOS.S2","2019-05-21","MCRA.SS.20190521.POM.1","A00000060888","condition ok","SIRFER Lab at University of Utah","2019-10-08","ElFtGy1kV49xqNP00HfxQA==","POM","1",1500,25,100,"d13C",-27.40,"perMill","Revesz & Coplen 2012a",,
"1fda241b-2ef3-4789-91cf-ba4e7555fee8","D16","MCRA","MCRA.AOS.S2","2019-05-21","MCRA.SS.20190521.POM.1","A00000060888","condition ok","SIRFER Lab at University of Utah","2019-10-08","ElFtGy1kV49xqNP00HfxQA==","POM","1",1500,25,100,"carbon",51.73,"microgramsPerLiter","Revesz & Coplen 2012a",,
"53da52ec-e10a-41c9-9e1f-da97dc38ae9b","D16","MCRA","MCRA.AOS.S2","2019-05-21","MCRA.SS.20190521.POM.1","A00000060888","condition ok","SIRFER Lab at University of Utah","2019-10-08","ElFtGy1kV49xqNP00HfxQA==","POM","1",1500,25,100,"d15N",,"perMill","Revesz & Coplen 2012a",,
"26483e03-e592-4144-80c8-5dc9c233f38e","D16","MCRA","MCRA.AOS.S2","2019-05-21","MCRA.SS.20190521.POM.1","A00000060888","condition ok","SIRFER Lab at University of Utah","2019-10-08","ElFtGy1kV49xqNP00HfxQA==","POM","1",1500,25,100,"nitrogen",,"microgramsPerLiter","Revesz & Coplen 2012a",,
"5351708e-9c6c-48dc-9090-9515b3be56c6","D16","MCRA","MCRA.AOS.S2","2019-05-30","MCRA.SS.20190530.POM.1","A00000061108","condition ok","SIRFER Lab at University of Utah","2019-10-08","ElFtGy1kV49xqNP00HfxQA==","POM","1",1500,25,100,"d13C",-26.70,"perMill","Revesz & Coplen 2012a",,
"8279b6b8-99aa-40f2-9e7e-1d6bce1d871d","D16","MCRA","MCRA.AOS.S2","2019-05-30","MCRA.SS.20190530.POM.1","A00000061108","condition ok","SIRFER Lab at University of Utah","2019-10-08","ElFtGy1kV49xqNP00HfxQA==","POM","1",1500,25,100,"carbon",58.95,"microgramsPerLiter","Revesz & Coplen 2012a",,
"a34651b6-0012-410d-a153-4a6888430335","D16","MCRA","MCRA.AOS.S2","2019-05-30","MCRA.SS.20190530.POM.1","A00000061108","condition ok","SIRFER Lab at University of Utah","2019-10-08","ElFtGy1kV49xqNP00HfxQA==","POM","1",1500,25,100,"nitrogen",,"microgramsPerLiter","Revesz & Coplen 2012a",,
"cfe2bb5c-0a03-4d66-93b1-41ff14f35b58","D16","MCRA","MCRA.AOS.S2","2019-05-30","MCRA.SS.20190530.POM.1","A00000061108","condition ok","SIRFER Lab at University of Utah","2019-10-08","ElFtGy1kV49xqNP00HfxQA==","POM","1",1500,25,100,"d15N",,"perMill","Revesz & Coplen 2012a",,
