uid,domainID,siteID,namedLocation,decimalLatitude,decimalLongitude,coordinateUncertainty,additionalCoordUncertainty,elevation,elevationUncertainty,geodeticDatum,altLocation,altLatitude,altLongitude,altCoordinateUncertainty,altGeodeticDatum,collectDate,aquaticSiteType,samplingImpractical,parentSampleID,parentSampleCode,eventID,samplerType,dissolvedOxygen,dissolvedOxygenSaturation,specificConductance,waterTemp,asiSamplingProtocolVersion,lowerSegmentDepth,upperSegmentDepth,maxDepth,lakeSampleDepth1,lakeSampleDepth2,aCollectedBy,bCollectedBy,remarks,fieldDataQF
"9a75050e-c76f-4ebe-af7d-ad6308f7a598","D16","MCRA","MCRA.AOS.S2",44.258957,-122.165861,0.1,10.0,864.1,0.0,"WGS84",,,,,,"2019-05-01T15:29Z","stream",,"MCRA.SS.20190501",,"MCRA.20190501","Grab",12.65,90.80,11.90,3.60,"NEON.DOC.001886vF",,,,,,"0000-0001-6401-9622","0000-0002-3836-8770",,
"f6451891-7bc8-4c6d-8698-37111b3a8c5c","D16","MCRA","MCRA.AOS.S2",44.258957,-122.165861,0.1,10.0,864.1,0.0,"WGS84",,,,,,"2019-05-14T16:25Z","stream",,"MCRA.SS.20190514",,"MCRA.20190514","Grab",10.95,95.40,19.70,5.80,"NEON.DOC.001886vF",,,,,,"0000-0002-2939-423X","0000-0002-3836-8770",,
"52f4eed3-b347-477e-827a-63ab6643971e","D16","MCRA","MCRA.AOS.S2",44.258957,-122.165861,0.1,10.0,864.1,0.0,"WGS84",,,,,,"2019-05-21T16:35Z","stream",,"MCRA.SS.20190521",,"MCRA.20190521","Grab",11.09,96.50,21.80,5.30,"NEON.DOC.001886vF",,,,,,"0000-0002-2939-423X","0000-0002-9181-2463",,
"ee5e1878-6f8a-481b-8503-29e0365be153","D16","MCRA","MCRA.AOS.S2",44.258957,-122.165861,0.1,10.0,864.1,0.0,"WGS84",,,,,,"2019-05-30T16:15Z","stream",,"MCRA.SS.20190530",,"MCRA.20190530","Grab",11.43,102.40,21.40,6.90,"NEON.DOC.001886vF",,,,,,"0000-0002-2939-423X","0000-0002-7203-5072",,
