uid,domainID,siteID,namedLocation,collectDate,sampleID,sampleCode,sampleCondition,laboratoryName,analysisDate,analyzedBy,sampleType,replicate,sampleVolumeFiltered,filterSize,percentFilterAnalyzed,analyte,analyteConcentration,plantAlgaeLabUnits,method,externalRemarks,externalLabDataQF
"5e2cde8e-4a85-43b3-a5ad-2a7179977342","D01","HOPB","HOPB.AOS.S2","2018-09-06","HOPB.SS.20180906.POM.1","A00000032142","condition ok","SIRFER Lab at University of Utah","2018-11-09","ElFtGy1kV49xqNP00HfxQA==","POM","1",600,25,100,"nitrogen",12.48,"microgramsPerLiter","Revesz & Coplen 2012a",,
"389e6641-5029-4903-a6d1-6e26816c7fe2","D01","HOPB","HOPB.AOS.S2","2018-09-06","HOPB.SS.20180906.POM.1","A00000032142","condition ok","SIRFER Lab at University of Utah","2018-11-09","ElFtGy1kV49xqNP00HfxQA==","POM","1",600,25,100,"d15N",3.96,"perMill","Revesz & Coplen 2012a",,
"7a8e9dcf-6be9-4d4d-bd1c-c9ffdb09bbfd","D01","HOPB","HOPB.AOS.S2","2018-09-06","HOPB.SS.20180906.POM.1","A00000032142","condition ok","SIRFER Lab at University of Utah","2018-11-09","ElFtGy1kV49xqNP00HfxQA==","POM","1",600,25,100,"d13C",-28.58,"perMill","Revesz & Coplen 2012a",,
"42c5caa7-e6df-448a-b4d3-10c20dc87911","D01","HOPB","HOPB.AOS.S2","2018-09-06","HOPB.SS.20180906.POM.1","A00000032142","condition ok","SIRFER Lab at University of Utah","2018-11-09","ElFtGy1kV49xqNP00HfxQA==","POM","1",600,25,100,"carbon",175.99,"microgramsPerLiter","Revesz & Coplen 2012a",,
"4d7e27f8-41c8-4063-985b-afedb8a08a30","D01","HOPB","HOPB.AOS.S2","2018-09-25","HOPB.SS.20180925.POM.1","A00000032224","condition ok","SIRFER Lab at University of Utah","2018-11-09","ElFtGy1kV49xqNP00HfxQA==","POM","1",500,25,100,"d15N",1.77,"perMill","Revesz & Coplen 2012a",,
"db4e960d-f16e-4f79-8148-82ed83e9b1b9","D01","HOPB","HOPB.AOS.S2","2018-09-25","HOPB.SS.20180925.POM.1","A00000032224","condition ok","SIRFER Lab at University of Utah","2018-11-09","ElFtGy1kV49xqNP00HfxQA==","POM","1",500,25,100,"d13C",-27.99,"perMill","Revesz & Coplen 2012a",,
"bebb7436-9c91-4c5a-982b-ede81faf38b7","D01","HOPB","HOPB.AOS.S2","2018-09-25","HOPB.SS.20180925.POM.1","A00000032224","condition ok","SIRFER Lab at University of Utah","2018-11-09","ElFtGy1kV49xqNP00HfxQA==","POM","1",500,25,100,"nitrogen",14.50,"microgramsPerLiter","Revesz & Coplen 2012a",,
"7ad78472-cdbb-4c66-a19e-7a8e97d0bffc","D01","HOPB","HOPB.AOS.S2","2018-09-25","HOPB.SS.20180925.POM.1","A00000032224","condition ok","SIRFER Lab at University of Utah","2018-11-09","ElFtGy1kV49xqNP00HfxQA==","POM","1",500,25,100,"carbon",222.40,"microgramsPerLiter","Revesz & Coplen 2012a",,
