uid,domainID,siteID,namedLocation,collectDate,sampleID,sampleCode,sampleCondition,laboratoryName,analysisDate,analyzedBy,sampleType,replicate,sampleVolumeFiltered,filterSize,percentFilterAnalyzed,analyte,analyteConcentration,plantAlgaeLabUnits,method,externalRemarks,externalLabDataQF
"c8e9f29b-ba88-460c-9317-6795243dc0eb","D09","PRLA","PRLA.AOS.buoy.c0","2018-07-05","PRLA.C0.20180705.POM.1","A00000017040","condition ok","SIRFER Lab at University of Utah","2018-08-09","ElFtGy1kV49xqNP00HfxQA==","POM","1",70,25,100,"carbon",2225.77,"microgramsPerLiter","Revesz & Coplen 2012a",,
"c3bbb485-a15f-4a3a-b957-ed0add3ab805","D09","PRLA","PRLA.AOS.buoy.c0","2018-07-05","PRLA.C0.20180705.POM.1","A00000017040","condition ok","SIRFER Lab at University of Utah","2018-08-09","ElFtGy1kV49xqNP00HfxQA==","POM","1",70,25,100,"d13C",-28.90,"perMill","Revesz & Coplen 2012a",,
"fea5c646-0fc3-4358-978a-23f37afb6752","D09","PRLA","PRLA.AOS.buoy.c0","2018-07-05","PRLA.C0.20180705.POM.1","A00000017040","condition ok","SIRFER Lab at University of Utah","2018-08-09","ElFtGy1kV49xqNP00HfxQA==","POM","1",70,25,100,"d15N",2.59,"perMill","Revesz & Coplen 2012a",,
"ef73448b-5a73-457e-8bca-11f55d90d7a4","D09","PRLA","PRLA.AOS.buoy.c0","2018-07-05","PRLA.C0.20180705.POM.1","A00000017040","condition ok","SIRFER Lab at University of Utah","2018-08-09","ElFtGy1kV49xqNP00HfxQA==","POM","1",70,25,100,"nitrogen",373.18,"microgramsPerLiter","Revesz & Coplen 2012a",,
