uid,domainID,siteID,namedLocation,collectDate,sampleID,sampleCode,sampleCondition,laboratoryName,analysisDate,analyzedBy,sampleType,replicate,sampleVolumeFiltered,filterSize,percentFilterAnalyzed,analyte,analyteConcentration,plantAlgaeLabUnits,method,externalRemarks,externalLabDataQF
"c03b4a52-f260-4ac6-bbe4-b60cf067eac3","D16","MART","MART.AOS.S2","2018-09-11","MART.SS.20180911.POM.1","A00000059295","condition ok","SIRFER Lab at University of Utah","2018-11-13","ElFtGy1kV49xqNP00HfxQA==","POM","1",1500,25,100,"carbon",423.42,"microgramsPerLiter","Revesz & Coplen 2012a",,
"d28b390a-9b6c-4108-bb83-af939a7061c1","D16","MART","MART.AOS.S2","2018-09-11","MART.SS.20180911.POM.1","A00000059295","condition ok","SIRFER Lab at University of Utah","2018-11-13","ElFtGy1kV49xqNP00HfxQA==","POM","1",1500,25,100,"d13C",-28.25,"perMill","Revesz & Coplen 2012a",,
"0996b1da-b86b-474f-b877-f6f3615d5b7a","D16","MART","MART.AOS.S2","2018-09-11","MART.SS.20180911.POM.1","A00000059295","condition ok","SIRFER Lab at University of Utah","2018-11-13","ElFtGy1kV49xqNP00HfxQA==","POM","1",1500,25,100,"nitrogen",39.66,"microgramsPerLiter","Revesz & Coplen 2012a",,
"31cb8cc6-bb72-4b84-972d-77a5f24a2f77","D16","MART","MART.AOS.S2","2018-09-11","MART.SS.20180911.POM.1","A00000059295","condition ok","SIRFER Lab at University of Utah","2018-11-13","ElFtGy1kV49xqNP00HfxQA==","POM","1",1500,25,100,"d15N",-0.05,"perMill","Revesz & Coplen 2012a",,
"c65a5e97-0984-4cf4-9aeb-f970ea49bd8c","D16","MART","MART.AOS.S2","2018-09-13","MART.SS.20180913.POM.1","A00000059382","condition ok","SIRFER Lab at University of Utah","2018-11-13","ElFtGy1kV49xqNP00HfxQA==","POM","1",1500,25,100,"d13C",-28.07,"perMill","Revesz & Coplen 2012a",,
"77e7be6b-242e-4340-9570-dd6cd83d0b98","D16","MART","MART.AOS.S2","2018-09-13","MART.SS.20180913.POM.1","A00000059382","condition ok","SIRFER Lab at University of Utah","2018-11-13","ElFtGy1kV49xqNP00HfxQA==","POM","1",1500,25,100,"carbon",225.12,"microgramsPerLiter","Revesz & Coplen 2012a",,
"9fb739e6-6e9b-4200-9f24-23046957ccf5","D16","MART","MART.AOS.S2","2018-09-13","MART.SS.20180913.POM.1","A00000059382","condition ok","SIRFER Lab at University of Utah","2018-11-13","ElFtGy1kV49xqNP00HfxQA==","POM","1",1500,25,100,"nitrogen",23.72,"microgramsPerLiter","Revesz & Coplen 2012a",,
"df511924-bac6-4a83-862f-0b363b95e060","D16","MART","MART.AOS.S2","2018-09-13","MART.SS.20180913.POM.1","A00000059382","condition ok","SIRFER Lab at University of Utah","2018-11-13","ElFtGy1kV49xqNP00HfxQA==","POM","1",1500,25,100,"d15N",1.96,"perMill","Revesz & Coplen 2012a",,
