uid,domainID,siteID,namedLocation,collectDate,sampleID,sampleCode,sampleCondition,laboratoryName,analysisDate,analyzedBy,sampleType,replicate,sampleVolumeFiltered,filterSize,percentFilterAnalyzed,analyte,analyteConcentration,plantAlgaeLabUnits,method,externalRemarks,externalLabDataQF
"904faa73-3b3b-4f96-9eea-84e2aee3143a","D07","LECO","LECO.AOS.S2","2016-09-13","LECO.SS.20160913.POM.2",,"condition ok","Academy of Natural Sciences of Drexel University","2017-05-10","OKgcKejxXbI=","13C15N","2",,,100,"d13C",-27.82,"perMill",,,
"e47e681c-8b4d-4a7b-8db5-1d895df26dd6","D07","LECO","LECO.AOS.S2","2016-09-13","LECO.SS.20160913.POM.1",,"condition ok","Academy of Natural Sciences of Drexel University","2017-04-03","OKgcKejxXbI=","13C15N","1",,,100,"d15N",2.72,"perMill",,,
"26eaaa65-dd6f-42bc-9792-58c6c2d0e2ff","D07","LECO","LECO.AOS.S2","2016-09-13","LECO.SS.20160913.POM.1",,"condition ok","Academy of Natural Sciences of Drexel University","2017-04-03","OKgcKejxXbI=","13C15N","1",,,100,"d13C",-27.77,"perMill",,,
"c62e9998-3e92-4fcf-850c-c7bb21f9bc51","D07","LECO","LECO.AOS.S2","2016-09-13","LECO.SS.20160913.POM.2",,"condition ok","Academy of Natural Sciences of Drexel University","2017-05-10","OKgcKejxXbI=","13C15N","2",,,100,"d15N",2.71,"perMill",,,
"5d9b9927-87d3-4139-a56f-bbac05f7d176","D07","LECO","LECO.AOS.S2","2016-09-27","LECO.SS.20160927.POM.1",,"other","Academy of Natural Sciences of Drexel University","2017-04-03","OKgcKejxXbI=","13C15N","1",,,100,"d13C",,"perMill",,"sample maxed out collector",
"076603a2-ac7a-4e6a-85e4-78b008dc8a8d","D07","LECO","LECO.AOS.S2","2016-09-27","LECO.SS.20160927.POM.1",,"condition ok","Academy of Natural Sciences of Drexel University","2017-04-03","OKgcKejxXbI=","13C15N","1",,,100,"d15N",2.37,"perMill",,,
"a12fd4ae-26e1-40dd-a9ba-2960400116a7","D07","LECO","LECO.AOS.S2","2016-09-27","LECO.SS.20160927.POM.2",,"condition ok","Academy of Natural Sciences of Drexel University","2017-05-10","OKgcKejxXbI=","13C15N","2",,,50,"d15N",2.32,"perMill",,,
"df528028-02ab-4530-8cb2-81315bb1ec6d","D07","LECO","LECO.AOS.S2","2016-09-27","LECO.SS.20160927.POM.2",,"other","Academy of Natural Sciences of Drexel University","2017-05-10","OKgcKejxXbI=","13C15N","2",,,50,"d13C",,"perMill",,"sample maxed out collector",
