uid,domainID,siteID,namedLocation,collectDate,sampleID,sampleCode,sampleCondition,laboratoryName,analysisDate,analyzedBy,sampleType,replicate,sampleVolumeFiltered,filterSize,percentFilterAnalyzed,analyte,analyteConcentration,plantAlgaeLabUnits,method,externalRemarks,externalLabDataQF
"db061c6e-58d7-4a65-8dd4-fe6ed0732434","D02","POSE","POSE.AOS.S2","2015-05-05","POSE.SS.20150505.POM.1",,,"Academy of Natural Sciences of Drexel University","2015-08-30","OKgcKejxXbI=","CN iso","1",300,25,100,"d13C",-27.95,"perMill",,,"Audit Failed. Document: A00036_DREX_AlgalChem_DocAudit_20170407.pdf & A00036_DREX_AlgalChem_VisitAudit_20170407.pdf"
"2d43789f-076a-47af-98b4-6830004a116c","D02","POSE","POSE.AOS.S2","2015-05-05","POSE.SS.20150505.POM.2",,,"Academy of Natural Sciences of Drexel University","2015-08-30","OKgcKejxXbI=","CN iso","2",300,25,100,"d13C",-27.88,"perMill",,,"Audit Failed. Document: A00036_DREX_AlgalChem_DocAudit_20170407.pdf & A00036_DREX_AlgalChem_VisitAudit_20170407.pdf"
"458bdced-0139-4aba-87b5-6c7b0109fd37","D02","POSE","POSE.AOS.S2","2015-05-05","POSE.SS.20150505.POM.2",,,"Academy of Natural Sciences of Drexel University","2015-08-30","OKgcKejxXbI=","CN iso","2",300,25,100,"d15N",3.54,"perMill",,,"Audit Failed. Document: A00036_DREX_AlgalChem_DocAudit_20170407.pdf & A00036_DREX_AlgalChem_VisitAudit_20170407.pdf"
"9f8c7610-4552-48e4-9665-6348ff24dd86","D02","POSE","POSE.AOS.S2","2015-05-05","POSE.SS.20150505.POM.2",,,"Academy of Natural Sciences of Drexel University","2015-08-30","OKgcKejxXbI=","13C15N","2",,,100,"d13C",-27.88,"perMill",,,
"87105285-1f48-411d-beec-ff42abee188c","D02","POSE","POSE.AOS.S2","2015-05-05","POSE.SS.20150505.POM.1",,,"Academy of Natural Sciences of Drexel University","2015-08-30","OKgcKejxXbI=","13C15N","1",,,100,"d15N",6.77,"perMill",,,
"80740c41-f920-4a57-927e-54fa52f1710f","D02","POSE","POSE.AOS.S2","2015-05-05","POSE.SS.20150505.POM.2",,,"Academy of Natural Sciences of Drexel University","2015-08-30","OKgcKejxXbI=","13C15N","2",,,100,"d15N",3.54,"perMill",,,
"2b151637-44f0-40fa-aa86-3dc7975c5bcb","D02","POSE","POSE.AOS.S2","2015-05-05","POSE.SS.20150505.POM.1",,,"Academy of Natural Sciences of Drexel University","2015-08-30","OKgcKejxXbI=","13C15N","1",,,100,"d13C",-27.95,"perMill",,,
"9ee2dc9c-0f6c-43f6-93ec-f3e9d2ef3040","D02","POSE","POSE.AOS.S2","2015-05-05","POSE.SS.20150505.POM.1",,,"Academy of Natural Sciences of Drexel University","2015-08-30","OKgcKejxXbI=","CN iso","1",300,25,100,"d15N",6.77,"perMill",,,"Audit Failed. Document: A00036_DREX_AlgalChem_DocAudit_20170407.pdf & A00036_DREX_AlgalChem_VisitAudit_20170407.pdf"
"7f57e6fb-366a-4c56-bc22-8b5541c2d779","D02","POSE","POSE.AOS.S2","2015-05-12","POSE.SS.20150512.POM.1",,,"Academy of Natural Sciences of Drexel University","2015-08-30","OKgcKejxXbI=","13C15N","1",,,100,"d13C",-29.28,"perMill",,,
"da1430c3-f29f-4be0-9583-0a9b76c4e167","D02","POSE","POSE.AOS.S2","2015-05-12","POSE.SS.20150512.POM.1",,"other","Academy of Natural Sciences of Drexel University","2015-08-30","OKgcKejxXbI=","13C15N","1",,,100,"d15N",,"perMill",,"no data",
"0862aa9b-694d-4c53-91cb-a2103bd66595","D02","POSE","POSE.AOS.S2","2015-05-12","POSE.SS.20150512.POM.1",,,"Academy of Natural Sciences of Drexel University","2015-08-30","OKgcKejxXbI=","CN iso","1",200,25,100,"d15N",,"perMill",,"bad data","Audit Failed. Document: A00036_DREX_AlgalChem_DocAudit_20170407.pdf & A00036_DREX_AlgalChem_VisitAudit_20170407.pdf"
"19cedf94-09cc-40bd-b6a6-82083f699e25","D02","POSE","POSE.AOS.S2","2015-05-12","POSE.SS.20150512.POM.1",,,"Academy of Natural Sciences of Drexel University","2015-08-30","OKgcKejxXbI=","CN iso","1",200,25,100,"d13C",-29.28,"perMill",,,"Audit Failed. Document: A00036_DREX_AlgalChem_DocAudit_20170407.pdf & A00036_DREX_AlgalChem_VisitAudit_20170407.pdf"
"0983404c-5217-4fc5-808d-2a4ec64b5801","D02","POSE","POSE.AOS.S2","2015-05-12","POSE.SS.20150512.POM.2",,,"Academy of Natural Sciences of Drexel University","2015-08-30","OKgcKejxXbI=","CN iso","2",200,25,100,"d15N",3.21,"perMill",,,"Audit Failed. Document: A00036_DREX_AlgalChem_DocAudit_20170407.pdf & A00036_DREX_AlgalChem_VisitAudit_20170407.pdf"
"723e9e9f-56ab-4f0f-a46c-2b9196ce2ced","D02","POSE","POSE.AOS.S2","2015-05-12","POSE.SS.20150512.POM.2",,,"Academy of Natural Sciences of Drexel University","2015-08-30","OKgcKejxXbI=","13C15N","2",,,100,"d13C",-28.08,"perMill",,,
"ca6094e8-94fd-430f-bd64-47a86e4c9426","D02","POSE","POSE.AOS.S2","2015-05-12","POSE.SS.20150512.POM.2",,,"Academy of Natural Sciences of Drexel University","2015-08-30","OKgcKejxXbI=","13C15N","2",,,100,"d15N",3.21,"perMill",,,
"d8a12427-1ca3-4560-9177-97140decaaae","D02","POSE","POSE.AOS.S2","2015-05-12","POSE.SS.20150512.POM.2",,,"Academy of Natural Sciences of Drexel University","2015-08-30","OKgcKejxXbI=","CN iso","2",200,25,100,"d13C",-28.08,"perMill",,,"Audit Failed. Document: A00036_DREX_AlgalChem_DocAudit_20170407.pdf & A00036_DREX_AlgalChem_VisitAudit_20170407.pdf"
"77546a08-a1d3-4a4a-827b-eb2e2dde9470","D02","POSE","POSE.AOS.S2","2015-05-19","POSE.SS.20150519.POM.1",,,"Academy of Natural Sciences of Drexel University","2015-08-30","OKgcKejxXbI=","CN iso","1",200,25,100,"d15N",2.94,"perMill",,,"Audit Failed. Document: A00036_DREX_AlgalChem_DocAudit_20170407.pdf & A00036_DREX_AlgalChem_VisitAudit_20170407.pdf"
"7adacb69-674c-4bbe-b4fc-054a2c902fa6","D02","POSE","POSE.AOS.S2","2015-05-19","POSE.SS.20150519.POM.1",,,"Academy of Natural Sciences of Drexel University","2015-08-30","OKgcKejxXbI=","CN iso","1",200,25,100,"d13C",-28.20,"perMill",,,"Audit Failed. Document: A00036_DREX_AlgalChem_DocAudit_20170407.pdf & A00036_DREX_AlgalChem_VisitAudit_20170407.pdf"
"1bc8f7df-b729-4f5e-a65c-0f1a8326301d","D02","POSE","POSE.AOS.S2","2015-05-19","POSE.SS.20150519.POM.2",,,"Academy of Natural Sciences of Drexel University","2015-08-30","OKgcKejxXbI=","CN iso","2",200,25,100,"d15N",3.92,"perMill",,,"Audit Failed. Document: A00036_DREX_AlgalChem_DocAudit_20170407.pdf & A00036_DREX_AlgalChem_VisitAudit_20170407.pdf"
"fba7da0e-857a-4dbe-aa29-0728aa4c028f","D02","POSE","POSE.AOS.S2","2015-05-19","POSE.SS.20150519.POM.2",,,"Academy of Natural Sciences of Drexel University","2015-08-30","OKgcKejxXbI=","CN iso","2",200,25,100,"d13C",-28.20,"perMill",,,"Audit Failed. Document: A00036_DREX_AlgalChem_DocAudit_20170407.pdf & A00036_DREX_AlgalChem_VisitAudit_20170407.pdf"
"0dabd9c1-4a5f-49ce-b051-80c16291fd66","D02","POSE","POSE.AOS.S2","2015-05-19","POSE.SS.20150519.POM.1",,,"Academy of Natural Sciences of Drexel University","2015-08-30","OKgcKejxXbI=","13C15N","1",,,100,"d13C",-28.20,"perMill",,,
"d4fa9b43-e20e-480d-a492-d27724bc4e07","D02","POSE","POSE.AOS.S2","2015-05-19","POSE.SS.20150519.POM.1",,,"Academy of Natural Sciences of Drexel University","2015-08-30","OKgcKejxXbI=","13C15N","1",,,100,"d15N",2.94,"perMill",,,
"05585572-6fc2-47a5-9f14-25137bda2b46","D02","POSE","POSE.AOS.S2","2015-05-19","POSE.SS.20150519.POM.2",,,"Academy of Natural Sciences of Drexel University","2015-08-30","OKgcKejxXbI=","13C15N","2",,,100,"d15N",3.92,"perMill",,,
"4374d3aa-63ed-4bd8-8ade-bda06a3a9fda","D02","POSE","POSE.AOS.S2","2015-05-19","POSE.SS.20150519.POM.2",,,"Academy of Natural Sciences of Drexel University","2015-08-30","OKgcKejxXbI=","13C15N","2",,,100,"d13C",-28.20,"perMill",,,
