uid,domainID,siteID,namedLocation,collectDate,sampleID,sampleCode,sampleCondition,laboratoryName,analysisDate,analyzedBy,sampleType,replicate,sampleVolumeFiltered,filterSize,percentFilterAnalyzed,analyte,analyteConcentration,plantAlgaeLabUnits,method,externalRemarks,externalLabDataQF
"ef529f14-2ac1-4f57-8f18-ce9cb8727a86","D02","POSE","POSE.AOS.S2","2018-07-24","POSE.SS.20180724.POM.1","A00000002608","condition ok","SIRFER Lab at University of Utah","2018-11-14","ElFtGy1kV49xqNP00HfxQA==","POM","1",100,25,100,"carbon",,"microgramsPerLiter","Revesz & Coplen 2012a",,
"0a2a5e4b-505e-4494-adcc-0dcdad0b77b6","D02","POSE","POSE.AOS.S2","2018-07-24","POSE.SS.20180724.POM.1","A00000002608","condition ok","SIRFER Lab at University of Utah","2018-11-14","ElFtGy1kV49xqNP00HfxQA==","POM","1",100,25,100,"nitrogen",,"microgramsPerLiter","Revesz & Coplen 2012a",,
"7f6058d0-e58e-4cd8-aa88-c2a372f49cc1","D02","POSE","POSE.AOS.S2","2018-07-24","POSE.SS.20180724.POM.1","A00000002608","condition ok","SIRFER Lab at University of Utah","2018-11-14","ElFtGy1kV49xqNP00HfxQA==","POM","1",100,25,100,"d13C",,"perMill","Revesz & Coplen 2012b",,
"66cc816f-d379-401d-8d5e-c8972b113c87","D02","POSE","POSE.AOS.S2","2018-07-24","POSE.SS.20180724.POM.1","A00000002608","condition ok","SIRFER Lab at University of Utah","2018-11-14","ElFtGy1kV49xqNP00HfxQA==","POM","1",100,25,100,"d15N",,"perMill","Revesz & Coplen 2012a",,
