uid,domainID,siteID,namedLocation,collectDate,parentSampleID,parentSampleCode,isotopeH2OSampleCond,isotopeH2OSampleID,isotopeH2OSampleCode,isotopePOMRep2SampleCond,isotopePOMRep2SampleID,isotopePOMRep2SampleCode,isotopePOMSampleCond,isotopePOMSampleID,isotopePOMSampleCode,processedDateFilters,processedDateH2OIsotopes,sampleVolumeFilteredPOMRep1,sampleVolumeFilteredPOMRep2,fieldDataQF
"1e5579e1-8664-45fb-902b-1958aed28307","D17","BIGC","BIGC.AOS.S2","2019-07-01T17:33Z","BIGC.SS.20190701",,"Sample condition ok","BIGC.SS.20190701.H2O.3","A00000062908",,,,,,,,"2019-07-01T18:06Z",,,
"f285b1c5-2207-4603-9f51-d5249b52277d","D17","BIGC","BIGC.AOS.S2","2019-07-01T17:33Z","BIGC.SS.20190701",,"Sample condition ok","BIGC.SS.20190701.H2O.2","A00000062907",,,,,,,,"2019-07-01T18:06Z",,,
"f71e237b-c162-4d39-af4b-68739520e476","D17","BIGC","BIGC.AOS.S2","2019-07-01T17:33Z","BIGC.SS.20190701",,"Sample condition ok","BIGC.SS.20190701.H2O.1","A00000062906","Sample condition ok","BIGC.SS.20190701.POM.2","A00000063964","Sample condition ok","BIGC.SS.20190701.POM.1","A00000063965","2019-07-01T18:40Z","2019-07-01T18:06Z",1900,1900,
"c1787b46-079a-4687-8a20-f1a259ee29e1","D17","BIGC","BIGC.AOS.S2","2019-07-15T17:12Z","BIGC.SS.20190715",,"Sample condition ok","BIGC.SS.20190715.H2O.1","A00000062778","Sample condition ok","BIGC.SS.20190715.POM.2","A00000064003","Sample condition ok","BIGC.SS.20190715.POM.1","A00000064002","2019-07-15T18:00Z","2019-07-15T18:00Z",2000,2000,
