uid,domainID,siteID,namedLocation,collectDate,analysisDate,isotopeH2OSampleID,isotopeH2OSampleCode,instrumentSN,d18OWater,d2HWater,d18OsdWater,d2HsdWater,isotopeH2OExternalLabQF,laboratoryName,analyzedBy,sampleCondition,externalRemarks,externalLabDataQF
"841b82d3-29dd-4d21-a95d-57d1de69fb98","D17","BIGC","BIGC.AOS.S2","2019-07-01","2019-10-21","BIGC.SS.20190701.H2O.2","A00000062907","HIDS2052",-11.34,-78.87,0.02,0.22,0,"SIRFER Lab at University of Utah","OlSmE6RRn5QQH8tvUHmK5i/poYiQr6sd","OK",,
"0cdcd9b0-c3a5-455d-b17b-4bed668e3cc2","D17","BIGC","BIGC.AOS.S2","2019-07-01","2019-10-21","BIGC.SS.20190701.H2O.3","A00000062908","HIDS2052",-11.47,-79.34,0.00,0.08,0,"SIRFER Lab at University of Utah","OlSmE6RRn5QQH8tvUHmK5i/poYiQr6sd","OK",,
"485a6d8c-d977-4da4-977f-37438d072c0f","D17","BIGC","BIGC.AOS.S2","2019-07-01","2019-10-21","BIGC.SS.20190701.H2O.1","A00000062906","HIDS2052",-11.41,-79.06,0.03,0.21,0,"SIRFER Lab at University of Utah","OlSmE6RRn5QQH8tvUHmK5i/poYiQr6sd","OK",,
"849377ab-d1bc-4971-887b-154537e1607e","D17","BIGC","BIGC.AOS.S2","2019-07-15","2019-09-27","BIGC.SS.20190715.H2O.1","A00000062778","HIDS2052",-11.92,-82.07,0.05,0.28,0,"SIRFER Lab at University of Utah","OlSmE6RRn5QQH8tvUHmK5i/poYiQr6sd","OK",,
