uid,domainID,siteID,namedLocation,collectDate,parentSampleID,parentSampleCode,isotopeH2OSampleCond,isotopeH2OSampleID,isotopeH2OSampleCode,isotopePOMRep2SampleCond,isotopePOMRep2SampleID,isotopePOMRep2SampleCode,isotopePOMSampleCond,isotopePOMSampleID,isotopePOMSampleCode,processedDateFilters,processedDateH2OIsotopes,sampleVolumeFilteredPOMRep1,sampleVolumeFilteredPOMRep2,fieldDataQF
"b0010c47-830d-4a79-b2a3-bfddae69b4b4","D05","LIRO","LIRO.AOS.inlet","2017-10-02T14:50Z","LIRO.IN.20171002",,"Sample condition ok","LIRO.IN.20171002.H2O.1",,"Sample condition ok",,,"Sample condition ok","LIRO.IN.20171002.POM.1",,"2017-10-02T19:43Z","2017-10-02T21:35Z",300,,
"6d63a7a1-c740-4ca1-8ef3-8acab6316067","D05","LIRO","LIRO.AOS.buoy.c1","2017-10-02T15:41Z","LIRO.C0.20171002",,"Sample condition ok","LIRO.C0.20171002.H2O.1",,"Sample condition ok",,,"Sample condition ok","LIRO.C0.20171002.POM.1",,"2017-10-02T20:50Z","2017-10-02T21:36Z",300,,
"f739656d-95fe-499f-abfc-86552db9deee","D05","LIRO","LIRO.AOS.outlet","2017-10-02T16:00Z","LIRO.OT.20171002",,"Sample condition ok","LIRO.OT.20171002.H2O.1",,"Sample condition ok",,,"Sample condition ok","LIRO.OT.20171002.POM.1",,"2017-10-02T19:42Z","2017-10-02T21:30Z",300,,
"18526ae7-dc70-485f-b9a1-10fa82e0406d","D05","LIRO","LIRO.AOS.inlet","2017-10-23T15:06Z","LIRO.IN.20171023",,"Sample condition ok","LIRO.IN.20171023.H2O.1",,"Sample condition ok","LIRO.IN.20171023.POM.2",,"Sample condition ok","LIRO.IN.20171023.POM.1",,"2017-10-23T18:21Z","2017-10-23T19:45Z",250,250,
"e1ea81f7-9e1b-4a06-bbe6-4ecf80901005","D05","LIRO","LIRO.AOS.buoy.c1","2017-10-23T15:42Z","LIRO.C1.20171023",,"Sample condition ok","LIRO.C1.20171023.H2O.1",,"Sample condition ok","LIRO.C1.20171023.POM.2",,"Sample condition ok","LIRO.C1.20171023.POM.1",,"2017-10-23T19:42Z","2017-10-23T19:35Z",150,150,
"7524082d-ec51-4ad6-b4bb-c616990fd2cb","D05","LIRO","LIRO.AOS.outlet","2017-10-23T16:11Z","LIRO.OT.20171023",,"Sample condition ok","LIRO.OT.20171023.H2O.1",,"Sample condition ok","LIRO.OT.20171023.POM.2",,"Sample condition ok","LIRO.OT.20171023.POM.1",,"2017-10-23T18:51Z","2017-10-23T19:38Z",250,250,
