uid,domainID,siteID,namedLocation,collectDate,sampleID,sampleCode,sampleCondition,laboratoryName,analysisDate,analyzedBy,sampleType,replicate,sampleVolumeFiltered,filterSize,percentFilterAnalyzed,analyte,analyteConcentration,plantAlgaeLabUnits,method,externalRemarks,externalLabDataQF
"8b8492c4-d74e-47a9-b2bf-259b2eb195f1","D05","LIRO","LIRO.AOS.inlet","2017-10-02","LIRO.IN.20171002.POM.1",,"condition ok","SIRFER Lab at University of Utah","2018-03-29","ElFtGy1kV49xqNP00HfxQA==","POM","1",300,25,100,"carbon",679.85,"microgramsPerLiter","Revesz & Coplen 2012a",,
"bf2f9195-0f6a-46c0-be89-dd855fb38034","D05","LIRO","LIRO.AOS.inlet","2017-10-02","LIRO.IN.20171002.POM.1",,"condition ok","SIRFER Lab at University of Utah","2018-03-29","ElFtGy1kV49xqNP00HfxQA==","POM","1",300,25,100,"nitrogen",65.00,"microgramsPerLiter","Revesz & Coplen 2012a",,
"d69a01a9-7bc2-479c-b69f-c5a55527da95","D05","LIRO","LIRO.AOS.inlet","2017-10-02","LIRO.IN.20171002.POM.1",,"condition ok","SIRFER Lab at University of Utah","2018-03-29","ElFtGy1kV49xqNP00HfxQA==","POM","1",300,25,100,"d13C",-31.05,"perMill","Revesz & Coplen 2012a",,
"7082c99d-ebf9-4aa1-8397-5e643c94d3ed","D05","LIRO","LIRO.AOS.inlet","2017-10-02","LIRO.IN.20171002.POM.1",,"condition ok","SIRFER Lab at University of Utah","2018-03-29","ElFtGy1kV49xqNP00HfxQA==","POM","1",300,25,100,"d15N",2.74,"perMill","Revesz & Coplen 2012a",,
"95dbe3db-c5db-4c93-9a35-dcab50a0e648","D05","LIRO","LIRO.AOS.buoy.c1","2017-10-02","LIRO.C0.20171002.POM.1",,"condition ok","SIRFER Lab at University of Utah","2018-03-28","ElFtGy1kV49xqNP00HfxQA==","POM","1",300,25,100,"d15N",,"perMill","Revesz & Coplen 2012a",,
"7000deff-c1f2-492d-a487-a0c3ddce005f","D05","LIRO","LIRO.AOS.buoy.c1","2017-10-02","LIRO.C0.20171002.POM.1",,"condition ok","SIRFER Lab at University of Utah","2018-03-28","ElFtGy1kV49xqNP00HfxQA==","POM","1",300,25,100,"nitrogen",,"microgramsPerLiter","Revesz & Coplen 2012a",,
"d06b6305-6dd4-4583-99c9-ce0e57e37d9b","D05","LIRO","LIRO.AOS.buoy.c1","2017-10-02","LIRO.C0.20171002.POM.1",,"condition ok","SIRFER Lab at University of Utah","2018-03-28","ElFtGy1kV49xqNP00HfxQA==","POM","1",300,25,100,"carbon",,"microgramsPerLiter","Revesz & Coplen 2012a",,
"3fc061f8-11e4-493a-a887-b9e570859ff2","D05","LIRO","LIRO.AOS.buoy.c1","2017-10-02","LIRO.C0.20171002.POM.1",,"condition ok","SIRFER Lab at University of Utah","2018-03-28","ElFtGy1kV49xqNP00HfxQA==","POM","1",300,25,100,"d13C",,"perMill","Revesz & Coplen 2012a",,
"7ea42d44-a793-4b8e-82f5-3f8ca2a05f8a","D05","LIRO","LIRO.AOS.outlet","2017-10-02","LIRO.OT.20171002.POM.1",,"condition ok","SIRFER Lab at University of Utah","2018-03-29","ElFtGy1kV49xqNP00HfxQA==","POM","1",300,25,100,"d15N",1.87,"perMill","Revesz & Coplen 2012a",,
"b06e4def-c035-494e-acbc-aae412fab8f8","D05","LIRO","LIRO.AOS.outlet","2017-10-02","LIRO.OT.20171002.POM.1",,"condition ok","SIRFER Lab at University of Utah","2018-03-29","ElFtGy1kV49xqNP00HfxQA==","POM","1",300,25,100,"d13C",-31.98,"perMill","Revesz & Coplen 2012a",,
"28c5557b-e7e2-486d-a323-6428ac22fc16","D05","LIRO","LIRO.AOS.outlet","2017-10-02","LIRO.OT.20171002.POM.1",,"condition ok","SIRFER Lab at University of Utah","2018-03-29","ElFtGy1kV49xqNP00HfxQA==","POM","1",300,25,100,"nitrogen",53.43,"microgramsPerLiter","Revesz & Coplen 2012a",,
"7dff9e84-822d-4dc9-b447-924028089fab","D05","LIRO","LIRO.AOS.outlet","2017-10-02","LIRO.OT.20171002.POM.1",,"condition ok","SIRFER Lab at University of Utah","2018-03-29","ElFtGy1kV49xqNP00HfxQA==","POM","1",300,25,100,"carbon",540.92,"microgramsPerLiter","Revesz & Coplen 2012a",,
"3756caaf-87b6-4659-bae2-390bc26b741f","D05","LIRO","LIRO.AOS.inlet","2017-10-23","LIRO.IN.20171023.POM.2",,"condition ok","SIRFER Lab at University of Utah","2018-03-29","ElFtGy1kV49xqNP00HfxQA==","POM","1",250,25,100,"carbon",382.75,"microgramsPerLiter","Revesz & Coplen 2012a",,
"b2e513f1-e516-44be-951d-8406e0e49724","D05","LIRO","LIRO.AOS.inlet","2017-10-23","LIRO.IN.20171023.POM.2",,"condition ok","SIRFER Lab at University of Utah","2018-03-29","ElFtGy1kV49xqNP00HfxQA==","POM","1",250,25,100,"d13C",-30.90,"perMill","Revesz & Coplen 2012a",,
"241247e0-0597-4f4f-9819-e4cb055818ed","D05","LIRO","LIRO.AOS.inlet","2017-10-23","LIRO.IN.20171023.POM.2",,"condition ok","SIRFER Lab at University of Utah","2018-03-29","ElFtGy1kV49xqNP00HfxQA==","POM","1",250,25,100,"nitrogen",44.04,"microgramsPerLiter","Revesz & Coplen 2012a",,
"9e70cfe8-fc45-44d0-b68e-f57a32439086","D05","LIRO","LIRO.AOS.inlet","2017-10-23","LIRO.IN.20171023.POM.2",,"condition ok","SIRFER Lab at University of Utah","2018-03-29","ElFtGy1kV49xqNP00HfxQA==","POM","1",250,25,100,"d15N",13.12,"perMill","Revesz & Coplen 2012a",,
"a3c77827-3577-4817-8155-32d1155d2626","D05","LIRO","LIRO.AOS.buoy.c1","2017-10-23","LIRO.C1.20171023.POM.2",,"condition ok","SIRFER Lab at University of Utah","2018-03-28","ElFtGy1kV49xqNP00HfxQA==","POM","1",150,25,100,"carbon",495.36,"microgramsPerLiter","Revesz & Coplen 2012a",,
"32c6fb10-d1b4-485c-aee1-9cc21c5619c5","D05","LIRO","LIRO.AOS.buoy.c1","2017-10-23","LIRO.C1.20171023.POM.2",,"condition ok","SIRFER Lab at University of Utah","2018-03-28","ElFtGy1kV49xqNP00HfxQA==","POM","1",150,25,100,"d13C",-32.54,"perMill","Revesz & Coplen 2012a",,
"f38bf221-0be8-4ee4-bb51-89bc5d2ff39c","D05","LIRO","LIRO.AOS.buoy.c1","2017-10-23","LIRO.C1.20171023.POM.2",,"condition ok","SIRFER Lab at University of Utah","2018-03-28","ElFtGy1kV49xqNP00HfxQA==","POM","1",150,25,100,"d15N",9.67,"perMill","Revesz & Coplen 2012a",,
"36f1901b-a31b-4f22-a2c1-f16abfad5e6c","D05","LIRO","LIRO.AOS.buoy.c1","2017-10-23","LIRO.C1.20171023.POM.2",,"condition ok","SIRFER Lab at University of Utah","2018-03-28","ElFtGy1kV49xqNP00HfxQA==","POM","1",150,25,100,"nitrogen",62.40,"microgramsPerLiter","Revesz & Coplen 2012a",,
"af32bb45-4899-438a-8c9d-5654c99d7e47","D05","LIRO","LIRO.AOS.outlet","2017-10-23","LIRO.OT.20171023.POM.2",,"condition ok","SIRFER Lab at University of Utah","2018-03-29","ElFtGy1kV49xqNP00HfxQA==","POM","1",250,25,100,"nitrogen",56.13,"microgramsPerLiter","Revesz & Coplen 2012a",,
"d9b80284-d156-4e41-a428-27a9f24fa39d","D05","LIRO","LIRO.AOS.outlet","2017-10-23","LIRO.OT.20171023.POM.2",,"condition ok","SIRFER Lab at University of Utah","2018-03-29","ElFtGy1kV49xqNP00HfxQA==","POM","1",250,25,100,"d13C",-30.12,"perMill","Revesz & Coplen 2012a",,
"011ed8cc-8941-4764-a73b-99b3a895a186","D05","LIRO","LIRO.AOS.outlet","2017-10-23","LIRO.OT.20171023.POM.2",,"condition ok","SIRFER Lab at University of Utah","2018-03-29","ElFtGy1kV49xqNP00HfxQA==","POM","1",250,25,100,"d15N",15.85,"perMill","Revesz & Coplen 2012a",,
"5961c933-1dc3-4a2d-b434-df31322d2e28","D05","LIRO","LIRO.AOS.outlet","2017-10-23","LIRO.OT.20171023.POM.2",,"condition ok","SIRFER Lab at University of Utah","2018-03-29","ElFtGy1kV49xqNP00HfxQA==","POM","1",250,25,100,"carbon",476.10,"microgramsPerLiter","Revesz & Coplen 2012a",,
