uid,domainID,siteID,namedLocation,decimalLatitude,decimalLongitude,coordinateUncertainty,additionalCoordUncertainty,elevation,elevationUncertainty,geodeticDatum,altLocation,altLatitude,altLongitude,altCoordinateUncertainty,altGeodeticDatum,collectDate,aquaticSiteType,samplingImpractical,parentSampleID,parentSampleCode,eventID,samplerType,dissolvedOxygen,dissolvedOxygenSaturation,specificConductance,waterTemp,asiSamplingProtocolVersion,lowerSegmentDepth,upperSegmentDepth,maxDepth,lakeSampleDepth1,lakeSampleDepth2,aCollectedBy,bCollectedBy,remarks,fieldDataQF
"859e5c2b-adcf-4244-b62c-7635e51db32a","D05","LIRO","LIRO.AOS.inlet",45.995229,-89.706476,2.4,10.0,495.5,1.2,"WGS84",,,,,,"2017-10-02T14:50Z","lake",,"LIRO.IN.20171002",,"LIRO.20171002","Kemmerer",,,,,"NEON.DOC.001886vF",,,1.8,0.5,,"jhudson@neoninc.org","jpyatt@neoninc.org","Record deleted accidently. Depth approximate. SDG collected directly from ASI jug",
"7650767f-1b71-4f0d-be9d-71f2daf5707d","D05","LIRO","LIRO.AOS.buoy.c1",45.998322,-89.704766,10.0,10.0,502.0,10.0,"WGS84",,,,,,"2017-10-02T15:41Z","lake",,"LIRO.C0.20171002",,"LIRO.20171002","Kemmerer",,,10.90,16.60,"NEON.DOC.001886vF",4.5,0.0,8.9,0.5,,"jhudson@neoninc.org","jpyatt@neoninc.org","SDG collected directly from ASI jug",
"810f095b-03ad-46ac-b8f7-5d806e007fa9","D05","LIRO","LIRO.AOS.outlet",46.000596,-89.704067,2.4,10.0,496.3,1.2,"WGS84",,,,,,"2017-10-02T16:00Z","lake",,"LIRO.OT.20171002",,"LIRO.20171002",,,,10.90,16.30,"NEON.DOC.001886vF",,,1.4,0.5,,"jhudson@neoninc.org","jpyatt@neoninc.org","SDG collected directly from ASI jug.",
"88fafefd-1f16-4fb1-a43f-327dedf4d2ce","D05","LIRO","LIRO.AOS.inlet",45.995229,-89.706476,2.4,10.0,495.5,1.2,"WGS84",,,,,,"2017-10-23T15:06Z","lake",,"LIRO.IN.20171023",,"LIRO.20171023","Kemmerer",,,11.60,11.60,"NEON.DOC.001886vF",,,1.5,0.5,,"jhudson@neoninc.org","kgoebel@battelleecology.org","Inlet sample in containers labeled for outlet.",
"faff797c-a2ff-41b5-96af-cdc3fa12f8da","D05","LIRO","LIRO.AOS.buoy.c1",45.998322,-89.704766,10.0,10.0,502.0,10.0,"WGS84",,,,,,"2017-10-23T15:42Z","lake",,"LIRO.C1.20171023",,"LIRO.20171023","Kemmerer",,,11.30,11.90,"NEON.DOC.001886vF",7.0,0.0,8.9,0.5,,"jhudson@neoninc.org","kgoebel@battelleecology.org",,
"bb6f4e8e-c021-405c-bcad-6c1fbbf82942","D05","LIRO","LIRO.AOS.outlet",46.000596,-89.704067,2.4,10.0,496.3,1.2,"WGS84",,,,,,"2017-10-23T16:11Z","lake",,"LIRO.OT.20171023",,"LIRO.20171023","Kemmerer",,,11.30,11.50,"NEON.DOC.001886vF",,,1.4,0.5,,"jhudson@neoninc.org","kgoebel@battelleecology.org",,
