uid,domainID,siteID,namedLocation,collectDate,sampleID,sampleCode,sampleCondition,laboratoryName,analysisDate,analyzedBy,sampleType,replicate,sampleVolumeFiltered,filterSize,percentFilterAnalyzed,analyte,analyteConcentration,plantAlgaeLabUnits,method,externalRemarks,externalLabDataQF
"46923b73-6e3b-4166-9178-d29c6973792b","D18","TOOK","TOOK.AOS.buoy.c0","2017-04-03","TOOK.C0.20170403.POM.2",,"condition ok","SIRFER Lab at University of Utah","2018-05-10","ElFtGy1kV49xqNP00HfxQA==","POM","1",600,25,100,"d15N",16.70,"perMill","Revesz & Coplen 2012a",,
"48c38001-9c71-4ead-aec7-7267687fe5bd","D18","TOOK","TOOK.AOS.buoy.c0","2017-04-03","TOOK.C0.20170403.POM.2",,"condition ok","SIRFER Lab at University of Utah","2018-05-10","ElFtGy1kV49xqNP00HfxQA==","POM","1",600,25,100,"nitrogen",11.89,"microgramsPerLiter","Revesz & Coplen 2012a",,
"f14f5ab5-1d5b-4315-aece-91156359cd3e","D18","TOOK","TOOK.AOS.buoy.c0","2017-04-03","TOOK.C0.20170403.POM.2",,"condition ok","SIRFER Lab at University of Utah","2018-05-10","ElFtGy1kV49xqNP00HfxQA==","POM","1",600,25,100,"carbon",94.63,"microgramsPerLiter","Revesz & Coplen 2012a",,
"933862df-42a1-4f84-b692-f62815765717","D18","TOOK","TOOK.AOS.buoy.c0","2017-04-03","TOOK.C0.20170403.POM.2",,"condition ok","SIRFER Lab at University of Utah","2018-05-10","ElFtGy1kV49xqNP00HfxQA==","POM","1",600,25,100,"d13C",-28.74,"perMill","Revesz & Coplen 2012a",,
"8cae7442-fa3e-49c2-8b86-6c511c4fb4ff","D18","TOOK","TOOK.AOS.buoy.c0","2017-04-29","TOOK.C0.20170429.POM.2",,"condition ok","SIRFER Lab at University of Utah","2018-05-10","ElFtGy1kV49xqNP00HfxQA==","POM","1",500,25,100,"nitrogen",23.66,"microgramsPerLiter","Revesz & Coplen 2012a",,
"c6600067-dbf9-4290-a353-b8133630453f","D18","TOOK","TOOK.AOS.buoy.c0","2017-04-29","TOOK.C0.20170429.POM.2",,"condition ok","SIRFER Lab at University of Utah","2018-05-10","ElFtGy1kV49xqNP00HfxQA==","POM","1",500,25,100,"carbon",200.75,"microgramsPerLiter","Revesz & Coplen 2012a",,
"49725523-affa-4bac-a5db-51bd2368ca6a","D18","TOOK","TOOK.AOS.buoy.c0","2017-04-29","TOOK.C0.20170429.POM.2",,"condition ok","SIRFER Lab at University of Utah","2018-05-10","ElFtGy1kV49xqNP00HfxQA==","POM","1",500,25,100,"d15N",11.27,"perMill","Revesz & Coplen 2012a",,
"c58bed0c-f545-471a-9a11-723be4290711","D18","TOOK","TOOK.AOS.buoy.c0","2017-04-29","TOOK.C0.20170429.POM.2",,"condition ok","SIRFER Lab at University of Utah","2018-05-10","ElFtGy1kV49xqNP00HfxQA==","POM","1",500,25,100,"d13C",-31.36,"perMill","Revesz & Coplen 2012a",,
