uid,domainID,siteID,namedLocation,collectDate,sampleID,sampleCode,sampleCondition,laboratoryName,analysisDate,analyzedBy,sampleType,replicate,sampleVolumeFiltered,filterSize,percentFilterAnalyzed,analyte,analyteConcentration,plantAlgaeLabUnits,method,externalRemarks,externalLabDataQF
"6aad24a7-2c8b-4594-8e5d-acf9c65c2d99","D08","MAYF","MAYF.AOS.S2","2015-09-01","MAYF.SS.20150901.POM.2",,"condition ok","Academy of Natural Sciences of Drexel University","2017-01-17","OKgcKejxXbI=","13C15N","2",,,100,"d15N",5.92,"perMill",,,
"cad452b4-da9a-4dcb-bbb1-c40ee39b9ed1","D08","MAYF","MAYF.AOS.S2","2015-09-01","MAYF.SS.20150901.POM.1",,"condition ok","Academy of Natural Sciences of Drexel University","2016-09-13","OKgcKejxXbI=","13C15N","1",30,25,100,"d13C",-27.37,"perMill",,,"Audit Failed. Document: A00036_DREX_AlgalChem_DocAudit_20170407.pdf & A00036_DREX_AlgalChem_VisitAudit_20170407.pdf"
"b29337e2-8c49-42f4-bf79-d8057a94faf0","D08","MAYF","MAYF.AOS.S2","2015-09-01","MAYF.SS.20150901.POM.1",,"condition ok","Academy of Natural Sciences of Drexel University","2016-09-13","OKgcKejxXbI=","13C15N","1",30,25,100,"d15N",3.30,"perMill",,,"Audit Failed. Document: A00036_DREX_AlgalChem_DocAudit_20170407.pdf & A00036_DREX_AlgalChem_VisitAudit_20170407.pdf"
"12e0f447-a997-463a-a717-2669a677e9c8","D08","MAYF","MAYF.AOS.S2","2015-09-01","MAYF.SS.20150901.POM.2",,"condition ok","Academy of Natural Sciences of Drexel University","2017-01-17","OKgcKejxXbI=","13C15N","2",30,25,100,"d13C",-27.23,"perMill",,,"Audit Failed. Document: A00036_DREX_AlgalChem_DocAudit_20170407.pdf & A00036_DREX_AlgalChem_VisitAudit_20170407.pdf"
"a55ea4f5-8fba-40b2-b2b4-5cf381159cab","D08","MAYF","MAYF.AOS.S2","2015-09-01","MAYF.SS.20150901.POM.2",,"condition ok","Academy of Natural Sciences of Drexel University","2017-01-17","OKgcKejxXbI=","13C15N","2",30,25,100,"d15N",5.92,"perMill",,,"Audit Failed. Document: A00036_DREX_AlgalChem_DocAudit_20170407.pdf & A00036_DREX_AlgalChem_VisitAudit_20170407.pdf"
"5a3db8ef-f6c2-45be-971e-22e301fb8d72","D08","MAYF","MAYF.AOS.S2","2015-09-01","MAYF.SS.20150901.POM.2",,"condition ok","Academy of Natural Sciences of Drexel University","2017-01-17","OKgcKejxXbI=","13C15N","2",,,100,"d13C",-27.23,"perMill",,,
"3019b944-b4db-4be9-97bc-d50aec3c16e1","D08","MAYF","MAYF.AOS.S2","2015-09-01","MAYF.SS.20150901.POM.1",,"condition ok","Academy of Natural Sciences of Drexel University","2016-09-13","OKgcKejxXbI=","13C15N","1",,,100,"d15N",3.30,"perMill",,,
"b549a001-b0a7-4e0f-b406-658ea6443395","D08","MAYF","MAYF.AOS.S2","2015-09-01","MAYF.SS.20150901.POM.1",,"condition ok","Academy of Natural Sciences of Drexel University","2016-09-13","OKgcKejxXbI=","13C15N","1",,,100,"d13C",-27.37,"perMill",,,
