uid,domainID,siteID,namedLocation,collectDate,sampleID,sampleCode,sampleCondition,laboratoryName,analysisDate,analyzedBy,sampleType,replicate,sampleVolumeFiltered,filterSize,percentFilterAnalyzed,analyte,analyteConcentration,plantAlgaeLabUnits,method,externalRemarks,externalLabDataQF
"be6e3815-e0b0-430a-be0f-83c7c07116cf","D09","PRLA","PRLA.AOS.buoy.c0","2019-07-01","PRLA.C0.20190701.POM.1","A00000087292","condition ok","SIRFER Lab at University of Utah","2019-11-21","ElFtGy1kV49xqNP00HfxQA==","POM","1",400,25,100,"carbon",896.58,"microgramsPerLiter","Revesz & Coplen 2012a",,
"53dfd210-ef88-4f0e-96b3-5ab59fecde15","D09","PRLA","PRLA.AOS.buoy.c0","2019-07-01","PRLA.C0.20190701.POM.1","A00000087292","condition ok","SIRFER Lab at University of Utah","2019-11-21","ElFtGy1kV49xqNP00HfxQA==","POM","1",400,25,100,"nitrogen",145.82,"microgramsPerLiter","Revesz & Coplen 2012a",,
"3522b73b-4e50-4e5e-b989-1cd6ee9545c9","D09","PRLA","PRLA.AOS.buoy.c0","2019-07-01","PRLA.C0.20190701.POM.1","A00000087292","condition ok","SIRFER Lab at University of Utah","2019-11-21","ElFtGy1kV49xqNP00HfxQA==","POM","1",400,25,100,"d13C",-25.35,"perMill","Revesz & Coplen 2012a",,
"fb2db1a1-36fe-4432-a672-2d7ed0a3a329","D09","PRLA","PRLA.AOS.buoy.c0","2019-07-01","PRLA.C0.20190701.POM.1","A00000087292","condition ok","SIRFER Lab at University of Utah","2019-11-21","ElFtGy1kV49xqNP00HfxQA==","POM","1",400,25,100,"d15N",5.06,"perMill","Revesz & Coplen 2012a",,
