uid,domainID,siteID,namedLocation,collectDate,sampleID,sampleCode,sampleCondition,laboratoryName,analysisDate,analyzedBy,sampleType,replicate,sampleVolumeFiltered,filterSize,percentFilterAnalyzed,analyte,analyteConcentration,plantAlgaeLabUnits,method,externalRemarks,externalLabDataQF
"5f7739d7-fb74-4696-9a78-a3c40bab5519","D10","ARIK","ARIK.AOS.S2","2015-12-01","ARIK.SS.20151201.POM.2",,"condition ok","Academy of Natural Sciences of Drexel University","2017-01-17","OKgcKejxXbI=","13C15N","2",450,25,100,"d15N",5.09,"perMill",,"Difference in volume filtered","Audit Failed. Document: A00036_DREX_AlgalChem_DocAudit_20170407.pdf & A00036_DREX_AlgalChem_VisitAudit_20170407.pdf"
"e0009b3a-5b27-4169-a903-247378e40505","D10","ARIK","ARIK.AOS.S2","2015-12-01","ARIK.SS.20151201.POM.1",,"condition ok","Academy of Natural Sciences of Drexel University","2016-09-13","OKgcKejxXbI=","13C15N","1",,,100,"d13C",-29.13,"perMill",,"Difference in volume filtered",
"030959e2-85ff-4c78-b0e0-1b56d5a70d8e","D10","ARIK","ARIK.AOS.S2","2015-12-01","ARIK.SS.20151201.POM.1",,"condition ok","Academy of Natural Sciences of Drexel University","2016-09-13","OKgcKejxXbI=","13C15N","1",500,25,100,"d13C",-29.13,"perMill",,"Difference in volume filtered","Audit Failed. Document: A00036_DREX_AlgalChem_DocAudit_20170407.pdf & A00036_DREX_AlgalChem_VisitAudit_20170407.pdf"
"762b4e39-162b-49ac-8b05-3c3402a28e61","D10","ARIK","ARIK.AOS.S2","2015-12-01","ARIK.SS.20151201.POM.1",,"condition ok","Academy of Natural Sciences of Drexel University","2016-09-13","OKgcKejxXbI=","13C15N","1",500,25,100,"d15N",13.35,"perMill",,"Difference in volume filtered","Audit Failed. Document: A00036_DREX_AlgalChem_DocAudit_20170407.pdf & A00036_DREX_AlgalChem_VisitAudit_20170407.pdf"
"06ea33a4-45b3-4e3d-808e-51a02a1fab07","D10","ARIK","ARIK.AOS.S2","2015-12-01","ARIK.SS.20151201.POM.2",,"condition ok","Academy of Natural Sciences of Drexel University","2017-01-17","OKgcKejxXbI=","13C15N","2",450,25,100,"d13C",-29.06,"perMill",,"Difference in volume filtered","Audit Failed. Document: A00036_DREX_AlgalChem_DocAudit_20170407.pdf & A00036_DREX_AlgalChem_VisitAudit_20170407.pdf"
"bc52a8a9-a134-47bd-bde8-b04cef39b672","D10","ARIK","ARIK.AOS.S2","2015-12-01","ARIK.SS.20151201.POM.2",,"condition ok","Academy of Natural Sciences of Drexel University","2017-01-17","OKgcKejxXbI=","13C15N","2",,,100,"d13C",-29.06,"perMill",,"Difference in volume filtered",
"58722f9b-2d06-4961-98cd-3d0afe22ddf5","D10","ARIK","ARIK.AOS.S2","2015-12-01","ARIK.SS.20151201.POM.1",,"condition ok","Academy of Natural Sciences of Drexel University","2016-09-13","OKgcKejxXbI=","13C15N","1",,,100,"d15N",13.35,"perMill",,"Difference in volume filtered",
"c0f719b2-5742-4f98-9f34-c527ba92b0d2","D10","ARIK","ARIK.AOS.S2","2015-12-01","ARIK.SS.20151201.POM.2",,"condition ok","Academy of Natural Sciences of Drexel University","2017-01-17","OKgcKejxXbI=","13C15N","2",,,100,"d15N",5.09,"perMill",,"Difference in volume filtered",
