uid,domainID,siteID,namedLocation,collectDate,sampleID,sampleCode,sampleCondition,laboratoryName,analysisDate,analyzedBy,sampleType,replicate,sampleVolumeFiltered,filterSize,percentFilterAnalyzed,analyte,analyteConcentration,plantAlgaeLabUnits,method,externalRemarks,externalLabDataQF
"94afd15b-4e3c-4a78-81d5-785b7738351e","D05","CRAM","CRAM.AOS.outlet","2016-02-02","CRAM.OT.20160202.POM.1",,"condition ok","Academy of Natural Sciences of Drexel University","2016-09-13","OKgcKejxXbI=","13C15N","1",,,100,"d15N",1.06,"perMill",,,
"6c1ce1ac-44c3-4d9f-99d4-e4bd3241a24b","D05","CRAM","CRAM.AOS.outlet","2016-02-02","CRAM.OT.20160202.POM.2",,"condition ok","Academy of Natural Sciences of Drexel University","2017-01-17","OKgcKejxXbI=","13C15N","2",,,100,"d13C",-32.20,"perMill",,,
"6ffb819e-a7bd-4843-a9a2-01007d28a727","D05","CRAM","CRAM.AOS.outlet","2016-02-02","CRAM.OT.20160202.POM.1",,"condition ok","Academy of Natural Sciences of Drexel University","2017-01-17","OKgcKejxXbI=","13C15N","2",,,100,"d15N",-0.07,"perMill",,,
"9b5b7d51-8cc5-4daa-83bc-8e7a9510fcea","D05","CRAM","CRAM.AOS.outlet","2016-02-02","CRAM.OT.20160202.POM.2",,"condition ok","Academy of Natural Sciences of Drexel University","2016-09-13","OKgcKejxXbI=","13C15N","1",,,100,"d13C",-30.60,"perMill",,,
"bbc99c22-2ea2-4fe4-b963-ac91b8be4f3e","D05","CRAM","CRAM.AOS.buoy.c0","2016-02-02","CRAM.C0.20160202.POM.1",,"condition ok","Academy of Natural Sciences of Drexel University","2017-01-17","OKgcKejxXbI=","13C15N","2",,,100,"d15N",-1.69,"perMill",,,
"8191cf68-ac3c-47c8-ad51-3baef9e8022a","D05","CRAM","CRAM.AOS.buoy.c0","2016-02-02","CRAM.C0.20160202.POM.2",,"condition ok","Academy of Natural Sciences of Drexel University","2016-09-13","OKgcKejxXbI=","13C15N","1",,,100,"d13C",-34.79,"perMill",,,
"f8499541-f9a7-46d8-8e25-f16a2f5285a9","D05","CRAM","CRAM.AOS.buoy.c0","2016-02-02","CRAM.C0.20160202.POM.2",,"condition ok","Academy of Natural Sciences of Drexel University","2017-01-17","OKgcKejxXbI=","13C15N","2",,,100,"d13C",-34.50,"perMill",,,
"dc7a6be1-007e-4963-8ff6-e86698a60854","D05","CRAM","CRAM.AOS.buoy.c0","2016-02-02","CRAM.C0.20160202.POM.1",,"condition ok","Academy of Natural Sciences of Drexel University","2016-09-13","OKgcKejxXbI=","13C15N","1",,,100,"d15N",-0.43,"perMill",,,
"a59a51bc-8f47-43fb-bcfa-6ffcbee1b595","D05","CRAM","CRAM.AOS.inlet","2016-02-02","CRAM.IN.20160202.POM.1",,"condition ok","Academy of Natural Sciences of Drexel University","2017-01-17","OKgcKejxXbI=","13C15N","2",,,100,"d15N",-0.44,"perMill",,,
"5d691ef9-baf2-4e9c-b465-7a02334e36ff","D05","CRAM","CRAM.AOS.inlet","2016-02-02","CRAM.IN.20160202.POM.1",,"condition ok","Academy of Natural Sciences of Drexel University","2016-09-13","OKgcKejxXbI=","13C15N","1",,,100,"d15N",0.65,"perMill",,,
"a65bfca6-147f-4d5e-bd39-5fc925d41419","D05","CRAM","CRAM.AOS.inlet","2016-02-02","CRAM.IN.20160202.POM.2",,"condition ok","Academy of Natural Sciences of Drexel University","2017-01-17","OKgcKejxXbI=","13C15N","2",,,100,"d13C",-32.75,"perMill",,,
"49a20e96-7876-4980-9b9a-58943a1354fc","D05","CRAM","CRAM.AOS.inlet","2016-02-02","CRAM.IN.20160202.POM.2",,"condition ok","Academy of Natural Sciences of Drexel University","2016-09-13","OKgcKejxXbI=","13C15N","1",,,100,"d13C",-32.32,"perMill",,,
