uid,domainID,siteID,namedLocation,collectDate,sampleID,sampleCode,sampleCondition,laboratoryName,analysisDate,analyzedBy,sampleType,replicate,sampleVolumeFiltered,filterSize,percentFilterAnalyzed,analyte,analyteConcentration,plantAlgaeLabUnits,method,externalRemarks,externalLabDataQF
"ee58fcf3-1ab4-4828-ae5a-3c7c6d4ea290","D18","OKSR","OKSR.AOS.S2","2018-09-11","OKSR.SS.20180911.POM.1","A00000064226","condition ok","SIRFER Lab at University of Utah","2018-11-07","ElFtGy1kV49xqNP00HfxQA==","POM","1",750,25,100,"nitrogen",9.14,"microgramsPerLiter","Revesz & Coplen 2012a",,
"fe2a9713-454d-4a8b-95c2-3e669b8f1325","D18","OKSR","OKSR.AOS.S2","2018-09-11","OKSR.SS.20180911.POM.1","A00000064226","condition ok","SIRFER Lab at University of Utah","2018-11-07","ElFtGy1kV49xqNP00HfxQA==","POM","1",750,25,100,"d13C",-27.22,"perMill","Revesz & Coplen 2012a",,
"4ef7acc2-dbd5-4c3c-9978-62ca3ddf5206","D18","OKSR","OKSR.AOS.S2","2018-09-11","OKSR.SS.20180911.POM.1","A00000064226","condition ok","SIRFER Lab at University of Utah","2018-11-07","ElFtGy1kV49xqNP00HfxQA==","POM","1",750,25,100,"carbon",97.61,"microgramsPerLiter","Revesz & Coplen 2012a",,
"b7e4af67-4856-4f4e-8708-23013a51f525","D18","OKSR","OKSR.AOS.S2","2018-09-11","OKSR.SS.20180911.POM.1","A00000064226","condition ok","SIRFER Lab at University of Utah","2018-11-07","ElFtGy1kV49xqNP00HfxQA==","POM","1",750,25,100,"d15N",3.93,"perMill","Revesz & Coplen 2012a",,
"591b5230-27fa-4b10-ba2e-21621990c42e","D18","OKSR","OKSR.AOS.S2","2018-09-18","OKSR.SS.20180918.POM.1","A00000064261","condition ok","SIRFER Lab at University of Utah","2018-11-07","ElFtGy1kV49xqNP00HfxQA==","POM","1",750,25,100,"nitrogen",7.82,"microgramsPerLiter","Revesz & Coplen 2012a",,
"ea94bf44-9a16-401f-a971-78ea20d4b4a4","D18","OKSR","OKSR.AOS.S2","2018-09-18","OKSR.SS.20180918.POM.1","A00000064261","condition ok","SIRFER Lab at University of Utah","2018-11-07","ElFtGy1kV49xqNP00HfxQA==","POM","1",750,25,100,"d13C",-28.07,"perMill","Revesz & Coplen 2012a",,
"284b7524-c33c-4ced-8767-3ccbba0d95fb","D18","OKSR","OKSR.AOS.S2","2018-09-18","OKSR.SS.20180918.POM.1","A00000064261","condition ok","SIRFER Lab at University of Utah","2018-11-07","ElFtGy1kV49xqNP00HfxQA==","POM","1",750,25,100,"d15N",1.69,"perMill","Revesz & Coplen 2012a",,
"f9e28b14-6937-420c-8836-835d4f5cffeb","D18","OKSR","OKSR.AOS.S2","2018-09-18","OKSR.SS.20180918.POM.1","A00000064261","condition ok","SIRFER Lab at University of Utah","2018-11-07","ElFtGy1kV49xqNP00HfxQA==","POM","1",750,25,100,"carbon",78.32,"microgramsPerLiter","Revesz & Coplen 2012a",,
"019d54f4-1adf-4af6-91ee-085f4042195c","D18","OKSR","OKSR.AOS.S2","2018-09-26","OKSR.SS.20180925.POM.1","A00000064430","condition ok","SIRFER Lab at University of Utah","2019-01-20","ElFtGy1kV49xqNP00HfxQA==","POM","1",750,25,100,"nitrogen",7.94,"microgramsPerLiter","Revesz & Coplen 2012a",,
"d94e4a89-de73-4f3d-ae1a-1df01b8cab15","D18","OKSR","OKSR.AOS.S2","2018-09-26","OKSR.SS.20180925.POM.1","A00000064430","condition ok","SIRFER Lab at University of Utah","2019-01-20","ElFtGy1kV49xqNP00HfxQA==","POM","1",750,25,100,"d13C",-27.03,"perMill","Revesz & Coplen 2012a",,
"e0e1f187-c6fb-4d39-8c46-a11c6dd20c85","D18","OKSR","OKSR.AOS.S2","2018-09-26","OKSR.SS.20180925.POM.1","A00000064430","condition ok","SIRFER Lab at University of Utah","2019-01-20","ElFtGy1kV49xqNP00HfxQA==","POM","1",750,25,100,"d15N",3.53,"perMill","Revesz & Coplen 2012a",,
"4debd57a-ca23-4932-b70b-cc94fd5778f1","D18","OKSR","OKSR.AOS.S2","2018-09-26","OKSR.SS.20180925.POM.1","A00000064430","condition ok","SIRFER Lab at University of Utah","2019-01-20","ElFtGy1kV49xqNP00HfxQA==","POM","1",750,25,100,"carbon",80.59,"microgramsPerLiter","Revesz & Coplen 2012a",,
