uid,domainID,siteID,namedLocation,collectDate,parentSampleID,parentSampleCode,isotopeH2OSampleCond,isotopeH2OSampleID,isotopeH2OSampleCode,isotopePOMRep2SampleCond,isotopePOMRep2SampleID,isotopePOMRep2SampleCode,isotopePOMSampleCond,isotopePOMSampleID,isotopePOMSampleCode,processedDateFilters,processedDateH2OIsotopes,sampleVolumeFilteredPOMRep1,sampleVolumeFilteredPOMRep2,fieldDataQF
"ddfbd8c1-3f41-41a0-807c-abc8d48a8374","D17","TECR","TECR.AOS.S2","2019-07-10T17:22Z","TECR.SS.20190710",,"Sample condition ok","TECR.SS.20190710.H2O.1","A00000063955","Sample condition ok","TECR.SS.20190710.POM.2","A00000062794","Sample condition ok","TECR.SS.20190710.POM.1","A00000062793","2019-07-10T21:48Z","2019-07-10T18:40Z",1750,1750,
"987ad8fc-d773-41f3-bfc9-3d794f1fc634","D17","TECR","TECR.AOS.S2","2019-07-17T16:05Z","TECR.SS.20190717",,"Sample condition ok","TECR.SS.20190717.H2O.3","A00000062777",,,,,,,,"2019-07-17T16:44Z",,,
"eca3a6f6-d24b-4bad-831a-10cb876909b5","D17","TECR","TECR.AOS.S2","2019-07-17T16:05Z","TECR.SS.20190717",,"Sample condition ok","TECR.SS.20190717.H2O.1","A00000062775","Sample condition ok","TECR.SS.20190717.POM.2","A00000062750","Sample condition ok","TECR.SS.20190717.POM.1","A00000062751","2019-07-17T17:29Z","2019-07-17T16:38Z",1500,1500,
"6e611bde-adb6-4154-894a-84bfa56c5d24","D17","TECR","TECR.AOS.S2","2019-07-17T16:05Z","TECR.SS.20190717",,"Sample condition ok","TECR.SS.20190717.H2O.2","A00000062776",,,,,,,,"2019-07-17T16:41Z",,,
"ee462eaa-2ca8-4031-9283-55326c575396","D17","TECR","TECR.AOS.S2","2019-07-31T19:23Z","TECR.SS.20190731",,"Sample condition ok","TECR.SS.20190731.H2O.1","A00000062753","Sample condition ok","TECR.SS.20190731.POM.2","A00000097200","Sample condition ok","TECR.SS.20190731.POM.1","A00000097199","2019-07-31T21:08Z","2019-07-31T19:26Z",1550,1600,
