uid,domainID,siteID,namedLocation,collectDate,analysisDate,isotopeH2OSampleID,isotopeH2OSampleCode,instrumentSN,d18OWater,d2HWater,d18OsdWater,d2HsdWater,isotopeH2OExternalLabQF,laboratoryName,analyzedBy,sampleCondition,externalRemarks,externalLabDataQF
"b3dd5968-db5a-4681-927c-5f81f7be3e60","D17","TECR","TECR.AOS.S2","2019-07-10","2019-09-27","TECR.SS.20190710.H2O.1","A00000063955","HIDS2052",-12.38,-86.52,0.01,0.26,0,"SIRFER Lab at University of Utah","OlSmE6RRn5QQH8tvUHmK5i/poYiQr6sd","OK",,
"3609c606-42fd-4c03-9008-b5d2c51cd059","D17","TECR","TECR.AOS.S2","2019-07-17","2019-09-27","TECR.SS.20190717.H2O.3","A00000062777","HIDS2052",-12.30,-86.72,0.06,0.28,0,"SIRFER Lab at University of Utah","OlSmE6RRn5QQH8tvUHmK5i/poYiQr6sd","OK",,
"b2ffce5d-db31-43e0-9016-44a0b49812ac","D17","TECR","TECR.AOS.S2","2019-07-17","2019-09-27","TECR.SS.20190717.H2O.2","A00000062776","HIDS2052",-12.31,-86.65,0.03,0.09,0,"SIRFER Lab at University of Utah","OlSmE6RRn5QQH8tvUHmK5i/poYiQr6sd","OK",,
"3d8fc984-c191-499d-8de5-e1ca60e73b80","D17","TECR","TECR.AOS.S2","2019-07-17","2019-09-27","TECR.SS.20190717.H2O.1","A00000062775","HIDS2052",-12.25,-86.58,0.02,0.10,0,"SIRFER Lab at University of Utah","OlSmE6RRn5QQH8tvUHmK5i/poYiQr6sd","OK",,
"1ef41a3f-d163-4a4d-af65-215b75f0a9dd","D17","TECR","TECR.AOS.S2","2019-07-31","2019-09-27","TECR.SS.20190731.H2O.1","A00000062753","HIDS2052",-12.54,-87.40,0.05,0.28,0,"SIRFER Lab at University of Utah","OlSmE6RRn5QQH8tvUHmK5i/poYiQr6sd","OK",,
