uid,domainID,siteID,namedLocation,collectDate,sampleID,sampleCode,sampleCondition,laboratoryName,analysisDate,analyzedBy,sampleType,replicate,sampleVolumeFiltered,filterSize,percentFilterAnalyzed,analyte,analyteConcentration,plantAlgaeLabUnits,method,externalRemarks,externalLabDataQF
"423b0315-de9b-499a-97f1-64d2565792b3","D11","PRIN","PRIN.AOS.S2","2018-06-05","PRIN.SS.20180605.POM.1","A00000021622","condition ok","SIRFER Lab at University of Utah","2018-08-24","ElFtGy1kV49xqNP00HfxQA==","POM","1",500,25,100,"nitrogen",20.68,"microgramsPerLiter","Revesz & Coplen 2012a",,
"3957eb97-e820-4788-babd-05d4d0dbb231","D11","PRIN","PRIN.AOS.S2","2018-06-05","PRIN.SS.20180605.POM.1","A00000021622","condition ok","SIRFER Lab at University of Utah","2018-08-24","ElFtGy1kV49xqNP00HfxQA==","POM","1",500,25,100,"carbon",161.67,"microgramsPerLiter","Revesz & Coplen 2012a",,
"f00ad516-9e5a-4c5b-bde8-5d453db2c0ff","D11","PRIN","PRIN.AOS.S2","2018-06-05","PRIN.SS.20180605.POM.1","A00000021622","condition ok","SIRFER Lab at University of Utah","2018-08-24","ElFtGy1kV49xqNP00HfxQA==","POM","1",500,25,100,"d15N",12.26,"perMill","Revesz & Coplen 2012a",,
"a7ef73b7-6fe4-4055-a764-8eea51aedbef","D11","PRIN","PRIN.AOS.S2","2018-06-05","PRIN.SS.20180605.POM.1","A00000021622","condition ok","SIRFER Lab at University of Utah","2018-08-24","ElFtGy1kV49xqNP00HfxQA==","POM","1",500,25,100,"d13C",-26.76,"perMill","Revesz & Coplen 2012a",,
"6a2d6c8e-0378-45d7-9f75-8fcd01a451e1","D11","PRIN","PRIN.AOS.S2","2018-06-07","PRIN.SS.20180607.POM.1","A00000021627","condition ok","SIRFER Lab at University of Utah","2018-08-24","ElFtGy1kV49xqNP00HfxQA==","POM","1",200,25,100,"carbon",1773.88,"microgramsPerLiter","Revesz & Coplen 2012a",,
"9372273e-55f7-48fd-a83c-50261a1ae832","D11","PRIN","PRIN.AOS.S2","2018-06-07","PRIN.SS.20180607.POM.1","A00000021627","condition ok","SIRFER Lab at University of Utah","2018-08-24","ElFtGy1kV49xqNP00HfxQA==","POM","1",200,25,100,"d15N",7.82,"perMill","Revesz & Coplen 2012a",,
"d684505c-b6e3-46a0-b7bf-13ac40134875","D11","PRIN","PRIN.AOS.S2","2018-06-07","PRIN.SS.20180607.POM.1","A00000021627","condition ok","SIRFER Lab at University of Utah","2018-08-24","ElFtGy1kV49xqNP00HfxQA==","POM","1",200,25,100,"d13C",-21.93,"perMill","Revesz & Coplen 2012a",,
"7d0b7fc0-d98c-4563-a818-059363ce1d72","D11","PRIN","PRIN.AOS.S2","2018-06-07","PRIN.SS.20180607.POM.1","A00000021627","condition ok","SIRFER Lab at University of Utah","2018-08-24","ElFtGy1kV49xqNP00HfxQA==","POM","1",200,25,100,"nitrogen",154.57,"microgramsPerLiter","Revesz & Coplen 2012a",,
