uid,domainID,siteID,namedLocation,collectDate,sampleID,sampleCode,sampleCondition,laboratoryName,analysisDate,analyzedBy,sampleType,replicate,sampleVolumeFiltered,filterSize,percentFilterAnalyzed,analyte,analyteConcentration,plantAlgaeLabUnits,method,externalRemarks,externalLabDataQF
"7f60045c-156a-4336-bda3-8ba6b0386cc2","D04","CUPE","CUPE.AOS.S2","2017-09-12","CUPE.SS.20170912.POM.1",,"condition ok","SIRFER Lab at University of Utah","2018-05-29","ElFtGy1kV49xqNP00HfxQA==","POM","1",1000,25,100,"d15N",24.12,"perMill","Revesz & Coplen 2012a","Below calibration range",
"aef85b52-1c8a-442e-93a9-f80ffd6ade37","D04","CUPE","CUPE.AOS.S2","2017-09-12","CUPE.SS.20170912.POM.1",,"condition ok","SIRFER Lab at University of Utah","2018-05-29","ElFtGy1kV49xqNP00HfxQA==","POM","1",1000,25,100,"nitrogen",4.98,"microgramsPerLiter","Revesz & Coplen 2012a","Below calibration range",
"85684beb-90ea-4685-8bfd-40640f49bff6","D04","CUPE","CUPE.AOS.S2","2017-09-12","CUPE.SS.20170912.POM.1",,"condition ok","SIRFER Lab at University of Utah","2018-05-29","ElFtGy1kV49xqNP00HfxQA==","POM","1",1000,25,100,"d13C",-25.98,"perMill","Revesz & Coplen 2012a",,
"fdd21503-cdbb-4dd1-b861-cc04b06c97d2","D04","CUPE","CUPE.AOS.S2","2017-09-12","CUPE.SS.20170912.POM.1",,"condition ok","SIRFER Lab at University of Utah","2018-05-29","ElFtGy1kV49xqNP00HfxQA==","POM","1",1000,25,100,"carbon",54.68,"microgramsPerLiter","Revesz & Coplen 2012a",,
