uid,domainID,siteID,namedLocation,collectDate,sampleID,sampleCode,sampleCondition,laboratoryName,analysisDate,analyzedBy,sampleType,replicate,sampleVolumeFiltered,filterSize,percentFilterAnalyzed,analyte,analyteConcentration,plantAlgaeLabUnits,method,externalRemarks,externalLabDataQF
"9ab54ca7-be67-4f5b-b587-d03468faa5d7","D09","PRPO","PRPO.AOS.inlet","2015-11-03","PRPO.IN.20151103.POM.1",,"other","Academy of Natural Sciences of Drexel University","2017-01-31","OKgcKejxXbI=","13C15N","1",,,100,"d15N",7.84,"perMill",,"Difference in volume filtered, filter stained blue and folded poorly which led to spillage",
"ef23e59b-ee18-48e6-99ea-2778da258bee","D09","PRPO","PRPO.AOS.inlet","2015-11-03","PRPO.IN.20151103.POM.2",,"other","Academy of Natural Sciences of Drexel University","2017-05-17","OKgcKejxXbI=","13C15N","2",,,100,"d13C",-27.81,"perMill",,"Filter stained poorly which lead to spillage",
"8b3d70a4-255a-4507-a1ee-1803cfd70892","D09","PRPO","PRPO.AOS.inlet","2015-11-03","PRPO.IN.20151103.POM.1",,"other","Academy of Natural Sciences of Drexel University","2017-01-31","OKgcKejxXbI=","13C15N","1",,,100,"d13C",-26.82,"perMill",,"Difference in volume filtered, filter stained blue and folded poorly which led to spillage",
"cc8cebac-dfc5-47ce-a45c-81d56fbf87de","D09","PRPO","PRPO.AOS.inlet","2015-11-03","PRPO.IN.20151103.POM.2",,"other","Academy of Natural Sciences of Drexel University","2017-05-17","OKgcKejxXbI=","13C15N","2",,,100,"d15N",5.07,"perMill",,"Filter stained poorly which lead to spillage",
"e694295a-bfaf-443c-ab27-4420ae8d1e16","D09","PRPO","PRPO.AOS.buoy.c0","2015-11-03","PRPO.C0.20151103.POM.1",,"condition ok","Academy of Natural Sciences of Drexel University","2017-01-31","OKgcKejxXbI=","13C15N","1",,,100,"d15N",3.22,"perMill",,,
"ac6390e4-fddf-4823-97ec-ab1b510755c1","D09","PRPO","PRPO.AOS.buoy.c0","2015-11-03","PRPO.C0.20151103.POM.2",,"condition ok","Academy of Natural Sciences of Drexel University","2017-05-17","OKgcKejxXbI=","13C15N","2",,,100,"d15N",4.03,"perMill",,,
"18f46bf8-df96-4b81-9028-fe25ee53f7a4","D09","PRPO","PRPO.AOS.buoy.c0","2015-11-03","PRPO.C0.20151103.POM.2",,"condition ok","Academy of Natural Sciences of Drexel University","2017-05-17","OKgcKejxXbI=","13C15N","2",,,100,"d13C",-29.03,"perMill",,,
"0ce34048-91f1-4fe5-88b0-16e06366cfd7","D09","PRPO","PRPO.AOS.buoy.c0","2015-11-03","PRPO.C0.20151103.POM.1",,"condition ok","Academy of Natural Sciences of Drexel University","2017-01-31","OKgcKejxXbI=","13C15N","1",,,100,"d13C",-29.88,"perMill",,,
"1309972e-8486-4adb-b84f-65d082960e43","D09","PRPO","PRPO.AOS.outlet","2015-11-03","PRPO.OT.20151103.POM.2",,"condition ok","Academy of Natural Sciences of Drexel University","2017-05-17","OKgcKejxXbI=","13C15N","2",,,100,"d15N",4.45,"perMill",,,
"cf15a290-7dc5-4211-859f-033864a2a75f","D09","PRPO","PRPO.AOS.outlet","2015-11-03","PRPO.OT.20151103.POM.2",,"condition ok","Academy of Natural Sciences of Drexel University","2017-05-17","OKgcKejxXbI=","13C15N","2",,,100,"d13C",-28.04,"perMill",,,
"ebb33a32-d810-41ed-8878-89036144daf8","D09","PRPO","PRPO.AOS.outlet","2015-11-03","PRPO.OT.20151103.POM.1",,"condition ok","Academy of Natural Sciences of Drexel University","2017-01-31","OKgcKejxXbI=","13C15N","1",,,100,"d13C",-28.33,"perMill",,,
"04385e93-856e-4a0a-a8e6-c1407d993633","D09","PRPO","PRPO.AOS.outlet","2015-11-03","PRPO.OT.20151103.POM.1",,"condition ok","Academy of Natural Sciences of Drexel University","2017-01-31","OKgcKejxXbI=","13C15N","1",,,100,"d15N",4.44,"perMill",,,
