uid,domainID,siteID,namedLocation,collectDate,sampleID,sampleCode,sampleCondition,laboratoryName,analysisDate,analyzedBy,sampleType,replicate,sampleVolumeFiltered,filterSize,percentFilterAnalyzed,analyte,analyteConcentration,plantAlgaeLabUnits,method,externalRemarks,externalLabDataQF
"8c1aa72c-3e12-4f26-95d8-212003ddc1a4","D07","WALK","WALK.AOS.S2","2016-02-03","WALK.SS.20160203.POM.1",,"other","Academy of Natural Sciences of Drexel University","2016-08-29","OKgcKejxXbI=","13C15N","1",,,100,"d15N",2.39,"perMill",,"Sample stored longer than 2 months. Highly turbid sample.",
"e19f322f-32a7-47d5-bb7e-989b0ac38555","D07","WALK","WALK.AOS.S2","2016-02-03","WALK.SS.20160203.POM.2",,"other","Academy of Natural Sciences of Drexel University","2016-08-29","OKgcKejxXbI=","13C15N","2",,,100,"d15N",2.53,"perMill",,"Sample stored longer than 2 months. Highly turbid sample.",
"a6ce0e5b-cd39-48e6-abd1-3834407c397d","D07","WALK","WALK.AOS.S2","2016-02-03","WALK.SS.20160203.POM.2",,"other","Academy of Natural Sciences of Drexel University","2016-08-29","OKgcKejxXbI=","13C15N","2",,,100,"d13C",-28.62,"perMill",,"Sample stored longer than 2 months. Highly turbid sample.",
"830b675c-16f6-4456-a971-f9d39b21258f","D07","WALK","WALK.AOS.S2","2016-02-03","WALK.SS.20160203.POM.1",,"other","Academy of Natural Sciences of Drexel University","2016-08-29","OKgcKejxXbI=","13C15N","1",,,100,"d13C",-28.51,"perMill",,"Sample stored longer than 2 months. Highly turbid sample.",
"92e166eb-535e-4434-8b8a-1ee5e99ed1e5","D07","WALK","WALK.AOS.S2","2016-02-09","WALK.SS.20160209.POM.2",,"other","Academy of Natural Sciences of Drexel University","2016-09-06","OKgcKejxXbI=","13C15N","2",,,100,"d13C",-28.05,"perMill",,"Sample stored longer than 2 months, difference in volume filtered",
"c3dba2c2-a3b8-49a4-8af6-9bd896acdb65","D07","WALK","WALK.AOS.S2","2016-02-09","WALK.SS.20160209.POM.2",,"other","Academy of Natural Sciences of Drexel University","2016-08-29","OKgcKejxXbI=","13C15N","2",,,100,"d15N",3.29,"perMill",,"Sample stored longer than 2 months, difference in volume filtered",
"23d2ddf1-b755-42ae-8f21-01da5d700d0a","D07","WALK","WALK.AOS.S2","2016-02-09","WALK.SS.20160209.POM.1",,"other","Academy of Natural Sciences of Drexel University","2016-09-06","OKgcKejxXbI=","13C15N","1",,,100,"d13C",-29.48,"perMill",,"Sample stored longer than 2 months, difference in volume filtered",
"60d3667b-8814-4a4f-804e-776b2948e904","D07","WALK","WALK.AOS.S2","2016-02-09","WALK.SS.20160209.POM.1",,"other","Academy of Natural Sciences of Drexel University","2016-08-29","OKgcKejxXbI=","13C15N","1",,,100,"d15N",3.70,"perMill",,"Sample stored longer than 2 months, difference in volume filtered",
"a1b5f6b9-1527-47f1-be38-1bd44a9c99d5","D07","WALK","WALK.AOS.S2","2016-02-23","WALK.SS.20160223.POM.1",,"other","Academy of Natural Sciences of Drexel University","2016-08-29","OKgcKejxXbI=","13C15N","1",,,100,"d15N",3.83,"perMill",,"Sample stored longer than 2 months",
"c4ac06a1-acda-4b26-933a-9f4db0d02731","D07","WALK","WALK.AOS.S2","2016-02-23","WALK.SS.20160223.POM.2",,"other","Academy of Natural Sciences of Drexel University","2016-09-06","OKgcKejxXbI=","13C15N","2",,,100,"d13C",-28.52,"perMill",,"Sample stored longer than 2 months",
"81e81400-d4ee-402e-9b52-4ae699fbd03b","D07","WALK","WALK.AOS.S2","2016-02-23","WALK.SS.20160223.POM.2",,"other","Academy of Natural Sciences of Drexel University","2016-08-29","OKgcKejxXbI=","13C15N","2",,,100,"d15N",3.12,"perMill",,"Sample stored longer than 2 months",
"7daf8518-ad7a-4132-8d0f-50f43c9a67ec","D07","WALK","WALK.AOS.S2","2016-02-23","WALK.SS.20160223.POM.1",,"other","Academy of Natural Sciences of Drexel University","2016-09-06","OKgcKejxXbI=","13C15N","1",,,100,"d13C",-30.20,"perMill",,"Sample stored longer than 2 months",
