uid,domainID,siteID,namedLocation,collectDate,sampleID,sampleCode,sampleCondition,laboratoryName,analysisDate,analyzedBy,sampleType,replicate,sampleVolumeFiltered,filterSize,percentFilterAnalyzed,analyte,analyteConcentration,plantAlgaeLabUnits,method,externalRemarks,externalLabDataQF
"e56b99e3-e987-4778-a3e0-2a16f926ba33","D16","MCRA","MCRA.AOS.S2","2017-06-13","MCRA.SS.20170613.POM.1",,"condition ok","SIRFER Lab at University of Utah","2018-07-19","ElFtGy1kV49xqNP00HfxQA==","POM","1",,,100,"d15N",1.83,"perMill","Revesz & Coplen 2012a",,
"d63bd436-28ab-4c90-9695-59b984f5a266","D16","MCRA","MCRA.AOS.S2","2017-06-13","MCRA.SS.20170613.POM.1",,"condition ok","SIRFER Lab at University of Utah","2018-07-19","ElFtGy1kV49xqNP00HfxQA==","POM","1",,,100,"nitrogen",5.34,"microgramsPerLiter","Revesz & Coplen 2012a",,
"7256c43d-2044-40c6-a485-28aa0481101b","D16","MCRA","MCRA.AOS.S2","2017-06-13","MCRA.SS.20170613.POM.1",,"condition ok","SIRFER Lab at University of Utah","2018-07-19","ElFtGy1kV49xqNP00HfxQA==","POM","1",,,100,"d13C",-26.59,"perMill","Revesz & Coplen 2012a",,
"991de266-a0e7-46ee-91e2-2184506edda2","D16","MCRA","MCRA.AOS.S2","2017-06-13","MCRA.SS.20170613.POM.1",,"condition ok","SIRFER Lab at University of Utah","2018-07-19","ElFtGy1kV49xqNP00HfxQA==","POM","1",,,100,"carbon",97.42,"microgramsPerLiter","Revesz & Coplen 2012a",,
"da55f8a4-73b0-4522-a9ff-f2c939335196","D16","MCRA","MCRA.AOS.S2","2017-06-20","MCRA.SS.20170620.POM.1",,"condition ok","SIRFER Lab at University of Utah","2018-07-19","ElFtGy1kV49xqNP00HfxQA==","POM","1",,,100,"carbon",158.61,"microgramsPerLiter","Revesz & Coplen 2012a",,
"d9843301-5672-459a-aeac-4193f17bcac3","D16","MCRA","MCRA.AOS.S2","2017-06-20","MCRA.SS.20170620.POM.1",,"condition ok","SIRFER Lab at University of Utah","2018-07-19","ElFtGy1kV49xqNP00HfxQA==","POM","1",,,100,"d13C",-27.04,"perMill","Revesz & Coplen 2012a",,
"728aa813-656b-45ce-a60c-f7db61a7f1a4","D16","MCRA","MCRA.AOS.S2","2017-06-20","MCRA.SS.20170620.POM.1",,"condition ok","SIRFER Lab at University of Utah","2018-07-19","ElFtGy1kV49xqNP00HfxQA==","POM","1",,,100,"d15N",0.48,"perMill","Revesz & Coplen 2012a",,
"4e663377-f15c-4fdf-88f2-cdb4f6ba5cd1","D16","MCRA","MCRA.AOS.S2","2017-06-20","MCRA.SS.20170620.POM.1",,"condition ok","SIRFER Lab at University of Utah","2018-07-19","ElFtGy1kV49xqNP00HfxQA==","POM","1",,,100,"nitrogen",6.48,"microgramsPerLiter","Revesz & Coplen 2012a",,
