uid,domainID,siteID,namedLocation,collectDate,sampleID,sampleCode,sampleCondition,laboratoryName,analysisDate,analyzedBy,sampleType,replicate,sampleVolumeFiltered,filterSize,percentFilterAnalyzed,analyte,analyteConcentration,plantAlgaeLabUnits,method,externalRemarks,externalLabDataQF
"849f5075-3fda-4545-b8d1-505cedee5fae","D06","MCDI","MCDI.AOS.S2","2016-12-13","MCDI.SS.20161213.POM.1",,"condition ok","SIRFER Lab at University of Utah","2018-09-24","ElFtGy1kV49xqNP00HfxQA==","POM","1",900,25,100,"d13C",-22.48,"perMill","Revesz & Coplen 2012a",,
"ef33a01e-576a-444e-82b3-790417b24869","D06","MCDI","MCDI.AOS.S2","2016-12-13","MCDI.SS.20161213.POM.1",,"condition ok","SIRFER Lab at University of Utah","2018-09-24","ElFtGy1kV49xqNP00HfxQA==","POM","1",900,25,100,"d15N",11.28,"perMill","Revesz & Coplen 2012a",,
"b0eab47b-cfaf-46ed-a8f3-cfe26f805305","D06","MCDI","MCDI.AOS.S2","2016-12-13","MCDI.SS.20161213.POM.1",,"condition ok","SIRFER Lab at University of Utah","2018-09-24","ElFtGy1kV49xqNP00HfxQA==","POM","1",900,25,100,"carbon",112.28,"microgramsPerLiter","Revesz & Coplen 2012a",,
"1afb4e41-40eb-4264-a170-cf999f58baa9","D06","MCDI","MCDI.AOS.S2","2016-12-13","MCDI.SS.20161213.POM.1",,"condition ok","SIRFER Lab at University of Utah","2018-09-24","ElFtGy1kV49xqNP00HfxQA==","POM","1",900,25,100,"nitrogen",10.33,"microgramsPerLiter","Revesz & Coplen 2012a",,
