uid,domainID,siteID,namedLocation,collectDate,sampleID,sampleCode,sampleCondition,laboratoryName,analysisDate,analyzedBy,sampleType,replicate,sampleVolumeFiltered,filterSize,percentFilterAnalyzed,analyte,analyteConcentration,plantAlgaeLabUnits,method,externalRemarks,externalLabDataQF
"593a5c65-7572-40f9-b051-6246e56bbd10","D19","CARI","CARI.AOS.S2","2017-07-04","CARI.SS.20170704.POM.1",,"condition ok","SIRFER Lab at University of Utah","2018-03-29","ElFtGy1kV49xqNP00HfxQA==","POM","1",500,25,100,"d15N",2.71,"perMill","Revesz & Coplen 2012a",,
"fb960186-f8dd-4e7e-a1b6-c1635d410338","D19","CARI","CARI.AOS.S2","2017-07-04","CARI.SS.20170704.POM.1",,"condition ok","SIRFER Lab at University of Utah","2018-03-29","ElFtGy1kV49xqNP00HfxQA==","POM","1",500,25,100,"carbon",1263.12,"microgramsPerLiter","Revesz & Coplen 2012a",,
"fa85037a-3cb0-47a0-8b7d-f16b7286da98","D19","CARI","CARI.AOS.S2","2017-07-04","CARI.SS.20170704.POM.1",,"condition ok","SIRFER Lab at University of Utah","2018-03-29","ElFtGy1kV49xqNP00HfxQA==","POM","1",500,25,100,"nitrogen",181.76,"microgramsPerLiter","Revesz & Coplen 2012a",,
"3761686a-7a3e-458e-8ab0-2e12d30e22e9","D19","CARI","CARI.AOS.S2","2017-07-04","CARI.SS.20170704.POM.1",,"condition ok","SIRFER Lab at University of Utah","2018-03-29","ElFtGy1kV49xqNP00HfxQA==","POM","1",500,25,100,"d13C",-26.26,"perMill","Revesz & Coplen 2012a",,
"3ef07091-1b44-4e63-acb2-790b3ea082ae","D19","CARI","CARI.AOS.S2","2017-07-19","CARI.SS.20170719.POM.1",,"condition ok","SIRFER Lab at University of Utah","2018-03-29","ElFtGy1kV49xqNP00HfxQA==","POM","1",600,25,100,"d15N",7.77,"perMill","Revesz & Coplen 2012a",,
"23abdf40-99ca-461f-b5d3-abed8b0826a8","D19","CARI","CARI.AOS.S2","2017-07-19","CARI.SS.20170719.POM.1",,"condition ok","SIRFER Lab at University of Utah","2018-03-29","ElFtGy1kV49xqNP00HfxQA==","POM","1",600,25,100,"carbon",289.87,"microgramsPerLiter","Revesz & Coplen 2012a",,
"518012b2-b3bc-4efb-bc15-03ee2c57e034","D19","CARI","CARI.AOS.S2","2017-07-19","CARI.SS.20170719.POM.1",,"condition ok","SIRFER Lab at University of Utah","2018-03-29","ElFtGy1kV49xqNP00HfxQA==","POM","1",600,25,100,"d13C",-27.08,"perMill","Revesz & Coplen 2012a",,
"f4997129-9d79-4de5-8d83-708c047043b6","D19","CARI","CARI.AOS.S2","2017-07-19","CARI.SS.20170719.POM.1",,"condition ok","SIRFER Lab at University of Utah","2018-03-29","ElFtGy1kV49xqNP00HfxQA==","POM","1",600,25,100,"nitrogen",20.85,"microgramsPerLiter","Revesz & Coplen 2012a",,
"a5e67c7f-be5f-441d-ab88-4140f16c570b","D19","CARI","CARI.AOS.S2","2017-07-24","CARI.SS.20170724.POM.1",,"condition ok","SIRFER Lab at University of Utah","2018-03-29","ElFtGy1kV49xqNP00HfxQA==","POM","1",550,25,100,"carbon",349.90,"microgramsPerLiter","Revesz & Coplen 2012a",,
"1264dfb0-fb76-4510-a500-ec58aa9fad07","D19","CARI","CARI.AOS.S2","2017-07-24","CARI.SS.20170724.POM.1",,"condition ok","SIRFER Lab at University of Utah","2018-03-29","ElFtGy1kV49xqNP00HfxQA==","POM","1",550,25,100,"d15N",7.27,"perMill","Revesz & Coplen 2012a",,
"97bebd2d-2f88-4597-b3de-f4152b125e27","D19","CARI","CARI.AOS.S2","2017-07-24","CARI.SS.20170724.POM.1",,"condition ok","SIRFER Lab at University of Utah","2018-03-29","ElFtGy1kV49xqNP00HfxQA==","POM","1",550,25,100,"nitrogen",25.54,"microgramsPerLiter","Revesz & Coplen 2012a",,
"102bf293-5ed7-4842-8a19-284614569154","D19","CARI","CARI.AOS.S2","2017-07-24","CARI.SS.20170724.POM.1",,"condition ok","SIRFER Lab at University of Utah","2018-03-29","ElFtGy1kV49xqNP00HfxQA==","POM","1",550,25,100,"d13C",-27.30,"perMill","Revesz & Coplen 2012a",,
