uid,domainID,siteID,namedLocation,collectDate,sampleID,sampleCode,sampleCondition,laboratoryName,analysisDate,analyzedBy,sampleType,replicate,sampleVolumeFiltered,filterSize,percentFilterAnalyzed,analyte,analyteConcentration,plantAlgaeLabUnits,method,externalRemarks,externalLabDataQF
"518fcea0-50ad-443a-9eb6-bd82379b40eb","D09","PRLA","PRLA.AOS.inlet","2015-11-04","PRLA.IN.20151104.POM.1",,"other","Academy of Natural Sciences of Drexel University","2017-01-31","OKgcKejxXbI=","13C15N","1",,,100,"d15N",5.49,"perMill",,"Filter stained blue",
"919e5723-e080-40e2-92f6-401d92cc39ff","D09","PRLA","PRLA.AOS.inlet","2015-11-04","PRLA.IN.20151104.POM.2",,"other","Academy of Natural Sciences of Drexel University","2017-05-17","OKgcKejxXbI=","13C15N","2",,,50,"d13C",-28.90,"perMill",,"Filter stained blue",
"b743b713-5097-4861-9189-0d6a5c2b446b","D09","PRLA","PRLA.AOS.inlet","2015-11-04","PRLA.IN.20151104.POM.2",,"other","Academy of Natural Sciences of Drexel University","2017-05-17","OKgcKejxXbI=","13C15N","2",,,50,"d15N",8.59,"perMill",,"Filter stained blue",
"0c1441c6-b965-4a97-9984-334f3017c762","D09","PRLA","PRLA.AOS.inlet","2015-11-04","PRLA.IN.20151104.POM.1",,"other","Academy of Natural Sciences of Drexel University","2017-01-31","OKgcKejxXbI=","13C15N","1",,,100,"d13C",,"perMill",,"Filter stained blue, sample maxed out collector",
"c381ef44-eaf2-4b17-9cf3-399ce9db2cbd","D09","PRLA","PRLA.AOS.buoy.c0","2015-11-04","PRLA.C0.20151104.POM.2",,"other","Academy of Natural Sciences of Drexel University","2017-05-17","OKgcKejxXbI=","13C15N","2",,,100,"d15N",6.39,"perMill",,"Filter stained blue",
"634bbe4a-60ba-45b1-bd80-bb520c8e0a33","D09","PRLA","PRLA.AOS.buoy.c0","2015-11-04","PRLA.C0.20151104.POM.2",,"other","Academy of Natural Sciences of Drexel University","2017-05-17","OKgcKejxXbI=","13C15N","2",,,100,"d13C",-29.03,"perMill",,"Filter stained blue",
"ef2a5671-3cff-4cf6-9013-d1b9ab6300f0","D09","PRLA","PRLA.AOS.buoy.c0","2015-11-04","PRLA.C0.20151104.POM.1",,"other","Academy of Natural Sciences of Drexel University","2017-01-31","OKgcKejxXbI=","13C15N","1",,,100,"d15N",9.38,"perMill",,"Filter stained blue",
"48e06bc5-6d94-43ee-a6f7-396d309d1dc6","D09","PRLA","PRLA.AOS.buoy.c0","2015-11-04","PRLA.C0.20151104.POM.1",,"other","Academy of Natural Sciences of Drexel University","2017-01-31","OKgcKejxXbI=","13C15N","1",,,100,"d13C",-29.93,"perMill",,"Filter stained blue",
"fb0c28dd-5f19-42e7-a970-a2cf7160a07f","D09","PRLA","PRLA.AOS.outlet","2015-11-04","PRLA.OT.20151104.POM.1",,"other","Academy of Natural Sciences of Drexel University","2017-01-31","OKgcKejxXbI=","13C15N","1",,,100,"d15N",6.10,"perMill",,"Filter stained blue",
"fc413768-1ffa-489b-b54c-ffb910f3685f","D09","PRLA","PRLA.AOS.outlet","2015-11-04","PRLA.OT.20151104.POM.2",,"other","Academy of Natural Sciences of Drexel University","2017-05-17","OKgcKejxXbI=","13C15N","2",,,100,"d13C",,"perMill",,"Filter stained blue, sample maxed out collector",
"7b69e39b-4aa4-4595-a075-7943a65c43f0","D09","PRLA","PRLA.AOS.outlet","2015-11-04","PRLA.OT.20151104.POM.2",,"other","Academy of Natural Sciences of Drexel University","2017-05-17","OKgcKejxXbI=","13C15N","2",,,100,"d15N",5.22,"perMill",,"Filter stained blue",
"d06f7103-f2b9-458c-a436-9cae99137cf8","D09","PRLA","PRLA.AOS.outlet","2015-11-04","PRLA.OT.20151104.POM.1",,"other","Academy of Natural Sciences of Drexel University","2017-01-31","OKgcKejxXbI=","13C15N","1",,,100,"d13C",-30.28,"perMill",,"Filter stained blue",
