uid,domainID,siteID,namedLocation,collectDate,sampleID,sampleCode,sampleCondition,laboratoryName,analysisDate,analyzedBy,sampleType,replicate,sampleVolumeFiltered,filterSize,percentFilterAnalyzed,analyte,analyteConcentration,plantAlgaeLabUnits,method,externalRemarks,externalLabDataQF
"50e835e9-2262-4a71-a513-f06fa14a4ff8","D03","FLNT","FLNT.AOS.buoy.c0","2018-10-23","FLNT.C0.20181023.POM.1","A00000005326","condition ok","SIRFER Lab at University of Utah","2019-02-12","ElFtGy1kV49xqNP00HfxQA==","POM","1",500,25,100,"nitrogen",56.70,"microgramsPerLiter","Revesz & Coplen 2012a",,
"b385b267-de0c-46c9-8d86-3dff253ab136","D03","FLNT","FLNT.AOS.buoy.c0","2018-10-23","FLNT.C0.20181023.POM.1","A00000005326","condition ok","SIRFER Lab at University of Utah","2019-02-12","ElFtGy1kV49xqNP00HfxQA==","POM","1",500,25,100,"d13C",-28.91,"perMill","Revesz & Coplen 2012a",,
"5e26d1f5-9899-415c-8410-f74d03db9262","D03","FLNT","FLNT.AOS.buoy.c0","2018-10-23","FLNT.C0.20181023.POM.1","A00000005326","condition ok","SIRFER Lab at University of Utah","2019-02-12","ElFtGy1kV49xqNP00HfxQA==","POM","1",500,25,100,"d15N",5.62,"perMill","Revesz & Coplen 2012a",,
"0a7371b3-27a1-4843-8bbd-00c50c3ed3c8","D03","FLNT","FLNT.AOS.buoy.c0","2018-10-23","FLNT.C0.20181023.POM.1","A00000005326","condition ok","SIRFER Lab at University of Utah","2019-02-12","ElFtGy1kV49xqNP00HfxQA==","POM","1",500,25,100,"carbon",330.08,"microgramsPerLiter","Revesz & Coplen 2012a",,
