uid,domainID,siteID,namedLocation,collectDate,sampleID,sampleCode,sampleCondition,laboratoryName,analysisDate,analyzedBy,sampleType,replicate,sampleVolumeFiltered,filterSize,percentFilterAnalyzed,analyte,analyteConcentration,plantAlgaeLabUnits,method,externalRemarks,externalLabDataQF
"316020bd-d7e8-4d91-9c43-15e842d26aac","D13","COMO","COMO.AOS.S2","2016-08-05","COMO.SS.20160805.POM.1",,"condition ok","Academy of Natural Sciences of Drexel University","2017-02-10","OKgcKejxXbI=","13C15N","1",,,100,"d15N",2.49,"perMill",,,
"d19ef648-5fd0-4c08-b855-1bb1213814ec","D13","COMO","COMO.AOS.S2","2016-08-05","COMO.SS.20160805.POM.2",,"condition ok","Academy of Natural Sciences of Drexel University","2017-02-22","OKgcKejxXbI=","13C15N","2",,,100,"d13C",-25.93,"perMill",,,
"8f198d3f-d18d-458f-b7aa-60a34948dad9","D13","COMO","COMO.AOS.S2","2016-08-05","COMO.SS.20160805.POM.1",,"condition ok","Academy of Natural Sciences of Drexel University","2017-02-10","OKgcKejxXbI=","13C15N","1",,,100,"d13C",-29.23,"perMill",,,
"12eb80ce-bbc6-42c4-b799-80fcfc6c3cbd","D13","COMO","COMO.AOS.S2","2016-08-05","COMO.SS.20160805.POM.2",,"condition ok","Academy of Natural Sciences of Drexel University","2017-02-22","OKgcKejxXbI=","13C15N","2",,,100,"d15N",4.78,"perMill",,,
"8d1a4bd6-638e-48f2-892f-6d25b0c3fd82","D13","COMO","COMO.AOS.S2","2016-08-09","COMO.SS.20160809.POM.1",,"condition ok","Academy of Natural Sciences of Drexel University","2017-02-10","OKgcKejxXbI=","13C15N","1",,,100,"d15N",3.05,"perMill",,,
"5e8c6f7d-4aef-42a4-9016-ae2037d9c60e","D13","COMO","COMO.AOS.S2","2016-08-09","COMO.SS.20160809.POM.2",,"condition ok","Academy of Natural Sciences of Drexel University","2017-02-22","OKgcKejxXbI=","13C15N","2",,,100,"d13C",-26.15,"perMill",,,
"d3e796c1-df3f-4e31-97ec-988ca2220dca","D13","COMO","COMO.AOS.S2","2016-08-09","COMO.SS.20160809.POM.1",,"condition ok","Academy of Natural Sciences of Drexel University","2017-02-10","OKgcKejxXbI=","13C15N","1",,,100,"d13C",-26.21,"perMill",,,
"61c14dc6-0141-4294-bf5e-035f67bc6836","D13","COMO","COMO.AOS.S2","2016-08-09","COMO.SS.20160809.POM.2",,"condition ok","Academy of Natural Sciences of Drexel University","2017-02-22","OKgcKejxXbI=","13C15N","2",,,100,"d15N",3.62,"perMill",,,
"09fd96e5-e8d6-40ca-a0a9-3ddbc0967ea9","D13","COMO","COMO.AOS.S2","2016-08-23","COMO.SS.20160823.POM.2",,"condition ok","Academy of Natural Sciences of Drexel University","2017-05-10","OKgcKejxXbI=","13C15N","2",,,100,"d15N",1.76,"perMill",,,
"f40bdec5-4538-452a-844d-25b34d460982","D13","COMO","COMO.AOS.S2","2016-08-23","COMO.SS.20160823.POM.2",,"condition ok","Academy of Natural Sciences of Drexel University","2017-05-10","OKgcKejxXbI=","13C15N","2",,,100,"d13C",-26.05,"perMill",,,
"d05c8574-7c75-4295-bf41-c6ed5a0d7f51","D13","COMO","COMO.AOS.S2","2016-08-23","COMO.SS.20160823.POM.1",,"condition ok","Academy of Natural Sciences of Drexel University","2017-03-03","OKgcKejxXbI=","13C15N","1",,,100,"d13C",-26.44,"perMill",,,
"978fbe4d-75c3-4d3c-a578-9497660b6964","D13","COMO","COMO.AOS.S2","2016-08-23","COMO.SS.20160823.POM.1",,"condition ok","Academy of Natural Sciences of Drexel University","2017-03-03","OKgcKejxXbI=","13C15N","1",,,100,"d15N",1.16,"perMill",,,
