uid,domainID,siteID,namedLocation,collectDate,sampleID,sampleCode,sampleCondition,laboratoryName,analysisDate,analyzedBy,sampleType,replicate,sampleVolumeFiltered,filterSize,percentFilterAnalyzed,analyte,analyteConcentration,plantAlgaeLabUnits,method,externalRemarks,externalLabDataQF
"a9b3ab33-bfe4-48a9-95c2-0bda58d99508","D03","BARC","BARC.AOS.buoy.c0","2017-12-05","BARC.C0.20171205.POM.1",,"condition ok","SIRFER Lab at University of Utah","2018-07-27","ElFtGy1kV49xqNP00HfxQA==","POM","1",400,25,100,"carbon",287.02,"microgramsPerLiter","Revesz & Coplen 2012a",,
"562a402c-d9ea-46e0-8d5d-3e581b8c9050","D03","BARC","BARC.AOS.buoy.c0","2017-12-05","BARC.C0.20171205.POM.1",,"condition ok","SIRFER Lab at University of Utah","2018-07-27","ElFtGy1kV49xqNP00HfxQA==","POM","1",400,25,100,"d15N",2.31,"perMill","Revesz & Coplen 2012a",,
"1b789261-6333-4744-b344-d116ab0c7e7f","D03","BARC","BARC.AOS.buoy.c0","2017-12-05","BARC.C0.20171205.POM.1",,"condition ok","SIRFER Lab at University of Utah","2018-07-27","ElFtGy1kV49xqNP00HfxQA==","POM","1",400,25,100,"nitrogen",24.65,"microgramsPerLiter","Revesz & Coplen 2012a",,
"d050e85d-43d5-46f5-b8e7-92949ffae086","D03","BARC","BARC.AOS.buoy.c0","2017-12-05","BARC.C0.20171205.POM.1",,"condition ok","SIRFER Lab at University of Utah","2018-07-27","ElFtGy1kV49xqNP00HfxQA==","POM","1",400,25,100,"d13C",-32.55,"perMill","Revesz & Coplen 2012a",,
"2b59a5d8-37a7-4139-95c2-5974c9f0edf2","D03","BARC","BARC.AOS.inlet","2017-12-05","BARC.IN.20171205.POM.1",,"condition ok","SIRFER Lab at University of Utah","2018-07-27","ElFtGy1kV49xqNP00HfxQA==","POM","1",400,25,100,"d15N",5.63,"perMill","Revesz & Coplen 2012a",,
"70d1a683-69dd-4a7a-a3e0-218990e9e17b","D03","BARC","BARC.AOS.inlet","2017-12-05","BARC.IN.20171205.POM.1",,"condition ok","SIRFER Lab at University of Utah","2018-07-27","ElFtGy1kV49xqNP00HfxQA==","POM","1",400,25,100,"carbon",226.78,"microgramsPerLiter","Revesz & Coplen 2012a",,
"2503cf8e-1105-486b-9ef1-309a0eccb24b","D03","BARC","BARC.AOS.inlet","2017-12-05","BARC.IN.20171205.POM.1",,"condition ok","SIRFER Lab at University of Utah","2018-07-27","ElFtGy1kV49xqNP00HfxQA==","POM","1",400,25,100,"d13C",-33.65,"perMill","Revesz & Coplen 2012a",,
"3a317030-2c8d-4061-97df-f4fc94f0ad2a","D03","BARC","BARC.AOS.inlet","2017-12-05","BARC.IN.20171205.POM.1",,"condition ok","SIRFER Lab at University of Utah","2018-07-27","ElFtGy1kV49xqNP00HfxQA==","POM","1",400,25,100,"nitrogen",24.66,"microgramsPerLiter","Revesz & Coplen 2012a",,
"9e3120c0-7a22-4c2a-b38a-d78391fd37dc","D03","BARC","BARC.AOS.outlet","2017-12-05","BARC.OT.20171205.POM.1",,"condition ok","SIRFER Lab at University of Utah","2018-07-31","ElFtGy1kV49xqNP00HfxQA==","POM","1",300,25,100,"carbon",391.60,"microgramsPerLiter","Revesz & Coplen 2012a",,
"dbcb3500-5f48-4d13-aa13-41494ef1f4c0","D03","BARC","BARC.AOS.outlet","2017-12-05","BARC.OT.20171205.POM.1",,"condition ok","SIRFER Lab at University of Utah","2018-07-31","ElFtGy1kV49xqNP00HfxQA==","POM","1",300,25,100,"d13C",-32.76,"perMill","Revesz & Coplen 2012a",,
"2cb5ed6f-aa20-4648-8e99-31cf236ffc70","D03","BARC","BARC.AOS.outlet","2017-12-05","BARC.OT.20171205.POM.1",,"condition ok","SIRFER Lab at University of Utah","2018-07-31","ElFtGy1kV49xqNP00HfxQA==","POM","1",300,25,100,"d15N",2.93,"perMill","Revesz & Coplen 2012a",,
"c19bbd6b-e4de-43a8-a5f9-5d4b2b06584b","D03","BARC","BARC.AOS.outlet","2017-12-05","BARC.OT.20171205.POM.1",,"condition ok","SIRFER Lab at University of Utah","2018-07-31","ElFtGy1kV49xqNP00HfxQA==","POM","1",300,25,100,"nitrogen",42.70,"microgramsPerLiter","Revesz & Coplen 2012a",,
