uid,domainID,siteID,namedLocation,collectDate,parentSampleID,parentSampleCode,isotopeH2OSampleCond,isotopeH2OSampleID,isotopeH2OSampleCode,isotopePOMRep2SampleCond,isotopePOMRep2SampleID,isotopePOMRep2SampleCode,isotopePOMSampleCond,isotopePOMSampleID,isotopePOMSampleCode,processedDateFilters,processedDateH2OIsotopes,sampleVolumeFilteredPOMRep1,sampleVolumeFilteredPOMRep2,fieldDataQF
"1bbafc7e-8fd5-4cac-a4e5-9a6fd7fbade3","D17","BIGC","BIGC.AOS.S2","2019-04-02T17:03Z","BIGC.SS.20190402",,"Sample condition ok","BIGC.SS.20190402.H2O.1",,"Sample condition ok","BIGC.SS.20190402.POM.2",,"Sample condition ok","BIGC.SS.20190402.POM.1",,"2019-04-02T17:03Z","2019-04-02T17:03Z",1750,1750,
"a9c170f7-1696-4270-9731-cee6534b5801","D17","BIGC","BIGC.AOS.S2","2019-04-09T16:46Z","BIGC.SS.20190409",,"Sample condition ok","BIGC.SS.20190409.H2O.1","A00000062021","Sample condition ok","BIGC.SS.20190409.POM.2","A00000062042","Sample condition ok","BIGC.SS.20190409.POM.1","A00000062043","2019-04-09T18:50Z","2019-04-09T16:46Z",1000,1000,
"c60c1c38-4a35-4594-a778-8a35c161ca9e","D17","BIGC","BIGC.AOS.S2","2019-04-17T16:55Z","BIGC.SS.20190417",,"Sample condition ok","BIGC.SS.20190417.H2O.1","A00000062208","Sample condition ok","BIGC.SS.20190417.POM.2","A00000062943","Sample condition ok","BIGC.SS.20190417.POM.1","A00000062944","2019-04-17T19:55Z","2019-04-17T17:05Z",1250,1250,
"bdb976eb-ec49-445c-b2c7-22ca1d6ded8b","D17","BIGC","BIGC.AOS.S2","2019-04-22T16:30Z","BIGC.SS.20190422",,"Sample condition ok","BIGC.SS.20190422.H2O.1","A00000063085","Sample condition ok","BIGC.SS.20190422.POM.2","A00000062962","Sample condition ok","BIGC.SS.20190422.POM.1","A00000062940","2019-04-22T16:55Z","2019-04-22T17:00Z",1000,1000,
"a25d24fc-0746-4c26-af68-a00d9c317435","D17","BIGC","BIGC.AOS.S2","2019-04-29T17:35Z","BIGC.SS.20190429",,"Sample condition ok","BIGC.SS.20190429.H2O.3","A00000063365",,,,,,,,"2019-04-29T17:35Z",,,
"08ce36f7-f4a9-46a8-89af-73fe0cebe784","D17","BIGC","BIGC.AOS.S2","2019-04-29T17:35Z","BIGC.SS.20190429",,"Sample condition ok","BIGC.SS.20190429.H2O.2","A00000063366",,,,,,,,"2019-04-29T17:35Z",,,
"a1403d3b-f0f5-418e-bf90-b6e2d78b2ee7","D17","BIGC","BIGC.AOS.S2","2019-04-29T17:35Z","BIGC.SS.20190429",,"Sample condition ok","BIGC.SS.20190429.H2O.1","A00000063367","Sample condition ok","BIGC.SS.20190429.POM.2","A00000063388","Sample condition ok","BIGC.SS.20190429.POM.1","A00000063387","2019-04-29T19:02Z","2019-04-29T17:35Z",1750,1750,
