uid,domainID,siteID,namedLocation,collectDate,analysisDate,isotopeH2OSampleID,isotopeH2OSampleCode,instrumentSN,d18OWater,d2HWater,d18OsdWater,d2HsdWater,isotopeH2OExternalLabQF,laboratoryName,analyzedBy,sampleCondition,externalRemarks,externalLabDataQF
"0e3a6eda-15a4-4c2a-82a6-e74b10ad0e53","D17","BIGC","BIGC.AOS.S2","2019-04-02","2019-07-08","BIGC.SS.20190402.H2O.1","A00000062094","HIDS2052",-11.51,-78.24,0.04,0.20,0,"SIRFER Lab at University of Utah","OlSmE6RRn5QQH8tvUHmK5i/poYiQr6sd","OK",,
"3a193cef-7c97-4141-880c-23675f8b5059","D17","BIGC","BIGC.AOS.S2","2019-04-09","2019-07-08","BIGC.SS.20190409.H2O.1","A00000062021","HIDS2052",-11.56,-78.64,0.02,0.12,0,"SIRFER Lab at University of Utah","OlSmE6RRn5QQH8tvUHmK5i/poYiQr6sd","OK",,
"d7c09f9a-54bd-4f9e-932e-8d6be32f620a","D17","BIGC","BIGC.AOS.S2","2019-04-17","2019-07-08","BIGC.SS.20190417.H2O.1","A00000062208","HIDS2052",-11.50,-78.67,0.03,0.11,0,"SIRFER Lab at University of Utah","OlSmE6RRn5QQH8tvUHmK5i/poYiQr6sd","OK",,
"090630f6-5f04-4087-af2a-24bd92ddd835","D17","BIGC","BIGC.AOS.S2","2019-04-22","2019-07-08","BIGC.SS.20190422.H2O.1","A00000063085","HIDS2052",-11.47,-78.38,0.03,0.22,0,"SIRFER Lab at University of Utah","OlSmE6RRn5QQH8tvUHmK5i/poYiQr6sd","OK",,
"0b5fcb96-fb22-4d26-b838-b2e58e738c27","D17","BIGC","BIGC.AOS.S2","2019-04-29","2019-07-08","BIGC.SS.20190429.H2O.3","A00000063365","HIDS2052",-11.44,-78.37,0.05,0.26,0,"SIRFER Lab at University of Utah","OlSmE6RRn5QQH8tvUHmK5i/poYiQr6sd","OK",,
"10e744b3-a7a5-43bf-8f5d-3f3e1ef77c4c","D17","BIGC","BIGC.AOS.S2","2019-04-29","2019-07-08","BIGC.SS.20190429.H2O.1","A00000063367","HIDS2052",-11.52,-78.60,0.02,0.08,0,"SIRFER Lab at University of Utah","OlSmE6RRn5QQH8tvUHmK5i/poYiQr6sd","OK",,
"53f39c58-9c57-4905-bf6a-78527c0d313e","D17","BIGC","BIGC.AOS.S2","2019-04-29","2019-07-08","BIGC.SS.20190429.H2O.2","A00000063366","HIDS2052",-11.46,-78.60,0.04,0.15,0,"SIRFER Lab at University of Utah","OlSmE6RRn5QQH8tvUHmK5i/poYiQr6sd","OK",,
