uid,domainID,siteID,namedLocation,collectDate,sampleID,sampleCode,sampleCondition,laboratoryName,analysisDate,analyzedBy,sampleType,replicate,sampleVolumeFiltered,filterSize,percentFilterAnalyzed,analyte,analyteConcentration,plantAlgaeLabUnits,method,externalRemarks,externalLabDataQF
"446b2645-ad6b-4945-b3ec-5622665b0059","D17","BIGC","BIGC.AOS.S2","2019-04-02","BIGC.SS.20190402.POM.1","A00000062035","condition ok","SIRFER Lab at University of Utah","2019-08-14","ElFtGy1kV49xqNP00HfxQA==","POM","1",1750,25,100,"nitrogen",8.19,"microgramsPerLiter","Revesz & Coplen 2012a",,
"abbc1b97-7a71-4853-81c3-166551348fa0","D17","BIGC","BIGC.AOS.S2","2019-04-02","BIGC.SS.20190402.POM.1","A00000062035","condition ok","SIRFER Lab at University of Utah","2019-08-14","ElFtGy1kV49xqNP00HfxQA==","POM","1",1750,25,100,"d15N",-1.40,"perMill","Revesz & Coplen 2012a",,
"099f10e2-da8d-411b-8836-8bb0ec6c40d4","D17","BIGC","BIGC.AOS.S2","2019-04-02","BIGC.SS.20190402.POM.1","A00000062035","condition ok","SIRFER Lab at University of Utah","2019-08-14","ElFtGy1kV49xqNP00HfxQA==","POM","1",1750,25,100,"carbon",123.91,"microgramsPerLiter","Revesz & Coplen 2012a",,
"d7087b82-9ece-41d7-8754-b57bb58a7e13","D17","BIGC","BIGC.AOS.S2","2019-04-02","BIGC.SS.20190402.POM.1","A00000062035","condition ok","SIRFER Lab at University of Utah","2019-08-14","ElFtGy1kV49xqNP00HfxQA==","POM","1",1750,25,100,"d13C",-28.23,"perMill","Revesz & Coplen 2012a",,
"dfcbdf43-7c91-4134-891a-0a8506d6e7d5","D17","BIGC","BIGC.AOS.S2","2019-04-09","BIGC.SS.20190409.POM.1","A00000062043","condition ok","SIRFER Lab at University of Utah","2019-08-14","ElFtGy1kV49xqNP00HfxQA==","POM","1",1000,25,100,"nitrogen",12.60,"microgramsPerLiter","Revesz & Coplen 2012a",,
"03ef6867-e856-40a9-a435-175a40ffed23","D17","BIGC","BIGC.AOS.S2","2019-04-09","BIGC.SS.20190409.POM.1","A00000062043","condition ok","SIRFER Lab at University of Utah","2019-08-14","ElFtGy1kV49xqNP00HfxQA==","POM","1",1000,25,100,"d13C",-28.05,"perMill","Revesz & Coplen 2012a",,
"70f6cdbd-9482-4284-b5cc-b9785fc8db37","D17","BIGC","BIGC.AOS.S2","2019-04-09","BIGC.SS.20190409.POM.1","A00000062043","condition ok","SIRFER Lab at University of Utah","2019-08-14","ElFtGy1kV49xqNP00HfxQA==","POM","1",1000,25,100,"carbon",191.03,"microgramsPerLiter","Revesz & Coplen 2012a",,
"2fea8816-923f-4e34-a1f8-ef7bcb119425","D17","BIGC","BIGC.AOS.S2","2019-04-09","BIGC.SS.20190409.POM.1","A00000062043","condition ok","SIRFER Lab at University of Utah","2019-08-14","ElFtGy1kV49xqNP00HfxQA==","POM","1",1000,25,100,"d15N",0.64,"perMill","Revesz & Coplen 2012a",,
"b0e8458b-7835-416f-b809-11e12d047870","D17","BIGC","BIGC.AOS.S2","2019-04-17","BIGC.SS.20190417.POM.1","A00000062944","condition ok","SIRFER Lab at University of Utah","2019-08-14","ElFtGy1kV49xqNP00HfxQA==","POM","1",1250,25,100,"d13C",-28.50,"perMill","Revesz & Coplen 2012a",,
"708060d8-0041-46ec-954b-3dbe9000ed3d","D17","BIGC","BIGC.AOS.S2","2019-04-17","BIGC.SS.20190417.POM.1","A00000062944","condition ok","SIRFER Lab at University of Utah","2019-08-14","ElFtGy1kV49xqNP00HfxQA==","POM","1",1250,25,100,"d15N",0.38,"perMill","Revesz & Coplen 2012a",,
"7843a414-cf7f-44c0-85f5-48018de07a9c","D17","BIGC","BIGC.AOS.S2","2019-04-17","BIGC.SS.20190417.POM.1","A00000062944","condition ok","SIRFER Lab at University of Utah","2019-08-14","ElFtGy1kV49xqNP00HfxQA==","POM","1",1250,25,100,"nitrogen",10.25,"microgramsPerLiter","Revesz & Coplen 2012a",,
"f3ee8aaa-77c2-4df9-a828-09491b6ccc48","D17","BIGC","BIGC.AOS.S2","2019-04-17","BIGC.SS.20190417.POM.1","A00000062944","condition ok","SIRFER Lab at University of Utah","2019-08-14","ElFtGy1kV49xqNP00HfxQA==","POM","1",1250,25,100,"carbon",150.30,"microgramsPerLiter","Revesz & Coplen 2012a",,
"1f7f8e64-64db-4e27-8b8d-41cf4418747e","D17","BIGC","BIGC.AOS.S2","2019-04-22","BIGC.SS.20190422.POM.1","A00000062940","condition ok","SIRFER Lab at University of Utah","2019-08-14","ElFtGy1kV49xqNP00HfxQA==","POM","1",1000,25,100,"d15N",-2.05,"perMill","Revesz & Coplen 2012a",,
"0a45cb36-e429-40e7-b3a9-029644100c1a","D17","BIGC","BIGC.AOS.S2","2019-04-22","BIGC.SS.20190422.POM.1","A00000062940","condition ok","SIRFER Lab at University of Utah","2019-08-14","ElFtGy1kV49xqNP00HfxQA==","POM","1",1000,25,100,"d13C",-26.27,"perMill","Revesz & Coplen 2012a",,
"694dd02b-66d5-4062-a941-44ba50428bfe","D17","BIGC","BIGC.AOS.S2","2019-04-22","BIGC.SS.20190422.POM.1","A00000062940","condition ok","SIRFER Lab at University of Utah","2019-08-14","ElFtGy1kV49xqNP00HfxQA==","POM","1",1000,25,100,"nitrogen",33.90,"microgramsPerLiter","Revesz & Coplen 2012a",,
"8f42cb94-bfa4-4e95-bc32-9ced35713d7a","D17","BIGC","BIGC.AOS.S2","2019-04-22","BIGC.SS.20190422.POM.1","A00000062940","condition ok","SIRFER Lab at University of Utah","2019-08-14","ElFtGy1kV49xqNP00HfxQA==","POM","1",1000,25,100,"carbon",282.81,"microgramsPerLiter","Revesz & Coplen 2012a",,
"dd4fa183-57fa-4378-8863-c49704355e7e","D17","BIGC","BIGC.AOS.S2","2019-04-29","BIGC.SS.20190429.POM.1","A00000063387","condition ok","SIRFER Lab at University of Utah","2019-08-14","ElFtGy1kV49xqNP00HfxQA==","POM","1",1750,25,100,"d15N",-2.60,"perMill","Revesz & Coplen 2012a",,
"f08cf2cd-bc48-4084-8ca4-a0ca85eeafda","D17","BIGC","BIGC.AOS.S2","2019-04-29","BIGC.SS.20190429.POM.1","A00000063387","condition ok","SIRFER Lab at University of Utah","2019-08-14","ElFtGy1kV49xqNP00HfxQA==","POM","1",1750,25,100,"carbon",159.04,"microgramsPerLiter","Revesz & Coplen 2012a",,
"d717b073-a0fc-48b7-b29d-945b5b00d6e7","D17","BIGC","BIGC.AOS.S2","2019-04-29","BIGC.SS.20190429.POM.1","A00000063387","condition ok","SIRFER Lab at University of Utah","2019-08-14","ElFtGy1kV49xqNP00HfxQA==","POM","1",1750,25,100,"nitrogen",10.36,"microgramsPerLiter","Revesz & Coplen 2012a",,
"e614b708-f46a-4c1f-89b0-22570f138841","D17","BIGC","BIGC.AOS.S2","2019-04-29","BIGC.SS.20190429.POM.1","A00000063387","condition ok","SIRFER Lab at University of Utah","2019-08-14","ElFtGy1kV49xqNP00HfxQA==","POM","1",1750,25,100,"d13C",-28.12,"perMill","Revesz & Coplen 2012a",,
