uid,domainID,siteID,namedLocation,decimalLatitude,decimalLongitude,coordinateUncertainty,additionalCoordUncertainty,elevation,elevationUncertainty,geodeticDatum,altLocation,altLatitude,altLongitude,altCoordinateUncertainty,altGeodeticDatum,collectDate,aquaticSiteType,samplingImpractical,parentSampleID,parentSampleCode,eventID,samplerType,dissolvedOxygen,dissolvedOxygenSaturation,specificConductance,waterTemp,asiSamplingProtocolVersion,lowerSegmentDepth,upperSegmentDepth,maxDepth,lakeSampleDepth1,lakeSampleDepth2,aCollectedBy,bCollectedBy,remarks,fieldDataQF
"ceaa9c31-402f-4fed-925a-95a88dc30b60","D17","BIGC","BIGC.AOS.S2",37.057667,-119.255374,0.1,10.0,1128.1,0.0,"WGS84",,,,,,"2019-04-02T17:03Z","stream",,"BIGC.SS.20190402",,"BIGC.20190402","Grab",9.90,84.50,66.60,8.50,"NEON.DOC.001886vF",,,,,,"0000-0002-9408-2523","0000-0002-9408-2523",,
"de3e88d1-7a36-44a4-a9cc-786158c4fc0b","D17","BIGC","BIGC.AOS.S2",37.057667,-119.255374,0.1,10.0,1128.1,0.0,"WGS84",,,,,,"2019-04-09T16:46Z","stream",,"BIGC.SS.20190409",,"BIGC.20190409","Grab",9.76,86.10,71.60,9.50,"NEON.DOC.001886vF",,,,,,"0000-0001-7072-0706","0000-0002-9408-2523",,
"b418e127-023d-4a71-a6e0-65d89243bfa7","D17","BIGC","BIGC.AOS.S2",37.057667,-119.255374,0.1,10.0,1128.1,0.0,"WGS84",,,,,,"2019-04-17T16:55Z","stream",,"BIGC.SS.20190417",,"BIGC.20190417","Grab",11.00,91.30,68.70,7.80,"NEON.DOC.001886vF",,,,,,"0000-0001-5314-0662","0000-0002-9408-2523",,
"2fd9ef56-f6f2-4122-b239-b07874a3074d","D17","BIGC","BIGC.AOS.S2",37.057667,-119.255374,0.1,10.0,1128.1,0.0,"WGS84",,,,,,"2019-04-22T16:30Z","stream",,"BIGC.SS.20190422",,"BIGC.20190422",,10.40,87.80,76.80,8.10,"NEON.DOC.001886vF",,,,,,"0000-0001-7072-0706","0000-0001-7332-328X",,
"afa59663-1d65-42ad-8033-ba500a1e20d1","D17","BIGC","BIGC.AOS.S2",37.057667,-119.255374,0.1,10.0,1128.1,0.0,"WGS84",,,,,,"2019-04-29T17:35Z","stream",,"BIGC.SS.20190429",,"BIGC.20190429","Grab",9.47,84.90,82.30,10.50,"NEON.DOC.001886vF",,,,,,"0000-0001-7253-0439","0000-0001-7072-0706",,
