uid,domainID,siteID,namedLocation,collectDate,sampleID,sampleCode,sampleCondition,laboratoryName,analysisDate,analyzedBy,sampleType,replicate,sampleVolumeFiltered,filterSize,percentFilterAnalyzed,analyte,analyteConcentration,plantAlgaeLabUnits,method,externalRemarks,externalLabDataQF
"145c6bc9-24ed-4ce4-ac56-6ef1ab978ec5","D06","MCDI","MCDI.AOS.S2","2017-04-06","MCDI.SS.20170406.POM.2",,"condition ok","SIRFER Lab at University of Utah","2018-03-07","ElFtGy1kV49xqNP00HfxQA==","POM","1",,,100,"d13C",0.74,"perMill","Revesz & Coplen 2012a",,
"f04807e3-bbb5-4d2d-8678-850ea11404db","D06","MCDI","MCDI.AOS.S2","2017-04-06","MCDI.SS.20170406.POM.2",,"condition ok","SIRFER Lab at University of Utah","2018-03-07","ElFtGy1kV49xqNP00HfxQA==","POM","1",,,100,"carbon",1506.46,"microgramsPerLiter","Revesz & Coplen 2012a",,
"af30ac8e-4915-4a08-a94e-fe30f59de7a2","D06","MCDI","MCDI.AOS.S2","2017-04-06","MCDI.SS.20170406.POM.2",,"condition ok","SIRFER Lab at University of Utah","2018-03-07","ElFtGy1kV49xqNP00HfxQA==","POM","1",,,100,"nitrogen",117.11,"microgramsPerLiter","Revesz & Coplen 2012a",,
"268ac0fe-4487-4880-be4f-84687eb41b7e","D06","MCDI","MCDI.AOS.S2","2017-04-06","MCDI.SS.20170406.POM.2",,"condition ok","SIRFER Lab at University of Utah","2018-03-07","ElFtGy1kV49xqNP00HfxQA==","POM","1",,,100,"d15N",5.13,"perMill","Revesz & Coplen 2012a",,
"e76c0d8a-40ae-4f54-80a4-ea314e553486","D06","MCDI","MCDI.AOS.S2","2017-04-11","MCDI.SS.20170411.POM.2",,"condition ok","SIRFER Lab at University of Utah","2018-03-07","ElFtGy1kV49xqNP00HfxQA==","POM","1",,,100,"d15N",2.42,"perMill","Revesz & Coplen 2012a",,
"79758fd8-43d8-48f6-bf34-52c71e112633","D06","MCDI","MCDI.AOS.S2","2017-04-11","MCDI.SS.20170411.POM.2",,"condition ok","SIRFER Lab at University of Utah","2018-03-07","ElFtGy1kV49xqNP00HfxQA==","POM","1",,,100,"carbon",544.71,"microgramsPerLiter","Revesz & Coplen 2012a",,
"0e48030b-43d1-4a01-bb42-34d0fa6353e4","D06","MCDI","MCDI.AOS.S2","2017-04-11","MCDI.SS.20170411.POM.2",,"condition ok","SIRFER Lab at University of Utah","2018-03-07","ElFtGy1kV49xqNP00HfxQA==","POM","1",,,100,"d13C",-16.70,"perMill","Revesz & Coplen 2012a",,
"d1eec635-ec08-43c1-9587-b40712467522","D06","MCDI","MCDI.AOS.S2","2017-04-11","MCDI.SS.20170411.POM.2",,"condition ok","SIRFER Lab at University of Utah","2018-03-07","ElFtGy1kV49xqNP00HfxQA==","POM","1",,,100,"nitrogen",38.64,"microgramsPerLiter","Revesz & Coplen 2012a",,
"06c3e755-48a7-41ef-b2f2-4cd7381e8ac1","D06","MCDI","MCDI.AOS.S2","2017-04-17","MCDI.SS.20170417.POM.1",,"condition ok","SIRFER Lab at University of Utah","2018-03-07","ElFtGy1kV49xqNP00HfxQA==","POM","1",,,100,"d13C",-20.63,"perMill","Revesz & Coplen 2012a",,
"5afcb092-ce69-4d07-935d-9b1e3be0a392","D06","MCDI","MCDI.AOS.S2","2017-04-17","MCDI.SS.20170417.POM.1",,"condition ok","SIRFER Lab at University of Utah","2018-03-07","ElFtGy1kV49xqNP00HfxQA==","POM","1",,,100,"d15N",14.94,"perMill","Revesz & Coplen 2012a",,
"ab7e93e5-79d2-4f86-9635-126ecb51bb96","D06","MCDI","MCDI.AOS.S2","2017-04-17","MCDI.SS.20170417.POM.1",,"condition ok","SIRFER Lab at University of Utah","2018-03-07","ElFtGy1kV49xqNP00HfxQA==","POM","1",,,100,"carbon",676.81,"microgramsPerLiter","Revesz & Coplen 2012a",,
"6dc95619-b174-40fc-8d47-e49de81170d1","D06","MCDI","MCDI.AOS.S2","2017-04-17","MCDI.SS.20170417.POM.1",,"condition ok","SIRFER Lab at University of Utah","2018-03-07","ElFtGy1kV49xqNP00HfxQA==","POM","1",,,100,"nitrogen",77.92,"microgramsPerLiter","Revesz & Coplen 2012a",,
