uid,domainID,siteID,namedLocation,collectDate,parentSampleID,parentSampleCode,isotopeH2OSampleCond,isotopeH2OSampleID,isotopeH2OSampleCode,isotopePOMRep2SampleCond,isotopePOMRep2SampleID,isotopePOMRep2SampleCode,isotopePOMSampleCond,isotopePOMSampleID,isotopePOMSampleCode,processedDateFilters,processedDateH2OIsotopes,sampleVolumeFilteredPOMRep1,sampleVolumeFilteredPOMRep2,fieldDataQF
"23c040f3-a4d0-460f-b8bb-3f573199686b","D13","WLOU","WLOU.AOS.S2","2017-05-03T10:50Z","WLOU.SS.20170503",,"Sample condition ok","WLOU.SS.20170503.H2O.1",,"Sample condition ok","WLOU.SS.20170503.POM.2",,"Sample condition ok","WLOU.SS.20170503.POM.1",,"2017-05-03T11:40Z","2017-05-03T10:43Z",900,900,
"8be7f664-7a45-42e8-a726-42c6e542fc1a","D13","WLOU","WLOU.AOS.S2","2017-05-09T10:39Z","WLOU.SS.20170509",,"Sample condition ok","WLOU.SS.20170509.H2O.1",,"Sample condition ok","WLOU.SS.20170509.POM.2",,"Sample condition ok","WLOU.SS.20170509.POM.1",,"2017-05-10T11:45Z","2017-05-09T12:15Z",850,850,
"87d238c4-1272-4ca9-9568-8a91c377e3c4","D13","WLOU","WLOU.AOS.S2","2017-05-22T11:36Z","WLOU.SS.20170522",,"Sample condition ok","WLOU.SS.20170522.H2O.1",,"Sample condition ok","WLOU.SS.20170522.POM.2",,"Sample condition ok","WLOU.SS.20170522.POM.1",,"2017-05-22T12:00Z","2017-05-22T11:32Z",950,750,
"0b370840-6a57-4bc2-b1d0-402b905bd356","D13","WLOU","WLOU.AOS.S2","2017-05-30T10:56Z","WLOU.SS.20170530",,"Sample condition ok","WLOU.SS.20170530.H2O.1",,"Sample condition ok",,,"Sample condition ok","WLOU.SS.20170530.POM.1",,"2017-05-30T11:18Z","2017-05-30T10:47Z",1000,,
