uid,domainID,siteID,namedLocation,collectDate,sampleID,sampleCode,sampleCondition,laboratoryName,analysisDate,analyzedBy,sampleType,replicate,sampleVolumeFiltered,filterSize,percentFilterAnalyzed,analyte,analyteConcentration,plantAlgaeLabUnits,method,externalRemarks,externalLabDataQF
"e7d6d004-976b-4953-a2a0-e86183cf6905","D13","WLOU","WLOU.AOS.S2","2017-05-03","WLOU.SS.20170503.POM.1",,"condition ok","SIRFER Lab at University of Utah","2018-04-16","ElFtGy1kV49xqNP00HfxQA==","POM","1",900,25,100,"carbon",160.73,"microgramsPerLiter","Revesz & Coplen 2012a",,
"69b8d1be-401f-47a1-bd1a-e706fa6649b2","D13","WLOU","WLOU.AOS.S2","2017-05-03","WLOU.SS.20170503.POM.1",,"condition ok","SIRFER Lab at University of Utah","2018-04-16","ElFtGy1kV49xqNP00HfxQA==","POM","1",900,25,100,"d13C",-27.47,"perMill","Revesz & Coplen 2012a",,
"6107abc6-3062-4169-8bba-20ef7cf700ec","D13","WLOU","WLOU.AOS.S2","2017-05-03","WLOU.SS.20170503.POM.1",,"condition ok","SIRFER Lab at University of Utah","2018-04-16","ElFtGy1kV49xqNP00HfxQA==","POM","1",900,25,100,"nitrogen",3.96,"microgramsPerLiter","Revesz & Coplen 2012a",,
"8276d7b9-f487-4a87-bb57-11399dcabed5","D13","WLOU","WLOU.AOS.S2","2017-05-03","WLOU.SS.20170503.POM.1",,"condition ok","SIRFER Lab at University of Utah","2018-04-16","ElFtGy1kV49xqNP00HfxQA==","POM","1",900,25,100,"d15N",1.12,"perMill","Revesz & Coplen 2012a",,
"b2a3b048-8a8a-4a1e-88f7-b743eb2f009e","D13","WLOU","WLOU.AOS.S2","2017-05-09","WLOU.SS.20170509.POM.2",,"condition ok","SIRFER Lab at University of Utah","2018-04-16","ElFtGy1kV49xqNP00HfxQA==","POM","1",850,25,100,"nitrogen",14.48,"microgramsPerLiter","Revesz & Coplen 2012a",,
"5fd2837f-9116-4547-9837-1c5e271a2b59","D13","WLOU","WLOU.AOS.S2","2017-05-09","WLOU.SS.20170509.POM.2",,"condition ok","SIRFER Lab at University of Utah","2018-04-16","ElFtGy1kV49xqNP00HfxQA==","POM","1",850,25,100,"d15N",0.73,"perMill","Revesz & Coplen 2012a",,
"0358cbf1-558c-4440-a69e-f4d7a27cd106","D13","WLOU","WLOU.AOS.S2","2017-05-09","WLOU.SS.20170509.POM.2",,"condition ok","SIRFER Lab at University of Utah","2018-04-16","ElFtGy1kV49xqNP00HfxQA==","POM","1",850,25,100,"carbon",250.26,"microgramsPerLiter","Revesz & Coplen 2012a",,
"534886cb-3b04-4b31-8a26-2bd53d93f529","D13","WLOU","WLOU.AOS.S2","2017-05-09","WLOU.SS.20170509.POM.2",,"condition ok","SIRFER Lab at University of Utah","2018-04-16","ElFtGy1kV49xqNP00HfxQA==","POM","1",850,25,100,"d13C",-27.25,"perMill","Revesz & Coplen 2012a",,
"5d310b2f-b7e2-4554-a238-8b9a7cb0befa","D13","WLOU","WLOU.AOS.S2","2017-05-22","WLOU.SS.20170522.POM.2",,"condition ok","SIRFER Lab at University of Utah","2018-04-16","ElFtGy1kV49xqNP00HfxQA==","POM","1",750,25,100,"d15N",-2.53,"perMill","Revesz & Coplen 2012a",,
"e01f19e1-5e05-423a-b922-6ee07a765174","D13","WLOU","WLOU.AOS.S2","2017-05-22","WLOU.SS.20170522.POM.2",,"condition ok","SIRFER Lab at University of Utah","2018-04-16","ElFtGy1kV49xqNP00HfxQA==","POM","1",750,25,100,"d13C",-24.93,"perMill","Revesz & Coplen 2012a",,
"69c50ba1-9d0e-46ca-a1d7-f1705e87183a","D13","WLOU","WLOU.AOS.S2","2017-05-22","WLOU.SS.20170522.POM.2",,"condition ok","SIRFER Lab at University of Utah","2018-04-16","ElFtGy1kV49xqNP00HfxQA==","POM","1",750,25,100,"nitrogen",9.23,"microgramsPerLiter","Revesz & Coplen 2012a",,
"c4515ac8-0c9f-4282-bcad-e3b97b6bcbc2","D13","WLOU","WLOU.AOS.S2","2017-05-22","WLOU.SS.20170522.POM.2",,"condition ok","SIRFER Lab at University of Utah","2018-04-16","ElFtGy1kV49xqNP00HfxQA==","POM","1",750,25,100,"carbon",168.50,"microgramsPerLiter","Revesz & Coplen 2012a",,
"c42212ea-8c6a-4a23-9187-ab0b74229831","D13","WLOU","WLOU.AOS.S2","2017-05-30","WLOU.SS.20170530.POM.1",,"condition ok","SIRFER Lab at University of Utah","2018-04-16","ElFtGy1kV49xqNP00HfxQA==","POM","1",1000,25,100,"nitrogen",9.01,"microgramsPerLiter","Revesz & Coplen 2012a",,
"bfee497f-a2a4-4974-b7fc-ce27d7365510","D13","WLOU","WLOU.AOS.S2","2017-05-30","WLOU.SS.20170530.POM.1",,"condition ok","SIRFER Lab at University of Utah","2018-04-16","ElFtGy1kV49xqNP00HfxQA==","POM","1",1000,25,100,"d15N",3.21,"perMill","Revesz & Coplen 2012a",,
"be03c8c1-d844-4ab7-9559-9dca7d1c6e4b","D13","WLOU","WLOU.AOS.S2","2017-05-30","WLOU.SS.20170530.POM.1",,"condition ok","SIRFER Lab at University of Utah","2018-04-16","ElFtGy1kV49xqNP00HfxQA==","POM","1",1000,25,100,"d13C",-23.67,"perMill","Revesz & Coplen 2012a",,
"5573b69c-5e61-4cdc-a798-a8ae82afa2ab","D13","WLOU","WLOU.AOS.S2","2017-05-30","WLOU.SS.20170530.POM.1",,"condition ok","SIRFER Lab at University of Utah","2018-04-16","ElFtGy1kV49xqNP00HfxQA==","POM","1",1000,25,100,"carbon",114.32,"microgramsPerLiter","Revesz & Coplen 2012a",,
