uid,domainID,siteID,namedLocation,decimalLatitude,decimalLongitude,coordinateUncertainty,additionalCoordUncertainty,elevation,elevationUncertainty,geodeticDatum,altLocation,altLatitude,altLongitude,altCoordinateUncertainty,altGeodeticDatum,collectDate,aquaticSiteType,samplingImpractical,parentSampleID,parentSampleCode,eventID,samplerType,dissolvedOxygen,dissolvedOxygenSaturation,specificConductance,waterTemp,asiSamplingProtocolVersion,lowerSegmentDepth,upperSegmentDepth,maxDepth,lakeSampleDepth1,lakeSampleDepth2,aCollectedBy,bCollectedBy,remarks,fieldDataQF
"f87145be-4e64-4220-8f86-789e6f920926","D13","WLOU","WLOU.AOS.S2",39.890669,-105.911314,0.1,,2899.5,0.0,"WGS84",,,,,,"2017-05-03T10:50Z","stream",,"WLOU.SS.20170503",,"WLOU.20170503","Grab",9.54,95.70,83.60,1.20,"NEON.DOC.001886vE",,,,,,"Hschartel@battelleecology.org","Bnance@battelleecology.org",,
"ac8c9dab-736f-4369-a934-55a1dca4b14b","D13","WLOU","WLOU.AOS.S2",39.890669,-105.911314,0.1,,2899.5,0.0,"WGS84",,,,,,"2017-05-09T10:39Z","stream",,"WLOU.SS.20170509",,"WLOU.20170509","Grab",10.40,105.60,71.00,1.70,"NEON.DOC.001886vE",,,,,,"rshowalter@field-ops.org","nsturm@battelleecology.org",,
"1a0c1291-b53a-4cfe-b17c-560c896d2fdb","D13","WLOU","WLOU.AOS.S2",39.890669,-105.911314,0.1,,2899.5,0.0,"WGS84",,,,,,"2017-05-22T11:36Z","stream",,"WLOU.SS.20170522",,"WLOU.20170522","Grab",10.25,103.90,76.00,1.90,"NEON.DOC.001886vE",,,,,,"Rshowalter@battelleecology.org","Nsturm@battelleecology.org",,
"336b6d0b-c367-4733-9e63-8aa20ce0aed9","D13","WLOU","WLOU.AOS.S2",39.890669,-105.911314,0.1,,2899.5,0.0,"WGS84",,,,,,"2017-05-30T10:56Z","stream",,"WLOU.SS.20170530",,"WLOU.20170530","Grab",10.05,102.50,72.40,2.10,"NEON.DOC.001886vE",,,,,,"Nsturm@battelleecology.org","Rshowalter@battelleecology.org",,
