uid,domainID,siteID,namedLocation,collectDate,sampleID,sampleCode,sampleCondition,laboratoryName,analysisDate,analyzedBy,sampleType,replicate,sampleVolumeFiltered,filterSize,percentFilterAnalyzed,analyte,analyteConcentration,plantAlgaeLabUnits,method,externalRemarks,externalLabDataQF
"02f2b869-ee4d-4d88-b07d-efb33573edbb","D18","OKSR","OKSR.AOS.S2","2017-05-23","OKSR.SS.20170523.POM.2",,"condition ok","SIRFER Lab at University of Utah","2018-05-09","ElFtGy1kV49xqNP00HfxQA==","POM","1",300,25,100,"nitrogen",44.27,"microgramsPerLiter","Revesz & Coplen 2012a",,
"e40b6178-d6cd-4ed8-9b19-a1acdf79f697","D18","OKSR","OKSR.AOS.S2","2017-05-23","OKSR.SS.20170523.POM.2",,"condition ok","SIRFER Lab at University of Utah","2018-05-09","ElFtGy1kV49xqNP00HfxQA==","POM","1",300,25,100,"d15N",5.13,"perMill","Revesz & Coplen 2012a",,
"4171f6ed-f6b4-48d2-a4bc-261811b153a0","D18","OKSR","OKSR.AOS.S2","2017-05-23","OKSR.SS.20170523.POM.2",,"condition ok","SIRFER Lab at University of Utah","2018-05-09","ElFtGy1kV49xqNP00HfxQA==","POM","1",300,25,100,"carbon",461.46,"microgramsPerLiter","Revesz & Coplen 2012a",,
"d48995fb-03ae-4f83-a99a-db99257767b2","D18","OKSR","OKSR.AOS.S2","2017-05-23","OKSR.SS.20170523.POM.2",,"condition ok","SIRFER Lab at University of Utah","2018-05-09","ElFtGy1kV49xqNP00HfxQA==","POM","1",300,25,100,"d13C",-26.33,"perMill","Revesz & Coplen 2012a",,
"1ab03270-afc5-46d0-a4a1-6f5fb8cd33b5","D18","OKSR","OKSR.AOS.S2","2017-05-28","OKSR.SS.20170528.POM.2",,"condition ok","SIRFER Lab at University of Utah","2018-05-09","ElFtGy1kV49xqNP00HfxQA==","POM","1",500,25,100,"carbon",273.04,"microgramsPerLiter","Revesz & Coplen 2012a",,
"1cc20d46-81fe-4cdc-8f15-d0716822163e","D18","OKSR","OKSR.AOS.S2","2017-05-28","OKSR.SS.20170528.POM.2",,"condition ok","SIRFER Lab at University of Utah","2018-05-09","ElFtGy1kV49xqNP00HfxQA==","POM","1",500,25,100,"d15N",6.22,"perMill","Revesz & Coplen 2012a",,
"9d6b41da-5b5d-4516-8f74-10695db57758","D18","OKSR","OKSR.AOS.S2","2017-05-28","OKSR.SS.20170528.POM.2",,"condition ok","SIRFER Lab at University of Utah","2018-05-09","ElFtGy1kV49xqNP00HfxQA==","POM","1",500,25,100,"d13C",-27.03,"perMill","Revesz & Coplen 2012a",,
"dac584c7-2125-4d25-aee4-deeb226ec97c","D18","OKSR","OKSR.AOS.S2","2017-05-28","OKSR.SS.20170528.POM.2",,"condition ok","SIRFER Lab at University of Utah","2018-05-09","ElFtGy1kV49xqNP00HfxQA==","POM","1",500,25,100,"nitrogen",25.80,"microgramsPerLiter","Revesz & Coplen 2012a",,
