uid,domainID,siteID,namedLocation,collectDate,sampleID,sampleCode,sampleCondition,laboratoryName,analysisDate,analyzedBy,sampleType,replicate,sampleVolumeFiltered,filterSize,percentFilterAnalyzed,analyte,analyteConcentration,plantAlgaeLabUnits,method,externalRemarks,externalLabDataQF
"c375fe71-6749-4169-bd81-ac0b124601f7","D03","FLNT","FLNT.AOS.buoy.c0","2017-08-08","FLNT.C0.20170808.POM.1",,"condition ok","SIRFER Lab at University of Utah","2018-03-28","ElFtGy1kV49xqNP00HfxQA==","POM","1",,,100,"carbon",310.55,"microgramsPerLiter","Revesz & Coplen 2012a",,
"42692bf7-3fe1-4b2b-82ed-e3e2d9be67f9","D03","FLNT","FLNT.AOS.buoy.c0","2017-08-08","FLNT.C0.20170808.POM.1",,"condition ok","SIRFER Lab at University of Utah","2018-03-28","ElFtGy1kV49xqNP00HfxQA==","POM","1",,,100,"d15N",12.87,"perMill","Revesz & Coplen 2012a",,
"cc2a8280-785a-485e-ae9e-42f57a0df507","D03","FLNT","FLNT.AOS.buoy.c0","2017-08-08","FLNT.C0.20170808.POM.1",,"condition ok","SIRFER Lab at University of Utah","2018-03-28","ElFtGy1kV49xqNP00HfxQA==","POM","1",,,100,"d13C",-29.80,"perMill","Revesz & Coplen 2012a",,
"19eb3b9c-ff1e-4921-a56d-5fce1cd00658","D03","FLNT","FLNT.AOS.buoy.c0","2017-08-08","FLNT.C0.20170808.POM.1",,"condition ok","SIRFER Lab at University of Utah","2018-03-28","ElFtGy1kV49xqNP00HfxQA==","POM","1",,,100,"nitrogen",485.12,"microgramsPerLiter","Revesz & Coplen 2012a",,
"021a8066-6805-4cda-9e7b-79b227374414","D03","FLNT","FLNT.AOS.buoy.c0","2017-08-16","FLNT.C0.20170816.POM.1",,"condition ok","SIRFER Lab at University of Utah","2018-05-26","ElFtGy1kV49xqNP00HfxQA==","POM","1",,,100,"nitrogen",61.73,"microgramsPerLiter","Revesz & Coplen 2012a",,
"204eeb9f-7bce-49ee-a7a4-8a5f813d626b","D03","FLNT","FLNT.AOS.buoy.c0","2017-08-16","FLNT.C0.20170816.POM.1",,"condition ok","SIRFER Lab at University of Utah","2018-05-26","ElFtGy1kV49xqNP00HfxQA==","POM","1",,,100,"d13C",-29.35,"perMill","Revesz & Coplen 2012a",,
"51c8f874-f4f7-4e47-a3e5-8c7721fad5e6","D03","FLNT","FLNT.AOS.buoy.c0","2017-08-16","FLNT.C0.20170816.POM.1",,"condition ok","SIRFER Lab at University of Utah","2018-05-26","ElFtGy1kV49xqNP00HfxQA==","POM","1",,,100,"d15N",12.54,"perMill","Revesz & Coplen 2012a",,
"14e92dc0-21c8-442f-849e-79f6ef6f7d07","D03","FLNT","FLNT.AOS.buoy.c0","2017-08-16","FLNT.C0.20170816.POM.1",,"condition ok","SIRFER Lab at University of Utah","2018-05-26","ElFtGy1kV49xqNP00HfxQA==","POM","1",,,100,"carbon",579.57,"microgramsPerLiter","Revesz & Coplen 2012a",,
