uid,domainID,siteID,namedLocation,collectDate,sampleID,sampleCode,sampleCondition,laboratoryName,analysisDate,analyzedBy,sampleType,replicate,sampleVolumeFiltered,filterSize,percentFilterAnalyzed,analyte,analyteConcentration,plantAlgaeLabUnits,method,externalRemarks,externalLabDataQF
"3b40fd22-86f5-4c0c-9a4b-e8edcaa3144d","D13","WLOU","WLOU.AOS.S2","2017-11-14","WLOU.SS.20171114.POM.1",,"condition ok","SIRFER Lab at University of Utah","2018-08-08","ElFtGy1kV49xqNP00HfxQA==","POM","1",2000,25,100,"carbon",116.47,"microgramsPerLiter","Revesz & Coplen 2012a",,
"4e7c95c5-a443-4db4-a98b-3fa2771f5171","D13","WLOU","WLOU.AOS.S2","2017-11-14","WLOU.SS.20171114.POM.1",,"condition ok","SIRFER Lab at University of Utah","2018-08-08","ElFtGy1kV49xqNP00HfxQA==","POM","1",2000,25,100,"d13C",-27.07,"perMill","Revesz & Coplen 2012a",,
"1919de9c-519e-40a0-ba5b-d0e081c7b6ca","D13","WLOU","WLOU.AOS.S2","2017-11-14","WLOU.SS.20171114.POM.1",,"condition ok","SIRFER Lab at University of Utah","2018-08-08","ElFtGy1kV49xqNP00HfxQA==","POM","1",2000,25,100,"nitrogen",7.53,"microgramsPerLiter","Revesz & Coplen 2012a",,
"e345def9-973d-43ad-a4d1-7032139e3ee8","D13","WLOU","WLOU.AOS.S2","2017-11-14","WLOU.SS.20171114.POM.1",,"condition ok","SIRFER Lab at University of Utah","2018-08-08","ElFtGy1kV49xqNP00HfxQA==","POM","1",2000,25,100,"d15N",1.17,"perMill","Revesz & Coplen 2012a",,
