uid,domainID,siteID,namedLocation,collectDate,sampleID,sampleCode,sampleCondition,laboratoryName,analysisDate,analyzedBy,sampleType,replicate,sampleVolumeFiltered,filterSize,percentFilterAnalyzed,analyte,analyteConcentration,plantAlgaeLabUnits,method,externalRemarks,externalLabDataQF
"9a6bd07e-04f7-4f7a-ac7d-4ab9ec7a4611","D02","POSE","POSE.AOS.S2","2016-05-03","POSE.SS.20160503.POM.1",,"other","Academy of Natural Sciences of Drexel University","2017-01-24","OKgcKejxXbI=","13C15N","1",,,100,"d13C",-27.54,"perMill",,"filter folded poorly, sample loss",
"86316610-82f3-40d2-bbd4-c5cd05d6a47b","D02","POSE","POSE.AOS.S2","2016-05-03","POSE.SS.20160503.POM.2",,"other","Academy of Natural Sciences of Drexel University","2017-02-15","OKgcKejxXbI=","13C15N","2",,,100,"d13C",-28.56,"perMill",,"filter folded poorly, sample loss",
"d52f95d0-022a-4c8f-b113-0dd07cf28991","D02","POSE","POSE.AOS.S2","2016-05-03","POSE.SS.20160503.POM.2",,"other","Academy of Natural Sciences of Drexel University","2017-02-15","OKgcKejxXbI=","13C15N","2",,,100,"d15N",-4.14,"perMill",,"filter folded poorly, sample loss",
"9e10fc3e-f43d-489f-912a-b23c596f6ac1","D02","POSE","POSE.AOS.S2","2016-05-03","POSE.SS.20160503.POM.1",,"other","Academy of Natural Sciences of Drexel University","2017-01-24","OKgcKejxXbI=","13C15N","1",,,100,"d15N",3.69,"perMill",,"filter folded poorly, sample loss",
"d2573349-0894-4302-bf0b-f3d6929b25e3","D02","POSE","POSE.AOS.S2","2016-05-10","POSE.SS.20160510.POM.2",,"other","Academy of Natural Sciences of Drexel University","2017-02-15","OKgcKejxXbI=","13C15N","2",,,100,"d15N",1.83,"perMill",,"filter folded poorly, sample loss",
"43e3b232-2218-4f85-adea-39e23e11e766","D02","POSE","POSE.AOS.S2","2016-05-10","POSE.SS.20160510.POM.1",,"other","Academy of Natural Sciences of Drexel University","2017-01-24","OKgcKejxXbI=","13C15N","1",,,100,"d13C",-28.39,"perMill",,"filter folded poorly, sample loss",
"adbbb613-bbf6-478f-8bfc-2d08779d15de","D02","POSE","POSE.AOS.S2","2016-05-10","POSE.SS.20160510.POM.1",,"other","Academy of Natural Sciences of Drexel University","2017-01-24","OKgcKejxXbI=","13C15N","1",,,100,"d15N",-0.24,"perMill",,"filter folded poorly, sample loss",
"0eda7732-84ab-4105-b1be-c51b0040dce5","D02","POSE","POSE.AOS.S2","2016-05-10","POSE.SS.20160510.POM.2",,"other","Academy of Natural Sciences of Drexel University","2017-02-15","OKgcKejxXbI=","13C15N","2",,,100,"d13C",-27.66,"perMill",,"filter folded poorly, sample loss",
"3b9e50b8-ac93-44ec-bd1c-81816bd54bf4","D02","POSE","POSE.AOS.S2","2016-05-24","POSE.SS.20160524.POM.1",,"other","Academy of Natural Sciences of Drexel University","2017-01-24","OKgcKejxXbI=","13C15N","1",,,100,"d15N",3.59,"perMill",,"filter folded poorly, sample loss",
"dd3f6d6e-1cfb-4294-9653-dfaad28ebb27","D02","POSE","POSE.AOS.S2","2016-05-24","POSE.SS.20160524.POM.1",,"other","Academy of Natural Sciences of Drexel University","2017-01-24","OKgcKejxXbI=","13C15N","1",,,100,"d13C",-27.96,"perMill",,"filter folded poorly, sample loss",
"a841c965-7bc8-4120-b8df-81dc4aab0a9b","D02","POSE","POSE.AOS.S2","2016-05-24","POSE.SS.20160524.POM.2",,"other","Academy of Natural Sciences of Drexel University","2017-02-15","OKgcKejxXbI=","13C15N","2",,,100,"d15N",1.32,"perMill",,"filter folded poorly, sample loss",
"07e977b5-1847-4cf4-8031-f596dd6ab4a4","D02","POSE","POSE.AOS.S2","2016-05-24","POSE.SS.20160524.POM.2",,"other","Academy of Natural Sciences of Drexel University","2017-02-15","OKgcKejxXbI=","13C15N","2",,,100,"d13C",-28.42,"perMill",,"filter folded poorly, sample loss",
