uid,domainID,siteID,namedLocation,collectDate,analysisDate,isotopeH2OSampleID,isotopeH2OSampleCode,instrumentSN,d18OWater,d2HWater,d18OsdWater,d2HsdWater,isotopeH2OExternalLabQF,laboratoryName,analyzedBy,sampleCondition,externalRemarks,externalLabDataQF
"fea5de51-89cc-4216-b4da-49ed46d9f9bc","D18","TOOK","TOOK.AOS.inlet","2019-06-04","2019-07-01","TOOK.IN.20190604.H2O.1","A00000064646","HIDS2046",-19.69,-154.49,0.06,0.10,0,"SIRFER Lab at University of Utah","OlSmE6RRn5QQH8tvUHmK5i/poYiQr6sd","OK",,
"e9a478e5-e3a6-4dff-999e-18d6c4108372","D18","TOOK","TOOK.AOS.outlet","2019-06-04","2019-07-01","TOOK.OT.20190604.H2O.1","A00000064647","HIDS2046",-19.40,-149.82,0.01,0.37,0,"SIRFER Lab at University of Utah","OlSmE6RRn5QQH8tvUHmK5i/poYiQr6sd","OK",,
"41b758d8-cc45-4b8c-97b0-02775cde2de6","D18","TOOK","TOOK.AOS.buoy.c1","2019-06-04","2019-07-01","TOOK.C1.20190604.H2O.1","A00000064654","HIDS2046",-19.32,-149.43,0.03,0.07,0,"SIRFER Lab at University of Utah","OlSmE6RRn5QQH8tvUHmK5i/poYiQr6sd","OK",,
"06f4966f-905c-4d65-ad57-aa5a34c5508b","D18","TOOK","TOOK.AOS.outlet","2019-06-11","2019-09-19","TOOK.OT.20190611.H2O.1","A00000099701","HIDS2052",-19.29,-150.07,0.03,0.19,0,"SIRFER Lab at University of Utah","OlSmE6RRn5QQH8tvUHmK5i/poYiQr6sd","OK",,
"9f31f03f-2e22-45f9-934c-e0a5905f9c65","D18","TOOK","TOOK.AOS.inlet","2019-06-11","2019-09-19","TOOK.IN.20190611.H2O.1","A00000099697","HIDS2052",-20.23,-156.39,0.04,0.12,0,"SIRFER Lab at University of Utah","OlSmE6RRn5QQH8tvUHmK5i/poYiQr6sd","OK",,
