uid,domainID,siteID,namedLocation,decimalLatitude,decimalLongitude,coordinateUncertainty,additionalCoordUncertainty,elevation,elevationUncertainty,geodeticDatum,altLocation,altLatitude,altLongitude,altCoordinateUncertainty,altGeodeticDatum,collectDate,aquaticSiteType,samplingImpractical,parentSampleID,parentSampleCode,eventID,samplerType,dissolvedOxygen,dissolvedOxygenSaturation,specificConductance,waterTemp,asiSamplingProtocolVersion,lowerSegmentDepth,upperSegmentDepth,maxDepth,lakeSampleDepth1,lakeSampleDepth2,aCollectedBy,bCollectedBy,remarks,fieldDataQF
"39fe17dd-5773-4ddd-8ae0-6de3aca767ba","D18","TOOK","TOOK.AOS.inlet",68.625566,-149.595360,0.1,10.0,717.3,0.0,"WGS84",,,,,,"2019-06-04T17:14Z","lake",,"TOOK.IN.20190604",,"TOOK.20190604","Grab",10.90,100.00,77.70,8.30,"NEON.DOC.001886vF",,,,0.5,,"0000-0001-5131-1181",,,
"3a445163-029d-44ce-b8e6-84310c67e33d","D18","TOOK","TOOK.AOS.outlet",68.640502,-149.596089,0.1,10.0,717.0,0.0,"WGS84",,,,,,"2019-06-04T17:55Z","lake",,"TOOK.OT.20190604",,"TOOK.20190604","Grab",11.30,100.00,88.70,6.60,"NEON.DOC.001886vF",,,,0.5,,"0000-0001-5131-1181",,,
"9d125fce-38b1-4670-9e85-abbed3d9b33c","D18","TOOK","TOOK.AOS.buoy.c1",68.630699,-149.611405,10.0,10.0,715.0,10.0,"WGS84",,,,,,"2019-06-04T19:00Z","lake",,"TOOK.C1.20190604",,"TOOK.20190604","Kemmerer",11.00,96.00,83.00,5.90,"NEON.DOC.001886vF",,,18.9,0.5,,"0000-0001-5131-1181",,,
"e99f3df1-5751-4d22-ba2f-c211449698b1","D18","TOOK","TOOK.AOS.buoy.c1",68.630699,-149.611405,10.0,10.0,715.0,10.0,"WGS84",,,,,,"2019-06-11T18:10Z","lake",,"TOOK.C1.20190611",,"TOOK.20190611","Kemmerer",10.20,98.00,86.80,10.10,"NEON.DOC.001886vF",19.2,0.0,19.2,0.5,,,"0000-0002-4562-0954",,
"2018eb2a-8220-435b-b71c-417cd89e1e7e","D18","TOOK","TOOK.AOS.outlet",68.640502,-149.596089,0.1,10.0,717.0,0.0,"WGS84",,,,,,"2019-06-11T18:45Z","lake",,"TOOK.OT.20190611",,"TOOK.20190611","Grab",10.40,100.00,87.90,9.70,"NEON.DOC.001886vF",,,,0.5,,,"0000-0002-4562-0954",,
"9ebdef3d-86f8-4c03-b416-40d6a56b1246","D18","TOOK","TOOK.AOS.inlet",68.625566,-149.595360,0.1,10.0,717.3,0.0,"WGS84",,,,,,"2019-06-11T19:35Z","lake",,"TOOK.IN.20190611",,"TOOK.20190611","Grab",9.70,95.00,88.40,11.00,"NEON.DOC.001886vF",,,,0.5,,"0000-0002-4562-0954",,,
