uid,domainID,siteID,namedLocation,collectDate,sampleID,sampleCode,sampleCondition,laboratoryName,analysisDate,analyzedBy,sampleType,replicate,sampleVolumeFiltered,filterSize,percentFilterAnalyzed,analyte,analyteConcentration,plantAlgaeLabUnits,method,externalRemarks,externalLabDataQF
"d9f75802-6b62-4288-8942-c46efc3b658f","D18","TOOK","TOOK.AOS.inlet","2019-06-04","TOOK.IN.20190604.POM.1","A00000064644","condition ok","SIRFER Lab at University of Utah","2019-11-04","ElFtGy1kV49xqNP00HfxQA==","POM","1",750,25,100,"nitrogen",14.89,"microgramsPerLiter","Revesz & Coplen 2012a",,
"766284e2-0a64-48a0-9277-b1cc5f497d2c","D18","TOOK","TOOK.AOS.inlet","2019-06-04","TOOK.IN.20190604.POM.1","A00000064644","condition ok","SIRFER Lab at University of Utah","2019-11-04","ElFtGy1kV49xqNP00HfxQA==","POM","1",750,25,100,"d15N",3.40,"perMill","Revesz & Coplen 2012a",,
"686cad48-a0db-405e-a875-6543760049fe","D18","TOOK","TOOK.AOS.inlet","2019-06-04","TOOK.IN.20190604.POM.1","A00000064644","condition ok","SIRFER Lab at University of Utah","2019-11-04","ElFtGy1kV49xqNP00HfxQA==","POM","1",750,25,100,"carbon",125.98,"microgramsPerLiter","Revesz & Coplen 2012a",,
"092e6a5f-9850-4221-8e91-1959d566752f","D18","TOOK","TOOK.AOS.inlet","2019-06-04","TOOK.IN.20190604.POM.1","A00000064644","condition ok","SIRFER Lab at University of Utah","2019-11-04","ElFtGy1kV49xqNP00HfxQA==","POM","1",750,25,100,"d13C",-32.89,"perMill","Revesz & Coplen 2012a",,
"55db1d6a-2b3e-429a-a463-30139755048b","D18","TOOK","TOOK.AOS.outlet","2019-06-04","TOOK.OT.20190604.POM.1","A00000064648","condition ok","SIRFER Lab at University of Utah","2019-11-04","ElFtGy1kV49xqNP00HfxQA==","POM","1",750,25,100,"carbon",271.22,"microgramsPerLiter","Revesz & Coplen 2012a",,
"9fbca995-a53c-4d6e-9828-c26c0f4ccaef","D18","TOOK","TOOK.AOS.outlet","2019-06-04","TOOK.OT.20190604.POM.1","A00000064648","condition ok","SIRFER Lab at University of Utah","2019-11-04","ElFtGy1kV49xqNP00HfxQA==","POM","1",750,25,100,"d15N",4.08,"perMill","Revesz & Coplen 2012a",,
"df1d28ed-0c60-479d-aaab-262063aa8166","D18","TOOK","TOOK.AOS.outlet","2019-06-04","TOOK.OT.20190604.POM.1","A00000064648","condition ok","SIRFER Lab at University of Utah","2019-11-04","ElFtGy1kV49xqNP00HfxQA==","POM","1",500,25,100,"nitrogen",34.86,"microgramsPerLiter","Revesz & Coplen 2012a",,
"dd0ff7e3-f4f1-4326-bd99-52abeec78bea","D18","TOOK","TOOK.AOS.outlet","2019-06-04","TOOK.OT.20190604.POM.1","A00000064648","condition ok","SIRFER Lab at University of Utah","2019-11-04","ElFtGy1kV49xqNP00HfxQA==","POM","1",750,25,100,"d13C",-36.01,"perMill","Revesz & Coplen 2012a",,
"09ab80ca-de65-4e70-8b0c-919a4fb27474","D18","TOOK","TOOK.AOS.buoy.c1","2019-06-04","TOOK.C1.20190604.POM.1","A00000064671","condition ok","SIRFER Lab at University of Utah","2019-11-01","ElFtGy1kV49xqNP00HfxQA==","POM","1",750,25,100,"d13C",-31.66,"perMill","Revesz & Coplen 2012a",,
"72195927-13af-467d-a127-41b77c3a6aaa","D18","TOOK","TOOK.AOS.buoy.c1","2019-06-04","TOOK.C1.20190604.POM.1","A00000064671","condition ok","SIRFER Lab at University of Utah","2019-11-01","ElFtGy1kV49xqNP00HfxQA==","POM","1",750,25,100,"nitrogen",27.93,"microgramsPerLiter","Revesz & Coplen 2012a",,
"fb3f2f33-ff70-498d-bf1e-c424f8d5a373","D18","TOOK","TOOK.AOS.buoy.c1","2019-06-04","TOOK.C1.20190604.POM.1","A00000064671","condition ok","SIRFER Lab at University of Utah","2019-11-01","ElFtGy1kV49xqNP00HfxQA==","POM","1",750,25,100,"d15N",4.03,"perMill","Revesz & Coplen 2012a",,
"35ff4f25-e8b4-4736-93ed-f11ff99f235a","D18","TOOK","TOOK.AOS.buoy.c1","2019-06-04","TOOK.C1.20190604.POM.1","A00000064671","condition ok","SIRFER Lab at University of Utah","2019-11-01","ElFtGy1kV49xqNP00HfxQA==","POM","1",750,25,100,"carbon",125.98,"microgramsPerLiter","Revesz & Coplen 2012a",,
"850ec01c-4fe6-4b92-be0d-868a0c81539a","D18","TOOK","TOOK.AOS.buoy.c1","2019-06-11","TOOK.C1.20190611.POM.1","A00000099685","condition ok","SIRFER Lab at University of Utah","2019-11-01","ElFtGy1kV49xqNP00HfxQA==","POM","1",500,25,100,"carbon",685.28,"microgramsPerLiter","Revesz & Coplen 2012a",,
"35a650a2-3595-45a2-a566-6d78d8042528","D18","TOOK","TOOK.AOS.buoy.c1","2019-06-11","TOOK.C1.20190611.POM.1","A00000099685","condition ok","SIRFER Lab at University of Utah","2019-11-01","ElFtGy1kV49xqNP00HfxQA==","POM","1",750,25,100,"d15N",3.74,"perMill","Revesz & Coplen 2012a",,
"d9b36898-237a-4be3-8dab-79f3b3263a25","D18","TOOK","TOOK.AOS.buoy.c1","2019-06-11","TOOK.C1.20190611.POM.1","A00000099685","condition ok","SIRFER Lab at University of Utah","2019-11-01","ElFtGy1kV49xqNP00HfxQA==","POM","1",750,25,100,"nitrogen",89.76,"microgramsPerLiter","Revesz & Coplen 2012a",,
"a4704279-1d0a-457b-aad3-a08e7176b0bb","D18","TOOK","TOOK.AOS.buoy.c1","2019-06-11","TOOK.C1.20190611.POM.1","A00000099685","condition ok","SIRFER Lab at University of Utah","2019-11-01","ElFtGy1kV49xqNP00HfxQA==","POM","1",750,25,100,"d13C",-35.00,"perMill","Revesz & Coplen 2012a",,
"598bf3b8-0c75-4b20-9594-fa50c65f7b7f","D18","TOOK","TOOK.AOS.outlet","2019-06-11","TOOK.OT.20190611.POM.1","A00000099699","condition ok","SIRFER Lab at University of Utah","2019-11-04","ElFtGy1kV49xqNP00HfxQA==","POM","1",750,25,100,"carbon",251.66,"microgramsPerLiter","Revesz & Coplen 2012a",,
"3bb6ea52-cacc-45da-b210-c96a21806a75","D18","TOOK","TOOK.AOS.outlet","2019-06-11","TOOK.OT.20190611.POM.1","A00000099699","condition ok","SIRFER Lab at University of Utah","2019-11-04","ElFtGy1kV49xqNP00HfxQA==","POM","1",750,25,100,"d15N",3.84,"perMill","Revesz & Coplen 2012a",,
"0ff6c899-511b-49f9-9393-232bf9d646aa","D18","TOOK","TOOK.AOS.outlet","2019-06-11","TOOK.OT.20190611.POM.1","A00000099699","condition ok","SIRFER Lab at University of Utah","2019-11-04","ElFtGy1kV49xqNP00HfxQA==","POM","1",750,25,100,"d13C",-32.31,"perMill","Revesz & Coplen 2012a",,
"9686c5b7-21cb-43bd-9ed0-170fc35cf552","D18","TOOK","TOOK.AOS.outlet","2019-06-11","TOOK.OT.20190611.POM.1","A00000099699","condition ok","SIRFER Lab at University of Utah","2019-11-04","ElFtGy1kV49xqNP00HfxQA==","POM","1",750,25,100,"nitrogen",33.62,"microgramsPerLiter","Revesz & Coplen 2012a",,
"d53e54d5-aec9-4cc7-802c-9847ac9c2297","D18","TOOK","TOOK.AOS.inlet","2019-06-11","TOOK.IN.20190611.POM.1","A00000099693","condition ok","SIRFER Lab at University of Utah","2019-11-04","ElFtGy1kV49xqNP00HfxQA==","POM","1",750,25,100,"d15N",4.49,"perMill","Revesz & Coplen 2012a",,
"7ed6a015-412f-44b7-9445-4811676a60c8","D18","TOOK","TOOK.AOS.inlet","2019-06-11","TOOK.IN.20190611.POM.1","A00000099693","condition ok","SIRFER Lab at University of Utah","2019-11-04","ElFtGy1kV49xqNP00HfxQA==","POM","1",750,25,100,"d13C",-33.73,"perMill","Revesz & Coplen 2012a",,
"680be667-daf0-4fcd-9a8d-313f3ab41390","D18","TOOK","TOOK.AOS.inlet","2019-06-11","TOOK.IN.20190611.POM.1","A00000099693","condition ok","SIRFER Lab at University of Utah","2019-11-04","ElFtGy1kV49xqNP00HfxQA==","POM","1",750,25,100,"nitrogen",29.03,"microgramsPerLiter","Revesz & Coplen 2012a",,
"3b2ee184-3340-43bf-95c4-204505d55c34","D18","TOOK","TOOK.AOS.inlet","2019-06-11","TOOK.IN.20190611.POM.1","A00000099693","condition ok","SIRFER Lab at University of Utah","2019-11-04","ElFtGy1kV49xqNP00HfxQA==","POM","1",750,25,100,"carbon",216.54,"microgramsPerLiter","Revesz & Coplen 2012a",,
