uid,domainID,siteID,namedLocation,collectDate,parentSampleID,parentSampleCode,isotopeH2OSampleCond,isotopeH2OSampleID,isotopeH2OSampleCode,isotopePOMRep2SampleCond,isotopePOMRep2SampleID,isotopePOMRep2SampleCode,isotopePOMSampleCond,isotopePOMSampleID,isotopePOMSampleCode,processedDateFilters,processedDateH2OIsotopes,sampleVolumeFilteredPOMRep1,sampleVolumeFilteredPOMRep2,fieldDataQF
"ef666c83-3cdb-4b03-a1be-25e7119de07c","D18","TOOK","TOOK.AOS.inlet","2019-06-04T17:14Z","TOOK.IN.20190604",,"Sample condition ok","TOOK.IN.20190604.H2O.1","A00000064646","Sample condition ok","TOOK.IN.20190604.POM.2","A00000064643","Sample condition ok","TOOK.IN.20190604.POM.1","A00000064644","2019-06-04T23:39Z","2019-06-04T23:38Z",750,750,
"d19b6370-7f2d-49a0-9879-badc68f1c988","D18","TOOK","TOOK.AOS.outlet","2019-06-04T17:55Z","TOOK.OT.20190604",,"Sample condition ok","TOOK.OT.20190604.H2O.1","A00000064647","Sample condition ok","TOOK.OT.20190604.POM.2","A00000064650","Sample condition ok","TOOK.OT.20190604.POM.1","A00000064648","2019-06-04T23:42Z","2019-06-04T23:41Z",750,750,
"484fbd9c-aa79-4b39-b3dd-2433d46c2a2b","D18","TOOK","TOOK.AOS.buoy.c1","2019-06-04T19:00Z","TOOK.C1.20190604",,"Sample condition ok","TOOK.C1.20190604.H2O.1","A00000064654","Sample condition ok","TOOK.C1.20190604.POM.2","A00000064672","Sample condition ok","TOOK.C1.20190604.POM.1","A00000064671","2019-06-04T23:44Z","2019-06-04T23:43Z",750,750,
"35d3df18-62fa-4622-8833-3aabd91e75aa","D18","TOOK","TOOK.AOS.buoy.c1","2019-06-11T18:10Z","TOOK.C1.20190611",,"Sample condition ok","TOOK.C1.20190611.H2O.1","A00000099674","Sample condition ok","TOOK.C1.20190611.POM.2","A00000099684","Sample condition ok","TOOK.C1.20190611.POM.1","A00000099685","2019-06-11T18:10Z","2019-06-11T18:10Z",500,500,
"d96d1ec9-702c-4ff0-870e-12bad5db97de","D18","TOOK","TOOK.AOS.outlet","2019-06-11T18:45Z","TOOK.OT.20190611",,"Sample condition ok","TOOK.OT.20190611.H2O.1","A00000099701","Sample condition ok","TOOK.OT.20190611.POM.2","A00000099698","Sample condition ok","TOOK.OT.20190611.POM.1","A00000099699","2019-06-11T18:45Z","2019-06-11T18:45Z",750,750,
"1666c5a2-9778-4c9e-8a46-0ebb8ec1e4d1","D18","TOOK","TOOK.AOS.inlet","2019-06-11T19:35Z","TOOK.IN.20190611",,"Sample condition ok","TOOK.IN.20190611.H2O.1","A00000099697","Sample condition ok","TOOK.IN.20190611.POM.2","A00000099694","Sample condition ok","TOOK.IN.20190611.POM.1","A00000099693","2019-06-11T19:35Z","2019-06-11T19:35Z",750,750,
