uid,domainID,siteID,namedLocation,collectDate,sampleID,sampleCode,sampleCondition,laboratoryName,analysisDate,analyzedBy,sampleType,replicate,sampleVolumeFiltered,filterSize,percentFilterAnalyzed,analyte,analyteConcentration,plantAlgaeLabUnits,method,externalRemarks,externalLabDataQF
"3483c1ac-0c1d-41df-b9ab-819c1749af1a","D11","BLUE","BLUE.AOS.S2","2019-01-29","BLUE.SS.20190129.POM.1","A00000053003","condition ok","SIRFER Lab at University of Utah","2019-04-23","ElFtGy1kV49xqNP00HfxQA==","POM","1",500,25,100,"d13C",-28.23,"perMill","Revesz & Coplen 2012a",,
"3abf13c7-9579-49c6-ba86-f7013ebbe4b7","D11","BLUE","BLUE.AOS.S2","2019-01-29","BLUE.SS.20190129.POM.1","A00000053003","condition ok","SIRFER Lab at University of Utah","2019-04-23","ElFtGy1kV49xqNP00HfxQA==","POM","1",500,25,100,"nitrogen",26.20,"microgramsPerLiter","Revesz & Coplen 2012a",,
"15e3057a-78e3-469a-bfa2-87c6616ba356","D11","BLUE","BLUE.AOS.S2","2019-01-29","BLUE.SS.20190129.POM.1","A00000053003","condition ok","SIRFER Lab at University of Utah","2019-04-23","ElFtGy1kV49xqNP00HfxQA==","POM","1",500,25,100,"d15N",6.12,"perMill","Revesz & Coplen 2012a",,
"22e801f1-6ca6-4e23-af77-f65e6ac86ae5","D11","BLUE","BLUE.AOS.S2","2019-01-29","BLUE.SS.20190129.POM.1","A00000053003","condition ok","SIRFER Lab at University of Utah","2019-04-23","ElFtGy1kV49xqNP00HfxQA==","POM","1",500,25,100,"carbon",195.38,"microgramsPerLiter","Revesz & Coplen 2012a",,
