uid,domainID,siteID,namedLocation,collectDate,sampleID,sampleCode,sampleCondition,laboratoryName,analysisDate,analyzedBy,sampleType,replicate,sampleVolumeFiltered,filterSize,percentFilterAnalyzed,analyte,analyteConcentration,plantAlgaeLabUnits,method,externalRemarks,externalLabDataQF
"bc83b0d4-5430-4868-bbf5-7f0b3b78dfab","D08","MAYF","MAYF.AOS.S2","2019-03-05","MAYF.SS.20190305.POM.1","A00000048335","condition ok","SIRFER Lab at University of Utah","2019-05-09","ElFtGy1kV49xqNP00HfxQA==","POM","1",100,25,100,"nitrogen",33.57,"microgramsPerLiter","Revesz & Coplen 2012a",,
"4ef3c5cd-7988-4e53-9a9d-3f8d7a56c670","D08","MAYF","MAYF.AOS.S2","2019-03-05","MAYF.SS.20190305.POM.1","A00000048335","condition ok","SIRFER Lab at University of Utah","2019-05-09","ElFtGy1kV49xqNP00HfxQA==","POM","1",100,25,100,"d15N",5.71,"perMill","Revesz & Coplen 2012a",,
"f51d2c75-0249-4263-8600-4b482cd87d9c","D08","MAYF","MAYF.AOS.S2","2019-03-05","MAYF.SS.20190305.POM.1","A00000048335","condition ok","SIRFER Lab at University of Utah","2019-05-09","ElFtGy1kV49xqNP00HfxQA==","POM","1",100,25,100,"d13C",-29.47,"perMill","Revesz & Coplen 2012a",,
"49887ae3-3f6f-4bc0-993a-d0cce6bca212","D08","MAYF","MAYF.AOS.S2","2019-03-05","MAYF.SS.20190305.POM.1","A00000048335","condition ok","SIRFER Lab at University of Utah","2019-05-09","ElFtGy1kV49xqNP00HfxQA==","POM","1",100,25,100,"carbon",539.40,"microgramsPerLiter","Revesz & Coplen 2012a",,
"c90237b8-8803-4c5b-934c-3f0841fd4c01","D08","MAYF","MAYF.AOS.S2","2019-03-18","MAYF.SS.20190318.POM.1","A00000048623","condition ok","SIRFER Lab at University of Utah","2019-05-09","ElFtGy1kV49xqNP00HfxQA==","POM","1",100,25,100,"carbon",803.01,"microgramsPerLiter","Revesz & Coplen 2012a",,
"e22be0fe-6604-4fa3-8d2b-89e91d82afa0","D08","MAYF","MAYF.AOS.S2","2019-03-18","MAYF.SS.20190318.POM.1","A00000048623","condition ok","SIRFER Lab at University of Utah","2019-05-09","ElFtGy1kV49xqNP00HfxQA==","POM","1",100,25,100,"d13C",-30.32,"perMill","Revesz & Coplen 2012a",,
"163df94c-4c77-466e-b5b7-11846f0e0dcc","D08","MAYF","MAYF.AOS.S2","2019-03-18","MAYF.SS.20190318.POM.1","A00000048623","condition ok","SIRFER Lab at University of Utah","2019-05-09","ElFtGy1kV49xqNP00HfxQA==","POM","1",100,25,100,"d15N",8.05,"perMill","Revesz & Coplen 2012a",,
"1e8f74d2-bba6-4a9d-9b2f-5770425c703a","D08","MAYF","MAYF.AOS.S2","2019-03-18","MAYF.SS.20190318.POM.1","A00000048623","condition ok","SIRFER Lab at University of Utah","2019-05-09","ElFtGy1kV49xqNP00HfxQA==","POM","1",100,25,100,"nitrogen",47.14,"microgramsPerLiter","Revesz & Coplen 2012a",,
