uid,domainID,siteID,namedLocation,collectDate,sampleID,sampleCode,sampleCondition,laboratoryName,analysisDate,analyzedBy,sampleType,replicate,sampleVolumeFiltered,filterSize,percentFilterAnalyzed,analyte,analyteConcentration,plantAlgaeLabUnits,method,externalRemarks,externalLabDataQF
"f0af470d-50a1-4cd2-8e5b-f1909f809983","D11","PRIN","PRIN.AOS.S2","2019-01-08","PRIN.SS.20190108.POM.1","A00000052754","condition ok","SIRFER Lab at University of Utah","2019-04-23","ElFtGy1kV49xqNP00HfxQA==","POM","1",400,25,100,"nitrogen",39.70,"microgramsPerLiter","Revesz & Coplen 2012a",,
"2b11bb7e-83a5-4a30-8d59-fbfb4c3c97b7","D11","PRIN","PRIN.AOS.S2","2019-01-08","PRIN.SS.20190108.POM.1","A00000052754","condition ok","SIRFER Lab at University of Utah","2019-04-23","ElFtGy1kV49xqNP00HfxQA==","POM","1",400,25,100,"d15N",6.35,"perMill","Revesz & Coplen 2012a",,
"488bf748-dcbc-45cb-8615-c5d0e2a6dda7","D11","PRIN","PRIN.AOS.S2","2019-01-08","PRIN.SS.20190108.POM.1","A00000052754","condition ok","SIRFER Lab at University of Utah","2019-04-23","ElFtGy1kV49xqNP00HfxQA==","POM","1",400,25,100,"d13C",-29.99,"perMill","Revesz & Coplen 2012a",,
"10b17753-c68c-4eb5-ac53-27d1239bf136","D11","PRIN","PRIN.AOS.S2","2019-01-08","PRIN.SS.20190108.POM.1","A00000052754","condition ok","SIRFER Lab at University of Utah","2019-04-23","ElFtGy1kV49xqNP00HfxQA==","POM","1",400,25,100,"carbon",311.43,"microgramsPerLiter","Revesz & Coplen 2012a",,
