uid,domainID,siteID,namedLocation,collectDate,sampleID,sampleCode,sampleCondition,laboratoryName,analysisDate,analyzedBy,sampleType,replicate,sampleVolumeFiltered,filterSize,percentFilterAnalyzed,analyte,analyteConcentration,plantAlgaeLabUnits,method,externalRemarks,externalLabDataQF
"d4e5eb5b-c2a7-45bb-a2c5-1da483ba8f06","D15","REDB","REDB.AOS.S2","2018-03-06","REDB.SS.20180306.POM.1",,"condition ok","SIRFER Lab at University of Utah","2018-07-18","ElFtGy1kV49xqNP00HfxQA==","POM","1",216,25,100,"carbon",3327.25,"microgramsPerLiter","Revesz & Coplen 2012a",,
"b474c78c-5301-43ef-8ad0-91dd58c4fa1c","D15","REDB","REDB.AOS.S2","2018-03-06","REDB.SS.20180306.POM.1",,"condition ok","SIRFER Lab at University of Utah","2018-07-18","ElFtGy1kV49xqNP00HfxQA==","POM","1",216,25,100,"nitrogen",163.69,"microgramsPerLiter","Revesz & Coplen 2012a",,
"80f82507-4852-4e81-9100-a7256b0691e5","D15","REDB","REDB.AOS.S2","2018-03-06","REDB.SS.20180306.POM.1",,"condition ok","SIRFER Lab at University of Utah","2018-07-18","ElFtGy1kV49xqNP00HfxQA==","POM","1",216,25,100,"d15N",1.73,"perMill","Revesz & Coplen 2012a",,
"e3c3391a-aa54-40f9-a029-c5ad81769e85","D15","REDB","REDB.AOS.S2","2018-03-06","REDB.SS.20180306.POM.1",,"condition ok","SIRFER Lab at University of Utah","2018-07-18","ElFtGy1kV49xqNP00HfxQA==","POM","1",216,25,100,"d13C",-25.12,"perMill","Revesz & Coplen 2012a",,
"a680e9bf-3ac8-472a-bddf-552d92395fc9","D15","REDB","REDB.AOS.S2","2018-03-27","REDB.SS.20180327.POM.1","A00000024038","condition ok","SIRFER Lab at University of Utah","2018-07-18","ElFtGy1kV49xqNP00HfxQA==","POM","1",250,25,100,"nitrogen",35.16,"microgramsPerLiter","Revesz & Coplen 2012a",,
"51342da4-71a8-4a59-b828-56a5210dc0cd","D15","REDB","REDB.AOS.S2","2018-03-27","REDB.SS.20180327.POM.1","A00000024038","condition ok","SIRFER Lab at University of Utah","2018-07-18","ElFtGy1kV49xqNP00HfxQA==","POM","1",250,25,100,"d15N",2.74,"perMill","Revesz & Coplen 2012a",,
"4b3f14ae-fb9e-450f-a008-daf77c5d5ed6","D15","REDB","REDB.AOS.S2","2018-03-27","REDB.SS.20180327.POM.1","A00000024038","condition ok","SIRFER Lab at University of Utah","2018-07-18","ElFtGy1kV49xqNP00HfxQA==","POM","1",250,25,100,"d13C",-26.35,"perMill","Revesz & Coplen 2012a",,
"066f84c8-1de4-454e-bfad-158b313f6b79","D15","REDB","REDB.AOS.S2","2018-03-27","REDB.SS.20180327.POM.1","A00000024038","condition ok","SIRFER Lab at University of Utah","2018-07-18","ElFtGy1kV49xqNP00HfxQA==","POM","1",250,25,100,"carbon",765.15,"microgramsPerLiter","Revesz & Coplen 2012a",,
