uid,domainID,siteID,namedLocation,collectDate,sampleID,sampleCode,sampleCondition,laboratoryName,analysisDate,analyzedBy,sampleType,replicate,sampleVolumeFiltered,filterSize,percentFilterAnalyzed,analyte,analyteConcentration,plantAlgaeLabUnits,method,externalRemarks,externalLabDataQF
"78142620-7565-4e44-a22c-7bd33160c2fe","D09","PRLA","PRLA.AOS.buoy.c0","2019-01-10","PRLA.C0.20190110.POM.1","A00000049912","condition ok","SIRFER Lab at University of Utah","2019-04-18","ElFtGy1kV49xqNP00HfxQA==","POM","1",60,25,100,"carbon",3902.85,"microgramsPerLiter","Revesz & Coplen 2012a",,
"51d2c4f1-8dd6-40d4-96c7-569090501eea","D09","PRLA","PRLA.AOS.buoy.c0","2019-01-10","PRLA.C0.20190110.POM.1","A00000049912","condition ok","SIRFER Lab at University of Utah","2019-04-18","ElFtGy1kV49xqNP00HfxQA==","POM","1",60,25,100,"nitrogen",410.93,"microgramsPerLiter","Revesz & Coplen 2012a",,
"ea29722a-8808-4185-a1b3-37426aa9d232","D09","PRLA","PRLA.AOS.buoy.c0","2019-01-10","PRLA.C0.20190110.POM.1","A00000049912","condition ok","SIRFER Lab at University of Utah","2019-04-18","ElFtGy1kV49xqNP00HfxQA==","POM","1",60,25,100,"d15N",1.93,"perMill","Revesz & Coplen 2012a",,
"e8101f87-875e-4f20-90e2-97c015da049d","D09","PRLA","PRLA.AOS.buoy.c0","2019-01-10","PRLA.C0.20190110.POM.1","A00000049912","condition ok","SIRFER Lab at University of Utah","2019-04-18","ElFtGy1kV49xqNP00HfxQA==","POM","1",60,25,100,"d13C",-32.75,"perMill","Revesz & Coplen 2012a",,
