uid,domainID,siteID,namedLocation,collectDate,sampleID,sampleCode,sampleCondition,laboratoryName,analysisDate,analyzedBy,sampleType,replicate,sampleVolumeFiltered,filterSize,percentFilterAnalyzed,analyte,analyteConcentration,plantAlgaeLabUnits,method,externalRemarks,externalLabDataQF
"30eec80f-11b3-4ab7-9838-acd5b4746310","D04","GUIL","GUIL.AOS.S2","2017-08-22","GUIL.SS.20170822.POM.1",,"condition ok","SIRFER Lab at University of Utah","2018-05-29","ElFtGy1kV49xqNP00HfxQA==","POM","1",750,25,100,"d15N",19.67,"perMill","Revesz & Coplen 2012a","Below calibration range",
"e0af629f-e44f-439b-91a0-a7d6ebe7295b","D04","GUIL","GUIL.AOS.S2","2017-08-22","GUIL.SS.20170822.POM.1",,"condition ok","SIRFER Lab at University of Utah","2018-05-29","ElFtGy1kV49xqNP00HfxQA==","POM","1",750,25,100,"carbon",136.97,"microgramsPerLiter","Revesz & Coplen 2012a",,
"041eb84a-06a9-4c18-ba0d-996c5c8ff83a","D04","GUIL","GUIL.AOS.S2","2017-08-22","GUIL.SS.20170822.POM.1",,"condition ok","SIRFER Lab at University of Utah","2018-05-29","ElFtGy1kV49xqNP00HfxQA==","POM","1",750,25,100,"d13C",-25.45,"perMill","Revesz & Coplen 2012a",,
"e5b76a42-2e6e-445e-aebe-6175b21691ec","D04","GUIL","GUIL.AOS.S2","2017-08-22","GUIL.SS.20170822.POM.1",,"condition ok","SIRFER Lab at University of Utah","2018-05-29","ElFtGy1kV49xqNP00HfxQA==","POM","1",750,25,100,"nitrogen",3.40,"microgramsPerLiter","Revesz & Coplen 2012a","Below calibration range",
"53ecff37-cc9d-4cc0-b81b-a4ff191b2c33","D04","GUIL","GUIL.AOS.S2","2017-08-29","GUIL.SS.20170829.POM.1",,"condition ok","SIRFER Lab at University of Utah","2018-05-29","ElFtGy1kV49xqNP00HfxQA==","POM","1",500,25,100,"nitrogen",4.42,"microgramsPerLiter","Revesz & Coplen 2012a","Below calibration range",
"a4a56646-f795-4904-afd0-e2d9fab65b1d","D04","GUIL","GUIL.AOS.S2","2017-08-29","GUIL.SS.20170829.POM.1",,"condition ok","SIRFER Lab at University of Utah","2018-05-29","ElFtGy1kV49xqNP00HfxQA==","POM","1",500,25,100,"d13C",-25.14,"perMill","Revesz & Coplen 2012a",,
"cb869064-c5bb-489b-87ff-8f9f5643bb08","D04","GUIL","GUIL.AOS.S2","2017-08-29","GUIL.SS.20170829.POM.1",,"condition ok","SIRFER Lab at University of Utah","2018-05-29","ElFtGy1kV49xqNP00HfxQA==","POM","1",500,25,100,"carbon",74.62,"microgramsPerLiter","Revesz & Coplen 2012a",,
"2a06ff33-0aa0-4b21-9278-b8ac5f33b6d8","D04","GUIL","GUIL.AOS.S2","2017-08-29","GUIL.SS.20170829.POM.1",,"condition ok","SIRFER Lab at University of Utah","2018-05-29","ElFtGy1kV49xqNP00HfxQA==","POM","1",500,25,100,"d15N",20.56,"perMill","Revesz & Coplen 2012a","Below calibration range",
