uid,domainID,siteID,namedLocation,collectDate,sampleID,sampleCode,sampleCondition,laboratoryName,analysisDate,analyzedBy,sampleType,replicate,sampleVolumeFiltered,filterSize,percentFilterAnalyzed,analyte,analyteConcentration,plantAlgaeLabUnits,method,externalRemarks,externalLabDataQF
"58905bd2-11b1-466f-a654-3af4d417f360","D14","SYCA","SYCA.AOS.S2","2019-06-18","SYCA.SS.20190618.POM.1","A00000095123","condition ok","SIRFER Lab at University of Utah","2019-10-09","ElFtGy1kV49xqNP00HfxQA==","POM","1",808,25,100,"carbon",531.74,"microgramsPerLiter","Revesz & Coplen 2012a",,
"0fe2fdaf-41ab-41b6-aca6-b6949009a676","D14","SYCA","SYCA.AOS.S2","2019-06-18","SYCA.SS.20190618.POM.1","A00000095123","condition ok","SIRFER Lab at University of Utah","2019-10-09","ElFtGy1kV49xqNP00HfxQA==","POM","1",808,25,100,"d13C",-31.29,"perMill","Revesz & Coplen 2012a",,
"0f79cd9d-46f4-4951-9121-b4f26abe7a9b","D14","SYCA","SYCA.AOS.S2","2019-06-18","SYCA.SS.20190618.POM.1","A00000095123","condition ok","SIRFER Lab at University of Utah","2019-10-09","ElFtGy1kV49xqNP00HfxQA==","POM","1",808,25,100,"nitrogen",49.12,"microgramsPerLiter","Revesz & Coplen 2012a",,
"334db9fb-0e1d-4506-a3d2-28a7e8ce5f08","D14","SYCA","SYCA.AOS.S2","2019-06-18","SYCA.SS.20190618.POM.1","A00000095123","condition ok","SIRFER Lab at University of Utah","2019-10-09","ElFtGy1kV49xqNP00HfxQA==","POM","1",808,25,100,"d15N",10.14,"perMill","Revesz & Coplen 2012a",,
