uid,domainID,siteID,namedLocation,collectDate,sampleID,sampleCode,sampleCondition,laboratoryName,analysisDate,analyzedBy,sampleType,replicate,sampleVolumeFiltered,filterSize,percentFilterAnalyzed,analyte,analyteConcentration,plantAlgaeLabUnits,method,externalRemarks,externalLabDataQF
"4a9eaa5e-e470-4dde-98f0-0904362fae3d","D03","BARC","BARC.AOS.inlet","2016-12-13","BARC.IN.20161213.POM.2",,"other","Academy of Natural Sciences of Drexel University","2017-06-14","OKgcKejxXbI=","13C15N","2",,,100,"d13C",-31.14,"perMill",,"filter folded poorly, sample loss",
"038c2984-8e92-4f31-bbfa-83ab4b5a2cbd","D03","BARC","BARC.AOS.inlet","2016-12-13","BARC.IN.20161213.POM.2",,"other","Academy of Natural Sciences of Drexel University","2017-06-14","OKgcKejxXbI=","13C15N","2",,,100,"d15N",5.05,"perMill",,"filter folded poorly, sample loss",
"e202bcf2-4f4c-4de3-9b1e-9ca20b9abfff","D03","BARC","BARC.AOS.inlet","2016-12-13","BARC.IN.20161213.POM.1",,"condition ok","Academy of Natural Sciences of Drexel University","2017-04-12","OKgcKejxXbI=","13C15N","1",,,100,"d13C",-30.85,"perMill",,,
"f1d5acfe-7834-4c8b-bfa6-7f5f86171698","D03","BARC","BARC.AOS.inlet","2016-12-13","BARC.IN.20161213.POM.1",,"condition ok","Academy of Natural Sciences of Drexel University","2017-04-12","OKgcKejxXbI=","13C15N","1",,,100,"d15N",4.62,"perMill",,,
"efeee0b2-2992-4a6f-a80a-7676c1efd901","D03","BARC","BARC.AOS.outlet","2016-12-13","BARC.OT.20161213.POM.2",,"other","Academy of Natural Sciences of Drexel University","2017-06-14","OKgcKejxXbI=","13C15N","2",,,100,"d15N",,"perMill",,"sample corrupted during analysis",
"3b3947cd-945f-4dc6-8c1b-60a685930555","D03","BARC","BARC.AOS.outlet","2016-12-13","BARC.OT.20161213.POM.2",,"other","Academy of Natural Sciences of Drexel University","2017-06-14","OKgcKejxXbI=","13C15N","2",,,100,"d13C",,"perMill",,"sample corrupted during analysis",
"4253ccd1-9311-42ba-b71a-aadfb2f578b6","D03","BARC","BARC.AOS.outlet","2016-12-13","BARC.OT.20161213.POM.1",,"other","Academy of Natural Sciences of Drexel University","2017-04-12","OKgcKejxXbI=","13C15N","1",,,100,"d13C",-30.43,"perMill",,"filter folded poorly, sample loss",
"1f16bd96-71eb-409e-8dd4-fca836bdd020","D03","BARC","BARC.AOS.outlet","2016-12-13","BARC.OT.20161213.POM.1",,"other","Academy of Natural Sciences of Drexel University","2017-04-12","OKgcKejxXbI=","13C15N","1",,,100,"d15N",4.66,"perMill",,"filter folded poorly, sample loss",
"687c188c-6a58-4239-9d5f-d2aa76d60d5f","D03","BARC","BARC.AOS.buoy.c0","2016-12-13","BARC.C0.20161213.POM.1",,"condition ok","Academy of Natural Sciences of Drexel University","2017-04-12","OKgcKejxXbI=","13C15N","1",,,100,"d15N",5.07,"perMill",,,
"f3ce235b-9eed-4383-a33a-002529853706","D03","BARC","BARC.AOS.buoy.c0","2016-12-13","BARC.C0.20161213.POM.1",,"condition ok","Academy of Natural Sciences of Drexel University","2017-04-12","OKgcKejxXbI=","13C15N","1",,,100,"d13C",-31.13,"perMill",,,
"a37cd304-c0ef-446d-b327-3a2105b6a406","D03","BARC","BARC.AOS.buoy.c0","2016-12-13","BARC.C0.20161213.POM.2",,"other","Academy of Natural Sciences of Drexel University","2017-06-14","OKgcKejxXbI=","13C15N","2",,,100,"d15N",4.32,"perMill",,"filter folded poorly, sample loss",
"1a7f07df-014d-4397-9a26-2600dbfff9e8","D03","BARC","BARC.AOS.buoy.c0","2016-12-13","BARC.C0.20161213.POM.2",,"other","Academy of Natural Sciences of Drexel University","2017-06-14","OKgcKejxXbI=","13C15N","2",,,100,"d13C",-31.96,"perMill",,"filter folded poorly, sample loss",
