uid,domainID,siteID,namedLocation,collectDate,sampleID,sampleCode,sampleCondition,laboratoryName,analysisDate,analyzedBy,sampleType,replicate,sampleVolumeFiltered,filterSize,percentFilterAnalyzed,analyte,analyteConcentration,plantAlgaeLabUnits,method,externalRemarks,externalLabDataQF
"8a7df970-2171-460f-9f74-bebb6740f833","D09","PRPO","PRPO.AOS.buoy.c0","2018-02-13","PRPO.C0.20180213.POM.1",,"condition ok","SIRFER Lab at University of Utah","2018-10-18","ElFtGy1kV49xqNP00HfxQA==","POM","1",40,25,100,"d15N",,"perMill","Revesz & Coplen 2012a",,
"69499bf5-dc47-4673-90fb-92f590a2452e","D09","PRPO","PRPO.AOS.buoy.c0","2018-02-13","PRPO.C0.20180213.POM.1",,"condition ok","SIRFER Lab at University of Utah","2018-10-18","ElFtGy1kV49xqNP00HfxQA==","POM","1",40,25,100,"nitrogen",,"microgramsPerLiter","Revesz & Coplen 2012a",,
"611f64ef-3189-41ac-afc4-3247e7724043","D09","PRPO","PRPO.AOS.buoy.c0","2018-02-13","PRPO.C0.20180213.POM.1",,"condition ok","SIRFER Lab at University of Utah","2018-10-18","ElFtGy1kV49xqNP00HfxQA==","POM","1",40,25,100,"carbon",,"microgramsPerLiter","Revesz & Coplen 2012a",,
"ca2b9479-fae2-4ece-9ff8-31b6831cce14","D09","PRPO","PRPO.AOS.buoy.c0","2018-02-13","PRPO.C0.20180213.POM.1",,"condition ok","SIRFER Lab at University of Utah","2018-10-18","ElFtGy1kV49xqNP00HfxQA==","POM","1",40,25,100,"d13C",,"perMill","Revesz & Coplen 2012a",,
