uid,domainID,siteID,namedLocation,collectDate,sampleID,sampleCode,sampleCondition,laboratoryName,analysisDate,analyzedBy,sampleType,replicate,sampleVolumeFiltered,filterSize,percentFilterAnalyzed,analyte,analyteConcentration,plantAlgaeLabUnits,method,externalRemarks,externalLabDataQF
"8fb90161-d97d-47d3-8c5b-6d3d252cec04","D18","TOOK","TOOK.AOS.buoy.c0","2019-02-05","TOOK.C0.20190205.POM.1","A00000064543","condition ok","SIRFER Lab at University of Utah","2019-04-30","ElFtGy1kV49xqNP00HfxQA==","POM","1",750,25,100,"d15N",9.43,"perMill","Revesz & Coplen 2012a",,
"e49bee27-62a0-4b42-b09b-49eacc17f601","D18","TOOK","TOOK.AOS.buoy.c0","2019-02-05","TOOK.C0.20190205.POM.1","A00000064543","condition ok","SIRFER Lab at University of Utah","2019-04-30","ElFtGy1kV49xqNP00HfxQA==","POM","1",750,25,100,"d13C",-25.66,"perMill","Revesz & Coplen 2012a",,
"30ccc564-caac-472c-957d-a2c4b0dd460f","D18","TOOK","TOOK.AOS.buoy.c0","2019-02-05","TOOK.C0.20190205.POM.1","A00000064543","condition ok","SIRFER Lab at University of Utah","2019-04-30","ElFtGy1kV49xqNP00HfxQA==","POM","1",750,25,100,"carbon",159.09,"microgramsPerLiter","Revesz & Coplen 2012a",,
"d5495e1e-38ef-4c17-b7a0-b85d2453237b","D18","TOOK","TOOK.AOS.buoy.c0","2019-02-05","TOOK.C0.20190205.POM.1","A00000064543","condition ok","SIRFER Lab at University of Utah","2019-04-30","ElFtGy1kV49xqNP00HfxQA==","POM","1",750,25,100,"nitrogen",23.08,"microgramsPerLiter","Revesz & Coplen 2012a",,
