uid,domainID,siteID,namedLocation,collectDate,sampleID,sampleCode,sampleCondition,laboratoryName,analysisDate,analyzedBy,sampleType,replicate,sampleVolumeFiltered,filterSize,percentFilterAnalyzed,analyte,analyteConcentration,plantAlgaeLabUnits,method,externalRemarks,externalLabDataQF
"6a2c2b6c-ff20-458a-b7e1-b0188ed93351","D11","PRIN","PRIN.AOS.S2","2016-12-13","PRIN.SS.20161213.POM.1",,"condition ok","SIRFER Lab at University of Utah","2018-04-17","ElFtGy1kV49xqNP00HfxQA==","POM","1",600,25,100,"carbon",77.03,"microgramsPerLiter","Revesz & Coplen 2012a",,
"e9a61796-85f7-4dcb-915c-301ae730bd55","D11","PRIN","PRIN.AOS.S2","2016-12-13","PRIN.SS.20161213.POM.1",,"condition ok","SIRFER Lab at University of Utah","2018-04-17","ElFtGy1kV49xqNP00HfxQA==","POM","1",600,25,100,"nitrogen",10.12,"microgramsPerLiter","Revesz & Coplen 2012a",,
"9d706e8f-1c96-44b7-92fa-5d05cc8f9775","D11","PRIN","PRIN.AOS.S2","2016-12-13","PRIN.SS.20161213.POM.1",,"condition ok","SIRFER Lab at University of Utah","2018-04-17","ElFtGy1kV49xqNP00HfxQA==","POM","1",600,25,100,"d13C",-28.46,"perMill","Revesz & Coplen 2012a",,
"8f760e7a-4b85-4692-bff7-197bc8eac344","D11","PRIN","PRIN.AOS.S2","2016-12-13","PRIN.SS.20161213.POM.1",,"condition ok","SIRFER Lab at University of Utah","2018-04-17","ElFtGy1kV49xqNP00HfxQA==","POM","1",600,25,100,"d15N",15.74,"perMill","Revesz & Coplen 2012a",,
