uid,domainID,siteID,namedLocation,collectDate,sampleID,sampleCode,sampleCondition,laboratoryName,analysisDate,analyzedBy,sampleType,replicate,sampleVolumeFiltered,filterSize,percentFilterAnalyzed,analyte,analyteConcentration,plantAlgaeLabUnits,method,externalRemarks,externalLabDataQF
"6564d14a-d9c6-4cb7-97d1-b4f44e8fcd54","D11","PRIN","PRIN.AOS.S2","2018-01-02","PRIN.SS.20180102.POM.1",,"condition ok","SIRFER Lab at University of Utah","2018-08-16","ElFtGy1kV49xqNP00HfxQA==","POM","1",500,25,100,"nitrogen",18.34,"microgramsPerLiter","Revesz & Coplen 2012a",,
"d07bbca8-e8cc-4b2a-8017-93aac9770607","D11","PRIN","PRIN.AOS.S2","2018-01-02","PRIN.SS.20180102.POM.1",,"condition ok","SIRFER Lab at University of Utah","2018-08-16","ElFtGy1kV49xqNP00HfxQA==","POM","1",500,25,100,"d13C",-31.68,"perMill","Revesz & Coplen 2012a",,
"91aba30c-9299-4586-9489-d870c438e6ca","D11","PRIN","PRIN.AOS.S2","2018-01-02","PRIN.SS.20180102.POM.1",,"condition ok","SIRFER Lab at University of Utah","2018-08-16","ElFtGy1kV49xqNP00HfxQA==","POM","1",500,25,100,"d15N",6.32,"perMill","Revesz & Coplen 2012a",,
"3f50ce73-b51e-472d-bef2-c528f0249354","D11","PRIN","PRIN.AOS.S2","2018-01-02","PRIN.SS.20180102.POM.1",,"condition ok","SIRFER Lab at University of Utah","2018-08-16","ElFtGy1kV49xqNP00HfxQA==","POM","1",500,25,100,"carbon",1154.30,"microgramsPerLiter","Revesz & Coplen 2012a",,
"34075e64-0f86-4f8c-9f7b-8b134bf69e3c","D11","PRIN","PRIN.AOS.S2","2018-01-08","PRIN.SS.20180108.POM.1",,"condition ok","SIRFER Lab at University of Utah","2018-08-16","ElFtGy1kV49xqNP00HfxQA==","POM","1",600,25,100,"d13C",-36.41,"perMill","Revesz & Coplen 2012a",,
"51c450e0-08f4-4f27-acf0-5f70e898fafd","D11","PRIN","PRIN.AOS.S2","2018-01-08","PRIN.SS.20180108.POM.1",,"condition ok","SIRFER Lab at University of Utah","2018-08-16","ElFtGy1kV49xqNP00HfxQA==","POM","1",600,25,100,"nitrogen",82.49,"microgramsPerLiter","Revesz & Coplen 2012a",,
"50315aa3-a645-4534-be96-194295c00d3d","D11","PRIN","PRIN.AOS.S2","2018-01-08","PRIN.SS.20180108.POM.1",,"condition ok","SIRFER Lab at University of Utah","2018-08-16","ElFtGy1kV49xqNP00HfxQA==","POM","1",600,25,100,"d15N",1.67,"perMill","Revesz & Coplen 2012a",,
"d2906f35-31e3-4032-a1dc-ba57b5e34a52","D11","PRIN","PRIN.AOS.S2","2018-01-08","PRIN.SS.20180108.POM.1",,"condition ok","SIRFER Lab at University of Utah","2018-08-16","ElFtGy1kV49xqNP00HfxQA==","POM","1",600,25,100,"carbon",753.34,"microgramsPerLiter","Revesz & Coplen 2012a",,
