uid,domainID,siteID,namedLocation,collectDate,parentSampleID,parentSampleCode,isotopeH2OSampleCond,isotopeH2OSampleID,isotopeH2OSampleCode,isotopePOMRep2SampleCond,isotopePOMRep2SampleID,isotopePOMRep2SampleCode,isotopePOMSampleCond,isotopePOMSampleID,isotopePOMSampleCode,processedDateFilters,processedDateH2OIsotopes,sampleVolumeFilteredPOMRep1,sampleVolumeFilteredPOMRep2,fieldDataQF
"adf13b87-2a61-4ef3-911f-4e1bd930c57a","D17","TECR","TECR.AOS.S2","2019-08-07T17:42Z","TECR.SS.20190807",,"Sample condition ok","TECR.SS.20190807.H2O.1","A00000063963","Sample condition ok","TECR.SS.20190807.POM.2","A00000097204","Sample condition ok","TECR.SS.20190807.POM.1","A00000097203","2019-08-07T18:45Z","2019-08-07T17:45Z",1250,1250,
"08193b0f-ba05-4bc6-b1fa-b8acf8691d20","D17","TECR","TECR.AOS.S2","2019-08-20T15:48Z","TECR.SS.20190820",,"Sample condition ok","TECR.SS.20190820.H2O.3","A00000097314",,,,,,,,"2019-08-21T05:30Z",,,
"312cf19d-0422-4d56-8358-4fe9b738bb26","D17","TECR","TECR.AOS.S2","2019-08-20T15:48Z","TECR.SS.20190820",,"Sample condition ok","TECR.SS.20190820.H2O.1","A00000097316","Sample condition ok","TECR.SS.20190820.POM.2","A00000063962","Sample condition ok","TECR.SS.20190820.POM.1","A00000063961","2019-08-21T05:30Z","2019-08-21T05:30Z",1144,1144,
"fc8a22f6-416d-46f2-9afa-41bb546dedd4","D17","TECR","TECR.AOS.S2","2019-08-20T15:48Z","TECR.SS.20190820",,"Sample condition ok","TECR.SS.20190820.H2O.2","A00000097315",,,,,,,,"2019-08-21T05:30Z",,,
