uid,domainID,siteID,namedLocation,collectDate,analysisDate,isotopeH2OSampleID,isotopeH2OSampleCode,instrumentSN,d18OWater,d2HWater,d18OsdWater,d2HsdWater,isotopeH2OExternalLabQF,laboratoryName,analyzedBy,sampleCondition,externalRemarks,externalLabDataQF
"bd5e5029-ed46-458f-bcf5-33e0e6197a95","D17","TECR","TECR.AOS.S2","2019-08-07","2019-09-27","TECR.SS.20190807.H2O.1","A00000063963","HIDS2052",-12.65,-87.99,0.02,0.13,0,"SIRFER Lab at University of Utah","OlSmE6RRn5QQH8tvUHmK5i/poYiQr6sd","OK",,
"99d30d1e-4e90-4bc2-9182-c91a965da4cc","D17","TECR","TECR.AOS.S2","2019-08-20","2019-10-21","TECR.SS.20190820.H2O.3","A00000097314","HIDS2052",-12.58,-87.68,0.06,0.20,0,"SIRFER Lab at University of Utah","OlSmE6RRn5QQH8tvUHmK5i/poYiQr6sd","OK",,
"fb376c7b-b928-4646-a48a-9f8dc12525d7","D17","TECR","TECR.AOS.S2","2019-08-20","2019-10-21","TECR.SS.20190820.H2O.2","A00000097315","HIDS2052",-12.54,-87.76,0.05,0.35,0,"SIRFER Lab at University of Utah","OlSmE6RRn5QQH8tvUHmK5i/poYiQr6sd","OK",,
"9f52402b-fc2f-479d-86e8-5ea669abfdb4","D17","TECR","TECR.AOS.S2","2019-08-20","2019-10-21","TECR.SS.20190820.H2O.1","A00000097316","HIDS2052",-12.49,-87.34,0.03,0.15,0,"SIRFER Lab at University of Utah","OlSmE6RRn5QQH8tvUHmK5i/poYiQr6sd","OK",,
