uid,domainID,siteID,namedLocation,collectDate,sampleID,sampleCode,sampleCondition,laboratoryName,analysisDate,analyzedBy,sampleType,replicate,sampleVolumeFiltered,filterSize,percentFilterAnalyzed,analyte,analyteConcentration,plantAlgaeLabUnits,method,externalRemarks,externalLabDataQF
"67e0556e-eb1e-4a7a-9312-2ae19e3ba2dc","D06","MCDI","MCDI.AOS.S2","2017-09-11","MCDI.SS.20170911.POM.1",,"condition ok","SIRFER Lab at University of Utah","2018-03-07","ElFtGy1kV49xqNP00HfxQA==","POM","1",,,100,"d15N",7.15,"perMill","Revesz & Coplen 2012a",,
"96e4b911-ec29-4c58-aa16-01e3431128b0","D06","MCDI","MCDI.AOS.S2","2017-09-11","MCDI.SS.20170911.POM.1",,"condition ok","SIRFER Lab at University of Utah","2018-03-07","ElFtGy1kV49xqNP00HfxQA==","POM","1",,,100,"nitrogen",42.36,"percent","Revesz & Coplen 2012a",,
"7419a652-6293-430e-bce8-b47cdebe55d1","D06","MCDI","MCDI.AOS.S2","2017-09-11","MCDI.SS.20170911.POM.1",,"condition ok","SIRFER Lab at University of Utah","2018-03-07","ElFtGy1kV49xqNP00HfxQA==","POM","1",,,100,"carbon",486.15,"percent","Revesz & Coplen 2012a",,
"04171e3a-ab3e-4811-a496-126f06d34700","D06","MCDI","MCDI.AOS.S2","2017-09-11","MCDI.SS.20170911.POM.1",,"condition ok","SIRFER Lab at University of Utah","2018-03-07","ElFtGy1kV49xqNP00HfxQA==","POM","1",,,100,"d13C",-18.56,"perMill","Revesz & Coplen 2012a",,
