uid,domainID,siteID,namedLocation,decimalLatitude,decimalLongitude,coordinateUncertainty,additionalCoordUncertainty,elevation,elevationUncertainty,geodeticDatum,altLocation,altLatitude,altLongitude,altCoordinateUncertainty,altGeodeticDatum,collectDate,aquaticSiteType,samplingImpractical,parentSampleID,parentSampleCode,eventID,samplerType,dissolvedOxygen,dissolvedOxygenSaturation,specificConductance,waterTemp,asiSamplingProtocolVersion,lowerSegmentDepth,upperSegmentDepth,maxDepth,lakeSampleDepth1,lakeSampleDepth2,aCollectedBy,bCollectedBy,remarks,fieldDataQF
"98109afe-1920-4523-a0f5-541955ddf95d","D15","REDB","REDB.AOS.S2",40.783660,-111.798110,0.1,10.0,1688.6,0.0,"WGS84",,,,,,"2018-04-04T15:28Z","stream",,"REDB.SS.20180404",,"REDB.20180404","Grab",11.27,103.00,622.00,3.40,"NEON.DOC.001886vF",,,,,,"bjohnston@battelleecology.org","tlarrieu@battelleecology.org",,
"f9015fba-eaeb-428b-82fc-6dbcc7d8c07e","D15","REDB","REDB.AOS.S2",40.783660,-111.798110,0.1,10.0,1688.6,0.0,"WGS84",,,,,,"2018-04-11T17:30Z","stream",,"REDB.SS.20180411",,"REDB.20180411","Grab",10.41,104.20,619.00,6.80,"NEON.DOC.001886vF",,,,,,"tlarrieu@battelleecology.org","bjohnston@battelleecology.org",,
"147246bc-1403-43e6-9944-8dcac92cc0de","D15","REDB","REDB.AOS.reach",40.783934,-111.797887,10.0,,1694.2,10.0,"WGS84","500m mark_5 upstream of s2",40.783940,-111.797900,5.0,"WGS84","2018-04-19T18:44Z","stream",,"REDB.RE.20180419",,"REDB.20180419","Grab",11.10,112.60,610.00,7.00,"NEON.DOC.001886vF",,,,,,"tlarrieu@battelleecology.org","bjohnston@battelleecology.org",,
"b2e1e0ae-f92a-410b-8798-9e2b56218da3","D15","REDB","REDB.AOS.reach",40.783934,-111.797887,10.0,,1694.2,10.0,"WGS84","Reach at 500m.",,,,"WGS84","2018-04-24T17:14Z","stream",,"REDB.RE.20180424",,"REDB.20180424","Grab",11.29,105.40,618.00,4.60,"NEON.DOC.001886vF",,,,,,"awalker@battelleecology.org","tlarrieu@battelleecology.org",,
