uid,domainID,siteID,namedLocation,collectDate,sampleID,sampleCode,sampleCondition,laboratoryName,analysisDate,analyzedBy,sampleType,replicate,sampleVolumeFiltered,filterSize,percentFilterAnalyzed,analyte,analyteConcentration,plantAlgaeLabUnits,method,externalRemarks,externalLabDataQF
"2d3e7b28-3a2d-4f2f-a28a-a2f8e824d1bf","D15","REDB","REDB.AOS.S2","2018-04-04","REDB.SS.20180404.POM.1","A00000024054","condition ok","SIRFER Lab at University of Utah","2018-07-18","ElFtGy1kV49xqNP00HfxQA==","POM","1",200,25,100,"nitrogen",26.78,"microgramsPerLiter","Revesz & Coplen 2012a",,
"8826dc86-3e64-4d64-ad7b-64719356f7c6","D15","REDB","REDB.AOS.S2","2018-04-04","REDB.SS.20180404.POM.1","A00000024054","condition ok","SIRFER Lab at University of Utah","2018-07-18","ElFtGy1kV49xqNP00HfxQA==","POM","1",200,25,100,"carbon",542.09,"microgramsPerLiter","Revesz & Coplen 2012a",,
"dc4c5052-b7a8-4220-a099-0f9f18ff3fb3","D15","REDB","REDB.AOS.S2","2018-04-04","REDB.SS.20180404.POM.1","A00000024054","condition ok","SIRFER Lab at University of Utah","2018-07-18","ElFtGy1kV49xqNP00HfxQA==","POM","1",200,25,100,"d13C",-26.48,"perMill","Revesz & Coplen 2012a",,
"037a42f4-0f92-4956-b26d-a00304a546c9","D15","REDB","REDB.AOS.S2","2018-04-04","REDB.SS.20180404.POM.1","A00000024054","condition ok","SIRFER Lab at University of Utah","2018-07-18","ElFtGy1kV49xqNP00HfxQA==","POM","1",200,25,100,"d15N",0.02,"perMill","Revesz & Coplen 2012a",,
"a71c085d-ac94-49da-a13f-c8a990675e84","D15","REDB","REDB.AOS.S2","2018-04-11","REDB.SS.20180411.POM.1","A00000024117","condition ok","SIRFER Lab at University of Utah","2018-07-18","ElFtGy1kV49xqNP00HfxQA==","POM","1",214,25,100,"d13C",-25.61,"perMill","Revesz & Coplen 2012a",,
"a3b88721-f927-4828-a4de-336d3ce37b3d","D15","REDB","REDB.AOS.S2","2018-04-11","REDB.SS.20180411.POM.1","A00000024117","condition ok","SIRFER Lab at University of Utah","2018-07-18","ElFtGy1kV49xqNP00HfxQA==","POM","1",214,25,100,"carbon",803.96,"microgramsPerLiter","Revesz & Coplen 2012a",,
"47069869-a50c-46ba-9991-2e358b06f91b","D15","REDB","REDB.AOS.S2","2018-04-11","REDB.SS.20180411.POM.1","A00000024117","condition ok","SIRFER Lab at University of Utah","2018-07-18","ElFtGy1kV49xqNP00HfxQA==","POM","1",214,25,100,"d15N",1.80,"perMill","Revesz & Coplen 2012a",,
"3aa6133f-35da-43c0-81c6-5cab7643ba62","D15","REDB","REDB.AOS.S2","2018-04-11","REDB.SS.20180411.POM.1","A00000024117","condition ok","SIRFER Lab at University of Utah","2018-07-18","ElFtGy1kV49xqNP00HfxQA==","POM","1",214,25,100,"nitrogen",44.41,"microgramsPerLiter","Revesz & Coplen 2012a",,
"9685304c-914a-468b-ac60-2eae3803fd52","D15","REDB","REDB.AOS.reach","2018-04-19","REDB.RE.20180419.POM.1","A00000024119","condition ok","SIRFER Lab at University of Utah","2018-07-19","ElFtGy1kV49xqNP00HfxQA==","POM","1",200,25,100,"d15N",1.52,"perMill","Revesz & Coplen 2012a",,
"b5b97b36-3f88-492c-9be3-131f8304b1c0","D15","REDB","REDB.AOS.reach","2018-04-19","REDB.RE.20180419.POM.1","A00000024119","condition ok","SIRFER Lab at University of Utah","2018-07-19","ElFtGy1kV49xqNP00HfxQA==","POM","1",200,25,100,"carbon",779.15,"microgramsPerLiter","Revesz & Coplen 2012a",,
"0924b407-c3c2-4762-8f65-34828f07cc8c","D15","REDB","REDB.AOS.reach","2018-04-19","REDB.RE.20180419.POM.1","A00000024119","condition ok","SIRFER Lab at University of Utah","2018-07-19","ElFtGy1kV49xqNP00HfxQA==","POM","1",200,25,100,"d13C",-25.98,"perMill","Revesz & Coplen 2012a",,
"f6b93b4d-a946-4a7f-aa25-9680c72f1573","D15","REDB","REDB.AOS.reach","2018-04-19","REDB.RE.20180419.POM.1","A00000024119","condition ok","SIRFER Lab at University of Utah","2018-07-19","ElFtGy1kV49xqNP00HfxQA==","POM","1",200,25,100,"nitrogen",40.22,"microgramsPerLiter","Revesz & Coplen 2012a",,
"643b92c3-bb48-4650-89fd-4c7dde4ae465","D15","REDB","REDB.AOS.reach","2018-04-24","REDB.RE.20180424.POM.1","A00000024125","condition ok","SIRFER Lab at University of Utah","2018-07-19","ElFtGy1kV49xqNP00HfxQA==","POM","1",250,25,100,"d15N",1.39,"perMill","Revesz & Coplen 2012a",,
"831946ff-99bc-46a8-b021-dd89d7dd558c","D15","REDB","REDB.AOS.reach","2018-04-24","REDB.RE.20180424.POM.1","A00000024125","condition ok","SIRFER Lab at University of Utah","2018-07-19","ElFtGy1kV49xqNP00HfxQA==","POM","1",250,25,100,"nitrogen",27.33,"microgramsPerLiter","Revesz & Coplen 2012a",,
"515cff1c-cb52-4972-8e0a-b5e129214e6a","D15","REDB","REDB.AOS.reach","2018-04-24","REDB.RE.20180424.POM.1","A00000024125","condition ok","SIRFER Lab at University of Utah","2018-07-19","ElFtGy1kV49xqNP00HfxQA==","POM","1",250,25,100,"carbon",531.05,"microgramsPerLiter","Revesz & Coplen 2012a",,
"a07b4d52-8920-4e97-9f60-451c83bb4b45","D15","REDB","REDB.AOS.reach","2018-04-24","REDB.RE.20180424.POM.1","A00000024125","condition ok","SIRFER Lab at University of Utah","2018-07-19","ElFtGy1kV49xqNP00HfxQA==","POM","1",250,25,100,"d13C",-25.93,"perMill","Revesz & Coplen 2012a",,
