uid,domainID,siteID,namedLocation,collectDate,analysisDate,isotopeH2OSampleID,isotopeH2OSampleCode,instrumentSN,d18OWater,d2HWater,d18OsdWater,d2HsdWater,isotopeH2OExternalLabQF,laboratoryName,analyzedBy,sampleCondition,externalRemarks,externalLabDataQF
"bcae676d-18d9-429a-9927-917a13947b6b","D15","REDB","REDB.AOS.reach","2018-04-19","2018-07-17","REDB.RE.20180419.H2O.2","A00000023184","HIDS2046",-15.95,-121.37,0.05,0.26,0,"SIRFER Lab at University of Utah","OlSmE6RRn5QQH8tvUHmK5i/poYiQr6sd","OK","Label on vial not easy to read",
"af801892-716b-465e-9d79-a59b171aabd6","D15","REDB","REDB.AOS.reach","2018-04-19","2018-07-17","REDB.RE.20180419.H2O.3","A00000023185","HIDS2046",-16.21,-122.06,0.03,0.16,0,"SIRFER Lab at University of Utah","OlSmE6RRn5QQH8tvUHmK5i/poYiQr6sd","OK","Label on vial not easy to read",
"5746e475-4f05-41a4-a1fe-78021316a518","D15","REDB","REDB.AOS.reach","2018-04-19","2018-07-17","REDB.RE.20180419.H2O.1","A00000023183","HIDS2046",-16.58,-123.22,0.06,0.33,0,"SIRFER Lab at University of Utah","OlSmE6RRn5QQH8tvUHmK5i/poYiQr6sd","OK","Label on vial not easy to read",
"ed28ff6a-1201-4bed-8bcf-ab76b0697cf6","D15","REDB","REDB.AOS.reach","2018-04-24","2018-07-17","REDB.RE.20180424.H2O.1","A00000023192","HIDS2046",-16.18,-121.79,0.04,0.34,0,"SIRFER Lab at University of Utah","OlSmE6RRn5QQH8tvUHmK5i/poYiQr6sd","OK",,
