uid,domainID,siteID,namedLocation,collectDate,parentSampleID,parentSampleCode,isotopeH2OSampleCond,isotopeH2OSampleID,isotopeH2OSampleCode,isotopePOMRep2SampleCond,isotopePOMRep2SampleID,isotopePOMRep2SampleCode,isotopePOMSampleCond,isotopePOMSampleID,isotopePOMSampleCode,processedDateFilters,processedDateH2OIsotopes,sampleVolumeFilteredPOMRep1,sampleVolumeFilteredPOMRep2,fieldDataQF
"ad4659ec-3312-49a7-a1db-8c0a228daa8d","D15","REDB","REDB.AOS.S2","2018-04-04T15:28Z","REDB.SS.20180404",,"Sample condition ok","REDB.SS.20180404.H2O.1","A00000024050","Sample condition ok","REDB.SS.20180404.POM.2","A00000024055","Sample condition ok","REDB.SS.20180404.POM.1","A00000024054","2018-04-04T15:28Z","2018-04-04T16:25Z",200,202,
"4d8d3d53-ae75-4a91-87d1-892e8a2fbb1b","D15","REDB","REDB.AOS.S2","2018-04-11T17:30Z","REDB.SS.20180411",,"Sample condition ok","REDB.SS.20180411.H2O.1","A00000024058","Sample condition ok","REDB.SS.20180411.POM.2","A00000024118","Sample condition ok","REDB.SS.20180411.POM.1","A00000024117","2018-04-11T17:30Z","2018-04-11T17:30Z",214,216,
"73bf6caa-666a-4427-8f1c-fe1bbbd555c5","D15","REDB","REDB.AOS.reach","2018-04-19T18:44Z","REDB.RE.20180419",,"Sample condition ok","REDB.RE.20180419.H2O.2","A00000023184",,,,,,,,"2018-04-19T18:44Z",,,
"6148cc3d-4830-4b44-a4d6-6e190cb0b254","D15","REDB","REDB.AOS.reach","2018-04-19T18:44Z","REDB.RE.20180419",,"Sample condition ok","REDB.RE.20180419.H2O.3","A00000023185",,,,,,,,"2018-04-19T18:44Z",,,
"6c235c0d-f344-4482-8dd1-6f3ac9cf7123","D15","REDB","REDB.AOS.reach","2018-04-19T18:44Z","REDB.RE.20180419",,"Sample condition ok","REDB.RE.20180419.H2O.1","A00000023183","Sample condition ok","REDB.RE.20180419.POM.2","A00000024120","Sample condition ok","REDB.RE.20180419.POM.1","A00000024119","2018-04-19T18:44Z","2018-04-19T18:44Z",200,200,
"26d4831b-3477-4b97-98b9-448bd81697ab","D15","REDB","REDB.AOS.reach","2018-04-24T17:14Z","REDB.RE.20180424",,"Sample condition ok","REDB.RE.20180424.H2O.1","A00000023192","Sample condition ok","REDB.RE.20180424.POM.2","A00000024126","Sample condition ok","REDB.RE.20180424.POM.1","A00000024125","2018-04-24T18:59Z","2018-04-24T15:36Z",250,250,
