uid,domainID,siteID,namedLocation,collectDate,sampleID,sampleCode,sampleCondition,laboratoryName,analysisDate,analyzedBy,sampleType,replicate,sampleVolumeFiltered,filterSize,percentFilterAnalyzed,analyte,analyteConcentration,plantAlgaeLabUnits,method,externalRemarks,externalLabDataQF
"58986058-d682-4a31-a00a-21f32eeb3449","D06","KING","KING.AOS.S2","2016-06-07","KING.SS.20160607.POM.2",,"condition ok","Academy of Natural Sciences of Drexel University","2017-02-13","OKgcKejxXbI=","13C15N","2",,,100,"d13C",-22.38,"perMill",,,
"af0595f4-4448-4d1a-8583-4f49ccb2a17b","D06","KING","KING.AOS.S2","2016-06-07","KING.SS.20160607.POM.1",,"condition ok","Academy of Natural Sciences of Drexel University","2017-01-24","OKgcKejxXbI=","13C15N","1",,,100,"d15N",5.74,"perMill",,,
"2cf1bec0-2f36-4e55-a007-8b9e2ef432e8","D06","KING","KING.AOS.S2","2016-06-07","KING.SS.20160607.POM.2",,"condition ok","Academy of Natural Sciences of Drexel University","2017-02-13","OKgcKejxXbI=","13C15N","2",,,100,"d15N",3.94,"perMill",,,
"61491917-3eb2-41b7-9032-00f4d1b5521d","D06","KING","KING.AOS.S2","2016-06-07","KING.SS.20160607.POM.1",,"condition ok","Academy of Natural Sciences of Drexel University","2017-01-24","OKgcKejxXbI=","13C15N","1",,,100,"d13C",-22.44,"perMill",,,
"b4994cf1-643d-4380-b55a-ba59356234c1","D06","KING","KING.AOS.S2","2016-06-21","KING.SS.20160621.POM.1",,"condition ok","Academy of Natural Sciences of Drexel University","2017-01-24","OKgcKejxXbI=","13C15N","1",,,100,"d15N",4.84,"perMill",,,
"1d71780a-498d-4021-9d80-6c157c4add6b","D06","KING","KING.AOS.S2","2016-06-21","KING.SS.20160621.POM.1",,"condition ok","Academy of Natural Sciences of Drexel University","2017-01-24","OKgcKejxXbI=","13C15N","1",,,100,"d13C",-23.21,"perMill",,,
"68a1df95-a26d-4e7f-aa9f-0d7d75ebff8b","D06","KING","KING.AOS.S2","2016-06-21","KING.SS.20160621.POM.2",,"condition ok","Academy of Natural Sciences of Drexel University","2017-02-13","OKgcKejxXbI=","13C15N","2",,,100,"d15N",2.18,"perMill",,,
"23e1c434-a5c1-41e9-b758-ca1daf7b1392","D06","KING","KING.AOS.S2","2016-06-21","KING.SS.20160621.POM.2",,"condition ok","Academy of Natural Sciences of Drexel University","2017-02-13","OKgcKejxXbI=","13C15N","2",,,100,"d13C",-22.09,"perMill",,,
"23a05a00-94e1-454a-9f7b-403ae321ab88","D06","KING","KING.AOS.S2","2016-06-28","KING.SS.20160628.POM.1",,"condition ok","Academy of Natural Sciences of Drexel University","2017-01-24","OKgcKejxXbI=","13C15N","1",,,100,"d13C",-22.58,"perMill",,,
"f28baa01-685b-4fb3-b8e1-eb10d9084bbc","D06","KING","KING.AOS.S2","2016-06-28","KING.SS.20160628.POM.1",,"condition ok","Academy of Natural Sciences of Drexel University","2017-01-24","OKgcKejxXbI=","13C15N","1",,,100,"d15N",4.67,"perMill",,,
"bbaae33e-645a-41d7-8b7f-f1278df535ea","D06","KING","KING.AOS.S2","2016-06-28","KING.SS.20160628.POM.2",,"condition ok","Academy of Natural Sciences of Drexel University","2017-02-13","OKgcKejxXbI=","13C15N","2",,,100,"d15N",4.87,"perMill",,,
"047e7cc8-f671-499d-9c15-20652342c336","D06","KING","KING.AOS.S2","2016-06-28","KING.SS.20160628.POM.2",,"condition ok","Academy of Natural Sciences of Drexel University","2017-02-13","OKgcKejxXbI=","13C15N","2",,,100,"d13C",-23.10,"perMill",,,
