uid,domainID,siteID,namedLocation,collectDate,sampleID,sampleCode,sampleCondition,laboratoryName,analysisDate,analyzedBy,sampleType,replicate,sampleVolumeFiltered,filterSize,percentFilterAnalyzed,analyte,analyteConcentration,plantAlgaeLabUnits,method,externalRemarks,externalLabDataQF
"238dc83d-7db2-4609-90f7-212b7bd11237","D08","MAYF","MAYF.AOS.S2","2016-09-01","MAYF.SS.20160901.POM.1",,"other","Academy of Natural Sciences of Drexel University","2017-04-08","OKgcKejxXbI=","13C15N","1",,,100,"d15N",,"perMill",,"sample too small for analysis",
"846706d4-0cfa-49da-a57f-d30f571a295e","D08","MAYF","MAYF.AOS.S2","2016-09-01","MAYF.SS.20160901.POM.2",,"other","Academy of Natural Sciences of Drexel University","2017-05-18","OKgcKejxXbI=","13C15N","2",,,100,"d15N",,"perMill",,"sample too small for analysis",
"542e05aa-f899-4c1f-92dd-30d71d98c0e3","D08","MAYF","MAYF.AOS.S2","2016-09-01","MAYF.SS.20160901.POM.1",,"condition ok","Academy of Natural Sciences of Drexel University","2017-04-08","OKgcKejxXbI=","13C15N","1",,,100,"d13C",-28.14,"perMill",,,
"1a8a9d57-c5fc-449e-906f-6f470dd01e08","D08","MAYF","MAYF.AOS.S2","2016-09-01","MAYF.SS.20160901.POM.2",,"condition ok","Academy of Natural Sciences of Drexel University","2017-05-18","OKgcKejxXbI=","13C15N","2",,,100,"d13C",-28.08,"perMill",,,
"4e43a88e-837e-4be0-afef-e5093058fd91","D08","MAYF","MAYF.AOS.S2","2016-09-13","MAYF.SS.20160913.POM.2",,"other","Academy of Natural Sciences of Drexel University","2017-05-18","OKgcKejxXbI=","13C15N","2",,,100,"d15N",,"perMill",,"sample too small for analysis",
"33b9fcd9-a1e0-4d20-a7f8-b5efcce881cd","D08","MAYF","MAYF.AOS.S2","2016-09-13","MAYF.SS.20160913.POM.1",,"other","Academy of Natural Sciences of Drexel University","2017-04-08","OKgcKejxXbI=","13C15N","1",,,100,"d15N",,"perMill",,"sample too small for analysis",
"0d5e3958-9e9b-4dcd-92e7-af9e7df27f22","D08","MAYF","MAYF.AOS.S2","2016-09-13","MAYF.SS.20160913.POM.1",,"other","Academy of Natural Sciences of Drexel University","2017-04-08","OKgcKejxXbI=","13C15N","1",,,100,"d13C",-28.84,"perMill",,"poor folding, sample loss",
"40fdd466-db15-4cd8-8ba5-b94c26a2115a","D08","MAYF","MAYF.AOS.S2","2016-09-13","MAYF.SS.20160913.POM.2",,"other","Academy of Natural Sciences of Drexel University","2017-05-18","OKgcKejxXbI=","13C15N","2",,,100,"d13C",-28.52,"perMill",,"poor folding, sample loss",
