uid,domainID,siteID,namedLocation,collectDate,sampleID,sampleCode,sampleCondition,laboratoryName,analysisDate,analyzedBy,sampleType,replicate,sampleVolumeFiltered,filterSize,percentFilterAnalyzed,analyte,analyteConcentration,plantAlgaeLabUnits,method,externalRemarks,externalLabDataQF
"e47725f4-6303-43bd-821f-2e38a98b6aab","D14","SYCA","SYCA.AOS.reach","2018-07-17","SYCA.RE.20180717.POM.1","B00000015492","condition ok","SIRFER Lab at University of Utah","2018-09-24","ElFtGy1kV49xqNP00HfxQA==","POM","1",20,25,100,"d15N",3.55,"perMill","Revesz & Coplen 2012a",,
"246ecb54-e5af-4ad9-b38e-aeda87f5f4f2","D14","SYCA","SYCA.AOS.reach","2018-07-17","SYCA.RE.20180717.POM.1","B00000015492","condition ok","SIRFER Lab at University of Utah","2018-09-24","ElFtGy1kV49xqNP00HfxQA==","POM","1",20,25,100,"d13C",-23.72,"perMill","Revesz & Coplen 2012a",,
"9df39922-9d71-4a94-9c1c-932f474bac97","D14","SYCA","SYCA.AOS.reach","2018-07-17","SYCA.RE.20180717.POM.1","B00000015492","condition ok","SIRFER Lab at University of Utah","2018-09-24","ElFtGy1kV49xqNP00HfxQA==","POM","1",20,25,100,"nitrogen",723.80,"microgramsPerLiter","Revesz & Coplen 2012a",,
"ff365c2c-324c-4287-90ee-242f9282b0c3","D14","SYCA","SYCA.AOS.reach","2018-07-17","SYCA.RE.20180717.POM.1","B00000015492","condition ok","SIRFER Lab at University of Utah","2018-09-24","ElFtGy1kV49xqNP00HfxQA==","POM","1",20,25,100,"carbon",6199.93,"microgramsPerLiter","Revesz & Coplen 2012a",,
"490e188f-c4d5-4916-965a-282b13358ec3","D14","SYCA","SYCA.AOS.S2","2018-07-31","SYCA.SS.20180731.POM.1","B00000010140","condition ok","SIRFER Lab at University of Utah","2018-09-24","ElFtGy1kV49xqNP00HfxQA==","POM","1",5,25,100,"carbon",30575.99,"microgramsPerLiter","Revesz & Coplen 2012a",,
"9ff95c31-1be3-4ed1-96ea-019209ed0fd0","D14","SYCA","SYCA.AOS.S2","2018-07-31","SYCA.SS.20180731.POM.1","B00000010140","condition ok","SIRFER Lab at University of Utah","2018-09-24","ElFtGy1kV49xqNP00HfxQA==","POM","1",5,25,100,"nitrogen",4658.02,"microgramsPerLiter","Revesz & Coplen 2012a",,
"cabbe5bb-4219-4178-87b8-4a71526e81ad","D14","SYCA","SYCA.AOS.S2","2018-07-31","SYCA.SS.20180731.POM.1","B00000010140","condition ok","SIRFER Lab at University of Utah","2018-09-24","ElFtGy1kV49xqNP00HfxQA==","POM","1",5,25,100,"d15N",6.72,"perMill","Revesz & Coplen 2012a",,
"13be91e7-1dfb-4012-88a0-2bfe36cc40b7","D14","SYCA","SYCA.AOS.S2","2018-07-31","SYCA.SS.20180731.POM.1","B00000010140","condition ok","SIRFER Lab at University of Utah","2018-09-24","ElFtGy1kV49xqNP00HfxQA==","POM","1",5,25,100,"d13C",-24.27,"perMill","Revesz & Coplen 2012a",,
