uid,domainID,siteID,namedLocation,collectDate,sampleID,sampleCode,sampleCondition,laboratoryName,analysisDate,analyzedBy,sampleType,replicate,sampleVolumeFiltered,filterSize,percentFilterAnalyzed,analyte,analyteConcentration,plantAlgaeLabUnits,method,externalRemarks,externalLabDataQF
"d1ecd2aa-3279-4c69-8c74-d1b21fac05d7","D03","SUGG","SUGG.AOS.buoy.c0","2016-07-05","SUGG.C0.20160705.POM.1",,"condition ok","Academy of Natural Sciences of Drexel University","2017-03-03","OKgcKejxXbI=","13C15N","1",,,100,"d15N",1.32,"perMill",,,
"f88da19f-0d7e-4180-8c71-cba9f8fde24a","D03","SUGG","SUGG.AOS.buoy.c0","2016-07-05","SUGG.C0.20160705.POM.2",,"condition ok","Academy of Natural Sciences of Drexel University","2017-05-18","OKgcKejxXbI=","13C15N","2",,,100,"d15N",0.88,"perMill",,,
"95603cf2-219a-4953-a455-0d17f79b5799","D03","SUGG","SUGG.AOS.buoy.c0","2016-07-05","SUGG.C0.20160705.POM.1",,"condition ok","Academy of Natural Sciences of Drexel University","2017-03-03","OKgcKejxXbI=","13C15N","1",,,100,"d13C",-32.34,"perMill",,,
"09b80db2-eea6-4010-833f-4ef1e3d4fbe8","D03","SUGG","SUGG.AOS.buoy.c0","2016-07-05","SUGG.C0.20160705.POM.2",,"condition ok","Academy of Natural Sciences of Drexel University","2017-05-18","OKgcKejxXbI=","13C15N","2",,,100,"d13C",-32.22,"perMill",,,
"6e06d605-7827-408b-95f7-12f81a15d4a3","D03","SUGG","SUGG.AOS.outlet","2016-07-05","SUGG.OT.20160705.POM.2",,"condition ok","Academy of Natural Sciences of Drexel University","2017-05-18","OKgcKejxXbI=","13C15N","2",,,100,"d13C",-31.27,"perMill",,,
"4ef304be-e8cc-4833-9a0c-5a122eb4fcb0","D03","SUGG","SUGG.AOS.outlet","2016-07-05","SUGG.OT.20160705.POM.1",,"condition ok","Academy of Natural Sciences of Drexel University","2017-03-03","OKgcKejxXbI=","13C15N","1",,,100,"d13C",-34.36,"perMill",,,
"e4270501-6644-4270-9c74-80109c92c63d","D03","SUGG","SUGG.AOS.outlet","2016-07-05","SUGG.OT.20160705.POM.1",,"condition ok","Academy of Natural Sciences of Drexel University","2017-03-03","OKgcKejxXbI=","13C15N","1",,,100,"d15N",0.16,"perMill",,,
"4ba722f8-50c7-4573-a90e-f12cd41ad566","D03","SUGG","SUGG.AOS.outlet","2016-07-05","SUGG.OT.20160705.POM.2",,"condition ok","Academy of Natural Sciences of Drexel University","2017-05-18","OKgcKejxXbI=","13C15N","2",,,100,"d15N",0.49,"perMill",,,
"9ea4d8c9-f410-4792-9318-6e784aa419d7","D03","SUGG","SUGG.AOS.inlet","2016-07-05","SUGG.IN.20160705.POM.2",,"condition ok","Academy of Natural Sciences of Drexel University","2017-05-18","OKgcKejxXbI=","13C15N","2",,,100,"d13C",-32.67,"perMill",,,
"32307b9a-fa9e-4883-bfac-d23039731355","D03","SUGG","SUGG.AOS.inlet","2016-07-05","SUGG.IN.20160705.POM.1",,"condition ok","Academy of Natural Sciences of Drexel University","2017-03-03","OKgcKejxXbI=","13C15N","1",,,100,"d13C",-31.85,"perMill",,,
"5b17cc70-ea09-49d7-9129-60e7becd5b0a","D03","SUGG","SUGG.AOS.inlet","2016-07-05","SUGG.IN.20160705.POM.2",,"condition ok","Academy of Natural Sciences of Drexel University","2017-05-18","OKgcKejxXbI=","13C15N","2",,,100,"d15N",0.68,"perMill",,,
"da75e7a4-760c-48f2-b23a-73f6f5967e38","D03","SUGG","SUGG.AOS.inlet","2016-07-05","SUGG.IN.20160705.POM.1",,"condition ok","Academy of Natural Sciences of Drexel University","2017-03-03","OKgcKejxXbI=","13C15N","1",,,100,"d15N",1.44,"perMill",,,
