uid,domainID,siteID,namedLocation,collectDate,parentSampleID,parentSampleCode,isotopeH2OSampleCond,isotopeH2OSampleID,isotopeH2OSampleCode,isotopePOMRep2SampleCond,isotopePOMRep2SampleID,isotopePOMRep2SampleCode,isotopePOMSampleCond,isotopePOMSampleID,isotopePOMSampleCode,processedDateFilters,processedDateH2OIsotopes,sampleVolumeFilteredPOMRep1,sampleVolumeFilteredPOMRep2,fieldDataQF
"10fb7658-30e4-4522-a915-8e355607e879","D18","OKSR","OKSR.AOS.S2","2017-08-01T17:56Z","OKSR.SS.20170801",,"Sample condition ok","OKSR.SS.20170801.H2O.1",,"Sample condition ok","OKSR.SS.20170801.POM.2",,"Sample condition ok","OKSR.SS.20170801.POM.1",,"2017-08-01T21:45Z","2017-08-01T21:45Z",700,700,
"07a83bab-287e-4845-9815-88ab2b22bf63","D18","OKSR","OKSR.AOS.S2","2017-08-08T20:59Z","OKSR.SS.20170808",,"Sample condition ok","OKSR.SS.20170808.H2O.1",,"Sample condition ok","OKSR.SS.20170808.POM.2",,"Sample condition ok","OKSR.SS.20170808.POM.1",,"2017-08-10T20:00Z","2017-08-10T08:30Z",700,700,
"ed43dfcc-868d-436a-ade2-c4667453d844","D18","OKSR","OKSR.AOS.S2","2017-08-15T19:05Z","OKSR.SS.20170815",,"Sample condition ok","OKSR.SS.20170815.H2O.1",,"Sample condition ok","OKSR.SS.20170815.POM.2",,"Sample condition ok","OKSR.SS.20170815.POM.1",,"2017-08-15T22:19Z","2017-08-16T07:00Z",650,650,
"beaa1166-22c8-4ba5-a085-ad80b7fc0f2a","D18","OKSR","OKSR.AOS.S2","2017-08-22T21:44Z","OKSR.SS.20170822",,"Sample condition ok","OKSR.SS.20170822.H2O.1",,"Sample condition ok","OKSR.SS.20170822.POM.2",,"Sample condition ok","OKSR.SS.20170822.POM.1",,"2017-08-23T00:00Z","2017-08-22T22:02Z",700,700,
"d5b5e55d-1351-4326-bac9-6f703e84c232","D18","OKSR","OKSR.AOS.S2","2017-08-29T21:19Z","OKSR.SS.20170829",,"Sample condition ok","OKSR.SS.20170829.H2O.1",,"Sample condition ok","OKSR.SS.20170829.POM.2",,"Sample condition ok","OKSR.SS.20170829.POM.1",,"2017-08-29T23:48Z","2017-08-29T21:05Z",600,600,
