uid,domainID,siteID,namedLocation,decimalLatitude,decimalLongitude,coordinateUncertainty,additionalCoordUncertainty,elevation,elevationUncertainty,geodeticDatum,altLocation,altLatitude,altLongitude,altCoordinateUncertainty,altGeodeticDatum,collectDate,aquaticSiteType,samplingImpractical,parentSampleID,parentSampleCode,eventID,samplerType,dissolvedOxygen,dissolvedOxygenSaturation,specificConductance,waterTemp,asiSamplingProtocolVersion,lowerSegmentDepth,upperSegmentDepth,maxDepth,lakeSampleDepth1,lakeSampleDepth2,aCollectedBy,bCollectedBy,remarks,fieldDataQF
"d09187ee-4c59-4619-928e-8b8ee559bbde","D18","OKSR","OKSR.AOS.S2",68.669651,-149.143505,0.1,10.0,767.2,0.0,"WGS84",,,,,,"2017-08-01T17:56Z","stream",,"OKSR.SS.20170801",,"OKSR.20170801","Grab",10.33,91.30,46.80,9.90,"NEON.DOC.001886vE",,,,,,"Hmasters@battelleecology.org","Hmasters@battelleecology.org",,
"c8e126d5-583b-48ce-911f-2ba0f790ee08","D18","OKSR","OKSR.AOS.S2",68.669651,-149.143505,0.1,10.0,767.2,0.0,"WGS84",,,,,,"2017-08-08T20:59Z","stream",,"OKSR.SS.20170808",,"OKSR.20170808","Grab",10.21,94.70,44.90,12.20,"NEON.DOC.001886vE",,,,,,"Hmasters@battelleecology.org","jbuza@battelleecology.org",,
"302479f6-6e3e-406c-a63b-4c113eaf20ee","D18","OKSR","OKSR.AOS.S2",68.669651,-149.143505,0.1,10.0,767.2,0.0,"WGS84",,,,,,"2017-08-15T19:05Z","stream",,"OKSR.SS.20170815",,"OKSR.20170815","Grab",11.30,89.70,40.10,5.60,"NEON.DOC.001886vE",,,,,,"Hmasters@battelleecology.org","aedwards@battelleecology.org",,
"1190af10-1616-420f-82d4-797e5feb86fa","D18","OKSR","OKSR.AOS.S2",68.669651,-149.143505,0.1,10.0,767.2,0.0,"WGS84",,,,,,"2017-08-22T21:44Z","stream",,"OKSR.SS.20170822",,"OKSR.20170822","Grab",11.26,96.00,47.30,8.50,"NEON.DOC.001886vE",,,,,,"Ahuff@battelleecology.org","Hmasters@battelleecology.org",,
"e81c4f37-abb7-4f66-8908-c31ed86c4432","D18","OKSR","OKSR.AOS.S2",68.669651,-149.143505,0.1,10.0,767.2,0.0,"WGS84",,,,,,"2017-08-29T21:19Z","stream",,"OKSR.SS.20170829",,"OKSR.20170829","Grab",12.82,94.30,45.30,2.60,"NEON.DOC.001886vE",,,,,,"Ahuff@battelleecology.org",,,
