uid,domainID,siteID,namedLocation,collectDate,sampleID,sampleCode,sampleCondition,laboratoryName,analysisDate,analyzedBy,sampleType,replicate,sampleVolumeFiltered,filterSize,percentFilterAnalyzed,analyte,analyteConcentration,plantAlgaeLabUnits,method,externalRemarks,externalLabDataQF
"37c9840a-1b70-48a1-9b6a-c45a5eabc29f","D18","OKSR","OKSR.AOS.S2","2017-08-01","OKSR.SS.20170801.POM.1",,"condition ok","SIRFER Lab at University of Utah","2018-03-28","ElFtGy1kV49xqNP00HfxQA==","POM","1",700,25,100,"carbon",156.79,"microgramsPerLiter","Revesz & Coplen 2012a",,
"808e5186-8b94-41e1-9458-a7f25159258b","D18","OKSR","OKSR.AOS.S2","2017-08-01","OKSR.SS.20170801.POM.1",,"condition ok","SIRFER Lab at University of Utah","2018-03-28","ElFtGy1kV49xqNP00HfxQA==","POM","1",700,25,100,"d15N",12.99,"perMill","Revesz & Coplen 2012a",,
"5e572ac9-67c8-4b4a-aa42-0bb3d81d16e4","D18","OKSR","OKSR.AOS.S2","2017-08-01","OKSR.SS.20170801.POM.1",,"condition ok","SIRFER Lab at University of Utah","2018-03-28","ElFtGy1kV49xqNP00HfxQA==","POM","1",700,25,100,"d13C",-28.72,"perMill","Revesz & Coplen 2012a",,
"e7de8e23-8f0c-42ad-93e0-8030d5558731","D18","OKSR","OKSR.AOS.S2","2017-08-01","OKSR.SS.20170801.POM.1",,"condition ok","SIRFER Lab at University of Utah","2018-03-28","ElFtGy1kV49xqNP00HfxQA==","POM","1",700,25,100,"nitrogen",15.75,"microgramsPerLiter","Revesz & Coplen 2012a",,
"2fd5daab-acc9-48eb-ab17-a777f6aa1f6c","D18","OKSR","OKSR.AOS.S2","2017-08-08","OKSR.SS.20170808.POM.1",,"condition ok","SIRFER Lab at University of Utah","2018-03-28","ElFtGy1kV49xqNP00HfxQA==","POM","1",700,25,100,"d15N",8.59,"perMill","Revesz & Coplen 2012a",,
"788d25c3-68ad-4813-99d9-69214e2b52b7","D18","OKSR","OKSR.AOS.S2","2017-08-08","OKSR.SS.20170808.POM.1",,"condition ok","SIRFER Lab at University of Utah","2018-03-28","ElFtGy1kV49xqNP00HfxQA==","POM","1",700,25,100,"nitrogen",15.02,"microgramsPerLiter","Revesz & Coplen 2012a",,
"2a8501a1-d447-40e5-8f99-8aaf8e11512e","D18","OKSR","OKSR.AOS.S2","2017-08-08","OKSR.SS.20170808.POM.1",,"condition ok","SIRFER Lab at University of Utah","2018-03-28","ElFtGy1kV49xqNP00HfxQA==","POM","1",700,25,100,"d13C",-28.78,"perMill","Revesz & Coplen 2012a",,
"b2ce7028-e134-4acb-8e23-c670ac9b707a","D18","OKSR","OKSR.AOS.S2","2017-08-08","OKSR.SS.20170808.POM.1",,"condition ok","SIRFER Lab at University of Utah","2018-03-28","ElFtGy1kV49xqNP00HfxQA==","POM","1",700,25,100,"carbon",125.13,"microgramsPerLiter","Revesz & Coplen 2012a",,
"8c56d3bd-84a6-43c4-82b9-6338da60f2fd","D18","OKSR","OKSR.AOS.S2","2017-08-15","OKSR.SS.20170815.POM.1",,"condition ok","SIRFER Lab at University of Utah","2018-03-28","ElFtGy1kV49xqNP00HfxQA==","POM","1",650,25,100,"d15N",9.32,"perMill","Revesz & Coplen 2012a",,
"d739756d-565c-4faa-9191-248dbac35b62","D18","OKSR","OKSR.AOS.S2","2017-08-15","OKSR.SS.20170815.POM.1",,"condition ok","SIRFER Lab at University of Utah","2018-03-28","ElFtGy1kV49xqNP00HfxQA==","POM","1",650,25,100,"nitrogen",14.39,"microgramsPerLiter","Revesz & Coplen 2012a",,
"a450baf0-b2f0-46b2-a727-c3a89dda4afc","D18","OKSR","OKSR.AOS.S2","2017-08-15","OKSR.SS.20170815.POM.1",,"condition ok","SIRFER Lab at University of Utah","2018-03-28","ElFtGy1kV49xqNP00HfxQA==","POM","1",650,25,100,"d13C",-27.74,"perMill","Revesz & Coplen 2012a",,
"6ec8124e-c7b6-4f94-a23a-3d7d62419ce7","D18","OKSR","OKSR.AOS.S2","2017-08-15","OKSR.SS.20170815.POM.1",,"condition ok","SIRFER Lab at University of Utah","2018-03-28","ElFtGy1kV49xqNP00HfxQA==","POM","1",650,25,100,"carbon",152.40,"microgramsPerLiter","Revesz & Coplen 2012a",,
"f818594d-1df2-422b-a5ac-177feb8d3e3a","D18","OKSR","OKSR.AOS.S2","2017-08-22","OKSR.SS.20170822.POM.1",,"condition ok","SIRFER Lab at University of Utah","2018-03-28","ElFtGy1kV49xqNP00HfxQA==","POM","1",700,25,100,"nitrogen",19.17,"microgramsPerLiter","Revesz & Coplen 2012a",,
"db8588eb-2f93-4218-8ba3-8148a6c51251","D18","OKSR","OKSR.AOS.S2","2017-08-22","OKSR.SS.20170822.POM.1",,"condition ok","SIRFER Lab at University of Utah","2018-03-28","ElFtGy1kV49xqNP00HfxQA==","POM","1",700,25,100,"d15N",7.16,"perMill","Revesz & Coplen 2012a",,
"251552cf-a0b5-4907-be5a-1e0e408b00ea","D18","OKSR","OKSR.AOS.S2","2017-08-22","OKSR.SS.20170822.POM.1",,"condition ok","SIRFER Lab at University of Utah","2018-03-28","ElFtGy1kV49xqNP00HfxQA==","POM","1",700,25,100,"d13C",-28.11,"perMill","Revesz & Coplen 2012a",,
"0680e7cf-ce88-4b22-8f32-50e649bb5e66","D18","OKSR","OKSR.AOS.S2","2017-08-22","OKSR.SS.20170822.POM.1",,"condition ok","SIRFER Lab at University of Utah","2018-03-28","ElFtGy1kV49xqNP00HfxQA==","POM","1",700,25,100,"carbon",138.27,"microgramsPerLiter","Revesz & Coplen 2012a",,
"5cd0a174-4ef2-4b5f-a3e7-b0ed04fcb7a6","D18","OKSR","OKSR.AOS.S2","2017-08-29","OKSR.SS.20170829.POM.1",,"condition ok","SIRFER Lab at University of Utah","2018-03-28","ElFtGy1kV49xqNP00HfxQA==","POM","1",600,25,100,"nitrogen",17.63,"microgramsPerLiter","Revesz & Coplen 2012a",,
"bcc7bd9a-4214-4791-8dcf-2c4dd585f565","D18","OKSR","OKSR.AOS.S2","2017-08-29","OKSR.SS.20170829.POM.1",,"condition ok","SIRFER Lab at University of Utah","2018-03-28","ElFtGy1kV49xqNP00HfxQA==","POM","1",600,25,100,"carbon",157.41,"microgramsPerLiter","Revesz & Coplen 2012a",,
"40dde2a3-1da2-4fde-8096-48b0cd3a6552","D18","OKSR","OKSR.AOS.S2","2017-08-29","OKSR.SS.20170829.POM.1",,"condition ok","SIRFER Lab at University of Utah","2018-03-28","ElFtGy1kV49xqNP00HfxQA==","POM","1",600,25,100,"d15N",8.08,"perMill","Revesz & Coplen 2012a",,
"58afe73f-3fd4-460e-89c2-317913c52da0","D18","OKSR","OKSR.AOS.S2","2017-08-29","OKSR.SS.20170829.POM.1",,"condition ok","SIRFER Lab at University of Utah","2018-03-28","ElFtGy1kV49xqNP00HfxQA==","POM","1",600,25,100,"d13C",-29.05,"perMill","Revesz & Coplen 2012a",,
