uid,domainID,siteID,namedLocation,collectDate,sampleID,sampleCode,sampleCondition,laboratoryName,analysisDate,analyzedBy,sampleType,replicate,sampleVolumeFiltered,filterSize,percentFilterAnalyzed,analyte,analyteConcentration,plantAlgaeLabUnits,method,externalRemarks,externalLabDataQF
"9abcb5b9-7d09-4edc-b169-64ee14b47c01","D03","SUGG","SUGG.AOS.buoy.c0","2015-06-23","SUGG.C0.20150623.POM.1",,"condition ok","Academy of Natural Sciences of Drexel University","2016-09-13","OKgcKejxXbI=","13C15N","1",,,100,"d15N",3.20,"perMill",,,
"ef440ac4-7125-46f5-b529-f4cf95126914","D03","SUGG","SUGG.AOS.outlet","2015-06-23","SUGG.OT.20150623.POM.1",,"condition ok","Academy of Natural Sciences of Drexel University","2016-09-13","OKgcKejxXbI=","13C15N","1",,,100,"d13C",-34.84,"perMill",,,
"2ada55f9-c155-4e9a-bdb9-06c4669e5c8c","D03","SUGG","SUGG.AOS.inlet","2015-06-23","SUGG.IN.20150623.POM.1",,"condition ok","Academy of Natural Sciences of Drexel University","2016-09-13","OKgcKejxXbI=","13C15N","1",,,100,"d15N",3.19,"perMill",,,
"21a770d0-439e-4262-88b8-770e970eaafd","D03","SUGG","SUGG.AOS.buoy.c0","2015-06-23","SUGG.C0.20150623.POM.2",,"condition ok","Academy of Natural Sciences of Drexel University","2017-01-17","OKgcKejxXbI=","13C15N","2",,,100,"d15N",3.16,"perMill",,,
"6fb8c0b9-e824-42e3-a720-56001fb974e9","D03","SUGG","SUGG.AOS.outlet","2015-06-23","SUGG.OT.20150623.POM.1",,"condition ok","Academy of Natural Sciences of Drexel University","2016-09-13","OKgcKejxXbI=","13C15N","1",,,100,"d15N",3.44,"perMill",,,
"09b4c433-bc02-4980-9ec1-cbed866b6404","D03","SUGG","SUGG.AOS.outlet","2015-06-23","SUGG.OT.20150623.POM.2",,"condition ok","Academy of Natural Sciences of Drexel University","2017-01-17","OKgcKejxXbI=","13C15N","2",,,100,"d15N",3.94,"perMill",,,
"66176886-ba49-4bf9-8754-330a10bf8539","D03","SUGG","SUGG.AOS.inlet","2015-06-23","SUGG.IN.20150623.POM.2",,"condition ok","Academy of Natural Sciences of Drexel University","2017-01-17","OKgcKejxXbI=","13C15N","2",,,100,"d13C",-33.48,"perMill",,,
"69ab5d4f-124a-4b89-a1a2-41bd925a2449","D03","SUGG","SUGG.AOS.buoy.c0","2015-06-23","SUGG.C0.20150623.POM.2",,"condition ok","Academy of Natural Sciences of Drexel University","2017-01-17","OKgcKejxXbI=","13C15N","2",,,100,"d13C",-35.21,"perMill",,,
"8241e8d0-b46a-46f7-9559-5072ab188cee","D03","SUGG","SUGG.AOS.buoy.c0","2015-06-23","SUGG.C0.20150623.POM.1",,"condition ok","Academy of Natural Sciences of Drexel University","2016-09-13","OKgcKejxXbI=","13C15N","1",,,100,"d13C",-35.60,"perMill",,,
"bff2dd22-bbd6-49af-8d09-0ddd7537dd08","D03","SUGG","SUGG.AOS.inlet","2015-06-23","SUGG.IN.20150623.POM.2",,"condition ok","Academy of Natural Sciences of Drexel University","2017-01-17","OKgcKejxXbI=","13C15N","2",,,100,"d15N",3.92,"perMill",,,
"b15d9f11-7595-4e95-87c3-8445ae100a96","D03","SUGG","SUGG.AOS.inlet","2015-06-23","SUGG.IN.20150623.POM.1",,"condition ok","Academy of Natural Sciences of Drexel University","2016-09-13","OKgcKejxXbI=","13C15N","1",,,100,"d13C",-31.92,"perMill",,,
"6906d7a7-c3a3-4110-8b7d-6bd692262921","D03","SUGG","SUGG.AOS.outlet","2015-06-23","SUGG.OT.20150623.POM.2",,"condition ok","Academy of Natural Sciences of Drexel University","2017-01-17","OKgcKejxXbI=","13C15N","2",,,100,"d13C",-33.84,"perMill",,,
