uid,domainID,siteID,namedLocation,collectDate,sampleID,sampleCode,sampleCondition,laboratoryName,analysisDate,analyzedBy,sampleType,replicate,sampleVolumeFiltered,filterSize,percentFilterAnalyzed,analyte,analyteConcentration,plantAlgaeLabUnits,method,externalRemarks,externalLabDataQF
"4f6dcfba-2301-4015-a9dc-b73478fc6b54","D10","ARIK","ARIK.AOS.S2","2018-01-04","ARIK.SS.20180104.POM.1",,"condition ok","SIRFER Lab at University of Utah","2018-08-08","ElFtGy1kV49xqNP00HfxQA==","POM","1",500,25,100,"nitrogen",32.21,"microgramsPerLiter","Revesz & Coplen 2012a",,
"e40db041-c3d7-480f-9992-f810dc5a41e7","D10","ARIK","ARIK.AOS.S2","2018-01-04","ARIK.SS.20180104.POM.1",,"condition ok","SIRFER Lab at University of Utah","2018-08-08","ElFtGy1kV49xqNP00HfxQA==","POM","1",500,25,100,"carbon",260.76,"microgramsPerLiter","Revesz & Coplen 2012a",,
"eecf3148-4336-43a7-bba5-37b8a62b787f","D10","ARIK","ARIK.AOS.S2","2018-01-04","ARIK.SS.20180104.POM.1",,"condition ok","SIRFER Lab at University of Utah","2018-08-08","ElFtGy1kV49xqNP00HfxQA==","POM","1",500,25,100,"d13C",-30.56,"perMill","Revesz & Coplen 2012a",,
"57e843d1-c3b4-4b2f-9c36-e02cceecbe1a","D10","ARIK","ARIK.AOS.S2","2018-01-04","ARIK.SS.20180104.POM.1",,"condition ok","SIRFER Lab at University of Utah","2018-08-08","ElFtGy1kV49xqNP00HfxQA==","POM","1",500,25,100,"d15N",4.76,"perMill","Revesz & Coplen 2012a",,
"ab74757d-20b5-43bf-b679-8baafb781f02","D10","ARIK","ARIK.AOS.S2","2018-01-18","ARIK.SS.20180118.POM.1",,"condition ok","SIRFER Lab at University of Utah","2018-08-08","ElFtGy1kV49xqNP00HfxQA==","POM","1",876,25,100,"d15N",5.19,"perMill","Revesz & Coplen 2012a",,
"25ba680f-7ec3-4a3b-84a8-bf06afaed394","D10","ARIK","ARIK.AOS.S2","2018-01-18","ARIK.SS.20180118.POM.1",,"condition ok","SIRFER Lab at University of Utah","2018-08-08","ElFtGy1kV49xqNP00HfxQA==","POM","1",876,25,100,"d13C",-31.41,"perMill","Revesz & Coplen 2012a",,
"4d2ecefe-929c-4505-bb7e-fa3ecc5dc27a","D10","ARIK","ARIK.AOS.S2","2018-01-18","ARIK.SS.20180118.POM.1",,"condition ok","SIRFER Lab at University of Utah","2018-08-08","ElFtGy1kV49xqNP00HfxQA==","POM","1",876,25,100,"carbon",230.35,"microgramsPerLiter","Revesz & Coplen 2012a",,
"ccf1ca82-fe2e-446a-aad8-1ecf27109069","D10","ARIK","ARIK.AOS.S2","2018-01-18","ARIK.SS.20180118.POM.1",,"condition ok","SIRFER Lab at University of Utah","2018-08-08","ElFtGy1kV49xqNP00HfxQA==","POM","1",876,25,100,"nitrogen",28.65,"microgramsPerLiter","Revesz & Coplen 2012a",,
