uid,domainID,siteID,namedLocation,collectDate,sampleID,sampleCode,sampleCondition,laboratoryName,analysisDate,analyzedBy,sampleType,replicate,sampleVolumeFiltered,filterSize,percentFilterAnalyzed,analyte,analyteConcentration,plantAlgaeLabUnits,method,externalRemarks,externalLabDataQF
"2838736d-c37e-42d0-9697-725a2e9e5862","D09","PRLA","PRLA.AOS.inlet","2016-06-08","PRLA.IN.20160608.POM.1",,"condition ok","Academy of Natural Sciences of Drexel University","2017-01-24","OKgcKejxXbI=","13C15N","1",,,100,"d15N",9.25,"perMill",,,
"fb36af53-36dd-4a06-8a1f-dfe7fa84332d","D09","PRLA","PRLA.AOS.inlet","2016-06-08","PRLA.IN.20160608.POM.1",,"condition ok","Academy of Natural Sciences of Drexel University","2017-01-24","OKgcKejxXbI=","13C15N","1",,,100,"d13C",-28.01,"perMill",,,
"f16adcd2-998d-4912-b355-cf01cdfcfb1c","D09","PRLA","PRLA.AOS.inlet","2016-06-08","PRLA.IN.20160608.POM.2",,"other","Academy of Natural Sciences of Drexel University","2017-02-15","OKgcKejxXbI=","13C15N","2",,,100,"d15N",,"perMill",,"sample lost during analysis",
"5890b83e-4088-4209-9bfb-30d1a2f5793a","D09","PRLA","PRLA.AOS.inlet","2016-06-08","PRLA.IN.20160608.POM.2",,"other","Academy of Natural Sciences of Drexel University","2017-02-15","OKgcKejxXbI=","13C15N","2",,,100,"d13C",,"perMill",,"sample lost during analysis",
"c32eff1e-0509-4b6b-b522-7baa0e483bbf","D09","PRLA","PRLA.AOS.buoy.c0","2016-06-08","PRLA.C0.20160608.POM.2",,"other","Academy of Natural Sciences of Drexel University","2017-02-15","OKgcKejxXbI=","13C15N","2",,,100,"d13C",,"perMill",,"sample lost during analysis",
"e4644507-45be-46d7-971c-da87da918528","D09","PRLA","PRLA.AOS.buoy.c0","2016-06-08","PRLA.C0.20160608.POM.1",,"condition ok","Academy of Natural Sciences of Drexel University","2017-01-24","OKgcKejxXbI=","13C15N","1",,,100,"d15N",9.12,"perMill",,,
"94ebcb14-4773-46c8-83c2-7726bf9e0d55","D09","PRLA","PRLA.AOS.buoy.c0","2016-06-08","PRLA.C0.20160608.POM.2",,"other","Academy of Natural Sciences of Drexel University","2017-02-15","OKgcKejxXbI=","13C15N","2",,,100,"d15N",,"perMill",,"sample lost during analysis",
"a9aa5fa0-a59e-4ec4-93eb-423cf8503b99","D09","PRLA","PRLA.AOS.buoy.c0","2016-06-08","PRLA.C0.20160608.POM.1",,"condition ok","Academy of Natural Sciences of Drexel University","2017-01-24","OKgcKejxXbI=","13C15N","1",,,100,"d13C",-28.86,"perMill",,,
"7612caac-7924-4129-b99f-e9664b149e50","D09","PRLA","PRLA.AOS.outlet","2016-06-08","PRLA.OT.20160608.POM.2",,"other","Academy of Natural Sciences of Drexel University","2017-02-15","OKgcKejxXbI=","13C15N","2",,,100,"d15N",,"perMill",,"sample lost during analysis",
"1e77dc99-d416-4549-ae63-d54e2a27588f","D09","PRLA","PRLA.AOS.outlet","2016-06-08","PRLA.OT.20160608.POM.2",,"other","Academy of Natural Sciences of Drexel University","2017-02-15","OKgcKejxXbI=","13C15N","2",,,100,"d13C",,"perMill",,"sample lost during analysis",
"fb7f14f1-279b-4feb-ae56-d4daf365805d","D09","PRLA","PRLA.AOS.outlet","2016-06-08","PRLA.OT.20160608.POM.1",,"condition ok","Academy of Natural Sciences of Drexel University","2017-01-24","OKgcKejxXbI=","13C15N","1",,,100,"d15N",8.14,"perMill",,,
"38bd0f3a-e04a-4220-bead-b18181e56e96","D09","PRLA","PRLA.AOS.outlet","2016-06-08","PRLA.OT.20160608.POM.1",,"condition ok","Academy of Natural Sciences of Drexel University","2017-01-24","OKgcKejxXbI=","13C15N","1",,,100,"d13C",-28.34,"perMill",,,
