uid,domainID,siteID,namedLocation,collectDate,sampleID,sampleCode,sampleCondition,laboratoryName,analysisDate,analyzedBy,sampleType,replicate,sampleVolumeFiltered,filterSize,percentFilterAnalyzed,analyte,analyteConcentration,plantAlgaeLabUnits,method,externalRemarks,externalLabDataQF
"bb900ecb-e139-4294-9ebe-4facb3d7ceff","D03","FLNT","FLNT.AOS.buoy.c0","2018-05-15","FLNT.C0.20180515.POM.1","A00000003820","condition ok","SIRFER Lab at University of Utah","2018-07-31","ElFtGy1kV49xqNP00HfxQA==","POM","1",500,25,100,"d13C",-29.31,"perMill","Revesz & Coplen 2012a",,
"50eab736-fce9-4884-b3db-fb38e609949c","D03","FLNT","FLNT.AOS.buoy.c0","2018-05-15","FLNT.C0.20180515.POM.1","A00000003820","condition ok","SIRFER Lab at University of Utah","2018-07-31","ElFtGy1kV49xqNP00HfxQA==","POM","1",500,25,100,"nitrogen",34.93,"microgramsPerLiter","Revesz & Coplen 2012a",,
"57a4b52e-48d8-48b4-b740-c8b241d57077","D03","FLNT","FLNT.AOS.buoy.c0","2018-05-15","FLNT.C0.20180515.POM.1","A00000003820","condition ok","SIRFER Lab at University of Utah","2018-07-31","ElFtGy1kV49xqNP00HfxQA==","POM","1",500,25,100,"carbon",288.91,"microgramsPerLiter","Revesz & Coplen 2012a",,
"74d89b30-5adf-4e01-948e-35e5934c544d","D03","FLNT","FLNT.AOS.buoy.c0","2018-05-15","FLNT.C0.20180515.POM.1","A00000003820","condition ok","SIRFER Lab at University of Utah","2018-07-31","ElFtGy1kV49xqNP00HfxQA==","POM","1",500,25,100,"d15N",6.17,"perMill","Revesz & Coplen 2012a",,
"f9721528-4250-466a-ab28-23bea4ade41b","D03","FLNT","FLNT.AOS.buoy.c0","2018-05-22","FLNT.C0.20180522.POM.1","A00000003807","condition ok","SIRFER Lab at University of Utah","2018-07-28","ElFtGy1kV49xqNP00HfxQA==","POM","1",400,25,100,"d15N",6.49,"perMill","Revesz & Coplen 2012a",,
"a2642901-8953-420e-b655-2621806e4acf","D03","FLNT","FLNT.AOS.buoy.c0","2018-05-22","FLNT.C0.20180522.POM.1","A00000003807","condition ok","SIRFER Lab at University of Utah","2018-07-28","ElFtGy1kV49xqNP00HfxQA==","POM","1",400,25,100,"carbon",463.17,"microgramsPerLiter","Revesz & Coplen 2012a",,
"90ee2442-45d4-4b89-80ad-fa6150116c4e","D03","FLNT","FLNT.AOS.buoy.c0","2018-05-22","FLNT.C0.20180522.POM.1","A00000003807","condition ok","SIRFER Lab at University of Utah","2018-07-28","ElFtGy1kV49xqNP00HfxQA==","POM","1",400,25,100,"nitrogen",51.06,"microgramsPerLiter","Revesz & Coplen 2012a",,
"b5ad1de1-009f-400c-83f0-0a0f18fbce51","D03","FLNT","FLNT.AOS.buoy.c0","2018-05-22","FLNT.C0.20180522.POM.1","A00000003807","condition ok","SIRFER Lab at University of Utah","2018-07-28","ElFtGy1kV49xqNP00HfxQA==","POM","1",400,25,100,"d13C",-30.01,"perMill","Revesz & Coplen 2012a",,
