uid,domainID,siteID,namedLocation,collectDate,parentSampleID,parentSampleCode,isotopeH2OSampleCond,isotopeH2OSampleID,isotopeH2OSampleCode,isotopePOMRep2SampleCond,isotopePOMRep2SampleID,isotopePOMRep2SampleCode,isotopePOMSampleCond,isotopePOMSampleID,isotopePOMSampleCode,processedDateFilters,processedDateH2OIsotopes,sampleVolumeFilteredPOMRep1,sampleVolumeFilteredPOMRep2,fieldDataQF
"09fb7279-3f34-48bb-b7e2-629b4d081c87","D03","FLNT","FLNT.AOS.buoy.c0","2018-05-15T15:14Z","FLNT.C0.20180515",,"Sample condition ok","FLNT.C0.20180515.H2O.1","A00000003850","Sample condition ok","FLNT.C0.20180515.POM.2","A00000003819","Sample condition ok","FLNT.C0.20180515.POM.1","A00000003820","2018-05-15T18:14Z","2018-05-15T15:16Z",500,500,
"cd90efda-c45d-4d71-80ee-5e7ece9c52a6","D03","FLNT","FLNT.AOS.buoy.c0","2018-05-22T14:36Z","FLNT.C0.20180522",,"Sample condition ok","FLNT.C0.20180522.H2O.2","A00000003810",,,,,,,,"2018-05-22T14:36Z",,,
"1f615b7e-a2f8-4085-ad29-78d2efe7b91e","D03","FLNT","FLNT.AOS.buoy.c0","2018-05-22T14:36Z","FLNT.C0.20180522",,"Sample condition ok","FLNT.C0.20180522.H2O.1","A00000003809","Sample condition ok","FLNT.C0.20180522.POM.2","A00000003806","Sample condition ok","FLNT.C0.20180522.POM.1","A00000003807","2018-05-22T18:15Z","2018-05-22T14:36Z",400,400,
"5ab48bb8-9ccc-492b-809c-5a3f7d95afbb","D03","FLNT","FLNT.AOS.buoy.c0","2018-05-22T14:36Z","FLNT.C0.20180522",,"Sample condition ok","FLNT.C0.20180522.H2O.3","A00000003808",,,,,,,,"2018-05-22T14:36Z",,,
