uid,domainID,siteID,namedLocation,collectDate,analysisDate,isotopeH2OSampleID,isotopeH2OSampleCode,instrumentSN,d18OWater,d2HWater,d18OsdWater,d2HsdWater,isotopeH2OExternalLabQF,laboratoryName,analyzedBy,sampleCondition,externalRemarks,externalLabDataQF
"801ce255-f099-4f0e-85f7-9968f6cd7602","D03","FLNT","FLNT.AOS.buoy.c0","2018-05-15","2018-07-17","FLNT.C0.20180515.H2O.1","A00000003850","HIDS2046",-3.60,-17.59,0.05,0.50,0,"SIRFER Lab at University of Utah","OlSmE6RRn5QQH8tvUHmK5i/poYiQr6sd","Sample Damaged or Lost","Loose cap vial leaked",
"d4073135-7c93-4529-b57c-01d2395a158b","D03","FLNT","FLNT.AOS.buoy.c0","2018-05-22","2018-07-17","FLNT.C0.20180522.H2O.2","A00000003810","HIDS2046",-3.58,-17.98,0.04,0.30,0,"SIRFER Lab at University of Utah","OlSmE6RRn5QQH8tvUHmK5i/poYiQr6sd","Sample Damaged or Lost","Loose cap vial leaked",
"f9d58124-64ba-41ff-9b1d-c8d4d1845677","D03","FLNT","FLNT.AOS.buoy.c0","2018-05-22","2018-07-17","FLNT.C0.20180522.H2O.1","A00000003809","HIDS2046",-3.57,-18.01,0.05,0.19,0,"SIRFER Lab at University of Utah","OlSmE6RRn5QQH8tvUHmK5i/poYiQr6sd","Sample Damaged or Lost","Loose cap vial leaked",
"460532fd-dc12-4f40-944c-856a1becaccd","D03","FLNT","FLNT.AOS.buoy.c0","2018-05-22","2018-07-17","FLNT.C0.20180522.H2O.3","A00000003808","HIDS2046",-3.45,-17.73,0.01,0.13,0,"SIRFER Lab at University of Utah","OlSmE6RRn5QQH8tvUHmK5i/poYiQr6sd","Sample Damaged or Lost","Loose cap vial leaked",
