uid,domainID,siteID,namedLocation,collectDate,sampleID,sampleCode,sampleCondition,laboratoryName,analysisDate,analyzedBy,sampleType,replicate,sampleVolumeFiltered,filterSize,percentFilterAnalyzed,analyte,analyteConcentration,plantAlgaeLabUnits,method,externalRemarks,externalLabDataQF
"489621a5-8dd0-4a93-891b-14a012abcb02","D12","BLDE","BLDE.AOS.S2","2018-11-06","BLDE.SS.20181106.POM.1","A00000054079","condition ok","SIRFER Lab at University of Utah","2019-04-17","ElFtGy1kV49xqNP00HfxQA==","POM","1",500,25,100,"d13C",-27.58,"perMill","Revesz & Coplen 2012a",,
"fc352cd2-eebd-43af-9417-62c21d5a6b35","D12","BLDE","BLDE.AOS.S2","2018-11-06","BLDE.SS.20181106.POM.1","A00000054079","condition ok","SIRFER Lab at University of Utah","2019-04-17","ElFtGy1kV49xqNP00HfxQA==","POM","1",500,25,100,"nitrogen",48.51,"microgramsPerLiter","Revesz & Coplen 2012a",,
"1b8f3ee2-03ac-4ab2-b64a-746a876127cd","D12","BLDE","BLDE.AOS.S2","2018-11-06","BLDE.SS.20181106.POM.1","A00000054079","condition ok","SIRFER Lab at University of Utah","2019-04-17","ElFtGy1kV49xqNP00HfxQA==","POM","1",500,25,100,"carbon",613.41,"microgramsPerLiter","Revesz & Coplen 2012a",,
"90e46695-bdf7-472d-8f99-0d37ae1c99aa","D12","BLDE","BLDE.AOS.S2","2018-11-06","BLDE.SS.20181106.POM.1","A00000054079","condition ok","SIRFER Lab at University of Utah","2019-04-17","ElFtGy1kV49xqNP00HfxQA==","POM","1",500,25,100,"d15N",4.80,"perMill","Revesz & Coplen 2012a",,
"62047d74-9c5a-40f4-bd1f-79c265ee6339","D12","BLDE","BLDE.AOS.S2","2018-11-13","BLDE.SS.20181113.POM.1","A00000053842","condition ok","SIRFER Lab at University of Utah","2019-04-17","ElFtGy1kV49xqNP00HfxQA==","POM","1",500,25,100,"d15N",2.18,"perMill","Revesz & Coplen 2012a",,
"e348a2ac-999f-4268-a2a2-0616ed26bc64","D12","BLDE","BLDE.AOS.S2","2018-11-13","BLDE.SS.20181113.POM.1","A00000053842","condition ok","SIRFER Lab at University of Utah","2019-04-17","ElFtGy1kV49xqNP00HfxQA==","POM","1",500,25,100,"nitrogen",22.43,"microgramsPerLiter","Revesz & Coplen 2012a",,
"a73f2a9c-6b30-4275-8d52-4845376985ed","D12","BLDE","BLDE.AOS.S2","2018-11-13","BLDE.SS.20181113.POM.1","A00000053842","condition ok","SIRFER Lab at University of Utah","2019-04-17","ElFtGy1kV49xqNP00HfxQA==","POM","1",500,25,100,"d13C",-26.55,"perMill","Revesz & Coplen 2012a",,
"91696d00-9474-4ee7-81e1-7178ec20ef9e","D12","BLDE","BLDE.AOS.S2","2018-11-13","BLDE.SS.20181113.POM.1","A00000053842","condition ok","SIRFER Lab at University of Utah","2019-04-17","ElFtGy1kV49xqNP00HfxQA==","POM","1",500,25,100,"carbon",253.76,"microgramsPerLiter","Revesz & Coplen 2012a",,
