uid,domainID,siteID,namedLocation,collectDate,sampleID,sampleCode,sampleCondition,laboratoryName,analysisDate,analyzedBy,sampleType,replicate,sampleVolumeFiltered,filterSize,percentFilterAnalyzed,analyte,analyteConcentration,plantAlgaeLabUnits,method,externalRemarks,externalLabDataQF
"b9741ce4-e266-418e-b4bf-3b0aea68d9f1","D09","PRLA","PRLA.AOS.buoy.c0","2018-04-17","PRLA.C0.20180417.POM.1","A00000017336","condition ok","SIRFER Lab at University of Utah","2018-10-18","ElFtGy1kV49xqNP00HfxQA==","POM","1",100,25,100,"d15N",,"perMill","Revesz & Coplen 2012a",,
"f4737b9f-bca2-490e-ae81-5b2355cc0e44","D09","PRLA","PRLA.AOS.buoy.c0","2018-04-17","PRLA.C0.20180417.POM.1","A00000017336","condition ok","SIRFER Lab at University of Utah","2018-10-18","ElFtGy1kV49xqNP00HfxQA==","POM","1",100,25,100,"carbon",,"microgramsPerLiter","Revesz & Coplen 2012a",,
"5f9eda2a-30d5-49b0-9cc7-5aa2fbf91119","D09","PRLA","PRLA.AOS.buoy.c0","2018-04-17","PRLA.C0.20180417.POM.1","A00000017336","condition ok","SIRFER Lab at University of Utah","2018-10-18","ElFtGy1kV49xqNP00HfxQA==","POM","1",100,25,100,"d13C",,"perMill","Revesz & Coplen 2012a",,
"0583a309-0c50-46cd-baa7-7e2801021307","D09","PRLA","PRLA.AOS.buoy.c0","2018-04-17","PRLA.C0.20180417.POM.1","A00000017336","condition ok","SIRFER Lab at University of Utah","2018-10-18","ElFtGy1kV49xqNP00HfxQA==","POM","1",100,25,100,"nitrogen",,"microgramsPerLiter","Revesz & Coplen 2012a",,
