uid,domainID,siteID,namedLocation,collectDate,sampleID,sampleCode,sampleCondition,laboratoryName,analysisDate,analyzedBy,sampleType,replicate,sampleVolumeFiltered,filterSize,percentFilterAnalyzed,analyte,analyteConcentration,plantAlgaeLabUnits,method,externalRemarks,externalLabDataQF
"66da9fc6-76fb-4e0e-a85f-c092c02f1ba8","D07","WALK","WALK.AOS.S2","2016-06-02","WALK.SS.20160602.POM.1",,"other","Academy of Natural Sciences of Drexel University","2017-02-23","OKgcKejxXbI=","13C15N","1",,,100,"d15N",2.23,"perMill",,"filter poorly folded, sample loss",
"9fc39e1e-7e0d-4a50-9153-3f84f1fb7a03","D07","WALK","WALK.AOS.S2","2016-06-02","WALK.SS.20160602.POM.1",,"other","Academy of Natural Sciences of Drexel University","2017-02-23","OKgcKejxXbI=","13C15N","1",,,100,"d13C",-28.61,"perMill",,"filter poorly folded, sample loss",
"7314d58e-6c83-4d87-b2f2-30f4d33f4420","D07","WALK","WALK.AOS.S2","2016-06-02","WALK.SS.20160602.POM.2",,"other","Academy of Natural Sciences of Drexel University","2017-06-01","OKgcKejxXbI=","13C15N","2",,,100,"d13C",-28.58,"perMill",,"filter poorly folded, sample loss",
"2eca9176-70c9-47cb-8d03-392aca1fe069","D07","WALK","WALK.AOS.S2","2016-06-02","WALK.SS.20160602.POM.2",,"other","Academy of Natural Sciences of Drexel University","2017-06-01","OKgcKejxXbI=","13C15N","2",,,100,"d15N",1.34,"perMill",,"filter poorly folded, sample loss",
"7787ffe3-6b08-4d53-b290-45bd245714b7","D07","WALK","WALK.AOS.S2","2016-06-21","WALK.SS.20160621.POM.1",,"other","Academy of Natural Sciences of Drexel University","2017-02-23","OKgcKejxXbI=","13C15N","1",,,100,"d15N",2.99,"perMill",,"filter poorly folded, sample loss",
"531b53ba-9472-4af5-9f6e-149c334c53a0","D07","WALK","WALK.AOS.S2","2016-06-21","WALK.SS.20160621.POM.2",,"other","Academy of Natural Sciences of Drexel University","2017-06-01","OKgcKejxXbI=","13C15N","2",,,100,"d15N",1.39,"perMill",,"filter poorly folded, sample loss",
"54d14367-f8fb-41cf-b185-dc393fd754b5","D07","WALK","WALK.AOS.S2","2016-06-21","WALK.SS.20160621.POM.1",,"other","Academy of Natural Sciences of Drexel University","2017-02-23","OKgcKejxXbI=","13C15N","1",,,100,"d13C",-33.44,"perMill",,"filter poorly folded, sample loss",
"060e4b03-6431-4a55-82d6-419508e37420","D07","WALK","WALK.AOS.S2","2016-06-21","WALK.SS.20160621.POM.2",,"other","Academy of Natural Sciences of Drexel University","2017-06-01","OKgcKejxXbI=","13C15N","2",,,100,"d13C",-28.85,"perMill",,"filter poorly folded, sample loss",
"4e5b5efa-6552-4442-a8f7-44fcc303fabd","D07","WALK","WALK.AOS.S2","2016-06-28","WALK.SS.20160628.POM.1",,"other","Academy of Natural Sciences of Drexel University","2017-02-23","OKgcKejxXbI=","13C15N","1",,,100,"d15N",2.35,"perMill",,"filter poorly folded, sample loss",
"a240dc29-e604-46fe-90e8-534c7502e2f4","D07","WALK","WALK.AOS.S2","2016-06-28","WALK.SS.20160628.POM.2",,"other","Academy of Natural Sciences of Drexel University","2017-06-01","OKgcKejxXbI=","13C15N","2",,,100,"d15N",0.97,"perMill",,"filter poorly folded, sample loss",
"785c8c20-160d-4d2c-9b3b-d432cd6cff16","D07","WALK","WALK.AOS.S2","2016-06-28","WALK.SS.20160628.POM.2",,"other","Academy of Natural Sciences of Drexel University","2017-06-01","OKgcKejxXbI=","13C15N","2",,,100,"d13C",-29.03,"perMill",,"filter poorly folded, sample loss",
"14e1850b-ae28-4e90-8941-6deaf9fd6aa3","D07","WALK","WALK.AOS.S2","2016-06-28","WALK.SS.20160628.POM.1",,"other","Academy of Natural Sciences of Drexel University","2017-02-23","OKgcKejxXbI=","13C15N","1",,,100,"d13C",-28.76,"perMill",,"filter poorly folded, sample loss",
