uid,domainID,siteID,namedLocation,collectDate,sampleID,sampleCode,sampleCondition,laboratoryName,analysisDate,analyzedBy,sampleType,replicate,sampleVolumeFiltered,filterSize,percentFilterAnalyzed,analyte,analyteConcentration,plantAlgaeLabUnits,method,externalRemarks,externalLabDataQF
"a31cc247-0ba8-4ffd-9e01-9e0abfa1903e","D09","PRLA","PRLA.AOS.buoy.c0","2017-02-13","PRLA.C0.20170213.POM.1",,"condition ok","SIRFER Lab at University of Utah","2018-03-14","ElFtGy1kV49xqNP00HfxQA==","POM","1",100,25,100,"d13C",-29.80,"perMill","Revesz & Coplen 2012a",,
"ba446136-584b-486d-b28d-70216ee1fea6","D09","PRLA","PRLA.AOS.buoy.c0","2017-02-13","PRLA.C0.20170213.POM.1",,"condition ok","SIRFER Lab at University of Utah","2018-03-14","ElFtGy1kV49xqNP00HfxQA==","POM","1",100,25,100,"carbon",3786.60,"microgramsPerLiter","Revesz & Coplen 2012a",,
"44d32d87-d2d0-4ffb-9861-c006fb183691","D09","PRLA","PRLA.AOS.buoy.c0","2017-02-13","PRLA.C0.20170213.POM.1",,"condition ok","SIRFER Lab at University of Utah","2018-03-14","ElFtGy1kV49xqNP00HfxQA==","POM","1",100,25,100,"nitrogen",711.90,"microgramsPerLiter","Revesz & Coplen 2012a",,
"dc6edd70-d72f-43f5-aa42-6fc2d8079bc7","D09","PRLA","PRLA.AOS.buoy.c0","2017-02-13","PRLA.C0.20170213.POM.1",,"condition ok","SIRFER Lab at University of Utah","2018-03-14","ElFtGy1kV49xqNP00HfxQA==","POM","1",100,25,100,"d15N",4.00,"perMill","Revesz & Coplen 2012a",,
