uid,domainID,siteID,namedLocation,collectDate,sampleID,sampleCode,sampleCondition,laboratoryName,analysisDate,analyzedBy,sampleType,replicate,sampleVolumeFiltered,filterSize,percentFilterAnalyzed,analyte,analyteConcentration,plantAlgaeLabUnits,method,externalRemarks,externalLabDataQF
"2567b5e2-8baa-4a4c-9f8d-f0c70d354e0c","D10","ARIK","ARIK.AOS.S2","2017-06-06","ARIK.SS.20170606.POM.1",,"condition ok","SIRFER Lab at University of Utah","2018-04-06","ElFtGy1kV49xqNP00HfxQA==","POM","1",500,25,100,"d13C",-29.93,"perMill","Revesz & Coplen 2012a",,
"a7a4dac2-cda6-47c2-8698-d23406769e59","D10","ARIK","ARIK.AOS.S2","2017-06-06","ARIK.SS.20170606.POM.1",,"condition ok","SIRFER Lab at University of Utah","2018-04-06","ElFtGy1kV49xqNP00HfxQA==","POM","1",500,25,100,"nitrogen",53.91,"microgramsPerLiter","Revesz & Coplen 2012a",,
"78795adf-5050-412b-ba1c-36a0690f5625","D10","ARIK","ARIK.AOS.S2","2017-06-06","ARIK.SS.20170606.POM.1",,"condition ok","SIRFER Lab at University of Utah","2018-04-06","ElFtGy1kV49xqNP00HfxQA==","POM","1",500,25,100,"d15N",5.46,"perMill","Revesz & Coplen 2012a",,
"ecd2eff3-7532-42f1-9a6c-6c5792c42088","D10","ARIK","ARIK.AOS.S2","2017-06-06","ARIK.SS.20170606.POM.1",,"condition ok","SIRFER Lab at University of Utah","2018-04-06","ElFtGy1kV49xqNP00HfxQA==","POM","1",500,25,100,"carbon",661.37,"microgramsPerLiter","Revesz & Coplen 2012a",,
