uid,domainID,siteID,namedLocation,collectDate,sampleID,sampleCode,sampleCondition,laboratoryName,analysisDate,analyzedBy,sampleType,replicate,sampleVolumeFiltered,filterSize,percentFilterAnalyzed,analyte,analyteConcentration,plantAlgaeLabUnits,method,externalRemarks,externalLabDataQF
"79873586-01be-479f-8c4e-5b4dda04f33e","D13","COMO","COMO.AOS.S2","2018-08-06","COMO.SS.20180806.POM.1","A00000032046","condition ok","SIRFER Lab at University of Utah","2018-11-07","ElFtGy1kV49xqNP00HfxQA==","POM","1",750,25,100,"d13C",-26.59,"perMill","Revesz & Coplen 2012a",,
"d0ba07d5-1cbe-4369-a4b4-803a6bd46346","D13","COMO","COMO.AOS.S2","2018-08-06","COMO.SS.20180806.POM.1","A00000032046","condition ok","SIRFER Lab at University of Utah","2018-11-07","ElFtGy1kV49xqNP00HfxQA==","POM","1",750,25,100,"carbon",605.97,"microgramsPerLiter","Revesz & Coplen 2012a",,
"fc6047fc-9e7d-4b5a-bc78-3377a2fd234b","D13","COMO","COMO.AOS.S2","2018-08-06","COMO.SS.20180806.POM.1","A00000032046","condition ok","SIRFER Lab at University of Utah","2018-11-07","ElFtGy1kV49xqNP00HfxQA==","POM","1",750,25,100,"nitrogen",39.18,"microgramsPerLiter","Revesz & Coplen 2012a",,
"8e463c83-520b-4a36-82e3-58af93e3af03","D13","COMO","COMO.AOS.S2","2018-08-06","COMO.SS.20180806.POM.1","A00000032046","condition ok","SIRFER Lab at University of Utah","2018-11-07","ElFtGy1kV49xqNP00HfxQA==","POM","1",750,25,100,"d15N",-0.28,"perMill","Revesz & Coplen 2012a",,
"ef58c24e-5373-482e-836b-2359e7fa2925","D13","COMO","COMO.AOS.S2","2018-08-21","COMO.SS.20180821.POM.1","A00000020155","condition ok","SIRFER Lab at University of Utah","2018-11-07","ElFtGy1kV49xqNP00HfxQA==","POM","1",750,25,100,"nitrogen",36.43,"microgramsPerLiter","Revesz & Coplen 2012a",,
"4036005c-7428-48b8-bbd6-332a422a3ac0","D13","COMO","COMO.AOS.S2","2018-08-21","COMO.SS.20180821.POM.1","A00000020155","condition ok","SIRFER Lab at University of Utah","2018-11-07","ElFtGy1kV49xqNP00HfxQA==","POM","1",750,25,100,"carbon",540.91,"microgramsPerLiter","Revesz & Coplen 2012a",,
"9b67ff84-7134-4c93-ac8d-865521ddc2cd","D13","COMO","COMO.AOS.S2","2018-08-21","COMO.SS.20180821.POM.1","A00000020155","condition ok","SIRFER Lab at University of Utah","2018-11-07","ElFtGy1kV49xqNP00HfxQA==","POM","1",750,25,100,"d15N",1.56,"perMill","Revesz & Coplen 2012a",,
"1d91240c-2ef4-49d3-9c92-5b105e2ed809","D13","COMO","COMO.AOS.S2","2018-08-21","COMO.SS.20180821.POM.1","A00000020155","condition ok","SIRFER Lab at University of Utah","2018-11-07","ElFtGy1kV49xqNP00HfxQA==","POM","1",750,25,100,"d13C",-27.09,"perMill","Revesz & Coplen 2012a",,
"038ac142-6b5c-4bd1-a0e8-1c7ef987d6ed","D13","COMO","COMO.AOS.S2","2018-08-23","COMO.SS.20180823.POM.1","A00000020141","condition ok","SIRFER Lab at University of Utah","2018-11-07","ElFtGy1kV49xqNP00HfxQA==","POM","1",750,25,100,"nitrogen",36.75,"microgramsPerLiter","Revesz & Coplen 2012a",,
"e93a4f7a-b8ca-4cd6-88a9-675186cde4ee","D13","COMO","COMO.AOS.S2","2018-08-23","COMO.SS.20180823.POM.1","A00000020141","condition ok","SIRFER Lab at University of Utah","2018-11-07","ElFtGy1kV49xqNP00HfxQA==","POM","1",750,25,100,"d13C",-26.60,"perMill","Revesz & Coplen 2012a",,
"e31e089e-c9f3-4663-b662-70e2248df1ed","D13","COMO","COMO.AOS.S2","2018-08-23","COMO.SS.20180823.POM.1","A00000020141","condition ok","SIRFER Lab at University of Utah","2018-11-07","ElFtGy1kV49xqNP00HfxQA==","POM","1",750,25,100,"d15N",0.73,"perMill","Revesz & Coplen 2012a",,
"b09aba85-5d50-436a-b6c5-6f3a38079b03","D13","COMO","COMO.AOS.S2","2018-08-23","COMO.SS.20180823.POM.1","A00000020141","condition ok","SIRFER Lab at University of Utah","2018-11-07","ElFtGy1kV49xqNP00HfxQA==","POM","1",750,25,100,"carbon",457.61,"microgramsPerLiter","Revesz & Coplen 2012a",,
