uid,domainID,siteID,namedLocation,collectDate,sampleID,sampleCode,sampleCondition,laboratoryName,analysisDate,analyzedBy,sampleType,replicate,sampleVolumeFiltered,filterSize,percentFilterAnalyzed,analyte,analyteConcentration,plantAlgaeLabUnits,method,externalRemarks,externalLabDataQF
"165e7921-1eca-4fd7-8bf2-c8eb24678807","D04","CUPE","CUPE.AOS.S2","2016-05-05","CUPE.SS.20160505.POM.2",,"condition ok","Academy of Natural Sciences of Drexel University","2017-02-13","OKgcKejxXbI=","13C15N","2",,,100,"d13C",-28.13,"perMill",,,
"ce379c84-6b76-4033-8acd-6bec6d178831","D04","CUPE","CUPE.AOS.S2","2016-05-05","CUPE.SS.20160505.POM.1",,"condition ok","Academy of Natural Sciences of Drexel University","2017-01-24","OKgcKejxXbI=","13C15N","1",,,100,"d15N",0.45,"perMill",,,
"9f361bd8-8e3a-4770-bc20-ffca19d33d3b","D04","CUPE","CUPE.AOS.S2","2016-05-05","CUPE.SS.20160505.POM.2",,"condition ok","Academy of Natural Sciences of Drexel University","2017-02-13","OKgcKejxXbI=","13C15N","2",,,100,"d15N",-0.36,"perMill",,,
"f264079e-ad9a-4b37-86f4-f24b0c6e464e","D04","CUPE","CUPE.AOS.S2","2016-05-05","CUPE.SS.20160505.POM.1",,"condition ok","Academy of Natural Sciences of Drexel University","2017-01-24","OKgcKejxXbI=","13C15N","1",,,100,"d13C",-28.30,"perMill",,,
"c46fa58b-168f-4058-8915-3d84022f7e2f","D04","CUPE","CUPE.AOS.S2","2016-05-26","CUPE.SS.20160526.POM.1",,"condition ok","Academy of Natural Sciences of Drexel University","2017-01-24","OKgcKejxXbI=","13C15N","1",,,100,"d13C",-28.75,"perMill",,,
"8e0ebdde-2a82-4734-ae11-877a7feafe0b","D04","CUPE","CUPE.AOS.S2","2016-05-26","CUPE.SS.20160526.POM.1",,"condition ok","Academy of Natural Sciences of Drexel University","2017-01-24","OKgcKejxXbI=","13C15N","1",,,100,"d15N",0.45,"perMill",,,
