uid,domainID,siteID,namedLocation,collectDate,sampleID,sampleCode,sampleCondition,laboratoryName,analysisDate,analyzedBy,sampleType,replicate,sampleVolumeFiltered,filterSize,percentFilterAnalyzed,analyte,analyteConcentration,plantAlgaeLabUnits,method,externalRemarks,externalLabDataQF
"759cf116-b1c3-4371-9667-d487364499cd","D16","MCRA","MCRA.AOS.S2","2019-01-15","MCRA.SS.20190115.POM.1","A00000061272","condition ok","SIRFER Lab at University of Utah","2019-07-09","ElFtGy1kV49xqNP00HfxQA==","POM","1",1500,25,100,"d13C",-27.40,"perMill","Revesz & Coplen 2012a",,
"2a106d5d-5a00-42d0-9cf9-8876994b08bf","D16","MCRA","MCRA.AOS.S2","2019-01-15","MCRA.SS.20190115.POM.1","A00000061272","condition ok","SIRFER Lab at University of Utah","2019-07-09","ElFtGy1kV49xqNP00HfxQA==","POM","1",1500,25,100,"d15N",0.19,"perMill","Revesz & Coplen 2012a",,
"40071113-1aea-4057-a383-95ec8b12807d","D16","MCRA","MCRA.AOS.S2","2019-01-15","MCRA.SS.20190115.POM.1","A00000061272","condition ok","SIRFER Lab at University of Utah","2019-07-09","ElFtGy1kV49xqNP00HfxQA==","POM","1",1500,25,100,"carbon",98.42,"microgramsPerLiter","Revesz & Coplen 2012a",,
"9b5158d1-4f16-4dd1-9597-14bb0dc25c44","D16","MCRA","MCRA.AOS.S2","2019-01-15","MCRA.SS.20190115.POM.1","A00000061272","condition ok","SIRFER Lab at University of Utah","2019-07-09","ElFtGy1kV49xqNP00HfxQA==","POM","1",1500,25,100,"nitrogen",5.48,"microgramsPerLiter","Revesz & Coplen 2012a",,
"b36cc7eb-212b-4554-aa34-fe015e24ce91","D16","MCRA","MCRA.AOS.S2","2019-01-23","MCRA.SS.20190123.POM.1","A00000061040","condition ok","SIRFER Lab at University of Utah","2019-07-09","ElFtGy1kV49xqNP00HfxQA==","POM","1",1500,25,100,"d13C",-29.05,"perMill","Revesz & Coplen 2012a",,
"039996f9-b640-431b-8d74-b5a8e317c728","D16","MCRA","MCRA.AOS.S2","2019-01-23","MCRA.SS.20190123.POM.1","A00000061040","condition ok","SIRFER Lab at University of Utah","2019-07-09","ElFtGy1kV49xqNP00HfxQA==","POM","1",1500,25,100,"d15N",2.78,"perMill","Revesz & Coplen 2012a",,
"1b550cf8-cc2e-423c-9ade-9f60c9979b6d","D16","MCRA","MCRA.AOS.S2","2019-01-23","MCRA.SS.20190123.POM.1","A00000061040","condition ok","SIRFER Lab at University of Utah","2019-07-09","ElFtGy1kV49xqNP00HfxQA==","POM","1",1500,25,100,"carbon",45.96,"microgramsPerLiter","Revesz & Coplen 2012a",,
"6c9f8b4e-8243-4fdd-9cb7-7e03392728db","D16","MCRA","MCRA.AOS.S2","2019-01-23","MCRA.SS.20190123.POM.1","A00000061040","condition ok","SIRFER Lab at University of Utah","2019-07-09","ElFtGy1kV49xqNP00HfxQA==","POM","1",1500,25,100,"nitrogen",7.35,"microgramsPerLiter","Revesz & Coplen 2012a",,
"726597f2-b0e0-451b-b3c8-f190a5804638","D16","MCRA","MCRA.AOS.S2","2019-01-29","MCRA.SS.20190129.POM.1","A00000061042","condition ok","SIRFER Lab at University of Utah","2019-07-09","ElFtGy1kV49xqNP00HfxQA==","POM","1",1500,25,100,"d15N",3.56,"perMill","Revesz & Coplen 2012a",,
"2290fe20-f0b6-4e84-b59e-df1cb1214905","D16","MCRA","MCRA.AOS.S2","2019-01-29","MCRA.SS.20190129.POM.1","A00000061042","condition ok","SIRFER Lab at University of Utah","2019-07-09","ElFtGy1kV49xqNP00HfxQA==","POM","1",1500,25,100,"carbon",112.71,"microgramsPerLiter","Revesz & Coplen 2012a",,
"7593246a-fe49-4223-bd63-d7aa6205f0a8","D16","MCRA","MCRA.AOS.S2","2019-01-29","MCRA.SS.20190129.POM.1","A00000061042","condition ok","SIRFER Lab at University of Utah","2019-07-09","ElFtGy1kV49xqNP00HfxQA==","POM","1",1500,25,100,"d13C",-27.03,"perMill","Revesz & Coplen 2012a",,
"bbc6003c-d7d9-4ea1-986d-91c954df06d1","D16","MCRA","MCRA.AOS.S2","2019-01-29","MCRA.SS.20190129.POM.1","A00000061042","condition ok","SIRFER Lab at University of Utah","2019-07-09","ElFtGy1kV49xqNP00HfxQA==","POM","1",1500,25,100,"nitrogen",8.43,"microgramsPerLiter","Revesz & Coplen 2012a",,
