uid,domainID,siteID,namedLocation,collectDate,sampleID,sampleCode,sampleCondition,laboratoryName,analysisDate,analyzedBy,sampleType,replicate,sampleVolumeFiltered,filterSize,percentFilterAnalyzed,analyte,analyteConcentration,plantAlgaeLabUnits,method,externalRemarks,externalLabDataQF
"afb72005-e68d-4e40-ad2c-b4156815dd45","D08","TOMB","TOMB.AOS.buoy.c0","2017-11-02","TOMB.C0.20171102.POM.1",,"condition ok","SIRFER Lab at University of Utah","2018-08-28","ElFtGy1kV49xqNP00HfxQA==","POM","1",100,25,100,"d13C",-28.98,"perMill","Revesz & Coplen 2012a",,
"a0262eb1-ca29-4f01-8ac9-18513ebaccb6","D08","TOMB","TOMB.AOS.buoy.c0","2017-11-02","TOMB.C0.20171102.POM.1",,"condition ok","SIRFER Lab at University of Utah","2018-08-28","ElFtGy1kV49xqNP00HfxQA==","POM","1",100,25,100,"carbon",835.92,"microgramsPerLiter","Revesz & Coplen 2012a",,
"4c3c781a-1323-484d-aada-ff95cefd5d52","D08","TOMB","TOMB.AOS.buoy.c0","2017-11-02","TOMB.C0.20171102.POM.1",,"condition ok","SIRFER Lab at University of Utah","2018-08-28","ElFtGy1kV49xqNP00HfxQA==","POM","1",100,25,100,"d15N",11.80,"perMill","Revesz & Coplen 2012a",,
"16dc3a36-ed9a-4016-b6fa-0bb54e5beae3","D08","TOMB","TOMB.AOS.buoy.c0","2017-11-02","TOMB.C0.20171102.POM.1",,"condition ok","SIRFER Lab at University of Utah","2018-08-28","ElFtGy1kV49xqNP00HfxQA==","POM","1",100,25,100,"nitrogen",107.58,"microgramsPerLiter","Revesz & Coplen 2012a",,
"464a18e6-bc2a-4f45-80bb-70991dc7c782","D08","TOMB","TOMB.AOS.buoy.c0","2017-11-21","TOMB.C0.20171121.POM.1",,"condition ok","SIRFER Lab at University of Utah","2018-08-28","ElFtGy1kV49xqNP00HfxQA==","POM","1",100,25,100,"carbon",726.02,"microgramsPerLiter","Revesz & Coplen 2012a",,
"b1e1d46a-dac9-44d7-a003-8e5683703d13","D08","TOMB","TOMB.AOS.buoy.c0","2017-11-21","TOMB.C0.20171121.POM.1",,"condition ok","SIRFER Lab at University of Utah","2018-08-28","ElFtGy1kV49xqNP00HfxQA==","POM","1",100,25,100,"d13C",-32.17,"perMill","Revesz & Coplen 2012a",,
"446c67b8-2012-4d0b-a1ef-d22176af209c","D08","TOMB","TOMB.AOS.buoy.c0","2017-11-21","TOMB.C0.20171121.POM.1",,"condition ok","SIRFER Lab at University of Utah","2018-08-28","ElFtGy1kV49xqNP00HfxQA==","POM","1",100,25,100,"nitrogen",83.15,"microgramsPerLiter","Revesz & Coplen 2012a",,
"2e44163d-dfd1-415d-aa6b-1fc4a4397168","D08","TOMB","TOMB.AOS.buoy.c0","2017-11-21","TOMB.C0.20171121.POM.1",,"condition ok","SIRFER Lab at University of Utah","2018-08-28","ElFtGy1kV49xqNP00HfxQA==","POM","1",100,25,100,"d15N",15.81,"perMill","Revesz & Coplen 2012a",,
