uid,domainID,siteID,namedLocation,collectDate,sampleID,sampleCode,sampleCondition,laboratoryName,analysisDate,analyzedBy,sampleType,replicate,sampleVolumeFiltered,filterSize,percentFilterAnalyzed,analyte,analyteConcentration,plantAlgaeLabUnits,method,externalRemarks,externalLabDataQF
"e799f0b2-ad1c-4442-b6ba-32471334db77","D06","MCDI","MCDI.AOS.S2","2018-01-09","MCDI.SS.20180109.POM.1",,"condition ok","SIRFER Lab at University of Utah","2018-08-03","ElFtGy1kV49xqNP00HfxQA==","POM","1",900,25,100,"nitrogen",15.46,"microgramsPerLiter","Revesz & Coplen 2012a",,
"77eee926-3927-48e6-8302-56c667144372","D06","MCDI","MCDI.AOS.S2","2018-01-09","MCDI.SS.20180109.POM.1",,"condition ok","SIRFER Lab at University of Utah","2018-08-03","ElFtGy1kV49xqNP00HfxQA==","POM","1",900,25,100,"d15N",6.50,"perMill","Revesz & Coplen 2012a",,
"f113470f-2f04-48a2-b2b4-af0156739992","D06","MCDI","MCDI.AOS.S2","2018-01-09","MCDI.SS.20180109.POM.1",,"condition ok","SIRFER Lab at University of Utah","2018-08-03","ElFtGy1kV49xqNP00HfxQA==","POM","1",900,25,100,"carbon",135.88,"microgramsPerLiter","Revesz & Coplen 2012a",,
"6074a581-7a84-4d05-905c-96fff911da88","D06","MCDI","MCDI.AOS.S2","2018-01-09","MCDI.SS.20180109.POM.1",,"condition ok","SIRFER Lab at University of Utah","2018-08-03","ElFtGy1kV49xqNP00HfxQA==","POM","1",900,25,100,"d13C",-27.62,"perMill","Revesz & Coplen 2012a",,
