uid,domainID,siteID,namedLocation,collectDate,parentSampleID,parentSampleCode,isotopeH2OSampleCond,isotopeH2OSampleID,isotopeH2OSampleCode,isotopePOMRep2SampleCond,isotopePOMRep2SampleID,isotopePOMRep2SampleCode,isotopePOMSampleCond,isotopePOMSampleID,isotopePOMSampleCode,processedDateFilters,processedDateH2OIsotopes,sampleVolumeFilteredPOMRep1,sampleVolumeFilteredPOMRep2,fieldDataQF
"837901f3-2a65-409e-9ffe-43144569da97","D08","BLWA","BLWA.AOS.buoy.c0","2017-03-01T16:35Z","BLWA.C0.20170301",,,"BLWA.C0.20170301.H2O.1",,,"BLWA.C0.20170301.POM.2",,,"BLWA.C0.20170301.POM.1",,"2017-03-01T13:03Z","2017-03-01T13:03Z",100,100,
"2b778903-75e6-4f38-b5bf-5d52a3686f58","D08","BLWA","BLWA.AOS.buoy.c0","2017-03-02T12:15Z","BLWA.C0.20170302",,,"BLWA.C0.20170302.H2O.1",,,"BLWA.C0.20170302.POM.2",,,"BLWA.C0.20170302.POM.1",,"2017-03-02T12:20Z","2017-03-02T12:20Z",100,100,
"d2724398-dbcf-4a25-a506-b5e3aca20e75","D08","BLWA","BLWA.AOS.buoy.c0","2017-03-07T19:01Z","BLWA.C0.20170307",,,"BLWA.C0.20170307.H2O.1",,,"BLWA.C0.20170307.POM.2",,,"BLWA.C0.20170307.POM.1",,"2017-03-07T13:03Z","2017-03-07T13:03Z",100,100,
"fb1e4a0b-46b5-415b-9007-ef416b9b8a49","D08","BLWA","BLWA.AOS.buoy.c0","2017-03-22T17:11Z","BLWA.C0.20170322",,"Sample condition ok","BLWA.C0.20170322.H2O.1",,"Sample condition ok","BLWA.C0.20170322.POM.2",,"Sample condition ok","BLWA.C0.20170322.POM.1",,"2017-03-22T17:11Z","2017-03-22T17:32Z",100,100,
