uid,domainID,siteID,namedLocation,decimalLatitude,decimalLongitude,coordinateUncertainty,additionalCoordUncertainty,elevation,elevationUncertainty,geodeticDatum,altLocation,altLatitude,altLongitude,altCoordinateUncertainty,altGeodeticDatum,collectDate,aquaticSiteType,samplingImpractical,parentSampleID,parentSampleCode,eventID,samplerType,dissolvedOxygen,dissolvedOxygenSaturation,specificConductance,waterTemp,asiSamplingProtocolVersion,lowerSegmentDepth,upperSegmentDepth,maxDepth,lakeSampleDepth1,lakeSampleDepth2,aCollectedBy,bCollectedBy,remarks,fieldDataQF
"be156a04-0673-42f5-ac92-b6e3ea9cfe7c","D08","BLWA","BLWA.AOS.buoy.c0",32.540670,-87.798060,1.0,10.0,20.0,10.0,"WGS84",,,,,,"2017-03-01T16:35Z","river",,"BLWA.C0.20170301",,"BLWA.20170301","Kemmerer",10.81,111.80,193.50,16.30,"NEON.DOC.001886vE",,,4.7,,,"jgalloway@neoninc.org","lnagel@neoninc.org",,
"c8542c9a-987f-4a0b-80e8-5c6bb1b6857d","D08","BLWA","BLWA.AOS.buoy.c0",32.540670,-87.798060,1.0,10.0,20.0,10.0,"WGS84",,,,,,"2017-03-02T12:15Z","river",,"BLWA.C0.20170302",,"BLWA.20170302","Kemmerer",,,,,"NEON.DOC.001886vE",,,,,,"Jgalloway@neoninc.org","Kbrown@neoninc.org",,
"57a22f0e-6ce2-4c2a-86b5-04256ecf52ea","D08","BLWA","BLWA.AOS.buoy.c0",32.540670,-87.798060,1.0,10.0,20.0,10.0,"WGS84",,,,,,"2017-03-07T19:01Z","river",,"BLWA.C0.20170307",,"BLWA.20170307","Kemmerer",10.55,108.00,184.90,16.70,"NEON.DOC.001886vB",,,4.8,,,"jgalloway@neoninc.org","churak@neoninc.org",,
"51d2d6c9-b443-406b-b2a5-56d33d5c6519","D08","BLWA","BLWA.AOS.buoy.c0",32.540670,-87.798060,1.0,10.0,20.0,10.0,"WGS84",,,,,,"2017-03-22T17:11Z","river",,"BLWA.C0.20170322",,"BLWA.20170322","Kemmerer",11.28,109.40,186.80,15.60,"NEON.DOC.001886vC",,,,0.5,,"churak@battelleecology.org","kbrown01@battelleecology.org",,
