uid,domainID,siteID,namedLocation,collectDate,sampleID,sampleCode,sampleCondition,laboratoryName,analysisDate,analyzedBy,sampleType,replicate,sampleVolumeFiltered,filterSize,percentFilterAnalyzed,analyte,analyteConcentration,plantAlgaeLabUnits,method,externalRemarks,externalLabDataQF
"c1f06bfe-14e8-42c7-ad9f-75ad37fa5acb","D08","BLWA","BLWA.AOS.buoy.c0","2017-03-01","BLWA.C0.20170301.POM.2",,"condition ok","SIRFER Lab at University of Utah","2018-03-22","ElFtGy1kV49xqNP00HfxQA==","POM","1",100,25,100,"d13C",-30.68,"perMill","Revesz & Coplen 2012a",,
"337b61b9-aefc-43b0-ad1d-3d37943cd0a8","D08","BLWA","BLWA.AOS.buoy.c0","2017-03-01","BLWA.C0.20170301.POM.2",,"condition ok","SIRFER Lab at University of Utah","2018-03-22","ElFtGy1kV49xqNP00HfxQA==","POM","1",100,25,100,"nitrogen",181.78,"microgramsPerLiter","Revesz & Coplen 2012a",,
"d21cd59f-8f34-43d6-b11c-e30f91e0a245","D08","BLWA","BLWA.AOS.buoy.c0","2017-03-01","BLWA.C0.20170301.POM.2",,"condition ok","SIRFER Lab at University of Utah","2018-03-22","ElFtGy1kV49xqNP00HfxQA==","POM","1",100,25,100,"d15N",10.79,"perMill","Revesz & Coplen 2012a",,
"d939a89d-7707-4a1e-9837-abe2cd8f01ec","D08","BLWA","BLWA.AOS.buoy.c0","2017-03-01","BLWA.C0.20170301.POM.2",,"condition ok","SIRFER Lab at University of Utah","2018-03-22","ElFtGy1kV49xqNP00HfxQA==","POM","1",100,25,100,"carbon",1165.85,"microgramsPerLiter","Revesz & Coplen 2012a",,
"b0d83b21-e61f-48fd-a3e3-d83027d431ad","D08","BLWA","BLWA.AOS.buoy.c0","2017-03-07","BLWA.C0.20170307.POM.2",,"condition ok","SIRFER Lab at University of Utah","2018-03-22","ElFtGy1kV49xqNP00HfxQA==","POM","1",100,25,100,"carbon",1043.30,"microgramsPerLiter","Revesz & Coplen 2012a",,
"89cd6990-e6ee-4117-bbc3-4a78becaf034","D08","BLWA","BLWA.AOS.buoy.c0","2017-03-07","BLWA.C0.20170307.POM.2",,"condition ok","SIRFER Lab at University of Utah","2018-03-22","ElFtGy1kV49xqNP00HfxQA==","POM","1",100,25,100,"nitrogen",174.37,"microgramsPerLiter","Revesz & Coplen 2012a",,
"248388ca-c518-41fb-b2e7-b91e533104f9","D08","BLWA","BLWA.AOS.buoy.c0","2017-03-07","BLWA.C0.20170307.POM.2",,"condition ok","SIRFER Lab at University of Utah","2018-03-22","ElFtGy1kV49xqNP00HfxQA==","POM","1",100,25,100,"d15N",9.86,"perMill","Revesz & Coplen 2012a",,
"6fe29f7a-b8ef-4c30-b4af-07fb162ac6d9","D08","BLWA","BLWA.AOS.buoy.c0","2017-03-07","BLWA.C0.20170307.POM.2",,"condition ok","SIRFER Lab at University of Utah","2018-03-22","ElFtGy1kV49xqNP00HfxQA==","POM","1",100,25,100,"d13C",-30.87,"perMill","Revesz & Coplen 2012a",,
"221dfeee-e64d-4aba-b3cf-b36546af9b9d","D08","BLWA","BLWA.AOS.buoy.c0","2017-03-22","BLWA.C0.20170322.POM.2",,"condition ok","SIRFER Lab at University of Utah","2018-03-22","ElFtGy1kV49xqNP00HfxQA==","POM","1",100,25,100,"d15N",12.23,"perMill","Revesz & Coplen 2012a",,
"27eaf25c-36ec-4312-a019-11f044909362","D08","BLWA","BLWA.AOS.buoy.c0","2017-03-22","BLWA.C0.20170322.POM.2",,"condition ok","SIRFER Lab at University of Utah","2018-03-22","ElFtGy1kV49xqNP00HfxQA==","POM","1",100,25,100,"d13C",-32.51,"perMill","Revesz & Coplen 2012a",,
"743cb5ef-7bba-4f4a-b2ac-3dd5f2dabfde","D08","BLWA","BLWA.AOS.buoy.c0","2017-03-22","BLWA.C0.20170322.POM.2",,"condition ok","SIRFER Lab at University of Utah","2018-03-22","ElFtGy1kV49xqNP00HfxQA==","POM","1",100,25,100,"carbon",878.76,"microgramsPerLiter","Revesz & Coplen 2012a",,
"162e8c4f-ec84-48ca-bd45-d81c4c412d18","D08","BLWA","BLWA.AOS.buoy.c0","2017-03-22","BLWA.C0.20170322.POM.2",,"condition ok","SIRFER Lab at University of Utah","2018-03-22","ElFtGy1kV49xqNP00HfxQA==","POM","1",100,25,100,"nitrogen",134.24,"microgramsPerLiter","Revesz & Coplen 2012a",,
