uid,domainID,siteID,namedLocation,collectDate,sampleID,sampleCode,sampleCondition,laboratoryName,analysisDate,analyzedBy,sampleType,replicate,sampleVolumeFiltered,filterSize,percentFilterAnalyzed,analyte,analyteConcentration,plantAlgaeLabUnits,method,externalRemarks,externalLabDataQF
"3af761ce-b7ee-4d4f-a26e-7177aab3bbb9","D01","HOPB","HOPB.AOS.S2","2018-08-14","HOPB.SS.20180814.POM.1",,"condition ok","SIRFER Lab at University of Utah","2018-11-09","ElFtGy1kV49xqNP00HfxQA==","POM","1",400,25,100,"d13C",-28.51,"perMill","Revesz & Coplen 2012a",,
"158a13f0-bbe2-4343-b3d8-380daf07a872","D01","HOPB","HOPB.AOS.S2","2018-08-14","HOPB.SS.20180814.POM.1",,"condition ok","SIRFER Lab at University of Utah","2018-11-09","ElFtGy1kV49xqNP00HfxQA==","POM","1",400,25,100,"d15N",4.95,"perMill","Revesz & Coplen 2012a",,
"0d5f68b4-6d18-4df9-b06a-772f5033ad70","D01","HOPB","HOPB.AOS.S2","2018-08-14","HOPB.SS.20180814.POM.1",,"condition ok","SIRFER Lab at University of Utah","2018-11-09","ElFtGy1kV49xqNP00HfxQA==","POM","1",400,25,100,"nitrogen",29.51,"microgramsPerLiter","Revesz & Coplen 2012a",,
"3e463c03-e411-4a5e-affa-3f05ebb01ca2","D01","HOPB","HOPB.AOS.S2","2018-08-14","HOPB.SS.20180814.POM.1",,"condition ok","SIRFER Lab at University of Utah","2018-11-09","ElFtGy1kV49xqNP00HfxQA==","POM","1",400,25,100,"carbon",385.65,"microgramsPerLiter","Revesz & Coplen 2012a",,
