uid,domainID,siteID,namedLocation,collectDate,sampleID,sampleCode,sampleCondition,laboratoryName,analysisDate,analyzedBy,sampleType,replicate,sampleVolumeFiltered,filterSize,percentFilterAnalyzed,analyte,analyteConcentration,plantAlgaeLabUnits,method,externalRemarks,externalLabDataQF
"080add3a-bb93-4e16-a3e1-5f8668f0c978","D08","MAYF","MAYF.AOS.S2","2015-10-05","MAYF.SS.20151005.POM.2",,"condition ok","Academy of Natural Sciences of Drexel University","2017-01-17","OKgcKejxXbI=","13C15N","2",,,100,"d15N",6.80,"perMill",,"Difference in volume filtered",
"fc08d264-64fd-4abd-bcc5-07f2276065f7","D08","MAYF","MAYF.AOS.S2","2015-10-05","MAYF.SS.20151005.POM.1",,"condition ok","Academy of Natural Sciences of Drexel University","2016-09-13","OKgcKejxXbI=","13C15N","1",,,100,"d13C",-26.14,"perMill",,"Difference in volume filtered",
"d92ee043-d373-4da7-9151-bce39b6e0f76","D08","MAYF","MAYF.AOS.S2","2015-10-05","MAYF.SS.20151005.POM.2",,"condition ok","Academy of Natural Sciences of Drexel University","2017-01-17","OKgcKejxXbI=","13C15N","2",,,100,"d13C",-26.66,"perMill",,"Difference in volume filtered",
"0bed75bd-9588-4554-ad27-52fcd066c9ae","D08","MAYF","MAYF.AOS.S2","2015-10-05","MAYF.SS.20151005.POM.1",,"condition ok","Academy of Natural Sciences of Drexel University","2016-09-13","OKgcKejxXbI=","13C15N","1",,,100,"d15N",5.60,"perMill",,"Difference in volume filtered",
"591fcc22-d786-4e36-8f8d-bc6127f0489e","D08","MAYF","MAYF.AOS.S2","2015-10-05","MAYF.SS.20151005.POM.1",,"condition ok","Academy of Natural Sciences of Drexel University","2016-09-13","OKgcKejxXbI=","13C15N","1",26,25,100,"d13C",-26.14,"perMill",,"Difference in volume filtered","Audit Failed. Document: A00036_DREX_AlgalChem_DocAudit_20170407.pdf & A00036_DREX_AlgalChem_VisitAudit_20170407.pdf"
"5309f423-84e9-46be-804c-0c79e53d4d2c","D08","MAYF","MAYF.AOS.S2","2015-10-05","MAYF.SS.20151005.POM.1",,"condition ok","Academy of Natural Sciences of Drexel University","2016-09-13","OKgcKejxXbI=","13C15N","1",26,25,100,"d15N",5.60,"perMill",,"Difference in volume filtered","Audit Failed. Document: A00036_DREX_AlgalChem_DocAudit_20170407.pdf & A00036_DREX_AlgalChem_VisitAudit_20170407.pdf"
"fba00e87-e68d-41d2-a56a-95a037bc94d0","D08","MAYF","MAYF.AOS.S2","2015-10-05","MAYF.SS.20151005.POM.2",,"condition ok","Academy of Natural Sciences of Drexel University","2017-01-17","OKgcKejxXbI=","13C15N","2",25,25,100,"d15N",6.80,"perMill",,"Difference in volume filtered","Audit Failed. Document: A00036_DREX_AlgalChem_DocAudit_20170407.pdf & A00036_DREX_AlgalChem_VisitAudit_20170407.pdf"
"ab849e05-06b2-46b0-b0c5-94a60c560a1c","D08","MAYF","MAYF.AOS.S2","2015-10-05","MAYF.SS.20151005.POM.2",,"condition ok","Academy of Natural Sciences of Drexel University","2017-01-17","OKgcKejxXbI=","13C15N","2",25,25,100,"d13C",-26.66,"perMill",,"Difference in volume filtered","Audit Failed. Document: A00036_DREX_AlgalChem_DocAudit_20170407.pdf & A00036_DREX_AlgalChem_VisitAudit_20170407.pdf"
"27fbdd1c-dab8-49ff-8987-3833c087ee2d","D08","MAYF","MAYF.AOS.S2","2015-10-20","MAYF.SS.20151020.POM.2",,"condition ok","Academy of Natural Sciences of Drexel University","2017-01-17","OKgcKejxXbI=","13C15N","2",,,100,"d13C",-27.46,"perMill",,"Difference in volume filtered",
"9e312f07-3e6c-4a75-9f7c-a36075aee7e4","D08","MAYF","MAYF.AOS.S2","2015-10-20","MAYF.SS.20151020.POM.1",,"condition ok","Academy of Natural Sciences of Drexel University","2016-09-13","OKgcKejxXbI=","13C15N","1",,,100,"d13C",-28.15,"perMill",,"Difference in volume filtered",
"c37e6c38-ca79-46c1-8a41-87e514c3ca60","D08","MAYF","MAYF.AOS.S2","2015-10-20","MAYF.SS.20151020.POM.2",,"condition ok","Academy of Natural Sciences of Drexel University","2017-01-17","OKgcKejxXbI=","13C15N","2",,,100,"d15N",5.07,"perMill",,"Difference in volume filtered",
"38a3586a-e5e7-42c2-a65b-bda034b1b395","D08","MAYF","MAYF.AOS.S2","2015-10-20","MAYF.SS.20151020.POM.1",,"condition ok","Academy of Natural Sciences of Drexel University","2016-09-13","OKgcKejxXbI=","13C15N","1",,,100,"d15N",4.35,"perMill",,"Difference in volume filtered",
"2b07f622-ec41-4ec5-8ff3-b45b12a8ba03","D08","MAYF","MAYF.AOS.S2","2015-10-20","MAYF.SS.20151020.POM.2",,"condition ok","Academy of Natural Sciences of Drexel University","2017-01-17","OKgcKejxXbI=","13C15N","2",35,25,100,"d13C",-27.46,"perMill",,"Difference in volume filtered","Audit Failed. Document: A00036_DREX_AlgalChem_DocAudit_20170407.pdf & A00036_DREX_AlgalChem_VisitAudit_20170407.pdf"
"09e7db44-affc-4f7b-a180-c44c266987f0","D08","MAYF","MAYF.AOS.S2","2015-10-20","MAYF.SS.20151020.POM.1",,"condition ok","Academy of Natural Sciences of Drexel University","2016-09-13","OKgcKejxXbI=","13C15N","1",50,25,100,"d15N",4.35,"perMill",,"Difference in volume filtered","Audit Failed. Document: A00036_DREX_AlgalChem_DocAudit_20170407.pdf & A00036_DREX_AlgalChem_VisitAudit_20170407.pdf"
"8bf80fae-2157-42a4-8a54-2d82222089da","D08","MAYF","MAYF.AOS.S2","2015-10-20","MAYF.SS.20151020.POM.2",,"condition ok","Academy of Natural Sciences of Drexel University","2017-01-17","OKgcKejxXbI=","13C15N","2",35,25,100,"d15N",5.07,"perMill",,"Difference in volume filtered","Audit Failed. Document: A00036_DREX_AlgalChem_DocAudit_20170407.pdf & A00036_DREX_AlgalChem_VisitAudit_20170407.pdf"
"fbc7faee-8c98-4a20-9519-41e1415e18f8","D08","MAYF","MAYF.AOS.S2","2015-10-20","MAYF.SS.20151020.POM.1",,"condition ok","Academy of Natural Sciences of Drexel University","2016-09-13","OKgcKejxXbI=","13C15N","1",50,25,100,"d13C",-28.15,"perMill",,"Difference in volume filtered","Audit Failed. Document: A00036_DREX_AlgalChem_DocAudit_20170407.pdf & A00036_DREX_AlgalChem_VisitAudit_20170407.pdf"
