uid,domainID,siteID,namedLocation,collectDate,sampleID,sampleCode,sampleCondition,laboratoryName,analysisDate,analyzedBy,sampleType,replicate,sampleVolumeFiltered,filterSize,percentFilterAnalyzed,analyte,analyteConcentration,plantAlgaeLabUnits,method,externalRemarks,externalLabDataQF
"abbf6f55-d413-4d43-9cba-c6f4788f6ff7","D09","PRPO","PRPO.AOS.buoy.c0","2018-07-05","PRPO.C0.20180705.POM.1","A00000017022","condition ok","SIRFER Lab at University of Utah","2018-08-09","ElFtGy1kV49xqNP00HfxQA==","POM","1",40,25,100,"d13C",-31.20,"perMill","Revesz & Coplen 2012a",,
"f904ea62-b64e-42e1-80ce-31a0ceb75bbc","D09","PRPO","PRPO.AOS.buoy.c0","2018-07-05","PRPO.C0.20180705.POM.1","A00000017022","condition ok","SIRFER Lab at University of Utah","2018-08-09","ElFtGy1kV49xqNP00HfxQA==","POM","1",40,25,100,"d15N",5.65,"perMill","Revesz & Coplen 2012a",,
"eb3abcb6-5733-4a38-b4fb-feadfa472cb5","D09","PRPO","PRPO.AOS.buoy.c0","2018-07-05","PRPO.C0.20180705.POM.1","A00000017022","condition ok","SIRFER Lab at University of Utah","2018-08-09","ElFtGy1kV49xqNP00HfxQA==","POM","1",40,25,100,"nitrogen",1159.30,"microgramsPerLiter","Revesz & Coplen 2012a",,
"89c61a82-ac93-4b94-af6b-aaf985b705a4","D09","PRPO","PRPO.AOS.buoy.c0","2018-07-05","PRPO.C0.20180705.POM.1","A00000017022","condition ok","SIRFER Lab at University of Utah","2018-08-09","ElFtGy1kV49xqNP00HfxQA==","POM","1",40,25,100,"carbon",11387.36,"microgramsPerLiter","Revesz & Coplen 2012a",,
