uid,domainID,siteID,namedLocation,collectDate,sampleID,sampleCode,sampleCondition,laboratoryName,analysisDate,analyzedBy,sampleType,replicate,sampleVolumeFiltered,filterSize,percentFilterAnalyzed,analyte,analyteConcentration,plantAlgaeLabUnits,method,externalRemarks,externalLabDataQF
"33326578-f28b-4408-baa2-b93a415bce92","D15","REDB","REDB.AOS.S2","2019-03-19","REDB.SS.20190319.POM.1","A00000057033","condition ok","SIRFER Lab at University of Utah","2019-08-20","ElFtGy1kV49xqNP00HfxQA==","POM","1",200,25,100,"nitrogen",77.21,"microgramsPerLiter","Revesz & Coplen 2012a",,
"6e729968-a275-423f-a9a8-774ca5e31b09","D15","REDB","REDB.AOS.S2","2019-03-19","REDB.SS.20190319.POM.1","A00000057033","condition ok","SIRFER Lab at University of Utah","2019-08-20","ElFtGy1kV49xqNP00HfxQA==","POM","1",200,25,100,"carbon",1262.11,"microgramsPerLiter","Revesz & Coplen 2012a",,
"f2a7ee71-8a72-4959-b33c-e865e3476c1a","D15","REDB","REDB.AOS.S2","2019-03-19","REDB.SS.20190319.POM.1","A00000057033","condition ok","SIRFER Lab at University of Utah","2019-08-20","ElFtGy1kV49xqNP00HfxQA==","POM","1",200,25,100,"d13C",-25.49,"perMill","Revesz & Coplen 2012a",,
"e9a01f6a-1f57-4a20-add4-7c7ac6a02d49","D15","REDB","REDB.AOS.S2","2019-03-19","REDB.SS.20190319.POM.1","A00000057033","condition ok","SIRFER Lab at University of Utah","2019-08-20","ElFtGy1kV49xqNP00HfxQA==","POM","1",200,25,100,"d15N",2.71,"perMill","Revesz & Coplen 2012a",,
