uid,domainID,siteID,namedLocation,collectDate,sampleID,sampleCode,sampleCondition,laboratoryName,analysisDate,analyzedBy,sampleType,replicate,sampleVolumeFiltered,filterSize,percentFilterAnalyzed,analyte,analyteConcentration,plantAlgaeLabUnits,method,externalRemarks,externalLabDataQF
"ae114a2b-f40c-42ac-8d52-b969e7612357","D11","BLUE","BLUE.AOS.S2","2018-03-08","BLUE.SS.20180308.POM.1",,"condition ok","SIRFER Lab at University of Utah","2018-08-16","ElFtGy1kV49xqNP00HfxQA==","POM","1",500,25,100,"nitrogen",60.00,"microgramsPerLiter","Revesz & Coplen 2012a",,
"5c056c3c-063b-484d-8603-8061dd6657ba","D11","BLUE","BLUE.AOS.S2","2018-03-08","BLUE.SS.20180308.POM.1",,"condition ok","SIRFER Lab at University of Utah","2018-08-16","ElFtGy1kV49xqNP00HfxQA==","POM","1",500,25,100,"carbon",471.97,"microgramsPerLiter","Revesz & Coplen 2012a",,
"4161be38-665d-4592-9d2e-458f5497bfc0","D11","BLUE","BLUE.AOS.S2","2018-03-08","BLUE.SS.20180308.POM.1",,"condition ok","SIRFER Lab at University of Utah","2018-08-16","ElFtGy1kV49xqNP00HfxQA==","POM","1",500,25,100,"d15N",5.57,"perMill","Revesz & Coplen 2012a",,
"cbbbfeae-8c19-44e7-8177-2549ed75a804","D11","BLUE","BLUE.AOS.S2","2018-03-08","BLUE.SS.20180308.POM.1",,"condition ok","SIRFER Lab at University of Utah","2018-08-16","ElFtGy1kV49xqNP00HfxQA==","POM","1",500,25,100,"d13C",-28.49,"perMill","Revesz & Coplen 2012a",,
"34b5da25-04d7-4cd4-8a41-d976cf67b9f5","D11","BLUE","BLUE.AOS.S2","2018-03-13","BLUE.SS.20180313.POM.1",,"condition ok","SIRFER Lab at University of Utah","2018-08-16","ElFtGy1kV49xqNP00HfxQA==","POM","1",,25,100,"nitrogen",,"microgramsPerLiter","Revesz & Coplen 2012a",,
"4dc434f6-8fa4-4236-964b-97beafd2bb5c","D11","BLUE","BLUE.AOS.S2","2018-03-13","BLUE.SS.20180313.POM.1",,"condition ok","SIRFER Lab at University of Utah","2018-08-16","ElFtGy1kV49xqNP00HfxQA==","POM","1",,25,100,"carbon",,"microgramsPerLiter","Revesz & Coplen 2012a",,
"057f9c0e-c87b-47c6-9c60-149ef0550674","D11","BLUE","BLUE.AOS.S2","2018-03-13","BLUE.SS.20180313.POM.1",,"condition ok","SIRFER Lab at University of Utah","2018-08-16","ElFtGy1kV49xqNP00HfxQA==","POM","1",,25,100,"d13C",-30.20,"perMill","Revesz & Coplen 2012a",,
"a3189322-446d-4d58-9610-982def3ebc88","D11","BLUE","BLUE.AOS.S2","2018-03-13","BLUE.SS.20180313.POM.1",,"condition ok","SIRFER Lab at University of Utah","2018-08-16","ElFtGy1kV49xqNP00HfxQA==","POM","1",,25,100,"d15N",5.16,"perMill","Revesz & Coplen 2012a",,
