uid,domainID,siteID,namedLocation,decimalLatitude,decimalLongitude,coordinateUncertainty,additionalCoordUncertainty,elevation,elevationUncertainty,geodeticDatum,altLocation,altLatitude,altLongitude,altCoordinateUncertainty,altGeodeticDatum,collectDate,aquaticSiteType,samplingImpractical,parentSampleID,parentSampleCode,eventID,samplerType,dissolvedOxygen,dissolvedOxygenSaturation,specificConductance,waterTemp,asiSamplingProtocolVersion,lowerSegmentDepth,upperSegmentDepth,maxDepth,lakeSampleDepth1,lakeSampleDepth2,aCollectedBy,bCollectedBy,remarks,fieldDataQF
"0b889a24-6acc-4003-ab20-6bdb3cd52c02","D05","CRAM","CRAM.AOS.outlet",46.211998,-89.474475,0.1,10.0,511.8,0.1,"WGS84",,,,,,"2017-08-01T14:16Z","lake",,"CRAM.OT.20170801",,"CRAM.20170801","Kemmerer",8.11,98.60,14.60,25.30,"NEON.DOC.001886vE",,,1.8,0.5,,"Ahaynes@battelleecology.org","jhudson@neoninc.org",,
"4b763d2c-ef61-46ec-a979-059fedce85cd","D05","CRAM","CRAM.AOS.inlet",46.207952,-89.476174,0.1,10.0,511.7,0.1,"WGS84",,,,,,"2017-08-01T14:58Z","lake",,"CRAM.IN.20170801",,"CRAM.20170801","Kemmerer",8.16,100.10,14.30,25.40,"NEON.DOC.001886vE",,,1.5,0.5,,"Ahaynes@battelleecology.org","jhudson@neoninc.org",,
"3057173e-45c4-491b-9240-5ea1cf15353a","D05","CRAM","CRAM.AOS.buoy.c1",46.210592,-89.476861,10.0,10.0,509.0,10.0,"WGS84",,,,,,"2017-08-01T15:43Z","lake",,"CRAM.C1.20170801",,"CRAM.20170801","Kemmerer",8.35,102.10,14.20,25.50,"NEON.DOC.001886vE",2.0,0.0,16.7,0.5,,"ahaynes@battelleecology.org","jhudson@neoninc.org",,
"e6670a38-0fe8-46ce-99e7-817137e146d4","D05","CRAM","CRAM.AOS.buoy.c2",46.210592,-89.476861,10.0,10.0,509.0,10.0,"WGS84",,,,,,"2017-08-01T15:59Z","lake",,"CRAM.C2.20170801",,"CRAM.20170801","Kemmerer",8.84,107.20,14.20,25.10,"NEON.DOC.001886vE",16.7,7.5,16.7,10.0,14.0,"jhudson@neoninc.org","ahaynes@battelleecology.org",,
"f9026594-e5dd-43ce-afdd-48e9b62cd7b2","D05","CRAM","CRAM.AOS.outlet",46.211998,-89.474475,0.1,10.0,511.8,0.1,"WGS84",,,,,,"2017-08-29T14:25Z","lake",,"CRAM.OT.20170829",,"CRAM.20170829","Kemmerer",,,12.00,19.60,"NEON.DOC.001886vE",,,1.6,0.5,,"ahaynes@battelleecology.org","jhudson@neoninc.org",,
"2e607356-2cca-442d-a5f8-a546fe3487a9","D05","CRAM","CRAM.AOS.inlet",46.207952,-89.476174,0.1,10.0,511.7,0.1,"WGS84",,,,,,"2017-08-29T14:42Z","lake",,"CRAM.IN.20170829",,"CRAM.20170829","Kemmerer",,,12.00,19.60,"NEON.DOC.001886vE",,,1.0,0.5,,"Ahaynes@battelleecology.org","jhudson@neoninc.org",,
"77f862fc-7d43-4a0b-b038-c93429edd6c0","D05","CRAM","CRAM.AOS.buoy.c1",46.210592,-89.476861,10.0,10.0,509.0,10.0,"WGS84",,,,,,"2017-08-29T15:25Z","lake",,"CRAM.C1.20170829",,"CRAM.20170829","Kemmerer",,,11.90,19.50,"NEON.DOC.001886vE",3.5,0.0,16.4,0.5,,"Ahaynes@battelleecology.org","jhudson@neoninc.org",,
"269f1b27-60b3-41fb-aa03-1c5a0918ddc2","D05","CRAM","CRAM.AOS.buoy.c2",46.210592,-89.476861,10.0,10.0,509.0,10.0,"WGS84",,,,,,"2017-08-29T15:40Z","lake",,"CRAM.C2.20170829",,"CRAM.20170829","Kemmerer",,,20.50,5.50,"NEON.DOC.001886vE",16.4,8.0,16.4,10.0,14.0,"jhudson@neoninc.org","jhudson@neoninc.org",,
