uid,domainID,siteID,namedLocation,collectDate,sampleID,sampleCode,sampleCondition,laboratoryName,analysisDate,analyzedBy,sampleType,replicate,sampleVolumeFiltered,filterSize,percentFilterAnalyzed,analyte,analyteConcentration,plantAlgaeLabUnits,method,externalRemarks,externalLabDataQF
"96e2a9ce-9583-45f4-8a0d-6bb1a17289ab","D05","CRAM","CRAM.AOS.outlet","2017-08-01","CRAM.OT.20170801.POM.1",,"condition ok","SIRFER Lab at University of Utah","2018-03-28","ElFtGy1kV49xqNP00HfxQA==","POM","1",250,25,100,"carbon",738.47,"microgramsPerLiter","Revesz & Coplen 2012a",,
"7046287d-2c4b-4e5f-9b2c-03dd62bd550a","D05","CRAM","CRAM.AOS.outlet","2017-08-01","CRAM.OT.20170801.POM.1",,"condition ok","SIRFER Lab at University of Utah","2018-03-28","ElFtGy1kV49xqNP00HfxQA==","POM","1",250,25,100,"d15N",3.21,"perMill","Revesz & Coplen 2012a",,
"981e167a-468f-413b-a733-7c092de7730e","D05","CRAM","CRAM.AOS.outlet","2017-08-01","CRAM.OT.20170801.POM.1",,"condition ok","SIRFER Lab at University of Utah","2018-03-28","ElFtGy1kV49xqNP00HfxQA==","POM","1",250,25,100,"nitrogen",75.57,"microgramsPerLiter","Revesz & Coplen 2012a",,
"99986294-b3b0-43f9-a473-19f26e9fa5d8","D05","CRAM","CRAM.AOS.outlet","2017-08-01","CRAM.OT.20170801.POM.1",,"condition ok","SIRFER Lab at University of Utah","2018-03-28","ElFtGy1kV49xqNP00HfxQA==","POM","1",250,25,100,"d13C",-28.17,"perMill","Revesz & Coplen 2012a",,
"a63e39f8-d2e7-4ae0-a553-6af7462e400a","D05","CRAM","CRAM.AOS.inlet","2017-08-01","CRAM.IN.20170801.POM.1",,"condition ok","SIRFER Lab at University of Utah","2018-03-27","ElFtGy1kV49xqNP00HfxQA==","POM","1",250,25,100,"d13C",-28.51,"perMill","Revesz & Coplen 2012a",,
"72118b58-e99e-411c-b50b-d52494c70b23","D05","CRAM","CRAM.AOS.inlet","2017-08-01","CRAM.IN.20170801.POM.1",,"condition ok","SIRFER Lab at University of Utah","2018-03-27","ElFtGy1kV49xqNP00HfxQA==","POM","1",250,25,100,"d15N",2.16,"perMill","Revesz & Coplen 2012a",,
"6ce6757f-71e5-45d3-a548-75760737163c","D05","CRAM","CRAM.AOS.inlet","2017-08-01","CRAM.IN.20170801.POM.1",,"condition ok","SIRFER Lab at University of Utah","2018-03-27","ElFtGy1kV49xqNP00HfxQA==","POM","1",250,25,100,"carbon",714.52,"microgramsPerLiter","Revesz & Coplen 2012a",,
"3ffda65c-4a23-4203-9ddd-dcde814434f9","D05","CRAM","CRAM.AOS.inlet","2017-08-01","CRAM.IN.20170801.POM.1",,"condition ok","SIRFER Lab at University of Utah","2018-03-27","ElFtGy1kV49xqNP00HfxQA==","POM","1",250,25,100,"nitrogen",90.98,"microgramsPerLiter","Revesz & Coplen 2012a",,
"0ab934f0-ebf0-44e7-826f-030745f19963","D05","CRAM","CRAM.AOS.buoy.c1","2017-08-01","CRAM.C1.20170801.POM.1",,"condition ok","SIRFER Lab at University of Utah","2018-03-27","ElFtGy1kV49xqNP00HfxQA==","POM","1",200,25,100,"d15N",6.15,"perMill","Revesz & Coplen 2012a",,
"d316c677-55d8-47bb-9a4d-8d175ed33f38","D05","CRAM","CRAM.AOS.buoy.c1","2017-08-01","CRAM.C1.20170801.POM.1",,"condition ok","SIRFER Lab at University of Utah","2018-03-27","ElFtGy1kV49xqNP00HfxQA==","POM","1",200,25,100,"nitrogen",81.15,"microgramsPerLiter","Revesz & Coplen 2012a",,
"5abaa4d8-5854-48b1-b72f-39110d20d538","D05","CRAM","CRAM.AOS.buoy.c1","2017-08-01","CRAM.C1.20170801.POM.1",,"condition ok","SIRFER Lab at University of Utah","2018-03-27","ElFtGy1kV49xqNP00HfxQA==","POM","1",200,25,100,"carbon",1057.64,"microgramsPerLiter","Revesz & Coplen 2012a",,
"098e6b05-2461-4268-945b-51340553caab","D05","CRAM","CRAM.AOS.buoy.c1","2017-08-01","CRAM.C1.20170801.POM.1",,"condition ok","SIRFER Lab at University of Utah","2018-03-27","ElFtGy1kV49xqNP00HfxQA==","POM","1",200,25,100,"d13C",-25.36,"perMill","Revesz & Coplen 2012a",,
"edf6290e-75dc-48c5-9e3e-5f94f6e41033","D05","CRAM","CRAM.AOS.buoy.c2","2017-08-01","CRAM.C2.20170801.POM.1",,"condition ok","SIRFER Lab at University of Utah","2018-03-27","ElFtGy1kV49xqNP00HfxQA==","POM","1",250,25,100,"d13C",-32.89,"perMill","Revesz & Coplen 2012a",,
"0267e232-f849-47b8-94a9-6f49641a9ead","D05","CRAM","CRAM.AOS.buoy.c2","2017-08-01","CRAM.C2.20170801.POM.1",,"condition ok","SIRFER Lab at University of Utah","2018-03-27","ElFtGy1kV49xqNP00HfxQA==","POM","1",250,25,100,"carbon",478.29,"microgramsPerLiter","Revesz & Coplen 2012a",,
"9c0ffc6d-7061-4354-b97e-fbe763c32e9e","D05","CRAM","CRAM.AOS.buoy.c2","2017-08-01","CRAM.C2.20170801.POM.1",,"condition ok","SIRFER Lab at University of Utah","2018-03-27","ElFtGy1kV49xqNP00HfxQA==","POM","1",250,25,100,"d15N",-0.49,"perMill","Revesz & Coplen 2012a",,
"42b349d5-e289-4d59-b69b-824a41062908","D05","CRAM","CRAM.AOS.buoy.c2","2017-08-01","CRAM.C2.20170801.POM.1",,"condition ok","SIRFER Lab at University of Utah","2018-03-27","ElFtGy1kV49xqNP00HfxQA==","POM","1",250,25,100,"nitrogen",68.26,"microgramsPerLiter","Revesz & Coplen 2012a",,
"d286f029-84e9-4cc4-a38b-066f463a9b6c","D05","CRAM","CRAM.AOS.outlet","2017-08-29","CRAM.OT.20170829.POM.1",,"condition ok","SIRFER Lab at University of Utah","2018-03-28","ElFtGy1kV49xqNP00HfxQA==","POM","1",200,25,100,"nitrogen",110.01,"microgramsPerLiter","Revesz & Coplen 2012a",,
"972230f5-a376-48b5-8fe8-29b3ff1e218b","D05","CRAM","CRAM.AOS.outlet","2017-08-29","CRAM.OT.20170829.POM.1",,"condition ok","SIRFER Lab at University of Utah","2018-03-28","ElFtGy1kV49xqNP00HfxQA==","POM","1",200,25,100,"d13C",-28.11,"perMill","Revesz & Coplen 2012a",,
"4acfa627-5d69-41bb-a51b-a51cd1548792","D05","CRAM","CRAM.AOS.outlet","2017-08-29","CRAM.OT.20170829.POM.1",,"condition ok","SIRFER Lab at University of Utah","2018-03-28","ElFtGy1kV49xqNP00HfxQA==","POM","1",200,25,100,"carbon",1026.58,"microgramsPerLiter","Revesz & Coplen 2012a",,
"a731ecd9-6607-46ba-aa5c-0c1ea49e9d13","D05","CRAM","CRAM.AOS.outlet","2017-08-29","CRAM.OT.20170829.POM.1",,"condition ok","SIRFER Lab at University of Utah","2018-03-28","ElFtGy1kV49xqNP00HfxQA==","POM","1",200,25,100,"d15N",8.75,"perMill","Revesz & Coplen 2012a",,
"33214d66-d34f-444e-8302-99b2f041ce2e","D05","CRAM","CRAM.AOS.inlet","2017-08-29","CRAM.IN.20170829.POM.1",,"condition ok","SIRFER Lab at University of Utah","2018-03-27","ElFtGy1kV49xqNP00HfxQA==","POM","1",200,25,100,"d15N",2.00,"perMill","Revesz & Coplen 2012a",,
"6899ce25-c580-43fd-add1-735724cf21c0","D05","CRAM","CRAM.AOS.inlet","2017-08-29","CRAM.IN.20170829.POM.1",,"condition ok","SIRFER Lab at University of Utah","2018-03-27","ElFtGy1kV49xqNP00HfxQA==","POM","1",200,25,100,"nitrogen",99.26,"microgramsPerLiter","Revesz & Coplen 2012a",,
"575c12e4-834b-451f-97f2-59e829b7a2c9","D05","CRAM","CRAM.AOS.inlet","2017-08-29","CRAM.IN.20170829.POM.1",,"condition ok","SIRFER Lab at University of Utah","2018-03-27","ElFtGy1kV49xqNP00HfxQA==","POM","1",200,25,100,"d13C",-27.58,"perMill","Revesz & Coplen 2012a",,
"9c89f3b1-534a-4716-bc88-72db963d6acf","D05","CRAM","CRAM.AOS.inlet","2017-08-29","CRAM.IN.20170829.POM.1",,"condition ok","SIRFER Lab at University of Utah","2018-03-27","ElFtGy1kV49xqNP00HfxQA==","POM","1",200,25,100,"carbon",833.25,"microgramsPerLiter","Revesz & Coplen 2012a",,
"2c2d2b9b-ab12-49e3-904c-c9a22ad19168","D05","CRAM","CRAM.AOS.buoy.c1","2017-08-29","CRAM.C1.20170829.POM.1",,"condition ok","SIRFER Lab at University of Utah","2018-03-27","ElFtGy1kV49xqNP00HfxQA==","POM","1",200,25,100,"carbon",1226.49,"microgramsPerLiter","Revesz & Coplen 2012a",,
"6caffb9e-171a-46ed-8827-566e2de8f98c","D05","CRAM","CRAM.AOS.buoy.c1","2017-08-29","CRAM.C1.20170829.POM.1",,"condition ok","SIRFER Lab at University of Utah","2018-03-27","ElFtGy1kV49xqNP00HfxQA==","POM","1",200,25,100,"nitrogen",107.82,"microgramsPerLiter","Revesz & Coplen 2012a",,
"9ce3807e-0278-4861-9a22-be65369f102c","D05","CRAM","CRAM.AOS.buoy.c1","2017-08-29","CRAM.C1.20170829.POM.1",,"condition ok","SIRFER Lab at University of Utah","2018-03-27","ElFtGy1kV49xqNP00HfxQA==","POM","1",200,25,100,"d13C",-26.93,"perMill","Revesz & Coplen 2012a",,
"a2a9c0cd-f3e1-4b16-a7a1-6b5e199ddd1a","D05","CRAM","CRAM.AOS.buoy.c1","2017-08-29","CRAM.C1.20170829.POM.1",,"condition ok","SIRFER Lab at University of Utah","2018-03-27","ElFtGy1kV49xqNP00HfxQA==","POM","1",200,25,100,"d15N",3.78,"perMill","Revesz & Coplen 2012a",,
"20a9903c-5150-4889-8abe-00893244ae83","D05","CRAM","CRAM.AOS.buoy.c2","2017-08-29","CRAM.C2.20170829.POM.1",,"condition ok","SIRFER Lab at University of Utah","2018-03-27","ElFtGy1kV49xqNP00HfxQA==","POM","1",200,25,100,"carbon",352.55,"microgramsPerLiter","Revesz & Coplen 2012a",,
"e1c5db8c-75ea-4a22-af39-68e6d822596d","D05","CRAM","CRAM.AOS.buoy.c2","2017-08-29","CRAM.C2.20170829.POM.1",,"condition ok","SIRFER Lab at University of Utah","2018-03-27","ElFtGy1kV49xqNP00HfxQA==","POM","1",200,25,100,"d13C",-31.33,"perMill","Revesz & Coplen 2012a",,
"3f796504-560f-47de-89c4-b095c4249a06","D05","CRAM","CRAM.AOS.buoy.c2","2017-08-29","CRAM.C2.20170829.POM.1",,"condition ok","SIRFER Lab at University of Utah","2018-03-27","ElFtGy1kV49xqNP00HfxQA==","POM","1",200,25,100,"d15N",3.22,"perMill","Revesz & Coplen 2012a",,
"f7e345de-7637-4ce9-b604-646110517057","D05","CRAM","CRAM.AOS.buoy.c2","2017-08-29","CRAM.C2.20170829.POM.1",,"condition ok","SIRFER Lab at University of Utah","2018-03-27","ElFtGy1kV49xqNP00HfxQA==","POM","1",200,25,100,"nitrogen",61.10,"microgramsPerLiter","Revesz & Coplen 2012a",,
