uid,domainID,siteID,namedLocation,collectDate,parentSampleID,parentSampleCode,isotopeH2OSampleCond,isotopeH2OSampleID,isotopeH2OSampleCode,isotopePOMRep2SampleCond,isotopePOMRep2SampleID,isotopePOMRep2SampleCode,isotopePOMSampleCond,isotopePOMSampleID,isotopePOMSampleCode,processedDateFilters,processedDateH2OIsotopes,sampleVolumeFilteredPOMRep1,sampleVolumeFilteredPOMRep2,fieldDataQF
"43acfa39-e282-4a3d-a883-7ce73920004a","D05","CRAM","CRAM.AOS.outlet","2017-08-01T14:16Z","CRAM.OT.20170801",,"Sample condition ok","CRAM.OT.20170801.H2O.1",,"Sample condition ok",,,"Sample condition ok","CRAM.OT.20170801.POM.1",,"2017-08-01T17:53Z","2017-08-01T18:26Z",250,,
"70f08493-2d8d-4cf4-b72d-037fe17a8608","D05","CRAM","CRAM.AOS.inlet","2017-08-01T14:58Z","CRAM.IN.20170801",,"Sample condition ok","CRAM.IN.20170801.H2O.1",,"Sample condition ok",,,"Sample condition ok","CRAM.IN.20170801.POM.1",,"2017-08-01T18:48Z","2017-08-01T20:06Z",250,,
"33a878a8-771b-491d-93f5-4f863c84f9a4","D05","CRAM","CRAM.AOS.buoy.c1","2017-08-01T15:43Z","CRAM.C1.20170801",,"Sample condition ok","CRAM.C1.20170801.H2O.1",,"Sample condition ok",,,"Sample condition ok","CRAM.C1.20170801.POM.1",,"2017-08-01T17:00Z","2017-08-01T20:12Z",200,,
"2d749f6f-861b-439f-a0c9-a50afddfd27f","D05","CRAM","CRAM.AOS.buoy.c2","2017-08-01T15:59Z","CRAM.C2.20170801",,"Sample condition ok","CRAM.C2.20170801.H2O.1",,"Sample condition ok",,,"Sample condition ok","CRAM.C2.20170801.POM.1",,"2017-08-01T19:25Z","2017-08-01T20:17Z",250,,
"f39fdfc9-b795-404f-9e94-77d37d8e19bf","D05","CRAM","CRAM.AOS.outlet","2017-08-29T14:25Z","CRAM.OT.20170829",,"Sample condition ok","CRAM.OT.20170829.H2O.1",,"Sample condition ok",,,"Sample condition ok","CRAM.OT.20170829.POM.1",,"2017-08-29T17:50Z","2017-08-29T17:47Z",200,,
"ad88ad8c-d85c-4566-87f8-0fff2d604a88","D05","CRAM","CRAM.AOS.inlet","2017-08-29T14:42Z","CRAM.IN.20170829",,"Sample condition ok","CRAM.IN.20170829.H2O.1",,"Sample condition ok",,,"Sample condition ok","CRAM.IN.20170829.POM.1",,"2017-08-29T18:53Z","2017-08-29T17:46Z",200,,
"c88c3fc1-5d62-41d8-a318-552d7b963975","D05","CRAM","CRAM.AOS.buoy.c1","2017-08-29T15:25Z","CRAM.C1.20170829",,"Sample condition ok","CRAM.C1.20170829.H2O.1",,"Sample condition ok",,,"Sample condition ok","CRAM.C1.20170829.POM.1",,"2017-08-29T19:55Z","2017-08-29T17:52Z",200,,
"8a8da530-fb29-46b4-8f1a-cae9855c3707","D05","CRAM","CRAM.AOS.buoy.c2","2017-08-29T15:40Z","CRAM.C2.20170829",,"Sample condition ok","CRAM.C2.20170829.H2O.1",,"Sample condition ok",,,"Sample condition ok","CRAM.C2.20170829.POM.1",,"2017-08-29T21:16Z","2017-10-06T17:00Z",200,,
