uid,domainID,siteID,namedLocation,collectDate,sampleID,sampleCode,sampleCondition,laboratoryName,analysisDate,analyzedBy,sampleType,replicate,sampleVolumeFiltered,filterSize,percentFilterAnalyzed,analyte,analyteConcentration,plantAlgaeLabUnits,method,externalRemarks,externalLabDataQF
"d11764e1-f3f1-4aa1-866b-a83cbfc7e83e","D08","MAYF","MAYF.AOS.S2","2015-08-10","MAYF.SS.20150810.POM.2",,"condition ok","Academy of Natural Sciences of Drexel University","2017-01-17","OKgcKejxXbI=","13C15N","2",,,100,"d13C",-28.56,"perMill",,,
"fd81b989-17b8-46b7-9f21-49760796be9e","D08","MAYF","MAYF.AOS.S2","2015-08-10","MAYF.SS.20150810.POM.2",,"condition ok","Academy of Natural Sciences of Drexel University","2017-01-17","OKgcKejxXbI=","13C15N","2",25,25,100,"d13C",-28.56,"perMill",,,"Audit Failed. Document: A00036_DREX_AlgalChem_DocAudit_20170407.pdf & A00036_DREX_AlgalChem_VisitAudit_20170407.pdf"
"a0c93ebf-ab03-4e95-9d7d-af3ce00d8677","D08","MAYF","MAYF.AOS.S2","2015-08-10","MAYF.SS.20150810.POM.1",,"condition ok","Academy of Natural Sciences of Drexel University","2016-09-13","OKgcKejxXbI=","13C15N","1",25,25,100,"d13C",-28.97,"perMill",,,"Audit Failed. Document: A00036_DREX_AlgalChem_DocAudit_20170407.pdf & A00036_DREX_AlgalChem_VisitAudit_20170407.pdf"
"9ba0cc9f-5f4e-4be6-8581-2030b72db5e5","D08","MAYF","MAYF.AOS.S2","2015-08-10","MAYF.SS.20150810.POM.2",,"condition ok","Academy of Natural Sciences of Drexel University","2017-01-17","OKgcKejxXbI=","13C15N","2",25,25,100,"d15N",6.39,"perMill",,,"Audit Failed. Document: A00036_DREX_AlgalChem_DocAudit_20170407.pdf & A00036_DREX_AlgalChem_VisitAudit_20170407.pdf"
"4e2b6bd6-055a-4997-9197-c71d24f81c52","D08","MAYF","MAYF.AOS.S2","2015-08-10","MAYF.SS.20150810.POM.1",,"condition ok","Academy of Natural Sciences of Drexel University","2016-09-13","OKgcKejxXbI=","13C15N","1",25,25,100,"d15N",5.54,"perMill",,,"Audit Failed. Document: A00036_DREX_AlgalChem_DocAudit_20170407.pdf & A00036_DREX_AlgalChem_VisitAudit_20170407.pdf"
"43a1587b-3127-4bcc-b3ae-36fb34a5fe71","D08","MAYF","MAYF.AOS.S2","2015-08-10","MAYF.SS.20150810.POM.1",,"condition ok","Academy of Natural Sciences of Drexel University","2016-09-13","OKgcKejxXbI=","13C15N","1",,,100,"d15N",5.54,"perMill",,,
"ec5c4a94-55ae-4653-b6d0-8e0d67ddc4c1","D08","MAYF","MAYF.AOS.S2","2015-08-10","MAYF.SS.20150810.POM.2",,"condition ok","Academy of Natural Sciences of Drexel University","2017-01-17","OKgcKejxXbI=","13C15N","2",,,100,"d15N",6.39,"perMill",,,
"a0d81af6-a86b-4a77-9898-34ad9ba248f0","D08","MAYF","MAYF.AOS.S2","2015-08-10","MAYF.SS.20150810.POM.1",,"condition ok","Academy of Natural Sciences of Drexel University","2016-09-13","OKgcKejxXbI=","13C15N","1",,,100,"d13C",-28.97,"perMill",,,
