uid,domainID,siteID,namedLocation,collectDate,parentSampleID,parentSampleCode,isotopeH2OSampleCond,isotopeH2OSampleID,isotopeH2OSampleCode,isotopePOMRep2SampleCond,isotopePOMRep2SampleID,isotopePOMRep2SampleCode,isotopePOMSampleCond,isotopePOMSampleID,isotopePOMSampleCode,processedDateFilters,processedDateH2OIsotopes,sampleVolumeFilteredPOMRep1,sampleVolumeFilteredPOMRep2,fieldDataQF
"3206097a-3634-4d20-a2c2-eb43bcf660df","D19","CARI","CARI.AOS.S2","2018-05-01T18:37Z","CARI.SS.20180501",,"Sample condition ok","CARI.SS.20180501.H2O.1","A00000027496","Sample condition ok","CARI.SS.20180501.POM.2","A00000027811","Sample condition ok","CARI.SS.20180501.POM.1","A00000027810","2018-05-01T22:11Z","2018-05-01T22:02Z",500,500,
"80ba7d78-a92f-4e99-a69a-61fcb00071e6","D19","CARI","CARI.AOS.S2","2018-05-08T18:38Z","CARI.SS.20180508",,"Sample condition ok","CARI.SS.20180508.H2O.1","A00000027491","Sample condition ok","CARI.SS.20180508.POM.2","A00000028926","Sample condition ok","CARI.SS.20180508.POM.1","A00000028925","2018-05-08T23:00Z","2018-05-08T21:45Z",500,500,
"51b7666d-e0c2-49b3-aa53-0650a925a139","D19","CARI","CARI.AOS.S2","2018-05-16T18:28Z","CARI.SS.20180516",,"Sample condition ok","CARI.SS.20180516.H2O.1","A00000028933","Sample condition ok","CARI.SS.20180516.POM.2","A00000028931","Sample condition ok","CARI.SS.20180516.POM.1","A00000028930","2018-05-16T21:23Z","2018-05-16T21:23Z",500,500,
"a6919162-249a-44ce-95a1-9c1a18072f10","D19","CARI","CARI.AOS.S2","2018-05-21T18:56Z","CARI.SS.20180521",,"Sample condition ok","CARI.SS.20180521.H2O.1","A00000027492","Sample condition ok","CARI.SS.20180521.POM.2","A00000028937","Sample condition ok","CARI.SS.20180521.POM.1","A00000028936","2018-05-21T22:35Z","2018-05-21T22:30Z",500,500,
"aa454ccd-bd37-496e-bee4-8a8391b75ef0","D19","CARI","CARI.AOS.S2","2018-05-29T19:03Z","CARI.SS.20180529",,"Sample condition ok","CARI.SS.20180529.H2O.1","A00000028951","Sample condition ok","CARI.SS.20180529.POM.2","A00000028950","Sample condition ok","CARI.SS.20180529.POM.1","A00000028949","2018-05-29T22:00Z","2018-05-29T22:00Z",750,750,
