uid,domainID,siteID,namedLocation,collectDate,sampleID,sampleCode,sampleCondition,laboratoryName,analysisDate,analyzedBy,sampleType,replicate,sampleVolumeFiltered,filterSize,percentFilterAnalyzed,analyte,analyteConcentration,plantAlgaeLabUnits,method,externalRemarks,externalLabDataQF
"ac5e43ff-83d1-47f6-9ca7-73ecad3b7d98","D19","CARI","CARI.AOS.S2","2018-05-01","CARI.SS.20180501.POM.1","A00000027810","condition ok","SIRFER Lab at University of Utah","2018-07-16","ElFtGy1kV49xqNP00HfxQA==","POM","1",500,25,100,"carbon",557.34,"microgramsPerLiter","Revesz & Coplen 2012a",,
"05aacc55-1af6-4095-81b0-10a36ad3b947","D19","CARI","CARI.AOS.S2","2018-05-01","CARI.SS.20180501.POM.1","A00000027810","condition ok","SIRFER Lab at University of Utah","2018-07-16","ElFtGy1kV49xqNP00HfxQA==","POM","1",500,25,100,"nitrogen",49.52,"microgramsPerLiter","Revesz & Coplen 2012a",,
"406262a1-3eb7-4ed4-ae6f-3f57e5b00c16","D19","CARI","CARI.AOS.S2","2018-05-01","CARI.SS.20180501.POM.1","A00000027810","condition ok","SIRFER Lab at University of Utah","2018-07-16","ElFtGy1kV49xqNP00HfxQA==","POM","1",500,25,100,"d15N",3.11,"perMill","Revesz & Coplen 2012a",,
"56eac5ea-9c65-4ea4-a01e-f40f3a3aad82","D19","CARI","CARI.AOS.S2","2018-05-01","CARI.SS.20180501.POM.1","A00000027810","condition ok","SIRFER Lab at University of Utah","2018-07-16","ElFtGy1kV49xqNP00HfxQA==","POM","1",500,25,100,"d13C",-26.91,"perMill","Revesz & Coplen 2012a",,
"c44e667e-8e00-44ec-bfba-9af7ac7cceeb","D19","CARI","CARI.AOS.S2","2018-05-08","CARI.SS.20180508.POM.1","A00000028925","condition ok","SIRFER Lab at University of Utah","2018-07-16","ElFtGy1kV49xqNP00HfxQA==","POM","1",500,25,100,"carbon",1297.76,"microgramsPerLiter","Revesz & Coplen 2012a",,
"0c4bd83b-01fb-4353-9aa6-e83da3da55ac","D19","CARI","CARI.AOS.S2","2018-05-08","CARI.SS.20180508.POM.1","A00000028925","condition ok","SIRFER Lab at University of Utah","2018-07-16","ElFtGy1kV49xqNP00HfxQA==","POM","1",500,25,100,"d15N",4.18,"perMill","Revesz & Coplen 2012a",,
"d026e5b8-e008-48ca-a6da-f4bdd5861d05","D19","CARI","CARI.AOS.S2","2018-05-08","CARI.SS.20180508.POM.1","A00000028925","condition ok","SIRFER Lab at University of Utah","2018-07-16","ElFtGy1kV49xqNP00HfxQA==","POM","1",500,25,100,"nitrogen",87.65,"microgramsPerLiter","Revesz & Coplen 2012a",,
"e9330653-ee39-4be8-ae9a-6e9126a5c3a1","D19","CARI","CARI.AOS.S2","2018-05-08","CARI.SS.20180508.POM.1","A00000028925","condition ok","SIRFER Lab at University of Utah","2018-07-16","ElFtGy1kV49xqNP00HfxQA==","POM","1",500,25,100,"d13C",-26.62,"perMill","Revesz & Coplen 2012a",,
"3cf51a8c-24d7-4736-bb04-f0121b605438","D19","CARI","CARI.AOS.S2","2018-05-16","CARI.SS.20180516.POM.1","A00000028930","condition ok","SIRFER Lab at University of Utah","2018-07-16","ElFtGy1kV49xqNP00HfxQA==","POM","1",500,25,100,"d13C",-25.93,"perMill","Revesz & Coplen 2012a",,
"ebb9d54c-5b65-4f6a-9f99-d8b8917e6971","D19","CARI","CARI.AOS.S2","2018-05-16","CARI.SS.20180516.POM.1","A00000028930","condition ok","SIRFER Lab at University of Utah","2018-07-16","ElFtGy1kV49xqNP00HfxQA==","POM","1",500,25,100,"d15N",3.16,"perMill","Revesz & Coplen 2012a",,
"b1b93bde-97cf-4a94-9846-44180485a317","D19","CARI","CARI.AOS.S2","2018-05-16","CARI.SS.20180516.POM.1","A00000028930","condition ok","SIRFER Lab at University of Utah","2018-07-16","ElFtGy1kV49xqNP00HfxQA==","POM","1",500,25,100,"nitrogen",238.29,"microgramsPerLiter","Revesz & Coplen 2012a",,
"d98aba23-8b77-45df-a05a-3363240f7ecd","D19","CARI","CARI.AOS.S2","2018-05-16","CARI.SS.20180516.POM.1","A00000028930","condition ok","SIRFER Lab at University of Utah","2018-07-16","ElFtGy1kV49xqNP00HfxQA==","POM","1",500,25,100,"carbon",1389.57,"microgramsPerLiter","Revesz & Coplen 2012a",,
"3b65da70-707f-4aeb-b9e9-847d3ced3e6e","D19","CARI","CARI.AOS.S2","2018-05-21","CARI.SS.20180521.POM.1","A00000028936","condition ok","SIRFER Lab at University of Utah","2018-07-16","ElFtGy1kV49xqNP00HfxQA==","POM","1",500,25,100,"d13C",-26.66,"perMill","Revesz & Coplen 2012a",,
"f6aa79fb-070b-4e4e-8a40-3b0fbbe2e042","D19","CARI","CARI.AOS.S2","2018-05-21","CARI.SS.20180521.POM.1","A00000028936","condition ok","SIRFER Lab at University of Utah","2018-07-16","ElFtGy1kV49xqNP00HfxQA==","POM","1",500,25,100,"nitrogen",99.10,"microgramsPerLiter","Revesz & Coplen 2012a",,
"3d78bd97-351a-42d1-948c-da00cffff500","D19","CARI","CARI.AOS.S2","2018-05-21","CARI.SS.20180521.POM.1","A00000028936","condition ok","SIRFER Lab at University of Utah","2018-07-16","ElFtGy1kV49xqNP00HfxQA==","POM","1",500,25,100,"carbon",1033.58,"microgramsPerLiter","Revesz & Coplen 2012a",,
"29ab6bc9-4764-4b8d-8481-60e6ea163d15","D19","CARI","CARI.AOS.S2","2018-05-21","CARI.SS.20180521.POM.1","A00000028936","condition ok","SIRFER Lab at University of Utah","2018-07-16","ElFtGy1kV49xqNP00HfxQA==","POM","1",500,25,100,"d15N",3.43,"perMill","Revesz & Coplen 2012a",,
"5b3ec503-0f4a-48fb-829c-75112e5b0d07","D19","CARI","CARI.AOS.S2","2018-05-29","CARI.SS.20180529.POM.1","A00000028949","condition ok","SIRFER Lab at University of Utah","2018-07-16","ElFtGy1kV49xqNP00HfxQA==","POM","1",750,25,100,"carbon",942.14,"microgramsPerLiter","Revesz & Coplen 2012a",,
"bae6d8f0-9054-44df-b552-012a5f4dcdc5","D19","CARI","CARI.AOS.S2","2018-05-29","CARI.SS.20180529.POM.1","A00000028949","condition ok","SIRFER Lab at University of Utah","2018-07-16","ElFtGy1kV49xqNP00HfxQA==","POM","1",750,25,100,"d15N",4.37,"perMill","Revesz & Coplen 2012a",,
"fe69d706-c4c2-4374-b40c-01b0b4962231","D19","CARI","CARI.AOS.S2","2018-05-29","CARI.SS.20180529.POM.1","A00000028949","condition ok","SIRFER Lab at University of Utah","2018-07-16","ElFtGy1kV49xqNP00HfxQA==","POM","1",750,25,100,"d13C",-26.50,"perMill","Revesz & Coplen 2012a",,
"f6bdbb3b-f6d5-422a-9331-0137ea83c820","D19","CARI","CARI.AOS.S2","2018-05-29","CARI.SS.20180529.POM.1","A00000028949","condition ok","SIRFER Lab at University of Utah","2018-07-16","ElFtGy1kV49xqNP00HfxQA==","POM","1",750,25,100,"nitrogen",64.32,"microgramsPerLiter","Revesz & Coplen 2012a",,
