uid,domainID,siteID,namedLocation,decimalLatitude,decimalLongitude,coordinateUncertainty,additionalCoordUncertainty,elevation,elevationUncertainty,geodeticDatum,altLocation,altLatitude,altLongitude,altCoordinateUncertainty,altGeodeticDatum,collectDate,aquaticSiteType,samplingImpractical,parentSampleID,parentSampleCode,eventID,samplerType,dissolvedOxygen,dissolvedOxygenSaturation,specificConductance,waterTemp,asiSamplingProtocolVersion,lowerSegmentDepth,upperSegmentDepth,maxDepth,lakeSampleDepth1,lakeSampleDepth2,aCollectedBy,bCollectedBy,remarks,fieldDataQF
"c95a844b-22ce-4911-b9a7-4604000cf7ec","D19","CARI","CARI.AOS.S2",65.153073,-147.501999,0.1,10.0,225.4,0.0,"WGS84",,,,,,"2018-05-01T18:37Z","stream",,"CARI.SS.20180501",,"CARI.20180501","Grab",13.50,95.00,78.80,0.00,"NEON.DOC.001886vF",,,,,,"gdukelow@battelleecology.org","jmonroe@battelleecology.org","Used an ice Spud to break through ice and collect water",
"63c8c44e-cbe9-40d3-81d8-7cac57ba7d70","D19","CARI","CARI.AOS.S2",65.153073,-147.501999,0.1,10.0,225.4,0.0,"WGS84",,,,,,"2018-05-08T18:38Z","stream",,"CARI.SS.20180508",,"CARI.20180508","Grab",14.50,102.00,64.40,0.10,"NEON.DOC.001886vF",,,,,,"gdukelow@battelleecology.org","tsurgener@battelleecology.org",,
"c5bc6c9d-4957-4be0-a038-1bd480f20800","D19","CARI","CARI.AOS.S2",65.153073,-147.501999,0.1,10.0,225.4,0.0,"WGS84",,,,,,"2018-05-16T18:28Z","stream",,"CARI.SS.20180516",,"CARI.20180516","Grab",14.80,104.00,39.30,0.70,"NEON.DOC.001886vF",,,,,,"tsurgener@battelleecology.org","kbroberg@battelleecology.org",,
"36db8917-a1d9-469e-a02c-112247d46558","D19","CARI","CARI.AOS.S2",65.153073,-147.501999,0.1,10.0,225.4,0.0,"WGS84",,,,,,"2018-05-21T18:56Z","stream",,"CARI.SS.20180521",,"CARI.20180521","Grab",13.70,101.00,37.50,1.30,"NEON.DOC.001886vF",,,,,,"jhill1@battelleecology.org","gdukelow@battelleecology.org",,
"3fe69714-62f5-46f1-830a-711386d4a7bb","D19","CARI","CARI.AOS.S2",65.153073,-147.501999,0.1,10.0,225.4,0.0,"WGS84",,,,,,"2018-05-29T19:03Z","stream",,"CARI.SS.20180529",,"CARI.20180529","Grab",14.20,106.00,60.70,2.50,"NEON.DOC.001886vF",,,,,,"jhill1@battelleecology.org","gdukelow@battelleecology.org",,
