uid,domainID,siteID,namedLocation,collectDate,analysisDate,isotopeH2OSampleID,isotopeH2OSampleCode,instrumentSN,d18OWater,d2HWater,d18OsdWater,d2HsdWater,isotopeH2OExternalLabQF,laboratoryName,analyzedBy,sampleCondition,externalRemarks,externalLabDataQF
"3a61bf49-49c9-4bc9-be35-17daa7202465","D19","CARI","CARI.AOS.S2","2018-05-01","2018-07-17","CARI.SS.20180501.H2O.1","A00000027496","HIDS2046",-20.13,-155.61,0.05,0.09,0,"SIRFER Lab at University of Utah","OlSmE6RRn5QQH8tvUHmK5i/poYiQr6sd","OK",,
"f0370383-0b6b-4418-a2c6-6eebc2fc9ebf","D19","CARI","CARI.AOS.S2","2018-05-08","2018-07-17","CARI.SS.20180508.H2O.1","A00000027491","HIDS2046",-20.33,-155.92,0.03,0.02,0,"SIRFER Lab at University of Utah","OlSmE6RRn5QQH8tvUHmK5i/poYiQr6sd","OK",,
"1c1bc401-c9d6-4406-a49f-0e6605b9b2bd","D19","CARI","CARI.AOS.S2","2018-05-16","2018-07-17","CARI.SS.20180516.H2O.1","A00000028933","HIDS2046",-19.58,-152.98,0.06,0.24,0,"SIRFER Lab at University of Utah","OlSmE6RRn5QQH8tvUHmK5i/poYiQr6sd","OK",,
"719cf380-1aac-4000-863d-a32b9db748f8","D19","CARI","CARI.AOS.S2","2018-05-21","2018-07-17","CARI.SS.20180521.H2O.1","A00000027492","HIDS2046",-19.83,-152.50,0.05,0.05,0,"SIRFER Lab at University of Utah","OlSmE6RRn5QQH8tvUHmK5i/poYiQr6sd","OK",,
"9719c012-f886-4530-84d5-189e691b3a13","D19","CARI","CARI.AOS.S2","2018-05-29","2018-07-17","CARI.SS.20180529.H2O.1","A00000028951","HIDS2046",-19.49,-150.31,0.03,0.19,0,"SIRFER Lab at University of Utah","OlSmE6RRn5QQH8tvUHmK5i/poYiQr6sd","OK",,
