uid,domainID,siteID,namedLocation,collectDate,analysisDate,isotopeH2OSampleID,isotopeH2OSampleCode,instrumentSN,d18OWater,d2HWater,d18OsdWater,d2HsdWater,isotopeH2OExternalLabQF,laboratoryName,analyzedBy,sampleCondition,externalRemarks,externalLabDataQF
"42dec59d-2253-40a2-870e-f3bb6901d367","D18","OKSR","OKSR.AOS.S2","2018-10-03","2018-10-25","OKSR.SS.20181002.H2O.1","A00000027447","HIDS2052",-19.23,-149.75,0.11,0.51,0,"SIRFER Lab at University of Utah","OlSmE6RRn5QQH8tvUHmK5i/poYiQr6sd","OK",,
"e91e164c-8ea8-4f4a-b92a-2853f4146710","D18","OKSR","OKSR.AOS.S2","2018-10-10","2019-01-14","OKSR.SS.20181009.H2O.1","A00000064459","HIDS2052",-19.24,-150.29,0.03,0.15,0,"SIRFER Lab at University of Utah","OlSmE6RRn5QQH8tvUHmK5i/poYiQr6sd","OK",,
"c0aa2517-f3c8-46bf-92c0-2e249449d394","D18","OKSR","OKSR.AOS.S2","2018-10-16","2019-01-14","OKSR.SS.20181016.H2O.1","A00000064466","HIDS2052",-19.25,-150.68,0.01,0.17,0,"SIRFER Lab at University of Utah","OlSmE6RRn5QQH8tvUHmK5i/poYiQr6sd","OK",,
"59f615f1-e05e-4b9b-a65f-8a9f6a4b8cfc","D18","OKSR","OKSR.AOS.S2","2018-10-22","2019-01-14","OKSR.SS.20181022.H2O.1","A00000064474","HIDS2052",-19.46,-151.30,0.05,0.21,0,"SIRFER Lab at University of Utah","OlSmE6RRn5QQH8tvUHmK5i/poYiQr6sd","Sample Damaged or Lost","Loose cap vial leaked",
"8b06bf7a-2bf5-4d94-9d60-e17ddd0c2752","D18","OKSR","OKSR.AOS.S2","2018-10-30","2019-01-14","OKSR.SS.20181030.H2O.1","A00000064480","HIDS2052",-19.51,-152.45,0.04,0.22,0,"SIRFER Lab at University of Utah","OlSmE6RRn5QQH8tvUHmK5i/poYiQr6sd","Sample Damaged or Lost","Loose cap vial leaked",
