uid,domainID,siteID,namedLocation,collectDate,sampleID,sampleCode,sampleCondition,laboratoryName,analysisDate,analyzedBy,sampleType,replicate,sampleVolumeFiltered,filterSize,percentFilterAnalyzed,analyte,analyteConcentration,plantAlgaeLabUnits,method,externalRemarks,externalLabDataQF
"78a79f95-b507-4a20-b2f8-debe48b9ac0f","D18","OKSR","OKSR.AOS.S2","2018-10-03","OKSR.SS.20181002.POM.1","A00000064456","condition ok","SIRFER Lab at University of Utah","2019-01-20","ElFtGy1kV49xqNP00HfxQA==","POM","1",750,25,100,"d15N",1.15,"perMill","Revesz & Coplen 2012a",,
"b2d50bd0-b451-4087-bea3-89e936d196b9","D18","OKSR","OKSR.AOS.S2","2018-10-03","OKSR.SS.20181002.POM.1","A00000064456","condition ok","SIRFER Lab at University of Utah","2019-01-20","ElFtGy1kV49xqNP00HfxQA==","POM","1",750,25,100,"carbon",219.93,"microgramsPerLiter","Revesz & Coplen 2012a",,
"7c9712d3-389b-47f1-979d-e1a552f198de","D18","OKSR","OKSR.AOS.S2","2018-10-03","OKSR.SS.20181002.POM.1","A00000064456","condition ok","SIRFER Lab at University of Utah","2019-01-20","ElFtGy1kV49xqNP00HfxQA==","POM","1",750,25,100,"nitrogen",100.09,"microgramsPerLiter","Revesz & Coplen 2012a",,
"f8855af4-fa80-4cfa-badc-8bbbff002523","D18","OKSR","OKSR.AOS.S2","2018-10-03","OKSR.SS.20181002.POM.1","A00000064456","condition ok","SIRFER Lab at University of Utah","2019-01-20","ElFtGy1kV49xqNP00HfxQA==","POM","1",750,25,100,"d13C",-28.63,"perMill","Revesz & Coplen 2012a",,
"7a45fdf0-418b-4522-8a35-83ff2945a9bb","D18","OKSR","OKSR.AOS.S2","2018-10-10","OKSR.SS.20181009.POM.1","A00000064462","condition ok","SIRFER Lab at University of Utah","2019-01-20","ElFtGy1kV49xqNP00HfxQA==","POM","1",750,25,100,"carbon",154.14,"microgramsPerLiter","Revesz & Coplen 2012a",,
"1c12caaf-f974-42ee-91ed-9c3853b89a5b","D18","OKSR","OKSR.AOS.S2","2018-10-10","OKSR.SS.20181009.POM.1","A00000064462","condition ok","SIRFER Lab at University of Utah","2019-01-20","ElFtGy1kV49xqNP00HfxQA==","POM","1",750,25,100,"nitrogen",14.60,"microgramsPerLiter","Revesz & Coplen 2012a",,
"893a03cf-7960-4562-98d7-3a31f96ca289","D18","OKSR","OKSR.AOS.S2","2018-10-10","OKSR.SS.20181009.POM.1","A00000064462","condition ok","SIRFER Lab at University of Utah","2019-01-20","ElFtGy1kV49xqNP00HfxQA==","POM","1",750,25,100,"d13C",-26.77,"perMill","Revesz & Coplen 2012a",,
"b7362436-7b46-4a19-89d2-047643d4055c","D18","OKSR","OKSR.AOS.S2","2018-10-10","OKSR.SS.20181009.POM.1","A00000064462","condition ok","SIRFER Lab at University of Utah","2019-01-20","ElFtGy1kV49xqNP00HfxQA==","POM","1",750,25,100,"d15N",1.07,"perMill","Revesz & Coplen 2012a",,
"a225595a-12aa-412c-bfb3-e44ece8f27c9","D18","OKSR","OKSR.AOS.S2","2018-10-16","OKSR.SS.20181016.POM.1","A00000064470","condition ok","SIRFER Lab at University of Utah","2019-01-20","ElFtGy1kV49xqNP00HfxQA==","POM","1",750,25,100,"carbon",382.84,"microgramsPerLiter","Revesz & Coplen 2012a",,
"5e54cf72-a57d-4d5a-9c22-7fd33c1577cf","D18","OKSR","OKSR.AOS.S2","2018-10-16","OKSR.SS.20181016.POM.1","A00000064470","condition ok","SIRFER Lab at University of Utah","2019-01-20","ElFtGy1kV49xqNP00HfxQA==","POM","1",750,25,100,"d15N",0.91,"perMill","Revesz & Coplen 2012a",,
"72fe573c-3e76-4f1c-b102-3b45e792858c","D18","OKSR","OKSR.AOS.S2","2018-10-16","OKSR.SS.20181016.POM.1","A00000064470","condition ok","SIRFER Lab at University of Utah","2019-01-20","ElFtGy1kV49xqNP00HfxQA==","POM","1",750,25,100,"d13C",-26.53,"perMill","Revesz & Coplen 2012a",,
"8252715d-7f0e-435e-8afa-a056fca1584e","D18","OKSR","OKSR.AOS.S2","2018-10-16","OKSR.SS.20181016.POM.1","A00000064470","condition ok","SIRFER Lab at University of Utah","2019-01-20","ElFtGy1kV49xqNP00HfxQA==","POM","1",750,25,100,"nitrogen",7.09,"microgramsPerLiter","Revesz & Coplen 2012a",,
"e7948b52-cb04-4336-8317-4c5e859623c3","D18","OKSR","OKSR.AOS.S2","2018-10-22","OKSR.SS.20181022.POM.1","A00000064476","condition ok","SIRFER Lab at University of Utah","2019-01-20","ElFtGy1kV49xqNP00HfxQA==","POM","1",750,25,100,"nitrogen",19.46,"microgramsPerLiter","Revesz & Coplen 2012a",,
"b573c3a3-1596-4a1b-86c5-d077a79d2276","D18","OKSR","OKSR.AOS.S2","2018-10-22","OKSR.SS.20181022.POM.1","A00000064476","condition ok","SIRFER Lab at University of Utah","2019-01-20","ElFtGy1kV49xqNP00HfxQA==","POM","1",750,25,100,"carbon",172.92,"microgramsPerLiter","Revesz & Coplen 2012a",,
"3a8b7634-6973-4dbf-a488-16b7c6e8c614","D18","OKSR","OKSR.AOS.S2","2018-10-22","OKSR.SS.20181022.POM.1","A00000064476","condition ok","SIRFER Lab at University of Utah","2019-01-20","ElFtGy1kV49xqNP00HfxQA==","POM","1",750,25,100,"d15N",5.33,"perMill","Revesz & Coplen 2012a",,
"3e2ad1cf-4ee4-4263-9c4f-8b41ff219cf4","D18","OKSR","OKSR.AOS.S2","2018-10-22","OKSR.SS.20181022.POM.1","A00000064476","condition ok","SIRFER Lab at University of Utah","2019-01-20","ElFtGy1kV49xqNP00HfxQA==","POM","1",750,25,100,"d13C",-26.51,"perMill","Revesz & Coplen 2012a",,
"cc416ae2-77a1-45b1-bfdb-eb508cd6d533","D18","OKSR","OKSR.AOS.S2","2018-10-30","OKSR.SS.20181030.POM.1","A00000064496","condition ok","SIRFER Lab at University of Utah","2019-01-20","ElFtGy1kV49xqNP00HfxQA==","POM","1",750,25,100,"nitrogen",9.33,"microgramsPerLiter","Revesz & Coplen 2012a",,
"c48c0eb2-7afa-428f-8619-35986d040028","D18","OKSR","OKSR.AOS.S2","2018-10-30","OKSR.SS.20181030.POM.1","A00000064496","condition ok","SIRFER Lab at University of Utah","2019-01-20","ElFtGy1kV49xqNP00HfxQA==","POM","1",750,25,100,"d15N",1.71,"perMill","Revesz & Coplen 2012a",,
"ab4a4018-bedf-4642-a934-1a08363f871a","D18","OKSR","OKSR.AOS.S2","2018-10-30","OKSR.SS.20181030.POM.1","A00000064496","condition ok","SIRFER Lab at University of Utah","2019-01-20","ElFtGy1kV49xqNP00HfxQA==","POM","1",750,25,100,"d13C",-29.01,"perMill","Revesz & Coplen 2012a",,
"b2ee4782-027d-4e5d-9fb4-bd694b5dde3d","D18","OKSR","OKSR.AOS.S2","2018-10-30","OKSR.SS.20181030.POM.1","A00000064496","condition ok","SIRFER Lab at University of Utah","2019-01-20","ElFtGy1kV49xqNP00HfxQA==","POM","1",750,25,100,"carbon",78.15,"microgramsPerLiter","Revesz & Coplen 2012a",,
