uid,domainID,siteID,namedLocation,decimalLatitude,decimalLongitude,coordinateUncertainty,additionalCoordUncertainty,elevation,elevationUncertainty,geodeticDatum,altLocation,altLatitude,altLongitude,altCoordinateUncertainty,altGeodeticDatum,collectDate,aquaticSiteType,samplingImpractical,parentSampleID,parentSampleCode,eventID,samplerType,dissolvedOxygen,dissolvedOxygenSaturation,specificConductance,waterTemp,asiSamplingProtocolVersion,lowerSegmentDepth,upperSegmentDepth,maxDepth,lakeSampleDepth1,lakeSampleDepth2,aCollectedBy,bCollectedBy,remarks,fieldDataQF
"4fa0d64c-0611-4d28-bb5a-e44f03b24af8","D18","OKSR","OKSR.AOS.S2",68.669651,-149.143505,0.1,10.0,767.2,0.0,"WGS84",,,,,,"2018-10-03T01:18Z","stream",,"OKSR.SS.20181002",,"OKSR.20181002","Grab",12.40,99.00,61.80,2.10,"NEON.DOC.001886vF",,,,,,"sebeler@field-ops.org","jmonroe@battelleecology.org",,
"ad9fd0b3-2278-4c86-9b49-0a2a674b19fb","D18","OKSR","OKSR.AOS.S2",68.669651,-149.143505,0.1,10.0,767.2,0.0,"WGS84",,,,,,"2018-10-10T07:38Z","stream",,"OKSR.SS.20181009",,"OKSR.20181009","Grab",13.40,90.20,68.50,0.00,"NEON.DOC.001886vF",,,,,,"Tsurgener@battelleecology.org","ewatson-cook@battelleecology.org",,
"2409adac-306f-4419-b6ec-6e7602bb9ad2","D18","OKSR","OKSR.AOS.S2",68.669651,-149.143505,0.1,10.0,767.2,0.0,"WGS84",,,,,,"2018-10-16T17:47Z","stream",,"OKSR.SS.20181016",,"OKSR.20181016","Grab",13.90,92.40,72.40,0.00,"NEON.DOC.001886vF",,,,,,"jmonroe@battelleecology.org","Jcelmer@battelleecology.org",,
"f1796780-ffa2-4030-aff2-3668bebef4b2","D18","OKSR","OKSR.AOS.S2",68.669651,-149.143505,0.1,10.0,767.2,0.0,"WGS84",,,,,,"2018-10-22T18:41Z","stream",,"OKSR.SS.20181022",,"OKSR.20181022","Grab",11.97,81.40,76.70,0.00,"NEON.DOC.001886vF",,,,,,"Jcelmer@battelleecology.org","Tsurgener@battelleecology.org",,
"4b03538f-4a4e-4fab-817c-df95528b022d","D18","OKSR","OKSR.AOS.S2",68.669651,-149.143505,0.1,10.0,767.2,0.0,"WGS84",,,,,,"2018-10-30T20:49Z","stream",,"OKSR.SS.20181030",,"OKSR.20181030","Grab",11.21,76.30,23.90,-0.10,"NEON.DOC.001886vF",,,,,,"jmonroe@battelleecology.org","Lpetrauski@battelleecology.org",,
