uid,domainID,siteID,namedLocation,collectDate,parentSampleID,parentSampleCode,isotopeH2OSampleCond,isotopeH2OSampleID,isotopeH2OSampleCode,isotopePOMRep2SampleCond,isotopePOMRep2SampleID,isotopePOMRep2SampleCode,isotopePOMSampleCond,isotopePOMSampleID,isotopePOMSampleCode,processedDateFilters,processedDateH2OIsotopes,sampleVolumeFilteredPOMRep1,sampleVolumeFilteredPOMRep2,fieldDataQF
"ed20abf1-739a-46c1-b965-1a52051eb99b","D18","OKSR","OKSR.AOS.S2","2018-10-03T01:18Z","OKSR.SS.20181002",,"Sample condition ok","OKSR.SS.20181002.H2O.1","A00000027447","Sample condition ok","OKSR.SS.20181002.POM.2","A00000064455","Sample condition ok","OKSR.SS.20181002.POM.1","A00000064456","2018-10-03T03:55Z","2018-10-03T03:54Z",750,750,
"493d8495-36d2-418c-ab7e-fbcc4a143f67","D18","OKSR","OKSR.AOS.S2","2018-10-10T07:38Z","OKSR.SS.20181009",,"Sample condition ok","OKSR.SS.20181009.H2O.1","A00000064459","Sample condition ok","OKSR.SS.20181009.POM.2","A00000064463","Sample condition ok","OKSR.SS.20181009.POM.1","A00000064462","2018-10-09T22:11Z","2018-10-09T22:11Z",750,750,
"c7b74145-86ca-4e9e-9497-6cb6b24f0e1d","D18","OKSR","OKSR.AOS.S2","2018-10-16T17:47Z","OKSR.SS.20181016",,"Sample condition ok","OKSR.SS.20181016.H2O.1","A00000064466","Sample condition ok","OKSR.SS.20181016.POM.2","A00000064471","Sample condition ok","OKSR.SS.20181016.POM.1","A00000064470",,"2018-10-16T19:14Z",750,750,
"36729610-3b34-45ae-9c24-a235ec4aa4b8","D18","OKSR","OKSR.AOS.S2","2018-10-22T18:41Z","OKSR.SS.20181022",,"Sample condition ok","OKSR.SS.20181022.H2O.1","A00000064474","Sample condition ok","OKSR.SS.20181022.POM.2","A00000064477","Sample condition ok","OKSR.SS.20181022.POM.1","A00000064476","2018-10-22T20:30Z","2018-10-22T20:30Z",750,750,
"fe5382ae-5f47-4c89-a668-78131e0750f0","D18","OKSR","OKSR.AOS.S2","2018-10-30T20:49Z","OKSR.SS.20181030",,"Sample condition ok","OKSR.SS.20181030.H2O.1","A00000064480","Sample condition ok","OKSR.SS.20181030.POM.2","A00000064495","Sample condition ok","OKSR.SS.20181030.POM.1","A00000064496","2018-10-30T23:39Z","2018-10-30T23:23Z",750,750,
