uid,domainID,siteID,namedLocation,collectDate,sampleID,sampleCode,sampleCondition,laboratoryName,analysisDate,analyzedBy,sampleType,replicate,sampleVolumeFiltered,filterSize,percentFilterAnalyzed,analyte,analyteConcentration,plantAlgaeLabUnits,method,externalRemarks,externalLabDataQF
"6041c3e8-0202-4fa4-8c44-86dd449ee34f","D10","ARIK","ARIK.AOS.S2","2017-02-07","ARIK.SS.20170207.POM.1",,"condition ok","SIRFER Lab at University of Utah","2018-04-04","ElFtGy1kV49xqNP00HfxQA==","POM","1",450,25,100,"carbon",374.37,"microgramsPerLiter","Revesz & Coplen 2012a",,
"c61a3ede-54a1-49db-8858-31c22cfeb21a","D10","ARIK","ARIK.AOS.S2","2017-02-07","ARIK.SS.20170207.POM.1",,"condition ok","SIRFER Lab at University of Utah","2018-04-04","ElFtGy1kV49xqNP00HfxQA==","POM","1",450,25,100,"nitrogen",50.29,"microgramsPerLiter","Revesz & Coplen 2012a",,
"a8a7ec10-53ec-4c52-a217-b1035eb3ce39","D10","ARIK","ARIK.AOS.S2","2017-02-07","ARIK.SS.20170207.POM.1",,"condition ok","SIRFER Lab at University of Utah","2018-04-04","ElFtGy1kV49xqNP00HfxQA==","POM","1",450,25,100,"d13C",-30.24,"perMill","Revesz & Coplen 2012a",,
"6dccf6cc-908d-4717-9ece-784d24e938c6","D10","ARIK","ARIK.AOS.S2","2017-02-07","ARIK.SS.20170207.POM.1",,"condition ok","SIRFER Lab at University of Utah","2018-04-04","ElFtGy1kV49xqNP00HfxQA==","POM","1",450,25,100,"d15N",4.05,"perMill","Revesz & Coplen 2012a",,
"e33d13f2-93cc-4221-8830-2fb583aed429","D10","ARIK","ARIK.AOS.S2","2017-02-14","ARIK.SS.20170214.POM.1",,"condition ok","SIRFER Lab at University of Utah","2018-04-04","ElFtGy1kV49xqNP00HfxQA==","POM","1",500,25,100,"carbon",401.05,"microgramsPerLiter","Revesz & Coplen 2012a",,
"c4f621d0-cd69-4426-8359-20d449452b55","D10","ARIK","ARIK.AOS.S2","2017-02-14","ARIK.SS.20170214.POM.1",,"condition ok","SIRFER Lab at University of Utah","2018-04-04","ElFtGy1kV49xqNP00HfxQA==","POM","1",500,25,100,"nitrogen",50.88,"microgramsPerLiter","Revesz & Coplen 2012a",,
"5f588eed-2d91-4143-9cfb-8a86eca2ea2a","D10","ARIK","ARIK.AOS.S2","2017-02-14","ARIK.SS.20170214.POM.1",,"condition ok","SIRFER Lab at University of Utah","2018-04-04","ElFtGy1kV49xqNP00HfxQA==","POM","1",500,25,100,"d13C",-29.50,"perMill","Revesz & Coplen 2012a",,
"da862f52-3c39-45ca-8243-25b601f5ddfd","D10","ARIK","ARIK.AOS.S2","2017-02-14","ARIK.SS.20170214.POM.1",,"condition ok","SIRFER Lab at University of Utah","2018-04-04","ElFtGy1kV49xqNP00HfxQA==","POM","1",500,25,100,"d15N",3.99,"perMill","Revesz & Coplen 2012a",,
