uid,domainID,siteID,namedLocation,collectDate,sampleID,sampleCode,sampleCondition,laboratoryName,analysisDate,analyzedBy,sampleType,replicate,sampleVolumeFiltered,filterSize,percentFilterAnalyzed,analyte,analyteConcentration,plantAlgaeLabUnits,method,externalRemarks,externalLabDataQF
"39e9be76-aaa2-4f90-a44c-85c8c215d9bd","D03","SUGG","SUGG.AOS.buoy.c0","2016-08-09","SUGG.C0.20160809.POM.1",,"condition ok","Academy of Natural Sciences of Drexel University","2017-03-03","OKgcKejxXbI=","13C15N","1",,,100,"d13C",-33.12,"perMill",,,
"17b0620b-637f-4719-a839-fd592df74b68","D03","SUGG","SUGG.AOS.buoy.c0","2016-08-09","SUGG.C0.20160809.POM.2",,"condition ok","Academy of Natural Sciences of Drexel University","2017-05-18","OKgcKejxXbI=","13C15N","2",,,100,"d13C",-29.46,"perMill",,,
"58100227-bebe-4794-9676-0869098a1fca","D03","SUGG","SUGG.AOS.buoy.c0","2016-08-09","SUGG.C0.20160809.POM.1",,"condition ok","Academy of Natural Sciences of Drexel University","2017-03-03","OKgcKejxXbI=","13C15N","1",,,100,"d15N",-0.57,"perMill",,,
"455cd862-567c-4f00-968e-8b1da075cec9","D03","SUGG","SUGG.AOS.buoy.c0","2016-08-09","SUGG.C0.20160809.POM.2",,"condition ok","Academy of Natural Sciences of Drexel University","2017-05-18","OKgcKejxXbI=","13C15N","2",,,100,"d15N",-0.95,"perMill",,,
"4e2fc68c-bf83-420a-957f-d78d862eccce","D03","SUGG","SUGG.AOS.inlet","2016-08-09","SUGG.IN.20160809.POM.1",,"condition ok","Academy of Natural Sciences of Drexel University","2017-03-03","OKgcKejxXbI=","13C15N","1",,,100,"d13C",-30.26,"perMill",,,
"59ca819a-41dc-4919-979b-3118169e257a","D03","SUGG","SUGG.AOS.inlet","2016-08-09","SUGG.IN.20160809.POM.1",,"condition ok","Academy of Natural Sciences of Drexel University","2017-03-03","OKgcKejxXbI=","13C15N","1",,,100,"d15N",1.05,"perMill",,,
"5d6f415b-c7e6-4350-9c3a-70f941ac6364","D03","SUGG","SUGG.AOS.inlet","2016-08-09","SUGG.IN.20160809.POM.2",,"condition ok","Academy of Natural Sciences of Drexel University","2017-05-18","OKgcKejxXbI=","13C15N","2",,,100,"d13C",-30.37,"perMill",,,
"361674b3-e457-40d6-8529-e8aa1f4dcda0","D03","SUGG","SUGG.AOS.inlet","2016-08-09","SUGG.IN.20160809.POM.2",,"condition ok","Academy of Natural Sciences of Drexel University","2017-05-18","OKgcKejxXbI=","13C15N","2",,,100,"d15N",0.50,"perMill",,,
"cf86be5f-8d98-4b38-8191-bd82e369227d","D03","SUGG","SUGG.AOS.outlet","2016-08-09","SUGG.OT.20160809.POM.2",,"condition ok","Academy of Natural Sciences of Drexel University","2017-05-18","OKgcKejxXbI=","13C15N","2",,,100,"d13C",-38.75,"perMill",,,
"17fd5df2-0197-41f5-a729-bcc3f4e4094d","D03","SUGG","SUGG.AOS.outlet","2016-08-09","SUGG.OT.20160809.POM.1",,"condition ok","Academy of Natural Sciences of Drexel University","2017-03-03","OKgcKejxXbI=","13C15N","1",,,100,"d15N",-0.74,"perMill",,,
"d1a010ee-d88c-4f5c-8656-6536c295f76b","D03","SUGG","SUGG.AOS.outlet","2016-08-09","SUGG.OT.20160809.POM.2",,"condition ok","Academy of Natural Sciences of Drexel University","2017-05-18","OKgcKejxXbI=","13C15N","2",,,100,"d15N",0.04,"perMill",,,
"9b45382a-fd86-4e79-91a6-fef824747f06","D03","SUGG","SUGG.AOS.outlet","2016-08-09","SUGG.OT.20160809.POM.1",,"condition ok","Academy of Natural Sciences of Drexel University","2017-03-03","OKgcKejxXbI=","13C15N","1",,,100,"d13C",-32.00,"perMill",,,
