uid,domainID,siteID,namedLocation,collectDate,sampleID,sampleCode,sampleCondition,laboratoryName,analysisDate,analyzedBy,sampleType,replicate,sampleVolumeFiltered,filterSize,percentFilterAnalyzed,analyte,analyteConcentration,plantAlgaeLabUnits,method,externalRemarks,externalLabDataQF
"c67c5ec6-4ab0-44bf-997d-641185e154b8","D03","BARC","BARC.AOS.buoy.c0","2018-10-01","BARC.C0.20181001.POM.1","A00000003567","condition ok","SIRFER Lab at University of Utah","2019-02-12","ElFtGy1kV49xqNP00HfxQA==","POM","1",300,25,100,"d13C",-35.75,"perMill","Revesz & Coplen 2012a",,
"297b9ebf-8ac5-481b-b5c1-e8aea0c7c268","D03","BARC","BARC.AOS.buoy.c0","2018-10-01","BARC.C0.20181001.POM.1","A00000003567","condition ok","SIRFER Lab at University of Utah","2019-02-12","ElFtGy1kV49xqNP00HfxQA==","POM","1",300,25,100,"carbon",873.91,"microgramsPerLiter","Revesz & Coplen 2012a",,
"3d25043d-eef8-4304-aee9-59d5016a3e67","D03","BARC","BARC.AOS.buoy.c0","2018-10-01","BARC.C0.20181001.POM.1","A00000003567","condition ok","SIRFER Lab at University of Utah","2019-02-12","ElFtGy1kV49xqNP00HfxQA==","POM","1",300,25,100,"nitrogen",105.32,"microgramsPerLiter","Revesz & Coplen 2012a",,
"26fc2af8-8b55-4829-bd52-a5eb511674ed","D03","BARC","BARC.AOS.buoy.c0","2018-10-01","BARC.C0.20181001.POM.1","A00000003567","condition ok","SIRFER Lab at University of Utah","2019-02-12","ElFtGy1kV49xqNP00HfxQA==","POM","1",300,25,100,"d15N",6.06,"perMill","Revesz & Coplen 2012a",,
