uid,domainID,siteID,namedLocation,collectDate,sampleID,sampleCode,sampleCondition,laboratoryName,analysisDate,analyzedBy,sampleType,replicate,sampleVolumeFiltered,filterSize,percentFilterAnalyzed,analyte,analyteConcentration,plantAlgaeLabUnits,method,externalRemarks,externalLabDataQF
"b56cc7c7-60bc-4081-b688-59116100b0d8","D08","TOMB","TOMB.AOS.buoy.c0","2017-07-06","TOMB.C0.20170706.POM.1",,"condition ok","SIRFER Lab at University of Utah","2018-03-26","ElFtGy1kV49xqNP00HfxQA==","POM","1",100,25,100,"d15N",12.24,"perMill","Revesz & Coplen 2012a",,
"4da9d370-99f4-4b94-8f24-b53f1de7c5d4","D08","TOMB","TOMB.AOS.buoy.c0","2017-07-06","TOMB.C0.20170706.POM.1",,"condition ok","SIRFER Lab at University of Utah","2018-03-26","ElFtGy1kV49xqNP00HfxQA==","POM","1",100,25,100,"carbon",1172.80,"microgramsPerLiter","Revesz & Coplen 2012a",,
"d2e9aff1-f062-436c-9654-110ccd6b33cc","D08","TOMB","TOMB.AOS.buoy.c0","2017-07-06","TOMB.C0.20170706.POM.1",,"condition ok","SIRFER Lab at University of Utah","2018-03-26","ElFtGy1kV49xqNP00HfxQA==","POM","1",100,25,100,"d13C",-28.37,"perMill","Revesz & Coplen 2012a",,
"c1d9ca17-8845-4b0b-b4a7-3cd306f05008","D08","TOMB","TOMB.AOS.buoy.c0","2017-07-06","TOMB.C0.20170706.POM.1",,"condition ok","SIRFER Lab at University of Utah","2018-03-26","ElFtGy1kV49xqNP00HfxQA==","POM","1",100,25,100,"nitrogen",143.52,"microgramsPerLiter","Revesz & Coplen 2012a",,
"2b8fb9e0-fb27-4b49-a4a0-e89a5cc4e206","D08","TOMB","TOMB.AOS.buoy.c0","2017-07-26","TOMB.C0.20170726.POM.1",,"condition ok","SIRFER Lab at University of Utah","2018-03-26","ElFtGy1kV49xqNP00HfxQA==","POM","1",100,25,100,"d13C",-30.85,"perMill","Revesz & Coplen 2012a",,
"c43b45c8-b6b1-40f3-a7ff-6f0c39b2a106","D08","TOMB","TOMB.AOS.buoy.c0","2017-07-26","TOMB.C0.20170726.POM.1",,"condition ok","SIRFER Lab at University of Utah","2018-03-26","ElFtGy1kV49xqNP00HfxQA==","POM","1",100,25,100,"d15N",17.38,"perMill","Revesz & Coplen 2012a",,
"21206f8d-f995-428e-aebb-c7a624efc38b","D08","TOMB","TOMB.AOS.buoy.c0","2017-07-26","TOMB.C0.20170726.POM.1",,"condition ok","SIRFER Lab at University of Utah","2018-03-26","ElFtGy1kV49xqNP00HfxQA==","POM","1",100,25,100,"nitrogen",88.71,"microgramsPerLiter","Revesz & Coplen 2012a",,
"dc514e05-4784-482f-a9f5-7f34232f556e","D08","TOMB","TOMB.AOS.buoy.c0","2017-07-26","TOMB.C0.20170726.POM.1",,"condition ok","SIRFER Lab at University of Utah","2018-03-26","ElFtGy1kV49xqNP00HfxQA==","POM","1",100,25,100,"carbon",630.69,"microgramsPerLiter","Revesz & Coplen 2012a",,
