uid,domainID,siteID,namedLocation,collectDate,sampleID,sampleCode,sampleCondition,laboratoryName,analysisDate,analyzedBy,sampleType,replicate,sampleVolumeFiltered,filterSize,percentFilterAnalyzed,analyte,analyteConcentration,plantAlgaeLabUnits,method,externalRemarks,externalLabDataQF
"15106991-50a8-4c20-b252-3c85e3495712","D03","SUGG","SUGG.AOS.outlet","2015-07-23","SUGG.OT.20150723.POM.1",,"condition ok","Academy of Natural Sciences of Drexel University","2016-09-13","OKgcKejxXbI=","13C15N","1",,,100,"d13C",-37.96,"perMill",,,
"ba260b43-6a4d-48ba-82c2-3f880b6a8934","D03","SUGG","SUGG.AOS.inlet","2015-07-23","SUGG.IN.20150723.POM.1",,"condition ok","Academy of Natural Sciences of Drexel University","2016-09-13","OKgcKejxXbI=","13C15N","1",,,100,"d15N",1.91,"perMill",,,
"01a9199b-22a9-495b-99c4-a5b8089824b3","D03","SUGG","SUGG.AOS.buoy.c0","2015-07-23","SUGG.C0.20150723.POM.2",,"condition ok","Academy of Natural Sciences of Drexel University","2017-01-17","OKgcKejxXbI=","13C15N","2",,,100,"d13C",-36.77,"perMill",,"Difference in volume filtered",
"048b1f07-57c1-4454-8669-d8a45c2082d4","D03","SUGG","SUGG.AOS.inlet","2015-07-23","SUGG.IN.20150723.POM.1",,"condition ok","Academy of Natural Sciences of Drexel University","2016-09-13","OKgcKejxXbI=","13C15N","1",,,100,"d13C",-35.76,"perMill",,,
"39b68906-c638-4d5d-b9d3-5737450a3f2d","D03","SUGG","SUGG.AOS.buoy.c0","2015-07-23","SUGG.C0.20150723.POM.1",,"condition ok","Academy of Natural Sciences of Drexel University","2016-09-13","OKgcKejxXbI=","13C15N","1",,,100,"d15N",1.36,"perMill",,"Difference in volume filtered",
"78dbf703-5988-47f4-b42f-14efd0976270","D03","SUGG","SUGG.AOS.inlet","2015-07-23","SUGG.IN.20150723.POM.2",,"condition ok","Academy of Natural Sciences of Drexel University","2017-01-17","OKgcKejxXbI=","13C15N","2",,,100,"d15N",0.84,"perMill",,,
"ba1e6973-6434-41b5-a54e-921fa0cd113b","D03","SUGG","SUGG.AOS.buoy.c0","2015-07-23","SUGG.C0.20150723.POM.1",,"condition ok","Academy of Natural Sciences of Drexel University","2016-09-13","OKgcKejxXbI=","13C15N","1",,,100,"d13C",-38.64,"perMill",,"Difference in volume filtered",
"c10104bb-70d0-41d7-8646-df363089f1f2","D03","SUGG","SUGG.AOS.outlet","2015-07-23","SUGG.OT.20150723.POM.1",,"condition ok","Academy of Natural Sciences of Drexel University","2016-09-13","OKgcKejxXbI=","13C15N","1",,,100,"d15N",1.94,"perMill",,,
"82530d29-8d89-4d51-b397-b4a69968198e","D03","SUGG","SUGG.AOS.outlet","2015-07-23","SUGG.OT.20150723.POM.2",,"condition ok","Academy of Natural Sciences of Drexel University","2017-01-17","OKgcKejxXbI=","13C15N","2",,,100,"d15N",2.36,"perMill",,,
"96ef29fa-c010-40a3-9540-d392bd4034d4","D03","SUGG","SUGG.AOS.outlet","2015-07-23","SUGG.OT.20150723.POM.2",,"condition ok","Academy of Natural Sciences of Drexel University","2017-01-17","OKgcKejxXbI=","13C15N","2",,,100,"d13C",-36.31,"perMill",,,
"a02b6ed3-80bf-47a5-acbc-e03919b1b1fd","D03","SUGG","SUGG.AOS.inlet","2015-07-23","SUGG.IN.20150723.POM.2",,"condition ok","Academy of Natural Sciences of Drexel University","2017-01-17","OKgcKejxXbI=","13C15N","2",,,100,"d13C",-35.32,"perMill",,,
"cab3b33e-24b8-44f1-987f-9b4515c656b0","D03","SUGG","SUGG.AOS.buoy.c0","2015-07-23","SUGG.C0.20150723.POM.2",,"condition ok","Academy of Natural Sciences of Drexel University","2017-01-17","OKgcKejxXbI=","13C15N","2",,,100,"d15N",1.36,"perMill",,"Difference in volume filtered",
