uid,domainID,siteID,namedLocation,collectDate,sampleID,sampleCode,sampleCondition,laboratoryName,analysisDate,analyzedBy,sampleType,replicate,sampleVolumeFiltered,filterSize,percentFilterAnalyzed,analyte,analyteConcentration,plantAlgaeLabUnits,method,externalRemarks,externalLabDataQF
"056325d0-8d71-4c20-9b85-773e95886fba","D03","SUGG","SUGG.AOS.buoy.c0","2017-09-04","SUGG.C0.20170904.POM.1",,"condition ok","SIRFER Lab at University of Utah","2018-05-16","ElFtGy1kV49xqNP00HfxQA==","POM","1",,,100,"d15N",9.16,"perMill","Revesz & Coplen 2012a",,
"6a149051-7c96-4ad1-af17-8f561a18b5f0","D03","SUGG","SUGG.AOS.buoy.c0","2017-09-04","SUGG.C0.20170904.POM.1",,"condition ok","SIRFER Lab at University of Utah","2018-05-16","ElFtGy1kV49xqNP00HfxQA==","POM","1",,,100,"d13C",-31.97,"perMill","Revesz & Coplen 2012a",,
"5d75c850-a243-4b33-a84b-cc137dd1c43d","D03","SUGG","SUGG.AOS.buoy.c0","2017-09-04","SUGG.C0.20170904.POM.1",,"condition ok","SIRFER Lab at University of Utah","2018-05-16","ElFtGy1kV49xqNP00HfxQA==","POM","1",,,100,"carbon",265.16,"microgramsPerLiter","Revesz & Coplen 2012a",,
"a9dd1c7e-3988-458b-9cb6-1f898f9e0439","D03","SUGG","SUGG.AOS.buoy.c0","2017-09-04","SUGG.C0.20170904.POM.1",,"condition ok","SIRFER Lab at University of Utah","2018-05-16","ElFtGy1kV49xqNP00HfxQA==","POM","1",,,100,"nitrogen",32.63,"microgramsPerLiter","Revesz & Coplen 2012a",,
"0759d98c-6128-411a-8f06-77ef57c0ae87","D03","SUGG","SUGG.AOS.inlet","2017-09-04","SUGG.IN.20170904.POM.1",,"condition ok","SIRFER Lab at University of Utah","2018-05-16","ElFtGy1kV49xqNP00HfxQA==","POM","1",,,100,"carbon",346.88,"microgramsPerLiter","Revesz & Coplen 2012a",,
"27d8ab42-8847-48f1-a0a4-d48cc8fbb089","D03","SUGG","SUGG.AOS.inlet","2017-09-04","SUGG.IN.20170904.POM.1",,"condition ok","SIRFER Lab at University of Utah","2018-05-16","ElFtGy1kV49xqNP00HfxQA==","POM","1",,,100,"d13C",-32.45,"perMill","Revesz & Coplen 2012a",,
"86952107-eb0f-4b70-87f8-4c8766a40feb","D03","SUGG","SUGG.AOS.inlet","2017-09-04","SUGG.IN.20170904.POM.1",,"condition ok","SIRFER Lab at University of Utah","2018-05-16","ElFtGy1kV49xqNP00HfxQA==","POM","1",,,100,"d15N",-3.18,"perMill","Revesz & Coplen 2012a",,
"0697144a-f2df-497f-ac5a-813782277663","D03","SUGG","SUGG.AOS.inlet","2017-09-04","SUGG.IN.20170904.POM.1",,"condition ok","SIRFER Lab at University of Utah","2018-05-16","ElFtGy1kV49xqNP00HfxQA==","POM","1",,,100,"nitrogen",39.00,"microgramsPerLiter","Revesz & Coplen 2012a",,
"12c9ea71-3eb3-469a-a5d3-07090ac48c07","D03","SUGG","SUGG.AOS.outlet","2017-09-04","SUGG.OT.20170904.POM.1",,"condition ok","SIRFER Lab at University of Utah","2018-05-16","ElFtGy1kV49xqNP00HfxQA==","POM","1",,,100,"nitrogen",27.68,"microgramsPerLiter","Revesz & Coplen 2012a",,
"97799bdb-4d41-4d1b-ad18-07f0ef97270b","D03","SUGG","SUGG.AOS.outlet","2017-09-04","SUGG.OT.20170904.POM.1",,"condition ok","SIRFER Lab at University of Utah","2018-05-16","ElFtGy1kV49xqNP00HfxQA==","POM","1",,,100,"d15N",6.67,"perMill","Revesz & Coplen 2012a",,
"9590daba-e102-489c-94b9-fdddef2a7c21","D03","SUGG","SUGG.AOS.outlet","2017-09-04","SUGG.OT.20170904.POM.1",,"condition ok","SIRFER Lab at University of Utah","2018-05-16","ElFtGy1kV49xqNP00HfxQA==","POM","1",,,100,"d13C",-31.32,"perMill","Revesz & Coplen 2012a",,
"4e6e5401-af05-4db2-8f8c-81e39ab73e57","D03","SUGG","SUGG.AOS.outlet","2017-09-04","SUGG.OT.20170904.POM.1",,"condition ok","SIRFER Lab at University of Utah","2018-05-16","ElFtGy1kV49xqNP00HfxQA==","POM","1",,,100,"carbon",233.92,"microgramsPerLiter","Revesz & Coplen 2012a",,
