uid,domainID,siteID,namedLocation,collectDate,analysisDate,isotopeH2OSampleID,isotopeH2OSampleCode,instrumentSN,d18OWater,d2HWater,d18OsdWater,d2HsdWater,isotopeH2OExternalLabQF,laboratoryName,analyzedBy,sampleCondition,externalRemarks,externalLabDataQF
"df4e3d5d-cf3d-4808-9489-282613d61677","D18","OKSR","OKSR.AOS.S2","2019-06-04","2019-07-01","OKSR.SS.20190604.H2O.1","A00000064667","HIDS2046",-19.98,-155.47,0.04,0.18,0,"SIRFER Lab at University of Utah","OlSmE6RRn5QQH8tvUHmK5i/poYiQr6sd","OK",,
"00b63650-8821-490d-85ec-6e507e4a0acc","D18","OKSR","OKSR.AOS.S2","2019-06-11","2019-09-19","OKSR.SS.20190611.H2O.1","A00000099681","HIDS2052",-19.75,-155.25,0.03,0.12,0,"SIRFER Lab at University of Utah","OlSmE6RRn5QQH8tvUHmK5i/poYiQr6sd","OK",,
"0a339c3b-a932-4d68-9186-dc66a3c6f613","D18","OKSR","OKSR.AOS.S2","2019-06-18","2019-09-19","OKSR.SS.20190618.H2O.1","A00000099058","HIDS2052",-19.62,-152.60,0.03,0.12,0,"SIRFER Lab at University of Utah","OlSmE6RRn5QQH8tvUHmK5i/poYiQr6sd","OK",,
"bfd7df45-8058-4c8c-ac8d-7792f5dbdab1","D18","OKSR","OKSR.AOS.S2","2019-06-25","2019-09-19","OKSR.SS.20190625.H2O.1","A00000099015","HIDS2052",-18.81,-148.90,0.02,0.07,0,"SIRFER Lab at University of Utah","OlSmE6RRn5QQH8tvUHmK5i/poYiQr6sd","OK",,
