uid,domainID,siteID,namedLocation,collectDate,sampleID,sampleCode,sampleCondition,laboratoryName,analysisDate,analyzedBy,sampleType,replicate,sampleVolumeFiltered,filterSize,percentFilterAnalyzed,analyte,analyteConcentration,plantAlgaeLabUnits,method,externalRemarks,externalLabDataQF
"041ff11e-0e9a-4094-b9fa-5fc90ee83769","D18","OKSR","OKSR.AOS.S2","2019-06-04","OKSR.SS.20190604.POM.1","A00000064656","condition ok","SIRFER Lab at University of Utah","2019-11-01","ElFtGy1kV49xqNP00HfxQA==","POM","1",750,25,100,"d15N",2.36,"perMill","Revesz & Coplen 2012a",,
"cee29514-4c55-48e1-9cfc-0ab5d9287f43","D18","OKSR","OKSR.AOS.S2","2019-06-04","OKSR.SS.20190604.POM.1","A00000064656","condition ok","SIRFER Lab at University of Utah","2019-11-01","ElFtGy1kV49xqNP00HfxQA==","POM","1",750,25,100,"d13C",-28.66,"perMill","Revesz & Coplen 2012a",,
"70e842b2-c197-430d-a5f4-d91e03b2a493","D18","OKSR","OKSR.AOS.S2","2019-06-04","OKSR.SS.20190604.POM.1","A00000064656","condition ok","SIRFER Lab at University of Utah","2019-11-01","ElFtGy1kV49xqNP00HfxQA==","POM","1",750,25,100,"carbon",102.07,"microgramsPerLiter","Revesz & Coplen 2012a",,
"ecddbb71-95ca-4147-9e26-f98dab424e9f","D18","OKSR","OKSR.AOS.S2","2019-06-04","OKSR.SS.20190604.POM.1","A00000064656","condition ok","SIRFER Lab at University of Utah","2019-11-01","ElFtGy1kV49xqNP00HfxQA==","POM","1",750,25,100,"nitrogen",11.01,"microgramsPerLiter","Revesz & Coplen 2012a",,
"bc7dfca1-1c5e-49b5-9320-c879195cdd22","D18","OKSR","OKSR.AOS.S2","2019-06-11","OKSR.SS.20190611.POM.1","A00000099702","condition ok","SIRFER Lab at University of Utah","2019-11-01","ElFtGy1kV49xqNP00HfxQA==","POM","1",500,25,100,"carbon",108.20,"microgramsPerLiter","Revesz & Coplen 2012a",,
"e354ed26-61b6-4178-8922-8f1bf38eea06","D18","OKSR","OKSR.AOS.S2","2019-06-11","OKSR.SS.20190611.POM.1","A00000099702","condition ok","SIRFER Lab at University of Utah","2019-11-01","ElFtGy1kV49xqNP00HfxQA==","POM","1",750,25,100,"nitrogen",10.86,"microgramsPerLiter","Revesz & Coplen 2012a",,
"1244e1f9-96fc-47b7-9edc-4666f9fd91ff","D18","OKSR","OKSR.AOS.S2","2019-06-11","OKSR.SS.20190611.POM.1","A00000099702","condition ok","SIRFER Lab at University of Utah","2019-11-01","ElFtGy1kV49xqNP00HfxQA==","POM","1",750,25,100,"d15N",3.03,"perMill","Revesz & Coplen 2012a",,
"52880a03-f1a3-4681-a056-5957d1a4c0e0","D18","OKSR","OKSR.AOS.S2","2019-06-11","OKSR.SS.20190611.POM.1","A00000099702","condition ok","SIRFER Lab at University of Utah","2019-11-01","ElFtGy1kV49xqNP00HfxQA==","POM","1",750,25,100,"d13C",-28.69,"perMill","Revesz & Coplen 2012a",,
"d6fa49dc-b9d9-4d8f-ba2c-a5488a04f235","D18","OKSR","OKSR.AOS.S2","2019-06-18","OKSR.SS.20190618.POM.1","A00000099059","condition ok","SIRFER Lab at University of Utah","2019-11-01","ElFtGy1kV49xqNP00HfxQA==","POM","1",750,25,100,"d15N",6.50,"perMill","Revesz & Coplen 2012a",,
"8336f82e-5ce0-4ed5-92f6-97fe4c4c413c","D18","OKSR","OKSR.AOS.S2","2019-06-18","OKSR.SS.20190618.POM.1","A00000099059","condition ok","SIRFER Lab at University of Utah","2019-11-01","ElFtGy1kV49xqNP00HfxQA==","POM","1",750,25,100,"carbon",133.67,"microgramsPerLiter","Revesz & Coplen 2012a",,
"f831fa6c-0b78-4429-8a4c-96ee8c6410cf","D18","OKSR","OKSR.AOS.S2","2019-06-18","OKSR.SS.20190618.POM.1","A00000099059","condition ok","SIRFER Lab at University of Utah","2019-11-01","ElFtGy1kV49xqNP00HfxQA==","POM","1",750,25,100,"d13C",-28.02,"perMill","Revesz & Coplen 2012a",,
"4d8e003f-6f8e-4e9e-9e40-e6bf4ac1ede4","D18","OKSR","OKSR.AOS.S2","2019-06-18","OKSR.SS.20190618.POM.1","A00000099059","condition ok","SIRFER Lab at University of Utah","2019-11-01","ElFtGy1kV49xqNP00HfxQA==","POM","1",500,25,100,"nitrogen",12.53,"microgramsPerLiter","Revesz & Coplen 2012a",,
"6f1e5a46-d24c-4a91-a77b-dc3a47015502","D18","OKSR","OKSR.AOS.S2","2019-06-25","OKSR.SS.20190625.POM.1","A00000099011","condition ok","SIRFER Lab at University of Utah","2019-11-01","ElFtGy1kV49xqNP00HfxQA==","POM","1",750,25,100,"d13C",-27.89,"perMill","Revesz & Coplen 2012a",,
"a39f62c0-ccff-46d9-ad99-94e970a8c896","D18","OKSR","OKSR.AOS.S2","2019-06-25","OKSR.SS.20190625.POM.1","A00000099011","condition ok","SIRFER Lab at University of Utah","2019-11-01","ElFtGy1kV49xqNP00HfxQA==","POM","1",750,25,100,"d15N",-0.44,"perMill","Revesz & Coplen 2012a",,
"77c0188a-ba0f-4d97-adf4-f21632ae0334","D18","OKSR","OKSR.AOS.S2","2019-06-25","OKSR.SS.20190625.POM.1","A00000099011","condition ok","SIRFER Lab at University of Utah","2019-11-01","ElFtGy1kV49xqNP00HfxQA==","POM","1",750,25,100,"nitrogen",10.86,"microgramsPerLiter","Revesz & Coplen 2012a",,
"0fb857a5-1069-4c0b-9954-bd2922e16852","D18","OKSR","OKSR.AOS.S2","2019-06-25","OKSR.SS.20190625.POM.1","A00000099011","condition ok","SIRFER Lab at University of Utah","2019-11-01","ElFtGy1kV49xqNP00HfxQA==","POM","1",750,25,100,"carbon",122.98,"microgramsPerLiter","Revesz & Coplen 2012a",,
