uid,domainID,siteID,namedLocation,collectDate,parentSampleID,parentSampleCode,isotopeH2OSampleCond,isotopeH2OSampleID,isotopeH2OSampleCode,isotopePOMRep2SampleCond,isotopePOMRep2SampleID,isotopePOMRep2SampleCode,isotopePOMSampleCond,isotopePOMSampleID,isotopePOMSampleCode,processedDateFilters,processedDateH2OIsotopes,sampleVolumeFilteredPOMRep1,sampleVolumeFilteredPOMRep2,fieldDataQF
"cd95ec68-f0cb-46de-9b24-1b3614845ea9","D18","OKSR","OKSR.AOS.S2","2019-06-04T18:00Z","OKSR.SS.20190604",,"Sample condition ok","OKSR.SS.20190604.H2O.1","A00000064667","Sample condition ok","OKSR.SS.20190604.POM.2","A00000064657","Sample condition ok","OKSR.SS.20190604.POM.1","A00000064656","2019-06-04T23:47Z","2019-06-04T23:46Z",750,750,
"b9930fd5-5463-42c2-9d86-fcfad0099e8d","D18","OKSR","OKSR.AOS.S2","2019-06-11T18:15Z","OKSR.SS.20190611",,"Sample condition ok","OKSR.SS.20190611.H2O.1","A00000099681","Sample condition ok","OKSR.SS.20190611.POM.2","A00000099703","Sample condition ok","OKSR.SS.20190611.POM.1","A00000099702","2019-06-11T18:15Z","2019-06-11T18:15Z",750,750,
"73a72116-0101-4ced-b660-77ddc9a478a1","D18","OKSR","OKSR.AOS.S2","2019-06-18T17:56Z","OKSR.SS.20190618",,"Sample condition ok","OKSR.SS.20190618.H2O.1","A00000099058","Sample condition ok","OKSR.SS.20190618.POM.2","A00000099060","Sample condition ok","OKSR.SS.20190618.POM.1","A00000099059","2019-06-18T21:00Z","2019-06-18T21:00Z",750,750,
"f2009507-3be0-40a8-840a-9700ddd15eaf","D18","OKSR","OKSR.AOS.S2","2019-06-25T21:43Z","OKSR.SS.20190625",,"Sample condition ok","OKSR.SS.20190625.H2O.1","A00000099015","Sample condition ok","OKSR.SS.20190625.POM.2","A00000099010","Sample condition ok","OKSR.SS.20190625.POM.1","A00000099011","2019-06-29T22:00Z","2019-06-29T22:00Z",750,750,
