uid,domainID,siteID,namedLocation,decimalLatitude,decimalLongitude,coordinateUncertainty,additionalCoordUncertainty,elevation,elevationUncertainty,geodeticDatum,altLocation,altLatitude,altLongitude,altCoordinateUncertainty,altGeodeticDatum,collectDate,aquaticSiteType,samplingImpractical,parentSampleID,parentSampleCode,eventID,samplerType,dissolvedOxygen,dissolvedOxygenSaturation,specificConductance,waterTemp,asiSamplingProtocolVersion,lowerSegmentDepth,upperSegmentDepth,maxDepth,lakeSampleDepth1,lakeSampleDepth2,aCollectedBy,bCollectedBy,remarks,fieldDataQF
"3360eb9f-1cf0-4151-9967-4446d7e2546d","D18","OKSR","OKSR.AOS.S2",68.669659,-149.143501,0.1,10.0,767.4,0.0,"WGS84",,,,,,"2019-06-04T18:00Z","stream",,"OKSR.SS.20190604",,"OKSR.20190604","Grab",11.72,102.00,47.30,8.70,"NEON.DOC.001886vF",,,,,,"0000-0003-1651-3911","0000-0002-4562-0954",,
"ac932c29-e15a-46e8-9dbc-09308a9e1722","D18","OKSR","OKSR.AOS.S2",68.669659,-149.143501,0.1,10.0,767.4,0.0,"WGS84",,,,,,"2019-06-11T18:15Z","stream",,"OKSR.SS.20190611",,"OKSR.20190611","Grab",8.88,79.00,51.80,10.30,"NEON.DOC.001886vF",,,,,,"0000-0001-7459-8496","0000-0001-5131-1181",,
"ee960846-aba5-470f-979e-1becb53818b0","D18","OKSR","OKSR.AOS.S2",68.669659,-149.143501,0.1,10.0,767.4,0.0,"WGS84",,,,,,"2019-06-18T17:56Z","stream",,"OKSR.SS.20190618",,"OKSR.20190618","Grab",11.00,90.70,40.10,7.40,"NEON.DOC.001886vF",,,,,,"0000-0001-5131-1181","0000-0001-7459-8496",,
"7c5b4d78-fa29-4c16-975b-ebf1f6fa3d99","D18","OKSR","OKSR.AOS.S2",68.669659,-149.143501,0.1,10.0,767.4,0.0,"WGS84",,,,,,"2019-06-25T21:43Z","stream",,"OKSR.SS.20190625",,"OKSR.20190625","Grab",10.09,86.70,43.90,8.90,"NEON.DOC.001886vF",,,,,,"0000-0001-9124-8148","0000-0003-1651-3911",,
