uid,domainID,siteID,namedLocation,collectDate,sampleID,sampleCode,sampleCondition,laboratoryName,analysisDate,analyzedBy,sampleType,replicate,sampleVolumeFiltered,filterSize,percentFilterAnalyzed,analyte,analyteConcentration,plantAlgaeLabUnits,method,externalRemarks,externalLabDataQF
"6ec2ed1a-e97f-496f-8ae2-6d8597d286a9","D11","BLUE","BLUE.AOS.S2","2018-05-02","BLUE.SS.20180502.POM.1","A00000021211","condition ok","SIRFER Lab at University of Utah","2018-08-16","ElFtGy1kV49xqNP00HfxQA==","POM","1",500,25,100,"d15N",5.12,"perMill","Revesz & Coplen 2012a",,
"cefce248-6f72-4543-b75f-91b0b687d064","D11","BLUE","BLUE.AOS.S2","2018-05-02","BLUE.SS.20180502.POM.1","A00000021211","condition ok","SIRFER Lab at University of Utah","2018-08-16","ElFtGy1kV49xqNP00HfxQA==","POM","1",500,25,100,"d13C",-27.93,"perMill","Revesz & Coplen 2012a",,
"e199a13f-3f4b-45f1-b255-5b4d63b34ad3","D11","BLUE","BLUE.AOS.S2","2018-05-02","BLUE.SS.20180502.POM.1","A00000021211","condition ok","SIRFER Lab at University of Utah","2018-08-16","ElFtGy1kV49xqNP00HfxQA==","POM","1",500,25,100,"carbon",504.63,"microgramsPerLiter","Revesz & Coplen 2012a",,
"9ffe30ba-a4d1-4ce8-a8e3-ae20b74b5228","D11","BLUE","BLUE.AOS.S2","2018-05-02","BLUE.SS.20180502.POM.1","A00000021211","condition ok","SIRFER Lab at University of Utah","2018-08-16","ElFtGy1kV49xqNP00HfxQA==","POM","1",500,25,100,"nitrogen",60.97,"microgramsPerLiter","Revesz & Coplen 2012a",,
"c3575f3a-d500-4168-a84f-9f97670b78b1","D11","BLUE","BLUE.AOS.S2","2018-05-08","BLUE.SS.20180508.POM.1","A00000021240","condition ok","SIRFER Lab at University of Utah","2018-08-16","ElFtGy1kV49xqNP00HfxQA==","POM","1",400,25,100,"d13C",-25.23,"perMill","Revesz & Coplen 2012a",,
"1dd8ab94-2507-436b-978a-72e0659fd8a7","D11","BLUE","BLUE.AOS.S2","2018-05-08","BLUE.SS.20180508.POM.1","A00000021240","condition ok","SIRFER Lab at University of Utah","2018-08-16","ElFtGy1kV49xqNP00HfxQA==","POM","1",400,25,100,"nitrogen",91.88,"microgramsPerLiter","Revesz & Coplen 2012a",,
"05c313a0-21cf-4dad-88db-4437d5bdb8a6","D11","BLUE","BLUE.AOS.S2","2018-05-08","BLUE.SS.20180508.POM.1","A00000021240","condition ok","SIRFER Lab at University of Utah","2018-08-16","ElFtGy1kV49xqNP00HfxQA==","POM","1",400,25,100,"carbon",764.99,"microgramsPerLiter","Revesz & Coplen 2012a",,
"972eccbb-2a36-4899-9ce1-e65f41113186","D11","BLUE","BLUE.AOS.S2","2018-05-08","BLUE.SS.20180508.POM.1","A00000021240","condition ok","SIRFER Lab at University of Utah","2018-08-16","ElFtGy1kV49xqNP00HfxQA==","POM","1",400,25,100,"d15N",5.33,"perMill","Revesz & Coplen 2012a",,
"8cb3b42b-e770-4df6-ba45-56b7b3d394ff","D11","BLUE","BLUE.AOS.S2","2018-05-09","BLUE.SS.20180509.POM.1","A00000021241","condition ok","SIRFER Lab at University of Utah","2018-08-16","ElFtGy1kV49xqNP00HfxQA==","POM","1",400,25,100,"d13C",-25.24,"perMill","Revesz & Coplen 2012a",,
"c22fe453-e7a1-47a1-ac3f-7f5be1ce99b8","D11","BLUE","BLUE.AOS.S2","2018-05-09","BLUE.SS.20180509.POM.1","A00000021241","condition ok","SIRFER Lab at University of Utah","2018-08-16","ElFtGy1kV49xqNP00HfxQA==","POM","1",400,25,100,"carbon",655.00,"microgramsPerLiter","Revesz & Coplen 2012a",,
"3d395795-da86-402d-ba8d-dbc6c55f6036","D11","BLUE","BLUE.AOS.S2","2018-05-09","BLUE.SS.20180509.POM.1","A00000021241","condition ok","SIRFER Lab at University of Utah","2018-08-16","ElFtGy1kV49xqNP00HfxQA==","POM","1",400,25,100,"nitrogen",74.42,"microgramsPerLiter","Revesz & Coplen 2012a",,
"5501592c-ed3e-4c40-a1d7-bb14d7f83d7e","D11","BLUE","BLUE.AOS.S2","2018-05-09","BLUE.SS.20180509.POM.1","A00000021241","condition ok","SIRFER Lab at University of Utah","2018-08-16","ElFtGy1kV49xqNP00HfxQA==","POM","1",400,25,100,"d15N",10.25,"perMill","Revesz & Coplen 2012a",,
"cb2cd4a4-1b54-403c-bb50-b3788da2ea54","D11","BLUE","BLUE.AOS.S2","2018-05-21","BLUE.SS.20180521.POM.1","A00000021346","condition ok","SIRFER Lab at University of Utah","2018-08-16","ElFtGy1kV49xqNP00HfxQA==","POM","1",500,25,100,"d15N",4.82,"perMill","Revesz & Coplen 2012a",,
"4b453d31-031c-445c-8a32-eb0e8090340a","D11","BLUE","BLUE.AOS.S2","2018-05-21","BLUE.SS.20180521.POM.1","A00000021346","condition ok","SIRFER Lab at University of Utah","2018-08-16","ElFtGy1kV49xqNP00HfxQA==","POM","1",500,25,100,"d13C",-26.66,"perMill","Revesz & Coplen 2012a",,
"657c03d1-d7e4-416d-9c70-5e51ac66c03b","D11","BLUE","BLUE.AOS.S2","2018-05-21","BLUE.SS.20180521.POM.1","A00000021346","condition ok","SIRFER Lab at University of Utah","2018-08-16","ElFtGy1kV49xqNP00HfxQA==","POM","1",500,25,100,"nitrogen",37.83,"microgramsPerLiter","Revesz & Coplen 2012a",,
"602a1d57-1ba2-4615-adc9-d0c9b1541028","D11","BLUE","BLUE.AOS.S2","2018-05-21","BLUE.SS.20180521.POM.1","A00000021346","condition ok","SIRFER Lab at University of Utah","2018-08-16","ElFtGy1kV49xqNP00HfxQA==","POM","1",500,25,100,"carbon",327.14,"microgramsPerLiter","Revesz & Coplen 2012a",,
"6cd8df6a-69d4-4b6a-828f-a944a34c7de5","D11","BLUE","BLUE.AOS.S2","2018-05-29","BLUE.SS.20180529.POM.1","A00000021551","condition ok","SIRFER Lab at University of Utah","2018-08-16","ElFtGy1kV49xqNP00HfxQA==","POM","1",500,25,100,"carbon",378.93,"microgramsPerLiter","Revesz & Coplen 2012a",,
"ff866314-7d76-4a9b-994a-06680515a433","D11","BLUE","BLUE.AOS.S2","2018-05-29","BLUE.SS.20180529.POM.1","A00000021551","condition ok","SIRFER Lab at University of Utah","2018-08-16","ElFtGy1kV49xqNP00HfxQA==","POM","1",500,25,100,"nitrogen",45.00,"microgramsPerLiter","Revesz & Coplen 2012a",,
"b79c6b8c-1c0c-4bc3-8cc9-cab06d06ea51","D11","BLUE","BLUE.AOS.S2","2018-05-29","BLUE.SS.20180529.POM.1","A00000021551","condition ok","SIRFER Lab at University of Utah","2018-08-16","ElFtGy1kV49xqNP00HfxQA==","POM","1",500,25,100,"d15N",7.32,"perMill","Revesz & Coplen 2012a",,
"10dfa3a6-2d34-4f96-96cb-ac715a125329","D11","BLUE","BLUE.AOS.S2","2018-05-29","BLUE.SS.20180529.POM.1","A00000021551","condition ok","SIRFER Lab at University of Utah","2018-08-16","ElFtGy1kV49xqNP00HfxQA==","POM","1",500,25,100,"d13C",-25.57,"perMill","Revesz & Coplen 2012a",,
