uid,domainID,siteID,namedLocation,collectDate,parentSampleID,parentSampleCode,isotopeH2OSampleCond,isotopeH2OSampleID,isotopeH2OSampleCode,isotopePOMRep2SampleCond,isotopePOMRep2SampleID,isotopePOMRep2SampleCode,isotopePOMSampleCond,isotopePOMSampleID,isotopePOMSampleCode,processedDateFilters,processedDateH2OIsotopes,sampleVolumeFilteredPOMRep1,sampleVolumeFilteredPOMRep2,fieldDataQF
"f91b3e3d-1dd7-498e-83d2-c7ab5ee33ca7","D11","BLUE","BLUE.AOS.S2","2018-05-02T15:30Z","BLUE.SS.20180502",,"Sample condition ok","BLUE.SS.20180502.H2O.1","A00000021186","Sample condition ok","BLUE.SS.20180502.POM.2","A00000021206","Sample condition ok","BLUE.SS.20180502.POM.1","A00000021211","2018-05-02T18:50Z","2018-05-02T18:50Z",500,500,
"f1187324-f3ac-41e7-b171-312b9798d0ae","D11","BLUE","BLUE.AOS.S2","2018-05-08T16:05Z","BLUE.SS.20180508",,"Sample condition ok","BLUE.SS.20180508.H2O.1","A00000021228","Sample condition ok","BLUE.SS.20180508.POM.2","A00000021238","Sample condition ok","BLUE.SS.20180508.POM.1","A00000021240","2018-05-08T19:25Z","2018-05-08T19:25Z",400,400,
"293c95a9-380a-4199-aa24-9f64bb8447ba","D11","BLUE","BLUE.AOS.S2","2018-05-09T15:43Z","BLUE.SS.20180509",,"Sample condition ok","BLUE.SS.20180509.H2O.1","A00000021213","Sample condition ok","BLUE.SS.20180509.POM.2","A00000021242","Sample condition ok","BLUE.SS.20180509.POM.1","A00000021241","2018-05-09T18:40Z","2018-05-09T18:40Z",400,400,
"e8afb787-0130-4edd-8601-ad749907cf9d","D11","BLUE","BLUE.AOS.S2","2018-05-21T17:10Z","BLUE.SS.20180521",,"Sample condition ok","BLUE.SS.20180521.H2O.1","A00000021534","Sample condition ok","BLUE.SS.20180521.POM.2","A00000021347","Sample condition ok","BLUE.SS.20180521.POM.1","A00000021346","2018-05-21T20:10Z","2018-05-21T17:23Z",500,500,
"10386585-334e-4c14-bb94-e666eb27d4ff","D11","BLUE","BLUE.AOS.S2","2018-05-29T16:19Z","BLUE.SS.20180529",,"Sample condition ok","BLUE.SS.20180529.H2O.1","A00000021643","Sample condition ok","BLUE.SS.20180529.POM.2","A00000021550","Sample condition ok","BLUE.SS.20180529.POM.1","A00000021551","2018-05-29T19:18Z","2018-05-29T19:18Z",500,500,
