uid,domainID,siteID,namedLocation,collectDate,analysisDate,isotopeH2OSampleID,isotopeH2OSampleCode,instrumentSN,d18OWater,d2HWater,d18OsdWater,d2HsdWater,isotopeH2OExternalLabQF,laboratoryName,analyzedBy,sampleCondition,externalRemarks,externalLabDataQF
"8cef3fa6-07c6-4982-97b7-bde797b1ad72","D11","BLUE","BLUE.AOS.S2","2018-05-02","2018-05-15","BLUE.SS.20180502.H2O.1","A00000021186","HIDS2046",-4.84,-27.37,0.08,0.34,0,"SIRFER Lab at University of Utah","OlSmE6RRn5QQH8tvUHmK5i/poYiQr6sd","OK",,
"812cad66-e1a4-4652-86a3-f8908c2f4f63","D11","BLUE","BLUE.AOS.S2","2018-05-08","2018-07-25","BLUE.SS.20180508.H2O.1","A00000021228","HIDS2046",-4.55,-30.56,0.00,0.00,0,"SIRFER Lab at University of Utah","OlSmE6RRn5QQH8tvUHmK5i/poYiQr6sd","OK",,
"eb4b353e-c335-4a03-8bea-4120681e7612","D11","BLUE","BLUE.AOS.S2","2018-05-09","2018-07-25","BLUE.SS.20180509.H2O.1","A00000021213","HIDS2046",-4.81,-33.61,0.04,0.40,0,"SIRFER Lab at University of Utah","OlSmE6RRn5QQH8tvUHmK5i/poYiQr6sd","OK",,
"7dcc635a-2c7b-458d-9bfb-76ce9ee0f7b1","D11","BLUE","BLUE.AOS.S2","2018-05-21","2018-07-25","BLUE.SS.20180521.H2O.1","A00000021534","HIDS2046",-5.19,-34.26,0.05,0.34,0,"SIRFER Lab at University of Utah","OlSmE6RRn5QQH8tvUHmK5i/poYiQr6sd","OK",,
"2ffe50de-21f4-42c9-b87f-d2d407dfde9a","D11","BLUE","BLUE.AOS.S2","2018-05-29","2018-07-25","BLUE.SS.20180529.H2O.1","A00000021643","HIDS2046",-5.29,-34.79,0.06,0.65,0,"SIRFER Lab at University of Utah","OlSmE6RRn5QQH8tvUHmK5i/poYiQr6sd","OK",,
