uid,domainID,siteID,namedLocation,decimalLatitude,decimalLongitude,coordinateUncertainty,additionalCoordUncertainty,elevation,elevationUncertainty,geodeticDatum,altLocation,altLatitude,altLongitude,altCoordinateUncertainty,altGeodeticDatum,collectDate,aquaticSiteType,samplingImpractical,parentSampleID,parentSampleCode,eventID,samplerType,dissolvedOxygen,dissolvedOxygenSaturation,specificConductance,waterTemp,asiSamplingProtocolVersion,lowerSegmentDepth,upperSegmentDepth,maxDepth,lakeSampleDepth1,lakeSampleDepth2,aCollectedBy,bCollectedBy,remarks,fieldDataQF
"e9d13d7c-fe57-4d92-89db-a490d945e37d","D11","BLUE","BLUE.AOS.S2",34.443439,-96.623887,0.1,10.0,286.7,0.1,"WGS84",,,,,,"2018-05-02T15:30Z","stream",,"BLUE.SS.20180502",,"BLUE.20180502","Grab",8.31,90.30,573.00,19.40,"NEON.DOC.001886vF",,,,,,"nfenster@battelleecology.org","cburton@battelleecology.org",,
"f8103579-ca6e-459c-94c2-1f54df67753e","D11","BLUE","BLUE.AOS.S2",34.443439,-96.623887,0.1,10.0,286.7,0.1,"WGS84",,,,,,"2018-05-08T16:05Z","stream",,"BLUE.SS.20180508",,"BLUE.20180508","Grab",9.24,104.50,551.00,19.90,"NEON.DOC.001886vF",,,,,,"nfenster@battelleecology.org","kjones03@battelleecology.org",,
"4e0cb9a6-2b56-465c-8d96-61d5bee70529","D11","BLUE","BLUE.AOS.S2",34.443439,-96.623887,0.1,10.0,286.7,0.1,"WGS84",,,,,,"2018-05-09T15:43Z","stream",,"BLUE.SS.20180509",,"BLUE.20180509","Grab",9.09,103.10,557.00,20.00,"NEON.DOC.001886vF",,,,,,"nfenster@battelleecology.org","kjones03@battelleecology.org",,
"4f4880da-ba0d-407c-a7dd-31f469441749","D11","BLUE","BLUE.AOS.S2",34.443439,-96.623887,0.1,10.0,286.7,0.1,"WGS84",,,,,,"2018-05-21T17:10Z","stream",,"BLUE.SS.20180521",,"BLUE.20180521","Grab",10.61,119.10,562.00,20.90,"NEON.DOC.001886vF",,,,,,"nfenster@battelleecology.org","cburton@battelleecology.org",,
"00fa50d2-1cce-4074-b36d-7198f431ebd0","D11","BLUE","BLUE.AOS.S2",34.443439,-96.623887,0.1,10.0,286.7,0.1,"WGS84",,,,,,"2018-05-29T16:19Z","stream",,"BLUE.SS.20180529",,"BLUE.20180529","Grab",9.67,110.70,559.00,22.00,"NEON.DOC.001886vF",,,,,,"kjones03@battelleecology.org","nfenster@battelleecology.org",,
