uid,domainID,siteID,namedLocation,collectDate,sampleID,sampleCode,sampleCondition,laboratoryName,analysisDate,analyzedBy,sampleType,replicate,sampleVolumeFiltered,filterSize,percentFilterAnalyzed,analyte,analyteConcentration,plantAlgaeLabUnits,method,externalRemarks,externalLabDataQF
"c272f57b-198f-4448-bd37-dafad178e9f5","D02","POSE","POSE.AOS.S2","2017-05-02","POSE.SS.20170502.POM.1",,"condition ok","SIRFER Lab at University of Utah","2018-03-09","ElFtGy1kV49xqNP00HfxQA==","POM","1",200,25,100,"d15N",4.02,"perMill","Revesz & Coplen 2012a",,
"914081f1-5230-4ccf-8549-085b64f0aed9","D02","POSE","POSE.AOS.S2","2017-05-02","POSE.SS.20170502.POM.1",,"condition ok","SIRFER Lab at University of Utah","2018-03-09","ElFtGy1kV49xqNP00HfxQA==","POM","1",200,25,100,"nitrogen",194.33,"microgramsPerLiter","Revesz & Coplen 2012a",,
"752b2a21-e970-4b40-b3c6-1b5b0a3ede44","D02","POSE","POSE.AOS.S2","2017-05-02","POSE.SS.20170502.POM.1",,"condition ok","SIRFER Lab at University of Utah","2018-03-09","ElFtGy1kV49xqNP00HfxQA==","POM","1",200,25,100,"carbon",2966.82,"microgramsPerLiter","Revesz & Coplen 2012a",,
"7207be7d-2530-456d-ac24-dc2a08257655","D02","POSE","POSE.AOS.S2","2017-05-02","POSE.SS.20170502.POM.1",,"condition ok","SIRFER Lab at University of Utah","2018-03-09","ElFtGy1kV49xqNP00HfxQA==","POM","1",200,25,100,"d13C",-27.89,"perMill","Revesz & Coplen 2012a",,
"285b544b-4992-47d5-b218-83d2b4dfef33","D02","POSE","POSE.AOS.S2","2017-05-09","POSE.SS.20170509.POM.1",,"condition ok","SIRFER Lab at University of Utah","2018-03-09","ElFtGy1kV49xqNP00HfxQA==","POM","1",300,25,100,"carbon",1033.47,"microgramsPerLiter","Revesz & Coplen 2012a",,
"c8ecaf76-29ce-4e08-b24a-705a184dd783","D02","POSE","POSE.AOS.S2","2017-05-09","POSE.SS.20170509.POM.1",,"condition ok","SIRFER Lab at University of Utah","2018-03-09","ElFtGy1kV49xqNP00HfxQA==","POM","1",300,25,100,"d13C",-28.04,"perMill","Revesz & Coplen 2012a",,
"2966b72d-292c-4115-99a9-307f43ed90e5","D02","POSE","POSE.AOS.S2","2017-05-09","POSE.SS.20170509.POM.1",,"condition ok","SIRFER Lab at University of Utah","2018-03-09","ElFtGy1kV49xqNP00HfxQA==","POM","1",300,25,100,"d15N",5.93,"perMill","Revesz & Coplen 2012a",,
"744f796f-4825-40c5-b794-02d74a835a7e","D02","POSE","POSE.AOS.S2","2017-05-09","POSE.SS.20170509.POM.1",,"condition ok","SIRFER Lab at University of Utah","2018-03-09","ElFtGy1kV49xqNP00HfxQA==","POM","1",300,25,100,"nitrogen",71.39,"microgramsPerLiter","Revesz & Coplen 2012a",,
"00f4d1fc-4d9f-40c1-9053-653c8d31f4ea","D02","POSE","POSE.AOS.S2","2017-05-23","POSE.SS.20170523.POM.1",,"condition ok","SIRFER Lab at University of Utah","2018-03-09","ElFtGy1kV49xqNP00HfxQA==","POM","1",250,25,100,"d15N",3.07,"perMill","Revesz & Coplen 2012a",,
"fe646dfc-a09d-4bf7-b57d-22b7567f5c3d","D02","POSE","POSE.AOS.S2","2017-05-23","POSE.SS.20170523.POM.1",,"condition ok","SIRFER Lab at University of Utah","2018-03-09","ElFtGy1kV49xqNP00HfxQA==","POM","1",250,25,100,"nitrogen",86.10,"microgramsPerLiter","Revesz & Coplen 2012a",,
"2591ad3a-46bf-4156-a5e3-a3774f820004","D02","POSE","POSE.AOS.S2","2017-05-23","POSE.SS.20170523.POM.1",,"condition ok","SIRFER Lab at University of Utah","2018-03-09","ElFtGy1kV49xqNP00HfxQA==","POM","1",250,25,100,"carbon",1343.86,"microgramsPerLiter","Revesz & Coplen 2012a",,
"3472b8c0-56c1-47db-8a3c-f76f15d4ffe4","D02","POSE","POSE.AOS.S2","2017-05-23","POSE.SS.20170523.POM.1",,"condition ok","SIRFER Lab at University of Utah","2018-03-09","ElFtGy1kV49xqNP00HfxQA==","POM","1",250,25,100,"d13C",-28.01,"perMill","Revesz & Coplen 2012a",,
