uid,domainID,siteID,namedLocation,collectDate,parentSampleID,parentSampleCode,isotopeH2OSampleCond,isotopeH2OSampleID,isotopeH2OSampleCode,isotopePOMRep2SampleCond,isotopePOMRep2SampleID,isotopePOMRep2SampleCode,isotopePOMSampleCond,isotopePOMSampleID,isotopePOMSampleCode,processedDateFilters,processedDateH2OIsotopes,sampleVolumeFilteredPOMRep1,sampleVolumeFilteredPOMRep2,fieldDataQF
"ced78372-2631-402a-9dcb-c6d6a303ede3","D17","BIGC","BIGC.AOS.S2","2018-05-08T04:46Z","BIGC.SS.20180507",,"Sample condition ok","BIGC.SS.20180507.H2O.1","A00000025844","Sample condition ok","BIGC.SS.20180507.POM.2","A00000025846","Sample condition ok","BIGC.SS.20180507.POM.1","A00000025847","2018-05-07T19:40Z","2018-05-08T04:56Z",1750,1750,
"6c083a40-4548-4a47-9f1a-a1e983902c74","D17","BIGC","BIGC.AOS.S2","2018-05-08T18:27Z","BIGC.SS.20180508",,"Sample condition ok","BIGC.SS.20180508.H2O.1","A00000025845","Sample condition ok","BIGC.SS.20180508.POM.2","A00000025854","Sample condition ok","BIGC.SS.20180508.POM.1","A00000025853","2018-05-08T21:50Z","2018-05-08T21:50Z",2000,2000,
"5c5d2204-7fbb-4328-8e02-dce397e350e8","D17","BIGC","BIGC.AOS.S2","2018-05-14T16:21Z","BIGC.SS.20180514",,"Sample condition ok","BIGC.SS.20180514.H2O.1","A00000025857","Sample condition ok","BIGC.SS.20180514.POM.2","A00000025861","Sample condition ok","BIGC.SS.20180514.POM.1","A00000025860","2018-05-14T20:35Z","2018-05-14T20:35Z",1750,1750,
"7fe09330-b60f-40a5-a986-7fc1a7367503","D17","BIGC","BIGC.AOS.S2","2018-05-21T17:17Z","BIGC.SS.20180521",,"Sample condition ok","BIGC.SS.20180521.H2O.1","A00000030773","Sample condition ok","BIGC.SS.20180521.POM.2","A00000030791","Sample condition ok","BIGC.SS.20180521.POM.1","A00000030774","2018-05-21T20:44Z","2018-05-21T17:18Z",2000,2000,
"5dba5924-8736-4417-8e10-b43657598ce2","D17","BIGC","BIGC.AOS.S2","2018-05-29T18:08Z","BIGC.SS.20180529",,"Sample condition ok","BIGC.SS.20180529.H2O.1","A00000025996","Sample condition ok","BIGC.SS.20180529.POM.2","A00000026001","Sample condition ok","BIGC.SS.20180529.POM.1","A00000026000","2018-05-29T20:54Z","2018-05-29T20:54Z",2000,2000,
