uid,domainID,siteID,namedLocation,decimalLatitude,decimalLongitude,coordinateUncertainty,additionalCoordUncertainty,elevation,elevationUncertainty,geodeticDatum,altLocation,altLatitude,altLongitude,altCoordinateUncertainty,altGeodeticDatum,collectDate,aquaticSiteType,samplingImpractical,parentSampleID,parentSampleCode,eventID,samplerType,dissolvedOxygen,dissolvedOxygenSaturation,specificConductance,waterTemp,asiSamplingProtocolVersion,lowerSegmentDepth,upperSegmentDepth,maxDepth,lakeSampleDepth1,lakeSampleDepth2,aCollectedBy,bCollectedBy,remarks,fieldDataQF
"963dc90a-c8cd-4cbf-82e9-24961d7e6fc0","D17","BIGC","BIGC.AOS.S2",37.057667,-119.255374,0.1,10.0,1128.1,0.0,"WGS84",,,,,,"2018-05-08T04:46Z","stream",,"BIGC.SS.20180507",,"BIGC.20180507","Grab",10.16,92.40,110.30,11.10,"NEON.DOC.001886vF",,,,,,"hbull@battelleecology.org","hbull@battelleecology.org",,
"651d1964-4018-4d25-9bb2-996f2334457f","D17","BIGC","BIGC.AOS.S2",37.057667,-119.255374,0.1,10.0,1128.1,0.0,"WGS84",,,,,,"2018-05-08T18:27Z","stream",,"BIGC.SS.20180508",,"BIGC.20180508","Grab",7.89,73.40,111.00,12.30,"NEON.DOC.001886vF",,,,,,"hbull@battelleecology.org","hbull@battelleecology.org",,
"3195addb-e9bc-4801-8478-6226e91abfc7","D17","BIGC","BIGC.AOS.S2",37.057667,-119.255374,0.1,10.0,1128.1,0.0,"WGS84",,,,,,"2018-05-14T16:21Z","stream",,"BIGC.SS.20180514",,"BIGC.20180514","Grab",8.33,74.50,112.40,10.50,"NEON.DOC.001886vF",,,,,,"hbull@battelleecology.org","hbull@battelleecology.org",,
"c835abcd-2292-467e-a6a1-c462ec900acb","D17","BIGC","BIGC.AOS.S2",37.057667,-119.255374,0.1,10.0,1128.1,0.0,"WGS84",,,,,,"2018-05-21T17:17Z","stream",,"BIGC.SS.20180521",,"BIGC.20180521","Grab",9.50,85.20,115.70,11.20,"NEON.DOC.001886vF",,,,,,"zlafaver@battelleecology.org","ecrandall@battelleecology.org",,
"6a9b4aca-4366-4e65-b599-0b934743869e","D17","BIGC","BIGC.AOS.S2",37.057667,-119.255374,0.1,10.0,1128.1,0.0,"WGS84",,,,,,"2018-05-29T18:08Z","stream",,"BIGC.SS.20180529",,"BIGC.20180529","Grab",10.97,104.10,115.70,12.60,"NEON.DOC.001886vF",,,,,,"hbull@battelleecology.org","hbull@battelleecology.org",,
