uid,domainID,siteID,namedLocation,collectDate,analysisDate,isotopeH2OSampleID,isotopeH2OSampleCode,instrumentSN,d18OWater,d2HWater,d18OsdWater,d2HsdWater,isotopeH2OExternalLabQF,laboratoryName,analyzedBy,sampleCondition,externalRemarks,externalLabDataQF
"a3e24d33-bfab-43a7-8a38-7bea5a6686a7","D17","BIGC","BIGC.AOS.S2","2018-05-08","2018-07-30","BIGC.SS.20180507.H2O.1","A00000025844","HIDS2046",-11.54,-79.83,0.04,0.08,0,"SIRFER Lab at University of Utah","OlSmE6RRn5QQH8tvUHmK5i/poYiQr6sd","OK",,
"d19ca9f8-866c-469c-bca6-43536c6b6148","D17","BIGC","BIGC.AOS.S2","2018-05-08","2018-07-30","BIGC.SS.20180508.H2O.1","A00000025845","HIDS2046",-11.50,-79.36,0.04,0.35,0,"SIRFER Lab at University of Utah","OlSmE6RRn5QQH8tvUHmK5i/poYiQr6sd","Sample Damaged or Lost","Loose cap vial leaked",
"f144ad0f-5c59-4d18-ab4c-0bdedec6f22d","D17","BIGC","BIGC.AOS.S2","2018-05-14","2018-07-30","BIGC.SS.20180514.H2O.1","A00000025857","HIDS2046",-11.35,-78.83,0.01,0.11,0,"SIRFER Lab at University of Utah","OlSmE6RRn5QQH8tvUHmK5i/poYiQr6sd","OK",,
"f2970459-44d3-4371-8aeb-552f33f475a4","D17","BIGC","BIGC.AOS.S2","2018-05-21","2018-07-30","BIGC.SS.20180521.H2O.1","A00000030773","HIDS2046",-11.60,-79.80,0.03,0.11,0,"SIRFER Lab at University of Utah","OlSmE6RRn5QQH8tvUHmK5i/poYiQr6sd","OK",,
"5019e019-5b9b-41aa-bc6a-72f845c8ec28","D17","BIGC","BIGC.AOS.S2","2018-05-29","2018-07-30","BIGC.SS.20180529.H2O.1","A00000025996","HIDS2046",-11.55,-79.57,0.03,0.13,0,"SIRFER Lab at University of Utah","OlSmE6RRn5QQH8tvUHmK5i/poYiQr6sd","OK",,
