uid,domainID,siteID,namedLocation,collectDate,sampleID,sampleCode,sampleCondition,laboratoryName,analysisDate,analyzedBy,sampleType,replicate,sampleVolumeFiltered,filterSize,percentFilterAnalyzed,analyte,analyteConcentration,plantAlgaeLabUnits,method,externalRemarks,externalLabDataQF
"59f80cb6-defc-4d77-bd46-11aca90c52b6","D17","BIGC","BIGC.AOS.S2","2018-05-08","BIGC.SS.20180507.POM.1","A00000025847","condition ok","SIRFER Lab at University of Utah","2018-01-08","ElFtGy1kV49xqNP00HfxQA==","POM","1",1750,25,100,"nitrogen",8.73,"microgramsPerLiter","Revesz & Coplen 2012a",,
"ab03e619-d1e6-4867-a280-fe5ea2deaa10","D17","BIGC","BIGC.AOS.S2","2018-05-08","BIGC.SS.20180507.POM.1","A00000025847","condition ok","SIRFER Lab at University of Utah","2018-01-08","ElFtGy1kV49xqNP00HfxQA==","POM","1",1750,25,100,"d13C",-26.93,"perMill","Revesz & Coplen 2012a",,
"39f54297-b542-415d-b9bc-3f0418ca208a","D17","BIGC","BIGC.AOS.S2","2018-05-08","BIGC.SS.20180507.POM.1","A00000025847","condition ok","SIRFER Lab at University of Utah","2018-01-08","ElFtGy1kV49xqNP00HfxQA==","POM","1",1750,25,100,"carbon",93.45,"microgramsPerLiter","Revesz & Coplen 2012a",,
"f88a2d77-f7cc-4e25-bb32-efbdff42b8a8","D17","BIGC","BIGC.AOS.S2","2018-05-08","BIGC.SS.20180507.POM.1","A00000025847","condition ok","SIRFER Lab at University of Utah","2018-01-08","ElFtGy1kV49xqNP00HfxQA==","POM","1",1750,25,100,"d15N",3.48,"perMill","Revesz & Coplen 2012a",,
"95999b2c-59f3-4a1d-840b-506e7a62f0f4","D17","BIGC","BIGC.AOS.S2","2018-05-08","BIGC.SS.20180508.POM.1","A00000025853","condition ok","SIRFER Lab at University of Utah","2018-01-08","ElFtGy1kV49xqNP00HfxQA==","POM","1",2000,25,100,"carbon",103.86,"microgramsPerLiter","Revesz & Coplen 2012a",,
"23855d0a-1ed0-488d-9c55-476e8226c73d","D17","BIGC","BIGC.AOS.S2","2018-05-08","BIGC.SS.20180508.POM.1","A00000025853","condition ok","SIRFER Lab at University of Utah","2018-01-08","ElFtGy1kV49xqNP00HfxQA==","POM","1",2000,25,100,"nitrogen",9.22,"microgramsPerLiter","Revesz & Coplen 2012a",,
"3328050f-c04c-46e1-869a-cc4d919d5fa7","D17","BIGC","BIGC.AOS.S2","2018-05-08","BIGC.SS.20180508.POM.1","A00000025853","condition ok","SIRFER Lab at University of Utah","2018-01-08","ElFtGy1kV49xqNP00HfxQA==","POM","1",2000,25,100,"d15N",1.76,"perMill","Revesz & Coplen 2012a",,
"2f0985cc-b381-441e-9b38-1d566cad6dc0","D17","BIGC","BIGC.AOS.S2","2018-05-08","BIGC.SS.20180508.POM.1","A00000025853","condition ok","SIRFER Lab at University of Utah","2018-01-08","ElFtGy1kV49xqNP00HfxQA==","POM","1",2000,25,100,"d13C",-27.30,"perMill","Revesz & Coplen 2012a",,
"675f1d6a-71d1-4aba-a7ba-0999f77b299e","D17","BIGC","BIGC.AOS.S2","2018-05-14","BIGC.SS.20180514.POM.1","A00000025860","condition ok","SIRFER Lab at University of Utah","2018-01-08","ElFtGy1kV49xqNP00HfxQA==","POM","1",1750,25,100,"carbon",95.83,"microgramsPerLiter","Revesz & Coplen 2012a",,
"bb9f3b58-cea4-4363-8580-2bf1310738c0","D17","BIGC","BIGC.AOS.S2","2018-05-14","BIGC.SS.20180514.POM.1","A00000025860","condition ok","SIRFER Lab at University of Utah","2018-01-08","ElFtGy1kV49xqNP00HfxQA==","POM","1",1750,25,100,"d13C",-26.87,"perMill","Revesz & Coplen 2012a",,
"e8c6653c-efd2-4c5f-b79f-46dacb153207","D17","BIGC","BIGC.AOS.S2","2018-05-14","BIGC.SS.20180514.POM.1","A00000025860","condition ok","SIRFER Lab at University of Utah","2018-01-08","ElFtGy1kV49xqNP00HfxQA==","POM","1",1750,25,100,"d15N",2.67,"perMill","Revesz & Coplen 2012a",,
"8df3aace-9a63-4629-9e23-9828dc994cf0","D17","BIGC","BIGC.AOS.S2","2018-05-14","BIGC.SS.20180514.POM.1","A00000025860","condition ok","SIRFER Lab at University of Utah","2018-01-08","ElFtGy1kV49xqNP00HfxQA==","POM","1",1750,25,100,"nitrogen",8.78,"microgramsPerLiter","Revesz & Coplen 2012a",,
"c70c9809-cbeb-46f7-9214-c3aee090d836","D17","BIGC","BIGC.AOS.S2","2018-05-21","BIGC.SS.20180521.POM.1","A00000030774","condition ok","SIRFER Lab at University of Utah","2018-01-08","ElFtGy1kV49xqNP00HfxQA==","POM","1",2000,25,100,"carbon",89.81,"microgramsPerLiter","Revesz & Coplen 2012a",,
"4c18f32a-f7dc-42d4-bca3-5c67a8358d8d","D17","BIGC","BIGC.AOS.S2","2018-05-21","BIGC.SS.20180521.POM.1","A00000030774","condition ok","SIRFER Lab at University of Utah","2018-01-08","ElFtGy1kV49xqNP00HfxQA==","POM","1",2000,25,100,"nitrogen",8.44,"microgramsPerLiter","Revesz & Coplen 2012a",,
"b8d9140f-5377-4321-808a-61ee135f5fb4","D17","BIGC","BIGC.AOS.S2","2018-05-21","BIGC.SS.20180521.POM.1","A00000030774","condition ok","SIRFER Lab at University of Utah","2018-01-08","ElFtGy1kV49xqNP00HfxQA==","POM","1",2000,25,100,"d13C",-27.98,"perMill","Revesz & Coplen 2012a",,
"e2f8df18-4f5b-4950-8eac-1e8562a18a63","D17","BIGC","BIGC.AOS.S2","2018-05-21","BIGC.SS.20180521.POM.1","A00000030774","condition ok","SIRFER Lab at University of Utah","2018-01-08","ElFtGy1kV49xqNP00HfxQA==","POM","1",2000,25,100,"d15N",2.31,"perMill","Revesz & Coplen 2012a",,
"4f417935-9aec-4cfc-a697-fa24e3f267df","D17","BIGC","BIGC.AOS.S2","2018-05-29","BIGC.SS.20180529.POM.1","A00000026000","condition ok","SIRFER Lab at University of Utah","2018-01-08","ElFtGy1kV49xqNP00HfxQA==","POM","1",2000,25,100,"d15N",2.29,"perMill","Revesz & Coplen 2012a",,
"dd97e252-3c9b-4768-9aab-d25ee6f88040","D17","BIGC","BIGC.AOS.S2","2018-05-29","BIGC.SS.20180529.POM.1","A00000026000","condition ok","SIRFER Lab at University of Utah","2018-01-08","ElFtGy1kV49xqNP00HfxQA==","POM","1",2000,25,100,"carbon",88.46,"microgramsPerLiter","Revesz & Coplen 2012a",,
"7783e556-de4a-4c5e-a88f-24ce2905b74f","D17","BIGC","BIGC.AOS.S2","2018-05-29","BIGC.SS.20180529.POM.1","A00000026000","condition ok","SIRFER Lab at University of Utah","2018-01-08","ElFtGy1kV49xqNP00HfxQA==","POM","1",2000,25,100,"d13C",-26.34,"perMill","Revesz & Coplen 2012a",,
"a57efa06-8415-4fdb-ac39-00304b66612c","D17","BIGC","BIGC.AOS.S2","2018-05-29","BIGC.SS.20180529.POM.1","A00000026000","condition ok","SIRFER Lab at University of Utah","2018-01-08","ElFtGy1kV49xqNP00HfxQA==","POM","1",2000,25,100,"nitrogen",8.66,"microgramsPerLiter","Revesz & Coplen 2012a",,
