uid,domainID,siteID,namedLocation,collectDate,sampleID,sampleCode,sampleCondition,laboratoryName,analysisDate,analyzedBy,sampleType,replicate,sampleVolumeFiltered,filterSize,percentFilterAnalyzed,analyte,analyteConcentration,plantAlgaeLabUnits,method,externalRemarks,externalLabDataQF
"13b65459-474d-450c-a6ec-de86c22727c8","D13","COMO","COMO.AOS.S2","2019-01-14","COMO.SS.20190114.POM.1","A00000051434","condition ok","SIRFER Lab at University of Utah","2019-04-26","ElFtGy1kV49xqNP00HfxQA==","POM","1",750,25,100,"carbon",267.57,"microgramsPerLiter","Revesz & Coplen 2012a",,
"f2b590a8-317b-4a03-92e2-7c6b784f6060","D13","COMO","COMO.AOS.S2","2019-01-14","COMO.SS.20190114.POM.1","A00000051434","condition ok","SIRFER Lab at University of Utah","2019-04-26","ElFtGy1kV49xqNP00HfxQA==","POM","1",750,25,100,"nitrogen",21.11,"microgramsPerLiter","Revesz & Coplen 2012a",,
"d99d6f49-d0ab-431f-b366-0b7fc36f177d","D13","COMO","COMO.AOS.S2","2019-01-14","COMO.SS.20190114.POM.1","A00000051434","condition ok","SIRFER Lab at University of Utah","2019-04-26","ElFtGy1kV49xqNP00HfxQA==","POM","1",750,25,100,"d15N",3.22,"perMill","Revesz & Coplen 2012a",,
"6b689dda-21b0-49de-b87f-a5a8a54a1dfb","D13","COMO","COMO.AOS.S2","2019-01-14","COMO.SS.20190114.POM.1","A00000051434","condition ok","SIRFER Lab at University of Utah","2019-04-26","ElFtGy1kV49xqNP00HfxQA==","POM","1",750,25,100,"d13C",-28.63,"perMill","Revesz & Coplen 2012a",,
