uid,domainID,siteID,namedLocation,collectDate,sampleID,sampleCode,sampleCondition,laboratoryName,analysisDate,analyzedBy,sampleType,replicate,sampleVolumeFiltered,filterSize,percentFilterAnalyzed,analyte,analyteConcentration,plantAlgaeLabUnits,method,externalRemarks,externalLabDataQF
"84c8af77-05ba-4733-86a8-794af333d92b","D06","MCDI","MCDI.AOS.S2","2018-08-07","MCDI.SS.20180807.POM.1",,"condition ok","SIRFER Lab at University of Utah","2018-10-16","ElFtGy1kV49xqNP00HfxQA==","POM","1",95,25,100,"nitrogen",827.14,"microgramsPerLiter","Revesz & Coplen 2012a",,
"21be4175-10ea-4880-bb65-ffcc39fe0edb","D06","MCDI","MCDI.AOS.S2","2018-08-07","MCDI.SS.20180807.POM.1",,"condition ok","SIRFER Lab at University of Utah","2018-10-16","ElFtGy1kV49xqNP00HfxQA==","POM","1",95,25,100,"d15N",8.83,"perMill","Revesz & Coplen 2012a",,
"ef691918-9e4c-445f-b65e-6d7e152fff2c","D06","MCDI","MCDI.AOS.S2","2018-08-07","MCDI.SS.20180807.POM.1",,"condition ok","SIRFER Lab at University of Utah","2018-10-16","ElFtGy1kV49xqNP00HfxQA==","POM","1",95,25,100,"carbon",4773.04,"microgramsPerLiter","Revesz & Coplen 2012a",,
"1b670b38-cadc-4d4a-bf24-67ed745073c7","D06","MCDI","MCDI.AOS.S2","2018-08-07","MCDI.SS.20180807.POM.1",,"condition ok","SIRFER Lab at University of Utah","2018-10-16","ElFtGy1kV49xqNP00HfxQA==","POM","1",95,25,100,"d13C",-35.19,"perMill","Revesz & Coplen 2012a",,
"622c9915-8656-4f0a-8b97-23b6c026c5b1","D06","MCDI","MCDI.AOS.S2","2018-08-13","MCDI.SS.20180813.POM.1",,"condition ok","SIRFER Lab at University of Utah","2018-10-16","ElFtGy1kV49xqNP00HfxQA==","POM","1",125,25,100,"d13C",-34.87,"perMill","Revesz & Coplen 2012a",,
"4ad8765a-2ab2-460d-9e9d-2539a1b006f0","D06","MCDI","MCDI.AOS.S2","2018-08-13","MCDI.SS.20180813.POM.1",,"condition ok","SIRFER Lab at University of Utah","2018-10-16","ElFtGy1kV49xqNP00HfxQA==","POM","1",125,25,100,"d15N",6.73,"perMill","Revesz & Coplen 2012a",,
"6f7195d2-7d3d-420c-aaa3-ea2ff8a70035","D06","MCDI","MCDI.AOS.S2","2018-08-13","MCDI.SS.20180813.POM.1",,"condition ok","SIRFER Lab at University of Utah","2018-10-16","ElFtGy1kV49xqNP00HfxQA==","POM","1",125,25,100,"nitrogen",327.81,"microgramsPerLiter","Revesz & Coplen 2012a",,
"9f9881a6-9b72-4e12-b642-3837009310f6","D06","MCDI","MCDI.AOS.S2","2018-08-13","MCDI.SS.20180813.POM.1",,"condition ok","SIRFER Lab at University of Utah","2018-10-16","ElFtGy1kV49xqNP00HfxQA==","POM","1",125,25,100,"carbon",1801.14,"microgramsPerLiter","Revesz & Coplen 2012a",,
