uid,domainID,siteID,namedLocation,collectDate,sampleID,sampleCode,sampleCondition,laboratoryName,analysisDate,analyzedBy,sampleType,replicate,sampleVolumeFiltered,filterSize,percentFilterAnalyzed,analyte,analyteConcentration,plantAlgaeLabUnits,method,externalRemarks,externalLabDataQF
"57beafed-379d-4be0-8784-05a833e3b757","D09","PRPO","PRPO.AOS.inlet","2015-08-04","PRPO.IN.20150804.POM.1",,"other","Academy of Natural Sciences of Drexel University","2017-01-31","OKgcKejxXbI=","13C15N","1",,,100,"d13C",,"perMill",,"Filter stained blue, sample maxed out collector",
"dd98e13b-7aa9-4b25-98a6-e0574cbc20c2","D09","PRPO","PRPO.AOS.inlet","2015-08-04","PRPO.IN.20150804.POM.2",,"other","Academy of Natural Sciences of Drexel University","2017-05-17","OKgcKejxXbI=","13C15N","2",,,50,"d13C",,"perMill",,"Filter stained blue, sample maxed out collector",
"9c295f21-6a50-4824-89ef-c20b54e60fa5","D09","PRPO","PRPO.AOS.inlet","2015-08-04","PRPO.IN.20150804.POM.2",,"other","Academy of Natural Sciences of Drexel University","2017-05-17","OKgcKejxXbI=","13C15N","2",,,50,"d15N",6.83,"perMill",,"Filter stained blue",
"3fe0403d-5986-44bf-b787-09c433086064","D09","PRPO","PRPO.AOS.inlet","2015-08-04","PRPO.IN.20150804.POM.1",,"other","Academy of Natural Sciences of Drexel University","2017-01-31","OKgcKejxXbI=","13C15N","1",,,100,"d15N",6.68,"perMill",,"Filter stained blue",
"67284bda-d254-4852-92e5-8c044ec0f60c","D09","PRPO","PRPO.AOS.buoy.c0","2015-08-04","PRPO.C0.20150804.POM.2",,"other","Academy of Natural Sciences of Drexel University","2017-05-17","OKgcKejxXbI=","13C15N","2",,,50,"d13C",,"perMill",,"Filter stained blue, sample maxed out collector",
"a6b83c64-8e28-4f53-bf45-0607db96d42a","D09","PRPO","PRPO.AOS.buoy.c0","2015-08-04","PRPO.C0.20150804.POM.1",,"other","Academy of Natural Sciences of Drexel University","2017-01-31","OKgcKejxXbI=","13C15N","1",,,100,"d13C",,"perMill",,"Filter stained blue, sample maxed out collector",
"99664a74-5fe6-4f02-afa4-a5ffcfb8ca5c","D09","PRPO","PRPO.AOS.buoy.c0","2015-08-04","PRPO.C0.20150804.POM.1",,"other","Academy of Natural Sciences of Drexel University","2017-01-31","OKgcKejxXbI=","13C15N","1",,,100,"d15N",6.93,"perMill",,"Filter stained blue",
"bced649a-dba4-4f96-9a9e-67c25f1514e4","D09","PRPO","PRPO.AOS.buoy.c0","2015-08-04","PRPO.C0.20150804.POM.2",,"other","Academy of Natural Sciences of Drexel University","2017-05-17","OKgcKejxXbI=","13C15N","2",,,50,"d15N",7.14,"perMill",,"Filter stained blue",
"1e2580f1-18e2-4fe0-8a33-e40213604046","D09","PRPO","PRPO.AOS.outlet","2015-08-04","PRPO.OT.20150804.POM.1",,"other","Academy of Natural Sciences of Drexel University","2017-01-31","OKgcKejxXbI=","13C15N","1",,,100,"d15N",7.26,"perMill",,"Filter stained blue",
"58fe6866-85b6-4628-bd60-7ca2f07ff023","D09","PRPO","PRPO.AOS.outlet","2015-08-04","PRPO.OT.20150804.POM.2",,"other","Academy of Natural Sciences of Drexel University","2017-05-17","OKgcKejxXbI=","13C15N","2",,,50,"d15N",7.41,"perMill",,"Filter stained blue",
"5f8224a6-4a16-4038-a076-943c4b2071de","D09","PRPO","PRPO.AOS.outlet","2015-08-04","PRPO.OT.20150804.POM.2",,"other","Academy of Natural Sciences of Drexel University","2017-05-17","OKgcKejxXbI=","13C15N","2",,,50,"d13C",-23.64,"perMill",,"Filter stained blue",
"889934c8-bca5-42ef-9630-2f0e3efffc0c","D09","PRPO","PRPO.AOS.outlet","2015-08-04","PRPO.OT.20150804.POM.1",,"other","Academy of Natural Sciences of Drexel University","2017-01-31","OKgcKejxXbI=","13C15N","1",,,100,"d13C",,"perMill",,"Filter stained blue, sample maxed out collector",
