uid,domainID,siteID,namedLocation,collectDate,sampleID,sampleCode,sampleCondition,laboratoryName,analysisDate,analyzedBy,sampleType,replicate,sampleVolumeFiltered,filterSize,percentFilterAnalyzed,analyte,analyteConcentration,plantAlgaeLabUnits,method,externalRemarks,externalLabDataQF
"19cb5667-6b8c-4d2a-9aa8-582b9792900c","D05","LIRO","LIRO.AOS.buoy.c1","2019-05-13","LIRO.C1.20190513.POM.1","A00000076032","condition ok","SIRFER Lab at University of Utah","2019-09-09","ElFtGy1kV49xqNP00HfxQA==","POM","1",300,25,100,"nitrogen",70.39,"microgramsPerLiter","Revesz & Coplen 2012a",,
"bfe630f5-5905-4214-a588-e6be21951488","D05","LIRO","LIRO.AOS.buoy.c1","2019-05-13","LIRO.C1.20190513.POM.1","A00000076032","condition ok","SIRFER Lab at University of Utah","2019-09-09","ElFtGy1kV49xqNP00HfxQA==","POM","1",300,25,100,"d15N",-0.33,"perMill","Revesz & Coplen 2012a",,
"82e0c92f-c02f-4a07-9f78-d338b374ed74","D05","LIRO","LIRO.AOS.buoy.c1","2019-05-13","LIRO.C1.20190513.POM.1","A00000076032","condition ok","SIRFER Lab at University of Utah","2019-09-09","ElFtGy1kV49xqNP00HfxQA==","POM","1",300,25,100,"d13C",-35.16,"perMill","Revesz & Coplen 2012a",,
"35b79a8f-55da-43e8-bc03-cd3bf66e8857","D05","LIRO","LIRO.AOS.buoy.c1","2019-05-13","LIRO.C1.20190513.POM.1","A00000076032","condition ok","SIRFER Lab at University of Utah","2019-09-09","ElFtGy1kV49xqNP00HfxQA==","POM","1",300,25,100,"carbon",504.64,"microgramsPerLiter","Revesz & Coplen 2012a",,
"550c54a9-cb6d-4f11-b937-3c39d512f35a","D05","LIRO","LIRO.AOS.buoy.c2","2019-05-13","LIRO.C2.20190513.POM.1","A00000076079","condition ok","SIRFER Lab at University of Utah","2019-09-09","ElFtGy1kV49xqNP00HfxQA==","POM","1",200,25,100,"d15N",2.43,"perMill","Revesz & Coplen 2012a",,
"bc44cf87-2037-4a95-8717-7072c7398c14","D05","LIRO","LIRO.AOS.buoy.c2","2019-05-13","LIRO.C2.20190513.POM.1","A00000076079","condition ok","SIRFER Lab at University of Utah","2019-09-09","ElFtGy1kV49xqNP00HfxQA==","POM","1",200,25,100,"carbon",1096.46,"microgramsPerLiter","Revesz & Coplen 2012a",,
"21a1ef27-eef0-4991-bac6-88698ec10abb","D05","LIRO","LIRO.AOS.buoy.c2","2019-05-13","LIRO.C2.20190513.POM.1","A00000076079","condition ok","SIRFER Lab at University of Utah","2019-09-09","ElFtGy1kV49xqNP00HfxQA==","POM","1",200,25,100,"nitrogen",149.43,"microgramsPerLiter","Revesz & Coplen 2012a",,
"c44c9c12-3a3a-44fe-a954-46f0a0eb4131","D05","LIRO","LIRO.AOS.buoy.c2","2019-05-13","LIRO.C2.20190513.POM.1","A00000076079","condition ok","SIRFER Lab at University of Utah","2019-09-09","ElFtGy1kV49xqNP00HfxQA==","POM","1",200,25,100,"d13C",-35.17,"perMill","Revesz & Coplen 2012a",,
