uid,domainID,siteID,namedLocation,collectDate,sampleID,sampleCode,sampleCondition,laboratoryName,analysisDate,analyzedBy,sampleType,replicate,sampleVolumeFiltered,filterSize,percentFilterAnalyzed,analyte,analyteConcentration,plantAlgaeLabUnits,method,externalRemarks,externalLabDataQF
"0f3f7d21-e04e-4841-b093-b66f6bd1b9d9","D02","POSE","POSE.AOS.S2","2018-01-09","POSE.SS.20180109.POM.1",,"condition ok","SIRFER Lab at University of Utah","2018-08-13","ElFtGy1kV49xqNP00HfxQA==","POM","1",400,25,100,"carbon",2056.42,"microgramsPerLiter","Revesz & Coplen 2012a",,
"7607cdf8-369a-443a-9531-fcb68917c913","D02","POSE","POSE.AOS.S2","2018-01-09","POSE.SS.20180109.POM.1",,"condition ok","SIRFER Lab at University of Utah","2018-08-13","ElFtGy1kV49xqNP00HfxQA==","POM","1",400,25,100,"nitrogen",155.28,"microgramsPerLiter","Revesz & Coplen 2012a",,
"66d2dab8-aef4-4b65-91c9-688e266dcc23","D02","POSE","POSE.AOS.S2","2018-01-09","POSE.SS.20180109.POM.1",,"condition ok","SIRFER Lab at University of Utah","2018-08-13","ElFtGy1kV49xqNP00HfxQA==","POM","1",400,25,100,"d13C",-27.90,"perMill","Revesz & Coplen 2012a",,
"46643e85-f32c-4ba3-815e-c1a03bf253ec","D02","POSE","POSE.AOS.S2","2018-01-09","POSE.SS.20180109.POM.1",,"condition ok","SIRFER Lab at University of Utah","2018-08-13","ElFtGy1kV49xqNP00HfxQA==","POM","1",400,25,100,"d15N",1.98,"perMill","Revesz & Coplen 2012a",,
"a78c6e1b-2fa0-48dc-bc44-526e49801678","D02","POSE","POSE.AOS.S2","2018-01-23","POSE.SS.20180123.POM.1",,"condition ok","SIRFER Lab at University of Utah","2018-08-13","ElFtGy1kV49xqNP00HfxQA==","POM","1",400,25,100,"nitrogen",59.99,"microgramsPerLiter","Revesz & Coplen 2012a",,
"260fcaf8-64a4-4727-a1f6-04dc7231548a","D02","POSE","POSE.AOS.S2","2018-01-23","POSE.SS.20180123.POM.1",,"condition ok","SIRFER Lab at University of Utah","2018-08-13","ElFtGy1kV49xqNP00HfxQA==","POM","1",400,25,100,"d15N",-8.05,"perMill","Revesz & Coplen 2012a",,
"d8c34aa4-3086-4e98-8045-e50635dc3ae5","D02","POSE","POSE.AOS.S2","2018-01-23","POSE.SS.20180123.POM.1",,"condition ok","SIRFER Lab at University of Utah","2018-08-13","ElFtGy1kV49xqNP00HfxQA==","POM","1",400,25,100,"carbon",498.80,"microgramsPerLiter","Revesz & Coplen 2012a",,
"23eb6621-b65f-46ca-a575-6ae15b933ab3","D02","POSE","POSE.AOS.S2","2018-01-23","POSE.SS.20180123.POM.1",,"condition ok","SIRFER Lab at University of Utah","2018-08-13","ElFtGy1kV49xqNP00HfxQA==","POM","1",400,25,100,"d13C",-26.13,"perMill","Revesz & Coplen 2012a",,
