uid,domainID,siteID,namedLocation,collectDate,sampleID,sampleCode,sampleCondition,laboratoryName,analysisDate,analyzedBy,sampleType,replicate,sampleVolumeFiltered,filterSize,percentFilterAnalyzed,analyte,analyteConcentration,plantAlgaeLabUnits,method,externalRemarks,externalLabDataQF
"ca89d9e8-468b-4aac-a28c-a1b83638b62f","D08","BLWA","BLWA.AOS.buoy.c0","2018-05-02","BLWA.C0.20180502.POM.1","A00000015425","condition ok","SIRFER Lab at University of Utah","2018-08-30","ElFtGy1kV49xqNP00HfxQA==","POM","1",100,25,100,"d15N",5.53,"perMill","Revesz & Coplen 2012a",,
"e20be390-ec47-409c-ac0e-92abf16b4cbf","D08","BLWA","BLWA.AOS.buoy.c0","2018-05-02","BLWA.C0.20180502.POM.1","A00000015425","condition ok","SIRFER Lab at University of Utah","2018-08-30","ElFtGy1kV49xqNP00HfxQA==","POM","1",100,25,100,"carbon",1323.89,"microgramsPerLiter","Revesz & Coplen 2012a",,
"a28183d1-6604-41c3-9226-57811abbbab4","D08","BLWA","BLWA.AOS.buoy.c0","2018-05-02","BLWA.C0.20180502.POM.1","A00000015425","condition ok","SIRFER Lab at University of Utah","2018-08-30","ElFtGy1kV49xqNP00HfxQA==","POM","1",100,25,100,"d13C",-28.49,"perMill","Revesz & Coplen 2012a",,
"d7d4699b-26f5-4f49-824c-986dde7217e4","D08","BLWA","BLWA.AOS.buoy.c0","2018-05-02","BLWA.C0.20180502.POM.1","A00000015425","condition ok","SIRFER Lab at University of Utah","2018-08-30","ElFtGy1kV49xqNP00HfxQA==","POM","1",100,25,100,"nitrogen",174.49,"microgramsPerLiter","Revesz & Coplen 2012a",,
"22bbdd32-e559-4444-b2b9-f0aa060653ff","D08","BLWA","BLWA.AOS.buoy.c1","2018-05-15","BLWA.C1.20180515.POM.1","A00000015352","condition ok","SIRFER Lab at University of Utah","2018-08-28","ElFtGy1kV49xqNP00HfxQA==","POM","1",100,25,100,"d15N",7.42,"perMill","Revesz & Coplen 2012a",,
"8813e8f5-6c98-4d7d-b7dc-a4dbb5d7913e","D08","BLWA","BLWA.AOS.buoy.c1","2018-05-15","BLWA.C1.20180515.POM.1","A00000015352","condition ok","SIRFER Lab at University of Utah","2018-08-28","ElFtGy1kV49xqNP00HfxQA==","POM","1",100,25,100,"nitrogen",193.01,"microgramsPerLiter","Revesz & Coplen 2012a",,
"e716d729-0d37-4a6f-968e-62022d297131","D08","BLWA","BLWA.AOS.buoy.c1","2018-05-15","BLWA.C1.20180515.POM.1","A00000015352","condition ok","SIRFER Lab at University of Utah","2018-08-28","ElFtGy1kV49xqNP00HfxQA==","POM","1",100,25,100,"d13C",-31.20,"perMill","Revesz & Coplen 2012a",,
"fda9d14c-94e6-4eba-bf5a-32c196196af0","D08","BLWA","BLWA.AOS.buoy.c1","2018-05-15","BLWA.C1.20180515.POM.1","A00000015352","condition ok","SIRFER Lab at University of Utah","2018-08-28","ElFtGy1kV49xqNP00HfxQA==","POM","1",100,25,100,"carbon",1455.39,"microgramsPerLiter","Revesz & Coplen 2012a",,
"ecea0ce9-a338-4b4a-b704-9368647171df","D08","BLWA","BLWA.AOS.buoy.c2","2018-05-15","BLWA.C2.20180515.POM.1","A00000013596","condition ok","SIRFER Lab at University of Utah","2018-08-28","ElFtGy1kV49xqNP00HfxQA==","POM","1",100,25,100,"carbon",1250.47,"microgramsPerLiter","Revesz & Coplen 2012a",,
"39545acb-74eb-4017-bc55-0fb09a7f5109","D08","BLWA","BLWA.AOS.buoy.c2","2018-05-15","BLWA.C2.20180515.POM.1","A00000013596","condition ok","SIRFER Lab at University of Utah","2018-08-28","ElFtGy1kV49xqNP00HfxQA==","POM","1",100,25,100,"d15N",7.45,"perMill","Revesz & Coplen 2012a",,
"d01f1d9b-9e38-4770-8c7e-e0047c69b0b1","D08","BLWA","BLWA.AOS.buoy.c2","2018-05-15","BLWA.C2.20180515.POM.1","A00000013596","condition ok","SIRFER Lab at University of Utah","2018-08-28","ElFtGy1kV49xqNP00HfxQA==","POM","1",100,25,100,"d13C",-31.17,"perMill","Revesz & Coplen 2012a",,
"8db17bf1-0683-4d4e-8ac3-10369ebffce2","D08","BLWA","BLWA.AOS.buoy.c2","2018-05-15","BLWA.C2.20180515.POM.1","A00000013596","condition ok","SIRFER Lab at University of Utah","2018-08-28","ElFtGy1kV49xqNP00HfxQA==","POM","1",100,25,100,"nitrogen",184.98,"microgramsPerLiter","Revesz & Coplen 2012a",,
"ec910278-a894-47aa-a3aa-9293f39bc45e","D08","BLWA","BLWA.AOS.buoy.c0","2018-05-30","BLWA.C0.20180530.POM.1","A00000015347","condition ok","SIRFER Lab at University of Utah","2018-08-30","ElFtGy1kV49xqNP00HfxQA==","POM","1",100,25,100,"d13C",-28.51,"perMill","Revesz & Coplen 2012a",,
"c08294c2-5cdd-4f90-a70e-f1139e7da308","D08","BLWA","BLWA.AOS.buoy.c0","2018-05-30","BLWA.C0.20180530.POM.1","A00000015347","condition ok","SIRFER Lab at University of Utah","2018-08-30","ElFtGy1kV49xqNP00HfxQA==","POM","1",100,25,100,"d15N",7.32,"perMill","Revesz & Coplen 2012a",,
"23dde3d2-05b1-4eca-85d2-d6bba476cf77","D08","BLWA","BLWA.AOS.buoy.c0","2018-05-30","BLWA.C0.20180530.POM.1","A00000015347","condition ok","SIRFER Lab at University of Utah","2018-08-30","ElFtGy1kV49xqNP00HfxQA==","POM","1",100,25,100,"carbon",1807.25,"microgramsPerLiter","Revesz & Coplen 2012a",,
"972a150d-4076-45fc-bd96-778e6dd449e3","D08","BLWA","BLWA.AOS.buoy.c0","2018-05-30","BLWA.C0.20180530.POM.1","A00000015347","condition ok","SIRFER Lab at University of Utah","2018-08-30","ElFtGy1kV49xqNP00HfxQA==","POM","1",100,25,100,"nitrogen",270.45,"microgramsPerLiter","Revesz & Coplen 2012a",,
