uid,domainID,siteID,namedLocation,collectDate,parentSampleID,parentSampleCode,isotopeH2OSampleCond,isotopeH2OSampleID,isotopeH2OSampleCode,isotopePOMRep2SampleCond,isotopePOMRep2SampleID,isotopePOMRep2SampleCode,isotopePOMSampleCond,isotopePOMSampleID,isotopePOMSampleCode,processedDateFilters,processedDateH2OIsotopes,sampleVolumeFilteredPOMRep1,sampleVolumeFilteredPOMRep2,fieldDataQF
"b3e0cbd3-29d4-4604-b219-252bdcb8ca4e","D08","BLWA","BLWA.AOS.buoy.c0","2018-05-02T15:30Z","BLWA.C0.20180502",,"Sample condition ok","BLWA.C0.20180502.H2O.1","A00000015335","Sample condition ok","BLWA.C0.20180502.POM.2","A00000015426","Sample condition ok","BLWA.C0.20180502.POM.1","A00000015425","2018-05-02T15:30Z","2018-05-02T15:30Z",100,100,
"0e27c476-bcf0-429f-8c04-9b6b9ccac499","D08","BLWA","BLWA.AOS.buoy.c1","2018-05-15T19:28Z","BLWA.C1.20180515",,"Sample condition ok","BLWA.C1.20180515.H2O.1","A00000013582","Sample condition ok","BLWA.C1.20180515.POM.2","A00000015363","Sample condition ok","BLWA.C1.20180515.POM.1","A00000015352","2018-05-15T19:28Z","2018-05-15T19:28Z",100,100,
"3edbfaab-54c8-4475-9023-c53986fed0a6","D08","BLWA","BLWA.AOS.buoy.c2","2018-05-15T20:00Z","BLWA.C2.20180515",,"Sample condition ok","BLWA.C2.20180515.H2O.1","A00000013598","Sample condition ok","BLWA.C2.20180515.POM.2","A00000013597","Sample condition ok","BLWA.C2.20180515.POM.1","A00000013596","2018-05-15T23:05Z","2018-05-15T23:05Z",100,100,
"253a5964-75fd-42d5-a4ab-64c60d7f4a8a","D08","BLWA","BLWA.AOS.buoy.c0","2018-05-30T17:04Z","BLWA.C0.20180530",,"Sample condition ok","BLWA.C0.20180530.H2O.1","A00000013602","Sample condition ok","BLWA.C0.20180530.POM.2","A00000015348","Sample condition ok","BLWA.C0.20180530.POM.1","A00000015347","2018-05-30T17:04Z","2018-05-30T17:04Z",100,100,
