uid,domainID,siteID,namedLocation,decimalLatitude,decimalLongitude,coordinateUncertainty,additionalCoordUncertainty,elevation,elevationUncertainty,geodeticDatum,altLocation,altLatitude,altLongitude,altCoordinateUncertainty,altGeodeticDatum,collectDate,aquaticSiteType,samplingImpractical,parentSampleID,parentSampleCode,eventID,samplerType,dissolvedOxygen,dissolvedOxygenSaturation,specificConductance,waterTemp,asiSamplingProtocolVersion,lowerSegmentDepth,upperSegmentDepth,maxDepth,lakeSampleDepth1,lakeSampleDepth2,aCollectedBy,bCollectedBy,remarks,fieldDataQF
"912e9730-129f-4544-b400-04defea99541","D08","BLWA","BLWA.AOS.buoy.c0",32.540670,-87.798060,1.0,10.0,20.0,10.0,"WGS84",,,,,,"2018-05-02T15:30Z","river",,"BLWA.C0.20180502",,"BLWA.20180502","Kemmerer",9.10,97.60,144.30,18.90,"NEON.DOC.001886vF",,,5.5,0.5,,"dshipman@battelleecology.org","kmiller@battelleecology.org",,
"c7a81618-2853-40da-81b8-2140ac26de95","D08","BLWA","BLWA.AOS.buoy.c1",32.540670,-87.798060,1.0,10.0,20.0,10.0,"WGS84",,,,,,"2018-05-15T19:28Z","river",,"BLWA.C1.20180515",,"BLWA.20180515","Kemmerer",10.31,130.50,125.40,27.50,"NEON.DOC.001886vF",1.0,0.0,6.3,0.5,,"kmiller@battelleecology.org","jgalloway@battelleecology.org",,
"c1703220-530e-4ecb-8ad9-e41eba13311a","D08","BLWA","BLWA.AOS.buoy.c2",32.540670,-87.798060,1.0,10.0,20.0,10.0,"WGS84",,,,,,"2018-05-15T20:00Z","river",,"BLWA.C2.20180515",,"BLWA.20180515","Kemmerer",8.75,108.30,128.90,25.20,"NEON.DOC.001886vF",6.3,1.5,6.3,2.7,5.1,"kmiller@battelleecology.org","jgalloway@battelleecology.org",,
"042674a3-7a2d-4062-93d2-0c943a9f066b","D08","BLWA","BLWA.AOS.buoy.c0",32.540670,-87.798060,1.0,10.0,20.0,10.0,"WGS84",,,,,,"2018-05-30T17:04Z","river",,"BLWA.C0.20180530",,"BLWA.20180530","Kemmerer",6.93,87.00,115.80,27.10,"NEON.DOC.001886vF",,,6.4,0.5,,"jgalloway@battelleecology.org","kmiller@battelleecology.org","High flow",
