uid,domainID,siteID,namedLocation,collectDate,analysisDate,isotopeH2OSampleID,isotopeH2OSampleCode,instrumentSN,d18OWater,d2HWater,d18OsdWater,d2HsdWater,isotopeH2OExternalLabQF,laboratoryName,analyzedBy,sampleCondition,externalRemarks,externalLabDataQF
"871b5d35-48ab-459b-956c-6d7622268ae9","D08","BLWA","BLWA.AOS.buoy.c0","2018-05-02","2018-06-04","BLWA.C0.20180502.H2O.1","A00000015335","HIDS2052",-4.28,-21.77,0.05,0.03,0,"SIRFER Lab at University of Utah","OlSmE6RRn5QQH8tvUHmK5i/poYiQr6sd","OK",,
"76c59e60-1160-4216-aa3d-b96c6f72ba4a","D08","BLWA","BLWA.AOS.buoy.c1","2018-05-15","2018-07-25","BLWA.C1.20180515.H2O.1","A00000013582","HIDS2046",-3.99,-22.31,0.04,0.27,0,"SIRFER Lab at University of Utah","OlSmE6RRn5QQH8tvUHmK5i/poYiQr6sd","Sample Damaged or Lost","Loose cap vial leaked",
"f4f35ba4-a2e5-4f37-8fe8-5507f32c9831","D08","BLWA","BLWA.AOS.buoy.c2","2018-05-15","2018-07-25","BLWA.C2.20180515.H2O.1","A00000013598","HIDS2046",-4.14,-22.60,0.05,0.30,0,"SIRFER Lab at University of Utah","OlSmE6RRn5QQH8tvUHmK5i/poYiQr6sd","OK",,
"93762631-4ad1-4fdf-bc79-3cee94c6dd5a","D08","BLWA","BLWA.AOS.buoy.c0","2018-05-30","2018-07-25","BLWA.C0.20180530.H2O.1","A00000013602","HIDS2046",-3.34,-21.29,0.04,0.11,0,"SIRFER Lab at University of Utah","OlSmE6RRn5QQH8tvUHmK5i/poYiQr6sd","Sample Damaged or Lost","Loose cap vial leaked",
