uid,domainID,siteID,namedLocation,collectDate,sampleID,sampleCode,sampleCondition,laboratoryName,analysisDate,analyzedBy,sampleType,replicate,sampleVolumeFiltered,filterSize,percentFilterAnalyzed,analyte,analyteConcentration,plantAlgaeLabUnits,method,externalRemarks,externalLabDataQF
"94459b92-9c1f-4d40-9793-9fc21cca63ee","D08","BLWA","BLWA.AOS.buoy.c0","2019-04-03","BLWA.C0.20190403.POM.1","A00000048633","condition ok","SIRFER Lab at University of Utah","2019-05-09","ElFtGy1kV49xqNP00HfxQA==","POM","1",100,25,100,"nitrogen",143.52,"microgramsPerLiter","Revesz & Coplen 2012a",,
"95a5afac-a093-4883-9e32-013e9600c49d","D08","BLWA","BLWA.AOS.buoy.c0","2019-04-03","BLWA.C0.20190403.POM.1","A00000048633","condition ok","SIRFER Lab at University of Utah","2019-05-09","ElFtGy1kV49xqNP00HfxQA==","POM","1",100,25,100,"d13C",-31.03,"perMill","Revesz & Coplen 2012a",,
"18b05900-447c-4113-838f-8e2aa531363f","D08","BLWA","BLWA.AOS.buoy.c0","2019-04-03","BLWA.C0.20190403.POM.1","A00000048633","condition ok","SIRFER Lab at University of Utah","2019-05-09","ElFtGy1kV49xqNP00HfxQA==","POM","1",100,25,100,"d15N",6.82,"perMill","Revesz & Coplen 2012a",,
"085bf708-e886-43e2-a86a-2d4f33394804","D08","BLWA","BLWA.AOS.buoy.c0","2019-04-03","BLWA.C0.20190403.POM.1","A00000048633","condition ok","SIRFER Lab at University of Utah","2019-05-09","ElFtGy1kV49xqNP00HfxQA==","POM","1",100,25,100,"carbon",987.07,"microgramsPerLiter","Revesz & Coplen 2012a",,
"792f9074-c7f1-4103-94fb-78c84d6de8dd","D08","BLWA","BLWA.AOS.buoy.c0","2019-04-11","BLWA.C0.20190411.POM.1","A00000081826","condition ok","SIRFER Lab at University of Utah","2019-05-09","ElFtGy1kV49xqNP00HfxQA==","POM","1",100,25,100,"d13C",-31.40,"perMill","Revesz & Coplen 2012a",,
"87460ef4-e657-48f6-88d6-a0338f9c4b9e","D08","BLWA","BLWA.AOS.buoy.c0","2019-04-11","BLWA.C0.20190411.POM.1","A00000081826","condition ok","SIRFER Lab at University of Utah","2019-05-09","ElFtGy1kV49xqNP00HfxQA==","POM","1",100,25,100,"nitrogen",156.15,"microgramsPerLiter","Revesz & Coplen 2012a",,
"f9ce4781-ac4e-4a0e-aa3a-b998a0de4fd4","D08","BLWA","BLWA.AOS.buoy.c0","2019-04-11","BLWA.C0.20190411.POM.1","A00000081826","condition ok","SIRFER Lab at University of Utah","2019-05-09","ElFtGy1kV49xqNP00HfxQA==","POM","1",100,25,100,"carbon",1057.30,"microgramsPerLiter","Revesz & Coplen 2012a",,
"f8ebb137-584d-4864-9bde-ba0d8c6bf440","D08","BLWA","BLWA.AOS.buoy.c0","2019-04-11","BLWA.C0.20190411.POM.1","A00000081826","condition ok","SIRFER Lab at University of Utah","2019-05-09","ElFtGy1kV49xqNP00HfxQA==","POM","1",100,25,100,"d15N",6.56,"perMill","Revesz & Coplen 2012a",,
