uid,domainID,siteID,namedLocation,collectDate,sampleID,sampleCode,sampleCondition,laboratoryName,analysisDate,analyzedBy,sampleType,replicate,sampleVolumeFiltered,filterSize,percentFilterAnalyzed,analyte,analyteConcentration,plantAlgaeLabUnits,method,externalRemarks,externalLabDataQF
"2dafdf3e-aba7-4188-962e-b4977c091410","D02","POSE","POSE.AOS.S2","2016-08-09","POSE.SS.20160809.POM.2",,"condition ok","Academy of Natural Sciences of Drexel University","2017-05-18","OKgcKejxXbI=","13C15N","2",,,100,"d15N",3.75,"perMill",,,
"b33784d7-f7a3-4073-86d3-69ed56a12052","D02","POSE","POSE.AOS.S2","2016-08-09","POSE.SS.20160809.POM.1",,"condition ok","Academy of Natural Sciences of Drexel University","2017-04-03","OKgcKejxXbI=","13C15N","1",,,100,"d15N",3.03,"perMill",,,
"4880d049-f5a0-4e23-90fb-8cffd93dc4a1","D02","POSE","POSE.AOS.S2","2016-08-09","POSE.SS.20160809.POM.2",,"condition ok","Academy of Natural Sciences of Drexel University","2017-05-18","OKgcKejxXbI=","13C15N","2",,,100,"d13C",-27.56,"perMill",,,
"63fb040f-2420-4c0b-b3e9-616f056d04b2","D02","POSE","POSE.AOS.S2","2016-08-09","POSE.SS.20160809.POM.1",,"condition ok","Academy of Natural Sciences of Drexel University","2017-04-03","OKgcKejxXbI=","13C15N","1",,,100,"d13C",-27.76,"perMill",,,
"9d4cfbae-dc38-4470-8831-884a014aada2","D02","POSE","POSE.AOS.S2","2016-08-23","POSE.SS.20160823.POM.2",,"condition ok","Academy of Natural Sciences of Drexel University","2017-05-18","OKgcKejxXbI=","13C15N","2",,,100,"d15N",3.43,"perMill",,,
"5e9bc41a-3191-4a1c-840b-551e82be5421","D02","POSE","POSE.AOS.S2","2016-08-23","POSE.SS.20160823.POM.2",,"condition ok","Academy of Natural Sciences of Drexel University","2017-05-18","OKgcKejxXbI=","13C15N","2",,,100,"d13C",-27.75,"perMill",,,
"eac9e559-7dca-4d14-8d86-a13027c8b874","D02","POSE","POSE.AOS.S2","2016-08-23","POSE.SS.20160823.POM.1",,"condition ok","Academy of Natural Sciences of Drexel University","2017-04-03","OKgcKejxXbI=","13C15N","1",,,100,"d13C",-27.52,"perMill",,,
"cd246e70-ef10-499e-8319-0fdbeddf9641","D02","POSE","POSE.AOS.S2","2016-08-23","POSE.SS.20160823.POM.1",,"condition ok","Academy of Natural Sciences of Drexel University","2017-04-03","OKgcKejxXbI=","13C15N","1",,,100,"d15N",3.31,"perMill",,,
