uid,domainID,siteID,namedLocation,collectDate,sampleID,sampleCode,sampleCondition,laboratoryName,analysisDate,analyzedBy,sampleType,replicate,sampleVolumeFiltered,filterSize,percentFilterAnalyzed,analyte,analyteConcentration,plantAlgaeLabUnits,method,externalRemarks,externalLabDataQF
"d49ca4ff-bafd-4c73-a3d5-83e281aa5933","D03","SUGG","SUGG.AOS.outlet","2015-10-21","SUGG.OT.20151021.POM.2",,"condition ok","Academy of Natural Sciences of Drexel University","2017-01-17","OKgcKejxXbI=","13C15N","2",,,100,"d13C",-30.55,"perMill",,,
"5772be00-142b-4afd-8426-f49a19199652","D03","SUGG","SUGG.AOS.buoy.c0","2015-10-21","SUGG.C0.20151021.POM.1",,"condition ok","Academy of Natural Sciences of Drexel University","2016-09-13","OKgcKejxXbI=","13C15N","1",,,100,"d15N",1.64,"perMill",,,
"72d3dd56-eb79-4b1c-a981-722b3b901403","D03","SUGG","SUGG.AOS.buoy.c0","2015-10-21","SUGG.C0.20151021.POM.1",,"condition ok","Academy of Natural Sciences of Drexel University","2016-09-13","OKgcKejxXbI=","13C15N","1",,,100,"d13C",-29.73,"perMill",,,
"170e16ac-b51f-4d29-9382-f6ea3811886a","D03","SUGG","SUGG.AOS.outlet","2015-10-21","SUGG.OT.20151021.POM.1",,"condition ok","Academy of Natural Sciences of Drexel University","2016-09-13","OKgcKejxXbI=","13C15N","1",,,100,"d13C",-30.33,"perMill",,,
"b1d48f5a-5632-45c8-857f-5cb38a1988f4","D03","SUGG","SUGG.AOS.inlet","2015-10-21","SUGG.IN.20151021.POM.2",,"condition ok","Academy of Natural Sciences of Drexel University","2017-01-17","OKgcKejxXbI=","13C15N","2",,,100,"d15N",2.81,"perMill",,,
"64623ce6-80a8-4714-adf1-1d2d147fabfa","D03","SUGG","SUGG.AOS.outlet","2015-10-21","SUGG.OT.20151021.POM.2",,"condition ok","Academy of Natural Sciences of Drexel University","2017-01-17","OKgcKejxXbI=","13C15N","2",,,100,"d15N",2.54,"perMill",,,
"75783a16-48ad-40ac-adfe-d20cf70d8334","D03","SUGG","SUGG.AOS.inlet","2015-10-21","SUGG.IN.20151021.POM.1",,"other","Academy of Natural Sciences of Drexel University","2016-09-13","OKgcKejxXbI=","13C15N","1",,,100,"d13C",,"perMill",,"sample lost during analysis",
"7710263f-894d-4792-949b-9ab214701971","D03","SUGG","SUGG.AOS.buoy.c0","2015-10-21","SUGG.C0.20151021.POM.2",,"condition ok","Academy of Natural Sciences of Drexel University","2017-01-17","OKgcKejxXbI=","13C15N","2",,,100,"d15N",2.28,"perMill",,,
"8d730d28-960d-48d3-81c6-105bfe6409c2","D03","SUGG","SUGG.AOS.outlet","2015-10-21","SUGG.OT.20151021.POM.1",,"condition ok","Academy of Natural Sciences of Drexel University","2016-09-13","OKgcKejxXbI=","13C15N","1",,,100,"d15N",2.66,"perMill",,,
"bb235a0f-9e6e-4e77-bda9-026e4969c7eb","D03","SUGG","SUGG.AOS.buoy.c0","2015-10-21","SUGG.C0.20151021.POM.2",,"condition ok","Academy of Natural Sciences of Drexel University","2017-01-17","OKgcKejxXbI=","13C15N","2",,,100,"d13C",-29.89,"perMill",,,
"7cd0eeb7-f677-4726-8da3-26ab81d209d1","D03","SUGG","SUGG.AOS.inlet","2015-10-21","SUGG.IN.20151021.POM.1",,"other","Academy of Natural Sciences of Drexel University","2016-09-13","OKgcKejxXbI=","13C15N","1",,,100,"d15N",,"perMill",,"sample lost during analysis",
"7813430f-18eb-4b04-8fe1-04ce201f2646","D03","SUGG","SUGG.AOS.inlet","2015-10-21","SUGG.IN.20151021.POM.2",,"condition ok","Academy of Natural Sciences of Drexel University","2017-01-17","OKgcKejxXbI=","13C15N","2",,,100,"d13C",-29.80,"perMill",,,
