uid,domainID,siteID,namedLocation,collectDate,sampleID,sampleCode,sampleCondition,laboratoryName,analysisDate,analyzedBy,sampleType,replicate,sampleVolumeFiltered,filterSize,percentFilterAnalyzed,analyte,analyteConcentration,plantAlgaeLabUnits,method,externalRemarks,externalLabDataQF
"0be05b55-31e2-4392-815f-226ee8af4870","D02","POSE","POSE.AOS.S2","2016-06-07","POSE.SS.20160607.POM.2",,"other","Academy of Natural Sciences of Drexel University","2017-02-15","OKgcKejxXbI=","13C15N","2",,,100,"d13C",-28.16,"perMill",,"filter folded poorly, sample loss",
"ead87e43-7be2-442b-9e3a-a868dfc667be","D02","POSE","POSE.AOS.S2","2016-06-07","POSE.SS.20160607.POM.1",,"other","Academy of Natural Sciences of Drexel University","2017-01-24","OKgcKejxXbI=","13C15N","1",,,50,"d13C",,"perMill",,"filter folded poorly, sample loss",
"a33ebaaf-ef7c-4df7-8d0f-83fb940d46bb","D02","POSE","POSE.AOS.S2","2016-06-07","POSE.SS.20160607.POM.2",,"other","Academy of Natural Sciences of Drexel University","2017-02-15","OKgcKejxXbI=","13C15N","2",,,100,"d15N",4.10,"perMill",,"filter folded poorly, sample loss",
"8554cba2-2833-48ca-acd4-ff6dd77e6a1c","D02","POSE","POSE.AOS.S2","2016-06-07","POSE.SS.20160607.POM.1",,"other","Academy of Natural Sciences of Drexel University","2017-01-24","OKgcKejxXbI=","13C15N","1",,,50,"d15N",3.97,"perMill",,"filter folded poorly, sample loss",
"1ec5a0be-3198-43a1-9516-94809da7e53f","D02","POSE","POSE.AOS.S2","2016-06-14","POSE.SS.20160614.POM.1",,"other","Academy of Natural Sciences of Drexel University","2017-01-24","OKgcKejxXbI=","13C15N","1",,,50,"d13C",,"perMill",,"filter folded poorly, sample loss",
"6c4ee443-2938-4700-932b-86453fdda579","D02","POSE","POSE.AOS.S2","2016-06-14","POSE.SS.20160614.POM.2",,"other","Academy of Natural Sciences of Drexel University","2017-02-15","OKgcKejxXbI=","13C15N","2",,,100,"d15N",6.50,"perMill",,"filter folded poorly, sample loss",
"a6458829-ba78-4f21-9f8d-cd468bd707ce","D02","POSE","POSE.AOS.S2","2016-06-14","POSE.SS.20160614.POM.1",,"other","Academy of Natural Sciences of Drexel University","2017-01-24","OKgcKejxXbI=","13C15N","1",,,50,"d15N",3.15,"perMill",,"filter folded poorly, sample loss",
"ed6f8896-6e35-405b-b96d-e9950f9c4d16","D02","POSE","POSE.AOS.S2","2016-06-14","POSE.SS.20160614.POM.2",,"other","Academy of Natural Sciences of Drexel University","2017-02-15","OKgcKejxXbI=","13C15N","2",,,100,"d13C",-28.82,"perMill",,"filter folded poorly, sample loss",
