uid,domainID,siteID,namedLocation,decimalLatitude,decimalLongitude,coordinateUncertainty,additionalCoordUncertainty,elevation,elevationUncertainty,geodeticDatum,altLocation,altLatitude,altLongitude,altCoordinateUncertainty,altGeodeticDatum,collectDate,aquaticSiteType,samplingImpractical,parentSampleID,parentSampleCode,eventID,samplerType,dissolvedOxygen,dissolvedOxygenSaturation,specificConductance,waterTemp,asiSamplingProtocolVersion,lowerSegmentDepth,upperSegmentDepth,maxDepth,lakeSampleDepth1,lakeSampleDepth2,aCollectedBy,bCollectedBy,remarks,fieldDataQF
"297fc528-cfbf-4e11-94c8-62dc4be55517","D04","CUPE","CUPE.AOS.S2",,,,10.0,,,,,,,,,"2015-09-02T12:30Z","stream",,"CUPE.SS.20150902",,"CUPE.20150902","Grab",,,,,"NEON.DOC.001886vB",,,,,,"mviggiano@neoninc.org","mpagan@neoninc.org",,
"1dfbec9f-073e-4ff1-aab1-d849a46ad846","D04","CUPE","CUPE.AOS.S2",,,,10.0,,,,,,,,,"2015-09-09T12:30Z","stream",,"CUPE.SS.20150909",,"CUPE.20150909","Grab",,,,,"NEON.DOC.001886vB",,,,,,"mpagan@neoninc.org","lrivera@Field-ops.org",,
"ef46268c-4104-41f2-b7fa-e547b9437e58","D04","CUPE","CUPE.AOS.S2",,,,10.0,,,,,,,,,"2015-09-15T12:19Z","stream",,"CUPE.SS.20150915",,"CUPE.20150915","Grab",,,,,"NEON.DOC.001886vB",,,,,,"mpagan@neoninc.org","gfoley@field-ops.org",,
"9788885e-50b9-4e21-9576-4b06d0ccbb11","D04","CUPE","CUPE.AOS.S2",,,,10.0,,,,,,,,,"2015-09-24T12:33Z","stream",,"CUPE.SS.20150924",,"CUPE.20150924","Grab",,,,,"NEON.DOC.001886vB",,,,,,"mviggiano@neoninc.org","ddelacruzgaitan@field-ops.org",,
"ce76f7d4-fe3d-42b3-bfea-1e3be062569d","D04","CUPE","CUPE.AOS.S2",,,,10.0,,,,,,,,,"2015-09-29T12:57Z","stream",,"CUPE.SS.20150929",,"CUPE.20150929","Grab",,,,,"NEON.DOC.001886vB",,,,,,"mpagan@neoninc.org","ddelacruzgaitan@neoninc.org",,
