uid,domainID,siteID,namedLocation,collectDate,parentSampleID,parentSampleCode,isotopeH2OSampleCond,isotopeH2OSampleID,isotopeH2OSampleCode,isotopePOMRep2SampleCond,isotopePOMRep2SampleID,isotopePOMRep2SampleCode,isotopePOMSampleCond,isotopePOMSampleID,isotopePOMSampleCode,processedDateFilters,processedDateH2OIsotopes,sampleVolumeFilteredPOMRep1,sampleVolumeFilteredPOMRep2,fieldDataQF
"315d36eb-881a-484f-bc48-d34146722438","D04","CUPE","CUPE.AOS.S2","2015-09-02T12:30Z","CUPE.SS.20150902",,,"CUPE.SS.20150902.H2O.1",,,"CUPE.SS.20150902.POM.2",,,"CUPE.SS.20150902.POM.1",,"2015-09-02T15:05Z","2015-09-02T14:48Z",1000,1000,
"f4d78a17-1a9e-4a28-ba4d-3bd6215e2958","D04","CUPE","CUPE.AOS.S2","2015-09-09T12:30Z","CUPE.SS.20150909",,,"CUPE.SS.20150909.H2O.1",,,"CUPE.SS.20150909.POM.2",,,"CUPE.SS.20150909.POM.1",,"2015-09-09T13:50Z","2015-09-09T13:30Z",1000,1000,
"d04fde4a-e60f-494e-982f-fef5b1e7812f","D04","CUPE","CUPE.AOS.S2","2015-09-15T12:19Z","CUPE.SS.20150915",,,"CUPE.SS.20150915.H2O.1",,,"CUPE.SS.20150915.POM.2",,,"CUPE.SS.20150915.POM.1",,"2015-09-15T14:00Z","2015-09-15T12:33Z",750,750,
"68c963f3-8f7d-44a2-8ac6-cde77bf7d858","D04","CUPE","CUPE.AOS.S2","2015-09-24T12:33Z","CUPE.SS.20150924",,,"CUPE.SS.20150924.H2O.1",,,"CUPE.SS.20150924.POM.2",,,"CUPE.SS.20150924.POM.1",,"2015-09-24T13:38Z","2015-09-24T13:18Z",1000,1000,
"cd760417-c8e7-4a10-8170-0e6c39829ade","D04","CUPE","CUPE.AOS.S2","2015-09-29T12:57Z","CUPE.SS.20150929",,,"CUPE.SS.20150929.H2O.1",,,"CUPE.SS.20150929.POM.2",,,"CUPE.SS.20150929.POM.1",,"2015-09-29T13:40Z","2015-09-29T13:35Z",1000,1000,
