uid,domainID,siteID,namedLocation,collectDate,analysisDate,isotopeH2OSampleID,isotopeH2OSampleCode,instrumentSN,d18OWater,d2HWater,d18OsdWater,d2HsdWater,isotopeH2OExternalLabQF,laboratoryName,analyzedBy,sampleCondition,externalRemarks,externalLabDataQF
"aa8d1adb-66b8-42f1-bede-32e6343cb92d","D04","CUPE","CUPE.AOS.S2","2015-09-02","2016-09-07","CUPE.SS.20150902.H2O.1",,"HIDS2046",-1.59,-6.62,0.02,0.07,0,"SIRFER Lab at University of Utah","OlSmE6RRn5QQH8tvUHmK5i/poYiQr6sd","OK",,
"1f244347-a80e-49d7-93b9-97ee954609a9","D04","CUPE","CUPE.AOS.S2","2015-09-09","2016-09-07","CUPE.SS.20150909.H2O.1",,"HIDS2046",-2.44,-5.94,0.01,0.09,0,"SIRFER Lab at University of Utah","OlSmE6RRn5QQH8tvUHmK5i/poYiQr6sd","OK",,
"f7dcbdc8-1965-4935-9d73-c52edb026477","D04","CUPE","CUPE.AOS.S2","2015-09-15","2016-09-07","CUPE.SS.20150915.H2O.1",,"HIDS2046",-2.22,-4.14,0.03,0.10,0,"SIRFER Lab at University of Utah","OlSmE6RRn5QQH8tvUHmK5i/poYiQr6sd","OK",,
"b7fc6a0a-ba57-4507-a2b3-d187d1717a65","D04","CUPE","CUPE.AOS.S2","2015-09-24","2016-09-07","CUPE.SS.20150924.H2O.1",,"HIDS2046",-2.68,-7.90,0.01,0.07,0,"SIRFER Lab at University of Utah","OlSmE6RRn5QQH8tvUHmK5i/poYiQr6sd","OK",,
"a9c182f6-f1be-4ec3-acb1-5b7d755d6acf","D04","CUPE","CUPE.AOS.S2","2015-09-29","2016-09-07","CUPE.SS.20150929.H2O.1",,"HIDS2046",-2.69,-8.25,0.03,0.14,0,"SIRFER Lab at University of Utah","OlSmE6RRn5QQH8tvUHmK5i/poYiQr6sd","OK",,
