uid,domainID,siteID,namedLocation,collectDate,sampleID,sampleCode,sampleCondition,laboratoryName,analysisDate,analyzedBy,sampleType,replicate,sampleVolumeFiltered,filterSize,percentFilterAnalyzed,analyte,analyteConcentration,plantAlgaeLabUnits,method,externalRemarks,externalLabDataQF
"bc3aa77d-b7ee-4c58-a6f8-68752044cac1","D04","CUPE","CUPE.AOS.S2","2015-09-02","CUPE.SS.20150902.POM.2",,"other","Academy of Natural Sciences of Drexel University","2017-05-17","OKgcKejxXbI=","13C15N","2",,,100,"d15N",2.83,"perMill",,"sample poorly folded, sample loss",
"51e30d45-420c-4bea-ae69-0fca99d44fb3","D04","CUPE","CUPE.AOS.S2","2015-09-02","CUPE.SS.20150902.POM.1",,"other","Academy of Natural Sciences of Drexel University","2017-03-03","OKgcKejxXbI=","13C15N","1",,,100,"d15N",-0.03,"perMill",,"sample poorly folded, sample loss",
"f670b91b-d3c8-47ca-849b-e443daa5512a","D04","CUPE","CUPE.AOS.S2","2015-09-02","CUPE.SS.20150902.POM.1",,"other","Academy of Natural Sciences of Drexel University","2017-03-03","OKgcKejxXbI=","13C15N","1",,,100,"d13C",-29.11,"perMill",,"sample poorly folded, sample loss",
"f9171121-20ef-4c3a-b758-b1283d87072e","D04","CUPE","CUPE.AOS.S2","2015-09-02","CUPE.SS.20150902.POM.2",,"other","Academy of Natural Sciences of Drexel University","2017-05-17","OKgcKejxXbI=","13C15N","2",,,100,"d13C",-28.07,"perMill",,"sample poorly folded, sample loss",
"e02ec011-04dd-4948-ab5f-89a5352c1d6f","D04","CUPE","CUPE.AOS.S2","2015-09-09","CUPE.SS.20150909.POM.2",,"other","Academy of Natural Sciences of Drexel University","2017-05-17","OKgcKejxXbI=","13C15N","2",,,100,"d13C",-29.34,"perMill",,"sample poorly folded, sample loss",
"ae042634-4644-4630-a4cd-f1893069889d","D04","CUPE","CUPE.AOS.S2","2015-09-09","CUPE.SS.20150909.POM.2",,"other","Academy of Natural Sciences of Drexel University","2017-05-17","OKgcKejxXbI=","13C15N","2",,,100,"d15N",0.91,"perMill",,"sample poorly folded, sample loss",
"2b58702a-45c4-41ba-9abc-9efb4388c65d","D04","CUPE","CUPE.AOS.S2","2015-09-09","CUPE.SS.20150909.POM.1",,"other","Academy of Natural Sciences of Drexel University","2017-03-03","OKgcKejxXbI=","13C15N","1",,,100,"d13C",-28.22,"perMill",,"sample poorly folded, sample loss",
"104d30a6-e678-453e-91e4-47ab6ddb5954","D04","CUPE","CUPE.AOS.S2","2015-09-09","CUPE.SS.20150909.POM.1",,"other","Academy of Natural Sciences of Drexel University","2017-03-03","OKgcKejxXbI=","13C15N","1",,,100,"d15N",1.41,"perMill",,"sample poorly folded, sample loss",
"8659f9cb-bff4-4a38-ac1c-d440943dc613","D04","CUPE","CUPE.AOS.S2","2015-09-15","CUPE.SS.20150915.POM.1",,"other","Academy of Natural Sciences of Drexel University","2017-03-03","OKgcKejxXbI=","13C15N","1",,,100,"d13C",-27.66,"perMill",,"sample poorly folded, sample loss",
"a7c4328c-adda-4220-aa33-ba14db101c14","D04","CUPE","CUPE.AOS.S2","2015-09-15","CUPE.SS.20150915.POM.1",,"other","Academy of Natural Sciences of Drexel University","2017-03-03","OKgcKejxXbI=","13C15N","1",,,100,"d15N",1.31,"perMill",,"sample poorly folded, sample loss",
"8e5c5286-a389-44f1-a976-ee6e980b6a17","D04","CUPE","CUPE.AOS.S2","2015-09-15","CUPE.SS.20150915.POM.2",,"other","Academy of Natural Sciences of Drexel University","2017-05-17","OKgcKejxXbI=","13C15N","2",,,100,"d13C",-28.01,"perMill",,"sample poorly folded, sample loss",
"8d8c89e6-112f-4172-a0f6-22b290d6e158","D04","CUPE","CUPE.AOS.S2","2015-09-15","CUPE.SS.20150915.POM.2",,"other","Academy of Natural Sciences of Drexel University","2017-05-17","OKgcKejxXbI=","13C15N","2",,,100,"d15N",1.28,"perMill",,"sample poorly folded, sample loss",
"bdae648e-2efd-4c0d-b460-011fb8e1c994","D04","CUPE","CUPE.AOS.S2","2015-09-24","CUPE.SS.20150924.POM.2",,"other","Academy of Natural Sciences of Drexel University","2017-05-17","OKgcKejxXbI=","13C15N","2",,,100,"d13C",-28.37,"perMill",,"sample poorly folded, sample loss",
"841d8e5a-0bb0-4f14-ac09-58efe344462a","D04","CUPE","CUPE.AOS.S2","2015-09-24","CUPE.SS.20150924.POM.2",,"other","Academy of Natural Sciences of Drexel University","2017-05-17","OKgcKejxXbI=","13C15N","2",,,100,"d15N",3.88,"perMill",,"sample poorly folded, sample loss",
"403e2f27-7673-40df-ac2a-79a91384ab2d","D04","CUPE","CUPE.AOS.S2","2015-09-24","CUPE.SS.20150924.POM.1",,"other","Academy of Natural Sciences of Drexel University","2017-03-03","OKgcKejxXbI=","13C15N","1",,,100,"d15N",2.41,"perMill",,"sample poorly folded, sample loss",
"3988edba-96e7-401a-9e4b-212854b91c1c","D04","CUPE","CUPE.AOS.S2","2015-09-24","CUPE.SS.20150924.POM.1",,"other","Academy of Natural Sciences of Drexel University","2017-03-03","OKgcKejxXbI=","13C15N","1",,,100,"d13C",-27.50,"perMill",,"sample poorly folded, sample loss",
"2128b9b5-9105-4099-a84b-93ab4963c12d","D04","CUPE","CUPE.AOS.S2","2015-09-29","CUPE.SS.20150929.POM.2",,"other","Academy of Natural Sciences of Drexel University","2017-05-17","OKgcKejxXbI=","13C15N","2",,,100,"d13C",-31.49,"perMill",,"sample poorly folded, sample loss",
"4a7c8b73-663e-43c0-b00f-a3a57875729f","D04","CUPE","CUPE.AOS.S2","2015-09-29","CUPE.SS.20150929.POM.1",,"other","Academy of Natural Sciences of Drexel University","2017-03-03","OKgcKejxXbI=","13C15N","1",,,100,"d13C",-27.96,"perMill",,"sample poorly folded, sample loss",
"0955d264-d76e-4e60-bb5f-943717dd86af","D04","CUPE","CUPE.AOS.S2","2015-09-29","CUPE.SS.20150929.POM.2",,"other","Academy of Natural Sciences of Drexel University","2017-05-17","OKgcKejxXbI=","13C15N","2",,,100,"d15N",4.13,"perMill",,"sample poorly folded, sample loss",
"97c9af0d-e344-4761-af2e-3e3dd97d351c","D04","CUPE","CUPE.AOS.S2","2015-09-29","CUPE.SS.20150929.POM.1",,"other","Academy of Natural Sciences of Drexel University","2017-03-03","OKgcKejxXbI=","13C15N","1",,,100,"d15N",1.73,"perMill",,"sample poorly folded, sample loss",
