uid,domainID,siteID,namedLocation,collectDate,sampleID,sampleCode,sampleCondition,laboratoryName,analysisDate,analyzedBy,sampleType,replicate,sampleVolumeFiltered,filterSize,percentFilterAnalyzed,analyte,analyteConcentration,plantAlgaeLabUnits,method,externalRemarks,externalLabDataQF
"f531c9b0-43b8-48c9-a8bb-a7365fa39c06","D03","SUGG","SUGG.AOS.buoy.c0","2019-07-08","SUGG.C0.20190708.POM.1","A00000037782","condition ok","SIRFER Lab at University of Utah","2019-12-11","ElFtGy1kV49xqNP00HfxQA==","POM","1",450,25,100,"d13C",-32.29,"perMill","Revesz & Coplen 2012a",,
"8779a6c1-effa-4626-9389-f8bc11f178dd","D03","SUGG","SUGG.AOS.buoy.c0","2019-07-08","SUGG.C0.20190708.POM.1","A00000037782","condition ok","SIRFER Lab at University of Utah","2019-12-11","ElFtGy1kV49xqNP00HfxQA==","POM","1",450,25,100,"d15N",1.02,"perMill","Revesz & Coplen 2012a",,
"0585da7b-df47-49c2-a58b-b9dc995fd72d","D03","SUGG","SUGG.AOS.buoy.c0","2019-07-08","SUGG.C0.20190708.POM.1","A00000037782","condition ok","SIRFER Lab at University of Utah","2019-12-11","ElFtGy1kV49xqNP00HfxQA==","POM","1",450,25,100,"nitrogen",80.89,"microgramsPerLiter","Revesz & Coplen 2012a",,
"04da97de-22fe-480f-b8b9-4d667439f89e","D03","SUGG","SUGG.AOS.buoy.c0","2019-07-08","SUGG.C0.20190708.POM.1","A00000037782","condition ok","SIRFER Lab at University of Utah","2019-12-11","ElFtGy1kV49xqNP00HfxQA==","POM","1",450,25,100,"carbon",570.41,"microgramsPerLiter","Revesz & Coplen 2012a",,
