uid,domainID,siteID,namedLocation,collectDate,sampleID,sampleCode,sampleCondition,laboratoryName,analysisDate,analyzedBy,sampleType,replicate,sampleVolumeFiltered,filterSize,percentFilterAnalyzed,analyte,analyteConcentration,plantAlgaeLabUnits,method,externalRemarks,externalLabDataQF
"5953c77c-2a19-4918-bbfd-dd03e4fc6796","D10","ARIK","ARIK.AOS.S2","2018-02-07","ARIK.SS.20180207.POM.1",,"condition ok","SIRFER Lab at University of Utah","2018-08-08","ElFtGy1kV49xqNP00HfxQA==","POM","1",500,25,100,"d13C",-30.39,"perMill","Revesz & Coplen 2012a",,
"42428069-e5b3-4713-bc5a-b9c97e7e3eb8","D10","ARIK","ARIK.AOS.S2","2018-02-07","ARIK.SS.20180207.POM.1",,"condition ok","SIRFER Lab at University of Utah","2018-08-08","ElFtGy1kV49xqNP00HfxQA==","POM","1",500,25,100,"nitrogen",29.02,"microgramsPerLiter","Revesz & Coplen 2012a",,
"477d59b6-7d4c-4022-ac0f-7242fefbf482","D10","ARIK","ARIK.AOS.S2","2018-02-07","ARIK.SS.20180207.POM.1",,"condition ok","SIRFER Lab at University of Utah","2018-08-08","ElFtGy1kV49xqNP00HfxQA==","POM","1",500,25,100,"d15N",3.98,"perMill","Revesz & Coplen 2012a",,
"daa39475-d209-454a-b2a3-97fd33e29734","D10","ARIK","ARIK.AOS.S2","2018-02-07","ARIK.SS.20180207.POM.1",,"condition ok","SIRFER Lab at University of Utah","2018-08-08","ElFtGy1kV49xqNP00HfxQA==","POM","1",500,25,100,"carbon",237.10,"microgramsPerLiter","Revesz & Coplen 2012a",,
"81aa1f07-ecdd-468d-915f-f7d5c3cf7f91","D10","ARIK","ARIK.AOS.S2","2018-02-15","ARIK.SS.20180215.POM.1",,"condition ok","SIRFER Lab at University of Utah","2018-08-08","ElFtGy1kV49xqNP00HfxQA==","POM","1",500,25,100,"nitrogen",29.93,"microgramsPerLiter","Revesz & Coplen 2012a",,
"cefed7e9-e7c7-4c1e-9d90-fa94b58a224c","D10","ARIK","ARIK.AOS.S2","2018-02-15","ARIK.SS.20180215.POM.1",,"condition ok","SIRFER Lab at University of Utah","2018-08-08","ElFtGy1kV49xqNP00HfxQA==","POM","1",500,25,100,"d13C",-30.93,"perMill","Revesz & Coplen 2012a",,
"b0706af3-e64c-45a6-9378-aa5b0f9e6dc1","D10","ARIK","ARIK.AOS.S2","2018-02-15","ARIK.SS.20180215.POM.1",,"condition ok","SIRFER Lab at University of Utah","2018-08-08","ElFtGy1kV49xqNP00HfxQA==","POM","1",500,25,100,"carbon",256.43,"microgramsPerLiter","Revesz & Coplen 2012a",,
"c2c9533d-f417-44f9-ac4b-ec163f6ded35","D10","ARIK","ARIK.AOS.S2","2018-02-15","ARIK.SS.20180215.POM.1",,"condition ok","SIRFER Lab at University of Utah","2018-08-08","ElFtGy1kV49xqNP00HfxQA==","POM","1",500,25,100,"d15N",4.73,"perMill","Revesz & Coplen 2012a",,
"4cdbab59-c021-4d94-be63-81b31e376d7f","D10","ARIK","ARIK.AOS.S2","2018-02-28","ARIK.SS.20180228.POM.1",,"condition ok","SIRFER Lab at University of Utah","2018-08-08","ElFtGy1kV49xqNP00HfxQA==","POM","1",500,25,100,"d15N",4.88,"perMill","Revesz & Coplen 2012a",,
"e6f0df37-26d9-49dc-abff-3bdebb505c8d","D10","ARIK","ARIK.AOS.S2","2018-02-28","ARIK.SS.20180228.POM.1",,"condition ok","SIRFER Lab at University of Utah","2018-08-08","ElFtGy1kV49xqNP00HfxQA==","POM","1",500,25,100,"d13C",-30.92,"perMill","Revesz & Coplen 2012a",,
"352f639a-d72c-4826-beba-a5162ecef048","D10","ARIK","ARIK.AOS.S2","2018-02-28","ARIK.SS.20180228.POM.1",,"condition ok","SIRFER Lab at University of Utah","2018-08-08","ElFtGy1kV49xqNP00HfxQA==","POM","1",500,25,100,"carbon",329.09,"microgramsPerLiter","Revesz & Coplen 2012a",,
"1b52ff39-2205-400f-bd29-96a35002fa3a","D10","ARIK","ARIK.AOS.S2","2018-02-28","ARIK.SS.20180228.POM.1",,"condition ok","SIRFER Lab at University of Utah","2018-08-08","ElFtGy1kV49xqNP00HfxQA==","POM","1",500,25,100,"nitrogen",41.99,"microgramsPerLiter","Revesz & Coplen 2012a",,
