uid,domainID,siteID,namedLocation,collectDate,parentSampleID,parentSampleCode,isotopeH2OSampleCond,isotopeH2OSampleID,isotopeH2OSampleCode,isotopePOMRep2SampleCond,isotopePOMRep2SampleID,isotopePOMRep2SampleCode,isotopePOMSampleCond,isotopePOMSampleID,isotopePOMSampleCode,processedDateFilters,processedDateH2OIsotopes,sampleVolumeFilteredPOMRep1,sampleVolumeFilteredPOMRep2,fieldDataQF
"1a54d1f2-c282-453a-b8e8-76425495e028","D06","MCDI","MCDI.AOS.S2","2019-10-07T15:00Z","MCDI.SS.20191007",,"Sample condition ok","MCDI.SS.20191007.H2O.1","A00000137453","Sample condition ok","MCDI.SS.20191007.POM.2","A00000137458","Sample condition ok","MCDI.SS.20191007.POM.1","A00000137457","2019-10-07T16:20Z","2019-10-07T16:18Z",395,395,
"126e6ba8-5a75-46a6-bce9-916b47d9c823","D06","MCDI","MCDI.AOS.S2","2019-10-07T15:00Z","MCDI.SS.20191007",,"Sample condition ok","MCDI.SS.20191007.H2O.2","A00000137454",,,,,,,,"2019-10-07T16:18Z",,,
"91847666-c06a-458f-a99c-987d3a7231fb","D06","MCDI","MCDI.AOS.S2","2019-10-07T15:00Z","MCDI.SS.20191007",,"Sample condition ok","MCDI.SS.20191007.H2O.3","A00000137455",,,,,,,,"2019-10-07T16:18Z",,,
"417b7080-da07-464e-9e42-ce35a579b7f4","D06","MCDI","MCDI.AOS.S2","2019-10-28T14:55Z","MCDI.SS.20191028",,"Sample condition ok","MCDI.SS.20191028.H2O.3","D00000057482",,,,,,,,"2019-10-28T16:02Z",,,
"a814b0e1-9c14-4e93-bbd5-c4a4099b637a","D06","MCDI","MCDI.AOS.S2","2019-10-28T14:55Z","MCDI.SS.20191028",,"Sample condition ok","MCDI.SS.20191028.H2O.2","D00000057481",,,,,,,,"2019-10-28T16:02Z",,,
"4c993629-39db-4c61-9978-a3a67e8b1579","D06","MCDI","MCDI.AOS.S2","2019-10-28T14:55Z","MCDI.SS.20191028",,"Sample condition ok","MCDI.SS.20191028.H2O.1","D00000057480","Sample condition ok","MCDI.SS.20191028.POM.2","D00000057491","Sample condition ok","MCDI.SS.20191028.POM.1","D00000057490","2019-10-28T15:54Z","2019-10-28T16:02Z",1500,1500,
