uid,domainID,siteID,namedLocation,collectDate,sampleID,sampleCode,sampleCondition,laboratoryName,analysisDate,analyzedBy,sampleType,replicate,sampleVolumeFiltered,filterSize,percentFilterAnalyzed,analyte,analyteConcentration,plantAlgaeLabUnits,method,externalRemarks,externalLabDataQF
"8d63fe7b-65e2-4530-b88d-00417dbc0cce","D09","PRLA","PRLA.AOS.buoy.c0","2016-12-19","PRLA.C0.20161219.POM.1",,"other","Academy of Natural Sciences of Drexel University","2017-04-12","OKgcKejxXbI=","13C15N","1",,,100,"d13C",,"perMill",,"filter folded poorly, sample loss, sample maxed out collector",
"f8a926cf-79ac-425f-9c98-54f3e22c34b5","D09","PRLA","PRLA.AOS.buoy.c0","2016-12-19","PRLA.C0.20161219.POM.1",,"other","Academy of Natural Sciences of Drexel University","2017-04-12","OKgcKejxXbI=","13C15N","1",,,100,"d15N",3.08,"perMill",,"filter folded poorly, sample loss",
"d64155b6-36a6-4de0-bb92-75a48bfab5a3","D09","PRLA","PRLA.AOS.buoy.c0","2016-12-19","PRLA.C0.20161219.POM.2",,"other","Academy of Natural Sciences of Drexel University","2017-06-01","OKgcKejxXbI=","13C15N","2",,,50,"d15N",2.19,"perMill",,"filter folded poorly, sample loss",
"ca5e18f2-c46d-4023-a8dd-e5c96370ea15","D09","PRLA","PRLA.AOS.buoy.c0","2016-12-19","PRLA.C0.20161219.POM.2",,"other","Academy of Natural Sciences of Drexel University","2017-06-01","OKgcKejxXbI=","13C15N","2",,,50,"d13C",-32.24,"perMill",,"filter folded poorly, sample loss",
