uid,domainID,siteID,namedLocation,collectDate,sampleID,sampleCode,sampleCondition,laboratoryName,analysisDate,analyzedBy,sampleType,replicate,sampleVolumeFiltered,filterSize,percentFilterAnalyzed,analyte,analyteConcentration,plantAlgaeLabUnits,method,externalRemarks,externalLabDataQF
"752d16eb-8825-48b3-b449-b9d5be2baed7","D16","MART","MART.AOS.S2","2017-11-07","MART.SS.20171107.POM.1",,"condition ok","SIRFER Lab at University of Utah","2018-07-20","ElFtGy1kV49xqNP00HfxQA==","POM","1",1250,25,100,"carbon",106.09,"microgramsPerLiter","Revesz & Coplen 2012a",,
"25bd22fe-589a-4b79-b4fd-bf6faf1311f7","D16","MART","MART.AOS.S2","2017-11-07","MART.SS.20171107.POM.1",,"condition ok","SIRFER Lab at University of Utah","2018-07-20","ElFtGy1kV49xqNP00HfxQA==","POM","1",1250,25,100,"d13C",-28.60,"perMill","Revesz & Coplen 2012a",,
"18efb3d8-35eb-4e66-9f5f-c03ae277edb9","D16","MART","MART.AOS.S2","2017-11-07","MART.SS.20171107.POM.1",,"condition ok","SIRFER Lab at University of Utah","2018-07-20","ElFtGy1kV49xqNP00HfxQA==","POM","1",1250,25,100,"d15N",2.63,"perMill","Revesz & Coplen 2012a",,
"b20e7df3-4897-475a-9edd-4e8e85f74a26","D16","MART","MART.AOS.S2","2017-11-07","MART.SS.20171107.POM.1",,"condition ok","SIRFER Lab at University of Utah","2018-07-20","ElFtGy1kV49xqNP00HfxQA==","POM","1",1250,25,100,"nitrogen",9.17,"microgramsPerLiter","Revesz & Coplen 2012a",,
"c184a388-ef86-4e5d-abec-bbbff70a1c3d","D16","MART","MART.AOS.S2","2017-11-20","MART.SS.20171120.POM.1",,"condition ok","SIRFER Lab at University of Utah","2018-07-23","ElFtGy1kV49xqNP00HfxQA==","POM","1",800,25,100,"nitrogen",24.57,"microgramsPerLiter","Revesz & Coplen 2012a",,
"b49ceb97-2c46-4f95-b833-ccbb70c752f7","D16","MART","MART.AOS.S2","2017-11-20","MART.SS.20171120.POM.1",,"condition ok","SIRFER Lab at University of Utah","2018-07-23","ElFtGy1kV49xqNP00HfxQA==","POM","1",800,25,100,"d13C",-26.92,"perMill","Revesz & Coplen 2012a",,
"43f21877-e11d-4be5-9cea-32c2d89cf9ad","D16","MART","MART.AOS.S2","2017-11-20","MART.SS.20171120.POM.1",,"condition ok","SIRFER Lab at University of Utah","2018-07-23","ElFtGy1kV49xqNP00HfxQA==","POM","1",800,25,100,"d15N",-3.34,"perMill","Revesz & Coplen 2012a",,
"dcd6a0d2-90bf-4ed3-b20f-5a9a1b985e70","D16","MART","MART.AOS.S2","2017-11-20","MART.SS.20171120.POM.1",,"condition ok","SIRFER Lab at University of Utah","2018-07-23","ElFtGy1kV49xqNP00HfxQA==","POM","1",800,25,100,"carbon",453.00,"microgramsPerLiter","Revesz & Coplen 2012a",,
