uid,domainID,siteID,namedLocation,decimalLatitude,decimalLongitude,coordinateUncertainty,additionalCoordUncertainty,elevation,elevationUncertainty,geodeticDatum,altLocation,altLatitude,altLongitude,altCoordinateUncertainty,altGeodeticDatum,collectDate,aquaticSiteType,samplingImpractical,parentSampleID,parentSampleCode,eventID,samplerType,dissolvedOxygen,dissolvedOxygenSaturation,specificConductance,waterTemp,asiSamplingProtocolVersion,lowerSegmentDepth,upperSegmentDepth,maxDepth,lakeSampleDepth1,lakeSampleDepth2,aCollectedBy,bCollectedBy,remarks,fieldDataQF
"fdb67cdf-b142-4f0f-a393-3a027d84262f","D02","POSE","POSE.AOS.S2",38.895193,-78.147862,0.3,10.0,271.9,0.3,"WGS84",,,,,,"2017-01-10T13:54Z","stream",,"POSE.SS.20170110",,"POSE.20170110","Grab",15.53,107.40,74.80,0.50,"NEON.DOC.001886vD",,,,,,"jcoloso@neoninc.org","lcard@neoninc.org","Stream frozen - had to break hole in ice to collect samples. Discharge not measured.",
"b51dfec4-bb5d-4217-a155-9dc252df4e7e","D02","POSE","POSE.AOS.S2",38.895193,-78.147862,0.3,10.0,271.9,0.3,"WGS84",,,,,,"2017-01-24T14:29Z","stream",,"POSE.SS.20170124",,"POSE.20170124","Grab",11.29,88.50,72.40,5.00,"NEON.DOC.001886vD",,,,,,"jcoloso@neoninc.org","bdowner@neoninc.org","high flow| stream was at bankfull yesterday",
"e02016b0-bfc7-4cbb-8276-c740071a9aad","D02","POSE","POSE.AOS.S2",38.895193,-78.147862,0.3,10.0,271.9,0.3,"WGS84",,,,,,"2017-01-25T15:16Z","stream",,"POSE.SS.20170125",,"POSE.20170125","Grab",,,,,"NEON.DOC.001886vD",,,,,,"jcoloso@neoninc.org","bdowner@neoninc.org",,
"fc3ac6c4-083f-4926-bb23-271ddd7ee6b9","D02","POSE","POSE.AOS.S2",38.895193,-78.147862,0.3,10.0,271.9,0.3,"WGS84",,,,,,"2017-01-31T13:45Z","stream",,"POSE.SS.20170131",,"POSE.20170131","Grab",13.22,91.80,85.10,0.70,"NEON.DOC.001886vD",,,,,,"jcoloso@neoninc.org","lcard@neoninc.org",,
