uid,domainID,siteID,namedLocation,collectDate,sampleID,sampleCode,sampleCondition,laboratoryName,analysisDate,analyzedBy,sampleType,replicate,sampleVolumeFiltered,filterSize,percentFilterAnalyzed,analyte,analyteConcentration,plantAlgaeLabUnits,method,externalRemarks,externalLabDataQF
"827b0248-be0b-4a43-816b-cfe23ee98c1e","D02","POSE","POSE.AOS.S2","2017-01-10","POSE.SS.20170110.POM.1",,"condition ok","SIRFER Lab at University of Utah","2018-03-08","ElFtGy1kV49xqNP00HfxQA==","POM","1",400,25,100,"d13C",-28.16,"perMill","Revesz & Coplen 2012a",,
"0c720399-0aa1-4965-96a3-8406193fa07b","D02","POSE","POSE.AOS.S2","2017-01-10","POSE.SS.20170110.POM.1",,"condition ok","SIRFER Lab at University of Utah","2018-03-08","ElFtGy1kV49xqNP00HfxQA==","POM","1",400,25,100,"carbon",387.93,"microgramsPerLiter","Revesz & Coplen 2012a",,
"d70d9026-59ef-4601-b428-d05d216179b2","D02","POSE","POSE.AOS.S2","2017-01-10","POSE.SS.20170110.POM.1",,"condition ok","SIRFER Lab at University of Utah","2018-03-08","ElFtGy1kV49xqNP00HfxQA==","POM","1",400,25,100,"d15N",13.43,"perMill","Revesz & Coplen 2012a",,
"bbce384e-52cc-4123-b9cb-76c7ec3b85b1","D02","POSE","POSE.AOS.S2","2017-01-10","POSE.SS.20170110.POM.1",,"condition ok","SIRFER Lab at University of Utah","2018-03-08","ElFtGy1kV49xqNP00HfxQA==","POM","1",400,25,100,"nitrogen",25.51,"microgramsPerLiter","Revesz & Coplen 2012a",,
"38a885af-8efc-4e9d-b086-bdc079f0a489","D02","POSE","POSE.AOS.S2","2017-01-24","POSE.SS.20170124.POM.1",,"condition ok","SIRFER Lab at University of Utah","2018-03-08","ElFtGy1kV49xqNP00HfxQA==","POM","1",200,25,100,"nitrogen",70.17,"microgramsPerLiter","Revesz & Coplen 2012a",,
"0c5bd294-db4c-4d4b-b536-ed8db65e24fd","D02","POSE","POSE.AOS.S2","2017-01-24","POSE.SS.20170124.POM.1",,"condition ok","SIRFER Lab at University of Utah","2018-03-08","ElFtGy1kV49xqNP00HfxQA==","POM","1",200,25,100,"carbon",759.34,"microgramsPerLiter","Revesz & Coplen 2012a",,
"773c2f1a-c91b-4502-96dc-84316388e11e","D02","POSE","POSE.AOS.S2","2017-01-24","POSE.SS.20170124.POM.1",,"condition ok","SIRFER Lab at University of Utah","2018-03-08","ElFtGy1kV49xqNP00HfxQA==","POM","1",200,25,100,"d13C",-27.49,"perMill","Revesz & Coplen 2012a",,
"72063ca8-b9f2-4f35-93cc-07cb47b293e9","D02","POSE","POSE.AOS.S2","2017-01-24","POSE.SS.20170124.POM.1",,"condition ok","SIRFER Lab at University of Utah","2018-03-08","ElFtGy1kV49xqNP00HfxQA==","POM","1",200,25,100,"d15N",7.13,"perMill","Revesz & Coplen 2012a",,
"b3be4ff1-4b4b-4c2d-8184-8f2751ada97d","D02","POSE","POSE.AOS.S2","2017-01-31","POSE.SS.20170131.POM.1",,"condition ok","SIRFER Lab at University of Utah","2018-03-08","ElFtGy1kV49xqNP00HfxQA==","POM","1",800,25,100,"d15N",14.27,"perMill","Revesz & Coplen 2012a",,
"7e5bf5e4-98e8-4138-81e0-eed3e3f5e167","D02","POSE","POSE.AOS.S2","2017-01-31","POSE.SS.20170131.POM.1",,"condition ok","SIRFER Lab at University of Utah","2018-03-08","ElFtGy1kV49xqNP00HfxQA==","POM","1",800,25,100,"carbon",162.93,"microgramsPerLiter","Revesz & Coplen 2012a",,
"5456988a-49db-41bf-95df-e5e7cc8c41ee","D02","POSE","POSE.AOS.S2","2017-01-31","POSE.SS.20170131.POM.1",,"condition ok","SIRFER Lab at University of Utah","2018-03-08","ElFtGy1kV49xqNP00HfxQA==","POM","1",800,25,100,"nitrogen",14.32,"microgramsPerLiter","Revesz & Coplen 2012a",,
"c8ac5a67-0fca-42dc-9023-f8b599092959","D02","POSE","POSE.AOS.S2","2017-01-31","POSE.SS.20170131.POM.1",,"condition ok","SIRFER Lab at University of Utah","2018-03-08","ElFtGy1kV49xqNP00HfxQA==","POM","1",800,25,100,"d13C",-28.11,"perMill","Revesz & Coplen 2012a",,
