uid,domainID,siteID,namedLocation,collectDate,parentSampleID,parentSampleCode,isotopeH2OSampleCond,isotopeH2OSampleID,isotopeH2OSampleCode,isotopePOMRep2SampleCond,isotopePOMRep2SampleID,isotopePOMRep2SampleCode,isotopePOMSampleCond,isotopePOMSampleID,isotopePOMSampleCode,processedDateFilters,processedDateH2OIsotopes,sampleVolumeFilteredPOMRep1,sampleVolumeFilteredPOMRep2,fieldDataQF
"a63f47f6-df1b-4783-b194-84f384181528","D02","POSE","POSE.AOS.S2","2017-01-10T13:54Z","POSE.SS.20170110",,,"POSE.SS.20170110.H2O.1",,,"POSE.SS.20170110.POM.2",,,"POSE.SS.20170110.POM.1",,"2017-01-10T15:21Z","2017-01-10T15:12Z",400,400,
"e8d211fc-3110-4aac-9033-8d58365b2c69","D02","POSE","POSE.AOS.S2","2017-01-24T14:29Z","POSE.SS.20170124",,,"POSE.SS.20170124.H2O.1",,,"POSE.SS.20170124.POM.2",,,"POSE.SS.20170124.POM.1",,"2017-01-24T15:35Z","2017-01-24T15:51Z",200,200,
"75f4558a-1126-45d6-9aa5-2e6f01c7a88b","D02","POSE","POSE.AOS.S2","2017-01-25T15:16Z","POSE.SS.20170125",,,"POSE.SS.20170125.H2O.1",,,"POSE.SS.20170125.POM.2",,,"POSE.SS.20170125.POM.1",,"2017-01-25T17:10Z","2017-01-25T17:34Z",200,200,
"537ec9c5-0f8a-4208-8dc5-f50602f4f61c","D02","POSE","POSE.AOS.S2","2017-01-31T13:45Z","POSE.SS.20170131",,,"POSE.SS.20170131.H2O.1",,,"POSE.SS.20170131.POM.2",,,"POSE.SS.20170131.POM.1",,"2017-01-31T14:32Z","2017-01-31T14:47Z",800,800,
