uid,domainID,siteID,namedLocation,collectDate,sampleID,sampleCode,sampleCondition,laboratoryName,analysisDate,analyzedBy,sampleType,replicate,sampleVolumeFiltered,filterSize,percentFilterAnalyzed,analyte,analyteConcentration,plantAlgaeLabUnits,method,externalRemarks,externalLabDataQF
"648eb4ef-1b68-4b32-bdc5-9f809596f2d0","D10","ARIK","ARIK.AOS.S2","2017-03-01","ARIK.SS.20170301.POM.1",,"condition ok","SIRFER Lab at University of Utah","2018-04-04","ElFtGy1kV49xqNP00HfxQA==","POM","1",400,25,100,"d15N",4.60,"perMill","Revesz & Coplen 2012a",,
"cb3824e3-f214-48c7-8b3b-22d22d8979f9","D10","ARIK","ARIK.AOS.S2","2017-03-01","ARIK.SS.20170301.POM.1",,"condition ok","SIRFER Lab at University of Utah","2018-04-04","ElFtGy1kV49xqNP00HfxQA==","POM","1",400,25,100,"d13C",-28.90,"perMill","Revesz & Coplen 2012a",,
"6f5e679d-8ea2-4f5a-b781-e16555107c30","D10","ARIK","ARIK.AOS.S2","2017-03-01","ARIK.SS.20170301.POM.1",,"condition ok","SIRFER Lab at University of Utah","2018-04-04","ElFtGy1kV49xqNP00HfxQA==","POM","1",400,25,100,"nitrogen",54.32,"microgramsPerLiter","Revesz & Coplen 2012a",,
"583b9da6-4a3a-4cf5-8a67-65fe41903efe","D10","ARIK","ARIK.AOS.S2","2017-03-01","ARIK.SS.20170301.POM.1",,"condition ok","SIRFER Lab at University of Utah","2018-04-04","ElFtGy1kV49xqNP00HfxQA==","POM","1",400,25,100,"carbon",489.91,"microgramsPerLiter","Revesz & Coplen 2012a",,
"87f2a070-90e1-49f2-8798-582c39dd310b","D10","ARIK","ARIK.AOS.S2","2017-03-09","ARIK.SS.20170309.POM.1",,"condition ok","SIRFER Lab at University of Utah","2018-04-04","ElFtGy1kV49xqNP00HfxQA==","POM","1",400,25,100,"carbon",423.39,"microgramsPerLiter","Revesz & Coplen 2012a",,
"29660d56-59d1-4df3-9aba-e58a2e166776","D10","ARIK","ARIK.AOS.S2","2017-03-09","ARIK.SS.20170309.POM.1",,"condition ok","SIRFER Lab at University of Utah","2018-04-04","ElFtGy1kV49xqNP00HfxQA==","POM","1",400,25,100,"d15N",4.32,"perMill","Revesz & Coplen 2012a",,
"533e1bf5-1994-4d3f-acf3-0e9e3ed05f3e","D10","ARIK","ARIK.AOS.S2","2017-03-09","ARIK.SS.20170309.POM.1",,"condition ok","SIRFER Lab at University of Utah","2018-04-04","ElFtGy1kV49xqNP00HfxQA==","POM","1",400,25,100,"d13C",-29.46,"perMill","Revesz & Coplen 2012a",,
"f2e4b802-1a82-4944-b791-9cc2011c0676","D10","ARIK","ARIK.AOS.S2","2017-03-09","ARIK.SS.20170309.POM.1",,"condition ok","SIRFER Lab at University of Utah","2018-04-04","ElFtGy1kV49xqNP00HfxQA==","POM","1",400,25,100,"nitrogen",50.98,"microgramsPerLiter","Revesz & Coplen 2012a",,
"aa0634c8-bd9a-4710-90c3-b25d6998e717","D10","ARIK","ARIK.AOS.S2","2017-03-14","ARIK.SS.20170314.POM.2",,"condition ok","SIRFER Lab at University of Utah","2018-04-04","ElFtGy1kV49xqNP00HfxQA==","POM","1",350,25,100,"d15N",5.12,"perMill","Revesz & Coplen 2012a",,
"5951efb6-c16c-42a9-98fd-70abf0c40122","D10","ARIK","ARIK.AOS.S2","2017-03-14","ARIK.SS.20170314.POM.2",,"condition ok","SIRFER Lab at University of Utah","2018-04-04","ElFtGy1kV49xqNP00HfxQA==","POM","1",350,25,100,"nitrogen",50.36,"microgramsPerLiter","Revesz & Coplen 2012a",,
"6171341b-d1c6-4176-b5dd-f9f191e28b5c","D10","ARIK","ARIK.AOS.S2","2017-03-14","ARIK.SS.20170314.POM.2",,"condition ok","SIRFER Lab at University of Utah","2018-04-04","ElFtGy1kV49xqNP00HfxQA==","POM","1",350,25,100,"carbon",416.65,"microgramsPerLiter","Revesz & Coplen 2012a",,
"83236f4e-17ff-4f06-b8ab-6513e0ac7b98","D10","ARIK","ARIK.AOS.S2","2017-03-14","ARIK.SS.20170314.POM.2",,"condition ok","SIRFER Lab at University of Utah","2018-04-04","ElFtGy1kV49xqNP00HfxQA==","POM","1",350,25,100,"d13C",-28.73,"perMill","Revesz & Coplen 2012a",,
