uid,domainID,siteID,namedLocation,collectDate,sampleID,sampleCode,sampleCondition,laboratoryName,analysisDate,analyzedBy,sampleType,replicate,sampleVolumeFiltered,filterSize,percentFilterAnalyzed,analyte,analyteConcentration,plantAlgaeLabUnits,method,externalRemarks,externalLabDataQF
"7038a59d-4193-4180-a118-f5d84bd2b6e6","D13","COMO","COMO.AOS.S2","2017-05-10","COMO.SS.20170510.POM.2",,"condition ok","SIRFER Lab at University of Utah","2018-04-06","ElFtGy1kV49xqNP00HfxQA==","POM","1",600,25,100,"d15N",5.41,"perMill","Revesz & Coplen 2012a",,
"bff88288-f640-419c-9a6a-9facc1644493","D13","COMO","COMO.AOS.S2","2017-05-10","COMO.SS.20170510.POM.2",,"condition ok","SIRFER Lab at University of Utah","2018-04-06","ElFtGy1kV49xqNP00HfxQA==","POM","1",600,25,100,"nitrogen",22.01,"microgramsPerLiter","Revesz & Coplen 2012a",,
"f7df7e68-91f0-4e0e-ab5f-415ce773a68d","D13","COMO","COMO.AOS.S2","2017-05-10","COMO.SS.20170510.POM.2",,"condition ok","SIRFER Lab at University of Utah","2018-04-06","ElFtGy1kV49xqNP00HfxQA==","POM","1",600,25,100,"carbon",294.22,"microgramsPerLiter","Revesz & Coplen 2012a",,
"c064114b-5e05-4aa4-8b3b-01c7fd9cb1b3","D13","COMO","COMO.AOS.S2","2017-05-10","COMO.SS.20170510.POM.2",,"condition ok","SIRFER Lab at University of Utah","2018-04-06","ElFtGy1kV49xqNP00HfxQA==","POM","1",600,25,100,"d13C",-25.33,"perMill","Revesz & Coplen 2012a",,
"50056c0c-432a-4c80-8ee8-aa3f88bc0c84","D13","COMO","COMO.AOS.S2","2017-05-17","COMO.SS.20170517.POM.2",,"condition ok","SIRFER Lab at University of Utah","2018-04-06","ElFtGy1kV49xqNP00HfxQA==","POM","1",850,25,100,"d15N",5.32,"perMill","Revesz & Coplen 2012a",,
"e5e6a753-a30d-4df8-b035-5c6b702d8ad2","D13","COMO","COMO.AOS.S2","2017-05-17","COMO.SS.20170517.POM.2",,"condition ok","SIRFER Lab at University of Utah","2018-04-06","ElFtGy1kV49xqNP00HfxQA==","POM","1",850,25,100,"d13C",-25.11,"perMill","Revesz & Coplen 2012a",,
"37883bdf-1814-4783-8e4a-e480f3f8046c","D13","COMO","COMO.AOS.S2","2017-05-17","COMO.SS.20170517.POM.2",,"condition ok","SIRFER Lab at University of Utah","2018-04-06","ElFtGy1kV49xqNP00HfxQA==","POM","1",850,25,100,"carbon",174.14,"microgramsPerLiter","Revesz & Coplen 2012a",,
"31333a4b-ad21-4494-8439-679d4fadacea","D13","COMO","COMO.AOS.S2","2017-05-17","COMO.SS.20170517.POM.2",,"condition ok","SIRFER Lab at University of Utah","2018-04-06","ElFtGy1kV49xqNP00HfxQA==","POM","1",850,25,100,"nitrogen",13.71,"microgramsPerLiter","Revesz & Coplen 2012a",,
"c66a221b-467f-435d-b7a2-46bbd15a0726","D13","COMO","COMO.AOS.S2","2017-05-25","COMO.SS.20170525.POM.2",,"condition ok","SIRFER Lab at University of Utah","2018-04-06","ElFtGy1kV49xqNP00HfxQA==","POM","1",781,25,100,"d15N",8.51,"perMill","Revesz & Coplen 2012a",,
"c05a6a5d-ae08-4b44-9a20-96515548d205","D13","COMO","COMO.AOS.S2","2017-05-25","COMO.SS.20170525.POM.2",,"condition ok","SIRFER Lab at University of Utah","2018-04-06","ElFtGy1kV49xqNP00HfxQA==","POM","1",781,25,100,"nitrogen",20.23,"microgramsPerLiter","Revesz & Coplen 2012a",,
"76c78305-a704-47c5-afb7-5bbd57956927","D13","COMO","COMO.AOS.S2","2017-05-25","COMO.SS.20170525.POM.2",,"condition ok","SIRFER Lab at University of Utah","2018-04-06","ElFtGy1kV49xqNP00HfxQA==","POM","1",781,25,100,"carbon",279.58,"microgramsPerLiter","Revesz & Coplen 2012a",,
"5a92e2d9-ef8b-4ff4-83f6-92885397f3d8","D13","COMO","COMO.AOS.S2","2017-05-25","COMO.SS.20170525.POM.2",,"condition ok","SIRFER Lab at University of Utah","2018-04-06","ElFtGy1kV49xqNP00HfxQA==","POM","1",781,25,100,"d13C",-25.55,"perMill","Revesz & Coplen 2012a",,
