uid,domainID,siteID,namedLocation,collectDate,sampleID,sampleCode,sampleCondition,laboratoryName,analysisDate,analyzedBy,sampleType,replicate,sampleVolumeFiltered,filterSize,percentFilterAnalyzed,analyte,analyteConcentration,plantAlgaeLabUnits,method,externalRemarks,externalLabDataQF
"01b575a0-225d-42bd-90c5-49d2ad5ad00a","D16","MCRA","MCRA.AOS.S2","2017-08-15","MCRA.SS.20170815.POM.1",,"condition ok","SIRFER Lab at University of Utah","2018-07-19","ElFtGy1kV49xqNP00HfxQA==","POM","1",,,100,"nitrogen",6.45,"microgramsPerLiter","Revesz & Coplen 2012a",,
"4bcead02-7f16-4f9e-b91a-84e249e1c4e1","D16","MCRA","MCRA.AOS.S2","2017-08-15","MCRA.SS.20170815.POM.1",,"condition ok","SIRFER Lab at University of Utah","2018-07-19","ElFtGy1kV49xqNP00HfxQA==","POM","1",,,100,"d15N",5.12,"perMill","Revesz & Coplen 2012a",,
"7c82e335-6fcf-4062-ad7b-4933c584c524","D16","MCRA","MCRA.AOS.S2","2017-08-15","MCRA.SS.20170815.POM.1",,"condition ok","SIRFER Lab at University of Utah","2018-07-19","ElFtGy1kV49xqNP00HfxQA==","POM","1",,,100,"d13C",-26.85,"perMill","Revesz & Coplen 2012a",,
"b241cd53-ac22-4c86-a089-f8c10764f3d3","D16","MCRA","MCRA.AOS.S2","2017-08-15","MCRA.SS.20170815.POM.1",,"condition ok","SIRFER Lab at University of Utah","2018-07-19","ElFtGy1kV49xqNP00HfxQA==","POM","1",,,100,"carbon",132.50,"microgramsPerLiter","Revesz & Coplen 2012a",,
