uid,domainID,siteID,namedLocation,collectDate,sampleID,sampleCode,sampleCondition,laboratoryName,analysisDate,analyzedBy,sampleType,replicate,sampleVolumeFiltered,filterSize,percentFilterAnalyzed,analyte,analyteConcentration,plantAlgaeLabUnits,method,externalRemarks,externalLabDataQF
"1e9647c9-a636-4c42-ac0d-fb559ca16512","D05","CRAM","CRAM.AOS.outlet","2017-05-02","CRAM.OT.20170502.POM.2",,"condition ok","SIRFER Lab at University of Utah","2018-03-27","ElFtGy1kV49xqNP00HfxQA==","POM","1",150,25,100,"carbon",762.37,"microgramsPerLiter","Revesz & Coplen 2012a",,
"04407082-ef0c-42f3-87fe-7fa02e47257c","D05","CRAM","CRAM.AOS.outlet","2017-05-02","CRAM.OT.20170502.POM.2",,"condition ok","SIRFER Lab at University of Utah","2018-03-27","ElFtGy1kV49xqNP00HfxQA==","POM","1",150,25,100,"d15N",1.85,"perMill","Revesz & Coplen 2012a",,
"83204d3a-1ce0-4f94-a581-c6c4fc34ee0d","D05","CRAM","CRAM.AOS.outlet","2017-05-02","CRAM.OT.20170502.POM.2",,"condition ok","SIRFER Lab at University of Utah","2018-03-27","ElFtGy1kV49xqNP00HfxQA==","POM","1",150,25,100,"nitrogen",86.68,"microgramsPerLiter","Revesz & Coplen 2012a",,
"03ba354d-cf3a-46e1-a822-cff4d2d988e5","D05","CRAM","CRAM.AOS.outlet","2017-05-02","CRAM.OT.20170502.POM.2",,"condition ok","SIRFER Lab at University of Utah","2018-03-27","ElFtGy1kV49xqNP00HfxQA==","POM","1",150,25,100,"d13C",-29.11,"perMill","Revesz & Coplen 2012a",,
"f99162ba-a3e5-4a58-861a-114bf6d0aba0","D05","CRAM","CRAM.AOS.inlet","2017-05-02","CRAM.IN.20170502.POM.2",,"condition ok","SIRFER Lab at University of Utah","2018-03-27","ElFtGy1kV49xqNP00HfxQA==","POM","1",150,25,100,"carbon",803.29,"microgramsPerLiter","Revesz & Coplen 2012a",,
"d5cbd695-0a5f-4520-b4ba-7522e02e7f00","D05","CRAM","CRAM.AOS.inlet","2017-05-02","CRAM.IN.20170502.POM.2",,"condition ok","SIRFER Lab at University of Utah","2018-03-27","ElFtGy1kV49xqNP00HfxQA==","POM","1",150,25,100,"nitrogen",120.48,"microgramsPerLiter","Revesz & Coplen 2012a",,
"a3185c4b-c5e0-4cba-80c7-018b0675d328","D05","CRAM","CRAM.AOS.inlet","2017-05-02","CRAM.IN.20170502.POM.2",,"condition ok","SIRFER Lab at University of Utah","2018-03-27","ElFtGy1kV49xqNP00HfxQA==","POM","1",150,25,100,"d13C",-34.12,"perMill","Revesz & Coplen 2012a",,
"e380516f-57da-4901-9fe5-918baab36848","D05","CRAM","CRAM.AOS.inlet","2017-05-02","CRAM.IN.20170502.POM.2",,"condition ok","SIRFER Lab at University of Utah","2018-03-27","ElFtGy1kV49xqNP00HfxQA==","POM","1",150,25,100,"d15N",5.49,"perMill","Revesz & Coplen 2012a",,
"2e036f97-74e9-4a7c-8f44-58f6d69dfad4","D05","CRAM","CRAM.AOS.buoy.c1","2017-05-02","CRAM.C1.20170502.POM.2",,"condition ok","SIRFER Lab at University of Utah","2018-03-27","ElFtGy1kV49xqNP00HfxQA==","POM","1",150,25,100,"carbon",835.10,"microgramsPerLiter","Revesz & Coplen 2012a",,
"15750333-a7fd-47e1-bc2d-29bbc8ee9d43","D05","CRAM","CRAM.AOS.buoy.c1","2017-05-02","CRAM.C1.20170502.POM.2",,"condition ok","SIRFER Lab at University of Utah","2018-03-27","ElFtGy1kV49xqNP00HfxQA==","POM","1",150,25,100,"d15N",6.11,"perMill","Revesz & Coplen 2012a",,
"4461b32f-57bb-4777-92bf-2004d76b929c","D05","CRAM","CRAM.AOS.buoy.c1","2017-05-02","CRAM.C1.20170502.POM.2",,"condition ok","SIRFER Lab at University of Utah","2018-03-27","ElFtGy1kV49xqNP00HfxQA==","POM","1",150,25,100,"nitrogen",125.95,"microgramsPerLiter","Revesz & Coplen 2012a",,
"8d72e955-c2f0-4e16-8ff7-5005bef58a84","D05","CRAM","CRAM.AOS.buoy.c1","2017-05-02","CRAM.C1.20170502.POM.2",,"condition ok","SIRFER Lab at University of Utah","2018-03-27","ElFtGy1kV49xqNP00HfxQA==","POM","1",150,25,100,"d13C",-33.58,"perMill","Revesz & Coplen 2012a",,
"6c48fe96-2fd2-4dda-b043-3fdd954b61f7","D05","CRAM","CRAM.AOS.buoy.c2","2017-05-02","CRAM.C2.20170502.POM.2",,"condition ok","SIRFER Lab at University of Utah","2018-03-27","ElFtGy1kV49xqNP00HfxQA==","POM","1",150,25,100,"carbon",696.64,"microgramsPerLiter","Revesz & Coplen 2012a",,
"93831e22-f3f9-4c8c-ab0e-3e5f9e5de30c","D05","CRAM","CRAM.AOS.buoy.c2","2017-05-02","CRAM.C2.20170502.POM.2",,"condition ok","SIRFER Lab at University of Utah","2018-03-27","ElFtGy1kV49xqNP00HfxQA==","POM","1",150,25,100,"nitrogen",85.62,"microgramsPerLiter","Revesz & Coplen 2012a",,
"64e453fc-a502-458a-8aac-78502f035ecf","D05","CRAM","CRAM.AOS.buoy.c2","2017-05-02","CRAM.C2.20170502.POM.2",,"condition ok","SIRFER Lab at University of Utah","2018-03-27","ElFtGy1kV49xqNP00HfxQA==","POM","1",150,25,100,"d13C",-32.11,"perMill","Revesz & Coplen 2012a",,
"ec93ff65-07f1-480c-8e8d-252eb27cb678","D05","CRAM","CRAM.AOS.buoy.c2","2017-05-02","CRAM.C2.20170502.POM.2",,"condition ok","SIRFER Lab at University of Utah","2018-03-27","ElFtGy1kV49xqNP00HfxQA==","POM","1",150,25,100,"d15N",10.59,"perMill","Revesz & Coplen 2012a",,
