uid,domainID,siteID,namedLocation,decimalLatitude,decimalLongitude,coordinateUncertainty,additionalCoordUncertainty,elevation,elevationUncertainty,geodeticDatum,altLocation,altLatitude,altLongitude,altCoordinateUncertainty,altGeodeticDatum,collectDate,aquaticSiteType,samplingImpractical,parentSampleID,parentSampleCode,eventID,samplerType,dissolvedOxygen,dissolvedOxygenSaturation,specificConductance,waterTemp,asiSamplingProtocolVersion,lowerSegmentDepth,upperSegmentDepth,maxDepth,lakeSampleDepth1,lakeSampleDepth2,aCollectedBy,bCollectedBy,remarks,fieldDataQF
"ab20ff6a-a3ea-4ed4-af58-b5999e57c5eb","D05","CRAM","CRAM.AOS.outlet",46.211998,-89.474475,0.1,10.0,511.8,0.1,"WGS84",,,,,,"2017-05-02T14:55Z","lake",,"CRAM.OT.20170502",,"CRAM.20170502",,,,,,"NEON.DOC.001886vE",,,1.7,0.5,,"hbeeler@battelleecology.org","jhudson@neoninc.org","No insitu measurements",
"d0d5bf79-bb30-47f0-82c4-dec9d7628ab3","D05","CRAM","CRAM.AOS.inlet",46.207952,-89.476174,0.1,10.0,511.7,0.1,"WGS84",,,,,,"2017-05-02T15:25Z","lake",,"CRAM.IN.20170502",,"CRAM.20170502",,,,,,"NEON.DOC.001886vE",,,1.6,0.5,,"hbeeler@battelleecology.org","hbeeler@battelleecology.org","No insitu measurements",
"513aeaac-2b22-4c42-9317-22a79beef74d","D05","CRAM","CRAM.AOS.buoy.c1",46.210592,-89.476861,10.0,10.0,509.0,10.0,"WGS84",,,,,,"2017-05-02T16:13Z","lake",,"CRAM.C1.20170502",,"CRAM.20170502",,,,,,"NEON.DOC.001886vE",,0.0,16.9,0.5,,"jhudson@neoninc.org","hbeeler@battelleecology.org",,
"93784a9d-ddd6-4b95-8718-1ca245ab0ebe","D05","CRAM","CRAM.AOS.buoy.c2",46.210592,-89.476861,10.0,10.0,509.0,10.0,"WGS84",,,,,,"2017-05-02T16:27Z","lake",,"CRAM.C2.20170502",,"CRAM.20170502",,,,,,"NEON.DOC.001886vE",,,16.9,,,"jhudson@neoninc.org","hbeeler@battelleecology.org","10 m and 14 m sampling depths",
