uid,domainID,siteID,namedLocation,collectDate,parentSampleID,parentSampleCode,isotopeH2OSampleCond,isotopeH2OSampleID,isotopeH2OSampleCode,isotopePOMRep2SampleCond,isotopePOMRep2SampleID,isotopePOMRep2SampleCode,isotopePOMSampleCond,isotopePOMSampleID,isotopePOMSampleCode,processedDateFilters,processedDateH2OIsotopes,sampleVolumeFilteredPOMRep1,sampleVolumeFilteredPOMRep2,fieldDataQF
"800ecb99-0ee2-4694-85f5-c23d83e3fbae","D05","CRAM","CRAM.AOS.outlet","2017-05-02T14:55Z","CRAM.OT.20170502",,"Sample condition ok","CRAM.OT.20170502.H2O.1",,"Cold chain broken","CRAM.OT.20170502.POM.2",,"Cold chain broken","CRAM.OT.20170502.POM.1",,"2017-05-02T18:26Z","2017-05-02T20:57Z",150,150,
"9143232d-efec-4505-b832-abf562817e96","D05","CRAM","CRAM.AOS.inlet","2017-05-02T15:25Z","CRAM.IN.20170502",,"Sample condition ok","CRAM.IN.20170502.H2O.1",,"Cold chain broken","CRAM.IN.20170502.POM.2",,"Cold chain broken","CRAM.IN.20170502.POM.1",,"2017-05-02T18:43Z","2017-05-02T21:02Z",150,150,
"1639fa9c-d419-4ac0-8bd0-4ee348f7e190","D05","CRAM","CRAM.AOS.buoy.c1","2017-05-02T16:13Z","CRAM.C1.20170502",,"Sample condition ok","CRAM.C1.20170502.H2O.1",,"Cold chain broken","CRAM.C1.20170502.POM.2",,"Cold chain broken","CRAM.C1.20170502.POM.1",,"2017-05-02T19:20Z","2017-05-02T21:06Z",150,150,
"639bec30-31d1-4f39-9644-0090f213717b","D05","CRAM","CRAM.AOS.buoy.c2","2017-05-02T16:27Z","CRAM.C2.20170502",,"Sample condition ok","CRAM.C2.20170502.H2O.1",,"Cold chain broken","CRAM.C2.20170502.POM.2",,"Cold chain broken","CRAM.C2.20170502.POM.1",,"2017-05-02T19:19Z","2017-05-02T21:13Z",150,150,
