uid,domainID,siteID,namedLocation,collectDate,sampleID,sampleCode,sampleCondition,laboratoryName,analysisDate,analyzedBy,sampleType,replicate,sampleVolumeFiltered,filterSize,percentFilterAnalyzed,analyte,analyteConcentration,plantAlgaeLabUnits,method,externalRemarks,externalLabDataQF
"5e7c803f-8388-4c02-9062-b42a3fe788a3","D14","SYCA","SYCA.AOS.S2","2017-07-11","SYCA.SS.20170711.POM.1",,"condition ok","SIRFER Lab at University of Utah","2018-03-26","ElFtGy1kV49xqNP00HfxQA==","CNS","1",,,100,"carbon",187.50,"microgramsPerLiter","Revesz & Coplen 2012a",,
"177aadb7-2ae2-4ba4-9334-b3a21b87a0a1","D14","SYCA","SYCA.AOS.S2","2017-07-11","SYCA.SS.20170711.POM.1",,"condition ok","SIRFER Lab at University of Utah","2018-03-26","ElFtGy1kV49xqNP00HfxQA==","CNS","1",,,100,"d15N",13.76,"perMill","Revesz & Coplen 2012a",,
"915135f7-dee0-4968-b407-4f24507c9684","D14","SYCA","SYCA.AOS.S2","2017-07-11","SYCA.SS.20170711.POM.1",,"condition ok","SIRFER Lab at University of Utah","2018-03-26","ElFtGy1kV49xqNP00HfxQA==","CNS","1",,,100,"nitrogen",14.91,"microgramsPerLiter","Revesz & Coplen 2012a",,
"7974fde2-f5c6-408e-b7dc-2c65e3e31638","D14","SYCA","SYCA.AOS.S2","2017-07-11","SYCA.SS.20170711.POM.1",,"condition ok","SIRFER Lab at University of Utah","2018-03-26","ElFtGy1kV49xqNP00HfxQA==","CNS","1",,,100,"d13C",-30.92,"perMill","Revesz & Coplen 2012a",,
"dc43b99e-85cf-445e-9afd-1aa290f7b442","D14","SYCA","SYCA.AOS.S2","2017-07-25","SYCA.SS.20170725.POM.1",,"condition ok","SIRFER Lab at University of Utah","2018-03-26","ElFtGy1kV49xqNP00HfxQA==","CNS","1",,,100,"nitrogen",12.46,"microgramsPerLiter","Revesz & Coplen 2012a",,
"360c3893-5226-4471-a9ff-76d3f2f3807b","D14","SYCA","SYCA.AOS.S2","2017-07-25","SYCA.SS.20170725.POM.1",,"condition ok","SIRFER Lab at University of Utah","2018-03-26","ElFtGy1kV49xqNP00HfxQA==","CNS","1",,,100,"d13C",-31.74,"perMill","Revesz & Coplen 2012a",,
"9b540bf7-8c53-4e5f-80ff-f3cafb586540","D14","SYCA","SYCA.AOS.S2","2017-07-25","SYCA.SS.20170725.POM.1",,"condition ok","SIRFER Lab at University of Utah","2018-03-26","ElFtGy1kV49xqNP00HfxQA==","CNS","1",,,100,"d15N",12.37,"perMill","Revesz & Coplen 2012a",,
"0b4eff59-4e0a-49d2-a798-f5da663e4619","D14","SYCA","SYCA.AOS.S2","2017-07-25","SYCA.SS.20170725.POM.1",,"condition ok","SIRFER Lab at University of Utah","2018-03-26","ElFtGy1kV49xqNP00HfxQA==","CNS","1",,,100,"carbon",130.44,"microgramsPerLiter","Revesz & Coplen 2012a",,
