uid,domainID,siteID,namedLocation,collectDate,sampleID,sampleCode,sampleCondition,laboratoryName,analysisDate,analyzedBy,sampleType,replicate,sampleVolumeFiltered,filterSize,percentFilterAnalyzed,analyte,analyteConcentration,plantAlgaeLabUnits,method,externalRemarks,externalLabDataQF
"04bf4474-e42c-42d0-bf4a-043949e36b17","D16","MART","MART.AOS.S2","2018-10-09","MART.SS.20181009.POM.1","A00000059391","condition ok","SIRFER Lab at University of Utah","2018-11-13","ElFtGy1kV49xqNP00HfxQA==","POM","1",1000,25,100,"carbon",240.45,"microgramsPerLiter","Revesz & Coplen 2012a",,
"1dd28897-7ed2-49c6-a820-18de1b360988","D16","MART","MART.AOS.S2","2018-10-09","MART.SS.20181009.POM.1","A00000059391","condition ok","SIRFER Lab at University of Utah","2018-11-13","ElFtGy1kV49xqNP00HfxQA==","POM","1",1000,25,100,"nitrogen",22.55,"microgramsPerLiter","Revesz & Coplen 2012a",,
"109ad832-9d2c-4c06-8fc4-5dfb59b4d265","D16","MART","MART.AOS.S2","2018-10-09","MART.SS.20181009.POM.1","A00000059391","condition ok","SIRFER Lab at University of Utah","2018-11-13","ElFtGy1kV49xqNP00HfxQA==","POM","1",1000,25,100,"d13C",-28.45,"perMill","Revesz & Coplen 2012a",,
"cc1142b3-6dae-4fe8-932f-4a50fbf572fa","D16","MART","MART.AOS.S2","2018-10-09","MART.SS.20181009.POM.1","A00000059391","condition ok","SIRFER Lab at University of Utah","2018-11-13","ElFtGy1kV49xqNP00HfxQA==","POM","1",1000,25,100,"d15N",-4.85,"perMill","Revesz & Coplen 2012a",,
