uid,domainID,siteID,namedLocation,collectDate,sampleID,sampleCode,sampleCondition,laboratoryName,analysisDate,analyzedBy,sampleType,replicate,sampleVolumeFiltered,filterSize,percentFilterAnalyzed,analyte,analyteConcentration,plantAlgaeLabUnits,method,externalRemarks,externalLabDataQF
"a6424ab1-0e9f-49e8-9257-57a43ed96580","D02","POSE","POSE.AOS.S2","2016-01-12","POSE.SS.20160112.POM.1",,"condition ok","Academy of Natural Sciences of Drexel University","2016-08-29","OKgcKejxXbI=","13C15N","1",,,100,"d15N",5.72,"perMill",,,
"d96b26c0-d520-4cf3-addf-9d5d2e60d962","D02","POSE","POSE.AOS.S2","2016-01-12","POSE.SS.20160112.POM.2",,"condition ok","Academy of Natural Sciences of Drexel University","2016-09-01","OKgcKejxXbI=","13C15N","2",500,25,100,"d13C",-27.84,"perMill",,,"Audit Failed. Document: A00036_DREX_AlgalChem_DocAudit_20170407.pdf & A00036_DREX_AlgalChem_VisitAudit_20170407.pdf"
"e3b28e9f-aa6b-4bf6-8155-4a561db51b17","D02","POSE","POSE.AOS.S2","2016-01-12","POSE.SS.20160112.POM.2",,"condition ok","Academy of Natural Sciences of Drexel University","2016-09-01","OKgcKejxXbI=","13C15N","2",500,25,100,"d15N",2.60,"perMill",,,"Audit Failed. Document: A00036_DREX_AlgalChem_DocAudit_20170407.pdf & A00036_DREX_AlgalChem_VisitAudit_20170407.pdf"
"42098470-c9e9-469b-95e2-01d651ad6188","D02","POSE","POSE.AOS.S2","2016-01-12","POSE.SS.20160112.POM.1",,"condition ok","Academy of Natural Sciences of Drexel University","2016-08-29","OKgcKejxXbI=","13C15N","1",500,25,100,"d13C",-28.14,"perMill",,,"Audit Failed. Document: A00036_DREX_AlgalChem_DocAudit_20170407.pdf & A00036_DREX_AlgalChem_VisitAudit_20170407.pdf"
"8ba360a5-2193-4c4a-b646-c4b700577cd3","D02","POSE","POSE.AOS.S2","2016-01-12","POSE.SS.20160112.POM.1",,"condition ok","Academy of Natural Sciences of Drexel University","2016-08-29","OKgcKejxXbI=","13C15N","1",500,25,100,"d15N",5.72,"perMill",,,"Audit Failed. Document: A00036_DREX_AlgalChem_DocAudit_20170407.pdf & A00036_DREX_AlgalChem_VisitAudit_20170407.pdf"
"60dbb300-a3c9-4b4d-8b7f-b2144531984f","D02","POSE","POSE.AOS.S2","2016-01-12","POSE.SS.20160112.POM.2",,"condition ok","Academy of Natural Sciences of Drexel University","2016-09-01","OKgcKejxXbI=","13C15N","2",,,100,"d13C",-27.84,"perMill",,,
"ea5dd712-0753-4d24-a8bb-a716bf51484d","D02","POSE","POSE.AOS.S2","2016-01-12","POSE.SS.20160112.POM.1",,"condition ok","Academy of Natural Sciences of Drexel University","2016-08-29","OKgcKejxXbI=","13C15N","1",,,100,"d13C",-28.14,"perMill",,,
"ca214905-36e9-44fa-aebd-acb4ee3c0f57","D02","POSE","POSE.AOS.S2","2016-01-12","POSE.SS.20160112.POM.2",,"condition ok","Academy of Natural Sciences of Drexel University","2016-09-01","OKgcKejxXbI=","13C15N","2",,,100,"d15N",2.60,"perMill",,,
