uid,domainID,siteID,namedLocation,collectDate,sampleID,sampleCode,sampleCondition,laboratoryName,analysisDate,analyzedBy,sampleType,replicate,sampleVolumeFiltered,filterSize,percentFilterAnalyzed,analyte,analyteConcentration,plantAlgaeLabUnits,method,externalRemarks,externalLabDataQF
"874b2ecc-5f47-4f18-8017-59799bbc48cc","D02","POSE","POSE.AOS.S2","2015-01-13","POSE.SS.20150113.POM.2",,,"Academy of Natural Sciences of Drexel University","2015-08-28","OKgcKejxXbI=","CN iso","2",600,25,100,"d13C",-27.99,"perMill",,,"Audit Failed. Document: A00036_DREX_AlgalChem_DocAudit_20170407.pdf & A00036_DREX_AlgalChem_VisitAudit_20170407.pdf"
"447408e9-a13c-49b6-947b-a364641b4842","D02","POSE","POSE.AOS.S2","2015-01-13","POSE.SS.20150113.POM.2",,,"Academy of Natural Sciences of Drexel University","2015-08-28","OKgcKejxXbI=","CN iso","2",600,25,100,"d15N",1.62,"perMill",,,"Audit Failed. Document: A00036_DREX_AlgalChem_DocAudit_20170407.pdf & A00036_DREX_AlgalChem_VisitAudit_20170407.pdf"
"aadd9479-623e-485f-b5ee-608b85fd287d","D02","POSE","POSE.AOS.S2","2015-01-13","POSE.SS.20150113.POM.1",,,"Academy of Natural Sciences of Drexel University","2015-08-28","OKgcKejxXbI=","CN iso","1",600,25,100,"d15N",2.18,"perMill",,,"Audit Failed. Document: A00036_DREX_AlgalChem_DocAudit_20170407.pdf & A00036_DREX_AlgalChem_VisitAudit_20170407.pdf"
"72916d8f-572b-48cf-b032-a9c1a5b5e147","D02","POSE","POSE.AOS.S2","2015-01-13","POSE.SS.20150113.POM.1",,,"Academy of Natural Sciences of Drexel University","2015-08-28","OKgcKejxXbI=","CN iso","1",600,25,100,"d13C",-26.94,"perMill",,,"Audit Failed. Document: A00036_DREX_AlgalChem_DocAudit_20170407.pdf & A00036_DREX_AlgalChem_VisitAudit_20170407.pdf"
"b97a03bd-e6a4-498f-bc77-e28d0e1e42cd","D02","POSE","POSE.AOS.S2","2015-01-13","POSE.SS.20150113.POM.1",,,"Academy of Natural Sciences of Drexel University","2015-08-28","OKgcKejxXbI=","13C15N","1",,,100,"d15N",2.18,"perMill",,,
"abf3653a-fb73-4140-8c8a-8451cbf7d1e1","D02","POSE","POSE.AOS.S2","2015-01-13","POSE.SS.20150113.POM.2",,,"Academy of Natural Sciences of Drexel University","2015-08-28","OKgcKejxXbI=","13C15N","2",,,100,"d15N",1.62,"perMill",,,
"b36815ca-a88d-4bfc-a616-d1693c56c7ab","D02","POSE","POSE.AOS.S2","2015-01-13","POSE.SS.20150113.POM.2",,,"Academy of Natural Sciences of Drexel University","2015-08-28","OKgcKejxXbI=","13C15N","2",,,100,"d13C",-27.99,"perMill",,,
"482c9d3d-af7b-4f0f-897e-2dd20ecb1970","D02","POSE","POSE.AOS.S2","2015-01-13","POSE.SS.20150113.POM.1",,,"Academy of Natural Sciences of Drexel University","2015-08-28","OKgcKejxXbI=","13C15N","1",,,100,"d13C",-26.94,"perMill",,,
"c4cbafd2-2179-41e2-9e41-ce38aa0d8335","D02","POSE","POSE.AOS.S2","2015-01-28","POSE.SS.20150128.POM.2",,,"Academy of Natural Sciences of Drexel University","2015-08-28","OKgcKejxXbI=","CN iso","2",700,25,100,"d13C",-28.14,"perMill",,,"Audit Failed. Document: A00036_DREX_AlgalChem_DocAudit_20170407.pdf & A00036_DREX_AlgalChem_VisitAudit_20170407.pdf"
"f7388f5d-aac5-41e6-9746-b35743e477c2","D02","POSE","POSE.AOS.S2","2015-01-28","POSE.SS.20150128.POM.1",,,"Academy of Natural Sciences of Drexel University","2015-08-28","OKgcKejxXbI=","CN iso","1",700,25,100,"d13C",-28.18,"perMill",,,"Audit Failed. Document: A00036_DREX_AlgalChem_DocAudit_20170407.pdf & A00036_DREX_AlgalChem_VisitAudit_20170407.pdf"
"5aebbc7e-33a7-4b52-90b1-202aca48d3ca","D02","POSE","POSE.AOS.S2","2015-01-28","POSE.SS.20150128.POM.2",,,"Academy of Natural Sciences of Drexel University","2015-08-28","OKgcKejxXbI=","CN iso","2",700,25,100,"d15N",1.39,"perMill",,,"Audit Failed. Document: A00036_DREX_AlgalChem_DocAudit_20170407.pdf & A00036_DREX_AlgalChem_VisitAudit_20170407.pdf"
"fcd1ab3c-7630-42e9-a5fe-798040c4a5d6","D02","POSE","POSE.AOS.S2","2015-01-28","POSE.SS.20150128.POM.1",,,"Academy of Natural Sciences of Drexel University","2015-08-28","OKgcKejxXbI=","CN iso","1",700,25,100,"d15N",,"perMill",,,"Audit Failed. Document: A00036_DREX_AlgalChem_DocAudit_20170407.pdf & A00036_DREX_AlgalChem_VisitAudit_20170407.pdf"
"c4c700a5-09bf-4dd8-a937-053836233f4b","D02","POSE","POSE.AOS.S2","2015-01-28","POSE.SS.20150128.POM.2",,,"Academy of Natural Sciences of Drexel University","2015-08-28","OKgcKejxXbI=","13C15N","2",,,100,"d15N",1.39,"perMill",,,
"2311db2f-d68e-4e20-9553-39dc8e903215","D02","POSE","POSE.AOS.S2","2015-01-28","POSE.SS.20150128.POM.1",,"other","Academy of Natural Sciences of Drexel University","2015-08-28","OKgcKejxXbI=","13C15N","1",,,100,"d15N",,"perMill",,"no data",
"f04eae0f-24fa-44cc-ac65-de4cfe705bea","D02","POSE","POSE.AOS.S2","2015-01-28","POSE.SS.20150128.POM.2",,,"Academy of Natural Sciences of Drexel University","2015-08-28","OKgcKejxXbI=","13C15N","2",,,100,"d13C",-28.14,"perMill",,,
"60ee46bb-4213-4cdb-832b-2f7f2fbbe287","D02","POSE","POSE.AOS.S2","2015-01-28","POSE.SS.20150128.POM.1",,,"Academy of Natural Sciences of Drexel University","2015-08-28","OKgcKejxXbI=","13C15N","1",,,100,"d13C",-28.18,"perMill",,,
