uid,domainID,siteID,namedLocation,collectDate,parentSampleID,parentSampleCode,isotopeH2OSampleCond,isotopeH2OSampleID,isotopeH2OSampleCode,isotopePOMRep2SampleCond,isotopePOMRep2SampleID,isotopePOMRep2SampleCode,isotopePOMSampleCond,isotopePOMSampleID,isotopePOMSampleCode,processedDateFilters,processedDateH2OIsotopes,sampleVolumeFilteredPOMRep1,sampleVolumeFilteredPOMRep2,fieldDataQF
"43d2b0cf-93d1-4c74-8ae8-7031e5c9270a","D02","LEWI","LEWI.AOS.S2","2019-05-01T13:15Z","LEWI.SS.20190501",,"Sample condition ok","LEWI.SS.20190501.H2O.1","A00000033874","Sample condition ok","LEWI.SS.20190501.POM.2","A00000033873","Sample condition ok","LEWI.SS.20190501.POM.1","A00000033872","2019-05-01T15:25Z","2019-05-01T16:04Z",500,500,
"55d18b9b-81fd-44cb-976e-a39609f9115c","D02","LEWI","LEWI.AOS.S2","2019-05-08T13:20Z","LEWI.SS.20190508",,"Sample condition ok","LEWI.SS.20190508.H2O.1","A00000072527","Sample condition ok","LEWI.SS.20190508.POM.2","A00000072524","Sample condition ok","LEWI.SS.20190508.POM.1","A00000072523","2019-05-08T15:20Z","2019-05-08T15:45Z",250,250,
"5a782acd-e7d5-49e4-b560-c9c78cee3c71","D02","LEWI","LEWI.AOS.S2","2019-05-15T13:40Z","LEWI.SS.20190515",,"Sample condition ok","LEWI.SS.20190515.H2O.1","A00000072539","Sample condition ok","LEWI.SS.20190515.POM.2","A00000072541","Sample condition ok","LEWI.SS.20190515.POM.1","A00000072540","2019-05-15T15:50Z","2019-05-15T16:00Z",350,350,
"24a7126a-02ce-4ccf-a306-f4b9753ac098","D02","LEWI","LEWI.AOS.S2","2019-05-22T13:32Z","LEWI.SS.20190522",,"Sample condition ok","LEWI.SS.20190522.H2O.1","A00000072585","Sample condition ok","LEWI.SS.20190522.POM.2","A00000072583","Sample condition ok","LEWI.SS.20190522.POM.1","A00000072582","2019-05-22T15:04Z","2019-05-22T15:19Z",400,400,
