uid,domainID,siteID,namedLocation,collectDate,analysisDate,isotopeH2OSampleID,isotopeH2OSampleCode,instrumentSN,d18OWater,d2HWater,d18OsdWater,d2HsdWater,isotopeH2OExternalLabQF,laboratoryName,analyzedBy,sampleCondition,externalRemarks,externalLabDataQF
"f0b9e5a5-c4aa-4ed8-96fc-2fd37b108e6c","D02","LEWI","LEWI.AOS.S2","2019-05-01","2019-06-20","LEWI.SS.20190501.H2O.1","A00000033874","HIDS2052",-7.79,-49.31,0.03,0.03,0,"SIRFER Lab at University of Utah","OlSmE6RRn5QQH8tvUHmK5i/poYiQr6sd","OK",,
"1b60d958-96a0-4c4c-ad6f-784d42103f72","D02","LEWI","LEWI.AOS.S2","2019-05-08","2019-06-20","LEWI.SS.20190508.H2O.1","A00000072527","HIDS2052",-7.89,-49.33,0.01,0.05,0,"SIRFER Lab at University of Utah","OlSmE6RRn5QQH8tvUHmK5i/poYiQr6sd","OK",,
"9f6add8a-20ba-4faa-a80e-56fecd767eb0","D02","LEWI","LEWI.AOS.S2","2019-05-15","2019-06-20","LEWI.SS.20190515.H2O.1","A00000072539","HIDS2052",-7.86,-49.53,0.02,0.12,0,"SIRFER Lab at University of Utah","OlSmE6RRn5QQH8tvUHmK5i/poYiQr6sd","OK",,
"37625593-1849-40c4-b1f9-907a173edb83","D02","LEWI","LEWI.AOS.S2","2019-05-22","2019-07-27","LEWI.SS.20190522.H2O.1","A00000072585","HIDS2052",-7.69,-49.67,0.07,0.39,0,"SIRFER Lab at University of Utah","OlSmE6RRn5QQH8tvUHmK5i/poYiQr6sd","OK",,
