uid,domainID,siteID,namedLocation,decimalLatitude,decimalLongitude,coordinateUncertainty,additionalCoordUncertainty,elevation,elevationUncertainty,geodeticDatum,altLocation,altLatitude,altLongitude,altCoordinateUncertainty,altGeodeticDatum,collectDate,aquaticSiteType,samplingImpractical,parentSampleID,parentSampleCode,eventID,samplerType,dissolvedOxygen,dissolvedOxygenSaturation,specificConductance,waterTemp,asiSamplingProtocolVersion,lowerSegmentDepth,upperSegmentDepth,maxDepth,lakeSampleDepth1,lakeSampleDepth2,aCollectedBy,bCollectedBy,remarks,fieldDataQF
"46e30ba4-f166-4008-b7a7-76bd5961a541","D02","LEWI","LEWI.AOS.S2",39.094218,-77.981434,0.1,10.0,123.3,0.0,"WGS84",,,,,,"2019-05-01T13:15Z","stream",,"LEWI.SS.20190501",,"LEWI.20190501","Grab",9.39,91.70,515.00,14.30,"NEON.DOC.001886vF",,,,,,"0000-0002-3192-2230","0000-0002-3192-2230",,
"7f3246e9-82d9-4b69-a035-377f4c3fc02c","D02","LEWI","LEWI.AOS.S2",39.094218,-77.981434,0.1,10.0,123.3,0.0,"WGS84",,,,,,"2019-05-08T13:20Z","stream",,"LEWI.SS.20190508",,"LEWI.20190508","Grab",9.58,93.80,519.00,14.40,"NEON.DOC.001886vF",,,,,,"0000-0002-3192-2230","0000-0002-3192-2230",,
"f9d4b7ba-e1cb-4bc6-92c3-b28f0ed3085a","D02","LEWI","LEWI.AOS.S2",39.094218,-77.981434,0.1,10.0,123.3,0.0,"WGS84",,,,,,"2019-05-15T13:40Z","stream",,"LEWI.SS.20190515",,"LEWI.20190515","Grab",9.99,91.80,506.00,11.40,"NEON.DOC.001886vF",,,,,,"0000-0002-3192-2230","0000-0002-3192-2230",,
"db56647d-31c7-4eb8-ae9a-e31507fb7be9","D02","LEWI","LEWI.AOS.S2",39.094218,-77.981434,0.1,10.0,123.3,0.0,"WGS84",,,,,,"2019-05-22T13:32Z","stream",,"LEWI.SS.20190522",,"LEWI.20190522","Grab",10.02,95.80,532.00,13.00,"NEON.DOC.001886vF",,,,,,"0000-0002-3192-2230","0000-0002-3192-2230",,
