uid,domainID,siteID,namedLocation,collectDate,sampleID,sampleCode,sampleCondition,laboratoryName,analysisDate,analyzedBy,sampleType,replicate,sampleVolumeFiltered,filterSize,percentFilterAnalyzed,analyte,analyteConcentration,plantAlgaeLabUnits,method,externalRemarks,externalLabDataQF
"ffe192be-3b34-421c-9b72-2a5e0af01352","D04","CUPE","CUPE.AOS.S2","2016-06-07","CUPE.SS.20160607.POM.2",,"other","Academy of Natural Sciences of Drexel University","2017-02-13","OKgcKejxXbI=","13C15N","2",,,100,"d15N",,"perMill",,"too small",
"32b1424e-2e14-4101-a629-14ae67fcffce","D04","CUPE","CUPE.AOS.S2","2016-06-07","CUPE.SS.20160607.POM.2",,"condition ok","Academy of Natural Sciences of Drexel University","2017-02-13","OKgcKejxXbI=","13C15N","2",,,100,"d13C",-30.15,"perMill",,,
"910ca47c-c267-41ae-8011-e854b76939ba","D04","CUPE","CUPE.AOS.S2","2016-06-07","CUPE.SS.20160607.POM.1",,"condition ok","Academy of Natural Sciences of Drexel University","2017-01-24","OKgcKejxXbI=","13C15N","1",,,100,"d13C",-28.34,"perMill",,,
"1771720e-66cc-46bf-8eb6-56756ad3ceca","D04","CUPE","CUPE.AOS.S2","2016-06-07","CUPE.SS.20160607.POM.1",,"condition ok","Academy of Natural Sciences of Drexel University","2017-01-24","OKgcKejxXbI=","13C15N","1",,,100,"d15N",1.50,"perMill",,,
"b0eb1837-7869-4b2f-b679-7584f28001c6","D04","CUPE","CUPE.AOS.S2","2016-06-23","CUPE.SS.20160623.POM.2",,"other","Academy of Natural Sciences of Drexel University","2017-02-13","OKgcKejxXbI=","13C15N","2",,,100,"d15N",,"perMill",,"too small",
"aff8f89a-1914-47af-a39c-674fd5f93c3a","D04","CUPE","CUPE.AOS.S2","2016-06-23","CUPE.SS.20160623.POM.1",,"condition ok","Academy of Natural Sciences of Drexel University","2017-01-24","OKgcKejxXbI=","13C15N","1",,,100,"d15N",0.56,"perMill",,,
"c58ca6e6-1d44-4061-be00-7f8d39ac35b3","D04","CUPE","CUPE.AOS.S2","2016-06-23","CUPE.SS.20160623.POM.2",,"condition ok","Academy of Natural Sciences of Drexel University","2017-02-13","OKgcKejxXbI=","13C15N","2",,,100,"d13C",-29.10,"perMill",,,
"38e6dd6f-a394-4421-9427-f6c34acdbb40","D04","CUPE","CUPE.AOS.S2","2016-06-23","CUPE.SS.20160623.POM.1",,"condition ok","Academy of Natural Sciences of Drexel University","2017-01-24","OKgcKejxXbI=","13C15N","1",,,100,"d13C",-28.61,"perMill",,,
