uid,domainID,siteID,namedLocation,collectDate,sampleID,sampleCode,sampleCondition,laboratoryName,analysisDate,analyzedBy,sampleType,replicate,sampleVolumeFiltered,filterSize,percentFilterAnalyzed,analyte,analyteConcentration,plantAlgaeLabUnits,method,externalRemarks,externalLabDataQF
"53a420b2-d6e5-4529-9091-d2ab11ab64f6","D17","BIGC","BIGC.AOS.S2","2018-03-07","BIGC.SS.20180307.POM.1",,"condition ok","SIRFER Lab at University of Utah","2018-01-08","ElFtGy1kV49xqNP00HfxQA==","POM","1",1250,25,100,"nitrogen",8.92,"microgramsPerLiter","Revesz & Coplen 2012a",,
"3a8fe058-0ea7-45f0-8dab-8d901d50dcf7","D17","BIGC","BIGC.AOS.S2","2018-03-07","BIGC.SS.20180307.POM.1",,"condition ok","SIRFER Lab at University of Utah","2018-01-08","ElFtGy1kV49xqNP00HfxQA==","POM","1",1250,25,100,"d15N",2.32,"perMill","Revesz & Coplen 2012a",,
"d0d86fb1-ce3c-44fb-a827-e133ef4682ff","D17","BIGC","BIGC.AOS.S2","2018-03-07","BIGC.SS.20180307.POM.1",,"condition ok","SIRFER Lab at University of Utah","2018-01-08","ElFtGy1kV49xqNP00HfxQA==","POM","1",1250,25,100,"d13C",-28.28,"perMill","Revesz & Coplen 2012a",,
"1a569cdf-91c2-4164-8a7e-87d2ffe85181","D17","BIGC","BIGC.AOS.S2","2018-03-07","BIGC.SS.20180307.POM.1",,"condition ok","SIRFER Lab at University of Utah","2018-01-08","ElFtGy1kV49xqNP00HfxQA==","POM","1",1250,25,100,"carbon",131.34,"microgramsPerLiter","Revesz & Coplen 2012a",,
"ce6e89d3-632b-45f9-b1b1-81e33dc9fafb","D17","BIGC","BIGC.AOS.S2","2018-03-13","BIGC.SS.20180313.POM.1",,"condition ok","SIRFER Lab at University of Utah","2018-01-08","ElFtGy1kV49xqNP00HfxQA==","POM","1",1600,25,100,"d15N",1.91,"perMill","Revesz & Coplen 2012a",,
"f9d8c5d2-4537-4ede-9e16-ca9e07daa903","D17","BIGC","BIGC.AOS.S2","2018-03-13","BIGC.SS.20180313.POM.1",,"condition ok","SIRFER Lab at University of Utah","2018-01-08","ElFtGy1kV49xqNP00HfxQA==","POM","1",1600,25,100,"d13C",-27.50,"perMill","Revesz & Coplen 2012a",,
"72d098cc-b373-4ff9-b0e5-3478fed3a550","D17","BIGC","BIGC.AOS.S2","2018-03-13","BIGC.SS.20180313.POM.1",,"condition ok","SIRFER Lab at University of Utah","2018-01-08","ElFtGy1kV49xqNP00HfxQA==","POM","1",1600,25,100,"nitrogen",11.63,"microgramsPerLiter","Revesz & Coplen 2012a",,
"8ba4ac61-5006-49c1-9b3b-d50ef090627a","D17","BIGC","BIGC.AOS.S2","2018-03-13","BIGC.SS.20180313.POM.1",,"condition ok","SIRFER Lab at University of Utah","2018-01-08","ElFtGy1kV49xqNP00HfxQA==","POM","1",1600,25,100,"carbon",133.79,"microgramsPerLiter","Revesz & Coplen 2012a",,
"a5f289e6-b4f0-45fd-9b81-6bc452cf1dd0","D17","BIGC","BIGC.AOS.S2","2018-03-28","BIGC.SS.20180328.POM.1","A00000030712","condition ok","SIRFER Lab at University of Utah","2018-01-08","ElFtGy1kV49xqNP00HfxQA==","POM","1",1750,25,100,"nitrogen",11.56,"microgramsPerLiter","Revesz & Coplen 2012a",,
"3d699047-caf6-48f3-813a-46ef0641a591","D17","BIGC","BIGC.AOS.S2","2018-03-28","BIGC.SS.20180328.POM.1","A00000030712","condition ok","SIRFER Lab at University of Utah","2018-01-08","ElFtGy1kV49xqNP00HfxQA==","POM","1",1750,25,100,"d13C",-26.43,"perMill","Revesz & Coplen 2012a",,
"685a6a14-ac89-4bcd-a6b9-26ddfe6d045e","D17","BIGC","BIGC.AOS.S2","2018-03-28","BIGC.SS.20180328.POM.1","A00000030712","condition ok","SIRFER Lab at University of Utah","2018-01-08","ElFtGy1kV49xqNP00HfxQA==","POM","1",1750,25,100,"d15N",6.64,"perMill","Revesz & Coplen 2012a",,
"401b0f11-4c42-4427-a19c-1c3d71524a45","D17","BIGC","BIGC.AOS.S2","2018-03-28","BIGC.SS.20180328.POM.1","A00000030712","condition ok","SIRFER Lab at University of Utah","2018-01-08","ElFtGy1kV49xqNP00HfxQA==","POM","1",1750,25,100,"carbon",148.80,"microgramsPerLiter","Revesz & Coplen 2012a",,
