uid,domainID,siteID,namedLocation,collectDate,parentSampleID,parentSampleCode,isotopeH2OSampleCond,isotopeH2OSampleID,isotopeH2OSampleCode,isotopePOMRep2SampleCond,isotopePOMRep2SampleID,isotopePOMRep2SampleCode,isotopePOMSampleCond,isotopePOMSampleID,isotopePOMSampleCode,processedDateFilters,processedDateH2OIsotopes,sampleVolumeFilteredPOMRep1,sampleVolumeFilteredPOMRep2,fieldDataQF
"85d096f9-ff53-4b61-907d-33dc68afb67e","D08","TOMB","TOMB.AOS.buoy.c0","2019-04-01T16:30Z","TOMB.C0.20190401",,"Sample condition ok","TOMB.C0.20190401.H2O.1","A00000048627","Sample condition ok","TOMB.C0.20190401.POM.2","A00000048642","Sample condition ok","TOMB.C0.20190401.POM.1","A00000048641","2019-04-01T16:30Z","2019-04-01T16:30Z",100,100,
"d81c13a3-6a33-4b56-b163-181b246c0036","D08","TOMB","TOMB.AOS.buoy.c0","2019-04-03T15:45Z","TOMB.C0.20190403",,"Sample condition ok","TOMB.C0.20190403.H2O.1","A00000048781","Sample condition ok","TOMB.C0.20190403.POM.2","A00000048632","Sample condition ok","TOMB.C0.20190403.POM.1","A00000048631","2019-04-03T15:45Z","2019-04-03T15:45Z",100,100,
"678d3a60-891d-4e8b-a70c-d2494ddf429e","D08","TOMB","TOMB.AOS.buoy.c0","2019-04-09T15:27Z","TOMB.C0.20190409",,"Sample condition ok","TOMB.C0.20190409.H2O.1","A00000048646","Sample condition ok","TOMB.C0.20190409.POM.2","A00000081809","Sample condition ok","TOMB.C0.20190409.POM.1","A00000081810","2019-04-09T15:27Z","2019-04-09T15:27Z",100,100,
"54d407be-72d6-4f57-af3a-257348b5b591","D08","TOMB","TOMB.AOS.buoy.c0","2019-04-15T16:15Z","TOMB.C0.20190415",,"Sample condition ok","TOMB.C0.20190415.H2O.1","A00000081723","Sample condition ok","TOMB.C0.20190415.POM.2","A00000081806","Sample condition ok","TOMB.C0.20190415.POM.1","A00000081805","2019-04-15T16:15Z","2019-04-15T16:15Z",40,40,
"cc2fe0ad-4c39-451d-9638-b40228ccabcd","D08","TOMB","TOMB.AOS.buoy.c0","2019-04-25T16:02Z","TOMB.C0.20190425",,"Sample condition ok","TOMB.C0.20190425.H2O.1","A00000082024","Sample condition ok","TOMB.C0.20190425.POM.2","A00000082101","Sample condition ok","TOMB.C0.20190425.POM.1","A00000082100","2019-04-25T16:02Z","2019-04-25T16:02Z",50,50,
