uid,domainID,siteID,namedLocation,collectDate,analysisDate,isotopeH2OSampleID,isotopeH2OSampleCode,instrumentSN,d18OWater,d2HWater,d18OsdWater,d2HsdWater,isotopeH2OExternalLabQF,laboratoryName,analyzedBy,sampleCondition,externalRemarks,externalLabDataQF
"acc0424d-a8cf-4e5d-bfec-39e293265fb9","D08","TOMB","TOMB.AOS.buoy.c0","2019-04-01","2019-07-09","TOMB.C0.20190401.H2O.1","A00000048627","HIDS2046",-3.73,-19.53,0.06,0.39,0,"SIRFER Lab at University of Utah","OlSmE6RRn5QQH8tvUHmK5i/poYiQr6sd","OK",,
"f58f7d60-27a8-4839-9c41-eb0a550ced09","D08","TOMB","TOMB.AOS.buoy.c0","2019-04-03","2019-07-09","TOMB.C0.20190403.H2O.1","A00000048781","HIDS2046",-3.51,-19.42,0.06,0.32,0,"SIRFER Lab at University of Utah","OlSmE6RRn5QQH8tvUHmK5i/poYiQr6sd","OK",,
"7d5ae878-5fa7-4546-a9de-9b50c75cb2bd","D08","TOMB","TOMB.AOS.buoy.c0","2019-04-09","2019-07-09","TOMB.C0.20190409.H2O.1","A00000048646","HIDS2046",-4.07,-21.67,0.05,0.55,0,"SIRFER Lab at University of Utah","OlSmE6RRn5QQH8tvUHmK5i/poYiQr6sd","OK",,
"8cd621da-66cf-4478-9242-1a244089664d","D08","TOMB","TOMB.AOS.buoy.c0","2019-04-15","2019-07-09","TOMB.C0.20190415.H2O.1","A00000081723","HIDS2046",-3.85,-18.92,0.03,0.10,0,"SIRFER Lab at University of Utah","OlSmE6RRn5QQH8tvUHmK5i/poYiQr6sd","OK",,
"30ad8b5c-e2fe-4b3b-9e15-b7db5e1970d2","D08","TOMB","TOMB.AOS.buoy.c0","2019-04-25","2019-07-09","TOMB.C0.20190425.H2O.1","A00000082024","HIDS2046",-3.74,-18.08,0.03,0.29,0,"SIRFER Lab at University of Utah","OlSmE6RRn5QQH8tvUHmK5i/poYiQr6sd","OK",,
