uid,domainID,siteID,namedLocation,decimalLatitude,decimalLongitude,coordinateUncertainty,additionalCoordUncertainty,elevation,elevationUncertainty,geodeticDatum,altLocation,altLatitude,altLongitude,altCoordinateUncertainty,altGeodeticDatum,collectDate,aquaticSiteType,samplingImpractical,parentSampleID,parentSampleCode,eventID,samplerType,dissolvedOxygen,dissolvedOxygenSaturation,specificConductance,waterTemp,asiSamplingProtocolVersion,lowerSegmentDepth,upperSegmentDepth,maxDepth,lakeSampleDepth1,lakeSampleDepth2,aCollectedBy,bCollectedBy,remarks,fieldDataQF
"4649b4f9-2361-4752-aed3-6135a52e21ad","D08","TOMB","TOMB.AOS.buoy.c0",31.853820,-88.157300,5.0,10.0,20.0,10.0,"WGS84",,,,,,"2019-04-01T16:30Z","river",,"TOMB.C0.20190401",,"TOMB.20190401","Kemmerer",9.58,99.70,139.60,17.20,"NEON.DOC.001886vF",,,4.1,0.5,,"0000-0002-9743-3915","0000-0003-1334-3275",,
"e77bf256-433b-4742-8841-cdbe2d719a71","D08","TOMB","TOMB.AOS.buoy.c0",31.853820,-88.157300,5.0,10.0,20.0,10.0,"WGS84",,,,,,"2019-04-03T15:45Z","river",,"TOMB.C0.20190403",,"TOMB.20190403","Kemmerer",9.27,96.60,135.90,17.40,"NEON.DOC.001886vF",,,6.0,0.5,,"0000-0002-4103-6144","0000-0003-1334-3275",,
"2d1e146f-4dcd-4bbd-b22c-fa275af12f21","D08","TOMB","TOMB.AOS.buoy.c0",31.853820,-88.157300,5.0,10.0,20.0,10.0,"WGS84",,,,,,"2019-04-09T15:27Z","river",,"TOMB.C0.20190409",,"TOMB.20190409","Kemmerer",8.49,91.00,131.10,18.70,"NEON.DOC.001886vF",,,5.4,0.5,,"0000-0002-9743-3915","0000-0003-1561-0904",,
"5f4bae98-49c9-4d36-860e-33a66134f149","D08","TOMB","TOMB.AOS.buoy.c0",31.853820,-88.157300,5.0,10.0,20.0,10.0,"WGS84",,,,,,"2019-04-15T16:15Z","river",,"TOMB.C0.20190415",,"TOMB.20190415","Kemmerer",9.20,100.20,121.50,19.90,"NEON.DOC.001886vF",,,5.0,0.5,,"0000-0002-9743-3915","0000-0003-1334-3275",,
"ba56873b-3852-461c-b16d-9257d419a444","D08","TOMB","TOMB.AOS.buoy.c0",31.853820,-88.157300,5.0,10.0,20.0,10.0,"WGS84",,,,,,"2019-04-25T16:02Z","river",,"TOMB.C0.20190425",,"TOMB.20190425","Kemmerer",7.26,76.70,119.20,18.10,"NEON.DOC.001886vF",,,8.1,0.5,,"0000-0003-1561-0904","0000-0002-9743-3915",,
