uid,domainID,siteID,namedLocation,collectDate,sampleID,sampleCode,sampleCondition,laboratoryName,analysisDate,analyzedBy,sampleType,replicate,sampleVolumeFiltered,filterSize,percentFilterAnalyzed,analyte,analyteConcentration,plantAlgaeLabUnits,method,externalRemarks,externalLabDataQF
"25d03f6c-8df6-4985-828c-6da0f7a9077e","D08","TOMB","TOMB.AOS.buoy.c0","2019-04-01","TOMB.C0.20190401.POM.1","A00000048641","condition ok","SIRFER Lab at University of Utah","2019-05-09","ElFtGy1kV49xqNP00HfxQA==","POM","1",100,25,100,"d15N",3.02,"perMill","Revesz & Coplen 2012a",,
"29fe13ff-5cbc-46fd-b561-d9441f2a284e","D08","TOMB","TOMB.AOS.buoy.c0","2019-04-01","TOMB.C0.20190401.POM.1","A00000048641","condition ok","SIRFER Lab at University of Utah","2019-05-09","ElFtGy1kV49xqNP00HfxQA==","POM","1",100,25,100,"carbon",967.46,"microgramsPerLiter","Revesz & Coplen 2012a",,
"c4b63310-91bb-486e-a0ea-d961fff35321","D08","TOMB","TOMB.AOS.buoy.c0","2019-04-01","TOMB.C0.20190401.POM.1","A00000048641","condition ok","SIRFER Lab at University of Utah","2019-05-09","ElFtGy1kV49xqNP00HfxQA==","POM","1",100,25,100,"nitrogen",129.03,"microgramsPerLiter","Revesz & Coplen 2012a",,
"479d89a0-3369-4c98-8cce-e1bb2d670b62","D08","TOMB","TOMB.AOS.buoy.c0","2019-04-01","TOMB.C0.20190401.POM.1","A00000048641","condition ok","SIRFER Lab at University of Utah","2019-05-09","ElFtGy1kV49xqNP00HfxQA==","POM","1",100,25,100,"d13C",-31.51,"perMill","Revesz & Coplen 2012a",,
"8a960f1f-edd9-4375-814c-91b093a7fb2c","D08","TOMB","TOMB.AOS.buoy.c0","2019-04-03","TOMB.C0.20190403.POM.1","A00000048631","condition ok","SIRFER Lab at University of Utah","2019-05-09","ElFtGy1kV49xqNP00HfxQA==","POM","1",100,25,100,"d15N",3.95,"perMill","Revesz & Coplen 2012a",,
"df2821ab-082c-4d3c-82f8-e89a3fc51b01","D08","TOMB","TOMB.AOS.buoy.c0","2019-04-03","TOMB.C0.20190403.POM.1","A00000048631","condition ok","SIRFER Lab at University of Utah","2019-05-09","ElFtGy1kV49xqNP00HfxQA==","POM","1",100,25,100,"nitrogen",135.78,"microgramsPerLiter","Revesz & Coplen 2012a",,
"a1acf1e1-98ba-4bbb-95a9-2fa369ad26c7","D08","TOMB","TOMB.AOS.buoy.c0","2019-04-03","TOMB.C0.20190403.POM.1","A00000048631","condition ok","SIRFER Lab at University of Utah","2019-05-09","ElFtGy1kV49xqNP00HfxQA==","POM","1",100,25,100,"carbon",957.69,"microgramsPerLiter","Revesz & Coplen 2012a",,
"614af762-c8d3-4ce8-a044-709ca6bba30e","D08","TOMB","TOMB.AOS.buoy.c0","2019-04-03","TOMB.C0.20190403.POM.1","A00000048631","condition ok","SIRFER Lab at University of Utah","2019-05-09","ElFtGy1kV49xqNP00HfxQA==","POM","1",100,25,100,"d13C",-31.82,"perMill","Revesz & Coplen 2012a",,
"70f79031-9409-47a5-8e65-48a4b76806cc","D08","TOMB","TOMB.AOS.buoy.c0","2019-04-09","TOMB.C0.20190409.POM.1","A00000081810","condition ok","SIRFER Lab at University of Utah","2019-05-09","ElFtGy1kV49xqNP00HfxQA==","POM","1",100,25,100,"d15N",4.82,"perMill","Revesz & Coplen 2012a",,
"3b2d6d02-8935-4a1a-ac90-37368c49c19c","D08","TOMB","TOMB.AOS.buoy.c0","2019-04-09","TOMB.C0.20190409.POM.1","A00000081810","condition ok","SIRFER Lab at University of Utah","2019-05-09","ElFtGy1kV49xqNP00HfxQA==","POM","1",100,25,100,"d13C",-28.06,"perMill","Revesz & Coplen 2012a",,
"ad4c8ac3-5377-4a60-810e-94d428a718a1","D08","TOMB","TOMB.AOS.buoy.c0","2019-04-09","TOMB.C0.20190409.POM.1","A00000081810","condition ok","SIRFER Lab at University of Utah","2019-05-09","ElFtGy1kV49xqNP00HfxQA==","POM","1",100,25,100,"nitrogen",187.05,"microgramsPerLiter","Revesz & Coplen 2012a",,
"17cf5854-cd06-401c-adf3-303b9dd6bef7","D08","TOMB","TOMB.AOS.buoy.c0","2019-04-09","TOMB.C0.20190409.POM.1","A00000081810","condition ok","SIRFER Lab at University of Utah","2019-05-09","ElFtGy1kV49xqNP00HfxQA==","POM","1",100,25,100,"carbon",1488.67,"microgramsPerLiter","Revesz & Coplen 2012a",,
