uid,domainID,siteID,namedLocation,collectDate,sampleID,sampleCode,sampleCondition,laboratoryName,analysisDate,analyzedBy,sampleType,replicate,sampleVolumeFiltered,filterSize,percentFilterAnalyzed,analyte,analyteConcentration,plantAlgaeLabUnits,method,externalRemarks,externalLabDataQF
"3cace96c-12c0-4526-aab6-62eb69e76243","D02","POSE","POSE.AOS.S2","2018-04-17","POSE.SS.20180417.POM.1","A00000001971","condition ok","SIRFER Lab at University of Utah","2018-08-13","ElFtGy1kV49xqNP00HfxQA==","POM","1",400,25,100,"nitrogen",63.75,"microgramsPerLiter","Revesz & Coplen 2012a",,
"bed38625-392b-44c1-a860-90b523fb7b22","D02","POSE","POSE.AOS.S2","2018-04-17","POSE.SS.20180417.POM.1","A00000001971","condition ok","SIRFER Lab at University of Utah","2018-08-13","ElFtGy1kV49xqNP00HfxQA==","POM","1",400,25,100,"d13C",-26.56,"perMill","Revesz & Coplen 2012a",,
"6baf88cb-c1fb-4bd9-8e4b-f4214180bae3","D02","POSE","POSE.AOS.S2","2018-04-17","POSE.SS.20180417.POM.1","A00000001971","condition ok","SIRFER Lab at University of Utah","2018-08-13","ElFtGy1kV49xqNP00HfxQA==","POM","1",400,25,100,"d15N",7.17,"perMill","Revesz & Coplen 2012a",,
"5eb0dc8d-8050-4214-a12d-0243970d0023","D02","POSE","POSE.AOS.S2","2018-04-17","POSE.SS.20180417.POM.1","A00000001971","condition ok","SIRFER Lab at University of Utah","2018-08-13","ElFtGy1kV49xqNP00HfxQA==","POM","1",400,25,100,"carbon",509.67,"microgramsPerLiter","Revesz & Coplen 2012a",,
"8baa35d2-ef9c-4fc4-aafe-fdce98c4c8be","D02","POSE","POSE.AOS.S2","2018-04-24","POSE.SS.20180424.POM.1","A00000002009","condition ok","SIRFER Lab at University of Utah","2018-08-13","ElFtGy1kV49xqNP00HfxQA==","POM","1",400,25,100,"carbon",568.25,"microgramsPerLiter","Revesz & Coplen 2012a",,
"527bcff4-df96-4e47-8d78-1f4f7ecc434f","D02","POSE","POSE.AOS.S2","2018-04-24","POSE.SS.20180424.POM.1","A00000002009","condition ok","SIRFER Lab at University of Utah","2018-08-13","ElFtGy1kV49xqNP00HfxQA==","POM","1",400,25,100,"d13C",-26.99,"perMill","Revesz & Coplen 2012a",,
"6097b721-8746-44c3-b717-1f92ae19c131","D02","POSE","POSE.AOS.S2","2018-04-24","POSE.SS.20180424.POM.1","A00000002009","condition ok","SIRFER Lab at University of Utah","2018-08-13","ElFtGy1kV49xqNP00HfxQA==","POM","1",400,25,100,"d15N",6.23,"perMill","Revesz & Coplen 2012a",,
"fb3d783f-16fb-4ef4-93de-13dc1283bdfb","D02","POSE","POSE.AOS.S2","2018-04-24","POSE.SS.20180424.POM.1","A00000002009","condition ok","SIRFER Lab at University of Utah","2018-08-13","ElFtGy1kV49xqNP00HfxQA==","POM","1",400,25,100,"nitrogen",72.52,"microgramsPerLiter","Revesz & Coplen 2012a",,
