uid,domainID,siteID,namedLocation,collectDate,analysisDate,isotopeH2OSampleID,isotopeH2OSampleCode,instrumentSN,d18OWater,d2HWater,d18OsdWater,d2HsdWater,isotopeH2OExternalLabQF,laboratoryName,analyzedBy,sampleCondition,externalRemarks,externalLabDataQF
"e8a1bf45-a67f-4d8f-bfcd-278a898940b2","D04","GUIL","GUIL.AOS.S2","2015-09-01","2016-09-07","GUIL.SS.20150901.H2O.1",,"HIDS2046",-3.09,-11.34,0.01,0.05,0,"SIRFER Lab at University of Utah","OlSmE6RRn5QQH8tvUHmK5i/poYiQr6sd","OK",,
"82ad17ba-f47f-4e27-8e4e-4720434ee6e4","D04","GUIL","GUIL.AOS.S2","2015-09-08","2016-09-07","GUIL.SS.20150908.H2O.1",,"HIDS2046",-2.10,-8.32,0.05,0.07,0,"SIRFER Lab at University of Utah","OlSmE6RRn5QQH8tvUHmK5i/poYiQr6sd","OK",,
"49131c21-f58b-4337-9b93-a3286522add3","D04","GUIL","GUIL.AOS.S2","2015-09-22","2016-09-07","GUIL.SS.20150922.H2O.1",,"HIDS2046",-2.64,-9.57,0.03,0.18,0,"SIRFER Lab at University of Utah","OlSmE6RRn5QQH8tvUHmK5i/poYiQr6sd","OK",,
"7750fb04-56c8-4d50-93e6-2d17a2643caa","D04","GUIL","GUIL.AOS.S2","2015-09-28","2016-09-07","GUIL.SS.20150928.H2O.1",,"HIDS2046",-2.42,-9.46,0.03,0.06,0,"SIRFER Lab at University of Utah","OlSmE6RRn5QQH8tvUHmK5i/poYiQr6sd","OK",,
