uid,domainID,siteID,namedLocation,collectDate,sampleID,sampleCode,sampleCondition,laboratoryName,analysisDate,analyzedBy,sampleType,replicate,sampleVolumeFiltered,filterSize,percentFilterAnalyzed,analyte,analyteConcentration,plantAlgaeLabUnits,method,externalRemarks,externalLabDataQF
"d0077b8d-504f-422a-ab07-3f76322c6c7a","D04","GUIL","GUIL.AOS.S2","2015-09-01","GUIL.SS.20150901.POM.1",,"other","Academy of Natural Sciences of Drexel University","2017-03-03","OKgcKejxXbI=","13C15N","1",,,100,"d13C",-24.41,"perMill",,"sample poorly folded, sample loss",
"b9b64d62-aa31-49e8-b336-9e64ed24fc9e","D04","GUIL","GUIL.AOS.S2","2015-09-01","GUIL.SS.20150901.POM.1",,"other","Academy of Natural Sciences of Drexel University","2017-03-03","OKgcKejxXbI=","13C15N","1",,,100,"d15N",5.58,"perMill",,"sample poorly folded, sample loss",
"c618b9f1-6465-4cb2-a902-929e12c7ea68","D04","GUIL","GUIL.AOS.S2","2015-09-01","GUIL.SS.20150901.POM.2",,"other","Academy of Natural Sciences of Drexel University","2017-05-17","OKgcKejxXbI=","13C15N","2",,,100,"d13C",-25.05,"perMill",,"sample poorly folded, sample loss",
"99490569-7f85-47e7-ab7c-13dfad7f09a2","D04","GUIL","GUIL.AOS.S2","2015-09-01","GUIL.SS.20150901.POM.2",,"other","Academy of Natural Sciences of Drexel University","2017-05-17","OKgcKejxXbI=","13C15N","2",,,100,"d15N",5.01,"perMill",,"sample poorly folded, sample loss",
"e14dc826-ccf9-4965-982a-742e499a0374","D04","GUIL","GUIL.AOS.S2","2015-09-08","GUIL.SS.20150908.POM.1",,"other","Academy of Natural Sciences of Drexel University","2017-03-03","OKgcKejxXbI=","13C15N","1",,,100,"d15N",5.30,"perMill",,"sample poorly folded, sample loss",
"558ad654-1ca8-4c38-9915-0b3752f7d662","D04","GUIL","GUIL.AOS.S2","2015-09-08","GUIL.SS.20150908.POM.1",,"other","Academy of Natural Sciences of Drexel University","2017-03-03","OKgcKejxXbI=","13C15N","1",,,100,"d13C",-25.71,"perMill",,"sample poorly folded, sample loss",
"39964026-1ffc-46ba-98f1-faaf46000871","D04","GUIL","GUIL.AOS.S2","2015-09-08","GUIL.SS.20150908.POM.2",,"other","Academy of Natural Sciences of Drexel University","2017-05-17","OKgcKejxXbI=","13C15N","2",,,100,"d13C",-25.50,"perMill",,"sample poorly folded, sample loss",
"df8367a7-a118-4af0-a411-203f2d71b2df","D04","GUIL","GUIL.AOS.S2","2015-09-08","GUIL.SS.20150908.POM.2",,"other","Academy of Natural Sciences of Drexel University","2017-05-17","OKgcKejxXbI=","13C15N","2",,,100,"d15N",5.40,"perMill",,"sample poorly folded, sample loss",
"9e7302ad-6561-424a-8a09-159b0d075e6c","D04","GUIL","GUIL.AOS.S2","2015-09-22","GUIL.SS.20150922.POM.1",,"other","Academy of Natural Sciences of Drexel University","2017-03-03","OKgcKejxXbI=","13C15N","1",,,100,"d13C",-25.02,"perMill",,"sample poorly folded, sample loss",
"4ab8cb6b-bdf1-428f-9131-7419db56c1d7","D04","GUIL","GUIL.AOS.S2","2015-09-22","GUIL.SS.20150922.POM.2",,"other","Academy of Natural Sciences of Drexel University","2017-05-17","OKgcKejxXbI=","13C15N","2",,,100,"d15N",4.41,"perMill",,"sample poorly folded, sample loss",
"5dc97abf-f0ce-4121-8afc-d136370abcc9","D04","GUIL","GUIL.AOS.S2","2015-09-22","GUIL.SS.20150922.POM.1",,"other","Academy of Natural Sciences of Drexel University","2017-03-03","OKgcKejxXbI=","13C15N","1",,,100,"d15N",5.93,"perMill",,"sample poorly folded, sample loss",
"76588977-7d26-4b95-b6b5-603a23509322","D04","GUIL","GUIL.AOS.S2","2015-09-22","GUIL.SS.20150922.POM.2",,"other","Academy of Natural Sciences of Drexel University","2017-05-17","OKgcKejxXbI=","13C15N","2",,,100,"d13C",-25.21,"perMill",,"sample poorly folded, sample loss",
"99d3b777-c8b2-458d-ae57-a4b1e41515ef","D04","GUIL","GUIL.AOS.S2","2015-09-28","GUIL.SS.20150928.POM.1",,"other","Academy of Natural Sciences of Drexel University","2017-03-03","OKgcKejxXbI=","13C15N","1",,,100,"d15N",4.69,"perMill",,"Difference in volume filtered",
"1a913394-0512-481c-8a10-f5847e8f5c3d","D04","GUIL","GUIL.AOS.S2","2015-09-28","GUIL.SS.20150928.POM.1",,"other","Academy of Natural Sciences of Drexel University","2017-03-03","OKgcKejxXbI=","13C15N","1",,,100,"d13C",-26.53,"perMill",,"Difference in volume filtered",
"cda24a5d-40c5-4957-b87b-47c153d68024","D04","GUIL","GUIL.AOS.S2","2015-09-28","GUIL.SS.20150928.POM.2",,"other","Academy of Natural Sciences of Drexel University","2017-05-17","OKgcKejxXbI=","13C15N","2",,,100,"d13C",-25.40,"perMill",,"Difference in volume filtered",
"bd793baa-b959-4a27-b647-8c6c220851c7","D04","GUIL","GUIL.AOS.S2","2015-09-28","GUIL.SS.20150928.POM.2",,"other","Academy of Natural Sciences of Drexel University","2017-05-17","OKgcKejxXbI=","13C15N","2",,,100,"d15N",6.87,"perMill",,"Difference in volume filtered",
