uid,domainID,siteID,namedLocation,decimalLatitude,decimalLongitude,coordinateUncertainty,additionalCoordUncertainty,elevation,elevationUncertainty,geodeticDatum,altLocation,altLatitude,altLongitude,altCoordinateUncertainty,altGeodeticDatum,collectDate,aquaticSiteType,samplingImpractical,parentSampleID,parentSampleCode,eventID,samplerType,dissolvedOxygen,dissolvedOxygenSaturation,specificConductance,waterTemp,asiSamplingProtocolVersion,lowerSegmentDepth,upperSegmentDepth,maxDepth,lakeSampleDepth1,lakeSampleDepth2,aCollectedBy,bCollectedBy,remarks,fieldDataQF
"08e0c8f4-2b5a-4111-b50a-e63b98007c68","D04","GUIL","GUIL.AOS.S2",18.174094,-66.799710,0.1,10.0,546.0,0.1,"WGS84",,,,,,"2015-09-01T12:19Z","stream",,"GUIL.SS.20150901",,"GUIL.20150901","Grab",,,192.40,21.80,"NEON.DOC.001886vB",,,,,,"mviggiano@neoninc.org","mpagan@neoninc.org",,
"6b6132d4-99ed-4e1e-8682-c24a410c3455","D04","GUIL","GUIL.AOS.S2",18.174094,-66.799710,0.1,10.0,546.0,0.1,"WGS84",,,,,,"2015-09-08T13:05Z","stream",,"GUIL.SS.20150908",,"GUIL.20150908","Grab",,,172.80,21.20,"NEON.DOC.001886vB",,,,,,"mviggiano@neoninc.org","emartinez@field-ops.org",,
"8192afc1-19c6-45d5-be45-a3cba7be5306","D04","GUIL","GUIL.AOS.S2",18.174094,-66.799710,0.1,10.0,546.0,0.1,"WGS84",,,,,,"2015-09-22T13:15Z","stream",,"GUIL.SS.20150922",,"GUIL.20150922","Grab",,,213.20,21.80,"NEON.DOC.001886vB",,,,,,"mpagan@neoninc.org","gfoley@field-ops.org",,
"5862bf50-8ec2-478c-81e7-da84f36cfdd6","D04","GUIL","GUIL.AOS.S2",18.174094,-66.799710,0.1,10.0,546.0,0.1,"WGS84",,,,,,"2015-09-28T14:03Z","stream",,"GUIL.SS.20150928",,"GUIL.20150928","Grab",,,206.90,22.40,"NEON.DOC.001886vB",,,,,,"gfoley@field-ops.org","ddelacruz@field-ops.org",,
