uid,domainID,siteID,namedLocation,collectDate,parentSampleID,parentSampleCode,isotopeH2OSampleCond,isotopeH2OSampleID,isotopeH2OSampleCode,isotopePOMRep2SampleCond,isotopePOMRep2SampleID,isotopePOMRep2SampleCode,isotopePOMSampleCond,isotopePOMSampleID,isotopePOMSampleCode,processedDateFilters,processedDateH2OIsotopes,sampleVolumeFilteredPOMRep1,sampleVolumeFilteredPOMRep2,fieldDataQF
"e1b8e63f-9457-41d1-96eb-c42a6922e270","D04","GUIL","GUIL.AOS.S2","2015-09-01T12:19Z","GUIL.SS.20150901",,,"GUIL.SS.20150901.H2O.1",,,"GUIL.SS.20150901.POM.2",,,"GUIL.SS.20150901.POM.1",,"2015-09-01T13:00Z","2015-09-01T12:47Z",750,750,
"bb8f6e4f-1f10-4367-8395-82e36cca6b44","D04","GUIL","GUIL.AOS.S2","2015-09-08T13:05Z","GUIL.SS.20150908",,,"GUIL.SS.20150908.H2O.1",,,"GUIL.SS.20150908.POM.2",,,"GUIL.SS.20150908.POM.1",,"2015-09-08T13:43Z","2015-09-08T13:40Z",500,500,
"eaa67a5a-914c-4ac7-ab2b-1f05dfb7822a","D04","GUIL","GUIL.AOS.S2","2015-09-22T13:15Z","GUIL.SS.20150922",,,"GUIL.SS.20150922.H2O.1",,,"GUIL.SS.20150922.POM.2",,,"GUIL.SS.20150922.POM.1",,"2015-09-22T13:57Z","2015-09-22T13:43Z",500,500,
"d2f45cfb-a75b-4c0f-82de-c22aa000e155","D04","GUIL","GUIL.AOS.S2","2015-09-28T14:03Z","GUIL.SS.20150928",,,"GUIL.SS.20150928.H2O.1",,,"GUIL.SS.20150928.POM.2",,,"GUIL.SS.20150928.POM.1",,"2015-09-28T13:31Z","2015-09-28T12:59Z",920,750,
