uid,domainID,siteID,namedLocation,collectDate,sampleID,sampleCode,sampleCondition,laboratoryName,analysisDate,analyzedBy,sampleType,replicate,sampleVolumeFiltered,filterSize,percentFilterAnalyzed,analyte,analyteConcentration,plantAlgaeLabUnits,method,externalRemarks,externalLabDataQF
"c2745fe8-83fa-44ec-8fcf-4a49b14e823c","D08","MAYF","MAYF.AOS.S2","2018-05-01","MAYF.SS.20180501.POM.1","A00000015380","condition ok","SIRFER Lab at University of Utah","2018-08-30","ElFtGy1kV49xqNP00HfxQA==","POM","1",50,25,100,"carbon",3092.85,"microgramsPerLiter","Revesz & Coplen 2012a",,
"7b8e81f3-981a-42e9-bddf-3a1b858a03cc","D08","MAYF","MAYF.AOS.S2","2018-05-01","MAYF.SS.20180501.POM.1","A00000015380","condition ok","SIRFER Lab at University of Utah","2018-08-30","ElFtGy1kV49xqNP00HfxQA==","POM","1",50,25,100,"d13C",-27.54,"perMill","Revesz & Coplen 2012a",,
"7e6e88ed-d005-47af-a150-0c914a24ab47","D08","MAYF","MAYF.AOS.S2","2018-05-01","MAYF.SS.20180501.POM.1","A00000015380","condition ok","SIRFER Lab at University of Utah","2018-08-30","ElFtGy1kV49xqNP00HfxQA==","POM","1",50,25,100,"nitrogen",384.34,"microgramsPerLiter","Revesz & Coplen 2012a",,
"b898e73a-7ef8-4892-94ff-7784e4330f80","D08","MAYF","MAYF.AOS.S2","2018-05-01","MAYF.SS.20180501.POM.1","A00000015380","condition ok","SIRFER Lab at University of Utah","2018-08-30","ElFtGy1kV49xqNP00HfxQA==","POM","1",50,25,100,"d15N",2.20,"perMill","Revesz & Coplen 2012a",,
"8628ca16-ad41-4baa-b098-3bcbd1103748","D08","MAYF","MAYF.AOS.S2","2018-05-10","MAYF.SS.20180510.POM.1","A00000015382","condition ok","SIRFER Lab at University of Utah","2018-08-30","ElFtGy1kV49xqNP00HfxQA==","POM","1",50,25,100,"d15N",6.64,"perMill","Revesz & Coplen 2012a",,
"bc6fd967-184d-425f-8342-fbe22a5f5be8","D08","MAYF","MAYF.AOS.S2","2018-05-10","MAYF.SS.20180510.POM.1","A00000015382","condition ok","SIRFER Lab at University of Utah","2018-08-30","ElFtGy1kV49xqNP00HfxQA==","POM","1",50,25,100,"nitrogen",334.52,"microgramsPerLiter","Revesz & Coplen 2012a",,
"3e303ecf-3269-4066-8fdb-3efb194182c2","D08","MAYF","MAYF.AOS.S2","2018-05-10","MAYF.SS.20180510.POM.1","A00000015382","condition ok","SIRFER Lab at University of Utah","2018-08-30","ElFtGy1kV49xqNP00HfxQA==","POM","1",50,25,100,"d13C",-30.80,"perMill","Revesz & Coplen 2012a",,
"876bdf76-0247-4812-aa60-efb729519be1","D08","MAYF","MAYF.AOS.S2","2018-05-10","MAYF.SS.20180510.POM.1","A00000015382","condition ok","SIRFER Lab at University of Utah","2018-08-30","ElFtGy1kV49xqNP00HfxQA==","POM","1",50,25,100,"carbon",2348.80,"microgramsPerLiter","Revesz & Coplen 2012a",,
