uid,domainID,siteID,namedLocation,collectDate,sampleID,sampleCode,sampleCondition,laboratoryName,analysisDate,analyzedBy,sampleType,replicate,sampleVolumeFiltered,filterSize,percentFilterAnalyzed,analyte,analyteConcentration,plantAlgaeLabUnits,method,externalRemarks,externalLabDataQF
"b8dd21e0-7ad6-4ddc-ba62-ba5c0a2d38b4","D08","TOMB","TOMB.AOS.buoy.c0","2016-12-01","TOMB.RS.20161201.POM.2",,"condition ok","Academy of Natural Sciences of Drexel University","2017-05-23","OKgcKejxXbI=","13C15N","2",,,100,"d15N",11.79,"perMill",,,
"0e154426-6ca2-4feb-b506-e4e273d5f60a","D08","TOMB","TOMB.AOS.buoy.c0","2016-12-01","TOMB.RS.20161201.POM.1",,"other","Academy of Natural Sciences of Drexel University","2017-04-08","OKgcKejxXbI=","13C15N","1",,,100,"d13C",-30.45,"perMill",,"filter poorly folded, sample loss",
"83a67c62-e62d-4484-af2b-d51f27abb82f","D08","TOMB","TOMB.AOS.buoy.c0","2016-12-01","TOMB.RS.20161201.POM.1",,"other","Academy of Natural Sciences of Drexel University","2017-04-08","OKgcKejxXbI=","13C15N","1",,,100,"d15N",11.46,"perMill",,"filter poorly folded, sample loss",
"e7b314be-6ccd-4eab-b228-75d655ec0a98","D08","TOMB","TOMB.AOS.buoy.c0","2016-12-01","TOMB.RS.20161201.POM.2",,"condition ok","Academy of Natural Sciences of Drexel University","2017-05-23","OKgcKejxXbI=","13C15N","2",,,100,"d13C",-30.73,"perMill",,,
"61e0b860-dcad-48aa-b35d-3324f18cead3","D08","TOMB","TOMB.AOS.buoy.c0","2016-12-13","TOMB.C0.20161213.POM.2",,"condition ok","Academy of Natural Sciences of Drexel University","2017-05-23","OKgcKejxXbI=","13C15N","2",,,100,"d13C",-29.34,"perMill",,,
"3a8ef13b-0a29-4928-82f3-f847ac238338","D08","TOMB","TOMB.AOS.buoy.c0","2016-12-13","TOMB.C0.20161213.POM.2",,"condition ok","Academy of Natural Sciences of Drexel University","2017-05-23","OKgcKejxXbI=","13C15N","2",,,100,"d15N",5.21,"perMill",,,
"9874ebc2-f121-496c-a3b3-019e0d6bed13","D08","TOMB","TOMB.AOS.buoy.c0","2016-12-13","TOMB.C0.20161213.POM.1",,"condition ok","Academy of Natural Sciences of Drexel University","2017-04-08","OKgcKejxXbI=","13C15N","1",,,100,"d15N",4.91,"perMill",,,
"b774e348-fb30-4876-89a4-89e1743bfa0e","D08","TOMB","TOMB.AOS.buoy.c0","2016-12-13","TOMB.C0.20161213.POM.1",,"condition ok","Academy of Natural Sciences of Drexel University","2017-04-08","OKgcKejxXbI=","13C15N","1",,,100,"d13C",-28.43,"perMill",,,
