uid,domainID,siteID,namedLocation,collectDate,sampleID,sampleCode,sampleCondition,laboratoryName,analysisDate,analyzedBy,sampleType,replicate,sampleVolumeFiltered,filterSize,percentFilterAnalyzed,analyte,analyteConcentration,plantAlgaeLabUnits,method,externalRemarks,externalLabDataQF
"b517419e-4bf2-428f-858c-75e81d343ac1","D02","LEWI","LEWI.AOS.S2","2018-08-08","LEWI.SS.20180808.POM.1","A00000002626","condition ok","SIRFER Lab at University of Utah","2018-11-09","ElFtGy1kV49xqNP00HfxQA==","POM","1",300,25,100,"d13C",-24.34,"perMill","Revesz & Coplen 2012a",,
"b1019cfd-0a34-4b9f-97b0-c6eebeb5ae06","D02","LEWI","LEWI.AOS.S2","2018-08-08","LEWI.SS.20180808.POM.1","A00000002626","condition ok","SIRFER Lab at University of Utah","2018-11-09","ElFtGy1kV49xqNP00HfxQA==","POM","1",300,25,100,"d15N",4.98,"perMill","Revesz & Coplen 2012a",,
"493e2d23-f760-4e9a-8553-0a38803ea818","D02","LEWI","LEWI.AOS.S2","2018-08-08","LEWI.SS.20180808.POM.1","A00000002626","condition ok","SIRFER Lab at University of Utah","2018-11-09","ElFtGy1kV49xqNP00HfxQA==","POM","1",300,25,100,"carbon",1347.19,"microgramsPerLiter","Revesz & Coplen 2012a",,
"60c0ba6d-9d31-4b6e-98ac-8ebe7566fd8d","D02","LEWI","LEWI.AOS.S2","2018-08-08","LEWI.SS.20180808.POM.1","A00000002626","condition ok","SIRFER Lab at University of Utah","2018-11-09","ElFtGy1kV49xqNP00HfxQA==","POM","1",300,25,100,"nitrogen",92.27,"microgramsPerLiter","Revesz & Coplen 2012a",,
"d46e8b7b-199f-490a-81c5-4aa8d5dff5f3","D02","LEWI","LEWI.AOS.S2","2018-08-21","LEWI.SS.20180821.POM.1",,"condition ok","SIRFER Lab at University of Utah","2018-11-09","ElFtGy1kV49xqNP00HfxQA==","POM","1",200,25,100,"d15N",4.19,"perMill","Revesz & Coplen 2012a",,
"e70c8b38-d232-4cb3-8083-40cb7423575c","D02","LEWI","LEWI.AOS.S2","2018-08-21","LEWI.SS.20180821.POM.1",,"condition ok","SIRFER Lab at University of Utah","2018-11-09","ElFtGy1kV49xqNP00HfxQA==","POM","1",200,25,100,"carbon",2687.30,"microgramsPerLiter","Revesz & Coplen 2012a",,
"d859aeea-f095-4796-bee9-a14b8a444c24","D02","LEWI","LEWI.AOS.S2","2018-08-21","LEWI.SS.20180821.POM.1",,"condition ok","SIRFER Lab at University of Utah","2018-11-09","ElFtGy1kV49xqNP00HfxQA==","POM","1",200,25,100,"d13C",-23.71,"perMill","Revesz & Coplen 2012a",,
"d606aa7d-41a2-42d1-a871-40184f560a0c","D02","LEWI","LEWI.AOS.S2","2018-08-21","LEWI.SS.20180821.POM.1",,"condition ok","SIRFER Lab at University of Utah","2018-11-09","ElFtGy1kV49xqNP00HfxQA==","POM","1",200,25,100,"nitrogen",183.68,"microgramsPerLiter","Revesz & Coplen 2012a",,
