uid,domainID,siteID,namedLocation,collectDate,sampleID,sampleCode,sampleCondition,laboratoryName,analysisDate,analyzedBy,sampleType,replicate,sampleVolumeFiltered,filterSize,percentFilterAnalyzed,analyte,analyteConcentration,plantAlgaeLabUnits,method,externalRemarks,externalLabDataQF
"2383aaba-607d-442c-882b-2a72017ec98c","D04","GUIL","GUIL.AOS.S2","2016-10-11","GUIL.SS.20161011.POM.1",,"condition ok","Academy of Natural Sciences of Drexel University","2017-04-08","OKgcKejxXbI=","13C15N","1",,,100,"d15N",3.25,"perMill",,,
"f06b84e8-d6f6-478f-a3ae-4fd635e9683a","D04","GUIL","GUIL.AOS.S2","2016-10-11","GUIL.SS.20161011.POM.2",,"condition ok","Academy of Natural Sciences of Drexel University","2017-05-23","OKgcKejxXbI=","13C15N","2",,,100,"d15N",3.52,"perMill",,,
"5ede071b-82cc-41da-b514-955ef6d30f1a","D04","GUIL","GUIL.AOS.S2","2016-10-11","GUIL.SS.20161011.POM.1",,"condition ok","Academy of Natural Sciences of Drexel University","2017-04-08","OKgcKejxXbI=","13C15N","1",,,100,"d13C",-27.91,"perMill",,,
"0e7ab4b6-b628-43e8-8ae7-dca4fb7204c8","D04","GUIL","GUIL.AOS.S2","2016-10-11","GUIL.SS.20161011.POM.2",,"condition ok","Academy of Natural Sciences of Drexel University","2017-05-23","OKgcKejxXbI=","13C15N","2",,,100,"d13C",-28.09,"perMill",,,
"1884ea07-ef8a-4683-a3bb-65cb94f53583","D04","GUIL","GUIL.AOS.S2","2016-10-19","GUIL.SS.20161019.POM.1",,"condition ok","Academy of Natural Sciences of Drexel University","2017-04-08","OKgcKejxXbI=","13C15N","1",,,100,"d13C",-26.79,"perMill",,,
"dba84c82-4d68-4aea-a7b9-0e022ea25e77","D04","GUIL","GUIL.AOS.S2","2016-10-19","GUIL.SS.20161019.POM.1",,"condition ok","Academy of Natural Sciences of Drexel University","2017-04-08","OKgcKejxXbI=","13C15N","1",,,100,"d15N",4.45,"perMill",,,
"db387b65-83db-4110-8982-06a0bfe95d8c","D04","GUIL","GUIL.AOS.S2","2016-10-19","GUIL.SS.20161019.POM.2",,"condition ok","Academy of Natural Sciences of Drexel University","2017-05-23","OKgcKejxXbI=","13C15N","2",,,100,"d15N",4.18,"perMill",,,
"5fe2009a-fdb6-48a2-8adf-20cf40187c60","D04","GUIL","GUIL.AOS.S2","2016-10-19","GUIL.SS.20161019.POM.2",,"condition ok","Academy of Natural Sciences of Drexel University","2017-05-23","OKgcKejxXbI=","13C15N","2",,,100,"d13C",-27.05,"perMill",,,
"fa1050ee-6410-45ae-96d4-9ade928c059d","D04","GUIL","GUIL.AOS.S2","2016-10-26","GUIL.SS.20161026.POM.1",,"condition ok","Academy of Natural Sciences of Drexel University","2017-04-08","OKgcKejxXbI=","13C15N","1",,,100,"d15N",3.29,"perMill",,,
"26cef58e-c865-4d00-a965-0e658250c6e8","D04","GUIL","GUIL.AOS.S2","2016-10-26","GUIL.SS.20161026.POM.2",,"condition ok","Academy of Natural Sciences of Drexel University","2017-05-23","OKgcKejxXbI=","13C15N","2",,,100,"d13C",-27.22,"perMill",,,
"0d6f2579-737c-4720-a222-d9a166834fe6","D04","GUIL","GUIL.AOS.S2","2016-10-26","GUIL.SS.20161026.POM.2",,"condition ok","Academy of Natural Sciences of Drexel University","2017-05-23","OKgcKejxXbI=","13C15N","2",,,100,"d15N",3.87,"perMill",,,
"249784db-e63b-4273-976a-c5cb9650aecb","D04","GUIL","GUIL.AOS.S2","2016-10-26","GUIL.SS.20161026.POM.1",,"condition ok","Academy of Natural Sciences of Drexel University","2017-04-08","OKgcKejxXbI=","13C15N","1",,,100,"d13C",-27.03,"perMill",,,
