uid,domainID,siteID,namedLocation,collectDate,sampleID,sampleCode,sampleCondition,laboratoryName,analysisDate,analyzedBy,sampleType,replicate,sampleVolumeFiltered,filterSize,percentFilterAnalyzed,analyte,analyteConcentration,plantAlgaeLabUnits,method,externalRemarks,externalLabDataQF
"15b7e639-c5a3-4ca6-afe4-11f2b0164cb0","D06","MCDI","MCDI.AOS.S2","2019-04-02","MCDI.SS.20190402.POM.1","A00000042301","condition ok","SIRFER Lab at University of Utah","2019-08-16","ElFtGy1kV49xqNP00HfxQA==","POM","1",765,25,100,"carbon",239.47,"microgramsPerLiter","Revesz & Coplen 2012a",,
"ccde98b8-f746-456d-9bbc-5136960952e6","D06","MCDI","MCDI.AOS.S2","2019-04-02","MCDI.SS.20190402.POM.1","A00000042301","condition ok","SIRFER Lab at University of Utah","2019-08-16","ElFtGy1kV49xqNP00HfxQA==","POM","1",765,25,100,"nitrogen",29.76,"microgramsPerLiter","Revesz & Coplen 2012a",,
"9de15431-2eb4-4a50-b538-5f04e69dd58d","D06","MCDI","MCDI.AOS.S2","2019-04-02","MCDI.SS.20190402.POM.1","A00000042301","condition ok","SIRFER Lab at University of Utah","2019-08-16","ElFtGy1kV49xqNP00HfxQA==","POM","1",765,25,100,"d13C",-24.91,"perMill","Revesz & Coplen 2012a",,
"3e8c841c-5cbc-41ba-9498-3f2ff6fc2cec","D06","MCDI","MCDI.AOS.S2","2019-04-02","MCDI.SS.20190402.POM.1","A00000042301","condition ok","SIRFER Lab at University of Utah","2019-08-16","ElFtGy1kV49xqNP00HfxQA==","POM","1",765,25,100,"d15N",5.41,"perMill","Revesz & Coplen 2012a",,
"8bd57119-5bee-4869-8a4c-7b0448f202f8","D06","MCDI","MCDI.AOS.S2","2019-04-09","MCDI.SS.20190409.POM.1","A00000042412","condition ok","SIRFER Lab at University of Utah","2019-08-16","ElFtGy1kV49xqNP00HfxQA==","POM","1",700,25,100,"nitrogen",43.15,"microgramsPerLiter","Revesz & Coplen 2012a",,
"22299bfa-79ea-4cbf-8f20-6d19e7837522","D06","MCDI","MCDI.AOS.S2","2019-04-09","MCDI.SS.20190409.POM.1","A00000042412","condition ok","SIRFER Lab at University of Utah","2019-08-16","ElFtGy1kV49xqNP00HfxQA==","POM","1",700,25,100,"d15N",6.94,"perMill","Revesz & Coplen 2012a",,
"a19b7467-1f2d-41f3-89a7-f16de40bcede","D06","MCDI","MCDI.AOS.S2","2019-04-09","MCDI.SS.20190409.POM.1","A00000042412","condition ok","SIRFER Lab at University of Utah","2019-08-16","ElFtGy1kV49xqNP00HfxQA==","POM","1",700,25,100,"d13C",-25.73,"perMill","Revesz & Coplen 2012a",,
"4c648c0e-9e90-4228-87cb-d77661d77f6d","D06","MCDI","MCDI.AOS.S2","2019-04-09","MCDI.SS.20190409.POM.1","A00000042412","condition ok","SIRFER Lab at University of Utah","2019-08-16","ElFtGy1kV49xqNP00HfxQA==","POM","1",700,25,100,"carbon",304.20,"microgramsPerLiter","Revesz & Coplen 2012a",,
"396e4023-a2bf-4548-b47d-a61f41ab26d5","D06","MCDI","MCDI.AOS.S2","2019-04-16","MCDI.SS.20190416.POM.1","A00000042371","condition ok","SIRFER Lab at University of Utah","2019-08-16","ElFtGy1kV49xqNP00HfxQA==","POM","1",800,25,100,"d15N",7.25,"perMill","Revesz & Coplen 2012a",,
"56c4c981-8b0d-4763-bf46-5a9e58f3fac9","D06","MCDI","MCDI.AOS.S2","2019-04-16","MCDI.SS.20190416.POM.1","A00000042371","condition ok","SIRFER Lab at University of Utah","2019-08-16","ElFtGy1kV49xqNP00HfxQA==","POM","1",800,25,100,"nitrogen",30.72,"microgramsPerLiter","Revesz & Coplen 2012a",,
"92d95f2e-d5b8-45cb-835f-4ef095aa8c8d","D06","MCDI","MCDI.AOS.S2","2019-04-16","MCDI.SS.20190416.POM.1","A00000042371","condition ok","SIRFER Lab at University of Utah","2019-08-16","ElFtGy1kV49xqNP00HfxQA==","POM","1",800,25,100,"d13C",-25.51,"perMill","Revesz & Coplen 2012a",,
"d9059a5f-4e0d-4391-a1c1-9ca47a7315c5","D06","MCDI","MCDI.AOS.S2","2019-04-16","MCDI.SS.20190416.POM.1","A00000042371","condition ok","SIRFER Lab at University of Utah","2019-08-16","ElFtGy1kV49xqNP00HfxQA==","POM","1",800,25,100,"carbon",233.64,"microgramsPerLiter","Revesz & Coplen 2012a",,
