uid,domainID,siteID,namedLocation,collectDate,sampleID,sampleCode,sampleCondition,laboratoryName,analysisDate,analyzedBy,sampleType,replicate,sampleVolumeFiltered,filterSize,percentFilterAnalyzed,analyte,analyteConcentration,plantAlgaeLabUnits,method,externalRemarks,externalLabDataQF
"6f9903e0-3378-48c4-b48e-18915cd8ec29","D05","LIRO","LIRO.AOS.inlet","2017-05-01","LIRO.IN.20170501.POM.2",,"condition ok","SIRFER Lab at University of Utah","2018-03-29","ElFtGy1kV49xqNP00HfxQA==","POM","1",200,25,100,"nitrogen",77.14,"microgramsPerLiter","Revesz & Coplen 2012a",,
"1d24749f-ad4c-4546-a933-fc1e6884b2f7","D05","LIRO","LIRO.AOS.inlet","2017-05-01","LIRO.IN.20170501.POM.2",,"condition ok","SIRFER Lab at University of Utah","2018-03-29","ElFtGy1kV49xqNP00HfxQA==","POM","1",200,25,100,"d15N",5.24,"perMill","Revesz & Coplen 2012a",,
"01406c49-d828-4a25-8d4d-8c2be6cbd3ff","D05","LIRO","LIRO.AOS.inlet","2017-05-01","LIRO.IN.20170501.POM.2",,"condition ok","SIRFER Lab at University of Utah","2018-03-29","ElFtGy1kV49xqNP00HfxQA==","POM","1",200,25,100,"carbon",655.39,"microgramsPerLiter","Revesz & Coplen 2012a",,
"bff3ef3e-4246-42fa-943c-6f7729169a44","D05","LIRO","LIRO.AOS.inlet","2017-05-01","LIRO.IN.20170501.POM.2",,"condition ok","SIRFER Lab at University of Utah","2018-03-29","ElFtGy1kV49xqNP00HfxQA==","POM","1",200,25,100,"d13C",-31.86,"perMill","Revesz & Coplen 2012a",,
"a3f62f0a-f41a-4042-b3b9-4392c1b61517","D05","LIRO","LIRO.AOS.buoy.c1","2017-05-01","LIRO.C1.20170501.POM.2",,"condition ok","SIRFER Lab at University of Utah","2018-03-28","ElFtGy1kV49xqNP00HfxQA==","POM","1",150,25,100,"d15N",8.29,"perMill","Revesz & Coplen 2012a",,
"fe7df03e-ca39-4a29-9b3d-7ccc2944f74e","D05","LIRO","LIRO.AOS.buoy.c1","2017-05-01","LIRO.C1.20170501.POM.2",,"condition ok","SIRFER Lab at University of Utah","2018-03-28","ElFtGy1kV49xqNP00HfxQA==","POM","1",150,25,100,"d13C",-28.67,"perMill","Revesz & Coplen 2012a",,
"c69216ba-b3f4-4c85-b4e3-6b7333e49155","D05","LIRO","LIRO.AOS.buoy.c1","2017-05-01","LIRO.C1.20170501.POM.2",,"condition ok","SIRFER Lab at University of Utah","2018-03-28","ElFtGy1kV49xqNP00HfxQA==","POM","1",150,25,100,"nitrogen",93.95,"microgramsPerLiter","Revesz & Coplen 2012a",,
"9132d128-ee24-4ae4-907b-affd85c63d7c","D05","LIRO","LIRO.AOS.buoy.c1","2017-05-01","LIRO.C1.20170501.POM.2",,"condition ok","SIRFER Lab at University of Utah","2018-03-28","ElFtGy1kV49xqNP00HfxQA==","POM","1",150,25,100,"carbon",672.19,"microgramsPerLiter","Revesz & Coplen 2012a",,
"737fe1c8-75d6-4997-b2de-fff1ca897a15","D05","LIRO","LIRO.AOS.outlet","2017-05-01","LIRO.OT.20170501.POM.2",,"condition ok","SIRFER Lab at University of Utah","2018-03-29","ElFtGy1kV49xqNP00HfxQA==","POM","1",150,25,100,"nitrogen",114.76,"microgramsPerLiter","Revesz & Coplen 2012a",,
"f17e7e16-5885-4a29-b7fa-32ca1ad53dd1","D05","LIRO","LIRO.AOS.outlet","2017-05-01","LIRO.OT.20170501.POM.2",,"condition ok","SIRFER Lab at University of Utah","2018-03-29","ElFtGy1kV49xqNP00HfxQA==","POM","1",150,25,100,"carbon",1028.38,"microgramsPerLiter","Revesz & Coplen 2012a",,
"33df8a49-3392-4265-ac04-a87d0894d256","D05","LIRO","LIRO.AOS.outlet","2017-05-01","LIRO.OT.20170501.POM.2",,"condition ok","SIRFER Lab at University of Utah","2018-03-29","ElFtGy1kV49xqNP00HfxQA==","POM","1",150,25,100,"d15N",3.69,"perMill","Revesz & Coplen 2012a",,
"363480ff-3043-452c-a729-8b6d097ac7b6","D05","LIRO","LIRO.AOS.outlet","2017-05-01","LIRO.OT.20170501.POM.2",,"condition ok","SIRFER Lab at University of Utah","2018-03-29","ElFtGy1kV49xqNP00HfxQA==","POM","1",150,25,100,"d13C",-29.72,"perMill","Revesz & Coplen 2012a",,
