uid,domainID,siteID,namedLocation,collectDate,sampleID,sampleCode,sampleCondition,laboratoryName,analysisDate,analyzedBy,sampleType,replicate,sampleVolumeFiltered,filterSize,percentFilterAnalyzed,analyte,analyteConcentration,plantAlgaeLabUnits,method,externalRemarks,externalLabDataQF
"9f0b766e-2bcd-4ade-9ed0-fb704df84e26","D08","TOMB","TOMB.AOS.buoy.c0","2018-06-19","TOMB.C0.20180619.POM.1","A00000015392","condition ok","SIRFER Lab at University of Utah","2018-08-30","ElFtGy1kV49xqNP00HfxQA==","POM","1",100,25,100,"d13C",-28.11,"perMill","Revesz & Coplen 2012a",,
"d84f2207-9881-44a4-9c03-052b55e2311b","D08","TOMB","TOMB.AOS.buoy.c0","2018-06-19","TOMB.C0.20180619.POM.1","A00000015392","condition ok","SIRFER Lab at University of Utah","2018-08-30","ElFtGy1kV49xqNP00HfxQA==","POM","1",100,25,100,"carbon",1039.52,"microgramsPerLiter","Revesz & Coplen 2012a",,
"2daf2c10-da1f-424f-bdb7-bd653771c544","D08","TOMB","TOMB.AOS.buoy.c0","2018-06-19","TOMB.C0.20180619.POM.1","A00000015392","condition ok","SIRFER Lab at University of Utah","2018-08-30","ElFtGy1kV49xqNP00HfxQA==","POM","1",100,25,100,"nitrogen",127.44,"microgramsPerLiter","Revesz & Coplen 2012a",,
"12a5f52e-db4e-4374-8aa5-b7f32a2c53a5","D08","TOMB","TOMB.AOS.buoy.c0","2018-06-19","TOMB.C0.20180619.POM.1","A00000015392","condition ok","SIRFER Lab at University of Utah","2018-08-30","ElFtGy1kV49xqNP00HfxQA==","POM","1",100,25,100,"d15N",4.69,"perMill","Revesz & Coplen 2012a",,
