uid,domainID,siteID,namedLocation,collectDate,sampleID,sampleCode,sampleCondition,laboratoryName,analysisDate,analyzedBy,sampleType,replicate,sampleVolumeFiltered,filterSize,percentFilterAnalyzed,analyte,analyteConcentration,plantAlgaeLabUnits,method,externalRemarks,externalLabDataQF
"7792f4ae-f8b3-49fb-98f2-ed7158ac4468","D16","MART","MART.AOS.S2","2018-08-14","MART.SS.20180814.POM.1","A00000024596","condition ok","SIRFER Lab at University of Utah","2018-11-13","ElFtGy1kV49xqNP00HfxQA==","POM","1",1000,25,100,"carbon",188.01,"microgramsPerLiter","Revesz & Coplen 2012a",,
"b0ae191c-823f-4b33-9ae1-ebf91a4acc34","D16","MART","MART.AOS.S2","2018-08-14","MART.SS.20180814.POM.1","A00000024596","condition ok","SIRFER Lab at University of Utah","2018-11-13","ElFtGy1kV49xqNP00HfxQA==","POM","1",1000,25,100,"d15N",1.29,"perMill","Revesz & Coplen 2012a",,
"907641cd-0995-4a1c-8789-0d1a8d28caa9","D16","MART","MART.AOS.S2","2018-08-14","MART.SS.20180814.POM.1","A00000024596","condition ok","SIRFER Lab at University of Utah","2018-11-13","ElFtGy1kV49xqNP00HfxQA==","POM","1",1000,25,100,"nitrogen",21.85,"microgramsPerLiter","Revesz & Coplen 2012a",,
"9c764e82-b5c6-4c69-b75a-2ec204e13b8a","D16","MART","MART.AOS.S2","2018-08-14","MART.SS.20180814.POM.1","A00000024596","condition ok","SIRFER Lab at University of Utah","2018-11-13","ElFtGy1kV49xqNP00HfxQA==","POM","1",1000,25,100,"d13C",-27.98,"perMill","Revesz & Coplen 2012a",,
