uid,domainID,siteID,namedLocation,collectDate,sampleID,sampleCode,sampleCondition,laboratoryName,analysisDate,analyzedBy,sampleType,replicate,sampleVolumeFiltered,filterSize,percentFilterAnalyzed,analyte,analyteConcentration,plantAlgaeLabUnits,method,externalRemarks,externalLabDataQF
"7ab0a4f0-6c7a-4778-9ec8-cf7da86fc50a","D13","WLOU","WLOU.AOS.S2","2018-08-16","WLOU.SS.20180816.POM.1","A00000020182","condition ok","SIRFER Lab at University of Utah","2018-11-07","ElFtGy1kV49xqNP00HfxQA==","POM","1",1000,25,100,"d13C",-26.11,"perMill","Revesz & Coplen 2012a",,
"b7ce1b80-53a0-40c2-b638-cab15db4afde","D13","WLOU","WLOU.AOS.S2","2018-08-16","WLOU.SS.20180816.POM.1","A00000020182","condition ok","SIRFER Lab at University of Utah","2018-11-07","ElFtGy1kV49xqNP00HfxQA==","POM","1",1000,25,100,"nitrogen",8.58,"microgramsPerLiter","Revesz & Coplen 2012a",,
"ccb0f344-93e2-430d-8cc7-3220ba6c8f00","D13","WLOU","WLOU.AOS.S2","2018-08-16","WLOU.SS.20180816.POM.1","A00000020182","condition ok","SIRFER Lab at University of Utah","2018-11-07","ElFtGy1kV49xqNP00HfxQA==","POM","1",1000,25,100,"carbon",135.31,"microgramsPerLiter","Revesz & Coplen 2012a",,
"e03fa963-ace8-4213-aa3d-9857918e34f4","D13","WLOU","WLOU.AOS.S2","2018-08-16","WLOU.SS.20180816.POM.1","A00000020182","condition ok","SIRFER Lab at University of Utah","2018-11-07","ElFtGy1kV49xqNP00HfxQA==","POM","1",1000,25,100,"d15N",2.17,"perMill","Revesz & Coplen 2012a",,
