uid,domainID,siteID,namedLocation,collectDate,sampleID,sampleCode,sampleCondition,laboratoryName,analysisDate,analyzedBy,sampleType,replicate,sampleVolumeFiltered,filterSize,percentFilterAnalyzed,analyte,analyteConcentration,plantAlgaeLabUnits,method,externalRemarks,externalLabDataQF
"d948a9c9-5813-43b1-9b70-1a2e87681e31","D04","GUIL","GUIL.AOS.S2","2018-08-23","GUIL.SS.20180823.POM.1","A00000038581","condition ok","SIRFER Lab at University of Utah","2018-10-17","ElFtGy1kV49xqNP00HfxQA==","POM","1",1000,25,100,"d13C",-25.87,"perMill","Revesz & Coplen 2012a",,
"43ef2719-33f1-411c-9b85-43e5431a140e","D04","GUIL","GUIL.AOS.S2","2018-08-23","GUIL.SS.20180823.POM.1","A00000038581","condition ok","SIRFER Lab at University of Utah","2018-10-17","ElFtGy1kV49xqNP00HfxQA==","POM","1",1000,25,100,"d15N",4.42,"perMill","Revesz & Coplen 2012a",,
"a956958a-3f57-4657-b26f-e8c8c4fab88b","D04","GUIL","GUIL.AOS.S2","2018-08-23","GUIL.SS.20180823.POM.1","A00000038581","condition ok","SIRFER Lab at University of Utah","2018-10-17","ElFtGy1kV49xqNP00HfxQA==","POM","1",1000,25,100,"nitrogen",11.59,"microgramsPerLiter","Revesz & Coplen 2012a",,
"4e687a30-1ab2-4334-9726-d507f69ab84a","D04","GUIL","GUIL.AOS.S2","2018-08-23","GUIL.SS.20180823.POM.1","A00000038581","condition ok","SIRFER Lab at University of Utah","2018-10-17","ElFtGy1kV49xqNP00HfxQA==","POM","1",1000,25,100,"carbon",92.01,"microgramsPerLiter","Revesz & Coplen 2012a",,
"df14e86f-40c0-4994-9205-f889cb7fd23d","D04","GUIL","GUIL.AOS.S2","2018-08-28","GUIL.SS.20180828.POM.1","A00000006838","condition ok","SIRFER Lab at University of Utah","2018-10-17","ElFtGy1kV49xqNP00HfxQA==","POM","1",500,25,100,"d13C",-26.25,"perMill","Revesz & Coplen 2012a",,
"4543e04e-70e3-48a3-9e3b-e3a2d04c2ae7","D04","GUIL","GUIL.AOS.S2","2018-08-28","GUIL.SS.20180828.POM.1","A00000006838","condition ok","SIRFER Lab at University of Utah","2018-10-17","ElFtGy1kV49xqNP00HfxQA==","POM","1",500,25,100,"carbon",134.12,"microgramsPerLiter","Revesz & Coplen 2012a",,
"c2c4e323-2724-4b4e-b597-fc8112547645","D04","GUIL","GUIL.AOS.S2","2018-08-28","GUIL.SS.20180828.POM.1","A00000006838","condition ok","SIRFER Lab at University of Utah","2018-10-17","ElFtGy1kV49xqNP00HfxQA==","POM","1",500,25,100,"nitrogen",13.25,"microgramsPerLiter","Revesz & Coplen 2012a",,
"b5b7b344-702a-4ea6-b81e-a82d8d1413ee","D04","GUIL","GUIL.AOS.S2","2018-08-28","GUIL.SS.20180828.POM.1","A00000006838","condition ok","SIRFER Lab at University of Utah","2018-10-17","ElFtGy1kV49xqNP00HfxQA==","POM","1",500,25,100,"d15N",2.86,"perMill","Revesz & Coplen 2012a",,
