uid,domainID,siteID,namedLocation,collectDate,sampleID,sampleCode,sampleCondition,laboratoryName,analysisDate,analyzedBy,sampleType,replicate,sampleVolumeFiltered,filterSize,percentFilterAnalyzed,analyte,analyteConcentration,plantAlgaeLabUnits,method,externalRemarks,externalLabDataQF
"1a894488-dc53-42fe-9332-b7b03c80c6be","D01","HOPB","HOPB.AOS.S2","2018-07-11","HOPB.SS.20180711.POM.1","A00000000857","condition ok","SIRFER Lab at University of Utah","2018-12-03","ElFtGy1kV49xqNP00HfxQA==","POM","1",600,25,100,"d15N",,"perMill","Revesz & Coplen 2012a",,
"a5ed0d07-f47b-4511-a497-96d13501852f","D01","HOPB","HOPB.AOS.S2","2018-07-11","HOPB.SS.20180711.POM.1","A00000000857","condition ok","SIRFER Lab at University of Utah","2018-12-03","ElFtGy1kV49xqNP00HfxQA==","POM","1",600,25,100,"nitrogen",,"microgramsPerLiter","Revesz & Coplen 2012a",,
"b7c6725d-3573-4bbb-9ee3-a00034815363","D01","HOPB","HOPB.AOS.S2","2018-07-11","HOPB.SS.20180711.POM.1","A00000000857","condition ok","SIRFER Lab at University of Utah","2018-12-03","ElFtGy1kV49xqNP00HfxQA==","POM","1",600,25,100,"d13C",,"perMill","Revesz & Coplen 2012a",,
"318aafa5-6dbc-411e-a4d0-238e37bcf6cc","D01","HOPB","HOPB.AOS.S2","2018-07-11","HOPB.SS.20180711.POM.1","A00000000857","condition ok","SIRFER Lab at University of Utah","2018-12-03","ElFtGy1kV49xqNP00HfxQA==","POM","1",600,25,100,"carbon",,"microgramsPerLiter","Revesz & Coplen 2012a",,
"9cbd5d36-db91-4769-bce3-bf48696df363","D01","HOPB","HOPB.AOS.S2","2018-07-17","HOPB.SS.20180717.POM.1","A00000000926","condition ok","SIRFER Lab at University of Utah","2018-12-03","ElFtGy1kV49xqNP00HfxQA==","POM","1",750,25,100,"d15N",,"perMill","Revesz & Coplen 2012a",,
"ff4aa40a-855c-472d-a68c-88d0ba59c040","D01","HOPB","HOPB.AOS.S2","2018-07-17","HOPB.SS.20180717.POM.1","A00000000926","condition ok","SIRFER Lab at University of Utah","2018-12-03","ElFtGy1kV49xqNP00HfxQA==","POM","1",750,25,100,"nitrogen",,"microgramsPerLiter","Revesz & Coplen 2012a",,
"a7811a63-01a2-4a87-9c3f-f7d4f05152d3","D01","HOPB","HOPB.AOS.S2","2018-07-17","HOPB.SS.20180717.POM.1","A00000000926","condition ok","SIRFER Lab at University of Utah","2018-12-03","ElFtGy1kV49xqNP00HfxQA==","POM","1",750,25,100,"carbon",,"microgramsPerLiter","Revesz & Coplen 2012a",,
"05068ce6-cd06-4799-b85b-0385bca3a742","D01","HOPB","HOPB.AOS.S2","2018-07-17","HOPB.SS.20180717.POM.1","A00000000926","condition ok","SIRFER Lab at University of Utah","2018-12-03","ElFtGy1kV49xqNP00HfxQA==","POM","1",750,25,100,"d13C",,"perMill","Revesz & Coplen 2012a",,
