uid,domainID,siteID,namedLocation,collectDate,sampleID,sampleCode,sampleCondition,laboratoryName,analysisDate,analyzedBy,sampleType,replicate,sampleVolumeFiltered,filterSize,percentFilterAnalyzed,analyte,analyteConcentration,plantAlgaeLabUnits,method,externalRemarks,externalLabDataQF
"1241af76-2dbd-4190-a709-6c9ae6c0d2a9","D04","GUIL","GUIL.AOS.S2","2018-03-27","GUIL.SS.20180327.POM.1",,"condition ok","SIRFER Lab at University of Utah","2018-08-10","ElFtGy1kV49xqNP00HfxQA==","POM","1",250,25,100,"d13C",-26.65,"perMill","Revesz & Coplen 2012a",,
"85495663-237a-4571-97a7-a3548b8aa01a","D04","GUIL","GUIL.AOS.S2","2018-03-27","GUIL.SS.20180327.POM.1",,"condition ok","SIRFER Lab at University of Utah","2018-08-10","ElFtGy1kV49xqNP00HfxQA==","POM","1",250,25,100,"d15N",0.58,"perMill","Revesz & Coplen 2012a",,
"d163465c-7f52-4d23-9052-a705c7591453","D04","GUIL","GUIL.AOS.S2","2018-03-27","GUIL.SS.20180327.POM.1",,"condition ok","SIRFER Lab at University of Utah","2018-08-10","ElFtGy1kV49xqNP00HfxQA==","POM","1",250,25,100,"nitrogen",23.47,"microgramsPerLiter","Revesz & Coplen 2012a",,
"2d717ee1-c9c8-487f-8c3a-384ebb221777","D04","GUIL","GUIL.AOS.S2","2018-03-27","GUIL.SS.20180327.POM.1",,"condition ok","SIRFER Lab at University of Utah","2018-08-10","ElFtGy1kV49xqNP00HfxQA==","POM","1",250,25,100,"carbon",279.35,"microgramsPerLiter","Revesz & Coplen 2012a",,
