uid,domainID,siteID,namedLocation,collectDate,sampleID,sampleCode,sampleCondition,laboratoryName,analysisDate,analyzedBy,sampleType,replicate,sampleVolumeFiltered,filterSize,percentFilterAnalyzed,analyte,analyteConcentration,plantAlgaeLabUnits,method,externalRemarks,externalLabDataQF
"cb8e46f9-bbbb-42b8-a1ae-20f59d3832e3","D12","BLDE","BLDE.AOS.S2","2018-03-06","BLDE.SS.20180306.POM.1",,"condition ok","SIRFER Lab at University of Utah","2018-08-15","ElFtGy1kV49xqNP00HfxQA==","POM","1",1000,25,100,"nitrogen",29.40,"microgramsPerLiter","Revesz & Coplen 2012a",,
"19d619fe-1f1e-4154-82e4-9c92d296d115","D12","BLDE","BLDE.AOS.S2","2018-03-06","BLDE.SS.20180306.POM.1",,"condition ok","SIRFER Lab at University of Utah","2018-08-15","ElFtGy1kV49xqNP00HfxQA==","POM","1",1000,25,100,"carbon",356.94,"microgramsPerLiter","Revesz & Coplen 2012a",,
"b9d1d162-e4f8-4000-99bf-879ddae5876c","D12","BLDE","BLDE.AOS.S2","2018-03-06","BLDE.SS.20180306.POM.1",,"condition ok","SIRFER Lab at University of Utah","2018-08-15","ElFtGy1kV49xqNP00HfxQA==","POM","1",1000,25,100,"d13C",-27.25,"perMill","Revesz & Coplen 2012a",,
"591d712e-2085-4815-ad73-d9398f902546","D12","BLDE","BLDE.AOS.S2","2018-03-06","BLDE.SS.20180306.POM.1",,"condition ok","SIRFER Lab at University of Utah","2018-08-15","ElFtGy1kV49xqNP00HfxQA==","POM","1",1000,25,100,"d15N",3.38,"perMill","Revesz & Coplen 2012a",,
"81493ff4-6cd0-471f-9229-2a37903f7d89","D12","BLDE","BLDE.AOS.S2","2018-03-13","BLDE.SS.20180313.POM.1",,"condition ok","SIRFER Lab at University of Utah","2018-08-15","ElFtGy1kV49xqNP00HfxQA==","POM","1",1000,25,100,"d15N",2.09,"perMill","Revesz & Coplen 2012a",,
"2d2a5d71-5305-4c23-80d3-ebc7afb08672","D12","BLDE","BLDE.AOS.S2","2018-03-13","BLDE.SS.20180313.POM.1",,"condition ok","SIRFER Lab at University of Utah","2018-08-15","ElFtGy1kV49xqNP00HfxQA==","POM","1",1000,25,100,"carbon",418.61,"microgramsPerLiter","Revesz & Coplen 2012a",,
"2ba963bc-4c62-40d5-a9d9-8a961a955f6c","D12","BLDE","BLDE.AOS.S2","2018-03-13","BLDE.SS.20180313.POM.1",,"condition ok","SIRFER Lab at University of Utah","2018-08-15","ElFtGy1kV49xqNP00HfxQA==","POM","1",1000,25,100,"nitrogen",33.74,"microgramsPerLiter","Revesz & Coplen 2012a",,
"7e028d23-3fe2-40f6-878e-8f4bec7c0507","D12","BLDE","BLDE.AOS.S2","2018-03-13","BLDE.SS.20180313.POM.1",,"condition ok","SIRFER Lab at University of Utah","2018-08-15","ElFtGy1kV49xqNP00HfxQA==","POM","1",1000,25,100,"d13C",-27.46,"perMill","Revesz & Coplen 2012a",,
