uid,domainID,siteID,namedLocation,collectDate,sampleID,sampleCode,sampleCondition,laboratoryName,analysisDate,analyzedBy,sampleType,replicate,sampleVolumeFiltered,filterSize,percentFilterAnalyzed,analyte,analyteConcentration,plantAlgaeLabUnits,method,externalRemarks,externalLabDataQF
"fbe0c1a1-1177-4f64-8ba0-6c401d5e70e5","D02","POSE","POSE.AOS.S2","2016-12-06","POSE.SS.20161206.POM.1",,"condition ok","SIRFER Lab at University of Utah","2018-03-08","ElFtGy1kV49xqNP00HfxQA==","POM","1",250,25,100,"nitrogen",84.63,"microgramsPerLiter","Revesz & Coplen 2012a",,
"7c7880dd-b02a-4820-afc6-0ca7c6721988","D02","POSE","POSE.AOS.S2","2016-12-06","POSE.SS.20161206.POM.1",,"condition ok","SIRFER Lab at University of Utah","2018-03-08","ElFtGy1kV49xqNP00HfxQA==","POM","1",250,25,100,"d13C",-27.97,"perMill","Revesz & Coplen 2012a",,
"648b80f8-c6fd-4496-88c4-5fa80c5baf38","D02","POSE","POSE.AOS.S2","2016-12-06","POSE.SS.20161206.POM.1",,"condition ok","SIRFER Lab at University of Utah","2018-03-08","ElFtGy1kV49xqNP00HfxQA==","POM","1",250,25,100,"d15N",3.81,"perMill","Revesz & Coplen 2012a",,
"fa9e4590-b338-4a03-8356-fd51598cb63e","D02","POSE","POSE.AOS.S2","2016-12-06","POSE.SS.20161206.POM.1",,"condition ok","SIRFER Lab at University of Utah","2018-03-08","ElFtGy1kV49xqNP00HfxQA==","POM","1",250,25,100,"carbon",1337.95,"microgramsPerLiter","Revesz & Coplen 2012a",,
"ff0050b9-8afb-4ebd-ba77-997b26fb1a15","D02","POSE","POSE.AOS.S2","2016-12-13","POSE.SS.20161213.POM.1",,"condition ok","SIRFER Lab at University of Utah","2018-03-08","ElFtGy1kV49xqNP00HfxQA==","POM","1",500,25,100,"d13C",-28.52,"perMill","Revesz & Coplen 2012a",,
"2bd5d04d-b0c5-45b0-975a-6d42c69a42d9","D02","POSE","POSE.AOS.S2","2016-12-13","POSE.SS.20161213.POM.1",,"condition ok","SIRFER Lab at University of Utah","2018-03-08","ElFtGy1kV49xqNP00HfxQA==","POM","1",500,25,100,"nitrogen",26.28,"microgramsPerLiter","Revesz & Coplen 2012a",,
"7cd6e7ea-fcbb-45da-a8ea-0be73515b8da","D02","POSE","POSE.AOS.S2","2016-12-13","POSE.SS.20161213.POM.1",,"condition ok","SIRFER Lab at University of Utah","2018-03-08","ElFtGy1kV49xqNP00HfxQA==","POM","1",500,25,100,"carbon",378.03,"microgramsPerLiter","Revesz & Coplen 2012a",,
"d85fd2b3-0ca3-4d28-8922-5e4c9fd62e1c","D02","POSE","POSE.AOS.S2","2016-12-13","POSE.SS.20161213.POM.1",,"condition ok","SIRFER Lab at University of Utah","2018-03-08","ElFtGy1kV49xqNP00HfxQA==","POM","1",500,25,100,"d15N",9.52,"perMill","Revesz & Coplen 2012a",,
