uid,domainID,siteID,namedLocation,collectDate,sampleID,sampleCode,sampleCondition,laboratoryName,analysisDate,analyzedBy,sampleType,replicate,sampleVolumeFiltered,filterSize,percentFilterAnalyzed,analyte,analyteConcentration,plantAlgaeLabUnits,method,externalRemarks,externalLabDataQF
"5de4fa9d-4693-4fea-8509-1a288579ca74","D09","PRLA","PRLA.AOS.inlet","2017-06-08","PRLA.IN.20170608.POM.1",,"condition ok","SIRFER Lab at University of Utah","2018-03-14","ElFtGy1kV49xqNP00HfxQA==","POM","1",60,25,100,"d15N",11.10,"perMill","Revesz & Coplen 2012a",,
"c056cbad-3b7b-4d03-80e4-902de76ac914","D09","PRLA","PRLA.AOS.inlet","2017-06-08","PRLA.IN.20170608.POM.1",,"condition ok","SIRFER Lab at University of Utah","2018-03-14","ElFtGy1kV49xqNP00HfxQA==","POM","1",60,25,100,"d13C",-29.10,"perMill","Revesz & Coplen 2012a",,
"d8ae9bb8-bb67-4cc1-a71a-fab935d30fe6","D09","PRLA","PRLA.AOS.inlet","2017-06-08","PRLA.IN.20170608.POM.1",,"condition ok","SIRFER Lab at University of Utah","2018-03-14","ElFtGy1kV49xqNP00HfxQA==","POM","1",60,25,100,"nitrogen",96.90,"microgramsPerLiter","Revesz & Coplen 2012a",,
"0de0543b-2b3b-4024-bf22-6d7767726584","D09","PRLA","PRLA.AOS.inlet","2017-06-08","PRLA.IN.20170608.POM.1",,"condition ok","SIRFER Lab at University of Utah","2018-03-14","ElFtGy1kV49xqNP00HfxQA==","POM","1",60,25,100,"carbon",5141.00,"microgramsPerLiter","Revesz & Coplen 2012a",,
"d8c6a0d3-0e0a-4ff2-b0b9-fef86eff6f7f","D09","PRLA","PRLA.AOS.buoy.c0","2017-06-08","PRLA.C0.20170608.POM.1",,"condition ok","SIRFER Lab at University of Utah","2018-03-14","ElFtGy1kV49xqNP00HfxQA==","POM","1",60,25,100,"d15N",7.20,"perMill","Revesz & Coplen 2012a",,
"70fde46c-8768-42b6-b540-73dc584ffbc1","D09","PRLA","PRLA.AOS.buoy.c0","2017-06-08","PRLA.C0.20170608.POM.1",,"condition ok","SIRFER Lab at University of Utah","2018-03-14","ElFtGy1kV49xqNP00HfxQA==","POM","1",60,25,100,"nitrogen",991.40,"microgramsPerLiter","Revesz & Coplen 2012a",,
"6f9c68c2-7221-415d-82fe-d2fd7fde7084","D09","PRLA","PRLA.AOS.buoy.c0","2017-06-08","PRLA.C0.20170608.POM.1",,"condition ok","SIRFER Lab at University of Utah","2018-03-14","ElFtGy1kV49xqNP00HfxQA==","POM","1",60,25,100,"carbon",6466.80,"microgramsPerLiter","Revesz & Coplen 2012a",,
"03f73ae5-7586-4c67-a3a2-663e81add09d","D09","PRLA","PRLA.AOS.buoy.c0","2017-06-08","PRLA.C0.20170608.POM.1",,"condition ok","SIRFER Lab at University of Utah","2018-03-14","ElFtGy1kV49xqNP00HfxQA==","POM","1",60,25,100,"d13C",-27.40,"perMill","Revesz & Coplen 2012a",,
"37deb072-8fdb-4455-a178-e21964c167c7","D09","PRLA","PRLA.AOS.outlet","2017-06-08","PRLA.OT.20170608.POM.1",,"condition ok","SIRFER Lab at University of Utah","2018-03-14","ElFtGy1kV49xqNP00HfxQA==","POM","1",60,25,100,"carbon",6329.50,"microgramsPerLiter","Revesz & Coplen 2012a",,
"6b17e378-3485-4d2a-bf13-b25de80111be","D09","PRLA","PRLA.AOS.outlet","2017-06-08","PRLA.OT.20170608.POM.1",,"condition ok","SIRFER Lab at University of Utah","2018-03-14","ElFtGy1kV49xqNP00HfxQA==","POM","1",60,25,100,"d13C",-27.00,"perMill","Revesz & Coplen 2012a",,
"92998906-2bab-4cf5-851a-81be43ed5bcf","D09","PRLA","PRLA.AOS.outlet","2017-06-08","PRLA.OT.20170608.POM.1",,"condition ok","SIRFER Lab at University of Utah","2018-03-14","ElFtGy1kV49xqNP00HfxQA==","POM","1",60,25,100,"d15N",7.00,"perMill","Revesz & Coplen 2012a",,
"772768aa-3f55-4449-8ce2-9cffd7cf2eb9","D09","PRLA","PRLA.AOS.outlet","2017-06-08","PRLA.OT.20170608.POM.1",,"condition ok","SIRFER Lab at University of Utah","2018-03-14","ElFtGy1kV49xqNP00HfxQA==","POM","1",60,25,100,"nitrogen",1014.80,"microgramsPerLiter","Revesz & Coplen 2012a",,
