uid,domainID,siteID,namedLocation,collectDate,sampleID,sampleCode,sampleCondition,laboratoryName,analysisDate,analyzedBy,sampleType,replicate,sampleVolumeFiltered,filterSize,percentFilterAnalyzed,analyte,analyteConcentration,plantAlgaeLabUnits,method,externalRemarks,externalLabDataQF
"4644769d-8963-401f-b2f6-21dda6a801c5","D19","CARI","CARI.AOS.S2","2016-08-01","CARI.SS.20160801.POM.1",,"condition ok","Academy of Natural Sciences of Drexel University","2017-04-03","OKgcKejxXbI=","13C15N","1",,,100,"d15N",2.77,"perMill",,,
"d5f49a52-59c3-4f67-9374-21ed759d8e9a","D19","CARI","CARI.AOS.S2","2016-08-01","CARI.SS.20160801.POM.2",,"other","Academy of Natural Sciences of Drexel University","2017-05-23","OKgcKejxXbI=","13C15N","2",,,100,"d15N",,"perMill",,"analysis corrupted during analysis, not enough sample for analysis",
"3aac3800-eaa6-4dff-ae67-25ced441bbbe","D19","CARI","CARI.AOS.S2","2016-08-01","CARI.SS.20160801.POM.2",,"condition ok","Academy of Natural Sciences of Drexel University","2017-05-23","OKgcKejxXbI=","13C15N","2",,,100,"d13C",,"perMill",,"sample maxed out collector",
"8fab0f0e-911d-4e30-a213-e6aff53308c4","D19","CARI","CARI.AOS.S2","2016-08-01","CARI.SS.20160801.POM.1",,"condition ok","Academy of Natural Sciences of Drexel University","2017-04-03","OKgcKejxXbI=","13C15N","1",,,100,"d13C",-26.46,"perMill",,,
"6bcca431-f210-4b0f-b1f2-57e5a6f7b4d2","D19","CARI","CARI.AOS.S2","2016-08-22","CARI.SS.20160822.POM.1",,"condition ok","Academy of Natural Sciences of Drexel University","2017-04-03","OKgcKejxXbI=","13C15N","1",,,100,"d13C",-26.75,"perMill",,,
"981914a2-f8d3-4360-b309-c9f288126e76","D19","CARI","CARI.AOS.S2","2016-08-22","CARI.SS.20160822.POM.2",,"condition ok","Academy of Natural Sciences of Drexel University","2017-05-23","OKgcKejxXbI=","13C15N","2",,,100,"d13C",-27.13,"perMill",,,
"1fc0fdb1-4eb0-4333-852a-1d1656def7de","D19","CARI","CARI.AOS.S2","2016-08-22","CARI.SS.20160822.POM.2",,"other","Academy of Natural Sciences of Drexel University","2017-05-23","OKgcKejxXbI=","13C15N","2",,,100,"d15N",,"perMill",,"analysis corrupted during analysis, not enough sample for analysis",
"eb538ad9-88f7-4caf-abf1-be09fb723816","D19","CARI","CARI.AOS.S2","2016-08-22","CARI.SS.20160822.POM.1",,"condition ok","Academy of Natural Sciences of Drexel University","2017-04-03","OKgcKejxXbI=","13C15N","1",,,100,"d15N",2.65,"perMill",,,
