uid,domainID,siteID,namedLocation,collectDate,sampleID,sampleCode,sampleCondition,laboratoryName,analysisDate,analyzedBy,sampleType,replicate,sampleVolumeFiltered,filterSize,percentFilterAnalyzed,analyte,analyteConcentration,plantAlgaeLabUnits,method,externalRemarks,externalLabDataQF
"fdb2ed8a-923e-40d8-88f5-1bd13d1363cc","D03","SUGG","SUGG.AOS.buoy.c0","2018-03-05","SUGG.C0.20180305.POM.1",,"condition ok","SIRFER Lab at University of Utah","2018-07-31","ElFtGy1kV49xqNP00HfxQA==","POM","1",200,25,100,"nitrogen",60.60,"microgramsPerLiter","Revesz & Coplen 2012a",,
"dcd355a9-931c-4314-b50a-326dccdc2901","D03","SUGG","SUGG.AOS.buoy.c0","2018-03-05","SUGG.C0.20180305.POM.1",,"condition ok","SIRFER Lab at University of Utah","2018-07-31","ElFtGy1kV49xqNP00HfxQA==","POM","1",200,25,100,"d13C",-29.93,"perMill","Revesz & Coplen 2012a",,
"7fa16305-175b-4305-bc28-5b0435f34331","D03","SUGG","SUGG.AOS.buoy.c0","2018-03-05","SUGG.C0.20180305.POM.1",,"condition ok","SIRFER Lab at University of Utah","2018-07-31","ElFtGy1kV49xqNP00HfxQA==","POM","1",200,25,100,"d15N",1.78,"perMill","Revesz & Coplen 2012a",,
"e09b5bd9-99f1-41d9-b4e4-ec03cebb4c43","D03","SUGG","SUGG.AOS.buoy.c0","2018-03-05","SUGG.C0.20180305.POM.1",,"condition ok","SIRFER Lab at University of Utah","2018-07-31","ElFtGy1kV49xqNP00HfxQA==","POM","1",200,25,100,"carbon",549.44,"microgramsPerLiter","Revesz & Coplen 2012a",,
