uid,domainID,siteID,namedLocation,collectDate,sampleID,sampleCode,sampleCondition,laboratoryName,analysisDate,analyzedBy,sampleType,replicate,sampleVolumeFiltered,filterSize,percentFilterAnalyzed,analyte,analyteConcentration,plantAlgaeLabUnits,method,externalRemarks,externalLabDataQF
"9d9a3b94-be0b-418e-8848-96026f19bb37","D10","ARIK","ARIK.AOS.S2","2018-06-06","ARIK.SS.20180606.POM.1","A00000018520","condition ok","SIRFER Lab at University of Utah","2018-08-08","ElFtGy1kV49xqNP00HfxQA==","POM","1",250,25,100,"d13C",-29.07,"perMill","Revesz & Coplen 2012a",,
"112cf119-f8a8-43c8-b669-2df6a50b8290","D10","ARIK","ARIK.AOS.S2","2018-06-06","ARIK.SS.20180606.POM.1","A00000018520","condition ok","SIRFER Lab at University of Utah","2018-08-08","ElFtGy1kV49xqNP00HfxQA==","POM","1",250,25,100,"nitrogen",51.88,"microgramsPerLiter","Revesz & Coplen 2012a",,
"a063d514-993a-45d8-859d-2e8c12aea786","D10","ARIK","ARIK.AOS.S2","2018-06-06","ARIK.SS.20180606.POM.1","A00000018520","condition ok","SIRFER Lab at University of Utah","2018-08-08","ElFtGy1kV49xqNP00HfxQA==","POM","1",250,25,100,"d15N",3.71,"perMill","Revesz & Coplen 2012a",,
"854845f4-c0a6-489f-a13c-afc3f30f7b00","D10","ARIK","ARIK.AOS.S2","2018-06-06","ARIK.SS.20180606.POM.1","A00000018520","condition ok","SIRFER Lab at University of Utah","2018-08-08","ElFtGy1kV49xqNP00HfxQA==","POM","1",250,25,100,"carbon",493.75,"microgramsPerLiter","Revesz & Coplen 2012a",,
"d0ab660b-8caf-4fa8-b2ce-cb0441c7b931","D10","ARIK","ARIK.AOS.S2","2018-06-13","ARIK.SS.20180613.POM.1","A00000018823","condition ok","SIRFER Lab at University of Utah","2018-09-06","ElFtGy1kV49xqNP00HfxQA==","POM","1",250,25,100,"nitrogen",53.79,"microgramsPerLiter","Revesz & Coplen 2012a",,
"0e226301-950b-444f-9be7-ae6cd4f0849e","D10","ARIK","ARIK.AOS.S2","2018-06-13","ARIK.SS.20180613.POM.1","A00000018823","condition ok","SIRFER Lab at University of Utah","2018-09-06","ElFtGy1kV49xqNP00HfxQA==","POM","1",250,25,100,"d13C",-29.46,"perMill","Revesz & Coplen 2012a",,
"b16b54db-3f3c-4767-b786-58a25b166076","D10","ARIK","ARIK.AOS.S2","2018-06-13","ARIK.SS.20180613.POM.1","A00000018823","condition ok","SIRFER Lab at University of Utah","2018-09-06","ElFtGy1kV49xqNP00HfxQA==","POM","1",250,25,100,"d15N",1.80,"perMill","Revesz & Coplen 2012a",,
"790e17bb-f34b-40e6-9c4a-27e9e7a7e9b9","D10","ARIK","ARIK.AOS.S2","2018-06-13","ARIK.SS.20180613.POM.1","A00000018823","condition ok","SIRFER Lab at University of Utah","2018-09-06","ElFtGy1kV49xqNP00HfxQA==","POM","1",250,25,100,"carbon",443.80,"microgramsPerLiter","Revesz & Coplen 2012a",,
