uid,domainID,siteID,namedLocation,collectDate,sampleID,sampleCode,sampleCondition,laboratoryName,analysisDate,analyzedBy,sampleType,replicate,sampleVolumeFiltered,filterSize,percentFilterAnalyzed,analyte,analyteConcentration,plantAlgaeLabUnits,method,externalRemarks,externalLabDataQF
"e39075c8-a3e7-4b14-b324-3e3650d4172f","D13","COMO","COMO.AOS.S2","2015-09-10","COMO.SS.20150910.POM.2",,"condition ok","Academy of Natural Sciences of Drexel University","2017-01-17","OKgcKejxXbI=","13C15N","2",400,25,100,"d15N",2.34,"perMill",,,"Audit Failed. Document: A00036_DREX_AlgalChem_DocAudit_20170407.pdf & A00036_DREX_AlgalChem_VisitAudit_20170407.pdf"
"3a871eb4-5fac-4c1a-8608-8baba378a6ab","D13","COMO","COMO.AOS.S2","2015-09-10","COMO.SS.20150910.POM.1",,"condition ok","Academy of Natural Sciences of Drexel University","2016-09-13","OKgcKejxXbI=","13C15N","1",,,100,"d15N",3.97,"perMill",,,
"62af410f-08c0-4d8f-b924-63c68bc994b3","D13","COMO","COMO.AOS.S2","2015-09-10","COMO.SS.20150910.POM.2",,"condition ok","Academy of Natural Sciences of Drexel University","2017-01-17","OKgcKejxXbI=","13C15N","2",,,100,"d15N",2.34,"perMill",,,
"2388944f-d75e-4a52-9f20-80e49918ac19","D13","COMO","COMO.AOS.S2","2015-09-10","COMO.SS.20150910.POM.2",,"condition ok","Academy of Natural Sciences of Drexel University","2017-01-17","OKgcKejxXbI=","13C15N","2",,,100,"d13C",-27.49,"perMill",,,
"f8e48927-3521-4bc9-9bd2-d449c3705d8c","D13","COMO","COMO.AOS.S2","2015-09-10","COMO.SS.20150910.POM.1",,"condition ok","Academy of Natural Sciences of Drexel University","2016-09-13","OKgcKejxXbI=","13C15N","1",,,100,"d13C",-25.29,"perMill",,,
"ffc07198-e972-4ce2-a3c6-5bdebc532d18","D13","COMO","COMO.AOS.S2","2015-09-10","COMO.SS.20150910.POM.1",,"condition ok","Academy of Natural Sciences of Drexel University","2016-09-13","OKgcKejxXbI=","13C15N","1",400,25,100,"d13C",-25.29,"perMill",,,"Audit Failed. Document: A00036_DREX_AlgalChem_DocAudit_20170407.pdf & A00036_DREX_AlgalChem_VisitAudit_20170407.pdf"
"4dba2005-6a7b-43bd-9404-b4282b0a0f6d","D13","COMO","COMO.AOS.S2","2015-09-10","COMO.SS.20150910.POM.2",,"condition ok","Academy of Natural Sciences of Drexel University","2017-01-17","OKgcKejxXbI=","13C15N","2",400,25,100,"d13C",-27.49,"perMill",,,"Audit Failed. Document: A00036_DREX_AlgalChem_DocAudit_20170407.pdf & A00036_DREX_AlgalChem_VisitAudit_20170407.pdf"
"61381464-2ff5-445f-b74b-f95024e44c2d","D13","COMO","COMO.AOS.S2","2015-09-10","COMO.SS.20150910.POM.1",,"condition ok","Academy of Natural Sciences of Drexel University","2016-09-13","OKgcKejxXbI=","13C15N","1",400,25,100,"d15N",3.97,"perMill",,,"Audit Failed. Document: A00036_DREX_AlgalChem_DocAudit_20170407.pdf & A00036_DREX_AlgalChem_VisitAudit_20170407.pdf"
"e7eb4efe-9fa8-4c78-b6db-78f7bee4d751","D13","COMO","COMO.AOS.S2","2015-09-22","COMO.SS.20150922.POM.1",,"other","Academy of Natural Sciences of Drexel University","2016-09-13","OKgcKejxXbI=","13C15N","1",,,100,"d15N",,"perMill",,"not enough sample to analyze",
"56f3d712-bf31-47bf-9a58-a3a186ace101","D13","COMO","COMO.AOS.S2","2015-09-22","COMO.SS.20150922.POM.2",,"condition ok","Academy of Natural Sciences of Drexel University","2017-01-17","OKgcKejxXbI=","13C15N","2",,,100,"d15N",1.32,"perMill",,,
"6c378608-ae66-41fc-8ee7-0b3d35cc7c34","D13","COMO","COMO.AOS.S2","2015-09-22","COMO.SS.20150922.POM.2",,"condition ok","Academy of Natural Sciences of Drexel University","2017-01-17","OKgcKejxXbI=","13C15N","2",,,100,"d13C",-25.96,"perMill",,,
"fa8aef3e-1ef1-43df-8967-fe0a8960cf5f","D13","COMO","COMO.AOS.S2","2015-09-22","COMO.SS.20150922.POM.1",,"condition ok","Academy of Natural Sciences of Drexel University","2016-09-13","OKgcKejxXbI=","13C15N","1",,,100,"d13C",-26.39,"perMill",,,
"7de99a7f-37b4-4989-a479-5f15d2798ec0","D13","COMO","COMO.AOS.S2","2015-09-22","COMO.SS.20150922.POM.2",,"condition ok","Academy of Natural Sciences of Drexel University","2017-01-17","OKgcKejxXbI=","13C15N","2",400,25,100,"d13C",-25.96,"perMill",,,"Audit Failed. Document: A00036_DREX_AlgalChem_DocAudit_20170407.pdf & A00036_DREX_AlgalChem_VisitAudit_20170407.pdf"
"901da76e-cf67-4638-80b5-853eb7bdf16b","D13","COMO","COMO.AOS.S2","2015-09-22","COMO.SS.20150922.POM.2",,"condition ok","Academy of Natural Sciences of Drexel University","2017-01-17","OKgcKejxXbI=","13C15N","2",400,25,100,"d15N",1.32,"perMill",,,"Audit Failed. Document: A00036_DREX_AlgalChem_DocAudit_20170407.pdf & A00036_DREX_AlgalChem_VisitAudit_20170407.pdf"
"3fba628c-0818-495f-b208-eb746f96b63e","D13","COMO","COMO.AOS.S2","2015-09-22","COMO.SS.20150922.POM.1",,"other","Academy of Natural Sciences of Drexel University","2016-09-13","OKgcKejxXbI=","13C15N","1",400,25,100,"d15N",,"perMill",,"not enough sample to analyze","Audit Failed. Document: A00036_DREX_AlgalChem_DocAudit_20170407.pdf & A00036_DREX_AlgalChem_VisitAudit_20170407.pdf"
"1889db43-1578-4d94-8721-81fc6ec6f92c","D13","COMO","COMO.AOS.S2","2015-09-22","COMO.SS.20150922.POM.1",,"condition ok","Academy of Natural Sciences of Drexel University","2016-09-13","OKgcKejxXbI=","13C15N","1",400,25,100,"d13C",-26.39,"perMill",,,"Audit Failed. Document: A00036_DREX_AlgalChem_DocAudit_20170407.pdf & A00036_DREX_AlgalChem_VisitAudit_20170407.pdf"
