uid,domainID,siteID,namedLocation,collectDate,sampleID,sampleCode,sampleCondition,laboratoryName,analysisDate,analyzedBy,sampleType,replicate,sampleVolumeFiltered,filterSize,percentFilterAnalyzed,analyte,analyteConcentration,plantAlgaeLabUnits,method,externalRemarks,externalLabDataQF
"83719cec-91b8-488e-a1ab-119f635aa817","D08","BLWA","BLWA.AOS.buoy.c0","2018-06-18","BLWA.C0.20180618.POM.1","A00000015357","condition ok","SIRFER Lab at University of Utah","2018-08-28","ElFtGy1kV49xqNP00HfxQA==","POM","1",100,25,100,"d15N",5.89,"perMill","Revesz & Coplen 2012a",,
"9df3137e-7ef0-40d3-b9c5-51d5713a4c24","D08","BLWA","BLWA.AOS.buoy.c0","2018-06-18","BLWA.C0.20180618.POM.1","A00000015357","condition ok","SIRFER Lab at University of Utah","2018-08-28","ElFtGy1kV49xqNP00HfxQA==","POM","1",100,25,100,"d13C",-26.98,"perMill","Revesz & Coplen 2012a",,
"aaa9f946-daa4-4a0c-9a20-4883e6931735","D08","BLWA","BLWA.AOS.buoy.c0","2018-06-18","BLWA.C0.20180618.POM.1","A00000015357","condition ok","SIRFER Lab at University of Utah","2018-08-28","ElFtGy1kV49xqNP00HfxQA==","POM","1",100,25,100,"carbon",1260.48,"microgramsPerLiter","Revesz & Coplen 2012a",,
"3b3e0c9d-4896-4314-8d70-2dd62cdc8046","D08","BLWA","BLWA.AOS.buoy.c0","2018-06-18","BLWA.C0.20180618.POM.1","A00000015357","condition ok","SIRFER Lab at University of Utah","2018-08-28","ElFtGy1kV49xqNP00HfxQA==","POM","1",100,25,100,"nitrogen",93.71,"microgramsPerLiter","Revesz & Coplen 2012a",,
