uid,domainID,siteID,namedLocation,collectDate,sampleID,sampleCode,sampleCondition,laboratoryName,analysisDate,analyzedBy,sampleType,replicate,sampleVolumeFiltered,filterSize,percentFilterAnalyzed,analyte,analyteConcentration,plantAlgaeLabUnits,method,externalRemarks,externalLabDataQF
"f9c3efbf-19d5-4ae5-8715-b5516d7e4b17","D04","CUPE","CUPE.AOS.S2","2017-04-18","CUPE.SS.20170418.POM.1",,"condition ok","SIRFER Lab at University of Utah","2018-05-27","ElFtGy1kV49xqNP00HfxQA==","POM","1",500,25,100,"nitrogen",13.15,"microgramsPerLiter","Revesz & Coplen 2012a",,
"4809fdf9-d6dd-4e1d-81e3-98fdc90c3685","D04","CUPE","CUPE.AOS.S2","2017-04-18","CUPE.SS.20170418.POM.1",,"condition ok","SIRFER Lab at University of Utah","2018-05-27","ElFtGy1kV49xqNP00HfxQA==","POM","1",500,25,100,"d13C",-27.14,"perMill","Revesz & Coplen 2012a",,
"067fa184-da19-450f-84bf-1069244017dc","D04","CUPE","CUPE.AOS.S2","2017-04-18","CUPE.SS.20170418.POM.1",,"condition ok","SIRFER Lab at University of Utah","2018-05-27","ElFtGy1kV49xqNP00HfxQA==","POM","1",500,25,100,"carbon",150.80,"microgramsPerLiter","Revesz & Coplen 2012a",,
"790abf0a-2111-4dca-aab5-bfad81d2b8b0","D04","CUPE","CUPE.AOS.S2","2017-04-18","CUPE.SS.20170418.POM.1",,"condition ok","SIRFER Lab at University of Utah","2018-05-27","ElFtGy1kV49xqNP00HfxQA==","POM","1",500,25,100,"d15N",19.12,"perMill","Revesz & Coplen 2012a",,
"e0f9463d-16f1-467a-b268-4933ff049bf6","D04","CUPE","CUPE.AOS.S2","2017-04-27","CUPE.SS.20170427.POM.2",,"condition ok","SIRFER Lab at University of Utah","2018-05-27","ElFtGy1kV49xqNP00HfxQA==","POM","1",2000,25,100,"nitrogen",3.80,"microgramsPerLiter","Revesz & Coplen 2012a","Below calibration range",
"43c0138b-4fe3-436b-be25-f5a479cd0e99","D04","CUPE","CUPE.AOS.S2","2017-04-27","CUPE.SS.20170427.POM.2",,"condition ok","SIRFER Lab at University of Utah","2018-05-27","ElFtGy1kV49xqNP00HfxQA==","POM","1",2000,25,100,"d13C",-26.30,"perMill","Revesz & Coplen 2012a",,
"4736f747-1c2d-47f8-aed7-645664e42622","D04","CUPE","CUPE.AOS.S2","2017-04-27","CUPE.SS.20170427.POM.2",,"condition ok","SIRFER Lab at University of Utah","2018-05-27","ElFtGy1kV49xqNP00HfxQA==","POM","1",2000,25,100,"carbon",33.84,"microgramsPerLiter","Revesz & Coplen 2012a",,
"fb7a5533-cc20-4d31-87f9-f4f9c05ab3fa","D04","CUPE","CUPE.AOS.S2","2017-04-27","CUPE.SS.20170427.POM.2",,"condition ok","SIRFER Lab at University of Utah","2018-05-27","ElFtGy1kV49xqNP00HfxQA==","POM","1",2000,25,100,"d15N",17.68,"perMill","Revesz & Coplen 2012a","Below calibration range",
