uid,domainID,siteID,namedLocation,collectDate,sampleID,sampleCode,sampleCondition,laboratoryName,analysisDate,analyzedBy,sampleType,replicate,sampleVolumeFiltered,filterSize,percentFilterAnalyzed,analyte,analyteConcentration,plantAlgaeLabUnits,method,externalRemarks,externalLabDataQF
"1e743f5b-5e52-4779-b632-3157f682db0e","D03","BARC","BARC.AOS.buoy.c0","2019-03-05","BARC.C0.20190305.POM.1","A00000037187","condition ok","SIRFER Lab at University of Utah","2019-04-30","ElFtGy1kV49xqNP00HfxQA==","POM","1",300,25,100,"nitrogen",33.33,"microgramsPerLiter","Revesz & Coplen 2012a",,
"80b36d0a-6e74-4de5-bbae-1328a55b67d4","D03","BARC","BARC.AOS.buoy.c0","2019-03-05","BARC.C0.20190305.POM.1","A00000037187","condition ok","SIRFER Lab at University of Utah","2019-04-30","ElFtGy1kV49xqNP00HfxQA==","POM","1",300,25,100,"carbon",318.38,"microgramsPerLiter","Revesz & Coplen 2012a",,
"0feb905f-cd00-4fbb-9e6c-e5ae99d7a99c","D03","BARC","BARC.AOS.buoy.c0","2019-03-05","BARC.C0.20190305.POM.1","A00000037187","condition ok","SIRFER Lab at University of Utah","2019-04-30","ElFtGy1kV49xqNP00HfxQA==","POM","1",300,25,100,"d13C",-30.39,"perMill","Revesz & Coplen 2012a",,
"279c57ef-7335-4bfa-be00-0cda4dfd4cc0","D03","BARC","BARC.AOS.buoy.c0","2019-03-05","BARC.C0.20190305.POM.1","A00000037187","condition ok","SIRFER Lab at University of Utah","2019-04-30","ElFtGy1kV49xqNP00HfxQA==","POM","1",300,25,100,"d15N",1.74,"perMill","Revesz & Coplen 2012a",,
