uid,domainID,siteID,namedLocation,collectDate,sampleID,sampleCode,sampleCondition,laboratoryName,analysisDate,analyzedBy,sampleType,replicate,sampleVolumeFiltered,filterSize,percentFilterAnalyzed,analyte,analyteConcentration,plantAlgaeLabUnits,method,externalRemarks,externalLabDataQF
"57e9a2f2-7b52-49a9-8b96-3c0735c7f7ba","D03","SUGG","SUGG.AOS.buoy.c0","2019-05-07","SUGG.C0.20190507.POM.1","A00000037485","condition ok","SIRFER Lab at University of Utah","2019-09-19","ElFtGy1kV49xqNP00HfxQA==","POM","1",600,25,100,"d13C",-30.74,"perMill","Revesz & Coplen 2012a",,
"30cbaf54-91ab-43a0-a8f2-5cef3f357389","D03","SUGG","SUGG.AOS.buoy.c0","2019-05-07","SUGG.C0.20190507.POM.1","A00000037485","condition ok","SIRFER Lab at University of Utah","2019-09-19","ElFtGy1kV49xqNP00HfxQA==","POM","1",600,25,100,"nitrogen",36.25,"microgramsPerLiter","Revesz & Coplen 2012a",,
"5cfec9e5-b44d-42a3-be76-d03984410098","D03","SUGG","SUGG.AOS.buoy.c0","2019-05-07","SUGG.C0.20190507.POM.1","A00000037485","condition ok","SIRFER Lab at University of Utah","2019-09-19","ElFtGy1kV49xqNP00HfxQA==","POM","1",600,25,100,"carbon",248.91,"microgramsPerLiter","Revesz & Coplen 2012a",,
"8d6070e7-ae3e-4453-bf8e-c67dabcbbbea","D03","SUGG","SUGG.AOS.buoy.c0","2019-05-07","SUGG.C0.20190507.POM.1","A00000037485","condition ok","SIRFER Lab at University of Utah","2019-09-19","ElFtGy1kV49xqNP00HfxQA==","POM","1",600,25,100,"d15N",1.76,"perMill","Revesz & Coplen 2012a",,
