uid,domainID,siteID,namedLocation,collectDate,sampleID,sampleCode,sampleCondition,laboratoryName,analysisDate,analyzedBy,sampleType,replicate,sampleVolumeFiltered,filterSize,percentFilterAnalyzed,analyte,analyteConcentration,plantAlgaeLabUnits,method,externalRemarks,externalLabDataQF
"9f1a53a0-5bee-43e7-bc71-65154d21cfb1","D04","CUPE","CUPE.AOS.S2","2017-07-11","CUPE.SS.20170711.POM.1",,"condition ok","SIRFER Lab at University of Utah","2018-05-27","ElFtGy1kV49xqNP00HfxQA==","POM","1",2250,25,100,"d13C",-28.67,"perMill","Revesz & Coplen 2012a",,
"4dc9f340-31ce-4373-b0f3-df134815870e","D04","CUPE","CUPE.AOS.S2","2017-07-11","CUPE.SS.20170711.POM.1",,"condition ok","SIRFER Lab at University of Utah","2018-05-27","ElFtGy1kV49xqNP00HfxQA==","POM","1",2250,25,100,"nitrogen",2.92,"microgramsPerLiter","Revesz & Coplen 2012a","Below calibration range",
"45c3d017-111d-4a67-b0b7-158ea4800c6c","D04","CUPE","CUPE.AOS.S2","2017-07-11","CUPE.SS.20170711.POM.1",,"condition ok","SIRFER Lab at University of Utah","2018-05-27","ElFtGy1kV49xqNP00HfxQA==","POM","1",2250,25,100,"d15N",23.70,"perMill","Revesz & Coplen 2012a","Below calibration range",
"b85de6f7-828b-41e2-a03a-02b73b95d921","D04","CUPE","CUPE.AOS.S2","2017-07-11","CUPE.SS.20170711.POM.1",,"condition ok","SIRFER Lab at University of Utah","2018-05-27","ElFtGy1kV49xqNP00HfxQA==","POM","1",2250,25,100,"carbon",31.37,"microgramsPerLiter","Revesz & Coplen 2012a",,
"6ec8518f-2916-48e2-b1ad-fe2aaa458db4","D04","CUPE","CUPE.AOS.S2","2017-07-20","CUPE.SS.20170720.POM.1",,"condition ok","SIRFER Lab at University of Utah","2018-05-27","ElFtGy1kV49xqNP00HfxQA==","POM","1",2000,25,100,"carbon",,"microgramsPerLiter","Revesz & Coplen 2012a","Below detection limit",
"603d0542-69af-4376-861e-6116c0f1272f","D04","CUPE","CUPE.AOS.S2","2017-07-20","CUPE.SS.20170720.POM.1",,"condition ok","SIRFER Lab at University of Utah","2018-05-27","ElFtGy1kV49xqNP00HfxQA==","POM","1",2000,25,100,"d15N",,"perMill","Revesz & Coplen 2012a","Below detection limit",
"28dfebea-9697-4364-8e0c-43b3e2018a25","D04","CUPE","CUPE.AOS.S2","2017-07-20","CUPE.SS.20170720.POM.1",,"condition ok","SIRFER Lab at University of Utah","2018-05-27","ElFtGy1kV49xqNP00HfxQA==","POM","1",2000,25,100,"nitrogen",,"microgramsPerLiter","Revesz & Coplen 2012a","Below detection limit",
"b4fc07f1-ff2d-4fbc-88de-c4bb4159df7a","D04","CUPE","CUPE.AOS.S2","2017-07-20","CUPE.SS.20170720.POM.1",,"condition ok","SIRFER Lab at University of Utah","2018-05-27","ElFtGy1kV49xqNP00HfxQA==","POM","1",2000,25,100,"d13C",,"perMill","Revesz & Coplen 2012a","Below detection limit",
