uid,domainID,siteID,namedLocation,collectDate,sampleID,sampleCode,sampleCondition,laboratoryName,analysisDate,analyzedBy,sampleType,replicate,sampleVolumeFiltered,filterSize,percentFilterAnalyzed,analyte,analyteConcentration,plantAlgaeLabUnits,method,externalRemarks,externalLabDataQF
"ec61f1fd-ea8d-4880-beed-ed7ad565021e","D04","GUIL","GUIL.AOS.S2","2019-04-16","GUIL.SS.20190416.POM.1","A00000040481","condition ok","SIRFER Lab at University of Utah","2019-10-09","ElFtGy1kV49xqNP00HfxQA==","POM","1",1000,25,100,"nitrogen",18.75,"microgramsPerLiter","Revesz & Coplen 2012a",,
"7cdc6297-fa13-4d87-9deb-fec3442cdf05","D04","GUIL","GUIL.AOS.S2","2019-04-16","GUIL.SS.20190416.POM.1","A00000040481","condition ok","SIRFER Lab at University of Utah","2019-10-09","ElFtGy1kV49xqNP00HfxQA==","POM","1",1000,25,100,"carbon",144.30,"microgramsPerLiter","Revesz & Coplen 2012a",,
"5da1aedc-db56-4f82-9a5a-363f732341d1","D04","GUIL","GUIL.AOS.S2","2019-04-16","GUIL.SS.20190416.POM.1","A00000040481","condition ok","SIRFER Lab at University of Utah","2019-10-09","ElFtGy1kV49xqNP00HfxQA==","POM","1",1000,25,100,"d15N",5.31,"perMill","Revesz & Coplen 2012a",,
"0d5aa58c-adff-4499-8c89-a4411ece0dfd","D04","GUIL","GUIL.AOS.S2","2019-04-16","GUIL.SS.20190416.POM.1","A00000040481","condition ok","SIRFER Lab at University of Utah","2019-10-09","ElFtGy1kV49xqNP00HfxQA==","POM","1",1000,25,100,"d13C",-23.83,"perMill","Revesz & Coplen 2012a",,
