uid,domainID,siteID,namedLocation,collectDate,sampleID,sampleCode,sampleCondition,laboratoryName,analysisDate,analyzedBy,sampleType,replicate,sampleVolumeFiltered,filterSize,percentFilterAnalyzed,analyte,analyteConcentration,plantAlgaeLabUnits,method,externalRemarks,externalLabDataQF
"c18a3347-cf6b-4974-88f3-f7cd903f8e0f","D06","KING","KING.AOS.reach","2018-06-04","KING.RE.20180604.POM.1","A00000009722","condition ok","SIRFER Lab at University of Utah","2018-08-03","ElFtGy1kV49xqNP00HfxQA==","POM","1",115,25,100,"carbon",1340.25,"microgramsPerLiter","Revesz & Coplen 2012a",,
"9cfea68b-c88b-438b-931b-01596212ffff","D06","KING","KING.AOS.reach","2018-06-04","KING.RE.20180604.POM.1","A00000009722","condition ok","SIRFER Lab at University of Utah","2018-08-03","ElFtGy1kV49xqNP00HfxQA==","POM","1",115,25,100,"d15N",4.44,"perMill","Revesz & Coplen 2012a",,
"8a7fd3bd-04e6-4818-a5d9-fcbdceae80a4","D06","KING","KING.AOS.reach","2018-06-04","KING.RE.20180604.POM.1","A00000009722","condition ok","SIRFER Lab at University of Utah","2018-08-03","ElFtGy1kV49xqNP00HfxQA==","POM","1",115,25,100,"nitrogen",222.86,"microgramsPerLiter","Revesz & Coplen 2012a",,
"f422f100-142f-4665-b325-c1a3258187ac","D06","KING","KING.AOS.reach","2018-06-04","KING.RE.20180604.POM.1","A00000009722","condition ok","SIRFER Lab at University of Utah","2018-08-03","ElFtGy1kV49xqNP00HfxQA==","POM","1",115,25,100,"d13C",-32.54,"perMill","Revesz & Coplen 2012a",,
"c6281efb-645e-44ad-9904-c85c17ad4a6e","D06","KING","KING.AOS.reach","2018-06-06","KING.RE.20180606.POM.1","A00000009738","condition ok","SIRFER Lab at University of Utah","2018-08-03","ElFtGy1kV49xqNP00HfxQA==","POM","1",206,25,100,"carbon",1138.34,"microgramsPerLiter","Revesz & Coplen 2012a",,
"27e7938e-b913-4e1f-ae8c-3e9a1b26ca4b","D06","KING","KING.AOS.reach","2018-06-06","KING.RE.20180606.POM.1","A00000009738","condition ok","SIRFER Lab at University of Utah","2018-08-03","ElFtGy1kV49xqNP00HfxQA==","POM","1",206,25,100,"nitrogen",121.54,"microgramsPerLiter","Revesz & Coplen 2012a",,
"359c6b9a-9f8c-4a68-a4e3-67c695bdf360","D06","KING","KING.AOS.reach","2018-06-06","KING.RE.20180606.POM.1","A00000009738","condition ok","SIRFER Lab at University of Utah","2018-08-03","ElFtGy1kV49xqNP00HfxQA==","POM","1",206,25,100,"d13C",-23.89,"perMill","Revesz & Coplen 2012a",,
"a68761c2-1638-49d4-89a0-0c7eec315fd8","D06","KING","KING.AOS.reach","2018-06-06","KING.RE.20180606.POM.1","A00000009738","condition ok","SIRFER Lab at University of Utah","2018-08-03","ElFtGy1kV49xqNP00HfxQA==","POM","1",206,25,100,"d15N",6.27,"perMill","Revesz & Coplen 2012a",,
"41898a78-08ed-47d7-9bde-cc5173655965","D06","KING","KING.AOS.reach","2018-06-18","KING.RE.20180618.POM.1","A00000009776","condition ok","SIRFER Lab at University of Utah","2018-09-24","ElFtGy1kV49xqNP00HfxQA==","POM","1",93,25,100,"d15N",3.73,"perMill","Revesz & Coplen 2012a",,
"8f2003f0-5923-4866-9eda-c05b738f17e1","D06","KING","KING.AOS.reach","2018-06-18","KING.RE.20180618.POM.1","A00000009776","condition ok","SIRFER Lab at University of Utah","2018-09-24","ElFtGy1kV49xqNP00HfxQA==","POM","1",93,25,100,"carbon",2114.19,"microgramsPerLiter","Revesz & Coplen 2012a",,
"bf8280d2-5499-4cf2-8212-fe0210ec730a","D06","KING","KING.AOS.reach","2018-06-18","KING.RE.20180618.POM.1","A00000009776","condition ok","SIRFER Lab at University of Utah","2018-09-24","ElFtGy1kV49xqNP00HfxQA==","POM","1",93,25,100,"d13C",-33.97,"perMill","Revesz & Coplen 2012a",,
"1b4b0580-3988-4a08-b5b8-3da9e8fcf3c8","D06","KING","KING.AOS.reach","2018-06-18","KING.RE.20180618.POM.1","A00000009776","condition ok","SIRFER Lab at University of Utah","2018-09-24","ElFtGy1kV49xqNP00HfxQA==","POM","1",93,25,100,"nitrogen",344.75,"microgramsPerLiter","Revesz & Coplen 2012a",,
