uid,domainID,siteID,namedLocation,collectDate,sampleID,sampleCode,sampleCondition,laboratoryName,analysisDate,analyzedBy,sampleType,replicate,sampleVolumeFiltered,filterSize,percentFilterAnalyzed,analyte,analyteConcentration,plantAlgaeLabUnits,method,externalRemarks,externalLabDataQF
"3e7fae42-6f5a-4f9d-8b38-c0dddaf2ef6c","D03","SUGG","SUGG.AOS.buoy.c0","2017-01-31","SUGG.C0.20170131.POM.2",,"condition ok","SIRFER Lab at University of Utah","2018-05-26","ElFtGy1kV49xqNP00HfxQA==","POM","1",,,100,"d15N",8.53,"perMill","Revesz & Coplen 2012a",,
"c0b9a9fa-133e-4edb-b47f-dea58d1a7d13","D03","SUGG","SUGG.AOS.buoy.c0","2017-01-31","SUGG.C0.20170131.POM.2",,"condition ok","SIRFER Lab at University of Utah","2018-05-26","ElFtGy1kV49xqNP00HfxQA==","POM","1",,,100,"nitrogen",55.21,"microgramsPerLiter","Revesz & Coplen 2012a",,
"6d0c2fef-7ee3-4c06-b0ec-745c0ffa35b2","D03","SUGG","SUGG.AOS.buoy.c0","2017-01-31","SUGG.C0.20170131.POM.2",,"condition ok","SIRFER Lab at University of Utah","2018-05-26","ElFtGy1kV49xqNP00HfxQA==","POM","1",,,100,"carbon",654.54,"microgramsPerLiter","Revesz & Coplen 2012a",,
"eebbc085-af3c-42f2-b217-8eb542ea8e7e","D03","SUGG","SUGG.AOS.buoy.c0","2017-01-31","SUGG.C0.20170131.POM.2",,"condition ok","SIRFER Lab at University of Utah","2018-05-26","ElFtGy1kV49xqNP00HfxQA==","POM","1",,,100,"d13C",-29.71,"perMill","Revesz & Coplen 2012a",,
"2987f4dd-7274-46dc-8c54-b4f13e53709f","D03","SUGG","SUGG.AOS.inlet","2017-01-31","SUGG.IN.20170131.POM.2",,"condition ok","SIRFER Lab at University of Utah","2018-05-26","ElFtGy1kV49xqNP00HfxQA==","POM","1",,,100,"d15N",7.12,"perMill","Revesz & Coplen 2012a",,
"0a9bd8a9-0ab6-4004-9ed6-203d021044b7","D03","SUGG","SUGG.AOS.inlet","2017-01-31","SUGG.IN.20170131.POM.2",,"condition ok","SIRFER Lab at University of Utah","2018-05-26","ElFtGy1kV49xqNP00HfxQA==","POM","1",,,100,"d13C",-29.89,"perMill","Revesz & Coplen 2012a",,
"0710b0f9-215a-40dc-9018-7992f8395f6f","D03","SUGG","SUGG.AOS.inlet","2017-01-31","SUGG.IN.20170131.POM.2",,"condition ok","SIRFER Lab at University of Utah","2018-05-26","ElFtGy1kV49xqNP00HfxQA==","POM","1",,,100,"carbon",801.08,"microgramsPerLiter","Revesz & Coplen 2012a",,
"457ab201-b7e3-4ec4-a5ea-5ad862b6506c","D03","SUGG","SUGG.AOS.inlet","2017-01-31","SUGG.IN.20170131.POM.2",,"condition ok","SIRFER Lab at University of Utah","2018-05-26","ElFtGy1kV49xqNP00HfxQA==","POM","1",,,100,"nitrogen",67.64,"microgramsPerLiter","Revesz & Coplen 2012a",,
"928a4904-72ea-47fa-a5df-305e6c88ab9a","D03","SUGG","SUGG.AOS.outlet","2017-01-31","SUGG.OT.20170131.POM.2",,"condition ok","SIRFER Lab at University of Utah","2018-05-26","ElFtGy1kV49xqNP00HfxQA==","POM","1",,,100,"carbon",637.38,"microgramsPerLiter","Revesz & Coplen 2012a",,
"7e39fd14-650e-407a-9ec4-edd61906f018","D03","SUGG","SUGG.AOS.outlet","2017-01-31","SUGG.OT.20170131.POM.2",,"condition ok","SIRFER Lab at University of Utah","2018-05-26","ElFtGy1kV49xqNP00HfxQA==","POM","1",,,100,"d13C",-30.04,"perMill","Revesz & Coplen 2012a",,
"01e14843-9a48-42fa-9676-289f4bc7642c","D03","SUGG","SUGG.AOS.outlet","2017-01-31","SUGG.OT.20170131.POM.2",,"condition ok","SIRFER Lab at University of Utah","2018-05-26","ElFtGy1kV49xqNP00HfxQA==","POM","1",,,100,"nitrogen",55.62,"microgramsPerLiter","Revesz & Coplen 2012a",,
"fbb3f4bc-968b-4e5c-94c3-b08a41031305","D03","SUGG","SUGG.AOS.outlet","2017-01-31","SUGG.OT.20170131.POM.2",,"condition ok","SIRFER Lab at University of Utah","2018-05-26","ElFtGy1kV49xqNP00HfxQA==","POM","1",,,100,"d15N",8.63,"perMill","Revesz & Coplen 2012a",,
