uid,domainID,siteID,namedLocation,collectDate,sampleID,sampleCode,sampleCondition,laboratoryName,analysisDate,analyzedBy,sampleType,replicate,sampleVolumeFiltered,filterSize,percentFilterAnalyzed,analyte,analyteConcentration,plantAlgaeLabUnits,method,externalRemarks,externalLabDataQF
"1328244a-670a-4caf-a551-05952e661372","D05","CRAM","CRAM.AOS.buoy.c2","2018-09-11","CRAM.C2.20180911.POM.1","A00000007271","condition ok","SIRFER Lab at University of Utah","2018-11-13","ElFtGy1kV49xqNP00HfxQA==","POM","1",130,25,100,"carbon",805.51,"microgramsPerLiter","Revesz & Coplen 2012a",,
"2f2ac4fb-2bfb-42aa-b3c9-1315404315e4","D05","CRAM","CRAM.AOS.buoy.c2","2018-09-11","CRAM.C2.20180911.POM.1","A00000007271","condition ok","SIRFER Lab at University of Utah","2018-11-13","ElFtGy1kV49xqNP00HfxQA==","POM","1",130,25,100,"d15N",-0.27,"perMill","Revesz & Coplen 2012a",,
"1c3638ca-68a9-4089-b0cf-b64bf70aa5be","D05","CRAM","CRAM.AOS.buoy.c2","2018-09-11","CRAM.C2.20180911.POM.1","A00000007271","condition ok","SIRFER Lab at University of Utah","2018-11-13","ElFtGy1kV49xqNP00HfxQA==","POM","1",130,25,100,"nitrogen",104.63,"microgramsPerLiter","Revesz & Coplen 2012a",,
"eb9c6ef4-86cd-476c-a55e-d414dd3b9963","D05","CRAM","CRAM.AOS.buoy.c2","2018-09-11","CRAM.C2.20180911.POM.1","A00000007271","condition ok","SIRFER Lab at University of Utah","2018-11-13","ElFtGy1kV49xqNP00HfxQA==","POM","1",130,25,100,"d13C",-33.11,"perMill","Revesz & Coplen 2012a",,
"587fef85-a54e-420d-aacb-ff3ec807724e","D05","CRAM","CRAM.AOS.buoy.c1","2018-09-11","CRAM.C1.20180911.POM.1","A00000007388","condition ok","SIRFER Lab at University of Utah","2018-11-13","ElFtGy1kV49xqNP00HfxQA==","POM","1",150,25,100,"nitrogen",53.20,"microgramsPerLiter","Revesz & Coplen 2012a",,
"5924f0b4-51cf-41ea-9f16-55aaf4db262d","D05","CRAM","CRAM.AOS.buoy.c1","2018-09-11","CRAM.C1.20180911.POM.1","A00000007388","condition ok","SIRFER Lab at University of Utah","2018-11-13","ElFtGy1kV49xqNP00HfxQA==","POM","1",150,25,100,"carbon",546.80,"microgramsPerLiter","Revesz & Coplen 2012a",,
"578aa944-3c76-4983-b160-24200f7c0821","D05","CRAM","CRAM.AOS.buoy.c1","2018-09-11","CRAM.C1.20180911.POM.1","A00000007388","condition ok","SIRFER Lab at University of Utah","2018-11-13","ElFtGy1kV49xqNP00HfxQA==","POM","1",150,25,100,"d15N",0.92,"perMill","Revesz & Coplen 2012a",,
"036c4dc1-8b99-4d3d-9448-d78e137ad1ae","D05","CRAM","CRAM.AOS.buoy.c1","2018-09-11","CRAM.C1.20180911.POM.1","A00000007388","condition ok","SIRFER Lab at University of Utah","2018-11-13","ElFtGy1kV49xqNP00HfxQA==","POM","1",150,25,100,"d13C",-28.68,"perMill","Revesz & Coplen 2012a",,
