uid,domainID,siteID,namedLocation,collectDate,sampleID,sampleCode,sampleCondition,laboratoryName,analysisDate,analyzedBy,sampleType,replicate,sampleVolumeFiltered,filterSize,percentFilterAnalyzed,analyte,analyteConcentration,plantAlgaeLabUnits,method,externalRemarks,externalLabDataQF
"a515645a-1542-4cf0-894f-14628b49acb2","D11","BLUE","BLUE.AOS.S2","2019-05-07","BLUE.SS.20190507.POM.1","A00000104159","condition ok","SIRFER Lab at University of Utah","2019-09-17","ElFtGy1kV49xqNP00HfxQA==","POM","1",250,25,100,"d15N",4.81,"perMill","Revesz & Coplen 2012a",,
"81c76f62-c823-4efa-83f3-727e90235bc2","D11","BLUE","BLUE.AOS.S2","2019-05-07","BLUE.SS.20190507.POM.1","A00000104159","condition ok","SIRFER Lab at University of Utah","2019-09-17","ElFtGy1kV49xqNP00HfxQA==","POM","1",250,25,100,"nitrogen",60.84,"microgramsPerLiter","Revesz & Coplen 2012a",,
"0873f324-2078-4794-8019-38c9c7e5407c","D11","BLUE","BLUE.AOS.S2","2019-05-07","BLUE.SS.20190507.POM.1","A00000104159","condition ok","SIRFER Lab at University of Utah","2019-09-17","ElFtGy1kV49xqNP00HfxQA==","POM","1",250,25,100,"carbon",472.35,"microgramsPerLiter","Revesz & Coplen 2012a",,
"f0f1a75b-777c-4567-b0e7-2598f6735a3b","D11","BLUE","BLUE.AOS.S2","2019-05-07","BLUE.SS.20190507.POM.1","A00000104159","condition ok","SIRFER Lab at University of Utah","2019-09-17","ElFtGy1kV49xqNP00HfxQA==","POM","1",250,25,100,"d13C",-26.62,"perMill","Revesz & Coplen 2012a",,
"031030c1-25d9-4c94-adc0-c4c2fc565f2f","D11","BLUE","BLUE.AOS.S2","2019-05-13","BLUE.SS.20190513.POM.1","A00000104389","condition ok","SIRFER Lab at University of Utah","2019-09-17","ElFtGy1kV49xqNP00HfxQA==","POM","1",400,25,100,"d15N",5.36,"perMill","Revesz & Coplen 2012a",,
"dd94febd-a036-4f6a-bff6-90049edc1c44","D11","BLUE","BLUE.AOS.S2","2019-05-13","BLUE.SS.20190513.POM.1","A00000104389","condition ok","SIRFER Lab at University of Utah","2019-09-17","ElFtGy1kV49xqNP00HfxQA==","POM","1",400,25,100,"nitrogen",65.28,"microgramsPerLiter","Revesz & Coplen 2012a",,
"fc7e3a62-3039-4384-9950-73344d5e2a25","D11","BLUE","BLUE.AOS.S2","2019-05-13","BLUE.SS.20190513.POM.1","A00000104389","condition ok","SIRFER Lab at University of Utah","2019-09-17","ElFtGy1kV49xqNP00HfxQA==","POM","1",400,25,100,"d13C",-25.08,"perMill","Revesz & Coplen 2012a",,
"b83acf0b-43d2-41e4-87e3-8d90e7370a97","D11","BLUE","BLUE.AOS.S2","2019-05-13","BLUE.SS.20190513.POM.1","A00000104389","condition ok","SIRFER Lab at University of Utah","2019-09-17","ElFtGy1kV49xqNP00HfxQA==","POM","1",400,25,100,"carbon",596.75,"microgramsPerLiter","Revesz & Coplen 2012a",,
"54039876-c0a9-494e-96d7-9ebfe26beec2","D11","BLUE","BLUE.AOS.S2","2019-05-15","BLUE.SS.20190515.POM.1","A00000104533","condition ok","SIRFER Lab at University of Utah","2019-09-17","ElFtGy1kV49xqNP00HfxQA==","POM","1",500,25,100,"d15N",4.87,"perMill","Revesz & Coplen 2012a",,
"0b6b5fd2-c9a6-45f6-9c0e-9c2f49a95255","D11","BLUE","BLUE.AOS.S2","2019-05-15","BLUE.SS.20190515.POM.1","A00000104533","condition ok","SIRFER Lab at University of Utah","2019-09-17","ElFtGy1kV49xqNP00HfxQA==","POM","1",500,25,100,"nitrogen",48.84,"microgramsPerLiter","Revesz & Coplen 2012a",,
"d7fc8431-83d4-4cc4-afcd-f8fc0efa3097","D11","BLUE","BLUE.AOS.S2","2019-05-15","BLUE.SS.20190515.POM.1","A00000104533","condition ok","SIRFER Lab at University of Utah","2019-09-17","ElFtGy1kV49xqNP00HfxQA==","POM","1",500,25,100,"carbon",399.02,"microgramsPerLiter","Revesz & Coplen 2012a",,
"6e93cf97-9c01-47f1-b9c3-6450606ca134","D11","BLUE","BLUE.AOS.S2","2019-05-15","BLUE.SS.20190515.POM.1","A00000104533","condition ok","SIRFER Lab at University of Utah","2019-09-17","ElFtGy1kV49xqNP00HfxQA==","POM","1",500,25,100,"d13C",-26.37,"perMill","Revesz & Coplen 2012a",,
