uid,domainID,siteID,namedLocation,collectDate,parentSampleID,parentSampleCode,isotopeH2OSampleCond,isotopeH2OSampleID,isotopeH2OSampleCode,isotopePOMRep2SampleCond,isotopePOMRep2SampleID,isotopePOMRep2SampleCode,isotopePOMSampleCond,isotopePOMSampleID,isotopePOMSampleCode,processedDateFilters,processedDateH2OIsotopes,sampleVolumeFilteredPOMRep1,sampleVolumeFilteredPOMRep2,fieldDataQF
"0dcd09a4-0842-483b-8be6-2cec4df719be","D11","BLUE","BLUE.AOS.S2","2019-05-07T17:00Z","BLUE.SS.20190507",,"Sample condition ok","BLUE.SS.20190507.H2O.1","A00000104175","Sample condition ok","BLUE.SS.20190507.POM.2","A00000104160","Sample condition ok","BLUE.SS.20190507.POM.1","A00000104159","2019-05-07T20:24Z","2019-05-07T16:50Z",250,250,
"2b68abe4-9bed-47b9-8975-9a759baf85ad","D11","BLUE","BLUE.AOS.S2","2019-05-13T16:45Z","BLUE.SS.20190513",,"Sample condition ok","BLUE.SS.20190513.H2O.1","A00000104397","Sample condition ok","BLUE.SS.20190513.POM.2","A00000104390","Sample condition ok","BLUE.SS.20190513.POM.1","A00000104389","2019-05-13T19:30Z","2019-05-13T16:49Z",400,400,
"f64fbbe9-fa54-4d01-bb29-666e4320c189","D11","BLUE","BLUE.AOS.S2","2019-05-15T17:40Z","BLUE.SS.20190515",,"Sample condition ok","BLUE.SS.20190515.H2O.1","A00000104262","Sample condition ok","BLUE.SS.20190515.POM.2","A00000104534","Sample condition ok","BLUE.SS.20190515.POM.1","A00000104533","2019-05-15T20:15Z","2019-05-15T17:07Z",500,500,
"c113d4f4-7d1e-46bb-a132-61912b06b069","D11","BLUE","BLUE.AOS.S2","2019-05-29T16:30Z","BLUE.SS.20190529",,"Sample condition ok","BLUE.SS.20190529.H2O.1","A00000104353","Sample condition ok","BLUE.SS.20190529.POM.2","A00000104375","Sample condition ok","BLUE.SS.20190529.POM.1","A00000104376","2019-05-29T20:21Z","2019-05-29T16:40Z",400,400,
"d2b3716f-30ec-4f28-98fe-81645ab84603","D11","BLUE","BLUE.AOS.S2","2019-05-30T17:57Z","BLUE.SS.20190530",,"Sample condition ok","BLUE.SS.20190530.H2O.1","A00000104557","Sample condition ok","BLUE.SS.20190530.POM.2","A00000104677","Sample condition ok","BLUE.SS.20190530.POM.1","A00000104678","2019-05-30T21:01Z","2019-05-30T18:00Z",300,300,
