uid,domainID,siteID,namedLocation,collectDate,analysisDate,isotopeH2OSampleID,isotopeH2OSampleCode,instrumentSN,d18OWater,d2HWater,d18OsdWater,d2HsdWater,isotopeH2OExternalLabQF,laboratoryName,analyzedBy,sampleCondition,externalRemarks,externalLabDataQF
"32e624f1-f9fb-470b-9b65-81a287deddc1","D11","BLUE","BLUE.AOS.S2","2019-05-07","2019-06-24","BLUE.SS.20190507.H2O.1","A00000104175","HIDS2046",-5.07,-28.75,0.02,0.22,0,"SIRFER Lab at University of Utah","OlSmE6RRn5QQH8tvUHmK5i/poYiQr6sd","OK",,
"fe42aaa7-a7db-4c0c-9425-950af04d2869","D11","BLUE","BLUE.AOS.S2","2019-05-13","2019-07-18","BLUE.SS.20190513.H2O.1","A00000104397","HIDS2052",-5.28,-30.94,0.04,0.19,0,"SIRFER Lab at University of Utah","OlSmE6RRn5QQH8tvUHmK5i/poYiQr6sd","OK",,
"d11418ea-c3b6-4f19-b49d-d9cbf5e60656","D11","BLUE","BLUE.AOS.S2","2019-05-15","2019-07-18","BLUE.SS.20190515.H2O.1","A00000104262","HIDS2052",-5.27,-30.29,0.03,0.13,0,"SIRFER Lab at University of Utah","OlSmE6RRn5QQH8tvUHmK5i/poYiQr6sd","OK",,
"6c150249-40d0-4ec6-9aa2-57fbc03d32d3","D11","BLUE","BLUE.AOS.S2","2019-05-29","2019-07-18","BLUE.SS.20190529.H2O.1","A00000104353","HIDS2052",-5.20,-29.62,0.03,0.14,0,"SIRFER Lab at University of Utah","OlSmE6RRn5QQH8tvUHmK5i/poYiQr6sd","OK",,
"de66460c-a108-4c90-8dbd-aab91902dac5","D11","BLUE","BLUE.AOS.S2","2019-05-30","2019-07-18","BLUE.SS.20190530.H2O.1","A00000104557","HIDS2052",-5.12,-29.01,0.05,0.41,0,"SIRFER Lab at University of Utah","OlSmE6RRn5QQH8tvUHmK5i/poYiQr6sd","OK",,
