uid,domainID,siteID,namedLocation,decimalLatitude,decimalLongitude,coordinateUncertainty,additionalCoordUncertainty,elevation,elevationUncertainty,geodeticDatum,altLocation,altLatitude,altLongitude,altCoordinateUncertainty,altGeodeticDatum,collectDate,aquaticSiteType,samplingImpractical,parentSampleID,parentSampleCode,eventID,samplerType,dissolvedOxygen,dissolvedOxygenSaturation,specificConductance,waterTemp,asiSamplingProtocolVersion,lowerSegmentDepth,upperSegmentDepth,maxDepth,lakeSampleDepth1,lakeSampleDepth2,aCollectedBy,bCollectedBy,remarks,fieldDataQF
"41aaecd5-6867-42d2-ab4d-50f1d979fd1c","D11","BLUE","BLUE.AOS.S2",34.448448,-96.622796,10.0,10.0,288.3,10.0,"WGS84",,,,,,"2019-05-07T17:00Z","stream",,"BLUE.SS.20190507",,"BLUE.20190507","Grab",9.38,101.00,541.00,18.90,"NEON.DOC.001886vG",,,,,,"0000-0003-2362-0002","0000-0002-2086-5736",,
"d6e6b6f4-a393-4c6a-88d0-4d835b892a9a","D11","BLUE","BLUE.AOS.S2",34.448448,-96.622796,10.0,10.0,288.3,10.0,"WGS84",,,,,,"2019-05-13T16:45Z","stream",,"BLUE.SS.20190513",,"BLUE.20190513","Grab",9.37,98.00,536.00,17.40,"NEON.DOC.001886vG",,,,,,"0000-0002-1602-2154","0000-0003-2362-0002",,
"c82e93ab-c138-4d20-923a-8771497da665","D11","BLUE","BLUE.AOS.S2",34.448448,-96.622796,10.0,10.0,288.3,10.0,"WGS84",,,,,,"2019-05-15T17:40Z","stream",,"BLUE.SS.20190515",,"BLUE.20190515","Grab",9.84,107.80,554.00,19.70,"NEON.DOC.001886vG",,,,,,"0000-0003-2362-0002","0000-0002-1844-4553",,
"5eed3ac0-467a-425d-a4cd-b4017ac4cdad","D11","BLUE","BLUE.AOS.S2",34.448448,-96.622796,10.0,10.0,288.3,10.0,"WGS84",,,,,,"2019-05-29T16:30Z","stream",,"BLUE.SS.20190529",,"BLUE.20190529","Grab",8.33,92.40,568.00,20.30,"NEON.DOC.001886vG",,,,,,"0000-0003-2362-0002","0000-0002-2086-5736",,
"f471ab96-574e-4f96-be9c-060477178fe9","D11","BLUE","BLUE.AOS.S2",34.448448,-96.622796,10.0,10.0,288.3,10.0,"WGS84",,,,,,"2019-05-30T17:57Z","stream",,"BLUE.SS.20190530",,"BLUE.20190530","Grab",11.92,133.00,545.00,20.60,"NEON.DOC.001886vG",,,,,,"0000-0002-1844-4553","0000-0002-1602-2154",,
