uid,domainID,siteID,namedLocation,collectDate,sampleID,sampleCode,sampleCondition,laboratoryName,analysisDate,analyzedBy,sampleType,replicate,sampleVolumeFiltered,filterSize,percentFilterAnalyzed,analyte,analyteConcentration,plantAlgaeLabUnits,method,externalRemarks,externalLabDataQF
"b0b7945b-af9f-4b87-8308-2e4e1b7dd676","D06","KING","KING.AOS.S2","2016-09-06","KING.SS.20160906.POM.1",,"condition ok","Academy of Natural Sciences of Drexel University","2017-03-28","OKgcKejxXbI=","13C15N","1",,,100,"d15N",1.78,"perMill",,,
"d9a63ef3-4213-4481-9e86-21d7afa9fd63","D06","KING","KING.AOS.S2","2016-09-06","KING.SS.20160906.POM.1",,"condition ok","Academy of Natural Sciences of Drexel University","2017-03-28","OKgcKejxXbI=","13C15N","1",,,100,"d13C",-25.95,"perMill",,,
"fd3d68a7-3c8a-4cb1-8ce1-3fab81804561","D06","KING","KING.AOS.S2","2016-09-06","KING.SS.20160906.POM.2",,"other","Academy of Natural Sciences of Drexel University","2017-05-10","OKgcKejxXbI=","13C15N","2",,,100,"d13C",,"perMill",,"sample corrupted during analysis",
"23a27e9e-e23c-4c62-83cb-5ce9b2edc0f5","D06","KING","KING.AOS.S2","2016-09-06","KING.SS.20160906.POM.2",,"other","Academy of Natural Sciences of Drexel University","2017-05-10","OKgcKejxXbI=","13C15N","2",,,100,"d15N",,"perMill",,"sample corrupted during analysis",
