uid,domainID,siteID,namedLocation,collectDate,sampleID,sampleCode,sampleCondition,laboratoryName,analysisDate,analyzedBy,sampleType,replicate,sampleVolumeFiltered,filterSize,percentFilterAnalyzed,analyte,analyteConcentration,plantAlgaeLabUnits,method,externalRemarks,externalLabDataQF
"c317c27f-7bb0-4ecc-b874-c031c52f74d4","D04","CUPE","CUPE.AOS.S2","2018-03-20","CUPE.SS.20180320.POM.1",,"condition ok","SIRFER Lab at University of Utah","2018-08-10","ElFtGy1kV49xqNP00HfxQA==","POM","1",1250,25,100,"carbon",59.02,"microgramsPerLiter","Revesz & Coplen 2012a",,
"6f1b452f-c590-4234-a0bc-e24cabf28072","D04","CUPE","CUPE.AOS.S2","2018-03-20","CUPE.SS.20180320.POM.1",,"condition ok","SIRFER Lab at University of Utah","2018-08-10","ElFtGy1kV49xqNP00HfxQA==","POM","1",1250,25,100,"d13C",-26.83,"perMill","Revesz & Coplen 2012a",,
"22857af0-9612-400d-9b09-a54af3109cd6","D04","CUPE","CUPE.AOS.S2","2018-03-20","CUPE.SS.20180320.POM.1",,"condition ok","SIRFER Lab at University of Utah","2018-08-10","ElFtGy1kV49xqNP00HfxQA==","POM","1",1250,25,100,"nitrogen",7.70,"microgramsPerLiter","Revesz & Coplen 2012a",,
"3aec2dfc-d641-4172-932f-2e43697b4bca","D04","CUPE","CUPE.AOS.S2","2018-03-20","CUPE.SS.20180320.POM.1",,"condition ok","SIRFER Lab at University of Utah","2018-08-10","ElFtGy1kV49xqNP00HfxQA==","POM","1",1250,25,100,"d15N",-0.72,"perMill","Revesz & Coplen 2012a",,
