uid,domainID,siteID,namedLocation,collectDate,sampleID,sampleCode,sampleCondition,laboratoryName,analysisDate,analyzedBy,sampleType,replicate,sampleVolumeFiltered,filterSize,percentFilterAnalyzed,analyte,analyteConcentration,plantAlgaeLabUnits,method,externalRemarks,externalLabDataQF
"a09778f1-92fb-4170-b7b2-43b53725924e","D07","WALK","WALK.AOS.S2","2019-01-14","WALK.SS.20190114.POM.1","A00000044776","condition ok","SIRFER Lab at University of Utah","2019-04-22","ElFtGy1kV49xqNP00HfxQA==","POM","1",1000,25,100,"d13C",-27.96,"perMill","Revesz & Coplen 2012a",,
"cef7ae0a-0925-43a0-be7d-348a259e0817","D07","WALK","WALK.AOS.S2","2019-01-14","WALK.SS.20190114.POM.1","A00000044776","condition ok","SIRFER Lab at University of Utah","2019-04-22","ElFtGy1kV49xqNP00HfxQA==","POM","1",1000,25,100,"d15N",2.48,"perMill","Revesz & Coplen 2012a",,
"dde72dea-1da2-462a-96e8-fa45f407b43c","D07","WALK","WALK.AOS.S2","2019-01-14","WALK.SS.20190114.POM.1","A00000044776","condition ok","SIRFER Lab at University of Utah","2019-04-22","ElFtGy1kV49xqNP00HfxQA==","POM","1",1000,25,100,"carbon",117.47,"microgramsPerLiter","Revesz & Coplen 2012a",,
"db09e0dc-5c6d-4fae-b3e0-5d7a1c058686","D07","WALK","WALK.AOS.S2","2019-01-14","WALK.SS.20190114.POM.1","A00000044776","condition ok","SIRFER Lab at University of Utah","2019-04-22","ElFtGy1kV49xqNP00HfxQA==","POM","1",1000,25,100,"nitrogen",7.87,"microgramsPerLiter","Revesz & Coplen 2012a",,
"4cecaea2-9d24-41bc-923a-cff319d6091c","D07","WALK","WALK.AOS.S2","2019-01-22","WALK.SS.20190122.POM.1","A00000044813","condition ok","SIRFER Lab at University of Utah","2019-04-22","ElFtGy1kV49xqNP00HfxQA==","POM","1",1000,25,100,"nitrogen",9.01,"microgramsPerLiter","Revesz & Coplen 2012a",,
"8a8e18fa-fca7-45af-a185-539554e9e697","D07","WALK","WALK.AOS.S2","2019-01-22","WALK.SS.20190122.POM.1","A00000044813","condition ok","SIRFER Lab at University of Utah","2019-04-22","ElFtGy1kV49xqNP00HfxQA==","POM","1",1000,25,100,"d15N",-6.04,"perMill","Revesz & Coplen 2012a",,
"f0596ab5-5d04-4dc9-a7de-73b142c5508c","D07","WALK","WALK.AOS.S2","2019-01-22","WALK.SS.20190122.POM.1","A00000044813","condition ok","SIRFER Lab at University of Utah","2019-04-22","ElFtGy1kV49xqNP00HfxQA==","POM","1",1000,25,100,"carbon",140.24,"microgramsPerLiter","Revesz & Coplen 2012a",,
"1fb5a079-a535-4e79-a923-b12dce8a807f","D07","WALK","WALK.AOS.S2","2019-01-22","WALK.SS.20190122.POM.1","A00000044813","condition ok","SIRFER Lab at University of Utah","2019-04-22","ElFtGy1kV49xqNP00HfxQA==","POM","1",1000,25,100,"d13C",-27.98,"perMill","Revesz & Coplen 2012a",,
"ff51ce01-1e40-41af-951f-0b3b84baaae1","D07","WALK","WALK.AOS.S2","2019-01-28","WALK.SS.20190128.POM.1","A00000044856","condition ok","SIRFER Lab at University of Utah","2019-04-22","ElFtGy1kV49xqNP00HfxQA==","POM","1",1000,25,100,"nitrogen",7.86,"microgramsPerLiter","Revesz & Coplen 2012a",,
"a351440b-d304-4c99-b0c8-e463a5555f2c","D07","WALK","WALK.AOS.S2","2019-01-28","WALK.SS.20190128.POM.1","A00000044856","condition ok","SIRFER Lab at University of Utah","2019-04-22","ElFtGy1kV49xqNP00HfxQA==","POM","1",1000,25,100,"d13C",-28.25,"perMill","Revesz & Coplen 2012a",,
"64ee6f1b-1ca0-46e6-beb7-0042dbf1b6e4","D07","WALK","WALK.AOS.S2","2019-01-28","WALK.SS.20190128.POM.1","A00000044856","condition ok","SIRFER Lab at University of Utah","2019-04-22","ElFtGy1kV49xqNP00HfxQA==","POM","1",1000,25,100,"carbon",107.03,"microgramsPerLiter","Revesz & Coplen 2012a",,
"8cb16e3b-b6cf-4f65-9234-71c7dcc70c09","D07","WALK","WALK.AOS.S2","2019-01-28","WALK.SS.20190128.POM.1","A00000044856","condition ok","SIRFER Lab at University of Utah","2019-04-22","ElFtGy1kV49xqNP00HfxQA==","POM","1",1000,25,100,"d15N",1.80,"perMill","Revesz & Coplen 2012a",,
