uid,domainID,siteID,namedLocation,collectDate,sampleID,sampleCode,sampleCondition,laboratoryName,analysisDate,analyzedBy,sampleType,replicate,sampleVolumeFiltered,filterSize,percentFilterAnalyzed,analyte,analyteConcentration,plantAlgaeLabUnits,method,externalRemarks,externalLabDataQF
"230c6605-ffd6-4b24-ae34-0b4a06229656","D13","COMO","COMO.AOS.S2","2019-03-19","COMO.SS.20190319.POM.1","A00000051701","condition ok","SIRFER Lab at University of Utah","2019-04-26","ElFtGy1kV49xqNP00HfxQA==","POM","1",1000,25,100,"nitrogen",31.91,"microgramsPerLiter","Revesz & Coplen 2012a",,
"dbd656ab-6f22-4f8d-8e5f-39dddc85b82d","D13","COMO","COMO.AOS.S2","2019-03-19","COMO.SS.20190319.POM.1","A00000051701","condition ok","SIRFER Lab at University of Utah","2019-04-26","ElFtGy1kV49xqNP00HfxQA==","POM","1",1000,25,100,"carbon",582.74,"microgramsPerLiter","Revesz & Coplen 2012a",,
"ea1f5528-0fa0-41dc-a8bb-70b13e6c12a8","D13","COMO","COMO.AOS.S2","2019-03-19","COMO.SS.20190319.POM.1","A00000051701","condition ok","SIRFER Lab at University of Utah","2019-04-26","ElFtGy1kV49xqNP00HfxQA==","POM","1",1000,25,100,"d15N",2.41,"perMill","Revesz & Coplen 2012a",,
"8ceab28e-3ef8-4456-b33a-f5e2af1a69d6","D13","COMO","COMO.AOS.S2","2019-03-19","COMO.SS.20190319.POM.1","A00000051701","condition ok","SIRFER Lab at University of Utah","2019-04-26","ElFtGy1kV49xqNP00HfxQA==","POM","1",1000,25,100,"d13C",-32.51,"perMill","Revesz & Coplen 2012a",,
