uid,domainID,siteID,namedLocation,collectDate,sampleID,sampleCode,sampleCondition,laboratoryName,analysisDate,analyzedBy,sampleType,replicate,sampleVolumeFiltered,filterSize,percentFilterAnalyzed,analyte,analyteConcentration,plantAlgaeLabUnits,method,externalRemarks,externalLabDataQF
"f22b930e-ae89-41f4-8f04-bb2643e17976","D02","POSE","POSE.AOS.S2","2016-09-13","POSE.SS.20160913.POM.1",,"other","Academy of Natural Sciences of Drexel University","2017-04-03","OKgcKejxXbI=","13C15N","1",,,100,"d15N",,"perMill",,"sample corrupted during analysis",
"b5b4ce45-7d2e-43d1-85a8-49250ea4fec3","D02","POSE","POSE.AOS.S2","2016-09-13","POSE.SS.20160913.POM.2",,"condition ok","Academy of Natural Sciences of Drexel University","2017-05-18","OKgcKejxXbI=","13C15N","2",,,100,"d13C",-27.88,"perMill",,,
"b197afe8-959d-4915-99c9-b9ffef34f60a","D02","POSE","POSE.AOS.S2","2016-09-13","POSE.SS.20160913.POM.1",,"other","Academy of Natural Sciences of Drexel University","2017-04-03","OKgcKejxXbI=","13C15N","1",,,100,"d13C",,"perMill",,"sample corrupted during analysis",
"34252132-ecae-451f-bc46-66102c3a085d","D02","POSE","POSE.AOS.S2","2016-09-13","POSE.SS.20160913.POM.2",,"condition ok","Academy of Natural Sciences of Drexel University","2017-05-18","OKgcKejxXbI=","13C15N","2",,,100,"d15N",4.19,"perMill",,,
