uid,domainID,siteID,namedLocation,collectDate,sampleID,sampleCode,sampleCondition,laboratoryName,analysisDate,analyzedBy,sampleType,replicate,sampleVolumeFiltered,filterSize,percentFilterAnalyzed,analyte,analyteConcentration,plantAlgaeLabUnits,method,externalRemarks,externalLabDataQF
"8d7913d1-3aa1-4463-9de5-cb7e1f7a335f","D03","SUGG","SUGG.AOS.buoy.c0","2017-08-01","SUGG.C0.20170801.POM.1",,"condition ok","SIRFER Lab at University of Utah","2018-05-16","ElFtGy1kV49xqNP00HfxQA==","POM","1",,,100,"nitrogen",47.44,"microgramsPerLiter","Revesz & Coplen 2012a",,
"6bb42675-15c3-4c2d-9e88-4319e06b510d","D03","SUGG","SUGG.AOS.buoy.c0","2017-08-01","SUGG.C0.20170801.POM.1",,"condition ok","SIRFER Lab at University of Utah","2018-05-16","ElFtGy1kV49xqNP00HfxQA==","POM","1",,,100,"d15N",4.49,"perMill","Revesz & Coplen 2012a",,
"94cdf00b-4d5d-4ccf-8596-80cfd3fbde28","D03","SUGG","SUGG.AOS.buoy.c0","2017-08-01","SUGG.C0.20170801.POM.1",,"condition ok","SIRFER Lab at University of Utah","2018-05-16","ElFtGy1kV49xqNP00HfxQA==","POM","1",,,100,"d13C",-31.28,"perMill","Revesz & Coplen 2012a",,
"be716401-bd08-4661-a523-fa8bd90b60ea","D03","SUGG","SUGG.AOS.buoy.c0","2017-08-01","SUGG.C0.20170801.POM.1",,"condition ok","SIRFER Lab at University of Utah","2018-05-16","ElFtGy1kV49xqNP00HfxQA==","POM","1",,,100,"carbon",399.04,"microgramsPerLiter","Revesz & Coplen 2012a",,
"e5afcda7-40cf-4d15-9469-099fc629a536","D03","SUGG","SUGG.AOS.inlet","2017-08-01","SUGG.IN.20170801.POM.1",,"condition ok","SIRFER Lab at University of Utah","2018-05-16","ElFtGy1kV49xqNP00HfxQA==","POM","1",,,100,"nitrogen",55.54,"microgramsPerLiter","Revesz & Coplen 2012a",,
"da7c7e5e-d35b-4eb3-b051-dce9b7a069fa","D03","SUGG","SUGG.AOS.inlet","2017-08-01","SUGG.IN.20170801.POM.1",,"condition ok","SIRFER Lab at University of Utah","2018-05-16","ElFtGy1kV49xqNP00HfxQA==","POM","1",,,100,"d15N",4.10,"perMill","Revesz & Coplen 2012a",,
"f2f7c1b6-e83d-4b66-bfc2-0f4b21b73607","D03","SUGG","SUGG.AOS.inlet","2017-08-01","SUGG.IN.20170801.POM.1",,"condition ok","SIRFER Lab at University of Utah","2018-05-16","ElFtGy1kV49xqNP00HfxQA==","POM","1",,,100,"d13C",-31.86,"perMill","Revesz & Coplen 2012a",,
"bd98c502-ce23-4b01-bf65-834f14099d30","D03","SUGG","SUGG.AOS.inlet","2017-08-01","SUGG.IN.20170801.POM.1",,"condition ok","SIRFER Lab at University of Utah","2018-05-16","ElFtGy1kV49xqNP00HfxQA==","POM","1",,,100,"carbon",461.72,"microgramsPerLiter","Revesz & Coplen 2012a",,
"6c5c8cde-9b5b-492d-b1e2-50c608e3f3c2","D03","SUGG","SUGG.AOS.outlet","2017-08-01","SUGG.OT.20170801.POM.1",,"condition ok","SIRFER Lab at University of Utah","2018-05-16","ElFtGy1kV49xqNP00HfxQA==","POM","1",,,100,"nitrogen",62.02,"microgramsPerLiter","Revesz & Coplen 2012a",,
"4ddcc4d5-df30-4d72-93e1-79045180ffee","D03","SUGG","SUGG.AOS.outlet","2017-08-01","SUGG.OT.20170801.POM.1",,"condition ok","SIRFER Lab at University of Utah","2018-05-16","ElFtGy1kV49xqNP00HfxQA==","POM","1",,,100,"d15N",2.78,"perMill","Revesz & Coplen 2012a",,
"9230c0ad-b5b7-4a41-96b0-012efc2e3e79","D03","SUGG","SUGG.AOS.outlet","2017-08-01","SUGG.OT.20170801.POM.1",,"condition ok","SIRFER Lab at University of Utah","2018-05-16","ElFtGy1kV49xqNP00HfxQA==","POM","1",,,100,"carbon",482.01,"microgramsPerLiter","Revesz & Coplen 2012a",,
"1ca95ba3-ee53-4a9f-a583-7ba86ada8511","D03","SUGG","SUGG.AOS.outlet","2017-08-01","SUGG.OT.20170801.POM.1",,"condition ok","SIRFER Lab at University of Utah","2018-05-16","ElFtGy1kV49xqNP00HfxQA==","POM","1",,,100,"d13C",-32.02,"perMill","Revesz & Coplen 2012a",,
