uid,domainID,siteID,namedLocation,collectDate,sampleID,sampleCode,sampleCondition,laboratoryName,analysisDate,analyzedBy,sampleType,replicate,sampleVolumeFiltered,filterSize,percentFilterAnalyzed,analyte,analyteConcentration,plantAlgaeLabUnits,method,externalRemarks,externalLabDataQF
"d0e9948d-dee6-4b4c-9999-db197d2e6940","D17","BIGC","BIGC.AOS.S2","2019-03-26","BIGC.SS.20190326.POM.1","A00000062034","condition ok","SIRFER Lab at University of Utah","2019-08-14","ElFtGy1kV49xqNP00HfxQA==","POM","1",2000,25,100,"carbon",142.16,"microgramsPerLiter","Revesz & Coplen 2012a",,
"f6cb8b72-8a9c-414a-a003-a3c856e99761","D17","BIGC","BIGC.AOS.S2","2019-03-26","BIGC.SS.20190326.POM.1","A00000062034","condition ok","SIRFER Lab at University of Utah","2019-08-14","ElFtGy1kV49xqNP00HfxQA==","POM","1",2000,25,100,"d15N",-1.76,"perMill","Revesz & Coplen 2012a",,
"290535cc-df3d-43f2-9121-5fa0d91ad943","D17","BIGC","BIGC.AOS.S2","2019-03-26","BIGC.SS.20190326.POM.1","A00000062034","condition ok","SIRFER Lab at University of Utah","2019-08-14","ElFtGy1kV49xqNP00HfxQA==","POM","1",2000,25,100,"d13C",-28.05,"perMill","Revesz & Coplen 2012a",,
"d62ab8aa-0f5b-4a98-9055-11bee30db430","D17","BIGC","BIGC.AOS.S2","2019-03-26","BIGC.SS.20190326.POM.1","A00000062034","condition ok","SIRFER Lab at University of Utah","2019-08-14","ElFtGy1kV49xqNP00HfxQA==","POM","1",2000,25,100,"nitrogen",8.61,"microgramsPerLiter","Revesz & Coplen 2012a",,
