uid,domainID,siteID,namedLocation,collectDate,sampleID,sampleCode,sampleCondition,laboratoryName,analysisDate,analyzedBy,sampleType,replicate,sampleVolumeFiltered,filterSize,percentFilterAnalyzed,analyte,analyteConcentration,plantAlgaeLabUnits,method,externalRemarks,externalLabDataQF
"8541723f-a880-44e7-8eb7-d6753a7e94e4","D13","COMO","COMO.AOS.S2","2016-03-08","COMO.SS.20160308.POM.2",,"condition ok","Academy of Natural Sciences of Drexel University","2016-09-01","OKgcKejxXbI=","13C15N","2",,,100,"d13C",-26.82,"perMill",,,
"65e06b08-41a3-4e32-928f-5a7d6ed9c476","D13","COMO","COMO.AOS.S2","2016-03-08","COMO.SS.20160308.POM.1",,"condition ok","Academy of Natural Sciences of Drexel University","2016-08-29","OKgcKejxXbI=","13C15N","1",200,25,100,"d15N",4.08,"perMill",,,"Audit Failed. Document: A00036_DREX_AlgalChem_DocAudit_20170407.pdf & A00036_DREX_AlgalChem_VisitAudit_20170407.pdf"
"b2dd7678-5152-411a-9446-6f49aae38c7d","D13","COMO","COMO.AOS.S2","2016-03-08","COMO.SS.20160308.POM.2",,"condition ok","Academy of Natural Sciences of Drexel University","2016-09-01","OKgcKejxXbI=","13C15N","2",200,25,100,"d13C",-26.82,"perMill",,,"Audit Failed. Document: A00036_DREX_AlgalChem_DocAudit_20170407.pdf & A00036_DREX_AlgalChem_VisitAudit_20170407.pdf"
"2a870f64-4c72-4526-be11-82ad53e5ab66","D13","COMO","COMO.AOS.S2","2016-03-08","COMO.SS.20160308.POM.2",,"condition ok","Academy of Natural Sciences of Drexel University","2016-09-01","OKgcKejxXbI=","13C15N","2",200,25,100,"d15N",2.98,"perMill",,,"Audit Failed. Document: A00036_DREX_AlgalChem_DocAudit_20170407.pdf & A00036_DREX_AlgalChem_VisitAudit_20170407.pdf"
"fdbb5985-ebc1-454b-bb4c-769f33549791","D13","COMO","COMO.AOS.S2","2016-03-08","COMO.SS.20160308.POM.1",,"condition ok","Academy of Natural Sciences of Drexel University","2016-08-29","OKgcKejxXbI=","13C15N","1",200,25,100,"d13C",-26.97,"perMill",,,"Audit Failed. Document: A00036_DREX_AlgalChem_DocAudit_20170407.pdf & A00036_DREX_AlgalChem_VisitAudit_20170407.pdf"
"3e8357a2-938d-4e78-a38f-5a58756b7d33","D13","COMO","COMO.AOS.S2","2016-03-08","COMO.SS.20160308.POM.1",,"condition ok","Academy of Natural Sciences of Drexel University","2016-08-29","OKgcKejxXbI=","13C15N","1",,,100,"d15N",4.08,"perMill",,,
"a3f0c035-7d28-4b6d-ab76-44dcbf3daa16","D13","COMO","COMO.AOS.S2","2016-03-08","COMO.SS.20160308.POM.2",,"condition ok","Academy of Natural Sciences of Drexel University","2016-09-01","OKgcKejxXbI=","13C15N","2",,,100,"d15N",2.98,"perMill",,,
"1a3b88d7-bcba-45c0-9205-8eaa15490e50","D13","COMO","COMO.AOS.S2","2016-03-08","COMO.SS.20160308.POM.1",,"condition ok","Academy of Natural Sciences of Drexel University","2016-08-29","OKgcKejxXbI=","13C15N","1",,,100,"d13C",-26.97,"perMill",,,
