uid,domainID,siteID,namedLocation,collectDate,sampleID,sampleCode,sampleCondition,laboratoryName,analysisDate,analyzedBy,sampleType,replicate,sampleVolumeFiltered,filterSize,percentFilterAnalyzed,analyte,analyteConcentration,plantAlgaeLabUnits,method,externalRemarks,externalLabDataQF
"1cfa6ad1-0f2e-40fb-b7a3-41860a621719","D10","ARIK","ARIK.AOS.S2","2018-07-02","ARIK.SS.20180702.POM.1","A00000018406","condition ok","SIRFER Lab at University of Utah","2018-09-06","ElFtGy1kV49xqNP00HfxQA==","POM","1",500,25,100,"carbon",1504.64,"microgramsPerLiter","Revesz & Coplen 2012a",,
"c1e54653-6358-41c2-9cf7-4ad1cb7fa8e5","D10","ARIK","ARIK.AOS.S2","2018-07-02","ARIK.SS.20180702.POM.1","A00000018406","condition ok","SIRFER Lab at University of Utah","2018-09-06","ElFtGy1kV49xqNP00HfxQA==","POM","1",500,25,100,"nitrogen",166.44,"microgramsPerLiter","Revesz & Coplen 2012a",,
"79446ca5-d5e9-4c09-8dfe-9494a5628072","D10","ARIK","ARIK.AOS.S2","2018-07-02","ARIK.SS.20180702.POM.1","A00000018406","condition ok","SIRFER Lab at University of Utah","2018-09-06","ElFtGy1kV49xqNP00HfxQA==","POM","1",500,25,100,"d13C",-27.22,"perMill","Revesz & Coplen 2012a",,
"2beeae90-e8fb-407a-b2d0-219548d9a8c7","D10","ARIK","ARIK.AOS.S2","2018-07-02","ARIK.SS.20180702.POM.1","A00000018406","condition ok","SIRFER Lab at University of Utah","2018-09-06","ElFtGy1kV49xqNP00HfxQA==","POM","1",500,25,100,"d15N",2.68,"perMill","Revesz & Coplen 2012a",,
"38b9bcc8-650f-4c9d-8ce8-9b6cc8aca93b","D10","ARIK","ARIK.AOS.S2","2018-07-12","ARIK.SS.20180712.POM.1","A00000018863","condition ok","SIRFER Lab at University of Utah","2018-09-06","ElFtGy1kV49xqNP00HfxQA==","POM","1",250,25,100,"d13C",-28.98,"perMill","Revesz & Coplen 2012a",,
"075dffad-8a12-47ff-aacc-e22abe7debdb","D10","ARIK","ARIK.AOS.S2","2018-07-12","ARIK.SS.20180712.POM.1","A00000018863","condition ok","SIRFER Lab at University of Utah","2018-09-06","ElFtGy1kV49xqNP00HfxQA==","POM","1",250,25,100,"nitrogen",173.92,"microgramsPerLiter","Revesz & Coplen 2012a",,
"0ff3c20e-a0e9-4ffa-b278-95f5195920b8","D10","ARIK","ARIK.AOS.S2","2018-07-12","ARIK.SS.20180712.POM.1","A00000018863","condition ok","SIRFER Lab at University of Utah","2018-09-06","ElFtGy1kV49xqNP00HfxQA==","POM","1",250,25,100,"d15N",3.92,"perMill","Revesz & Coplen 2012a",,
"bac0d9c1-3ec1-47da-a8a2-b8ec278a0693","D10","ARIK","ARIK.AOS.S2","2018-07-12","ARIK.SS.20180712.POM.1","A00000018863","condition ok","SIRFER Lab at University of Utah","2018-09-06","ElFtGy1kV49xqNP00HfxQA==","POM","1",250,25,100,"carbon",1663.19,"microgramsPerLiter","Revesz & Coplen 2012a",,
"f9d13372-7484-4b44-a720-3816223a5f87","D10","ARIK","ARIK.AOS.S2","2018-07-18","ARIK.SS.20180718.POM.1","A00000019371","condition ok","SIRFER Lab at University of Utah","2018-09-06","ElFtGy1kV49xqNP00HfxQA==","POM","1",250,25,100,"carbon",850.65,"microgramsPerLiter","Revesz & Coplen 2012a",,
"94322263-6cf2-4af0-9bc5-c7a19dac4146","D10","ARIK","ARIK.AOS.S2","2018-07-18","ARIK.SS.20180718.POM.1","A00000019371","condition ok","SIRFER Lab at University of Utah","2018-09-06","ElFtGy1kV49xqNP00HfxQA==","POM","1",250,25,100,"d15N",0.44,"perMill","Revesz & Coplen 2012a",,
"bb2252fb-b5b5-4e0b-a351-173d3cd7e57e","D10","ARIK","ARIK.AOS.S2","2018-07-18","ARIK.SS.20180718.POM.1","A00000019371","condition ok","SIRFER Lab at University of Utah","2018-09-06","ElFtGy1kV49xqNP00HfxQA==","POM","1",250,25,100,"d13C",-29.14,"perMill","Revesz & Coplen 2012a",,
"81c647d9-f77e-4d36-a501-1edeaf000116","D10","ARIK","ARIK.AOS.S2","2018-07-18","ARIK.SS.20180718.POM.1","A00000019371","condition ok","SIRFER Lab at University of Utah","2018-09-06","ElFtGy1kV49xqNP00HfxQA==","POM","1",250,25,100,"nitrogen",115.38,"microgramsPerLiter","Revesz & Coplen 2012a",,
