uid,domainID,siteID,namedLocation,collectDate,sampleID,sampleCode,sampleCondition,laboratoryName,analysisDate,analyzedBy,sampleType,replicate,sampleVolumeFiltered,filterSize,percentFilterAnalyzed,analyte,analyteConcentration,plantAlgaeLabUnits,method,externalRemarks,externalLabDataQF
"89133bb8-d3b1-4711-a926-ede51e4c3171","D18","TOOK","TOOK.AOS.outlet","2016-09-10","TOOK.OT.20160910.POM.2",,"other","Academy of Natural Sciences of Drexel University","2017-05-23","OKgcKejxXbI=","13C15N","2",,,100,"d15N",,"perMill",,"analysis corrupted during analysis, not enough sample for analysis",
"941ab6c9-ab7f-4ebd-88b5-f697441ad60c","D18","TOOK","TOOK.AOS.outlet","2016-09-10","TOOK.OT.20160910.POM.2",,"condition ok","Academy of Natural Sciences of Drexel University","2017-05-23","OKgcKejxXbI=","13C15N","2",,,100,"d13C",-33.16,"perMill",,,
"f4182aa2-7e9d-43f1-978c-73dcd30c44f6","D18","TOOK","TOOK.AOS.outlet","2016-09-10","TOOK.OT.20160910.POM.1",,"condition ok","Academy of Natural Sciences of Drexel University","2017-04-03","OKgcKejxXbI=","13C15N","1",,,100,"d15N",3.13,"perMill",,,
"7c298415-fb3b-4161-9dbc-3242c2f37a2a","D18","TOOK","TOOK.AOS.outlet","2016-09-10","TOOK.OT.20160910.POM.1",,"condition ok","Academy of Natural Sciences of Drexel University","2017-04-03","OKgcKejxXbI=","13C15N","1",,,100,"d13C",-32.70,"perMill",,,
"0c1903e3-168e-4f62-9112-9ae4786cd7e7","D18","TOOK","TOOK.AOS.inlet","2016-09-10","TOOK.IN.20160910.POM.1",,"condition ok","Academy of Natural Sciences of Drexel University","2017-04-03","OKgcKejxXbI=","13C15N","1",,,100,"d15N",4.88,"perMill",,,
"f07c4dc2-b805-4777-aeab-bb2c86fa5be2","D18","TOOK","TOOK.AOS.inlet","2016-09-10","TOOK.IN.20160910.POM.2",,"condition ok","Academy of Natural Sciences of Drexel University","2017-05-23","OKgcKejxXbI=","13C15N","2",,,100,"d13C",-32.30,"perMill",,,
"1ba932bf-927f-40f9-8616-f2b423cb8165","D18","TOOK","TOOK.AOS.inlet","2016-09-10","TOOK.IN.20160910.POM.2",,"other","Academy of Natural Sciences of Drexel University","2017-05-23","OKgcKejxXbI=","13C15N","2",,,100,"d15N",,"perMill",,"analysis corrupted during analysis, not enough sample for analysis",
"8d79affe-25b9-40ee-853c-1e359134d7c3","D18","TOOK","TOOK.AOS.inlet","2016-09-10","TOOK.IN.20160910.POM.1",,"condition ok","Academy of Natural Sciences of Drexel University","2017-04-03","OKgcKejxXbI=","13C15N","1",,,100,"d13C",-30.58,"perMill",,,
"d888690d-c087-4dbc-8f56-b8fa1fb2f6a9","D18","TOOK","TOOK.AOS.buoy.c0","2016-09-10","TOOK.C0.20160910.POM.1",,"condition ok","Academy of Natural Sciences of Drexel University","2017-04-03","OKgcKejxXbI=","13C15N","1",,,100,"d13C",-32.00,"perMill",,,
"d50da843-b3e1-4dcd-b0e8-17799297cdc6","D18","TOOK","TOOK.AOS.buoy.c0","2016-09-10","TOOK.C0.20160910.POM.2",,"condition ok","Academy of Natural Sciences of Drexel University","2017-05-23","OKgcKejxXbI=","13C15N","2",,,100,"d13C",-32.27,"perMill",,,
"9585283e-6ecb-450b-982a-caf44da4d35b","D18","TOOK","TOOK.AOS.buoy.c0","2016-09-10","TOOK.C0.20160910.POM.2",,"other","Academy of Natural Sciences of Drexel University","2017-05-23","OKgcKejxXbI=","13C15N","2",,,100,"d15N",,"perMill",,"analysis corrupted during analysis, not enough sample for analysis",
"74ebe372-d7a8-4a85-a918-5331193fa91b","D18","TOOK","TOOK.AOS.buoy.c0","2016-09-10","TOOK.C0.20160910.POM.1",,"condition ok","Academy of Natural Sciences of Drexel University","2017-04-03","OKgcKejxXbI=","13C15N","1",,,100,"d15N",3.51,"perMill",,,
