uid,domainID,siteID,namedLocation,collectDate,sampleID,sampleCode,sampleCondition,laboratoryName,analysisDate,analyzedBy,sampleType,replicate,sampleVolumeFiltered,filterSize,percentFilterAnalyzed,analyte,analyteConcentration,plantAlgaeLabUnits,method,externalRemarks,externalLabDataQF
"b73053fc-3a44-4d92-9490-51a5ea35e683","D02","LEWI","LEWI.AOS.S2","2018-02-07","LEWI.SS.20180207.POM.1",,"condition ok","SIRFER Lab at University of Utah","2018-08-10","ElFtGy1kV49xqNP00HfxQA==","POM","1",1000,25,100,"carbon",294.28,"microgramsPerLiter","Revesz & Coplen 2012a",,
"d35c0a6c-1e6a-4221-a555-3c6cc954a932","D02","LEWI","LEWI.AOS.S2","2018-02-07","LEWI.SS.20180207.POM.1",,"condition ok","SIRFER Lab at University of Utah","2018-08-10","ElFtGy1kV49xqNP00HfxQA==","POM","1",1000,25,100,"nitrogen",25.47,"microgramsPerLiter","Revesz & Coplen 2012a",,
"3b105d7e-ba97-4e44-8d7c-8719a92fcbca","D02","LEWI","LEWI.AOS.S2","2018-02-07","LEWI.SS.20180207.POM.1",,"condition ok","SIRFER Lab at University of Utah","2018-08-10","ElFtGy1kV49xqNP00HfxQA==","POM","1",1000,25,100,"d13C",-25.96,"perMill","Revesz & Coplen 2012a",,
"61e8c14c-456c-4d4b-87ff-b4e1ddb2e3b1","D02","LEWI","LEWI.AOS.S2","2018-02-07","LEWI.SS.20180207.POM.1",,"condition ok","SIRFER Lab at University of Utah","2018-08-10","ElFtGy1kV49xqNP00HfxQA==","POM","1",1000,25,100,"d15N",13.87,"perMill","Revesz & Coplen 2012a",,
"ffc1fd31-cf2e-4ffd-9cbb-d65450ed831b","D02","LEWI","LEWI.AOS.S2","2018-02-14","LEWI.SS.20180214.POM.1",,"condition ok","SIRFER Lab at University of Utah","2018-08-10","ElFtGy1kV49xqNP00HfxQA==","POM","1",1000,25,100,"nitrogen",21.52,"microgramsPerLiter","Revesz & Coplen 2012a",,
"c38b309c-29ad-4302-9cbb-b330a3853eea","D02","LEWI","LEWI.AOS.S2","2018-02-14","LEWI.SS.20180214.POM.1",,"condition ok","SIRFER Lab at University of Utah","2018-08-10","ElFtGy1kV49xqNP00HfxQA==","POM","1",1000,25,100,"d15N",5.63,"perMill","Revesz & Coplen 2012a",,
"279cf47c-94bf-47dd-8ea8-886be5387e7e","D02","LEWI","LEWI.AOS.S2","2018-02-14","LEWI.SS.20180214.POM.1",,"condition ok","SIRFER Lab at University of Utah","2018-08-10","ElFtGy1kV49xqNP00HfxQA==","POM","1",1000,25,100,"carbon",234.09,"microgramsPerLiter","Revesz & Coplen 2012a",,
"df0c204a-5387-440f-a42c-e48f67e89ad6","D02","LEWI","LEWI.AOS.S2","2018-02-14","LEWI.SS.20180214.POM.1",,"condition ok","SIRFER Lab at University of Utah","2018-08-10","ElFtGy1kV49xqNP00HfxQA==","POM","1",1000,25,100,"d13C",-25.52,"perMill","Revesz & Coplen 2012a",,
"ff1f9184-ebae-4182-9cfc-fac4763dd34d","D02","LEWI","LEWI.AOS.S2","2018-02-28","LEWI.SS.20180228.POM.1",,"condition ok","SIRFER Lab at University of Utah","2018-08-10","ElFtGy1kV49xqNP00HfxQA==","POM","1",600,25,100,"d15N",5.41,"perMill","Revesz & Coplen 2012a",,
"fa69a64e-3bfc-4490-820e-c567fb8f6ef8","D02","LEWI","LEWI.AOS.S2","2018-02-28","LEWI.SS.20180228.POM.1",,"condition ok","SIRFER Lab at University of Utah","2018-08-10","ElFtGy1kV49xqNP00HfxQA==","POM","1",600,25,100,"carbon",379.14,"microgramsPerLiter","Revesz & Coplen 2012a",,
"5210ad4c-61d2-4d6c-8b4e-f88254d4263b","D02","LEWI","LEWI.AOS.S2","2018-02-28","LEWI.SS.20180228.POM.1",,"condition ok","SIRFER Lab at University of Utah","2018-08-10","ElFtGy1kV49xqNP00HfxQA==","POM","1",600,25,100,"nitrogen",30.50,"microgramsPerLiter","Revesz & Coplen 2012a",,
"2429b56e-757b-4bb0-a1ee-021a658e7c21","D02","LEWI","LEWI.AOS.S2","2018-02-28","LEWI.SS.20180228.POM.1",,"condition ok","SIRFER Lab at University of Utah","2018-08-10","ElFtGy1kV49xqNP00HfxQA==","POM","1",600,25,100,"d13C",-24.85,"perMill","Revesz & Coplen 2012a",,
