uid,domainID,siteID,namedLocation,collectDate,sampleID,sampleCode,sampleCondition,laboratoryName,analysisDate,analyzedBy,sampleType,replicate,sampleVolumeFiltered,filterSize,percentFilterAnalyzed,analyte,analyteConcentration,plantAlgaeLabUnits,method,externalRemarks,externalLabDataQF
"927232ed-7f30-4fed-a0ef-304857f6f7c5","D06","KING","KING.AOS.reach","2018-03-05","KING.RE.20180305.POM.1",,"condition ok","SIRFER Lab at University of Utah","2018-08-02","ElFtGy1kV49xqNP00HfxQA==","POM","1",395,25,100,"d13C",-28.79,"perMill","Revesz & Coplen 2012a",,
"ff30fa26-cd80-40e0-899d-f02446e6f61c","D06","KING","KING.AOS.reach","2018-03-05","KING.RE.20180305.POM.1",,"condition ok","SIRFER Lab at University of Utah","2018-08-02","ElFtGy1kV49xqNP00HfxQA==","POM","1",395,25,100,"nitrogen",55.92,"microgramsPerLiter","Revesz & Coplen 2012a",,
"ea366b95-37d8-4478-bda6-80acdd8cddb0","D06","KING","KING.AOS.reach","2018-03-05","KING.RE.20180305.POM.1",,"condition ok","SIRFER Lab at University of Utah","2018-08-02","ElFtGy1kV49xqNP00HfxQA==","POM","1",395,25,100,"carbon",386.63,"microgramsPerLiter","Revesz & Coplen 2012a",,
"6d7d04b7-0f36-46e1-8765-52fbf204d397","D06","KING","KING.AOS.reach","2018-03-05","KING.RE.20180305.POM.1",,"condition ok","SIRFER Lab at University of Utah","2018-08-02","ElFtGy1kV49xqNP00HfxQA==","POM","1",395,25,100,"d15N",4.50,"perMill","Revesz & Coplen 2012a",,
"640830de-f293-4571-ae34-aae19eed4f8a","D06","KING","KING.AOS.reach","2018-03-07","KING.RE.20180307.POM.1",,"condition ok","SIRFER Lab at University of Utah","2018-08-02","ElFtGy1kV49xqNP00HfxQA==","POM","1",560,25,100,"carbon",189.37,"microgramsPerLiter","Revesz & Coplen 2012a",,
"0ba37e28-c9d9-4df7-9395-f0b97b39eaa2","D06","KING","KING.AOS.reach","2018-03-07","KING.RE.20180307.POM.1",,"condition ok","SIRFER Lab at University of Utah","2018-08-02","ElFtGy1kV49xqNP00HfxQA==","POM","1",560,25,100,"nitrogen",26.14,"microgramsPerLiter","Revesz & Coplen 2012a",,
"3457a573-a565-4cbb-a9cc-14cd77781584","D06","KING","KING.AOS.reach","2018-03-07","KING.RE.20180307.POM.1",,"condition ok","SIRFER Lab at University of Utah","2018-08-02","ElFtGy1kV49xqNP00HfxQA==","POM","1",560,25,100,"d15N",4.47,"perMill","Revesz & Coplen 2012a",,
"a9d02677-6e68-4622-8a6a-7ba01d1e9e2f","D06","KING","KING.AOS.reach","2018-03-07","KING.RE.20180307.POM.1",,"condition ok","SIRFER Lab at University of Utah","2018-08-02","ElFtGy1kV49xqNP00HfxQA==","POM","1",560,25,100,"d13C",-29.77,"perMill","Revesz & Coplen 2012a",,
"d56a7934-3ab9-4b62-98df-72e1e97eb421","D06","KING","KING.AOS.reach","2018-03-28","KING.RE.20180328.POM.1",,"condition ok","SIRFER Lab at University of Utah","2018-08-02","ElFtGy1kV49xqNP00HfxQA==","POM","1",500,25,100,"d15N",4.32,"perMill","Revesz & Coplen 2012a",,
"91659273-1f31-4b31-9ccb-6d4098546399","D06","KING","KING.AOS.reach","2018-03-28","KING.RE.20180328.POM.1",,"condition ok","SIRFER Lab at University of Utah","2018-08-02","ElFtGy1kV49xqNP00HfxQA==","POM","1",500,25,100,"nitrogen",42.63,"microgramsPerLiter","Revesz & Coplen 2012a",,
"5a8d5737-f22d-4dfb-bd3d-3451f32a219e","D06","KING","KING.AOS.reach","2018-03-28","KING.RE.20180328.POM.1",,"condition ok","SIRFER Lab at University of Utah","2018-08-02","ElFtGy1kV49xqNP00HfxQA==","POM","1",500,25,100,"carbon",298.42,"microgramsPerLiter","Revesz & Coplen 2012a",,
"0d99fde3-280f-478e-aff4-409cbc525cd4","D06","KING","KING.AOS.reach","2018-03-28","KING.RE.20180328.POM.1",,"condition ok","SIRFER Lab at University of Utah","2018-08-02","ElFtGy1kV49xqNP00HfxQA==","POM","1",500,25,100,"d13C",-30.63,"perMill","Revesz & Coplen 2012a",,
