uid,domainID,siteID,namedLocation,collectDate,sampleID,sampleCode,sampleCondition,laboratoryName,analysisDate,analyzedBy,sampleType,replicate,sampleVolumeFiltered,filterSize,percentFilterAnalyzed,analyte,analyteConcentration,plantAlgaeLabUnits,method,externalRemarks,externalLabDataQF
"3a50e2eb-9533-4c8b-b087-11d595c7bd1a","D09","PRPO","PRPO.AOS.inlet","2016-01-05","PRPO.IN.20160105.POM.1",,"condition ok","Academy of Natural Sciences of Drexel University","2017-01-31","OKgcKejxXbI=","13C15N","1",,,100,"d15N",2.63,"perMill",,,
"d6a0dafa-b445-4d2c-b824-4843b4151719","D09","PRPO","PRPO.AOS.inlet","2016-01-05","PRPO.IN.20160105.POM.2",,"condition ok","Academy of Natural Sciences of Drexel University","2017-02-13","OKgcKejxXbI=","13C15N","2",,,100,"d15N",3.05,"perMill",,,
"3bce1852-a7d8-441b-8cd6-140d29af3861","D09","PRPO","PRPO.AOS.inlet","2016-01-05","PRPO.IN.20160105.POM.2",,"condition ok","Academy of Natural Sciences of Drexel University","2017-02-13","OKgcKejxXbI=","13C15N","2",,,100,"d13C",-27.97,"perMill",,,
"f9d08c7f-639e-41f3-a48c-2b87ab715398","D09","PRPO","PRPO.AOS.inlet","2016-01-05","PRPO.IN.20160105.POM.1",,"condition ok","Academy of Natural Sciences of Drexel University","2017-01-31","OKgcKejxXbI=","13C15N","1",,,100,"d13C",-26.99,"perMill",,,
"e31fe869-87cc-4c51-a580-21192527445a","D09","PRPO","PRPO.AOS.buoy.c0","2016-01-05","PRPO.C0.20160105.POM.2",,"condition ok","Academy of Natural Sciences of Drexel University","2017-02-13","OKgcKejxXbI=","13C15N","2",,,100,"d13C",-27.64,"perMill",,,
"07b5ed7b-8f4d-4478-96d2-daa3f490e3f8","D09","PRPO","PRPO.AOS.buoy.c0","2016-01-05","PRPO.C0.20160105.POM.1",,"condition ok","Academy of Natural Sciences of Drexel University","2017-01-31","OKgcKejxXbI=","13C15N","1",,,100,"d13C",-30.21,"perMill",,,
"0b5ac059-cfce-4231-ad50-6137b398b2a1","D09","PRPO","PRPO.AOS.buoy.c0","2016-01-05","PRPO.C0.20160105.POM.2",,"condition ok","Academy of Natural Sciences of Drexel University","2017-02-13","OKgcKejxXbI=","13C15N","2",,,100,"d15N",2.09,"perMill",,,
"affe44a3-59a9-4958-9c34-d092b9b812e4","D09","PRPO","PRPO.AOS.buoy.c0","2016-01-05","PRPO.C0.20160105.POM.1",,"condition ok","Academy of Natural Sciences of Drexel University","2017-01-31","OKgcKejxXbI=","13C15N","1",,,100,"d15N",2.90,"perMill",,,
"cdc439d3-a43c-43a3-a60e-9e6a0cd0a17f","D09","PRPO","PRPO.AOS.outlet","2016-01-05","PRPO.OT.20160105.POM.1",,"condition ok","Academy of Natural Sciences of Drexel University","2017-01-31","OKgcKejxXbI=","13C15N","1",,,100,"d15N",1.75,"perMill",,,
"04fa3bb9-11a8-4b15-a6af-f5d98d4b295c","D09","PRPO","PRPO.AOS.outlet","2016-01-05","PRPO.OT.20160105.POM.1",,"condition ok","Academy of Natural Sciences of Drexel University","2017-01-31","OKgcKejxXbI=","13C15N","1",,,100,"d13C",-28.77,"perMill",,,
"e7852299-ff22-4770-a5e9-83cb90bd3b7f","D09","PRPO","PRPO.AOS.outlet","2016-01-05","PRPO.OT.20160105.POM.2",,"condition ok","Academy of Natural Sciences of Drexel University","2017-02-13","OKgcKejxXbI=","13C15N","2",,,100,"d15N",2.24,"perMill",,,
"8949f9f5-6b4f-4137-840b-231e43970baf","D09","PRPO","PRPO.AOS.outlet","2016-01-05","PRPO.OT.20160105.POM.2",,"condition ok","Academy of Natural Sciences of Drexel University","2017-02-13","OKgcKejxXbI=","13C15N","2",,,100,"d13C",-28.06,"perMill",,,
