uid,domainID,siteID,namedLocation,collectDate,sampleID,sampleCode,sampleCondition,laboratoryName,analysisDate,analyzedBy,sampleType,replicate,sampleVolumeFiltered,filterSize,percentFilterAnalyzed,analyte,analyteConcentration,plantAlgaeLabUnits,method,externalRemarks,externalLabDataQF
"b57db2b6-257a-47a5-9c6a-3214ff8f2928","D13","COMO","COMO.AOS.S2","2016-11-08","COMO.SS.20161108.POM.1",,"condition ok","Academy of Natural Sciences of Drexel University","2017-04-12","OKgcKejxXbI=","13C15N","1",,,100,"d15N",3.69,"perMill",,,
"e1f873cc-6ce8-4157-882b-43b5f5584fd5","D13","COMO","COMO.AOS.S2","2016-11-08","COMO.SS.20161108.POM.2",,"other","Academy of Natural Sciences of Drexel University","2017-06-14","OKgcKejxXbI=","13C15N","2",,,100,"d13C",,"perMill",,"analysis corrupted during run",
"dab640bb-96af-4852-873c-dce5014f4cea","D13","COMO","COMO.AOS.S2","2016-11-08","COMO.SS.20161108.POM.2",,"other","Academy of Natural Sciences of Drexel University","2017-06-14","OKgcKejxXbI=","13C15N","2",,,100,"d15N",,"perMill",,"analysis corrupted during run",
"94f0e0d1-9ba4-4dd8-817a-16495b09ae4b","D13","COMO","COMO.AOS.S2","2016-11-08","COMO.SS.20161108.POM.1",,"condition ok","Academy of Natural Sciences of Drexel University","2017-04-12","OKgcKejxXbI=","13C15N","1",,,100,"d13C",-26.79,"perMill",,,
