uid,domainID,siteID,namedLocation,collectDate,sampleID,sampleCode,sampleCondition,laboratoryName,analysisDate,analyzedBy,sampleType,replicate,sampleVolumeFiltered,filterSize,percentFilterAnalyzed,analyte,analyteConcentration,plantAlgaeLabUnits,method,externalRemarks,externalLabDataQF
"8acc6ec8-9afe-466c-a0e9-1a7057347aac","D15","REDB","REDB.AOS.S2","2017-12-05","REDB.SS.20171205.POM.1",,"condition ok","SIRFER Lab at University of Utah","2018-07-19","ElFtGy1kV49xqNP00HfxQA==","POM","1",205,25,100,"d15N",1.77,"perMill","Revesz & Coplen 2012a",,
"76161c6c-ec15-4c1b-aae6-6a01f0bbc0d1","D15","REDB","REDB.AOS.S2","2017-12-05","REDB.SS.20171205.POM.1",,"condition ok","SIRFER Lab at University of Utah","2018-07-19","ElFtGy1kV49xqNP00HfxQA==","POM","1",205,25,100,"carbon",728.55,"microgramsPerLiter","Revesz & Coplen 2012a",,
"dc3f4ce4-953b-48dc-b526-00d1220ea6a2","D15","REDB","REDB.AOS.S2","2017-12-05","REDB.SS.20171205.POM.1",,"condition ok","SIRFER Lab at University of Utah","2018-07-19","ElFtGy1kV49xqNP00HfxQA==","POM","1",205,25,100,"d13C",-23.24,"perMill","Revesz & Coplen 2012a",,
"a03919fc-bfad-43dd-99f4-8aaa3a7d929a","D15","REDB","REDB.AOS.S2","2017-12-05","REDB.SS.20171205.POM.1",,"condition ok","SIRFER Lab at University of Utah","2018-07-19","ElFtGy1kV49xqNP00HfxQA==","POM","1",205,25,100,"nitrogen",27.44,"microgramsPerLiter","Revesz & Coplen 2012a",,
