uid,domainID,siteID,namedLocation,collectDate,sampleID,sampleCode,sampleCondition,laboratoryName,analysisDate,analyzedBy,sampleType,replicate,sampleVolumeFiltered,filterSize,percentFilterAnalyzed,analyte,analyteConcentration,plantAlgaeLabUnits,method,externalRemarks,externalLabDataQF
"3c7bbba3-4f1a-42ba-a1c6-1e6242f1606b","D03","SUGG","SUGG.AOS.buoy.c0","2015-12-28","SUGG.C0.20151228.POM.2",,"condition ok","Academy of Natural Sciences of Drexel University","2017-01-17","OKgcKejxXbI=","13C15N","2",,,100,"d13C",-29.96,"perMill",,,
"6b9c3db0-090a-48ad-91c1-58c0527767be","D03","SUGG","SUGG.AOS.buoy.c0","2015-12-28","SUGG.C0.20151228.POM.1",,"condition ok","Academy of Natural Sciences of Drexel University","2016-09-13","OKgcKejxXbI=","13C15N","1",,,100,"d13C",-29.57,"perMill",,,
"c57e5510-6a86-41cf-815e-db4745baab09","D03","SUGG","SUGG.AOS.inlet","2015-12-28","SUGG.IN.20151228.POM.2",,"condition ok","Academy of Natural Sciences of Drexel University","2017-01-17","OKgcKejxXbI=","13C15N","2",,,100,"d13C",-29.84,"perMill",,,
"9a735c2c-de45-465b-bef7-d4ea90253060","D03","SUGG","SUGG.AOS.outlet","2015-12-28","SUGG.OT.20151228.POM.1",,"condition ok","Academy of Natural Sciences of Drexel University","2016-09-13","OKgcKejxXbI=","13C15N","1",,,100,"d15N",3.96,"perMill",,,
"521c4a63-bcfd-427e-8b37-dbe1d27c0463","D03","SUGG","SUGG.AOS.outlet","2015-12-28","SUGG.OT.20151228.POM.1",,"condition ok","Academy of Natural Sciences of Drexel University","2016-09-13","OKgcKejxXbI=","13C15N","1",,,100,"d13C",-30.40,"perMill",,,
"1507473f-7bb8-48f0-b0c9-b4c8cd8a41fd","D03","SUGG","SUGG.AOS.buoy.c0","2015-12-28","SUGG.C0.20151228.POM.2",,"condition ok","Academy of Natural Sciences of Drexel University","2017-01-17","OKgcKejxXbI=","13C15N","2",,,100,"d15N",1.99,"perMill",,,
"7656ecc0-1358-4a9b-8238-82a9256df298","D03","SUGG","SUGG.AOS.outlet","2015-12-28","SUGG.OT.20151228.POM.2",,"condition ok","Academy of Natural Sciences of Drexel University","2017-01-17","OKgcKejxXbI=","13C15N","2",,,100,"d13C",-29.21,"perMill",,,
"3ebce3d7-d50d-4a88-b270-1da18905e1f6","D03","SUGG","SUGG.AOS.buoy.c0","2015-12-28","SUGG.C0.20151228.POM.1",,"condition ok","Academy of Natural Sciences of Drexel University","2016-09-13","OKgcKejxXbI=","13C15N","1",,,100,"d15N",2.61,"perMill",,,
"2a878c8d-d59c-458e-a8a6-9a5976e4eb12","D03","SUGG","SUGG.AOS.inlet","2015-12-28","SUGG.IN.20151228.POM.1",,"condition ok","Academy of Natural Sciences of Drexel University","2016-09-13","OKgcKejxXbI=","13C15N","1",,,100,"d15N",3.84,"perMill",,,
"62932e2b-f4ab-4433-b69c-5c54f9adebb0","D03","SUGG","SUGG.AOS.inlet","2015-12-28","SUGG.IN.20151228.POM.1",,"condition ok","Academy of Natural Sciences of Drexel University","2016-09-13","OKgcKejxXbI=","13C15N","1",,,100,"d13C",-30.55,"perMill",,,
"23524eb8-0cb6-4e6f-9142-971dd8442927","D03","SUGG","SUGG.AOS.inlet","2015-12-28","SUGG.IN.20151228.POM.2",,"condition ok","Academy of Natural Sciences of Drexel University","2017-01-17","OKgcKejxXbI=","13C15N","2",,,100,"d15N",2.61,"perMill",,,
"cd6b20db-2737-4cb7-9290-b7be46fb8b65","D03","SUGG","SUGG.AOS.outlet","2015-12-28","SUGG.OT.20151228.POM.2",,"other","Academy of Natural Sciences of Drexel University","2017-01-17","OKgcKejxXbI=","13C15N","2",,,100,"d15N",,"perMill",,"not enough sample for analysis",
