uid,domainID,siteID,namedLocation,collectDate,sampleID,sampleCode,sampleCondition,laboratoryName,analysisDate,analyzedBy,sampleType,replicate,sampleVolumeFiltered,filterSize,percentFilterAnalyzed,analyte,analyteConcentration,plantAlgaeLabUnits,method,externalRemarks,externalLabDataQF
"e7bab49d-cdff-4dc0-9a97-16af680a0bf3","D04","CUPE","CUPE.AOS.S2","2018-06-13","CUPE.SS.20180613.POM.1","A00000006883","condition ok","SIRFER Lab at University of Utah","2018-09-12","ElFtGy1kV49xqNP00HfxQA==","POM","1",1250,25,100,"d13C",-27.92,"perMill","Revesz & Coplen 2012a",,
"ab346c0e-ed10-4da2-891c-af62b3a63fd0","D04","CUPE","CUPE.AOS.S2","2018-06-13","CUPE.SS.20180613.POM.1","A00000006883","condition ok","SIRFER Lab at University of Utah","2018-09-12","ElFtGy1kV49xqNP00HfxQA==","POM","1",1250,25,100,"nitrogen",13.48,"microgramsPerLiter","Revesz & Coplen 2012a",,
"c5ecdf99-9f0a-4666-ac99-ff4b18a6e93d","D04","CUPE","CUPE.AOS.S2","2018-06-13","CUPE.SS.20180613.POM.1","A00000006883","condition ok","SIRFER Lab at University of Utah","2018-09-12","ElFtGy1kV49xqNP00HfxQA==","POM","1",1250,25,100,"d15N",1.71,"perMill","Revesz & Coplen 2012a",,
"930ffb88-f979-4518-99c8-0b1a1e0b551f","D04","CUPE","CUPE.AOS.S2","2018-06-13","CUPE.SS.20180613.POM.1","A00000006883","condition ok","SIRFER Lab at University of Utah","2018-09-12","ElFtGy1kV49xqNP00HfxQA==","POM","1",1250,25,100,"carbon",147.79,"microgramsPerLiter","Revesz & Coplen 2012a",,
"e45a139e-3537-4665-acca-5b5d3d6b8de0","D04","CUPE","CUPE.AOS.S2","2018-06-20","CUPE.SS.20180620.POM.1","A00000006986","condition ok","SIRFER Lab at University of Utah","2018-09-12","ElFtGy1kV49xqNP00HfxQA==","POM","1",1250,25,100,"nitrogen",3.72,"microgramsPerLiter","Revesz & Coplen 2012a",,
"4f17d653-57c1-4488-a2c5-86e72c3883d4","D04","CUPE","CUPE.AOS.S2","2018-06-20","CUPE.SS.20180620.POM.1","A00000006986","condition ok","SIRFER Lab at University of Utah","2018-09-12","ElFtGy1kV49xqNP00HfxQA==","POM","1",1250,25,100,"carbon",14.64,"microgramsPerLiter","Revesz & Coplen 2012a",,
"9bbc1615-cf76-4af6-9ada-cdbf3455e562","D04","CUPE","CUPE.AOS.S2","2018-06-20","CUPE.SS.20180620.POM.1","A00000006986","condition ok","SIRFER Lab at University of Utah","2018-09-12","ElFtGy1kV49xqNP00HfxQA==","POM","1",1250,25,100,"d15N",-0.40,"perMill","Revesz & Coplen 2012a",,
"501d3cbc-e23d-42e8-8290-ecbee3882a9e","D04","CUPE","CUPE.AOS.S2","2018-06-20","CUPE.SS.20180620.POM.1","A00000006986","condition ok","SIRFER Lab at University of Utah","2018-09-12","ElFtGy1kV49xqNP00HfxQA==","POM","1",1250,25,100,"d13C",-25.44,"perMill","Revesz & Coplen 2012a",,
