uid,domainID,siteID,namedLocation,collectDate,sampleID,sampleCode,sampleCondition,laboratoryName,analysisDate,analyzedBy,sampleType,replicate,sampleVolumeFiltered,filterSize,percentFilterAnalyzed,analyte,analyteConcentration,plantAlgaeLabUnits,method,externalRemarks,externalLabDataQF
"fa8ecdf1-e606-4946-95b6-ddb0e769654b","D01","HOPB","HOPB.AOS.S2","2018-01-25","HOPB.SS.20180125.POM.1",,"condition ok","SIRFER Lab at University of Utah","2018-07-23","ElFtGy1kV49xqNP00HfxQA==","POM","1",750,25,100,"carbon",270.34,"microgramsPerLiter","Revesz & Coplen 2012a",,
"7d1717f6-0375-4957-af7e-8a2dfcfb7ccf","D01","HOPB","HOPB.AOS.S2","2018-01-25","HOPB.SS.20180125.POM.1",,"condition ok","SIRFER Lab at University of Utah","2018-07-23","ElFtGy1kV49xqNP00HfxQA==","POM","1",750,25,100,"d15N",0.51,"perMill","Revesz & Coplen 2012a",,
"8e1570b6-922b-49d0-9ed7-d2f91ad6c5dc","D01","HOPB","HOPB.AOS.S2","2018-01-25","HOPB.SS.20180125.POM.1",,"condition ok","SIRFER Lab at University of Utah","2018-07-23","ElFtGy1kV49xqNP00HfxQA==","POM","1",750,25,100,"d13C",-27.68,"perMill","Revesz & Coplen 2012a",,
"5d8eb61a-0359-4d8f-a215-a94765932984","D01","HOPB","HOPB.AOS.S2","2018-01-25","HOPB.SS.20180125.POM.1",,"condition ok","SIRFER Lab at University of Utah","2018-07-23","ElFtGy1kV49xqNP00HfxQA==","POM","1",750,25,100,"nitrogen",23.78,"microgramsPerLiter","Revesz & Coplen 2012a",,
