uid,domainID,siteID,namedLocation,collectDate,analysisDate,isotopeH2OSampleID,isotopeH2OSampleCode,instrumentSN,d18OWater,d2HWater,d18OsdWater,d2HsdWater,isotopeH2OExternalLabQF,laboratoryName,analyzedBy,sampleCondition,externalRemarks,externalLabDataQF
"d5e29120-8166-44a3-86db-199aac5c4162","D13","COMO","COMO.AOS.S2","2016-07-06","2016-09-22","COMO.SS.20160706.H2O.1",,"HIDS2052",-17.10,-125.58,0.01,0.07,0,"SIRFER Lab at University of Utah","OlSmE6RRn5QQH8tvUHmK5i/poYiQr6sd","OK",,
"4be451de-b6d4-4a72-a9f7-1b8372eb7f44","D13","COMO","COMO.AOS.S2","2016-07-08","2016-09-22","COMO.SS.20160708.H2O.1",,"HIDS2052",-17.06,-125.67,0.02,0.12,0,"SIRFER Lab at University of Utah","OlSmE6RRn5QQH8tvUHmK5i/poYiQr6sd","OK",,
"097e1001-8d13-4dfd-9bf1-aae7cc8eea3b","D13","COMO","COMO.AOS.S2","2016-07-13","2016-09-22","COMO.SS.20160713.H2O.1",,"HIDS2052",-16.80,-125.17,0.06,0.25,0,"SIRFER Lab at University of Utah","OlSmE6RRn5QQH8tvUHmK5i/poYiQr6sd","OK",,
"ad6224f7-ab17-4d70-9029-c1c3b136b169","D13","COMO","COMO.AOS.S2","2016-07-21","2016-10-06","COMO.SS.20160721.H2O.1",,"HIDS2052",-16.98,-124.87,0.05,0.07,0,"SIRFER Lab at University of Utah","OlSmE6RRn5QQH8tvUHmK5i/poYiQr6sd","OK","All are lower case ss and w in the electronic sample ids but vials have Capital SS and W. Neon said it should be lower case.",
"5f45ee69-3cf8-4010-a863-922d78958202","D13","COMO","COMO.AOS.S2","2016-07-25","2016-10-06","COMO.SS.20160725.H2O.1",,"HIDS2052",-16.94,-124.65,0.05,0.14,0,"SIRFER Lab at University of Utah","OlSmE6RRn5QQH8tvUHmK5i/poYiQr6sd","OK","All are lower case ss and w in the electronic sample ids but vials have Capital SS and W. Neon said it should be lower case.",
