uid,domainID,siteID,namedLocation,decimalLatitude,decimalLongitude,coordinateUncertainty,additionalCoordUncertainty,elevation,elevationUncertainty,geodeticDatum,altLocation,altLatitude,altLongitude,altCoordinateUncertainty,altGeodeticDatum,collectDate,aquaticSiteType,samplingImpractical,parentSampleID,parentSampleCode,eventID,samplerType,dissolvedOxygen,dissolvedOxygenSaturation,specificConductance,waterTemp,asiSamplingProtocolVersion,lowerSegmentDepth,upperSegmentDepth,maxDepth,lakeSampleDepth1,lakeSampleDepth2,aCollectedBy,bCollectedBy,remarks,fieldDataQF
"3d4ca43c-40be-498e-be84-edba7f40eb86","D13","COMO","COMO.AOS.S2",40.034953,-105.544407,0.1,10.0,3022.5,0.0,"WGS84",,,,,,"2016-07-06T15:34Z","stream",,"COMO.SS.20160706",,"COMO.20160706","Grab",8.43,100.90,20.90,7.50,"NEON.DOC.001886vD",,,,,,"dmonahan@neoninc.org","hschartel@neoninc.org",,
"690652ed-b5bc-4bca-8f26-003932f1e0e2","D13","COMO","COMO.AOS.S2",40.034953,-105.544407,0.1,10.0,3022.5,0.0,"WGS84",,,,,,"2016-07-08T15:34Z","stream",,"COMO.SS.20160708",,"COMO.20160708","Grab",7.76,93.20,20.80,7.90,"NEON.DOC.001886vD",,,,,,"bnance@field-ops.org","jjensen@field-ops.org",,
"87c0cc98-7510-4652-859f-539c87a3e67b","D13","COMO","COMO.AOS.S2",40.034953,-105.544407,0.1,10.0,3022.5,0.0,"WGS84",,,,,,"2016-07-13T17:38Z","stream",,"COMO.SS.20160713",,"COMO.20160713","Grab",7.44,89.80,25.00,9.00,"NEON.DOC.001886vD",,,,,,"bnance@field-ops.org","jjensen@field-ops.org",,
"9f9767f1-d98a-48f0-8bc4-2252929a85c1","D13","COMO","COMO.AOS.S2",40.034953,-105.544407,0.1,10.0,3022.5,0.0,"WGS84",,,,,,"2016-07-21T15:57Z","stream",,"COMO.SS.20160721",,"COMO.20160721","Grab",8.56,105.50,19.40,9.50,"NEON.DOC.001886vD",,,,,,"bnance@field-ops.org","rshowalter@field-ops.org",,
"427f10fe-da49-4d81-8a1a-ebc9e0280510","D13","COMO","COMO.AOS.S2",40.034953,-105.544407,0.1,10.0,3022.5,0.0,"WGS84",,,,,,"2016-07-25T15:57Z","stream",,"COMO.SS.20160725",,"COMO.20160725","Grab",8.11,97.60,31.80,8.30,"NEON.DOC.001886vD",,,,,,"bnance@field-ops.org","rshowalter@field-ops.org",,
