uid,domainID,siteID,namedLocation,collectDate,sampleID,sampleCode,sampleCondition,laboratoryName,analysisDate,analyzedBy,sampleType,replicate,sampleVolumeFiltered,filterSize,percentFilterAnalyzed,analyte,analyteConcentration,plantAlgaeLabUnits,method,externalRemarks,externalLabDataQF
"04e8f908-a866-4c03-94c4-5cce2a0f2356","D13","COMO","COMO.AOS.S2","2016-07-06","COMO.SS.20160706.POM.1",,"condition ok","Academy of Natural Sciences of Drexel University","2017-02-10","OKgcKejxXbI=","13C15N","1",,,100,"d15N",3.41,"perMill",,,
"4301bf40-ae1a-45fb-855d-f70010c5b422","D13","COMO","COMO.AOS.S2","2016-07-06","COMO.SS.20160706.POM.2",,"condition ok","Academy of Natural Sciences of Drexel University","2017-02-22","OKgcKejxXbI=","13C15N","2",,,100,"d13C",-25.92,"perMill",,,
"3e6f8aa3-2e67-4c9f-b2d7-97f51671e4ba","D13","COMO","COMO.AOS.S2","2016-07-06","COMO.SS.20160706.POM.1",,"condition ok","Academy of Natural Sciences of Drexel University","2017-02-10","OKgcKejxXbI=","13C15N","1",,,100,"d13C",-25.17,"perMill",,,
"c7eaef7e-3c8d-4b19-9851-f8329ceb8cbf","D13","COMO","COMO.AOS.S2","2016-07-06","COMO.SS.20160706.POM.2",,"condition ok","Academy of Natural Sciences of Drexel University","2017-02-22","OKgcKejxXbI=","13C15N","2",,,100,"d15N",5.25,"perMill",,,
"35445911-b14a-499d-86b2-a72880670fd5","D13","COMO","COMO.AOS.S2","2016-07-08","COMO.SS.20160708.POM.2",,"condition ok","Academy of Natural Sciences of Drexel University","2017-02-22","OKgcKejxXbI=","13C15N","2",,,100,"d13C",-25.51,"perMill",,,
"072a4ba9-4252-4a9b-b550-a7208b1daa0f","D13","COMO","COMO.AOS.S2","2016-07-08","COMO.SS.20160708.POM.2",,"condition ok","Academy of Natural Sciences of Drexel University","2017-02-22","OKgcKejxXbI=","13C15N","2",,,100,"d15N",4.54,"perMill",,,
"1338bfeb-4fb8-4575-81c0-3ff251cb2ab1","D13","COMO","COMO.AOS.S2","2016-07-08","COMO.SS.20160708.POM.1",,"condition ok","Academy of Natural Sciences of Drexel University","2017-02-10","OKgcKejxXbI=","13C15N","1",,,100,"d15N",3.51,"perMill",,,
"fda9f321-53c0-430c-b6e4-6ecc6627eb9f","D13","COMO","COMO.AOS.S2","2016-07-08","COMO.SS.20160708.POM.1",,"condition ok","Academy of Natural Sciences of Drexel University","2017-02-10","OKgcKejxXbI=","13C15N","1",,,100,"d13C",-25.85,"perMill",,,
"d08065bd-9894-4b94-9642-62541cc3fee5","D13","COMO","COMO.AOS.S2","2016-07-13","COMO.SS.20160713.POM.2",,"condition ok","Academy of Natural Sciences of Drexel University","2017-02-22","OKgcKejxXbI=","13C15N","2",,,100,"d13C",-26.38,"perMill",,,
"64e86b3c-65ee-41ea-8724-c5314ba9d54e","D13","COMO","COMO.AOS.S2","2016-07-13","COMO.SS.20160713.POM.2",,"condition ok","Academy of Natural Sciences of Drexel University","2017-02-22","OKgcKejxXbI=","13C15N","2",,,100,"d15N",3.86,"perMill",,,
"e1fdfe87-4ed8-4a0f-a404-64601574d74a","D13","COMO","COMO.AOS.S2","2016-07-13","COMO.SS.20160713.POM.1",,"condition ok","Academy of Natural Sciences of Drexel University","2017-02-10","OKgcKejxXbI=","13C15N","1",,,100,"d13C",-25.89,"perMill",,,
"37c40f59-d021-4768-9a98-376d65b3d2ff","D13","COMO","COMO.AOS.S2","2016-07-13","COMO.SS.20160713.POM.1",,"condition ok","Academy of Natural Sciences of Drexel University","2017-02-10","OKgcKejxXbI=","13C15N","1",,,100,"d15N",2.91,"perMill",,,
"5816fab9-ac09-4bac-a099-4802fa07f8a9","D13","COMO","COMO.AOS.S2","2016-07-21","COMO.SS.20160721.POM.1",,"condition ok","Academy of Natural Sciences of Drexel University","2017-02-10","OKgcKejxXbI=","13C15N","1",,,100,"d13C",-26.00,"perMill",,,
"8955a04a-0053-4d50-a842-3c91ff28f752","D13","COMO","COMO.AOS.S2","2016-07-21","COMO.SS.20160721.POM.2",,"condition ok","Academy of Natural Sciences of Drexel University","2017-02-22","OKgcKejxXbI=","13C15N","2",,,100,"d13C",-26.23,"perMill",,,
"8ac4f491-49dd-419a-a358-50847a464ee2","D13","COMO","COMO.AOS.S2","2016-07-21","COMO.SS.20160721.POM.2",,"condition ok","Academy of Natural Sciences of Drexel University","2017-02-22","OKgcKejxXbI=","13C15N","2",,,100,"d15N",6.32,"perMill",,,
"ec8798ef-3bc8-489e-b072-672753060857","D13","COMO","COMO.AOS.S2","2016-07-21","COMO.SS.20160721.POM.1",,"condition ok","Academy of Natural Sciences of Drexel University","2017-02-10","OKgcKejxXbI=","13C15N","1",,,100,"d15N",3.72,"perMill",,,
"d97f954a-5f04-4c54-99bb-616126fda09b","D13","COMO","COMO.AOS.S2","2016-07-25","COMO.SS.20160725.POM.1",,"condition ok","Academy of Natural Sciences of Drexel University","2017-02-10","OKgcKejxXbI=","13C15N","1",,,100,"d15N",2.85,"perMill",,,
"7104a894-cb1c-45b6-a10b-0c15e3071ccc","D13","COMO","COMO.AOS.S2","2016-07-25","COMO.SS.20160725.POM.2",,"condition ok","Academy of Natural Sciences of Drexel University","2017-02-22","OKgcKejxXbI=","13C15N","2",,,100,"d15N",4.14,"perMill",,,
"194e103b-f08b-4b59-9772-5517b793b518","D13","COMO","COMO.AOS.S2","2016-07-25","COMO.SS.20160725.POM.2",,"condition ok","Academy of Natural Sciences of Drexel University","2017-02-22","OKgcKejxXbI=","13C15N","2",,,100,"d13C",-27.02,"perMill",,,
"18c682b8-396d-4a85-832a-4389bfa6d513","D13","COMO","COMO.AOS.S2","2016-07-25","COMO.SS.20160725.POM.1",,"condition ok","Academy of Natural Sciences of Drexel University","2017-02-10","OKgcKejxXbI=","13C15N","1",,,100,"d13C",-25.57,"perMill",,,
