uid,domainID,siteID,namedLocation,collectDate,parentSampleID,parentSampleCode,isotopeH2OSampleCond,isotopeH2OSampleID,isotopeH2OSampleCode,isotopePOMRep2SampleCond,isotopePOMRep2SampleID,isotopePOMRep2SampleCode,isotopePOMSampleCond,isotopePOMSampleID,isotopePOMSampleCode,processedDateFilters,processedDateH2OIsotopes,sampleVolumeFilteredPOMRep1,sampleVolumeFilteredPOMRep2,fieldDataQF
"149c7957-f9dd-4ff2-bda1-dd76f9bad27b","D13","COMO","COMO.AOS.S2","2016-07-06T15:34Z","COMO.SS.20160706",,,"COMO.SS.20160706.H2O.1",,,"COMO.SS.20160706.POM.2",,,"COMO.SS.20160706.POM.1",,"2016-07-06T17:26Z","2016-07-06T17:26Z",600,600,
"a672c519-29eb-41bf-baf3-fc1b2ad80bbe","D13","COMO","COMO.AOS.S2","2016-07-08T15:34Z","COMO.SS.20160708",,,"COMO.SS.20160708.H2O.1",,,"COMO.SS.20160708.POM.2",,,"COMO.SS.20160708.POM.1",,"2016-07-08T17:17Z","2016-07-08T17:17Z",600,600,
"ee2c90b8-ea70-4b84-b7d2-29a03df17ef1","D13","COMO","COMO.AOS.S2","2016-07-13T17:38Z","COMO.SS.20160713",,,"COMO.SS.20160713.H2O.1",,,"COMO.SS.20160713.POM.2",,,"COMO.SS.20160713.POM.1",,"2016-07-13T19:45Z","2016-07-13T17:28Z",600,600,
"822ba71c-5d69-4eaf-9e2b-2584cc326087","D13","COMO","COMO.AOS.S2","2016-07-21T15:57Z","COMO.SS.20160721",,,"COMO.SS.20160721.H2O.1",,,"COMO.SS.20160721.POM.2",,,"COMO.SS.20160721.POM.1",,"2016-07-21T18:05Z","2016-07-21T18:05Z",500,500,
"f341a20e-7b60-46c9-a2f6-100f526dcc9b","D13","COMO","COMO.AOS.S2","2016-07-25T15:57Z","COMO.SS.20160725",,,"COMO.SS.20160725.H2O.1",,,"COMO.SS.20160725.POM.2",,,"COMO.SS.20160725.POM.1",,"2016-07-25T18:06Z","2016-07-25T15:57Z",650,650,
