uid,domainID,siteID,namedLocation,collectDate,sampleID,sampleCode,sampleCondition,laboratoryName,analysisDate,analyzedBy,sampleType,replicate,sampleVolumeFiltered,filterSize,percentFilterAnalyzed,analyte,analyteConcentration,plantAlgaeLabUnits,method,externalRemarks,externalLabDataQF
"abd66796-2b90-4c15-bf7e-fcbf739e8109","D06","KING","KING.AOS.S2","2015-11-02","KING.SS.20151102.POM.1",,"other","Academy of Natural Sciences of Drexel University","2017-02-10","OKgcKejxXbI=","13C15N","1",200,,100,"d13C",-21.61,"perMill",,"poor filter folding, sample loss",
"50f78e55-fc10-4e0f-b725-5b5b51deca11","D06","KING","KING.AOS.S2","2015-11-02","KING.SS.20151102.POM.1",,"other","Academy of Natural Sciences of Drexel University","2017-02-10","OKgcKejxXbI=","13C15N","1",200,,100,"d15N",2.01,"perMill",,"poor filter folding, sample loss",
"7a3b8f7e-637b-4dc4-b66d-3e6fadeb0e14","D06","KING","KING.AOS.S2","2015-11-02","KING.SS.20151102.POM.2",,"other","Academy of Natural Sciences of Drexel University","2017-05-10","OKgcKejxXbI=","13C15N","2",200,,100,"d13C",-22.07,"perMill",,"poor filter folding, sample loss",
"0677e6e0-6125-4273-953c-bfe1a1b1f83c","D06","KING","KING.AOS.S2","2015-11-02","KING.SS.20151102.POM.2",,"other","Academy of Natural Sciences of Drexel University","2017-05-10","OKgcKejxXbI=","13C15N","2",200,,100,"d15N",5.78,"perMill",,"poor filter folding, sample loss",
