uid,domainID,siteID,namedLocation,collectDate,sampleID,sampleCode,sampleCondition,laboratoryName,analysisDate,analyzedBy,sampleType,replicate,sampleVolumeFiltered,filterSize,percentFilterAnalyzed,analyte,analyteConcentration,plantAlgaeLabUnits,method,externalRemarks,externalLabDataQF
"764c0d6c-85c5-47d1-ba4e-ce449e0ebae9","D16","MCRA","MCRA.AOS.S2","2017-11-14","MCRA.SS.20171114.POM.1",,"condition ok","SIRFER Lab at University of Utah","2018-07-26","ElFtGy1kV49xqNP00HfxQA==","POM","1",1500,25,100,"nitrogen",3.24,"microgramsPerLiter","Revesz & Coplen 2012a",,
"a5a9a4c9-a7db-4457-a92d-b646970c063c","D16","MCRA","MCRA.AOS.S2","2017-11-14","MCRA.SS.20171114.POM.1",,"condition ok","SIRFER Lab at University of Utah","2018-07-26","ElFtGy1kV49xqNP00HfxQA==","POM","1",1500,25,100,"d15N",2.48,"perMill","Revesz & Coplen 2012a",,
"73c8fa3c-c6a0-4660-b5eb-b6f0f87de5d6","D16","MCRA","MCRA.AOS.S2","2017-11-14","MCRA.SS.20171114.POM.1",,"condition ok","SIRFER Lab at University of Utah","2018-07-26","ElFtGy1kV49xqNP00HfxQA==","POM","1",1500,25,100,"d13C",-26.42,"perMill","Revesz & Coplen 2012a",,
"342924f2-00f7-41f3-80c9-3803d4229ffa","D16","MCRA","MCRA.AOS.S2","2017-11-14","MCRA.SS.20171114.POM.1",,"condition ok","SIRFER Lab at University of Utah","2018-07-26","ElFtGy1kV49xqNP00HfxQA==","POM","1",1500,25,100,"carbon",54.97,"microgramsPerLiter","Revesz & Coplen 2012a",,
"6859871a-976d-4153-ad1d-997d09702f90","D16","MCRA","MCRA.AOS.S2","2017-11-28","MCRA.SS.20171128.POM.1",,"condition ok","SIRFER Lab at University of Utah","2018-07-26","ElFtGy1kV49xqNP00HfxQA==","POM","1",1500,25,100,"carbon",80.25,"microgramsPerLiter","Revesz & Coplen 2012a",,
"8198d90d-35bd-4f79-871a-93ee4161bb32","D16","MCRA","MCRA.AOS.S2","2017-11-28","MCRA.SS.20171128.POM.1",,"condition ok","SIRFER Lab at University of Utah","2018-07-26","ElFtGy1kV49xqNP00HfxQA==","POM","1",1500,25,100,"d15N",2.74,"perMill","Revesz & Coplen 2012a",,
"6c0437a9-13b2-4768-acfa-b50d375fa422","D16","MCRA","MCRA.AOS.S2","2017-11-28","MCRA.SS.20171128.POM.1",,"condition ok","SIRFER Lab at University of Utah","2018-07-26","ElFtGy1kV49xqNP00HfxQA==","POM","1",1500,25,100,"nitrogen",4.17,"microgramsPerLiter","Revesz & Coplen 2012a",,
"ec143a87-3f9e-46b7-911d-d51de6b0be7e","D16","MCRA","MCRA.AOS.S2","2017-11-28","MCRA.SS.20171128.POM.1",,"condition ok","SIRFER Lab at University of Utah","2018-07-26","ElFtGy1kV49xqNP00HfxQA==","POM","1",1500,25,100,"d13C",-26.39,"perMill","Revesz & Coplen 2012a",,
