uid,domainID,siteID,namedLocation,collectDate,sampleID,sampleCode,sampleCondition,laboratoryName,analysisDate,analyzedBy,sampleType,replicate,sampleVolumeFiltered,filterSize,percentFilterAnalyzed,analyte,analyteConcentration,plantAlgaeLabUnits,method,externalRemarks,externalLabDataQF
"506153f3-b34f-4146-88ea-f6b6c1739f61","D10","ARIK","ARIK.AOS.S2","2019-01-21","ARIK.SS.20190121.POM.1","A00000051456","condition ok","SIRFER Lab at University of Utah","2019-04-23","ElFtGy1kV49xqNP00HfxQA==","POM","1",750,25,100,"d15N",4.61,"perMill","Revesz & Coplen 2012a",,
"6e51ec8b-c10e-437a-a70b-a87419c6764e","D10","ARIK","ARIK.AOS.S2","2019-01-21","ARIK.SS.20190121.POM.1","A00000051456","condition ok","SIRFER Lab at University of Utah","2019-04-23","ElFtGy1kV49xqNP00HfxQA==","POM","1",750,25,100,"nitrogen",28.85,"microgramsPerLiter","Revesz & Coplen 2012a",,
"a09ea145-6b18-40f2-8f37-818bcbdfbaff","D10","ARIK","ARIK.AOS.S2","2019-01-21","ARIK.SS.20190121.POM.1","A00000051456","condition ok","SIRFER Lab at University of Utah","2019-04-23","ElFtGy1kV49xqNP00HfxQA==","POM","1",750,25,100,"carbon",232.32,"microgramsPerLiter","Revesz & Coplen 2012a",,
"6cecad12-9e64-44a5-82a4-c2f356ca4e81","D10","ARIK","ARIK.AOS.S2","2019-01-21","ARIK.SS.20190121.POM.1","A00000051456","condition ok","SIRFER Lab at University of Utah","2019-04-23","ElFtGy1kV49xqNP00HfxQA==","POM","1",750,25,100,"d13C",-32.92,"perMill","Revesz & Coplen 2012a",,
