uid,domainID,siteID,namedLocation,collectDate,sampleID,sampleCode,sampleCondition,laboratoryName,analysisDate,analyzedBy,sampleType,replicate,sampleVolumeFiltered,filterSize,percentFilterAnalyzed,analyte,analyteConcentration,plantAlgaeLabUnits,method,externalRemarks,externalLabDataQF
"39281402-36e2-4530-856d-5fb0b74aea86","D11","PRIN","PRIN.AOS.S2","2017-12-05","PRIN.SS.20171205.POM.1",,"condition ok","SIRFER Lab at University of Utah","2018-08-16","ElFtGy1kV49xqNP00HfxQA==","POM","1",494,25,100,"d15N",1.42,"perMill","Revesz & Coplen 2012a",,
"fb6439d3-79a1-49ea-b4d6-f35ed7a27c25","D11","PRIN","PRIN.AOS.S2","2017-12-05","PRIN.SS.20171205.POM.1",,"condition ok","SIRFER Lab at University of Utah","2018-08-16","ElFtGy1kV49xqNP00HfxQA==","POM","1",494,25,100,"carbon",765.40,"microgramsPerLiter","Revesz & Coplen 2012a",,
"dec52ee2-356b-4d80-a974-6f87e90a92aa","D11","PRIN","PRIN.AOS.S2","2017-12-05","PRIN.SS.20171205.POM.1",,"condition ok","SIRFER Lab at University of Utah","2018-08-16","ElFtGy1kV49xqNP00HfxQA==","POM","1",494,25,100,"nitrogen",116.99,"microgramsPerLiter","Revesz & Coplen 2012a",,
"2f6192e3-f48f-4f5f-a72f-b97ca27cd7c4","D11","PRIN","PRIN.AOS.S2","2017-12-05","PRIN.SS.20171205.POM.1",,"condition ok","SIRFER Lab at University of Utah","2018-08-16","ElFtGy1kV49xqNP00HfxQA==","POM","1",494,25,100,"d13C",-29.11,"perMill","Revesz & Coplen 2012a",,
