uid,domainID,siteID,namedLocation,collectDate,sampleID,sampleCode,sampleCondition,laboratoryName,analysisDate,analyzedBy,sampleType,replicate,sampleVolumeFiltered,filterSize,percentFilterAnalyzed,analyte,analyteConcentration,plantAlgaeLabUnits,method,externalRemarks,externalLabDataQF
"28ce5e23-d714-438d-999d-00e9b70005d9","D09","PRLA","PRLA.AOS.buoy.c0","2018-06-05","PRLA.C0.20180605.POM.1","A00000016873","condition ok","SIRFER Lab at University of Utah","2018-10-18","ElFtGy1kV49xqNP00HfxQA==","POM","1",80,25,100,"d13C",,"perMill","Revesz & Coplen 2012a",,
"9499c24c-6506-4aa6-9ac6-cb176c0dba44","D09","PRLA","PRLA.AOS.buoy.c0","2018-06-05","PRLA.C0.20180605.POM.1","A00000016873","condition ok","SIRFER Lab at University of Utah","2018-10-18","ElFtGy1kV49xqNP00HfxQA==","POM","1",80,25,100,"nitrogen",,"microgramsPerLiter","Revesz & Coplen 2012a",,
"98b696e4-95e2-42ce-9474-3355cf69fc0a","D09","PRLA","PRLA.AOS.buoy.c0","2018-06-05","PRLA.C0.20180605.POM.1","A00000016873","condition ok","SIRFER Lab at University of Utah","2018-10-18","ElFtGy1kV49xqNP00HfxQA==","POM","1",80,25,100,"carbon",,"microgramsPerLiter","Revesz & Coplen 2012a",,
"51507f66-2840-4333-bc98-3906738627e6","D09","PRLA","PRLA.AOS.buoy.c0","2018-06-05","PRLA.C0.20180605.POM.1","A00000016873","condition ok","SIRFER Lab at University of Utah","2018-10-18","ElFtGy1kV49xqNP00HfxQA==","POM","1",80,25,100,"d15N",,"perMill","Revesz & Coplen 2012a",,
"de42b98e-099b-430e-8d76-6680d92749ae","D09","PRLA","PRLA.AOS.buoy.c1","2018-06-20","PRLA.C1.20180620.POM.1","A00000016989","condition ok","SIRFER Lab at University of Utah","2018-08-09","ElFtGy1kV49xqNP00HfxQA==","POM","1",40,25,100,"d15N",-1.19,"perMill","Revesz & Coplen 2012a",,
"80ebcbdb-15c3-41a0-b83b-67933d1b8abb","D09","PRLA","PRLA.AOS.buoy.c1","2018-06-20","PRLA.C1.20180620.POM.1","A00000016989","condition ok","SIRFER Lab at University of Utah","2018-08-09","ElFtGy1kV49xqNP00HfxQA==","POM","1",40,25,100,"carbon",12201.82,"microgramsPerLiter","Revesz & Coplen 2012a",,
"d51c3310-5391-4bb3-82d4-78433ff2258b","D09","PRLA","PRLA.AOS.buoy.c1","2018-06-20","PRLA.C1.20180620.POM.1","A00000016989","condition ok","SIRFER Lab at University of Utah","2018-08-09","ElFtGy1kV49xqNP00HfxQA==","POM","1",40,25,100,"nitrogen",355.44,"microgramsPerLiter","Revesz & Coplen 2012a",,
"e53b92b5-8f3d-4aad-8500-9e8793229ed3","D09","PRLA","PRLA.AOS.buoy.c1","2018-06-20","PRLA.C1.20180620.POM.1","A00000016989","condition ok","SIRFER Lab at University of Utah","2018-08-09","ElFtGy1kV49xqNP00HfxQA==","POM","1",40,25,100,"d13C",-29.05,"perMill","Revesz & Coplen 2012a",,
