uid,domainID,siteID,namedLocation,collectDate,sampleID,sampleCode,sampleCondition,laboratoryName,analysisDate,analyzedBy,sampleType,replicate,sampleVolumeFiltered,filterSize,percentFilterAnalyzed,analyte,analyteConcentration,plantAlgaeLabUnits,method,externalRemarks,externalLabDataQF
"99d3ce10-f009-4c12-9588-5a504c96cea6","D01","HOPB","HOPB.AOS.S2","2017-10-17","HOPB.SS.20171017.POM.2",,"condition ok","SIRFER Lab at University of Utah","2018-02-20","ElFtGy1kV49xqNP00HfxQA==","POM","1",500,25,100,"d13C",-29.01,"perMill","Revesz & Coplen 2012a",,
"59841c42-3f89-4569-9d9f-642a0ff578b8","D01","HOPB","HOPB.AOS.S2","2017-10-17","HOPB.SS.20171017.POM.2",,"condition ok","SIRFER Lab at University of Utah","2018-02-20","ElFtGy1kV49xqNP00HfxQA==","POM","1",500,25,100,"nitrogen",40.33,"microgramsPerLiter","Revesz & Coplen 2012a",,
"0eb42890-4045-4ab3-a98c-0f6c9d4a6858","D01","HOPB","HOPB.AOS.S2","2017-10-17","HOPB.SS.20171017.POM.2",,"condition ok","SIRFER Lab at University of Utah","2018-02-20","ElFtGy1kV49xqNP00HfxQA==","POM","1",500,25,100,"d15N",3.75,"perMill","Revesz & Coplen 2012a",,
"28c181e6-b9e3-4f35-afcc-cca507aacc6a","D01","HOPB","HOPB.AOS.S2","2017-10-17","HOPB.SS.20171017.POM.2",,"condition ok","SIRFER Lab at University of Utah","2018-02-20","ElFtGy1kV49xqNP00HfxQA==","POM","1",500,25,100,"carbon",517.96,"microgramsPerLiter","Revesz & Coplen 2012a",,
