uid,domainID,siteID,namedLocation,collectDate,sampleID,sampleCode,sampleCondition,laboratoryName,analysisDate,analyzedBy,sampleType,replicate,sampleVolumeFiltered,filterSize,percentFilterAnalyzed,analyte,analyteConcentration,plantAlgaeLabUnits,method,externalRemarks,externalLabDataQF
"984ab61b-7507-4163-a4be-6881e105bff0","D13","WLOU","WLOU.AOS.S2","2017-10-10","WLOU.SS.20171010.POM.2",,"condition ok","SIRFER Lab at University of Utah","2018-04-17","ElFtGy1kV49xqNP00HfxQA==","POM","1",750,25,100,"nitrogen",6.10,"microgramsPerLiter","Revesz & Coplen 2012a",,
"8961d8b2-95c7-4c7d-b7ce-2d5bac4ffea0","D13","WLOU","WLOU.AOS.S2","2017-10-10","WLOU.SS.20171010.POM.2",,"condition ok","SIRFER Lab at University of Utah","2018-04-17","ElFtGy1kV49xqNP00HfxQA==","POM","1",750,25,100,"carbon",194.20,"microgramsPerLiter","Revesz & Coplen 2012a",,
"2b73d0f2-0769-4e9a-8a84-6c6b61d7a4d0","D13","WLOU","WLOU.AOS.S2","2017-10-10","WLOU.SS.20171010.POM.2",,"condition ok","SIRFER Lab at University of Utah","2018-04-17","ElFtGy1kV49xqNP00HfxQA==","POM","1",750,25,100,"d13C",-26.01,"perMill","Revesz & Coplen 2012a",,
"f4b07743-7b86-4dcd-98e1-c33b4ef7527b","D13","WLOU","WLOU.AOS.S2","2017-10-10","WLOU.SS.20171010.POM.2",,"condition ok","SIRFER Lab at University of Utah","2018-04-17","ElFtGy1kV49xqNP00HfxQA==","POM","1",750,25,100,"d15N",3.25,"perMill","Revesz & Coplen 2012a",,
"6768db82-0472-47f0-9eae-5b3c22e7885d","D13","WLOU","WLOU.AOS.S2","2017-10-31","WLOU.SS.20171031.POM.1",,"condition ok","SIRFER Lab at University of Utah","2018-04-17","ElFtGy1kV49xqNP00HfxQA==","POM","1",1500,25,100,"carbon",80.08,"microgramsPerLiter","Revesz & Coplen 2012a",,
"2ad0bd48-68b7-4b98-b06a-931c5116a6fc","D13","WLOU","WLOU.AOS.S2","2017-10-31","WLOU.SS.20171031.POM.1",,"condition ok","SIRFER Lab at University of Utah","2018-04-17","ElFtGy1kV49xqNP00HfxQA==","POM","1",1500,25,100,"d13C",-20.50,"perMill","Revesz & Coplen 2012a",,
"ae78ce4f-0887-49aa-98a2-b5f96ef6734b","D13","WLOU","WLOU.AOS.S2","2017-10-31","WLOU.SS.20171031.POM.1",,"condition ok","SIRFER Lab at University of Utah","2018-04-17","ElFtGy1kV49xqNP00HfxQA==","POM","1",1500,25,100,"nitrogen",6.93,"microgramsPerLiter","Revesz & Coplen 2012a",,
"85eaadf2-ea5b-456b-9b87-df29975f2934","D13","WLOU","WLOU.AOS.S2","2017-10-31","WLOU.SS.20171031.POM.1",,"condition ok","SIRFER Lab at University of Utah","2018-04-17","ElFtGy1kV49xqNP00HfxQA==","POM","1",1500,25,100,"d15N",3.28,"perMill","Revesz & Coplen 2012a",,
