uid,domainID,siteID,namedLocation,collectDate,sampleID,sampleCode,sampleCondition,laboratoryName,analysisDate,analyzedBy,sampleType,replicate,sampleVolumeFiltered,filterSize,percentFilterAnalyzed,analyte,analyteConcentration,plantAlgaeLabUnits,method,externalRemarks,externalLabDataQF
"ece148bd-34a0-42fb-ba63-b193a0a89f2b","D11","PRIN","PRIN.AOS.S2","2019-02-05","PRIN.SS.20190205.POM.1","A00000052879","condition ok","SIRFER Lab at University of Utah","2019-04-23","ElFtGy1kV49xqNP00HfxQA==","POM","1",400,25,100,"d13C",-28.40,"perMill","Revesz & Coplen 2012a",,
"a07bb3cf-2fe6-4bdc-8293-33bf0bebeac8","D11","PRIN","PRIN.AOS.S2","2019-02-05","PRIN.SS.20190205.POM.1","A00000052879","condition ok","SIRFER Lab at University of Utah","2019-04-23","ElFtGy1kV49xqNP00HfxQA==","POM","1",400,25,100,"carbon",808.88,"microgramsPerLiter","Revesz & Coplen 2012a",,
"59df333f-da65-44ec-9e79-ecd26d3fe748","D11","PRIN","PRIN.AOS.S2","2019-02-05","PRIN.SS.20190205.POM.1","A00000052879","condition ok","SIRFER Lab at University of Utah","2019-04-23","ElFtGy1kV49xqNP00HfxQA==","POM","1",400,25,100,"nitrogen",86.04,"microgramsPerLiter","Revesz & Coplen 2012a",,
"150630a0-a8ec-4e09-b60e-6e1c35a54a6e","D11","PRIN","PRIN.AOS.S2","2019-02-05","PRIN.SS.20190205.POM.1","A00000052879","condition ok","SIRFER Lab at University of Utah","2019-04-23","ElFtGy1kV49xqNP00HfxQA==","POM","1",400,25,100,"d15N",7.19,"perMill","Revesz & Coplen 2012a",,
