uid,domainID,siteID,namedLocation,collectDate,sampleID,sampleCode,sampleCondition,laboratoryName,analysisDate,analyzedBy,sampleType,replicate,sampleVolumeFiltered,filterSize,percentFilterAnalyzed,analyte,analyteConcentration,plantAlgaeLabUnits,method,externalRemarks,externalLabDataQF
"27577da3-f8d8-44bb-bf21-268d407e4c41","D06","KING","KING.AOS.S2","2017-06-06","KING.SS.20170606.POM.1",,"condition ok","SIRFER Lab at University of Utah","2018-03-01","ElFtGy1kV49xqNP00HfxQA==","POM","1",1900,25,100,"d15N",10.70,"perMill","Revesz & Coplen 2012a",,
"4d65e6e6-bb0c-4447-b08d-1fd30a3fbbe9","D06","KING","KING.AOS.S2","2017-06-06","KING.SS.20170606.POM.1",,"condition ok","SIRFER Lab at University of Utah","2018-03-01","ElFtGy1kV49xqNP00HfxQA==","POM","1",1900,25,100,"carbon",76.76,"microgramsPerLiter","Revesz & Coplen 2012a",,
"20fe71ce-afa3-404a-b19a-833bd26368c7","D06","KING","KING.AOS.S2","2017-06-06","KING.SS.20170606.POM.1",,"condition ok","SIRFER Lab at University of Utah","2018-03-01","ElFtGy1kV49xqNP00HfxQA==","POM","1",1900,25,100,"d13C",-25.17,"perMill","Revesz & Coplen 2012a",,
"f3dc5d59-ad37-4f1c-a6fc-ae4756b10e81","D06","KING","KING.AOS.S2","2017-06-06","KING.SS.20170606.POM.1",,"condition ok","SIRFER Lab at University of Utah","2018-03-01","ElFtGy1kV49xqNP00HfxQA==","POM","1",1900,25,100,"nitrogen",8.48,"microgramsPerLiter","Revesz & Coplen 2012a",,
"139360aa-e09d-4a8d-a644-f8a1a16c0ff7","D06","KING","KING.AOS.S2","2017-06-20","KING.SS.20170620.POM.1",,"condition ok","SIRFER Lab at University of Utah","2018-03-01","ElFtGy1kV49xqNP00HfxQA==","POM","1",1750,25,100,"d15N",9.14,"perMill","Revesz & Coplen 2012a",,
"6d4ac848-0597-44b0-b684-6a8db72adfa4","D06","KING","KING.AOS.S2","2017-06-20","KING.SS.20170620.POM.1",,"condition ok","SIRFER Lab at University of Utah","2018-03-01","ElFtGy1kV49xqNP00HfxQA==","POM","1",1750,25,100,"d13C",-26.33,"perMill","Revesz & Coplen 2012a",,
"712294f0-d458-427f-b1ba-a1f2226a09b9","D06","KING","KING.AOS.S2","2017-06-20","KING.SS.20170620.POM.1",,"condition ok","SIRFER Lab at University of Utah","2018-03-01","ElFtGy1kV49xqNP00HfxQA==","POM","1",1750,25,100,"nitrogen",11.66,"microgramsPerLiter","Revesz & Coplen 2012a",,
"84c76c5c-b055-4a59-9672-6a95fdac57cc","D06","KING","KING.AOS.S2","2017-06-20","KING.SS.20170620.POM.1",,"condition ok","SIRFER Lab at University of Utah","2018-03-01","ElFtGy1kV49xqNP00HfxQA==","POM","1",1750,25,100,"carbon",40.20,"microgramsPerLiter","Revesz & Coplen 2012a",,
"e1ac94db-a850-4f2b-8cba-ed80d0fbd1b7","D06","KING","KING.AOS.S2","2017-06-26","KING.SS.20170626.POM.1",,"condition ok","SIRFER Lab at University of Utah","2018-02-28","ElFtGy1kV49xqNP00HfxQA==","POM","1",2000,25,100,"d13C",-30.76,"perMill","Revesz & Coplen 2012a",,
"abffd4a3-9b70-4fc9-ba3c-a129f01d3fcd","D06","KING","KING.AOS.S2","2017-06-26","KING.SS.20170626.POM.1",,"condition ok","SIRFER Lab at University of Utah","2018-02-28","ElFtGy1kV49xqNP00HfxQA==","POM","1",2000,25,100,"d15N",5.81,"perMill","Revesz & Coplen 2012a",,
"cd7c35ba-6508-49c0-b013-46e2f1fc0cd8","D06","KING","KING.AOS.S2","2017-06-26","KING.SS.20170626.POM.1",,"condition ok","SIRFER Lab at University of Utah","2018-02-28","ElFtGy1kV49xqNP00HfxQA==","POM","1",2000,25,100,"carbon",89.52,"microgramsPerLiter","Revesz & Coplen 2012a",,
"a41a91b7-7192-4b6e-9fcf-58f7e1d07b03","D06","KING","KING.AOS.S2","2017-06-26","KING.SS.20170626.POM.1",,"condition ok","SIRFER Lab at University of Utah","2018-02-28","ElFtGy1kV49xqNP00HfxQA==","POM","1",2000,25,100,"nitrogen",11.31,"microgramsPerLiter","Revesz & Coplen 2012a",,
