uid,domainID,siteID,namedLocation,collectDate,sampleID,sampleCode,sampleCondition,laboratoryName,analysisDate,analyzedBy,sampleType,replicate,sampleVolumeFiltered,filterSize,percentFilterAnalyzed,analyte,analyteConcentration,plantAlgaeLabUnits,method,externalRemarks,externalLabDataQF
"412b8603-2827-4228-831d-f3ee546fc456","D09","PRPO","PRPO.AOS.inlet","2016-05-03","PRPO.IN.20160503.POM.2",,"condition ok","Academy of Natural Sciences of Drexel University","2017-02-13","OKgcKejxXbI=","13C15N","2",,,100,"d13C",-26.07,"perMill",,,
"9dcbce2e-bce6-4134-a0c7-422a67b3af8e","D09","PRPO","PRPO.AOS.inlet","2016-05-03","PRPO.IN.20160503.POM.1",,"condition ok","Academy of Natural Sciences of Drexel University","2017-01-31","OKgcKejxXbI=","13C15N","1",,,100,"d13C",-26.00,"perMill",,,
"49062327-d7e1-4b16-a378-9faa8698b810","D09","PRPO","PRPO.AOS.inlet","2016-05-03","PRPO.IN.20160503.POM.1",,"condition ok","Academy of Natural Sciences of Drexel University","2017-01-31","OKgcKejxXbI=","13C15N","1",,,100,"d15N",4.77,"perMill",,,
"2cf60f53-73f9-4051-9c93-1ac6df351752","D09","PRPO","PRPO.AOS.inlet","2016-05-03","PRPO.IN.20160503.POM.2",,"condition ok","Academy of Natural Sciences of Drexel University","2017-02-13","OKgcKejxXbI=","13C15N","2",,,100,"d15N",5.25,"perMill",,,
"7d5765d2-fc30-4369-98f7-3ac82a1a48fe","D09","PRPO","PRPO.AOS.buoy.c0","2016-05-03","PRPO.C0.20160503.POM.2",,"condition ok","Academy of Natural Sciences of Drexel University","2017-02-13","OKgcKejxXbI=","13C15N","2",,,100,"d13C",-27.29,"perMill",,,
"89653f60-63b5-4bf5-949a-d15090e2c872","D09","PRPO","PRPO.AOS.buoy.c0","2016-05-03","PRPO.C0.20160503.POM.1",,"condition ok","Academy of Natural Sciences of Drexel University","2017-01-31","OKgcKejxXbI=","13C15N","1",,,100,"d15N",5.42,"perMill",,,
"8418e2f5-47ff-45a8-a507-f8ad21955d18","D09","PRPO","PRPO.AOS.buoy.c0","2016-05-03","PRPO.C0.20160503.POM.1",,"condition ok","Academy of Natural Sciences of Drexel University","2017-01-31","OKgcKejxXbI=","13C15N","1",,,100,"d13C",-27.18,"perMill",,,
"76437dfa-ad0e-4232-91b7-53f768385430","D09","PRPO","PRPO.AOS.buoy.c0","2016-05-03","PRPO.C0.20160503.POM.2",,"condition ok","Academy of Natural Sciences of Drexel University","2017-02-13","OKgcKejxXbI=","13C15N","2",,,100,"d15N",5.97,"perMill",,,
"fdee194a-36c5-4d2d-b0c6-e3d21dbff5d8","D09","PRPO","PRPO.AOS.outlet","2016-05-03","PRPO.OT.20160503.POM.2",,"condition ok","Academy of Natural Sciences of Drexel University","2017-02-13","OKgcKejxXbI=","13C15N","2",,,100,"d13C",-27.48,"perMill",,,
"4be8fdf4-0e69-4cd0-8829-831d5095546c","D09","PRPO","PRPO.AOS.outlet","2016-05-03","PRPO.OT.20160503.POM.1",,"condition ok","Academy of Natural Sciences of Drexel University","2017-01-31","OKgcKejxXbI=","13C15N","1",,,100,"d13C",-28.96,"perMill",,,
"b981c8e4-e052-4d4b-b5a0-dcdbe34475c9","D09","PRPO","PRPO.AOS.outlet","2016-05-03","PRPO.OT.20160503.POM.2",,"condition ok","Academy of Natural Sciences of Drexel University","2017-02-13","OKgcKejxXbI=","13C15N","2",,,100,"d15N",4.11,"perMill",,,
"1b2b1352-50fa-4071-b350-fd50068f5156","D09","PRPO","PRPO.AOS.outlet","2016-05-03","PRPO.OT.20160503.POM.1",,"condition ok","Academy of Natural Sciences of Drexel University","2017-01-31","OKgcKejxXbI=","13C15N","1",,,100,"d15N",6.39,"perMill",,,
