uid,domainID,siteID,namedLocation,collectDate,analysisDate,isotopeH2OSampleID,isotopeH2OSampleCode,instrumentSN,d18OWater,d2HWater,d18OsdWater,d2HsdWater,isotopeH2OExternalLabQF,laboratoryName,analyzedBy,sampleCondition,externalRemarks,externalLabDataQF
"f29b80ca-f97b-4427-9111-f86fa02db78a","D06","KING","KING.AOS.S2","2016-04-05","2016-09-09","KING.SS.20160405.H2O.1",,"HIDS2046",-5.77,-38.39,0.02,0.20,0,"SIRFER Lab at University of Utah","OlSmE6RRn5QQH8tvUHmK5i/poYiQr6sd","OK",,
"f9bd54b1-c2e5-46f9-b836-c74f9b89556e","D06","KING","KING.AOS.S2","2016-04-12","2016-09-09","KING.SS.20160412.H2O.1",,"HIDS2046",-6.12,-38.90,0.01,0.13,0,"SIRFER Lab at University of Utah","OlSmE6RRn5QQH8tvUHmK5i/poYiQr6sd","OK",,
"96d0f1c6-3008-461f-8e52-d110eac3fc42","D06","KING","KING.AOS.S2","2016-04-19","2016-09-09","KING.SS.20160419.H2O.1",,"HIDS2046",-5.48,-37.82,0.02,0.14,0,"SIRFER Lab at University of Utah","OlSmE6RRn5QQH8tvUHmK5i/poYiQr6sd","OK",,
"36e9e073-3988-47a0-ab0f-06ad749ee668","D06","KING","KING.AOS.S2","2016-04-26","2016-09-09","KING.SS.20160426.H2O.1",,"HIDS2046",-6.54,-41.52,0.03,0.04,0,"SIRFER Lab at University of Utah","OlSmE6RRn5QQH8tvUHmK5i/poYiQr6sd","OK",,
