uid,domainID,siteID,namedLocation,collectDate,sampleID,sampleCode,sampleCondition,laboratoryName,analysisDate,analyzedBy,sampleType,replicate,sampleVolumeFiltered,filterSize,percentFilterAnalyzed,analyte,analyteConcentration,plantAlgaeLabUnits,method,externalRemarks,externalLabDataQF
"4dc5b265-ccb6-465a-981b-f3f716f2bd18","D06","KING","KING.AOS.S2","2016-04-05","KING.SS.20160405.POM.1",,"other","Academy of Natural Sciences of Drexel University","2016-08-29","OKgcKejxXbI=","13C15N","1",,,100,"d13C",-33.30,"perMill",,"poor folding, sample loss",
"ddc17424-cd36-4505-aee7-6ba9ac1872de","D06","KING","KING.AOS.S2","2016-04-05","KING.SS.20160405.POM.2",,"other","Academy of Natural Sciences of Drexel University","2016-08-29","OKgcKejxXbI=","13C15N","2",,,100,"d13C",-30.40,"perMill",,"poor folding, sample loss",
"d55846e4-df6f-48ef-8787-791d0003d352","D06","KING","KING.AOS.S2","2016-04-05","KING.SS.20160405.POM.1",,"other","Academy of Natural Sciences of Drexel University","2016-08-29","OKgcKejxXbI=","13C15N","1",,,100,"d15N",2.29,"perMill",,"poor folding, sample loss",
"fc153399-d257-4789-9e4f-fc1151f46108","D06","KING","KING.AOS.S2","2016-04-05","KING.SS.20160405.POM.2",,"other","Academy of Natural Sciences of Drexel University","2016-08-29","OKgcKejxXbI=","13C15N","2",,,100,"d15N",1.68,"perMill",,"poor folding, sample loss",
"a48f7ae7-78be-4f45-b979-2db75ae58d93","D06","KING","KING.AOS.S2","2016-04-12","KING.SS.20160412.POM.1",,"other","Academy of Natural Sciences of Drexel University","2016-08-29","OKgcKejxXbI=","13C15N","1",,,100,"d15N",1.55,"perMill",,"poor folding, sample loss",
"5c27110f-14b7-4f4e-85bd-b3d1cf20f31f","D06","KING","KING.AOS.S2","2016-04-12","KING.SS.20160412.POM.1",,"other","Academy of Natural Sciences of Drexel University","2016-08-29","OKgcKejxXbI=","13C15N","1",,,100,"d13C",-33.04,"perMill",,"poor folding, sample loss",
"64e4378e-be2d-43e7-8040-e4c45786ba42","D06","KING","KING.AOS.S2","2016-04-12","KING.SS.20160412.POM.2",,"other","Academy of Natural Sciences of Drexel University","2016-08-29","OKgcKejxXbI=","13C15N","2",,,100,"d13C",-28.80,"perMill",,"poor folding, sample loss",
"2ba72281-b420-4c34-a75a-6feb536b78ac","D06","KING","KING.AOS.S2","2016-04-12","KING.SS.20160412.POM.2",,"other","Academy of Natural Sciences of Drexel University","2016-08-29","OKgcKejxXbI=","13C15N","2",,,100,"d15N",3.18,"perMill",,"poor folding, sample loss",
"2ba01b18-1d50-4d73-af81-c60e4179c109","D06","KING","KING.AOS.S2","2016-04-19","KING.SS.20160419.POM.1",,"other","Academy of Natural Sciences of Drexel University","2016-08-29","OKgcKejxXbI=","13C15N","1",,,100,"d15N",1.50,"perMill",,"Difference in volume filtered, poor folding, sample loss",
"ebc2fd2e-58b0-4e71-a07e-2b2af2ff0866","D06","KING","KING.AOS.S2","2016-04-19","KING.SS.20160419.POM.2",,"other","Academy of Natural Sciences of Drexel University","2016-08-29","OKgcKejxXbI=","13C15N","2",,,100,"d15N",2.79,"perMill",,"Difference in volume filtered, poor folding, sample loss",
"57e51e75-1ba1-4b19-8aa2-a325d2156041","D06","KING","KING.AOS.S2","2016-04-19","KING.SS.20160419.POM.1",,"other","Academy of Natural Sciences of Drexel University","2016-08-29","OKgcKejxXbI=","13C15N","1",,,100,"d13C",-33.74,"perMill",,"Difference in volume filtered, poor folding, sample loss",
"0d08ad32-c2eb-46b0-a40b-a48e9b3677de","D06","KING","KING.AOS.S2","2016-04-19","KING.SS.20160419.POM.2",,"other","Academy of Natural Sciences of Drexel University","2016-08-29","OKgcKejxXbI=","13C15N","2",,,100,"d13C",-29.30,"perMill",,"Difference in volume filtered, poor folding, sample loss",
"558b11d7-e21e-492f-9d3e-56cf2425e350","D06","KING","KING.AOS.S2","2016-04-26","KING.SS.20160426.POM.1",,"other","Academy of Natural Sciences of Drexel University","2016-08-29","OKgcKejxXbI=","13C15N","1",,,100,"d13C",-23.01,"perMill",,"poor folding, sample loss",
"27023d09-308a-4769-aa6d-cfcf250af25f","D06","KING","KING.AOS.S2","2016-04-26","KING.SS.20160426.POM.2",,"other","Academy of Natural Sciences of Drexel University","2016-08-29","OKgcKejxXbI=","13C15N","2",,,100,"d13C",-18.04,"perMill",,"poor folding, sample loss",
"a2b89260-44df-4c96-99f6-78ae29b113b6","D06","KING","KING.AOS.S2","2016-04-26","KING.SS.20160426.POM.1",,"other","Academy of Natural Sciences of Drexel University","2016-08-29","OKgcKejxXbI=","13C15N","1",,,100,"d15N",2.40,"perMill",,"poor folding, sample loss",
"64777e2f-8644-4667-825e-c28a233efb43","D06","KING","KING.AOS.S2","2016-04-26","KING.SS.20160426.POM.2",,"other","Academy of Natural Sciences of Drexel University","2016-08-29","OKgcKejxXbI=","13C15N","2",,,100,"d15N",2.29,"perMill",,"poor folding, sample loss",
