uid,domainID,siteID,namedLocation,collectDate,parentSampleID,parentSampleCode,isotopeH2OSampleCond,isotopeH2OSampleID,isotopeH2OSampleCode,isotopePOMRep2SampleCond,isotopePOMRep2SampleID,isotopePOMRep2SampleCode,isotopePOMSampleCond,isotopePOMSampleID,isotopePOMSampleCode,processedDateFilters,processedDateH2OIsotopes,sampleVolumeFilteredPOMRep1,sampleVolumeFilteredPOMRep2,fieldDataQF
"3dc9dd00-2865-405a-a02f-c3fcb3f41514","D06","KING","KING.AOS.S2","2016-04-05T13:58Z","KING.SS.20160405",,"Sample condition ok","KING.SS.20160405.H2O.1",,"Sample condition ok","KING.SS.20160405.POM.2",,"Sample condition ok","KING.SS.20160405.POM.1",,"2017-09-01T15:50Z","2016-04-05T13:58Z",750,750,
"c14a282c-d2c0-491a-aec0-8b604f69a538","D06","KING","KING.AOS.S2","2016-04-12T13:48Z","KING.SS.20160412",,,"KING.SS.20160412.H2O.1",,,"KING.SS.20160412.POM.2",,,"KING.SS.20160412.POM.1",,"2016-04-12T14:45Z","2016-04-12T14:45Z",750,750,
"e7a65381-96c4-4b06-b574-5445091a9478","D06","KING","KING.AOS.S2","2016-04-19T13:48Z","KING.SS.20160419",,,"KING.SS.20160419.H2O.1",,,"KING.SS.20160419.POM.2",,,"KING.SS.20160419.POM.1",,"2016-04-19T15:15Z","2016-04-19T15:15Z",750,753,
"6cdc8511-0d16-4986-b8a8-2c824f0d3f9f","D06","KING","KING.AOS.S2","2016-04-26T13:37Z","KING.SS.20160426",,,"KING.SS.20160426.H2O.1",,,"KING.SS.20160426.POM.2",,,"KING.SS.20160426.POM.1",,"2016-04-26T15:00Z","2016-04-26T15:00Z",500,500,
