uid,domainID,siteID,namedLocation,decimalLatitude,decimalLongitude,coordinateUncertainty,additionalCoordUncertainty,elevation,elevationUncertainty,geodeticDatum,altLocation,altLatitude,altLongitude,altCoordinateUncertainty,altGeodeticDatum,collectDate,aquaticSiteType,samplingImpractical,parentSampleID,parentSampleCode,eventID,samplerType,dissolvedOxygen,dissolvedOxygenSaturation,specificConductance,waterTemp,asiSamplingProtocolVersion,lowerSegmentDepth,upperSegmentDepth,maxDepth,lakeSampleDepth1,lakeSampleDepth2,aCollectedBy,bCollectedBy,remarks,fieldDataQF
"404e0405-949e-499f-adb3-3cb05634858e","D06","KING","KING.AOS.S2",39.105069,-96.603387,0.1,10.0,324.9,0.1,"WGS84",,,,,,"2016-04-05T13:58Z","stream",,"KING.SS.20160405",,"KING.20160405","Grab",5.86,54.80,466.00,11.30,"NEON.DOC.001886vB",,,,,,"zbuck@battelleecology.org","bdowner@battelleecology.org",,
"ecd8f8cc-4d10-44f0-b7de-bfe20a44ad9d","D06","KING","KING.AOS.S2",39.105069,-96.603387,0.1,10.0,324.9,0.1,"WGS84",,,,,,"2016-04-12T13:48Z","stream",,"KING.SS.20160412",,"KING.20160412","Grab",6.31,58.20,602.00,10.60,"NEON.DOC.001886vD",,,,,,"zbuck@neoninc.org","bdowner@neoninc.org","No TPCN due to no lab contract|nearby brush fires on bank and smoldering logs|nearby brush fires on bank and smoldering logs|nearby brush fires on bank and smoldering logs",
"d3104a67-43b4-4ee9-92e3-2d4aded6e5fb","D06","KING","KING.AOS.S2",39.105069,-96.603387,0.1,10.0,324.9,0.1,"WGS84",,,,,,"2016-04-19T13:48Z","stream",,"KING.SS.20160419",,"KING.20160419","Grab",6.15,60.00,472.00,12.90,"NEON.DOC.001886vD",,,,,,"zbuck@neoninc.org","bdowner@neoninc.org","no PCN due to no lab contract",
"4661c8b6-0837-4421-890e-05e259d6c217","D06","KING","KING.AOS.S2",39.105069,-96.603387,0.1,10.0,324.9,0.1,"WGS84",,,,,,"2016-04-26T13:37Z","stream",,"KING.SS.20160426",,"KING.20160426","Grab",7.18,74.50,549.00,15.20,"NEON.DOC.001886vD",,,,,,"zbuck@neoninc.org","fbouchard@neoninc.org","TPCN not collected|CPOM in sample; recent flooding|CPOM in sample; recent flooding",
