uid,domainID,siteID,namedLocation,collectDate,sampleID,sampleCode,sampleCondition,laboratoryName,analysisDate,analyzedBy,sampleType,replicate,sampleVolumeFiltered,filterSize,percentFilterAnalyzed,analyte,analyteConcentration,plantAlgaeLabUnits,method,externalRemarks,externalLabDataQF
"4f2254cc-a41d-4adf-be18-62e4cab4075d","D04","CUPE","CUPE.AOS.S2","2017-08-10","CUPE.SS.20170810.POM.1",,"condition ok","SIRFER Lab at University of Utah","2018-05-27","ElFtGy1kV49xqNP00HfxQA==","POM","1",1500,25,100,"d15N",8.69,"perMill","Revesz & Coplen 2012a",,
"774b4597-8242-4e92-9fad-9c93c3372ace","D04","CUPE","CUPE.AOS.S2","2017-08-10","CUPE.SS.20170810.POM.1",,"condition ok","SIRFER Lab at University of Utah","2018-05-27","ElFtGy1kV49xqNP00HfxQA==","POM","1",1500,25,100,"d13C",-28.33,"perMill","Revesz & Coplen 2012a",,
"0966405c-4629-40cd-a090-c3a17444eb84","D04","CUPE","CUPE.AOS.S2","2017-08-10","CUPE.SS.20170810.POM.1",,"condition ok","SIRFER Lab at University of Utah","2018-05-27","ElFtGy1kV49xqNP00HfxQA==","POM","1",1500,25,100,"nitrogen",9.65,"microgramsPerLiter","Revesz & Coplen 2012a",,
"2a8e710c-7b9e-4cfa-9df6-b82697c5c4bf","D04","CUPE","CUPE.AOS.S2","2017-08-10","CUPE.SS.20170810.POM.1",,"condition ok","SIRFER Lab at University of Utah","2018-05-27","ElFtGy1kV49xqNP00HfxQA==","POM","1",1500,25,100,"carbon",105.24,"microgramsPerLiter","Revesz & Coplen 2012a",,
"5bad0708-800e-4bf0-84ba-eb09c01fe210","D04","CUPE","CUPE.AOS.S2","2017-08-15","CUPE.SS.20170815.POM.1",,"condition ok","SIRFER Lab at University of Utah","2018-05-27","ElFtGy1kV49xqNP00HfxQA==","POM","1",3000,25,100,"nitrogen",3.22,"microgramsPerLiter","Revesz & Coplen 2012a","Below calibration range",
"94fa6ce9-32e4-4a1c-ae3c-69238cdaa5d5","D04","CUPE","CUPE.AOS.S2","2017-08-15","CUPE.SS.20170815.POM.1",,"condition ok","SIRFER Lab at University of Utah","2018-05-27","ElFtGy1kV49xqNP00HfxQA==","POM","1",3000,25,100,"d15N",12.71,"perMill","Revesz & Coplen 2012a","Below calibration range",
"82178c9d-b3f7-4d5b-b1ab-d136e846ef9a","D04","CUPE","CUPE.AOS.S2","2017-08-15","CUPE.SS.20170815.POM.1",,"condition ok","SIRFER Lab at University of Utah","2018-05-27","ElFtGy1kV49xqNP00HfxQA==","POM","1",3000,25,100,"d13C",-28.21,"perMill","Revesz & Coplen 2012a",,
"7aeb3960-9059-44a8-a36f-0bd42921068d","D04","CUPE","CUPE.AOS.S2","2017-08-15","CUPE.SS.20170815.POM.1",,"condition ok","SIRFER Lab at University of Utah","2018-05-27","ElFtGy1kV49xqNP00HfxQA==","POM","1",3000,25,100,"carbon",37.11,"microgramsPerLiter","Revesz & Coplen 2012a",,
"1612223e-31d5-4b9e-84c7-e92966f71281","D04","CUPE","CUPE.AOS.S2","2017-08-28","CUPE.SS.20170828.POM.1",,"condition ok","SIRFER Lab at University of Utah","2018-05-27","ElFtGy1kV49xqNP00HfxQA==","POM","1",1500,25,100,"d13C",-27.25,"perMill","Revesz & Coplen 2012a",,
"f02e2504-c577-4a5b-b575-e62572ec8fd3","D04","CUPE","CUPE.AOS.S2","2017-08-28","CUPE.SS.20170828.POM.1",,"condition ok","SIRFER Lab at University of Utah","2018-05-27","ElFtGy1kV49xqNP00HfxQA==","POM","1",1500,25,100,"nitrogen",3.39,"microgramsPerLiter","Revesz & Coplen 2012a","Below calibration range",
"23fff4dc-32c0-4090-9784-4e6f292ce512","D04","CUPE","CUPE.AOS.S2","2017-08-28","CUPE.SS.20170828.POM.1",,"condition ok","SIRFER Lab at University of Utah","2018-05-27","ElFtGy1kV49xqNP00HfxQA==","POM","1",1500,25,100,"d15N",25.02,"perMill","Revesz & Coplen 2012a","Below calibration range",
"e63418ee-0311-43ae-8028-c338d0db41d8","D04","CUPE","CUPE.AOS.S2","2017-08-28","CUPE.SS.20170828.POM.1",,"condition ok","SIRFER Lab at University of Utah","2018-05-27","ElFtGy1kV49xqNP00HfxQA==","POM","1",1500,25,100,"carbon",38.48,"microgramsPerLiter","Revesz & Coplen 2012a",,
