uid,domainID,siteID,namedLocation,collectDate,sampleID,sampleCode,sampleCondition,laboratoryName,analysisDate,analyzedBy,sampleType,replicate,sampleVolumeFiltered,filterSize,percentFilterAnalyzed,analyte,analyteConcentration,plantAlgaeLabUnits,method,externalRemarks,externalLabDataQF
"5cc41200-4392-4b9b-90a1-b73219829d7f","D09","PRLA","PRLA.AOS.inlet","2017-10-19","PRLA.IN.20171019.POM.1",,"condition ok","SIRFER Lab at University of Utah","2018-03-14","ElFtGy1kV49xqNP00HfxQA==","POM","1",50,25,100,"d13C",-28.50,"perMill","Revesz & Coplen 2012a",,
"e382fb4e-a2df-4bec-bdf2-ecfdc15044a6","D09","PRLA","PRLA.AOS.inlet","2017-10-19","PRLA.IN.20171019.POM.1",,"condition ok","SIRFER Lab at University of Utah","2018-03-14","ElFtGy1kV49xqNP00HfxQA==","POM","1",50,25,100,"d15N",8.90,"perMill","Revesz & Coplen 2012a",,
"d84ef7e9-77a1-4003-9211-919179026ef1","D09","PRLA","PRLA.AOS.inlet","2017-10-19","PRLA.IN.20171019.POM.1",,"condition ok","SIRFER Lab at University of Utah","2018-03-14","ElFtGy1kV49xqNP00HfxQA==","POM","1",50,25,100,"carbon",10789.40,"microgramsPerLiter","Revesz & Coplen 2012a",,
"7ee86dc2-0b98-45ed-b471-97a94237709f","D09","PRLA","PRLA.AOS.inlet","2017-10-19","PRLA.IN.20171019.POM.1",,"condition ok","SIRFER Lab at University of Utah","2018-03-14","ElFtGy1kV49xqNP00HfxQA==","POM","1",50,25,100,"nitrogen",2039.50,"microgramsPerLiter","Revesz & Coplen 2012a",,
"eff0860e-792a-48ff-a161-f4d2d06adbb5","D09","PRLA","PRLA.AOS.buoy.c0","2017-10-19","PRLA.C0.20171019.POM.1",,"condition ok","SIRFER Lab at University of Utah","2018-03-14","ElFtGy1kV49xqNP00HfxQA==","POM","1",50,25,100,"d13C",-28.20,"perMill","Revesz & Coplen 2012a",,
"9ea9625b-3802-488c-9f90-3b0a99e2dc20","D09","PRLA","PRLA.AOS.buoy.c0","2017-10-19","PRLA.C0.20171019.POM.1",,"condition ok","SIRFER Lab at University of Utah","2018-03-14","ElFtGy1kV49xqNP00HfxQA==","POM","1",50,25,100,"carbon",9012.80,"microgramsPerLiter","Revesz & Coplen 2012a",,
"43bc23b5-ad3a-4a63-9def-ed83c4356347","D09","PRLA","PRLA.AOS.buoy.c0","2017-10-19","PRLA.C0.20171019.POM.1",,"condition ok","SIRFER Lab at University of Utah","2018-03-14","ElFtGy1kV49xqNP00HfxQA==","POM","1",50,25,100,"d15N",4.70,"perMill","Revesz & Coplen 2012a",,
"1de16308-d010-4bd2-b380-50f171225b21","D09","PRLA","PRLA.AOS.buoy.c0","2017-10-19","PRLA.C0.20171019.POM.1",,"condition ok","SIRFER Lab at University of Utah","2018-03-14","ElFtGy1kV49xqNP00HfxQA==","POM","1",50,25,100,"nitrogen",1637.10,"microgramsPerLiter","Revesz & Coplen 2012a",,
"18d61e59-2832-4347-a722-6ea46f3146e7","D09","PRLA","PRLA.AOS.outlet","2017-10-19","PRLA.OT.20171019.POM.1",,"condition ok","SIRFER Lab at University of Utah","2018-03-14","ElFtGy1kV49xqNP00HfxQA==","POM","1",50,25,100,"d13C",-28.80,"perMill","Revesz & Coplen 2012a",,
"2cc562d4-c6cb-4cf5-a6aa-af17a197e1f9","D09","PRLA","PRLA.AOS.outlet","2017-10-19","PRLA.OT.20171019.POM.1",,"condition ok","SIRFER Lab at University of Utah","2018-03-14","ElFtGy1kV49xqNP00HfxQA==","POM","1",50,25,100,"nitrogen",2207.80,"microgramsPerLiter","Revesz & Coplen 2012a",,
"ce0df2d8-0143-4067-b94d-258a113997a7","D09","PRLA","PRLA.AOS.outlet","2017-10-19","PRLA.OT.20171019.POM.1",,"condition ok","SIRFER Lab at University of Utah","2018-03-14","ElFtGy1kV49xqNP00HfxQA==","POM","1",50,25,100,"d15N",11.30,"perMill","Revesz & Coplen 2012a",,
"82bf60b4-e46f-458d-bbaf-df6dd8bae356","D09","PRLA","PRLA.AOS.outlet","2017-10-19","PRLA.OT.20171019.POM.1",,"condition ok","SIRFER Lab at University of Utah","2018-03-14","ElFtGy1kV49xqNP00HfxQA==","POM","1",50,25,100,"carbon",11704.80,"microgramsPerLiter","Revesz & Coplen 2012a",,
