uid,domainID,siteID,namedLocation,collectDate,sampleID,sampleCode,sampleCondition,laboratoryName,analysisDate,analyzedBy,sampleType,replicate,sampleVolumeFiltered,filterSize,percentFilterAnalyzed,analyte,analyteConcentration,plantAlgaeLabUnits,method,externalRemarks,externalLabDataQF
"11eb7af2-20ad-4503-a84f-65569de2d7df","D13","WLOU","WLOU.AOS.S2","2018-02-13","WLOU.SS.20180213.POM.1",,"condition ok","SIRFER Lab at University of Utah","2018-08-08","ElFtGy1kV49xqNP00HfxQA==","POM","1",2000,25,100,"d13C",-26.09,"perMill","Revesz & Coplen 2012a",,
"15acf073-e1c9-47ec-8637-70ccf862b5d6","D13","WLOU","WLOU.AOS.S2","2018-02-13","WLOU.SS.20180213.POM.1",,"condition ok","SIRFER Lab at University of Utah","2018-08-08","ElFtGy1kV49xqNP00HfxQA==","POM","1",2000,25,100,"carbon",75.79,"microgramsPerLiter","Revesz & Coplen 2012a",,
"989f3502-d98d-4cf5-b581-72ef1b1d9a5f","D13","WLOU","WLOU.AOS.S2","2018-02-13","WLOU.SS.20180213.POM.1",,"condition ok","SIRFER Lab at University of Utah","2018-08-08","ElFtGy1kV49xqNP00HfxQA==","POM","1",2000,25,100,"d15N",3.02,"perMill","Revesz & Coplen 2012a",,
"6dd22979-109b-4ea1-ad7a-23fcd20cdcaa","D13","WLOU","WLOU.AOS.S2","2018-02-13","WLOU.SS.20180213.POM.1",,"condition ok","SIRFER Lab at University of Utah","2018-08-08","ElFtGy1kV49xqNP00HfxQA==","POM","1",2000,25,100,"nitrogen",5.26,"microgramsPerLiter","Revesz & Coplen 2012a",,
