uid,domainID,siteID,namedLocation,collectDate,sampleID,sampleCode,sampleCondition,laboratoryName,analysisDate,analyzedBy,sampleType,replicate,sampleVolumeFiltered,filterSize,percentFilterAnalyzed,analyte,analyteConcentration,plantAlgaeLabUnits,method,externalRemarks,externalLabDataQF
"23720225-8217-4290-93dc-510913b3dab8","D04","GUIL","GUIL.AOS.S2","2018-07-18","GUIL.SS.20180718.POM.1","A00000006683","condition ok","SIRFER Lab at University of Utah","2018-10-17","ElFtGy1kV49xqNP00HfxQA==","POM","1",750,25,100,"d15N",2.40,"perMill","Revesz & Coplen 2012a",,
"1f39b5fd-8f8d-41c5-9dfa-d9a11fdc5fd9","D04","GUIL","GUIL.AOS.S2","2018-07-18","GUIL.SS.20180718.POM.1","A00000006683","condition ok","SIRFER Lab at University of Utah","2018-10-17","ElFtGy1kV49xqNP00HfxQA==","POM","1",750,25,100,"nitrogen",16.83,"microgramsPerLiter","Revesz & Coplen 2012a",,
"2475b5b8-e6cc-47af-9043-d47192cb7fe7","D04","GUIL","GUIL.AOS.S2","2018-07-18","GUIL.SS.20180718.POM.1","A00000006683","condition ok","SIRFER Lab at University of Utah","2018-10-17","ElFtGy1kV49xqNP00HfxQA==","POM","1",750,25,100,"d13C",-25.94,"perMill","Revesz & Coplen 2012a",,
"68057d7b-1a03-41f6-aef7-6fbc7e0c7504","D04","GUIL","GUIL.AOS.S2","2018-07-18","GUIL.SS.20180718.POM.1","A00000006683","condition ok","SIRFER Lab at University of Utah","2018-10-17","ElFtGy1kV49xqNP00HfxQA==","POM","1",750,25,100,"carbon",125.15,"microgramsPerLiter","Revesz & Coplen 2012a",,
"381b9ac1-d364-4e92-9539-7c36dfca5373","D04","GUIL","GUIL.AOS.S2","2018-07-24","GUIL.SS.20180724.POM.1","A00000006746","condition ok","SIRFER Lab at University of Utah","2018-10-17","ElFtGy1kV49xqNP00HfxQA==","POM","1",1000,25,100,"nitrogen",15.61,"microgramsPerLiter","Revesz & Coplen 2012a",,
"177ead12-7a9e-4c6e-8db8-b413a86a009e","D04","GUIL","GUIL.AOS.S2","2018-07-24","GUIL.SS.20180724.POM.1","A00000006746","condition ok","SIRFER Lab at University of Utah","2018-10-17","ElFtGy1kV49xqNP00HfxQA==","POM","1",1000,25,100,"d15N",2.69,"perMill","Revesz & Coplen 2012a",,
"285a68f6-8cc9-436f-aa2c-60d25a7569b7","D04","GUIL","GUIL.AOS.S2","2018-07-24","GUIL.SS.20180724.POM.1","A00000006746","condition ok","SIRFER Lab at University of Utah","2018-10-17","ElFtGy1kV49xqNP00HfxQA==","POM","1",1000,25,100,"d13C",-24.67,"perMill","Revesz & Coplen 2012a",,
"a1f47d62-a19a-416c-8fc8-8cee05078ad9","D04","GUIL","GUIL.AOS.S2","2018-07-24","GUIL.SS.20180724.POM.1","A00000006746","condition ok","SIRFER Lab at University of Utah","2018-10-17","ElFtGy1kV49xqNP00HfxQA==","POM","1",1000,25,100,"carbon",114.73,"microgramsPerLiter","Revesz & Coplen 2012a",,
