uid,domainID,siteID,namedLocation,collectDate,sampleID,sampleCode,sampleCondition,laboratoryName,analysisDate,analyzedBy,sampleType,replicate,sampleVolumeFiltered,filterSize,percentFilterAnalyzed,analyte,analyteConcentration,plantAlgaeLabUnits,method,externalRemarks,externalLabDataQF
"b120b2ea-31ab-493d-a190-7fd929eed73c","D07","LECO","LECO.AOS.S2","2019-01-15","LECO.SS.20190115.POM.1","A00000044794","condition ok","SIRFER Lab at University of Utah","2019-04-22","ElFtGy1kV49xqNP00HfxQA==","POM","1",1000,25,100,"d13C",-28.65,"perMill","Revesz & Coplen 2012a",,
"f40478f2-a5c9-4e28-99bd-e4f124715621","D07","LECO","LECO.AOS.S2","2019-01-15","LECO.SS.20190115.POM.1","A00000044794","condition ok","SIRFER Lab at University of Utah","2019-04-22","ElFtGy1kV49xqNP00HfxQA==","POM","1",1000,25,100,"d15N",3.33,"perMill","Revesz & Coplen 2012a",,
"09d3f9aa-9331-4f18-9d68-84d1c093f812","D07","LECO","LECO.AOS.S2","2019-01-15","LECO.SS.20190115.POM.1","A00000044794","condition ok","SIRFER Lab at University of Utah","2019-04-22","ElFtGy1kV49xqNP00HfxQA==","POM","1",1000,25,100,"nitrogen",18.65,"microgramsPerLiter","Revesz & Coplen 2012a",,
"8d8fafe6-574b-497e-a542-ab7181b6375a","D07","LECO","LECO.AOS.S2","2019-01-15","LECO.SS.20190115.POM.1","A00000044794","condition ok","SIRFER Lab at University of Utah","2019-04-22","ElFtGy1kV49xqNP00HfxQA==","POM","1",1000,25,100,"carbon",299.78,"microgramsPerLiter","Revesz & Coplen 2012a",,
"8c2d2f2d-939f-43d3-a85d-8686486afb63","D07","LECO","LECO.AOS.S2","2019-01-21","LECO.SS.20190121.POM.1","A00000044781","condition ok","SIRFER Lab at University of Utah","2019-04-22","ElFtGy1kV49xqNP00HfxQA==","POM","1",1000,25,100,"carbon",190.11,"microgramsPerLiter","Revesz & Coplen 2012a",,
"d0b49d4d-af2a-4a2f-8e23-c38b4f061de1","D07","LECO","LECO.AOS.S2","2019-01-21","LECO.SS.20190121.POM.1","A00000044781","condition ok","SIRFER Lab at University of Utah","2019-04-22","ElFtGy1kV49xqNP00HfxQA==","POM","1",1000,25,100,"nitrogen",12.88,"microgramsPerLiter","Revesz & Coplen 2012a",,
"17efef04-d2d6-4620-bcc4-8da5838a3a8f","D07","LECO","LECO.AOS.S2","2019-01-21","LECO.SS.20190121.POM.1","A00000044781","condition ok","SIRFER Lab at University of Utah","2019-04-22","ElFtGy1kV49xqNP00HfxQA==","POM","1",1000,25,100,"d15N",3.11,"perMill","Revesz & Coplen 2012a",,
"cdcd5bf5-c863-441f-b5b9-f24bc30a9a76","D07","LECO","LECO.AOS.S2","2019-01-21","LECO.SS.20190121.POM.1","A00000044781","condition ok","SIRFER Lab at University of Utah","2019-04-22","ElFtGy1kV49xqNP00HfxQA==","POM","1",1000,25,100,"d13C",-28.81,"perMill","Revesz & Coplen 2012a",,
