uid,domainID,siteID,namedLocation,collectDate,sampleID,sampleCode,sampleCondition,laboratoryName,analysisDate,analyzedBy,sampleType,replicate,sampleVolumeFiltered,filterSize,percentFilterAnalyzed,analyte,analyteConcentration,plantAlgaeLabUnits,method,externalRemarks,externalLabDataQF
"6cdc2b0a-246c-45a7-b851-7c53e3f4e129","D15","REDB","REDB.AOS.S2","2018-02-06","REDB.SS.20180206.POM.1",,"condition ok","SIRFER Lab at University of Utah","2018-07-18","ElFtGy1kV49xqNP00HfxQA==","POM","1",258,25,100,"d15N",1.18,"perMill","Revesz & Coplen 2012a",,
"8157e299-f31a-4f13-a89d-5a85fe17a3c5","D15","REDB","REDB.AOS.S2","2018-02-06","REDB.SS.20180206.POM.1",,"condition ok","SIRFER Lab at University of Utah","2018-07-18","ElFtGy1kV49xqNP00HfxQA==","POM","1",258,25,100,"nitrogen",17.58,"microgramsPerLiter","Revesz & Coplen 2012a",,
"33b6d8eb-fc98-4960-8ece-79c7419c1bb6","D15","REDB","REDB.AOS.S2","2018-02-06","REDB.SS.20180206.POM.1",,"condition ok","SIRFER Lab at University of Utah","2018-07-18","ElFtGy1kV49xqNP00HfxQA==","POM","1",258,25,100,"carbon",343.31,"microgramsPerLiter","Revesz & Coplen 2012a",,
"5b27ee57-6a69-4f24-9e5b-e3f1a406be24","D15","REDB","REDB.AOS.S2","2018-02-06","REDB.SS.20180206.POM.1",,"condition ok","SIRFER Lab at University of Utah","2018-07-18","ElFtGy1kV49xqNP00HfxQA==","POM","1",258,25,100,"d13C",-28.48,"perMill","Revesz & Coplen 2012a",,
"66e5d45e-3805-45a8-8b22-78f4c3cab7f2","D15","REDB","REDB.AOS.S2","2018-02-20","REDB.SS.20180220.POM.1",,"condition ok","SIRFER Lab at University of Utah","2018-07-18","ElFtGy1kV49xqNP00HfxQA==","POM","1",233,25,100,"d15N",4.47,"perMill","Revesz & Coplen 2012a",,
"003e39a2-00d1-48c0-a360-2ff593785610","D15","REDB","REDB.AOS.S2","2018-02-20","REDB.SS.20180220.POM.1",,"condition ok","SIRFER Lab at University of Utah","2018-07-18","ElFtGy1kV49xqNP00HfxQA==","POM","1",233,25,100,"nitrogen",36.88,"microgramsPerLiter","Revesz & Coplen 2012a",,
"f52a9bb6-89cb-4278-8fc6-9c9120499e3c","D15","REDB","REDB.AOS.S2","2018-02-20","REDB.SS.20180220.POM.1",,"condition ok","SIRFER Lab at University of Utah","2018-07-18","ElFtGy1kV49xqNP00HfxQA==","POM","1",233,25,100,"carbon",714.37,"microgramsPerLiter","Revesz & Coplen 2012a",,
"37da52b4-e91e-45df-8b0d-3b1480f6105b","D15","REDB","REDB.AOS.S2","2018-02-20","REDB.SS.20180220.POM.1",,"condition ok","SIRFER Lab at University of Utah","2018-07-18","ElFtGy1kV49xqNP00HfxQA==","POM","1",233,25,100,"d13C",-25.21,"perMill","Revesz & Coplen 2012a",,
