uid,domainID,siteID,namedLocation,collectDate,parentSampleID,parentSampleCode,isotopeH2OSampleCond,isotopeH2OSampleID,isotopeH2OSampleCode,isotopePOMRep2SampleCond,isotopePOMRep2SampleID,isotopePOMRep2SampleCode,isotopePOMSampleCond,isotopePOMSampleID,isotopePOMSampleCode,processedDateFilters,processedDateH2OIsotopes,sampleVolumeFilteredPOMRep1,sampleVolumeFilteredPOMRep2,fieldDataQF
"c9d67805-37cd-4570-b41a-f3f7af94a82f","D19","CARI","CARI.AOS.S2","2019-07-02T18:49Z","CARI.SS.20190702",,"Sample condition ok","CARI.SS.20190702.H2O.1","A00000102563","Sample condition ok","CARI.SS.20190702.POM.2","A00000102548","Sample condition ok","CARI.SS.20190702.POM.1","A00000102547","2019-07-02T21:10Z","2019-07-02T21:41Z",750,750,
"29ed6155-af5e-4225-aca2-093780a7b620","D19","CARI","CARI.AOS.S2","2019-07-10T19:49Z","CARI.SS.20190710",,"Sample condition ok","CARI.SS.20190710.H2O.1","A00000065867","Sample condition ok","CARI.SS.20190710.POM.2","A00000065868","Sample condition ok","CARI.SS.20190710.POM.1","A00000065884","2019-07-10T22:45Z","2019-07-10T23:00Z",750,750,
"a75d111e-68c2-4a01-a649-a3566237793d","D19","CARI","CARI.AOS.S2","2019-07-17T18:33Z","CARI.SS.20190717",,"Sample condition ok","CARI.SS.20190717.H2O.1","A00000065887","Sample condition ok","CARI.SS.20190717.POM.2","A00000102641","Sample condition ok","CARI.SS.20190717.POM.1","A00000102642",,"2019-07-17T21:03Z",750,750,
"c95ee19b-8f4a-4e6b-9db2-53dc1c8dadc9","D19","CARI","CARI.AOS.S2","2019-07-24T19:30Z","CARI.SS.20190724",,"Sample condition ok","CARI.SS.20190724.H2O.1","A00000027467","Sample condition ok","CARI.SS.20190724.POM.2","A00000100571","Sample condition ok","CARI.SS.20190724.POM.1","A00000065890","2019-07-24T22:02Z","2019-07-24T22:01Z",750,750,
