uid,domainID,siteID,namedLocation,decimalLatitude,decimalLongitude,coordinateUncertainty,additionalCoordUncertainty,elevation,elevationUncertainty,geodeticDatum,altLocation,altLatitude,altLongitude,altCoordinateUncertainty,altGeodeticDatum,collectDate,aquaticSiteType,samplingImpractical,parentSampleID,parentSampleCode,eventID,samplerType,dissolvedOxygen,dissolvedOxygenSaturation,specificConductance,waterTemp,asiSamplingProtocolVersion,lowerSegmentDepth,upperSegmentDepth,maxDepth,lakeSampleDepth1,lakeSampleDepth2,aCollectedBy,bCollectedBy,remarks,fieldDataQF
"14ab28f4-6f73-4e00-90c0-ef088cd6c4b0","D19","CARI","CARI.AOS.S2",65.153073,-147.501999,0.1,10.0,225.4,0.0,"WGS84",,,,,,"2019-07-02T18:49Z","stream",,"CARI.SS.20190702",,"CARI.20190702","Grab",14.40,116.00,93.00,4.80,"NEON.DOC.001886vF",,,,,,"0000-0002-1118-0428","0000-0001-9124-8148",,
"26fd78c0-3fc6-4e58-9da6-c4d3c8d2a318","D19","CARI","CARI.AOS.S2",65.153073,-147.501999,0.1,10.0,225.4,0.0,"WGS84",,,,,,"2019-07-10T19:49Z","stream",,"CARI.SS.20190710",,"CARI.20190710","Grab",13.10,106.00,109.80,5.40,"NEON.DOC.001886vF",,,,,,"0000-0003-1651-3911","0000-0002-1118-0428",,
"605359f8-92f0-4cda-93eb-48abfa677fd4","D19","CARI","CARI.AOS.S2",65.153073,-147.501999,0.1,10.0,225.4,0.0,"WGS84",,,,,,"2019-07-17T18:33Z","stream",,"CARI.SS.20190717",,"CARI.20190717","Grab",15.60,125.00,108.40,5.20,"NEON.DOC.001886vF",,,,,,"0000-0001-9124-8148","0000-0002-1118-0428",,
"45c5be95-40af-4e0b-ba32-c03444c5df74","D19","CARI","CARI.AOS.S2",65.153073,-147.501999,0.1,10.0,225.4,0.0,"WGS84",,,,,,"2019-07-24T19:30Z","stream",,"CARI.SS.20190724",,"CARI.20190724","Grab",15.50,127.00,111.60,6.00,"NEON.DOC.001886vF",,,,,,"0000-0002-1118-0428",,,
