uid,domainID,siteID,namedLocation,collectDate,sampleID,sampleCode,sampleCondition,laboratoryName,analysisDate,analyzedBy,sampleType,replicate,sampleVolumeFiltered,filterSize,percentFilterAnalyzed,analyte,analyteConcentration,plantAlgaeLabUnits,method,externalRemarks,externalLabDataQF
"71602738-30a6-4ff8-9f89-7b53089953fa","D19","CARI","CARI.AOS.S2","2019-07-02","CARI.SS.20190702.POM.1","A00000102547","condition ok","SIRFER Lab at University of Utah","2019-11-01","ElFtGy1kV49xqNP00HfxQA==","POM","1",750,25,100,"d13C",-27.64,"perMill","Revesz & Coplen 2012a",,
"595d6925-8b6d-43bf-ac3d-d631c0debe1b","D19","CARI","CARI.AOS.S2","2019-07-02","CARI.SS.20190702.POM.1","A00000102547","condition ok","SIRFER Lab at University of Utah","2019-11-01","ElFtGy1kV49xqNP00HfxQA==","POM","1",750,25,100,"d15N",0.84,"perMill","Revesz & Coplen 2012a",,
"cee01528-2574-4563-9cb1-04b747d634f5","D19","CARI","CARI.AOS.S2","2019-07-02","CARI.SS.20190702.POM.1","A00000102547","condition ok","SIRFER Lab at University of Utah","2019-11-01","ElFtGy1kV49xqNP00HfxQA==","POM","1",500,25,100,"nitrogen",10.14,"microgramsPerLiter","Revesz & Coplen 2012a",,
"e55df789-9c9c-4b9f-9db7-be0c855f911f","D19","CARI","CARI.AOS.S2","2019-07-02","CARI.SS.20190702.POM.1","A00000102547","condition ok","SIRFER Lab at University of Utah","2019-11-01","ElFtGy1kV49xqNP00HfxQA==","POM","1",750,25,100,"carbon",130.44,"microgramsPerLiter","Revesz & Coplen 2012a",,
"32d63143-cefc-4744-b6cd-e47109f227df","D19","CARI","CARI.AOS.S2","2019-07-10","CARI.SS.20190710.POM.1","A00000065884","condition ok","SIRFER Lab at University of Utah","2019-11-01","ElFtGy1kV49xqNP00HfxQA==","POM","1",750,25,100,"d15N",2.80,"perMill","Revesz & Coplen 2012a",,
"db8e990a-77cf-425d-8e03-6ce3a737b683","D19","CARI","CARI.AOS.S2","2019-07-10","CARI.SS.20190710.POM.1","A00000065884","condition ok","SIRFER Lab at University of Utah","2019-11-01","ElFtGy1kV49xqNP00HfxQA==","POM","1",750,25,100,"d13C",-27.69,"perMill","Revesz & Coplen 2012a",,
"a3f4014b-8f4b-4896-bc65-99c95d853839","D19","CARI","CARI.AOS.S2","2019-07-10","CARI.SS.20190710.POM.1","A00000065884","condition ok","SIRFER Lab at University of Utah","2019-11-01","ElFtGy1kV49xqNP00HfxQA==","POM","1",750,25,100,"carbon",135.43,"microgramsPerLiter","Revesz & Coplen 2012a",,
"06dcf625-5ecc-47f0-a72f-800ce153c63a","D19","CARI","CARI.AOS.S2","2019-07-10","CARI.SS.20190710.POM.1","A00000065884","condition ok","SIRFER Lab at University of Utah","2019-11-01","ElFtGy1kV49xqNP00HfxQA==","POM","1",750,25,100,"nitrogen",11.52,"microgramsPerLiter","Revesz & Coplen 2012a",,
