uid,domainID,siteID,namedLocation,collectDate,sampleID,sampleCode,sampleCondition,laboratoryName,analysisDate,analyzedBy,sampleType,replicate,sampleVolumeFiltered,filterSize,percentFilterAnalyzed,analyte,analyteConcentration,plantAlgaeLabUnits,method,externalRemarks,externalLabDataQF
"5b73a67b-2999-4609-b504-16e9714e2abc","D09","PRLA","PRLA.AOS.buoy.c0","2017-03-22","PRLA.C0.20170322.POM.1",,"condition ok","SIRFER Lab at University of Utah","2018-03-14","ElFtGy1kV49xqNP00HfxQA==","POM","1",60,25,100,"carbon",5014.20,"microgramsPerLiter","Revesz & Coplen 2012a",,
"7ba8bd82-fa4b-4c14-8205-201ffcc15698","D09","PRLA","PRLA.AOS.buoy.c0","2017-03-22","PRLA.C0.20170322.POM.1",,"condition ok","SIRFER Lab at University of Utah","2018-03-14","ElFtGy1kV49xqNP00HfxQA==","POM","1",60,25,100,"nitrogen",848.20,"microgramsPerLiter","Revesz & Coplen 2012a",,
"5a7a6425-0658-4b1e-890b-cb2be36326c7","D09","PRLA","PRLA.AOS.buoy.c0","2017-03-22","PRLA.C0.20170322.POM.1",,"condition ok","SIRFER Lab at University of Utah","2018-03-14","ElFtGy1kV49xqNP00HfxQA==","POM","1",60,25,100,"d13C",-29.00,"perMill","Revesz & Coplen 2012a",,
"a452f674-51f9-44c2-814d-e1bbd3e787f2","D09","PRLA","PRLA.AOS.buoy.c0","2017-03-22","PRLA.C0.20170322.POM.1",,"condition ok","SIRFER Lab at University of Utah","2018-03-14","ElFtGy1kV49xqNP00HfxQA==","POM","1",60,25,100,"d15N",8.50,"perMill","Revesz & Coplen 2012a",,
