uid,domainID,siteID,namedLocation,collectDate,sampleID,sampleCode,sampleCondition,laboratoryName,analysisDate,analyzedBy,sampleType,replicate,sampleVolumeFiltered,filterSize,percentFilterAnalyzed,analyte,analyteConcentration,plantAlgaeLabUnits,method,externalRemarks,externalLabDataQF
"04140c13-e41c-4697-a049-2db379d9a331","D16","MCRA","MCRA.AOS.S2","2018-07-24","MCRA.SS.20180724.POM.1","A00000024773","condition ok","SIRFER Lab at University of Utah","2018-09-24","ElFtGy1kV49xqNP00HfxQA==","POM","1",1500,25,100,"d13C",-26.94,"perMill","Revesz & Coplen 2012a",,
"bba3ebd6-7d7b-4abb-a487-355b7eccd85c","D16","MCRA","MCRA.AOS.S2","2018-07-24","MCRA.SS.20180724.POM.1","A00000024773","condition ok","SIRFER Lab at University of Utah","2018-09-24","ElFtGy1kV49xqNP00HfxQA==","POM","1",1500,25,100,"carbon",116.45,"microgramsPerLiter","Revesz & Coplen 2012a",,
"e311740e-bc19-45a0-b1d4-653e3579d36f","D16","MCRA","MCRA.AOS.S2","2018-07-24","MCRA.SS.20180724.POM.1","A00000024773","condition ok","SIRFER Lab at University of Utah","2018-09-24","ElFtGy1kV49xqNP00HfxQA==","POM","1",1500,25,100,"nitrogen",5.34,"microgramsPerLiter","Revesz & Coplen 2012a",,
"4a15d62f-758e-4398-bdd3-3ab5b51c85c0","D16","MCRA","MCRA.AOS.S2","2018-07-24","MCRA.SS.20180724.POM.1","A00000024773","condition ok","SIRFER Lab at University of Utah","2018-09-24","ElFtGy1kV49xqNP00HfxQA==","POM","1",1500,25,100,"d15N",2.02,"perMill","Revesz & Coplen 2012a",,
