uid,domainID,siteID,namedLocation,collectDate,sampleID,sampleCode,sampleCondition,laboratoryName,analysisDate,analyzedBy,sampleType,replicate,sampleVolumeFiltered,filterSize,percentFilterAnalyzed,analyte,analyteConcentration,plantAlgaeLabUnits,method,externalRemarks,externalLabDataQF
"6988fe51-bf8b-4bb5-9b4d-4e35c764175c","D09","PRLA","PRLA.AOS.inlet","2016-11-16","PRLA.IN.20161116.POM.1",,"other","Academy of Natural Sciences of Drexel University","2017-04-12","OKgcKejxXbI=","13C15N","1",,,100,"d15N",4.13,"perMill",,"filter folded poorly, sample loss",
"a2b90f1f-44d6-4b8d-8873-0a2570fcd2bf","D09","PRLA","PRLA.AOS.inlet","2016-11-16","PRLA.IN.20161116.POM.2",,"other","Academy of Natural Sciences of Drexel University","2017-06-01","OKgcKejxXbI=","13C15N","2",,,50,"d15N",4.18,"perMill",,"filter folded poorly, sample loss",
"ea382737-34f8-4947-abf4-d0ec8dacae0d","D09","PRLA","PRLA.AOS.inlet","2016-11-16","PRLA.IN.20161116.POM.2",,"other","Academy of Natural Sciences of Drexel University","2017-06-01","OKgcKejxXbI=","13C15N","2",,,50,"d13C",-29.43,"perMill",,"filter folded poorly, sample loss",
"1f9235f2-cd75-47fb-8722-79824260b9ad","D09","PRLA","PRLA.AOS.inlet","2016-11-16","PRLA.IN.20161116.POM.1",,"other","Academy of Natural Sciences of Drexel University","2017-04-12","OKgcKejxXbI=","13C15N","1",,,100,"d13C",,"perMill",,"filter folded poorly, sample loss, sample maxed out collector",
"27b21799-1eea-4fab-83be-10dc5d9fa581","D09","PRLA","PRLA.AOS.buoy.c0","2016-11-16","PRLA.C0.20161116.POM.2",,"other","Academy of Natural Sciences of Drexel University","2017-06-01","OKgcKejxXbI=","13C15N","2",,,50,"d15N",4.38,"perMill",,"filter folded poorly, sample loss",
"67cb8c66-34cc-4488-a118-4c4c61ee525a","D09","PRLA","PRLA.AOS.buoy.c0","2016-11-16","PRLA.C0.20161116.POM.1",,"other","Academy of Natural Sciences of Drexel University","2017-04-12","OKgcKejxXbI=","13C15N","1",,,100,"d15N",2.18,"perMill",,"filter folded poorly, sample loss",
"6cfeb460-3ac6-48b7-b094-a46528535706","D09","PRLA","PRLA.AOS.buoy.c0","2016-11-16","PRLA.C0.20161116.POM.2",,"other","Academy of Natural Sciences of Drexel University","2017-06-01","OKgcKejxXbI=","13C15N","2",,,50,"d13C",-29.52,"perMill",,"filter folded poorly, sample loss",
"312aed8a-69b2-40f1-adbd-96cd9c2bcebe","D09","PRLA","PRLA.AOS.buoy.c0","2016-11-16","PRLA.C0.20161116.POM.1",,"other","Academy of Natural Sciences of Drexel University","2017-04-12","OKgcKejxXbI=","13C15N","1",,,100,"d13C",,"perMill",,"filter folded poorly, sample loss, sample maxed out collector",
"caa735d8-b927-421e-b936-63510504a4cd","D09","PRLA","PRLA.AOS.outlet","2016-11-16","PRLA.OT.20161116.POM.1",,"other","Academy of Natural Sciences of Drexel University","2017-04-12","OKgcKejxXbI=","13C15N","1",,,100,"d15N",4.49,"perMill",,"filter folded poorly, sample loss",
"b716d884-5ca7-4470-b115-37034203a788","D09","PRLA","PRLA.AOS.outlet","2016-11-16","PRLA.OT.20161116.POM.2",,"other","Academy of Natural Sciences of Drexel University","2017-06-01","OKgcKejxXbI=","13C15N","2",,,50,"d15N",4.83,"perMill",,"filter folded poorly, sample loss",
"4d716853-4d02-4e45-b6c4-e18274c7adb1","D09","PRLA","PRLA.AOS.outlet","2016-11-16","PRLA.OT.20161116.POM.1",,"other","Academy of Natural Sciences of Drexel University","2017-04-12","OKgcKejxXbI=","13C15N","1",,,100,"d13C",,"perMill",,"filter folded poorly, sample loss, sample maxed out collector",
"a64eb860-1f04-4686-b4fd-96e208190492","D09","PRLA","PRLA.AOS.outlet","2016-11-16","PRLA.OT.20161116.POM.2",,"other","Academy of Natural Sciences of Drexel University","2017-06-01","OKgcKejxXbI=","13C15N","2",,,50,"d13C",-29.47,"perMill",,"filter folded poorly, sample loss",
