uid,domainID,siteID,namedLocation,collectDate,sampleID,sampleCode,sampleCondition,laboratoryName,analysisDate,analyzedBy,sampleType,replicate,sampleVolumeFiltered,filterSize,percentFilterAnalyzed,analyte,analyteConcentration,plantAlgaeLabUnits,method,externalRemarks,externalLabDataQF
"d75444b1-9b64-49e7-8e77-5759c12fa6e5","D06","KING","KING.AOS.S2","2015-10-06","KING.SS.20151006.POM.2",,"other","Academy of Natural Sciences of Drexel University","2017-05-10","OKgcKejxXbI=","13C15N","2",,,100,"d15N",3.30,"perMill",,"poor filter folding, sample loss",
"70f86a5c-967b-42a6-a236-7ade93be2e20","D06","KING","KING.AOS.S2","2015-10-06","KING.SS.20151006.POM.2",,"other","Academy of Natural Sciences of Drexel University","2017-05-10","OKgcKejxXbI=","13C15N","2",,,100,"d13C",-22.31,"perMill",,"poor filter folding, sample loss",
"ebf3fd22-ded2-4109-a857-4fafaa4ea99d","D06","KING","KING.AOS.S2","2015-10-06","KING.SS.20151006.POM.1",,"other","Academy of Natural Sciences of Drexel University","2017-02-10","OKgcKejxXbI=","13C15N","1",,,100,"d15N",4.49,"perMill",,"poor filter folding, sample loss",
"114b5784-9d30-4e00-bc90-e63ca9f29d7a","D06","KING","KING.AOS.S2","2015-10-06","KING.SS.20151006.POM.1",,"other","Academy of Natural Sciences of Drexel University","2017-02-10","OKgcKejxXbI=","13C15N","1",,,100,"d13C",-19.70,"perMill",,"poor filter folding, sample loss",
"260f1821-78aa-49f0-b2d7-e7798148793e","D06","KING","KING.AOS.S2","2015-10-28","KING.SS.20151028.POM.1",,"other","Academy of Natural Sciences of Drexel University","2017-02-10","OKgcKejxXbI=","13C15N","1",250,,100,"d15N",3.67,"perMill",,"poor filter folding, sample loss",
"6439df9d-04f7-4bd9-b335-c2e8b24c8ec5","D06","KING","KING.AOS.S2","2015-10-28","KING.SS.20151028.POM.1",,"other","Academy of Natural Sciences of Drexel University","2017-02-10","OKgcKejxXbI=","13C15N","1",250,,100,"d13C",-20.61,"perMill",,"poor filter folding, sample loss",
"243bc229-51ba-4285-b91e-25b70888441f","D06","KING","KING.AOS.S2","2015-10-28","KING.SS.20151028.POM.2",,"other","Academy of Natural Sciences of Drexel University","2017-05-10","OKgcKejxXbI=","13C15N","2",200,,100,"d13C",-20.98,"perMill",,"poor filter folding, sample loss",
"6e185b6b-9117-47cc-a6c5-3347f9237a80","D06","KING","KING.AOS.S2","2015-10-28","KING.SS.20151028.POM.2",,"other","Academy of Natural Sciences of Drexel University","2017-05-10","OKgcKejxXbI=","13C15N","2",200,,100,"d15N",6.35,"perMill",,"poor filter folding, sample loss",
