uid,domainID,siteID,namedLocation,collectDate,sampleID,sampleCode,sampleCondition,laboratoryName,analysisDate,analyzedBy,sampleType,replicate,sampleVolumeFiltered,filterSize,percentFilterAnalyzed,analyte,analyteConcentration,plantAlgaeLabUnits,method,externalRemarks,externalLabDataQF
"284895c7-21f4-46a9-9c76-85bdd8e4cd1c","D17","TECR","TECR.AOS.S2","2019-01-22","TECR.SS.20190122.POM.1","A00000062116","condition ok","SIRFER Lab at University of Utah","2019-05-09","ElFtGy1kV49xqNP00HfxQA==","POM","1",2000,25,100,"carbon",133.67,"microgramsPerLiter","Revesz & Coplen 2012a",,
"f039cfec-9b0a-4f93-8c79-2b4155fb2698","D17","TECR","TECR.AOS.S2","2019-01-22","TECR.SS.20190122.POM.1","A00000062116","condition ok","SIRFER Lab at University of Utah","2019-05-09","ElFtGy1kV49xqNP00HfxQA==","POM","1",2000,25,100,"d15N",-2.06,"perMill","Revesz & Coplen 2012a",,
"6ae0b903-48d8-4220-8ff6-67b5d030361b","D17","TECR","TECR.AOS.S2","2019-01-22","TECR.SS.20190122.POM.1","A00000062116","condition ok","SIRFER Lab at University of Utah","2019-05-09","ElFtGy1kV49xqNP00HfxQA==","POM","1",2000,25,100,"nitrogen",8.25,"microgramsPerLiter","Revesz & Coplen 2012a",,
"879dd87d-47e0-415f-8c67-cf597cce1b13","D17","TECR","TECR.AOS.S2","2019-01-22","TECR.SS.20190122.POM.1","A00000062116","condition ok","SIRFER Lab at University of Utah","2019-05-09","ElFtGy1kV49xqNP00HfxQA==","POM","1",2000,25,100,"d13C",-27.39,"perMill","Revesz & Coplen 2012a",,
