uid,domainID,siteID,namedLocation,collectDate,sampleID,sampleCode,sampleCondition,laboratoryName,analysisDate,analyzedBy,sampleType,replicate,sampleVolumeFiltered,filterSize,percentFilterAnalyzed,analyte,analyteConcentration,plantAlgaeLabUnits,method,externalRemarks,externalLabDataQF
"557f5f1b-4173-4721-88e5-1c1ce8a549bf","D01","HOPB","HOPB.AOS.S2","2017-11-07","HOPB.SS.20171107.POM.1",,"condition ok","SIRFER Lab at University of Utah","2018-07-23","ElFtGy1kV49xqNP00HfxQA==","POM","1",500,25,100,"d15N",-1.58,"perMill","Revesz & Coplen 2012a",,
"86628d1c-7fda-4da9-9c47-43f02903320f","D01","HOPB","HOPB.AOS.S2","2017-11-07","HOPB.SS.20171107.POM.1",,"condition ok","SIRFER Lab at University of Utah","2018-07-23","ElFtGy1kV49xqNP00HfxQA==","POM","1",500,25,100,"d13C",-28.71,"perMill","Revesz & Coplen 2012a",,
"034832fc-4a18-4639-8cf5-543703ece2f8","D01","HOPB","HOPB.AOS.S2","2017-11-07","HOPB.SS.20171107.POM.1",,"condition ok","SIRFER Lab at University of Utah","2018-07-23","ElFtGy1kV49xqNP00HfxQA==","POM","1",500,25,100,"nitrogen",19.48,"microgramsPerLiter","Revesz & Coplen 2012a",,
"3a8bfc0a-24b3-410d-be5a-ca4c8669d26e","D01","HOPB","HOPB.AOS.S2","2017-11-07","HOPB.SS.20171107.POM.1",,"condition ok","SIRFER Lab at University of Utah","2018-07-23","ElFtGy1kV49xqNP00HfxQA==","POM","1",500,25,100,"carbon",259.92,"microgramsPerLiter","Revesz & Coplen 2012a",,
"4bdd94fc-6df6-4be6-a8e1-da5625f90f2d","D01","HOPB","HOPB.AOS.S2","2017-11-13","HOPB.SS.20171113.POM.1",,"condition ok","SIRFER Lab at University of Utah","2018-07-23","ElFtGy1kV49xqNP00HfxQA==","POM","1",600,25,100,"carbon",190.85,"microgramsPerLiter","Revesz & Coplen 2012a",,
"c973063a-6fb9-45c3-9ab2-940b91987116","D01","HOPB","HOPB.AOS.S2","2017-11-13","HOPB.SS.20171113.POM.1",,"condition ok","SIRFER Lab at University of Utah","2018-07-23","ElFtGy1kV49xqNP00HfxQA==","POM","1",600,25,100,"d15N",12.54,"perMill","Revesz & Coplen 2012a",,
"ce3a12d1-9869-412e-9002-c2314ed9d728","D01","HOPB","HOPB.AOS.S2","2017-11-13","HOPB.SS.20171113.POM.1",,"condition ok","SIRFER Lab at University of Utah","2018-07-23","ElFtGy1kV49xqNP00HfxQA==","POM","1",600,25,100,"nitrogen",12.72,"microgramsPerLiter","Revesz & Coplen 2012a",,
"6cff9b61-731c-4291-9daf-3f70d3c529d6","D01","HOPB","HOPB.AOS.S2","2017-11-13","HOPB.SS.20171113.POM.1",,"condition ok","SIRFER Lab at University of Utah","2018-07-23","ElFtGy1kV49xqNP00HfxQA==","POM","1",600,25,100,"d13C",-28.72,"perMill","Revesz & Coplen 2012a",,
