uid,domainID,siteID,namedLocation,collectDate,sampleID,sampleCode,sampleCondition,laboratoryName,analysisDate,analyzedBy,sampleType,replicate,sampleVolumeFiltered,filterSize,percentFilterAnalyzed,analyte,analyteConcentration,plantAlgaeLabUnits,method,externalRemarks,externalLabDataQF
"68c1afd6-2fab-4b13-961b-8df01280d036","D08","TOMB","TOMB.AOS.buoy.c0","2018-05-08","TOMB.C0.20180508.POM.1","A00000015409","condition ok","SIRFER Lab at University of Utah","2018-08-30","ElFtGy1kV49xqNP00HfxQA==","POM","1",100,25,100,"carbon",1392.23,"microgramsPerLiter","Revesz & Coplen 2012a",,
"f310b632-f905-4ebb-b6a3-3fe3abad4323","D08","TOMB","TOMB.AOS.buoy.c0","2018-05-08","TOMB.C0.20180508.POM.1","A00000015409","condition ok","SIRFER Lab at University of Utah","2018-08-30","ElFtGy1kV49xqNP00HfxQA==","POM","1",100,25,100,"d13C",-27.63,"perMill","Revesz & Coplen 2012a",,
"9478bdce-84b5-441c-b984-74a723fc79d9","D08","TOMB","TOMB.AOS.buoy.c0","2018-05-08","TOMB.C0.20180508.POM.1","A00000015409","condition ok","SIRFER Lab at University of Utah","2018-08-30","ElFtGy1kV49xqNP00HfxQA==","POM","1",100,25,100,"d15N",4.11,"perMill","Revesz & Coplen 2012a",,
"912c835f-3cfe-40f6-a224-f442872bd689","D08","TOMB","TOMB.AOS.buoy.c0","2018-05-08","TOMB.C0.20180508.POM.1","A00000015409","condition ok","SIRFER Lab at University of Utah","2018-08-30","ElFtGy1kV49xqNP00HfxQA==","POM","1",100,25,100,"nitrogen",106.84,"microgramsPerLiter","Revesz & Coplen 2012a",,
"0d018abd-fc18-4508-a005-8cb9cdbc2ada","D08","TOMB","TOMB.AOS.buoy.c0","2018-05-15","TOMB.C0.20180515.POM.1","A00000015345","condition ok","SIRFER Lab at University of Utah","2018-08-30","ElFtGy1kV49xqNP00HfxQA==","POM","1",100,25,100,"carbon",1604.55,"microgramsPerLiter","Revesz & Coplen 2012a",,
"ab39714e-6f2f-478d-869a-3b158a2fd2fb","D08","TOMB","TOMB.AOS.buoy.c0","2018-05-15","TOMB.C0.20180515.POM.1","A00000015345","condition ok","SIRFER Lab at University of Utah","2018-08-30","ElFtGy1kV49xqNP00HfxQA==","POM","1",100,25,100,"d13C",-27.68,"perMill","Revesz & Coplen 2012a",,
"722af657-e247-4c74-be49-5fa58fc9ed61","D08","TOMB","TOMB.AOS.buoy.c0","2018-05-15","TOMB.C0.20180515.POM.1","A00000015345","condition ok","SIRFER Lab at University of Utah","2018-08-30","ElFtGy1kV49xqNP00HfxQA==","POM","1",100,25,100,"nitrogen",121.82,"microgramsPerLiter","Revesz & Coplen 2012a",,
"a6a7ae0f-4d33-4467-8f2d-091c6669c786","D08","TOMB","TOMB.AOS.buoy.c0","2018-05-15","TOMB.C0.20180515.POM.1","A00000015345","condition ok","SIRFER Lab at University of Utah","2018-08-30","ElFtGy1kV49xqNP00HfxQA==","POM","1",100,25,100,"d15N",3.83,"perMill","Revesz & Coplen 2012a",,
