uid,domainID,siteID,namedLocation,collectDate,sampleID,sampleCode,sampleCondition,laboratoryName,analysisDate,analyzedBy,sampleType,replicate,sampleVolumeFiltered,filterSize,percentFilterAnalyzed,analyte,analyteConcentration,plantAlgaeLabUnits,method,externalRemarks,externalLabDataQF
"6a770594-b53e-48ad-9963-89dc03772cf2","D04","GUIL","GUIL.AOS.S2","2016-04-05","GUIL.SS.20160405.POM.2",,"condition ok","Academy of Natural Sciences of Drexel University","2017-01-24","OKgcKejxXbI=","13C15N","2",,,100,"d15N",3.36,"perMill",,,
"12354e58-e487-4c2e-b97f-1d4105c8abbb","D04","GUIL","GUIL.AOS.S2","2016-04-05","GUIL.SS.20160405.POM.2",,"condition ok","Academy of Natural Sciences of Drexel University","2017-01-24","OKgcKejxXbI=","13C15N","2",,,100,"d13C",-25.15,"perMill",,,
"c7b7e1d2-065b-4ef2-b287-4e118cc6ab24","D04","GUIL","GUIL.AOS.S2","2016-04-05","GUIL.SS.20160405.POM.1",,"condition ok","Academy of Natural Sciences of Drexel University","2017-02-13","OKgcKejxXbI=","13C15N","1",,,100,"d15N",3.80,"perMill",,,
"382b6675-45b3-4c3f-962a-6426306f1b16","D04","GUIL","GUIL.AOS.S2","2016-04-05","GUIL.SS.20160405.POM.1",,"condition ok","Academy of Natural Sciences of Drexel University","2017-02-13","OKgcKejxXbI=","13C15N","1",,,100,"d13C",-25.35,"perMill",,,
"4df53dae-28ec-4a75-8dec-68544e225cb8","D04","GUIL","GUIL.AOS.S2","2016-04-26","GUIL.SS.20160426.POM.1",,"condition ok","Academy of Natural Sciences of Drexel University","2017-02-13","OKgcKejxXbI=","13C15N","1",,,100,"d13C",-26.49,"perMill",,,
"70b5d0a9-856d-4564-9267-96d1cf9b5113","D04","GUIL","GUIL.AOS.S2","2016-04-26","GUIL.SS.20160426.POM.2",,"condition ok","Academy of Natural Sciences of Drexel University","2017-01-24","OKgcKejxXbI=","13C15N","2",,,100,"d13C",-26.99,"perMill",,,
"337cc633-5776-4725-9dc1-986f8330b328","D04","GUIL","GUIL.AOS.S2","2016-04-26","GUIL.SS.20160426.POM.2",,"condition ok","Academy of Natural Sciences of Drexel University","2017-01-24","OKgcKejxXbI=","13C15N","2",,,100,"d15N",2.80,"perMill",,,
"fbc87e30-4ea1-472f-aed2-98689d4a764b","D04","GUIL","GUIL.AOS.S2","2016-04-26","GUIL.SS.20160426.POM.1",,"condition ok","Academy of Natural Sciences of Drexel University","2017-02-13","OKgcKejxXbI=","13C15N","1",,,100,"d15N",3.61,"perMill",,,
