uid,domainID,siteID,namedLocation,collectDate,sampleID,sampleCode,sampleCondition,laboratoryName,analysisDate,analyzedBy,sampleType,replicate,sampleVolumeFiltered,filterSize,percentFilterAnalyzed,analyte,analyteConcentration,plantAlgaeLabUnits,method,externalRemarks,externalLabDataQF
"77fa637b-7032-4072-9323-a24dbd829f75","D04","GUIL","GUIL.AOS.S2","2017-01-24","GUIL.SS.20170124.POM.2",,"other","Academy of Natural Sciences of Drexel University","2017-06-14","OKgcKejxXbI=","13C15N","2",,,100,"d15N",,"perMill",,"analysis corrupted during run",
"bd419c2f-976e-432e-8546-308da30581f0","D04","GUIL","GUIL.AOS.S2","2017-01-24","GUIL.SS.20170124.POM.1",,"condition ok","Academy of Natural Sciences of Drexel University","2017-05-25","OKgcKejxXbI=","13C15N","1",,,100,"d13C",-30.95,"perMill",,,
"a6606178-32de-49f4-8710-e3314a3fe68f","D04","GUIL","GUIL.AOS.S2","2017-01-24","GUIL.SS.20170124.POM.1",,"condition ok","Academy of Natural Sciences of Drexel University","2017-05-25","OKgcKejxXbI=","13C15N","1",,,100,"d15N",2.29,"perMill",,,
"3c24c76c-df38-4131-ba7e-43c73afbd768","D04","GUIL","GUIL.AOS.S2","2017-01-24","GUIL.SS.20170124.POM.2",,"other","Academy of Natural Sciences of Drexel University","2017-06-14","OKgcKejxXbI=","13C15N","2",,,100,"d13C",,"perMill",,"analysis corrupted during run",
