uid,domainID,siteID,namedLocation,collectDate,sampleID,sampleCode,sampleCondition,laboratoryName,analysisDate,analyzedBy,sampleType,replicate,sampleVolumeFiltered,filterSize,percentFilterAnalyzed,analyte,analyteConcentration,plantAlgaeLabUnits,method,externalRemarks,externalLabDataQF
"b843cf39-0aae-4174-9003-f6ccad405c96","D08","TOMB","TOMB.AOS.buoy.c0","2017-08-02","TOMB.C0.20170802.POM.1",,"condition ok","SIRFER Lab at University of Utah","2018-03-26","ElFtGy1kV49xqNP00HfxQA==","POM","1",100,25,100,"carbon",1063.40,"microgramsPerLiter","Revesz & Coplen 2012a",,
"400ff513-c3ad-4d18-a12b-f45d9181fb51","D08","TOMB","TOMB.AOS.buoy.c0","2017-08-02","TOMB.C0.20170802.POM.1",,"condition ok","SIRFER Lab at University of Utah","2018-03-26","ElFtGy1kV49xqNP00HfxQA==","POM","1",100,25,100,"d13C",-33.05,"perMill","Revesz & Coplen 2012a",,
"6ab5a6fd-d7db-44b3-830f-d14b1e823df1","D08","TOMB","TOMB.AOS.buoy.c0","2017-08-02","TOMB.C0.20170802.POM.1",,"condition ok","SIRFER Lab at University of Utah","2018-03-26","ElFtGy1kV49xqNP00HfxQA==","POM","1",100,25,100,"nitrogen",157.51,"microgramsPerLiter","Revesz & Coplen 2012a",,
"742738e5-094a-4442-bd48-1e3a0646aae8","D08","TOMB","TOMB.AOS.buoy.c0","2017-08-02","TOMB.C0.20170802.POM.1",,"condition ok","SIRFER Lab at University of Utah","2018-03-26","ElFtGy1kV49xqNP00HfxQA==","POM","1",100,25,100,"d15N",14.11,"perMill","Revesz & Coplen 2012a",,
"ac90e827-486d-4b5c-8a22-a20056df313e","D08","TOMB","TOMB.AOS.buoy.c0","2017-08-15","TOMB.C0.20170815.POM.1",,"condition ok","SIRFER Lab at University of Utah","2018-03-26","ElFtGy1kV49xqNP00HfxQA==","POM","1",100,25,100,"d13C",-29.91,"perMill","Revesz & Coplen 2012a",,
"369f05d6-03cc-42e1-ac36-0b3026e7e9c3","D08","TOMB","TOMB.AOS.buoy.c0","2017-08-15","TOMB.C0.20170815.POM.1",,"condition ok","SIRFER Lab at University of Utah","2018-03-26","ElFtGy1kV49xqNP00HfxQA==","POM","1",100,25,100,"carbon",1414.07,"microgramsPerLiter","Revesz & Coplen 2012a",,
"5b13ae65-8f01-49c6-8289-991fc3230357","D08","TOMB","TOMB.AOS.buoy.c0","2017-08-15","TOMB.C0.20170815.POM.1",,"condition ok","SIRFER Lab at University of Utah","2018-03-26","ElFtGy1kV49xqNP00HfxQA==","POM","1",100,25,100,"d15N",13.68,"perMill","Revesz & Coplen 2012a",,
"7c53e0e8-da90-4802-82d0-908a08054b18","D08","TOMB","TOMB.AOS.buoy.c0","2017-08-15","TOMB.C0.20170815.POM.1",,"condition ok","SIRFER Lab at University of Utah","2018-03-26","ElFtGy1kV49xqNP00HfxQA==","POM","1",100,25,100,"nitrogen",178.30,"microgramsPerLiter","Revesz & Coplen 2012a",,
