uid,domainID,siteID,namedLocation,collectDate,analysisDate,isotopeH2OSampleID,isotopeH2OSampleCode,instrumentSN,d18OWater,d2HWater,d18OsdWater,d2HsdWater,isotopeH2OExternalLabQF,laboratoryName,analyzedBy,sampleCondition,externalRemarks,externalLabDataQF
"e65953b2-e767-44b5-a239-f4eb4468a429","D13","WLOU","WLOU.AOS.S2","2019-07-01","2019-07-22","WLOU.SS.20190701.H2O.1","A00000089969","HIDS2052",-17.76,-131.28,0.01,0.07,0,"SIRFER Lab at University of Utah","OlSmE6RRn5QQH8tvUHmK5i/poYiQr6sd","OK",,
"53f7a8ab-6ab9-4c5d-a0de-8b28c7663d4d","D13","WLOU","WLOU.AOS.S2","2019-07-09","2019-10-14","WLOU.SS.20190709.H2O.1","A00000090702","HIDS2052",-17.98,-131.76,0.02,0.10,0,"SIRFER Lab at University of Utah","OlSmE6RRn5QQH8tvUHmK5i/poYiQr6sd","OK",,
"5147a525-be0f-4c7d-b921-8526f01d04be","D13","WLOU","WLOU.AOS.S2","2019-07-17","2019-10-14","WLOU.SS.20190717.H2O.1","A00000091127","HIDS2052",-18.00,-132.02,0.06,0.15,0,"SIRFER Lab at University of Utah","OlSmE6RRn5QQH8tvUHmK5i/poYiQr6sd","OK",,
"25bbea1f-ace0-4ff5-8849-8d8ca6f3798b","D13","WLOU","WLOU.AOS.S2","2019-07-29","2019-10-14","WLOU.SS.20190729.H2O.1","A00000090785","HIDS2052",-17.84,-131.66,0.05,0.06,0,"SIRFER Lab at University of Utah","OlSmE6RRn5QQH8tvUHmK5i/poYiQr6sd","OK",,
