uid,domainID,siteID,namedLocation,collectDate,parentSampleID,parentSampleCode,isotopeH2OSampleCond,isotopeH2OSampleID,isotopeH2OSampleCode,isotopePOMRep2SampleCond,isotopePOMRep2SampleID,isotopePOMRep2SampleCode,isotopePOMSampleCond,isotopePOMSampleID,isotopePOMSampleCode,processedDateFilters,processedDateH2OIsotopes,sampleVolumeFilteredPOMRep1,sampleVolumeFilteredPOMRep2,fieldDataQF
"2fc5ad70-6166-4f93-b133-be122202ad80","D13","WLOU","WLOU.AOS.S2","2019-07-01T17:25Z","WLOU.SS.20190701",,"Sample condition ok","WLOU.SS.20190701.H2O.1","A00000089969","Sample condition ok","WLOU.SS.20190701.POM.2","A00000090783","Sample condition ok","WLOU.SS.20190701.POM.1","A00000090781","2019-07-01T18:30Z","2019-07-01T17:33Z",800,800,
"5db0d9d1-13f6-47a0-9b01-14734799f691","D13","WLOU","WLOU.AOS.S2","2019-07-09T14:53Z","WLOU.SS.20190709",,"Sample condition ok","WLOU.SS.20190709.H2O.1","A00000090702","Sample condition ok","WLOU.SS.20190709.POM.2","A00000089960","Sample condition ok","WLOU.SS.20190709.POM.1","A00000090936","2019-07-09T15:37Z","2019-07-09T15:35Z",800,1000,
"ad9bc00b-1c52-41ab-9155-96b051e42537","D13","WLOU","WLOU.AOS.S2","2019-07-17T16:12Z","WLOU.SS.20190717",,"Sample condition ok","WLOU.SS.20190717.H2O.1","A00000091127","Sample condition ok","WLOU.SS.20190717.POM.2","A00000089961","Sample condition ok","WLOU.SS.20190717.POM.1","A00000090920",,,750,750,
"e2d50727-59b2-481d-bccb-d3bfb6bdbe2b","D13","WLOU","WLOU.AOS.S2","2019-07-29T16:21Z","WLOU.SS.20190729",,"Sample condition ok","WLOU.SS.20190729.H2O.1","A00000090785","Sample condition ok","WLOU.SS.20190729.POM.2","A00000091563","Sample condition ok","WLOU.SS.20190729.POM.1","A00000091564","2019-07-29T16:48Z","2019-07-29T16:48Z",1000,1000,
