uid,domainID,siteID,namedLocation,decimalLatitude,decimalLongitude,coordinateUncertainty,additionalCoordUncertainty,elevation,elevationUncertainty,geodeticDatum,altLocation,altLatitude,altLongitude,altCoordinateUncertainty,altGeodeticDatum,collectDate,aquaticSiteType,samplingImpractical,parentSampleID,parentSampleCode,eventID,samplerType,dissolvedOxygen,dissolvedOxygenSaturation,specificConductance,waterTemp,asiSamplingProtocolVersion,lowerSegmentDepth,upperSegmentDepth,maxDepth,lakeSampleDepth1,lakeSampleDepth2,aCollectedBy,bCollectedBy,remarks,fieldDataQF
"182c8b7c-7436-4fb4-b8a0-da59751a0f8d","D13","WLOU","WLOU.AOS.S2",39.890669,-105.911314,0.1,10.0,2899.5,0.0,"WGS84",,,,,,"2019-07-01T17:25Z","stream",,"WLOU.SS.20190701",,"WLOU.20190701","Grab",9.56,102.80,66.90,4.20,"NEON.DOC.001886vF",,,,,,"0000-0003-3415-3067","0000-0001-6869-2611",,
"2aadc663-6c34-428d-9616-4e7124654310","D13","WLOU","WLOU.AOS.S2",39.890669,-105.911314,0.1,10.0,2899.5,0.0,"WGS84",,,,,,"2019-07-09T14:53Z","stream",,"WLOU.SS.20190709",,"WLOU.20190709","Grab",9.72,103.30,73.30,12.00,"NEON.DOC.001886vF",,,,,,"0000-0002-5760-9269","0000-0001-7092-2850",,
"6386c716-9da6-4949-a7b6-06e45864de3c","D13","WLOU","WLOU.AOS.S2",39.890669,-105.911314,0.1,10.0,2899.5,0.0,"WGS84",,,,,,"2019-07-17T16:12Z","stream",,"WLOU.SS.20190717",,"WLOU.20190717","Grab",9.30,104.60,82.30,6.30,"NEON.DOC.001886vF",,,,,,"0000-0001-7092-2850","0000-0002-5729-4893",,
"b8d03db2-bfc3-4da6-8264-3ded11712775","D13","WLOU","WLOU.AOS.S2",39.890669,-105.911314,0.1,10.0,2899.5,0.0,"WGS84",,,,,,"2019-07-29T16:21Z","stream",,"WLOU.SS.20190729",,"WLOU.20190729","Grab",8.99,100.70,88.20,5.90,"NEON.DOC.001886vF",,,,,,"0000-0001-6869-2611","0000-0001-7092-2850",,
