uid,domainID,siteID,namedLocation,collectDate,sampleID,sampleCode,sampleCondition,laboratoryName,analysisDate,analyzedBy,sampleType,replicate,sampleVolumeFiltered,filterSize,percentFilterAnalyzed,analyte,analyteConcentration,plantAlgaeLabUnits,method,externalRemarks,externalLabDataQF
"fac4d3ff-3f98-48c4-9845-10bf1e523bb1","D13","COMO","COMO.AOS.S2","2017-04-12","COMO.SS.20170412.POM.2",,"condition ok","SIRFER Lab at University of Utah","2018-04-06","ElFtGy1kV49xqNP00HfxQA==","POM","1",250,25,100,"d15N",16.53,"perMill","Revesz & Coplen 2012a",,
"4e1c43ef-103a-4353-84bd-7fd78f2e3d70","D13","COMO","COMO.AOS.S2","2017-04-12","COMO.SS.20170412.POM.2",,"condition ok","SIRFER Lab at University of Utah","2018-04-06","ElFtGy1kV49xqNP00HfxQA==","POM","1",250,25,100,"d13C",-29.57,"perMill","Revesz & Coplen 2012a",,
"9387663e-3f16-48b1-9bda-009ea23f98bd","D13","COMO","COMO.AOS.S2","2017-04-12","COMO.SS.20170412.POM.2",,"condition ok","SIRFER Lab at University of Utah","2018-04-06","ElFtGy1kV49xqNP00HfxQA==","POM","1",250,25,100,"carbon",576.20,"microgramsPerLiter","Revesz & Coplen 2012a",,
"8861a6d1-8b0b-4480-8adb-9c3af1ea29df","D13","COMO","COMO.AOS.S2","2017-04-12","COMO.SS.20170412.POM.2",,"condition ok","SIRFER Lab at University of Utah","2018-04-06","ElFtGy1kV49xqNP00HfxQA==","POM","1",250,25,100,"nitrogen",24.35,"microgramsPerLiter","Revesz & Coplen 2012a",,
