uid,domainID,siteID,namedLocation,collectDate,sampleID,sampleCode,sampleCondition,laboratoryName,analysisDate,analyzedBy,sampleType,replicate,sampleVolumeFiltered,filterSize,percentFilterAnalyzed,analyte,analyteConcentration,plantAlgaeLabUnits,method,externalRemarks,externalLabDataQF
"7cbfe9a0-b66b-4589-89c1-d139c27a320f","D03","FLNT","FLNT.AOS.buoy.c0","2017-05-09","FLNT.C0.20170509.POM.2",,"condition ok","SIRFER Lab at University of Utah","2018-05-26","ElFtGy1kV49xqNP00HfxQA==","POM","1",,,100,"nitrogen",40.03,"microgramsPerLiter","Revesz & Coplen 2012a",,
"fd160971-c0bd-4f0f-94bc-b4584d733ab7","D03","FLNT","FLNT.AOS.buoy.c0","2017-05-09","FLNT.C0.20170509.POM.2",,"condition ok","SIRFER Lab at University of Utah","2018-05-26","ElFtGy1kV49xqNP00HfxQA==","POM","1",,,100,"d15N",15.94,"perMill","Revesz & Coplen 2012a",,
"8474ac34-c0fb-4158-8025-a43a9d670be2","D03","FLNT","FLNT.AOS.buoy.c0","2017-05-09","FLNT.C0.20170509.POM.2",,"condition ok","SIRFER Lab at University of Utah","2018-05-26","ElFtGy1kV49xqNP00HfxQA==","POM","1",,,100,"carbon",418.18,"microgramsPerLiter","Revesz & Coplen 2012a",,
"43ccea4c-2800-454b-99f3-02e6774dbd4c","D03","FLNT","FLNT.AOS.buoy.c0","2017-05-09","FLNT.C0.20170509.POM.2",,"condition ok","SIRFER Lab at University of Utah","2018-05-26","ElFtGy1kV49xqNP00HfxQA==","POM","1",,,100,"d13C",-28.33,"perMill","Revesz & Coplen 2012a",,
"9439c391-58a5-4878-8ece-c2f24eafc0f2","D03","FLNT","FLNT.AOS.buoy.c0","2017-05-16","FLNT.C0.20170516.POM.2",,"condition ok","SIRFER Lab at University of Utah","2018-05-26","ElFtGy1kV49xqNP00HfxQA==","POM","1",,,100,"d13C",-29.46,"perMill","Revesz & Coplen 2012a",,
"d6baa0c7-04be-42ff-8100-2d31f86b36d8","D03","FLNT","FLNT.AOS.buoy.c0","2017-05-16","FLNT.C0.20170516.POM.2",,"condition ok","SIRFER Lab at University of Utah","2018-05-26","ElFtGy1kV49xqNP00HfxQA==","POM","1",,,100,"d15N",12.25,"perMill","Revesz & Coplen 2012a",,
"8ca0ac5d-c6ff-48c0-9b2d-04f959209ba5","D03","FLNT","FLNT.AOS.buoy.c0","2017-05-16","FLNT.C0.20170516.POM.2",,"condition ok","SIRFER Lab at University of Utah","2018-05-26","ElFtGy1kV49xqNP00HfxQA==","POM","1",,,100,"nitrogen",37.23,"microgramsPerLiter","Revesz & Coplen 2012a",,
"7a65b407-9cef-4508-8724-605e132ea3bb","D03","FLNT","FLNT.AOS.buoy.c0","2017-05-16","FLNT.C0.20170516.POM.2",,"condition ok","SIRFER Lab at University of Utah","2018-05-26","ElFtGy1kV49xqNP00HfxQA==","POM","1",,,100,"carbon",299.28,"microgramsPerLiter","Revesz & Coplen 2012a",,
