uid,domainID,siteID,namedLocation,decimalLatitude,decimalLongitude,coordinateUncertainty,additionalCoordUncertainty,elevation,elevationUncertainty,geodeticDatum,altLocation,altLatitude,altLongitude,altCoordinateUncertainty,altGeodeticDatum,collectDate,aquaticSiteType,samplingImpractical,parentSampleID,parentSampleCode,eventID,samplerType,dissolvedOxygen,dissolvedOxygenSaturation,specificConductance,waterTemp,asiSamplingProtocolVersion,lowerSegmentDepth,upperSegmentDepth,maxDepth,lakeSampleDepth1,lakeSampleDepth2,aCollectedBy,bCollectedBy,remarks,fieldDataQF
"a7b2240f-4ec8-4efc-9532-322dbb263bc8","D18","TOOK","TOOK.AOS.buoy.c2",68.630699,-149.611405,10.0,10.0,715.0,10.0,"WGS84",,,,,,"2019-08-06T18:20Z","lake",,"TOOK.C2.20190806",,"TOOK.20190806","Kemmerer",,,,,"NEON.DOC.001886vF",20.1,11.5,20.1,13.7,18.0,"0000-0001-5131-1181","0000-0002-9744-1448",,
"e482ca99-1d37-420c-8b4f-d0f14644c0e2","D18","TOOK","TOOK.AOS.outlet",68.640502,-149.596089,0.1,10.0,717.0,0.0,"WGS84",,,,,,"2019-08-06T19:09Z","lake",,"TOOK.OT.20190806",,"TOOK.20190806","Kemmerer",9.70,97.00,91.10,11.80,"NEON.DOC.001886vF",,,1.0,0.5,,"0000-0002-9744-1448","0000-0001-5131-1181",,
"4556d983-15fb-420e-830a-5fc023736667","D18","TOOK","TOOK.AOS.inlet",68.625566,-149.595360,0.1,10.0,717.3,0.0,"WGS84",,,,,,"2019-08-06T19:50Z","lake",,"TOOK.IN.20190806",,"TOOK.20190806","Grab",10.50,100.00,85.80,9.60,"NEON.DOC.001886vF",,,,0.5,,"0000-0001-5131-1181","0000-0001-5131-1181",,
"31c0d5d3-15d9-4f91-81ba-7387ca5e6699","D18","TOOK","TOOK.AOS.buoy.c1",68.630699,-149.611405,10.0,10.0,715.0,10.0,"WGS84",,,,,,"2019-08-07T06:45Z","lake",,"TOOK.C1.20190806",,"TOOK.20190806","Grab",9.50,96.00,90.20,12.20,"NEON.DOC.001886vF",9.5,0.0,20.1,0.5,,,"0000-0001-5131-1181",,
