uid,domainID,siteID,namedLocation,collectDate,parentSampleID,parentSampleCode,isotopeH2OSampleCond,isotopeH2OSampleID,isotopeH2OSampleCode,isotopePOMRep2SampleCond,isotopePOMRep2SampleID,isotopePOMRep2SampleCode,isotopePOMSampleCond,isotopePOMSampleID,isotopePOMSampleCode,processedDateFilters,processedDateH2OIsotopes,sampleVolumeFilteredPOMRep1,sampleVolumeFilteredPOMRep2,fieldDataQF
"b0b1210b-5cfd-4af6-bea2-dda329ba4baa","D18","TOOK","TOOK.AOS.buoy.c2","2019-08-06T18:20Z","TOOK.C2.20190806",,"Sample condition ok","TOOK.C2.20190806.H2O.1","A00000099649","Sample condition ok","TOOK.C2.20190806.POM.2","A00000099640","Sample condition ok","TOOK.C2.20190806.POM.1","A00000099639","2019-08-06T23:17Z","2019-08-06T23:17Z",750,750,
"d1840fe6-a928-4ac6-a9a4-32f88025afd5","D18","TOOK","TOOK.AOS.outlet","2019-08-06T19:09Z","TOOK.OT.20190806",,"Sample condition ok","TOOK.OT.20190806.H2O.1","A00000099647","Sample condition ok","TOOK.OT.20190806.POM.2","A00000099644","Sample condition ok","TOOK.OT.20190806.POM.1","A00000099645","2019-08-06T22:30Z","2019-08-06T22:30Z",750,750,
"6e89b382-fb31-4abc-88ed-d71af1f9c569","D18","TOOK","TOOK.AOS.inlet","2019-08-06T19:50Z","TOOK.IN.20190806",,"Sample condition ok","TOOK.IN.20190806.H2O.1","A00000099642","Sample condition ok","TOOK.IN.20190806.POM.2","A00000099355","Sample condition ok","TOOK.IN.20190806.POM.1","A00000099354","2019-08-06T23:36Z","2019-08-06T23:36Z",750,750,
"0d5b50c0-be2e-4849-8357-e3808379ff7b","D18","TOOK","TOOK.AOS.buoy.c1","2019-08-07T06:45Z","TOOK.C1.20190806",,"Sample condition ok","TOOK.C1.20190806.H2O.1","A00000099648","Sample condition ok","TOOK.C1.20190806.POM.2","A00000099638","Sample condition ok","TOOK.C1.20190806.POM.1","A00000099637","2019-08-07T06:45Z","2019-08-07T06:45Z",750,750,
