uid,domainID,siteID,namedLocation,collectDate,sampleID,sampleCode,sampleCondition,laboratoryName,analysisDate,analyzedBy,sampleType,replicate,sampleVolumeFiltered,filterSize,percentFilterAnalyzed,analyte,analyteConcentration,plantAlgaeLabUnits,method,externalRemarks,externalLabDataQF
"343d5ce2-51d1-4a14-9980-9360d5ef65e7","D03","FLNT","FLNT.AOS.buoy.c0","2017-11-07","FLNT.C0.20171107.POM.1",,"condition ok","SIRFER Lab at University of Utah","2018-07-28","ElFtGy1kV49xqNP00HfxQA==","POM","1",500,25,100,"carbon",228.93,"microgramsPerLiter","Revesz & Coplen 2012a",,
"31a14270-137a-4023-aab5-c2524f18099b","D03","FLNT","FLNT.AOS.buoy.c0","2017-11-07","FLNT.C0.20171107.POM.1",,"condition ok","SIRFER Lab at University of Utah","2018-07-28","ElFtGy1kV49xqNP00HfxQA==","POM","1",500,25,100,"d15N",8.35,"perMill","Revesz & Coplen 2012a",,
"6e4c513d-5f52-4cc5-8d45-5c1b2d1cab06","D03","FLNT","FLNT.AOS.buoy.c0","2017-11-07","FLNT.C0.20171107.POM.1",,"condition ok","SIRFER Lab at University of Utah","2018-07-28","ElFtGy1kV49xqNP00HfxQA==","POM","1",500,25,100,"d13C",-29.79,"perMill","Revesz & Coplen 2012a",,
"fb962990-64e7-417b-9514-10ff56e0f1eb","D03","FLNT","FLNT.AOS.buoy.c0","2017-11-07","FLNT.C0.20171107.POM.1",,"condition ok","SIRFER Lab at University of Utah","2018-07-28","ElFtGy1kV49xqNP00HfxQA==","POM","1",500,25,100,"nitrogen",29.20,"microgramsPerLiter","Revesz & Coplen 2012a",,
"7bf2404b-774c-4477-9990-825e0a277ddc","D03","FLNT","FLNT.AOS.buoy.c0","2017-11-14","FLNT.C0.20171114.POM.1",,"condition ok","SIRFER Lab at University of Utah","2018-07-28","ElFtGy1kV49xqNP00HfxQA==","POM","1",350,25,100,"d15N",7.49,"perMill","Revesz & Coplen 2012a",,
"d3b4d36d-9c3a-48a0-8e02-2a5982724c74","D03","FLNT","FLNT.AOS.buoy.c0","2017-11-14","FLNT.C0.20171114.POM.1",,"condition ok","SIRFER Lab at University of Utah","2018-07-28","ElFtGy1kV49xqNP00HfxQA==","POM","1",350,25,100,"carbon",653.64,"microgramsPerLiter","Revesz & Coplen 2012a",,
"e50c9a51-97a8-4967-85ca-c15280e3bf2b","D03","FLNT","FLNT.AOS.buoy.c0","2017-11-14","FLNT.C0.20171114.POM.1",,"condition ok","SIRFER Lab at University of Utah","2018-07-28","ElFtGy1kV49xqNP00HfxQA==","POM","1",350,25,100,"nitrogen",29.06,"microgramsPerLiter","Revesz & Coplen 2012a",,
"f5f0bab8-e18b-4ac6-9045-8947ce6bff04","D03","FLNT","FLNT.AOS.buoy.c0","2017-11-14","FLNT.C0.20171114.POM.1",,"condition ok","SIRFER Lab at University of Utah","2018-07-28","ElFtGy1kV49xqNP00HfxQA==","POM","1",350,25,100,"d13C",-30.48,"perMill","Revesz & Coplen 2012a",,
