uid,domainID,siteID,namedLocation,collectDate,sampleID,sampleCode,sampleCondition,laboratoryName,analysisDate,analyzedBy,sampleType,replicate,sampleVolumeFiltered,filterSize,percentFilterAnalyzed,analyte,analyteConcentration,plantAlgaeLabUnits,method,externalRemarks,externalLabDataQF
"2138327d-d94d-4db7-bd68-4819e82551e9","D02","LEWI","LEWI.AOS.S2","2019-04-03","LEWI.SS.20190403.POM.1","A00000034081","condition ok","SIRFER Lab at University of Utah","2019-08-08","ElFtGy1kV49xqNP00HfxQA==","POM","1",500,25,100,"d15N",5.40,"perMill","Revesz & Coplen 2012a",,
"1dfbfba6-1f7a-4b38-9a92-b56e10bc261e","D02","LEWI","LEWI.AOS.S2","2019-04-03","LEWI.SS.20190403.POM.1","A00000034081","condition ok","SIRFER Lab at University of Utah","2019-08-08","ElFtGy1kV49xqNP00HfxQA==","POM","1",500,25,100,"carbon",900.26,"microgramsPerLiter","Revesz & Coplen 2012a",,
"1f32d0c6-d7f2-4894-9441-772855d5d84a","D02","LEWI","LEWI.AOS.S2","2019-04-03","LEWI.SS.20190403.POM.1","A00000034081","condition ok","SIRFER Lab at University of Utah","2019-08-08","ElFtGy1kV49xqNP00HfxQA==","POM","1",500,25,100,"d13C",-23.22,"perMill","Revesz & Coplen 2012a",,
"07510aee-4a3d-461a-aad3-cd95cb521a5f","D02","LEWI","LEWI.AOS.S2","2019-04-03","LEWI.SS.20190403.POM.1","A00000034081","condition ok","SIRFER Lab at University of Utah","2019-08-08","ElFtGy1kV49xqNP00HfxQA==","POM","1",500,25,100,"nitrogen",63.87,"microgramsPerLiter","Revesz & Coplen 2012a",,
