uid,domainID,siteID,namedLocation,collectDate,sampleID,sampleCode,sampleCondition,laboratoryName,analysisDate,analyzedBy,sampleType,replicate,sampleVolumeFiltered,filterSize,percentFilterAnalyzed,analyte,analyteConcentration,plantAlgaeLabUnits,method,externalRemarks,externalLabDataQF
"100fa956-5327-4985-ac05-de9cbd701697","D06","KING","KING.AOS.S2","2019-02-04","KING.SS.20190204.POM.1","A00000041657","condition ok","SIRFER Lab at University of Utah","2019-07-11","ElFtGy1kV49xqNP00HfxQA==","POM","1",1150,25,100,"carbon",127.30,"microgramsPerLiter","Revesz & Coplen 2012a",,
"5d2908bb-a239-490d-a144-52755a85c79f","D06","KING","KING.AOS.S2","2019-02-04","KING.SS.20190204.POM.1","A00000041657","condition ok","SIRFER Lab at University of Utah","2019-07-11","ElFtGy1kV49xqNP00HfxQA==","POM","1",1150,25,100,"nitrogen",12.42,"microgramsPerLiter","Revesz & Coplen 2012a",,
"640a86e9-bb22-4106-ae88-97f39df5fd75","D06","KING","KING.AOS.S2","2019-02-04","KING.SS.20190204.POM.1","A00000041657","condition ok","SIRFER Lab at University of Utah","2019-07-11","ElFtGy1kV49xqNP00HfxQA==","POM","1",1150,25,100,"d15N",3.53,"perMill","Revesz & Coplen 2012a",,
"3b215cd8-b153-40d0-b071-e09a6fcc3380","D06","KING","KING.AOS.S2","2019-02-04","KING.SS.20190204.POM.1","A00000041657","condition ok","SIRFER Lab at University of Utah","2019-07-11","ElFtGy1kV49xqNP00HfxQA==","POM","1",1150,25,100,"d13C",-28.13,"perMill","Revesz & Coplen 2012a",,
