uid,domainID,siteID,namedLocation,collectDate,sampleID,sampleCode,sampleCondition,laboratoryName,analysisDate,analyzedBy,sampleType,replicate,sampleVolumeFiltered,filterSize,percentFilterAnalyzed,analyte,analyteConcentration,plantAlgaeLabUnits,method,externalRemarks,externalLabDataQF
"d782b639-2c46-4776-97fa-b5a2c9916411","D05","CRAM","CRAM.AOS.outlet","2015-11-17","CRAM.OT.20151117.POM.1",,"other","Academy of Natural Sciences of Drexel University","2016-09-13","OKgcKejxXbI=","13C15N","1",,25,100,"d15N",,"perMill",,"filter not in shipment","Audit Failed. Document: A00036_DREX_AlgalChem_DocAudit_20170407.pdf & A00036_DREX_AlgalChem_VisitAudit_20170407.pdf"
"108e0f96-5c48-42e1-82a2-a12a99a3a824","D05","CRAM","CRAM.AOS.outlet","2015-11-17","CRAM.OT.20151117.POM.2",,"condition ok","Academy of Natural Sciences of Drexel University","2017-01-17","OKgcKejxXbI=","13C15N","2",300,25,100,"d13C",-32.58,"perMill",,,"Audit Failed. Document: A00036_DREX_AlgalChem_DocAudit_20170407.pdf & A00036_DREX_AlgalChem_VisitAudit_20170407.pdf"
"85805fea-4df6-4fc5-8821-1f35a42d6df4","D05","CRAM","CRAM.AOS.outlet","2015-11-17","CRAM.OT.20151117.POM.1",,"other","Academy of Natural Sciences of Drexel University","2016-09-13","OKgcKejxXbI=","13C15N","1",,25,100,"d13C",,"perMill",,"filter not in shipment","Audit Failed. Document: A00036_DREX_AlgalChem_DocAudit_20170407.pdf & A00036_DREX_AlgalChem_VisitAudit_20170407.pdf"
"34c6a406-b652-4bd6-bc49-16c6e48d81db","D05","CRAM","CRAM.AOS.outlet","2015-11-17","CRAM.OT.20151117.POM.2",,"condition ok","Academy of Natural Sciences of Drexel University","2017-01-17","OKgcKejxXbI=","13C15N","2",300,25,100,"d15N",0.90,"perMill",,,"Audit Failed. Document: A00036_DREX_AlgalChem_DocAudit_20170407.pdf & A00036_DREX_AlgalChem_VisitAudit_20170407.pdf"
"1bbf35e2-9826-4494-8de7-c12c3bc30e97","D05","CRAM","CRAM.AOS.outlet","2015-11-17","CRAM.OT.20151117.POM.2",,"condition ok","Academy of Natural Sciences of Drexel University","2017-01-17","OKgcKejxXbI=","13C15N","2",,,100,"d13C",-32.58,"perMill",,,
"547d7e39-9152-484a-a36f-9fed4e7c889b","D05","CRAM","CRAM.AOS.outlet","2015-11-17","CRAM.OT.20151117.POM.2",,"condition ok","Academy of Natural Sciences of Drexel University","2017-01-17","OKgcKejxXbI=","13C15N","2",,,100,"d15N",0.90,"perMill",,,
"8aca5d2e-dc0d-4389-bd47-57b2519451eb","D05","CRAM","CRAM.AOS.outlet","2015-11-17","CRAM.OT.20151117.POM.1",,"other","Academy of Natural Sciences of Drexel University","2016-09-13","OKgcKejxXbI=","13C15N","1",,,100,"d13C",,"perMill",,"filter not in shipment",
"67f6e0d6-1d08-4167-acab-503cca6ee7b9","D05","CRAM","CRAM.AOS.outlet","2015-11-17","CRAM.OT.20151117.POM.1",,"other","Academy of Natural Sciences of Drexel University","2016-09-13","OKgcKejxXbI=","13C15N","1",,,100,"d15N",,"perMill",,"filter not in shipment",
"ea693732-5814-4ab2-9185-b338ccd104fd","D05","CRAM","CRAM.AOS.inlet","2015-11-17","CRAM.IN.20151117.POM.1",,"other","Academy of Natural Sciences of Drexel University","2016-09-13","OKgcKejxXbI=","13C15N","1",,,100,"d13C",,"perMill",,"filter not in shipment",
"b02e07f9-f54c-4df3-b316-980870bdb7e3","D05","CRAM","CRAM.AOS.inlet","2015-11-17","CRAM.IN.20151117.POM.2",,"condition ok","Academy of Natural Sciences of Drexel University","2017-01-17","OKgcKejxXbI=","13C15N","2",,,100,"d13C",-34.12,"perMill",,,
"442408c4-6f8b-4d23-8c6b-1f5cbd63689a","D05","CRAM","CRAM.AOS.inlet","2015-11-17","CRAM.IN.20151117.POM.2",,"condition ok","Academy of Natural Sciences of Drexel University","2017-01-17","OKgcKejxXbI=","13C15N","2",300,25,100,"d15N",0.61,"perMill",,,"Audit Failed. Document: A00036_DREX_AlgalChem_DocAudit_20170407.pdf & A00036_DREX_AlgalChem_VisitAudit_20170407.pdf"
"8c20e978-f6f3-4cdc-8cd0-3631939a5f4c","D05","CRAM","CRAM.AOS.inlet","2015-11-17","CRAM.IN.20151117.POM.1",,"other","Academy of Natural Sciences of Drexel University","2016-09-13","OKgcKejxXbI=","13C15N","1",,25,100,"d13C",,"perMill",,"filter not in shipment","Audit Failed. Document: A00036_DREX_AlgalChem_DocAudit_20170407.pdf & A00036_DREX_AlgalChem_VisitAudit_20170407.pdf"
"884a4295-fd2d-4550-9d8b-6acdb673af8d","D05","CRAM","CRAM.AOS.inlet","2015-11-17","CRAM.IN.20151117.POM.1",,"other","Academy of Natural Sciences of Drexel University","2016-09-13","OKgcKejxXbI=","13C15N","1",,25,100,"d15N",,"perMill",,"filter not in shipment","Audit Failed. Document: A00036_DREX_AlgalChem_DocAudit_20170407.pdf & A00036_DREX_AlgalChem_VisitAudit_20170407.pdf"
"96883a7d-2f0e-46a0-ad50-e67640a415c8","D05","CRAM","CRAM.AOS.inlet","2015-11-17","CRAM.IN.20151117.POM.2",,"condition ok","Academy of Natural Sciences of Drexel University","2017-01-17","OKgcKejxXbI=","13C15N","2",300,25,100,"d13C",-34.12,"perMill",,,"Audit Failed. Document: A00036_DREX_AlgalChem_DocAudit_20170407.pdf & A00036_DREX_AlgalChem_VisitAudit_20170407.pdf"
"dd3f7bd2-46c4-4a84-81bb-32db3787ea44","D05","CRAM","CRAM.AOS.inlet","2015-11-17","CRAM.IN.20151117.POM.2",,"condition ok","Academy of Natural Sciences of Drexel University","2017-01-17","OKgcKejxXbI=","13C15N","2",,,100,"d15N",0.61,"perMill",,,
"e1587d17-58f0-4357-b882-563f27be2583","D05","CRAM","CRAM.AOS.inlet","2015-11-17","CRAM.IN.20151117.POM.1",,"other","Academy of Natural Sciences of Drexel University","2016-09-13","OKgcKejxXbI=","13C15N","1",,,100,"d15N",,"perMill",,"filter not in shipment",
"4c2b1de1-6174-48de-a4bb-0eb3fa645b0a","D05","CRAM","CRAM.AOS.buoy.c0","2015-11-17","CRAM.C0.20151117.POM.2",,"condition ok","Academy of Natural Sciences of Drexel University","2017-01-17","OKgcKejxXbI=","13C15N","2",300,25,100,"d13C",-34.35,"perMill",,,"Audit Failed. Document: A00036_DREX_AlgalChem_DocAudit_20170407.pdf & A00036_DREX_AlgalChem_VisitAudit_20170407.pdf"
"3d4b4cf7-f682-4b4b-a9cd-904d8e907576","D05","CRAM","CRAM.AOS.buoy.c0","2015-11-17","CRAM.C0.20151117.POM.2",,"condition ok","Academy of Natural Sciences of Drexel University","2017-01-17","OKgcKejxXbI=","13C15N","2",,,100,"d15N",0.74,"perMill",,,
"331d1c9d-66ab-4245-9441-4f009fad3d0c","D05","CRAM","CRAM.AOS.buoy.c0","2015-11-17","CRAM.C0.20151117.POM.1",,"condition ok","Academy of Natural Sciences of Drexel University","2016-09-13","OKgcKejxXbI=","13C15N","1",,,100,"d13C",-34.27,"perMill",,,
"2482c374-8a7b-4eeb-9a7c-6013e49dff9a","D05","CRAM","CRAM.AOS.buoy.c0","2015-11-17","CRAM.C0.20151117.POM.1",,"condition ok","Academy of Natural Sciences of Drexel University","2016-09-13","OKgcKejxXbI=","13C15N","1",,,100,"d15N",0.09,"perMill",,,
"58aa008a-e7d1-4d4e-80b4-63128958c5a7","D05","CRAM","CRAM.AOS.buoy.c0","2015-11-17","CRAM.C0.20151117.POM.1",,"condition ok","Academy of Natural Sciences of Drexel University","2016-09-13","OKgcKejxXbI=","13C15N","1",300,25,100,"d13C",-34.27,"perMill",,,"Audit Failed. Document: A00036_DREX_AlgalChem_DocAudit_20170407.pdf & A00036_DREX_AlgalChem_VisitAudit_20170407.pdf"
"ab1bf865-851f-4531-84dd-92d8100ac5ae","D05","CRAM","CRAM.AOS.buoy.c0","2015-11-17","CRAM.C0.20151117.POM.2",,"condition ok","Academy of Natural Sciences of Drexel University","2017-01-17","OKgcKejxXbI=","13C15N","2",300,25,100,"d15N",0.74,"perMill",,,"Audit Failed. Document: A00036_DREX_AlgalChem_DocAudit_20170407.pdf & A00036_DREX_AlgalChem_VisitAudit_20170407.pdf"
"296c47cf-f031-45d4-9d23-79b441bcfec6","D05","CRAM","CRAM.AOS.buoy.c0","2015-11-17","CRAM.C0.20151117.POM.1",,"condition ok","Academy of Natural Sciences of Drexel University","2016-09-13","OKgcKejxXbI=","13C15N","1",300,25,100,"d15N",0.09,"perMill",,,"Audit Failed. Document: A00036_DREX_AlgalChem_DocAudit_20170407.pdf & A00036_DREX_AlgalChem_VisitAudit_20170407.pdf"
"c19c00a6-efdf-4510-8413-f1e3884e37a2","D05","CRAM","CRAM.AOS.buoy.c0","2015-11-17","CRAM.C0.20151117.POM.2",,"condition ok","Academy of Natural Sciences of Drexel University","2017-01-17","OKgcKejxXbI=","13C15N","2",,,100,"d13C",-34.35,"perMill",,,
