uid,domainID,siteID,namedLocation,collectDate,sampleID,sampleCode,sampleCondition,laboratoryName,analysisDate,analyzedBy,sampleType,replicate,sampleVolumeFiltered,filterSize,percentFilterAnalyzed,analyte,analyteConcentration,plantAlgaeLabUnits,method,externalRemarks,externalLabDataQF
"b2e9e214-cfeb-4408-bc6e-e16b38325278","D01","HOPB","HOPB.AOS.S2","2018-10-09","HOPB.SS.20181009.POM.1","A00000032617","condition ok","SIRFER Lab at University of Utah","2019-01-11","ElFtGy1kV49xqNP00HfxQA==","POM","1",300,25,100,"d13C",,"perMill","Revesz & Coplen 2012a",,
"e53989e4-9e50-4a00-a8b4-6b1f330df189","D01","HOPB","HOPB.AOS.S2","2018-10-09","HOPB.SS.20181009.POM.1","A00000032617","condition ok","SIRFER Lab at University of Utah","2019-01-11","ElFtGy1kV49xqNP00HfxQA==","POM","1",300,25,100,"d15N",,"perMill","Revesz & Coplen 2012a",,
"43e751be-ff3f-4ab9-b2f8-3142efb553e9","D01","HOPB","HOPB.AOS.S2","2018-10-09","HOPB.SS.20181009.POM.1","A00000032617","condition ok","SIRFER Lab at University of Utah","2019-01-11","ElFtGy1kV49xqNP00HfxQA==","POM","1",300,25,100,"carbon",,"microgramsPerLiter","Revesz & Coplen 2012a",,
"5fb9c823-2fca-4369-a5a1-dea5a7adde54","D01","HOPB","HOPB.AOS.S2","2018-10-09","HOPB.SS.20181009.POM.1","A00000032617","condition ok","SIRFER Lab at University of Utah","2019-01-11","ElFtGy1kV49xqNP00HfxQA==","POM","1",300,25,100,"nitrogen",,"microgramsPerLiter","Revesz & Coplen 2012a",,
