uid,domainID,siteID,namedLocation,collectDate,parentSampleID,parentSampleCode,isotopeH2OSampleCond,isotopeH2OSampleID,isotopeH2OSampleCode,isotopePOMRep2SampleCond,isotopePOMRep2SampleID,isotopePOMRep2SampleCode,isotopePOMSampleCond,isotopePOMSampleID,isotopePOMSampleCode,processedDateFilters,processedDateH2OIsotopes,sampleVolumeFilteredPOMRep1,sampleVolumeFilteredPOMRep2,fieldDataQF
"b97a35fc-881f-4a32-9517-f2158c52d9a4","D05","CRAM","CRAM.AOS.buoy.c1","2019-10-01T14:53Z","CRAM.C1.20191001",,"Sample condition ok","CRAM.C1.20191001.H2O.1","A00000078792","Sample condition ok","CRAM.C1.20191001.POM.2","A00000078806","Sample condition ok","CRAM.C1.20191001.POM.1","A00000078805","2019-10-01T16:54Z","2019-10-01T16:54Z",200,200,
"fe39b519-c508-426a-a3b6-83712287b54f","D05","CRAM","CRAM.AOS.buoy.c2","2019-10-01T15:06Z","CRAM.C2.20191001",,"Sample condition ok","CRAM.C2.20191001.H2O.1","A00000078793","Sample condition ok","CRAM.C2.20191001.POM.2","A00000078803","Sample condition ok","CRAM.C2.20191001.POM.1","A00000078802","2019-10-01T17:15Z","2019-10-01T17:15Z",200,200,
"f5ace126-0720-4189-8b28-d7008441c0be","D05","CRAM","CRAM.AOS.buoy.c1","2019-10-15T14:41Z","CRAM.C1.20191015",,"Sample condition ok","CRAM.C1.20191015.H2O.3","A00000078943",,,,,,,,"2019-10-15T14:41Z",,,
"94de958e-0898-43e5-90ce-e846447f8bf7","D05","CRAM","CRAM.AOS.buoy.c1","2019-10-15T14:41Z","CRAM.C1.20191015",,"Sample condition ok","CRAM.C1.20191015.H2O.1","A00000078945","Sample condition ok","CRAM.C1.20191015.POM.2","A00000078948","Sample condition ok","CRAM.C1.20191015.POM.1","A00000078949","2019-10-15T16:25Z","2019-10-15T14:41Z",250,250,
"f8b8e50b-7b5a-44bb-a3d0-bdc676ad9f04","D05","CRAM","CRAM.AOS.buoy.c1","2019-10-15T14:41Z","CRAM.C1.20191015",,"Sample condition ok","CRAM.C1.20191015.H2O.2","A00000078944",,,,,,,,"2019-10-15T14:41Z",,,
"a2025958-bf0a-416c-a38c-c2c4ee35ef37","D05","CRAM","CRAM.AOS.buoy.c2","2019-10-15T15:10Z","CRAM.C2.20191015",,"Sample condition ok","CRAM.C2.20191015.H2O.1","A00000078942","Sample condition ok","CRAM.C2.20191015.POM.2","A00000078933","Sample condition ok","CRAM.C2.20191015.POM.1","A00000078932","2019-10-15T17:15Z",,200,200,
"65059b51-55b0-4cac-b68b-0069ddda2642","D05","CRAM","CRAM.AOS.buoy.c2","2019-10-15T15:10Z","CRAM.C2.20191015",,"Sample condition ok","CRAM.C2.20191015.H2O.3","A00000078940",,,,,,,,"2019-10-15T18:40Z",,,
"4ca61bb8-b441-4ec4-a1a2-9a38df4c5d9e","D05","CRAM","CRAM.AOS.buoy.c2","2019-10-15T15:10Z","CRAM.C2.20191015",,"Sample condition ok","CRAM.C2.20191015.H2O.2","A00000078941",,,,,,,,"2019-10-15T18:40Z",,,
