uid,domainID,siteID,namedLocation,decimalLatitude,decimalLongitude,coordinateUncertainty,additionalCoordUncertainty,elevation,elevationUncertainty,geodeticDatum,altLocation,altLatitude,altLongitude,altCoordinateUncertainty,altGeodeticDatum,collectDate,aquaticSiteType,samplingImpractical,parentSampleID,parentSampleCode,eventID,samplerType,dissolvedOxygen,dissolvedOxygenSaturation,specificConductance,waterTemp,asiSamplingProtocolVersion,lowerSegmentDepth,upperSegmentDepth,maxDepth,lakeSampleDepth1,lakeSampleDepth2,aCollectedBy,bCollectedBy,remarks,fieldDataQF
"6567b493-9b3b-4d00-86c2-44cfeb3ec99d","D05","CRAM","CRAM.AOS.buoy.c1",46.210592,-89.476861,10.0,10.0,509.0,10.0,"WGS84",,,,,,"2019-10-01T14:53Z","lake",,"CRAM.C1.20191001",,"CRAM.20191001","Kemmerer",8.38,90.20,11.20,16.10,"NEON.DOC.001886vF",5.5,0.0,13.5,0.5,,"0000-0003-1075-1249","0000-0001-8705-5714",,
"cc104e6f-44cd-4c0b-9379-71a2658352c9","D05","CRAM","CRAM.AOS.buoy.c2",46.210592,-89.476861,10.0,10.0,509.0,10.0,"WGS84",,,,,,"2019-10-01T15:06Z","lake",,"CRAM.C2.20191001",,"CRAM.20191001","Kemmerer",,,,,"NEON.DOC.001886vF",13.5,8.5,13.5,9.8,12.3,"0000-0003-1075-1249","0000-0001-8705-5714",,
"4ed44b15-ca7f-46b2-9c74-ab98f12b40aa","D05","CRAM","CRAM.AOS.buoy.c1",46.210592,-89.476861,10.0,10.0,509.0,10.0,"WGS84",,,,,,"2019-10-15T14:41Z","lake",,"CRAM.C1.20191015",,"CRAM.20191015","Kemmerer",8.67,76.00,11.20,9.60,"NEON.DOC.001886vF",8.0,0.0,13.9,0.5,,"0000-0003-1075-1249","0000-0001-8705-5714",,
"6cac55c8-4309-40b3-a4a8-c8bec77b4b91","D05","CRAM","CRAM.AOS.buoy.c2",46.210592,-89.476861,10.0,10.0,509.0,10.0,"WGS84",,,,,,"2019-10-15T15:10Z","lake",,"CRAM.C2.20191015",,"CRAM.20191015","Kemmerer",0.06,0.50,17.00,5.80,"NEON.DOC.001886vF",10.0,8.0,13.9,12.0,,"0000-0003-1075-1249","0000-0001-8705-5714",,
