uid,domainID,siteID,namedLocation,collectDate,sampleID,sampleCode,sampleCondition,laboratoryName,analysisDate,analyzedBy,sampleType,replicate,sampleVolumeFiltered,filterSize,percentFilterAnalyzed,analyte,analyteConcentration,plantAlgaeLabUnits,method,externalRemarks,externalLabDataQF
"f30d8d81-7e4f-484b-bb69-85ea36a4ecf5","D02","POSE","POSE.AOS.S2","2018-05-01","POSE.SS.20180501.POM.1","A00000002017","condition ok","SIRFER Lab at University of Utah","2018-08-13","ElFtGy1kV49xqNP00HfxQA==","POM","1",400,25,100,"nitrogen",52.12,"microgramsPerLiter","Revesz & Coplen 2012a",,
"ba1e3bdc-cf11-4420-ba78-4b4151dbce71","D02","POSE","POSE.AOS.S2","2018-05-01","POSE.SS.20180501.POM.1","A00000002017","condition ok","SIRFER Lab at University of Utah","2018-08-13","ElFtGy1kV49xqNP00HfxQA==","POM","1",400,25,100,"d13C",-26.18,"perMill","Revesz & Coplen 2012a",,
"32189cb7-0ccf-413b-b986-333b1014a1b6","D02","POSE","POSE.AOS.S2","2018-05-01","POSE.SS.20180501.POM.1","A00000002017","condition ok","SIRFER Lab at University of Utah","2018-08-13","ElFtGy1kV49xqNP00HfxQA==","POM","1",400,25,100,"d15N",3.82,"perMill","Revesz & Coplen 2012a",,
"adbf434a-9301-4cde-8fcc-839403e7de37","D02","POSE","POSE.AOS.S2","2018-05-01","POSE.SS.20180501.POM.1","A00000002017","condition ok","SIRFER Lab at University of Utah","2018-08-13","ElFtGy1kV49xqNP00HfxQA==","POM","1",400,25,100,"carbon",402.36,"microgramsPerLiter","Revesz & Coplen 2012a",,
"216ad7b9-4730-4e65-be07-68c28f2cbe29","D02","POSE","POSE.AOS.S2","2018-05-08","POSE.SS.20180508.POM.1","A00000002037","condition ok","SIRFER Lab at University of Utah","2018-08-13","ElFtGy1kV49xqNP00HfxQA==","POM","1",300,25,100,"d15N",-1.49,"perMill","Revesz & Coplen 2012a",,
"d968728e-df22-47be-8fa0-6db3b931da26","D02","POSE","POSE.AOS.S2","2018-05-08","POSE.SS.20180508.POM.1","A00000002037","condition ok","SIRFER Lab at University of Utah","2018-08-13","ElFtGy1kV49xqNP00HfxQA==","POM","1",300,25,100,"carbon",1010.01,"microgramsPerLiter","Revesz & Coplen 2012a",,
"c285decf-828c-4bf8-adc4-848d1ec6b1b0","D02","POSE","POSE.AOS.S2","2018-05-08","POSE.SS.20180508.POM.1","A00000002037","condition ok","SIRFER Lab at University of Utah","2018-08-13","ElFtGy1kV49xqNP00HfxQA==","POM","1",300,25,100,"d13C",-27.39,"perMill","Revesz & Coplen 2012a",,
"f884c5c6-7de2-47eb-935a-de081402e860","D02","POSE","POSE.AOS.S2","2018-05-08","POSE.SS.20180508.POM.1","A00000002037","condition ok","SIRFER Lab at University of Utah","2018-08-13","ElFtGy1kV49xqNP00HfxQA==","POM","1",300,25,100,"nitrogen",218.08,"microgramsPerLiter","Revesz & Coplen 2012a",,
"8560dc77-ca49-48a4-bd04-f8c665dc0d7b","D02","POSE","POSE.AOS.S2","2018-05-22","POSE.SS.20180522.POM.1","A00000002276","condition ok","SIRFER Lab at University of Utah","2018-08-13","ElFtGy1kV49xqNP00HfxQA==","POM","1",350,25,100,"nitrogen",134.88,"microgramsPerLiter","Revesz & Coplen 2012a",,
"2fe7b737-f9be-4823-bf10-4a0b689cfc9b","D02","POSE","POSE.AOS.S2","2018-05-22","POSE.SS.20180522.POM.1","A00000002276","condition ok","SIRFER Lab at University of Utah","2018-08-13","ElFtGy1kV49xqNP00HfxQA==","POM","1",350,25,100,"d13C",-27.55,"perMill","Revesz & Coplen 2012a",,
"92440d1c-e98c-4e43-a9ef-671cbdb1005c","D02","POSE","POSE.AOS.S2","2018-05-22","POSE.SS.20180522.POM.1","A00000002276","condition ok","SIRFER Lab at University of Utah","2018-08-13","ElFtGy1kV49xqNP00HfxQA==","POM","1",350,25,100,"carbon",734.85,"microgramsPerLiter","Revesz & Coplen 2012a",,
"e1f2e07d-b514-4454-89a1-482112ec15aa","D02","POSE","POSE.AOS.S2","2018-05-22","POSE.SS.20180522.POM.1","A00000002276","condition ok","SIRFER Lab at University of Utah","2018-08-13","ElFtGy1kV49xqNP00HfxQA==","POM","1",350,25,100,"d15N",2.98,"perMill","Revesz & Coplen 2012a",,
