uid,domainID,siteID,namedLocation,collectDate,sampleID,sampleCode,sampleCondition,laboratoryName,analysisDate,analyzedBy,sampleType,replicate,sampleVolumeFiltered,filterSize,percentFilterAnalyzed,analyte,analyteConcentration,plantAlgaeLabUnits,method,externalRemarks,externalLabDataQF
"3736f32a-da6c-461d-a322-b0ebb0c4ead0","D10","ARIK","ARIK.AOS.S2","2017-12-05","ARIK.SS.20171205.POM.1",,"condition ok","SIRFER Lab at University of Utah","2018-08-08","ElFtGy1kV49xqNP00HfxQA==","POM","1",800,25,100,"nitrogen",25.37,"microgramsPerLiter","Revesz & Coplen 2012a",,
"205fed0c-2b83-4689-8f08-1d24f7b2e730","D10","ARIK","ARIK.AOS.S2","2017-12-05","ARIK.SS.20171205.POM.1",,"condition ok","SIRFER Lab at University of Utah","2018-08-08","ElFtGy1kV49xqNP00HfxQA==","POM","1",800,25,100,"d15N",4.67,"perMill","Revesz & Coplen 2012a",,
"24b4f769-938e-404e-a1c9-a4fa627ddd4a","D10","ARIK","ARIK.AOS.S2","2017-12-05","ARIK.SS.20171205.POM.1",,"condition ok","SIRFER Lab at University of Utah","2018-08-08","ElFtGy1kV49xqNP00HfxQA==","POM","1",800,25,100,"carbon",221.63,"microgramsPerLiter","Revesz & Coplen 2012a",,
"92dc8531-3918-474a-b914-d178310c491d","D10","ARIK","ARIK.AOS.S2","2017-12-05","ARIK.SS.20171205.POM.1",,"condition ok","SIRFER Lab at University of Utah","2018-08-08","ElFtGy1kV49xqNP00HfxQA==","POM","1",800,25,100,"d13C",-29.51,"perMill","Revesz & Coplen 2012a",,
"06324c7d-c06d-4eb6-91a5-1ce819d5a00b","D10","ARIK","ARIK.AOS.S2","2017-12-20","ARIK.SS.20171220.POM.1",,"condition ok","SIRFER Lab at University of Utah","2018-08-08","ElFtGy1kV49xqNP00HfxQA==","POM","1",750,25,100,"carbon",236.52,"microgramsPerLiter","Revesz & Coplen 2012a",,
"4f2a3bc1-b02f-4464-8967-a3cbfe8682be","D10","ARIK","ARIK.AOS.S2","2017-12-20","ARIK.SS.20171220.POM.1",,"condition ok","SIRFER Lab at University of Utah","2018-08-08","ElFtGy1kV49xqNP00HfxQA==","POM","1",750,25,100,"nitrogen",30.98,"microgramsPerLiter","Revesz & Coplen 2012a",,
"be644602-63f4-41db-a0b7-4274ca4c0c1e","D10","ARIK","ARIK.AOS.S2","2017-12-20","ARIK.SS.20171220.POM.1",,"condition ok","SIRFER Lab at University of Utah","2018-08-08","ElFtGy1kV49xqNP00HfxQA==","POM","1",750,25,100,"d13C",-31.25,"perMill","Revesz & Coplen 2012a",,
"0e0b6e2e-bc9a-4324-92f7-4fb3faade2d7","D10","ARIK","ARIK.AOS.S2","2017-12-20","ARIK.SS.20171220.POM.1",,"condition ok","SIRFER Lab at University of Utah","2018-08-08","ElFtGy1kV49xqNP00HfxQA==","POM","1",750,25,100,"d15N",6.53,"perMill","Revesz & Coplen 2012a",,
