uid,domainID,siteID,namedLocation,collectDate,sampleID,sampleCode,sampleCondition,laboratoryName,analysisDate,analyzedBy,sampleType,replicate,sampleVolumeFiltered,filterSize,percentFilterAnalyzed,analyte,analyteConcentration,plantAlgaeLabUnits,method,externalRemarks,externalLabDataQF
"ba549985-9d10-43a7-a4a0-cf3c20778ec6","D08","MAYF","MAYF.AOS.S2","2017-06-06","MAYF.SS.20170606.POM.1",,"condition ok","SIRFER Lab at University of Utah","2018-03-23","ElFtGy1kV49xqNP00HfxQA==","POM","1",50,25,100,"d15N",6.24,"perMill","Revesz & Coplen 2012a",,
"c28084b5-50c7-45b7-8d27-e3c91924246a","D08","MAYF","MAYF.AOS.S2","2017-06-06","MAYF.SS.20170606.POM.1",,"condition ok","SIRFER Lab at University of Utah","2018-03-23","ElFtGy1kV49xqNP00HfxQA==","POM","1",50,25,100,"nitrogen",175.26,"microgramsPerLiter","Revesz & Coplen 2012a",,
"47da4b6b-3e49-4751-87d9-467c512be4e9","D08","MAYF","MAYF.AOS.S2","2017-06-06","MAYF.SS.20170606.POM.1",,"condition ok","SIRFER Lab at University of Utah","2018-03-23","ElFtGy1kV49xqNP00HfxQA==","POM","1",50,25,100,"carbon",2513.35,"microgramsPerLiter","Revesz & Coplen 2012a",,
"d8ab6965-79a1-43de-8668-f97894733549","D08","MAYF","MAYF.AOS.S2","2017-06-06","MAYF.SS.20170606.POM.1",,"condition ok","SIRFER Lab at University of Utah","2018-03-23","ElFtGy1kV49xqNP00HfxQA==","POM","1",50,25,100,"d13C",-28.56,"perMill","Revesz & Coplen 2012a",,
