uid,domainID,siteID,namedLocation,collectDate,sampleID,sampleCode,sampleCondition,laboratoryName,analysisDate,analyzedBy,sampleType,replicate,sampleVolumeFiltered,filterSize,percentFilterAnalyzed,analyte,analyteConcentration,plantAlgaeLabUnits,method,externalRemarks,externalLabDataQF
"f484ae5e-1ebc-46c8-8f75-bcfc8d075611","D06","KING","KING.AOS.reach","2018-02-07","KING.RE.20180207.POM.1",,"condition ok","SIRFER Lab at University of Utah","2018-08-02","ElFtGy1kV49xqNP00HfxQA==","POM","1",198,25,100,"d13C",-31.64,"perMill","Revesz & Coplen 2012a",,
"706d6056-5fa3-46a0-b8e6-83d9884e506b","D06","KING","KING.AOS.reach","2018-02-07","KING.RE.20180207.POM.1",,"condition ok","SIRFER Lab at University of Utah","2018-08-02","ElFtGy1kV49xqNP00HfxQA==","POM","1",198,25,100,"d15N",4.43,"perMill","Revesz & Coplen 2012a",,
"0fdf2c9d-298f-4a23-a11d-44de78c87845","D06","KING","KING.AOS.reach","2018-02-07","KING.RE.20180207.POM.1",,"condition ok","SIRFER Lab at University of Utah","2018-08-02","ElFtGy1kV49xqNP00HfxQA==","POM","1",198,25,100,"nitrogen",335.34,"microgramsPerLiter","Revesz & Coplen 2012a",,
"99edd66a-c26b-4675-981d-9eeae4a7df05","D06","KING","KING.AOS.reach","2018-02-07","KING.RE.20180207.POM.1",,"condition ok","SIRFER Lab at University of Utah","2018-08-02","ElFtGy1kV49xqNP00HfxQA==","POM","1",198,25,100,"carbon",3269.37,"microgramsPerLiter","Revesz & Coplen 2012a",,
