uid,domainID,siteID,namedLocation,collectDate,sampleID,sampleCode,sampleCondition,laboratoryName,analysisDate,analyzedBy,sampleType,replicate,sampleVolumeFiltered,filterSize,percentFilterAnalyzed,analyte,analyteConcentration,plantAlgaeLabUnits,method,externalRemarks,externalLabDataQF
"cd93c3bf-3902-42ae-b116-3c3c9559bce5","D09","PRLA","PRLA.AOS.buoy.c0","2019-03-26","PRLA.C0.20190326.POM.1","A00000049948","condition ok","SIRFER Lab at University of Utah","2019-08-06","ElFtGy1kV49xqNP00HfxQA==","POM","1",60,25,100,"nitrogen",1197.80,"microgramsPerLiter","Revesz & Coplen 2012a",,
"15b0478d-0269-459b-a5fb-f143789051e9","D09","PRLA","PRLA.AOS.buoy.c0","2019-03-26","PRLA.C0.20190326.POM.1","A00000049948","condition ok","SIRFER Lab at University of Utah","2019-08-06","ElFtGy1kV49xqNP00HfxQA==","POM","1",60,25,100,"carbon",5661.24,"microgramsPerLiter","Revesz & Coplen 2012a",,
"56293f11-e117-4c97-8bab-c5b45f057875","D09","PRLA","PRLA.AOS.buoy.c0","2019-03-26","PRLA.C0.20190326.POM.1","A00000049948","condition ok","SIRFER Lab at University of Utah","2019-08-06","ElFtGy1kV49xqNP00HfxQA==","POM","1",60,25,100,"d13C",-28.67,"perMill","Revesz & Coplen 2012a",,
"e1e187e2-32f2-45e5-9561-8c0b8a26b2fa","D09","PRLA","PRLA.AOS.buoy.c0","2019-03-26","PRLA.C0.20190326.POM.1","A00000049948","condition ok","SIRFER Lab at University of Utah","2019-08-06","ElFtGy1kV49xqNP00HfxQA==","POM","1",60,25,100,"d15N",0.98,"perMill","Revesz & Coplen 2012a",,
