uid,domainID,siteID,namedLocation,collectDate,sampleID,sampleCode,sampleCondition,laboratoryName,analysisDate,analyzedBy,sampleType,replicate,sampleVolumeFiltered,filterSize,percentFilterAnalyzed,analyte,analyteConcentration,plantAlgaeLabUnits,method,externalRemarks,externalLabDataQF
"e7b4bd20-3679-4b89-87d8-dff788bfb858","D07","LECO","LECO.AOS.S2","2017-01-10","LECO.SS.20170110.POM.1",,"condition ok","Academy of Natural Sciences of Drexel University","2017-05-25","OKgcKejxXbI=","13C15N","1",,,100,"d13C",-27.34,"perMill",,,
"948a827c-85a9-4d73-8941-e4bfd5c6c660","D07","LECO","LECO.AOS.S2","2017-01-10","LECO.SS.20170110.POM.2",,"other","Academy of Natural Sciences of Drexel University","2017-06-14","OKgcKejxXbI=","13C15N","2",,,100,"d13C",,"perMill",,"analysis corrupted during run",
"5b888a0b-485e-4dfe-bf3f-f555cee5c71d","D07","LECO","LECO.AOS.S2","2017-01-10","LECO.SS.20170110.POM.2",,"other","Academy of Natural Sciences of Drexel University","2017-06-14","OKgcKejxXbI=","13C15N","2",,,100,"d15N",,"perMill",,"analysis corrupted during run",
"7d956e81-6a5e-4627-998b-84492830f8fe","D07","LECO","LECO.AOS.S2","2017-01-10","LECO.SS.20170110.POM.1",,"condition ok","Academy of Natural Sciences of Drexel University","2017-05-25","OKgcKejxXbI=","13C15N","1",,,100,"d15N",0.62,"perMill",,,
"fd72172e-9c60-4451-a899-bb2282204caf","D07","LECO","LECO.AOS.S2","2017-01-23","LECO.SS.20170123.POM.2",,"other","Academy of Natural Sciences of Drexel University","2017-06-14","OKgcKejxXbI=","13C15N","2",,,50,"d13C",,"perMill",,"analysis corrupted during run",
"3204eb18-1d16-414c-bebf-864ff1c3df5f","D07","LECO","LECO.AOS.S2","2017-01-23","LECO.SS.20170123.POM.1",,"condition ok","Academy of Natural Sciences of Drexel University","2017-05-25","OKgcKejxXbI=","13C15N","1",,,100,"d15N",1.01,"perMill",,,
"936858a7-51e7-4da7-9e02-cf2f9d2eb515","D07","LECO","LECO.AOS.S2","2017-01-23","LECO.SS.20170123.POM.1",,"other","Academy of Natural Sciences of Drexel University","2017-05-25","OKgcKejxXbI=","13C15N","1",,,100,"d13C",,"perMill",,"sample maxed out collector",
"f64e9aef-713a-4f94-b76a-9603d6c4eeec","D07","LECO","LECO.AOS.S2","2017-01-23","LECO.SS.20170123.POM.2",,"other","Academy of Natural Sciences of Drexel University","2017-06-14","OKgcKejxXbI=","13C15N","2",,,50,"d15N",,"perMill",,"analysis corrupted during run",
