uid,domainID,siteID,namedLocation,collectDate,sampleID,sampleCode,sampleCondition,laboratoryName,analysisDate,analyzedBy,sampleType,replicate,sampleVolumeFiltered,filterSize,percentFilterAnalyzed,analyte,analyteConcentration,plantAlgaeLabUnits,method,externalRemarks,externalLabDataQF
"c69f8e85-5058-40cd-80eb-009298753223","D02","POSE","POSE.AOS.S2","2015-02-03","POSE.SS.20150203.POM.2",,,"Academy of Natural Sciences of Drexel University","2015-08-28","OKgcKejxXbI=","CN iso","2",700,25,100,"d15N",0.39,"perMill",,,"Audit Failed. Document: A00036_DREX_AlgalChem_DocAudit_20170407.pdf & A00036_DREX_AlgalChem_VisitAudit_20170407.pdf"
"0d561620-073a-4eff-aadb-d9a7503d483c","D02","POSE","POSE.AOS.S2","2015-02-03","POSE.SS.20150203.POM.1",,,"Academy of Natural Sciences of Drexel University","2015-08-28","OKgcKejxXbI=","CN iso","1",700,25,100,"d15N",,"perMill",,,"Audit Failed. Document: A00036_DREX_AlgalChem_DocAudit_20170407.pdf & A00036_DREX_AlgalChem_VisitAudit_20170407.pdf"
"f1ec7419-9096-4164-9374-62475b96ad5b","D02","POSE","POSE.AOS.S2","2015-02-03","POSE.SS.20150203.POM.2",,,"Academy of Natural Sciences of Drexel University","2015-08-28","OKgcKejxXbI=","CN iso","2",700,25,100,"d13C",-27.99,"perMill",,,"Audit Failed. Document: A00036_DREX_AlgalChem_DocAudit_20170407.pdf & A00036_DREX_AlgalChem_VisitAudit_20170407.pdf"
"9a5f8822-d841-460e-9e40-9e7c9e232345","D02","POSE","POSE.AOS.S2","2015-02-03","POSE.SS.20150203.POM.1",,"other","Academy of Natural Sciences of Drexel University","2015-08-28","OKgcKejxXbI=","13C15N","1",,,100,"d15N",,"perMill",,"no data",
"6823726e-e7b4-46e3-902c-8f6b89fb51ab","D02","POSE","POSE.AOS.S2","2015-02-03","POSE.SS.20150203.POM.2",,,"Academy of Natural Sciences of Drexel University","2015-08-28","OKgcKejxXbI=","13C15N","2",,,100,"d13C",-27.99,"perMill",,,
"af67ad70-9cbb-4ea1-b91b-881f4cf60d0b","D02","POSE","POSE.AOS.S2","2015-02-03","POSE.SS.20150203.POM.1",,,"Academy of Natural Sciences of Drexel University","2015-08-28","OKgcKejxXbI=","13C15N","1",,,100,"d13C",-27.97,"perMill",,,
"50d41c2f-16b5-4555-9ab9-116b654fafa9","D02","POSE","POSE.AOS.S2","2015-02-03","POSE.SS.20150203.POM.2",,,"Academy of Natural Sciences of Drexel University","2015-08-28","OKgcKejxXbI=","13C15N","2",,,100,"d15N",0.39,"perMill",,,
"6580b3cc-11bf-48b2-8b26-64c1449ad208","D02","POSE","POSE.AOS.S2","2015-02-03","POSE.SS.20150203.POM.1",,,"Academy of Natural Sciences of Drexel University","2015-08-28","OKgcKejxXbI=","CN iso","1",700,25,100,"d13C",-27.97,"perMill",,,"Audit Failed. Document: A00036_DREX_AlgalChem_DocAudit_20170407.pdf & A00036_DREX_AlgalChem_VisitAudit_20170407.pdf"
"68a17e82-3cc0-4727-92bc-1e866a01c700","D02","POSE","POSE.AOS.S2","2015-02-10","POSE.SS.20150210.POM.2",,,"Academy of Natural Sciences of Drexel University","2015-08-28","OKgcKejxXbI=","13C15N","2",,,100,"d15N",3.49,"perMill",,,
"ef4ef76d-bd10-40fb-b978-e2fd32fb6c35","D02","POSE","POSE.AOS.S2","2015-02-10","POSE.SS.20150210.POM.1",,,"Academy of Natural Sciences of Drexel University","2015-08-28","OKgcKejxXbI=","13C15N","1",,,100,"d13C",-28.30,"perMill",,,
"3a86592f-4747-4ec6-b488-ba9b469f07aa","D02","POSE","POSE.AOS.S2","2015-02-10","POSE.SS.20150210.POM.1",,,"Academy of Natural Sciences of Drexel University","2015-08-28","OKgcKejxXbI=","CN iso","1",700,25,100,"d15N",,"perMill",,,"Audit Failed. Document: A00036_DREX_AlgalChem_DocAudit_20170407.pdf & A00036_DREX_AlgalChem_VisitAudit_20170407.pdf"
"e7b94222-5708-4e7c-acac-f7025295521b","D02","POSE","POSE.AOS.S2","2015-02-10","POSE.SS.20150210.POM.2",,,"Academy of Natural Sciences of Drexel University","2015-08-28","OKgcKejxXbI=","CN iso","2",700,25,100,"d13C",-28.08,"perMill",,,"Audit Failed. Document: A00036_DREX_AlgalChem_DocAudit_20170407.pdf & A00036_DREX_AlgalChem_VisitAudit_20170407.pdf"
"7bdc35fc-9b15-4bc4-992a-88538736278f","D02","POSE","POSE.AOS.S2","2015-02-10","POSE.SS.20150210.POM.2",,,"Academy of Natural Sciences of Drexel University","2015-08-28","OKgcKejxXbI=","CN iso","2",700,25,100,"d15N",3.49,"perMill",,,"Audit Failed. Document: A00036_DREX_AlgalChem_DocAudit_20170407.pdf & A00036_DREX_AlgalChem_VisitAudit_20170407.pdf"
"479f81d7-c902-4149-ae5c-79b977210f65","D02","POSE","POSE.AOS.S2","2015-02-10","POSE.SS.20150210.POM.1",,,"Academy of Natural Sciences of Drexel University","2015-08-28","OKgcKejxXbI=","CN iso","1",700,25,100,"d13C",-28.30,"perMill",,,"Audit Failed. Document: A00036_DREX_AlgalChem_DocAudit_20170407.pdf & A00036_DREX_AlgalChem_VisitAudit_20170407.pdf"
"89807947-b3bf-4dc0-b588-9770a5c8b56f","D02","POSE","POSE.AOS.S2","2015-02-10","POSE.SS.20150210.POM.2",,,"Academy of Natural Sciences of Drexel University","2015-08-28","OKgcKejxXbI=","13C15N","2",,,100,"d13C",-28.08,"perMill",,,
"beae4855-687e-42a5-afba-bf25948c59b5","D02","POSE","POSE.AOS.S2","2015-02-10","POSE.SS.20150210.POM.1",,"other","Academy of Natural Sciences of Drexel University","2015-08-28","OKgcKejxXbI=","13C15N","1",,,100,"d15N",,"perMill",,"no data",
"5461b41b-f014-47b6-b4bc-c501f9cb0ddc","D02","POSE","POSE.AOS.S2","2015-02-26","POSE.SS.20150226.POM.2",,,"Academy of Natural Sciences of Drexel University","2015-08-28","OKgcKejxXbI=","13C15N","2",,,100,"d13C",-27.68,"perMill",,,
"6cc77aa7-91ed-4b22-9000-a50d61a0dfdc","D02","POSE","POSE.AOS.S2","2015-02-26","POSE.SS.20150226.POM.1",,,"Academy of Natural Sciences of Drexel University","2015-08-28","OKgcKejxXbI=","CN iso","1",700,25,100,"d13C",-27.48,"perMill",,,"Audit Failed. Document: A00036_DREX_AlgalChem_DocAudit_20170407.pdf & A00036_DREX_AlgalChem_VisitAudit_20170407.pdf"
"e355072f-37c2-4cfc-84d5-eff7d7c9bef4","D02","POSE","POSE.AOS.S2","2015-02-26","POSE.SS.20150226.POM.2",,,"Academy of Natural Sciences of Drexel University","2015-08-28","OKgcKejxXbI=","CN iso","2",700,25,100,"d13C",-27.68,"perMill",,,"Audit Failed. Document: A00036_DREX_AlgalChem_DocAudit_20170407.pdf & A00036_DREX_AlgalChem_VisitAudit_20170407.pdf"
"a5012f8e-30ec-4abe-a91d-762265e87e11","D02","POSE","POSE.AOS.S2","2015-02-26","POSE.SS.20150226.POM.2",,,"Academy of Natural Sciences of Drexel University","2015-08-28","OKgcKejxXbI=","CN iso","2",700,25,100,"d15N",2.83,"perMill",,,"Audit Failed. Document: A00036_DREX_AlgalChem_DocAudit_20170407.pdf & A00036_DREX_AlgalChem_VisitAudit_20170407.pdf"
"74328688-0824-4ae3-91e3-4ed61f815676","D02","POSE","POSE.AOS.S2","2015-02-26","POSE.SS.20150226.POM.1",,,"Academy of Natural Sciences of Drexel University","2015-08-28","OKgcKejxXbI=","13C15N","1",,,100,"d13C",-27.48,"perMill",,,
"b3cf3174-d43e-4f56-9e69-35e6654b4096","D02","POSE","POSE.AOS.S2","2015-02-26","POSE.SS.20150226.POM.2",,,"Academy of Natural Sciences of Drexel University","2015-08-28","OKgcKejxXbI=","13C15N","2",,,100,"d15N",2.83,"perMill",,,
"a6f26548-27c4-4542-a6b6-7b8943374ae2","D02","POSE","POSE.AOS.S2","2015-02-26","POSE.SS.20150226.POM.1",,,"Academy of Natural Sciences of Drexel University","2015-08-28","OKgcKejxXbI=","13C15N","1",,,100,"d15N",2.43,"perMill",,,
"76057540-d708-4b26-8d27-d970e3c3044c","D02","POSE","POSE.AOS.S2","2015-02-26","POSE.SS.20150226.POM.1",,,"Academy of Natural Sciences of Drexel University","2015-08-28","OKgcKejxXbI=","CN iso","1",700,25,100,"d15N",2.43,"perMill",,,"Audit Failed. Document: A00036_DREX_AlgalChem_DocAudit_20170407.pdf & A00036_DREX_AlgalChem_VisitAudit_20170407.pdf"
