uid,domainID,siteID,namedLocation,collectDate,analysisDate,isotopeH2OSampleID,isotopeH2OSampleCode,instrumentSN,d18OWater,d2HWater,d18OsdWater,d2HsdWater,isotopeH2OExternalLabQF,laboratoryName,analyzedBy,sampleCondition,externalRemarks,externalLabDataQF
"5da671ea-0f86-4c75-b726-b765a9d7eb7e","D13","WLOU","WLOU.AOS.S2","2019-06-06","2019-07-22","WLOU.SS.20190606.H2O.1","A00000090665","HIDS2052",-18.02,-133.29,0.04,0.20,0,"SIRFER Lab at University of Utah","OlSmE6RRn5QQH8tvUHmK5i/poYiQr6sd","OK",,
"7f60cd41-8be6-4785-9a12-287ba8ef1c28","D13","WLOU","WLOU.AOS.S2","2019-06-11","2019-07-22","WLOU.SS.20190611.H2O.1","A00000089874","HIDS2052",-17.97,-133.19,0.01,0.11,0,"SIRFER Lab at University of Utah","OlSmE6RRn5QQH8tvUHmK5i/poYiQr6sd","OK",,
"cf226663-4f40-4829-aae9-840f5801f20c","D13","WLOU","WLOU.AOS.S2","2019-06-13","2019-07-22","WLOU.SS.20190613.H2O.1","A00000089917","HIDS2052",-18.04,-133.26,0.04,0.19,0,"SIRFER Lab at University of Utah","OlSmE6RRn5QQH8tvUHmK5i/poYiQr6sd","OK",,
"d14cd564-7f0c-471a-a57c-ddef3b6c2806","D13","WLOU","WLOU.AOS.S2","2019-06-17","2019-07-22","WLOU.SS.20190617.H2O.1","A00000089891","HIDS2052",-17.83,-132.57,0.01,0.02,0,"SIRFER Lab at University of Utah","OlSmE6RRn5QQH8tvUHmK5i/poYiQr6sd","OK",,
"bbf9ce04-626b-4201-a622-01248db0fb66","D13","WLOU","WLOU.AOS.S2","2019-06-19","2019-07-22","WLOU.SS.20190619.H2O.1","A00000089892","HIDS2052",-17.95,-132.74,0.03,0.09,0,"SIRFER Lab at University of Utah","OlSmE6RRn5QQH8tvUHmK5i/poYiQr6sd","OK",,
"afcf94ff-ccca-4b20-a5d7-f55e2032d2c1","D13","WLOU","WLOU.AOS.S2","2019-06-27","2019-07-22","WLOU.SS.20190627.H2O.1","A00000090756","HIDS2052",-17.82,-132.02,0.02,0.03,0,"SIRFER Lab at University of Utah","OlSmE6RRn5QQH8tvUHmK5i/poYiQr6sd","OK",,
