uid,domainID,siteID,namedLocation,collectDate,parentSampleID,parentSampleCode,isotopeH2OSampleCond,isotopeH2OSampleID,isotopeH2OSampleCode,isotopePOMRep2SampleCond,isotopePOMRep2SampleID,isotopePOMRep2SampleCode,isotopePOMSampleCond,isotopePOMSampleID,isotopePOMSampleCode,processedDateFilters,processedDateH2OIsotopes,sampleVolumeFilteredPOMRep1,sampleVolumeFilteredPOMRep2,fieldDataQF
"e24dd515-6df9-4902-b28b-31f94f1e505f","D13","WLOU","WLOU.AOS.S2","2019-06-06T17:15Z","WLOU.SS.20190606",,"Sample condition ok","WLOU.SS.20190606.H2O.1","A00000090665","Sample condition ok","WLOU.SS.20190606.POM.2","A00000090619","Sample condition ok","WLOU.SS.20190606.POM.1","A00000090618","2019-06-06T18:16Z","2019-06-06T17:32Z",500,500,
"0ee3cf29-1eb8-4560-86f1-ffc6d67048f6","D13","WLOU","WLOU.AOS.S2","2019-06-11T16:52Z","WLOU.SS.20190611",,"Sample condition ok","WLOU.SS.20190611.H2O.1","A00000089874","Sample condition ok","WLOU.SS.20190611.POM.2","A00000089716","Sample condition ok","WLOU.SS.20190611.POM.1","A00000089717","2019-06-11T18:04Z","2019-06-11T18:04Z",750,750,
"491c9987-feb9-46e7-b930-44f6bb3ca27b","D13","WLOU","WLOU.AOS.S2","2019-06-13T14:00Z","WLOU.SS.20190613",,"Sample condition ok","WLOU.SS.20190613.H2O.1","A00000089917","Sample condition ok","WLOU.SS.20190613.POM.2","A00000090624","Sample condition ok","WLOU.SS.20190613.POM.1","A00000090623","2019-06-13T14:29Z","2019-06-13T14:29Z",1000,1000,
"c88ce047-6e0a-4b87-85ab-37f836d7aa69","D13","WLOU","WLOU.AOS.S2","2019-06-17T15:10Z","WLOU.SS.20190617",,"Sample condition ok","WLOU.SS.20190617.H2O.1","A00000089891","Sample condition ok","WLOU.SS.20190617.POM.2","A00000090640","Sample condition ok","WLOU.SS.20190617.POM.1","A00000090641","2019-06-17T17:08Z","2019-06-17T15:15Z",1000,1000,
"4542fed3-adf6-42d0-911e-52d3d8d65776","D13","WLOU","WLOU.AOS.S2","2019-06-19T14:29Z","WLOU.SS.20190619",,"Sample condition ok","WLOU.SS.20190619.H2O.1","A00000089892","Sample condition ok","WLOU.SS.20190619.POM.2","A00000090916","Sample condition ok","WLOU.SS.20190619.POM.1","A00000090915","2019-06-19T14:57Z","2019-06-19T14:24Z",750,750,
"70ebc2bf-0d57-4386-865d-364b12722b36","D13","WLOU","WLOU.AOS.S2","2019-06-27T14:17Z","WLOU.SS.20190627",,"Sample condition ok","WLOU.SS.20190627.H2O.1","A00000090756","Sample condition ok","WLOU.SS.20190627.POM.2","A00000090639","Sample condition ok","WLOU.SS.20190627.POM.1","A00000090637","2019-06-27T15:59Z","2019-06-27T15:58Z",930,930,
