uid,domainID,siteID,namedLocation,decimalLatitude,decimalLongitude,coordinateUncertainty,additionalCoordUncertainty,elevation,elevationUncertainty,geodeticDatum,altLocation,altLatitude,altLongitude,altCoordinateUncertainty,altGeodeticDatum,collectDate,aquaticSiteType,samplingImpractical,parentSampleID,parentSampleCode,eventID,samplerType,dissolvedOxygen,dissolvedOxygenSaturation,specificConductance,waterTemp,asiSamplingProtocolVersion,lowerSegmentDepth,upperSegmentDepth,maxDepth,lakeSampleDepth1,lakeSampleDepth2,aCollectedBy,bCollectedBy,remarks,fieldDataQF
"bd7d7c3e-ef43-4872-93ad-d4aa00995e47","D13","WLOU","WLOU.AOS.S2",39.890669,-105.911314,0.1,10.0,2899.5,0.0,"WGS84",,,,,,"2019-06-06T17:15Z","stream",,"WLOU.SS.20190606",,"WLOU.20190606","Grab",9.86,101.80,74.70,2.50,"NEON.DOC.001886vF",,,,,,"0000-0001-6869-2611","0000-0001-7092-2850",,
"4575a0f7-b125-44e7-91b3-c4c4561bbc94","D13","WLOU","WLOU.AOS.S2",39.890669,-105.911314,0.1,10.0,2899.5,0.0,"WGS84",,,,,,"2019-06-11T16:52Z","stream",,"WLOU.SS.20190611",,"WLOU.20190611","Grab",10.26,106.10,73.40,2.30,"NEON.DOC.001886vF",,,,,,"0000-0001-6869-2611","0000-0002-5760-9269",,
"733d31a8-e7fb-418d-a922-0747d69c67ad","D13","WLOU","WLOU.AOS.S2",39.890669,-105.911314,0.1,10.0,2899.5,0.0,"WGS84",,,,,,"2019-06-13T14:00Z","stream",,"WLOU.SS.20190613",,"WLOU.20190613","Grab",9.79,99.94,72.90,2.00,"NEON.DOC.001886vF",,,,,,"0000-0003-3415-3067","0000-0002-8159-7966",,
"169f9094-2077-46f3-8915-e85b59a535e6","D13","WLOU","WLOU.AOS.S2",39.890669,-105.911314,0.1,10.0,2899.5,0.0,"WGS84",,,,,,"2019-06-17T15:10Z","stream",,"WLOU.SS.20190617",,"WLOU.20190617","Grab",9.59,98.60,70.80,23.00,"NEON.DOC.001886vF",,,,,,"0000-0001-7092-2850","0000-0001-6869-2611",,
"d03f1bbb-36b3-4b19-a989-d4e10693fbd9","D13","WLOU","WLOU.AOS.S2",39.890669,-105.911314,0.1,10.0,2899.5,0.0,"WGS84",,,,,,"2019-06-19T14:29Z","stream",,"WLOU.SS.20190619",,"WLOU.20190619","Grab",9.39,96.90,66.90,2.30,"NEON.DOC.001886vF",,,,,,"0000-0002-8159-7966","0000-0001-6869-2611",,
"6ba3f2a0-2b90-4b7f-8b84-dff0841a4c6e","D13","WLOU","WLOU.AOS.S2",39.890669,-105.911314,0.1,10.0,2899.5,0.0,"WGS84",,,,,,"2019-06-27T14:17Z","stream",,"WLOU.SS.20190627",,"WLOU.20190627","Grab",9.34,96.30,73.50,2.50,"NEON.DOC.001886vF",,,,,,"0000-0003-3415-3067","0000-0001-7092-2850",,
