uid,domainID,siteID,namedLocation,collectDate,sampleID,sampleCode,sampleCondition,laboratoryName,analysisDate,analyzedBy,sampleType,replicate,sampleVolumeFiltered,filterSize,percentFilterAnalyzed,analyte,analyteConcentration,plantAlgaeLabUnits,method,externalRemarks,externalLabDataQF
"bc497c94-d2b8-4b34-86a4-4445e1664b93","D13","WLOU","WLOU.AOS.S2","2019-06-06","WLOU.SS.20190606.POM.1","A00000090618","condition ok","SIRFER Lab at University of Utah","2019-09-23","ElFtGy1kV49xqNP00HfxQA==","POM","1",500,25,100,"carbon",335.12,"microgramsPerLiter","Revesz & Coplen 2012a",,
"034af715-de67-4526-a74d-b499b2769803","D13","WLOU","WLOU.AOS.S2","2019-06-06","WLOU.SS.20190606.POM.1","A00000090618","condition ok","SIRFER Lab at University of Utah","2019-09-23","ElFtGy1kV49xqNP00HfxQA==","POM","1",500,25,100,"d15N",2.03,"perMill","Revesz & Coplen 2012a",,
"caf62d5b-8bfd-4bbe-8d7e-75505954ec74","D13","WLOU","WLOU.AOS.S2","2019-06-06","WLOU.SS.20190606.POM.1","A00000090618","condition ok","SIRFER Lab at University of Utah","2019-09-23","ElFtGy1kV49xqNP00HfxQA==","POM","1",500,25,100,"d13C",-25.85,"perMill","Revesz & Coplen 2012a",,
"97d5dff8-18f6-415c-87a0-b56495d6d418","D13","WLOU","WLOU.AOS.S2","2019-06-06","WLOU.SS.20190606.POM.1","A00000090618","condition ok","SIRFER Lab at University of Utah","2019-09-23","ElFtGy1kV49xqNP00HfxQA==","POM","1",500,25,100,"nitrogen",18.93,"microgramsPerLiter","Revesz & Coplen 2012a",,
