uid,domainID,siteID,namedLocation,collectDate,sampleID,sampleCode,sampleCondition,laboratoryName,analysisDate,analyzedBy,sampleType,replicate,sampleVolumeFiltered,filterSize,percentFilterAnalyzed,analyte,analyteConcentration,plantAlgaeLabUnits,method,externalRemarks,externalLabDataQF
"ace00e3e-32c1-48e9-bdc4-d719340c5316","D08","BLWA","BLWA.AOS.buoy.c0","2017-01-12","BLWA.C0.20170112.POM.2",,"other","Academy of Natural Sciences of Drexel University","2017-05-23","OKgcKejxXbI=","13C15N","2",,,100,"d15N",11.54,"perMill",,"filter poorly folded, sample loss",
"17be23c3-fded-4a05-a94b-c9093ae906f3","D08","BLWA","BLWA.AOS.buoy.c0","2017-01-12","BLWA.C0.20170112.POM.2",,"other","Academy of Natural Sciences of Drexel University","2017-05-23","OKgcKejxXbI=","13C15N","2",,,100,"d13C",-28.79,"perMill",,"filter poorly folded, sample loss",
"0393bf6c-2c86-4286-9232-312d8ce4d1f4","D08","BLWA","BLWA.AOS.buoy.c0","2017-01-12","BLWA.C0.20170112.POM.1",,"other","Academy of Natural Sciences of Drexel University","2017-04-08","OKgcKejxXbI=","13C15N","1",,,100,"d15N",10.28,"perMill",,"filter poorly folded, sample loss",
"8075371c-07b1-41ea-bdd4-0c4589c1ccc8","D08","BLWA","BLWA.AOS.buoy.c0","2017-01-12","BLWA.C0.20170112.POM.1",,"other","Academy of Natural Sciences of Drexel University","2017-04-08","OKgcKejxXbI=","13C15N","1",,,100,"d13C",-28.71,"perMill",,"filter poorly folded, sample loss",
"7509721b-bfaf-4605-99fb-1e4ef1a9284e","D08","BLWA","BLWA.AOS.buoy.c0","2017-01-24","BLWA.C0.20170124.POM.1",,"condition ok","SIRFER Lab at University of Utah","2018-03-22","ElFtGy1kV49xqNP00HfxQA==","POM","1",30,25,100,"d13C",-27.58,"perMill","Revesz & Coplen 2012a",,
"2910e63a-bbca-4807-bece-439b0e1f1d7a","D08","BLWA","BLWA.AOS.buoy.c0","2017-01-24","BLWA.C0.20170124.POM.1",,"condition ok","SIRFER Lab at University of Utah","2018-03-22","ElFtGy1kV49xqNP00HfxQA==","POM","1",30,25,100,"carbon",1788.87,"microgramsPerLiter","Revesz & Coplen 2012a",,
"ac9381cd-a34d-4f70-81ba-409614070c33","D08","BLWA","BLWA.AOS.buoy.c0","2017-01-24","BLWA.C0.20170124.POM.1",,"condition ok","SIRFER Lab at University of Utah","2018-03-22","ElFtGy1kV49xqNP00HfxQA==","POM","1",30,25,100,"d15N",17.97,"perMill","Revesz & Coplen 2012a",,
"d4abb5c2-8bd4-46fd-99b1-8f69f4118431","D08","BLWA","BLWA.AOS.buoy.c0","2017-01-24","BLWA.C0.20170124.POM.1",,"condition ok","SIRFER Lab at University of Utah","2018-03-22","ElFtGy1kV49xqNP00HfxQA==","POM","1",30,25,100,"nitrogen",159.08,"microgramsPerLiter","Revesz & Coplen 2012a",,
