uid,domainID,siteID,namedLocation,collectDate,sampleID,sampleCode,sampleCondition,laboratoryName,analysisDate,analyzedBy,sampleType,replicate,sampleVolumeFiltered,filterSize,percentFilterAnalyzed,analyte,analyteConcentration,plantAlgaeLabUnits,method,externalRemarks,externalLabDataQF
"9772d282-eafd-40b3-b5c3-48f48f7b4169","D07","LECO","LECO.AOS.S2","2017-06-06","LECO.SS.20170606.POM.1",,"condition ok","SIRFER Lab at University of Utah","2018-03-12","ElFtGy1kV49xqNP00HfxQA==","POM","1",,,100,"d13C",-27.74,"perMill","Revesz & Coplen 2012a",,
"5c829cea-030b-46e8-887e-cba66d06f14f","D07","LECO","LECO.AOS.S2","2017-06-06","LECO.SS.20170606.POM.1",,"condition ok","SIRFER Lab at University of Utah","2018-03-12","ElFtGy1kV49xqNP00HfxQA==","POM","1",,,100,"nitrogen",71.30,"microgramsPerLiter","Revesz & Coplen 2012a",,
"bf418f9c-312d-48f1-bc06-9ed5bcfd024d","D07","LECO","LECO.AOS.S2","2017-06-06","LECO.SS.20170606.POM.1",,"condition ok","SIRFER Lab at University of Utah","2018-03-12","ElFtGy1kV49xqNP00HfxQA==","POM","1",,,100,"carbon",1245.19,"microgramsPerLiter","Revesz & Coplen 2012a",,
"076a8a37-c205-438d-9a0c-f81ccd3651a1","D07","LECO","LECO.AOS.S2","2017-06-06","LECO.SS.20170606.POM.1",,"condition ok","SIRFER Lab at University of Utah","2018-03-12","ElFtGy1kV49xqNP00HfxQA==","POM","1",,,100,"d15N",1.78,"perMill","Revesz & Coplen 2012a",,
"aa879dcb-c2a2-469c-94cc-bd88355fcf1e","D07","LECO","LECO.AOS.S2","2017-06-13","LECO.SS.20170613.POM.1",,"condition ok","SIRFER Lab at University of Utah","2018-03-12","ElFtGy1kV49xqNP00HfxQA==","POM","1",,,100,"carbon",973.54,"microgramsPerLiter","Revesz & Coplen 2012a",,
"ce0c0c1a-fb7d-447a-b1a0-f293a9c22257","D07","LECO","LECO.AOS.S2","2017-06-13","LECO.SS.20170613.POM.1",,"condition ok","SIRFER Lab at University of Utah","2018-03-12","ElFtGy1kV49xqNP00HfxQA==","POM","1",,,100,"d15N",3.39,"perMill","Revesz & Coplen 2012a",,
"da74a67e-1d68-4564-b318-39c605420014","D07","LECO","LECO.AOS.S2","2017-06-13","LECO.SS.20170613.POM.1",,"condition ok","SIRFER Lab at University of Utah","2018-03-12","ElFtGy1kV49xqNP00HfxQA==","POM","1",,,100,"d13C",-27.97,"perMill","Revesz & Coplen 2012a",,
"c0196286-2f0b-443c-8880-3f3e93146123","D07","LECO","LECO.AOS.S2","2017-06-13","LECO.SS.20170613.POM.1",,"condition ok","SIRFER Lab at University of Utah","2018-03-12","ElFtGy1kV49xqNP00HfxQA==","POM","1",,,100,"nitrogen",62.18,"microgramsPerLiter","Revesz & Coplen 2012a",,
"fd4c8485-bbcb-4d38-bcea-5d1d1b427131","D07","LECO","LECO.AOS.S2","2017-06-26","LECO.SS.20170626.POM.1",,"condition ok","SIRFER Lab at University of Utah","2018-03-12","ElFtGy1kV49xqNP00HfxQA==","POM","1",,,100,"carbon",499.67,"microgramsPerLiter","Revesz & Coplen 2012a",,
"0f16ab3f-2a59-4fcd-89cd-bb8b522f8c3f","D07","LECO","LECO.AOS.S2","2017-06-26","LECO.SS.20170626.POM.1",,"condition ok","SIRFER Lab at University of Utah","2018-03-12","ElFtGy1kV49xqNP00HfxQA==","POM","1",,,100,"d15N",1.52,"perMill","Revesz & Coplen 2012a",,
"2c1fec2a-6a8a-46ff-ac2b-46eec8b9af47","D07","LECO","LECO.AOS.S2","2017-06-26","LECO.SS.20170626.POM.1",,"condition ok","SIRFER Lab at University of Utah","2018-03-12","ElFtGy1kV49xqNP00HfxQA==","POM","1",,,100,"d13C",-27.87,"perMill","Revesz & Coplen 2012a",,
"a88e6059-2f99-4089-8da1-ee8f6ae53631","D07","LECO","LECO.AOS.S2","2017-06-26","LECO.SS.20170626.POM.1",,"condition ok","SIRFER Lab at University of Utah","2018-03-12","ElFtGy1kV49xqNP00HfxQA==","POM","1",,,100,"nitrogen",54.83,"microgramsPerLiter","Revesz & Coplen 2012a",,
