uid,domainID,siteID,namedLocation,collectDate,sampleID,sampleCode,sampleCondition,laboratoryName,analysisDate,analyzedBy,sampleType,replicate,sampleVolumeFiltered,filterSize,percentFilterAnalyzed,analyte,analyteConcentration,plantAlgaeLabUnits,method,externalRemarks,externalLabDataQF
"8175145f-4836-4093-b1c9-178b230e220c","D05","LIRO","LIRO.AOS.buoy.c0","2019-01-22","LIRO.C0.20190122.POM.1","A00000040828","condition ok","SIRFER Lab at University of Utah","2019-07-10","ElFtGy1kV49xqNP00HfxQA==","POM","1",150,25,100,"carbon",96261.06,"microgramsPerLiter","Revesz & Coplen 2012a",,
"e2d07961-c45d-4c41-9830-a620c17a16ca","D05","LIRO","LIRO.AOS.buoy.c0","2019-01-22","LIRO.C0.20190122.POM.1","A00000040828","condition ok","SIRFER Lab at University of Utah","2019-07-10","ElFtGy1kV49xqNP00HfxQA==","POM","1",150,25,100,"nitrogen",12699.04,"microgramsPerLiter","Revesz & Coplen 2012a",,
"537f8840-5b3c-4f92-ac7c-313af70128f1","D05","LIRO","LIRO.AOS.buoy.c0","2019-01-22","LIRO.C0.20190122.POM.1","A00000040828","condition ok","SIRFER Lab at University of Utah","2019-07-10","ElFtGy1kV49xqNP00HfxQA==","POM","1",150,25,100,"d15N",4.69,"perMill","Revesz & Coplen 2012a",,
"ff7205b5-b096-47c0-8631-8b3743f2650d","D05","LIRO","LIRO.AOS.buoy.c0","2019-01-22","LIRO.C0.20190122.POM.1","A00000040828","condition ok","SIRFER Lab at University of Utah","2019-07-10","ElFtGy1kV49xqNP00HfxQA==","POM","1",150,25,100,"d13C",-31.43,"perMill","Revesz & Coplen 2012a",,
