uid,domainID,siteID,namedLocation,collectDate,analysisDate,isotopeH2OSampleID,isotopeH2OSampleCode,instrumentSN,d18OWater,d2HWater,d18OsdWater,d2HsdWater,isotopeH2OExternalLabQF,laboratoryName,analyzedBy,sampleCondition,externalRemarks,externalLabDataQF
"eb57038e-6dad-4b26-842e-5d9057dbb3a2","D15","REDB","REDB.AOS.S2","2019-04-01","2019-05-31","REDB.SS.20190401.H2O.1","A00000057031","HIDS2046",-16.74,-124.78,0.01,0.10,0,"SIRFER Lab at University of Utah","OlSmE6RRn5QQH8tvUHmK5i/poYiQr6sd","OK",,
"5df32f61-4929-4e8a-999b-b408e905ae92","D15","REDB","REDB.AOS.S2","2019-04-08","2019-05-31","REDB.SS.20190408.H2O.1","A00000057296","HIDS2046",-16.56,-124.06,0.01,0.09,0,"SIRFER Lab at University of Utah","OlSmE6RRn5QQH8tvUHmK5i/poYiQr6sd","OK",,
"27d8ce3e-852e-4af5-97ab-6f72be559d95","D15","REDB","REDB.AOS.S2","2019-04-15","2019-05-31","REDB.SS.20190415.H2O.2","A00000057004","HIDS2046",-16.48,-122.14,0.05,0.33,0,"SIRFER Lab at University of Utah","OlSmE6RRn5QQH8tvUHmK5i/poYiQr6sd","OK",,
"060edb7b-c77d-41cf-bac0-5ecf224be0fe","D15","REDB","REDB.AOS.S2","2019-04-15","2019-05-31","REDB.SS.20190415.H2O.3","A00000057005","HIDS2046",-16.44,-121.60,0.05,0.09,0,"SIRFER Lab at University of Utah","OlSmE6RRn5QQH8tvUHmK5i/poYiQr6sd","OK",,
"58b63dfa-5b6b-4eba-9302-702ab9f01f0c","D15","REDB","REDB.AOS.S2","2019-04-15","2019-05-31","REDB.SS.20190415.H2O.1","A00000057021","HIDS2046",-16.45,-122.00,0.00,0.13,0,"SIRFER Lab at University of Utah","OlSmE6RRn5QQH8tvUHmK5i/poYiQr6sd","OK",,
"fb79ebd6-dbd8-4beb-9bc0-db37c0324ead","D15","REDB","REDB.AOS.S2","2019-04-22","2019-07-29","REDB.SS.20190422.H2O.1","A00000057490","HIDS2052",-16.69,-124.09,0.01,0.11,0,"SIRFER Lab at University of Utah","OlSmE6RRn5QQH8tvUHmK5i/poYiQr6sd","OK",,
