uid,domainID,siteID,namedLocation,collectDate,sampleID,sampleCode,sampleCondition,laboratoryName,analysisDate,analyzedBy,sampleType,replicate,sampleVolumeFiltered,filterSize,percentFilterAnalyzed,analyte,analyteConcentration,plantAlgaeLabUnits,method,externalRemarks,externalLabDataQF
"db539a50-c33b-4057-9dcd-47c4a2692ba8","D15","REDB","REDB.AOS.S2","2019-04-01","REDB.SS.20190401.POM.1","A00000057019","condition ok","SIRFER Lab at University of Utah","2019-08-20","ElFtGy1kV49xqNP00HfxQA==","POM","1",172,25,100,"d15N",1.35,"perMill","Revesz & Coplen 2012a",,
"036e0e82-15c0-45c8-9046-eeee5fbd50b5","D15","REDB","REDB.AOS.S2","2019-04-01","REDB.SS.20190401.POM.1","A00000057019","condition ok","SIRFER Lab at University of Utah","2019-08-20","ElFtGy1kV49xqNP00HfxQA==","POM","1",172,25,100,"d13C",-23.55,"perMill","Revesz & Coplen 2012a",,
"5440989d-9672-4c61-a84d-f492d613902e","D15","REDB","REDB.AOS.S2","2019-04-01","REDB.SS.20190401.POM.1","A00000057019","condition ok","SIRFER Lab at University of Utah","2019-08-20","ElFtGy1kV49xqNP00HfxQA==","POM","1",172,25,100,"nitrogen",113.52,"microgramsPerLiter","Revesz & Coplen 2012a",,
"8c980978-bf35-4dcc-b339-79ae1b45ceef","D15","REDB","REDB.AOS.S2","2019-04-01","REDB.SS.20190401.POM.1","A00000057019","condition ok","SIRFER Lab at University of Utah","2019-08-20","ElFtGy1kV49xqNP00HfxQA==","POM","1",172,25,100,"carbon",2132.22,"microgramsPerLiter","Revesz & Coplen 2012a",,
"a876ac33-a3c6-4ed7-b3a9-8736e3cc8d0a","D15","REDB","REDB.AOS.S2","2019-04-08","REDB.SS.20190408.POM.1","A00000057002","condition ok","SIRFER Lab at University of Utah","2019-08-20","ElFtGy1kV49xqNP00HfxQA==","POM","1",150,25,100,"d15N",2.07,"perMill","Revesz & Coplen 2012a",,
"787f7f03-309c-4ee1-b139-647fbb73a5b3","D15","REDB","REDB.AOS.S2","2019-04-08","REDB.SS.20190408.POM.1","A00000057002","condition ok","SIRFER Lab at University of Utah","2019-08-20","ElFtGy1kV49xqNP00HfxQA==","POM","1",150,25,100,"carbon",3421.98,"microgramsPerLiter","Revesz & Coplen 2012a",,
"eb25dad0-4911-49a1-89d0-302d8262a6a5","D15","REDB","REDB.AOS.S2","2019-04-08","REDB.SS.20190408.POM.1","A00000057002","condition ok","SIRFER Lab at University of Utah","2019-08-20","ElFtGy1kV49xqNP00HfxQA==","POM","1",150,25,100,"d13C",-22.58,"perMill","Revesz & Coplen 2012a",,
"95b342e2-bce6-4f40-b580-e49ab7a27088","D15","REDB","REDB.AOS.S2","2019-04-08","REDB.SS.20190408.POM.1","A00000057002","condition ok","SIRFER Lab at University of Utah","2019-08-20","ElFtGy1kV49xqNP00HfxQA==","POM","1",150,25,100,"nitrogen",293.91,"microgramsPerLiter","Revesz & Coplen 2012a",,
"6820f237-a1ac-43ef-8e32-afecf5faf5c0","D15","REDB","REDB.AOS.S2","2019-04-15","REDB.SS.20190415.POM.1","A00000057008","condition ok","SIRFER Lab at University of Utah","2019-08-20","ElFtGy1kV49xqNP00HfxQA==","POM","1",50,25,100,"d13C",-39.37,"perMill","Revesz & Coplen 2012a",,
"4e571995-9b0c-4f9a-99f2-e18b58b86788","D15","REDB","REDB.AOS.S2","2019-04-15","REDB.SS.20190415.POM.1","A00000057008","condition ok","SIRFER Lab at University of Utah","2019-08-20","ElFtGy1kV49xqNP00HfxQA==","POM","1",50,25,100,"d15N",3.85,"perMill","Revesz & Coplen 2012a",,
"44676c9f-1cc3-490e-9bce-2e881a15dc7c","D15","REDB","REDB.AOS.S2","2019-04-15","REDB.SS.20190415.POM.1","A00000057008","condition ok","SIRFER Lab at University of Utah","2019-08-20","ElFtGy1kV49xqNP00HfxQA==","POM","1",50,25,100,"carbon",2718.56,"microgramsPerLiter","Revesz & Coplen 2012a",,
"e3c776b0-8eb6-401a-b37d-5eb49d612b43","D15","REDB","REDB.AOS.S2","2019-04-15","REDB.SS.20190415.POM.1","A00000057008","condition ok","SIRFER Lab at University of Utah","2019-08-20","ElFtGy1kV49xqNP00HfxQA==","POM","1",50,25,100,"nitrogen",1966.14,"microgramsPerLiter","Revesz & Coplen 2012a",,
"53b63b4f-2d48-4eaa-bec8-48343db5b234","D15","REDB","REDB.AOS.S2","2019-04-22","REDB.SS.20190422.POM.1","A00000057028","condition ok","SIRFER Lab at University of Utah","2019-08-20","ElFtGy1kV49xqNP00HfxQA==","POM","1",150,25,100,"d13C",-23.51,"perMill","Revesz & Coplen 2012a",,
"efca4b84-d859-45a4-b50e-2e3cdaa5d8fb","D15","REDB","REDB.AOS.S2","2019-04-22","REDB.SS.20190422.POM.1","A00000057028","condition ok","SIRFER Lab at University of Utah","2019-08-20","ElFtGy1kV49xqNP00HfxQA==","POM","1",150,25,100,"d15N",4.49,"perMill","Revesz & Coplen 2012a",,
"c2e2f448-b207-4f3f-b670-ab0c1e46adf8","D15","REDB","REDB.AOS.S2","2019-04-22","REDB.SS.20190422.POM.1","A00000057028","condition ok","SIRFER Lab at University of Utah","2019-08-20","ElFtGy1kV49xqNP00HfxQA==","POM","1",150,25,100,"nitrogen",276.11,"microgramsPerLiter","Revesz & Coplen 2012a",,
"692fe977-d1c8-44d8-a27d-0ba9b3b417cc","D15","REDB","REDB.AOS.S2","2019-04-22","REDB.SS.20190422.POM.1","A00000057028","condition ok","SIRFER Lab at University of Utah","2019-08-20","ElFtGy1kV49xqNP00HfxQA==","POM","1",150,25,100,"carbon",4149.45,"microgramsPerLiter","Revesz & Coplen 2012a",,
