uid,domainID,siteID,namedLocation,decimalLatitude,decimalLongitude,coordinateUncertainty,additionalCoordUncertainty,elevation,elevationUncertainty,geodeticDatum,altLocation,altLatitude,altLongitude,altCoordinateUncertainty,altGeodeticDatum,collectDate,aquaticSiteType,samplingImpractical,parentSampleID,parentSampleCode,eventID,samplerType,dissolvedOxygen,dissolvedOxygenSaturation,specificConductance,waterTemp,asiSamplingProtocolVersion,lowerSegmentDepth,upperSegmentDepth,maxDepth,lakeSampleDepth1,lakeSampleDepth2,aCollectedBy,bCollectedBy,remarks,fieldDataQF
"20ea2827-55b4-42a6-a857-d68fdb6167d4","D15","REDB","REDB.AOS.S2",40.783660,-111.798110,0.1,10.0,1688.6,0.0,"WGS84",,,,,,"2019-04-01T16:40Z","stream",,"REDB.SS.20190401",,"REDB.20190401","Grab",11.45,104.40,536.00,3.40,"NEON.DOC.001886vG",,,,,,"0000-0002-1342-9821","0000-0002-1342-9821",,
"2b5a4936-3e6f-471b-90ea-cf3f4cd7bce8","D15","REDB","REDB.AOS.S2",40.783660,-111.798110,0.1,10.0,1688.6,0.0,"WGS84",,,,,,"2019-04-08T17:12Z","stream",,"REDB.SS.20190408",,"REDB.20190408","Grab",12.52,118.30,452.10,5.20,"NEON.DOC.001886vG",,,,,,"0000-0002-1342-9821","0000-0002-1342-9821",,
"f85baa96-ae5c-40ef-b9e4-3c1422463e35","D15","REDB","REDB.AOS.S2",40.783660,-111.798110,0.1,10.0,1688.6,0.0,"WGS84",,,,,,"2019-04-15T17:38Z","stream",,"REDB.SS.20190415",,"REDB.20190415","Grab",9.89,94.90,404.90,5.10,"NEON.DOC.001886vG",,,,,,"0000-0002-1671-2913","0000-0002-1342-9821",,
"ab723630-1023-4138-89a1-1d0fee88403e","D15","REDB","REDB.AOS.S2",40.783660,-111.798110,0.1,10.0,1688.6,0.0,"WGS84",,,,,,"2019-04-22T16:51Z","stream",,"REDB.SS.20190422",,"REDB.20190422","Grab",9.76,78.20,431.60,5.70,"NEON.DOC.001886vG",,,,,,"0000-0003-1389-3031","0000-0002-1671-2913",,
