uid,domainID,siteID,namedLocation,collectDate,parentSampleID,parentSampleCode,isotopeH2OSampleCond,isotopeH2OSampleID,isotopeH2OSampleCode,isotopePOMRep2SampleCond,isotopePOMRep2SampleID,isotopePOMRep2SampleCode,isotopePOMSampleCond,isotopePOMSampleID,isotopePOMSampleCode,processedDateFilters,processedDateH2OIsotopes,sampleVolumeFilteredPOMRep1,sampleVolumeFilteredPOMRep2,fieldDataQF
"2cd35f9f-8efd-4275-8b2d-96d30ebac286","D15","REDB","REDB.AOS.S2","2019-04-01T16:40Z","REDB.SS.20190401",,"Sample condition ok","REDB.SS.20190401.H2O.1","A00000057031","Sample condition ok","REDB.SS.20190401.POM.2","A00000057020","Sample condition ok","REDB.SS.20190401.POM.1","A00000057019","2019-04-01T20:23Z","2019-04-01T20:05Z",172,186,
"b0c1fadc-7afd-4a7c-84c4-6ec8d0afbfe7","D15","REDB","REDB.AOS.S2","2019-04-08T17:12Z","REDB.SS.20190408",,"Sample condition ok","REDB.SS.20190408.H2O.1","A00000057296","Sample condition ok","REDB.SS.20190408.POM.2","A00000057003","Sample condition ok","REDB.SS.20190408.POM.1","A00000057002","2019-04-08T17:53Z","2019-04-08T17:43Z",150,150,
"ad09bb13-b59f-40a7-9ccc-bc88d58fbd77","D15","REDB","REDB.AOS.S2","2019-04-15T17:38Z","REDB.SS.20190415",,"Sample condition ok","REDB.SS.20190415.H2O.1","A00000057021","Sample condition ok","REDB.SS.20190415.POM.2","A00000057025","Sample condition ok","REDB.SS.20190415.POM.1","A00000057008","2019-04-15T23:08Z","2019-04-15T21:44Z",50,50,
"ccf1e375-5bd7-47d9-b027-d42d8ad9c851","D15","REDB","REDB.AOS.S2","2019-04-15T17:38Z","REDB.SS.20190415",,"Sample condition ok","REDB.SS.20190415.H2O.2","A00000057004",,,,,,,,"2019-04-15T21:44Z",,,
"31394f67-83e2-4f3c-aa3d-1b52aa42ed2f","D15","REDB","REDB.AOS.S2","2019-04-15T17:38Z","REDB.SS.20190415",,"Sample condition ok","REDB.SS.20190415.H2O.3","A00000057005",,,,,,,,"2019-04-15T21:45Z",,,
"307a740b-4425-491e-a33f-a10e9c12941d","D15","REDB","REDB.AOS.S2","2019-04-22T16:51Z","REDB.SS.20190422",,"Sample condition ok","REDB.SS.20190422.H2O.1","A00000057490","Sample condition ok","REDB.SS.20190422.POM.2","A00000057012","Sample condition ok","REDB.SS.20190422.POM.1","A00000057028",,"2019-04-22T16:51Z",150,130,
