uid,domainID,siteID,namedLocation,collectDate,sampleID,sampleCode,sampleCondition,laboratoryName,analysisDate,analyzedBy,sampleType,replicate,sampleVolumeFiltered,filterSize,percentFilterAnalyzed,analyte,analyteConcentration,plantAlgaeLabUnits,method,externalRemarks,externalLabDataQF
"a4467286-77dc-4e64-bbb5-96f1edcb6aca","D07","WALK","WALK.AOS.S2","2016-11-22","WALK.SS.20161122.POM.1",,"condition ok","Academy of Natural Sciences of Drexel University","2017-05-25","OKgcKejxXbI=","13C15N","1",,,100,"d15N",4.59,"perMill",,,
"3e547b35-ab2c-40ff-a761-b217f44967ec","D07","WALK","WALK.AOS.S2","2016-11-22","WALK.SS.20161122.POM.2",,"other","Academy of Natural Sciences of Drexel University","2017-06-14","OKgcKejxXbI=","13C15N","2",,,100,"d13C",,"perMill",,"analysis corrupted during run",
"d75960be-a9a9-43d1-835d-c241d3da7b1b","D07","WALK","WALK.AOS.S2","2016-11-22","WALK.SS.20161122.POM.2",,"other","Academy of Natural Sciences of Drexel University","2017-06-14","OKgcKejxXbI=","13C15N","2",,,100,"d15N",,"perMill",,"analysis corrupted during run",
"519b1040-294a-4fb7-aec8-7160e8f3892f","D07","WALK","WALK.AOS.S2","2016-11-22","WALK.SS.20161122.POM.1",,"condition ok","Academy of Natural Sciences of Drexel University","2017-05-25","OKgcKejxXbI=","13C15N","1",,,100,"d13C",-28.65,"perMill",,,
"987d6911-0e60-471e-92a8-6ff1f71107df","D07","WALK","WALK.AOS.S2","2016-11-29","WALK.SS.20161129.POM.2",,"other","Academy of Natural Sciences of Drexel University","2017-06-14","OKgcKejxXbI=","13C15N","2",,,100,"d13C",,"perMill",,"analysis corrupted during run",
"0c735ace-6587-42af-add0-b099eaaba4f6","D07","WALK","WALK.AOS.S2","2016-11-29","WALK.SS.20161129.POM.2",,"other","Academy of Natural Sciences of Drexel University","2017-06-14","OKgcKejxXbI=","13C15N","2",,,100,"d15N",,"perMill",,"analysis corrupted during run",
"f99ca27e-8bf2-4d72-b8bc-39fe2358ce21","D07","WALK","WALK.AOS.S2","2016-11-29","WALK.SS.20161129.POM.1",,"condition ok","Academy of Natural Sciences of Drexel University","2017-05-25","OKgcKejxXbI=","13C15N","1",,,100,"d13C",-28.71,"perMill",,,
"96a31dfe-88e2-4a52-8dc8-bfb935138647","D07","WALK","WALK.AOS.S2","2016-11-29","WALK.SS.20161129.POM.1",,"condition ok","Academy of Natural Sciences of Drexel University","2017-05-25","OKgcKejxXbI=","13C15N","1",,,100,"d15N",0.68,"perMill",,,
