uid,domainID,siteID,namedLocation,collectDate,sampleID,sampleCode,sampleCondition,laboratoryName,analysisDate,analyzedBy,sampleType,replicate,sampleVolumeFiltered,filterSize,percentFilterAnalyzed,analyte,analyteConcentration,plantAlgaeLabUnits,method,externalRemarks,externalLabDataQF
"0168f99d-1b1d-4a96-9bb9-d720a77f3b77","D13","WLOU","WLOU.AOS.S2","2018-04-17","WLOU.SS.20180417.POM.1","A00000017637","condition ok","SIRFER Lab at University of Utah","2018-08-08","ElFtGy1kV49xqNP00HfxQA==","POM","1",2000,25,100,"carbon",57.61,"microgramsPerLiter","Revesz & Coplen 2012a",,
"fd4257fd-237b-4e71-8ec8-4d40ec66b1ed","D13","WLOU","WLOU.AOS.S2","2018-04-17","WLOU.SS.20180417.POM.1","A00000017637","condition ok","SIRFER Lab at University of Utah","2018-08-08","ElFtGy1kV49xqNP00HfxQA==","POM","1",2000,25,100,"d13C",-26.34,"perMill","Revesz & Coplen 2012a",,
"2afd5afa-332a-4307-8ce0-d00d8d481259","D13","WLOU","WLOU.AOS.S2","2018-04-17","WLOU.SS.20180417.POM.1","A00000017637","condition ok","SIRFER Lab at University of Utah","2018-08-08","ElFtGy1kV49xqNP00HfxQA==","POM","1",2000,25,100,"d15N",1.98,"perMill","Revesz & Coplen 2012a",,
"7454fc9e-c315-4e0d-81be-b2e72f025210","D13","WLOU","WLOU.AOS.S2","2018-04-17","WLOU.SS.20180417.POM.1","A00000017637","condition ok","SIRFER Lab at University of Utah","2018-08-08","ElFtGy1kV49xqNP00HfxQA==","POM","1",2000,25,100,"nitrogen",3.38,"microgramsPerLiter","Revesz & Coplen 2012a",,
