uid,domainID,siteID,namedLocation,collectDate,sampleID,sampleCode,sampleCondition,laboratoryName,analysisDate,analyzedBy,sampleType,replicate,sampleVolumeFiltered,filterSize,percentFilterAnalyzed,analyte,analyteConcentration,plantAlgaeLabUnits,method,externalRemarks,externalLabDataQF
"836bb04f-bfdf-49da-a830-a2452d720917","D11","PRIN","PRIN.AOS.S2","2019-04-02","PRIN.SS.20190402.POM.1","A00000053077","condition ok","SIRFER Lab at University of Utah","2019-08-16","ElFtGy1kV49xqNP00HfxQA==","POM","1",400,25,100,"carbon",347.86,"microgramsPerLiter","Revesz & Coplen 2012a",,
"44d52ba3-b000-4e5e-aa0f-53ea98d5db04","D11","PRIN","PRIN.AOS.S2","2019-04-02","PRIN.SS.20190402.POM.1","A00000053077","condition ok","SIRFER Lab at University of Utah","2019-08-16","ElFtGy1kV49xqNP00HfxQA==","POM","1",400,25,100,"d13C",-29.95,"perMill","Revesz & Coplen 2012a",,
"62bb3008-ab7f-487e-88d0-9797a8eb6e6a","D11","PRIN","PRIN.AOS.S2","2019-04-02","PRIN.SS.20190402.POM.1","A00000053077","condition ok","SIRFER Lab at University of Utah","2019-08-16","ElFtGy1kV49xqNP00HfxQA==","POM","1",400,25,100,"nitrogen",32.38,"microgramsPerLiter","Revesz & Coplen 2012a",,
"459f233e-5093-4109-a4f0-f83b666b8e40","D11","PRIN","PRIN.AOS.S2","2019-04-02","PRIN.SS.20190402.POM.1","A00000053077","condition ok","SIRFER Lab at University of Utah","2019-08-16","ElFtGy1kV49xqNP00HfxQA==","POM","1",400,25,100,"d15N",8.82,"perMill","Revesz & Coplen 2012a",,
"dde9dd39-856c-4476-a152-52b37668ec63","D11","PRIN","PRIN.AOS.S2","2019-04-22","PRIN.SS.20190422.POM.1","A00000104275","condition ok","SIRFER Lab at University of Utah","2019-09-17","ElFtGy1kV49xqNP00HfxQA==","POM","1",500,25,100,"nitrogen",52.05,"microgramsPerLiter","Revesz & Coplen 2012a",,
"4b50740c-83ac-4aa7-92b0-b44a1d8f6d58","D11","PRIN","PRIN.AOS.S2","2019-04-22","PRIN.SS.20190422.POM.1","A00000104275","condition ok","SIRFER Lab at University of Utah","2019-09-17","ElFtGy1kV49xqNP00HfxQA==","POM","1",500,25,100,"d15N",4.63,"perMill","Revesz & Coplen 2012a",,
"78e7aa97-bd58-4d2f-9573-0c2f988f874f","D11","PRIN","PRIN.AOS.S2","2019-04-22","PRIN.SS.20190422.POM.1","A00000104275","condition ok","SIRFER Lab at University of Utah","2019-09-17","ElFtGy1kV49xqNP00HfxQA==","POM","1",500,25,100,"carbon",357.15,"microgramsPerLiter","Revesz & Coplen 2012a",,
"896844e3-d188-469b-9bc5-d1be4e01d227","D11","PRIN","PRIN.AOS.S2","2019-04-22","PRIN.SS.20190422.POM.1","A00000104275","condition ok","SIRFER Lab at University of Utah","2019-09-17","ElFtGy1kV49xqNP00HfxQA==","POM","1",500,25,100,"d13C",-27.75,"perMill","Revesz & Coplen 2012a",,
"acb18242-91a9-4bf3-877b-5828d9d8831d","D11","PRIN","PRIN.AOS.S2","2019-04-24","PRIN.SS.20190424.POM.1","A00000104243","condition ok","SIRFER Lab at University of Utah","2019-09-17","ElFtGy1kV49xqNP00HfxQA==","POM","1",200,25,100,"carbon",728.66,"microgramsPerLiter","Revesz & Coplen 2012a",,
"6c5902d6-73ae-4385-b79c-c6d29c4bf47a","D11","PRIN","PRIN.AOS.S2","2019-04-24","PRIN.SS.20190424.POM.1","A00000104243","condition ok","SIRFER Lab at University of Utah","2019-09-17","ElFtGy1kV49xqNP00HfxQA==","POM","1",200,25,100,"d15N",4.99,"perMill","Revesz & Coplen 2012a",,
"d6745bac-3eaa-4710-9c87-df9a2ef3ed33","D11","PRIN","PRIN.AOS.S2","2019-04-24","PRIN.SS.20190424.POM.1","A00000104243","condition ok","SIRFER Lab at University of Utah","2019-09-17","ElFtGy1kV49xqNP00HfxQA==","POM","1",200,25,100,"nitrogen",89.66,"microgramsPerLiter","Revesz & Coplen 2012a",,
"de9bacf8-fe1d-4140-9a3d-d700da4ce3eb","D11","PRIN","PRIN.AOS.S2","2019-04-24","PRIN.SS.20190424.POM.1","A00000104243","condition ok","SIRFER Lab at University of Utah","2019-09-17","ElFtGy1kV49xqNP00HfxQA==","POM","1",200,25,100,"d13C",-25.43,"perMill","Revesz & Coplen 2012a",,
"1bfa8c6b-f709-4c3b-b357-a21b22f2f86c","D11","PRIN","PRIN.AOS.S2","2019-04-25","PRIN.SS.20190425.POM.1","A00000104245","condition ok","SIRFER Lab at University of Utah","2019-09-17","ElFtGy1kV49xqNP00HfxQA==","POM","1",500,25,100,"d13C",-26.96,"perMill","Revesz & Coplen 2012a",,
"e0cd90f1-8cbc-4c1f-aca3-c063bbdaa94b","D11","PRIN","PRIN.AOS.S2","2019-04-25","PRIN.SS.20190425.POM.1","A00000104245","condition ok","SIRFER Lab at University of Utah","2019-09-17","ElFtGy1kV49xqNP00HfxQA==","POM","1",500,25,100,"carbon",379.50,"microgramsPerLiter","Revesz & Coplen 2012a",,
"f055ac11-924c-4ab2-9217-ab5ffed8d214","D11","PRIN","PRIN.AOS.S2","2019-04-25","PRIN.SS.20190425.POM.1","A00000104245","condition ok","SIRFER Lab at University of Utah","2019-09-17","ElFtGy1kV49xqNP00HfxQA==","POM","1",500,25,100,"nitrogen",54.38,"microgramsPerLiter","Revesz & Coplen 2012a",,
"b8122bd5-cc1e-4e10-a616-0de2f550d2b0","D11","PRIN","PRIN.AOS.S2","2019-04-25","PRIN.SS.20190425.POM.1","A00000104245","condition ok","SIRFER Lab at University of Utah","2019-09-17","ElFtGy1kV49xqNP00HfxQA==","POM","1",500,25,100,"d15N",5.02,"perMill","Revesz & Coplen 2012a",,
"b64a3347-b48f-43a7-aabb-6c7dba5acc8c","D11","PRIN","PRIN.AOS.S2","2019-04-29","PRIN.SS.20190429.POM.1","A00000104273","condition ok","SIRFER Lab at University of Utah","2019-09-17","ElFtGy1kV49xqNP00HfxQA==","POM","1",500,25,100,"d13C",-27.58,"perMill","Revesz & Coplen 2012a",,
"5067740a-4625-4253-ae6e-4c6c44dced53","D11","PRIN","PRIN.AOS.S2","2019-04-29","PRIN.SS.20190429.POM.1","A00000104273","condition ok","SIRFER Lab at University of Utah","2019-09-17","ElFtGy1kV49xqNP00HfxQA==","POM","1",500,25,100,"nitrogen",38.93,"microgramsPerLiter","Revesz & Coplen 2012a",,
"83773cc9-be18-4e7a-8ae1-15b4d22025f8","D11","PRIN","PRIN.AOS.S2","2019-04-29","PRIN.SS.20190429.POM.1","A00000104273","condition ok","SIRFER Lab at University of Utah","2019-09-17","ElFtGy1kV49xqNP00HfxQA==","POM","1",500,25,100,"d15N",5.94,"perMill","Revesz & Coplen 2012a",,
"4c955bfa-d480-493b-b2ec-89c39e6bae49","D11","PRIN","PRIN.AOS.S2","2019-04-29","PRIN.SS.20190429.POM.1","A00000104273","condition ok","SIRFER Lab at University of Utah","2019-09-17","ElFtGy1kV49xqNP00HfxQA==","POM","1",500,25,100,"carbon",283.41,"microgramsPerLiter","Revesz & Coplen 2012a",,
