uid,domainID,siteID,namedLocation,collectDate,parentSampleID,parentSampleCode,isotopeH2OSampleCond,isotopeH2OSampleID,isotopeH2OSampleCode,isotopePOMRep2SampleCond,isotopePOMRep2SampleID,isotopePOMRep2SampleCode,isotopePOMSampleCond,isotopePOMSampleID,isotopePOMSampleCode,processedDateFilters,processedDateH2OIsotopes,sampleVolumeFilteredPOMRep1,sampleVolumeFilteredPOMRep2,fieldDataQF
"448d7f18-cb30-4fa6-808f-c00365d2c5a6","D11","PRIN","PRIN.AOS.S2","2019-04-02T16:45Z","PRIN.SS.20190402",,"Sample condition ok","PRIN.SS.20190402.H2O.1","A00000053090","Sample condition ok","PRIN.SS.20190402.POM.2","A00000053076","Sample condition ok","PRIN.SS.20190402.POM.1","A00000053077",,"2019-04-02T16:51Z",400,400,
"5705a1ba-693f-456b-bf3c-8a3f14d95ae6","D11","PRIN","PRIN.AOS.S2","2019-04-22T16:18Z","PRIN.SS.20190422",,"Sample condition ok","PRIN.SS.20190422.H2O.1","A00000104265","Sample condition ok","PRIN.SS.20190422.POM.2","A00000104276","Sample condition ok","PRIN.SS.20190422.POM.1","A00000104275","2019-04-22T18:15Z","2019-04-22T16:23Z",500,500,
"66b11951-a8b6-4809-8a70-ce86689f20cf","D11","PRIN","PRIN.AOS.S2","2019-04-24T14:54Z","PRIN.SS.20190424",,"Sample condition ok","PRIN.SS.20190424.H2O.1","A00000053157","Sample condition ok","PRIN.SS.20190424.POM.2","A00000104244","Sample condition ok","PRIN.SS.20190424.POM.1","A00000104243","2019-04-24T17:45Z","2019-04-24T15:15Z",200,200,
"58b8d5e8-68a7-4dd2-ad10-cdac2f36693b","D11","PRIN","PRIN.AOS.S2","2019-04-25T14:30Z","PRIN.SS.20190425",,"Sample condition ok","PRIN.SS.20190425.H2O.1","A00000104268","Sample condition ok","PRIN.SS.20190425.POM.2","A00000104246","Sample condition ok","PRIN.SS.20190425.POM.1","A00000104245","2019-04-25T16:51Z","2019-04-25T14:46Z",500,500,
"8c856b32-4686-4051-a7a4-5d0965fd33bf","D11","PRIN","PRIN.AOS.S2","2019-04-29T15:20Z","PRIN.SS.20190429",,"Sample condition ok","PRIN.SS.20190429.H2O.1","A00000104266","Sample condition ok","PRIN.SS.20190429.POM.2","A00000104274","Sample condition ok","PRIN.SS.20190429.POM.1","A00000104273","2019-04-29T17:30Z","2019-04-29T15:24Z",500,500,
