uid,domainID,siteID,namedLocation,decimalLatitude,decimalLongitude,coordinateUncertainty,additionalCoordUncertainty,elevation,elevationUncertainty,geodeticDatum,altLocation,altLatitude,altLongitude,altCoordinateUncertainty,altGeodeticDatum,collectDate,aquaticSiteType,samplingImpractical,parentSampleID,parentSampleCode,eventID,samplerType,dissolvedOxygen,dissolvedOxygenSaturation,specificConductance,waterTemp,asiSamplingProtocolVersion,lowerSegmentDepth,upperSegmentDepth,maxDepth,lakeSampleDepth1,lakeSampleDepth2,aCollectedBy,bCollectedBy,remarks,fieldDataQF
"f80aa613-f940-4269-bfcb-2b017400d950","D11","PRIN","PRIN.AOS.S2",33.378430,-97.781508,0.1,10.0,251.1,0.1,"WGS84",,,,,,"2019-04-02T16:45Z","stream",,"PRIN.SS.20190402",,"PRIN.20190402","Grab",10.48,96.90,926.00,11.70,"NEON.DOC.001886vG",,,,,,"0000-0002-1844-4553","0000-0003-2362-0002","Microbes filtered 13:25",
"56fa2467-5ab7-4a09-afb2-0a84497eadfb","D11","PRIN","PRIN.AOS.S2",33.378430,-97.781508,0.1,10.0,251.1,0.1,"WGS84",,,,,,"2019-04-22T16:18Z","stream",,"PRIN.SS.20190422",,"PRIN.20190422","Grab",8.53,92.10,812.00,18.90,"NEON.DOC.001886vG",,,,,,"0000-0002-1844-4553","0000-0003-2362-0002",,
"19fcbc50-ac5d-4fb6-979c-0ca37026b933","D11","PRIN","PRIN.AOS.S2",33.378430,-97.781508,0.1,10.0,251.1,0.1,"WGS84",,,,,,"2019-04-24T14:54Z","stream",,"PRIN.SS.20190424",,"PRIN.20190424","Grab",7.47,79.50,808.00,17.90,"NEON.DOC.001886vG",,,,,,"0000-0003-2362-0002","0000-0002-1602-2154",,
"802fece3-4a4c-4fee-a46c-65836d22fa22","D11","PRIN","PRIN.AOS.S2",33.378430,-97.781508,0.1,10.0,251.1,0.1,"WGS84",,,,,,"2019-04-25T14:30Z","stream",,"PRIN.SS.20190425",,"PRIN.20190425","Grab",8.76,90.00,849.00,16.50,"NEON.DOC.001886vG",,,,,,"0000-0002-1602-2154","0000-0003-2362-0002",,
"f0c5d142-1860-4a7c-936e-685e275bf198","D11","PRIN","PRIN.AOS.S2",33.378430,-97.781508,0.1,10.0,251.1,0.1,"WGS84",,,,,,"2019-04-29T15:20Z","stream",,"PRIN.SS.20190429",,"PRIN.20190429","Grab",8.58,95.20,882.00,20.30,"NEON.DOC.001886vG",,,,,,"0000-0003-2362-0002","0000-0002-1602-2154",,
