uid,domainID,siteID,namedLocation,collectDate,analysisDate,isotopeH2OSampleID,isotopeH2OSampleCode,instrumentSN,d18OWater,d2HWater,d18OsdWater,d2HsdWater,isotopeH2OExternalLabQF,laboratoryName,analyzedBy,sampleCondition,externalRemarks,externalLabDataQF
"443c124d-3d1e-4542-ac5c-483d6afa4328","D11","PRIN","PRIN.AOS.S2","2019-04-02","2019-06-24","PRIN.SS.20190402.H2O.1","A00000053090","HIDS2046",-4.28,-27.12,0.01,0.13,0,"SIRFER Lab at University of Utah","OlSmE6RRn5QQH8tvUHmK5i/poYiQr6sd","OK",,
"bc44a685-b419-4f47-b5c8-61a90aa98b0e","D11","PRIN","PRIN.AOS.S2","2019-04-22","2019-06-24","PRIN.SS.20190422.H2O.1","A00000104265","HIDS2046",-4.11,-24.71,0.05,0.33,0,"SIRFER Lab at University of Utah","OlSmE6RRn5QQH8tvUHmK5i/poYiQr6sd","OK",,
"49ba73a1-8165-4cbd-87be-d567c71c6313","D11","PRIN","PRIN.AOS.S2","2019-04-24","2019-06-24","PRIN.SS.20190424.H2O.1","A00000053157","HIDS2046",-4.39,-26.52,0.03,0.13,0,"SIRFER Lab at University of Utah","OlSmE6RRn5QQH8tvUHmK5i/poYiQr6sd","OK",,
"11533c5f-4073-41c5-bc9c-b0bba00cc2a1","D11","PRIN","PRIN.AOS.S2","2019-04-25","2019-06-24","PRIN.SS.20190425.H2O.1","A00000104268","HIDS2046",-4.57,-26.57,0.03,0.26,0,"SIRFER Lab at University of Utah","OlSmE6RRn5QQH8tvUHmK5i/poYiQr6sd","OK",,
"781122da-45ea-406b-b90c-4cad3728b69e","D11","PRIN","PRIN.AOS.S2","2019-04-29","2019-06-24","PRIN.SS.20190429.H2O.1","A00000104266","HIDS2046",-4.45,-26.58,0.05,0.29,0,"SIRFER Lab at University of Utah","OlSmE6RRn5QQH8tvUHmK5i/poYiQr6sd","OK",,
