uid,domainID,siteID,namedLocation,collectDate,sampleID,sampleCode,sampleCondition,laboratoryName,analysisDate,analyzedBy,sampleType,replicate,sampleVolumeFiltered,filterSize,percentFilterAnalyzed,analyte,analyteConcentration,plantAlgaeLabUnits,method,externalRemarks,externalLabDataQF
"d657fbdf-42f4-48b3-a6a4-cf2ebfd07797","D06","MCDI","MCDI.AOS.S2","2018-03-06","MCDI.SS.20180306.POM.1",,"condition ok","SIRFER Lab at University of Utah","2018-08-03","ElFtGy1kV49xqNP00HfxQA==","POM","1",1000,25,100,"nitrogen",21.33,"microgramsPerLiter","Revesz & Coplen 2012a",,
"cb466077-a945-4a29-a9d3-c1972f7a3753","D06","MCDI","MCDI.AOS.S2","2018-03-06","MCDI.SS.20180306.POM.1",,"condition ok","SIRFER Lab at University of Utah","2018-08-03","ElFtGy1kV49xqNP00HfxQA==","POM","1",1000,25,100,"carbon",172.66,"microgramsPerLiter","Revesz & Coplen 2012a",,
"5037144e-afb7-4cf2-8f2d-3cdb67e00137","D06","MCDI","MCDI.AOS.S2","2018-03-06","MCDI.SS.20180306.POM.1",,"condition ok","SIRFER Lab at University of Utah","2018-08-03","ElFtGy1kV49xqNP00HfxQA==","POM","1",1000,25,100,"d13C",-25.36,"perMill","Revesz & Coplen 2012a",,
"c7626e5c-9b7c-4535-ba9d-d835b5de20d9","D06","MCDI","MCDI.AOS.S2","2018-03-06","MCDI.SS.20180306.POM.1",,"condition ok","SIRFER Lab at University of Utah","2018-08-03","ElFtGy1kV49xqNP00HfxQA==","POM","1",1000,25,100,"d15N",7.77,"perMill","Revesz & Coplen 2012a",,
"77953938-6994-4f96-bfc8-aebeb9f60daf","D06","MCDI","MCDI.AOS.S2","2018-03-13","MCDI.SS.20180313.POM.1",,"condition ok","SIRFER Lab at University of Utah","2018-08-03","ElFtGy1kV49xqNP00HfxQA==","POM","1",745,25,100,"d15N",6.21,"perMill","Revesz & Coplen 2012a",,
"a59a545c-7db7-4ae6-ac5b-5fe1d7e2915a","D06","MCDI","MCDI.AOS.S2","2018-03-13","MCDI.SS.20180313.POM.1",,"condition ok","SIRFER Lab at University of Utah","2018-08-03","ElFtGy1kV49xqNP00HfxQA==","POM","1",745,25,100,"carbon",243.23,"microgramsPerLiter","Revesz & Coplen 2012a",,
"81cc81a2-9bd6-4e5c-8269-dedb81feec53","D06","MCDI","MCDI.AOS.S2","2018-03-13","MCDI.SS.20180313.POM.1",,"condition ok","SIRFER Lab at University of Utah","2018-08-03","ElFtGy1kV49xqNP00HfxQA==","POM","1",745,25,100,"d13C",-26.44,"perMill","Revesz & Coplen 2012a",,
"b9a747cd-386e-456f-9d99-a6b9a2e3fe2e","D06","MCDI","MCDI.AOS.S2","2018-03-13","MCDI.SS.20180313.POM.1",,"condition ok","SIRFER Lab at University of Utah","2018-08-03","ElFtGy1kV49xqNP00HfxQA==","POM","1",745,25,100,"nitrogen",25.62,"microgramsPerLiter","Revesz & Coplen 2012a",,
"9004b627-c080-458a-b6a5-7d4460dfa4d9","D06","MCDI","MCDI.AOS.S2","2018-03-28","MCDI.SS.20180328.POM.1",,"condition ok","SIRFER Lab at University of Utah","2018-08-07","ElFtGy1kV49xqNP00HfxQA==","POM","1",500,25,100,"carbon",360.00,"microgramsPerLiter","Revesz & Coplen 2012a",,
"c962ba1b-aa28-4662-929d-36fd09677aca","D06","MCDI","MCDI.AOS.S2","2018-03-28","MCDI.SS.20180328.POM.1",,"condition ok","SIRFER Lab at University of Utah","2018-08-07","ElFtGy1kV49xqNP00HfxQA==","POM","1",500,25,100,"d15N",6.60,"perMill","Revesz & Coplen 2012a",,
"106af30b-204c-4d68-b78c-3adb46696708","D06","MCDI","MCDI.AOS.S2","2018-03-28","MCDI.SS.20180328.POM.1",,"condition ok","SIRFER Lab at University of Utah","2018-08-07","ElFtGy1kV49xqNP00HfxQA==","POM","1",500,25,100,"nitrogen",42.64,"microgramsPerLiter","Revesz & Coplen 2012a",,
"e1229001-b6f6-4b2d-a99a-164fdcca2838","D06","MCDI","MCDI.AOS.S2","2018-03-28","MCDI.SS.20180328.POM.1",,"condition ok","SIRFER Lab at University of Utah","2018-08-07","ElFtGy1kV49xqNP00HfxQA==","POM","1",500,25,100,"d13C",-25.28,"perMill","Revesz & Coplen 2012a",,
