uid,domainID,siteID,namedLocation,collectDate,sampleID,sampleCode,sampleCondition,laboratoryName,analysisDate,analyzedBy,sampleType,replicate,sampleVolumeFiltered,filterSize,percentFilterAnalyzed,analyte,analyteConcentration,plantAlgaeLabUnits,method,externalRemarks,externalLabDataQF
"a9852093-0a79-4e14-8ab2-7f3b2cc24307","D03","SUGG","SUGG.AOS.buoy.c0","2016-12-05","SUGG.C0.20161205.POM.2",,"other","Academy of Natural Sciences of Drexel University","2017-06-14","OKgcKejxXbI=","13C15N","2",,,100,"d13C",-30.69,"perMill",,"filter folded poorly, sample loss",
"73f4cb01-06f7-45ad-9450-9364d3aef36a","D03","SUGG","SUGG.AOS.buoy.c0","2016-12-05","SUGG.C0.20161205.POM.1",,"other","Academy of Natural Sciences of Drexel University","2017-04-12","OKgcKejxXbI=","13C15N","1",,,100,"d15N",2.34,"perMill",,"filter folded poorly, sample loss",
"875505f6-45aa-42e2-baae-b18ccb2e3e3d","D03","SUGG","SUGG.AOS.buoy.c0","2016-12-05","SUGG.C0.20161205.POM.1",,"other","Academy of Natural Sciences of Drexel University","2017-04-12","OKgcKejxXbI=","13C15N","1",,,100,"d13C",-30.30,"perMill",,"filter folded poorly, sample loss",
"2ad4b627-8f01-4401-a3fc-19f54470f1c5","D03","SUGG","SUGG.AOS.buoy.c0","2016-12-05","SUGG.C0.20161205.POM.2",,"other","Academy of Natural Sciences of Drexel University","2017-06-14","OKgcKejxXbI=","13C15N","2",,,100,"d15N",3.19,"perMill",,"filter folded poorly, sample loss",
"0ebca15d-ed82-4278-bfa8-3eed0a5e5293","D03","SUGG","SUGG.AOS.inlet","2016-12-05","SUGG.IN.20161205.POM.1",,"other","Academy of Natural Sciences of Drexel University","2017-04-12","OKgcKejxXbI=","13C15N","1",,,100,"d15N",-0.04,"perMill",,"filter folded poorly, sample loss",
"5aa38293-4bca-49ad-bdb4-f91de6a7737d","D03","SUGG","SUGG.AOS.inlet","2016-12-05","SUGG.IN.20161205.POM.2",,"other","Academy of Natural Sciences of Drexel University","2017-06-14","OKgcKejxXbI=","13C15N","2",,,100,"d15N",2.51,"perMill",,"filter folded poorly, sample loss",
"0096b9ca-fbcb-47d3-bfa1-f97ab3a2ca8b","D03","SUGG","SUGG.AOS.inlet","2016-12-05","SUGG.IN.20161205.POM.2",,"other","Academy of Natural Sciences of Drexel University","2017-06-14","OKgcKejxXbI=","13C15N","2",,,100,"d13C",-30.83,"perMill",,"filter folded poorly, sample loss",
"842c4a19-b075-4817-be3c-ff85683b8915","D03","SUGG","SUGG.AOS.inlet","2016-12-05","SUGG.IN.20161205.POM.1",,"other","Academy of Natural Sciences of Drexel University","2017-04-12","OKgcKejxXbI=","13C15N","1",,,100,"d13C",-31.06,"perMill",,"filter folded poorly, sample loss",
"61e89eff-fe95-4539-990f-bf89a264bacc","D03","SUGG","SUGG.AOS.outlet","2016-12-05","SUGG.OT.20161205.POM.2",,"condition ok","Academy of Natural Sciences of Drexel University","2017-06-14","OKgcKejxXbI=","13C15N","2",,,100,"d15N",3.64,"perMill",,,
"6d21bf56-faf1-44c7-95e7-fd79d2fa523e","D03","SUGG","SUGG.AOS.outlet","2016-12-05","SUGG.OT.20161205.POM.2",,"condition ok","Academy of Natural Sciences of Drexel University","2017-06-14","OKgcKejxXbI=","13C15N","2",,,100,"d13C",-30.34,"perMill",,,
"e71aeba8-177d-4a75-bbba-bbaceb9656dc","D03","SUGG","SUGG.AOS.outlet","2016-12-05","SUGG.OT.20161205.POM.1",,"other","Academy of Natural Sciences of Drexel University","2017-04-12","OKgcKejxXbI=","13C15N","1",,,100,"d15N",4.93,"perMill",,"filter folded poorly, sample loss",
"91d43318-1a73-40f6-a7d1-c4d71987712f","D03","SUGG","SUGG.AOS.outlet","2016-12-05","SUGG.OT.20161205.POM.1",,"other","Academy of Natural Sciences of Drexel University","2017-04-12","OKgcKejxXbI=","13C15N","1",,,100,"d13C",-30.80,"perMill",,"filter folded poorly, sample loss",
