uid,domainID,siteID,namedLocation,collectDate,sampleID,sampleCode,sampleCondition,laboratoryName,analysisDate,analyzedBy,sampleType,replicate,sampleVolumeFiltered,filterSize,percentFilterAnalyzed,analyte,analyteConcentration,plantAlgaeLabUnits,method,externalRemarks,externalLabDataQF
"3672f321-27d7-4423-98d8-bbe4f811656e","D03","FLNT","FLNT.AOS.buoy.c0","2018-02-14","FLNT.C0.20180214.POM.1",,"condition ok","SIRFER Lab at University of Utah","2018-07-27","ElFtGy1kV49xqNP00HfxQA==","POM","1",300,25,100,"d15N",4.53,"perMill","Revesz & Coplen 2012a",,
"3af4a40f-445a-4aa4-a8bf-b815f2da2f7f","D03","FLNT","FLNT.AOS.buoy.c0","2018-02-14","FLNT.C0.20180214.POM.1",,"condition ok","SIRFER Lab at University of Utah","2018-07-27","ElFtGy1kV49xqNP00HfxQA==","POM","1",300,25,100,"carbon",808.63,"microgramsPerLiter","Revesz & Coplen 2012a",,
"b660b5cc-7212-437f-86c8-be9570b02099","D03","FLNT","FLNT.AOS.buoy.c0","2018-02-14","FLNT.C0.20180214.POM.1",,"condition ok","SIRFER Lab at University of Utah","2018-07-27","ElFtGy1kV49xqNP00HfxQA==","POM","1",300,25,100,"d13C",-27.95,"perMill","Revesz & Coplen 2012a",,
"c48cd0af-9d34-4bbc-8389-1bf8eeb070c8","D03","FLNT","FLNT.AOS.buoy.c0","2018-02-14","FLNT.C0.20180214.POM.1",,"condition ok","SIRFER Lab at University of Utah","2018-07-27","ElFtGy1kV49xqNP00HfxQA==","POM","1",300,25,100,"nitrogen",75.71,"microgramsPerLiter","Revesz & Coplen 2012a",,
"16ec6f3e-9a5b-4416-9829-90afdcadf242","D03","FLNT","FLNT.AOS.buoy.c0","2018-02-20","FLNT.C0.20180220.POM.1",,"condition ok","SIRFER Lab at University of Utah","2018-07-28","ElFtGy1kV49xqNP00HfxQA==","POM","1",300,25,100,"nitrogen",59.49,"microgramsPerLiter","Revesz & Coplen 2012a",,
"2e43ce8e-f7b5-4bb7-8a88-b99ac28089dc","D03","FLNT","FLNT.AOS.buoy.c0","2018-02-20","FLNT.C0.20180220.POM.1",,"condition ok","SIRFER Lab at University of Utah","2018-07-28","ElFtGy1kV49xqNP00HfxQA==","POM","1",300,25,100,"d13C",-27.95,"perMill","Revesz & Coplen 2012a",,
"faf3faa6-6fa4-4829-bdc8-e78329fe5f9a","D03","FLNT","FLNT.AOS.buoy.c0","2018-02-20","FLNT.C0.20180220.POM.1",,"condition ok","SIRFER Lab at University of Utah","2018-07-28","ElFtGy1kV49xqNP00HfxQA==","POM","1",300,25,100,"d15N",7.96,"perMill","Revesz & Coplen 2012a",,
"574407d8-dbfc-4463-b96d-a7f66a123637","D03","FLNT","FLNT.AOS.buoy.c0","2018-02-20","FLNT.C0.20180220.POM.1",,"condition ok","SIRFER Lab at University of Utah","2018-07-28","ElFtGy1kV49xqNP00HfxQA==","POM","1",300,25,100,"carbon",629.61,"microgramsPerLiter","Revesz & Coplen 2012a",,
"7124739d-1c51-46d7-a2e8-0409fac5297f","D03","FLNT","FLNT.AOS.buoy.c0","2018-02-27","FLNT.C0.20180227.POM.1",,"condition ok","SIRFER Lab at University of Utah","2018-07-28","ElFtGy1kV49xqNP00HfxQA==","POM","1",300,25,100,"d15N",5.27,"perMill","Revesz & Coplen 2012a",,
"94fccf4c-3d8a-410a-b598-f5a7a88d6c6e","D03","FLNT","FLNT.AOS.buoy.c0","2018-02-27","FLNT.C0.20180227.POM.1",,"condition ok","SIRFER Lab at University of Utah","2018-07-28","ElFtGy1kV49xqNP00HfxQA==","POM","1",300,25,100,"d13C",-28.73,"perMill","Revesz & Coplen 2012a",,
"733158e3-96a7-434a-90e1-bf669ad306e6","D03","FLNT","FLNT.AOS.buoy.c0","2018-02-27","FLNT.C0.20180227.POM.1",,"condition ok","SIRFER Lab at University of Utah","2018-07-28","ElFtGy1kV49xqNP00HfxQA==","POM","1",300,25,100,"carbon",381.85,"microgramsPerLiter","Revesz & Coplen 2012a",,
"210caa4c-a973-43aa-9215-aad3d7d87fbb","D03","FLNT","FLNT.AOS.buoy.c0","2018-02-27","FLNT.C0.20180227.POM.1",,"condition ok","SIRFER Lab at University of Utah","2018-07-28","ElFtGy1kV49xqNP00HfxQA==","POM","1",300,25,100,"nitrogen",35.01,"microgramsPerLiter","Revesz & Coplen 2012a",,
