uid,domainID,siteID,namedLocation,collectDate,sampleID,sampleCode,sampleCondition,laboratoryName,analysisDate,analyzedBy,sampleType,replicate,sampleVolumeFiltered,filterSize,percentFilterAnalyzed,analyte,analyteConcentration,plantAlgaeLabUnits,method,externalRemarks,externalLabDataQF
"710551ab-d14a-48fd-b9ed-71c52b21f574","D04","GUIL","GUIL.AOS.S2","2016-11-15","GUIL.SS.20161115.POM.1",,"condition ok","Academy of Natural Sciences of Drexel University","2017-04-08","OKgcKejxXbI=","13C15N","1",,,100,"d15N",3.37,"perMill",,,
"1ef236d8-905d-4b61-81d1-5914307d53c9","D04","GUIL","GUIL.AOS.S2","2016-11-15","GUIL.SS.20161115.POM.2",,"condition ok","Academy of Natural Sciences of Drexel University","2017-05-23","OKgcKejxXbI=","13C15N","2",,,100,"d15N",3.16,"perMill",,,
"efbb5e27-5d36-4365-b310-282363eef578","D04","GUIL","GUIL.AOS.S2","2016-11-15","GUIL.SS.20161115.POM.2",,"condition ok","Academy of Natural Sciences of Drexel University","2017-05-23","OKgcKejxXbI=","13C15N","2",,,100,"d13C",-27.04,"perMill",,,
"daed3b18-8b1e-4f6f-bfb2-add35aefd3d1","D04","GUIL","GUIL.AOS.S2","2016-11-15","GUIL.SS.20161115.POM.1",,"condition ok","Academy of Natural Sciences of Drexel University","2017-04-08","OKgcKejxXbI=","13C15N","1",,,100,"d13C",-26.41,"perMill",,,
"963d4987-b6c9-46ce-bfb0-e0d7bdfd2445","D04","GUIL","GUIL.AOS.S2","2016-11-29","GUIL.SS.20161129.POM.2",,"condition ok","Academy of Natural Sciences of Drexel University","2017-05-23","OKgcKejxXbI=","13C15N","2",,,100,"d13C",-27.05,"perMill",,,
"75920c53-a3e3-44e3-9803-36f21037d59e","D04","GUIL","GUIL.AOS.S2","2016-11-29","GUIL.SS.20161129.POM.1",,"condition ok","Academy of Natural Sciences of Drexel University","2017-04-08","OKgcKejxXbI=","13C15N","1",,,100,"d15N",4.35,"perMill",,,
"c7ce770b-05f8-4c42-aeba-312c500fde3d","D04","GUIL","GUIL.AOS.S2","2016-11-29","GUIL.SS.20161129.POM.1",,"condition ok","Academy of Natural Sciences of Drexel University","2017-04-08","OKgcKejxXbI=","13C15N","1",,,100,"d13C",-26.76,"perMill",,,
"26a4a896-1674-47f9-b73f-eed5962c8008","D04","GUIL","GUIL.AOS.S2","2016-11-29","GUIL.SS.20161129.POM.2",,"condition ok","Academy of Natural Sciences of Drexel University","2017-05-23","OKgcKejxXbI=","13C15N","2",,,100,"d15N",4.62,"perMill",,,
