uid,domainID,siteID,namedLocation,collectDate,sampleID,sampleCode,sampleCondition,laboratoryName,analysisDate,analyzedBy,sampleType,replicate,sampleVolumeFiltered,filterSize,percentFilterAnalyzed,analyte,analyteConcentration,plantAlgaeLabUnits,method,externalRemarks,externalLabDataQF
"1323c28d-a354-4319-95b4-78261a12238f","D13","COMO","COMO.AOS.S2","2018-04-24","COMO.SS.20180424.POM.1","A00000017661","condition ok","SIRFER Lab at University of Utah","2018-08-09","ElFtGy1kV49xqNP00HfxQA==","POM","1",250,25,100,"nitrogen",67.43,"microgramsPerLiter","Revesz & Coplen 2012a",,
"b7290391-8b08-4f31-9757-1a498c38aab7","D13","COMO","COMO.AOS.S2","2018-04-24","COMO.SS.20180424.POM.1","A00000017661","condition ok","SIRFER Lab at University of Utah","2018-08-09","ElFtGy1kV49xqNP00HfxQA==","POM","1",250,25,100,"d13C",-27.18,"perMill","Revesz & Coplen 2012a",,
"6e8b633f-25ae-4123-9625-a0fe2c7c0e83","D13","COMO","COMO.AOS.S2","2018-04-24","COMO.SS.20180424.POM.1","A00000017661","condition ok","SIRFER Lab at University of Utah","2018-08-09","ElFtGy1kV49xqNP00HfxQA==","POM","1",250,25,100,"carbon",1143.40,"microgramsPerLiter","Revesz & Coplen 2012a",,
"bdff9824-524f-4666-a247-e13da04882f6","D13","COMO","COMO.AOS.S2","2018-04-24","COMO.SS.20180424.POM.1","A00000017661","condition ok","SIRFER Lab at University of Utah","2018-08-09","ElFtGy1kV49xqNP00HfxQA==","POM","1",250,25,100,"d15N",3.18,"perMill","Revesz & Coplen 2012a",,
