uid,domainID,siteID,namedLocation,collectDate,sampleID,sampleCode,sampleCondition,laboratoryName,analysisDate,analyzedBy,sampleType,replicate,sampleVolumeFiltered,filterSize,percentFilterAnalyzed,analyte,analyteConcentration,plantAlgaeLabUnits,method,externalRemarks,externalLabDataQF
"eea8f779-d224-415b-b0a0-26899b3b8452","D05","LIRO","LIRO.AOS.outlet","2017-04-11","LIRO.OT.20170411.POM.2",,"condition ok","SIRFER Lab at University of Utah","2018-03-29","ElFtGy1kV49xqNP00HfxQA==","POM","1",250,25,100,"carbon",400.79,"microgramsPerLiter","Revesz & Coplen 2012a",,
"c5ec035e-1130-4e6c-82ac-f06e75ecd431","D05","LIRO","LIRO.AOS.outlet","2017-04-11","LIRO.OT.20170411.POM.2",,"condition ok","SIRFER Lab at University of Utah","2018-03-29","ElFtGy1kV49xqNP00HfxQA==","POM","1",250,25,100,"d15N",6.14,"perMill","Revesz & Coplen 2012a",,
"86078f24-c23e-4b11-873f-05043c9d5b65","D05","LIRO","LIRO.AOS.outlet","2017-04-11","LIRO.OT.20170411.POM.2",,"condition ok","SIRFER Lab at University of Utah","2018-03-29","ElFtGy1kV49xqNP00HfxQA==","POM","1",250,25,100,"nitrogen",45.19,"microgramsPerLiter","Revesz & Coplen 2012a",,
"562bd181-2236-43a9-939d-5a5df6ad69ca","D05","LIRO","LIRO.AOS.outlet","2017-04-11","LIRO.OT.20170411.POM.2",,"condition ok","SIRFER Lab at University of Utah","2018-03-29","ElFtGy1kV49xqNP00HfxQA==","POM","1",250,25,100,"d13C",-35.64,"perMill","Revesz & Coplen 2012a",,
"f8c35fba-de8b-4d9a-897c-daa433055053","D05","LIRO","LIRO.AOS.inlet","2017-04-11","LIRO.IN.20170411.POM.2",,"condition ok","SIRFER Lab at University of Utah","2018-03-28","ElFtGy1kV49xqNP00HfxQA==","POM","1",200,25,100,"carbon",516.35,"microgramsPerLiter","Revesz & Coplen 2012a",,
"59d20e0c-829b-4a04-80e6-39922b2d3333","D05","LIRO","LIRO.AOS.inlet","2017-04-11","LIRO.IN.20170411.POM.2",,"condition ok","SIRFER Lab at University of Utah","2018-03-28","ElFtGy1kV49xqNP00HfxQA==","POM","1",200,25,100,"nitrogen",56.70,"microgramsPerLiter","Revesz & Coplen 2012a",,
"2aab9380-acba-44a2-a962-4c9a7bb1ce88","D05","LIRO","LIRO.AOS.inlet","2017-04-11","LIRO.IN.20170411.POM.2",,"condition ok","SIRFER Lab at University of Utah","2018-03-28","ElFtGy1kV49xqNP00HfxQA==","POM","1",200,25,100,"d15N",5.66,"perMill","Revesz & Coplen 2012a",,
"36f30e67-6fc4-4b3a-8b80-e63859826a2d","D05","LIRO","LIRO.AOS.inlet","2017-04-11","LIRO.IN.20170411.POM.2",,"condition ok","SIRFER Lab at University of Utah","2018-03-28","ElFtGy1kV49xqNP00HfxQA==","POM","1",200,25,100,"d13C",-34.10,"perMill","Revesz & Coplen 2012a",,
"e276f00d-ebc2-45ca-b7e4-885a3c768320","D05","LIRO","LIRO.AOS.buoy.c0","2017-04-11","LIRO.C0.20170411.POM.2",,"condition ok","SIRFER Lab at University of Utah","2018-03-28","ElFtGy1kV49xqNP00HfxQA==","POM","1",200,25,100,"d15N",6.96,"perMill","Revesz & Coplen 2012a",,
"263e5a50-1f4b-4f2c-a2cc-6956297656b8","D05","LIRO","LIRO.AOS.buoy.c0","2017-04-11","LIRO.C0.20170411.POM.2",,"condition ok","SIRFER Lab at University of Utah","2018-03-28","ElFtGy1kV49xqNP00HfxQA==","POM","1",200,25,100,"nitrogen",70.08,"microgramsPerLiter","Revesz & Coplen 2012a",,
"4b75f15a-d13e-493d-9c23-10b6f869de11","D05","LIRO","LIRO.AOS.buoy.c0","2017-04-11","LIRO.C0.20170411.POM.2",,"condition ok","SIRFER Lab at University of Utah","2018-03-28","ElFtGy1kV49xqNP00HfxQA==","POM","1",200,25,100,"carbon",553.97,"microgramsPerLiter","Revesz & Coplen 2012a",,
"b5d20098-0ac9-4981-a760-436aaf296f5c","D05","LIRO","LIRO.AOS.buoy.c0","2017-04-11","LIRO.C0.20170411.POM.2",,"condition ok","SIRFER Lab at University of Utah","2018-03-28","ElFtGy1kV49xqNP00HfxQA==","POM","1",200,25,100,"d13C",-35.07,"perMill","Revesz & Coplen 2012a",,
