uid,domainID,siteID,namedLocation,collectDate,parentSampleID,parentSampleCode,isotopeH2OSampleCond,isotopeH2OSampleID,isotopeH2OSampleCode,isotopePOMRep2SampleCond,isotopePOMRep2SampleID,isotopePOMRep2SampleCode,isotopePOMSampleCond,isotopePOMSampleID,isotopePOMSampleCode,processedDateFilters,processedDateH2OIsotopes,sampleVolumeFilteredPOMRep1,sampleVolumeFilteredPOMRep2,fieldDataQF
"1ff8a1b2-ab57-4532-a1d4-79c72e246b55","D04","GUIL","GUIL.AOS.S2","2019-10-02T12:14Z","GUIL.SS.20191002",,"Sample condition ok","GUIL.SS.20191002.H2O.1","A00000112444","Sample condition ok","GUIL.SS.20191002.POM.2","A00000112446","Sample condition ok","GUIL.SS.20191002.POM.1","A00000112445","2019-10-02T13:35Z",,750,750,
"4f980815-e9e8-4e51-935a-897e8de8bb10","D04","GUIL","GUIL.AOS.S2","2019-10-09T12:49Z","GUIL.SS.20191009",,"Sample condition ok","GUIL.SS.20191009.H2O.1","A00000112458","Sample condition ok","GUIL.SS.20191009.POM.2","A00000112461","Sample condition ok","GUIL.SS.20191009.POM.1","A00000112460","2019-10-09T14:14Z","2019-10-09T13:42Z",750,750,
"af557588-46ce-4027-9292-8c0606d8d02c","D04","GUIL","GUIL.AOS.S2","2019-10-15T12:30Z","GUIL.SS.20191015",,"Sample condition ok","GUIL.SS.20191015.H2O.1","A00000112300","Sample condition ok","GUIL.SS.20191015.POM.2","A00000110123","Sample condition ok","GUIL.SS.20191015.POM.1","A00000110122","2019-10-15T13:16Z","2019-10-15T12:48Z",250,250,
"61b46d3e-68e7-4152-8ba8-80840e3eb350","D04","GUIL","GUIL.AOS.S2","2019-10-23T14:01Z","GUIL.SS.20191023",,"Sample condition ok","GUIL.SS.20191023.H2O.1","A00000112353","Sample condition ok","GUIL.SS.20191023.POM.2","A00000112356","Sample condition ok","GUIL.SS.20191023.POM.1","A00000112355","2019-10-23T14:58Z","2019-10-23T14:23Z",750,750,
