uid,domainID,siteID,namedLocation,decimalLatitude,decimalLongitude,coordinateUncertainty,additionalCoordUncertainty,elevation,elevationUncertainty,geodeticDatum,altLocation,altLatitude,altLongitude,altCoordinateUncertainty,altGeodeticDatum,collectDate,aquaticSiteType,samplingImpractical,parentSampleID,parentSampleCode,eventID,samplerType,dissolvedOxygen,dissolvedOxygenSaturation,specificConductance,waterTemp,asiSamplingProtocolVersion,lowerSegmentDepth,upperSegmentDepth,maxDepth,lakeSampleDepth1,lakeSampleDepth2,aCollectedBy,bCollectedBy,remarks,fieldDataQF
"2995e5fa-e67e-4e3e-9fc4-3fbe6aa028b8","D04","GUIL","GUIL.AOS.S2",18.174094,-66.799710,0.1,10.0,546.0,0.1,"WGS84",,,,,,"2019-10-02T12:14Z","stream",,"GUIL.SS.20191002",,"GUIL.20191002","Grab",7.55,91.10,191.60,22.00,"NEON.DOC.001886vG",,,,,,"0000-0003-2386-8235","0000-0003-3491-5113",,
"00940baa-16f1-434e-b19c-0204d23f3fa1","D04","GUIL","GUIL.AOS.S2",18.174094,-66.799710,0.1,10.0,546.0,0.1,"WGS84",,,,,,"2019-10-09T12:49Z","stream",,"GUIL.SS.20191009",,"GUIL.20191009","Grab",7.77,93.60,213.80,21.60,"NEON.DOC.001886vF",,,,,,"0000-0003-1220-2331","0000-0003-3491-5113",,
"8632a95a-7897-4eb6-9829-3fa0a9703d67","D04","GUIL","GUIL.AOS.S2",18.174094,-66.799710,0.1,10.0,546.0,0.1,"WGS84",,,,,,"2019-10-15T12:30Z","stream",,"GUIL.SS.20191015",,"GUIL.20191015","Grab",8.18,95.80,176.20,20.60,"NEON.DOC.001886vF",,,,,,"0000-0003-3491-5113","0000-0003-1220-2331",,
"89d319aa-b592-410f-aedb-cb5663760d95","D04","GUIL","GUIL.AOS.S2",18.174094,-66.799710,0.1,10.0,546.0,0.1,"WGS84",,,,,,"2019-10-23T14:01Z","stream",,"GUIL.SS.20191023",,"GUIL.20191023","Grab",7.71,92.60,197.40,21.10,"NEON.DOC.001886vF",,,,,,"0000-0003-3491-5113","0000-0003-1220-2331",,
