uid,domainID,siteID,namedLocation,collectDate,sampleID,sampleCode,sampleCondition,laboratoryName,analysisDate,analyzedBy,sampleType,replicate,sampleVolumeFiltered,filterSize,percentFilterAnalyzed,analyte,analyteConcentration,plantAlgaeLabUnits,method,externalRemarks,externalLabDataQF
"b1bc84e6-29c2-4933-9df5-90154c3b72a4","D02","POSE","POSE.AOS.S2","2018-08-07","POSE.SS.20180807.POM.1","A00000002620","condition ok","SIRFER Lab at University of Utah","2018-11-09","ElFtGy1kV49xqNP00HfxQA==","POM","1",350,25,100,"nitrogen",59.00,"microgramsPerLiter","Revesz & Coplen 2012a",,
"92dfc736-57f0-4fb3-9959-b649bf8cd965","D02","POSE","POSE.AOS.S2","2018-08-07","POSE.SS.20180807.POM.1","A00000002620","condition ok","SIRFER Lab at University of Utah","2018-11-09","ElFtGy1kV49xqNP00HfxQA==","POM","1",350,25,100,"d15N",3.63,"perMill","Revesz & Coplen 2012a",,
"dc1436d8-998c-4304-8109-b059d57d08eb","D02","POSE","POSE.AOS.S2","2018-08-07","POSE.SS.20180807.POM.1","A00000002620","condition ok","SIRFER Lab at University of Utah","2018-11-09","ElFtGy1kV49xqNP00HfxQA==","POM","1",350,25,100,"d13C",-28.09,"perMill","Revesz & Coplen 2012a",,
"9c9404b9-5fb5-4314-928d-c5c6c0d26de8","D02","POSE","POSE.AOS.S2","2018-08-07","POSE.SS.20180807.POM.1","A00000002620","condition ok","SIRFER Lab at University of Utah","2018-11-09","ElFtGy1kV49xqNP00HfxQA==","POM","1",350,25,100,"carbon",887.96,"microgramsPerLiter","Revesz & Coplen 2012a",,
"7d6952b2-5f1b-4ffe-bc54-c9f783000076","D02","POSE","POSE.AOS.S2","2018-08-20","POSE.SS.20180820.POM.1","A00000002637","condition ok","SIRFER Lab at University of Utah","2018-11-09","ElFtGy1kV49xqNP00HfxQA==","POM","1",295,25,100,"nitrogen",113.31,"microgramsPerLiter","Revesz & Coplen 2012a",,
"136697fb-9a1d-46d6-ade0-eaf4983bd40a","D02","POSE","POSE.AOS.S2","2018-08-20","POSE.SS.20180820.POM.1","A00000002637","condition ok","SIRFER Lab at University of Utah","2018-11-09","ElFtGy1kV49xqNP00HfxQA==","POM","1",295,25,100,"carbon",1688.21,"microgramsPerLiter","Revesz & Coplen 2012a",,
"047dd5b3-59fd-420a-adff-00d4d0952b70","D02","POSE","POSE.AOS.S2","2018-08-20","POSE.SS.20180820.POM.1","A00000002637","condition ok","SIRFER Lab at University of Utah","2018-11-09","ElFtGy1kV49xqNP00HfxQA==","POM","1",295,25,100,"d13C",-28.18,"perMill","Revesz & Coplen 2012a",,
"4a4e4dbf-761d-4b69-9705-dc167629c261","D02","POSE","POSE.AOS.S2","2018-08-20","POSE.SS.20180820.POM.1","A00000002637","condition ok","SIRFER Lab at University of Utah","2018-11-09","ElFtGy1kV49xqNP00HfxQA==","POM","1",295,25,100,"d15N",3.34,"perMill","Revesz & Coplen 2012a",,
