uid,domainID,siteID,namedLocation,collectDate,sampleID,sampleCode,sampleCondition,laboratoryName,analysisDate,analyzedBy,sampleType,replicate,sampleVolumeFiltered,filterSize,percentFilterAnalyzed,analyte,analyteConcentration,plantAlgaeLabUnits,method,externalRemarks,externalLabDataQF
"550cb95f-9ad3-4e7e-81e4-b629f40f93d8","D16","MCRA","MCRA.AOS.S2","2017-10-17","MCRA.SS.20171017.POM.1",,"condition ok","SIRFER Lab at University of Utah","2018-07-19","ElFtGy1kV49xqNP00HfxQA==","POM","1",,,100,"carbon",58.92,"microgramsPerLiter","Revesz & Coplen 2012a",,
"3c00eb94-72bc-4377-84fb-71da52dd0fe0","D16","MCRA","MCRA.AOS.S2","2017-10-17","MCRA.SS.20171017.POM.1",,"condition ok","SIRFER Lab at University of Utah","2018-07-19","ElFtGy1kV49xqNP00HfxQA==","POM","1",,,100,"nitrogen",2.17,"microgramsPerLiter","Revesz & Coplen 2012a",,
"35e74d40-d010-4a7e-bad7-19bbf62a816b","D16","MCRA","MCRA.AOS.S2","2017-10-17","MCRA.SS.20171017.POM.1",,"condition ok","SIRFER Lab at University of Utah","2018-07-19","ElFtGy1kV49xqNP00HfxQA==","POM","1",,,100,"d15N",2.59,"perMill","Revesz & Coplen 2012a",,
"1a43a68f-0f90-4b0c-af34-9edfd06c4224","D16","MCRA","MCRA.AOS.S2","2017-10-17","MCRA.SS.20171017.POM.1",,"condition ok","SIRFER Lab at University of Utah","2018-07-19","ElFtGy1kV49xqNP00HfxQA==","POM","1",,,100,"d13C",-26.31,"perMill","Revesz & Coplen 2012a",,
"af5965ad-e366-4973-b298-346f93b9d307","D16","MCRA","MCRA.AOS.S2","2017-10-30","MCRA.SS.20171030.POM.1",,"condition ok","SIRFER Lab at University of Utah","2018-07-19","ElFtGy1kV49xqNP00HfxQA==","POM","1",,,100,"nitrogen",2.80,"microgramsPerLiter","Revesz & Coplen 2012a",,
"4a851c73-37d0-44ba-b58f-b12fe7856d1b","D16","MCRA","MCRA.AOS.S2","2017-10-30","MCRA.SS.20171030.POM.1",,"condition ok","SIRFER Lab at University of Utah","2018-07-19","ElFtGy1kV49xqNP00HfxQA==","POM","1",,,100,"d15N",6.48,"perMill","Revesz & Coplen 2012a",,
"537dd820-8561-4e52-a101-ccf2e9e13d6c","D16","MCRA","MCRA.AOS.S2","2017-10-30","MCRA.SS.20171030.POM.1",,"condition ok","SIRFER Lab at University of Utah","2018-07-19","ElFtGy1kV49xqNP00HfxQA==","POM","1",,,100,"d13C",-26.58,"perMill","Revesz & Coplen 2012a",,
"c0f5f111-0f41-4437-b29d-75e93e41627a","D16","MCRA","MCRA.AOS.S2","2017-10-30","MCRA.SS.20171030.POM.1",,"condition ok","SIRFER Lab at University of Utah","2018-07-19","ElFtGy1kV49xqNP00HfxQA==","POM","1",,,100,"carbon",56.28,"microgramsPerLiter","Revesz & Coplen 2012a",,
