uid,domainID,siteID,namedLocation,collectDate,sampleID,sampleCode,sampleCondition,laboratoryName,analysisDate,analyzedBy,sampleType,replicate,sampleVolumeFiltered,filterSize,percentFilterAnalyzed,analyte,analyteConcentration,plantAlgaeLabUnits,method,externalRemarks,externalLabDataQF
"c637dff4-89d0-4e34-96a4-50e1687d2be3","D12","BLDE","BLDE.AOS.S2","2019-04-03","BLDE.SS.20190403.POM.1","A00000053868","condition ok","SIRFER Lab at University of Utah","2019-08-06","ElFtGy1kV49xqNP00HfxQA==","POM","1",900,25,100,"d13C",-27.37,"perMill","Revesz & Coplen 2012a",,
"efe100a0-b9c6-42dd-9f6e-1db4067e36d6","D12","BLDE","BLDE.AOS.S2","2019-04-03","BLDE.SS.20190403.POM.1","A00000053868","condition ok","SIRFER Lab at University of Utah","2019-08-06","ElFtGy1kV49xqNP00HfxQA==","POM","1",900,25,100,"d15N",1.26,"perMill","Revesz & Coplen 2012a",,
"df2f3f1c-7259-4237-9c6d-27c29d8dc6bf","D12","BLDE","BLDE.AOS.S2","2019-04-03","BLDE.SS.20190403.POM.1","A00000053868","condition ok","SIRFER Lab at University of Utah","2019-08-06","ElFtGy1kV49xqNP00HfxQA==","POM","1",900,25,100,"nitrogen",21.13,"microgramsPerLiter","Revesz & Coplen 2012a",,
"1a8e147f-4398-4002-8ad0-f03d970f505c","D12","BLDE","BLDE.AOS.S2","2019-04-03","BLDE.SS.20190403.POM.1","A00000053868","condition ok","SIRFER Lab at University of Utah","2019-08-06","ElFtGy1kV49xqNP00HfxQA==","POM","1",900,25,100,"carbon",237.54,"microgramsPerLiter","Revesz & Coplen 2012a",,
