uid,domainID,siteID,namedLocation,collectDate,sampleID,sampleCode,sampleCondition,laboratoryName,analysisDate,analyzedBy,sampleType,replicate,sampleVolumeFiltered,filterSize,percentFilterAnalyzed,analyte,analyteConcentration,plantAlgaeLabUnits,method,externalRemarks,externalLabDataQF
"292186bd-eb9a-49d8-a9a5-897a484e94e0","D17","TECR","TECR.AOS.S2","2019-03-19","TECR.SS.20190319.POM.1","A00000062095","condition ok","SIRFER Lab at University of Utah","2019-08-14","ElFtGy1kV49xqNP00HfxQA==","POM","1",1500,25,100,"carbon",119.23,"microgramsPerLiter","Revesz & Coplen 2012a",,
"6c934b31-97e0-4aa4-9d87-91e3967cd344","D17","TECR","TECR.AOS.S2","2019-03-19","TECR.SS.20190319.POM.1","A00000062095","condition ok","SIRFER Lab at University of Utah","2019-08-14","ElFtGy1kV49xqNP00HfxQA==","POM","1",1500,25,100,"d13C",-27.08,"perMill","Revesz & Coplen 2012a",,
"81cd6cb3-e62b-4448-a61b-a21529e20340","D17","TECR","TECR.AOS.S2","2019-03-19","TECR.SS.20190319.POM.1","A00000062095","condition ok","SIRFER Lab at University of Utah","2019-08-14","ElFtGy1kV49xqNP00HfxQA==","POM","1",1500,25,100,"nitrogen",8.01,"microgramsPerLiter","Revesz & Coplen 2012a",,
"ebb03c56-dadc-40eb-a2cd-f531bbd4330b","D17","TECR","TECR.AOS.S2","2019-03-19","TECR.SS.20190319.POM.1","A00000062095","condition ok","SIRFER Lab at University of Utah","2019-08-14","ElFtGy1kV49xqNP00HfxQA==","POM","1",1500,25,100,"d15N",-4.07,"perMill","Revesz & Coplen 2012a",,
