uid,domainID,siteID,namedLocation,collectDate,sampleID,sampleCode,sampleCondition,laboratoryName,analysisDate,analyzedBy,sampleType,replicate,sampleVolumeFiltered,filterSize,percentFilterAnalyzed,analyte,analyteConcentration,plantAlgaeLabUnits,method,externalRemarks,externalLabDataQF
"01c8d89e-2473-4cd1-9b17-c86ad05f5b28","D08","TOMB","TOMB.AOS.buoy.c0","2017-10-25","TOMB.C0.20171025.POM.1",,"condition ok","SIRFER Lab at University of Utah","2018-03-26","ElFtGy1kV49xqNP00HfxQA==","POM","1",100,25,100,"d15N",13.62,"perMill","Revesz & Coplen 2012a",,
"e3fb8148-5fba-439f-93c1-ee6c3f41527f","D08","TOMB","TOMB.AOS.buoy.c0","2017-10-25","TOMB.C0.20171025.POM.1",,"condition ok","SIRFER Lab at University of Utah","2018-03-26","ElFtGy1kV49xqNP00HfxQA==","POM","1",100,25,100,"nitrogen",65.27,"microgramsPerLiter","Revesz & Coplen 2012a",,
"c03af5bf-cdc4-4dcf-9665-7ac7a2cdaac4","D08","TOMB","TOMB.AOS.buoy.c0","2017-10-25","TOMB.C0.20171025.POM.1",,"condition ok","SIRFER Lab at University of Utah","2018-03-26","ElFtGy1kV49xqNP00HfxQA==","POM","1",100,25,100,"d13C",-28.20,"perMill","Revesz & Coplen 2012a",,
"b2ee3413-eae2-48a4-858d-110c726987a6","D08","TOMB","TOMB.AOS.buoy.c0","2017-10-25","TOMB.C0.20171025.POM.1",,"condition ok","SIRFER Lab at University of Utah","2018-03-26","ElFtGy1kV49xqNP00HfxQA==","POM","1",100,25,100,"carbon",557.69,"microgramsPerLiter","Revesz & Coplen 2012a",,
