uid,domainID,siteID,namedLocation,collectDate,sampleID,sampleCode,sampleCondition,laboratoryName,analysisDate,analyzedBy,sampleType,replicate,sampleVolumeFiltered,filterSize,percentFilterAnalyzed,analyte,analyteConcentration,plantAlgaeLabUnits,method,externalRemarks,externalLabDataQF
"08a6df94-d8cd-46b5-9838-fc6d85eb6403","D13","COMO","COMO.AOS.S2","2018-09-18","COMO.SS.20180918.POM.1","A00000050514","condition ok","SIRFER Lab at University of Utah","2018-11-07","ElFtGy1kV49xqNP00HfxQA==","POM","1",500,25,100,"d13C",-26.49,"perMill","Revesz & Coplen 2012a",,
"1dcb30fa-112f-4f26-a126-7f9d33e25d78","D13","COMO","COMO.AOS.S2","2018-09-18","COMO.SS.20180918.POM.1","A00000050514","condition ok","SIRFER Lab at University of Utah","2018-11-07","ElFtGy1kV49xqNP00HfxQA==","POM","1",500,25,100,"nitrogen",52.23,"microgramsPerLiter","Revesz & Coplen 2012a",,
"c5e1940f-4a63-46f3-8396-dae5ea972f8f","D13","COMO","COMO.AOS.S2","2018-09-18","COMO.SS.20180918.POM.1","A00000050514","condition ok","SIRFER Lab at University of Utah","2018-11-07","ElFtGy1kV49xqNP00HfxQA==","POM","1",500,25,100,"d15N",2.79,"perMill","Revesz & Coplen 2012a",,
"68b3af03-7c83-4432-bc57-7dd976f6e06c","D13","COMO","COMO.AOS.S2","2018-09-18","COMO.SS.20180918.POM.1","A00000050514","condition ok","SIRFER Lab at University of Utah","2018-11-07","ElFtGy1kV49xqNP00HfxQA==","POM","1",500,25,100,"carbon",723.65,"microgramsPerLiter","Revesz & Coplen 2012a",,
"fd8acb8f-3a39-4498-9a7a-12d1b6327d4d","D13","COMO","COMO.AOS.S2","2018-09-24","COMO.SS.20180924.POM.1","A00000050541","condition ok","SIRFER Lab at University of Utah","2018-11-07","ElFtGy1kV49xqNP00HfxQA==","POM","1",750,25,100,"d13C",-27.05,"perMill","Revesz & Coplen 2012a",,
"1ddf28dc-98c5-4035-b849-7dbed24cc2d1","D13","COMO","COMO.AOS.S2","2018-09-24","COMO.SS.20180924.POM.1","A00000050541","condition ok","SIRFER Lab at University of Utah","2018-11-07","ElFtGy1kV49xqNP00HfxQA==","POM","1",750,25,100,"carbon",457.61,"microgramsPerLiter","Revesz & Coplen 2012a",,
"b9ac1688-9a51-4cf9-8f08-27a5d4cda9aa","D13","COMO","COMO.AOS.S2","2018-09-24","COMO.SS.20180924.POM.1","A00000050541","condition ok","SIRFER Lab at University of Utah","2018-11-07","ElFtGy1kV49xqNP00HfxQA==","POM","1",750,25,100,"d15N",2.70,"perMill","Revesz & Coplen 2012a",,
"7be9d7ff-9a0b-41b5-819c-6945d8b98ce1","D13","COMO","COMO.AOS.S2","2018-09-24","COMO.SS.20180924.POM.1","A00000050541","condition ok","SIRFER Lab at University of Utah","2018-11-07","ElFtGy1kV49xqNP00HfxQA==","POM","1",750,25,100,"nitrogen",36.93,"microgramsPerLiter","Revesz & Coplen 2012a",,
