uid,domainID,siteID,namedLocation,collectDate,sampleID,sampleCode,sampleCondition,laboratoryName,analysisDate,analyzedBy,sampleType,replicate,sampleVolumeFiltered,filterSize,percentFilterAnalyzed,analyte,analyteConcentration,plantAlgaeLabUnits,method,externalRemarks,externalLabDataQF
"c2b6417d-080a-4310-b339-7a13560ce51e","D17","TECR","TECR.AOS.S2","2019-04-16","TECR.SS.20190416.POM.1","A00000062075","condition ok","SIRFER Lab at University of Utah","2019-08-14","ElFtGy1kV49xqNP00HfxQA==","POM","1",1250,25,100,"carbon",239.45,"microgramsPerLiter","Revesz & Coplen 2012a",,
"da4cd4a8-2f09-4b82-9939-c0852896c026","D17","TECR","TECR.AOS.S2","2019-04-16","TECR.SS.20190416.POM.1","A00000062075","condition ok","SIRFER Lab at University of Utah","2019-08-14","ElFtGy1kV49xqNP00HfxQA==","POM","1",1250,25,100,"d13C",-27.21,"perMill","Revesz & Coplen 2012a",,
"4fb9bdf0-49cc-4f0e-874c-e20d7a614108","D17","TECR","TECR.AOS.S2","2019-04-16","TECR.SS.20190416.POM.1","A00000062075","condition ok","SIRFER Lab at University of Utah","2019-08-14","ElFtGy1kV49xqNP00HfxQA==","POM","1",1250,25,100,"d15N",-5.51,"perMill","Revesz & Coplen 2012a",,
"138e9fb6-4095-48c2-a37a-6b9fb1a1fcb6","D17","TECR","TECR.AOS.S2","2019-04-16","TECR.SS.20190416.POM.1","A00000062075","condition ok","SIRFER Lab at University of Utah","2019-08-14","ElFtGy1kV49xqNP00HfxQA==","POM","1",1250,25,100,"nitrogen",14.76,"microgramsPerLiter","Revesz & Coplen 2012a",,
"39c36d15-6d62-45bf-aa57-41984f96cd1a","D17","TECR","TECR.AOS.S2","2019-04-23","TECR.SS.20190423.POM.1","A00000062938","condition ok","SIRFER Lab at University of Utah","2019-08-14","ElFtGy1kV49xqNP00HfxQA==","POM","1",1500,25,100,"nitrogen",10.54,"microgramsPerLiter","Revesz & Coplen 2012a",,
"c561e306-8387-41bd-be73-df78a5e7187c","D17","TECR","TECR.AOS.S2","2019-04-23","TECR.SS.20190423.POM.1","A00000062938","condition ok","SIRFER Lab at University of Utah","2019-08-14","ElFtGy1kV49xqNP00HfxQA==","POM","1",1500,25,100,"d15N",0.05,"perMill","Revesz & Coplen 2012a",,
"6f2c4430-3eb3-4083-ac00-8115e98e5a56","D17","TECR","TECR.AOS.S2","2019-04-23","TECR.SS.20190423.POM.1","A00000062938","condition ok","SIRFER Lab at University of Utah","2019-08-14","ElFtGy1kV49xqNP00HfxQA==","POM","1",1500,25,100,"d13C",-27.59,"perMill","Revesz & Coplen 2012a",,
"fc8f17d5-5a6f-4697-87a1-7cb4f961d209","D17","TECR","TECR.AOS.S2","2019-04-23","TECR.SS.20190423.POM.1","A00000062938","condition ok","SIRFER Lab at University of Utah","2019-08-14","ElFtGy1kV49xqNP00HfxQA==","POM","1",1500,25,100,"carbon",165.37,"microgramsPerLiter","Revesz & Coplen 2012a",,
