uid,domainID,siteID,namedLocation,collectDate,sampleID,sampleCode,sampleCondition,laboratoryName,analysisDate,analyzedBy,sampleType,replicate,sampleVolumeFiltered,filterSize,percentFilterAnalyzed,analyte,analyteConcentration,plantAlgaeLabUnits,method,externalRemarks,externalLabDataQF
"a44d5983-42ed-4277-8a82-fc715a6c78fc","D19","CARI","CARI.AOS.S2","2018-09-05","CARI.SS.20180905.POM.1","A00000064777","condition ok","SIRFER Lab at University of Utah","2018-11-07","ElFtGy1kV49xqNP00HfxQA==","POM","1",1000,25,100,"carbon",115.78,"microgramsPerLiter","Revesz & Coplen 2012a",,
"2e72ba3b-5b73-432d-9ca4-0bf54bb03f61","D19","CARI","CARI.AOS.S2","2018-09-05","CARI.SS.20180905.POM.1","A00000064777","condition ok","SIRFER Lab at University of Utah","2018-11-07","ElFtGy1kV49xqNP00HfxQA==","POM","1",1000,25,100,"d15N",0.52,"perMill","Revesz & Coplen 2012a",,
"fb0dccfc-0d8d-4e13-8546-452f7c361c24","D19","CARI","CARI.AOS.S2","2018-09-05","CARI.SS.20180905.POM.1","A00000064777","condition ok","SIRFER Lab at University of Utah","2018-11-07","ElFtGy1kV49xqNP00HfxQA==","POM","1",1000,25,100,"d13C",-27.77,"perMill","Revesz & Coplen 2012a",,
"cd77d7e4-3b05-43ac-8d69-a31c8612f3cb","D19","CARI","CARI.AOS.S2","2018-09-05","CARI.SS.20180905.POM.1","A00000064777","condition ok","SIRFER Lab at University of Utah","2018-11-07","ElFtGy1kV49xqNP00HfxQA==","POM","1",1000,25,100,"nitrogen",8.09,"microgramsPerLiter","Revesz & Coplen 2012a",,
"b3848fd9-4626-45e5-80ff-0e7307620e73","D19","CARI","CARI.AOS.S2","2018-09-12","CARI.SS.20180912.POM.1","A00000064787","condition ok","SIRFER Lab at University of Utah","2018-11-07","ElFtGy1kV49xqNP00HfxQA==","POM","1",750,25,100,"carbon",172.85,"microgramsPerLiter","Revesz & Coplen 2012a",,
"032409ff-ccc4-4b3e-b87b-5563b51a18cd","D19","CARI","CARI.AOS.S2","2018-09-12","CARI.SS.20180912.POM.1","A00000064787","condition ok","SIRFER Lab at University of Utah","2018-11-07","ElFtGy1kV49xqNP00HfxQA==","POM","1",750,25,100,"d15N",4.09,"perMill","Revesz & Coplen 2012a",,
"e95c4fbc-f609-4efa-aed4-9413ecdb7c5e","D19","CARI","CARI.AOS.S2","2018-09-12","CARI.SS.20180912.POM.1","A00000064787","condition ok","SIRFER Lab at University of Utah","2018-11-07","ElFtGy1kV49xqNP00HfxQA==","POM","1",750,25,100,"d13C",-27.51,"perMill","Revesz & Coplen 2012a",,
"8c48b652-29e5-4ab8-ab1d-731cbaa8ead4","D19","CARI","CARI.AOS.S2","2018-09-12","CARI.SS.20180912.POM.1","A00000064787","condition ok","SIRFER Lab at University of Utah","2018-11-07","ElFtGy1kV49xqNP00HfxQA==","POM","1",750,25,100,"nitrogen",11.94,"microgramsPerLiter","Revesz & Coplen 2012a",,
"5b7ba6cc-d6f5-4b81-bc39-7c1e1051d8c0","D19","CARI","CARI.AOS.S2","2018-09-19","CARI.SS.20180919.POM.1","A00000065023","condition ok","SIRFER Lab at University of Utah","2018-11-07","ElFtGy1kV49xqNP00HfxQA==","POM","1",1000,25,100,"nitrogen",6.14,"microgramsPerLiter","Revesz & Coplen 2012a",,
"096fa1b1-28b1-4396-9573-ae2dd51e42c7","D19","CARI","CARI.AOS.S2","2018-09-19","CARI.SS.20180919.POM.1","A00000065023","condition ok","SIRFER Lab at University of Utah","2018-11-07","ElFtGy1kV49xqNP00HfxQA==","POM","1",1000,25,100,"carbon",80.30,"microgramsPerLiter","Revesz & Coplen 2012a",,
"d9b6f331-dfff-4d84-8951-e5c5e47af47b","D19","CARI","CARI.AOS.S2","2018-09-19","CARI.SS.20180919.POM.1","A00000065023","condition ok","SIRFER Lab at University of Utah","2018-11-07","ElFtGy1kV49xqNP00HfxQA==","POM","1",1000,25,100,"d15N",4.11,"perMill","Revesz & Coplen 2012a",,
"892606cb-0f1e-42e4-9001-572a9467bb5f","D19","CARI","CARI.AOS.S2","2018-09-19","CARI.SS.20180919.POM.1","A00000065023","condition ok","SIRFER Lab at University of Utah","2018-11-07","ElFtGy1kV49xqNP00HfxQA==","POM","1",1000,25,100,"d13C",-28.04,"perMill","Revesz & Coplen 2012a",,
"3b3a1128-e916-4e4e-a75c-7fc6b4902d7f","D19","CARI","CARI.AOS.S2","2018-09-26","CARI.SS.20180926.POM.1","A00000065016","condition ok","SIRFER Lab at University of Utah","2019-01-20","ElFtGy1kV49xqNP00HfxQA==","POM","1",750,25,100,"nitrogen",28.61,"microgramsPerLiter","Revesz & Coplen 2012a",,
"4b479a04-24ed-40e4-b49c-251a1c3b467f","D19","CARI","CARI.AOS.S2","2018-09-26","CARI.SS.20180926.POM.1","A00000065016","condition ok","SIRFER Lab at University of Utah","2019-01-20","ElFtGy1kV49xqNP00HfxQA==","POM","1",750,25,100,"carbon",557.31,"microgramsPerLiter","Revesz & Coplen 2012a",,
"6bd4fbd6-46ea-45e6-8599-e1ae88db2f53","D19","CARI","CARI.AOS.S2","2018-09-26","CARI.SS.20180926.POM.1","A00000065016","condition ok","SIRFER Lab at University of Utah","2019-01-20","ElFtGy1kV49xqNP00HfxQA==","POM","1",750,25,100,"d13C",-33.56,"perMill","Revesz & Coplen 2012a",,
"5a1720d0-c77b-41b6-a58b-0ad48f76b282","D19","CARI","CARI.AOS.S2","2018-09-26","CARI.SS.20180926.POM.1","A00000065016","condition ok","SIRFER Lab at University of Utah","2019-01-20","ElFtGy1kV49xqNP00HfxQA==","POM","1",750,25,100,"d15N",2.28,"perMill","Revesz & Coplen 2012a",,
