uid,domainID,siteID,namedLocation,decimalLatitude,decimalLongitude,coordinateUncertainty,additionalCoordUncertainty,elevation,elevationUncertainty,geodeticDatum,altLocation,altLatitude,altLongitude,altCoordinateUncertainty,altGeodeticDatum,collectDate,aquaticSiteType,samplingImpractical,parentSampleID,parentSampleCode,eventID,samplerType,dissolvedOxygen,dissolvedOxygenSaturation,specificConductance,waterTemp,asiSamplingProtocolVersion,lowerSegmentDepth,upperSegmentDepth,maxDepth,lakeSampleDepth1,lakeSampleDepth2,aCollectedBy,bCollectedBy,remarks,fieldDataQF
"8e875222-83a4-439a-a62f-44f17cb053c5","D19","CARI","CARI.AOS.S2",65.153073,-147.501999,0.1,10.0,225.4,0.0,"WGS84",,,,,,"2018-09-05T19:30Z","stream",,"CARI.SS.20180905",,"CARI.20180905","Grab",13.70,100.00,69.60,3.50,"NEON.DOC.001886vF",,,,,,"jhill1@battelleecology.org","jhill1@battelleecology.org",,
"304a165e-9b7a-40ba-985e-0f74ef912862","D19","CARI","CARI.AOS.S2",65.153073,-147.501999,0.1,10.0,225.4,0.0,"WGS84",,,,,,"2018-09-12T19:21Z","stream",,"CARI.SS.20180912",,"CARI.20180912","Grab",13.80,105.00,76.90,3.10,"NEON.DOC.001886vF",,,,,,"gdukelow@battelleecology.org","gdukelow@battelleecology.org",,
"2f1d95eb-4e53-4cd4-a503-177371ea4635","D19","CARI","CARI.AOS.S2",65.153073,-147.501999,0.1,10.0,225.4,0.0,"WGS84",,,,,,"2018-09-19T18:34Z","stream",,"CARI.SS.20180919",,"CARI.20180919","Grab",12.90,98.00,80.00,3.30,"NEON.DOC.001886vF",,,,,,"spreer@battelleecology.org","gdukelow@battelleecology.org",,
"c6dcc474-76be-4d5b-96c4-cb27064bb2cd","D19","CARI","CARI.AOS.S2",65.153073,-147.501999,0.1,10.0,225.4,0.0,"WGS84",,,,,,"2018-09-26T19:39Z","stream",,"CARI.SS.20180926",,"CARI.20180926","Grab",12.60,94.00,59.00,2.70,"NEON.DOC.001886vF",,,,,,"sebeler@battelleecology.org","gdukelow@battelleecology.org",,
