uid,domainID,siteID,namedLocation,collectDate,analysisDate,isotopeH2OSampleID,isotopeH2OSampleCode,instrumentSN,d18OWater,d2HWater,d18OsdWater,d2HsdWater,isotopeH2OExternalLabQF,laboratoryName,analyzedBy,sampleCondition,externalRemarks,externalLabDataQF
"4e4f944d-6a18-460e-8606-f08de7d45a06","D19","CARI","CARI.AOS.S2","2018-09-05","2018-10-25","CARI.SS.20180905.H2O.1","A00000064775","HIDS2052",-19.13,-148.24,0.04,0.09,0,"SIRFER Lab at University of Utah","OlSmE6RRn5QQH8tvUHmK5i/poYiQr6sd","OK",,
"6a395852-8fe3-4409-9026-99041708b755","D19","CARI","CARI.AOS.S2","2018-09-12","2018-10-25","CARI.SS.20180912.H2O.1","A00000027454","HIDS2052",-19.24,-148.89,0.01,0.03,0,"SIRFER Lab at University of Utah","OlSmE6RRn5QQH8tvUHmK5i/poYiQr6sd","OK",,
"1a860b4a-ee84-4aa4-82ec-dd37a111af0a","D19","CARI","CARI.AOS.S2","2018-09-19","2018-10-25","CARI.SS.20180919.H2O.1","A00000027477","HIDS2052",-19.13,-148.62,0.03,0.11,0,"SIRFER Lab at University of Utah","OlSmE6RRn5QQH8tvUHmK5i/poYiQr6sd","OK",,
"e91428ec-26b3-44fa-84ad-a6b56c9116ca","D19","CARI","CARI.AOS.S2","2018-09-26","2018-10-25","CARI.SS.20180926.H2O.1","A00000027458","HIDS2052",-18.86,-146.34,0.03,0.08,0,"SIRFER Lab at University of Utah","OlSmE6RRn5QQH8tvUHmK5i/poYiQr6sd","OK",,
