uid,domainID,siteID,namedLocation,collectDate,parentSampleID,parentSampleCode,isotopeH2OSampleCond,isotopeH2OSampleID,isotopeH2OSampleCode,isotopePOMRep2SampleCond,isotopePOMRep2SampleID,isotopePOMRep2SampleCode,isotopePOMSampleCond,isotopePOMSampleID,isotopePOMSampleCode,processedDateFilters,processedDateH2OIsotopes,sampleVolumeFilteredPOMRep1,sampleVolumeFilteredPOMRep2,fieldDataQF
"d879827d-b745-4191-ba0a-8181d15a2813","D19","CARI","CARI.AOS.S2","2018-09-05T19:30Z","CARI.SS.20180905",,"Sample condition ok","CARI.SS.20180905.H2O.1","A00000064775","Sample condition ok","CARI.SS.20180905.POM.2","A00000064776","Sample condition ok","CARI.SS.20180905.POM.1","A00000064777","2018-09-05T22:40Z","2018-09-05T19:30Z",1000,1000,
"32f29231-566d-4d4d-8442-e80f1ffcdd29","D19","CARI","CARI.AOS.S2","2018-09-12T19:21Z","CARI.SS.20180912",,"Sample condition ok","CARI.SS.20180912.H2O.1","A00000027454","Sample condition ok","CARI.SS.20180912.POM.2","A00000064788","Sample condition ok","CARI.SS.20180912.POM.1","A00000064787","2018-09-12T23:25Z","2018-09-12T23:25Z",750,750,
"5b88531e-5f67-4698-9be3-9773fbbccbf8","D19","CARI","CARI.AOS.S2","2018-09-19T18:34Z","CARI.SS.20180919",,"Sample condition ok","CARI.SS.20180919.H2O.1","A00000027477","Sample condition ok","CARI.SS.20180919.POM.2","A00000065006","Sample condition ok","CARI.SS.20180919.POM.1","A00000065023","2018-09-19T22:00Z","2018-09-19T22:00Z",1000,1000,
"83fd58f1-d083-4a63-9f43-7f3103dcf24c","D19","CARI","CARI.AOS.S2","2018-09-26T19:39Z","CARI.SS.20180926",,"Sample condition ok","CARI.SS.20180926.H2O.1","A00000027458","Sample condition ok","CARI.SS.20180926.POM.2","A00000065015","Sample condition ok","CARI.SS.20180926.POM.1","A00000065016","2018-09-26T23:30Z","2018-09-26T23:30Z",750,750,
