uid,domainID,siteID,namedLocation,collectDate,sampleID,sampleCode,sampleCondition,laboratoryName,analysisDate,analyzedBy,sampleType,replicate,sampleVolumeFiltered,filterSize,percentFilterAnalyzed,analyte,analyteConcentration,plantAlgaeLabUnits,method,externalRemarks,externalLabDataQF
"8c0af2e1-4ea2-4726-b831-98e48d4eb5e2","D06","KING","KING.AOS.S2","2016-03-01","KING.SS.20160301.POM.1",,"other","Academy of Natural Sciences of Drexel University","2016-08-29","OKgcKejxXbI=","13C15N","1",,,100,"d13C",-27.35,"perMill",,"poor folding, sample loss",
"771834bc-a52e-4fee-9131-fab9b1b07313","D06","KING","KING.AOS.S2","2016-03-01","KING.SS.20160301.POM.2",,"other","Academy of Natural Sciences of Drexel University","2016-08-29","OKgcKejxXbI=","13C15N","2",,,100,"d15N",3.19,"perMill",,"poor folding, sample loss",
"2e16c93f-4c27-459f-89c0-ad3226ec4026","D06","KING","KING.AOS.S2","2016-03-01","KING.SS.20160301.POM.1",,"other","Academy of Natural Sciences of Drexel University","2016-08-29","OKgcKejxXbI=","13C15N","1",,,100,"d15N",3.33,"perMill",,"poor folding, sample loss",
"dea6462d-eb00-4c15-917e-e574481aa9d5","D06","KING","KING.AOS.S2","2016-03-01","KING.SS.20160301.POM.2",,"other","Academy of Natural Sciences of Drexel University","2016-08-29","OKgcKejxXbI=","13C15N","2",,,100,"d13C",-26.17,"perMill",,"poor folding, sample loss",
"d9e92a7e-322d-4858-9da1-4488884427a6","D06","KING","KING.AOS.S2","2016-03-08","KING.SS.20160308.POM.1",,"other","Academy of Natural Sciences of Drexel University","2016-08-29","OKgcKejxXbI=","13C15N","1",,,100,"d13C",-29.84,"perMill",,"Difference in volume filtered, poor folding, sample loss",
"78af98c1-7f79-4ea9-ba5c-ddc1bfa68a4a","D06","KING","KING.AOS.S2","2016-03-08","KING.SS.20160308.POM.1",,"other","Academy of Natural Sciences of Drexel University","2016-08-29","OKgcKejxXbI=","13C15N","1",,,100,"d15N",2.26,"perMill",,"Difference in volume filtered, poor folding, sample loss",
"a3dc7f2a-1d12-4fed-889d-2fe6bb04d048","D06","KING","KING.AOS.S2","2016-03-08","KING.SS.20160308.POM.2",,"other","Academy of Natural Sciences of Drexel University","2016-08-29","OKgcKejxXbI=","13C15N","2",,,100,"d13C",-28.21,"perMill",,"Difference in volume filtered, poor folding, sample loss",
"4dd483df-e7aa-45ba-b050-0e9a73e3781d","D06","KING","KING.AOS.S2","2016-03-08","KING.SS.20160308.POM.2",,"other","Academy of Natural Sciences of Drexel University","2016-08-29","OKgcKejxXbI=","13C15N","2",,,100,"d15N",3.71,"perMill",,"Difference in volume filtered, poor folding, sample loss",
"f8170fd9-614c-4538-9f64-9e38afec7dd3","D06","KING","KING.AOS.S2","2016-03-29","KING.SS.20160329.POM.1",,"other","Academy of Natural Sciences of Drexel University","2016-08-29","OKgcKejxXbI=","13C15N","1",,,100,"d15N",1.57,"perMill",,"poor folding, sample loss",
"224086cc-f88b-4a4d-bf4d-819b7cceee18","D06","KING","KING.AOS.S2","2016-03-29","KING.SS.20160329.POM.2",,"other","Academy of Natural Sciences of Drexel University","2016-08-29","OKgcKejxXbI=","13C15N","2",,,100,"d15N",3.85,"perMill",,"poor folding, sample loss",
"67e9c72f-de61-4afa-8b8f-34c78be8ff73","D06","KING","KING.AOS.S2","2016-03-29","KING.SS.20160329.POM.1",,"other","Academy of Natural Sciences of Drexel University","2016-08-29","OKgcKejxXbI=","13C15N","1",,,100,"d13C",-27.60,"perMill",,"poor folding, sample loss",
"d3eb0306-ef88-4c40-89ff-1e60b4c949c8","D06","KING","KING.AOS.S2","2016-03-29","KING.SS.20160329.POM.2",,"other","Academy of Natural Sciences of Drexel University","2016-08-29","OKgcKejxXbI=","13C15N","2",,,100,"d13C",-26.05,"perMill",,"poor folding, sample loss",
