uid,domainID,siteID,namedLocation,collectDate,sampleID,sampleCode,sampleCondition,laboratoryName,analysisDate,analyzedBy,sampleType,replicate,sampleVolumeFiltered,filterSize,percentFilterAnalyzed,analyte,analyteConcentration,plantAlgaeLabUnits,method,externalRemarks,externalLabDataQF
"562134e1-9df5-4849-8651-8c15ebdae5db","D13","COMO","COMO.AOS.S2","2018-01-16","COMO.SS.20180116.POM.1",,"condition ok","SIRFER Lab at University of Utah","2018-08-09","ElFtGy1kV49xqNP00HfxQA==","POM","1",1000,25,100,"d13C",-28.09,"perMill","Revesz & Coplen 2012a",,
"a688ba15-086e-44ed-b863-d0631fafb649","D13","COMO","COMO.AOS.S2","2018-01-16","COMO.SS.20180116.POM.1",,"condition ok","SIRFER Lab at University of Utah","2018-08-09","ElFtGy1kV49xqNP00HfxQA==","POM","1",1000,25,100,"nitrogen",11.38,"microgramsPerLiter","Revesz & Coplen 2012a",,
"cfb4d0fd-ae31-4cc1-a305-c84d2c897a9a","D13","COMO","COMO.AOS.S2","2018-01-16","COMO.SS.20180116.POM.1",,"condition ok","SIRFER Lab at University of Utah","2018-08-09","ElFtGy1kV49xqNP00HfxQA==","POM","1",1000,25,100,"d15N",3.76,"perMill","Revesz & Coplen 2012a",,
"dcd10ef7-cd8c-439f-97a6-38f6005383ca","D13","COMO","COMO.AOS.S2","2018-01-16","COMO.SS.20180116.POM.1",,"condition ok","SIRFER Lab at University of Utah","2018-08-09","ElFtGy1kV49xqNP00HfxQA==","POM","1",1000,25,100,"carbon",146.89,"microgramsPerLiter","Revesz & Coplen 2012a",,
