uid,domainID,siteID,namedLocation,collectDate,sampleID,sampleCode,sampleCondition,laboratoryName,analysisDate,analyzedBy,sampleType,replicate,sampleVolumeFiltered,filterSize,percentFilterAnalyzed,analyte,analyteConcentration,plantAlgaeLabUnits,method,externalRemarks,externalLabDataQF
"0f0220bc-99bf-48e0-b22a-3b69ff1ea05e","D15","REDB","REDB.AOS.S2","2019-02-11","REDB.SS.20190211.POM.1","A00000057069","condition ok","SIRFER Lab at University of Utah","2019-05-01","ElFtGy1kV49xqNP00HfxQA==","POM","1",200,25,100,"carbon",261.93,"microgramsPerLiter","Revesz & Coplen 2012a",,
"f1853afc-c95f-4f13-9968-fc4784bacf91","D15","REDB","REDB.AOS.S2","2019-02-11","REDB.SS.20190211.POM.1","A00000057069","condition ok","SIRFER Lab at University of Utah","2019-05-01","ElFtGy1kV49xqNP00HfxQA==","POM","1",200,25,100,"nitrogen",127.28,"microgramsPerLiter","Revesz & Coplen 2012a",,
"2809df79-fcdb-4be2-a57a-178f064b122d","D15","REDB","REDB.AOS.S2","2019-02-11","REDB.SS.20190211.POM.1","A00000057069","condition ok","SIRFER Lab at University of Utah","2019-05-01","ElFtGy1kV49xqNP00HfxQA==","POM","1",200,25,100,"d15N",2.02,"perMill","Revesz & Coplen 2012a",,
"a711b2be-ad86-4582-b03e-e3be47efe3e9","D15","REDB","REDB.AOS.S2","2019-02-11","REDB.SS.20190211.POM.1","A00000057069","condition ok","SIRFER Lab at University of Utah","2019-05-01","ElFtGy1kV49xqNP00HfxQA==","POM","1",200,25,100,"d13C",-26.33,"perMill","Revesz & Coplen 2012a",,
"2e510580-ba93-43f1-a226-7b382dc873e6","D15","REDB","REDB.AOS.S2","2019-02-19","REDB.SS.20190219.POM.1","A00000057055","condition ok","SIRFER Lab at University of Utah","2019-05-01","ElFtGy1kV49xqNP00HfxQA==","POM","1",200,25,100,"d13C",-25.95,"perMill","Revesz & Coplen 2012a",,
"9b45ee1d-59f0-41f2-a31d-a55a26a0d032","D15","REDB","REDB.AOS.S2","2019-02-19","REDB.SS.20190219.POM.1","A00000057055","condition ok","SIRFER Lab at University of Utah","2019-05-01","ElFtGy1kV49xqNP00HfxQA==","POM","1",200,25,100,"carbon",905.66,"microgramsPerLiter","Revesz & Coplen 2012a",,
"37e3b9c6-41d2-478c-bec9-795221be4010","D15","REDB","REDB.AOS.S2","2019-02-19","REDB.SS.20190219.POM.1","A00000057055","condition ok","SIRFER Lab at University of Utah","2019-05-01","ElFtGy1kV49xqNP00HfxQA==","POM","1",200,25,100,"d15N",2.19,"perMill","Revesz & Coplen 2012a",,
"8db4a90d-85bf-4867-aaa1-83aa6defb55c","D15","REDB","REDB.AOS.S2","2019-02-19","REDB.SS.20190219.POM.1","A00000057055","condition ok","SIRFER Lab at University of Utah","2019-05-01","ElFtGy1kV49xqNP00HfxQA==","POM","1",200,25,100,"nitrogen",38.17,"microgramsPerLiter","Revesz & Coplen 2012a",,
