uid,domainID,siteID,namedLocation,collectDate,sampleID,sampleCode,sampleCondition,laboratoryName,analysisDate,analyzedBy,sampleType,replicate,sampleVolumeFiltered,filterSize,percentFilterAnalyzed,analyte,analyteConcentration,plantAlgaeLabUnits,method,externalRemarks,externalLabDataQF
"3e26989c-a783-422f-ac76-b74dc0ca7807","D19","CARI","CARI.AOS.reach","2019-01-22","CARI.RE.20190122.POM.1","A00000065338","condition ok","SIRFER Lab at University of Utah","2019-07-11","ElFtGy1kV49xqNP00HfxQA==","POM","1",750,25,100,"d13C",-26.97,"perMill","Revesz & Coplen 2012a",,
"a6521b69-0a73-4651-9d3c-9ffbf020cded","D19","CARI","CARI.AOS.reach","2019-01-22","CARI.RE.20190122.POM.1","A00000065338","condition ok","SIRFER Lab at University of Utah","2019-07-11","ElFtGy1kV49xqNP00HfxQA==","POM","1",750,25,100,"carbon",730.98,"microgramsPerLiter","Revesz & Coplen 2012a",,
"7c108dd5-971e-4753-bac3-8aa2faea0c8a","D19","CARI","CARI.AOS.reach","2019-01-22","CARI.RE.20190122.POM.1","A00000065338","condition ok","SIRFER Lab at University of Utah","2019-07-11","ElFtGy1kV49xqNP00HfxQA==","POM","1",750,25,100,"d15N",3.24,"perMill","Revesz & Coplen 2012a",,
"c31b4019-d213-4a22-bd72-39616136840d","D19","CARI","CARI.AOS.reach","2019-01-22","CARI.RE.20190122.POM.1","A00000065338","condition ok","SIRFER Lab at University of Utah","2019-07-11","ElFtGy1kV49xqNP00HfxQA==","POM","1",750,25,100,"nitrogen",50.77,"microgramsPerLiter","Revesz & Coplen 2012a",,
