uid,domainID,siteID,namedLocation,collectDate,sampleID,sampleCode,sampleCondition,laboratoryName,analysisDate,analyzedBy,sampleType,replicate,sampleVolumeFiltered,filterSize,percentFilterAnalyzed,analyte,analyteConcentration,plantAlgaeLabUnits,method,externalRemarks,externalLabDataQF
"f846dfe9-56b5-4efd-b045-f10777dc9d21","D08","BLWA","BLWA.AOS.buoy.c0","2018-04-10","BLWA.C0.20180410.POM.1","A00000015395","condition ok","SIRFER Lab at University of Utah","2018-08-28","ElFtGy1kV49xqNP00HfxQA==","POM","1",100,25,100,"d15N",6.46,"perMill","Revesz & Coplen 2012a",,
"ea87debb-2853-43d1-b305-3afcf8a2c89c","D08","BLWA","BLWA.AOS.buoy.c0","2018-04-10","BLWA.C0.20180410.POM.1","A00000015395","condition ok","SIRFER Lab at University of Utah","2018-08-28","ElFtGy1kV49xqNP00HfxQA==","POM","1",100,25,100,"nitrogen",223.79,"microgramsPerLiter","Revesz & Coplen 2012a",,
"cc17dd3f-fb1c-4834-8872-490f015090a2","D08","BLWA","BLWA.AOS.buoy.c0","2018-04-10","BLWA.C0.20180410.POM.1","A00000015395","condition ok","SIRFER Lab at University of Utah","2018-08-28","ElFtGy1kV49xqNP00HfxQA==","POM","1",100,25,100,"d13C",-30.28,"perMill","Revesz & Coplen 2012a",,
"8f96cab1-1771-4394-b669-3ef11f6158ca","D08","BLWA","BLWA.AOS.buoy.c0","2018-04-10","BLWA.C0.20180410.POM.1","A00000015395","condition ok","SIRFER Lab at University of Utah","2018-08-28","ElFtGy1kV49xqNP00HfxQA==","POM","1",100,25,100,"carbon",1718.24,"microgramsPerLiter","Revesz & Coplen 2012a",,
"1fd9e7e9-ecbd-4de4-a5f6-0507c16cba1b","D08","BLWA","BLWA.AOS.buoy.c0","2018-04-12","BLWA.C0.20180412.POM.1","A00000015399","condition ok","SIRFER Lab at University of Utah","2018-08-30","ElFtGy1kV49xqNP00HfxQA==","POM","1",100,25,100,"carbon",1649.29,"microgramsPerLiter","Revesz & Coplen 2012a",,
"1d05cfa4-810d-4582-992f-558bbbf1ab85","D08","BLWA","BLWA.AOS.buoy.c0","2018-04-12","BLWA.C0.20180412.POM.1","A00000015399","condition ok","SIRFER Lab at University of Utah","2018-08-30","ElFtGy1kV49xqNP00HfxQA==","POM","1",100,25,100,"d13C",-31.11,"perMill","Revesz & Coplen 2012a",,
"12dc4a6d-da20-40e0-ac41-12d184073646","D08","BLWA","BLWA.AOS.buoy.c0","2018-04-12","BLWA.C0.20180412.POM.1","A00000015399","condition ok","SIRFER Lab at University of Utah","2018-08-30","ElFtGy1kV49xqNP00HfxQA==","POM","1",100,25,100,"nitrogen",229.43,"microgramsPerLiter","Revesz & Coplen 2012a",,
"ead2ee37-5ca9-47cf-9f04-997e5a964d30","D08","BLWA","BLWA.AOS.buoy.c0","2018-04-12","BLWA.C0.20180412.POM.1","A00000015399","condition ok","SIRFER Lab at University of Utah","2018-08-30","ElFtGy1kV49xqNP00HfxQA==","POM","1",100,25,100,"d15N",7.48,"perMill","Revesz & Coplen 2012a",,
"28dbb4ca-7953-486e-957c-5426ddf7877d","D08","BLWA","BLWA.AOS.buoy.c0","2018-04-17","BLWA.C0.20180417.POM.1","A00000015421","condition ok","SIRFER Lab at University of Utah","2018-08-30","ElFtGy1kV49xqNP00HfxQA==","POM","1",50,25,100,"carbon",2231.89,"microgramsPerLiter","Revesz & Coplen 2012a",,
"c0a0c8e0-6957-4e2d-b3b8-a9fe6f491209","D08","BLWA","BLWA.AOS.buoy.c0","2018-04-17","BLWA.C0.20180417.POM.1","A00000015421","condition ok","SIRFER Lab at University of Utah","2018-08-30","ElFtGy1kV49xqNP00HfxQA==","POM","1",50,25,100,"nitrogen",137.65,"microgramsPerLiter","Revesz & Coplen 2012a",,
"f4e3b042-2bf2-4536-88c9-7263172fdeb1","D08","BLWA","BLWA.AOS.buoy.c0","2018-04-17","BLWA.C0.20180417.POM.1","A00000015421","condition ok","SIRFER Lab at University of Utah","2018-08-30","ElFtGy1kV49xqNP00HfxQA==","POM","1",50,25,100,"d13C",-27.65,"perMill","Revesz & Coplen 2012a",,
"34e94c02-cec7-4029-bb92-5dac95ca4be0","D08","BLWA","BLWA.AOS.buoy.c0","2018-04-17","BLWA.C0.20180417.POM.1","A00000015421","condition ok","SIRFER Lab at University of Utah","2018-08-30","ElFtGy1kV49xqNP00HfxQA==","POM","1",50,25,100,"d15N",2.32,"perMill","Revesz & Coplen 2012a",,
