uid,domainID,siteID,namedLocation,collectDate,sampleID,sampleCode,sampleCondition,laboratoryName,analysisDate,analyzedBy,sampleType,replicate,sampleVolumeFiltered,filterSize,percentFilterAnalyzed,analyte,analyteConcentration,plantAlgaeLabUnits,method,externalRemarks,externalLabDataQF
"06eb6e6b-711e-4245-820c-e8afd92152d3","D03","BARC","BARC.AOS.buoy.c0","2017-04-05","BARC.C0.20170405.POM.2",,"condition ok","SIRFER Lab at University of Utah","2018-05-08","ElFtGy1kV49xqNP00HfxQA==","POM","1",,,100,"d15N",7.78,"perMill","Revesz & Coplen 2012a",,
"b25a4d8a-b0bd-4f73-8b22-8e95f3f01c61","D03","BARC","BARC.AOS.buoy.c0","2017-04-05","BARC.C0.20170405.POM.2",,"condition ok","SIRFER Lab at University of Utah","2018-05-08","ElFtGy1kV49xqNP00HfxQA==","POM","1",,,100,"carbon",280.47,"microgramsPerLiter","Revesz & Coplen 2012a",,
"6af5c05d-4c25-422e-8d6c-b406c9597224","D03","BARC","BARC.AOS.buoy.c0","2017-04-05","BARC.C0.20170405.POM.2",,"condition ok","SIRFER Lab at University of Utah","2018-05-08","ElFtGy1kV49xqNP00HfxQA==","POM","1",,,100,"nitrogen",29.99,"microgramsPerLiter","Revesz & Coplen 2012a",,
"6611c948-e382-481e-98d3-6c4af4e0832c","D03","BARC","BARC.AOS.buoy.c0","2017-04-05","BARC.C0.20170405.POM.2",,"condition ok","SIRFER Lab at University of Utah","2018-05-08","ElFtGy1kV49xqNP00HfxQA==","POM","1",,,100,"d13C",-28.81,"perMill","Revesz & Coplen 2012a",,
"d2a54410-4726-4608-aad9-48abd09c524b","D03","BARC","BARC.AOS.inlet","2017-04-05","BARC.IN.20170405.POM.2",,"condition ok","SIRFER Lab at University of Utah","2018-05-08","ElFtGy1kV49xqNP00HfxQA==","POM","1",,,100,"carbon",221.26,"microgramsPerLiter","Revesz & Coplen 2012a",,
"89c2c763-efdb-4cb8-8749-ba4b3fcacf58","D03","BARC","BARC.AOS.inlet","2017-04-05","BARC.IN.20170405.POM.2",,"condition ok","SIRFER Lab at University of Utah","2018-05-08","ElFtGy1kV49xqNP00HfxQA==","POM","1",,,100,"d13C",-28.74,"perMill","Revesz & Coplen 2012a",,
"590ff9dc-02b4-40f5-8df5-2d5d17569070","D03","BARC","BARC.AOS.inlet","2017-04-05","BARC.IN.20170405.POM.2",,"condition ok","SIRFER Lab at University of Utah","2018-05-08","ElFtGy1kV49xqNP00HfxQA==","POM","1",,,100,"nitrogen",21.81,"microgramsPerLiter","Revesz & Coplen 2012a",,
"b3d906e8-dbe6-413a-8d17-0218759bf18b","D03","BARC","BARC.AOS.inlet","2017-04-05","BARC.IN.20170405.POM.2",,"condition ok","SIRFER Lab at University of Utah","2018-05-08","ElFtGy1kV49xqNP00HfxQA==","POM","1",,,100,"d15N",11.82,"perMill","Revesz & Coplen 2012a",,
"f2c40ba5-2298-42f8-bc01-7840a3403848","D03","BARC","BARC.AOS.outlet","2017-04-05","BARC.OT.20170405.POM.2",,"condition ok","SIRFER Lab at University of Utah","2018-05-08","ElFtGy1kV49xqNP00HfxQA==","POM","1",,,100,"carbon",556.40,"microgramsPerLiter","Revesz & Coplen 2012a",,
"7e030407-60ce-4719-bc4b-dad379410d1d","D03","BARC","BARC.AOS.outlet","2017-04-05","BARC.OT.20170405.POM.2",,"condition ok","SIRFER Lab at University of Utah","2018-05-08","ElFtGy1kV49xqNP00HfxQA==","POM","1",,,100,"d15N",3.34,"perMill","Revesz & Coplen 2012a",,
"919216f8-b5ca-4122-a172-18c567193e45","D03","BARC","BARC.AOS.outlet","2017-04-05","BARC.OT.20170405.POM.2",,"condition ok","SIRFER Lab at University of Utah","2018-05-08","ElFtGy1kV49xqNP00HfxQA==","POM","1",,,100,"d13C",-27.77,"perMill","Revesz & Coplen 2012a",,
"4d2e9a56-3779-4b72-acd4-877381a2c1a4","D03","BARC","BARC.AOS.outlet","2017-04-05","BARC.OT.20170405.POM.2",,"condition ok","SIRFER Lab at University of Utah","2018-05-08","ElFtGy1kV49xqNP00HfxQA==","POM","1",,,100,"nitrogen",54.01,"microgramsPerLiter","Revesz & Coplen 2012a",,
