uid,domainID,siteID,namedLocation,collectDate,sampleID,sampleCode,sampleCondition,laboratoryName,analysisDate,analyzedBy,sampleType,replicate,sampleVolumeFiltered,filterSize,percentFilterAnalyzed,analyte,analyteConcentration,plantAlgaeLabUnits,method,externalRemarks,externalLabDataQF
"c41550c8-16bc-4254-bc51-ccb5b4c8a9f7","D16","MART","MART.AOS.S2","2018-01-09","MART.SS.20180109.POM.1",,"condition ok","SIRFER Lab at University of Utah","2018-07-23","ElFtGy1kV49xqNP00HfxQA==","POM","1",1500,25,100,"d15N",-5.14,"perMill","Revesz & Coplen 2012a",,
"6411702d-2825-469f-92ab-b77ac6fbc77e","D16","MART","MART.AOS.S2","2018-01-09","MART.SS.20180109.POM.1",,"condition ok","SIRFER Lab at University of Utah","2018-07-23","ElFtGy1kV49xqNP00HfxQA==","POM","1",1500,25,100,"carbon",74.31,"microgramsPerLiter","Revesz & Coplen 2012a",,
"20799781-a0a8-482f-aaf1-3130f7a85d92","D16","MART","MART.AOS.S2","2018-01-09","MART.SS.20180109.POM.1",,"condition ok","SIRFER Lab at University of Utah","2018-07-23","ElFtGy1kV49xqNP00HfxQA==","POM","1",1500,25,100,"nitrogen",3.21,"microgramsPerLiter","Revesz & Coplen 2012a",,
"59d222fd-9ee2-402c-a795-40c255e513e1","D16","MART","MART.AOS.S2","2018-01-09","MART.SS.20180109.POM.1",,"condition ok","SIRFER Lab at University of Utah","2018-07-23","ElFtGy1kV49xqNP00HfxQA==","POM","1",1500,25,100,"d13C",-28.36,"perMill","Revesz & Coplen 2012a",,
"c673d4d3-a8f5-4226-bee7-058648ce2e56","D16","MART","MART.AOS.S2","2018-01-15","MART.SS.20180115.POM.1",,"condition ok","SIRFER Lab at University of Utah","2018-07-26","ElFtGy1kV49xqNP00HfxQA==","POM","1",1500,25,100,"carbon",69.70,"microgramsPerLiter","Revesz & Coplen 2012a",,
"88956dbe-4274-41d4-91c9-4cf3fec0c847","D16","MART","MART.AOS.S2","2018-01-15","MART.SS.20180115.POM.1",,"condition ok","SIRFER Lab at University of Utah","2018-07-26","ElFtGy1kV49xqNP00HfxQA==","POM","1",1500,25,100,"d15N",4.24,"perMill","Revesz & Coplen 2012a",,
"e2df48d4-fbda-4648-836e-8ea11f95ffe9","D16","MART","MART.AOS.S2","2018-01-15","MART.SS.20180115.POM.1",,"condition ok","SIRFER Lab at University of Utah","2018-07-26","ElFtGy1kV49xqNP00HfxQA==","POM","1",1500,25,100,"d13C",-26.67,"perMill","Revesz & Coplen 2012a",,
"5f0c97c5-bf9b-4124-84a1-b1d0024f9a34","D16","MART","MART.AOS.S2","2018-01-15","MART.SS.20180115.POM.1",,"condition ok","SIRFER Lab at University of Utah","2018-07-26","ElFtGy1kV49xqNP00HfxQA==","POM","1",1500,25,100,"nitrogen",5.46,"microgramsPerLiter","Revesz & Coplen 2012a",,
