uid,domainID,siteID,namedLocation,collectDate,sampleID,sampleCode,sampleCondition,laboratoryName,analysisDate,analyzedBy,sampleType,replicate,sampleVolumeFiltered,filterSize,percentFilterAnalyzed,analyte,analyteConcentration,plantAlgaeLabUnits,method,externalRemarks,externalLabDataQF
"4e1ebfdb-94e0-4de4-9299-31d29fc58210","D02","POSE","POSE.AOS.S2","2015-12-08","POSE.SS.20151208.POM.2",,"condition ok","Academy of Natural Sciences of Drexel University","2016-09-01","OKgcKejxXbI=","13C15N","2",,,100,"d13C",-28.36,"perMill",,,
"110b12ba-61a2-4b7d-a30c-5f16761d672d","D02","POSE","POSE.AOS.S2","2015-12-08","POSE.SS.20151208.POM.2",,"condition ok","Academy of Natural Sciences of Drexel University","2016-09-01","OKgcKejxXbI=","13C15N","2",,,100,"d15N",4.30,"perMill",,,
"df9050a2-c28a-4f54-b71e-1a76fda93b07","D02","POSE","POSE.AOS.S2","2015-12-08","POSE.SS.20151208.POM.1",,"other","Academy of Natural Sciences of Drexel University","2016-08-29","OKgcKejxXbI=","13C15N","1",,,100,"d13C",,"perMill",,"not enough sample for analysis",
"275230eb-3812-4c27-b09d-9ad91fe317b4","D02","POSE","POSE.AOS.S2","2015-12-08","POSE.SS.20151208.POM.1",,"other","Academy of Natural Sciences of Drexel University","2016-08-29","OKgcKejxXbI=","13C15N","1",,,100,"d15N",,"perMill",,"not enough sample for analysis",
"e9fbcfb8-0357-4e43-bd3a-d42c94f01dfe","D02","POSE","POSE.AOS.S2","2015-12-08","POSE.SS.20151208.POM.1",,"other","Academy of Natural Sciences of Drexel University","2016-08-29","OKgcKejxXbI=","13C15N","1",600,25,100,"d15N",,"perMill",,"not enough sample for analysis","Audit Failed. Document: A00036_DREX_AlgalChem_DocAudit_20170407.pdf & A00036_DREX_AlgalChem_VisitAudit_20170407.pdf"
"1bbe7eb8-8b50-416b-a8e3-98bb9be5fca6","D02","POSE","POSE.AOS.S2","2015-12-08","POSE.SS.20151208.POM.2",,"condition ok","Academy of Natural Sciences of Drexel University","2016-09-01","OKgcKejxXbI=","13C15N","2",600,25,100,"d15N",4.30,"perMill",,,"Audit Failed. Document: A00036_DREX_AlgalChem_DocAudit_20170407.pdf & A00036_DREX_AlgalChem_VisitAudit_20170407.pdf"
"4640b05e-fcc9-4984-bd46-391480588efd","D02","POSE","POSE.AOS.S2","2015-12-08","POSE.SS.20151208.POM.2",,"condition ok","Academy of Natural Sciences of Drexel University","2016-09-01","OKgcKejxXbI=","13C15N","2",600,25,100,"d13C",-28.36,"perMill",,,"Audit Failed. Document: A00036_DREX_AlgalChem_DocAudit_20170407.pdf & A00036_DREX_AlgalChem_VisitAudit_20170407.pdf"
"d9e39819-09af-4ae5-90d4-a0dfbe75a614","D02","POSE","POSE.AOS.S2","2015-12-08","POSE.SS.20151208.POM.1",,"other","Academy of Natural Sciences of Drexel University","2016-08-29","OKgcKejxXbI=","13C15N","1",600,25,100,"d13C",,"perMill",,"not enough sample for analysis","Audit Failed. Document: A00036_DREX_AlgalChem_DocAudit_20170407.pdf & A00036_DREX_AlgalChem_VisitAudit_20170407.pdf"
"146a1e3e-16b1-497c-9582-307e05cb9bbb","D02","POSE","POSE.AOS.S2","2015-12-15","POSE.SS.20151215.POM.1",,"condition ok","Academy of Natural Sciences of Drexel University","2016-08-29","OKgcKejxXbI=","13C15N","1",,,100,"d15N",4.93,"perMill",,,
"3756ad2a-a087-4171-9aef-d007bad8a90c","D02","POSE","POSE.AOS.S2","2015-12-15","POSE.SS.20151215.POM.1",,"condition ok","Academy of Natural Sciences of Drexel University","2016-08-29","OKgcKejxXbI=","13C15N","1",,,100,"d13C",-27.99,"perMill",,,
"5fba787d-aa6d-474e-afe7-a1f1ee81707e","D02","POSE","POSE.AOS.S2","2015-12-15","POSE.SS.20151215.POM.2",,"condition ok","Academy of Natural Sciences of Drexel University","2016-09-01","OKgcKejxXbI=","13C15N","2",,,100,"d13C",-28.47,"perMill",,,
"c9451c6a-f926-4d08-8100-a3a2afa9b92c","D02","POSE","POSE.AOS.S2","2015-12-15","POSE.SS.20151215.POM.2",,"condition ok","Academy of Natural Sciences of Drexel University","2016-09-01","OKgcKejxXbI=","13C15N","2",,,100,"d15N",3.54,"perMill",,,
"dda6cb81-b009-4327-96b0-e62c73f01fe4","D02","POSE","POSE.AOS.S2","2015-12-15","POSE.SS.20151215.POM.2",,"condition ok","Academy of Natural Sciences of Drexel University","2016-09-01","OKgcKejxXbI=","13C15N","2",400,25,100,"d13C",-28.47,"perMill",,,"Audit Failed. Document: A00036_DREX_AlgalChem_DocAudit_20170407.pdf & A00036_DREX_AlgalChem_VisitAudit_20170407.pdf"
"a46d7741-9693-46c8-9465-311b1ac868a4","D02","POSE","POSE.AOS.S2","2015-12-15","POSE.SS.20151215.POM.2",,"condition ok","Academy of Natural Sciences of Drexel University","2016-09-01","OKgcKejxXbI=","13C15N","2",400,25,100,"d15N",3.54,"perMill",,,"Audit Failed. Document: A00036_DREX_AlgalChem_DocAudit_20170407.pdf & A00036_DREX_AlgalChem_VisitAudit_20170407.pdf"
"4908dfc2-101e-4bec-b097-d710bf7fa48e","D02","POSE","POSE.AOS.S2","2015-12-15","POSE.SS.20151215.POM.1",,"condition ok","Academy of Natural Sciences of Drexel University","2016-08-29","OKgcKejxXbI=","13C15N","1",400,25,100,"d13C",-27.99,"perMill",,,"Audit Failed. Document: A00036_DREX_AlgalChem_DocAudit_20170407.pdf & A00036_DREX_AlgalChem_VisitAudit_20170407.pdf"
"015c996d-6424-4e13-a887-eabef739d24b","D02","POSE","POSE.AOS.S2","2015-12-15","POSE.SS.20151215.POM.1",,"condition ok","Academy of Natural Sciences of Drexel University","2016-08-29","OKgcKejxXbI=","13C15N","1",400,25,100,"d15N",4.93,"perMill",,,"Audit Failed. Document: A00036_DREX_AlgalChem_DocAudit_20170407.pdf & A00036_DREX_AlgalChem_VisitAudit_20170407.pdf"
