uid,domainID,siteID,namedLocation,collectDate,sampleID,sampleCode,sampleCondition,laboratoryName,analysisDate,analyzedBy,sampleType,replicate,sampleVolumeFiltered,filterSize,percentFilterAnalyzed,analyte,analyteConcentration,plantAlgaeLabUnits,method,externalRemarks,externalLabDataQF
"e402f6b8-2d42-4912-9f0c-79e81a83117b","D09","PRPO","PRPO.AOS.inlet","2015-06-02","PRPO.IN.20150602.POM.1",,"other","Academy of Natural Sciences of Drexel University","2017-01-31","OKgcKejxXbI=","13C15N","1",,,100,"d13C",-29.16,"perMill",,"Filter stained blue",
"44c1919f-dbec-4358-9861-3233720672c3","D09","PRPO","PRPO.AOS.inlet","2015-06-02","PRPO.IN.20150602.POM.2",,"other","Academy of Natural Sciences of Drexel University","2017-05-17","OKgcKejxXbI=","13C15N","2",,,100,"d13C",-29.54,"perMill",,"Filter stained blue",
"b45a639b-6b3e-4845-a585-845e875174ba","D09","PRPO","PRPO.AOS.inlet","2015-06-02","PRPO.IN.20150602.POM.2",,"other","Academy of Natural Sciences of Drexel University","2017-05-17","OKgcKejxXbI=","13C15N","2",,,100,"d15N",5.29,"perMill",,"Filter stained blue",
"d4d5cccd-8cf4-40d4-bbd3-dea8a544458d","D09","PRPO","PRPO.AOS.inlet","2015-06-02","PRPO.IN.20150602.POM.1",,"other","Academy of Natural Sciences of Drexel University","2017-01-31","OKgcKejxXbI=","13C15N","1",,,100,"d15N",3.92,"perMill",,"Filter stained blue",
"c8a25782-7a87-4980-b9b4-7fe2572817e7","D09","PRPO","PRPO.AOS.buoy.c0","2015-06-02","PRPO.C0.20150602.POM.2",,"other","Academy of Natural Sciences of Drexel University","2017-05-17","OKgcKejxXbI=","13C15N","2",,,100,"d15N",3.55,"perMill",,"Difference in volume filtered, filter stained blue and folded poorly which led to spillage",
"97bfc11e-31f7-46e7-9f63-c590ad8caba8","D09","PRPO","PRPO.AOS.buoy.c0","2015-06-02","PRPO.C0.20150602.POM.1",,"other","Academy of Natural Sciences of Drexel University","2017-01-31","OKgcKejxXbI=","13C15N","1",,,100,"d15N",5.78,"perMill",,"Difference in volume filtered, filter stained blue and folded poorly which led to spillage",
"641580f7-2aac-4809-9093-33a1d079e3fe","D09","PRPO","PRPO.AOS.buoy.c0","2015-06-02","PRPO.C0.20150602.POM.1",,"other","Academy of Natural Sciences of Drexel University","2017-01-31","OKgcKejxXbI=","13C15N","1",,,100,"d13C",-29.35,"perMill",,"Difference in volume filtered, filter stained blue and folded poorly which led to spillage",
"e1349c3d-059a-4360-a108-0cd99a906ded","D09","PRPO","PRPO.AOS.buoy.c0","2015-06-02","PRPO.C0.20150602.POM.2",,"other","Academy of Natural Sciences of Drexel University","2017-05-17","OKgcKejxXbI=","13C15N","2",,,100,"d13C",-29.58,"perMill",,"Difference in volume filtered, filter stained blue and folded poorly which led to spillage",
"72f9bf2c-ad98-4f3a-9128-e0d7c726bd6f","D09","PRPO","PRPO.AOS.outlet","2015-06-02","PRPO.OT.20150602.POM.1",,"condition ok","Academy of Natural Sciences of Drexel University","2017-01-31","OKgcKejxXbI=","13C15N","1",,,100,"d13C",-29.31,"perMill",,,
"273f3cdb-85f4-46b8-838e-2563509edfe1","D09","PRPO","PRPO.AOS.outlet","2015-06-02","PRPO.OT.20150602.POM.2",,"condition ok","Academy of Natural Sciences of Drexel University","2017-05-17","OKgcKejxXbI=","13C15N","2",,,100,"d15N",4.99,"perMill",,,
"c3ad2c68-4bcd-4890-bf1a-6b6c720f15b0","D09","PRPO","PRPO.AOS.outlet","2015-06-02","PRPO.OT.20150602.POM.2",,"condition ok","Academy of Natural Sciences of Drexel University","2017-05-17","OKgcKejxXbI=","13C15N","2",,,100,"d13C",-28.69,"perMill",,,
"02b98052-5b8c-4464-b85f-20137e0fce80","D09","PRPO","PRPO.AOS.outlet","2015-06-02","PRPO.OT.20150602.POM.1",,"condition ok","Academy of Natural Sciences of Drexel University","2017-01-31","OKgcKejxXbI=","13C15N","1",,,100,"d15N",3.32,"perMill",,,
