uid,domainID,siteID,namedLocation,collectDate,sampleID,sampleCode,sampleCondition,laboratoryName,analysisDate,analyzedBy,sampleType,replicate,sampleVolumeFiltered,filterSize,percentFilterAnalyzed,analyte,analyteConcentration,plantAlgaeLabUnits,method,externalRemarks,externalLabDataQF
"22318420-0d9a-4ec1-b592-b543c5555c04","D07","WALK","WALK.AOS.S2","2017-02-13","WALK.SS.20170213.POM.2",,"other","Academy of Natural Sciences of Drexel University","2017-06-14","OKgcKejxXbI=","13C15N","2",,,100,"d15N",,"perMill",,"analysis corrupted during run",
"c23e58d3-33cb-44ae-b023-8c93004f15a4","D07","WALK","WALK.AOS.S2","2017-02-13","WALK.SS.20170213.POM.1",,"condition ok","Academy of Natural Sciences of Drexel University","2017-05-25","OKgcKejxXbI=","13C15N","1",,,100,"d13C",-29.16,"perMill",,,
"1b263f7f-e4c1-49b0-9950-6144df8e45a3","D07","WALK","WALK.AOS.S2","2017-02-13","WALK.SS.20170213.POM.2",,"other","Academy of Natural Sciences of Drexel University","2017-06-14","OKgcKejxXbI=","13C15N","2",,,100,"d13C",,"perMill",,"analysis corrupted during run",
"0b5ed5e4-d7ac-4bdd-ac0c-ed51062347d0","D07","WALK","WALK.AOS.S2","2017-02-13","WALK.SS.20170213.POM.1",,"condition ok","Academy of Natural Sciences of Drexel University","2017-05-25","OKgcKejxXbI=","13C15N","1",,,100,"d15N",-1.94,"perMill",,,
"0fef6137-c644-4c1e-a771-4d990dbbed1f","D07","WALK","WALK.AOS.S2","2017-02-21","WALK.SS.20170221.POM.1",,"condition ok","Academy of Natural Sciences of Drexel University","2017-05-25","OKgcKejxXbI=","13C15N","1",,,100,"d13C",-29.57,"perMill",,,
"604415dc-d60c-49fc-95b5-35eed6ab5f31","D07","WALK","WALK.AOS.S2","2017-02-21","WALK.SS.20170221.POM.2",,"other","Academy of Natural Sciences of Drexel University","2017-06-14","OKgcKejxXbI=","13C15N","2",,,100,"d13C",,"perMill",,"analysis corrupted during run",
"8aada551-8d8f-4c41-b013-fc1689135c85","D07","WALK","WALK.AOS.S2","2017-02-21","WALK.SS.20170221.POM.2",,"other","Academy of Natural Sciences of Drexel University","2017-06-14","OKgcKejxXbI=","13C15N","2",,,100,"d15N",,"perMill",,"analysis corrupted during run",
"8a1ae6bf-8290-47a4-b555-8c8217d72d88","D07","WALK","WALK.AOS.S2","2017-02-21","WALK.SS.20170221.POM.1",,"condition ok","Academy of Natural Sciences of Drexel University","2017-05-25","OKgcKejxXbI=","13C15N","1",,,100,"d15N",-4.05,"perMill",,,
"325b0fff-f40f-445b-bb4f-31073812be37","D07","WALK","WALK.AOS.S2","2017-02-27","WALK.SS.20170227.POM.1",,"condition ok","Academy of Natural Sciences of Drexel University","2017-05-25","OKgcKejxXbI=","13C15N","1",,,100,"d13C",-28.64,"perMill",,,
"cbd114d9-5887-41b2-8a8b-87d08359d804","D07","WALK","WALK.AOS.S2","2017-02-27","WALK.SS.20170227.POM.2",,"other","Academy of Natural Sciences of Drexel University","2017-06-14","OKgcKejxXbI=","13C15N","2",,,100,"d15N",,"perMill",,"analysis corrupted during run",
"6a3cfef0-a74c-4ef2-b6e0-f0ba9ea617ff","D07","WALK","WALK.AOS.S2","2017-02-27","WALK.SS.20170227.POM.2",,"other","Academy of Natural Sciences of Drexel University","2017-06-14","OKgcKejxXbI=","13C15N","2",,,100,"d13C",,"perMill",,"analysis corrupted during run",
"0933e4e3-54e6-4e83-9466-cfcd9f373ef9","D07","WALK","WALK.AOS.S2","2017-02-27","WALK.SS.20170227.POM.1",,"condition ok","Academy of Natural Sciences of Drexel University","2017-05-25","OKgcKejxXbI=","13C15N","1",,,100,"d15N",12.84,"perMill",,,
