uid,domainID,siteID,namedLocation,collectDate,analysisDate,isotopeH2OSampleID,isotopeH2OSampleCode,instrumentSN,d18OWater,d2HWater,d18OsdWater,d2HsdWater,isotopeH2OExternalLabQF,laboratoryName,analyzedBy,sampleCondition,externalRemarks,externalLabDataQF
"613bdd8e-e28b-41bf-9f01-d8c5fc21b80b","D07","WALK","WALK.AOS.S2","2016-03-01","2016-09-09","WALK.SS.20160301.H2O.1",,"HIDS2052",-6.35,-36.04,0.03,0.06,0,"SIRFER Lab at University of Utah","OlSmE6RRn5QQH8tvUHmK5i/poYiQr6sd","OK",,
"7496a908-b86b-4e2f-91d4-e37dcba73708","D07","WALK","WALK.AOS.S2","2016-03-08","2016-09-09","WALK.SS.20160308.H2O.1",,"HIDS2052",-6.21,-35.45,0.03,0.21,0,"SIRFER Lab at University of Utah","OlSmE6RRn5QQH8tvUHmK5i/poYiQr6sd","OK",,
"78140aac-0fed-4e0c-b412-58bcad446adc","D07","WALK","WALK.AOS.S2","2016-03-14","2016-09-09","WALK.SS.20160314.H2O.1",,"HIDS2052",-5.98,-35.19,0.04,0.02,0,"SIRFER Lab at University of Utah","OlSmE6RRn5QQH8tvUHmK5i/poYiQr6sd","OK",,
"975c368d-06c7-4027-bec4-a738e58980e3","D07","WALK","WALK.AOS.S2","2016-03-29","2016-09-09","WALK.SS.20160329.H2O.1",,"HIDS2052",-5.82,-34.60,0.03,0.13,0,"SIRFER Lab at University of Utah","OlSmE6RRn5QQH8tvUHmK5i/poYiQr6sd","OK",,
