uid,domainID,siteID,namedLocation,collectDate,sampleID,sampleCode,sampleCondition,laboratoryName,analysisDate,analyzedBy,sampleType,replicate,sampleVolumeFiltered,filterSize,percentFilterAnalyzed,analyte,analyteConcentration,plantAlgaeLabUnits,method,externalRemarks,externalLabDataQF
"1ea83b2a-e0e4-4dff-b657-f4a12da8f13c","D07","WALK","WALK.AOS.S2","2016-03-01","WALK.SS.20160301.POM.2",,"other","Academy of Natural Sciences of Drexel University","2016-08-29","OKgcKejxXbI=","13C15N","2",,,100,"d15N",2.98,"perMill",,"Sample stored longer than 2 months",
"8025848c-39eb-48d9-9460-644d403973a8","D07","WALK","WALK.AOS.S2","2016-03-01","WALK.SS.20160301.POM.1",,"other","Academy of Natural Sciences of Drexel University","2016-08-29","OKgcKejxXbI=","13C15N","1",,,100,"d15N",4.06,"perMill",,"Sample stored longer than 2 months",
"479a52a7-854b-4163-9f35-68a7bbfdab26","D07","WALK","WALK.AOS.S2","2016-03-01","WALK.SS.20160301.POM.1",,"other","Academy of Natural Sciences of Drexel University","2016-09-06","OKgcKejxXbI=","13C15N","1",,,100,"d13C",-29.76,"perMill",,"Sample stored longer than 2 months",
"4276d068-61fc-4b6c-872a-a24a13b12553","D07","WALK","WALK.AOS.S2","2016-03-01","WALK.SS.20160301.POM.2",,"other","Academy of Natural Sciences of Drexel University","2016-09-06","OKgcKejxXbI=","13C15N","2",,,100,"d13C",-28.43,"perMill",,"Sample stored longer than 2 months",
"4e95520d-5631-4018-99b0-4cae2cc787a6","D07","WALK","WALK.AOS.S2","2016-03-08","WALK.SS.20160308.POM.2",,"other","Academy of Natural Sciences of Drexel University","2016-08-29","OKgcKejxXbI=","13C15N","2",,,100,"d15N",0.89,"perMill",,"Sample stored longer than 2 months",
"b60b4657-6174-4f40-ab8f-a245c5837413","D07","WALK","WALK.AOS.S2","2016-03-08","WALK.SS.20160308.POM.1",,"other","Academy of Natural Sciences of Drexel University","2016-08-29","OKgcKejxXbI=","13C15N","1",,,100,"d13C",-28.35,"perMill",,"Sample stored longer than 2 months",
"6c9993f7-49b7-436a-8c31-fd02c2621481","D07","WALK","WALK.AOS.S2","2016-03-08","WALK.SS.20160308.POM.1",,"other","Academy of Natural Sciences of Drexel University","2016-08-29","OKgcKejxXbI=","13C15N","1",,,100,"d15N",2.62,"perMill",,"Sample stored longer than 2 months",
"300c4253-29f4-4c29-bb77-33eaa539437b","D07","WALK","WALK.AOS.S2","2016-03-08","WALK.SS.20160308.POM.2",,"other","Academy of Natural Sciences of Drexel University","2016-08-29","OKgcKejxXbI=","13C15N","2",,,100,"d13C",-28.66,"perMill",,"Sample stored longer than 2 months",
"2936aa12-0914-4645-8b83-02ea15ee69bc","D07","WALK","WALK.AOS.S2","2016-03-14","WALK.SS.20160314.POM.1",,"condition ok","Academy of Natural Sciences of Drexel University","2016-09-06","OKgcKejxXbI=","13C15N","1",,,100,"d13C",-30.35,"perMill",,"Difference in volume filtered",
"e3143c69-0f29-4e5b-b60f-fde2c82e61b3","D07","WALK","WALK.AOS.S2","2016-03-14","WALK.SS.20160314.POM.1",,"condition ok","Academy of Natural Sciences of Drexel University","2016-08-29","OKgcKejxXbI=","13C15N","1",,,100,"d15N",3.95,"perMill",,"Difference in volume filtered",
"56e75150-8f0d-479b-8c93-2a08d91aa091","D07","WALK","WALK.AOS.S2","2016-03-14","WALK.SS.20160314.POM.2",,"condition ok","Academy of Natural Sciences of Drexel University","2016-08-29","OKgcKejxXbI=","13C15N","2",,,100,"d15N",5.03,"perMill",,"Difference in volume filtered",
"c4067119-ba07-464f-9314-7ed5c147ec77","D07","WALK","WALK.AOS.S2","2016-03-14","WALK.SS.20160314.POM.2",,"condition ok","Academy of Natural Sciences of Drexel University","2016-09-06","OKgcKejxXbI=","13C15N","2",,,100,"d13C",-28.40,"perMill",,"Difference in volume filtered",
"7453cd4d-1383-4108-bcfb-11400bf0c012","D07","WALK","WALK.AOS.S2","2016-03-29","WALK.SS.20160329.POM.1",,"other","Academy of Natural Sciences of Drexel University","2016-09-06","OKgcKejxXbI=","13C15N","1",,,100,"d13C",-29.54,"perMill",,"Filtered 12.5 hours after collection",
"2482b641-980b-4fc7-ba84-8d1467b8afba","D07","WALK","WALK.AOS.S2","2016-03-29","WALK.SS.20160329.POM.2",,"other","Academy of Natural Sciences of Drexel University","2016-09-06","OKgcKejxXbI=","13C15N","2",,,100,"d13C",-27.87,"perMill",,"Filtered 12.5 hours after collection",
"6ddcfac5-551b-4842-8017-ba94eb6bbae2","D07","WALK","WALK.AOS.S2","2016-03-29","WALK.SS.20160329.POM.2",,"other","Academy of Natural Sciences of Drexel University","2016-08-29","OKgcKejxXbI=","13C15N","2",,,100,"d15N",4.23,"perMill",,"Filtered 12.5 hours after collection",
"ca189483-7b75-4bfb-b740-74469729b6d7","D07","WALK","WALK.AOS.S2","2016-03-29","WALK.SS.20160329.POM.1",,"other","Academy of Natural Sciences of Drexel University","2016-08-29","OKgcKejxXbI=","13C15N","1",,,100,"d15N",3.09,"perMill",,"Filtered 12.5 hours after collection",
