uid,domainID,siteID,namedLocation,collectDate,parentSampleID,parentSampleCode,isotopeH2OSampleCond,isotopeH2OSampleID,isotopeH2OSampleCode,isotopePOMRep2SampleCond,isotopePOMRep2SampleID,isotopePOMRep2SampleCode,isotopePOMSampleCond,isotopePOMSampleID,isotopePOMSampleCode,processedDateFilters,processedDateH2OIsotopes,sampleVolumeFilteredPOMRep1,sampleVolumeFilteredPOMRep2,fieldDataQF
"9cea5c79-9045-4182-84d7-5fcdbee6c01c","D07","WALK","WALK.AOS.S2","2016-03-01T16:30Z","WALK.SS.20160301",,,"WALK.SS.20160301.H2O.1",,,"WALK.SS.20160301.POM.2",,,"WALK.SS.20160301.POM.1",,"2016-03-01T19:00Z","2016-03-01T19:00Z",1000,1000,
"c5c0369e-b148-4db8-b39f-7dab2d2046d3","D07","WALK","WALK.AOS.S2","2016-03-08T13:45Z","WALK.SS.20160308",,,"WALK.SS.20160308.H2O.1",,,"WALK.SS.20160308.POM.2",,,"WALK.SS.20160308.POM.1",,"2016-03-08T15:00Z","2016-03-08T15:00Z",1200,1200,
"767ae073-2969-4874-b535-7cf89fa90f3e","D07","WALK","WALK.AOS.S2","2016-03-14T14:45Z","WALK.SS.20160314",,,"WALK.SS.20160314.H2O.1",,,"WALK.SS.20160314.POM.2",,,"WALK.SS.20160314.POM.1",,"2016-03-14T15:30Z","2016-03-14T15:30Z",600,700,
"75ff11c0-7e61-4f18-8fc8-e777a80380ef","D07","WALK","WALK.AOS.S2","2016-03-29T21:00Z","WALK.SS.20160329",,"Sample condition ok","WALK.SS.20160329.H2O.1",,"Sample condition ok","WALK.SS.20160329.POM.2",,"Sample condition ok","WALK.SS.20160329.POM.1",,"2017-09-11T16:00Z","2016-03-30T10:45Z",600,600,
