uid,domainID,siteID,namedLocation,decimalLatitude,decimalLongitude,coordinateUncertainty,additionalCoordUncertainty,elevation,elevationUncertainty,geodeticDatum,altLocation,altLatitude,altLongitude,altCoordinateUncertainty,altGeodeticDatum,collectDate,aquaticSiteType,samplingImpractical,parentSampleID,parentSampleCode,eventID,samplerType,dissolvedOxygen,dissolvedOxygenSaturation,specificConductance,waterTemp,asiSamplingProtocolVersion,lowerSegmentDepth,upperSegmentDepth,maxDepth,lakeSampleDepth1,lakeSampleDepth2,aCollectedBy,bCollectedBy,remarks,fieldDataQF
"6dad1edb-394a-49ce-a82b-1dbcb95094d8","D07","WALK","WALK.AOS.S2",35.957219,-84.279211,0.3,10.0,261.7,0.3,"WGS84",,,,,,"2016-03-01T16:30Z","stream",,"WALK.SS.20160301",,"WALK.20160301","Grab",,,,,"NEON.DOC.001886vD",,,,,,"abradner@neoninc.org","abradner@neoninc.org",,
"1d4bd119-3308-4887-8ba3-f175dfe2c6d7","D07","WALK","WALK.AOS.S2",35.957219,-84.279211,0.3,10.0,261.7,0.3,"WGS84",,,,,,"2016-03-08T13:45Z","stream",,"WALK.SS.20160308",,"WALK.20160308","Grab",11.01,98.90,168.60,10.70,"NEON.DOC.001886vD",,,,,,"abradner@neoninc.org","pharnage@neoninc.org","No lab for SWC| not filtering for PCN",
"31435b40-eb43-4a18-9460-8e9f2679ba1d","D07","WALK","WALK.AOS.S2",35.957219,-84.279211,0.3,10.0,261.7,0.3,"WGS84",,,,,,"2016-03-14T14:45Z","stream",,"WALK.SS.20160314",,"WALK.20160314","Grab",10.54,100.90,184.40,13.40,"NEON.DOC.001886vD",,,,,,"abradner@neoninc.org","pharnage@neoninc.org","No lab for SWC| not filtering for PCN",
"f6dfa391-0605-4049-a8e7-02038b6878ad","D07","WALK","WALK.AOS.S2",35.957219,-84.279211,0.3,10.0,261.7,0.3,"WGS84",,,,,,"2016-03-29T21:00Z","stream",,"WALK.SS.20160329",,"WALK.20160329","Grab",10.71,104.80,145.60,14.40,"NEON.DOC.001886vD",,,,,,"abradner@battelleecology.org","pharnage@battelleecology.org",,
