uid,domainID,siteID,namedLocation,collectDate,parentSampleID,parentSampleCode,isotopeH2OSampleCond,isotopeH2OSampleID,isotopeH2OSampleCode,isotopePOMRep2SampleCond,isotopePOMRep2SampleID,isotopePOMRep2SampleCode,isotopePOMSampleCond,isotopePOMSampleID,isotopePOMSampleCode,processedDateFilters,processedDateH2OIsotopes,sampleVolumeFilteredPOMRep1,sampleVolumeFilteredPOMRep2,fieldDataQF
"2ca30880-cf34-4e7e-a3a6-0bf2b715a407","D06","KING","KING.AOS.S2","2019-06-03T17:08Z","KING.SS.20190603",,"Sample condition ok","KING.SS.20190603.H2O.1","A00000043205","Sample condition ok","KING.SS.20190603.POM.2","A00000043210","Sample condition ok","KING.SS.20190603.POM.1","A00000043209","2019-06-03T18:46Z","2019-06-03T17:21Z",1650,1650,
"b85b5f99-4a6b-4878-8255-d6d3e0793680","D06","KING","KING.AOS.S2","2019-06-05T17:28Z","KING.SS.20190605",,"Sample condition ok","KING.SS.20190605.H2O.1","A00000043193","Sample condition ok","KING.SS.20190605.POM.2","A00000043188","Sample condition ok","KING.SS.20190605.POM.1","A00000043189","2019-06-05T18:17Z","2019-06-05T18:41Z",2000,2000,
"80cbda6d-9ffa-43e6-a80c-4d7e71705e91","D06","KING","KING.AOS.S2","2019-06-10T18:08Z","KING.SS.20190610",,"Sample condition ok","KING.SS.20190610.H2O.1","A00000043185","Sample condition ok","KING.SS.20190610.POM.2","A00000043178","Sample condition ok","KING.SS.20190610.POM.1","A00000043179","2019-06-10T19:00Z","2019-06-10T19:16Z",2000,2000,
"0dd17cae-441d-4401-b262-f56e15feaf5f","D06","KING","KING.AOS.S2","2019-06-18T14:20Z","KING.SS.20190618",,"Sample condition ok","KING.SS.20190618.H2O.1","A00000043170","Sample condition ok","KING.SS.20190618.POM.2","A00000043167","Sample condition ok","KING.SS.20190618.POM.1","A00000043168","2019-06-18T15:21Z","2019-06-18T15:50Z",2000,2000,
