uid,domainID,siteID,namedLocation,collectDate,analysisDate,isotopeH2OSampleID,isotopeH2OSampleCode,instrumentSN,d18OWater,d2HWater,d18OsdWater,d2HsdWater,isotopeH2OExternalLabQF,laboratoryName,analyzedBy,sampleCondition,externalRemarks,externalLabDataQF
"1b599648-9a00-448a-9bb6-6d0274aa9897","D06","KING","KING.AOS.S2","2019-06-03","2019-07-29","KING.SS.20190603.H2O.1","A00000043205","HIDS2052",-6.49,-41.81,0.04,0.08,0,"SIRFER Lab at University of Utah","OlSmE6RRn5QQH8tvUHmK5i/poYiQr6sd","OK",,
"3cbc5722-b083-40f7-bbfc-412dbc59eedb","D06","KING","KING.AOS.S2","2019-06-05","2019-07-29","KING.SS.20190605.H2O.1","A00000043193","HIDS2052",-6.46,-41.70,0.03,0.11,0,"SIRFER Lab at University of Utah","OlSmE6RRn5QQH8tvUHmK5i/poYiQr6sd","OK",,
"6ca10aab-b95c-41ae-8cc3-dd99df4add59","D06","KING","KING.AOS.S2","2019-06-10","2019-07-29","KING.SS.20190610.H2O.1","A00000043185","HIDS2052",-6.43,-41.26,0.06,0.34,0,"SIRFER Lab at University of Utah","OlSmE6RRn5QQH8tvUHmK5i/poYiQr6sd","OK",,
"34189e17-74f2-4d2c-aef8-2b0f9cde0b57","D06","KING","KING.AOS.S2","2019-06-18","2019-07-29","KING.SS.20190618.H2O.1","A00000043170","HIDS2052",-6.39,-40.95,0.01,0.14,0,"SIRFER Lab at University of Utah","OlSmE6RRn5QQH8tvUHmK5i/poYiQr6sd","OK",,
