uid,domainID,siteID,namedLocation,decimalLatitude,decimalLongitude,coordinateUncertainty,additionalCoordUncertainty,elevation,elevationUncertainty,geodeticDatum,altLocation,altLatitude,altLongitude,altCoordinateUncertainty,altGeodeticDatum,collectDate,aquaticSiteType,samplingImpractical,parentSampleID,parentSampleCode,eventID,samplerType,dissolvedOxygen,dissolvedOxygenSaturation,specificConductance,waterTemp,asiSamplingProtocolVersion,lowerSegmentDepth,upperSegmentDepth,maxDepth,lakeSampleDepth1,lakeSampleDepth2,aCollectedBy,bCollectedBy,remarks,fieldDataQF
"664c9c12-4454-4b96-8a09-11d338ba4d3a","D06","KING","KING.AOS.S2",39.105069,-96.603387,0.1,10.0,324.9,0.1,"WGS84",,,,,,"2019-06-03T17:08Z","stream",,"KING.SS.20190603",,"KING.20190603","Grab",12.18,128.60,576.00,16.20,"NEON.DOC.001886vF",,,,,,"0000-0001-9594-9689","0000-0003-1449-7081",,
"9271819f-8f52-4910-92af-e0934e310e0c","D06","KING","KING.AOS.S2",39.105069,-96.603387,0.1,10.0,324.9,0.1,"WGS84",,,,,,"2019-06-05T17:28Z","stream",,"KING.SS.20190605",,"KING.20190605","Grab",12.21,133.20,585.00,17.40,"NEON.DOC.001886vF",,,,,,"0000-0001-9594-9689","0000-0003-1449-7081",,
"242c208b-b292-4890-9c7d-2a11eb1103e5","D06","KING","KING.AOS.S2",39.105069,-96.603387,0.1,10.0,324.9,0.1,"WGS84",,,,,,"2019-06-10T18:08Z","stream",,"KING.SS.20190610",,"KING.20190610","Grab",9.56,98.30,598.00,15.60,"NEON.DOC.001886vF",,,,,,"0000-0001-9594-9689","0000-0003-4984-7205",,
"f363c300-1c26-408e-b564-aa40b0d505bc","D06","KING","KING.AOS.S2",39.105069,-96.603387,0.1,10.0,324.9,0.1,"WGS84",,,,,,"2019-06-17T17:00Z","stream","other","KING.SS.20190617",,"KING.20190617","Grab",,,,,"NEON.DOC.001886vF",,,,,,"0000-0001-9594-9689","0000-0003-1449-7081","missed bout due to flooding",
"775099e1-7376-4c50-9db5-65e7db92144a","D06","KING","KING.AOS.S2",39.105069,-96.603387,0.1,10.0,324.9,0.1,"WGS84",,,,,,"2019-06-18T14:20Z","stream",,"KING.SS.20190618",,"KING.20190618","Grab",8.18,86.70,624.00,16.20,"NEON.DOC.001886vF",,,,,,"0000-0003-1449-7081","0000-0001-9594-9689",,
