uid,domainID,siteID,namedLocation,collectDate,sampleID,sampleCode,sampleCondition,laboratoryName,analysisDate,analyzedBy,sampleType,replicate,sampleVolumeFiltered,filterSize,percentFilterAnalyzed,analyte,analyteConcentration,plantAlgaeLabUnits,method,externalRemarks,externalLabDataQF
"7856bb18-7a89-4154-b9f2-a90ecc342219","D09","PRPO","PRPO.AOS.inlet","2016-10-18","PRPO.IN.20161018.POM.2",,"condition ok","Academy of Natural Sciences of Drexel University","2017-06-01","OKgcKejxXbI=","13C15N","2",,,100,"d15N",6.10,"perMill",,,
"bd05175e-8439-4974-a99e-a1a28cdbc7e9","D09","PRPO","PRPO.AOS.inlet","2016-10-18","PRPO.IN.20161018.POM.1",,"condition ok","Academy of Natural Sciences of Drexel University","2017-04-03","OKgcKejxXbI=","13C15N","1",,,100,"d13C",-27.69,"perMill",,,
"ee2b7525-e51d-4e30-b66a-b3320338d20a","D09","PRPO","PRPO.AOS.inlet","2016-10-18","PRPO.IN.20161018.POM.2",,"condition ok","Academy of Natural Sciences of Drexel University","2017-06-01","OKgcKejxXbI=","13C15N","2",,,100,"d13C",-28.62,"perMill",,,
"56c42948-e737-4442-871c-6d97f54de894","D09","PRPO","PRPO.AOS.inlet","2016-10-18","PRPO.IN.20161018.POM.1",,"condition ok","Academy of Natural Sciences of Drexel University","2017-04-03","OKgcKejxXbI=","13C15N","1",,,100,"d15N",6.47,"perMill",,,
"fe7e2fda-3305-4067-8eb3-88fac981d414","D09","PRPO","PRPO.AOS.buoy.c0","2016-10-18","PRPO.C0.20161018.POM.2",,"condition ok","Academy of Natural Sciences of Drexel University","2017-06-01","OKgcKejxXbI=","13C15N","2",,,100,"d15N",6.10,"perMill",,,
"1c0e2574-5d53-4400-bf06-364730fef182","D09","PRPO","PRPO.AOS.buoy.c0","2016-10-18","PRPO.C0.20161018.POM.1",,"condition ok","Academy of Natural Sciences of Drexel University","2017-04-03","OKgcKejxXbI=","13C15N","1",,,100,"d15N",6.24,"perMill",,,
"e1cec7bd-d7b8-4474-82ec-6a504e4316e6","D09","PRPO","PRPO.AOS.buoy.c0","2016-10-18","PRPO.C0.20161018.POM.1",,"condition ok","Academy of Natural Sciences of Drexel University","2017-04-03","OKgcKejxXbI=","13C15N","1",,,100,"d13C",-27.54,"perMill",,,
"e74d2e5d-7525-42ef-9eb1-a9fb68524688","D09","PRPO","PRPO.AOS.buoy.c0","2016-10-18","PRPO.C0.20161018.POM.2",,"condition ok","Academy of Natural Sciences of Drexel University","2017-06-01","OKgcKejxXbI=","13C15N","2",,,100,"d13C",-28.37,"perMill",,,
"6cd702c5-2380-422f-9248-e40f64cd0d92","D09","PRPO","PRPO.AOS.outlet","2016-10-18","PRPO.OT.20161018.POM.1",,"condition ok","Academy of Natural Sciences of Drexel University","2017-04-03","OKgcKejxXbI=","13C15N","1",,,100,"d15N",6.13,"perMill",,,
"4259bb38-cd4b-4fd2-94b7-0052d17a7c06","D09","PRPO","PRPO.AOS.outlet","2016-10-18","PRPO.OT.20161018.POM.2",,"condition ok","Academy of Natural Sciences of Drexel University","2017-06-01","OKgcKejxXbI=","13C15N","2",,,100,"d15N",5.50,"perMill",,,
"d33b2b64-850b-4d20-b83f-a32e43dd5b27","D09","PRPO","PRPO.AOS.outlet","2016-10-18","PRPO.OT.20161018.POM.2",,"condition ok","Academy of Natural Sciences of Drexel University","2017-06-01","OKgcKejxXbI=","13C15N","2",,,100,"d13C",-28.23,"perMill",,,
"e7a193dc-0fda-4358-91ee-99fa16bb2d71","D09","PRPO","PRPO.AOS.outlet","2016-10-18","PRPO.OT.20161018.POM.1",,"condition ok","Academy of Natural Sciences of Drexel University","2017-04-03","OKgcKejxXbI=","13C15N","1",,,100,"d13C",-27.45,"perMill",,,
