uid,domainID,siteID,namedLocation,collectDate,sampleID,sampleCode,sampleCondition,laboratoryName,analysisDate,analyzedBy,sampleType,replicate,sampleVolumeFiltered,filterSize,percentFilterAnalyzed,analyte,analyteConcentration,plantAlgaeLabUnits,method,externalRemarks,externalLabDataQF
"84d26663-b470-491a-8f27-527579ecb8c7","D12","BLDE","BLDE.AOS.S2","2018-09-04","BLDE.SS.20180904.POM.1","A00000031176","condition ok","SIRFER Lab at University of Utah","2019-01-09","ElFtGy1kV49xqNP00HfxQA==","POM","1",500,25,100,"carbon",,"microgramsPerLiter","Revesz & Coplen 2012a",,
"4b332400-d6ee-484e-b101-ab7e849709c3","D12","BLDE","BLDE.AOS.S2","2018-09-04","BLDE.SS.20180904.POM.1","A00000031176","condition ok","SIRFER Lab at University of Utah","2019-01-09","ElFtGy1kV49xqNP00HfxQA==","POM","1",500,25,100,"d15N",,"perMill","Revesz & Coplen 2012a",,
"75b8d129-3831-466c-8dc8-378fa953cb2d","D12","BLDE","BLDE.AOS.S2","2018-09-04","BLDE.SS.20180904.POM.1","A00000031176","condition ok","SIRFER Lab at University of Utah","2019-01-09","ElFtGy1kV49xqNP00HfxQA==","POM","1",500,25,100,"d13C",,"perMill","Revesz & Coplen 2012a",,
"4e98e48b-6bba-4d11-9da6-09a74017761f","D12","BLDE","BLDE.AOS.S2","2018-09-04","BLDE.SS.20180904.POM.1","A00000031176","condition ok","SIRFER Lab at University of Utah","2019-01-09","ElFtGy1kV49xqNP00HfxQA==","POM","1",500,25,100,"nitrogen",,"microgramsPerLiter","Revesz & Coplen 2012a",,
"36cb0f9a-7dfa-4f96-9142-199642b4a378","D12","BLDE","BLDE.AOS.S2","2018-09-17","BLDE.SS.20180917.POM.1","A00000053666",,"SIRFER Lab at University of Utah","2019-01-09","ElFtGy1kV49xqNP00HfxQA==","POM","1",500,25,100,"d13C",,"perMill","Revesz & Coplen 2012a",,
"7d0f3dbc-f5c0-4f98-92a3-85772c9981be","D12","BLDE","BLDE.AOS.S2","2018-09-17","BLDE.SS.20180917.POM.1","A00000053666",,"SIRFER Lab at University of Utah","2019-01-09","ElFtGy1kV49xqNP00HfxQA==","POM","1",500,25,100,"d15N",,"perMill","Revesz & Coplen 2012a",,
"fe2f7485-20de-4cb3-8838-cc088ebed2ce","D12","BLDE","BLDE.AOS.S2","2018-09-17","BLDE.SS.20180917.POM.1","A00000053666",,"SIRFER Lab at University of Utah","2019-01-09","ElFtGy1kV49xqNP00HfxQA==","POM","1",500,25,100,"nitrogen",,"microgramsPerLiter","Revesz & Coplen 2012a",,
"a9223fc4-b85a-4a7e-9e3e-602b530491d9","D12","BLDE","BLDE.AOS.S2","2018-09-17","BLDE.SS.20180917.POM.1","A00000053666",,"SIRFER Lab at University of Utah","2019-01-09","ElFtGy1kV49xqNP00HfxQA==","POM","1",500,25,100,"carbon",,"microgramsPerLiter","Revesz & Coplen 2012a",,
