uid,domainID,siteID,namedLocation,collectDate,sampleID,sampleCode,sampleCondition,laboratoryName,analysisDate,analyzedBy,sampleType,replicate,sampleVolumeFiltered,filterSize,percentFilterAnalyzed,analyte,analyteConcentration,plantAlgaeLabUnits,method,externalRemarks,externalLabDataQF
"204f5852-1c1f-4d8b-979d-d652598e2fb1","D18","OKSR","OKSR.AOS.S2","2017-06-06","OKSR.SS.20170606.POM.2",,"condition ok","SIRFER Lab at University of Utah","2018-05-09","ElFtGy1kV49xqNP00HfxQA==","POM","1",600,25,100,"carbon",113.32,"microgramsPerLiter","Revesz & Coplen 2012a",,
"4e0e8b6e-801e-485a-a044-8681a823d50b","D18","OKSR","OKSR.AOS.S2","2017-06-06","OKSR.SS.20170606.POM.2",,"condition ok","SIRFER Lab at University of Utah","2018-05-09","ElFtGy1kV49xqNP00HfxQA==","POM","1",600,25,100,"d15N",8.50,"perMill","Revesz & Coplen 2012a",,
"b64acb09-3360-43e2-aecb-77cf9c1674dd","D18","OKSR","OKSR.AOS.S2","2017-06-06","OKSR.SS.20170606.POM.2",,"condition ok","SIRFER Lab at University of Utah","2018-05-09","ElFtGy1kV49xqNP00HfxQA==","POM","1",600,25,100,"d13C",-27.86,"perMill","Revesz & Coplen 2012a",,
"d33f528a-e986-46ca-acdb-427b5f78d968","D18","OKSR","OKSR.AOS.S2","2017-06-06","OKSR.SS.20170606.POM.2",,"condition ok","SIRFER Lab at University of Utah","2018-05-09","ElFtGy1kV49xqNP00HfxQA==","POM","1",600,25,100,"nitrogen",11.19,"microgramsPerLiter","Revesz & Coplen 2012a",,
"19efe9ee-dc26-4fc5-aa3f-6c1f101005dc","D18","OKSR","OKSR.AOS.S2","2017-06-13","OKSR.SS.20170613.POM.2",,"condition ok","SIRFER Lab at University of Utah","2018-05-09","ElFtGy1kV49xqNP00HfxQA==","POM","1",750,25,100,"d13C",-28.29,"perMill","Revesz & Coplen 2012a",,
"9b3674ac-b49a-4465-a843-cfebf0c47c48","D18","OKSR","OKSR.AOS.S2","2017-06-13","OKSR.SS.20170613.POM.2",,"condition ok","SIRFER Lab at University of Utah","2018-05-09","ElFtGy1kV49xqNP00HfxQA==","POM","1",750,25,100,"d15N",9.28,"perMill","Revesz & Coplen 2012a",,
"8cd34ed1-1d7b-4add-bc6e-4427c1440ba5","D18","OKSR","OKSR.AOS.S2","2017-06-13","OKSR.SS.20170613.POM.2",,"condition ok","SIRFER Lab at University of Utah","2018-05-09","ElFtGy1kV49xqNP00HfxQA==","POM","1",750,25,100,"carbon",47.53,"microgramsPerLiter","Revesz & Coplen 2012a",,
"237c90ca-3a0b-4688-bf19-2ed1fb34b639","D18","OKSR","OKSR.AOS.S2","2017-06-13","OKSR.SS.20170613.POM.2",,"condition ok","SIRFER Lab at University of Utah","2018-05-09","ElFtGy1kV49xqNP00HfxQA==","POM","1",750,25,100,"nitrogen",4.25,"microgramsPerLiter","Revesz & Coplen 2012a",,
"bcabb755-414a-4a07-9dec-ccca6dcace77","D18","OKSR","OKSR.AOS.S2","2017-06-21","OKSR.SS.20170620.POM.2",,"condition ok","SIRFER Lab at University of Utah","2018-05-09","ElFtGy1kV49xqNP00HfxQA==","POM","1",650,25,100,"d15N",19.47,"perMill","Revesz & Coplen 2012a",,
"d0922c4f-d846-4f42-a635-f279ad80d27c","D18","OKSR","OKSR.AOS.S2","2017-06-21","OKSR.SS.20170620.POM.2",,"condition ok","SIRFER Lab at University of Utah","2018-05-09","ElFtGy1kV49xqNP00HfxQA==","POM","1",650,25,100,"carbon",47.48,"microgramsPerLiter","Revesz & Coplen 2012a",,
"8b1196f9-582d-4129-9b78-4a7d061514cb","D18","OKSR","OKSR.AOS.S2","2017-06-21","OKSR.SS.20170620.POM.2",,"condition ok","SIRFER Lab at University of Utah","2018-05-09","ElFtGy1kV49xqNP00HfxQA==","POM","1",650,25,100,"nitrogen",3.22,"microgramsPerLiter","Revesz & Coplen 2012a",,
"82ffd5fb-74f6-48fb-9f05-228366628a38","D18","OKSR","OKSR.AOS.S2","2017-06-21","OKSR.SS.20170620.POM.2",,"condition ok","SIRFER Lab at University of Utah","2018-05-09","ElFtGy1kV49xqNP00HfxQA==","POM","1",650,25,100,"d13C",-28.86,"perMill","Revesz & Coplen 2012a",,
"7a1c21c8-66d8-4fdf-b434-9445c60bbdd4","D18","OKSR","OKSR.AOS.S2","2017-06-27","OKSR.SS.20170627.POM.1",,"condition ok","SIRFER Lab at University of Utah","2018-05-09","ElFtGy1kV49xqNP00HfxQA==","POM","1",800,25,100,"nitrogen",3.28,"microgramsPerLiter","Revesz & Coplen 2012a",,
"6d291695-0964-4907-a8be-d0c7ca3869ba","D18","OKSR","OKSR.AOS.S2","2017-06-27","OKSR.SS.20170627.POM.1",,"condition ok","SIRFER Lab at University of Utah","2018-05-09","ElFtGy1kV49xqNP00HfxQA==","POM","1",800,25,100,"d15N",21.21,"perMill","Revesz & Coplen 2012a",,
"9f076b6a-b8e4-4be8-8786-6ea9167613de","D18","OKSR","OKSR.AOS.S2","2017-06-27","OKSR.SS.20170627.POM.1",,"condition ok","SIRFER Lab at University of Utah","2018-05-09","ElFtGy1kV49xqNP00HfxQA==","POM","1",800,25,100,"carbon",45.46,"microgramsPerLiter","Revesz & Coplen 2012a",,
"d8cd3ce3-6871-46a5-bcb5-a8c65d4f4f34","D18","OKSR","OKSR.AOS.S2","2017-06-27","OKSR.SS.20170627.POM.1",,"condition ok","SIRFER Lab at University of Utah","2018-05-09","ElFtGy1kV49xqNP00HfxQA==","POM","1",800,25,100,"d13C",-27.49,"perMill","Revesz & Coplen 2012a",,
