uid,domainID,siteID,namedLocation,decimalLatitude,decimalLongitude,coordinateUncertainty,additionalCoordUncertainty,elevation,elevationUncertainty,geodeticDatum,altLocation,altLatitude,altLongitude,altCoordinateUncertainty,altGeodeticDatum,collectDate,aquaticSiteType,samplingImpractical,parentSampleID,parentSampleCode,eventID,samplerType,dissolvedOxygen,dissolvedOxygenSaturation,specificConductance,waterTemp,asiSamplingProtocolVersion,lowerSegmentDepth,upperSegmentDepth,maxDepth,lakeSampleDepth1,lakeSampleDepth2,aCollectedBy,bCollectedBy,remarks,fieldDataQF
"1041f790-701e-46a3-8554-2d5398fe8198","D18","OKSR","OKSR.AOS.S2",68.669651,-149.143505,0.1,10.0,767.2,0.0,"WGS84",,,,,,"2017-06-06T21:36Z","stream",,"OKSR.SS.20170606",,"OKSR.20170606","Grab",11.03,91.00,30.10,7.10,"NEON.DOC.001886vE",,,,,,"Jmorella@battelleecology.org","hmasters@battelleecology.org",,
"4e86eeb2-2779-4380-b0a5-717aa50cc67b","D18","OKSR","OKSR.AOS.S2",68.669651,-149.143505,0.1,10.0,767.2,0.0,"WGS84",,,,,,"2017-06-13T18:27Z","stream",,"OKSR.SS.20170613",,"OKSR.20170613","Grab",10.87,90.40,38.70,7.60,"NEON.DOC.001886vE",,,,,,"ahuff@battelleecology.org","hmasters@battelleecology.org",,
"70e1f5c2-05e1-41b9-ba55-44d7b8dc38f0","D18","OKSR","OKSR.AOS.S2",68.669651,-149.143505,0.1,10.0,767.2,0.0,"WGS84",,,,,,"2017-06-21T06:43Z","stream",,"OKSR.SS.20170620",,"OKSR.20170620","Grab",9.81,88.50,42.70,10.50,"NEON.DOC.001886vE",,,,,,"ahuff@battelleecology.org","hmasters@battelleecology.org",,
"c5c298a4-a0bc-4ad8-ba8f-f0ce3d08805e","D18","OKSR","OKSR.AOS.S2",68.669651,-149.143505,0.1,10.0,767.2,0.0,"WGS84",,,,,,"2017-06-27T20:00Z","stream",,"OKSR.SS.20170627",,"OKSR.20170627","Grab",,,,,"NEON.DOC.001886vE",,,,,,"jmorella@battelleecology.org",,,
