uid,domainID,siteID,namedLocation,collectDate,parentSampleID,parentSampleCode,isotopeH2OSampleCond,isotopeH2OSampleID,isotopeH2OSampleCode,isotopePOMRep2SampleCond,isotopePOMRep2SampleID,isotopePOMRep2SampleCode,isotopePOMSampleCond,isotopePOMSampleID,isotopePOMSampleCode,processedDateFilters,processedDateH2OIsotopes,sampleVolumeFilteredPOMRep1,sampleVolumeFilteredPOMRep2,fieldDataQF
"2b4a7dd3-b2f4-4387-87c8-bb78ca005851","D18","OKSR","OKSR.AOS.S2","2017-06-06T21:36Z","OKSR.SS.20170606",,"Sample condition ok","OKSR.SS.20170606.H2O.1",,"Sample condition ok","OKSR.SS.20170606.POM.2",,"Sample condition ok","OKSR.SS.20170606.POM.1",,"2017-06-07T02:18Z","2017-06-07T02:18Z",600,600,
"90ddaa20-8160-4dac-8122-bb379c462c44","D18","OKSR","OKSR.AOS.S2","2017-06-13T18:27Z","OKSR.SS.20170613",,,"OKSR.SS.20170613.H2O.1",,,"OKSR.SS.20170613.POM.2",,,"OKSR.SS.20170613.POM.1",,"2017-06-13T22:06Z","2017-06-13T22:06Z",750,750,
"56a6972b-51e7-4c54-87b8-71a01ac31f78","D18","OKSR","OKSR.AOS.S2","2017-06-21T06:43Z","OKSR.SS.20170620",,"Sample condition ok","OKSR.SS.20170620.H2O.1",,"Sample condition ok","OKSR.SS.20170620.POM.2",,"Sample condition ok","OKSR.SS.20170620.POM.1",,"2017-06-20T21:55Z","2017-06-20T21:55Z",650,650,
"84a84bd1-a7cd-409b-88a3-8dc45322d02b","D18","OKSR","OKSR.AOS.S2","2017-06-27T20:00Z","OKSR.SS.20170627",,"Sample condition ok","OKSR.SS.20170627.H2O.1",,"Sample condition ok","OKSR.SS.20170627.POM.2",,"Sample condition ok","OKSR.SS.20170627.POM.1",,"2017-09-15T20:00Z","2017-09-15T20:00Z",800,800,
