uid,domainID,siteID,namedLocation,collectDate,sampleID,sampleCode,sampleCondition,laboratoryName,analysisDate,analyzedBy,sampleType,replicate,sampleVolumeFiltered,filterSize,percentFilterAnalyzed,analyte,analyteConcentration,plantAlgaeLabUnits,method,externalRemarks,externalLabDataQF
"a4e3811d-5cca-405c-9fd0-bd2d7fb1258f","D05","LIRO","LIRO.AOS.buoy.c0","2018-02-12","LIRO.C0.20180212.POM.1",,"condition ok","SIRFER Lab at University of Utah","2018-08-14","ElFtGy1kV49xqNP00HfxQA==","POM","1",300,25,100,"d15N",-0.22,"perMill","Revesz & Coplen 2012a",,
"21fde452-2809-4342-865f-09ddfa26790b","D05","LIRO","LIRO.AOS.buoy.c0","2018-02-12","LIRO.C0.20180212.POM.1",,"condition ok","SIRFER Lab at University of Utah","2018-08-14","ElFtGy1kV49xqNP00HfxQA==","POM","1",300,25,100,"d13C",-31.64,"perMill","Revesz & Coplen 2012a",,
"7c6de585-19f4-4bc0-8120-2269e5be4c8a","D05","LIRO","LIRO.AOS.buoy.c0","2018-02-12","LIRO.C0.20180212.POM.1",,"condition ok","SIRFER Lab at University of Utah","2018-08-14","ElFtGy1kV49xqNP00HfxQA==","POM","1",300,25,100,"carbon",382.63,"microgramsPerLiter","Revesz & Coplen 2012a",,
"34da3f34-4875-42f7-b9c0-293e0860bfa8","D05","LIRO","LIRO.AOS.buoy.c0","2018-02-12","LIRO.C0.20180212.POM.1",,"condition ok","SIRFER Lab at University of Utah","2018-08-14","ElFtGy1kV49xqNP00HfxQA==","POM","1",300,25,100,"nitrogen",46.48,"microgramsPerLiter","Revesz & Coplen 2012a",,
