uid,domainID,siteID,namedLocation,collectDate,sampleID,sampleCode,sampleCondition,laboratoryName,analysisDate,analyzedBy,sampleType,replicate,sampleVolumeFiltered,filterSize,percentFilterAnalyzed,analyte,analyteConcentration,plantAlgaeLabUnits,method,externalRemarks,externalLabDataQF
"bd9b18f7-6988-4d5a-8564-34dcbe32dd25","D10","ARIK","ARIK.AOS.S2","2017-09-05","ARIK.SS.20170905.POM.2",,"condition ok","SIRFER Lab at University of Utah","2018-04-06","ElFtGy1kV49xqNP00HfxQA==","POM","1",100,25,100,"nitrogen",156.06,"microgramsPerLiter","Revesz & Coplen 2012a",,
"fa088124-afd4-4058-b536-60bbca0c4708","D10","ARIK","ARIK.AOS.S2","2017-09-05","ARIK.SS.20170905.POM.2",,"condition ok","SIRFER Lab at University of Utah","2018-04-06","ElFtGy1kV49xqNP00HfxQA==","POM","1",100,25,100,"d15N",4.78,"perMill","Revesz & Coplen 2012a",,
"6d45ae12-ea8a-4954-97dd-be02b49333cf","D10","ARIK","ARIK.AOS.S2","2017-09-05","ARIK.SS.20170905.POM.2",,"condition ok","SIRFER Lab at University of Utah","2018-04-06","ElFtGy1kV49xqNP00HfxQA==","POM","1",100,25,100,"carbon",1142.33,"microgramsPerLiter","Revesz & Coplen 2012a",,
"36176787-01ed-4636-8fd7-d6bc81d82c8c","D10","ARIK","ARIK.AOS.S2","2017-09-05","ARIK.SS.20170905.POM.2",,"condition ok","SIRFER Lab at University of Utah","2018-04-06","ElFtGy1kV49xqNP00HfxQA==","POM","1",100,25,100,"d13C",-30.01,"perMill","Revesz & Coplen 2012a",,
