uid,domainID,siteID,namedLocation,collectDate,sampleID,sampleCode,sampleCondition,laboratoryName,analysisDate,analyzedBy,sampleType,replicate,sampleVolumeFiltered,filterSize,percentFilterAnalyzed,analyte,analyteConcentration,plantAlgaeLabUnits,method,externalRemarks,externalLabDataQF
"0377b9ae-050a-44e2-afab-e2e3ca72b6e8","D09","PRPO","PRPO.AOS.buoy.c0","2018-12-04","PRPO.C0.20181204.POM.1","A00000049893","condition ok","SIRFER Lab at University of Utah","2019-04-18","ElFtGy1kV49xqNP00HfxQA==","POM","1",40,25,100,"d13C",-27.95,"perMill","Revesz & Coplen 2012a",,
"fcec2bfd-c50a-43da-9e85-6a773c5a73cb","D09","PRPO","PRPO.AOS.buoy.c0","2018-12-04","PRPO.C0.20181204.POM.1","A00000049893","condition ok","SIRFER Lab at University of Utah","2019-04-18","ElFtGy1kV49xqNP00HfxQA==","POM","1",40,25,100,"d15N",3.75,"perMill","Revesz & Coplen 2012a",,
"f0806a45-68c3-4428-ba43-0374fdef3bc8","D09","PRPO","PRPO.AOS.buoy.c0","2018-12-04","PRPO.C0.20181204.POM.1","A00000049893","condition ok","SIRFER Lab at University of Utah","2019-04-18","ElFtGy1kV49xqNP00HfxQA==","POM","1",40,25,100,"nitrogen",2344.93,"microgramsPerLiter","Revesz & Coplen 2012a",,
"730fa058-070c-41fa-8967-eeac32348b37","D09","PRPO","PRPO.AOS.buoy.c0","2018-12-04","PRPO.C0.20181204.POM.1","A00000049893","condition ok","SIRFER Lab at University of Utah","2019-04-18","ElFtGy1kV49xqNP00HfxQA==","POM","1",40,25,100,"carbon",16045.19,"microgramsPerLiter","Revesz & Coplen 2012a",,
