uid,domainID,siteID,namedLocation,collectDate,sampleID,sampleCode,sampleCondition,laboratoryName,analysisDate,analyzedBy,sampleType,replicate,sampleVolumeFiltered,filterSize,percentFilterAnalyzed,analyte,analyteConcentration,plantAlgaeLabUnits,method,externalRemarks,externalLabDataQF
"50d684a0-08fe-4f48-929c-9bb5598c1abb","D16","MART","MART.AOS.S2","2018-02-01","MART.SS.20180201.POM.1",,"condition ok","SIRFER Lab at University of Utah","2018-07-23","ElFtGy1kV49xqNP00HfxQA==","POM","1",1500,25,100,"d15N",-1.90,"perMill","Revesz & Coplen 2012a",,
"476a0828-e3cc-44fe-b48b-8847d18d3a4f","D16","MART","MART.AOS.S2","2018-02-01","MART.SS.20180201.POM.1",,"condition ok","SIRFER Lab at University of Utah","2018-07-23","ElFtGy1kV49xqNP00HfxQA==","POM","1",1500,25,100,"d13C",-27.13,"perMill","Revesz & Coplen 2012a",,
"d88076cf-4200-4831-9a88-7820a4f268c5","D16","MART","MART.AOS.S2","2018-02-01","MART.SS.20180201.POM.1",,"condition ok","SIRFER Lab at University of Utah","2018-07-23","ElFtGy1kV49xqNP00HfxQA==","POM","1",1500,25,100,"nitrogen",3.96,"microgramsPerLiter","Revesz & Coplen 2012a",,
"2eb353a7-75ad-4762-8ace-dd66e16f1f68","D16","MART","MART.AOS.S2","2018-02-01","MART.SS.20180201.POM.1",,"condition ok","SIRFER Lab at University of Utah","2018-07-23","ElFtGy1kV49xqNP00HfxQA==","POM","1",1500,25,100,"carbon",71.51,"microgramsPerLiter","Revesz & Coplen 2012a",,
"6d139543-7fdc-4443-bfc7-3bd5809bc750","D16","MART","MART.AOS.S2","2018-02-13","MART.SS.20180213.POM.1",,"condition ok","SIRFER Lab at University of Utah","2018-07-20","ElFtGy1kV49xqNP00HfxQA==","POM","1",1500,25,100,"d13C",-26.82,"perMill","Revesz & Coplen 2012a",,
"6739adb6-1382-48a1-a601-6538b44510df","D16","MART","MART.AOS.S2","2018-02-13","MART.SS.20180213.POM.1",,"condition ok","SIRFER Lab at University of Utah","2018-07-20","ElFtGy1kV49xqNP00HfxQA==","POM","1",1500,25,100,"d15N",3.58,"perMill","Revesz & Coplen 2012a",,
"0aa51e06-3ea7-4f2a-80a7-765f030db223","D16","MART","MART.AOS.S2","2018-02-13","MART.SS.20180213.POM.1",,"condition ok","SIRFER Lab at University of Utah","2018-07-20","ElFtGy1kV49xqNP00HfxQA==","POM","1",1500,25,100,"carbon",59.54,"microgramsPerLiter","Revesz & Coplen 2012a",,
"2e6916ec-483b-48bf-acc8-7fe724eff693","D16","MART","MART.AOS.S2","2018-02-13","MART.SS.20180213.POM.1",,"condition ok","SIRFER Lab at University of Utah","2018-07-20","ElFtGy1kV49xqNP00HfxQA==","POM","1",1500,25,100,"nitrogen",4.68,"microgramsPerLiter","Revesz & Coplen 2012a",,
"f1a47a28-16e1-425b-9ab4-c99e1ebd54a6","D16","MART","MART.AOS.S2","2018-02-15","MART.SS.20180215.POM.1",,"condition ok","SIRFER Lab at University of Utah","2018-07-26","ElFtGy1kV49xqNP00HfxQA==","POM","1",1750,25,100,"carbon",47.55,"microgramsPerLiter","Revesz & Coplen 2012a",,
"504eafe6-4fda-4f31-a344-ffb51a608023","D16","MART","MART.AOS.S2","2018-02-15","MART.SS.20180215.POM.1",,"condition ok","SIRFER Lab at University of Utah","2018-07-26","ElFtGy1kV49xqNP00HfxQA==","POM","1",1750,25,100,"nitrogen",3.43,"microgramsPerLiter","Revesz & Coplen 2012a",,
"d9699a21-2fa5-4de7-b44f-e778aba24e5c","D16","MART","MART.AOS.S2","2018-02-15","MART.SS.20180215.POM.1",,"condition ok","SIRFER Lab at University of Utah","2018-07-26","ElFtGy1kV49xqNP00HfxQA==","POM","1",1750,25,100,"d13C",-27.37,"perMill","Revesz & Coplen 2012a",,
"75da520a-9c16-4271-9b46-36eec0d28e06","D16","MART","MART.AOS.S2","2018-02-15","MART.SS.20180215.POM.1",,"condition ok","SIRFER Lab at University of Utah","2018-07-26","ElFtGy1kV49xqNP00HfxQA==","POM","1",1750,25,100,"d15N",2.42,"perMill","Revesz & Coplen 2012a",,
