uid,domainID,siteID,namedLocation,collectDate,sampleID,sampleCode,sampleCondition,laboratoryName,analysisDate,analyzedBy,sampleType,replicate,sampleVolumeFiltered,filterSize,percentFilterAnalyzed,analyte,analyteConcentration,plantAlgaeLabUnits,method,externalRemarks,externalLabDataQF
"3d94b673-d131-4312-b15d-ce6e1b163295","D07","LECO","LECO.AOS.S2","2018-04-09","LECO.SS.20180409.POM.1","A00000011217","condition ok","SIRFER Lab at University of Utah","2018-08-30","ElFtGy1kV49xqNP00HfxQA==","POM","1",1000,25,100,"d15N",4.31,"perMill","Revesz & Coplen 2012a",,
"d94e1a78-7f11-4202-ba49-086c29409e68","D07","LECO","LECO.AOS.S2","2018-04-09","LECO.SS.20180409.POM.1","A00000011217","condition ok","SIRFER Lab at University of Utah","2018-08-30","ElFtGy1kV49xqNP00HfxQA==","POM","1",1000,25,100,"carbon",361.93,"microgramsPerLiter","Revesz & Coplen 2012a",,
"cbfc7bed-66bc-4c08-bdae-a3264d456f6c","D07","LECO","LECO.AOS.S2","2018-04-09","LECO.SS.20180409.POM.1","A00000011217","condition ok","SIRFER Lab at University of Utah","2018-08-30","ElFtGy1kV49xqNP00HfxQA==","POM","1",1000,25,100,"nitrogen",27.44,"microgramsPerLiter","Revesz & Coplen 2012a",,
"2b9fa6a9-3c68-458e-a5d0-708d41dddce8","D07","LECO","LECO.AOS.S2","2018-04-09","LECO.SS.20180409.POM.1","A00000011217","condition ok","SIRFER Lab at University of Utah","2018-08-30","ElFtGy1kV49xqNP00HfxQA==","POM","1",1000,25,100,"d13C",-28.10,"perMill","Revesz & Coplen 2012a",,
"3ac4f90b-e6d8-4b29-befd-8af909fd25ee","D07","LECO","LECO.AOS.S2","2018-04-17","LECO.SS.20180417.POM.1","A00000012720","condition ok","SIRFER Lab at University of Utah","2018-08-30","ElFtGy1kV49xqNP00HfxQA==","POM","1",1000,25,100,"carbon",299.20,"microgramsPerLiter","Revesz & Coplen 2012a",,
"ee18e26f-2a0b-4d5e-98ba-cea05cf1f50b","D07","LECO","LECO.AOS.S2","2018-04-17","LECO.SS.20180417.POM.1","A00000012720","condition ok","SIRFER Lab at University of Utah","2018-08-30","ElFtGy1kV49xqNP00HfxQA==","POM","1",1000,25,100,"nitrogen",20.41,"microgramsPerLiter","Revesz & Coplen 2012a",,
"bdd6e759-6022-404d-a64a-d3fd61979d6a","D07","LECO","LECO.AOS.S2","2018-04-17","LECO.SS.20180417.POM.1","A00000012720","condition ok","SIRFER Lab at University of Utah","2018-08-30","ElFtGy1kV49xqNP00HfxQA==","POM","1",1000,25,100,"d15N",0.81,"perMill","Revesz & Coplen 2012a",,
"6e8cd405-68ca-421e-adb8-a624e03d1570","D07","LECO","LECO.AOS.S2","2018-04-17","LECO.SS.20180417.POM.1","A00000012720","condition ok","SIRFER Lab at University of Utah","2018-08-30","ElFtGy1kV49xqNP00HfxQA==","POM","1",1000,25,100,"d13C",-28.11,"perMill","Revesz & Coplen 2012a",,
"e5d2b862-c22c-4b56-add6-6b37f3371370","D07","LECO","LECO.AOS.S2","2018-04-30","LECO.SS.20180430.POM.1","A00000011571","condition ok","SIRFER Lab at University of Utah","2018-08-30","ElFtGy1kV49xqNP00HfxQA==","POM","1",1000,25,100,"carbon",431.07,"microgramsPerLiter","Revesz & Coplen 2012a",,
"2b4aab3c-8467-4846-853c-55017d2d4758","D07","LECO","LECO.AOS.S2","2018-04-30","LECO.SS.20180430.POM.1","A00000011571","condition ok","SIRFER Lab at University of Utah","2018-08-30","ElFtGy1kV49xqNP00HfxQA==","POM","1",1000,25,100,"nitrogen",26.87,"microgramsPerLiter","Revesz & Coplen 2012a",,
"46572fca-6851-4da7-823a-acf5e3f3f296","D07","LECO","LECO.AOS.S2","2018-04-30","LECO.SS.20180430.POM.1","A00000011571","condition ok","SIRFER Lab at University of Utah","2018-08-30","ElFtGy1kV49xqNP00HfxQA==","POM","1",1000,25,100,"d15N",-1.78,"perMill","Revesz & Coplen 2012a",,
"065918f0-ecf2-48cc-afec-55edb6a9c286","D07","LECO","LECO.AOS.S2","2018-04-30","LECO.SS.20180430.POM.1","A00000011571","condition ok","SIRFER Lab at University of Utah","2018-08-30","ElFtGy1kV49xqNP00HfxQA==","POM","1",1000,25,100,"d13C",-28.68,"perMill","Revesz & Coplen 2012a",,
