uid,domainID,siteID,namedLocation,collectDate,sampleID,sampleCode,sampleCondition,laboratoryName,analysisDate,analyzedBy,sampleType,replicate,sampleVolumeFiltered,filterSize,percentFilterAnalyzed,analyte,analyteConcentration,plantAlgaeLabUnits,method,externalRemarks,externalLabDataQF
"53d23bf4-e743-43c6-acd3-7b183562de8a","D04","CUPE","CUPE.AOS.S2","2018-04-17","CUPE.SS.20180417.POM.1","A00000005643","condition ok","SIRFER Lab at University of Utah","2018-09-12","ElFtGy1kV49xqNP00HfxQA==","POM","1",1000,25,100,"d13C",-26.42,"perMill","Revesz & Coplen 2012a",,
"a5bf69f2-d112-4002-a040-5152a82df66d","D04","CUPE","CUPE.AOS.S2","2018-04-17","CUPE.SS.20180417.POM.1","A00000005643","condition ok","SIRFER Lab at University of Utah","2018-09-12","ElFtGy1kV49xqNP00HfxQA==","POM","1",1000,25,100,"d15N",3.09,"perMill","Revesz & Coplen 2012a",,
"4d71d5c2-2518-43c5-838c-3c23e34e8f70","D04","CUPE","CUPE.AOS.S2","2018-04-17","CUPE.SS.20180417.POM.1","A00000005643","condition ok","SIRFER Lab at University of Utah","2018-09-12","ElFtGy1kV49xqNP00HfxQA==","POM","1",1000,25,100,"nitrogen",5.41,"microgramsPerLiter","Revesz & Coplen 2012a",,
"a6850649-e47e-4a9f-a94d-a5586fbed2d7","D04","CUPE","CUPE.AOS.S2","2018-04-17","CUPE.SS.20180417.POM.1","A00000005643","condition ok","SIRFER Lab at University of Utah","2018-09-12","ElFtGy1kV49xqNP00HfxQA==","POM","1",1000,25,100,"carbon",46.84,"microgramsPerLiter","Revesz & Coplen 2012a",,
"b5675da5-f5af-4668-8c17-d407337c3313","D04","CUPE","CUPE.AOS.S2","2018-04-25","CUPE.SS.20180425.POM.1","A00000005661","condition ok","SIRFER Lab at University of Utah","2018-09-12","ElFtGy1kV49xqNP00HfxQA==","POM","1",1250,25,100,"nitrogen",5.18,"microgramsPerLiter","Revesz & Coplen 2012a",,
"64fbc7a6-0bf7-4b2e-ba3d-871319809456","D04","CUPE","CUPE.AOS.S2","2018-04-25","CUPE.SS.20180425.POM.1","A00000005661","condition ok","SIRFER Lab at University of Utah","2018-09-12","ElFtGy1kV49xqNP00HfxQA==","POM","1",1250,25,100,"d15N",2.08,"perMill","Revesz & Coplen 2012a",,
"416df6b3-cdd8-48ad-bdef-bd4daefbd9b6","D04","CUPE","CUPE.AOS.S2","2018-04-25","CUPE.SS.20180425.POM.1","A00000005661","condition ok","SIRFER Lab at University of Utah","2018-09-12","ElFtGy1kV49xqNP00HfxQA==","POM","1",1250,25,100,"d13C",-26.86,"perMill","Revesz & Coplen 2012a",,
"265b83c2-3dac-42d7-9f20-a4ccbc969038","D04","CUPE","CUPE.AOS.S2","2018-04-25","CUPE.SS.20180425.POM.1","A00000005661","condition ok","SIRFER Lab at University of Utah","2018-09-12","ElFtGy1kV49xqNP00HfxQA==","POM","1",1250,25,100,"carbon",54.06,"microgramsPerLiter","Revesz & Coplen 2012a",,
