uid,domainID,siteID,namedLocation,collectDate,sampleID,sampleCode,sampleCondition,laboratoryName,analysisDate,analyzedBy,sampleType,replicate,sampleVolumeFiltered,filterSize,percentFilterAnalyzed,analyte,analyteConcentration,plantAlgaeLabUnits,method,externalRemarks,externalLabDataQF
"628489e5-bbc2-484e-a62e-13e0935e07bb","D16","MART","MART.AOS.S2","2019-01-17","MART.SS.20190117.POM.1","A00000061033","condition ok","SIRFER Lab at University of Utah","2019-07-10","ElFtGy1kV49xqNP00HfxQA==","POM","1",1500,25,100,"d15N",1.46,"perMill","Revesz & Coplen 2012a",,
"6f098204-4017-49cb-8a9a-2589a9b85478","D16","MART","MART.AOS.S2","2019-01-17","MART.SS.20190117.POM.1","A00000061033","condition ok","SIRFER Lab at University of Utah","2019-07-10","ElFtGy1kV49xqNP00HfxQA==","POM","1",1500,25,100,"d13C",-27.65,"perMill","Revesz & Coplen 2012a",,
"d3132d96-290e-4254-ba0b-93cc348fea08","D16","MART","MART.AOS.S2","2019-01-17","MART.SS.20190117.POM.1","A00000061033","condition ok","SIRFER Lab at University of Utah","2019-07-10","ElFtGy1kV49xqNP00HfxQA==","POM","1",1500,25,100,"carbon",58.48,"microgramsPerLiter","Revesz & Coplen 2012a",,
"841ef76d-57a6-4283-98c9-5418b503e1e3","D16","MART","MART.AOS.S2","2019-01-17","MART.SS.20190117.POM.1","A00000061033","condition ok","SIRFER Lab at University of Utah","2019-07-10","ElFtGy1kV49xqNP00HfxQA==","POM","1",1500,25,100,"nitrogen",5.46,"microgramsPerLiter","Revesz & Coplen 2012a",,
"c965e17d-641a-4051-a487-f3c35dc3e240","D16","MART","MART.AOS.S2","2019-01-31","MART.SS.20190131.POM.1","A00000061045","condition ok","SIRFER Lab at University of Utah","2019-07-09","ElFtGy1kV49xqNP00HfxQA==","POM","1",1500,25,100,"d13C",-27.91,"perMill","Revesz & Coplen 2012a",,
"494e8443-7110-49dc-8846-532e77356d15","D16","MART","MART.AOS.S2","2019-01-31","MART.SS.20190131.POM.1","A00000061045","condition ok","SIRFER Lab at University of Utah","2019-07-09","ElFtGy1kV49xqNP00HfxQA==","POM","1",1500,25,100,"carbon",58.60,"microgramsPerLiter","Revesz & Coplen 2012a",,
"035dc4b1-dd13-4f1a-8409-076783ed1d96","D16","MART","MART.AOS.S2","2019-01-31","MART.SS.20190131.POM.1","A00000061045","condition ok","SIRFER Lab at University of Utah","2019-07-09","ElFtGy1kV49xqNP00HfxQA==","POM","1",1500,25,100,"d15N",0.62,"perMill","Revesz & Coplen 2012a",,
"aa703d62-b7af-460e-8d96-7c268efd9fa8","D16","MART","MART.AOS.S2","2019-01-31","MART.SS.20190131.POM.1","A00000061045","condition ok","SIRFER Lab at University of Utah","2019-07-09","ElFtGy1kV49xqNP00HfxQA==","POM","1",1500,25,100,"nitrogen",4.62,"microgramsPerLiter","Revesz & Coplen 2012a",,
