uid,domainID,siteID,namedLocation,collectDate,sampleID,sampleCode,sampleCondition,laboratoryName,analysisDate,analyzedBy,sampleType,replicate,sampleVolumeFiltered,filterSize,percentFilterAnalyzed,analyte,analyteConcentration,plantAlgaeLabUnits,method,externalRemarks,externalLabDataQF
"727b971c-baa9-4804-9f32-e6e8c5e2f3f0","D02","POSE","POSE.AOS.S2","2016-02-02","POSE.SS.20160202.POM.2",,"condition ok","Academy of Natural Sciences of Drexel University","2016-09-01","OKgcKejxXbI=","13C15N","2",,,100,"d15N",3.92,"perMill",,,
"e52200a5-bf23-484e-aec5-23de793e8202","D02","POSE","POSE.AOS.S2","2016-02-02","POSE.SS.20160202.POM.1",,"condition ok","Academy of Natural Sciences of Drexel University","2016-08-29","OKgcKejxXbI=","13C15N","1",,,100,"d15N",4.91,"perMill",,,
"7763ee11-f9f3-4475-9323-25ae16cb725e","D02","POSE","POSE.AOS.S2","2016-02-02","POSE.SS.20160202.POM.2",,"condition ok","Academy of Natural Sciences of Drexel University","2016-09-01","OKgcKejxXbI=","13C15N","2",,,100,"d13C",-27.89,"perMill",,,
"e0c89305-974a-4813-8017-225f35429e83","D02","POSE","POSE.AOS.S2","2016-02-02","POSE.SS.20160202.POM.1",,"condition ok","Academy of Natural Sciences of Drexel University","2016-08-29","OKgcKejxXbI=","13C15N","1",,,100,"d13C",-28.48,"perMill",,,
"b3ddc141-0c02-49a5-bf87-4dfbbe0dfefa","D02","POSE","POSE.AOS.S2","2016-02-02","POSE.SS.20160202.POM.2",,"condition ok","Academy of Natural Sciences of Drexel University","2016-09-01","OKgcKejxXbI=","13C15N","2",300,25,100,"d13C",-27.89,"perMill",,,"Audit Failed. Document: A00036_DREX_AlgalChem_DocAudit_20170407.pdf & A00036_DREX_AlgalChem_VisitAudit_20170407.pdf"
"ffd27204-0a23-4a43-9c85-71ef76487a05","D02","POSE","POSE.AOS.S2","2016-02-02","POSE.SS.20160202.POM.1",,"condition ok","Academy of Natural Sciences of Drexel University","2016-08-29","OKgcKejxXbI=","13C15N","1",300,25,100,"d15N",4.91,"perMill",,,"Audit Failed. Document: A00036_DREX_AlgalChem_DocAudit_20170407.pdf & A00036_DREX_AlgalChem_VisitAudit_20170407.pdf"
"1d69ba58-d021-4b11-9821-a1cc94029694","D02","POSE","POSE.AOS.S2","2016-02-02","POSE.SS.20160202.POM.2",,"condition ok","Academy of Natural Sciences of Drexel University","2016-09-01","OKgcKejxXbI=","13C15N","2",300,25,100,"d15N",3.92,"perMill",,,"Audit Failed. Document: A00036_DREX_AlgalChem_DocAudit_20170407.pdf & A00036_DREX_AlgalChem_VisitAudit_20170407.pdf"
"9c28068d-dff6-4321-bb1c-f242cc5afac9","D02","POSE","POSE.AOS.S2","2016-02-02","POSE.SS.20160202.POM.1",,"condition ok","Academy of Natural Sciences of Drexel University","2016-08-29","OKgcKejxXbI=","13C15N","1",300,25,100,"d13C",-28.48,"perMill",,,"Audit Failed. Document: A00036_DREX_AlgalChem_DocAudit_20170407.pdf & A00036_DREX_AlgalChem_VisitAudit_20170407.pdf"
"ea437f14-60b0-4489-9a03-7886acaad84d","D02","POSE","POSE.AOS.S2","2016-02-18","POSE.SS.20160218.POM.1",,"condition ok","Academy of Natural Sciences of Drexel University","2016-08-29","OKgcKejxXbI=","13C15N","1",,,100,"d13C",-28.80,"perMill",,,
"a3e4c767-80d0-4664-916e-32357271e69e","D02","POSE","POSE.AOS.S2","2016-02-18","POSE.SS.20160218.POM.2",,"condition ok","Academy of Natural Sciences of Drexel University","2016-09-01","OKgcKejxXbI=","13C15N","2",,,100,"d13C",-27.93,"perMill",,,
"bbf20ea4-ccea-439c-9f67-7d4860e9352d","D02","POSE","POSE.AOS.S2","2016-02-18","POSE.SS.20160218.POM.1",,"condition ok","Academy of Natural Sciences of Drexel University","2016-08-29","OKgcKejxXbI=","13C15N","1",,,100,"d15N",6.95,"perMill",,,
"1651fe40-5151-491c-8669-732db2493a4b","D02","POSE","POSE.AOS.S2","2016-02-18","POSE.SS.20160218.POM.2",,"condition ok","Academy of Natural Sciences of Drexel University","2016-09-01","OKgcKejxXbI=","13C15N","2",,,100,"d15N",2.85,"perMill",,,
"009880c1-38bd-43d7-a991-07d8d0cda450","D02","POSE","POSE.AOS.S2","2016-02-18","POSE.SS.20160218.POM.1",,"condition ok","Academy of Natural Sciences of Drexel University","2016-08-29","OKgcKejxXbI=","13C15N","1",400,25,100,"d15N",6.95,"perMill",,,"Audit Failed. Document: A00036_DREX_AlgalChem_DocAudit_20170407.pdf & A00036_DREX_AlgalChem_VisitAudit_20170407.pdf"
"8542c0b2-b9d3-4f0d-bf1c-8f342ea47c82","D02","POSE","POSE.AOS.S2","2016-02-18","POSE.SS.20160218.POM.2",,"condition ok","Academy of Natural Sciences of Drexel University","2016-09-01","OKgcKejxXbI=","13C15N","2",400,25,100,"d15N",2.85,"perMill",,,"Audit Failed. Document: A00036_DREX_AlgalChem_DocAudit_20170407.pdf & A00036_DREX_AlgalChem_VisitAudit_20170407.pdf"
"0996f7d2-4e31-46fe-b0c0-71b309995840","D02","POSE","POSE.AOS.S2","2016-02-18","POSE.SS.20160218.POM.2",,"condition ok","Academy of Natural Sciences of Drexel University","2016-09-01","OKgcKejxXbI=","13C15N","2",400,25,100,"d13C",-27.93,"perMill",,,"Audit Failed. Document: A00036_DREX_AlgalChem_DocAudit_20170407.pdf & A00036_DREX_AlgalChem_VisitAudit_20170407.pdf"
"d03aa082-1920-436f-8f8d-a01881d98380","D02","POSE","POSE.AOS.S2","2016-02-18","POSE.SS.20160218.POM.1",,"condition ok","Academy of Natural Sciences of Drexel University","2016-08-29","OKgcKejxXbI=","13C15N","1",400,25,100,"d13C",-28.80,"perMill",,,"Audit Failed. Document: A00036_DREX_AlgalChem_DocAudit_20170407.pdf & A00036_DREX_AlgalChem_VisitAudit_20170407.pdf"
