uid,domainID,siteID,namedLocation,collectDate,sampleID,sampleCode,sampleCondition,laboratoryName,analysisDate,analyzedBy,sampleType,replicate,sampleVolumeFiltered,filterSize,percentFilterAnalyzed,analyte,analyteConcentration,plantAlgaeLabUnits,method,externalRemarks,externalLabDataQF
"ed0cd200-1dd5-428e-8d59-6d960cb8e630","D09","PRPO","PRPO.AOS.buoy.c0","2019-07-01","PRPO.C0.20190701.POM.1","A00000087287","condition ok","SIRFER Lab at University of Utah","2019-11-21","ElFtGy1kV49xqNP00HfxQA==","POM","1",60,25,100,"carbon",3317.50,"microgramsPerLiter","Revesz & Coplen 2012a",,
"e7cf493b-8374-41a0-8d57-8155b499cc64","D09","PRPO","PRPO.AOS.buoy.c0","2019-07-01","PRPO.C0.20190701.POM.1","A00000087287","condition ok","SIRFER Lab at University of Utah","2019-11-21","ElFtGy1kV49xqNP00HfxQA==","POM","1",60,25,100,"d15N",4.07,"perMill","Revesz & Coplen 2012a",,
"62848571-f56e-47cf-805e-efd29d4315f5","D09","PRPO","PRPO.AOS.buoy.c0","2019-07-01","PRPO.C0.20190701.POM.1","A00000087287","condition ok","SIRFER Lab at University of Utah","2019-11-21","ElFtGy1kV49xqNP00HfxQA==","POM","1",60,25,100,"nitrogen",327.33,"microgramsPerLiter","Revesz & Coplen 2012a",,
"aa3fb17c-63dc-4ffc-95ce-ec1d1f9093e0","D09","PRPO","PRPO.AOS.buoy.c0","2019-07-01","PRPO.C0.20190701.POM.1","A00000087287","condition ok","SIRFER Lab at University of Utah","2019-11-21","ElFtGy1kV49xqNP00HfxQA==","POM","1",60,25,100,"d13C",-26.35,"perMill","Revesz & Coplen 2012a",,
