uid,domainID,siteID,namedLocation,collectDate,sampleID,sampleCode,sampleCondition,laboratoryName,analysisDate,analyzedBy,sampleType,replicate,sampleVolumeFiltered,filterSize,percentFilterAnalyzed,analyte,analyteConcentration,plantAlgaeLabUnits,method,externalRemarks,externalLabDataQF
"ac7e837c-67b2-49d8-8038-0e0dd11f79cf","D08","TOMB","TOMB.AOS.buoy.c0","2018-02-19","TOMB.C0.20180219.POM.1",,"condition ok","SIRFER Lab at University of Utah","2018-08-28","ElFtGy1kV49xqNP00HfxQA==","POM","1",50,25,100,"carbon",5115.59,"microgramsPerLiter","Revesz & Coplen 2012a",,
"d5f81f8d-ef29-4e1a-9e68-1e6f45a7751e","D08","TOMB","TOMB.AOS.buoy.c0","2018-02-19","TOMB.C0.20180219.POM.1",,"condition ok","SIRFER Lab at University of Utah","2018-08-28","ElFtGy1kV49xqNP00HfxQA==","POM","1",50,25,100,"d15N",4.05,"perMill","Revesz & Coplen 2012a",,
"71127d0a-5be4-4690-8363-92821220ceb7","D08","TOMB","TOMB.AOS.buoy.c0","2018-02-19","TOMB.C0.20180219.POM.1",,"condition ok","SIRFER Lab at University of Utah","2018-08-28","ElFtGy1kV49xqNP00HfxQA==","POM","1",50,25,100,"nitrogen",577.24,"microgramsPerLiter","Revesz & Coplen 2012a",,
"dcd414ec-6a5a-46f6-9657-5668d7bcee37","D08","TOMB","TOMB.AOS.buoy.c0","2018-02-19","TOMB.C0.20180219.POM.1",,"condition ok","SIRFER Lab at University of Utah","2018-08-28","ElFtGy1kV49xqNP00HfxQA==","POM","1",50,25,100,"d13C",-27.49,"perMill","Revesz & Coplen 2012a",,
"8c055c14-8719-46b7-a64c-74d9ef40eebe","D08","TOMB","TOMB.AOS.buoy.c0","2018-02-22","TOMB.C0.20180222.POM.1",,"condition ok","SIRFER Lab at University of Utah","2018-08-28","ElFtGy1kV49xqNP00HfxQA==","POM","1",50,25,100,"d13C",-26.05,"perMill","Revesz & Coplen 2012a",,
"b5b85260-80d7-4235-bb07-d16f5a74d4d1","D08","TOMB","TOMB.AOS.buoy.c0","2018-02-22","TOMB.C0.20180222.POM.1",,"condition ok","SIRFER Lab at University of Utah","2018-08-28","ElFtGy1kV49xqNP00HfxQA==","POM","1",50,25,100,"carbon",1999.45,"microgramsPerLiter","Revesz & Coplen 2012a",,
"52a49759-3aff-482c-a0d7-b9abd9e0c532","D08","TOMB","TOMB.AOS.buoy.c0","2018-02-22","TOMB.C0.20180222.POM.1",,"condition ok","SIRFER Lab at University of Utah","2018-08-28","ElFtGy1kV49xqNP00HfxQA==","POM","1",50,25,100,"nitrogen",236.84,"microgramsPerLiter","Revesz & Coplen 2012a",,
"c2ee5f7b-f66a-448e-a09b-d0542bca5ea4","D08","TOMB","TOMB.AOS.buoy.c0","2018-02-22","TOMB.C0.20180222.POM.1",,"condition ok","SIRFER Lab at University of Utah","2018-08-28","ElFtGy1kV49xqNP00HfxQA==","POM","1",50,25,100,"d15N",6.27,"perMill","Revesz & Coplen 2012a",,
