uid,domainID,siteID,namedLocation,collectDate,sampleID,sampleCode,sampleCondition,laboratoryName,analysisDate,analyzedBy,sampleType,replicate,sampleVolumeFiltered,filterSize,percentFilterAnalyzed,analyte,analyteConcentration,plantAlgaeLabUnits,method,externalRemarks,externalLabDataQF
"26ffd4f6-ba65-464c-aaf5-c475bb9da67d","D02","LEWI","LEWI.AOS.S2","2017-01-11","LEWI.SS.20170111.POM.1",,"condition ok","SIRFER Lab at University of Utah","2018-03-05","ElFtGy1kV49xqNP00HfxQA==","POM","1",1200,25,100,"d15N",0.99,"perMill","Revesz & Coplen 2012a",,
"9c89d639-d54f-46e7-b118-ed8c15c3112e","D02","LEWI","LEWI.AOS.S2","2017-01-11","LEWI.SS.20170111.POM.1",,"condition ok","SIRFER Lab at University of Utah","2018-03-05","ElFtGy1kV49xqNP00HfxQA==","POM","1",1200,25,100,"carbon",88.37,"microgramsPerLiter","Revesz & Coplen 2012a",,
"333ddddd-76e0-49f9-bca8-2434f3393a86","D02","LEWI","LEWI.AOS.S2","2017-01-11","LEWI.SS.20170111.POM.1",,"condition ok","SIRFER Lab at University of Utah","2018-03-05","ElFtGy1kV49xqNP00HfxQA==","POM","1",1200,25,100,"d13C",-29.45,"perMill","Revesz & Coplen 2012a",,
"8bb935fe-1710-435e-a6e8-2ec6e17eec85","D02","LEWI","LEWI.AOS.S2","2017-01-11","LEWI.SS.20170111.POM.1",,"condition ok","SIRFER Lab at University of Utah","2018-03-05","ElFtGy1kV49xqNP00HfxQA==","POM","1",1200,25,100,"nitrogen",11.01,"microgramsPerLiter","Revesz & Coplen 2012a",,
"ccefad33-e5da-4215-b007-ada219f39a6f","D02","LEWI","LEWI.AOS.S2","2017-01-25","LEWI.SS.20170125.POM.1",,"condition ok","SIRFER Lab at University of Utah","2018-03-05","ElFtGy1kV49xqNP00HfxQA==","POM","1",200,25,100,"carbon",1871.46,"microgramsPerLiter","Revesz & Coplen 2012a",,
"51a7bfd4-199e-4531-b178-c9771fc76f98","D02","LEWI","LEWI.AOS.S2","2017-01-25","LEWI.SS.20170125.POM.1",,"condition ok","SIRFER Lab at University of Utah","2018-03-05","ElFtGy1kV49xqNP00HfxQA==","POM","1",200,25,100,"nitrogen",145.01,"microgramsPerLiter","Revesz & Coplen 2012a",,
"ddb61fb2-b4d3-4172-a7f2-bfa8bcf912f0","D02","LEWI","LEWI.AOS.S2","2017-01-25","LEWI.SS.20170125.POM.1",,"condition ok","SIRFER Lab at University of Utah","2018-03-05","ElFtGy1kV49xqNP00HfxQA==","POM","1",200,25,100,"d15N",1.82,"perMill","Revesz & Coplen 2012a",,
"ed5697b2-d176-4e97-9f10-82e6a391bd1d","D02","LEWI","LEWI.AOS.S2","2017-01-25","LEWI.SS.20170125.POM.1",,"condition ok","SIRFER Lab at University of Utah","2018-03-05","ElFtGy1kV49xqNP00HfxQA==","POM","1",200,25,100,"d13C",-23.46,"perMill","Revesz & Coplen 2012a",,
