uid,domainID,siteID,namedLocation,collectDate,sampleID,sampleCode,sampleCondition,laboratoryName,analysisDate,analyzedBy,sampleType,replicate,sampleVolumeFiltered,filterSize,percentFilterAnalyzed,analyte,analyteConcentration,plantAlgaeLabUnits,method,externalRemarks,externalLabDataQF
"e376e06a-779d-4b97-9dfc-26b3194d5fdd","D10","ARIK","ARIK.AOS.S2","2016-02-04","ARIK.SS.20160204.POM.2",,"other","Academy of Natural Sciences of Drexel University","2016-09-01","OKgcKejxXbI=","13C15N","2",275,25,100,"d13C",,"perMill",,"Difference in volume filtered, value corrupted during run","Audit Failed. Document: A00036_DREX_AlgalChem_DocAudit_20170407.pdf & A00036_DREX_AlgalChem_VisitAudit_20170407.pdf"
"8ec5f130-0662-42fd-a261-3606f3a6a266","D10","ARIK","ARIK.AOS.S2","2016-02-04","ARIK.SS.20160204.POM.1",,"condition ok","Academy of Natural Sciences of Drexel University","2016-08-29","OKgcKejxXbI=","13C15N","1",210,25,100,"d15N",6.80,"perMill",,"Difference in volume filtered","Audit Failed. Document: A00036_DREX_AlgalChem_DocAudit_20170407.pdf & A00036_DREX_AlgalChem_VisitAudit_20170407.pdf"
"f694bdd7-18ed-4cf3-9445-d567d776485c","D10","ARIK","ARIK.AOS.S2","2016-02-04","ARIK.SS.20160204.POM.1",,"condition ok","Academy of Natural Sciences of Drexel University","2016-08-29","OKgcKejxXbI=","13C15N","1",210,25,100,"d13C",-29.99,"perMill",,"Difference in volume filtered","Audit Failed. Document: A00036_DREX_AlgalChem_DocAudit_20170407.pdf & A00036_DREX_AlgalChem_VisitAudit_20170407.pdf"
"84a559e0-0f7c-411f-8b80-7ddd382fd687","D10","ARIK","ARIK.AOS.S2","2016-02-04","ARIK.SS.20160204.POM.1",,"condition ok","Academy of Natural Sciences of Drexel University","2016-08-29","OKgcKejxXbI=","13C15N","1",,,100,"d15N",6.80,"perMill",,"Difference in volume filtered",
"31c5b219-4218-4d4d-8e26-693196b607ce","D10","ARIK","ARIK.AOS.S2","2016-02-04","ARIK.SS.20160204.POM.1",,"condition ok","Academy of Natural Sciences of Drexel University","2016-08-29","OKgcKejxXbI=","13C15N","1",,,100,"d13C",-29.99,"perMill",,"Difference in volume filtered",
"b1f80a8b-420c-47c8-a666-1e5c779a0de7","D10","ARIK","ARIK.AOS.S2","2016-02-04","ARIK.SS.20160204.POM.2",,"condition ok","Academy of Natural Sciences of Drexel University","2016-09-01","OKgcKejxXbI=","13C15N","2",,,100,"d15N",4.19,"perMill",,"Difference in volume filtered",
"7f7123f7-c8db-421e-85c1-2c533f5b2d0a","D10","ARIK","ARIK.AOS.S2","2016-02-04","ARIK.SS.20160204.POM.2",,"other","Academy of Natural Sciences of Drexel University","2016-09-01","OKgcKejxXbI=","13C15N","2",,,100,"d13C",,"perMill",,"Difference in volume filtered, value corrupted during run",
"a444905f-f793-4025-9eef-5b5d5fd74168","D10","ARIK","ARIK.AOS.S2","2016-02-04","ARIK.SS.20160204.POM.2",,"condition ok","Academy of Natural Sciences of Drexel University","2016-09-01","OKgcKejxXbI=","13C15N","2",275,25,100,"d15N",4.19,"perMill",,"Difference in volume filtered","Audit Failed. Document: A00036_DREX_AlgalChem_DocAudit_20170407.pdf & A00036_DREX_AlgalChem_VisitAudit_20170407.pdf"
"e9140d61-8518-4e3a-8085-5740afe4146e","D10","ARIK","ARIK.AOS.S2","2016-02-16","ARIK.SS.20160216.POM.1",,"condition ok","Academy of Natural Sciences of Drexel University","2016-08-29","OKgcKejxXbI=","13C15N","1",340,25,100,"d15N",5.94,"perMill",,,"Audit Failed. Document: A00036_DREX_AlgalChem_DocAudit_20170407.pdf & A00036_DREX_AlgalChem_VisitAudit_20170407.pdf"
"3e673ab4-c4d8-49df-bc55-9d880baf1d6a","D10","ARIK","ARIK.AOS.S2","2016-02-16","ARIK.SS.20160216.POM.1",,"condition ok","Academy of Natural Sciences of Drexel University","2016-08-29","OKgcKejxXbI=","13C15N","1",340,25,100,"d13C",-31.67,"perMill",,,"Audit Failed. Document: A00036_DREX_AlgalChem_DocAudit_20170407.pdf & A00036_DREX_AlgalChem_VisitAudit_20170407.pdf"
"6dd21334-a0cb-4e01-aea2-6f25579af6bf","D10","ARIK","ARIK.AOS.S2","2016-02-16","ARIK.SS.20160216.POM.2",,"condition ok","Academy of Natural Sciences of Drexel University","2016-09-01","OKgcKejxXbI=","13C15N","2",340,25,100,"d13C",-29.37,"perMill",,,"Audit Failed. Document: A00036_DREX_AlgalChem_DocAudit_20170407.pdf & A00036_DREX_AlgalChem_VisitAudit_20170407.pdf"
"9a6b4296-b372-4e82-90ca-a45f2dbb795c","D10","ARIK","ARIK.AOS.S2","2016-02-16","ARIK.SS.20160216.POM.1",,"condition ok","Academy of Natural Sciences of Drexel University","2016-08-29","OKgcKejxXbI=","13C15N","1",,,100,"d13C",-31.67,"perMill",,,
"2e50c4e4-49f0-446c-93d3-adffa78a0f25","D10","ARIK","ARIK.AOS.S2","2016-02-16","ARIK.SS.20160216.POM.2",,"condition ok","Academy of Natural Sciences of Drexel University","2016-09-01","OKgcKejxXbI=","13C15N","2",,,100,"d13C",-29.37,"perMill",,,
"6b610a45-c9ff-45f6-8e45-6e791440e044","D10","ARIK","ARIK.AOS.S2","2016-02-16","ARIK.SS.20160216.POM.2",,"other","Academy of Natural Sciences of Drexel University","2016-09-01","OKgcKejxXbI=","13C15N","2",340,25,100,"d15N",,"perMill",,"not enough sample for analysis","Audit Failed. Document: A00036_DREX_AlgalChem_DocAudit_20170407.pdf & A00036_DREX_AlgalChem_VisitAudit_20170407.pdf"
"34cdf359-1d43-4c4a-bde4-0f0fac4d2a10","D10","ARIK","ARIK.AOS.S2","2016-02-16","ARIK.SS.20160216.POM.2",,"other","Academy of Natural Sciences of Drexel University","2016-09-01","OKgcKejxXbI=","13C15N","2",,,100,"d15N",,"perMill",,"not enough sample for analysis",
"9cb582ed-c5ee-47c1-b43c-0291f9fae66c","D10","ARIK","ARIK.AOS.S2","2016-02-16","ARIK.SS.20160216.POM.1",,"condition ok","Academy of Natural Sciences of Drexel University","2016-08-29","OKgcKejxXbI=","13C15N","1",,,100,"d15N",5.94,"perMill",,,
