uid,domainID,siteID,namedLocation,collectDate,sampleID,sampleCode,sampleCondition,laboratoryName,analysisDate,analyzedBy,sampleType,replicate,sampleVolumeFiltered,filterSize,percentFilterAnalyzed,analyte,analyteConcentration,plantAlgaeLabUnits,method,externalRemarks,externalLabDataQF
"cc6863c1-cd71-401b-ad1e-5b05b79aa56e","D05","CRAM","CRAM.AOS.buoy.c0","2019-05-01","CRAM.C0.20190501.POM.1","A00000076006","condition ok","SIRFER Lab at University of Utah","2019-09-09","ElFtGy1kV49xqNP00HfxQA==","POM","1",250,25,100,"carbon",626.45,"microgramsPerLiter","Revesz & Coplen 2012a",,
"c9176797-cd0a-4cd0-a196-08831557a178","D05","CRAM","CRAM.AOS.buoy.c0","2019-05-01","CRAM.C0.20190501.POM.1","A00000076006","condition ok","SIRFER Lab at University of Utah","2019-09-09","ElFtGy1kV49xqNP00HfxQA==","POM","1",250,25,100,"d13C",-36.53,"perMill","Revesz & Coplen 2012a",,
"f27bfc36-f339-498a-bf1f-a3e193a49595","D05","CRAM","CRAM.AOS.buoy.c0","2019-05-01","CRAM.C0.20190501.POM.1","A00000076006","condition ok","SIRFER Lab at University of Utah","2019-09-09","ElFtGy1kV49xqNP00HfxQA==","POM","1",250,25,100,"nitrogen",85.31,"microgramsPerLiter","Revesz & Coplen 2012a",,
"7862c95c-1791-4466-84a6-f4fac4b8d4c9","D05","CRAM","CRAM.AOS.buoy.c0","2019-05-01","CRAM.C0.20190501.POM.1","A00000076006","condition ok","SIRFER Lab at University of Utah","2019-09-09","ElFtGy1kV49xqNP00HfxQA==","POM","1",250,25,100,"d15N",2.40,"perMill","Revesz & Coplen 2012a",,
"261ea30c-8290-4dcb-8e53-ca37c8d62d57","D05","CRAM","CRAM.AOS.buoy.c1","2019-05-22","CRAM.C1.20190522.POM.1","A00000076389","condition ok","SIRFER Lab at University of Utah","2019-09-09","ElFtGy1kV49xqNP00HfxQA==","POM","1",200,25,100,"d13C",-31.20,"perMill","Revesz & Coplen 2012a",,
"b5d4b68a-63f0-43ad-9d38-df0fac4f333f","D05","CRAM","CRAM.AOS.buoy.c1","2019-05-22","CRAM.C1.20190522.POM.1","A00000076389","condition ok","SIRFER Lab at University of Utah","2019-09-09","ElFtGy1kV49xqNP00HfxQA==","POM","1",200,25,100,"d15N",-0.56,"perMill","Revesz & Coplen 2012a",,
"256431ee-fb0a-4c83-8201-ec0e5eaa9ddb","D05","CRAM","CRAM.AOS.buoy.c1","2019-05-22","CRAM.C1.20190522.POM.1","A00000076389","condition ok","SIRFER Lab at University of Utah","2019-09-09","ElFtGy1kV49xqNP00HfxQA==","POM","1",200,25,100,"nitrogen",90.70,"microgramsPerLiter","Revesz & Coplen 2012a",,
"01ebb2ce-2e67-48e6-ac7b-8246b152cfb6","D05","CRAM","CRAM.AOS.buoy.c1","2019-05-22","CRAM.C1.20190522.POM.1","A00000076389","condition ok","SIRFER Lab at University of Utah","2019-09-09","ElFtGy1kV49xqNP00HfxQA==","POM","1",200,25,100,"carbon",800.15,"microgramsPerLiter","Revesz & Coplen 2012a",,
"c5a17f1c-e881-40f7-bad9-dbd9a240ece9","D05","CRAM","CRAM.AOS.buoy.c2","2019-05-22","CRAM.C2.20190522.POM.1","A00000076366","condition ok","SIRFER Lab at University of Utah","2019-09-09","ElFtGy1kV49xqNP00HfxQA==","POM","1",200,25,100,"d13C",-34.32,"perMill","Revesz & Coplen 2012a",,
"f81cf692-437e-42dc-8872-51694fb95cd8","D05","CRAM","CRAM.AOS.buoy.c2","2019-05-22","CRAM.C2.20190522.POM.1","A00000076366","condition ok","SIRFER Lab at University of Utah","2019-09-09","ElFtGy1kV49xqNP00HfxQA==","POM","1",200,25,100,"d15N",0.15,"perMill","Revesz & Coplen 2012a",,
"1713f344-ebd4-4cd7-8dbe-2cf1f88172f7","D05","CRAM","CRAM.AOS.buoy.c2","2019-05-22","CRAM.C2.20190522.POM.1","A00000076366","condition ok","SIRFER Lab at University of Utah","2019-09-09","ElFtGy1kV49xqNP00HfxQA==","POM","1",200,25,100,"nitrogen",86.73,"microgramsPerLiter","Revesz & Coplen 2012a",,
"7383a7f8-9d86-4463-9171-9fc727dae0bd","D05","CRAM","CRAM.AOS.buoy.c2","2019-05-22","CRAM.C2.20190522.POM.1","A00000076366","condition ok","SIRFER Lab at University of Utah","2019-09-09","ElFtGy1kV49xqNP00HfxQA==","POM","1",200,25,100,"carbon",742.28,"microgramsPerLiter","Revesz & Coplen 2012a",,
