uid,domainID,siteID,namedLocation,collectDate,sampleID,sampleCode,sampleCondition,laboratoryName,analysisDate,analyzedBy,sampleType,replicate,sampleVolumeFiltered,filterSize,percentFilterAnalyzed,analyte,analyteConcentration,plantAlgaeLabUnits,method,externalRemarks,externalLabDataQF
"dc34ea6e-90db-4d17-8513-a202f150cc54","D15","REDB","REDB.AOS.S2","2018-06-05","REDB.SS.20180605.POM.1","A00000023211","condition ok","SIRFER Lab at University of Utah","2018-07-18","ElFtGy1kV49xqNP00HfxQA==","POM","1",505,25,100,"d15N",1.50,"perMill","Revesz & Coplen 2012a",,
"009c2f37-e6f0-4cfc-afae-94af893ff693","D15","REDB","REDB.AOS.S2","2018-06-05","REDB.SS.20180605.POM.1","A00000023211","condition ok","SIRFER Lab at University of Utah","2018-07-18","ElFtGy1kV49xqNP00HfxQA==","POM","1",505,25,100,"d13C",-25.30,"perMill","Revesz & Coplen 2012a",,
"a97446c4-15ee-45a0-8a57-893739f83e11","D15","REDB","REDB.AOS.S2","2018-06-05","REDB.SS.20180605.POM.1","A00000023211","condition ok","SIRFER Lab at University of Utah","2018-07-18","ElFtGy1kV49xqNP00HfxQA==","POM","1",505,25,100,"carbon",290.86,"microgramsPerLiter","Revesz & Coplen 2012a",,
"b60fa6c1-39b7-4763-be26-f60adc4cc573","D15","REDB","REDB.AOS.S2","2018-06-05","REDB.SS.20180605.POM.1","A00000023211","condition ok","SIRFER Lab at University of Utah","2018-07-18","ElFtGy1kV49xqNP00HfxQA==","POM","1",505,25,100,"nitrogen",197.68,"microgramsPerLiter","Revesz & Coplen 2012a",,
"fa1fcfc4-0465-40c0-9aec-5d301d96d3cb","D15","REDB","REDB.AOS.S2","2018-06-12","REDB.SS.20180612.POM.1","A00000023214","condition ok","SIRFER Lab at University of Utah","2018-07-18","ElFtGy1kV49xqNP00HfxQA==","POM","1",500,25,100,"d13C",-24.81,"perMill","Revesz & Coplen 2012a",,
"9a2f43a9-3ac2-495a-92c9-9718510a5aaa","D15","REDB","REDB.AOS.S2","2018-06-12","REDB.SS.20180612.POM.1","A00000023214","condition ok","SIRFER Lab at University of Utah","2018-07-18","ElFtGy1kV49xqNP00HfxQA==","POM","1",500,25,100,"carbon",293.81,"microgramsPerLiter","Revesz & Coplen 2012a",,
"cbb57bba-2f30-4643-bf9d-4c75352ad8a6","D15","REDB","REDB.AOS.S2","2018-06-12","REDB.SS.20180612.POM.1","A00000023214","condition ok","SIRFER Lab at University of Utah","2018-07-18","ElFtGy1kV49xqNP00HfxQA==","POM","1",500,25,100,"d15N",1.38,"perMill","Revesz & Coplen 2012a",,
"7ae915f1-2f1b-4938-b41b-6c36504fdef9","D15","REDB","REDB.AOS.S2","2018-06-12","REDB.SS.20180612.POM.1","A00000023214","condition ok","SIRFER Lab at University of Utah","2018-07-18","ElFtGy1kV49xqNP00HfxQA==","POM","1",500,25,100,"nitrogen",17.29,"microgramsPerLiter","Revesz & Coplen 2012a",,
"d146faa9-0272-4024-902a-898d169fa537","D15","REDB","REDB.AOS.S2","2018-06-19","REDB.SS.20180619.POM.1","A00000023231","condition ok","SIRFER Lab at University of Utah","2018-07-18","ElFtGy1kV49xqNP00HfxQA==","POM","1",550,25,100,"d15N",2.91,"perMill","Revesz & Coplen 2012a",,
"f7ed7a39-de35-4e0e-a059-35e464aa44ff","D15","REDB","REDB.AOS.S2","2018-06-19","REDB.SS.20180619.POM.1","A00000023231","condition ok","SIRFER Lab at University of Utah","2018-07-18","ElFtGy1kV49xqNP00HfxQA==","POM","1",550,25,100,"carbon",730.63,"microgramsPerLiter","Revesz & Coplen 2012a",,
"e5443e6d-db61-481d-9845-139ec7cf8ea9","D15","REDB","REDB.AOS.S2","2018-06-19","REDB.SS.20180619.POM.1","A00000023231","condition ok","SIRFER Lab at University of Utah","2018-07-18","ElFtGy1kV49xqNP00HfxQA==","POM","1",550,25,100,"d13C",-22.55,"perMill","Revesz & Coplen 2012a",,
"c3c6a2d8-e09e-42f1-9bf4-58c20c8c3fbe","D15","REDB","REDB.AOS.S2","2018-06-19","REDB.SS.20180619.POM.1","A00000023231","condition ok","SIRFER Lab at University of Utah","2018-07-18","ElFtGy1kV49xqNP00HfxQA==","POM","1",550,25,100,"nitrogen",35.73,"microgramsPerLiter","Revesz & Coplen 2012a",,
