uid,domainID,siteID,namedLocation,collectDate,sampleID,sampleCode,sampleCondition,laboratoryName,analysisDate,analyzedBy,sampleType,replicate,sampleVolumeFiltered,filterSize,percentFilterAnalyzed,analyte,analyteConcentration,plantAlgaeLabUnits,method,externalRemarks,externalLabDataQF
"411ae5b1-7269-4cb7-857d-f11b7d9f326b","D09","PRLA","PRLA.AOS.buoy.c0","2017-01-18","PRLA.C0.20170118.POM.2",,"other","Academy of Natural Sciences of Drexel University","2017-06-01","OKgcKejxXbI=","13C15N","2",,,100,"d13C",-29.97,"perMill",,"filter folded poorly, sample loss",
"55deb054-baf1-4015-b101-5b1a3aace2f5","D09","PRLA","PRLA.AOS.buoy.c0","2017-01-18","PRLA.C0.20170118.POM.2",,"other","Academy of Natural Sciences of Drexel University","2017-06-01","OKgcKejxXbI=","13C15N","2",,,100,"d15N",2.70,"perMill",,"filter folded poorly, sample loss",
"51bc79be-4aa4-462f-9506-8933fa66887d","D09","PRLA","PRLA.AOS.buoy.c0","2017-01-18","PRLA.C0.20170118.POM.1",,"other","Academy of Natural Sciences of Drexel University","2017-04-12","OKgcKejxXbI=","13C15N","1",,,100,"d15N",5.08,"perMill",,"filter folded poorly, sample loss",
"0e4ad61d-3b3a-47ec-9555-e882f99ffd88","D09","PRLA","PRLA.AOS.buoy.c0","2017-01-18","PRLA.C0.20170118.POM.1",,"other","Academy of Natural Sciences of Drexel University","2017-04-12","OKgcKejxXbI=","13C15N","1",,,100,"d13C",-33.87,"perMill",,"filter folded poorly, sample loss",
