uid,domainID,siteID,namedLocation,collectDate,sampleID,sampleCode,sampleCondition,laboratoryName,analysisDate,analyzedBy,sampleType,replicate,sampleVolumeFiltered,filterSize,percentFilterAnalyzed,analyte,analyteConcentration,plantAlgaeLabUnits,method,externalRemarks,externalLabDataQF
"c5db4621-eaaf-4876-8782-4f06bb8d3d72","D08","TOMB","TOMB.AOS.buoy.c0","2017-06-13","TOMB.C0.20170613.POM.1",,"condition ok","SIRFER Lab at University of Utah","2018-03-26","ElFtGy1kV49xqNP00HfxQA==","POM","1",100,25,100,"d15N",17.15,"perMill","Revesz & Coplen 2012a",,
"5b049a59-49f2-45f0-9668-3b47fad9731f","D08","TOMB","TOMB.AOS.buoy.c0","2017-06-13","TOMB.C0.20170613.POM.1",,"condition ok","SIRFER Lab at University of Utah","2018-03-26","ElFtGy1kV49xqNP00HfxQA==","POM","1",100,25,100,"d13C",-27.97,"perMill","Revesz & Coplen 2012a",,
"d987e976-98b9-41aa-a4ed-7c2cc7e30d91","D08","TOMB","TOMB.AOS.buoy.c0","2017-06-13","TOMB.C0.20170613.POM.1",,"condition ok","SIRFER Lab at University of Utah","2018-03-26","ElFtGy1kV49xqNP00HfxQA==","POM","1",100,25,100,"carbon",859.78,"microgramsPerLiter","Revesz & Coplen 2012a",,
"3d463195-3df4-42a3-98b1-85df10a7cff0","D08","TOMB","TOMB.AOS.buoy.c0","2017-06-13","TOMB.C0.20170613.POM.1",,"condition ok","SIRFER Lab at University of Utah","2018-03-26","ElFtGy1kV49xqNP00HfxQA==","POM","1",100,25,100,"nitrogen",112.00,"microgramsPerLiter","Revesz & Coplen 2012a",,
"f3ddb54b-84e0-4e4c-bb22-6f6912b788da","D08","TOMB","TOMB.AOS.buoy.c0","2017-06-21","TOMB.C0.20170621.POM.1",,"condition ok","SIRFER Lab at University of Utah","2018-03-26","ElFtGy1kV49xqNP00HfxQA==","POM","1",100,25,100,"nitrogen",204.73,"microgramsPerLiter","Revesz & Coplen 2012a",,
"059b6479-273e-4c4e-9153-c5e527539e74","D08","TOMB","TOMB.AOS.buoy.c0","2017-06-21","TOMB.C0.20170621.POM.1",,"condition ok","SIRFER Lab at University of Utah","2018-03-26","ElFtGy1kV49xqNP00HfxQA==","POM","1",100,25,100,"d15N",10.53,"perMill","Revesz & Coplen 2012a",,
"ea0540fc-92f4-4534-9543-c49e00d16b82","D08","TOMB","TOMB.AOS.buoy.c0","2017-06-21","TOMB.C0.20170621.POM.1",,"condition ok","SIRFER Lab at University of Utah","2018-03-26","ElFtGy1kV49xqNP00HfxQA==","POM","1",100,25,100,"carbon",1468.85,"microgramsPerLiter","Revesz & Coplen 2012a",,
"535654e6-e248-4fe2-85d2-53104548f1ff","D08","TOMB","TOMB.AOS.buoy.c0","2017-06-21","TOMB.C0.20170621.POM.1",,"condition ok","SIRFER Lab at University of Utah","2018-03-26","ElFtGy1kV49xqNP00HfxQA==","POM","1",100,25,100,"d13C",-26.88,"perMill","Revesz & Coplen 2012a",,
