uid,domainID,siteID,namedLocation,collectDate,sampleID,sampleCode,sampleCondition,laboratoryName,analysisDate,analyzedBy,sampleType,replicate,sampleVolumeFiltered,filterSize,percentFilterAnalyzed,analyte,analyteConcentration,plantAlgaeLabUnits,method,externalRemarks,externalLabDataQF
"45c0ad05-2657-4f1c-ba98-11b6e815eaa4","D04","CUPE","CUPE.AOS.S2","2017-06-13","CUPE.SS.20170613.POM.2",,"condition ok","SIRFER Lab at University of Utah","2018-05-27","ElFtGy1kV49xqNP00HfxQA==","POM","1",2000,25,100,"d13C",-27.84,"perMill","Revesz & Coplen 2012a",,
"9b02167d-7c75-444a-b196-e405426dbf64","D04","CUPE","CUPE.AOS.S2","2017-06-13","CUPE.SS.20170613.POM.2",,"condition ok","SIRFER Lab at University of Utah","2018-05-27","ElFtGy1kV49xqNP00HfxQA==","POM","1",2000,25,100,"carbon",28.58,"microgramsPerLiter","Revesz & Coplen 2012a",,
"55613f7e-4aab-472d-b7b2-47139a247d47","D04","CUPE","CUPE.AOS.S2","2017-06-13","CUPE.SS.20170613.POM.2",,"condition ok","SIRFER Lab at University of Utah","2018-05-27","ElFtGy1kV49xqNP00HfxQA==","POM","1",2000,25,100,"d15N",22.53,"perMill","Revesz & Coplen 2012a","Below calibration range",
"f99d3b7e-8faf-4867-b473-25ddfcef66d0","D04","CUPE","CUPE.AOS.S2","2017-06-13","CUPE.SS.20170613.POM.2",,"condition ok","SIRFER Lab at University of Utah","2018-05-27","ElFtGy1kV49xqNP00HfxQA==","POM","1",2000,25,100,"nitrogen",2.87,"microgramsPerLiter","Revesz & Coplen 2012a","Below calibration range",
"b79fc98c-93c6-4b8b-b5e6-e0608fab762c","D04","CUPE","CUPE.AOS.S2","2017-06-22","CUPE.SS.20170622.POM.1",,"condition ok","SIRFER Lab at University of Utah","2018-05-27","ElFtGy1kV49xqNP00HfxQA==","POM","1",1500,25,100,"d15N",21.39,"perMill","Revesz & Coplen 2012a","Below calibration range",
"6d32d40b-8e88-4e2d-9fa8-0e9aa4da9454","D04","CUPE","CUPE.AOS.S2","2017-06-22","CUPE.SS.20170622.POM.1",,"condition ok","SIRFER Lab at University of Utah","2018-05-27","ElFtGy1kV49xqNP00HfxQA==","POM","1",1500,25,100,"carbon",35.14,"microgramsPerLiter","Revesz & Coplen 2012a",,
"5c05caba-7c0d-4485-8aae-b077001474ae","D04","CUPE","CUPE.AOS.S2","2017-06-22","CUPE.SS.20170622.POM.1",,"condition ok","SIRFER Lab at University of Utah","2018-05-27","ElFtGy1kV49xqNP00HfxQA==","POM","1",1500,25,100,"nitrogen",3.77,"microgramsPerLiter","Revesz & Coplen 2012a","Below calibration range",
"49e0cc30-623c-48f4-aad3-8edff891630a","D04","CUPE","CUPE.AOS.S2","2017-06-22","CUPE.SS.20170622.POM.1",,"condition ok","SIRFER Lab at University of Utah","2018-05-27","ElFtGy1kV49xqNP00HfxQA==","POM","1",1500,25,100,"d13C",-26.44,"perMill","Revesz & Coplen 2012a",,
