uid,domainID,siteID,namedLocation,collectDate,sampleID,sampleCode,sampleCondition,laboratoryName,analysisDate,analyzedBy,sampleType,replicate,sampleVolumeFiltered,filterSize,percentFilterAnalyzed,analyte,analyteConcentration,plantAlgaeLabUnits,method,externalRemarks,externalLabDataQF
"9710563c-f7ec-4a56-8ea8-4a07b0078fc9","D08","MAYF","MAYF.AOS.S2","2015-07-14","MAYF.SS.20150714.POM.1",,"condition ok","Academy of Natural Sciences of Drexel University","2016-09-13","OKgcKejxXbI=","13C15N","1",,,100,"d15N",4.88,"perMill",,"Difference in volume filtered",
"0ad5f0a6-e6fa-4324-9957-d9e41961ea67","D08","MAYF","MAYF.AOS.S2","2015-07-14","MAYF.SS.20150714.POM.2",,"condition ok","Academy of Natural Sciences of Drexel University","2017-01-17","OKgcKejxXbI=","13C15N","2",20,25,100,"d15N",3.91,"perMill",,"Difference in volume filtered","Audit Failed. Document: A00036_DREX_AlgalChem_DocAudit_20170407.pdf & A00036_DREX_AlgalChem_VisitAudit_20170407.pdf"
"ab702ee3-c887-4d5d-9a80-8f4c1df23017","D08","MAYF","MAYF.AOS.S2","2015-07-14","MAYF.SS.20150714.POM.1",,"condition ok","Academy of Natural Sciences of Drexel University","2016-09-13","OKgcKejxXbI=","13C15N","1",22,25,100,"d15N",4.88,"perMill",,"Difference in volume filtered","Audit Failed. Document: A00036_DREX_AlgalChem_DocAudit_20170407.pdf & A00036_DREX_AlgalChem_VisitAudit_20170407.pdf"
"27535058-28ae-4f2a-a120-7f2045bdf12f","D08","MAYF","MAYF.AOS.S2","2015-07-14","MAYF.SS.20150714.POM.2",,"condition ok","Academy of Natural Sciences of Drexel University","2017-01-17","OKgcKejxXbI=","13C15N","2",20,25,100,"d13C",-28.75,"perMill",,"Difference in volume filtered","Audit Failed. Document: A00036_DREX_AlgalChem_DocAudit_20170407.pdf & A00036_DREX_AlgalChem_VisitAudit_20170407.pdf"
"fdb62c41-29b6-4d25-8522-bc5561175bd3","D08","MAYF","MAYF.AOS.S2","2015-07-14","MAYF.SS.20150714.POM.1",,"condition ok","Academy of Natural Sciences of Drexel University","2016-09-13","OKgcKejxXbI=","13C15N","1",22,25,100,"d13C",-28.28,"perMill",,"Difference in volume filtered","Audit Failed. Document: A00036_DREX_AlgalChem_DocAudit_20170407.pdf & A00036_DREX_AlgalChem_VisitAudit_20170407.pdf"
"b77329d5-e2c6-477f-9aed-b206debba906","D08","MAYF","MAYF.AOS.S2","2015-07-14","MAYF.SS.20150714.POM.2",,"condition ok","Academy of Natural Sciences of Drexel University","2017-01-17","OKgcKejxXbI=","13C15N","2",,,100,"d15N",3.91,"perMill",,"Difference in volume filtered",
"96d4aa2a-e4cc-44de-b50d-16ff982dd4cd","D08","MAYF","MAYF.AOS.S2","2015-07-14","MAYF.SS.20150714.POM.1",,"condition ok","Academy of Natural Sciences of Drexel University","2016-09-13","OKgcKejxXbI=","13C15N","1",,,100,"d13C",-28.28,"perMill",,"Difference in volume filtered",
"51502c28-de71-44ab-abda-40b481ed0d3b","D08","MAYF","MAYF.AOS.S2","2015-07-14","MAYF.SS.20150714.POM.2",,"condition ok","Academy of Natural Sciences of Drexel University","2017-01-17","OKgcKejxXbI=","13C15N","2",,,100,"d13C",-28.75,"perMill",,"Difference in volume filtered",
