uid,domainID,siteID,namedLocation,collectDate,sampleID,sampleCode,sampleCondition,laboratoryName,analysisDate,analyzedBy,sampleType,replicate,sampleVolumeFiltered,filterSize,percentFilterAnalyzed,analyte,analyteConcentration,plantAlgaeLabUnits,method,externalRemarks,externalLabDataQF
"eda339ac-dd8f-46a1-a902-efc3b53f019d","D11","PRIN","PRIN.AOS.S2","2017-07-06","PRIN.SS.20170706.POM.1",,"condition ok","SIRFER Lab at University of Utah","2018-04-20","ElFtGy1kV49xqNP00HfxQA==","POM","1",400,25,100,"d15N",12.50,"perMill","Revesz & Coplen 2012a",,
"0bb2c0fd-f321-456b-ae18-86890720d6a1","D11","PRIN","PRIN.AOS.S2","2017-07-06","PRIN.SS.20170706.POM.1",,"condition ok","SIRFER Lab at University of Utah","2018-04-20","ElFtGy1kV49xqNP00HfxQA==","POM","1",400,25,100,"carbon",563.54,"microgramsPerLiter","Revesz & Coplen 2012a",,
"7821deea-4fe6-47ab-92b6-caaeb1493a61","D11","PRIN","PRIN.AOS.S2","2017-07-06","PRIN.SS.20170706.POM.1",,"condition ok","SIRFER Lab at University of Utah","2018-04-20","ElFtGy1kV49xqNP00HfxQA==","POM","1",400,25,100,"nitrogen",45.42,"microgramsPerLiter","Revesz & Coplen 2012a",,
"0cb173b3-55d5-49dc-bb08-59680420d733","D11","PRIN","PRIN.AOS.S2","2017-07-06","PRIN.SS.20170706.POM.1",,"condition ok","SIRFER Lab at University of Utah","2018-04-20","ElFtGy1kV49xqNP00HfxQA==","POM","1",400,25,100,"d13C",-18.91,"perMill","Revesz & Coplen 2012a",,
"ec5b7a0a-d3df-40e9-9929-fd9e5ceb073a","D11","PRIN","PRIN.AOS.S2","2017-07-11","PRIN.SS.20170711.POM.1",,"condition ok","SIRFER Lab at University of Utah","2018-04-20","ElFtGy1kV49xqNP00HfxQA==","POM","1",600,25,100,"nitrogen",33.43,"microgramsPerLiter","Revesz & Coplen 2012a",,
"14c70db1-2dd0-4bcf-98d8-575f3f160e90","D11","PRIN","PRIN.AOS.S2","2017-07-11","PRIN.SS.20170711.POM.1",,"condition ok","SIRFER Lab at University of Utah","2018-04-20","ElFtGy1kV49xqNP00HfxQA==","POM","1",600,25,100,"d15N",12.11,"perMill","Revesz & Coplen 2012a",,
"79453368-6658-49e2-9f41-5226e76796a2","D11","PRIN","PRIN.AOS.S2","2017-07-11","PRIN.SS.20170711.POM.1",,"condition ok","SIRFER Lab at University of Utah","2018-04-20","ElFtGy1kV49xqNP00HfxQA==","POM","1",600,25,100,"d13C",-23.30,"perMill","Revesz & Coplen 2012a",,
"0fb8eabf-fcc1-4dfa-b818-df7d8ec4f9f2","D11","PRIN","PRIN.AOS.S2","2017-07-11","PRIN.SS.20170711.POM.1",,"condition ok","SIRFER Lab at University of Utah","2018-04-20","ElFtGy1kV49xqNP00HfxQA==","POM","1",600,25,100,"carbon",334.76,"microgramsPerLiter","Revesz & Coplen 2012a",,
