uid,domainID,siteID,namedLocation,collectDate,analysisDate,isotopeH2OSampleID,isotopeH2OSampleCode,instrumentSN,d18OWater,d2HWater,d18OsdWater,d2HsdWater,isotopeH2OExternalLabQF,laboratoryName,analyzedBy,sampleCondition,externalRemarks,externalLabDataQF
"08b8d7a4-2ffc-434d-aca2-02ea3015e59c","D11","PRIN","PRIN.AOS.S2","2018-04-03","2018-05-15","PRIN.SS.20180403.H2O.1","A00000020338","HIDS2046",-4.36,-25.92,0.05,0.12,0,"SIRFER Lab at University of Utah","OlSmE6RRn5QQH8tvUHmK5i/poYiQr6sd","Sample Damaged or Lost","Loose cap vial leaked",
"054cf142-5a7f-4f64-80b6-481ec42bde54","D11","PRIN","PRIN.AOS.S2","2018-04-23","2018-05-15","PRIN.SS.20180423.H2O.1","A00000021170","HIDS2046",-4.07,-24.21,0.04,0.14,0,"SIRFER Lab at University of Utah","OlSmE6RRn5QQH8tvUHmK5i/poYiQr6sd","OK",,
"b68240b7-6c55-4768-9927-65d54e0b2d64","D11","PRIN","PRIN.AOS.S2","2018-04-24","2018-05-15","PRIN.SS.20180424.H2O.1","A00000021181","HIDS2046",-4.10,-24.15,0.04,0.16,0,"SIRFER Lab at University of Utah","OlSmE6RRn5QQH8tvUHmK5i/poYiQr6sd","Sample Damaged or Lost","Loose cap vial leaked",
"9e66d75c-b16b-4f19-b6b4-1f6a9ab38c2a","D11","PRIN","PRIN.AOS.S2","2018-04-26","2018-05-15","PRIN.SS.20180426.H2O.1","A00000021172","HIDS2046",-3.98,-23.60,0.03,0.10,0,"SIRFER Lab at University of Utah","OlSmE6RRn5QQH8tvUHmK5i/poYiQr6sd","OK",,
"2dee3435-308b-44ab-9b4f-6a128b2e431e","D11","PRIN","PRIN.AOS.S2","2018-04-30","2018-05-15","PRIN.SS.20180430.H2O.1","A00000021187","HIDS2046",-4.09,-24.28,0.04,0.04,0,"SIRFER Lab at University of Utah","OlSmE6RRn5QQH8tvUHmK5i/poYiQr6sd","Sample Damaged or Lost","Loose cap vial leaked",
