uid,domainID,siteID,namedLocation,decimalLatitude,decimalLongitude,coordinateUncertainty,additionalCoordUncertainty,elevation,elevationUncertainty,geodeticDatum,altLocation,altLatitude,altLongitude,altCoordinateUncertainty,altGeodeticDatum,collectDate,aquaticSiteType,samplingImpractical,parentSampleID,parentSampleCode,eventID,samplerType,dissolvedOxygen,dissolvedOxygenSaturation,specificConductance,waterTemp,asiSamplingProtocolVersion,lowerSegmentDepth,upperSegmentDepth,maxDepth,lakeSampleDepth1,lakeSampleDepth2,aCollectedBy,bCollectedBy,remarks,fieldDataQF
"97440290-881d-4f3b-a58a-b857dc9f2f9c","D11","PRIN","PRIN.AOS.S2",33.378430,-97.781508,0.1,10.0,251.1,0.1,"WGS84",,,,,,"2018-04-03T14:55Z","stream",,"PRIN.SS.20180403",,"PRIN.20180403","Grab",9.82,100.20,927.00,14.60,"NEON.DOC.001886vF",,,,,,"kjones03@battelleecology.org","lhostert@battelleecology.org",,
"01e21e5f-36c9-4e05-a5b0-ba26c7289714","D11","PRIN","PRIN.AOS.S2",33.378430,-97.781508,0.1,10.0,251.1,0.1,"WGS84",,,,,,"2018-04-23T16:03Z","stream",,"PRIN.SS.20180423",,"PRIN.20180423","Grab",7.81,79.20,885.00,15.00,"NEON.DOC.001886vF",,,,,,"nfenster@battelleecology.org","kjones03@battelleecology.org",,
"05c3fc61-2133-45a5-89c5-9bd758f30fd2","D11","PRIN","PRIN.AOS.S2",33.378430,-97.781508,0.1,10.0,251.1,0.1,"WGS84",,,,,,"2018-04-24T15:15Z","stream",,"PRIN.SS.20180424",,"PRIN.20180424","Grab",7.86,80.60,849.00,15.50,"NEON.DOC.001886vF",,,,,,"kjones03@battelleecology.org","nfenster@battelleecology.org",,
"980a2a62-0081-44d5-ae25-a92e94ac123c","D11","PRIN","PRIN.AOS.S2",33.378430,-97.781508,0.1,10.0,251.1,0.1,"WGS84",,,,,,"2018-04-26T14:24Z","stream",,"PRIN.SS.20180426",,"PRIN.20180426","Grab",7.68,73.00,872.00,11.90,"NEON.DOC.001886vF",,,,,,"cburton@battelleecology.org","nfenster@battelleecology.org",,
"4a221b9c-37b2-4bd0-9da8-f21aeb98c885","D11","PRIN","PRIN.AOS.S2",33.378430,-97.781508,0.1,10.0,251.1,0.1,"WGS84",,,,,,"2018-04-30T14:52Z","stream",,"PRIN.SS.20180430",,"PRIN.20180430","Grab",5.87,63.30,866.00,17.80,"NEON.DOC.001886vF",,,,,,"nfenster@battelleecology.org","kjones03@battelleecology.org",,
