uid,domainID,siteID,namedLocation,collectDate,parentSampleID,parentSampleCode,isotopeH2OSampleCond,isotopeH2OSampleID,isotopeH2OSampleCode,isotopePOMRep2SampleCond,isotopePOMRep2SampleID,isotopePOMRep2SampleCode,isotopePOMSampleCond,isotopePOMSampleID,isotopePOMSampleCode,processedDateFilters,processedDateH2OIsotopes,sampleVolumeFilteredPOMRep1,sampleVolumeFilteredPOMRep2,fieldDataQF
"0f98d982-a5ed-4d32-8009-8eb8f1e031eb","D11","PRIN","PRIN.AOS.S2","2018-04-03T14:55Z","PRIN.SS.20180403",,"Sample condition ok","PRIN.SS.20180403.H2O.1","A00000020338","Sample condition ok","PRIN.SS.20180403.POM.2","A00000020340","Sample condition ok","PRIN.SS.20180403.POM.1","A00000020339","2018-04-03T18:15Z","2018-04-03T18:45Z",500,500,
"3d1c32a7-d122-4b42-a139-62ae6f9ba083","D11","PRIN","PRIN.AOS.S2","2018-04-23T16:03Z","PRIN.SS.20180423",,"Sample condition ok","PRIN.SS.20180423.H2O.1","A00000021170","Sample condition ok","PRIN.SS.20180423.POM.2","A00000021226","Sample condition ok","PRIN.SS.20180423.POM.1","A00000021180","2018-04-23T19:30Z","2018-04-23T19:03Z",500,500,
"fe0bcc51-ec12-4458-b95c-6405d1322391","D11","PRIN","PRIN.AOS.S2","2018-04-24T15:15Z","PRIN.SS.20180424",,"Sample condition ok","PRIN.SS.20180424.H2O.1","A00000021181","Sample condition ok","PRIN.SS.20180424.POM.2","A00000021183","Sample condition ok","PRIN.SS.20180424.POM.1","A00000021182","2018-04-24T18:20Z","2018-04-24T15:25Z",500,500,
"490215ec-387d-426c-8db0-bf3e40d1bb8b","D11","PRIN","PRIN.AOS.S2","2018-04-26T14:24Z","PRIN.SS.20180426",,"Sample condition ok","PRIN.SS.20180426.H2O.1","A00000021172","Sample condition ok","PRIN.SS.20180426.POM.2","A00000021194","Sample condition ok","PRIN.SS.20180426.POM.1","A00000021195","2018-04-26T16:30Z","2018-04-26T14:31Z",500,500,
"1c255e60-e105-4c6c-9f59-e683fe8921ef","D11","PRIN","PRIN.AOS.S2","2018-04-30T14:52Z","PRIN.SS.20180430",,"Sample condition ok","PRIN.SS.20180430.H2O.1","A00000021187","Sample condition ok","PRIN.SS.20180430.POM.2","A00000021223","Sample condition ok","PRIN.SS.20180430.POM.1","A00000021227","2018-04-30T17:00Z","2018-04-30T17:00Z",500,500,
