uid,domainID,siteID,namedLocation,collectDate,sampleID,sampleCode,sampleCondition,laboratoryName,analysisDate,analyzedBy,sampleType,replicate,sampleVolumeFiltered,filterSize,percentFilterAnalyzed,analyte,analyteConcentration,plantAlgaeLabUnits,method,externalRemarks,externalLabDataQF
"c40a322b-6f8c-48d3-bade-81da6f90f831","D11","PRIN","PRIN.AOS.S2","2018-04-03","PRIN.SS.20180403.POM.1","A00000020339","condition ok","SIRFER Lab at University of Utah","2018-08-16","ElFtGy1kV49xqNP00HfxQA==","POM","1",500,25,100,"nitrogen",34.80,"microgramsPerLiter","Revesz & Coplen 2012a",,
"24a80c48-bfd7-4d4c-b2a1-abedc261e471","D11","PRIN","PRIN.AOS.S2","2018-04-03","PRIN.SS.20180403.POM.1","A00000020339","condition ok","SIRFER Lab at University of Utah","2018-08-16","ElFtGy1kV49xqNP00HfxQA==","POM","1",500,25,100,"d13C",-28.59,"perMill","Revesz & Coplen 2012a",,
"825a9a35-469d-4536-8591-3f16667bf368","D11","PRIN","PRIN.AOS.S2","2018-04-03","PRIN.SS.20180403.POM.1","A00000020339","condition ok","SIRFER Lab at University of Utah","2018-08-16","ElFtGy1kV49xqNP00HfxQA==","POM","1",500,25,100,"d15N",1.27,"perMill","Revesz & Coplen 2012a",,
"5cdb5664-970f-441b-8ba1-0458724a16f5","D11","PRIN","PRIN.AOS.S2","2018-04-03","PRIN.SS.20180403.POM.1","A00000020339","condition ok","SIRFER Lab at University of Utah","2018-08-16","ElFtGy1kV49xqNP00HfxQA==","POM","1",500,25,100,"carbon",727.40,"microgramsPerLiter","Revesz & Coplen 2012a",,
"4cbff3be-2e4a-475e-b4a7-6106df175836","D11","PRIN","PRIN.AOS.S2","2018-04-23","PRIN.SS.20180423.POM.1","A00000021180","condition ok","SIRFER Lab at University of Utah","2018-08-16","ElFtGy1kV49xqNP00HfxQA==","POM","1",500,25,100,"d15N",8.34,"perMill","Revesz & Coplen 2012a",,
"f0564e1a-2f4d-4734-aebc-bef1997011cb","D11","PRIN","PRIN.AOS.S2","2018-04-23","PRIN.SS.20180423.POM.1","A00000021180","condition ok","SIRFER Lab at University of Utah","2018-08-16","ElFtGy1kV49xqNP00HfxQA==","POM","1",500,25,100,"d13C",-28.41,"perMill","Revesz & Coplen 2012a",,
"6cdb3832-216b-4a61-8a5a-bae23d9139a5","D11","PRIN","PRIN.AOS.S2","2018-04-23","PRIN.SS.20180423.POM.1","A00000021180","condition ok","SIRFER Lab at University of Utah","2018-08-16","ElFtGy1kV49xqNP00HfxQA==","POM","1",500,25,100,"carbon",300.20,"microgramsPerLiter","Revesz & Coplen 2012a",,
"f8ee8f37-5e16-4a86-8c69-eb13092d92b9","D11","PRIN","PRIN.AOS.S2","2018-04-23","PRIN.SS.20180423.POM.1","A00000021180","condition ok","SIRFER Lab at University of Utah","2018-08-16","ElFtGy1kV49xqNP00HfxQA==","POM","1",500,25,100,"nitrogen",41.21,"microgramsPerLiter","Revesz & Coplen 2012a",,
"190a48e5-87af-4b98-90d1-39e388ddd86a","D11","PRIN","PRIN.AOS.S2","2018-04-24","PRIN.SS.20180424.POM.1","A00000021182","condition ok","SIRFER Lab at University of Utah","2018-08-16","ElFtGy1kV49xqNP00HfxQA==","POM","1",500,25,100,"carbon",238.85,"microgramsPerLiter","Revesz & Coplen 2012a",,
"5dabe035-61cc-4d24-a22f-6690c0dd7d96","D11","PRIN","PRIN.AOS.S2","2018-04-24","PRIN.SS.20180424.POM.1","A00000021182","condition ok","SIRFER Lab at University of Utah","2018-08-16","ElFtGy1kV49xqNP00HfxQA==","POM","1",500,25,100,"d13C",-28.20,"perMill","Revesz & Coplen 2012a",,
"bcf6c4db-b8e2-459f-ab80-f6a79ff675ed","D11","PRIN","PRIN.AOS.S2","2018-04-24","PRIN.SS.20180424.POM.1","A00000021182","condition ok","SIRFER Lab at University of Utah","2018-08-16","ElFtGy1kV49xqNP00HfxQA==","POM","1",500,25,100,"d15N",7.09,"perMill","Revesz & Coplen 2012a",,
"48ed490c-35bb-4b38-ab8f-322a99748769","D11","PRIN","PRIN.AOS.S2","2018-04-24","PRIN.SS.20180424.POM.1","A00000021182","condition ok","SIRFER Lab at University of Utah","2018-08-16","ElFtGy1kV49xqNP00HfxQA==","POM","1",500,25,100,"nitrogen",33.50,"microgramsPerLiter","Revesz & Coplen 2012a",,
"92f7f6ec-92e5-4148-b4cc-0a842d550fc4","D11","PRIN","PRIN.AOS.S2","2018-04-26","PRIN.SS.20180426.POM.1","A00000021195","condition ok","SIRFER Lab at University of Utah","2018-08-16","ElFtGy1kV49xqNP00HfxQA==","POM","1",500,25,100,"d13C",-29.01,"perMill","Revesz & Coplen 2012a",,
"2f7008a2-5876-4026-a373-537d3a21fc47","D11","PRIN","PRIN.AOS.S2","2018-04-26","PRIN.SS.20180426.POM.1","A00000021195","condition ok","SIRFER Lab at University of Utah","2018-08-16","ElFtGy1kV49xqNP00HfxQA==","POM","1",500,25,100,"nitrogen",32.39,"microgramsPerLiter","Revesz & Coplen 2012a",,
"6c454693-45fe-4e41-8b6c-8ca82017587b","D11","PRIN","PRIN.AOS.S2","2018-04-26","PRIN.SS.20180426.POM.1","A00000021195","condition ok","SIRFER Lab at University of Utah","2018-08-16","ElFtGy1kV49xqNP00HfxQA==","POM","1",500,25,100,"d15N",8.10,"perMill","Revesz & Coplen 2012a",,
"fe32014b-afca-40c5-8903-489654066ac2","D11","PRIN","PRIN.AOS.S2","2018-04-26","PRIN.SS.20180426.POM.1","A00000021195","condition ok","SIRFER Lab at University of Utah","2018-08-16","ElFtGy1kV49xqNP00HfxQA==","POM","1",500,25,100,"carbon",224.49,"microgramsPerLiter","Revesz & Coplen 2012a",,
"bce7a529-c149-4e7a-8abe-48f3d27badd1","D11","PRIN","PRIN.AOS.S2","2018-04-30","PRIN.SS.20180430.POM.1","A00000021227","condition ok","SIRFER Lab at University of Utah","2018-08-16","ElFtGy1kV49xqNP00HfxQA==","POM","1",500,25,100,"carbon",253.32,"microgramsPerLiter","Revesz & Coplen 2012a",,
"69e4140c-06c6-4cb6-b297-b6b8faf60935","D11","PRIN","PRIN.AOS.S2","2018-04-30","PRIN.SS.20180430.POM.1","A00000021227","condition ok","SIRFER Lab at University of Utah","2018-08-16","ElFtGy1kV49xqNP00HfxQA==","POM","1",500,25,100,"d13C",-27.10,"perMill","Revesz & Coplen 2012a",,
"60069be0-8a49-46f2-8d2e-257c1af4159d","D11","PRIN","PRIN.AOS.S2","2018-04-30","PRIN.SS.20180430.POM.1","A00000021227","condition ok","SIRFER Lab at University of Utah","2018-08-16","ElFtGy1kV49xqNP00HfxQA==","POM","1",500,25,100,"nitrogen",41.42,"microgramsPerLiter","Revesz & Coplen 2012a",,
"8545c2c3-460a-4369-87f6-17bf01674de9","D11","PRIN","PRIN.AOS.S2","2018-04-30","PRIN.SS.20180430.POM.1","A00000021227","condition ok","SIRFER Lab at University of Utah","2018-08-16","ElFtGy1kV49xqNP00HfxQA==","POM","1",500,25,100,"d15N",9.08,"perMill","Revesz & Coplen 2012a",,
