uid,domainID,siteID,namedLocation,collectDate,sampleID,sampleCode,sampleCondition,laboratoryName,analysisDate,analyzedBy,sampleType,replicate,sampleVolumeFiltered,filterSize,percentFilterAnalyzed,analyte,analyteConcentration,plantAlgaeLabUnits,method,externalRemarks,externalLabDataQF
"53d42fba-c55e-46eb-a65a-f99b29737ca9","D02","POSE","POSE.AOS.S2","2016-11-08","POSE.SS.20161108.POM.1",,"condition ok","SIRFER Lab at University of Utah","2018-03-08","ElFtGy1kV49xqNP00HfxQA==","POM","1",700,25,100,"d13C",-28.27,"perMill","Revesz & Coplen 2012a",,
"474eec09-cec9-4332-a33f-6e87dde759b9","D02","POSE","POSE.AOS.S2","2016-11-08","POSE.SS.20161108.POM.1",,"condition ok","SIRFER Lab at University of Utah","2018-03-08","ElFtGy1kV49xqNP00HfxQA==","POM","1",700,25,100,"nitrogen",28.16,"microgramsPerLiter","Revesz & Coplen 2012a",,
"9851bdba-cec0-44bb-a526-8c01edfd31e7","D02","POSE","POSE.AOS.S2","2016-11-08","POSE.SS.20161108.POM.1",,"condition ok","SIRFER Lab at University of Utah","2018-03-08","ElFtGy1kV49xqNP00HfxQA==","POM","1",700,25,100,"carbon",1004.37,"microgramsPerLiter","Revesz & Coplen 2012a",,
"b2078c46-e09b-4637-b9b7-d9a57c485d1a","D02","POSE","POSE.AOS.S2","2016-11-08","POSE.SS.20161108.POM.1",,"condition ok","SIRFER Lab at University of Utah","2018-03-08","ElFtGy1kV49xqNP00HfxQA==","POM","1",700,25,100,"d15N",7.75,"perMill","Revesz & Coplen 2012a",,
"d7e84e3e-132f-42ca-986b-91d45a426cbe","D02","POSE","POSE.AOS.S2","2016-11-29","POSE.SS.20161129.POM.1",,"condition ok","SIRFER Lab at University of Utah","2018-03-08","ElFtGy1kV49xqNP00HfxQA==","POM","1",500,25,100,"d15N",5.35,"perMill","Revesz & Coplen 2012a",,
"8d5aeff1-a404-4cea-888b-971f9e9683a4","D02","POSE","POSE.AOS.S2","2016-11-29","POSE.SS.20161129.POM.1",,"condition ok","SIRFER Lab at University of Utah","2018-03-08","ElFtGy1kV49xqNP00HfxQA==","POM","1",500,25,100,"nitrogen",51.81,"microgramsPerLiter","Revesz & Coplen 2012a",,
"4f6bec21-1b5f-4a1a-ba34-6aa5afd55f66","D02","POSE","POSE.AOS.S2","2016-11-29","POSE.SS.20161129.POM.1",,"condition ok","SIRFER Lab at University of Utah","2018-03-08","ElFtGy1kV49xqNP00HfxQA==","POM","1",500,25,100,"d13C",-27.76,"perMill","Revesz & Coplen 2012a",,
"1b5f7c2d-243e-4dcd-967c-d900f3b82c81","D02","POSE","POSE.AOS.S2","2016-11-29","POSE.SS.20161129.POM.1",,"condition ok","SIRFER Lab at University of Utah","2018-03-08","ElFtGy1kV49xqNP00HfxQA==","POM","1",500,25,100,"carbon",671.11,"microgramsPerLiter","Revesz & Coplen 2012a",,
