uid,domainID,siteID,namedLocation,collectDate,sampleID,sampleCode,sampleCondition,laboratoryName,analysisDate,analyzedBy,sampleType,replicate,sampleVolumeFiltered,filterSize,percentFilterAnalyzed,analyte,analyteConcentration,plantAlgaeLabUnits,method,externalRemarks,externalLabDataQF
"7483921b-2bda-4f27-bf10-bc11fb678a21","D11","PRIN","PRIN.AOS.S2","2017-03-07","PRIN.SS.20170307.POM.1",,"condition ok","SIRFER Lab at University of Utah","2018-04-20","ElFtGy1kV49xqNP00HfxQA==","POM","1",550,25,100,"d13C",-30.19,"perMill","Revesz & Coplen 2012a",,
"2aefe136-0fb1-4073-b779-5d36550f1c30","D11","PRIN","PRIN.AOS.S2","2017-03-07","PRIN.SS.20170307.POM.1",,"condition ok","SIRFER Lab at University of Utah","2018-04-20","ElFtGy1kV49xqNP00HfxQA==","POM","1",550,25,100,"nitrogen",20.90,"microgramsPerLiter","Revesz & Coplen 2012a",,
"85136b83-3e66-4e1d-a9d7-73f6b351619a","D11","PRIN","PRIN.AOS.S2","2017-03-07","PRIN.SS.20170307.POM.1",,"condition ok","SIRFER Lab at University of Utah","2018-04-20","ElFtGy1kV49xqNP00HfxQA==","POM","1",550,25,100,"carbon",227.18,"microgramsPerLiter","Revesz & Coplen 2012a",,
"4cdba150-3972-4ff2-8692-f87996897149","D11","PRIN","PRIN.AOS.S2","2017-03-07","PRIN.SS.20170307.POM.1",,"condition ok","SIRFER Lab at University of Utah","2018-04-20","ElFtGy1kV49xqNP00HfxQA==","POM","1",550,25,100,"d15N",8.00,"perMill","Revesz & Coplen 2012a",,
"1beffebf-0dae-4319-ad52-db8023b33926","D11","PRIN","PRIN.AOS.S2","2017-03-17","PRIN.SS.20170317.POM.1",,"condition ok","SIRFER Lab at University of Utah","2018-04-20","ElFtGy1kV49xqNP00HfxQA==","POM","1",500,25,100,"d13C",-32.45,"perMill","Revesz & Coplen 2012a",,
"68d24ce8-2c66-4d8a-9f3e-ccd0bf19a453","D11","PRIN","PRIN.AOS.S2","2017-03-17","PRIN.SS.20170317.POM.1",,"condition ok","SIRFER Lab at University of Utah","2018-04-20","ElFtGy1kV49xqNP00HfxQA==","POM","1",500,25,100,"nitrogen",18.86,"microgramsPerLiter","Revesz & Coplen 2012a",,
"01e71761-9dbf-4f60-baa1-6fc43b39af90","D11","PRIN","PRIN.AOS.S2","2017-03-17","PRIN.SS.20170317.POM.1",,"condition ok","SIRFER Lab at University of Utah","2018-04-20","ElFtGy1kV49xqNP00HfxQA==","POM","1",500,25,100,"carbon",215.98,"microgramsPerLiter","Revesz & Coplen 2012a",,
"fd56b203-755a-44b9-9b64-b599106fdecb","D11","PRIN","PRIN.AOS.S2","2017-03-17","PRIN.SS.20170317.POM.1",,"condition ok","SIRFER Lab at University of Utah","2018-04-20","ElFtGy1kV49xqNP00HfxQA==","POM","1",500,25,100,"d15N",9.02,"perMill","Revesz & Coplen 2012a",,
"91075dae-74ee-4a66-bf50-61c8653c3a98","D11","PRIN","PRIN.AOS.S2","2017-03-27","PRIN.SS.20170327.POM.1",,"condition ok","SIRFER Lab at University of Utah","2018-04-20","ElFtGy1kV49xqNP00HfxQA==","POM","1",400,25,100,"d15N",8.13,"perMill","Revesz & Coplen 2012a",,
"96812ea0-3056-4ce8-9f3a-5e37684d2eec","D11","PRIN","PRIN.AOS.S2","2017-03-27","PRIN.SS.20170327.POM.1",,"condition ok","SIRFER Lab at University of Utah","2018-04-20","ElFtGy1kV49xqNP00HfxQA==","POM","1",400,25,100,"carbon",276.69,"microgramsPerLiter","Revesz & Coplen 2012a",,
"44f64797-999f-46e7-82fc-907b8912e471","D11","PRIN","PRIN.AOS.S2","2017-03-27","PRIN.SS.20170327.POM.1",,"condition ok","SIRFER Lab at University of Utah","2018-04-20","ElFtGy1kV49xqNP00HfxQA==","POM","1",400,25,100,"nitrogen",24.32,"microgramsPerLiter","Revesz & Coplen 2012a",,
"2df53fcb-ade0-4766-9af9-d822395373e1","D11","PRIN","PRIN.AOS.S2","2017-03-27","PRIN.SS.20170327.POM.1",,"condition ok","SIRFER Lab at University of Utah","2018-04-20","ElFtGy1kV49xqNP00HfxQA==","POM","1",400,25,100,"d13C",-29.58,"perMill","Revesz & Coplen 2012a",,
