uid,domainID,siteID,namedLocation,collectDate,sampleID,sampleCode,sampleCondition,laboratoryName,analysisDate,analyzedBy,sampleType,replicate,sampleVolumeFiltered,filterSize,percentFilterAnalyzed,analyte,analyteConcentration,plantAlgaeLabUnits,method,externalRemarks,externalLabDataQF
"0f819c89-9734-42bd-99f7-20f9dc834d78","D02","POSE","POSE.AOS.S2","2015-09-15","POSE.SS.20150915.POM.2",,"condition ok","Academy of Natural Sciences of Drexel University","2016-03-31","OKgcKejxXbI=","13C15N","2",,,100,"d15N",0.56,"perMill",,,
"51e902e5-3ae3-430a-9cc1-f5ed7eb20740","D02","POSE","POSE.AOS.S2","2015-09-15","POSE.SS.20150915.POM.2",,"condition ok","Academy of Natural Sciences of Drexel University","2016-03-31","OKgcKejxXbI=","13C15N","2",150,25,100,"d15N",0.56,"perMill",,,"Audit Failed. Document: A00036_DREX_AlgalChem_DocAudit_20170407.pdf & A00036_DREX_AlgalChem_VisitAudit_20170407.pdf"
"3086c456-f508-4c87-9af5-7f602ff3ce7e","D02","POSE","POSE.AOS.S2","2015-09-15","POSE.SS.20150915.POM.2",,"condition ok","Academy of Natural Sciences of Drexel University","2016-03-31","OKgcKejxXbI=","13C15N","2",150,25,100,"d13C",-27.87,"perMill",,,"Audit Failed. Document: A00036_DREX_AlgalChem_DocAudit_20170407.pdf & A00036_DREX_AlgalChem_VisitAudit_20170407.pdf"
"fa29fb59-4e8b-43c9-be97-fd700c678691","D02","POSE","POSE.AOS.S2","2015-09-15","POSE.SS.20150915.POM.1",,"condition ok","Academy of Natural Sciences of Drexel University","2016-03-31","OKgcKejxXbI=","13C15N","1",150,25,100,"d13C",-28.02,"perMill",,,"Audit Failed. Document: A00036_DREX_AlgalChem_DocAudit_20170407.pdf & A00036_DREX_AlgalChem_VisitAudit_20170407.pdf"
"eda9f584-c064-4857-831f-68bafe126324","D02","POSE","POSE.AOS.S2","2015-09-15","POSE.SS.20150915.POM.1",,"condition ok","Academy of Natural Sciences of Drexel University","2016-03-31","OKgcKejxXbI=","13C15N","1",150,25,100,"d15N",2.53,"perMill",,,"Audit Failed. Document: A00036_DREX_AlgalChem_DocAudit_20170407.pdf & A00036_DREX_AlgalChem_VisitAudit_20170407.pdf"
"66acb410-0433-40d2-857d-f45b78842ed8","D02","POSE","POSE.AOS.S2","2015-09-15","POSE.SS.20150915.POM.1",,"condition ok","Academy of Natural Sciences of Drexel University","2016-03-31","OKgcKejxXbI=","13C15N","1",,,100,"d13C",-28.02,"perMill",,,
"e9d3d53b-b20e-45a9-87d7-d3152d1e4784","D02","POSE","POSE.AOS.S2","2015-09-15","POSE.SS.20150915.POM.2",,"condition ok","Academy of Natural Sciences of Drexel University","2016-03-31","OKgcKejxXbI=","13C15N","2",,,100,"d13C",-27.87,"perMill",,,
"7231eac3-7134-44fd-a0b0-93a05cf1295a","D02","POSE","POSE.AOS.S2","2015-09-15","POSE.SS.20150915.POM.1",,"condition ok","Academy of Natural Sciences of Drexel University","2016-03-31","OKgcKejxXbI=","13C15N","1",,,100,"d15N",2.53,"perMill",,,
