uid,domainID,siteID,namedLocation,collectDate,sampleID,sampleCode,sampleCondition,laboratoryName,analysisDate,analyzedBy,sampleType,replicate,sampleVolumeFiltered,filterSize,percentFilterAnalyzed,analyte,analyteConcentration,plantAlgaeLabUnits,method,externalRemarks,externalLabDataQF
"f283ae0e-4070-452d-a98f-cc8cd0220d6d","D01","HOPB","HOPB.AOS.S2","2018-05-14","HOPB.SS.20180514.POM.1","A00000000163","condition ok","SIRFER Lab at University of Utah","2018-07-25","ElFtGy1kV49xqNP00HfxQA==","POM","1",550,25,100,"d15N",1.87,"perMill","Revesz & Coplen 2012a",,
"270ddef9-5aee-4f68-bd4a-f5f258dc606e","D01","HOPB","HOPB.AOS.S2","2018-05-14","HOPB.SS.20180514.POM.1","A00000000163","condition ok","SIRFER Lab at University of Utah","2018-07-25","ElFtGy1kV49xqNP00HfxQA==","POM","1",550,25,100,"nitrogen",10.44,"microgramsPerLiter","Revesz & Coplen 2012a",,
"8ac3d12d-3931-44ec-be37-4b16e9f6a8e0","D01","HOPB","HOPB.AOS.S2","2018-05-14","HOPB.SS.20180514.POM.1","A00000000163","condition ok","SIRFER Lab at University of Utah","2018-07-25","ElFtGy1kV49xqNP00HfxQA==","POM","1",550,25,100,"carbon",149.00,"microgramsPerLiter","Revesz & Coplen 2012a",,
"adfe2878-2c3f-4df6-9829-5598f2e68b6b","D01","HOPB","HOPB.AOS.S2","2018-05-14","HOPB.SS.20180514.POM.1","A00000000163","condition ok","SIRFER Lab at University of Utah","2018-07-25","ElFtGy1kV49xqNP00HfxQA==","POM","1",550,25,100,"d13C",-26.06,"perMill","Revesz & Coplen 2012a",,
"2620403a-fab8-4811-8948-79c31a892ce1","D01","HOPB","HOPB.AOS.S2","2018-05-22","HOPB.SS.20180522.POM.1","A00000000616","condition ok","SIRFER Lab at University of Utah","2018-07-25","ElFtGy1kV49xqNP00HfxQA==","POM","1",600,25,100,"carbon",363.93,"microgramsPerLiter","Revesz & Coplen 2012a",,
"e99fac0c-d46a-481e-9f8d-61934eca2b52","D01","HOPB","HOPB.AOS.S2","2018-05-22","HOPB.SS.20180522.POM.1","A00000000616","condition ok","SIRFER Lab at University of Utah","2018-07-25","ElFtGy1kV49xqNP00HfxQA==","POM","1",600,25,100,"d15N",7.16,"perMill","Revesz & Coplen 2012a",,
"8b205884-71f4-4948-886d-fd3d36a58d34","D01","HOPB","HOPB.AOS.S2","2018-05-22","HOPB.SS.20180522.POM.1","A00000000616","condition ok","SIRFER Lab at University of Utah","2018-07-25","ElFtGy1kV49xqNP00HfxQA==","POM","1",600,25,100,"nitrogen",29.75,"microgramsPerLiter","Revesz & Coplen 2012a",,
"e5752f4e-6dfa-41c6-a9de-d726099b33c2","D01","HOPB","HOPB.AOS.S2","2018-05-22","HOPB.SS.20180522.POM.1","A00000000616","condition ok","SIRFER Lab at University of Utah","2018-07-25","ElFtGy1kV49xqNP00HfxQA==","POM","1",600,25,100,"d13C",-28.55,"perMill","Revesz & Coplen 2012a",,
