uid,domainID,siteID,namedLocation,collectDate,sampleID,sampleCode,sampleCondition,laboratoryName,analysisDate,analyzedBy,sampleType,replicate,sampleVolumeFiltered,filterSize,percentFilterAnalyzed,analyte,analyteConcentration,plantAlgaeLabUnits,method,externalRemarks,externalLabDataQF
"558118f6-0cb1-4d58-85e1-028c6d7e7a12","D04","CUPE","CUPE.AOS.S2","2015-10-06","CUPE.SS.20151006.POM.2",,"other","Academy of Natural Sciences of Drexel University","2017-05-17","OKgcKejxXbI=","13C15N","2",,,100,"d13C",-28.84,"perMill",,"sample poorly folded, sample loss",
"84457e22-e09f-417c-b2cf-6358a3774294","D04","CUPE","CUPE.AOS.S2","2015-10-06","CUPE.SS.20151006.POM.2",,"other","Academy of Natural Sciences of Drexel University","2017-05-17","OKgcKejxXbI=","13C15N","2",,,100,"d15N",2.00,"perMill",,"sample poorly folded, sample loss",
"264a2f3a-b1f9-4b8d-a781-588e1979e6a1","D04","CUPE","CUPE.AOS.S2","2015-10-06","CUPE.SS.20151006.POM.1",,"other","Academy of Natural Sciences of Drexel University","2017-03-03","OKgcKejxXbI=","13C15N","1",,,100,"d15N",0.98,"perMill",,"sample poorly folded, sample loss",
"5aa49244-8711-4401-a7ab-47db8352fba0","D04","CUPE","CUPE.AOS.S2","2015-10-06","CUPE.SS.20151006.POM.1",,"other","Academy of Natural Sciences of Drexel University","2017-03-03","OKgcKejxXbI=","13C15N","1",,,100,"d13C",-28.63,"perMill",,"sample poorly folded, sample loss",
"d1b39b22-54b1-4380-b25e-db428bf59008","D04","CUPE","CUPE.AOS.S2","2015-10-20","CUPE.SS.20151020.POM.1",,"other","Academy of Natural Sciences of Drexel University","2017-03-03","OKgcKejxXbI=","13C15N","1",,,100,"d15N",1.29,"perMill",,"sample poorly folded, sample loss",
"138ef3b3-d52c-4b16-93a1-cd2518b10e54","D04","CUPE","CUPE.AOS.S2","2015-10-20","CUPE.SS.20151020.POM.1",,"other","Academy of Natural Sciences of Drexel University","2017-03-03","OKgcKejxXbI=","13C15N","1",,,100,"d13C",-28.15,"perMill",,"sample poorly folded, sample loss",
"db6afe74-5a2a-4310-ba30-dec24b343735","D04","CUPE","CUPE.AOS.S2","2015-10-20","CUPE.SS.20151020.POM.2",,"other","Academy of Natural Sciences of Drexel University","2017-05-17","OKgcKejxXbI=","13C15N","2",,,100,"d13C",-28.69,"perMill",,"sample poorly folded, sample loss",
"66fc3956-a67b-4967-8099-03d53fd6f1ff","D04","CUPE","CUPE.AOS.S2","2015-10-20","CUPE.SS.20151020.POM.2",,"other","Academy of Natural Sciences of Drexel University","2017-05-17","OKgcKejxXbI=","13C15N","2",,,100,"d15N",1.50,"perMill",,"sample poorly folded, sample loss",
