uid,domainID,siteID,namedLocation,collectDate,sampleID,sampleCode,sampleCondition,laboratoryName,analysisDate,analyzedBy,sampleType,replicate,sampleVolumeFiltered,filterSize,percentFilterAnalyzed,analyte,analyteConcentration,plantAlgaeLabUnits,method,externalRemarks,externalLabDataQF
"d5ca0734-dcad-4074-8f42-41a9ea3e6e64","D07","LECO","LECO.AOS.S2","2019-02-04","LECO.SS.20190204.POM.1","A00000044899","condition ok","SIRFER Lab at University of Utah","2019-04-22","ElFtGy1kV49xqNP00HfxQA==","POM","1",1000,25,100,"nitrogen",18.05,"microgramsPerLiter","Revesz & Coplen 2012a",,
"2304835c-9655-460a-9a94-53a5d2ac5a2a","D07","LECO","LECO.AOS.S2","2019-02-04","LECO.SS.20190204.POM.1","A00000044899","condition ok","SIRFER Lab at University of Utah","2019-04-22","ElFtGy1kV49xqNP00HfxQA==","POM","1",1000,25,100,"d15N",2.34,"perMill","Revesz & Coplen 2012a",,
"6d43846b-e5e3-4fcf-9c51-a2bc6e33fc1f","D07","LECO","LECO.AOS.S2","2019-02-04","LECO.SS.20190204.POM.1","A00000044899","condition ok","SIRFER Lab at University of Utah","2019-04-22","ElFtGy1kV49xqNP00HfxQA==","POM","1",1000,25,100,"d13C",-28.83,"perMill","Revesz & Coplen 2012a",,
"ab09b8be-ca9e-4c35-a029-4afd1bc2e1cc","D07","LECO","LECO.AOS.S2","2019-02-04","LECO.SS.20190204.POM.1","A00000044899","condition ok","SIRFER Lab at University of Utah","2019-04-22","ElFtGy1kV49xqNP00HfxQA==","POM","1",1000,25,100,"carbon",260.57,"microgramsPerLiter","Revesz & Coplen 2012a",,
"b765770b-437e-47cc-9a2d-4948e0f266ef","D07","LECO","LECO.AOS.S2","2019-02-11","LECO.SS.20190211.POM.1","A00000044955","condition ok","SIRFER Lab at University of Utah","2019-04-22","ElFtGy1kV49xqNP00HfxQA==","POM","1",1000,25,100,"d15N",2.00,"perMill","Revesz & Coplen 2012a",,
"785ff6f9-76a0-47a6-a401-4ac2098c1327","D07","LECO","LECO.AOS.S2","2019-02-11","LECO.SS.20190211.POM.1","A00000044955","condition ok","SIRFER Lab at University of Utah","2019-04-22","ElFtGy1kV49xqNP00HfxQA==","POM","1",1000,25,100,"nitrogen",22.21,"microgramsPerLiter","Revesz & Coplen 2012a",,
"f466678b-8cc9-4116-b6c0-a9deec2dabab","D07","LECO","LECO.AOS.S2","2019-02-11","LECO.SS.20190211.POM.1","A00000044955","condition ok","SIRFER Lab at University of Utah","2019-04-22","ElFtGy1kV49xqNP00HfxQA==","POM","1",1000,25,100,"carbon",377.85,"microgramsPerLiter","Revesz & Coplen 2012a",,
"2229ddec-34c6-473b-a381-bf8c92f499a6","D07","LECO","LECO.AOS.S2","2019-02-11","LECO.SS.20190211.POM.1","A00000044955","condition ok","SIRFER Lab at University of Utah","2019-04-22","ElFtGy1kV49xqNP00HfxQA==","POM","1",1000,25,100,"d13C",-29.06,"perMill","Revesz & Coplen 2012a",,
