uid,domainID,siteID,namedLocation,collectDate,sampleID,sampleCode,sampleCondition,laboratoryName,analysisDate,analyzedBy,sampleType,replicate,sampleVolumeFiltered,filterSize,percentFilterAnalyzed,analyte,analyteConcentration,plantAlgaeLabUnits,method,externalRemarks,externalLabDataQF
"266acb3a-69d3-47fa-8874-cbffe4f4ad8d","D09","PRLA","PRLA.AOS.buoy.c0","2019-05-07","PRLA.C0.20190507.POM.1","A00000084935","condition ok","SIRFER Lab at University of Utah","2019-08-06","ElFtGy1kV49xqNP00HfxQA==","POM","1",46,25,100,"d15N",9.80,"perMill","Revesz & Coplen 2012a",,
"8f3eee26-0c29-4dbb-ac15-adbc71170105","D09","PRLA","PRLA.AOS.buoy.c0","2019-05-07","PRLA.C0.20190507.POM.1","A00000084935","condition ok","SIRFER Lab at University of Utah","2019-08-06","ElFtGy1kV49xqNP00HfxQA==","POM","1",46,25,100,"carbon",14202.55,"microgramsPerLiter","Revesz & Coplen 2012a",,
"371283cd-5c34-410e-b3cf-8bcc32a481db","D09","PRLA","PRLA.AOS.buoy.c0","2019-05-07","PRLA.C0.20190507.POM.1","A00000084935","condition ok","SIRFER Lab at University of Utah","2019-08-06","ElFtGy1kV49xqNP00HfxQA==","POM","1",46,25,100,"nitrogen",1986.15,"microgramsPerLiter","Revesz & Coplen 2012a",,
"11a7b54d-a3b7-4102-a2db-439f673da749","D09","PRLA","PRLA.AOS.buoy.c0","2019-05-07","PRLA.C0.20190507.POM.1","A00000084935","condition ok","SIRFER Lab at University of Utah","2019-08-06","ElFtGy1kV49xqNP00HfxQA==","POM","1",46,25,100,"d13C",-22.07,"perMill","Revesz & Coplen 2012a",,
