uid,domainID,siteID,namedLocation,collectDate,sampleID,sampleCode,sampleCondition,laboratoryName,analysisDate,analyzedBy,sampleType,replicate,sampleVolumeFiltered,filterSize,percentFilterAnalyzed,analyte,analyteConcentration,plantAlgaeLabUnits,method,externalRemarks,externalLabDataQF
"5f2c91f1-e8ac-41ea-8e75-a0c3091356f2","D04","GUIL","GUIL.AOS.S2","2018-06-12","GUIL.SS.20180612.POM.1","A00000006875","condition ok","SIRFER Lab at University of Utah","2018-09-12","ElFtGy1kV49xqNP00HfxQA==","POM","1",750,25,100,"nitrogen",27.41,"microgramsPerLiter","Revesz & Coplen 2012a",,
"5b4bc1ca-4676-4599-bb4c-4402720f399d","D04","GUIL","GUIL.AOS.S2","2018-06-12","GUIL.SS.20180612.POM.1","A00000006875","condition ok","SIRFER Lab at University of Utah","2018-09-12","ElFtGy1kV49xqNP00HfxQA==","POM","1",750,25,100,"d13C",-25.47,"perMill","Revesz & Coplen 2012a",,
"7454ae7a-cf43-4ad7-bcc2-b99c211d3703","D04","GUIL","GUIL.AOS.S2","2018-06-12","GUIL.SS.20180612.POM.1","A00000006875","condition ok","SIRFER Lab at University of Utah","2018-09-12","ElFtGy1kV49xqNP00HfxQA==","POM","1",750,25,100,"carbon",212.86,"microgramsPerLiter","Revesz & Coplen 2012a",,
"8c9bd935-7e0b-44f4-a53e-83804cf1e699","D04","GUIL","GUIL.AOS.S2","2018-06-12","GUIL.SS.20180612.POM.1","A00000006875","condition ok","SIRFER Lab at University of Utah","2018-09-12","ElFtGy1kV49xqNP00HfxQA==","POM","1",750,25,100,"d15N",4.53,"perMill","Revesz & Coplen 2012a",,
"eb21445a-50aa-4b74-90f4-782c7d5daa42","D04","GUIL","GUIL.AOS.S2","2018-06-26","GUIL.SS.20180626.POM.1","A00000006995","condition ok","SIRFER Lab at University of Utah","2018-09-12","ElFtGy1kV49xqNP00HfxQA==","POM","1",750,25,100,"d15N",3.56,"perMill","Revesz & Coplen 2012a",,
"cd732064-9ea9-45a4-b28b-ff8b6944ba00","D04","GUIL","GUIL.AOS.S2","2018-06-26","GUIL.SS.20180626.POM.1","A00000006995","condition ok","SIRFER Lab at University of Utah","2018-09-12","ElFtGy1kV49xqNP00HfxQA==","POM","1",750,25,100,"nitrogen",21.49,"microgramsPerLiter","Revesz & Coplen 2012a",,
"e812d793-84e5-490d-9977-50673f1de0dd","D04","GUIL","GUIL.AOS.S2","2018-06-26","GUIL.SS.20180626.POM.1","A00000006995","condition ok","SIRFER Lab at University of Utah","2018-09-12","ElFtGy1kV49xqNP00HfxQA==","POM","1",750,25,100,"carbon",164.24,"microgramsPerLiter","Revesz & Coplen 2012a",,
"822448f5-3b24-4847-ba3f-55b8cd223057","D04","GUIL","GUIL.AOS.S2","2018-06-26","GUIL.SS.20180626.POM.1","A00000006995","condition ok","SIRFER Lab at University of Utah","2018-09-12","ElFtGy1kV49xqNP00HfxQA==","POM","1",750,25,100,"d13C",-25.87,"perMill","Revesz & Coplen 2012a",,
