uid,domainID,siteID,namedLocation,collectDate,sampleID,sampleCode,sampleCondition,laboratoryName,analysisDate,analyzedBy,sampleType,replicate,sampleVolumeFiltered,filterSize,percentFilterAnalyzed,analyte,analyteConcentration,plantAlgaeLabUnits,method,externalRemarks,externalLabDataQF
"394f0d71-bf11-4f4f-bace-9b7694ef660a","D10","ARIK","ARIK.AOS.S2","2016-11-01","ARIK.SS.20161101.POM.1",,"condition ok","Academy of Natural Sciences of Drexel University","2017-04-12","OKgcKejxXbI=","13C15N","1",,,100,"d13C",-28.25,"perMill",,"Rim tear. Difference in volume filtered.",
"7a2c36b4-1761-48fc-ac95-a9a3af2c3bb6","D10","ARIK","ARIK.AOS.S2","2016-11-01","ARIK.SS.20161101.POM.1",,"condition ok","Academy of Natural Sciences of Drexel University","2017-06-14","OKgcKejxXbI=","13C15N","1",,,100,"d15N",5.29,"perMill",,"Rim tear. Difference in volume filtered.",
"847f3617-4644-4a9e-bd30-4cc7c1224a39","D10","ARIK","ARIK.AOS.S2","2016-11-01","ARIK.SS.20161101.POM.2",,"other","Academy of Natural Sciences of Drexel University","2017-06-14","OKgcKejxXbI=","13C15N","2",,,100,"d15N",,"perMill",,"analysis corrupted during run",
"99f5ae1c-42c5-461e-a7d9-e12fff848a78","D10","ARIK","ARIK.AOS.S2","2016-11-01","ARIK.SS.20161101.POM.2",,"other","Academy of Natural Sciences of Drexel University","2017-06-14","OKgcKejxXbI=","13C15N","2",,,100,"d13C",,"perMill",,"analysis corrupted during run",
