uid,domainID,siteID,namedLocation,collectDate,sampleID,sampleCode,sampleCondition,laboratoryName,analysisDate,analyzedBy,sampleType,replicate,sampleVolumeFiltered,filterSize,percentFilterAnalyzed,analyte,analyteConcentration,plantAlgaeLabUnits,method,externalRemarks,externalLabDataQF
"dcbcd830-6b53-4778-8ec0-9ee1733ed8cc","D08","TOMB","TOMB.AOS.buoy.c0","2016-10-11","TOMB.RS.20161011.POM.1",,"other","Academy of Natural Sciences of Drexel University","2017-04-08","OKgcKejxXbI=","13C15N","1",,,100,"d15N",8.25,"perMill",,"poor folding, sample loss",
"8b1502b0-140b-4b95-90ba-414bf18e5335","D08","TOMB","TOMB.AOS.buoy.c0","2016-10-11","TOMB.RS.20161011.POM.1",,"other","Academy of Natural Sciences of Drexel University","2017-04-08","OKgcKejxXbI=","13C15N","1",,,100,"d13C",-32.98,"perMill",,"poor folding, sample loss",
"e500877e-1b90-4ff6-869d-de992b5ce94e","D08","TOMB","TOMB.AOS.buoy.c0","2016-10-11","TOMB.RS.20161011.POM.2",,"other","Academy of Natural Sciences of Drexel University","2017-05-18","OKgcKejxXbI=","13C15N","2",,,100,"d13C",-33.88,"perMill",,"poor folding, sample loss",
"be3810ff-f385-4968-af40-c8c791d6fabb","D08","TOMB","TOMB.AOS.buoy.c0","2016-10-11","TOMB.RS.20161011.POM.2",,"other","Academy of Natural Sciences of Drexel University","2017-05-18","OKgcKejxXbI=","13C15N","2",,,100,"d15N",9.75,"perMill",,"poor folding, sample loss",
