uid,domainID,siteID,namedLocation,collectDate,sampleID,sampleCode,sampleCondition,laboratoryName,analysisDate,analyzedBy,sampleType,replicate,sampleVolumeFiltered,filterSize,percentFilterAnalyzed,analyte,analyteConcentration,plantAlgaeLabUnits,method,externalRemarks,externalLabDataQF
"b1a2694b-6d63-47be-842f-5f19705ab067","D08","BLWA","BLWA.AOS.buoy.c0","2017-07-06","BLWA.C0.20170706.POM.1",,"condition ok","SIRFER Lab at University of Utah","2018-03-22","ElFtGy1kV49xqNP00HfxQA==","POM","1",100,25,100,"nitrogen",146.58,"microgramsPerLiter","Revesz & Coplen 2012a",,
"19ab554e-f6f4-4447-acb9-c8d219c1874e","D08","BLWA","BLWA.AOS.buoy.c0","2017-07-06","BLWA.C0.20170706.POM.1",,"condition ok","SIRFER Lab at University of Utah","2018-03-22","ElFtGy1kV49xqNP00HfxQA==","POM","1",100,25,100,"carbon",888.06,"microgramsPerLiter","Revesz & Coplen 2012a",,
"28e99ffd-0c7f-4436-bab8-6a694873e81e","D08","BLWA","BLWA.AOS.buoy.c0","2017-07-06","BLWA.C0.20170706.POM.1",,"condition ok","SIRFER Lab at University of Utah","2018-03-22","ElFtGy1kV49xqNP00HfxQA==","POM","1",100,25,100,"d13C",-30.25,"perMill","Revesz & Coplen 2012a",,
"3ce72b9f-1f2b-4d86-aae1-8c3d38645b80","D08","BLWA","BLWA.AOS.buoy.c0","2017-07-06","BLWA.C0.20170706.POM.1",,"condition ok","SIRFER Lab at University of Utah","2018-03-22","ElFtGy1kV49xqNP00HfxQA==","POM","1",100,25,100,"d15N",19.02,"perMill","Revesz & Coplen 2012a",,
"26ae0328-df3c-4b66-9cec-d936c12dff65","D08","BLWA","BLWA.AOS.buoy.c0","2017-07-11","BLWA.C0.20170711.POM.1",,"condition ok","SIRFER Lab at University of Utah","2018-03-22","ElFtGy1kV49xqNP00HfxQA==","POM","1",100,25,100,"d15N",12.18,"perMill","Revesz & Coplen 2012a",,
"ea4e6028-6d04-4361-b77a-a7a1627b9b8c","D08","BLWA","BLWA.AOS.buoy.c0","2017-07-11","BLWA.C0.20170711.POM.1",,"condition ok","SIRFER Lab at University of Utah","2018-03-22","ElFtGy1kV49xqNP00HfxQA==","POM","1",100,25,100,"nitrogen",99.43,"microgramsPerLiter","Revesz & Coplen 2012a",,
"7d412b7d-a467-459b-b18d-b43b0f9f2fee","D08","BLWA","BLWA.AOS.buoy.c0","2017-07-11","BLWA.C0.20170711.POM.1",,"condition ok","SIRFER Lab at University of Utah","2018-03-22","ElFtGy1kV49xqNP00HfxQA==","POM","1",100,25,100,"d13C",-29.47,"perMill","Revesz & Coplen 2012a",,
"ae715dad-88ce-4aa9-ba46-d6f0ac53eebf","D08","BLWA","BLWA.AOS.buoy.c0","2017-07-11","BLWA.C0.20170711.POM.1",,"condition ok","SIRFER Lab at University of Utah","2018-03-22","ElFtGy1kV49xqNP00HfxQA==","POM","1",100,25,100,"carbon",698.02,"microgramsPerLiter","Revesz & Coplen 2012a",,
"427abb3e-9392-4588-8d00-303eef5d6f58","D08","BLWA","BLWA.AOS.buoy.c0","2017-07-19","BLWA.C0.20170719.POM.1",,"condition ok","SIRFER Lab at University of Utah","2018-03-22","ElFtGy1kV49xqNP00HfxQA==","POM","1",100,25,100,"carbon",889.71,"microgramsPerLiter","Revesz & Coplen 2012a",,
"fee462b6-1b87-4dc3-b6b8-ab82b6f4f862","D08","BLWA","BLWA.AOS.buoy.c0","2017-07-19","BLWA.C0.20170719.POM.1",,"condition ok","SIRFER Lab at University of Utah","2018-03-22","ElFtGy1kV49xqNP00HfxQA==","POM","1",100,25,100,"nitrogen",139.98,"microgramsPerLiter","Revesz & Coplen 2012a",,
"2477d37d-d977-47b5-be03-4ce5f405840b","D08","BLWA","BLWA.AOS.buoy.c0","2017-07-19","BLWA.C0.20170719.POM.1",,"condition ok","SIRFER Lab at University of Utah","2018-03-22","ElFtGy1kV49xqNP00HfxQA==","POM","1",100,25,100,"d15N",16.85,"perMill","Revesz & Coplen 2012a",,
"6d1646fa-35ad-406a-a842-bd4d2f05eea6","D08","BLWA","BLWA.AOS.buoy.c0","2017-07-19","BLWA.C0.20170719.POM.1",,"condition ok","SIRFER Lab at University of Utah","2018-03-22","ElFtGy1kV49xqNP00HfxQA==","POM","1",100,25,100,"d13C",-31.22,"perMill","Revesz & Coplen 2012a",,
