uid,domainID,siteID,namedLocation,collectDate,sampleID,sampleCode,sampleCondition,laboratoryName,analysisDate,analyzedBy,sampleType,replicate,sampleVolumeFiltered,filterSize,percentFilterAnalyzed,analyte,analyteConcentration,plantAlgaeLabUnits,method,externalRemarks,externalLabDataQF
"57d92071-58c0-4325-a9ff-57862ccb045f","D03","FLNT","FLNT.AOS.buoy.c0","2017-03-07","FLIN.C0.20170307.POM.2",,"condition ok","SIRFER Lab at University of Utah","2018-05-22","ElFtGy1kV49xqNP00HfxQA==","POM","1",,,100,"d13C",-28.40,"perMill","Revesz & Coplen 2012a",,
"42ccf10e-468b-47bc-8f55-98daa7a03ab3","D03","FLNT","FLNT.AOS.buoy.c0","2017-03-07","FLIN.C0.20170307.POM.2",,"condition ok","SIRFER Lab at University of Utah","2018-05-22","ElFtGy1kV49xqNP00HfxQA==","POM","1",,,100,"d15N",8.85,"perMill","Revesz & Coplen 2012a",,
"4f2ccfa9-f20d-42bc-ae7c-b9051c8f536f","D03","FLNT","FLNT.AOS.buoy.c0","2017-03-07","FLIN.C0.20170307.POM.2",,"condition ok","SIRFER Lab at University of Utah","2018-05-22","ElFtGy1kV49xqNP00HfxQA==","POM","1",,,100,"carbon",381.84,"microgramsPerLiter","Revesz & Coplen 2012a",,
"0cde76a5-f76d-461c-b4b3-1003fcb76a1b","D03","FLNT","FLNT.AOS.buoy.c0","2017-03-07","FLIN.C0.20170307.POM.2",,"condition ok","SIRFER Lab at University of Utah","2018-05-22","ElFtGy1kV49xqNP00HfxQA==","POM","1",,,100,"nitrogen",37.11,"microgramsPerLiter","Revesz & Coplen 2012a",,
"f0e4e462-decc-4a16-843c-4dc214e4dc3c","D03","FLNT","FLNT.AOS.buoy.c0","2017-03-14","FLIN.C0.20170314.POM.2",,"condition ok","SIRFER Lab at University of Utah","2018-05-22","ElFtGy1kV49xqNP00HfxQA==","POM","1",,,100,"nitrogen",36.31,"microgramsPerLiter","Revesz & Coplen 2012a",,
"e8c6804b-5d04-443c-8cc1-71ad050466fb","D03","FLNT","FLNT.AOS.buoy.c0","2017-03-14","FLIN.C0.20170314.POM.2",,"condition ok","SIRFER Lab at University of Utah","2018-05-22","ElFtGy1kV49xqNP00HfxQA==","POM","1",,,100,"d13C",-27.32,"perMill","Revesz & Coplen 2012a",,
"6486457d-fc83-47ed-816e-e4df686664ca","D03","FLNT","FLNT.AOS.buoy.c0","2017-03-14","FLIN.C0.20170314.POM.2",,"condition ok","SIRFER Lab at University of Utah","2018-05-22","ElFtGy1kV49xqNP00HfxQA==","POM","1",,,100,"d15N",10.80,"perMill","Revesz & Coplen 2012a",,
"0b3bb738-9469-4d63-afef-c66c0cd6cb20","D03","FLNT","FLNT.AOS.buoy.c0","2017-03-14","FLIN.C0.20170314.POM.2",,"condition ok","SIRFER Lab at University of Utah","2018-05-22","ElFtGy1kV49xqNP00HfxQA==","POM","1",,,100,"carbon",404.78,"microgramsPerLiter","Revesz & Coplen 2012a",,
"cc3e3b93-dcfa-4a0e-a918-3b3cf4453af9","D03","FLNT","FLNT.AOS.buoy.c0","2017-03-29","FLIN.C0.20170329.POM.2",,"condition ok","SIRFER Lab at University of Utah","2018-05-22","ElFtGy1kV49xqNP00HfxQA==","POM","1",,,100,"d15N",11.03,"perMill","Revesz & Coplen 2012a",,
"c3c795f6-81a4-4617-a5a8-1891ba28e2bf","D03","FLNT","FLNT.AOS.buoy.c0","2017-03-29","FLIN.C0.20170329.POM.2",,"condition ok","SIRFER Lab at University of Utah","2018-05-22","ElFtGy1kV49xqNP00HfxQA==","POM","1",,,100,"nitrogen",27.17,"microgramsPerLiter","Revesz & Coplen 2012a",,
"56f51533-b5a1-435c-bb2c-ac06159346e2","D03","FLNT","FLNT.AOS.buoy.c0","2017-03-29","FLIN.C0.20170329.POM.2",,"condition ok","SIRFER Lab at University of Utah","2018-05-22","ElFtGy1kV49xqNP00HfxQA==","POM","1",,,100,"d13C",-27.59,"perMill","Revesz & Coplen 2012a",,
"4dc5c589-2130-4cac-9e3d-9d8474ab06a3","D03","FLNT","FLNT.AOS.buoy.c0","2017-03-29","FLIN.C0.20170329.POM.2",,"condition ok","SIRFER Lab at University of Utah","2018-05-22","ElFtGy1kV49xqNP00HfxQA==","POM","1",,,100,"carbon",267.77,"microgramsPerLiter","Revesz & Coplen 2012a",,
