uid,domainID,siteID,namedLocation,collectDate,sampleID,sampleCode,sampleCondition,laboratoryName,analysisDate,analyzedBy,sampleType,replicate,sampleVolumeFiltered,filterSize,percentFilterAnalyzed,analyte,analyteConcentration,plantAlgaeLabUnits,method,externalRemarks,externalLabDataQF
"db3fc529-c4df-46df-839b-d176fdbcbc5c","D10","ARIK","ARIK.AOS.S2","2019-02-05","ARIK.SS.20190205.POM.1","A00000051494","condition ok","SIRFER Lab at University of Utah","2019-04-23","ElFtGy1kV49xqNP00HfxQA==","POM","1",500,25,100,"d13C",-30.54,"perMill","Revesz & Coplen 2012a",,
"cd7bb076-90ac-4b52-bac5-74d25fd85968","D10","ARIK","ARIK.AOS.S2","2019-02-05","ARIK.SS.20190205.POM.1","A00000051494","condition ok","SIRFER Lab at University of Utah","2019-04-23","ElFtGy1kV49xqNP00HfxQA==","POM","1",500,25,100,"carbon",320.03,"microgramsPerLiter","Revesz & Coplen 2012a",,
"0a82fcb8-b6b5-4b14-9208-41aca4f5dddb","D10","ARIK","ARIK.AOS.S2","2019-02-05","ARIK.SS.20190205.POM.1","A00000051494","condition ok","SIRFER Lab at University of Utah","2019-04-23","ElFtGy1kV49xqNP00HfxQA==","POM","1",500,25,100,"nitrogen",32.90,"microgramsPerLiter","Revesz & Coplen 2012a",,
"ad7bf7a3-8833-4c52-a64a-ab37be155dc3","D10","ARIK","ARIK.AOS.S2","2019-02-05","ARIK.SS.20190205.POM.1","A00000051494","condition ok","SIRFER Lab at University of Utah","2019-04-23","ElFtGy1kV49xqNP00HfxQA==","POM","1",500,25,100,"d15N",4.77,"perMill","Revesz & Coplen 2012a",,
"9fe16ad3-d3d0-4346-aec2-9759bad02add","D10","ARIK","ARIK.AOS.S2","2019-02-14","ARIK.SS.20190214.POM.1","A00000051476","condition ok","SIRFER Lab at University of Utah","2019-04-23","ElFtGy1kV49xqNP00HfxQA==","POM","1",500,25,100,"carbon",307.55,"microgramsPerLiter","Revesz & Coplen 2012a",,
"cc7fc5b0-aaaf-4f3b-a5b0-cbadb6578812","D10","ARIK","ARIK.AOS.S2","2019-02-14","ARIK.SS.20190214.POM.1","A00000051476","condition ok","SIRFER Lab at University of Utah","2019-04-23","ElFtGy1kV49xqNP00HfxQA==","POM","1",500,25,100,"d13C",-30.97,"perMill","Revesz & Coplen 2012a",,
"9b1fa4fd-85d4-4412-bc29-056d86fd5936","D10","ARIK","ARIK.AOS.S2","2019-02-14","ARIK.SS.20190214.POM.1","A00000051476","condition ok","SIRFER Lab at University of Utah","2019-04-23","ElFtGy1kV49xqNP00HfxQA==","POM","1",500,25,100,"nitrogen",38.60,"microgramsPerLiter","Revesz & Coplen 2012a",,
"80945fcb-7efc-40b6-b842-88ee46b6638d","D10","ARIK","ARIK.AOS.S2","2019-02-14","ARIK.SS.20190214.POM.1","A00000051476","condition ok","SIRFER Lab at University of Utah","2019-04-23","ElFtGy1kV49xqNP00HfxQA==","POM","1",500,25,100,"d15N",5.01,"perMill","Revesz & Coplen 2012a",,
"d1660ee1-dbf6-4f6e-9005-7ad15b171070","D10","ARIK","ARIK.AOS.S2","2019-02-27","ARIK.SS.20190227.POM.1","A00000051505","condition ok","SIRFER Lab at University of Utah","2019-04-23","ElFtGy1kV49xqNP00HfxQA==","POM","1",500,25,100,"d15N",4.78,"perMill","Revesz & Coplen 2012a",,
"ae37acc5-2249-4465-b79c-23d0c53f2579","D10","ARIK","ARIK.AOS.S2","2019-02-27","ARIK.SS.20190227.POM.1","A00000051505","condition ok","SIRFER Lab at University of Utah","2019-04-23","ElFtGy1kV49xqNP00HfxQA==","POM","1",500,25,100,"carbon",309.30,"microgramsPerLiter","Revesz & Coplen 2012a",,
"aa1620a3-be0f-48b5-9049-48f0fdf75cc9","D10","ARIK","ARIK.AOS.S2","2019-02-27","ARIK.SS.20190227.POM.1","A00000051505","condition ok","SIRFER Lab at University of Utah","2019-04-23","ElFtGy1kV49xqNP00HfxQA==","POM","1",500,25,100,"nitrogen",33.45,"microgramsPerLiter","Revesz & Coplen 2012a",,
"fd5c3cad-dfac-40b4-be0f-d952b3fbbece","D10","ARIK","ARIK.AOS.S2","2019-02-27","ARIK.SS.20190227.POM.1","A00000051505","condition ok","SIRFER Lab at University of Utah","2019-04-23","ElFtGy1kV49xqNP00HfxQA==","POM","1",500,25,100,"d13C",-30.88,"perMill","Revesz & Coplen 2012a",,
