uid,domainID,siteID,namedLocation,collectDate,sampleID,sampleCode,sampleCondition,laboratoryName,analysisDate,analyzedBy,sampleType,replicate,sampleVolumeFiltered,filterSize,percentFilterAnalyzed,analyte,analyteConcentration,plantAlgaeLabUnits,method,externalRemarks,externalLabDataQF
"8fb09f03-c19f-4a16-8814-57ccdcc68713","D16","MCRA","MCRA.AOS.S2","2018-01-18","MCRA.SS.20180118.POM.1",,"condition ok","SIRFER Lab at University of Utah","2018-07-26","ElFtGy1kV49xqNP00HfxQA==","POM","1",1500,25,100,"nitrogen",3.22,"microgramsPerLiter","Revesz & Coplen 2012a",,
"f5e5a76d-0e6f-4c34-848f-640ea233755d","D16","MCRA","MCRA.AOS.S2","2018-01-18","MCRA.SS.20180118.POM.1",,"condition ok","SIRFER Lab at University of Utah","2018-07-26","ElFtGy1kV49xqNP00HfxQA==","POM","1",1500,25,100,"d15N",1.99,"perMill","Revesz & Coplen 2012a",,
"5c341372-0198-4be3-924e-a1e883b449bb","D16","MCRA","MCRA.AOS.S2","2018-01-18","MCRA.SS.20180118.POM.1",,"condition ok","SIRFER Lab at University of Utah","2018-07-26","ElFtGy1kV49xqNP00HfxQA==","POM","1",1500,25,100,"carbon",56.58,"microgramsPerLiter","Revesz & Coplen 2012a",,
"5c4c8a17-7a5e-4401-b32d-be015a2d2fce","D16","MCRA","MCRA.AOS.S2","2018-01-18","MCRA.SS.20180118.POM.1",,"condition ok","SIRFER Lab at University of Utah","2018-07-26","ElFtGy1kV49xqNP00HfxQA==","POM","1",1500,25,100,"d13C",-27.27,"perMill","Revesz & Coplen 2012a",,
"67e25402-bfb2-4d4e-81aa-6157c3c32c8a","D16","MCRA","MCRA.AOS.S2","2018-01-23","MCRA.SS.20180123.POM.1",,"condition ok","SIRFER Lab at University of Utah","2018-07-23","ElFtGy1kV49xqNP00HfxQA==","POM","1",1750,25,100,"carbon",53.04,"microgramsPerLiter","Revesz & Coplen 2012a",,
"a9ebcea7-f2a1-4a91-bda5-663526a3fc9f","D16","MCRA","MCRA.AOS.S2","2018-01-23","MCRA.SS.20180123.POM.1",,"condition ok","SIRFER Lab at University of Utah","2018-07-23","ElFtGy1kV49xqNP00HfxQA==","POM","1",1750,25,100,"d13C",-26.79,"perMill","Revesz & Coplen 2012a",,
"12c7eaf1-7356-4074-8db4-c653b3b2f9cc","D16","MCRA","MCRA.AOS.S2","2018-01-23","MCRA.SS.20180123.POM.1",,"condition ok","SIRFER Lab at University of Utah","2018-07-23","ElFtGy1kV49xqNP00HfxQA==","POM","1",1750,25,100,"d15N",-3.72,"perMill","Revesz & Coplen 2012a",,
"75cf62e7-2d54-4a3f-9302-a608f174004a","D16","MCRA","MCRA.AOS.S2","2018-01-23","MCRA.SS.20180123.POM.1",,"condition ok","SIRFER Lab at University of Utah","2018-07-23","ElFtGy1kV49xqNP00HfxQA==","POM","1",1750,25,100,"nitrogen",2.75,"microgramsPerLiter","Revesz & Coplen 2012a",,
"0ea324ce-7d3b-4a2c-a32e-b594014211e9","D16","MCRA","MCRA.AOS.S2","2018-01-30","MCRA.SS.20180130.POM.1",,"condition ok","SIRFER Lab at University of Utah","2018-07-26","ElFtGy1kV49xqNP00HfxQA==","POM","1",1600,25,100,"carbon",128.60,"microgramsPerLiter","Revesz & Coplen 2012a",,
"9cf39614-63c2-461c-a462-8f50ba97f94d","D16","MCRA","MCRA.AOS.S2","2018-01-30","MCRA.SS.20180130.POM.1",,"condition ok","SIRFER Lab at University of Utah","2018-07-26","ElFtGy1kV49xqNP00HfxQA==","POM","1",1600,25,100,"d13C",-26.75,"perMill","Revesz & Coplen 2012a",,
"e31f4cd9-1fea-4613-8d72-0eb5c3c858f5","D16","MCRA","MCRA.AOS.S2","2018-01-30","MCRA.SS.20180130.POM.1",,"condition ok","SIRFER Lab at University of Utah","2018-07-26","ElFtGy1kV49xqNP00HfxQA==","POM","1",1600,25,100,"nitrogen",6.72,"microgramsPerLiter","Revesz & Coplen 2012a",,
"a8546c1f-a5dc-4c47-833e-4b0f62e24e5b","D16","MCRA","MCRA.AOS.S2","2018-01-30","MCRA.SS.20180130.POM.1",,"condition ok","SIRFER Lab at University of Utah","2018-07-26","ElFtGy1kV49xqNP00HfxQA==","POM","1",1600,25,100,"d15N",2.35,"perMill","Revesz & Coplen 2012a",,
