uid,domainID,siteID,namedLocation,collectDate,sampleID,sampleCode,sampleCondition,laboratoryName,analysisDate,analyzedBy,sampleType,replicate,sampleVolumeFiltered,filterSize,percentFilterAnalyzed,analyte,analyteConcentration,plantAlgaeLabUnits,method,externalRemarks,externalLabDataQF
"b14adcd6-f992-4874-b136-466edab38679","D09","PRPO","PRPO.AOS.buoy.c0","2018-08-07","PRPO.C0.20180807.POM.1","B00000027910","condition ok","SIRFER Lab at University of Utah","2019-01-09","ElFtGy1kV49xqNP00HfxQA==","POM","1",20,25,100,"nitrogen",,"microgramsPerLiter","Revesz & Coplen 2012a",,
"e23b8407-85d5-46d8-8929-dc6549f1ecac","D09","PRPO","PRPO.AOS.buoy.c0","2018-08-07","PRPO.C0.20180807.POM.1","B00000027910","condition ok","SIRFER Lab at University of Utah","2019-01-09","ElFtGy1kV49xqNP00HfxQA==","POM","1",20,25,100,"d13C",,"perMill","Revesz & Coplen 2012a",,
"a74dd26f-5609-47e5-a0fa-b66d4f0c49b3","D09","PRPO","PRPO.AOS.buoy.c0","2018-08-07","PRPO.C0.20180807.POM.1","B00000027910","condition ok","SIRFER Lab at University of Utah","2019-01-09","ElFtGy1kV49xqNP00HfxQA==","POM","1",20,25,100,"carbon",,"microgramsPerLiter","Revesz & Coplen 2012a",,
"c8745437-d6d2-4b32-8dd9-d0542d8f5bc1","D09","PRPO","PRPO.AOS.buoy.c0","2018-08-07","PRPO.C0.20180807.POM.1","B00000027910","condition ok","SIRFER Lab at University of Utah","2019-01-09","ElFtGy1kV49xqNP00HfxQA==","POM","1",20,25,100,"d15N",,"perMill","Revesz & Coplen 2012a",,
