uid,domainID,siteID,namedLocation,collectDate,sampleID,sampleCode,sampleCondition,laboratoryName,analysisDate,analyzedBy,sampleType,replicate,sampleVolumeFiltered,filterSize,percentFilterAnalyzed,analyte,analyteConcentration,plantAlgaeLabUnits,method,externalRemarks,externalLabDataQF
"4122a3b7-c08d-4b2e-bed8-6f6b3b0e736f","D02","POSE","POSE.AOS.S2","2016-07-12","POSE.SS.20160712.POM.2",,"other","Academy of Natural Sciences of Drexel University","2017-02-15","OKgcKejxXbI=","13C15N","2",,,50,"d15N",3.78,"perMill",,"filter folded poorly, sample loss",
"bf922234-5b90-43de-b615-faaed93bb2f7","D02","POSE","POSE.AOS.S2","2016-07-12","POSE.SS.20160712.POM.2",,"other","Academy of Natural Sciences of Drexel University","2017-02-15","OKgcKejxXbI=","13C15N","2",,,50,"d13C",-29.46,"perMill",,"filter folded poorly, sample loss",
"49c3c67c-e68c-4e67-a271-4e742e04c58c","D02","POSE","POSE.AOS.S2","2016-07-12","POSE.SS.20160712.POM.1",,"other","Academy of Natural Sciences of Drexel University","2017-01-24","OKgcKejxXbI=","13C15N","1",,,100,"d13C",,"perMill",,"filter folded poorly, sample loss",
"9d86e547-b8f3-45b2-ae0a-7c27a9949e49","D02","POSE","POSE.AOS.S2","2016-07-12","POSE.SS.20160712.POM.1",,"other","Academy of Natural Sciences of Drexel University","2017-01-24","OKgcKejxXbI=","13C15N","1",,,100,"d15N",3.28,"perMill",,"filter folded poorly, sample loss",
