uid,domainID,siteID,namedLocation,collectDate,sampleID,sampleCode,sampleCondition,laboratoryName,analysisDate,analyzedBy,sampleType,replicate,sampleVolumeFiltered,filterSize,percentFilterAnalyzed,analyte,analyteConcentration,plantAlgaeLabUnits,method,externalRemarks,externalLabDataQF
"0cb14e10-df9e-4e0d-bccf-904713f6a17c","D12","BLDE","BLDE.AOS.S2","2018-06-05","BLDE.SS.20180605.POM.1","A00000031694","condition ok","SIRFER Lab at University of Utah","2018-08-15","ElFtGy1kV49xqNP00HfxQA==","POM","1",500,25,100,"carbon",665.86,"microgramsPerLiter","Revesz & Coplen 2012a",,
"5f0efd9a-450a-43e8-a76e-bce2c3a6a2fe","D12","BLDE","BLDE.AOS.S2","2018-06-05","BLDE.SS.20180605.POM.1","A00000031694","condition ok","SIRFER Lab at University of Utah","2018-08-15","ElFtGy1kV49xqNP00HfxQA==","POM","1",500,25,100,"d13C",-26.35,"perMill","Revesz & Coplen 2012a",,
"6e9b4c59-23da-4a30-aa60-4ab9f6b6f369","D12","BLDE","BLDE.AOS.S2","2018-06-05","BLDE.SS.20180605.POM.1","A00000031694","condition ok","SIRFER Lab at University of Utah","2018-08-15","ElFtGy1kV49xqNP00HfxQA==","POM","1",500,25,100,"d15N",3.22,"perMill","Revesz & Coplen 2012a",,
"4853ca5b-2203-4c65-834d-d23898326df5","D12","BLDE","BLDE.AOS.S2","2018-06-05","BLDE.SS.20180605.POM.1","A00000031694","condition ok","SIRFER Lab at University of Utah","2018-08-15","ElFtGy1kV49xqNP00HfxQA==","POM","1",500,25,100,"nitrogen",51.37,"microgramsPerLiter","Revesz & Coplen 2012a",,
"6ab105c2-467f-4999-b204-10f2b55aa936","D12","BLDE","BLDE.AOS.S2","2018-06-12","BLDE.SS.20180612.POM.1","A00000030870","condition ok","SIRFER Lab at University of Utah","2018-08-15","ElFtGy1kV49xqNP00HfxQA==","POM","1",600,25,100,"d15N",4.48,"perMill","Revesz & Coplen 2012a",,
"1c0f017a-8d90-4ace-8ce0-1f91776cb1f7","D12","BLDE","BLDE.AOS.S2","2018-06-12","BLDE.SS.20180612.POM.1","A00000030870","condition ok","SIRFER Lab at University of Utah","2018-08-15","ElFtGy1kV49xqNP00HfxQA==","POM","1",600,25,100,"carbon",1204.80,"microgramsPerLiter","Revesz & Coplen 2012a",,
"a28367d4-012c-4d69-aec0-3e9a0375e604","D12","BLDE","BLDE.AOS.S2","2018-06-12","BLDE.SS.20180612.POM.1","A00000030870","condition ok","SIRFER Lab at University of Utah","2018-08-15","ElFtGy1kV49xqNP00HfxQA==","POM","1",600,25,100,"nitrogen",95.66,"microgramsPerLiter","Revesz & Coplen 2012a",,
"71147fe6-9cea-4f93-983f-75395008a0d0","D12","BLDE","BLDE.AOS.S2","2018-06-12","BLDE.SS.20180612.POM.1","A00000030870","condition ok","SIRFER Lab at University of Utah","2018-08-15","ElFtGy1kV49xqNP00HfxQA==","POM","1",600,25,100,"d13C",-26.94,"perMill","Revesz & Coplen 2012a",,
"283f5665-7773-406b-be91-50e554ec8794","D12","BLDE","BLDE.AOS.S2","2018-06-19","BLDE.SS.20180619.POM.1","A00000030876","condition ok","SIRFER Lab at University of Utah","2018-08-15","ElFtGy1kV49xqNP00HfxQA==","POM","1",400,25,100,"d15N",2.35,"perMill","Revesz & Coplen 2012a",,
"5ab9b677-ecc9-41a8-b388-9b5cd45f2ace","D12","BLDE","BLDE.AOS.S2","2018-06-19","BLDE.SS.20180619.POM.1","A00000030876","condition ok","SIRFER Lab at University of Utah","2018-08-15","ElFtGy1kV49xqNP00HfxQA==","POM","1",400,25,100,"nitrogen",74.47,"microgramsPerLiter","Revesz & Coplen 2012a",,
"f94e5baa-fe8f-4b53-b843-cc2fc7499067","D12","BLDE","BLDE.AOS.S2","2018-06-19","BLDE.SS.20180619.POM.1","A00000030876","condition ok","SIRFER Lab at University of Utah","2018-08-15","ElFtGy1kV49xqNP00HfxQA==","POM","1",400,25,100,"d13C",-26.71,"perMill","Revesz & Coplen 2012a",,
"b6917bd0-70f6-41c4-b18b-bb8316edd2f3","D12","BLDE","BLDE.AOS.S2","2018-06-19","BLDE.SS.20180619.POM.1","A00000030876","condition ok","SIRFER Lab at University of Utah","2018-08-15","ElFtGy1kV49xqNP00HfxQA==","POM","1",400,25,100,"carbon",937.51,"microgramsPerLiter","Revesz & Coplen 2012a",,
"f4531cdd-0fc1-427f-921c-d047f2ec4832","D12","BLDE","BLDE.AOS.S2","2018-06-25","BLDE.SS.20180625.POM.1","A00000031692","condition ok","SIRFER Lab at University of Utah","2018-08-15","ElFtGy1kV49xqNP00HfxQA==","POM","1",700,25,100,"d13C",-26.61,"perMill","Revesz & Coplen 2012a",,
"b37a7766-f47d-4db9-9bd9-b9006ce93ac2","D12","BLDE","BLDE.AOS.S2","2018-06-25","BLDE.SS.20180625.POM.1","A00000031692","condition ok","SIRFER Lab at University of Utah","2018-08-15","ElFtGy1kV49xqNP00HfxQA==","POM","1",700,25,100,"nitrogen",43.06,"microgramsPerLiter","Revesz & Coplen 2012a",,
"51e2b12c-1414-483f-bd96-f9d5fe96ccbb","D12","BLDE","BLDE.AOS.S2","2018-06-25","BLDE.SS.20180625.POM.1","A00000031692","condition ok","SIRFER Lab at University of Utah","2018-08-15","ElFtGy1kV49xqNP00HfxQA==","POM","1",700,25,100,"d15N",2.98,"perMill","Revesz & Coplen 2012a",,
"602a5956-1e67-4a75-a8c1-40f86b0e61d2","D12","BLDE","BLDE.AOS.S2","2018-06-25","BLDE.SS.20180625.POM.1","A00000031692","condition ok","SIRFER Lab at University of Utah","2018-08-15","ElFtGy1kV49xqNP00HfxQA==","POM","1",700,25,100,"carbon",520.30,"microgramsPerLiter","Revesz & Coplen 2012a",,
