uid,domainID,siteID,namedLocation,decimalLatitude,decimalLongitude,coordinateUncertainty,additionalCoordUncertainty,elevation,elevationUncertainty,geodeticDatum,altLocation,altLatitude,altLongitude,altCoordinateUncertainty,altGeodeticDatum,collectDate,aquaticSiteType,samplingImpractical,parentSampleID,parentSampleCode,eventID,samplerType,dissolvedOxygen,dissolvedOxygenSaturation,specificConductance,waterTemp,asiSamplingProtocolVersion,lowerSegmentDepth,upperSegmentDepth,maxDepth,lakeSampleDepth1,lakeSampleDepth2,aCollectedBy,bCollectedBy,remarks,fieldDataQF
"d8bb60ac-a1a2-44cd-a6c6-606781dc78b6","D12","BLDE","BLDE.AOS.S2",44.953606,-110.589396,0.1,10.0,2023.3,0.1,"WGS84",,,,,,"2018-06-05T16:55Z","stream",,"BLDE.SS.20180605",,"BLDE.20180605","Grab",9.62,81.10,60.90,7.90,"NEON.DOC.001886vF",,,,,,"Bsmallen@battelleecology.org","Astimetz@battelleecology.org",,
"0a46968c-6dd4-4f21-8b5d-e3019b06285b","D12","BLDE","BLDE.AOS.S2",44.953606,-110.589396,0.1,10.0,2023.3,0.1,"WGS84",,,,,,"2018-06-12T18:21Z","stream",,"BLDE.SS.20180612",,"BLDE.20180612","Grab",10.03,81.60,67.10,6.50,"NEON.DOC.001886vF",,,,,,"Bsmallen@battelleecology.org","Astimetz@battelleecology.org","A cold weekend (below freezing) preceding sampling caused the flow to drop. Tributary streams caused by the east fork of blacktail deer creek flowing over it's bank continue to flow into BLDE upstream of water chemistry sampling location.",
"71e04f0f-e125-459c-a76f-417c37e588c8","D12","BLDE","BLDE.AOS.S2",44.953606,-110.589396,0.1,10.0,2023.3,0.1,"WGS84",,,,,,"2018-06-19T16:30Z","stream",,"BLDE.SS.20180619",,"BLDE.20180619","Grab",10.48,87.40,71.40,7.50,"NEON.DOC.001886vF",,,,,,"Bsmallen@battelleecology.org","Astimetz@battelleecology.org","Lots of rain in the past few days.",
"fda4db96-5c13-4772-a3ce-ea5e8c9b6864","D12","BLDE","BLDE.AOS.S2",44.953606,-110.589396,0.1,10.0,2023.3,0.1,"WGS84",,,,,,"2018-06-25T16:30Z","stream",,"BLDE.SS.20180625",,"BLDE.20180625","Grab",9.71,83.30,75.00,8.60,"NEON.DOC.001886vF",,,,,,"Astimetz@battelleecology.org","Bsmallen@battelleecology.org",,
