uid,domainID,siteID,namedLocation,collectDate,parentSampleID,parentSampleCode,isotopeH2OSampleCond,isotopeH2OSampleID,isotopeH2OSampleCode,isotopePOMRep2SampleCond,isotopePOMRep2SampleID,isotopePOMRep2SampleCode,isotopePOMSampleCond,isotopePOMSampleID,isotopePOMSampleCode,processedDateFilters,processedDateH2OIsotopes,sampleVolumeFilteredPOMRep1,sampleVolumeFilteredPOMRep2,fieldDataQF
"a5651dc5-ca02-455c-9d96-0c0fc1d63f8d","D12","BLDE","BLDE.AOS.S2","2018-06-05T16:55Z","BLDE.SS.20180605",,"Sample condition ok","BLDE.SS.20180605.H2O.1","A00000031696","Sample condition ok","BLDE.SS.20180605.POM.2","A00000031712","Sample condition ok","BLDE.SS.20180605.POM.1","A00000031694","2018-06-05T16:55Z","2018-06-05T16:55Z",500,500,
"fb98562a-60c1-4021-b965-a6c268f95094","D12","BLDE","BLDE.AOS.S2","2018-06-12T18:21Z","BLDE.SS.20180612",,"Sample condition ok","BLDE.SS.20180612.H2O.1","A00000030867","Sample condition ok","BLDE.SS.20180612.POM.2","A00000030871","Sample condition ok","BLDE.SS.20180612.POM.1","A00000030870","2018-06-12T20:45Z","2018-06-12T18:21Z",600,600,
"64bc1291-5809-426f-b817-a6a470d6a6f9","D12","BLDE","BLDE.AOS.S2","2018-06-19T16:30Z","BLDE.SS.20180619",,"Sample condition ok","BLDE.SS.20180619.H2O.1","A00000030873","Sample condition ok","BLDE.SS.20180619.POM.2","A00000030877","Sample condition ok","BLDE.SS.20180619.POM.1","A00000030876","2018-06-19T19:05Z","2018-06-19T19:05Z",400,400,
"62fd41b6-8a06-49aa-941e-f6fc63b49094","D12","BLDE","BLDE.AOS.S2","2018-06-25T16:30Z","BLDE.SS.20180625",,"Sample condition ok","BLDE.SS.20180625.H2O.1","A00000031709","Sample condition ok","BLDE.SS.20180625.POM.2","A00000031710","Sample condition ok","BLDE.SS.20180625.POM.1","A00000031692","2018-06-25T19:02Z","2018-06-25T16:30Z",700,700,
