uid,domainID,siteID,namedLocation,collectDate,analysisDate,isotopeH2OSampleID,isotopeH2OSampleCode,instrumentSN,d18OWater,d2HWater,d18OsdWater,d2HsdWater,isotopeH2OExternalLabQF,laboratoryName,analyzedBy,sampleCondition,externalRemarks,externalLabDataQF
"335eae5a-8d8d-4ae2-8f24-5ced8a8bfa04","D12","BLDE","BLDE.AOS.S2","2018-06-05","2018-07-05","BLDE.SS.20180605.H2O.1","A00000031696","HIDS2052",-18.93,-142.77,0.07,0.31,0,"SIRFER Lab at University of Utah","OlSmE6RRn5QQH8tvUHmK5i/poYiQr6sd","OK",,
"2ff2ca29-a4ee-4725-a46e-e07e1040c6f3","D12","BLDE","BLDE.AOS.S2","2018-06-12","2018-07-05","BLDE.SS.20180612.H2O.1","A00000030867","HIDS2052",-19.03,-143.26,0.05,0.11,0,"SIRFER Lab at University of Utah","OlSmE6RRn5QQH8tvUHmK5i/poYiQr6sd","OK",,
"6ff98875-1e0d-4c7a-8bf9-08c27b9cb314","D12","BLDE","BLDE.AOS.S2","2018-06-19","2018-08-22","BLDE.SS.20180619.H2O.1","A00000030873","HIDS2052",-18.18,-138.48,0.04,0.32,0,"SIRFER Lab at University of Utah","OlSmE6RRn5QQH8tvUHmK5i/poYiQr6sd","OK",,
"622919c5-fbc8-4328-afe2-0c55ae25f6aa","D12","BLDE","BLDE.AOS.S2","2018-06-25","2018-08-22","BLDE.SS.20180625.H2O.1","A00000031709","HIDS2052",-18.87,-141.91,0.04,0.08,0,"SIRFER Lab at University of Utah","OlSmE6RRn5QQH8tvUHmK5i/poYiQr6sd","OK",,
