uid,domainID,siteID,namedLocation,collectDate,sampleID,sampleCode,sampleCondition,laboratoryName,analysisDate,analyzedBy,sampleType,replicate,sampleVolumeFiltered,filterSize,percentFilterAnalyzed,analyte,analyteConcentration,plantAlgaeLabUnits,method,externalRemarks,externalLabDataQF
"8cabbe8f-90c3-454d-a401-686b1fd46bf4","D09","PRLA","PRLA.AOS.inlet","2015-07-08","PRLA.IN.20150708.POM.2",,"other","Academy of Natural Sciences of Drexel University","2017-05-17","OKgcKejxXbI=","13C15N","2",,,100,"d15N",4.45,"perMill",,"Filter stained blue",
"0000caf3-79c8-4266-9910-a39f8fbd29ac","D09","PRLA","PRLA.AOS.inlet","2015-07-08","PRLA.IN.20150708.POM.1",,"other","Academy of Natural Sciences of Drexel University","2017-01-31","OKgcKejxXbI=","13C15N","1",,,100,"d15N",3.78,"perMill",,"Filter stained blue",
"4bcc07db-d872-42a1-9e4d-d9711bda6a88","D09","PRLA","PRLA.AOS.inlet","2015-07-08","PRLA.IN.20150708.POM.2",,"other","Academy of Natural Sciences of Drexel University","2017-05-17","OKgcKejxXbI=","13C15N","2",,,100,"d13C",-27.00,"perMill",,"Filter stained blue",
"789171a7-03cd-4937-aa3f-fedde3091ab3","D09","PRLA","PRLA.AOS.inlet","2015-07-08","PRLA.IN.20150708.POM.1",,"other","Academy of Natural Sciences of Drexel University","2017-01-31","OKgcKejxXbI=","13C15N","1",,,100,"d13C",-26.80,"perMill",,"Filter stained blue",
"2a14fde1-a55a-4e30-b161-9965622c4f50","D09","PRLA","PRLA.AOS.buoy.c0","2015-07-08","PRLA.C0.20150708.POM.1",,"other","Academy of Natural Sciences of Drexel University","2017-01-31","OKgcKejxXbI=","13C15N","1",,,100,"d13C",-26.58,"perMill",,"Filter stained blue",
"b14ef233-2df1-4a10-b585-bf298fcbfb70","D09","PRLA","PRLA.AOS.buoy.c0","2015-07-08","PRLA.C0.20150708.POM.1",,"other","Academy of Natural Sciences of Drexel University","2017-01-31","OKgcKejxXbI=","13C15N","1",,,100,"d15N",3.10,"perMill",,"Filter stained blue",
"a5c6862a-1ab5-480d-9dbe-260e63725a48","D09","PRLA","PRLA.AOS.buoy.c0","2015-07-08","PRLA.C0.20150708.POM.2",,"other","Academy of Natural Sciences of Drexel University","2017-05-17","OKgcKejxXbI=","13C15N","2",,,100,"d13C",,"perMill",,"Filter stained blue, sample maxed out collector",
"0a84f398-7a00-4404-8293-ae8d66895c5d","D09","PRLA","PRLA.AOS.buoy.c0","2015-07-08","PRLA.C0.20150708.POM.2",,"other","Academy of Natural Sciences of Drexel University","2017-05-17","OKgcKejxXbI=","13C15N","2",,,100,"d15N",3.93,"perMill",,"Filter stained blue",
"a76bc76c-1149-47fe-9d49-6a427f56cb1e","D09","PRLA","PRLA.AOS.outlet","2015-07-08","PRLA.OT.20150708.POM.2",,"other","Academy of Natural Sciences of Drexel University","2017-05-17","OKgcKejxXbI=","13C15N","2",,,100,"d15N",5.85,"perMill",,"Filter stained blue",
"c346d33b-0702-4569-86a1-3673dd5fe4c7","D09","PRLA","PRLA.AOS.outlet","2015-07-08","PRLA.OT.20150708.POM.1",,"other","Academy of Natural Sciences of Drexel University","2017-01-31","OKgcKejxXbI=","13C15N","1",,,100,"d15N",3.66,"perMill",,"Filter stained blue",
"6acf4e8e-c380-4bb7-b443-d3a8de937ddf","D09","PRLA","PRLA.AOS.outlet","2015-07-08","PRLA.OT.20150708.POM.1",,"other","Academy of Natural Sciences of Drexel University","2017-01-31","OKgcKejxXbI=","13C15N","1",,,100,"d13C",-26.51,"perMill",,"Filter stained blue",
"cce3f4c7-94a7-4170-a8f4-306d2c5fcad2","D09","PRLA","PRLA.AOS.outlet","2015-07-08","PRLA.OT.20150708.POM.2",,"other","Academy of Natural Sciences of Drexel University","2017-05-17","OKgcKejxXbI=","13C15N","2",,,100,"d13C",-26.77,"perMill",,"Filter stained blue",
