uid,domainID,siteID,namedLocation,collectDate,sampleID,sampleCode,sampleCondition,laboratoryName,analysisDate,analyzedBy,sampleType,replicate,sampleVolumeFiltered,filterSize,percentFilterAnalyzed,analyte,analyteConcentration,plantAlgaeLabUnits,method,externalRemarks,externalLabDataQF
"5729e8e4-1d7b-428a-b7db-5587cb708401","D16","MART","MART.AOS.S2","2017-12-04","MART.SS.20171204.POM.1",,"condition ok","SIRFER Lab at University of Utah","2018-07-20","ElFtGy1kV49xqNP00HfxQA==","POM","1",1500,25,100,"carbon",46.56,"microgramsPerLiter","Revesz & Coplen 2012a",,
"2f21efe2-3d66-4390-a61e-8bc55c8b8d37","D16","MART","MART.AOS.S2","2017-12-04","MART.SS.20171204.POM.1",,"condition ok","SIRFER Lab at University of Utah","2018-07-20","ElFtGy1kV49xqNP00HfxQA==","POM","1",1500,25,100,"d15N",0.15,"perMill","Revesz & Coplen 2012a",,
"1f3825b7-57f8-48c3-b491-4997fa2fdbb6","D16","MART","MART.AOS.S2","2017-12-04","MART.SS.20171204.POM.1",,"condition ok","SIRFER Lab at University of Utah","2018-07-20","ElFtGy1kV49xqNP00HfxQA==","POM","1",1500,25,100,"nitrogen",2.13,"microgramsPerLiter","Revesz & Coplen 2012a",,
"d61395d4-cf33-4a30-a91c-dc1b2b490238","D16","MART","MART.AOS.S2","2017-12-04","MART.SS.20171204.POM.1",,"condition ok","SIRFER Lab at University of Utah","2018-07-20","ElFtGy1kV49xqNP00HfxQA==","POM","1",1500,25,100,"d13C",-26.89,"perMill","Revesz & Coplen 2012a",,
"d31654dc-2093-4966-b35b-08d179b783bf","D16","MART","MART.AOS.S2","2017-12-12","MART.SS.20171212.POM.1",,"condition ok","SIRFER Lab at University of Utah","2018-07-23","ElFtGy1kV49xqNP00HfxQA==","POM","1",1500,25,100,"d13C",-28.74,"perMill","Revesz & Coplen 2012a",,
"4cb7da85-83e4-4536-9f22-0b14080129c3","D16","MART","MART.AOS.S2","2017-12-12","MART.SS.20171212.POM.1",,"condition ok","SIRFER Lab at University of Utah","2018-07-23","ElFtGy1kV49xqNP00HfxQA==","POM","1",1500,25,100,"nitrogen",1.50,"microgramsPerLiter","Revesz & Coplen 2012a",,
"88eb2a62-068b-4af4-b321-76d705cf3270","D16","MART","MART.AOS.S2","2017-12-12","MART.SS.20171212.POM.1",,"condition ok","SIRFER Lab at University of Utah","2018-07-23","ElFtGy1kV49xqNP00HfxQA==","POM","1",1500,25,100,"carbon",32.08,"microgramsPerLiter","Revesz & Coplen 2012a",,
"fe0e71ad-7243-4fed-ad20-9927c740a752","D16","MART","MART.AOS.S2","2017-12-12","MART.SS.20171212.POM.1",,"condition ok","SIRFER Lab at University of Utah","2018-07-23","ElFtGy1kV49xqNP00HfxQA==","POM","1",1500,25,100,"d15N",-5.52,"perMill","Revesz & Coplen 2012a",,
"fa390cd4-ca40-42b8-964c-0beb8b5eb82a","D16","MART","MART.AOS.S2","2017-12-14","MART.SS.20171214.POM.1",,"condition ok","SIRFER Lab at University of Utah","2018-07-20","ElFtGy1kV49xqNP00HfxQA==","POM","1",1500,25,100,"carbon",68.26,"microgramsPerLiter","Revesz & Coplen 2012a",,
"c328e3bb-dff2-47eb-b6a8-8256882d792f","D16","MART","MART.AOS.S2","2017-12-14","MART.SS.20171214.POM.1",,"condition ok","SIRFER Lab at University of Utah","2018-07-20","ElFtGy1kV49xqNP00HfxQA==","POM","1",1500,25,100,"d15N",-0.28,"perMill","Revesz & Coplen 2012a",,
"4b73e703-e6e8-407b-b9f3-519af3ba79c2","D16","MART","MART.AOS.S2","2017-12-14","MART.SS.20171214.POM.1",,"condition ok","SIRFER Lab at University of Utah","2018-07-20","ElFtGy1kV49xqNP00HfxQA==","POM","1",1500,25,100,"nitrogen",3.30,"microgramsPerLiter","Revesz & Coplen 2012a",,
"806bece9-d37c-4274-82cd-d9e2700876fd","D16","MART","MART.AOS.S2","2017-12-14","MART.SS.20171214.POM.1",,"condition ok","SIRFER Lab at University of Utah","2018-07-20","ElFtGy1kV49xqNP00HfxQA==","POM","1",1500,25,100,"d13C",-28.08,"perMill","Revesz & Coplen 2012a",,
