uid,domainID,siteID,namedLocation,collectDate,analysisDate,isotopeH2OSampleID,isotopeH2OSampleCode,instrumentSN,d18OWater,d2HWater,d18OsdWater,d2HsdWater,isotopeH2OExternalLabQF,laboratoryName,analyzedBy,sampleCondition,externalRemarks,externalLabDataQF
"49428b76-8207-49eb-8c7d-e8c891c9bd61","D14","SYCA","SYCA.AOS.S2","2019-03-05","2019-05-07","SYCA.SS.20190305.H2O.1","A00000047561","HIDS2052",-10.12,-69.61,0.05,0.29,0,"SIRFER Lab at University of Utah","OlSmE6RRn5QQH8tvUHmK5i/poYiQr6sd","OK",,
"6020ed72-9634-4a3e-98ab-e6d6efbe031d","D14","SYCA","SYCA.AOS.reach","2019-03-13","2019-06-07","SYCA.RE.20190313.H2O.1","A00000047386","HIDS2046",-10.81,-72.13,0.03,0.19,0,"SIRFER Lab at University of Utah","OlSmE6RRn5QQH8tvUHmK5i/poYiQr6sd","OK",,
"6f1cb9fb-1851-4326-848a-00af1ca8bf61","D14","SYCA","SYCA.AOS.S2","2019-03-19","2019-06-07","SYCA.SS.20190319.H2O.1","A00000047397","HIDS2046",-9.83,-67.84,0.04,0.30,0,"SIRFER Lab at University of Utah","OlSmE6RRn5QQH8tvUHmK5i/poYiQr6sd","OK",,
"aa7d920e-8da5-464e-8ee9-e85928c323c9","D14","SYCA","SYCA.AOS.S2","2019-03-19","2019-06-07","SYCA.SS.20190319.H2O.2","A00000047414","HIDS2046",-9.68,-67.10,0.01,0.21,0,"SIRFER Lab at University of Utah","OlSmE6RRn5QQH8tvUHmK5i/poYiQr6sd","OK",,
"ed1a935f-b034-4705-83b4-ff71fb42539a","D14","SYCA","SYCA.AOS.S2","2019-03-19","2019-06-07","SYCA.SS.20190319.H2O.3","A00000047413","HIDS2046",-9.81,-67.70,0.03,0.11,0,"SIRFER Lab at University of Utah","OlSmE6RRn5QQH8tvUHmK5i/poYiQr6sd","OK",,
"99eb9959-f3a5-442e-9c7e-b4a1ee88dc1a","D14","SYCA","SYCA.AOS.S2","2019-03-25","2019-06-07","SYCA.SS.20190325.H2O.1","A00000047323","HIDS2046",-9.23,-64.94,0.02,0.08,0,"SIRFER Lab at University of Utah","OlSmE6RRn5QQH8tvUHmK5i/poYiQr6sd","OK",,
