uid,domainID,siteID,namedLocation,collectDate,sampleID,sampleCode,sampleCondition,laboratoryName,analysisDate,analyzedBy,sampleType,replicate,sampleVolumeFiltered,filterSize,percentFilterAnalyzed,analyte,analyteConcentration,plantAlgaeLabUnits,method,externalRemarks,externalLabDataQF
"09817bcb-c291-43d6-85ae-b3bec967e0c1","D14","SYCA","SYCA.AOS.S2","2019-03-05","SYCA.SS.20190305.POM.1","A00000047378","condition ok","SIRFER Lab at University of Utah","2019-05-13","ElFtGy1kV49xqNP00HfxQA==","POM","1",150,25,100,"nitrogen",60.68,"microgramsPerLiter","Revesz & Coplen 2012a",,
"822c2857-74a9-4f77-bb05-03cff3b39203","D14","SYCA","SYCA.AOS.S2","2019-03-05","SYCA.SS.20190305.POM.1","A00000047378","condition ok","SIRFER Lab at University of Utah","2019-05-13","ElFtGy1kV49xqNP00HfxQA==","POM","1",150,25,100,"d15N",-0.61,"perMill","Revesz & Coplen 2012a",,
"22b747e9-3975-48f9-bdc4-451334690c73","D14","SYCA","SYCA.AOS.S2","2019-03-05","SYCA.SS.20190305.POM.1","A00000047378","condition ok","SIRFER Lab at University of Utah","2019-05-13","ElFtGy1kV49xqNP00HfxQA==","POM","1",150,25,100,"d13C",-22.58,"perMill","Revesz & Coplen 2012a",,
"155717e5-ec32-4116-aa20-3fbd70ee9499","D14","SYCA","SYCA.AOS.S2","2019-03-05","SYCA.SS.20190305.POM.1","A00000047378","condition ok","SIRFER Lab at University of Utah","2019-05-13","ElFtGy1kV49xqNP00HfxQA==","POM","1",150,25,100,"carbon",814.99,"microgramsPerLiter","Revesz & Coplen 2012a",,
"07efc28a-f49b-4449-9c71-9dedf571e3f7","D14","SYCA","SYCA.AOS.reach","2019-03-13","SYCA.RE.20190313.POM.1","A00000047418","condition ok","SIRFER Lab at University of Utah","2019-05-13","ElFtGy1kV49xqNP00HfxQA==","POM","1",10,25,100,"d15N",2.18,"perMill","Revesz & Coplen 2012a",,
"4b5fd310-dff8-4b6e-b8b6-5471d8d65435","D14","SYCA","SYCA.AOS.reach","2019-03-13","SYCA.RE.20190313.POM.1","A00000047418","condition ok","SIRFER Lab at University of Utah","2019-05-13","ElFtGy1kV49xqNP00HfxQA==","POM","1",10,25,100,"carbon",28716.99,"microgramsPerLiter","Revesz & Coplen 2012a",,
"398a0a99-0ddf-4981-a12e-99a37af07440","D14","SYCA","SYCA.AOS.reach","2019-03-13","SYCA.RE.20190313.POM.1","A00000047418","condition ok","SIRFER Lab at University of Utah","2019-05-13","ElFtGy1kV49xqNP00HfxQA==","POM","1",10,25,100,"nitrogen",2225.33,"microgramsPerLiter","Revesz & Coplen 2012a",,
"a86944c8-4ccd-454f-83d8-05e0dc8ccb77","D14","SYCA","SYCA.AOS.reach","2019-03-13","SYCA.RE.20190313.POM.1","A00000047418","condition ok","SIRFER Lab at University of Utah","2019-05-13","ElFtGy1kV49xqNP00HfxQA==","POM","1",10,25,100,"d13C",-23.58,"perMill","Revesz & Coplen 2012a",,
"5e9af8e9-53cd-4d2b-95cd-71233a01ae03","D14","SYCA","SYCA.AOS.S2","2019-03-19","SYCA.SS.20190319.POM.1","A00000047320","condition ok","SIRFER Lab at University of Utah","2019-05-13","ElFtGy1kV49xqNP00HfxQA==","POM","1",300,25,100,"carbon",274.78,"microgramsPerLiter","Revesz & Coplen 2012a",,
"3d3159f5-c514-4fd4-aa8f-b136fd06b903","D14","SYCA","SYCA.AOS.S2","2019-03-19","SYCA.SS.20190319.POM.1","A00000047320","condition ok","SIRFER Lab at University of Utah","2019-05-13","ElFtGy1kV49xqNP00HfxQA==","POM","1",300,25,100,"d13C",-25.50,"perMill","Revesz & Coplen 2012a",,
"f374f374-2d1e-4bc9-b8ff-658a278923fc","D14","SYCA","SYCA.AOS.S2","2019-03-19","SYCA.SS.20190319.POM.1","A00000047320","condition ok","SIRFER Lab at University of Utah","2019-05-13","ElFtGy1kV49xqNP00HfxQA==","POM","1",300,25,100,"nitrogen",23.59,"microgramsPerLiter","Revesz & Coplen 2012a",,
"0a3e232a-fe0f-4d78-962a-68ff5c3bd1c8","D14","SYCA","SYCA.AOS.S2","2019-03-19","SYCA.SS.20190319.POM.1","A00000047320","condition ok","SIRFER Lab at University of Utah","2019-05-13","ElFtGy1kV49xqNP00HfxQA==","POM","1",300,25,100,"d15N",2.53,"perMill","Revesz & Coplen 2012a",,
"c56d9f85-46d1-4100-8af2-e6a1425d1e8a","D14","SYCA","SYCA.AOS.S2","2019-03-25","SYCA.SS.20190325.POM.1","A00000047309","condition ok","SIRFER Lab at University of Utah","2019-05-13","ElFtGy1kV49xqNP00HfxQA==","POM","1",500,25,100,"carbon",372.98,"microgramsPerLiter","Revesz & Coplen 2012a",,
"60ab419d-2601-4fc5-b2ce-8f821233b308","D14","SYCA","SYCA.AOS.S2","2019-03-25","SYCA.SS.20190325.POM.1","A00000047309","condition ok","SIRFER Lab at University of Utah","2019-05-13","ElFtGy1kV49xqNP00HfxQA==","POM","1",500,25,100,"nitrogen",21.96,"microgramsPerLiter","Revesz & Coplen 2012a",,
"d0dd3219-ae67-4a13-b009-7940e25760a6","D14","SYCA","SYCA.AOS.S2","2019-03-25","SYCA.SS.20190325.POM.1","A00000047309","condition ok","SIRFER Lab at University of Utah","2019-05-13","ElFtGy1kV49xqNP00HfxQA==","POM","1",500,25,100,"d13C",-25.73,"perMill","Revesz & Coplen 2012a",,
"2fbfd5e3-3892-45d3-a7da-239fbb0914ff","D14","SYCA","SYCA.AOS.S2","2019-03-25","SYCA.SS.20190325.POM.1","A00000047309","condition ok","SIRFER Lab at University of Utah","2019-05-13","ElFtGy1kV49xqNP00HfxQA==","POM","1",500,25,100,"d15N",2.80,"perMill","Revesz & Coplen 2012a",,
