uid,domainID,siteID,namedLocation,decimalLatitude,decimalLongitude,coordinateUncertainty,additionalCoordUncertainty,elevation,elevationUncertainty,geodeticDatum,altLocation,altLatitude,altLongitude,altCoordinateUncertainty,altGeodeticDatum,collectDate,aquaticSiteType,samplingImpractical,parentSampleID,parentSampleCode,eventID,samplerType,dissolvedOxygen,dissolvedOxygenSaturation,specificConductance,waterTemp,asiSamplingProtocolVersion,lowerSegmentDepth,upperSegmentDepth,maxDepth,lakeSampleDepth1,lakeSampleDepth2,aCollectedBy,bCollectedBy,remarks,fieldDataQF
"b3a0230c-f988-47b4-bad1-11ac6b3b4488","D14","SYCA","SYCA.AOS.S2",33.750886,-111.508124,0.1,10.0,643.1,0.1,"WGS84",,,,,,"2019-03-05T18:14Z","stream",,"SYCA.SS.20190305",,"SYCA.20190305","Grab",9.38,89.70,238.40,13.10,"NEON.DOC.001886vF",,,,,,"0000-0001-8362-7797","0000-0002-6694-2717",,
"eb4041a0-a28f-4ed2-8ead-023b2ece1621","D14","SYCA","SYCA.AOS.reach",33.750993,-111.508091,10.0,,645.0,10.0,"WGS84","High flows are not allowing safe access to S2. Also unable to access thalweg of side channel for sampling.",33.754128,-111.505195,3.0,"WGS84","2019-03-13T15:11Z","stream",,"SYCA.RE.20190313",,"SYCA.20190313","Grab",9.84,85.00,136.50,8.90,"NEON.DOC.001886vF",,,,,,"0000-0001-8362-7797","0000-0002-8929-7933",,
"1cb30ecb-e0be-4325-aebb-203db24beac3","D14","SYCA","SYCA.AOS.S2",33.750886,-111.508124,0.1,10.0,643.1,0.1,"WGS84",,,,,,"2019-03-19T18:25Z","stream",,"SYCA.SS.20190319",,"SYCA.20190319","Grab",8.80,90.10,291.80,16.50,"NEON.DOC.001886vF",,,,,,"0000-0001-8362-7797","0000-0002-8929-7933",,
"ae193b6b-6cb5-4f5f-b4cf-30b6c6416625","D14","SYCA","SYCA.AOS.S2",33.750886,-111.508124,0.1,10.0,643.1,0.1,"WGS84",,,,,,"2019-03-25T20:16Z","stream",,"SYCA.SS.20190325",,"SYCA.20190325","Grab",7.93,88.60,353.20,20.80,"NEON.DOC.001886vF",,,,,,"0000-0001-8362-7797","0000-0001-8362-7797",,
