uid,domainID,siteID,namedLocation,collectDate,parentSampleID,parentSampleCode,isotopeH2OSampleCond,isotopeH2OSampleID,isotopeH2OSampleCode,isotopePOMRep2SampleCond,isotopePOMRep2SampleID,isotopePOMRep2SampleCode,isotopePOMSampleCond,isotopePOMSampleID,isotopePOMSampleCode,processedDateFilters,processedDateH2OIsotopes,sampleVolumeFilteredPOMRep1,sampleVolumeFilteredPOMRep2,fieldDataQF
"8e7f461b-7bea-476b-be90-efbc953a7f83","D14","SYCA","SYCA.AOS.S2","2019-03-05T18:14Z","SYCA.SS.20190305",,"Sample condition ok","SYCA.SS.20190305.H2O.1","A00000047561","Sample condition ok","SYCA.SS.20190305.POM.2","A00000047361","Sample condition ok","SYCA.SS.20190305.POM.1","A00000047378","2019-03-05T20:18Z","2019-03-05T19:58Z",150,150,
"1f876df6-cdf6-47ab-978f-c2365049e659","D14","SYCA","SYCA.AOS.reach","2019-03-13T15:11Z","SYCA.RE.20190313",,"Sample condition ok","SYCA.RE.20190313.H2O.1","A00000047386","Sample condition ok","SYCA.RE.20190313.POM.2","A00000047419","Sample condition ok","SYCA.RE.20190313.POM.1","A00000047418","2019-03-13T17:35Z","2019-03-13T17:04Z",10,10,
"b10133e4-a7e5-485f-87d9-a8c2cea0bc3b","D14","SYCA","SYCA.AOS.S2","2019-03-19T18:25Z","SYCA.SS.20190319",,"Sample condition ok","SYCA.SS.20190319.H2O.2","A00000047414",,,,,,,,"2019-03-19T20:56Z",,,
"c3ed8684-5c5f-4a0c-9467-1d93630a302d","D14","SYCA","SYCA.AOS.S2","2019-03-19T18:25Z","SYCA.SS.20190319",,"Sample condition ok","SYCA.SS.20190319.H2O.3","A00000047413",,,,,,,,"2019-03-19T21:03Z",,,
"6062008b-9d6f-42fe-93b7-a7e286040f6e","D14","SYCA","SYCA.AOS.S2","2019-03-19T18:25Z","SYCA.SS.20190319",,"Sample condition ok","SYCA.SS.20190319.H2O.1","A00000047397","Sample condition ok","SYCA.SS.20190319.POM.2","A00000047304","Sample condition ok","SYCA.SS.20190319.POM.1","A00000047320","2019-03-19T22:00Z","2019-03-19T20:42Z",300,300,
"b14a6324-0ca0-45fc-b98d-74873dc8ffd9","D14","SYCA","SYCA.AOS.S2","2019-03-25T20:16Z","SYCA.SS.20190325",,"Sample condition ok","SYCA.SS.20190325.H2O.1","A00000047323","Sample condition ok","SYCA.SS.20190325.POM.2","A00000047308","Sample condition ok","SYCA.SS.20190325.POM.1","A00000047309","2019-03-25T21:59Z","2019-03-25T21:17Z",500,500,
