uid,domainID,siteID,namedLocation,collectDate,sampleID,sampleCode,sampleCondition,laboratoryName,analysisDate,analyzedBy,sampleType,replicate,sampleVolumeFiltered,filterSize,percentFilterAnalyzed,analyte,analyteConcentration,plantAlgaeLabUnits,method,externalRemarks,externalLabDataQF
"c14e7551-4eb5-4ff6-b84c-85359b781dab","D09","PRLA","PRLA.AOS.inlet","2016-02-03","PRLA.IN.20160203.POM.1",,"other","Academy of Natural Sciences of Drexel University","2017-01-31","OKgcKejxXbI=","13C15N","1",,,100,"d15N",-1.12,"perMill",,"Filter stained purple",
"4ada1085-c38a-442d-991f-95599f5ec5c5","D09","PRLA","PRLA.AOS.inlet","2016-02-03","PRLA.IN.20160203.POM.1",,"other","Academy of Natural Sciences of Drexel University","2017-01-31","OKgcKejxXbI=","13C15N","1",,,100,"d13C",-32.48,"perMill",,"Filter stained purple",
"52f47a7a-ea7b-4ed6-a093-ecb7bdf95e87","D09","PRLA","PRLA.AOS.inlet","2016-02-03","PRLA.IN.20160203.POM.2",,"other","Academy of Natural Sciences of Drexel University","2017-02-15","OKgcKejxXbI=","13C15N","2",,,100,"d13C",-34.01,"perMill",,"Filter stained purple",
"79a36292-da73-49cd-b319-90bd5e0e841f","D09","PRLA","PRLA.AOS.inlet","2016-02-03","PRLA.IN.20160203.POM.2",,"other","Academy of Natural Sciences of Drexel University","2017-02-15","OKgcKejxXbI=","13C15N","2",,,100,"d15N",-4.53,"perMill",,"Filter stained purple",
"c83cadd4-e9fd-4415-a8ad-808b906e1c91","D09","PRLA","PRLA.AOS.buoy.c0","2016-02-03","PRLA.C0.20160203.POM.2",,"condition ok","Academy of Natural Sciences of Drexel University","2017-02-13","OKgcKejxXbI=","13C15N","2",,,100,"d15N",-0.73,"perMill",,,
"ecb900fc-4f6b-4ba5-8bfd-863a5707929b","D09","PRLA","PRLA.AOS.buoy.c0","2016-02-03","PRLA.C0.20160203.POM.1",,"condition ok","Academy of Natural Sciences of Drexel University","2017-01-31","OKgcKejxXbI=","13C15N","1",,,100,"d13C",-32.36,"perMill",,,
"d269ff34-b4f3-424e-8e38-120b49e02d93","D09","PRLA","PRLA.AOS.buoy.c0","2016-02-03","PRLA.C0.20160203.POM.2",,"condition ok","Academy of Natural Sciences of Drexel University","2017-02-13","OKgcKejxXbI=","13C15N","2",,,100,"d13C",-31.97,"perMill",,,
"512d673d-8317-45c3-9e75-ac15c9749f89","D09","PRLA","PRLA.AOS.buoy.c0","2016-02-03","PRLA.C0.20160203.POM.1",,"condition ok","Academy of Natural Sciences of Drexel University","2017-01-31","OKgcKejxXbI=","13C15N","1",,,100,"d15N",-0.27,"perMill",,,
"da44c9a6-982f-4959-8aa5-d9d4be6ef571","D09","PRLA","PRLA.AOS.outlet","2016-02-03","PRLA.OT.20160203.POM.2",,"condition ok","Academy of Natural Sciences of Drexel University","2017-02-13","OKgcKejxXbI=","13C15N","2",,,100,"d13C",-30.77,"perMill",,,
"af82d255-78f0-42a6-a33b-1286ef49d7dd","D09","PRLA","PRLA.AOS.outlet","2016-02-03","PRLA.OT.20160203.POM.1",,"condition ok","Academy of Natural Sciences of Drexel University","2017-01-31","OKgcKejxXbI=","13C15N","1",,,100,"d13C",-30.81,"perMill",,,
"be8e00bc-f718-45e5-9b82-6c28c99ad852","D09","PRLA","PRLA.AOS.outlet","2016-02-03","PRLA.OT.20160203.POM.2",,"condition ok","Academy of Natural Sciences of Drexel University","2017-02-13","OKgcKejxXbI=","13C15N","2",,,100,"d15N",0.33,"perMill",,,
"214c8d20-f022-4ca5-bd87-6f55e6ab023e","D09","PRLA","PRLA.AOS.outlet","2016-02-03","PRLA.OT.20160203.POM.1",,"condition ok","Academy of Natural Sciences of Drexel University","2017-01-31","OKgcKejxXbI=","13C15N","1",,,100,"d15N",0.58,"perMill",,,
