uid,domainID,siteID,namedLocation,collectDate,sampleID,sampleCode,sampleCondition,laboratoryName,analysisDate,analyzedBy,sampleType,replicate,sampleVolumeFiltered,filterSize,percentFilterAnalyzed,analyte,analyteConcentration,plantAlgaeLabUnits,method,externalRemarks,externalLabDataQF
"e3884aee-6d3b-4d8e-beda-6f942d05c567","D09","PRPO","PRPO.AOS.buoy.c0","2018-04-17","PRPO.C0.20180417.POM.1","A00000017352","condition ok","SIRFER Lab at University of Utah","2018-10-18","ElFtGy1kV49xqNP00HfxQA==","POM","1",40,25,100,"d13C",,"perMill","Revesz & Coplen 2012a",,
"010ede68-639c-4d5b-a0f7-b5496a53b369","D09","PRPO","PRPO.AOS.buoy.c0","2018-04-17","PRPO.C0.20180417.POM.1","A00000017352","condition ok","SIRFER Lab at University of Utah","2018-10-18","ElFtGy1kV49xqNP00HfxQA==","POM","1",40,25,100,"carbon",,"microgramsPerLiter","Revesz & Coplen 2012a",,
"481cc23c-4789-4ed4-82d0-839c027f88fb","D09","PRPO","PRPO.AOS.buoy.c0","2018-04-17","PRPO.C0.20180417.POM.1","A00000017352","condition ok","SIRFER Lab at University of Utah","2018-10-18","ElFtGy1kV49xqNP00HfxQA==","POM","1",40,25,100,"nitrogen",,"microgramsPerLiter","Revesz & Coplen 2012a",,
"5c1f21be-366d-445b-86ee-5d5435f37790","D09","PRPO","PRPO.AOS.buoy.c0","2018-04-17","PRPO.C0.20180417.POM.1","A00000017352","condition ok","SIRFER Lab at University of Utah","2018-10-18","ElFtGy1kV49xqNP00HfxQA==","POM","1",40,25,100,"d15N",,"perMill","Revesz & Coplen 2012a",,
