uid,domainID,siteID,namedLocation,collectDate,sampleID,sampleCode,sampleCondition,laboratoryName,analysisDate,analyzedBy,sampleType,replicate,sampleVolumeFiltered,filterSize,percentFilterAnalyzed,analyte,analyteConcentration,plantAlgaeLabUnits,method,externalRemarks,externalLabDataQF
"2dd7e7ed-f6ce-4655-a72c-04c4387955ef","D09","PRPO","PRPO.AOS.buoy.c0","2017-03-21","PRPO.C0.20170321.POM.1",,"condition ok","SIRFER Lab at University of Utah","2018-03-14","ElFtGy1kV49xqNP00HfxQA==","POM","1",75,25,100,"d15N",8.50,"perMill","Revesz & Coplen 2012a",,
"1e362a75-f458-4462-9e6d-e6854fefe969","D09","PRPO","PRPO.AOS.buoy.c0","2017-03-21","PRPO.C0.20170321.POM.1",,"condition ok","SIRFER Lab at University of Utah","2018-03-14","ElFtGy1kV49xqNP00HfxQA==","POM","1",75,25,100,"carbon",3571.70,"microgramsPerLiter","Revesz & Coplen 2012a",,
"aa811d76-867a-4621-8ddc-9409f1536bd5","D09","PRPO","PRPO.AOS.buoy.c0","2017-03-21","PRPO.C0.20170321.POM.1",,"condition ok","SIRFER Lab at University of Utah","2018-03-14","ElFtGy1kV49xqNP00HfxQA==","POM","1",75,25,100,"nitrogen",398.40,"microgramsPerLiter","Revesz & Coplen 2012a",,
"b7801298-3a79-416c-ba91-0bbc3ae8fe27","D09","PRPO","PRPO.AOS.buoy.c0","2017-03-21","PRPO.C0.20170321.POM.1",,"condition ok","SIRFER Lab at University of Utah","2018-03-14","ElFtGy1kV49xqNP00HfxQA==","POM","1",75,25,100,"d13C",-31.00,"perMill","Revesz & Coplen 2012a",,
