uid,domainID,siteID,namedLocation,collectDate,sampleID,sampleCode,sampleCondition,laboratoryName,analysisDate,analyzedBy,sampleType,replicate,sampleVolumeFiltered,filterSize,percentFilterAnalyzed,analyte,analyteConcentration,plantAlgaeLabUnits,method,externalRemarks,externalLabDataQF
"3c4aa05a-7b24-484f-aa77-a9962d52f9c9","D03","BARC","BARC.AOS.buoy.c0","2018-01-04","BARC.C0.20180104.POM.1",,"condition ok","SIRFER Lab at University of Utah","2018-07-31","ElFtGy1kV49xqNP00HfxQA==","POM","1",400,25,100,"d13C",-31.82,"perMill","Revesz & Coplen 2012a",,
"052bee18-6002-4f62-8e7b-621cccb58f48","D03","BARC","BARC.AOS.buoy.c0","2018-01-04","BARC.C0.20180104.POM.1",,"condition ok","SIRFER Lab at University of Utah","2018-07-31","ElFtGy1kV49xqNP00HfxQA==","POM","1",400,25,100,"d15N",2.54,"perMill","Revesz & Coplen 2012a",,
"242a50b1-4a6c-4d96-a517-e46e979d3fc1","D03","BARC","BARC.AOS.buoy.c0","2018-01-04","BARC.C0.20180104.POM.1",,"condition ok","SIRFER Lab at University of Utah","2018-07-31","ElFtGy1kV49xqNP00HfxQA==","POM","1",400,25,100,"nitrogen",37.72,"microgramsPerLiter","Revesz & Coplen 2012a",,
"e3642dac-1942-4336-9ee6-1ddbde0fea5a","D03","BARC","BARC.AOS.buoy.c0","2018-01-04","BARC.C0.20180104.POM.1",,"condition ok","SIRFER Lab at University of Utah","2018-07-31","ElFtGy1kV49xqNP00HfxQA==","POM","1",400,25,100,"carbon",335.23,"microgramsPerLiter","Revesz & Coplen 2012a",,
