uid,domainID,siteID,namedLocation,collectDate,sampleID,sampleCode,sampleCondition,laboratoryName,analysisDate,analyzedBy,sampleType,replicate,sampleVolumeFiltered,filterSize,percentFilterAnalyzed,analyte,analyteConcentration,plantAlgaeLabUnits,method,externalRemarks,externalLabDataQF
"3420f0ae-a866-425c-a82f-858662addf9c","D13","COMO","COMO.AOS.S2","2017-07-06","COMO.SS.20170706.POM.1",,"condition ok","SIRFER Lab at University of Utah","2018-04-06","ElFtGy1kV49xqNP00HfxQA==","POM","1",750,25,100,"d15N",8.66,"perMill","Revesz & Coplen 2012a",,
"e5fd9469-fa78-4a37-bb15-39316ff344b3","D13","COMO","COMO.AOS.S2","2017-07-06","COMO.SS.20170706.POM.1",,"condition ok","SIRFER Lab at University of Utah","2018-04-06","ElFtGy1kV49xqNP00HfxQA==","POM","1",750,25,100,"carbon",232.73,"microgramsPerLiter","Revesz & Coplen 2012a",,
"477c257b-31c0-4382-b129-7a000f081cee","D13","COMO","COMO.AOS.S2","2017-07-06","COMO.SS.20170706.POM.1",,"condition ok","SIRFER Lab at University of Utah","2018-04-06","ElFtGy1kV49xqNP00HfxQA==","POM","1",750,25,100,"nitrogen",18.00,"microgramsPerLiter","Revesz & Coplen 2012a",,
"1b2e7daf-0dcf-42ed-9483-b64cd244e322","D13","COMO","COMO.AOS.S2","2017-07-06","COMO.SS.20170706.POM.1",,"condition ok","SIRFER Lab at University of Utah","2018-04-06","ElFtGy1kV49xqNP00HfxQA==","POM","1",750,25,100,"d13C",-26.53,"perMill","Revesz & Coplen 2012a",,
"44cae169-678e-49ed-a853-5a7a5256e828","D13","COMO","COMO.AOS.S2","2017-07-10","COMO.SS.20170710.POM.1",,"condition ok","SIRFER Lab at University of Utah","2018-04-06","ElFtGy1kV49xqNP00HfxQA==","POM","1",750,25,100,"d15N",5.30,"perMill","Revesz & Coplen 2012a",,
"4bdec0bf-e377-4362-bf05-dd5b67f8b1a2","D13","COMO","COMO.AOS.S2","2017-07-10","COMO.SS.20170710.POM.1",,"condition ok","SIRFER Lab at University of Utah","2018-04-06","ElFtGy1kV49xqNP00HfxQA==","POM","1",750,25,100,"nitrogen",29.34,"microgramsPerLiter","Revesz & Coplen 2012a",,
"fc2dda17-2ca1-40cc-ad8e-bb2080022ad2","D13","COMO","COMO.AOS.S2","2017-07-10","COMO.SS.20170710.POM.1",,"condition ok","SIRFER Lab at University of Utah","2018-04-06","ElFtGy1kV49xqNP00HfxQA==","POM","1",750,25,100,"carbon",403.62,"microgramsPerLiter","Revesz & Coplen 2012a",,
"f6857f2b-f124-446f-bd00-cd04a4dc82db","D13","COMO","COMO.AOS.S2","2017-07-10","COMO.SS.20170710.POM.1",,"condition ok","SIRFER Lab at University of Utah","2018-04-06","ElFtGy1kV49xqNP00HfxQA==","POM","1",750,25,100,"d13C",-26.14,"perMill","Revesz & Coplen 2012a",,
"2e73179f-24d5-4708-bc13-f6fb0079daca","D13","COMO","COMO.AOS.S2","2017-07-17","COMO.SS.20170717.POM.1",,"condition ok","SIRFER Lab at University of Utah","2018-04-06","ElFtGy1kV49xqNP00HfxQA==","POM","1",750,25,100,"nitrogen",15.09,"microgramsPerLiter","Revesz & Coplen 2012a",,
"ad37e387-8f2a-452d-9a46-e345ed01e4a4","D13","COMO","COMO.AOS.S2","2017-07-17","COMO.SS.20170717.POM.1",,"condition ok","SIRFER Lab at University of Utah","2018-04-06","ElFtGy1kV49xqNP00HfxQA==","POM","1",750,25,100,"d13C",-26.19,"perMill","Revesz & Coplen 2012a",,
"390f10e4-8c78-4175-baa2-3c7bfc190003","D13","COMO","COMO.AOS.S2","2017-07-17","COMO.SS.20170717.POM.1",,"condition ok","SIRFER Lab at University of Utah","2018-04-06","ElFtGy1kV49xqNP00HfxQA==","POM","1",750,25,100,"carbon",182.63,"microgramsPerLiter","Revesz & Coplen 2012a",,
"e4178c52-d842-4b86-94ab-59c04a51fc5d","D13","COMO","COMO.AOS.S2","2017-07-17","COMO.SS.20170717.POM.1",,"condition ok","SIRFER Lab at University of Utah","2018-04-06","ElFtGy1kV49xqNP00HfxQA==","POM","1",750,25,100,"d15N",10.40,"perMill","Revesz & Coplen 2012a",,
"70fa9bb5-c2bf-4402-a3a4-6a78154a6b9e","D13","COMO","COMO.AOS.S2","2017-07-25","COMO.SS.20170725.POM.1",,"condition ok","SIRFER Lab at University of Utah","2018-04-06","ElFtGy1kV49xqNP00HfxQA==","POM","1",750,25,100,"d15N",11.08,"perMill","Revesz & Coplen 2012a",,
"6585680a-82f8-4a99-8aef-e80be0497f76","D13","COMO","COMO.AOS.S2","2017-07-25","COMO.SS.20170725.POM.1",,"condition ok","SIRFER Lab at University of Utah","2018-04-06","ElFtGy1kV49xqNP00HfxQA==","POM","1",750,25,100,"nitrogen",14.48,"microgramsPerLiter","Revesz & Coplen 2012a",,
"880ade47-dd21-4f38-9dcf-05fcc98fd276","D13","COMO","COMO.AOS.S2","2017-07-25","COMO.SS.20170725.POM.1",,"condition ok","SIRFER Lab at University of Utah","2018-04-06","ElFtGy1kV49xqNP00HfxQA==","POM","1",750,25,100,"carbon",166.09,"microgramsPerLiter","Revesz & Coplen 2012a",,
"5b5a5a8f-942f-4b60-aea4-9017591bec14","D13","COMO","COMO.AOS.S2","2017-07-25","COMO.SS.20170725.POM.1",,"condition ok","SIRFER Lab at University of Utah","2018-04-06","ElFtGy1kV49xqNP00HfxQA==","POM","1",750,25,100,"d13C",-26.10,"perMill","Revesz & Coplen 2012a",,
