uid,domainID,siteID,namedLocation,collectDate,parentSampleID,parentSampleCode,isotopeH2OSampleCond,isotopeH2OSampleID,isotopeH2OSampleCode,isotopePOMRep2SampleCond,isotopePOMRep2SampleID,isotopePOMRep2SampleCode,isotopePOMSampleCond,isotopePOMSampleID,isotopePOMSampleCode,processedDateFilters,processedDateH2OIsotopes,sampleVolumeFilteredPOMRep1,sampleVolumeFilteredPOMRep2,fieldDataQF
"9a7c8bc2-2630-4de1-acb1-d4a9b5ef5016","D13","COMO","COMO.AOS.S2","2017-07-06T15:43Z","COMO.SS.20170706",,"Sample condition ok","COMO.SS.20170706.H2O.1",,"Sample condition ok",,,"Sample condition ok","COMO.SS.20170706.POM.1",,"2017-07-06T16:00Z","2017-07-06T15:36Z",750,,
"d9af1a66-7c98-48e9-8b65-379ea701eaf8","D13","COMO","COMO.AOS.S2","2017-07-10T15:38Z","COMO.SS.20170710",,"Sample condition ok","COMO.SS.20170710.H2O.1",,"Sample condition ok",,,"Sample condition ok","COMO.SS.20170710.POM.1",,"2017-07-10T16:30Z","2017-07-10T15:27Z",750,,
"27eb241c-8e58-4367-a1f0-1845264fc2b0","D13","COMO","COMO.AOS.S2","2017-07-17T15:39Z","COMO.SS.20170717",,"Sample condition ok","COMO.SS.20170717.H2O.1",,"Sample condition ok",,,"Sample condition ok","COMO.SS.20170717.POM.1",,"2017-07-17T16:35Z","2017-07-17T15:29Z",750,,
"f0bdfa7c-4d0b-4f9e-a2ba-86fa31d1f31d","D13","COMO","COMO.AOS.S2","2017-07-25T15:20Z","COMO.SS.20170725",,"Sample condition ok","COMO.SS.20170725.H2O.1",,,,,"Sample condition ok","COMO.SS.20170725.POM.1",,"2017-07-26T04:12Z","2017-07-25T15:17Z",750,,
