uid,domainID,siteID,namedLocation,decimalLatitude,decimalLongitude,coordinateUncertainty,additionalCoordUncertainty,elevation,elevationUncertainty,geodeticDatum,altLocation,altLatitude,altLongitude,altCoordinateUncertainty,altGeodeticDatum,collectDate,aquaticSiteType,samplingImpractical,parentSampleID,parentSampleCode,eventID,samplerType,dissolvedOxygen,dissolvedOxygenSaturation,specificConductance,waterTemp,asiSamplingProtocolVersion,lowerSegmentDepth,upperSegmentDepth,maxDepth,lakeSampleDepth1,lakeSampleDepth2,aCollectedBy,bCollectedBy,remarks,fieldDataQF
"80f836c5-1130-49a0-8482-0a464eb5c7f1","D13","COMO","COMO.AOS.S2",40.034953,-105.544407,0.1,10.0,3022.5,0.0,"WGS84",,,,,,"2017-07-06T15:43Z","stream",,"COMO.SS.20170706",,"COMO.20170706","Grab",10.30,120.70,20.50,7.70,"NEON.DOC.001886vE",,,,,,"Rshowalter@battelleecology.org","Nsturm@battelleecology.org",,
"9101d36a-a621-4bd6-ae67-50902d043bb7","D13","COMO","COMO.AOS.S2",40.034953,-105.544407,0.1,10.0,3022.5,0.0,"WGS84",,,,,,"2017-07-10T15:38Z","stream",,"COMO.SS.20170710",,"COMO.20170710","Grab",12.43,150.50,25.60,8.00,"NEON.DOC.001886vE",,,,,,"Nsturm@battelleecology.org","Rshowalter@battelleecology.org",,
"fd124ac5-4499-4f0b-9267-b727cbc9b132","D13","COMO","COMO.AOS.S2",40.034953,-105.544407,0.1,10.0,3022.5,0.0,"WGS84",,,,,,"2017-07-17T15:39Z","stream",,"COMO.SS.20170717",,"COMO.20170717","Grab",11.60,141.60,25.30,8.90,"NEON.DOC.001886vE",,,,,,"Nsturm@battelleecology.org","Jswenson@battelleecology.org",,
"242fbd13-8a76-4fac-a72a-84e864841bee","D13","COMO","COMO.AOS.S2",40.034953,-105.544407,0.1,10.0,3022.5,0.0,"WGS84",,,,,,"2017-07-25T15:20Z","stream",,"COMO.SS.20170725",,"COMO.20170725","Grab",12.87,157.40,29.00,8.90,"NEON.DOC.001886vE",,,,,,"nsturm@battelleecology.org","Legli@Battelleecology.org",,
