uid,domainID,siteID,namedLocation,collectDate,analysisDate,isotopeH2OSampleID,isotopeH2OSampleCode,instrumentSN,d18OWater,d2HWater,d18OsdWater,d2HsdWater,isotopeH2OExternalLabQF,laboratoryName,analyzedBy,sampleCondition,externalRemarks,externalLabDataQF
"4f1a6185-53b8-470b-8293-4e8d1843c348","D06","MCDI","MCDI.AOS.S2","2018-06-05","2018-08-13","MCDI.SS.20180605.H2O.1","A00000009728","HIDS2052",-4.98,-32.81,0.02,0.17,0,"SIRFER Lab at University of Utah","OlSmE6RRn5QQH8tvUHmK5i/poYiQr6sd","OK",,
"8a64c118-ca77-4f7c-a810-c771fccb0160","D06","MCDI","MCDI.AOS.S2","2018-06-12","2018-08-13","MCDI.SS.20180612.H2O.1","A00000009746","HIDS2052",-4.91,-32.19,0.02,0.06,0,"SIRFER Lab at University of Utah","OlSmE6RRn5QQH8tvUHmK5i/poYiQr6sd","OK",,
"c4267540-3ed8-498f-94e8-cfc7a4a9aa35","D06","MCDI","MCDI.AOS.S2","2018-06-19","2018-08-13","MCDI.SS.20180619.H2O.1","A00000009768","HIDS2052",-4.69,-32.35,0.02,0.12,0,"SIRFER Lab at University of Utah","OlSmE6RRn5QQH8tvUHmK5i/poYiQr6sd","OK",,
"0505e593-6966-4cb8-aa7f-ec0a9babf594","D06","MCDI","MCDI.AOS.S2","2018-06-27","2018-08-13","MCDI.SS.20180627.H2O.1","A00000009788","HIDS2052",-4.93,-32.61,0.04,0.13,0,"SIRFER Lab at University of Utah","OlSmE6RRn5QQH8tvUHmK5i/poYiQr6sd","OK",,
