uid,domainID,siteID,namedLocation,collectDate,parentSampleID,parentSampleCode,isotopeH2OSampleCond,isotopeH2OSampleID,isotopeH2OSampleCode,isotopePOMRep2SampleCond,isotopePOMRep2SampleID,isotopePOMRep2SampleCode,isotopePOMSampleCond,isotopePOMSampleID,isotopePOMSampleCode,processedDateFilters,processedDateH2OIsotopes,sampleVolumeFilteredPOMRep1,sampleVolumeFilteredPOMRep2,fieldDataQF
"a4731122-db24-4a3f-8eec-b3c67c699a7d","D06","MCDI","MCDI.AOS.S2","2018-06-05T15:21Z","MCDI.SS.20180605",,"Sample condition ok","MCDI.SS.20180605.H2O.1","A00000009728","Sample condition ok","MCDI.SS.20180605.POM.2","A00000009733","Sample condition ok","MCDI.SS.20180605.POM.1","A00000009732","2018-06-05T16:43Z","2018-06-05T15:13Z",295,295,
"3149503e-6f5a-4c31-b6e4-e98b0a30e207","D06","MCDI","MCDI.AOS.S2","2018-06-12T15:15Z","MCDI.SS.20180612",,"Sample condition ok","MCDI.SS.20180612.H2O.1","A00000009746","Sample condition ok","MCDI.SS.20180612.POM.2","A00000009748","Sample condition ok","MCDI.SS.20180612.POM.1","A00000009747","2018-06-12T16:42Z","2018-06-12T15:07Z",155,170,
"03f97f7d-4990-417d-bfd5-977b891c5f85","D06","MCDI","MCDI.AOS.S2","2018-06-19T14:32Z","MCDI.SS.20180619",,"Sample condition ok","MCDI.SS.20180619.H2O.1","A00000009768","Sample condition ok","MCDI.SS.20180619.POM.2","A00000009787","Sample condition ok","MCDI.SS.20180619.POM.1","A00000009786","2018-06-19T16:02Z","2018-06-19T15:49Z",230,230,
"d6b2c834-1e7d-40b6-ad26-b30523c67d2e","D06","MCDI","MCDI.AOS.S2","2018-06-27T15:22Z","MCDI.SS.20180627",,"Sample condition ok","MCDI.SS.20180627.H2O.1","A00000009788","Sample condition ok","MCDI.SS.20180627.POM.2","A00000009795","Sample condition ok","MCDI.SS.20180627.POM.1","A00000009794","2018-06-27T16:35Z","2018-06-27T15:13Z",240,245,
