uid,domainID,siteID,namedLocation,decimalLatitude,decimalLongitude,coordinateUncertainty,additionalCoordUncertainty,elevation,elevationUncertainty,geodeticDatum,altLocation,altLatitude,altLongitude,altCoordinateUncertainty,altGeodeticDatum,collectDate,aquaticSiteType,samplingImpractical,parentSampleID,parentSampleCode,eventID,samplerType,dissolvedOxygen,dissolvedOxygenSaturation,specificConductance,waterTemp,asiSamplingProtocolVersion,lowerSegmentDepth,upperSegmentDepth,maxDepth,lakeSampleDepth1,lakeSampleDepth2,aCollectedBy,bCollectedBy,remarks,fieldDataQF
"15e0abde-c53a-4efd-a58a-ad8d988a182f","D06","MCDI","MCDI.AOS.S2",38.946553,-96.442948,0.1,10.0,371.2,0.1,"WGS84",,,,,,"2018-06-05T15:21Z","stream",,"MCDI.SS.20180605",,"MCDI.20180605","Grab",1.22,13.20,508.00,17.00,"NEON.DOC.001886vF",,,,,,"jkukulski@battelleecology.org","egawanda@battelleecology.org",,
"c6f239d9-edb5-4e2a-88da-4b4464267b8a","D06","MCDI","MCDI.AOS.S2",38.946553,-96.442948,0.1,10.0,371.2,0.1,"WGS84",,,,,,"2018-06-12T15:15Z","stream",,"MCDI.SS.20180612",,"MCDI.20180612","Grab",1.73,19.90,614.00,19.60,"NEON.DOC.001886vF",,,,,,"jkukulski@battelleecology.org","egawanda@battelleecology.org",,
"9c5f35c3-4238-411e-b2c1-b4abc37db0bf","D06","MCDI","MCDI.AOS.S2",38.946553,-96.442948,0.1,10.0,371.2,0.1,"WGS84",,,,,,"2018-06-19T14:32Z","stream",,"MCDI.SS.20180619",,"MCDI.20180619","Grab",1.26,14.90,624.00,22.10,"NEON.DOC.001886vF",,,,,,"jkukulski@battelleecology.org","egawanda@battelleecology.org",,
"a34e7b14-7329-4f98-ba0c-64b8f961abd4","D06","MCDI","MCDI.AOS.S2",38.946553,-96.442948,0.1,10.0,371.2,0.1,"WGS84",,,,,,"2018-06-27T15:22Z","stream",,"MCDI.SS.20180627",,"MCDI.20180627","Grab",1.10,12.10,616.00,18.40,"NEON.DOC.001886vF",,,,,,"jkukulski@battelleecology.org","egawanda@battelleecology.org",,
