uid,domainID,siteID,namedLocation,collectDate,sampleID,sampleCode,sampleCondition,laboratoryName,analysisDate,analyzedBy,sampleType,replicate,sampleVolumeFiltered,filterSize,percentFilterAnalyzed,analyte,analyteConcentration,plantAlgaeLabUnits,method,externalRemarks,externalLabDataQF
"7e2b2aeb-c3ab-4992-a0ff-9cc666c55884","D06","MCDI","MCDI.AOS.S2","2018-06-05","MCDI.SS.20180605.POM.1","A00000009732","condition ok","SIRFER Lab at University of Utah","2018-08-07","ElFtGy1kV49xqNP00HfxQA==","POM","1",295,25,100,"d13C",-29.96,"perMill","Revesz & Coplen 2012a",,
"d5debad5-c72c-45db-9056-0779402883d9","D06","MCDI","MCDI.AOS.S2","2018-06-05","MCDI.SS.20180605.POM.1","A00000009732","condition ok","SIRFER Lab at University of Utah","2018-08-07","ElFtGy1kV49xqNP00HfxQA==","POM","1",295,25,100,"d15N",5.99,"perMill","Revesz & Coplen 2012a",,
"72802f15-4c6b-48f6-963a-dec3bead3cf4","D06","MCDI","MCDI.AOS.S2","2018-06-05","MCDI.SS.20180605.POM.1","A00000009732","condition ok","SIRFER Lab at University of Utah","2018-08-07","ElFtGy1kV49xqNP00HfxQA==","POM","1",295,25,100,"carbon",526.75,"microgramsPerLiter","Revesz & Coplen 2012a",,
"cfdc7dfa-c03b-4233-92be-ae5067db8651","D06","MCDI","MCDI.AOS.S2","2018-06-05","MCDI.SS.20180605.POM.1","A00000009732","condition ok","SIRFER Lab at University of Utah","2018-08-07","ElFtGy1kV49xqNP00HfxQA==","POM","1",295,25,100,"nitrogen",69.03,"microgramsPerLiter","Revesz & Coplen 2012a",,
"2d2125e1-8b41-4b48-ba5e-621b23ded7a6","D06","MCDI","MCDI.AOS.S2","2018-06-12","MCDI.SS.20180612.POM.1","A00000009747","condition ok","SIRFER Lab at University of Utah","2018-09-24","ElFtGy1kV49xqNP00HfxQA==","POM","1",155,25,100,"carbon",869.30,"microgramsPerLiter","Revesz & Coplen 2012a",,
"73acddfa-3dac-4608-9e63-38f962e128f7","D06","MCDI","MCDI.AOS.S2","2018-06-12","MCDI.SS.20180612.POM.1","A00000009747","condition ok","SIRFER Lab at University of Utah","2018-09-24","ElFtGy1kV49xqNP00HfxQA==","POM","1",155,25,100,"d15N",6.33,"perMill","Revesz & Coplen 2012a",,
"c5ca9075-52fe-4349-9dc2-c501c04d82a7","D06","MCDI","MCDI.AOS.S2","2018-06-12","MCDI.SS.20180612.POM.1","A00000009747","condition ok","SIRFER Lab at University of Utah","2018-09-24","ElFtGy1kV49xqNP00HfxQA==","POM","1",155,25,100,"nitrogen",101.99,"microgramsPerLiter","Revesz & Coplen 2012a",,
"7c0c54f4-30c6-4e8c-86f1-f026ae0efcde","D06","MCDI","MCDI.AOS.S2","2018-06-12","MCDI.SS.20180612.POM.1","A00000009747","condition ok","SIRFER Lab at University of Utah","2018-09-24","ElFtGy1kV49xqNP00HfxQA==","POM","1",155,25,100,"d13C",-25.09,"perMill","Revesz & Coplen 2012a",,
"751e9172-1eab-4bb6-992f-740fb28c65f0","D06","MCDI","MCDI.AOS.S2","2018-06-19","MCDI.SS.20180619.POM.1","A00000009786","condition ok","SIRFER Lab at University of Utah","2018-09-24","ElFtGy1kV49xqNP00HfxQA==","POM","1",230,25,100,"carbon",670.72,"microgramsPerLiter","Revesz & Coplen 2012a",,
"24fc498b-3450-47df-bb43-a688d90ab87f","D06","MCDI","MCDI.AOS.S2","2018-06-19","MCDI.SS.20180619.POM.1","A00000009786","condition ok","SIRFER Lab at University of Utah","2018-09-24","ElFtGy1kV49xqNP00HfxQA==","POM","1",230,25,100,"nitrogen",98.44,"microgramsPerLiter","Revesz & Coplen 2012a",,
"7aba2819-ff08-4618-9a66-8d283f901054","D06","MCDI","MCDI.AOS.S2","2018-06-19","MCDI.SS.20180619.POM.1","A00000009786","condition ok","SIRFER Lab at University of Utah","2018-09-24","ElFtGy1kV49xqNP00HfxQA==","POM","1",230,25,100,"d13C",-26.56,"perMill","Revesz & Coplen 2012a",,
"df4151b8-92a8-48d5-8710-df24da90eb30","D06","MCDI","MCDI.AOS.S2","2018-06-19","MCDI.SS.20180619.POM.1","A00000009786","condition ok","SIRFER Lab at University of Utah","2018-09-24","ElFtGy1kV49xqNP00HfxQA==","POM","1",230,25,100,"d15N",6.92,"perMill","Revesz & Coplen 2012a",,
"79e4924b-57aa-4c1b-bfb1-2da48c24468f","D06","MCDI","MCDI.AOS.S2","2018-06-27","MCDI.SS.20180627.POM.1","A00000009794","condition ok","SIRFER Lab at University of Utah","2018-09-24","ElFtGy1kV49xqNP00HfxQA==","POM","1",240,25,100,"nitrogen",165.59,"microgramsPerLiter","Revesz & Coplen 2012a",,
"21d444ff-9290-4e27-93b3-23193be8db1d","D06","MCDI","MCDI.AOS.S2","2018-06-27","MCDI.SS.20180627.POM.1","A00000009794","condition ok","SIRFER Lab at University of Utah","2018-09-24","ElFtGy1kV49xqNP00HfxQA==","POM","1",240,25,100,"d13C",-34.60,"perMill","Revesz & Coplen 2012a",,
"3a9d9cca-4e87-4646-992b-74fa2f7162b2","D06","MCDI","MCDI.AOS.S2","2018-06-27","MCDI.SS.20180627.POM.1","A00000009794","condition ok","SIRFER Lab at University of Utah","2018-09-24","ElFtGy1kV49xqNP00HfxQA==","POM","1",240,25,100,"d15N",9.64,"perMill","Revesz & Coplen 2012a",,
"adeddde7-5c21-48ad-8cfa-f29efd4f032b","D06","MCDI","MCDI.AOS.S2","2018-06-27","MCDI.SS.20180627.POM.1","A00000009794","condition ok","SIRFER Lab at University of Utah","2018-09-24","ElFtGy1kV49xqNP00HfxQA==","POM","1",240,25,100,"carbon",991.93,"microgramsPerLiter","Revesz & Coplen 2012a",,
