uid,domainID,siteID,namedLocation,collectDate,sampleID,sampleCode,sampleCondition,laboratoryName,analysisDate,analyzedBy,sampleType,replicate,sampleVolumeFiltered,filterSize,percentFilterAnalyzed,analyte,analyteConcentration,plantAlgaeLabUnits,method,externalRemarks,externalLabDataQF
"06ccbe0a-bae3-4f07-bccc-ac1eed40537c","D07","LECO","LECO.AOS.S2","2016-11-08","LECO.SS.20161108.POM.2",,"condition ok","Academy of Natural Sciences of Drexel University","2017-05-18","OKgcKejxXbI=","13C15N","2",,,100,"d13C",-27.92,"perMill",,,
"3adc59ff-ae65-4da6-88c8-5262ccba6ee1","D07","LECO","LECO.AOS.S2","2016-11-08","LECO.SS.20161108.POM.2",,"condition ok","Academy of Natural Sciences of Drexel University","2017-05-18","OKgcKejxXbI=","13C15N","2",,,100,"d15N",2.71,"perMill",,,
"dd9f9461-ea43-4fba-a603-9e26d9a61a18","D07","LECO","LECO.AOS.S2","2016-11-08","LECO.SS.20161108.POM.1",,"condition ok","Academy of Natural Sciences of Drexel University","2017-04-03","OKgcKejxXbI=","13C15N","1",,,100,"d13C",-27.75,"perMill",,,
"307ee992-9a47-4b29-98c0-af6975944b97","D07","LECO","LECO.AOS.S2","2016-11-08","LECO.SS.20161108.POM.1",,"condition ok","Academy of Natural Sciences of Drexel University","2017-04-03","OKgcKejxXbI=","13C15N","1",,,100,"d15N",3.35,"perMill",,,
"8f75a2c5-49c5-4e50-a465-945034f38e4b","D07","LECO","LECO.AOS.S2","2016-11-15","LECO.SS.20161115.POM.1",,"condition ok","Academy of Natural Sciences of Drexel University","2017-04-03","OKgcKejxXbI=","13C15N","1",,,100,"d15N",2.77,"perMill",,,
"06cd927e-42cb-4bc4-9910-cf790940f801","D07","LECO","LECO.AOS.S2","2016-11-15","LECO.SS.20161115.POM.2",,"condition ok","Academy of Natural Sciences of Drexel University","2017-05-18","OKgcKejxXbI=","13C15N","2",,,100,"d13C",-27.87,"perMill",,,
"a7b4558b-bd5b-464b-9d84-6f30ec8440e1","D07","LECO","LECO.AOS.S2","2016-11-15","LECO.SS.20161115.POM.1",,"condition ok","Academy of Natural Sciences of Drexel University","2017-04-03","OKgcKejxXbI=","13C15N","1",,,100,"d13C",-27.59,"perMill",,,
"61ec2252-1105-4db0-bdff-08601cba988c","D07","LECO","LECO.AOS.S2","2016-11-15","LECO.SS.20161115.POM.2",,"condition ok","Academy of Natural Sciences of Drexel University","2017-05-18","OKgcKejxXbI=","13C15N","2",,,100,"d15N",2.35,"perMill",,,
