uid,domainID,siteID,namedLocation,collectDate,analysisDate,isotopeH2OSampleID,isotopeH2OSampleCode,instrumentSN,d18OWater,d2HWater,d18OsdWater,d2HsdWater,isotopeH2OExternalLabQF,laboratoryName,analyzedBy,sampleCondition,externalRemarks,externalLabDataQF
"9605f25f-9ba3-4fdd-aef9-be55e85aad64","D06","MCDI","MCDI.AOS.S2","2018-04-09","2018-05-24","MCDI.SS.20180409.H2O.1","A00000010634","HIDS2046",-5.19,-33.87,0.04,0.07,0,"SIRFER Lab at University of Utah","OlSmE6RRn5QQH8tvUHmK5i/poYiQr6sd","OK",,
"5a448565-1b93-46d6-9495-a24e200a61a7","D06","MCDI","MCDI.AOS.S2","2018-04-11","2018-05-24","MCDI.SS.20180411.H2O.1","A00000010608","HIDS2046",-4.93,-33.42,0.03,0.11,0,"SIRFER Lab at University of Utah","OlSmE6RRn5QQH8tvUHmK5i/poYiQr6sd","OK",,
"f6d3ed0d-9e0f-42e3-a8c5-73d7f7df25a2","D06","MCDI","MCDI.AOS.S2","2018-04-16","2018-05-24","MCDI.SS.20180416.H2O.1","A00000010536","HIDS2046",-5.07,-33.44,0.02,0.11,0,"SIRFER Lab at University of Utah","OlSmE6RRn5QQH8tvUHmK5i/poYiQr6sd","OK",,
"937b9b5b-d45a-407b-afed-a4c8a8ffc3f6","D06","MCDI","MCDI.AOS.S2","2018-04-25","2018-05-24","MCDI.SS.20180425.H2O.1","A00000010567","HIDS2046",-5.41,-35.51,0.02,0.08,0,"SIRFER Lab at University of Utah","OlSmE6RRn5QQH8tvUHmK5i/poYiQr6sd","OK",,
