uid,domainID,siteID,namedLocation,decimalLatitude,decimalLongitude,coordinateUncertainty,additionalCoordUncertainty,elevation,elevationUncertainty,geodeticDatum,altLocation,altLatitude,altLongitude,altCoordinateUncertainty,altGeodeticDatum,collectDate,aquaticSiteType,samplingImpractical,parentSampleID,parentSampleCode,eventID,samplerType,dissolvedOxygen,dissolvedOxygenSaturation,specificConductance,waterTemp,asiSamplingProtocolVersion,lowerSegmentDepth,upperSegmentDepth,maxDepth,lakeSampleDepth1,lakeSampleDepth2,aCollectedBy,bCollectedBy,remarks,fieldDataQF
"a4249802-1f73-456c-b18a-ec368ba9306b","D06","MCDI","MCDI.AOS.S2",38.946553,-96.442948,0.1,10.0,371.2,0.1,"WGS84",,,,,,"2018-04-09T15:05Z","stream",,"MCDI.SS.20180409",,"MCDI.20180409","Grab",8.01,69.90,595.00,7.90,"NEON.DOC.001886vF",,,,,,"jkukulski@battelleecology.org","egawanda@battelleecology.org",,
"7ee2446a-679d-477b-8395-91da108ee789","D06","MCDI","MCDI.AOS.S2",38.946553,-96.442948,0.1,10.0,371.2,0.1,"WGS84",,,,,,"2018-04-11T14:43Z","stream",,"MCDI.SS.20180411",,"MCDI.20180411","Grab",7.50,68.40,596.00,9.10,"NEON.DOC.001886vF",,,,,,"egawanda@battelleecology.org","Beaves@battelleecology.org",,
"30a7f470-94df-42d0-9375-645395f6b925","D06","MCDI","MCDI.AOS.S2",38.946553,-96.442948,0.1,10.0,371.2,0.1,"WGS84",,,,,,"2018-04-16T14:45Z","stream",,"MCDI.SS.20180416",,"MCDI.20180416","Grab",7.85,68.50,593.00,8.10,"NEON.DOC.001886vF",,,,,,"egawanda@battelleecology.org","jkukulski@battelleecology.org",,
"ed6d7a51-2fd8-4d9d-baf8-4960ad189949","D06","MCDI","MCDI.AOS.S2",38.946553,-96.442948,0.1,10.0,371.2,0.1,"WGS84",,,,,,"2018-04-25T19:15Z","stream",,"MCDI.SS.20180425",,"MCDI.20180425","Grab",7.24,68.40,549.00,11.20,"NEON.DOC.001886vF",,,,,,"jkukulski@battelleecology.org","jkukulski@battelleecology.org",,
