uid,domainID,siteID,namedLocation,collectDate,parentSampleID,parentSampleCode,isotopeH2OSampleCond,isotopeH2OSampleID,isotopeH2OSampleCode,isotopePOMRep2SampleCond,isotopePOMRep2SampleID,isotopePOMRep2SampleCode,isotopePOMSampleCond,isotopePOMSampleID,isotopePOMSampleCode,processedDateFilters,processedDateH2OIsotopes,sampleVolumeFilteredPOMRep1,sampleVolumeFilteredPOMRep2,fieldDataQF
"85921770-7374-4da5-b707-56842fd3153e","D06","MCDI","MCDI.AOS.S2","2018-04-09T15:05Z","MCDI.SS.20180409",,"Sample condition ok","MCDI.SS.20180409.H2O.1","A00000010634","Sample condition ok","MCDI.SS.20180409.POM.2","A00000010629","Sample condition ok","MCDI.SS.20180409.POM.1","A00000010630","2018-04-09T16:15Z","2018-04-09T16:15Z",845,865,
"f50e23a0-7ffa-4a38-a5ae-6d70118106b6","D06","MCDI","MCDI.AOS.S2","2018-04-11T14:43Z","MCDI.SS.20180411",,"Sample condition ok","MCDI.SS.20180411.H2O.1","A00000010608","Sample condition ok","MCDI.SS.20180411.POM.2","A00000010610","Sample condition ok","MCDI.SS.20180411.POM.1","A00000010611","2018-04-11T16:41Z","2018-04-11T17:46Z",585,580,
"2ecd711f-d4df-488f-9422-2bbeaf0bd6f8","D06","MCDI","MCDI.AOS.S2","2018-04-16T14:45Z","MCDI.SS.20180416",,"Sample condition ok","MCDI.SS.20180416.H2O.1","A00000010536","Sample condition ok","MCDI.SS.20180416.POM.2","A00000010535","Sample condition ok","MCDI.SS.20180416.POM.1","A00000010534","2018-04-16T16:12Z","2018-04-16T16:29Z",500,500,
"323c9870-3052-4fed-b68f-8cce9aad6f38","D06","MCDI","MCDI.AOS.S2","2018-04-25T19:15Z","MCDI.SS.20180425",,"Sample condition ok","MCDI.SS.20180425.H2O.1","A00000010567","Sample condition ok","MCDI.SS.20180425.POM.2","A00000010578","Sample condition ok","MCDI.SS.20180425.POM.1","A00000010580","2018-04-25T21:56Z","2018-04-25T21:20Z",820,350,
