uid,domainID,siteID,namedLocation,collectDate,sampleID,sampleCode,sampleCondition,laboratoryName,analysisDate,analyzedBy,sampleType,replicate,sampleVolumeFiltered,filterSize,percentFilterAnalyzed,analyte,analyteConcentration,plantAlgaeLabUnits,method,externalRemarks,externalLabDataQF
"22f440ca-eccc-4233-b1fc-0d852fa1800a","D06","MCDI","MCDI.AOS.S2","2018-04-09","MCDI.SS.20180409.POM.1","A00000010630","condition ok","SIRFER Lab at University of Utah","2018-08-07","ElFtGy1kV49xqNP00HfxQA==","POM","1",845,25,100,"nitrogen",15.96,"microgramsPerLiter","Revesz & Coplen 2012a",,
"85a15648-b4ab-4281-ae33-a52ed60de55e","D06","MCDI","MCDI.AOS.S2","2018-04-09","MCDI.SS.20180409.POM.1","A00000010630","condition ok","SIRFER Lab at University of Utah","2018-08-07","ElFtGy1kV49xqNP00HfxQA==","POM","1",845,25,100,"d13C",-24.68,"perMill","Revesz & Coplen 2012a",,
"1b14a913-2f86-46ea-bc4e-10fc39c0f0bd","D06","MCDI","MCDI.AOS.S2","2018-04-09","MCDI.SS.20180409.POM.1","A00000010630","condition ok","SIRFER Lab at University of Utah","2018-08-07","ElFtGy1kV49xqNP00HfxQA==","POM","1",845,25,100,"carbon",119.58,"microgramsPerLiter","Revesz & Coplen 2012a",,
"d17fe1c2-973d-42cc-a413-9d9504bf04b2","D06","MCDI","MCDI.AOS.S2","2018-04-09","MCDI.SS.20180409.POM.1","A00000010630","condition ok","SIRFER Lab at University of Utah","2018-08-07","ElFtGy1kV49xqNP00HfxQA==","POM","1",845,25,100,"d15N",11.93,"perMill","Revesz & Coplen 2012a",,
"cd84bb37-5630-4fae-a637-c24da4742831","D06","MCDI","MCDI.AOS.S2","2018-04-11","MCDI.SS.20180411.POM.1","A00000010611","condition ok","SIRFER Lab at University of Utah","2018-08-07","ElFtGy1kV49xqNP00HfxQA==","POM","1",585,25,100,"carbon",150.46,"microgramsPerLiter","Revesz & Coplen 2012a",,
"9a93d3c9-a1cf-45d3-9051-436f8d11e182","D06","MCDI","MCDI.AOS.S2","2018-04-11","MCDI.SS.20180411.POM.1","A00000010611","condition ok","SIRFER Lab at University of Utah","2018-08-07","ElFtGy1kV49xqNP00HfxQA==","POM","1",585,25,100,"d13C",-26.71,"perMill","Revesz & Coplen 2012a",,
"4a33965b-b0ee-480e-85b1-5e974e38bf59","D06","MCDI","MCDI.AOS.S2","2018-04-11","MCDI.SS.20180411.POM.1","A00000010611","condition ok","SIRFER Lab at University of Utah","2018-08-07","ElFtGy1kV49xqNP00HfxQA==","POM","1",585,25,100,"nitrogen",21.59,"microgramsPerLiter","Revesz & Coplen 2012a",,
"a66f88d6-2be2-46a1-aee9-8ba4c060260d","D06","MCDI","MCDI.AOS.S2","2018-04-11","MCDI.SS.20180411.POM.1","A00000010611","condition ok","SIRFER Lab at University of Utah","2018-08-07","ElFtGy1kV49xqNP00HfxQA==","POM","1",585,25,100,"d15N",8.17,"perMill","Revesz & Coplen 2012a",,
"108201be-90e7-472e-9acf-4cf73d52d291","D06","MCDI","MCDI.AOS.S2","2018-04-16","MCDI.SS.20180416.POM.1","A00000010534","condition ok","SIRFER Lab at University of Utah","2018-08-07","ElFtGy1kV49xqNP00HfxQA==","POM","1",500,25,100,"carbon",272.99,"microgramsPerLiter","Revesz & Coplen 2012a",,
"43f86842-469b-4e20-b018-411631c4d8ac","D06","MCDI","MCDI.AOS.S2","2018-04-16","MCDI.SS.20180416.POM.1","A00000010534","condition ok","SIRFER Lab at University of Utah","2018-08-07","ElFtGy1kV49xqNP00HfxQA==","POM","1",500,25,100,"d15N",7.98,"perMill","Revesz & Coplen 2012a",,
"7a5603d4-332e-479b-bab9-8ece4eb818a5","D06","MCDI","MCDI.AOS.S2","2018-04-16","MCDI.SS.20180416.POM.1","A00000010534","condition ok","SIRFER Lab at University of Utah","2018-08-07","ElFtGy1kV49xqNP00HfxQA==","POM","1",500,25,100,"d13C",-25.55,"perMill","Revesz & Coplen 2012a",,
"10206a40-1196-4142-9561-de328d631ea9","D06","MCDI","MCDI.AOS.S2","2018-04-16","MCDI.SS.20180416.POM.1","A00000010534","condition ok","SIRFER Lab at University of Utah","2018-08-07","ElFtGy1kV49xqNP00HfxQA==","POM","1",500,25,100,"nitrogen",32.22,"microgramsPerLiter","Revesz & Coplen 2012a",,
"92d41f5d-adb3-4ffc-a713-65eb0cedb292","D06","MCDI","MCDI.AOS.S2","2018-04-25","MCDI.SS.20180425.POM.1","A00000010580","condition ok","SIRFER Lab at University of Utah","2018-08-07","ElFtGy1kV49xqNP00HfxQA==","POM","1",820,25,100,"nitrogen",25.65,"microgramsPerLiter","Revesz & Coplen 2012a",,
"fae27c80-aba0-427f-bd7a-a509996e686a","D06","MCDI","MCDI.AOS.S2","2018-04-25","MCDI.SS.20180425.POM.1","A00000010580","condition ok","SIRFER Lab at University of Utah","2018-08-07","ElFtGy1kV49xqNP00HfxQA==","POM","1",820,25,100,"d15N",6.55,"perMill","Revesz & Coplen 2012a",,
"6d4f257d-9bad-48e3-8edd-519ba24aff9a","D06","MCDI","MCDI.AOS.S2","2018-04-25","MCDI.SS.20180425.POM.1","A00000010580","condition ok","SIRFER Lab at University of Utah","2018-08-07","ElFtGy1kV49xqNP00HfxQA==","POM","1",820,25,100,"d13C",-24.49,"perMill","Revesz & Coplen 2012a",,
"32913203-c36b-4c2d-a352-9d4d03f7cbe2","D06","MCDI","MCDI.AOS.S2","2018-04-25","MCDI.SS.20180425.POM.1","A00000010580","condition ok","SIRFER Lab at University of Utah","2018-08-07","ElFtGy1kV49xqNP00HfxQA==","POM","1",820,25,100,"carbon",222.93,"microgramsPerLiter","Revesz & Coplen 2012a",,
