uid,domainID,siteID,namedLocation,collectDate,parentSampleID,parentSampleCode,isotopeH2OSampleCond,isotopeH2OSampleID,isotopeH2OSampleCode,isotopePOMRep2SampleCond,isotopePOMRep2SampleID,isotopePOMRep2SampleCode,isotopePOMSampleCond,isotopePOMSampleID,isotopePOMSampleCode,processedDateFilters,processedDateH2OIsotopes,sampleVolumeFilteredPOMRep1,sampleVolumeFilteredPOMRep2,fieldDataQF
"cd2f966d-89fa-40c7-b45a-1ca567c90572","D03","FLNT","FLNT.AOS.buoy.c0","2019-03-05T17:58Z","FLNT.C0.20190305",,"Sample condition ok","FLNT.C0.20190305.H2O.1","A00000037537","Sample condition ok","FLNT.C0.20190305.POM.2","A00000037536","Sample condition ok","FLNT.C0.20190305.POM.1","A00000037522","2019-03-05T19:50Z","2019-03-05T19:59Z",300,300,
"ee9e03be-243f-4815-a2dc-c942556337ee","D03","FLNT","FLNT.AOS.buoy.c0","2019-03-12T16:24Z","FLNT.C0.20190312",,"Sample condition ok","FLNT.C0.20190312.H2O.1","A00000037556","Sample condition ok","FLNT.C0.20190312.POM.2","A00000037558","Sample condition ok","FLNT.C0.20190312.POM.1","A00000037557","2019-03-12T18:43Z","2019-03-12T18:43Z",300,300,
"c5a7b9fd-b3bb-4c62-a8aa-aac3dbba9774","D03","FLNT","FLNT.AOS.buoy.c0","2019-03-20T14:45Z","FLNT.C0.20190320",,"Sample condition ok","FLNT.C0.20190320.H2O.1","A00000037434","Sample condition ok","FLNT.C0.20190320.POM.2","A00000037418","Sample condition ok","FLNT.C0.20190320.POM.1","A00000037419","2019-03-20T16:02Z","2019-03-20T17:04Z",300,300,
"caf039b9-b9bb-4f5a-b5ca-bb822a1ca4e0","D03","FLNT","FLNT.AOS.buoy.c0","2019-03-20T14:45Z","FLNT.C0.20190320",,"Sample condition ok","FLNT.C0.20190320.H2O.2","A00000037433","Sample condition ok","FLNT.C0.20190320.POM.4","A00000037416","Sample condition ok","FLNT.C0.20190320.POM.3","A00000037417","2019-03-20T16:02Z","2019-03-20T16:58Z",300,300,
"a5b0e754-52b8-4c1c-821e-0c6a6a009f49","D03","FLNT","FLNT.AOS.buoy.c0","2019-03-26T13:32Z","FLNT.C0.20190326",,"Sample condition ok","FLNT.C0.20190326.H2O.1","A00000037445","Sample condition ok","FLNT.C0.20190326.POM.2","A00000037443","Sample condition ok","FLNT.C0.20190326.POM.1","A00000037442","2019-03-26T15:15Z","2019-03-26T15:02Z",300,300,
