uid,domainID,siteID,namedLocation,collectDate,sampleID,sampleCode,sampleCondition,laboratoryName,analysisDate,analyzedBy,sampleType,replicate,sampleVolumeFiltered,filterSize,percentFilterAnalyzed,analyte,analyteConcentration,plantAlgaeLabUnits,method,externalRemarks,externalLabDataQF
"7ae8fe42-07fb-4cb8-9f18-a239a2b95fdb","D03","FLNT","FLNT.AOS.buoy.c0","2019-03-05","FLNT.C0.20190305.POM.1","A00000037522","condition ok","SIRFER Lab at University of Utah","2019-05-01","ElFtGy1kV49xqNP00HfxQA==","POM","1",300,25,100,"carbon",951.77,"microgramsPerLiter","Revesz & Coplen 2012a",,
"0abbfa84-6268-462e-8589-ee7a6fe36075","D03","FLNT","FLNT.AOS.buoy.c0","2019-03-05","FLNT.C0.20190305.POM.1","A00000037522","condition ok","SIRFER Lab at University of Utah","2019-05-01","ElFtGy1kV49xqNP00HfxQA==","POM","1",300,25,100,"nitrogen",84.86,"microgramsPerLiter","Revesz & Coplen 2012a",,
"8df18e9c-cd25-4545-bf44-9633073ae40d","D03","FLNT","FLNT.AOS.buoy.c0","2019-03-05","FLNT.C0.20190305.POM.1","A00000037522","condition ok","SIRFER Lab at University of Utah","2019-05-01","ElFtGy1kV49xqNP00HfxQA==","POM","1",300,25,100,"d13C",-29.69,"perMill","Revesz & Coplen 2012a",,
"a3eb8978-8aee-41a9-9a56-dc3ff612e663","D03","FLNT","FLNT.AOS.buoy.c0","2019-03-05","FLNT.C0.20190305.POM.1","A00000037522","condition ok","SIRFER Lab at University of Utah","2019-05-01","ElFtGy1kV49xqNP00HfxQA==","POM","1",300,25,100,"d15N",4.04,"perMill","Revesz & Coplen 2012a",,
"dacbbc5d-f582-4711-8722-96786da47db6","D03","FLNT","FLNT.AOS.buoy.c0","2019-03-12","FLNT.C0.20190312.POM.1","A00000037557","condition ok","SIRFER Lab at University of Utah","2019-05-01","ElFtGy1kV49xqNP00HfxQA==","POM","1",300,25,100,"d15N",3.78,"perMill","Revesz & Coplen 2012a",,
"c644f91b-a4cb-4f79-b3e9-8984e39a3147","D03","FLNT","FLNT.AOS.buoy.c0","2019-03-12","FLNT.C0.20190312.POM.1","A00000037557","condition ok","SIRFER Lab at University of Utah","2019-05-01","ElFtGy1kV49xqNP00HfxQA==","POM","1",300,25,100,"carbon",858.84,"microgramsPerLiter","Revesz & Coplen 2012a",,
"ef7b7df2-c8db-4372-a1b4-fb0333bb4143","D03","FLNT","FLNT.AOS.buoy.c0","2019-03-12","FLNT.C0.20190312.POM.1","A00000037557","condition ok","SIRFER Lab at University of Utah","2019-05-01","ElFtGy1kV49xqNP00HfxQA==","POM","1",300,25,100,"nitrogen",76.29,"microgramsPerLiter","Revesz & Coplen 2012a",,
"ab052c2f-3c82-43bf-b352-fde26b6536b9","D03","FLNT","FLNT.AOS.buoy.c0","2019-03-12","FLNT.C0.20190312.POM.1","A00000037557","condition ok","SIRFER Lab at University of Utah","2019-05-01","ElFtGy1kV49xqNP00HfxQA==","POM","1",300,25,100,"d13C",-29.49,"perMill","Revesz & Coplen 2012a",,
"ff5fbd9a-a51d-4783-b9ae-008beb92701d","D03","FLNT","FLNT.AOS.buoy.c0","2019-03-20","FLNT.C0.20190320.POM.1","A00000037419","condition ok","SIRFER Lab at University of Utah","2019-05-01","ElFtGy1kV49xqNP00HfxQA==","POM","1",300,25,100,"d13C",-28.76,"perMill","Revesz & Coplen 2012a",,
"756ba47d-11ff-42c7-9d6b-3d7914933ab7","D03","FLNT","FLNT.AOS.buoy.c0","2019-03-20","FLNT.C0.20190320.POM.1","A00000037419","condition ok","SIRFER Lab at University of Utah","2019-05-01","ElFtGy1kV49xqNP00HfxQA==","POM","1",300,25,100,"carbon",612.72,"microgramsPerLiter","Revesz & Coplen 2012a",,
"5ebd917b-13fa-4706-8caf-8bb3b3581ed6","D03","FLNT","FLNT.AOS.buoy.c0","2019-03-20","FLNT.C0.20190320.POM.1","A00000037419","condition ok","SIRFER Lab at University of Utah","2019-05-01","ElFtGy1kV49xqNP00HfxQA==","POM","1",300,25,100,"d15N",4.06,"perMill","Revesz & Coplen 2012a",,
"4b28e9f9-e427-4e6c-8d37-c56a72055553","D03","FLNT","FLNT.AOS.buoy.c0","2019-03-20","FLNT.C0.20190320.POM.1","A00000037419","condition ok","SIRFER Lab at University of Utah","2019-05-01","ElFtGy1kV49xqNP00HfxQA==","POM","1",300,25,100,"nitrogen",48.86,"microgramsPerLiter","Revesz & Coplen 2012a",,
"cbcf174a-51c4-447c-a05c-3f076f7ee456","D03","FLNT","FLNT.AOS.buoy.c0","2019-03-20","FLNT.C0.20190320.POM.1","A00000037419","condition ok","SIRFER Lab at University of Utah","2019-05-01","ElFtGy1kV49xqNP00HfxQA==","POM","1",300,25,100,"d15N",4.87,"perMill","Revesz & Coplen 2012a",,
"f9194c73-f26b-4e93-956c-71eeea7329d8","D03","FLNT","FLNT.AOS.buoy.c0","2019-03-20","FLNT.C0.20190320.POM.1","A00000037419","condition ok","SIRFER Lab at University of Utah","2019-05-01","ElFtGy1kV49xqNP00HfxQA==","POM","1",300,25,100,"nitrogen",57.64,"microgramsPerLiter","Revesz & Coplen 2012a",,
"929f32e5-a757-4e68-b3fb-3c84dd965411","D03","FLNT","FLNT.AOS.buoy.c0","2019-03-20","FLNT.C0.20190320.POM.1","A00000037419","condition ok","SIRFER Lab at University of Utah","2019-05-01","ElFtGy1kV49xqNP00HfxQA==","POM","1",300,25,100,"carbon",542.97,"microgramsPerLiter","Revesz & Coplen 2012a",,
"0e79564b-affd-4399-9401-aefa3183460f","D03","FLNT","FLNT.AOS.buoy.c0","2019-03-20","FLNT.C0.20190320.POM.1","A00000037419","condition ok","SIRFER Lab at University of Utah","2019-05-01","ElFtGy1kV49xqNP00HfxQA==","POM","1",300,25,100,"d13C",-29.76,"perMill","Revesz & Coplen 2012a",,
"69dbe182-775a-45ea-b636-c4b905f18301","D03","FLNT","FLNT.AOS.buoy.c0","2019-03-26","FLNT.C0.20190326.POM.1","A00000037442","condition ok","SIRFER Lab at University of Utah","2019-05-01","ElFtGy1kV49xqNP00HfxQA==","POM","1",300,25,100,"d15N",4.98,"perMill","Revesz & Coplen 2012a",,
"3d3d6371-07de-481d-9609-e806700f686f","D03","FLNT","FLNT.AOS.buoy.c0","2019-03-26","FLNT.C0.20190326.POM.1","A00000037442","condition ok","SIRFER Lab at University of Utah","2019-05-01","ElFtGy1kV49xqNP00HfxQA==","POM","1",300,25,100,"d13C",-29.40,"perMill","Revesz & Coplen 2012a",,
"f0259e95-2d0d-4682-9b70-1460fcc59dc2","D03","FLNT","FLNT.AOS.buoy.c0","2019-03-26","FLNT.C0.20190326.POM.1","A00000037442","condition ok","SIRFER Lab at University of Utah","2019-05-01","ElFtGy1kV49xqNP00HfxQA==","POM","1",300,25,100,"carbon",823.63,"microgramsPerLiter","Revesz & Coplen 2012a",,
"3545cf4c-caa0-4700-9d55-c9ccf4429aa8","D03","FLNT","FLNT.AOS.buoy.c0","2019-03-26","FLNT.C0.20190326.POM.1","A00000037442","condition ok","SIRFER Lab at University of Utah","2019-05-01","ElFtGy1kV49xqNP00HfxQA==","POM","1",300,25,100,"nitrogen",69.94,"microgramsPerLiter","Revesz & Coplen 2012a",,
