uid,domainID,siteID,namedLocation,decimalLatitude,decimalLongitude,coordinateUncertainty,additionalCoordUncertainty,elevation,elevationUncertainty,geodeticDatum,altLocation,altLatitude,altLongitude,altCoordinateUncertainty,altGeodeticDatum,collectDate,aquaticSiteType,samplingImpractical,parentSampleID,parentSampleCode,eventID,samplerType,dissolvedOxygen,dissolvedOxygenSaturation,specificConductance,waterTemp,asiSamplingProtocolVersion,lowerSegmentDepth,upperSegmentDepth,maxDepth,lakeSampleDepth1,lakeSampleDepth2,aCollectedBy,bCollectedBy,remarks,fieldDataQF
"092430e2-643e-4fc9-ae1f-0c3effc498d5","D03","FLNT","FLNT.AOS.buoy.c0",31.184609,-84.438438,10.0,10.0,30.0,10.0,"WGS84",,,,,,"2019-03-05T17:58Z","river",,"FLNT.C0.20190305",,"FLNT.20190305","Van Dorn",8.70,88.50,103.20,16.60,"NEON.DOC.001886vF",,,4.1,0.5,,"fsanchez@battelleecology.org","mbenedict@battelleecology.org",,
"de635d0c-1421-496a-a3f7-8f18b8871101","D03","FLNT","FLNT.AOS.buoy.c0",31.184609,-84.438438,10.0,10.0,30.0,10.0,"WGS84",,,,,,"2019-03-12T16:24Z","river",,"FLNT.C0.20190312",,"FLNT.20190312","Van Dorn",9.79,99.20,94.30,16.80,"NEON.DOC.001886vF",,,5.9,0.5,,"0000-0003-1571-3196","0000-0002-9814-2044",,
"4c5ab980-da38-4eac-bda6-6b8ecef692f1","D03","FLNT","FLNT.AOS.buoy.c0",31.184609,-84.438438,10.0,10.0,30.0,10.0,"WGS84",,,,,,"2019-03-20T14:45Z","river",,"FLNT.C0.20190320",,"FLNT.20190320","Van Dorn",8.68,87.70,120.00,16.30,"NEON.DOC.001886vF",,,2.7,0.5,,"0000-0003-1571-3196","0000-0003-1571-3196",,
"b95c0d2c-5621-4cdc-b1c2-426d72789173","D03","FLNT","FLNT.AOS.buoy.c0",31.184609,-84.438438,10.0,10.0,30.0,10.0,"WGS84",,,,,,"2019-03-26T13:32Z","river",,"FLNT.C0.20190326",,"FLNT.20190326","Van Dorn",8.61,90.70,138.90,17.80,"NEON.DOC.001886vF",,,3.6,0.5,,"0000-0003-1571-3196","0000-0003-1571-3196",,
