uid,domainID,siteID,namedLocation,collectDate,analysisDate,isotopeH2OSampleID,isotopeH2OSampleCode,instrumentSN,d18OWater,d2HWater,d18OsdWater,d2HsdWater,isotopeH2OExternalLabQF,laboratoryName,analyzedBy,sampleCondition,externalRemarks,externalLabDataQF
"6b2c2533-8efc-4ec0-b038-fb3bf9a3efb2","D03","FLNT","FLNT.AOS.buoy.c0","2019-03-05","2019-06-03","FLNT.C0.20190305.H2O.1","A00000037537","HIDS2046",-4.05,-21.23,0.03,0.23,0,"SIRFER Lab at University of Utah","OlSmE6RRn5QQH8tvUHmK5i/poYiQr6sd","OK",,
"d7247abc-647a-42be-9165-a6232eea6c2b","D03","FLNT","FLNT.AOS.buoy.c0","2019-03-12","2019-06-07","FLNT.C0.20190312.H2O.1","A00000037556","HIDS2046",-3.95,-20.58,0.02,0.23,0,"SIRFER Lab at University of Utah","OlSmE6RRn5QQH8tvUHmK5i/poYiQr6sd","OK",,
"a1bf55c9-78aa-40ca-962c-1d15751c8d4c","D03","FLNT","FLNT.AOS.buoy.c0","2019-03-20","2019-06-03","FLNT.C0.20190320.H2O.2","A00000037433","HIDS2046",-3.63,-19.53,0.03,0.26,0,"SIRFER Lab at University of Utah","OlSmE6RRn5QQH8tvUHmK5i/poYiQr6sd","OK",,
"61881593-3f43-4649-9cf9-85b5bd9cb71c","D03","FLNT","FLNT.AOS.buoy.c0","2019-03-20","2019-06-03","FLNT.C0.20190320.H2O.1","A00000037434","HIDS2046",-3.75,-19.62,0.02,0.13,0,"SIRFER Lab at University of Utah","OlSmE6RRn5QQH8tvUHmK5i/poYiQr6sd","OK",,
"4d68a8a0-7ca4-4466-bed8-bebc73a5190a","D03","FLNT","FLNT.AOS.buoy.c0","2019-03-26","2019-06-03","FLNT.C0.20190326.H2O.1","A00000037445","HIDS2046",-2.85,-17.69,0.01,0.04,0,"SIRFER Lab at University of Utah","OlSmE6RRn5QQH8tvUHmK5i/poYiQr6sd","OK",,
