uid,domainID,siteID,namedLocation,collectDate,sampleID,sampleCode,sampleCondition,laboratoryName,analysisDate,analyzedBy,sampleType,replicate,sampleVolumeFiltered,filterSize,percentFilterAnalyzed,analyte,analyteConcentration,plantAlgaeLabUnits,method,externalRemarks,externalLabDataQF
"96616518-4259-4657-ad02-15134c16a00f","D08","MAYF","MAYF.AOS.S2","2016-04-19","MAYF.SS.20160419.POM.1",,"condition ok","Academy of Natural Sciences of Drexel University","2016-09-01","OKgcKejxXbI=","13C15N","1",,,100,"d13C",-30.75,"perMill",,,
"9ec42762-41c0-4916-9084-506026cd021b","D08","MAYF","MAYF.AOS.S2","2016-04-19","MAYF.SS.20160419.POM.2",,"condition ok","Academy of Natural Sciences of Drexel University","2016-09-01","OKgcKejxXbI=","13C15N","2",,,100,"d13C",-27.85,"perMill",,,
"afc38cee-96c0-43f3-8d85-8a4735fc39ec","D08","MAYF","MAYF.AOS.S2","2016-04-19","MAYF.SS.20160419.POM.2",,"condition ok","Academy of Natural Sciences of Drexel University","2016-09-01","OKgcKejxXbI=","13C15N","2",,,100,"d15N",5.44,"perMill",,,
"adc6f0ce-d579-480a-813e-1feb1695f14b","D08","MAYF","MAYF.AOS.S2","2016-04-19","MAYF.SS.20160419.POM.1",,"condition ok","Academy of Natural Sciences of Drexel University","2016-09-01","OKgcKejxXbI=","13C15N","1",,,100,"d15N",7.92,"perMill",,,
"492a6705-5cd5-4d34-844b-3943e0efbc87","D08","MAYF","MAYF.AOS.S2","2016-04-26","MAYF.SS.20160426.POM.1",,"condition ok","Academy of Natural Sciences of Drexel University","2016-09-01","OKgcKejxXbI=","13C15N","1",,,100,"d15N",5.71,"perMill",,,
"085a8cd8-b686-4eb6-931c-db2d1b5755db","D08","MAYF","MAYF.AOS.S2","2016-04-26","MAYF.SS.20160426.POM.1",,"condition ok","Academy of Natural Sciences of Drexel University","2016-09-01","OKgcKejxXbI=","13C15N","1",,,100,"d13C",-30.09,"perMill",,,
"ece3e561-1c9b-4c58-8f6b-60b5543174ae","D08","MAYF","MAYF.AOS.S2","2016-04-26","MAYF.SS.20160426.POM.2",,"condition ok","Academy of Natural Sciences of Drexel University","2016-09-01","OKgcKejxXbI=","13C15N","2",,,100,"d13C",-29.25,"perMill",,,
"f33a15d4-3ede-4255-8d9a-83b356291add","D08","MAYF","MAYF.AOS.S2","2016-04-26","MAYF.SS.20160426.POM.2",,"condition ok","Academy of Natural Sciences of Drexel University","2016-09-01","OKgcKejxXbI=","13C15N","2",,,100,"d15N",4.32,"perMill",,,
