uid,domainID,siteID,namedLocation,collectDate,sampleID,sampleCode,sampleCondition,laboratoryName,analysisDate,analyzedBy,sampleType,replicate,sampleVolumeFiltered,filterSize,percentFilterAnalyzed,analyte,analyteConcentration,plantAlgaeLabUnits,method,externalRemarks,externalLabDataQF
"2e889805-5442-4868-944c-029d1dcb24cb","D03","BARC","BARC.AOS.buoy.c0","2016-05-03","BARC.C0.20160503.POM.1",,"condition ok","Academy of Natural Sciences of Drexel University","2016-09-01","OKgcKejxXbI=","13C15N","1",,,100,"d13C",-31.05,"perMill",,,
"a56b923d-2d6e-450d-98b6-c18b4d2c85a7","D03","BARC","BARC.AOS.buoy.c0","2016-05-03","BARC.C0.20160503.POM.1",,"condition ok","Academy of Natural Sciences of Drexel University","2016-08-29","OKgcKejxXbI=","13C15N","1",,,100,"d15N",3.33,"perMill",,,
"9fbb489c-7e31-4dcc-bb8d-dc58fdfa28f3","D03","BARC","BARC.AOS.buoy.c0","2016-05-03","BARC.C0.20160503.POM.2",,"condition ok","Academy of Natural Sciences of Drexel University","2016-09-01","OKgcKejxXbI=","13C15N","2",,,100,"d13C",-28.22,"perMill",,,
"6187056a-a614-4524-899c-5cca9373bd0f","D03","BARC","BARC.AOS.buoy.c0","2016-05-03","BARC.C0.20160503.POM.2",,"condition ok","Academy of Natural Sciences of Drexel University","2016-08-29","OKgcKejxXbI=","13C15N","2",,,100,"d15N",3.75,"perMill",,,
"ca5b663b-8cb3-4790-9aa4-f5d1b44b7bd0","D03","BARC","BARC.AOS.inlet","2016-05-03","BARC.IN.20160503.POM.1",,"condition ok","Academy of Natural Sciences of Drexel University","2016-08-29","OKgcKejxXbI=","13C15N","1",,,100,"d15N",3.73,"perMill",,,
"87bee1cf-431b-4262-9a51-548334d1296e","D03","BARC","BARC.AOS.inlet","2016-05-03","BARC.IN.20160503.POM.2",,"condition ok","Academy of Natural Sciences of Drexel University","2016-09-01","OKgcKejxXbI=","13C15N","2",,,100,"d13C",-28.51,"perMill",,,
"3085953a-021d-4b61-a4f8-a8ac9a1febf2","D03","BARC","BARC.AOS.inlet","2016-05-03","BARC.IN.20160503.POM.2",,"condition ok","Academy of Natural Sciences of Drexel University","2016-08-29","OKgcKejxXbI=","13C15N","2",,,100,"d15N",2.32,"perMill",,,
"5bb6d170-3fd7-4cac-9775-8d467f7459bc","D03","BARC","BARC.AOS.inlet","2016-05-03","BARC.IN.20160503.POM.1",,"condition ok","Academy of Natural Sciences of Drexel University","2016-09-01","OKgcKejxXbI=","13C15N","1",,,100,"d13C",-29.82,"perMill",,,
"a3096f93-7a0b-4ecd-93c5-081062030d3d","D03","BARC","BARC.AOS.outlet","2016-05-03","BARC.OT.20160503.POM.1",,"condition ok","Academy of Natural Sciences of Drexel University","2016-09-01","OKgcKejxXbI=","13C15N","1",,,100,"d13C",-30.09,"perMill",,,
"ef84ae87-370b-45ad-a509-fb9a21d5e758","D03","BARC","BARC.AOS.outlet","2016-05-03","BARC.OT.20160503.POM.1",,"condition ok","Academy of Natural Sciences of Drexel University","2016-08-29","OKgcKejxXbI=","13C15N","1",,,100,"d15N",3.59,"perMill",,,
"e6ba172c-301d-4f2c-92be-a3dc0804b29f","D03","BARC","BARC.AOS.outlet","2016-05-03","BARC.OT.20160503.POM.2",,"condition ok","Academy of Natural Sciences of Drexel University","2016-09-01","OKgcKejxXbI=","13C15N","2",,,100,"d13C",-27.98,"perMill",,,
"bb854e52-bd4a-41d0-8da6-93d164fc12b1","D03","BARC","BARC.AOS.outlet","2016-05-03","BARC.OT.20160503.POM.2",,"condition ok","Academy of Natural Sciences of Drexel University","2016-08-29","OKgcKejxXbI=","13C15N","2",,,100,"d15N",3.89,"perMill",,,
