uid,domainID,siteID,namedLocation,collectDate,parentSampleID,parentSampleCode,isotopeH2OSampleCond,isotopeH2OSampleID,isotopeH2OSampleCode,isotopePOMRep2SampleCond,isotopePOMRep2SampleID,isotopePOMRep2SampleCode,isotopePOMSampleCond,isotopePOMSampleID,isotopePOMSampleCode,processedDateFilters,processedDateH2OIsotopes,sampleVolumeFilteredPOMRep1,sampleVolumeFilteredPOMRep2,fieldDataQF
"e09f3cdc-0fc7-4164-b709-83beafbbd252","D05","CRAM","CRAM.AOS.outlet","2016-07-05T15:15Z","CRAM.OT.20160705",,,"CRAM.OT.20160705.H2O.1",,,"CRAM.OT.20160705.POM.2",,,"CRAM.OT.20160705.POM.1",,"2016-07-05T19:46Z","2016-07-05T19:50Z",300,300,
"fcf6051d-ad05-407c-b8a0-8dc889d506a1","D05","CRAM","CRAM.AOS.inlet","2016-07-05T15:55Z","CRAM.IN.20160705",,,"CRAM.IN.20160705.H2O.1",,,"CRAM.IN.20160705.POM.2",,,"CRAM.IN.20160705.POM.1",,"2016-07-05T19:46Z","2016-07-05T20:00Z",300,300,
"b9e200ab-4927-43ec-9e40-7433a111fa85","D05","CRAM","CRAM.AOS.buoy.c1","2016-07-05T16:40Z","CRAM.C1.20160705",,,"CRAM.C1.20160705.H2O.1",,,"CRAM.C1.20160705.POM.2",,,"CRAM.C1.20160705.POM.1",,"2016-07-05T20:20Z","2016-07-05T20:10Z",300,300,
"d3b82113-65c1-4f5d-954c-1b2014cb9424","D05","CRAM","CRAM.AOS.buoy.c2","2016-07-05T17:35Z","CRAM.C2.20160705",,,"CRAM.C2.20160705.H2O.1",,,"CRAM.C2.20160705.POM.2",,,"CRAM.C2.20160705.POM.1",,"2016-07-05T21:15Z","2016-07-05T20:20Z",100,100,
