uid,domainID,siteID,namedLocation,collectDate,analysisDate,isotopeH2OSampleID,isotopeH2OSampleCode,instrumentSN,d18OWater,d2HWater,d18OsdWater,d2HsdWater,isotopeH2OExternalLabQF,laboratoryName,analyzedBy,sampleCondition,externalRemarks,externalLabDataQF
"179baefa-6fbb-4d27-97f3-f3bfc61987a6","D05","CRAM","CRAM.AOS.outlet","2016-07-05","2016-09-07","CRAM.OT.20160705.H2O.1",,"HIDS2052",-4.70,-49.48,0.15,0.34,0,"SIRFER Lab at University of Utah","OlSmE6RRn5QQH8tvUHmK5i/poYiQr6sd","OK",,
"8e3bd99c-098e-4fb1-a489-4529a2b7f2dd","D05","CRAM","CRAM.AOS.inlet","2016-07-05","2016-09-07","CRAM.IN.20160705.H2O.1",,"HIDS2052",-4.70,-49.61,0.09,0.26,0,"SIRFER Lab at University of Utah","OlSmE6RRn5QQH8tvUHmK5i/poYiQr6sd","OK",,
"6804c492-b6c3-46f7-bc28-b3f463bdc79c","D05","CRAM","CRAM.AOS.buoy.c1","2016-07-05","2016-09-07","CRAM.C1.20160705.H2O.1",,"HIDS2052",-4.58,-49.59,0.02,0.04,0,"SIRFER Lab at University of Utah","OlSmE6RRn5QQH8tvUHmK5i/poYiQr6sd","OK",,
"b89cb2b3-569a-4e24-a263-281a93f48179","D05","CRAM","CRAM.AOS.buoy.c2","2016-07-05","2016-09-07","CRAM.C2.20160705.H2O.1",,"HIDS2052",-5.30,-53.51,0.02,0.09,0,"SIRFER Lab at University of Utah","OlSmE6RRn5QQH8tvUHmK5i/poYiQr6sd","OK",,
