uid,domainID,siteID,namedLocation,decimalLatitude,decimalLongitude,coordinateUncertainty,additionalCoordUncertainty,elevation,elevationUncertainty,geodeticDatum,altLocation,altLatitude,altLongitude,altCoordinateUncertainty,altGeodeticDatum,collectDate,aquaticSiteType,samplingImpractical,parentSampleID,parentSampleCode,eventID,samplerType,dissolvedOxygen,dissolvedOxygenSaturation,specificConductance,waterTemp,asiSamplingProtocolVersion,lowerSegmentDepth,upperSegmentDepth,maxDepth,lakeSampleDepth1,lakeSampleDepth2,aCollectedBy,bCollectedBy,remarks,fieldDataQF
"94e5bc01-922f-4bf5-a1a3-fba68b18ea75","D05","CRAM","CRAM.AOS.outlet",46.211998,-89.474475,0.1,10.0,511.8,0.1,"WGS84",,,,,,"2016-07-05T15:15Z","lake",,"CRAM.OT.20160705",,"CRAM.20160705","Kemmerer",7.60,96.00,13.80,23.80,"NEON.DOC.001886vD",1.2,0.0,1.2,0.5,,"jhudson@neoninc.org","szielke@field-ops.org","PCN not filtered.",
"06627e7d-f0de-4f7a-98d2-9ad75257a52e","D05","CRAM","CRAM.AOS.inlet",46.207952,-89.476174,0.1,10.0,511.7,0.1,"WGS84",,,,,,"2016-07-05T15:55Z","lake",,"CRAM.IN.20160705",,"CRAM.20160705","Kemmerer",7.40,95.00,13.70,24.00,"NEON.DOC.001886vD",1.1,0.0,1.1,0.5,,"jhudson@neoninc.org","szielke@field-ops.org","PCN not filtered",
"be69e471-1a06-4ced-8438-9bf18182e621","D05","CRAM","CRAM.AOS.buoy.c1",46.210592,-89.476861,10.0,10.0,509.0,10.0,"WGS84",,,,,,"2016-07-05T16:40Z","lake",,"CRAM.C1.20160705",,"CRAM.20160705","Kemmerer",8.30,107.00,13.90,24.30,"NEON.DOC.001886vD",2.5,0.0,17.4,0.5,,"jhudson@neoninc.org","szielke@field-ops.org","PCN not filtered",
"bb703b8f-efdd-48a0-a6c1-2dfd86e96d1f","D05","CRAM","CRAM.AOS.buoy.c2",46.210592,-89.476861,10.0,10.0,509.0,10.0,"WGS84",,,,,,"2016-07-05T17:35Z","lake",,"CRAM.C2.20160705",,"CRAM.20160705","Kemmerer",1.40,12.00,17.10,5.20,"NEON.DOC.001886vD",17.4,8.5,17.4,10.8,15.3,"jhudson@neoninc.org","szielke@field-ops.org","PCN not filtered.|Metalimnion depth miscalculated. Samples should have been taken at 10 m and 15 m.|Metalimnion depth miscalculated. Samples should have been taken at 10 m and 15 m.|Metalimnion depth miscalculated. Samples should have been taken at 10 m and 15 m.",
