uid,domainID,siteID,namedLocation,collectDate,sampleID,sampleCode,sampleCondition,laboratoryName,analysisDate,analyzedBy,sampleType,replicate,sampleVolumeFiltered,filterSize,percentFilterAnalyzed,analyte,analyteConcentration,plantAlgaeLabUnits,method,externalRemarks,externalLabDataQF
"04aeb3f1-92dc-40d1-acbf-8d606551439b","D05","CRAM","CRAM.AOS.outlet","2016-07-05","CRAM.OT.20160705.POM.2",,"condition ok","Academy of Natural Sciences of Drexel University","2017-02-22","OKgcKejxXbI=","13C15N","2",,,100,"d15N",2.07,"perMill",,,
"064dd8ab-336b-445a-b4b3-8062a881a360","D05","CRAM","CRAM.AOS.outlet","2016-07-05","CRAM.OT.20160705.POM.1",,"condition ok","Academy of Natural Sciences of Drexel University","2017-02-10","OKgcKejxXbI=","13C15N","1",,,100,"d13C",-28.91,"perMill",,,
"80a896cf-afe7-4fa7-9038-ca12e46bb488","D05","CRAM","CRAM.AOS.outlet","2016-07-05","CRAM.OT.20160705.POM.1",,"condition ok","Academy of Natural Sciences of Drexel University","2017-02-10","OKgcKejxXbI=","13C15N","1",,,100,"d15N",0.99,"perMill",,,
"01f5bd2b-428e-4bc8-89c1-13bcc735b98e","D05","CRAM","CRAM.AOS.outlet","2016-07-05","CRAM.OT.20160705.POM.2",,"condition ok","Academy of Natural Sciences of Drexel University","2017-02-22","OKgcKejxXbI=","13C15N","2",,,100,"d13C",-29.03,"perMill",,,
"55dbbfd8-850a-4ff4-b61b-13e8c7bdb71c","D05","CRAM","CRAM.AOS.inlet","2016-07-05","CRAM.IN.20160705.POM.2",,"condition ok","Academy of Natural Sciences of Drexel University","2017-02-22","OKgcKejxXbI=","13C15N","2",,,100,"d13C",-29.23,"perMill",,,
"1f6c2744-6b39-44b6-94dc-46d6f573fdff","D05","CRAM","CRAM.AOS.inlet","2016-07-05","CRAM.IN.20160705.POM.1",,"condition ok","Academy of Natural Sciences of Drexel University","2017-02-10","OKgcKejxXbI=","13C15N","1",,,100,"d15N",0.90,"perMill",,,
"04e88e5c-c4c0-4fd4-8693-471df574ac9a","D05","CRAM","CRAM.AOS.inlet","2016-07-05","CRAM.IN.20160705.POM.1",,"condition ok","Academy of Natural Sciences of Drexel University","2017-02-10","OKgcKejxXbI=","13C15N","1",,,100,"d13C",-28.54,"perMill",,,
"feaaf36a-f3e4-4fa9-9a55-bf6266f538be","D05","CRAM","CRAM.AOS.inlet","2016-07-05","CRAM.IN.20160705.POM.2",,"condition ok","Academy of Natural Sciences of Drexel University","2017-02-22","OKgcKejxXbI=","13C15N","2",,,100,"d15N",1.79,"perMill",,,
"b9c58a25-0c7e-446e-ba61-968ef5de68dc","D05","CRAM","CRAM.AOS.buoy.c1","2016-07-05","CRAM.C1.20160705.POM.1",,"condition ok","Academy of Natural Sciences of Drexel University","2017-02-10","OKgcKejxXbI=","13C15N","1",,,100,"d13C",-29.50,"perMill",,,
"dea766d6-f00d-44b4-84fb-596837b342eb","D05","CRAM","CRAM.AOS.buoy.c1","2016-07-05","CRAM.C1.20160705.POM.1",,"condition ok","Academy of Natural Sciences of Drexel University","2017-02-10","OKgcKejxXbI=","13C15N","1",,,100,"d15N",0.25,"perMill",,,
"e1b9b1ab-627f-4326-ad6b-58a84419b5fa","D05","CRAM","CRAM.AOS.buoy.c1","2016-07-05","CRAM.C1.20160705.POM.2",,"condition ok","Academy of Natural Sciences of Drexel University","2017-02-22","OKgcKejxXbI=","13C15N","2",,,100,"d15N",0.42,"perMill",,,
"31714648-eb5a-4884-be24-9a770b8417ef","D05","CRAM","CRAM.AOS.buoy.c1","2016-07-05","CRAM.C1.20160705.POM.2",,"condition ok","Academy of Natural Sciences of Drexel University","2017-02-22","OKgcKejxXbI=","13C15N","2",,,100,"d13C",-29.38,"perMill",,,
"b026447d-8b74-43aa-8bb4-873b6d601a23","D05","CRAM","CRAM.AOS.buoy.c2","2016-07-05","CRAM.C2.20160705.POM.2",,"condition ok","Academy of Natural Sciences of Drexel University","2017-02-22","OKgcKejxXbI=","13C15N","2",,,100,"d15N",0.18,"perMill",,,
"6b4650f9-2646-4962-b585-6c41e5c8c740","D05","CRAM","CRAM.AOS.buoy.c2","2016-07-05","CRAM.C2.20160705.POM.1",,"condition ok","Academy of Natural Sciences of Drexel University","2017-02-10","OKgcKejxXbI=","13C15N","1",,,100,"d15N",-0.26,"perMill",,,
"9192d7e2-2b97-47dc-a538-c8a598569d36","D05","CRAM","CRAM.AOS.buoy.c2","2016-07-05","CRAM.C2.20160705.POM.1",,"condition ok","Academy of Natural Sciences of Drexel University","2017-02-10","OKgcKejxXbI=","13C15N","1",,,100,"d13C",-34.30,"perMill",,,
"ac386c7c-5f8f-4c5f-bfc4-31af1afb4291","D05","CRAM","CRAM.AOS.buoy.c2","2016-07-05","CRAM.C2.20160705.POM.2",,"condition ok","Academy of Natural Sciences of Drexel University","2017-02-22","OKgcKejxXbI=","13C15N","2",,,100,"d13C",-35.47,"perMill",,,
