uid,domainID,siteID,namedLocation,collectDate,sampleID,sampleCode,sampleCondition,laboratoryName,analysisDate,analyzedBy,sampleType,replicate,sampleVolumeFiltered,filterSize,percentFilterAnalyzed,analyte,analyteConcentration,plantAlgaeLabUnits,method,externalRemarks,externalLabDataQF
"1e55050e-a8ff-4d2f-867c-b837871a1044","D09","PRLA","PRLA.AOS.inlet","2016-10-19","PRLA.IN.20161019.POM.1",,"condition ok","Academy of Natural Sciences of Drexel University","2017-04-03","OKgcKejxXbI=","13C15N","1",,,100,"d15N",4.78,"perMill",,,
"ff07c9a3-4b84-4677-9381-0148ea270cd2","D09","PRLA","PRLA.AOS.inlet","2016-10-19","PRLA.IN.20161019.POM.1",,"other","Academy of Natural Sciences of Drexel University","2017-04-03","OKgcKejxXbI=","13C15N","1",,,100,"d13C",,"perMill",,"sample maxed out collector",
"40f2a09b-a601-4dda-ae92-a1945db4f11d","D09","PRLA","PRLA.AOS.inlet","2016-10-19","PRLA.IN.20161019.POM.2",,"condition ok","Academy of Natural Sciences of Drexel University","2017-06-01","OKgcKejxXbI=","13C15N","2",,,50,"d13C",-28.40,"perMill",,,
"3927345e-c3bc-4c32-973d-e62591dce4fc","D09","PRLA","PRLA.AOS.inlet","2016-10-19","PRLA.IN.20161019.POM.2",,"condition ok","Academy of Natural Sciences of Drexel University","2017-06-01","OKgcKejxXbI=","13C15N","2",,,50,"d15N",4.63,"perMill",,,
"8d239aea-d288-4178-bae3-2207ae6e1fa0","D09","PRLA","PRLA.AOS.buoy.c0","2016-10-19","PRLA.C0.20161019.POM.1",,"condition ok","Academy of Natural Sciences of Drexel University","2017-04-03","OKgcKejxXbI=","13C15N","1",,,100,"d15N",4.92,"perMill",,,
"1d0d9718-21dd-469d-a262-cc6d116aa3d2","D09","PRLA","PRLA.AOS.buoy.c0","2016-10-19","PRLA.C0.20161019.POM.2",,"condition ok","Academy of Natural Sciences of Drexel University","2017-06-01","OKgcKejxXbI=","13C15N","2",,,50,"d15N",5.30,"perMill",,,
"b65cb89b-7997-423a-b313-09e0247661d4","D09","PRLA","PRLA.AOS.buoy.c0","2016-10-19","PRLA.C0.20161019.POM.2",,"other","Academy of Natural Sciences of Drexel University","2017-06-01","OKgcKejxXbI=","13C15N","2",,,50,"d13C",,"perMill",,"sample maxed out collector",
"7ce0a612-cffb-40bc-8578-eeef6ec286f3","D09","PRLA","PRLA.AOS.buoy.c0","2016-10-19","PRLA.C0.20161019.POM.1",,"other","Academy of Natural Sciences of Drexel University","2017-04-03","OKgcKejxXbI=","13C15N","1",,,100,"d13C",,"perMill",,"sample maxed out collector",
"81bae2cd-4967-4a0d-8e8c-236a468641cf","D09","PRLA","PRLA.AOS.outlet","2016-10-19","PRLA.OT.20161019.POM.1",,"other","Academy of Natural Sciences of Drexel University","2017-04-03","OKgcKejxXbI=","13C15N","1",,,100,"d13C",,"perMill",,"sample maxed out collector",
"f1147c6d-a47f-4cc4-bd76-d85d32c24ebc","D09","PRLA","PRLA.AOS.outlet","2016-10-19","PRLA.OT.20161019.POM.1",,"condition ok","Academy of Natural Sciences of Drexel University","2017-04-03","OKgcKejxXbI=","13C15N","1",,,100,"d15N",4.83,"perMill",,,
"4c75f687-3390-4c13-95fe-01d02c21ff69","D09","PRLA","PRLA.AOS.outlet","2016-10-19","PRLA.OT.20161019.POM.2",,"other","Academy of Natural Sciences of Drexel University","2017-06-01","OKgcKejxXbI=","13C15N","2",,,50,"d13C",,"perMill",,"sample maxed out collector",
"7ad34ffd-8ab3-4fd7-9f0f-ee6f946b14c0","D09","PRLA","PRLA.AOS.outlet","2016-10-19","PRLA.OT.20161019.POM.2",,"condition ok","Academy of Natural Sciences of Drexel University","2017-06-01","OKgcKejxXbI=","13C15N","2",,,50,"d15N",4.98,"perMill",,,
