uid,domainID,siteID,namedLocation,collectDate,sampleID,sampleCode,sampleCondition,laboratoryName,analysisDate,analyzedBy,sampleType,replicate,sampleVolumeFiltered,filterSize,percentFilterAnalyzed,analyte,analyteConcentration,plantAlgaeLabUnits,method,externalRemarks,externalLabDataQF
"f6204d2f-0d78-4912-a848-a453dfd9d08d","D11","BLUE","BLUE.AOS.S2","2017-08-15","BLUE.SS.20170815.POM.1",,"condition ok","SIRFER Lab at University of Utah","2018-04-17","ElFtGy1kV49xqNP00HfxQA==","POM","1",500,25,100,"d13C",-23.00,"perMill","Revesz & Coplen 2012a",,
"209db131-2fdc-4f82-9959-edf294f42915","D11","BLUE","BLUE.AOS.S2","2017-08-15","BLUE.SS.20170815.POM.1",,"condition ok","SIRFER Lab at University of Utah","2018-04-17","ElFtGy1kV49xqNP00HfxQA==","POM","1",500,25,100,"nitrogen",43.93,"microgramsPerLiter","Revesz & Coplen 2012a",,
"3c9d4a26-2fad-448d-8a37-15351f4205a4","D11","BLUE","BLUE.AOS.S2","2017-08-15","BLUE.SS.20170815.POM.1",,"condition ok","SIRFER Lab at University of Utah","2018-04-17","ElFtGy1kV49xqNP00HfxQA==","POM","1",500,25,100,"d15N",7.92,"perMill","Revesz & Coplen 2012a",,
"0b199635-a10d-43ad-83c7-d23cdf547da2","D11","BLUE","BLUE.AOS.S2","2017-08-15","BLUE.SS.20170815.POM.1",,"condition ok","SIRFER Lab at University of Utah","2018-04-17","ElFtGy1kV49xqNP00HfxQA==","POM","1",500,25,100,"carbon",348.58,"microgramsPerLiter","Revesz & Coplen 2012a",,
"f8226ad3-edd4-4acd-836b-c84381c7fda2","D11","BLUE","BLUE.AOS.S2","2017-08-16","BLUE.SS.20170816.POM.1",,"condition ok","SIRFER Lab at University of Utah","2018-04-17","ElFtGy1kV49xqNP00HfxQA==","POM","1",500,25,100,"nitrogen",44.60,"microgramsPerLiter","Revesz & Coplen 2012a",,
"9d5e18de-8d8c-4f4b-8fdd-7369a0ba1982","D11","BLUE","BLUE.AOS.S2","2017-08-16","BLUE.SS.20170816.POM.1",,"condition ok","SIRFER Lab at University of Utah","2018-04-17","ElFtGy1kV49xqNP00HfxQA==","POM","1",500,25,100,"carbon",378.85,"microgramsPerLiter","Revesz & Coplen 2012a",,
"8abb7943-ff0d-446d-9060-dd1b5fa024e3","D11","BLUE","BLUE.AOS.S2","2017-08-16","BLUE.SS.20170816.POM.1",,"condition ok","SIRFER Lab at University of Utah","2018-04-17","ElFtGy1kV49xqNP00HfxQA==","POM","1",500,25,100,"d13C",-21.05,"perMill","Revesz & Coplen 2012a",,
"bb448d1b-af46-4779-9151-ed43faf41ad9","D11","BLUE","BLUE.AOS.S2","2017-08-16","BLUE.SS.20170816.POM.1",,"condition ok","SIRFER Lab at University of Utah","2018-04-17","ElFtGy1kV49xqNP00HfxQA==","POM","1",500,25,100,"d15N",6.85,"perMill","Revesz & Coplen 2012a",,
