uid,domainID,siteID,namedLocation,collectDate,sampleID,sampleCode,sampleCondition,laboratoryName,analysisDate,analyzedBy,sampleType,replicate,sampleVolumeFiltered,filterSize,percentFilterAnalyzed,analyte,analyteConcentration,plantAlgaeLabUnits,method,externalRemarks,externalLabDataQF
"9a3bdb7c-f38c-4999-bc6e-14aad855d133","D03","FLNT","FLNT.AOS.buoy.c0","2019-07-10","FLNT.C0.20190710.POM.1","A00000038233","condition ok","SIRFER Lab at University of Utah","2019-12-11","ElFtGy1kV49xqNP00HfxQA==","POM","1",300,25,100,"carbon",391.53,"microgramsPerLiter","Revesz & Coplen 2012a",,
"1f5e4726-dd2d-4c2b-9ce3-e966d434596a","D03","FLNT","FLNT.AOS.buoy.c0","2019-07-10","FLNT.C0.20190710.POM.1","A00000038233","condition ok","SIRFER Lab at University of Utah","2019-12-11","ElFtGy1kV49xqNP00HfxQA==","POM","1",300,25,100,"d13C",-30.24,"perMill","Revesz & Coplen 2012a",,
"84b34376-0cb5-4888-8983-6196f540ef2b","D03","FLNT","FLNT.AOS.buoy.c0","2019-07-10","FLNT.C0.20190710.POM.1","A00000038233","condition ok","SIRFER Lab at University of Utah","2019-12-11","ElFtGy1kV49xqNP00HfxQA==","POM","1",300,25,100,"d15N",6.46,"perMill","Revesz & Coplen 2012a",,
"c2a11ebb-bc09-49bb-8853-bb6c143a8e9f","D03","FLNT","FLNT.AOS.buoy.c0","2019-07-10","FLNT.C0.20190710.POM.1","A00000038233","condition ok","SIRFER Lab at University of Utah","2019-12-11","ElFtGy1kV49xqNP00HfxQA==","POM","1",300,25,100,"nitrogen",43.39,"microgramsPerLiter","Revesz & Coplen 2012a",,
