uid,domainID,siteID,namedLocation,collectDate,sampleID,sampleCode,sampleCondition,laboratoryName,analysisDate,analyzedBy,sampleType,replicate,sampleVolumeFiltered,filterSize,percentFilterAnalyzed,analyte,analyteConcentration,plantAlgaeLabUnits,method,externalRemarks,externalLabDataQF
"c848db2b-4234-4a66-82f2-aa027fc33ed9","D07","WALK","WALK.AOS.S2","2016-10-25","WALK.SS.20161025.POM.1",,"condition ok","Academy of Natural Sciences of Drexel University","2017-04-03","OKgcKejxXbI=","13C15N","1",,,100,"d13C",-28.69,"perMill",,,
"8ee83d56-6e8d-44b2-b548-5edc86406375","D07","WALK","WALK.AOS.S2","2016-10-25","WALK.SS.20161025.POM.2",,"condition ok","Academy of Natural Sciences of Drexel University","2017-05-10","OKgcKejxXbI=","13C15N","2",,,100,"d13C",-28.55,"perMill",,,
"70ba6819-96f6-47f7-92e2-99b53b83fe01","D07","WALK","WALK.AOS.S2","2016-10-25","WALK.SS.20161025.POM.2",,"condition ok","Academy of Natural Sciences of Drexel University","2017-05-10","OKgcKejxXbI=","13C15N","2",,,100,"d15N",1.77,"perMill",,,
"c2898211-91d1-4aa4-a99f-17c8d4a4ced9","D07","WALK","WALK.AOS.S2","2016-10-25","WALK.SS.20161025.POM.1",,"condition ok","Academy of Natural Sciences of Drexel University","2017-04-03","OKgcKejxXbI=","13C15N","1",,,100,"d15N",1.71,"perMill",,,
