uid,domainID,siteID,namedLocation,collectDate,parentSampleID,parentSampleCode,isotopeH2OSampleCond,isotopeH2OSampleID,isotopeH2OSampleCode,isotopePOMRep2SampleCond,isotopePOMRep2SampleID,isotopePOMRep2SampleCode,isotopePOMSampleCond,isotopePOMSampleID,isotopePOMSampleCode,processedDateFilters,processedDateH2OIsotopes,sampleVolumeFilteredPOMRep1,sampleVolumeFilteredPOMRep2,fieldDataQF
"9e3c2fee-4bb3-4a30-9d5d-b51ffd93986d","D13","COMO","COMO.AOS.S2","2017-06-05T17:00Z","COMO.SS.20170605",,"Sample condition ok","COMO.SS.20170605.H2O.1",,"Sample condition ok",,,"Sample condition ok","COMO.SS.20170605.POM.1",,"2017-06-05T19:45Z","2017-06-05T16:55Z",700,,
"6b1b7763-8b58-4c11-b52f-d0a9a48ca234","D13","COMO","COMO.AOS.S2","2017-06-08T16:45Z","COMO.SS.20170608",,"Sample condition ok","COMO.SS.20170608.H2O.1",,"Sample condition ok",,,"Sample condition ok","COMO.SS.20170608.POM.1",,"2017-06-08T18:50Z","2017-06-08T16:33Z",600,,
"1a27e2af-3fa3-4b13-9d81-aaa524379a8e","D13","COMO","COMO.AOS.S2","2017-06-12T15:20Z","COMO.SS.20170612",,"Sample condition ok","COMO.SS.20170612.H2O.1",,"Sample condition ok",,,"Sample condition ok","COMO.SS.20170612.POM.1",,"2017-06-12T16:30Z","2017-06-12T16:30Z",750,,
"3cbd7888-fc40-453a-b940-3cbc157fb1f9","D13","COMO","COMO.AOS.S2","2017-06-14T17:20Z","COMO.SS.20170614",,"Sample condition ok","COMO.SS.20170614.H2O.1",,"Sample condition ok",,,"Sample condition ok","COMO.SS.20170614.POM.1",,"2017-06-14T19:00Z","2017-06-14T17:04Z",850,,
"bbfd8750-6e6a-4a9a-8aa1-77f54aa7f4a7","D13","COMO","COMO.AOS.S2","2017-06-20T15:30Z","COMO.SS.20170620",,"Sample condition ok","COMO.SS.20170620.H2O.1",,"Sample condition ok",,,"Sample condition ok","COMO.SS.20170620.POM.1",,"2017-06-20T16:20Z","2017-06-20T15:22Z",650,,
"02621776-fabd-494d-9ba4-90af0e922e3b","D13","COMO","COMO.AOS.S2","2017-06-27T15:08Z","COMO.SS.20170627",,"Sample condition ok","COMO.SS.20170627.H2O.1",,"Sample condition ok",,,"Sample condition ok","COMO.SS.20170627.POM.1",,"2017-06-27T15:55Z","2017-06-27T15:00Z",750,,
"d0007682-67b5-4160-9de1-d0c0485a2bc3","D13","COMO","COMO.AOS.S2","2017-06-29T15:01Z","COMO.SS.20170629",,"Sample condition ok","COMO.SS.20170629.H2O.1",,"Sample condition ok",,,"Sample condition ok","COMO.SS.20170629.POM.1",,"2017-06-29T16:58Z","2017-06-29T15:01Z",1000,,
