uid,domainID,siteID,namedLocation,collectDate,sampleID,sampleCode,sampleCondition,laboratoryName,analysisDate,analyzedBy,sampleType,replicate,sampleVolumeFiltered,filterSize,percentFilterAnalyzed,analyte,analyteConcentration,plantAlgaeLabUnits,method,externalRemarks,externalLabDataQF
"88c46ed3-8e4f-45cf-a5aa-76064d610755","D13","COMO","COMO.AOS.S2","2017-06-05","COMO.SS.20170605.POM.1",,"condition ok","SIRFER Lab at University of Utah","2018-04-06","ElFtGy1kV49xqNP00HfxQA==","POM","1",700,25,100,"nitrogen",,"microgramsPerLiter","Revesz & Coplen 2012a",,
"237b1c95-0bcd-47a9-8650-3a4eb17e2d1d","D13","COMO","COMO.AOS.S2","2017-06-05","COMO.SS.20170605.POM.1",,"condition ok","SIRFER Lab at University of Utah","2018-04-06","ElFtGy1kV49xqNP00HfxQA==","POM","1",700,25,100,"carbon",,"microgramsPerLiter","Revesz & Coplen 2012a",,
"4600bbe3-15c5-4226-90ce-8b5989a4fd79","D13","COMO","COMO.AOS.S2","2017-06-05","COMO.SS.20170605.POM.1",,"condition ok","SIRFER Lab at University of Utah","2018-04-06","ElFtGy1kV49xqNP00HfxQA==","POM","1",700,25,100,"d13C",,"perMill","Revesz & Coplen 2012a",,
"996204d5-b95e-47ba-8e8a-fcab26595d59","D13","COMO","COMO.AOS.S2","2017-06-05","COMO.SS.20170605.POM.1",,"condition ok","SIRFER Lab at University of Utah","2018-04-06","ElFtGy1kV49xqNP00HfxQA==","POM","1",700,25,100,"d15N",,"perMill","Revesz & Coplen 2012a",,
"81648d92-73e6-413f-a1d8-141b722482fc","D13","COMO","COMO.AOS.S2","2017-06-08","COMO.SS.20170608.POM.1",,"condition ok","SIRFER Lab at University of Utah","2018-04-06","ElFtGy1kV49xqNP00HfxQA==","POM","1",600,25,100,"nitrogen",25.97,"microgramsPerLiter","Revesz & Coplen 2012a",,
"a3fffca9-9eb8-4cf7-abd9-41d4dbfce905","D13","COMO","COMO.AOS.S2","2017-06-08","COMO.SS.20170608.POM.1",,"condition ok","SIRFER Lab at University of Utah","2018-04-06","ElFtGy1kV49xqNP00HfxQA==","POM","1",600,25,100,"d13C",-25.25,"perMill","Revesz & Coplen 2012a",,
"0c594700-2aac-4032-a53b-a574a15fa82c","D13","COMO","COMO.AOS.S2","2017-06-08","COMO.SS.20170608.POM.1",,"condition ok","SIRFER Lab at University of Utah","2018-04-06","ElFtGy1kV49xqNP00HfxQA==","POM","1",600,25,100,"carbon",370.52,"microgramsPerLiter","Revesz & Coplen 2012a",,
"2ca9aede-d13b-4977-b13a-de02f0592200","D13","COMO","COMO.AOS.S2","2017-06-08","COMO.SS.20170608.POM.1",,"condition ok","SIRFER Lab at University of Utah","2018-04-06","ElFtGy1kV49xqNP00HfxQA==","POM","1",600,25,100,"d15N",5.87,"perMill","Revesz & Coplen 2012a",,
"b3cb61bf-2b7e-4972-a013-596110f59cd4","D13","COMO","COMO.AOS.S2","2017-06-12","COMO.SS.20170612.POM.1",,"condition ok","SIRFER Lab at University of Utah","2018-04-06","ElFtGy1kV49xqNP00HfxQA==","POM","1",750,25,100,"d13C",-25.47,"perMill","Revesz & Coplen 2012a",,
"43c22009-65cc-4b2e-a306-18ee4816dea9","D13","COMO","COMO.AOS.S2","2017-06-12","COMO.SS.20170612.POM.1",,"condition ok","SIRFER Lab at University of Utah","2018-04-06","ElFtGy1kV49xqNP00HfxQA==","POM","1",750,25,100,"carbon",320.20,"microgramsPerLiter","Revesz & Coplen 2012a",,
"b570588f-d453-4cfe-8e02-0b246375795a","D13","COMO","COMO.AOS.S2","2017-06-12","COMO.SS.20170612.POM.1",,"condition ok","SIRFER Lab at University of Utah","2018-04-06","ElFtGy1kV49xqNP00HfxQA==","POM","1",750,25,100,"d15N",6.43,"perMill","Revesz & Coplen 2012a",,
"eeb6c7fc-9e7e-4a34-b72a-7a37d0b1d44a","D13","COMO","COMO.AOS.S2","2017-06-12","COMO.SS.20170612.POM.1",,"condition ok","SIRFER Lab at University of Utah","2018-04-06","ElFtGy1kV49xqNP00HfxQA==","POM","1",750,25,100,"nitrogen",29.36,"microgramsPerLiter","Revesz & Coplen 2012a",,
"988d0357-b83e-452b-9594-331887c37437","D13","COMO","COMO.AOS.S2","2017-06-14","COMO.SS.20170614.POM.1",,"condition ok","SIRFER Lab at University of Utah","2018-04-06","ElFtGy1kV49xqNP00HfxQA==","POM","1",850,25,100,"nitrogen",15.62,"microgramsPerLiter","Revesz & Coplen 2012a",,
"003f700c-b1a7-4257-a0e1-d6eac455d7bd","D13","COMO","COMO.AOS.S2","2017-06-14","COMO.SS.20170614.POM.1",,"condition ok","SIRFER Lab at University of Utah","2018-04-06","ElFtGy1kV49xqNP00HfxQA==","POM","1",850,25,100,"d15N",9.61,"perMill","Revesz & Coplen 2012a",,
"2d2da8ec-37e3-4807-b46b-234028e73250","D13","COMO","COMO.AOS.S2","2017-06-14","COMO.SS.20170614.POM.1",,"condition ok","SIRFER Lab at University of Utah","2018-04-06","ElFtGy1kV49xqNP00HfxQA==","POM","1",850,25,100,"carbon",173.08,"microgramsPerLiter","Revesz & Coplen 2012a",,
"21761f7a-54f4-4c34-8bf6-83d124042bdf","D13","COMO","COMO.AOS.S2","2017-06-14","COMO.SS.20170614.POM.1",,"condition ok","SIRFER Lab at University of Utah","2018-04-06","ElFtGy1kV49xqNP00HfxQA==","POM","1",850,25,100,"d13C",-25.32,"perMill","Revesz & Coplen 2012a",,
"bfeb9cea-b78d-43c0-8977-7e5ecf3ad2ed","D13","COMO","COMO.AOS.S2","2017-06-20","COMO.SS.20170620.POM.1",,"condition ok","SIRFER Lab at University of Utah","2018-04-06","ElFtGy1kV49xqNP00HfxQA==","POM","1",650,25,100,"nitrogen",33.85,"microgramsPerLiter","Revesz & Coplen 2012a",,
"950c4471-2833-4e39-8860-84bd524646ad","D13","COMO","COMO.AOS.S2","2017-06-20","COMO.SS.20170620.POM.1",,"condition ok","SIRFER Lab at University of Utah","2018-04-06","ElFtGy1kV49xqNP00HfxQA==","POM","1",650,25,100,"carbon",488.00,"microgramsPerLiter","Revesz & Coplen 2012a",,
"ba003a9f-8b27-41ff-809a-58e60d0a64bf","D13","COMO","COMO.AOS.S2","2017-06-20","COMO.SS.20170620.POM.1",,"condition ok","SIRFER Lab at University of Utah","2018-04-06","ElFtGy1kV49xqNP00HfxQA==","POM","1",650,25,100,"d15N",5.37,"perMill","Revesz & Coplen 2012a",,
"29fba02c-8b5d-4aa6-bcc5-c6d30630ef29","D13","COMO","COMO.AOS.S2","2017-06-20","COMO.SS.20170620.POM.1",,"condition ok","SIRFER Lab at University of Utah","2018-04-06","ElFtGy1kV49xqNP00HfxQA==","POM","1",650,25,100,"d13C",-25.89,"perMill","Revesz & Coplen 2012a",,
"842f704b-c0f4-4e2d-8ac4-7e4b539e1345","D13","COMO","COMO.AOS.S2","2017-06-27","COMO.SS.20170627.POM.1",,"condition ok","SIRFER Lab at University of Utah","2018-04-06","ElFtGy1kV49xqNP00HfxQA==","POM","1",750,25,100,"nitrogen",18.13,"microgramsPerLiter","Revesz & Coplen 2012a",,
"2d3ba0ee-30d1-492d-9d21-4eca8c43d0a3","D13","COMO","COMO.AOS.S2","2017-06-27","COMO.SS.20170627.POM.1",,"condition ok","SIRFER Lab at University of Utah","2018-04-06","ElFtGy1kV49xqNP00HfxQA==","POM","1",750,25,100,"carbon",226.50,"microgramsPerLiter","Revesz & Coplen 2012a",,
"c454f78c-0cb9-4b53-ade9-3a1cdb65b936","D13","COMO","COMO.AOS.S2","2017-06-27","COMO.SS.20170627.POM.1",,"condition ok","SIRFER Lab at University of Utah","2018-04-06","ElFtGy1kV49xqNP00HfxQA==","POM","1",750,25,100,"d15N",8.58,"perMill","Revesz & Coplen 2012a",,
"ea79c5c8-45e7-4d0b-9bcf-bd442ba637ff","D13","COMO","COMO.AOS.S2","2017-06-27","COMO.SS.20170627.POM.1",,"condition ok","SIRFER Lab at University of Utah","2018-04-06","ElFtGy1kV49xqNP00HfxQA==","POM","1",750,25,100,"d13C",-25.79,"perMill","Revesz & Coplen 2012a",,
"68386208-a4a4-4f6e-955b-bbac7958401a","D13","COMO","COMO.AOS.S2","2017-06-29","COMO.SS.20170629.POM.1",,"condition ok","SIRFER Lab at University of Utah","2018-04-06","ElFtGy1kV49xqNP00HfxQA==","POM","1",1000,25,100,"d13C",-25.57,"perMill","Revesz & Coplen 2012a",,
"30b954fb-ac20-41b9-a5bc-5a5d11db19a6","D13","COMO","COMO.AOS.S2","2017-06-29","COMO.SS.20170629.POM.1",,"condition ok","SIRFER Lab at University of Utah","2018-04-06","ElFtGy1kV49xqNP00HfxQA==","POM","1",1000,25,100,"carbon",279.58,"microgramsPerLiter","Revesz & Coplen 2012a",,
"a87e6766-010a-49df-b493-9671761ccdd6","D13","COMO","COMO.AOS.S2","2017-06-29","COMO.SS.20170629.POM.1",,"condition ok","SIRFER Lab at University of Utah","2018-04-06","ElFtGy1kV49xqNP00HfxQA==","POM","1",1000,25,100,"nitrogen",21.66,"microgramsPerLiter","Revesz & Coplen 2012a",,
"fa25924c-bcfd-4af1-b7bd-a0980b27f0f6","D13","COMO","COMO.AOS.S2","2017-06-29","COMO.SS.20170629.POM.1",,"condition ok","SIRFER Lab at University of Utah","2018-04-06","ElFtGy1kV49xqNP00HfxQA==","POM","1",1000,25,100,"d15N",6.37,"perMill","Revesz & Coplen 2012a",,
