uid,domainID,siteID,namedLocation,decimalLatitude,decimalLongitude,coordinateUncertainty,additionalCoordUncertainty,elevation,elevationUncertainty,geodeticDatum,altLocation,altLatitude,altLongitude,altCoordinateUncertainty,altGeodeticDatum,collectDate,aquaticSiteType,samplingImpractical,parentSampleID,parentSampleCode,eventID,samplerType,dissolvedOxygen,dissolvedOxygenSaturation,specificConductance,waterTemp,asiSamplingProtocolVersion,lowerSegmentDepth,upperSegmentDepth,maxDepth,lakeSampleDepth1,lakeSampleDepth2,aCollectedBy,bCollectedBy,remarks,fieldDataQF
"2854369f-5837-48f2-9a3e-f6451686dc22","D13","COMO","COMO.AOS.S2",40.034953,-105.544407,0.1,10.0,3022.5,0.0,"WGS84",,,,,,"2017-06-05T17:00Z","stream",,"COMO.SS.20170605",,"COMO.20170605","Grab",11.42,119.20,27.50,2.50,"NEON.DOC.001886vE",,,,,,"rshowalter@field-ops.org","hschartel@neoninc.org","Stream over bankful during spring runoff",
"eb92f696-89b6-49ee-b343-e10aacaf82cf","D13","COMO","COMO.AOS.S2",40.034953,-105.544407,0.1,10.0,3022.5,0.0,"WGS84",,,,,,"2017-06-08T16:45Z","stream",,"COMO.SS.20170608",,"COMO.20170608","Grab",10.65,111.70,21.90,2.70,"NEON.DOC.001886vE",,,,,,"rshowalter@field-ops.org","Bschmid@battelleecology.org",,
"68b9295f-4adb-49cf-a3b3-e8732e076b3b","D13","COMO","COMO.AOS.S2",40.034953,-105.544407,0.1,10.0,3022.5,0.0,"WGS84",,,,,,"2017-06-12T15:20Z","stream",,"COMO.SS.20170612",,"COMO.20170612","Grab",9.68,104.20,13.40,3.40,"NEON.DOC.001886vE",,,,,,"hschartel@neoninc.org","bnance@field-ops.org","Flow over bankful; gauge: new 78cm / old 91cm",
"c5c417be-c723-4dec-927f-d86eb8f00037","D13","COMO","COMO.AOS.S2",40.034953,-105.544407,0.1,10.0,3022.5,0.0,"WGS84",,,,,,"2017-06-14T17:20Z","stream",,"COMO.SS.20170614",,"COMO.20170614","Grab",9.75,104.70,19.40,3.20,,,,,,,"rshowalter@field-ops.org","nsturm@battelleecology.org",,
"58b5b9d3-d04c-414b-a902-8b91bab22683","D13","COMO","COMO.AOS.S2",40.034953,-105.544407,0.1,10.0,3022.5,0.0,"WGS84",,,,,,"2017-06-20T15:30Z","stream",,"COMO.SS.20170620",,"COMO.20170620","Grab",9.45,107.10,12.20,5.80,"NEON.DOC.001886vE",,,,,,"Bnance@Battelleecology.org","Rshowalter@battelleecology.org",,
"dcf15124-0b31-48e1-a184-9b11a7189791","D13","COMO","COMO.AOS.S2",40.034953,-105.544407,0.1,10.0,3022.5,0.0,"WGS84",,,,,,"2017-06-27T15:08Z","stream",,"COMO.SS.20170627",,"COMO.20170627","Grab",8.89,104.70,15.40,6.90,"NEON.DOC.001886vE",,,,,,"Rshowalter@battelleecology.org","nsturm@battelleecology.org",,
"fdda4f0b-a096-4d39-bfdd-86bff9e3b518","D13","COMO","COMO.AOS.S2",40.034953,-105.544407,0.1,,3022.5,0.0,"WGS84",,,,,,"2017-06-29T15:01Z","stream",,"COMO.SS.20170629",,"COMO.20170629","Grab",9.24,108.00,16.00,6.60,"NEON.DOC.001886vE",,,,,,"Bnance@battelleecology.org","ctran@battelleecology.org",,
