uid,domainID,siteID,namedLocation,collectDate,sampleID,sampleCode,sampleCondition,laboratoryName,analysisDate,analyzedBy,sampleType,replicate,sampleVolumeFiltered,filterSize,percentFilterAnalyzed,analyte,analyteConcentration,plantAlgaeLabUnits,method,externalRemarks,externalLabDataQF
"f0ed39aa-ff6c-46cc-bbd1-105738fbc6f8","D04","GUIL","GUIL.AOS.S2","2016-01-19","GUIL.SS.20160119.POM.2",,"condition ok","Academy of Natural Sciences of Drexel University","2017-01-24","OKgcKejxXbI=","13C15N","2",,,100,"d13C",-26.33,"perMill",,,
"145a621e-55f8-4040-881d-b9e7b606c1dc","D04","GUIL","GUIL.AOS.S2","2016-01-19","GUIL.SS.20160119.POM.1",,"condition ok","Academy of Natural Sciences of Drexel University","2017-02-13","OKgcKejxXbI=","13C15N","1",,,100,"d15N",5.30,"perMill",,,
"e0f7b033-9f42-44bf-aaf9-b71136c246d9","D04","GUIL","GUIL.AOS.S2","2016-01-19","GUIL.SS.20160119.POM.1",,"condition ok","Academy of Natural Sciences of Drexel University","2017-02-13","OKgcKejxXbI=","13C15N","1",,,100,"d13C",-26.29,"perMill",,,
"57369db1-978a-4b87-8222-b8ef0f5c95e0","D04","GUIL","GUIL.AOS.S2","2016-01-19","GUIL.SS.20160119.POM.2",,"other","Academy of Natural Sciences of Drexel University","2017-01-24","OKgcKejxXbI=","13C15N","2",,,100,"d15N",,"perMill",,"not enough sample for analysis",
