uid,domainID,siteID,namedLocation,collectDate,sampleID,sampleCode,sampleCondition,laboratoryName,analysisDate,analyzedBy,sampleType,replicate,sampleVolumeFiltered,filterSize,percentFilterAnalyzed,analyte,analyteConcentration,plantAlgaeLabUnits,method,externalRemarks,externalLabDataQF
"4a8680a0-8f54-4224-9e19-6a5181e181dd","D07","WALK","WALK.AOS.S2","2018-07-02","WALK.SS.20180702.POM.1","A00000011652","condition ok","SIRFER Lab at University of Utah","2018-08-31","ElFtGy1kV49xqNP00HfxQA==","POM","1",1000,25,100,"nitrogen",9.46,"microgramsPerLiter","Revesz & Coplen 2012a",,
"ae7e523f-3dd9-4759-969d-364cfe111aa9","D07","WALK","WALK.AOS.S2","2018-07-02","WALK.SS.20180702.POM.1","A00000011652","condition ok","SIRFER Lab at University of Utah","2018-08-31","ElFtGy1kV49xqNP00HfxQA==","POM","1",1000,25,100,"carbon",82.33,"microgramsPerLiter","Revesz & Coplen 2012a",,
"3099e1ff-1d69-4e4a-962c-1f35541115c4","D07","WALK","WALK.AOS.S2","2018-07-02","WALK.SS.20180702.POM.1","A00000011652","condition ok","SIRFER Lab at University of Utah","2018-08-31","ElFtGy1kV49xqNP00HfxQA==","POM","1",1000,25,100,"d13C",-30.18,"perMill","Revesz & Coplen 2012a",,
"237c109f-8f9f-49a6-8c8f-d50fbc47ef98","D07","WALK","WALK.AOS.S2","2018-07-02","WALK.SS.20180702.POM.1","A00000011652","condition ok","SIRFER Lab at University of Utah","2018-08-31","ElFtGy1kV49xqNP00HfxQA==","POM","1",1000,25,100,"d15N",1.72,"perMill","Revesz & Coplen 2012a",,
"27c1b7fd-7ef3-4c5b-bb40-c3079c7c7eee","D07","WALK","WALK.AOS.S2","2018-07-09","WALK.SS.20180709.POM.1","A00000011844","condition ok","SIRFER Lab at University of Utah","2018-08-30","ElFtGy1kV49xqNP00HfxQA==","POM","1",1000,25,100,"nitrogen",23.59,"microgramsPerLiter","Revesz & Coplen 2012a",,
"8e154b51-7af9-435c-a45c-db2d3c6f48ee","D07","WALK","WALK.AOS.S2","2018-07-09","WALK.SS.20180709.POM.1","A00000011844","condition ok","SIRFER Lab at University of Utah","2018-08-30","ElFtGy1kV49xqNP00HfxQA==","POM","1",1000,25,100,"d13C",-29.03,"perMill","Revesz & Coplen 2012a",,
"e9d9b1e2-1daf-45e4-bca5-0580586a935c","D07","WALK","WALK.AOS.S2","2018-07-09","WALK.SS.20180709.POM.1","A00000011844","condition ok","SIRFER Lab at University of Utah","2018-08-30","ElFtGy1kV49xqNP00HfxQA==","POM","1",1000,25,100,"d15N",2.29,"perMill","Revesz & Coplen 2012a",,
"91e82777-77bb-44c2-8ba2-159bd768cb06","D07","WALK","WALK.AOS.S2","2018-07-09","WALK.SS.20180709.POM.1","A00000011844","condition ok","SIRFER Lab at University of Utah","2018-08-30","ElFtGy1kV49xqNP00HfxQA==","POM","1",1000,25,100,"carbon",355.02,"microgramsPerLiter","Revesz & Coplen 2012a",,
