uid,domainID,siteID,namedLocation,collectDate,sampleID,sampleCode,sampleCondition,laboratoryName,analysisDate,analyzedBy,sampleType,replicate,sampleVolumeFiltered,filterSize,percentFilterAnalyzed,analyte,analyteConcentration,plantAlgaeLabUnits,method,externalRemarks,externalLabDataQF
"5c8fd87d-468b-4cd2-931a-df9d054f1f2a","D18","OKSR","OKSR.AOS.S2","2018-07-03","OKSR.SS.20180703.POM.1","A00000029999","condition ok","SIRFER Lab at University of Utah","2018-08-02","ElFtGy1kV49xqNP00HfxQA==","POM","1",750,25,100,"d13C",-28.73,"perMill","Revesz & Coplen 2012a",,
"85c841c6-6775-4bdd-bab3-c5b0cf6abed6","D18","OKSR","OKSR.AOS.S2","2018-07-03","OKSR.SS.20180703.POM.1","A00000029999","condition ok","SIRFER Lab at University of Utah","2018-08-02","ElFtGy1kV49xqNP00HfxQA==","POM","1",750,25,100,"d15N",7.74,"perMill","Revesz & Coplen 2012a",,
"6e17d0dc-ba1f-41d7-ab89-e2e6c261e8b1","D18","OKSR","OKSR.AOS.S2","2018-07-03","OKSR.SS.20180703.POM.1","A00000029999","condition ok","SIRFER Lab at University of Utah","2018-08-02","ElFtGy1kV49xqNP00HfxQA==","POM","1",750,25,100,"carbon",87.28,"microgramsPerLiter","Revesz & Coplen 2012a",,
"cbc65c6d-532b-4c08-9fc5-f8892f7e1d95","D18","OKSR","OKSR.AOS.S2","2018-07-03","OKSR.SS.20180703.POM.1","A00000029999","condition ok","SIRFER Lab at University of Utah","2018-08-02","ElFtGy1kV49xqNP00HfxQA==","POM","1",750,25,100,"nitrogen",8.79,"microgramsPerLiter","Revesz & Coplen 2012a",,
"f36f41d1-b771-4b28-823d-00b5c064c3dc","D18","OKSR","OKSR.AOS.S2","2018-07-10","OKSR.SS.20180710.POM.1","A00000030220","condition ok","SIRFER Lab at University of Utah","2018-12-14","ElFtGy1kV49xqNP00HfxQA==","POM","1",750,25,100,"d15N",-28.40,"perMill","Revesz & Coplen 2012a",,
"cd6c4d36-d1f8-4ccf-ac3c-4f8e7a49ba15","D18","OKSR","OKSR.AOS.S2","2018-07-10","OKSR.SS.20180710.POM.1","A00000030220","condition ok","SIRFER Lab at University of Utah","2018-12-14","ElFtGy1kV49xqNP00HfxQA==","POM","1",750,25,100,"d13C",6.38,"perMill","Revesz & Coplen 2012a",,
"69c909ce-317c-4a54-b71d-a96e5feac987","D18","OKSR","OKSR.AOS.S2","2018-07-10","OKSR.SS.20180710.POM.1","A00000030220","condition ok","SIRFER Lab at University of Utah","2018-12-14","ElFtGy1kV49xqNP00HfxQA==","POM","1",750,25,100,"nitrogen",3.34,"microgramsPerLiter","Revesz & Coplen 2012a",,
"35084011-cab8-4d83-a4ec-3f57eec3b3f8","D18","OKSR","OKSR.AOS.S2","2018-07-10","OKSR.SS.20180710.POM.1","A00000030220","condition ok","SIRFER Lab at University of Utah","2018-12-14","ElFtGy1kV49xqNP00HfxQA==","POM","1",750,25,100,"carbon",68.44,"microgramsPerLiter","Revesz & Coplen 2012a",,
"bf5cfac6-3e5f-4fa9-9343-4d3446d190b2","D18","OKSR","OKSR.AOS.S2","2018-07-17","OKSR.SS.20180717.POM.1","A00000030205","condition ok","SIRFER Lab at University of Utah","2018-12-14","ElFtGy1kV49xqNP00HfxQA==","POM","1",500,25,100,"carbon",288.74,"microgramsPerLiter","Revesz & Coplen 2012a",,
"7e954870-17ad-4aac-90aa-28b6ee9c754a","D18","OKSR","OKSR.AOS.S2","2018-07-17","OKSR.SS.20180717.POM.1","A00000030205","condition ok","SIRFER Lab at University of Utah","2018-12-14","ElFtGy1kV49xqNP00HfxQA==","POM","1",500,25,100,"d15N",-28.62,"perMill","Revesz & Coplen 2012a",,
"38b7901a-b6a9-4c2b-b9ad-68da650c5bcb","D18","OKSR","OKSR.AOS.S2","2018-07-17","OKSR.SS.20180717.POM.1","A00000030205","condition ok","SIRFER Lab at University of Utah","2018-12-14","ElFtGy1kV49xqNP00HfxQA==","POM","1",500,25,100,"nitrogen",2.68,"microgramsPerLiter","Revesz & Coplen 2012a",,
"92426f33-6c74-4e3c-bdb0-83ffa0d4117d","D18","OKSR","OKSR.AOS.S2","2018-07-17","OKSR.SS.20180717.POM.1","A00000030205","condition ok","SIRFER Lab at University of Utah","2018-12-14","ElFtGy1kV49xqNP00HfxQA==","POM","1",500,25,100,"d13C",22.01,"perMill","Revesz & Coplen 2012a",,
"6ad80e02-a4e5-479c-b066-164fc960e2e5","D18","OKSR","OKSR.AOS.S2","2018-07-24","OKSR.SS.20180724.POM.1","A00000030207","condition ok","SIRFER Lab at University of Utah","2018-08-30","ElFtGy1kV49xqNP00HfxQA==","POM","1",750,25,100,"carbon",104.18,"microgramsPerLiter","Revesz & Coplen 2012a",,
"19b7db6f-de34-42a3-bd2a-676a86241b59","D18","OKSR","OKSR.AOS.S2","2018-07-24","OKSR.SS.20180724.POM.1","A00000030207","condition ok","SIRFER Lab at University of Utah","2018-08-30","ElFtGy1kV49xqNP00HfxQA==","POM","1",750,25,100,"d13C",-28.04,"perMill","Revesz & Coplen 2012a",,
"418932e3-15b4-425d-a24b-f020aeadc90c","D18","OKSR","OKSR.AOS.S2","2018-07-24","OKSR.SS.20180724.POM.1","A00000030207","condition ok","SIRFER Lab at University of Utah","2018-08-30","ElFtGy1kV49xqNP00HfxQA==","POM","1",750,25,100,"d15N",2.76,"perMill","Revesz & Coplen 2012a",,
"d75a39e1-c07a-49ac-87f6-1996ca61b58d","D18","OKSR","OKSR.AOS.S2","2018-07-24","OKSR.SS.20180724.POM.1","A00000030207","condition ok","SIRFER Lab at University of Utah","2018-08-30","ElFtGy1kV49xqNP00HfxQA==","POM","1",750,25,100,"nitrogen",6.36,"microgramsPerLiter","Revesz & Coplen 2012a",,
"a7a9c11a-4ea3-465e-9e1d-0a3302a1cd20","D18","OKSR","OKSR.AOS.S2","2018-07-31","OKSR.SS.20180731.POM.1","A00000030196","condition ok","SIRFER Lab at University of Utah","2018-08-30","ElFtGy1kV49xqNP00HfxQA==","POM","1",750,25,100,"d13C",-27.88,"perMill","Revesz & Coplen 2012a",,
"56b21c98-ab3c-4d11-a029-a6d5785244c7","D18","OKSR","OKSR.AOS.S2","2018-07-31","OKSR.SS.20180731.POM.1","A00000030196","condition ok","SIRFER Lab at University of Utah","2018-08-30","ElFtGy1kV49xqNP00HfxQA==","POM","1",750,25,100,"d15N",2.61,"perMill","Revesz & Coplen 2012a",,
"bacfb05d-f02d-4da4-b93c-0888dd863d9b","D18","OKSR","OKSR.AOS.S2","2018-07-31","OKSR.SS.20180731.POM.1","A00000030196","condition ok","SIRFER Lab at University of Utah","2018-08-30","ElFtGy1kV49xqNP00HfxQA==","POM","1",750,25,100,"nitrogen",3.36,"microgramsPerLiter","Revesz & Coplen 2012a",,
"d06c2072-1086-481a-afb3-8148ee1d72a4","D18","OKSR","OKSR.AOS.S2","2018-07-31","OKSR.SS.20180731.POM.1","A00000030196","condition ok","SIRFER Lab at University of Utah","2018-08-30","ElFtGy1kV49xqNP00HfxQA==","POM","1",750,25,100,"carbon",63.43,"microgramsPerLiter","Revesz & Coplen 2012a",,
