uid,domainID,siteID,namedLocation,decimalLatitude,decimalLongitude,coordinateUncertainty,additionalCoordUncertainty,elevation,elevationUncertainty,geodeticDatum,altLocation,altLatitude,altLongitude,altCoordinateUncertainty,altGeodeticDatum,collectDate,aquaticSiteType,samplingImpractical,parentSampleID,parentSampleCode,eventID,samplerType,dissolvedOxygen,dissolvedOxygenSaturation,specificConductance,waterTemp,asiSamplingProtocolVersion,lowerSegmentDepth,upperSegmentDepth,maxDepth,lakeSampleDepth1,lakeSampleDepth2,aCollectedBy,bCollectedBy,remarks,fieldDataQF
"021e1b8c-0e3f-4719-bf42-387d7fdea456","D18","OKSR","OKSR.AOS.S2",68.669651,-149.143505,0.1,10.0,767.2,0.0,"WGS84",,,,,,"2018-07-03T18:32Z","stream",,"OKSR.SS.20180703",,"OKSR.20180703","Grab",9.50,87.80,45.30,11.60,"NEON.DOC.001886vF",,,,,,"jmonroe@battelleecology.org","Tsurgener@battelleecology.org",,
"94e6eb24-8f3c-49b4-9a11-8d18af9566e2","D18","OKSR","OKSR.AOS.S2",68.669651,-149.143505,0.1,10.0,767.2,0.0,"WGS84",,,,,,"2018-07-10T17:59Z","stream",,"OKSR.SS.20180710",,"OKSR.20180710","Grab",10.07,89.80,45.80,10.20,"NEON.DOC.001886vF",,,,,,"Tsurgener@battelleecology.org","Tsurgener@battelleecology.org",,
"3acf96d2-c11e-41bf-9163-5e0c18246cba","D18","OKSR","OKSR.AOS.S2",68.669651,-149.143505,0.1,10.0,767.2,0.0,"WGS84",,,,,,"2018-07-17T18:01Z","stream",,"OKSR.SS.20180717",,"OKSR.20180717","Grab",11.93,97.00,33.10,6.60,"NEON.DOC.001886vF",,,,,,"Tsurgener@battelleecology.org","kbroberg@battelleecology.org",,
"27f4b705-6e14-47b1-bdfd-c9cf01497cd7","D18","OKSR","OKSR.AOS.S2",68.669651,-149.143505,0.1,10.0,767.2,0.0,"WGS84",,,,,,"2018-07-24T20:31Z","stream",,"OKSR.SS.20180724",,"OKSR.20180724","Grab",8.90,87.20,47.40,14.10,"NEON.DOC.001886vF",,,,,,"Tsurgener@battelleecology.org","gdukelow@battelleecology.org",,
"bbcb476a-2461-48b6-a4c7-fd2eec54ad5e","D18","OKSR","OKSR.AOS.S2",68.669651,-149.143505,0.1,10.0,767.2,0.0,"WGS84",,,,,,"2018-07-31T19:15Z","stream",,"OKSR.SS.20180731",,"OKSR.20180731","Grab",9.36,88.00,45.90,12.60,"NEON.DOC.001886vF",,,,,,"jhill1@battelleecology.org","Tsurgener@battelleecology.org",,
