uid,domainID,siteID,namedLocation,collectDate,analysisDate,isotopeH2OSampleID,isotopeH2OSampleCode,instrumentSN,d18OWater,d2HWater,d18OsdWater,d2HsdWater,isotopeH2OExternalLabQF,laboratoryName,analyzedBy,sampleCondition,externalRemarks,externalLabDataQF
"0520000e-5b32-4719-8952-fee9056a7fa3","D18","OKSR","OKSR.AOS.S2","2018-07-03","2018-09-07","OKSR.SS.20180703.H2O.1","A00000029997","HIDS2052",-19.40,-152.70,0.02,0.17,0,"SIRFER Lab at University of Utah","OlSmE6RRn5QQH8tvUHmK5i/poYiQr6sd","OK",,
"5e2a01c6-b267-46fb-b933-e118dcade8a6","D18","OKSR","OKSR.AOS.S2","2018-07-10","2018-09-07","OKSR.SS.20180710.H2O.1","A00000030252","HIDS2052",-19.56,-153.25,0.01,0.09,0,"SIRFER Lab at University of Utah","OlSmE6RRn5QQH8tvUHmK5i/poYiQr6sd","Sample Damaged or Lost","Parafilm missing vial leaked",
"3f066e0a-61ad-48ad-8456-c7f3021edda1","D18","OKSR","OKSR.AOS.S2","2018-07-17","2018-09-07","OKSR.SS.20180717.H2O.1","A00000030203","HIDS2052",-18.19,-147.97,0.03,0.11,0,"SIRFER Lab at University of Utah","OlSmE6RRn5QQH8tvUHmK5i/poYiQr6sd","Sample Damaged or Lost","Parafilm missing vial leaked",
"37292c14-9618-4a52-acf2-52853639956c","D18","OKSR","OKSR.AOS.S2","2018-07-24","2018-09-07","OKSR.SS.20180724.H2O.1","A00000030212","HIDS2052",-19.54,-152.57,0.01,0.12,0,"SIRFER Lab at University of Utah","OlSmE6RRn5QQH8tvUHmK5i/poYiQr6sd","Sample Damaged or Lost","Parafilm missing vial leaked",
"b0f45846-e1a9-4154-8965-964fab2f1a05","D18","OKSR","OKSR.AOS.S2","2018-07-31","2018-09-07","OKSR.SS.20180731.H2O.1","A00000030198","HIDS2052",-19.34,-150.02,0.02,0.11,0,"SIRFER Lab at University of Utah","OlSmE6RRn5QQH8tvUHmK5i/poYiQr6sd","OK",,
