uid,domainID,siteID,namedLocation,collectDate,parentSampleID,parentSampleCode,isotopeH2OSampleCond,isotopeH2OSampleID,isotopeH2OSampleCode,isotopePOMRep2SampleCond,isotopePOMRep2SampleID,isotopePOMRep2SampleCode,isotopePOMSampleCond,isotopePOMSampleID,isotopePOMSampleCode,processedDateFilters,processedDateH2OIsotopes,sampleVolumeFilteredPOMRep1,sampleVolumeFilteredPOMRep2,fieldDataQF
"b07724d7-9dd9-49af-9fd1-113a724a8bce","D18","OKSR","OKSR.AOS.S2","2018-07-03T18:32Z","OKSR.SS.20180703",,"Sample condition ok","OKSR.SS.20180703.H2O.1","A00000029997","Sample condition ok","OKSR.SS.20180703.POM.2","A00000030000","Sample condition ok","OKSR.SS.20180703.POM.1","A00000029999","2018-07-03T21:50Z","2018-07-03T21:50Z",750,750,
"cba11059-6bf0-41eb-b120-fcc70fdb3991","D18","OKSR","OKSR.AOS.S2","2018-07-10T17:59Z","OKSR.SS.20180710",,"Sample condition ok","OKSR.SS.20180710.H2O.1","A00000030252","Sample condition ok","OKSR.SS.20180710.POM.2","A00000030221","Sample condition ok","OKSR.SS.20180710.POM.1","A00000030220","2018-07-10T19:40Z","2018-07-10T19:40Z",750,750,
"04948afc-9d9b-4f5d-90ed-f146efc44075","D18","OKSR","OKSR.AOS.S2","2018-07-17T18:01Z","OKSR.SS.20180717",,"Sample condition ok","OKSR.SS.20180717.H2O.1","A00000030203","Sample condition ok","OKSR.SS.20180717.POM.2","A00000030206","Sample condition ok","OKSR.SS.20180717.POM.1","A00000030205","2018-07-17T21:24Z","2018-07-17T21:24Z",500,500,
"2009e256-ab0d-4cc6-8195-d0cbff30565b","D18","OKSR","OKSR.AOS.S2","2018-07-24T20:31Z","OKSR.SS.20180724",,"Sample condition ok","OKSR.SS.20180724.H2O.1","A00000030212","Sample condition ok","OKSR.SS.20180724.POM.2","A00000030210","Sample condition ok","OKSR.SS.20180724.POM.1","A00000030207","2018-07-24T23:06Z","2018-07-24T23:06Z",750,750,
"b8bf0bc2-01f7-488c-a18a-cb63865031d3","D18","OKSR","OKSR.AOS.S2","2018-07-31T19:15Z","OKSR.SS.20180731",,"Sample condition ok","OKSR.SS.20180731.H2O.1","A00000030198","Sample condition ok","OKSR.SS.20180731.POM.2","A00000030197","Sample condition ok","OKSR.SS.20180731.POM.1","A00000030196","2018-07-31T22:05Z","2018-07-31T22:05Z",750,750,
