uid,domainID,siteID,namedLocation,collectDate,sampleID,sampleCode,sampleCondition,laboratoryName,analysisDate,analyzedBy,sampleType,replicate,sampleVolumeFiltered,filterSize,percentFilterAnalyzed,analyte,analyteConcentration,plantAlgaeLabUnits,method,externalRemarks,externalLabDataQF
"621f6d10-6125-454a-a941-921c40afed32","D04","CUPE","CUPE.AOS.S2","2016-03-08","CUPE.SS.20160308.POM.2",,"condition ok","Academy of Natural Sciences of Drexel University","2017-02-13","OKgcKejxXbI=","13C15N","2",,,100,"d13C",-28.68,"perMill",,,
"c374a112-709a-4192-a168-b7d53de40776","D04","CUPE","CUPE.AOS.S2","2016-03-08","CUPE.SS.20160308.POM.2",,"condition ok","Academy of Natural Sciences of Drexel University","2017-02-13","OKgcKejxXbI=","13C15N","2",,,100,"d15N",-1.58,"perMill",,,
"2dcb8a7a-683b-49cc-bb5a-6129f148357b","D04","CUPE","CUPE.AOS.S2","2016-03-08","CUPE.SS.20160308.POM.1",,"condition ok","Academy of Natural Sciences of Drexel University","2017-01-24","OKgcKejxXbI=","13C15N","1",,,100,"d13C",-28.51,"perMill",,,
"175e0a01-7988-40c0-a468-c5d0a974ded0","D04","CUPE","CUPE.AOS.S2","2016-03-08","CUPE.SS.20160308.POM.1",,"condition ok","Academy of Natural Sciences of Drexel University","2017-01-24","OKgcKejxXbI=","13C15N","1",,,100,"d15N",2.18,"perMill",,,
"4fb6e933-0ee2-4a65-aae8-44fee8229183","D04","CUPE","CUPE.AOS.S2","2016-03-22","CUPE.SS.20160322.POM.1",,"condition ok","Academy of Natural Sciences of Drexel University","2017-01-24","OKgcKejxXbI=","13C15N","1",,,100,"d15N",1.55,"perMill",,,
"74dadf85-7b8e-4c8a-98b9-ebf3a9cdc8b6","D04","CUPE","CUPE.AOS.S2","2016-03-22","CUPE.SS.20160322.POM.1",,"condition ok","Academy of Natural Sciences of Drexel University","2017-01-24","OKgcKejxXbI=","13C15N","1",,,100,"d13C",-28.81,"perMill",,,
"0bca4ab4-6ae1-42d2-9c62-8965275c4bdb","D04","CUPE","CUPE.AOS.S2","2016-03-22","CUPE.SS.20160322.POM.2",,"condition ok","Academy of Natural Sciences of Drexel University","2017-02-13","OKgcKejxXbI=","13C15N","2",,,100,"d13C",-28.38,"perMill",,,
"2af0d7f7-a899-406f-998c-9df5e3ab5c0e","D04","CUPE","CUPE.AOS.S2","2016-03-22","CUPE.SS.20160322.POM.2",,"condition ok","Academy of Natural Sciences of Drexel University","2017-02-13","OKgcKejxXbI=","13C15N","2",,,100,"d15N",1.95,"perMill",,,
