uid,domainID,siteID,namedLocation,collectDate,sampleID,sampleCode,sampleCondition,laboratoryName,analysisDate,analyzedBy,sampleType,replicate,sampleVolumeFiltered,filterSize,percentFilterAnalyzed,analyte,analyteConcentration,plantAlgaeLabUnits,method,externalRemarks,externalLabDataQF
"f0e5d8e5-7139-44d1-af28-f86a9370b16f","D10","ARIK","ARIK.AOS.S2","2016-09-06","ARIK.SS.20160906.POM.2",,"condition ok","Academy of Natural Sciences of Drexel University","2017-06-01","OKgcKejxXbI=","13C15N","2",,,100,"d15N",3.80,"perMill",,"Difference in volume filtered",
"a195f9f6-c90d-4bfe-8a23-afe7384eb418","D10","ARIK","ARIK.AOS.S2","2016-09-06","ARIK.SS.20160906.POM.1",,"condition ok","Academy of Natural Sciences of Drexel University","2017-03-03","OKgcKejxXbI=","13C15N","1",,,100,"d13C",-28.25,"perMill",,"Difference in volume filtered",
"d2dc5dcd-1751-4840-8213-4759622b89b1","D10","ARIK","ARIK.AOS.S2","2016-09-06","ARIK.SS.20160906.POM.1",,"condition ok","Academy of Natural Sciences of Drexel University","2017-03-03","OKgcKejxXbI=","13C15N","1",,,100,"d15N",4.11,"perMill",,"Difference in volume filtered",
"8f793bf4-98a2-4f19-bfec-2ab564ee5c6d","D10","ARIK","ARIK.AOS.S2","2016-09-06","ARIK.SS.20160906.POM.2",,"condition ok","Academy of Natural Sciences of Drexel University","2017-06-01","OKgcKejxXbI=","13C15N","2",,,100,"d13C",-29.40,"perMill",,"Difference in volume filtered",
