uid,domainID,siteID,namedLocation,collectDate,parentSampleID,parentSampleCode,isotopeH2OSampleCond,isotopeH2OSampleID,isotopeH2OSampleCode,isotopePOMRep2SampleCond,isotopePOMRep2SampleID,isotopePOMRep2SampleCode,isotopePOMSampleCond,isotopePOMSampleID,isotopePOMSampleCode,processedDateFilters,processedDateH2OIsotopes,sampleVolumeFilteredPOMRep1,sampleVolumeFilteredPOMRep2,fieldDataQF
"05edd25d-e22a-4961-a362-0b06f5fcc3c9","D15","REDB","REDB.AOS.S2","2017-05-02T17:33Z","REDB.SS.20170502",,"Sample condition ok","REDB.SS.20170502.H2O.1",,"Sample condition ok","REDB.SS.20170502.POM.2",,"Sample condition ok","REDB.SS.20170502.POM.1",,"2017-05-02T17:17Z","2017-05-02T17:17Z",100,102,
"f5f4b361-4f79-409e-b426-91365473347b","D15","REDB","REDB.AOS.S2","2017-05-11T16:44Z","REDB.SS.20170511",,"Sample condition ok","REDB.SS.20170511.H2O.1",,"Sample condition ok","REDB.SS.20170511.POM.2",,"Sample condition ok","REDB.SS.20170511.POM.1",,"2017-05-11T16:44Z","2017-05-11T16:45Z",102,100,
"94d30a88-28a2-4010-b1b9-a4901115fbb3","D15","REDB","REDB.AOS.S2","2017-05-16T15:43Z","REDB.SS.20170516",,"Sample condition ok","REDB.SS.20170516.H2O.1",,"Sample condition ok","REDB.SS.20170516.POM.2",,"Sample condition ok","REDB.SS.20170516.POM.1",,"2017-05-16T16:32Z","2017-05-16T15:45Z",100,102,
"9ccaf341-86b1-4d4b-a57a-8666be3564a0","D15","REDB","REDB.AOS.S2","2017-05-23T16:42Z","REDB.SS.20170523",,"Sample condition ok","REDB.SS.20170523.H2O.1",,"Sample condition ok","REDB.SS.20170523.POM.2",,"Sample condition ok","REDB.SS.20170523.POM.1",,"2017-05-23T16:43Z","2017-05-23T16:41Z",100,100,
"d2778cd7-75bb-457c-b5f8-676e236a46c3","D15","REDB","REDB.AOS.S2","2017-05-30T18:00Z","REDB.SS.20170530",,,"REDB.SS.20170530.H2O.1",,,"REDB.SS.20170530.POM.1",,,"REDB.SS.20170530.POM.2",,"2017-05-30T18:00Z","2017-05-30T18:00Z",100,100,
