uid,domainID,siteID,namedLocation,decimalLatitude,decimalLongitude,coordinateUncertainty,additionalCoordUncertainty,elevation,elevationUncertainty,geodeticDatum,altLocation,altLatitude,altLongitude,altCoordinateUncertainty,altGeodeticDatum,collectDate,aquaticSiteType,samplingImpractical,parentSampleID,parentSampleCode,eventID,samplerType,dissolvedOxygen,dissolvedOxygenSaturation,specificConductance,waterTemp,asiSamplingProtocolVersion,lowerSegmentDepth,upperSegmentDepth,maxDepth,lakeSampleDepth1,lakeSampleDepth2,aCollectedBy,bCollectedBy,remarks,fieldDataQF
"6293f473-ffe5-49a2-bbc6-c64779e31bee","D15","REDB","REDB.AOS.S2",40.783660,-111.798110,0.1,,1688.6,0.0,"WGS84",,,,,,"2017-05-02T17:33Z","stream",,"REDB.SS.20170502",,"REDB.20170502",,10.36,102.80,503.00,7.00,"NEON.DOC.001886vE",,,,,,"bjohnston@battelleecology.org","awalker@battelleecology.org",,
"0d19127c-4d02-4d76-b69b-32deb672a3d1","D15","REDB","REDB.AOS.S2",40.783660,-111.798110,0.1,,1688.6,0.0,"WGS84",,,,,,"2017-05-11T16:44Z","stream",,"REDB.SS.20170511",,"REDB.20170511","Grab",12.84,122.10,546.00,8.40,"NEON.DOC.001886vE",,,,,,"bjohnston@battelleecology.org","Kfavero@field-ops.org","Stable isotopes collected under neon.doc.001199vJ. Data unaffected: field processing happens immediately after collection and no change to barometric pressure between the two actions.",
"ec1e35f3-a983-41a0-ac5c-bbc7825b636f","D15","REDB","REDB.AOS.S2",40.783660,-111.798110,0.1,,1688.6,0.0,"WGS84",,,,,,"2017-05-16T15:43Z","stream",,"REDB.SS.20170516",,"REDB.20170516","Grab",10.30,109.00,558.00,7.30,"NEON.DOC.001886vE",,,,,,"Zgordon@battelleecology.org","Kfavero@field-ops.org",,
"eeb2b8cd-84bf-4174-ae3b-c25018bdd952","D15","REDB","REDB.AOS.S2",40.783660,-111.798110,0.1,,1688.6,0.0,"WGS84",,,,,,"2017-05-23T16:42Z","stream",,"REDB.SS.20170523",,"REDB.20170523","Grab",13.31,119.90,566.00,8.00,"NEON.DOC.001886vE",,,,,,"Kfavero@field-ops.org","bjohnston@battelleecology.org",,
"187b4541-0db1-4b95-9df0-1d284c534563","D15","REDB","REDB.AOS.S2",40.783660,-111.798110,0.1,,1688.6,0.0,"WGS84",,,,,,"2017-05-30T18:00Z","stream",,"REDB.SS.20170530",,,"Grab",,,,,,,,,,,,,,
