uid,domainID,siteID,namedLocation,collectDate,sampleID,sampleCode,sampleCondition,laboratoryName,analysisDate,analyzedBy,sampleType,replicate,sampleVolumeFiltered,filterSize,percentFilterAnalyzed,analyte,analyteConcentration,plantAlgaeLabUnits,method,externalRemarks,externalLabDataQF
"acd990a4-5d49-45a0-95d1-640096043303","D15","REDB","REDB.AOS.S2","2017-05-02","REDB.SS.20170502.POM.1",,"condition ok","SIRFER Lab at University of Utah","2018-07-05","ElFtGy1kV49xqNP00HfxQA==","POM","1",100,25,100,"carbon",1825.21,"microgramsPerLiter","Revesz & Coplen 2012a",,
"c7919675-d0db-4016-9244-8fc654001725","D15","REDB","REDB.AOS.S2","2017-05-02","REDB.SS.20170502.POM.1",,"condition ok","SIRFER Lab at University of Utah","2018-07-05","ElFtGy1kV49xqNP00HfxQA==","POM","1",100,25,100,"d13C",-23.61,"perMill","Revesz & Coplen 2012a",,
"7c784872-5238-46a5-a131-0e662c56c590","D15","REDB","REDB.AOS.S2","2017-05-02","REDB.SS.20170502.POM.1",,"condition ok","SIRFER Lab at University of Utah","2018-07-05","ElFtGy1kV49xqNP00HfxQA==","POM","1",100,25,100,"nitrogen",69.29,"microgramsPerLiter","Revesz & Coplen 2012a",,
"19dd064f-4b91-428b-96f7-15636425c568","D15","REDB","REDB.AOS.S2","2017-05-02","REDB.SS.20170502.POM.1",,"condition ok","SIRFER Lab at University of Utah","2018-07-05","ElFtGy1kV49xqNP00HfxQA==","POM","1",100,25,100,"d15N",2.16,"perMill","Revesz & Coplen 2012a",,
"06aa68dc-bebf-44e6-baa5-bc85c4d1e420","D15","REDB","REDB.AOS.S2","2017-05-11","REDB.SS.20170511.POM.1",,"condition ok","SIRFER Lab at University of Utah","2018-07-05","ElFtGy1kV49xqNP00HfxQA==","POM","1",102,25,100,"d13C",-22.56,"perMill","Revesz & Coplen 2012a",,
"43e6b868-a6d7-41ce-ac88-223812dcdefb","D15","REDB","REDB.AOS.S2","2017-05-11","REDB.SS.20170511.POM.1",,"condition ok","SIRFER Lab at University of Utah","2018-07-05","ElFtGy1kV49xqNP00HfxQA==","POM","1",102,25,100,"d15N",2.46,"perMill","Revesz & Coplen 2012a",,
"abb8c615-aca8-429a-aa9c-cae4f7e62e72","D15","REDB","REDB.AOS.S2","2017-05-11","REDB.SS.20170511.POM.1",,"condition ok","SIRFER Lab at University of Utah","2018-07-05","ElFtGy1kV49xqNP00HfxQA==","POM","1",102,25,100,"carbon",2915.74,"microgramsPerLiter","Revesz & Coplen 2012a",,
"b22a7284-f917-4f4a-a001-0c58e8915b20","D15","REDB","REDB.AOS.S2","2017-05-11","REDB.SS.20170511.POM.1",,"condition ok","SIRFER Lab at University of Utah","2018-07-05","ElFtGy1kV49xqNP00HfxQA==","POM","1",102,25,100,"nitrogen",100.76,"microgramsPerLiter","Revesz & Coplen 2012a",,
"a5265086-8e3b-46fb-9f16-f3225e31099b","D15","REDB","REDB.AOS.S2","2017-05-16","REDB.SS.20170516.POM.1",,"condition ok","SIRFER Lab at University of Utah","2018-07-05","ElFtGy1kV49xqNP00HfxQA==","POM","1",100,25,100,"d13C",-22.25,"perMill","Revesz & Coplen 2012a",,
"5c763543-d215-493a-a030-7ba2eace9795","D15","REDB","REDB.AOS.S2","2017-05-16","REDB.SS.20170516.POM.1",,"condition ok","SIRFER Lab at University of Utah","2018-07-05","ElFtGy1kV49xqNP00HfxQA==","POM","1",100,25,100,"carbon",2004.86,"microgramsPerLiter","Revesz & Coplen 2012a",,
"4fcdc749-3b9c-42c5-98e5-7d9ffcb476a9","D15","REDB","REDB.AOS.S2","2017-05-16","REDB.SS.20170516.POM.1",,"condition ok","SIRFER Lab at University of Utah","2018-07-05","ElFtGy1kV49xqNP00HfxQA==","POM","1",100,25,100,"d15N",1.54,"perMill","Revesz & Coplen 2012a",,
"0d2812b3-e795-4aca-9211-09a8b23f76c2","D15","REDB","REDB.AOS.S2","2017-05-16","REDB.SS.20170516.POM.1",,"condition ok","SIRFER Lab at University of Utah","2018-07-05","ElFtGy1kV49xqNP00HfxQA==","POM","1",100,25,100,"nitrogen",69.71,"microgramsPerLiter","Revesz & Coplen 2012a",,
"0ca80cf4-50e3-4856-bef2-d4f1ef48c9da","D15","REDB","REDB.AOS.S2","2017-05-23","REDB.SS.20170523.POM.1",,"condition ok","SIRFER Lab at University of Utah","2018-07-05","ElFtGy1kV49xqNP00HfxQA==","POM","1",100,25,100,"carbon",1599.16,"microgramsPerLiter","Revesz & Coplen 2012a",,
"13a46c96-f9d7-4929-813d-2c3a94cd25bc","D15","REDB","REDB.AOS.S2","2017-05-23","REDB.SS.20170523.POM.1",,"condition ok","SIRFER Lab at University of Utah","2018-07-05","ElFtGy1kV49xqNP00HfxQA==","POM","1",100,25,100,"nitrogen",51.88,"microgramsPerLiter","Revesz & Coplen 2012a",,
"534fcb85-8b28-4dd8-8002-32e26f48b802","D15","REDB","REDB.AOS.S2","2017-05-23","REDB.SS.20170523.POM.1",,"condition ok","SIRFER Lab at University of Utah","2018-07-05","ElFtGy1kV49xqNP00HfxQA==","POM","1",100,25,100,"d15N",7.35,"perMill","Revesz & Coplen 2012a",,
"c1abf364-7707-4f10-afc7-fba9f18d1610","D15","REDB","REDB.AOS.S2","2017-05-23","REDB.SS.20170523.POM.1",,"condition ok","SIRFER Lab at University of Utah","2018-07-05","ElFtGy1kV49xqNP00HfxQA==","POM","1",100,25,100,"d13C",-22.55,"perMill","Revesz & Coplen 2012a",,
"1153d121-8513-42b4-837e-d43095cbce0e","D15","REDB","REDB.AOS.S2","2017-05-30","REDB.SS.20170530.POM.1",,"condition ok","SIRFER Lab at University of Utah","2018-07-05","ElFtGy1kV49xqNP00HfxQA==","POM","1",100,25,100,"d13C",-23.24,"perMill","Revesz & Coplen 2012a",,
"9fdd642c-0697-4626-a393-a69747f3ae14","D15","REDB","REDB.AOS.S2","2017-05-30","REDB.SS.20170530.POM.1",,"condition ok","SIRFER Lab at University of Utah","2018-07-05","ElFtGy1kV49xqNP00HfxQA==","POM","1",100,25,100,"d15N",3.70,"perMill","Revesz & Coplen 2012a",,
"6ede720f-3b1c-406a-a674-6ab46cdbe167","D15","REDB","REDB.AOS.S2","2017-05-30","REDB.SS.20170530.POM.1",,"condition ok","SIRFER Lab at University of Utah","2018-07-05","ElFtGy1kV49xqNP00HfxQA==","POM","1",100,25,100,"nitrogen",107.00,"microgramsPerLiter","Revesz & Coplen 2012a",,
"a473e148-0df9-4fea-ac86-ccfb148b6eed","D15","REDB","REDB.AOS.S2","2017-05-30","REDB.SS.20170530.POM.1",,"condition ok","SIRFER Lab at University of Utah","2018-07-05","ElFtGy1kV49xqNP00HfxQA==","POM","1",100,25,100,"carbon",1376.09,"microgramsPerLiter","Revesz & Coplen 2012a",,
