uid,domainID,siteID,namedLocation,collectDate,sampleID,sampleCode,sampleCondition,laboratoryName,analysisDate,analyzedBy,sampleType,replicate,sampleVolumeFiltered,filterSize,percentFilterAnalyzed,analyte,analyteConcentration,plantAlgaeLabUnits,method,externalRemarks,externalLabDataQF
"eba4ede6-814b-4211-bc0c-ba68a9c31c21","D02","LEWI","LEWI.AOS.S2","2016-12-07","LEWI.SS.20161207.POM.1",,"condition ok","SIRFER Lab at University of Utah","2018-03-05","ElFtGy1kV49xqNP00HfxQA==","POM","1",700,25,100,"d13C",-27.72,"perMill","Revesz & Coplen 2012a",,
"6688b335-4d56-4250-9763-05600fba7ba5","D02","LEWI","LEWI.AOS.S2","2016-12-07","LEWI.SS.20161207.POM.1",,"condition ok","SIRFER Lab at University of Utah","2018-03-05","ElFtGy1kV49xqNP00HfxQA==","POM","1",700,25,100,"nitrogen",20.97,"microgramsPerLiter","Revesz & Coplen 2012a",,
"68e27b7b-8ede-447d-b3fd-293b4b09353f","D02","LEWI","LEWI.AOS.S2","2016-12-07","LEWI.SS.20161207.POM.1",,"condition ok","SIRFER Lab at University of Utah","2018-03-05","ElFtGy1kV49xqNP00HfxQA==","POM","1",700,25,100,"d15N",6.19,"perMill","Revesz & Coplen 2012a",,
"da859baa-0fa5-40d9-84af-dc7b0013bfc0","D02","LEWI","LEWI.AOS.S2","2016-12-07","LEWI.SS.20161207.POM.1",,"condition ok","SIRFER Lab at University of Utah","2018-03-05","ElFtGy1kV49xqNP00HfxQA==","POM","1",700,25,100,"carbon",180.70,"microgramsPerLiter","Revesz & Coplen 2012a",,
