uid,domainID,siteID,namedLocation,collectDate,sampleID,sampleCode,sampleCondition,laboratoryName,analysisDate,analyzedBy,sampleType,replicate,sampleVolumeFiltered,filterSize,percentFilterAnalyzed,analyte,analyteConcentration,plantAlgaeLabUnits,method,externalRemarks,externalLabDataQF
"c307f980-a930-41c1-8a74-1fdc786f9692","D07","WALK","WALK.AOS.S2","2017-01-04","WALK.SS.20170104.POM.1",,"condition ok","Academy of Natural Sciences of Drexel University","2017-05-25","OKgcKejxXbI=","13C15N","1",,,100,"d15N",3.68,"perMill",,,
"f9790b00-2d8c-4a12-8ab7-452da6e9f3b5","D07","WALK","WALK.AOS.S2","2017-01-04","WALK.SS.20170104.POM.2",,"other","Academy of Natural Sciences of Drexel University","2017-06-14","OKgcKejxXbI=","13C15N","2",,,100,"d15N",,"perMill",,"analysis corrupted during run",
"29e67a0a-9bf6-4bf0-b76f-f7df7a7856eb","D07","WALK","WALK.AOS.S2","2017-01-04","WALK.SS.20170104.POM.1",,"condition ok","Academy of Natural Sciences of Drexel University","2017-05-25","OKgcKejxXbI=","13C15N","1",,,100,"d13C",-28.56,"perMill",,,
"eec63e63-34e1-4239-90cd-932280a94e33","D07","WALK","WALK.AOS.S2","2017-01-04","WALK.SS.20170104.POM.2",,"other","Academy of Natural Sciences of Drexel University","2017-06-14","OKgcKejxXbI=","13C15N","2",,,100,"d13C",,"perMill",,"analysis corrupted during run",
"2d34d669-b25e-4a17-b18a-f250f8b720f0","D07","WALK","WALK.AOS.S2","2017-01-16","WALK.SS.20170116.POM.2",,"other","Academy of Natural Sciences of Drexel University","2017-06-14","OKgcKejxXbI=","13C15N","2",,,100,"d13C",,"perMill",,"analysis corrupted during run",
"55651e97-93b9-4fd9-8d22-1025d9fb7bd9","D07","WALK","WALK.AOS.S2","2017-01-16","WALK.SS.20170116.POM.1",,"condition ok","Academy of Natural Sciences of Drexel University","2017-05-25","OKgcKejxXbI=","13C15N","1",,,100,"d13C",-29.76,"perMill",,,
"07cb2882-7a7a-4c82-a668-630eeb94e889","D07","WALK","WALK.AOS.S2","2017-01-16","WALK.SS.20170116.POM.1",,"condition ok","Academy of Natural Sciences of Drexel University","2017-05-25","OKgcKejxXbI=","13C15N","1",,,100,"d15N",-1.13,"perMill",,,
"e9eb70e3-1fa6-4923-ad73-4e29b5520380","D07","WALK","WALK.AOS.S2","2017-01-16","WALK.SS.20170116.POM.2",,"other","Academy of Natural Sciences of Drexel University","2017-06-14","OKgcKejxXbI=","13C15N","2",,,100,"d15N",,"perMill",,"analysis corrupted during run",
"c15fe957-cf28-4b43-a79a-660042781a4f","D07","WALK","WALK.AOS.S2","2017-01-24","WALK.SS.20170124.POM.1",,"condition ok","Academy of Natural Sciences of Drexel University","2017-05-25","OKgcKejxXbI=","13C15N","1",,,100,"d15N",-1.84,"perMill",,,
"ac9438fc-4fb1-47e9-b92b-d45ca8379fc5","D07","WALK","WALK.AOS.S2","2017-01-24","WALK.SS.20170124.POM.2",,"other","Academy of Natural Sciences of Drexel University","2017-06-14","OKgcKejxXbI=","13C15N","2",,,100,"d13C",,"perMill",,"analysis corrupted during run",
"1e08497d-6a42-4058-b5c7-db5909e2bd18","D07","WALK","WALK.AOS.S2","2017-01-24","WALK.SS.20170124.POM.1",,"condition ok","Academy of Natural Sciences of Drexel University","2017-05-25","OKgcKejxXbI=","13C15N","1",,,100,"d13C",-28.81,"perMill",,,
"e855a71f-1f7b-4e86-a362-bf98a253065d","D07","WALK","WALK.AOS.S2","2017-01-24","WALK.SS.20170124.POM.2",,"other","Academy of Natural Sciences of Drexel University","2017-06-14","OKgcKejxXbI=","13C15N","2",,,100,"d15N",,"perMill",,"analysis corrupted during run",
"bbbe3b95-f279-429e-8521-6f9a3ad8ea32","D07","WALK","WALK.AOS.S2","2017-01-30","WALK.SS.20170130.POM.1",,"condition ok","Academy of Natural Sciences of Drexel University","2017-05-25","OKgcKejxXbI=","13C15N","1",,,100,"d13C",-29.37,"perMill",,,
"083d00c8-d0b2-4307-ae19-e2b17a78aa25","D07","WALK","WALK.AOS.S2","2017-01-30","WALK.SS.20170130.POM.2",,"other","Academy of Natural Sciences of Drexel University","2017-06-14","OKgcKejxXbI=","13C15N","2",,,100,"d15N",,"perMill",,"analysis corrupted during run",
"e19b672f-e33a-4aa8-85b6-7ccd773ac3a0","D07","WALK","WALK.AOS.S2","2017-01-30","WALK.SS.20170130.POM.2",,"other","Academy of Natural Sciences of Drexel University","2017-06-14","OKgcKejxXbI=","13C15N","2",,,100,"d13C",,"perMill",,"analysis corrupted during run",
"8c3a5bca-e35d-44f3-b648-b22946494628","D07","WALK","WALK.AOS.S2","2017-01-30","WALK.SS.20170130.POM.1",,"condition ok","Academy of Natural Sciences of Drexel University","2017-05-25","OKgcKejxXbI=","13C15N","1",,,100,"d15N",2.07,"perMill",,,
