uid,domainID,siteID,namedLocation,collectDate,parentSampleID,parentSampleCode,isotopeH2OSampleCond,isotopeH2OSampleID,isotopeH2OSampleCode,isotopePOMRep2SampleCond,isotopePOMRep2SampleID,isotopePOMRep2SampleCode,isotopePOMSampleCond,isotopePOMSampleID,isotopePOMSampleCode,processedDateFilters,processedDateH2OIsotopes,sampleVolumeFilteredPOMRep1,sampleVolumeFilteredPOMRep2,fieldDataQF
"b596aa3e-05b6-4fcf-9619-103e733927d4","D07","WALK","WALK.AOS.S2","2017-01-04T15:30Z","WALK.SS.20170104",,,"WALK.SS.20170104.H2O.1",,,"WALK.SS.20170104.POM.2",,,"WALK.SS.20170104.POM.1",,"2017-01-04T17:00Z","2017-01-04T15:30Z",1000,1000,
"31aa67db-ef2c-4f05-ba80-014ee5c4c03e","D07","WALK","WALK.AOS.S2","2017-01-16T14:15Z","WALK.SS.20170116",,,"WALK.SS.20170116.H2O.1",,,"WALK.SS.20170116.POM.2",,,"WALK.SS.20170116.POM.1",,"2017-01-16T15:15Z","2017-01-16T15:15Z",700,700,
"4d152354-3109-4d69-ba89-2eef1b82a2b3","D07","WALK","WALK.AOS.S2","2017-01-24T14:45Z","WALK.SS.20170124",,,"WALK.SS.20170124.H2O.1",,,"WALK.SS.20170124.POM.2",,,"WALK.SS.20170124.POM.1",,"2017-01-25T16:00Z","2017-01-25T14:30Z",500,500,
"827be125-52de-446f-80ee-de8439793038","D07","WALK","WALK.AOS.S2","2017-01-30T14:45Z","WALK.SS.20170130",,,"WALK.SS.20170130.H2O.1",,,"WALK.SS.20170130.POM.2",,,"WALK.SS.20170130.POM.1",,"2017-01-30T16:00Z","2017-01-30T14:45Z",800,800,
