uid,domainID,siteID,namedLocation,collectDate,analysisDate,isotopeH2OSampleID,isotopeH2OSampleCode,instrumentSN,d18OWater,d2HWater,d18OsdWater,d2HsdWater,isotopeH2OExternalLabQF,laboratoryName,analyzedBy,sampleCondition,externalRemarks,externalLabDataQF
"923f23fe-631e-4d0b-8d4d-2df1edd351a7","D07","WALK","WALK.AOS.S2","2017-01-04","2017-02-24","WALK.SS.20170104.H2O.1",,"HIDS2052",-6.10,-35.05,0.06,0.12,0,"SIRFER Lab at University of Utah","OlSmE6RRn5QQH8tvUHmK5i/poYiQr6sd","OK",,
"5a12ef81-d6c0-4415-9158-bfa264990d79","D07","WALK","WALK.AOS.S2","2017-01-16","2017-02-24","WALK.SS.20170116.H2O.1",,"HIDS2052",-6.07,-35.17,0.04,0.07,0,"SIRFER Lab at University of Utah","OlSmE6RRn5QQH8tvUHmK5i/poYiQr6sd","OK",,
"bb89d532-c33d-4297-946a-91738a334d78","D07","WALK","WALK.AOS.S2","2017-01-24","2017-02-24","WALK.SS.20170124.H2O.1",,"HIDS2052",-6.12,-35.12,0.02,0.05,0,"SIRFER Lab at University of Utah","OlSmE6RRn5QQH8tvUHmK5i/poYiQr6sd","OK",,
"cda33d98-92a4-4e49-a07a-1944a1411908","D07","WALK","WALK.AOS.S2","2017-01-30","2017-03-29","WALK.SS.20170130.H2O.1",,"HIDS2046",-6.26,-35.41,0.03,0.12,0,"SIRFER Lab at University of Utah","OlSmE6RRn5QQH8tvUHmK5i/poYiQr6sd","OK",,
