uid,domainID,siteID,namedLocation,decimalLatitude,decimalLongitude,coordinateUncertainty,additionalCoordUncertainty,elevation,elevationUncertainty,geodeticDatum,altLocation,altLatitude,altLongitude,altCoordinateUncertainty,altGeodeticDatum,collectDate,aquaticSiteType,samplingImpractical,parentSampleID,parentSampleCode,eventID,samplerType,dissolvedOxygen,dissolvedOxygenSaturation,specificConductance,waterTemp,asiSamplingProtocolVersion,lowerSegmentDepth,upperSegmentDepth,maxDepth,lakeSampleDepth1,lakeSampleDepth2,aCollectedBy,bCollectedBy,remarks,fieldDataQF
"7bd2bca7-c77f-4f65-85f2-43e60ef8b291","D07","WALK","WALK.AOS.S2",35.957219,-84.279211,0.3,10.0,261.7,0.3,"WGS84",,,,,,"2017-01-04T15:30Z","stream",,"WALK.SS.20170104",,"WALK.20170104","Grab",10.28,94.20,151.40,11.40,"NEON.DOC.001886vD",,,,,,"abradner@neoninc.org","pharnage@neoninc.org",,
"78227c03-305d-4d94-97b9-8d8010d646e1","D07","WALK","WALK.AOS.S2",35.957219,-84.279211,0.3,10.0,261.7,0.3,"WGS84",,,,,,"2017-01-16T14:15Z","stream",,"WALK.SS.20170116",,"WALK.20170116","Grab",9.60,90.30,189.30,12.70,"NEON.DOC.001886vD",,,,,,"pharnage@neoninc.org","abradner@neoninc.org",,
"66df5825-8fc8-4574-ac24-221cdb2af3e4","D07","WALK","WALK.AOS.S2",35.957219,-84.279211,0.3,10.0,261.7,0.3,"WGS84",,,,,,"2017-01-24T14:45Z","stream",,"WALK.SS.20170124",,"WALK.20170124","Grab",9.80,90.20,119.20,11.70,"NEON.DOC.001886vD",,,,,,"abradner@neoninc.org","pharnage@neoninc.org","DO membrane may need replacement",
"f48184fe-ca09-482d-99fd-10ab600eff0b","D07","WALK","WALK.AOS.S2",35.957219,-84.279211,0.3,10.0,261.7,0.3,"WGS84",,,,,,"2017-01-30T14:45Z","stream",,"WALK.SS.20170130",,"WALK.20170130","Grab",11.10,99.50,,8.60,"NEON.DOC.001886vD",,,,,,"abradner@neoninc.org","pharnage@neoninc.org","Specific conductance ranged from 120-170 and would not stabilize long enough to record. YSI will be calibrated in attempt to resolve the issue.",
