uid,domainID,siteID,namedLocation,collectDate,sampleID,sampleCode,sampleCondition,laboratoryName,analysisDate,analyzedBy,sampleType,replicate,sampleVolumeFiltered,filterSize,percentFilterAnalyzed,analyte,analyteConcentration,plantAlgaeLabUnits,method,externalRemarks,externalLabDataQF
"21cdf818-8f1a-48b0-b74b-1eda50f381be","D16","MART","MART.AOS.S2","2018-06-12","MART.SS.20180612.POM.1","A00000024692","condition ok","SIRFER Lab at University of Utah","2018-09-24","ElFtGy1kV49xqNP00HfxQA==","POM","1",1500,25,100,"d13C",-23.11,"perMill","Revesz & Coplen 2012a",,
"2975b38e-c56c-4340-a9d1-10e790bca2c4","D16","MART","MART.AOS.S2","2018-06-12","MART.SS.20180612.POM.1","A00000024692","condition ok","SIRFER Lab at University of Utah","2018-09-24","ElFtGy1kV49xqNP00HfxQA==","POM","1",1500,25,100,"nitrogen",8.13,"microgramsPerLiter","Revesz & Coplen 2012a",,
"ed30c0c3-5170-40a9-8c83-20051f5dae91","D16","MART","MART.AOS.S2","2018-06-12","MART.SS.20180612.POM.1","A00000024692","condition ok","SIRFER Lab at University of Utah","2018-09-24","ElFtGy1kV49xqNP00HfxQA==","POM","1",1500,25,100,"d15N",4.70,"perMill","Revesz & Coplen 2012a",,
"78b6e829-cfca-4425-9889-5291325921ab","D16","MART","MART.AOS.S2","2018-06-12","MART.SS.20180612.POM.1","A00000024692","condition ok","SIRFER Lab at University of Utah","2018-09-24","ElFtGy1kV49xqNP00HfxQA==","POM","1",1500,25,100,"carbon",71.37,"microgramsPerLiter","Revesz & Coplen 2012a",,
"4af40317-b915-4a32-aaa4-4f643c2a9e50","D16","MART","MART.AOS.S2","2018-06-21","MART.SS.20180621.POM.1","A00000024560","condition ok","SIRFER Lab at University of Utah","2018-09-24","ElFtGy1kV49xqNP00HfxQA==","POM","1",1700,25,100,"carbon",82.35,"microgramsPerLiter","Revesz & Coplen 2012a",,
"7427b634-c03c-4a6f-afaa-414cc984341f","D16","MART","MART.AOS.S2","2018-06-21","MART.SS.20180621.POM.1","A00000024560","condition ok","SIRFER Lab at University of Utah","2018-09-24","ElFtGy1kV49xqNP00HfxQA==","POM","1",1700,25,100,"nitrogen",6.78,"microgramsPerLiter","Revesz & Coplen 2012a",,
"5c25de51-39ac-40fe-98f1-53ed624f1181","D16","MART","MART.AOS.S2","2018-06-21","MART.SS.20180621.POM.1","A00000024560","condition ok","SIRFER Lab at University of Utah","2018-09-24","ElFtGy1kV49xqNP00HfxQA==","POM","1",1700,25,100,"d13C",-29.02,"perMill","Revesz & Coplen 2012a",,
"f4c734fd-1b02-40a0-9046-c9e386b754e0","D16","MART","MART.AOS.S2","2018-06-21","MART.SS.20180621.POM.1","A00000024560","condition ok","SIRFER Lab at University of Utah","2018-09-24","ElFtGy1kV49xqNP00HfxQA==","POM","1",1700,25,100,"d15N",3.30,"perMill","Revesz & Coplen 2012a",,
