uid,domainID,siteID,namedLocation,collectDate,sampleID,sampleCode,sampleCondition,laboratoryName,analysisDate,analyzedBy,sampleType,replicate,sampleVolumeFiltered,filterSize,percentFilterAnalyzed,analyte,analyteConcentration,plantAlgaeLabUnits,method,externalRemarks,externalLabDataQF
"d5513478-6d66-40d3-9bf7-f14669b74543","D05","LIRO","LIRO.AOS.buoy.c0","2018-03-06","LIRO.C0.20180306.POM.1",,"condition ok","SIRFER Lab at University of Utah","2018-08-14","ElFtGy1kV49xqNP00HfxQA==","POM","1",300,25,100,"carbon",261.63,"microgramsPerLiter","Revesz & Coplen 2012a",,
"10c0488e-2b50-46ca-8718-45326f4a42d6","D05","LIRO","LIRO.AOS.buoy.c0","2018-03-06","LIRO.C0.20180306.POM.1",,"condition ok","SIRFER Lab at University of Utah","2018-08-14","ElFtGy1kV49xqNP00HfxQA==","POM","1",300,25,100,"d13C",-33.39,"perMill","Revesz & Coplen 2012a",,
"129fb448-c5ac-4c3b-b078-9409a23b452f","D05","LIRO","LIRO.AOS.buoy.c0","2018-03-06","LIRO.C0.20180306.POM.1",,"condition ok","SIRFER Lab at University of Utah","2018-08-14","ElFtGy1kV49xqNP00HfxQA==","POM","1",300,25,100,"nitrogen",31.69,"microgramsPerLiter","Revesz & Coplen 2012a",,
"c2516373-d978-473b-b24d-99735d69bdb3","D05","LIRO","LIRO.AOS.buoy.c0","2018-03-06","LIRO.C0.20180306.POM.1",,"condition ok","SIRFER Lab at University of Utah","2018-08-14","ElFtGy1kV49xqNP00HfxQA==","POM","1",300,25,100,"d15N",6.95,"perMill","Revesz & Coplen 2012a",,
