uid,domainID,siteID,namedLocation,collectDate,sampleID,sampleCode,sampleCondition,laboratoryName,analysisDate,analyzedBy,sampleType,replicate,sampleVolumeFiltered,filterSize,percentFilterAnalyzed,analyte,analyteConcentration,plantAlgaeLabUnits,method,externalRemarks,externalLabDataQF
"ebdc69ff-343a-44a8-a9b3-46eb749a4428","D09","PRLA","PRLA.AOS.inlet","2015-09-02","PRLA.IN.20150902.POM.2",,"other","Academy of Natural Sciences of Drexel University","2017-05-17","OKgcKejxXbI=","13C15N","2",,,50,"d15N",4.83,"perMill",,"Filter stained blue and folded poorly which led to spillage",
"f9fcfe25-cbf6-4059-ac9e-8303840a1b74","D09","PRLA","PRLA.AOS.inlet","2015-09-02","PRLA.IN.20150902.POM.2",,"other","Academy of Natural Sciences of Drexel University","2017-05-17","OKgcKejxXbI=","13C15N","2",,,50,"d13C",,"perMill",,"Filter stained blue, sample maxed out collector",
"26fa0084-36ca-4f87-98fe-76b537a37584","D09","PRLA","PRLA.AOS.inlet","2015-09-02","PRLA.IN.20150902.POM.1",,"other","Academy of Natural Sciences of Drexel University","2017-01-31","OKgcKejxXbI=","13C15N","1",,,100,"d13C",,"perMill",,"Filter stained blue, sample maxed out collector",
"bf67b372-ba1c-4b82-95e2-2dd0a4eb4d5d","D09","PRLA","PRLA.AOS.inlet","2015-09-02","PRLA.IN.20150902.POM.1",,"other","Academy of Natural Sciences of Drexel University","2017-01-31","OKgcKejxXbI=","13C15N","1",,,100,"d15N",3.84,"perMill",,"Filter stained blue and folded poorly which led to spillage",
"e0bdd0d0-1635-4707-a238-6368666d0f6f","D09","PRLA","PRLA.AOS.buoy.c0","2015-09-02","PRLA.C0.20150902.POM.2",,"other","Academy of Natural Sciences of Drexel University","2017-05-17","OKgcKejxXbI=","13C15N","2",,,50,"d15N",3.71,"perMill",,"Difference in volume filtered, filter stained blue and folded poorly which led to spillage",
"ec04c6b1-76dc-4d34-a221-d8a93a871027","D09","PRLA","PRLA.AOS.buoy.c0","2015-09-02","PRLA.C0.20150902.POM.1",,"other","Academy of Natural Sciences of Drexel University","2017-01-31","OKgcKejxXbI=","13C15N","1",,,100,"d15N",3.63,"perMill",,"Difference in volume filtered, filter stained blue and folded poorly which led to spillage",
"5d158314-d589-4fff-a7ce-0714b588fd80","D09","PRLA","PRLA.AOS.buoy.c0","2015-09-02","PRLA.C0.20150902.POM.2",,"other","Academy of Natural Sciences of Drexel University","2017-05-17","OKgcKejxXbI=","13C15N","2",,,50,"d13C",,"perMill",,"Filter stained blue, sample maxed out collector",
"10eb4551-282b-4cf0-af07-1198bbd212d5","D09","PRLA","PRLA.AOS.buoy.c0","2015-09-02","PRLA.C0.20150902.POM.1",,"other","Academy of Natural Sciences of Drexel University","2017-01-31","OKgcKejxXbI=","13C15N","1",,,100,"d13C",,"perMill",,"Filter stained blue, sample maxed out collector",
"d85c2442-8b77-4feb-8e84-f61d8d52e49c","D09","PRLA","PRLA.AOS.outlet","2015-09-02","PRLA.OT.20150902.POM.1",,"other","Academy of Natural Sciences of Drexel University","2017-01-31","OKgcKejxXbI=","13C15N","1",,,100,"d13C",,"perMill",,"Filter stained blue, sample maxed out collector",
"5c965b13-8c9d-410a-95d4-22c6b5f2573c","D09","PRLA","PRLA.AOS.outlet","2015-09-02","PRLA.OT.20150902.POM.2",,"other","Academy of Natural Sciences of Drexel University","2017-05-17","OKgcKejxXbI=","13C15N","2",,,50,"d13C",,"perMill",,"Filter stained blue, sample maxed out collector",
"a2b09576-0175-43a0-99f8-574b7820bf76","D09","PRLA","PRLA.AOS.outlet","2015-09-02","PRLA.OT.20150902.POM.1",,"other","Academy of Natural Sciences of Drexel University","2017-01-31","OKgcKejxXbI=","13C15N","1",,,100,"d15N",3.53,"perMill",,"Difference in volume filtered, filter stained blue and folded poorly which led to spillage",
"eb72c82b-50c8-4ec7-bacb-a46ed75aec04","D09","PRLA","PRLA.AOS.outlet","2015-09-02","PRLA.OT.20150902.POM.2",,"other","Academy of Natural Sciences of Drexel University","2017-05-17","OKgcKejxXbI=","13C15N","2",,,50,"d15N",4.83,"perMill",,"Difference in volume filtered, filter stained blue and folded poorly which led to spillage",
