uid,domainID,siteID,namedLocation,collectDate,parentSampleID,parentSampleCode,isotopeH2OSampleCond,isotopeH2OSampleID,isotopeH2OSampleCode,isotopePOMRep2SampleCond,isotopePOMRep2SampleID,isotopePOMRep2SampleCode,isotopePOMSampleCond,isotopePOMSampleID,isotopePOMSampleCode,processedDateFilters,processedDateH2OIsotopes,sampleVolumeFilteredPOMRep1,sampleVolumeFilteredPOMRep2,fieldDataQF
"373623b2-6b19-4640-8b58-b12be4f99666","D17","TECR","TECR.AOS.S2","2019-05-02T17:10Z","TECR.SS.20190502",,"Sample condition ok","TECR.SS.20190502.H2O.1","A00000063409","Sample condition ok","TECR.SS.20190502.POM.2","A00000063412","Sample condition ok","TECR.SS.20190502.POM.1","A00000063411","2019-05-02T18:55Z","2019-05-02T17:05Z",1750,1750,
"b2c879dc-1f78-418a-aa89-0412f06ec072","D17","TECR","TECR.AOS.S2","2019-05-08T18:15Z","TECR.SS.20190508",,"Sample condition ok","TECR.SS.20190508.H2O.1","A00000063045","Sample condition ok","TECR.SS.20190508.POM.2","A00000063047","Sample condition ok","TECR.SS.20190508.POM.1","A00000063063","2019-05-08T20:15Z","2019-05-08T18:15Z",1750,1745,
"cad51e83-1234-459b-8740-870ba3de31c2","D17","TECR","TECR.AOS.S2","2019-05-13T18:23Z","TECR.SS.20190513",,"Sample condition ok","TECR.SS.20190513.H2O.1","A00000063707","Sample condition ok","TECR.SS.20190513.POM.2","A00000063039","Sample condition ok","TECR.SS.20190513.POM.1","A00000063040","2019-05-13T18:23Z","2019-05-13T18:23Z",1000,1000,
"8b4c7920-70f9-4b81-b340-f1b753a2a244","D17","TECR","TECR.AOS.S2","2019-05-15T16:41Z","TECR.SS.20190515",,"Sample condition ok","TECR.SS.20190515.H2O.1","A00000063708","Sample condition ok","TECR.SS.20190515.POM.2","A00000063053","Sample condition ok","TECR.SS.20190515.POM.1","A00000063052",,"2019-05-15T16:54Z",1000,1000,
"cac1b2e9-d0a3-432a-b434-a9febc7133ec","D17","TECR","TECR.AOS.S2","2019-05-20T20:37Z","TECR.SS.20190520",,"Sample condition ok","TECR.SS.20190520.H2O.1","A00000063055","Sample condition ok","TECR.SS.20190520.POM.2","A00000063718","Sample condition ok","TECR.SS.20190520.POM.1","A00000063717","2019-05-20T22:35Z","2019-05-20T20:50Z",1250,1250,
"797ad1bf-d462-46d8-bb52-6a104543ef85","D17","TECR","TECR.AOS.S2","2019-05-29T19:05Z","TECR.SS.20190529",,"Sample condition ok","TECR.SS.20190529.H2O.1","A00000063730","Sample condition ok","TECR.SS.20190529.POM.2","A00000063745","Sample condition ok","TECR.SS.20190529.POM.1","A00000063744","2019-05-29T20:03Z","2019-05-29T19:15Z",2000,2000,
