uid,domainID,siteID,namedLocation,collectDate,analysisDate,isotopeH2OSampleID,isotopeH2OSampleCode,instrumentSN,d18OWater,d2HWater,d18OsdWater,d2HsdWater,isotopeH2OExternalLabQF,laboratoryName,analyzedBy,sampleCondition,externalRemarks,externalLabDataQF
"664123a4-2ce5-4e5f-acdf-2eec02ff5c59","D17","TECR","TECR.AOS.S2","2019-05-02","2019-07-08","TECR.SS.20190502.H2O.1","A00000063409","HIDS2052",-12.26,-84.90,0.06,0.15,0,"SIRFER Lab at University of Utah","OlSmE6RRn5QQH8tvUHmK5i/poYiQr6sd","OK",,
"f6892c64-5f25-42de-b4fa-ff6a50e9a9b6","D17","TECR","TECR.AOS.S2","2019-05-08","2019-07-08","TECR.SS.20190508.H2O.1","A00000063045","HIDS2052",-12.36,-84.81,0.04,0.14,0,"SIRFER Lab at University of Utah","OlSmE6RRn5QQH8tvUHmK5i/poYiQr6sd","OK",,
"e8fe11f0-9964-4826-bf5f-70c4c5f07850","D17","TECR","TECR.AOS.S2","2019-05-13","2019-07-08","TECR.SS.20190513.H2O.1","A00000063707","HIDS2052",-12.27,-83.97,0.08,0.22,0,"SIRFER Lab at University of Utah","OlSmE6RRn5QQH8tvUHmK5i/poYiQr6sd","OK",,
"27fb372d-3aa4-486f-a774-9b882cb1c67e","D17","TECR","TECR.AOS.S2","2019-05-15","2019-07-08","TECR.SS.20190515.H2O.1","A00000063708","HIDS2052",-12.21,-84.06,0.03,0.07,0,"SIRFER Lab at University of Utah","OlSmE6RRn5QQH8tvUHmK5i/poYiQr6sd","OK",,
"a3902c3c-3ade-4705-b849-1b48c3c6e595","D17","TECR","TECR.AOS.S2","2019-05-20","2019-07-08","TECR.SS.20190520.H2O.1","A00000063055","HIDS2052",-12.26,-84.77,0.04,0.10,0,"SIRFER Lab at University of Utah","OlSmE6RRn5QQH8tvUHmK5i/poYiQr6sd","OK",,
"5f06477d-8156-4792-b482-19d49420b9e2","D17","TECR","TECR.AOS.S2","2019-05-29","2019-07-08","TECR.SS.20190529.H2O.1","A00000063730","HIDS2052",-12.54,-86.45,0.03,0.23,0,"SIRFER Lab at University of Utah","OlSmE6RRn5QQH8tvUHmK5i/poYiQr6sd","OK",,
