uid,domainID,siteID,namedLocation,decimalLatitude,decimalLongitude,coordinateUncertainty,additionalCoordUncertainty,elevation,elevationUncertainty,geodeticDatum,altLocation,altLatitude,altLongitude,altCoordinateUncertainty,altGeodeticDatum,collectDate,aquaticSiteType,samplingImpractical,parentSampleID,parentSampleCode,eventID,samplerType,dissolvedOxygen,dissolvedOxygenSaturation,specificConductance,waterTemp,asiSamplingProtocolVersion,lowerSegmentDepth,upperSegmentDepth,maxDepth,lakeSampleDepth1,lakeSampleDepth2,aCollectedBy,bCollectedBy,remarks,fieldDataQF
"b9298451-134c-459e-be47-e5c57c026acf","D17","TECR","TECR.AOS.S2",36.955224,-119.023553,1.0,10.0,2002.8,1.0,"WGS84",,,,,,"2019-05-02T17:10Z","stream",,"TECR.SS.20190502",,"TECR.20190502","Grab",11.55,85.80,21.20,3.10,"NEON.DOC.001886vF",,,,,,"0000-0001-7072-0706","0000-0002-3625-4008",,
"ab445b43-c28d-41f2-a00e-bb49fd0745ff","D17","TECR","TECR.AOS.S2",36.955224,-119.023553,1.0,10.0,2002.8,1.0,"WGS84",,,,,,"2019-05-08T18:15Z","stream",,"TECR.SS.20190508",,"TECR.20190508","Grab",11.22,87.50,19.80,4.90,"NEON.DOC.001886vF",,,,,,"0000-0001-7253-0439","0000-0002-3625-4008",,
"89e0e164-8ebb-48f5-8e18-4dde57d48ddf","D17","TECR","TECR.AOS.S2",36.955224,-119.023553,1.0,10.0,2002.8,1.0,"WGS84",,,,,,"2019-05-13T18:23Z","stream",,"TECR.SS.20190513",,"TECR.20190513","Grab",11.18,88.90,19.90,5.60,"NEON.DOC.001886vF",,,,,,"0000-0001-7072-0706","0000-0001-5314-0662",,
"40b5d12a-ebf9-4968-881d-baade8e6e107","D17","TECR","TECR.AOS.S2",36.955224,-119.023553,1.0,10.0,2002.8,1.0,"WGS84",,,,,,"2019-05-15T16:41Z","stream",,"TECR.SS.20190515",,"TECR.20190515","Grab",10.67,81.30,18.60,4.00,"NEON.DOC.001886vF",,,,,,"0000-0001-7072-0706","0000-0003-2386-8235",,
"e14c96ec-6d4b-4c09-830e-70c632e03389","D17","TECR","TECR.AOS.S2",36.955224,-119.023553,1.0,10.0,2002.8,1.0,"WGS84",,,,,,"2019-05-20T20:37Z","stream",,"TECR.SS.20190520",,"TECR.20190520","Grab",10.99,81.40,19.50,3.00,"NEON.DOC.001886vF",,,,,,"0000-0001-7072-0706","0000-0001-5314-0662",,
"4a59fc44-7552-44a8-a1c6-ef0315693f67","D17","TECR","TECR.AOS.S2",36.955224,-119.023553,1.0,10.0,2002.8,1.0,"WGS84",,,,,,"2019-05-29T19:05Z","stream",,"TECR.SS.20190529",,"TECR.20190529","Grab",10.71,85.60,20.60,5.90,"NEON.DOC.001886vF",,,,,,"0000-0001-7072-0706","0000-0001-5002-5407",,
