uid,domainID,siteID,namedLocation,collectDate,sampleID,sampleCode,sampleCondition,laboratoryName,analysisDate,analyzedBy,sampleType,replicate,sampleVolumeFiltered,filterSize,percentFilterAnalyzed,analyte,analyteConcentration,plantAlgaeLabUnits,method,externalRemarks,externalLabDataQF
"5adec1b8-7591-4f27-a4f1-f7bf103af030","D17","TECR","TECR.AOS.S2","2019-05-02","TECR.SS.20190502.POM.1","A00000063411","condition ok","SIRFER Lab at University of Utah","2019-10-14","ElFtGy1kV49xqNP00HfxQA==","POM","1",1750,25,100,"d15N",3.33,"perMill","Revesz & Coplen 2012a",,
"b9200a1e-f61b-494a-89af-d088fcc19502","D17","TECR","TECR.AOS.S2","2019-05-02","TECR.SS.20190502.POM.1","A00000063411","condition ok","SIRFER Lab at University of Utah","2019-10-14","ElFtGy1kV49xqNP00HfxQA==","POM","1",1750,25,100,"nitrogen",10.62,"microgramsPerLiter","Revesz & Coplen 2012a",,
"5209fb3c-65a7-4e2f-9099-7fe6c5e07c8d","D17","TECR","TECR.AOS.S2","2019-05-02","TECR.SS.20190502.POM.1","A00000063411","condition ok","SIRFER Lab at University of Utah","2019-10-14","ElFtGy1kV49xqNP00HfxQA==","POM","1",1750,25,100,"d13C",-27.35,"perMill","Revesz & Coplen 2012a",,
"3abbf8d6-6724-4e32-a714-c5f06dd55b20","D17","TECR","TECR.AOS.S2","2019-05-02","TECR.SS.20190502.POM.1","A00000063411","condition ok","SIRFER Lab at University of Utah","2019-10-14","ElFtGy1kV49xqNP00HfxQA==","POM","1",1750,25,100,"carbon",321.63,"microgramsPerLiter","Revesz & Coplen 2012a",,
"7533ecbf-992e-4441-808e-c69526087970","D17","TECR","TECR.AOS.S2","2019-05-08","TECR.SS.20190508.POM.1","A00000063063","condition ok","SIRFER Lab at University of Utah","2019-10-14","ElFtGy1kV49xqNP00HfxQA==","POM","1",1750,25,100,"d15N",5.42,"perMill","Revesz & Coplen 2012a",,
"3a4581a9-865d-4322-8e42-b8db88c4c79d","D17","TECR","TECR.AOS.S2","2019-05-08","TECR.SS.20190508.POM.1","A00000063063","condition ok","SIRFER Lab at University of Utah","2019-10-14","ElFtGy1kV49xqNP00HfxQA==","POM","1",1750,25,100,"carbon",241.33,"microgramsPerLiter","Revesz & Coplen 2012a",,
"73ef3ecc-69f2-49c6-8140-a14526ef6d7e","D17","TECR","TECR.AOS.S2","2019-05-08","TECR.SS.20190508.POM.1","A00000063063","condition ok","SIRFER Lab at University of Utah","2019-10-14","ElFtGy1kV49xqNP00HfxQA==","POM","1",1750,25,100,"nitrogen",26.56,"microgramsPerLiter","Revesz & Coplen 2012a",,
"9cbd4744-cd6a-4a7c-9430-ba2f7ca8ff43","D17","TECR","TECR.AOS.S2","2019-05-08","TECR.SS.20190508.POM.1","A00000063063","condition ok","SIRFER Lab at University of Utah","2019-10-14","ElFtGy1kV49xqNP00HfxQA==","POM","1",1750,25,100,"d13C",-28.03,"perMill","Revesz & Coplen 2012a",,
"01272ed8-49d7-4627-87c0-920e51fb8fbc","D17","TECR","TECR.AOS.S2","2019-05-13","TECR.SS.20190513.POM.1","A00000063040","condition ok","SIRFER Lab at University of Utah","2019-10-14","ElFtGy1kV49xqNP00HfxQA==","POM","1",1000,25,100,"d15N",0.31,"perMill","Revesz & Coplen 2012a",,
"876a445f-cd41-4959-bca9-d20d7cdc8721","D17","TECR","TECR.AOS.S2","2019-05-13","TECR.SS.20190513.POM.1","A00000063040","condition ok","SIRFER Lab at University of Utah","2019-10-14","ElFtGy1kV49xqNP00HfxQA==","POM","1",1000,25,100,"nitrogen",32.48,"microgramsPerLiter","Revesz & Coplen 2012a",,
"3fe779ef-2525-429a-81bd-f75f8412496e","D17","TECR","TECR.AOS.S2","2019-05-13","TECR.SS.20190513.POM.1","A00000063040","condition ok","SIRFER Lab at University of Utah","2019-10-14","ElFtGy1kV49xqNP00HfxQA==","POM","1",1000,25,100,"carbon",560.86,"microgramsPerLiter","Revesz & Coplen 2012a",,
"53af3f1c-c82e-41ec-846e-1c3abbf70b03","D17","TECR","TECR.AOS.S2","2019-05-13","TECR.SS.20190513.POM.1","A00000063040","condition ok","SIRFER Lab at University of Utah","2019-10-14","ElFtGy1kV49xqNP00HfxQA==","POM","1",1000,25,100,"d13C",-27.25,"perMill","Revesz & Coplen 2012a",,
"e06a024e-1e4c-46ab-afb1-69705df483a4","D17","TECR","TECR.AOS.S2","2019-05-15","TECR.SS.20190515.POM.1","A00000063052","condition ok","SIRFER Lab at University of Utah","2019-10-14","ElFtGy1kV49xqNP00HfxQA==","POM","1",1000,25,100,"nitrogen",18.59,"microgramsPerLiter","Revesz & Coplen 2012a",,
"7407e6a0-d883-425f-baf4-b4180e55152e","D17","TECR","TECR.AOS.S2","2019-05-15","TECR.SS.20190515.POM.1","A00000063052","condition ok","SIRFER Lab at University of Utah","2019-10-14","ElFtGy1kV49xqNP00HfxQA==","POM","1",1000,25,100,"d15N",3.09,"perMill","Revesz & Coplen 2012a",,
"8d176b11-a363-46de-b391-e734ae6e5a7e","D17","TECR","TECR.AOS.S2","2019-05-15","TECR.SS.20190515.POM.1","A00000063052","condition ok","SIRFER Lab at University of Utah","2019-10-14","ElFtGy1kV49xqNP00HfxQA==","POM","1",1000,25,100,"carbon",300.57,"microgramsPerLiter","Revesz & Coplen 2012a",,
"736ca615-9487-4c0a-9876-1f945eb3087c","D17","TECR","TECR.AOS.S2","2019-05-15","TECR.SS.20190515.POM.1","A00000063052","condition ok","SIRFER Lab at University of Utah","2019-10-14","ElFtGy1kV49xqNP00HfxQA==","POM","1",1000,25,100,"d13C",-27.07,"perMill","Revesz & Coplen 2012a",,
"59c5d264-893a-483d-9ff3-53426c816e8d","D17","TECR","TECR.AOS.S2","2019-05-20","TECR.SS.20190520.POM.1","A00000063717","condition ok","SIRFER Lab at University of Utah","2019-10-14","ElFtGy1kV49xqNP00HfxQA==","POM","1",1250,25,100,"d13C",-27.13,"perMill","Revesz & Coplen 2012a",,
"5030e9fb-46cd-4f98-a114-197364649b2d","D17","TECR","TECR.AOS.S2","2019-05-20","TECR.SS.20190520.POM.1","A00000063717","condition ok","SIRFER Lab at University of Utah","2019-10-14","ElFtGy1kV49xqNP00HfxQA==","POM","1",1250,25,100,"nitrogen",17.70,"microgramsPerLiter","Revesz & Coplen 2012a",,
"6849ca46-bd52-4fea-907e-70d43bc86f4b","D17","TECR","TECR.AOS.S2","2019-05-20","TECR.SS.20190520.POM.1","A00000063717","condition ok","SIRFER Lab at University of Utah","2019-10-14","ElFtGy1kV49xqNP00HfxQA==","POM","1",1250,25,100,"carbon",268.71,"microgramsPerLiter","Revesz & Coplen 2012a",,
"f2c3abed-aa79-4932-9bd6-26bf90e97422","D17","TECR","TECR.AOS.S2","2019-05-20","TECR.SS.20190520.POM.1","A00000063717","condition ok","SIRFER Lab at University of Utah","2019-10-14","ElFtGy1kV49xqNP00HfxQA==","POM","1",1250,25,100,"d15N",2.15,"perMill","Revesz & Coplen 2012a",,
"ee533dda-6547-44d2-ac4f-a93536777306","D17","TECR","TECR.AOS.S2","2019-05-29","TECR.SS.20190529.POM.1","A00000063744","condition ok","SIRFER Lab at University of Utah","2019-10-14","ElFtGy1kV49xqNP00HfxQA==","POM","1",2000,25,100,"d13C",-27.98,"perMill","Revesz & Coplen 2012a",,
"179d7a36-5419-4244-b13a-a39bf5277f64","D17","TECR","TECR.AOS.S2","2019-05-29","TECR.SS.20190529.POM.1","A00000063744","condition ok","SIRFER Lab at University of Utah","2019-10-14","ElFtGy1kV49xqNP00HfxQA==","POM","1",2000,25,100,"carbon",171.68,"microgramsPerLiter","Revesz & Coplen 2012a",,
"29277fee-1b6c-42f8-9573-3f39f9539f99","D17","TECR","TECR.AOS.S2","2019-05-29","TECR.SS.20190529.POM.1","A00000063744","condition ok","SIRFER Lab at University of Utah","2019-10-14","ElFtGy1kV49xqNP00HfxQA==","POM","1",2000,25,100,"nitrogen",15.24,"microgramsPerLiter","Revesz & Coplen 2012a",,
"00179dc4-56af-4473-a25f-af9cb31ffbb2","D17","TECR","TECR.AOS.S2","2019-05-29","TECR.SS.20190529.POM.1","A00000063744","condition ok","SIRFER Lab at University of Utah","2019-10-14","ElFtGy1kV49xqNP00HfxQA==","POM","1",2000,25,100,"d15N",3.34,"perMill","Revesz & Coplen 2012a",,
