uid,domainID,siteID,namedLocation,collectDate,sampleID,sampleCode,sampleCondition,laboratoryName,analysisDate,analyzedBy,sampleType,replicate,sampleVolumeFiltered,filterSize,percentFilterAnalyzed,analyte,analyteConcentration,plantAlgaeLabUnits,method,externalRemarks,externalLabDataQF
"83b616c1-4e2f-4c1b-bf32-98cad4d0c406","D05","CRAM","CRAM.AOS.buoy.c0","2017-03-08","CRAM.C0.20170308.POM.2",,"condition ok","SIRFER Lab at University of Utah","2018-03-27","ElFtGy1kV49xqNP00HfxQA==","POM","1",400,25,100,"nitrogen",56.11,"microgramsPerLiter","Revesz & Coplen 2012a",,
"01bb1c96-de63-43d3-9656-7e34543357b4","D05","CRAM","CRAM.AOS.buoy.c0","2017-03-08","CRAM.C0.20170308.POM.2",,"condition ok","SIRFER Lab at University of Utah","2018-03-27","ElFtGy1kV49xqNP00HfxQA==","POM","1",400,25,100,"d13C",-30.04,"perMill","Revesz & Coplen 2012a",,
"00ff19c4-2baa-4350-8e1a-8bbabd59efce","D05","CRAM","CRAM.AOS.buoy.c0","2017-03-08","CRAM.C0.20170308.POM.2",,"condition ok","SIRFER Lab at University of Utah","2018-03-27","ElFtGy1kV49xqNP00HfxQA==","POM","1",400,25,100,"d15N",3.74,"perMill","Revesz & Coplen 2012a",,
"f5443e96-1301-4b17-8c02-83f3513ef80b","D05","CRAM","CRAM.AOS.buoy.c0","2017-03-08","CRAM.C0.20170308.POM.2",,"condition ok","SIRFER Lab at University of Utah","2018-03-27","ElFtGy1kV49xqNP00HfxQA==","POM","1",400,25,100,"carbon",496.44,"microgramsPerLiter","Revesz & Coplen 2012a",,
