uid,domainID,siteID,namedLocation,collectDate,sampleID,sampleCode,sampleCondition,laboratoryName,analysisDate,analyzedBy,sampleType,replicate,sampleVolumeFiltered,filterSize,percentFilterAnalyzed,analyte,analyteConcentration,plantAlgaeLabUnits,method,externalRemarks,externalLabDataQF
"c61105a4-845f-4d5f-b092-ea71f18391f0","D18","OKSR","OKSR.AOS.S2","2016-09-07","OKSR.SS.20160907.POM.1",,"condition ok","Academy of Natural Sciences of Drexel University","2017-04-03","OKgcKejxXbI=","13C15N","1",,,100,"d13C",-28.35,"perMill",,,
"be89adab-9e02-4fb3-bfdf-9440ed0a16e0","D18","OKSR","OKSR.AOS.S2","2016-09-07","OKSR.SS.20160907.POM.2",,"other","Academy of Natural Sciences of Drexel University","2017-05-23","OKgcKejxXbI=","13C15N","2",,,100,"d15N",,"perMill",,"analysis corrupted during analysis, not enough sample for analysis",
"1ffd4fe7-49b2-42bb-92ad-3fa6269cc3f1","D18","OKSR","OKSR.AOS.S2","2016-09-07","OKSR.SS.20160907.POM.2",,"condition ok","Academy of Natural Sciences of Drexel University","2017-05-23","OKgcKejxXbI=","13C15N","2",,,100,"d13C",-28.95,"perMill",,,
"9bab68d2-bb0a-4142-a801-05e5d618e04f","D18","OKSR","OKSR.AOS.S2","2016-09-07","OKSR.SS.20160907.POM.1",,"condition ok","Academy of Natural Sciences of Drexel University","2017-04-03","OKgcKejxXbI=","13C15N","1",,,100,"d15N",4.94,"perMill",,,
"6247be74-97f5-4ac9-9f51-38507ee7b247","D18","OKSR","OKSR.AOS.S2","2016-09-11","OKSR.SS.20160911.POM.1",,"condition ok","Academy of Natural Sciences of Drexel University","2017-04-03","OKgcKejxXbI=","13C15N","1",,,100,"d15N",4.38,"perMill",,,
"1efce9f3-9357-47a4-b0a0-c4c5a423ec07","D18","OKSR","OKSR.AOS.S2","2016-09-11","OKSR.SS.20160911.POM.1",,"condition ok","Academy of Natural Sciences of Drexel University","2017-04-03","OKgcKejxXbI=","13C15N","1",,,100,"d13C",-27.87,"perMill",,,
"bb51eb12-6e00-4df8-8d60-7b1ab7a55a2b","D18","OKSR","OKSR.AOS.S2","2016-09-11","OKSR.SS.20160911.POM.2",,"other","Academy of Natural Sciences of Drexel University","2017-05-23","OKgcKejxXbI=","13C15N","2",,,100,"d15N",,"perMill",,"analysis corrupted during analysis, not enough sample for analysis",
"b5c569c5-d1c9-46ff-902c-d5965a85327f","D18","OKSR","OKSR.AOS.S2","2016-09-11","OKSR.SS.20160911.POM.2",,"condition ok","Academy of Natural Sciences of Drexel University","2017-05-23","OKgcKejxXbI=","13C15N","2",,,100,"d13C",-28.20,"perMill",,,
