uid,domainID,siteID,namedLocation,collectDate,sampleID,sampleCode,sampleCondition,laboratoryName,analysisDate,analyzedBy,sampleType,replicate,sampleVolumeFiltered,filterSize,percentFilterAnalyzed,analyte,analyteConcentration,plantAlgaeLabUnits,method,externalRemarks,externalLabDataQF
"1b6a2e84-9730-40c9-b4d6-e1b3e99fd2b8","D04","CUPE","CUPE.AOS.S2","2018-08-07","CUPE.SS.20180807.POM.1","A00000006811","condition ok","SIRFER Lab at University of Utah","2018-10-17","ElFtGy1kV49xqNP00HfxQA==","POM","1",1000,25,100,"d15N",-0.01,"perMill","Revesz & Coplen 2012a",,
"c98c02c6-f73f-4204-931d-6207cc644b67","D04","CUPE","CUPE.AOS.S2","2018-08-07","CUPE.SS.20180807.POM.1","A00000006811","condition ok","SIRFER Lab at University of Utah","2018-10-17","ElFtGy1kV49xqNP00HfxQA==","POM","1",1000,25,100,"carbon",60.99,"microgramsPerLiter","Revesz & Coplen 2012a",,
"4a882eed-6417-4c86-adad-958fefb07e09","D04","CUPE","CUPE.AOS.S2","2018-08-07","CUPE.SS.20180807.POM.1","A00000006811","condition ok","SIRFER Lab at University of Utah","2018-10-17","ElFtGy1kV49xqNP00HfxQA==","POM","1",1000,25,100,"nitrogen",5.25,"microgramsPerLiter","Revesz & Coplen 2012a",,
"b6f4a1ac-90b0-460c-b3cc-54e09e2fe9bb","D04","CUPE","CUPE.AOS.S2","2018-08-07","CUPE.SS.20180807.POM.1","A00000006811","condition ok","SIRFER Lab at University of Utah","2018-10-17","ElFtGy1kV49xqNP00HfxQA==","POM","1",1000,25,100,"d13C",-28.24,"perMill","Revesz & Coplen 2012a",,
"7b9524ef-e372-4ee4-b491-160f8325c2b4","D04","CUPE","CUPE.AOS.S2","2018-08-13","CUPE.SS.20180813.POM.1","A00000038618","condition ok","SIRFER Lab at University of Utah","2018-10-17","ElFtGy1kV49xqNP00HfxQA==","POM","1",1500,25,100,"nitrogen",5.22,"microgramsPerLiter","Revesz & Coplen 2012a",,
"555e85f2-4cc4-4736-aeb5-317eb7b0ac6c","D04","CUPE","CUPE.AOS.S2","2018-08-13","CUPE.SS.20180813.POM.1","A00000038618","condition ok","SIRFER Lab at University of Utah","2018-10-17","ElFtGy1kV49xqNP00HfxQA==","POM","1",1500,25,100,"carbon",54.46,"microgramsPerLiter","Revesz & Coplen 2012a",,
"d868d508-4cf3-4d91-b1ed-53639bae8f90","D04","CUPE","CUPE.AOS.S2","2018-08-13","CUPE.SS.20180813.POM.1","A00000038618","condition ok","SIRFER Lab at University of Utah","2018-10-17","ElFtGy1kV49xqNP00HfxQA==","POM","1",1500,25,100,"d13C",-27.70,"perMill","Revesz & Coplen 2012a",,
"7925d2d6-a704-4e45-9fcd-dbd444bd8f51","D04","CUPE","CUPE.AOS.S2","2018-08-13","CUPE.SS.20180813.POM.1","A00000038618","condition ok","SIRFER Lab at University of Utah","2018-10-17","ElFtGy1kV49xqNP00HfxQA==","POM","1",1500,25,100,"d15N",0.22,"perMill","Revesz & Coplen 2012a",,
"5c5e041f-2922-4d3f-8f56-181fbd1129f6","D04","CUPE","CUPE.AOS.S2","2018-08-27","CUPE.SS.20180827.POM.1","A00000038569","condition ok","SIRFER Lab at University of Utah","2018-10-17","ElFtGy1kV49xqNP00HfxQA==","POM","1",1500,25,100,"d15N",2.51,"perMill","Revesz & Coplen 2012a",,
"71490b9c-daca-4dac-a207-628c6faa60de","D04","CUPE","CUPE.AOS.S2","2018-08-27","CUPE.SS.20180827.POM.1","A00000038569","condition ok","SIRFER Lab at University of Utah","2018-10-17","ElFtGy1kV49xqNP00HfxQA==","POM","1",1500,25,100,"carbon",52.00,"microgramsPerLiter","Revesz & Coplen 2012a",,
"3152a3ca-c291-4518-94f9-0f1c022490aa","D04","CUPE","CUPE.AOS.S2","2018-08-27","CUPE.SS.20180827.POM.1","A00000038569","condition ok","SIRFER Lab at University of Utah","2018-10-17","ElFtGy1kV49xqNP00HfxQA==","POM","1",1500,25,100,"d13C",-25.85,"perMill","Revesz & Coplen 2012a",,
"6b8eebf0-7e08-457a-b9ce-6b2504d59428","D04","CUPE","CUPE.AOS.S2","2018-08-27","CUPE.SS.20180827.POM.1","A00000038569","condition ok","SIRFER Lab at University of Utah","2018-10-17","ElFtGy1kV49xqNP00HfxQA==","POM","1",1500,25,100,"nitrogen",4.97,"microgramsPerLiter","Revesz & Coplen 2012a",,
