uid,domainID,siteID,namedLocation,collectDate,parentSampleID,parentSampleCode,isotopeH2OSampleCond,isotopeH2OSampleID,isotopeH2OSampleCode,isotopePOMRep2SampleCond,isotopePOMRep2SampleID,isotopePOMRep2SampleCode,isotopePOMSampleCond,isotopePOMSampleID,isotopePOMSampleCode,processedDateFilters,processedDateH2OIsotopes,sampleVolumeFilteredPOMRep1,sampleVolumeFilteredPOMRep2,fieldDataQF
"dae77aae-4c52-48b5-af11-d0346768940b","D05","LIRO","LIRO.AOS.buoy.c1","2019-09-04T14:42Z","LIRO.C1.20190904",,"Sample condition ok","LIRO.C1.20190904.H2O.2","A00000077983",,,,,,,,"2019-09-04T14:42Z",,,
"9589e87c-d7ee-4b86-a91e-8955d0055cd1","D05","LIRO","LIRO.AOS.buoy.c1","2019-09-04T14:42Z","LIRO.C1.20190904",,"Sample condition ok","LIRO.C1.20190904.H2O.3","A00000077984",,,,,,,,"2019-09-04T14:42Z",,,
"299123eb-4366-4edd-b131-b654cbb48170","D05","LIRO","LIRO.AOS.buoy.c1","2019-09-04T14:42Z","LIRO.C1.20190904",,"Sample condition ok","LIRO.C1.20190904.H2O.1","A00000077980","Sample condition ok","LIRO.C1.20190904.POM.2","A00000077964","Sample condition ok","LIRO.C1.20190904.POM.1","A00000077963","2019-09-04T18:27Z","2019-09-04T14:42Z",200,200,
"48a5b6be-459d-4c42-8d3f-bd2b99791b76","D05","LIRO","LIRO.AOS.buoy.c1","2019-09-30T15:43Z","LIRO.C1.20190930",,"Sample condition ok","LIRO.C1.20190930.H2O.1","A00000078823","Sample condition ok","LIRO.C1.20190930.POM.2","A00000078826","Sample condition ok","LIRO.C1.20190930.POM.1","A00000078825","2019-09-30T18:41Z","2019-09-30T19:36Z",250,250,
