uid,domainID,siteID,namedLocation,collectDate,sampleID,sampleCode,sampleCondition,laboratoryName,analysisDate,analyzedBy,sampleType,replicate,sampleVolumeFiltered,filterSize,percentFilterAnalyzed,analyte,analyteConcentration,plantAlgaeLabUnits,method,externalRemarks,externalLabDataQF
"66358185-68ef-43b1-9596-3c1903740f8a","D06","KING","KING.AOS.S2","2017-04-04","KING.SS.20170404.POM.1",,"condition ok","SIRFER Lab at University of Utah","2018-02-28","ElFtGy1kV49xqNP00HfxQA==","POM","1",500,25,100,"nitrogen",12.46,"microgramsPerLiter","Revesz & Coplen 2012a",,
"862d9a37-96dc-4387-b80a-75a3a76c70dd","D06","KING","KING.AOS.S2","2017-04-04","KING.SS.20170404.POM.1",,"condition ok","SIRFER Lab at University of Utah","2018-02-28","ElFtGy1kV49xqNP00HfxQA==","POM","1",500,25,100,"d13C",-20.49,"perMill","Revesz & Coplen 2012a",,
"d5597694-af83-4ff3-97ed-377bdd5fa31e","D06","KING","KING.AOS.S2","2017-04-04","KING.SS.20170404.POM.1",,"condition ok","SIRFER Lab at University of Utah","2018-02-28","ElFtGy1kV49xqNP00HfxQA==","POM","1",500,25,100,"carbon",128.50,"microgramsPerLiter","Revesz & Coplen 2012a",,
"a0af87ce-07e7-4f2a-a286-9ae1ac4d9e8b","D06","KING","KING.AOS.S2","2017-04-04","KING.SS.20170404.POM.1",,"condition ok","SIRFER Lab at University of Utah","2018-02-28","ElFtGy1kV49xqNP00HfxQA==","POM","1",500,25,100,"d15N",22.58,"perMill","Revesz & Coplen 2012a",,
"8f9cb62a-5814-4bd4-acfd-2843028ae9be","D06","KING","KING.AOS.S2","2017-04-10","KING.SS.20170410.POM.1",,"condition ok","SIRFER Lab at University of Utah","2018-03-01","ElFtGy1kV49xqNP00HfxQA==","POM","1",670,25,100,"d15N",23.71,"perMill","Revesz & Coplen 2012a",,
"d1b960d1-aa1d-45a0-a5de-3e287eda10ea","D06","KING","KING.AOS.S2","2017-04-10","KING.SS.20170410.POM.1",,"condition ok","SIRFER Lab at University of Utah","2018-03-01","ElFtGy1kV49xqNP00HfxQA==","POM","1",670,25,100,"nitrogen",7.71,"microgramsPerLiter","Revesz & Coplen 2012a",,
"4fe78e54-b548-42ce-a89c-db0605501e2a","D06","KING","KING.AOS.S2","2017-04-10","KING.SS.20170410.POM.1",,"condition ok","SIRFER Lab at University of Utah","2018-03-01","ElFtGy1kV49xqNP00HfxQA==","POM","1",670,25,100,"carbon",77.51,"microgramsPerLiter","Revesz & Coplen 2012a",,
"da39f30c-0da1-4912-82c5-6b6420d4b062","D06","KING","KING.AOS.S2","2017-04-10","KING.SS.20170410.POM.1",,"condition ok","SIRFER Lab at University of Utah","2018-03-01","ElFtGy1kV49xqNP00HfxQA==","POM","1",670,25,100,"d13C",-21.49,"perMill","Revesz & Coplen 2012a",,
"ee9e8be3-a6fe-47bb-9633-d8bc22aeafc7","D06","KING","KING.AOS.S2","2017-04-19","KING.SS.20170419.POM.1",,"condition ok","SIRFER Lab at University of Utah","2018-02-28","ElFtGy1kV49xqNP00HfxQA==","POM","1",600,25,100,"carbon",126.05,"microgramsPerLiter","Revesz & Coplen 2012a",,
"058e62fd-4bf0-4e45-bccf-e6dbf0531a69","D06","KING","KING.AOS.S2","2017-04-19","KING.SS.20170419.POM.1",,"condition ok","SIRFER Lab at University of Utah","2018-02-28","ElFtGy1kV49xqNP00HfxQA==","POM","1",600,25,100,"d13C",-28.69,"perMill","Revesz & Coplen 2012a",,
"c88e6198-8f12-4173-946d-559385344f58","D06","KING","KING.AOS.S2","2017-04-19","KING.SS.20170419.POM.1",,"condition ok","SIRFER Lab at University of Utah","2018-02-28","ElFtGy1kV49xqNP00HfxQA==","POM","1",600,25,100,"d15N",13.91,"perMill","Revesz & Coplen 2012a",,
"d412dd36-e1e6-4b0b-a4ea-ece485c9d1f4","D06","KING","KING.AOS.S2","2017-04-19","KING.SS.20170419.POM.1",,"condition ok","SIRFER Lab at University of Utah","2018-02-28","ElFtGy1kV49xqNP00HfxQA==","POM","1",600,25,100,"nitrogen",15.49,"microgramsPerLiter","Revesz & Coplen 2012a",,
"cb2e8eb1-4de2-4ee3-99a3-795f78f62819","D06","KING","KING.AOS.S2","2017-04-27","KING.SS.20170427.POM.1",,"condition ok","SIRFER Lab at University of Utah","2018-03-01","ElFtGy1kV49xqNP00HfxQA==","POM","1",1500,25,100,"carbon",79.87,"microgramsPerLiter","Revesz & Coplen 2012a",,
"f6560bce-b090-4b40-8d58-78678a466f9a","D06","KING","KING.AOS.S2","2017-04-27","KING.SS.20170427.POM.1",,"condition ok","SIRFER Lab at University of Utah","2018-03-01","ElFtGy1kV49xqNP00HfxQA==","POM","1",1500,25,100,"d13C",-26.93,"perMill","Revesz & Coplen 2012a",,
"496d8440-32f5-44b3-9c58-cb84c99ef0da","D06","KING","KING.AOS.S2","2017-04-27","KING.SS.20170427.POM.1",,"condition ok","SIRFER Lab at University of Utah","2018-03-01","ElFtGy1kV49xqNP00HfxQA==","POM","1",1500,25,100,"d15N",9.94,"perMill","Revesz & Coplen 2012a",,
"870e9632-adb8-451d-97ec-517a278c8676","D06","KING","KING.AOS.S2","2017-04-27","KING.SS.20170427.POM.1",,"condition ok","SIRFER Lab at University of Utah","2018-03-01","ElFtGy1kV49xqNP00HfxQA==","POM","1",1500,25,100,"nitrogen",8.80,"microgramsPerLiter","Revesz & Coplen 2012a",,
