uid,domainID,siteID,namedLocation,decimalLatitude,decimalLongitude,coordinateUncertainty,additionalCoordUncertainty,elevation,elevationUncertainty,geodeticDatum,altLocation,altLatitude,altLongitude,altCoordinateUncertainty,altGeodeticDatum,collectDate,aquaticSiteType,samplingImpractical,parentSampleID,parentSampleCode,eventID,samplerType,dissolvedOxygen,dissolvedOxygenSaturation,specificConductance,waterTemp,asiSamplingProtocolVersion,lowerSegmentDepth,upperSegmentDepth,maxDepth,lakeSampleDepth1,lakeSampleDepth2,aCollectedBy,bCollectedBy,remarks,fieldDataQF
"35f1592d-c165-4e8e-a55d-63c32617eb0b","D06","KING","KING.AOS.S2",39.105069,-96.603387,0.1,10.0,324.9,0.1,"WGS84",,,,,,"2017-04-04T15:47Z","stream",,"KING.SS.20170404",,"KING.20170404","Grab",10.60,94.70,505.00,10.60,"NEON.DOC.001886vE",,,,,,"mpagan@neoninc.org","jhadle@neoninc.org",,
"09c7764a-a581-4501-9ebe-f4e4612fee7e","D06","KING","KING.AOS.S2",39.105069,-96.603387,0.1,,324.9,0.1,"WGS84",,,,,,"2017-04-10T16:29Z","stream",,"KING.SS.20170410",,"KING.20170410","Grab",11.15,109.70,547.00,13.10,"NEON.DOC.001886vE",,,,,,"ilawson@battelleecology.org","atajchman@battelleecology.org",,
"15d04883-863b-4f98-9637-cb718e17d9bc","D06","KING","KING.AOS.S2",39.105069,-96.603387,0.1,,324.9,0.1,"WGS84",,,,,,"2017-04-19T15:03Z","stream",,"KING.SS.20170419",,"KING.20170419","Grab",9.10,94.60,581.00,15.20,"NEON.DOC.001886vE",,,,,,"atajchman@battelleecology.org","jkukulski@battelleecology.org",,
"9d7905a7-d2ad-4f2b-9e0a-ec9eb974934a","D06","KING","KING.AOS.S2",39.105069,-96.603387,0.1,,324.9,0.1,"WGS84",,,,,,"2017-04-27T16:20Z","stream",,"KING.SS.20170427",,"KING.20170427","Grab",9.99,96.20,594.00,11.50,"NEON.DOC.001886vE",,,,,,"jkukulski@battelleecology.org","jkukulski@battelleecology.org",,
