uid,domainID,siteID,namedLocation,collectDate,analysisDate,isotopeH2OSampleID,isotopeH2OSampleCode,instrumentSN,d18OWater,d2HWater,d18OsdWater,d2HsdWater,isotopeH2OExternalLabQF,laboratoryName,analyzedBy,sampleCondition,externalRemarks,externalLabDataQF
"4f3c48af-6e05-4e30-a184-20b1fbc40491","D06","KING","KING.AOS.S2","2017-04-04","2017-05-18","KING.SS.20170404.H2O.1",,"HIDS2046",-6.16,-38.91,0.01,0.10,0,"SIRFER Lab at University of Utah","OlSmE6RRn5QQH8tvUHmK5i/poYiQr6sd","OK",,
"2ede6213-1a1a-4614-8256-b8188ceddca0","D06","KING","KING.AOS.S2","2017-04-10","2017-05-18","KING.SS.20170410.H2O.1",,"HIDS2046",-6.18,-39.00,0.03,0.16,0,"SIRFER Lab at University of Utah","OlSmE6RRn5QQH8tvUHmK5i/poYiQr6sd","OK",,
"a7344218-5db2-490e-8c5f-a3274353b6fd","D06","KING","KING.AOS.S2","2017-04-19","2017-05-18","KING.SS.20170419.H2O.1",,"HIDS2046",-5.99,-38.20,0.03,0.08,0,"SIRFER Lab at University of Utah","OlSmE6RRn5QQH8tvUHmK5i/poYiQr6sd","OK",,
"a5f85ad3-c88e-4607-baa2-49fb54237e4e","D06","KING","KING.AOS.S2","2017-04-27","2017-05-18","KING.SS.20170427.H2O.1",,"HIDS2046",-6.05,-38.48,0.05,0.13,0,"SIRFER Lab at University of Utah","OlSmE6RRn5QQH8tvUHmK5i/poYiQr6sd","OK",,
