uid,domainID,siteID,namedLocation,collectDate,parentSampleID,parentSampleCode,isotopeH2OSampleCond,isotopeH2OSampleID,isotopeH2OSampleCode,isotopePOMRep2SampleCond,isotopePOMRep2SampleID,isotopePOMRep2SampleCode,isotopePOMSampleCond,isotopePOMSampleID,isotopePOMSampleCode,processedDateFilters,processedDateH2OIsotopes,sampleVolumeFilteredPOMRep1,sampleVolumeFilteredPOMRep2,fieldDataQF
"5ef046c2-b94a-478c-a025-38a40d88f345","D06","KING","KING.AOS.S2","2017-04-04T15:47Z","KING.SS.20170404",,,"KING.SS.20170404.H2O.1",,,"KING.SS.20170404.POM.2",,,"KING.SS.20170404.POM.1",,"2017-04-04T18:25Z","2017-04-04T16:34Z",500,500,
"ecf04a6b-3062-43f6-8024-8031be5b504f","D06","KING","KING.AOS.S2","2017-04-10T16:29Z","KING.SS.20170410",,"Sample condition ok","KING.SS.20170410.H2O.1",,"Sample condition ok","KING.SS.20170410.POM.2",,"Sample condition ok","KING.SS.20170410.POM.1",,"2017-04-10T07:15Z","2017-04-10T16:29Z",670,670,
"60cdf2a2-e0fc-4dc9-9f74-ec1dfb2abe17","D06","KING","KING.AOS.S2","2017-04-19T15:03Z","KING.SS.20170419",,"Sample condition ok","KING.SS.20170419.H2O.1",,"Sample condition ok","KING.SS.20170419.POM.2",,"Sample condition ok","KING.SS.20170419.POM.1",,"2017-04-19T17:05Z","2017-04-19T15:03Z",600,600,
"3e412716-d0b4-4f2a-b435-9858d67c34b9","D06","KING","KING.AOS.S2","2017-04-27T16:20Z","KING.SS.20170427",,"Sample condition ok","KING.SS.20170427.H2O.1",,"Sample condition ok","KING.SS.20170427.POM.2",,"Sample condition ok","KING.SS.20170427.POM.1",,"2017-05-11T18:05Z","2017-04-27T15:59Z",1500,1500,
