uid,domainID,siteID,namedLocation,collectDate,sampleID,sampleCode,sampleCondition,laboratoryName,analysisDate,analyzedBy,sampleType,replicate,sampleVolumeFiltered,filterSize,percentFilterAnalyzed,analyte,analyteConcentration,plantAlgaeLabUnits,method,externalRemarks,externalLabDataQF
"632f80b1-a4eb-473e-bafd-592c3c93d8ca","D04","CUPE","CUPE.AOS.S2","2017-03-01","CUPE.SS.20170301.POM.2",,"condition ok","SIRFER Lab at University of Utah","2018-05-27","ElFtGy1kV49xqNP00HfxQA==","POM","1",1500,25,100,"d15N",19.36,"perMill","Revesz & Coplen 2012a","Below calibration range",
"f6474bf8-8ca1-4b5a-b11a-51b80ca4b49a","D04","CUPE","CUPE.AOS.S2","2017-03-01","CUPE.SS.20170301.POM.2",,"condition ok","SIRFER Lab at University of Utah","2018-05-27","ElFtGy1kV49xqNP00HfxQA==","POM","1",1500,25,100,"d13C",-27.62,"perMill","Revesz & Coplen 2012a",,
"97f792af-6209-4240-bc15-01edbc311881","D04","CUPE","CUPE.AOS.S2","2017-03-01","CUPE.SS.20170301.POM.2",,"condition ok","SIRFER Lab at University of Utah","2018-05-27","ElFtGy1kV49xqNP00HfxQA==","POM","1",1500,25,100,"carbon",47.69,"microgramsPerLiter","Revesz & Coplen 2012a",,
"62eaf975-2168-4b08-a366-9ad3b80d0774","D04","CUPE","CUPE.AOS.S2","2017-03-01","CUPE.SS.20170301.POM.2",,"condition ok","SIRFER Lab at University of Utah","2018-05-27","ElFtGy1kV49xqNP00HfxQA==","POM","1",1500,25,100,"nitrogen",4.47,"microgramsPerLiter","Revesz & Coplen 2012a","Below calibration range",
"10a6aff0-9714-498d-9355-fc938f15e691","D04","CUPE","CUPE.AOS.S2","2017-03-21","CUPE.SS.20170321.POM.2",,"condition ok","SIRFER Lab at University of Utah","2018-05-27","ElFtGy1kV49xqNP00HfxQA==","POM","1",1000,25,100,"d15N",15.04,"perMill","Revesz & Coplen 2012a",,
"45b4864a-1cc6-4087-abb7-dca294528f18","D04","CUPE","CUPE.AOS.S2","2017-03-21","CUPE.SS.20170321.POM.2",,"condition ok","SIRFER Lab at University of Utah","2018-05-27","ElFtGy1kV49xqNP00HfxQA==","POM","1",1000,25,100,"d13C",-27.39,"perMill","Revesz & Coplen 2012a",,
"68fc16af-87f9-443e-b7d1-32fdefb4a0ee","D04","CUPE","CUPE.AOS.S2","2017-03-21","CUPE.SS.20170321.POM.2",,"condition ok","SIRFER Lab at University of Utah","2018-05-27","ElFtGy1kV49xqNP00HfxQA==","POM","1",1000,25,100,"carbon",100.73,"microgramsPerLiter","Revesz & Coplen 2012a",,
"37f53fb3-24c2-482e-ba20-6d72071f5365","D04","CUPE","CUPE.AOS.S2","2017-03-21","CUPE.SS.20170321.POM.2",,"condition ok","SIRFER Lab at University of Utah","2018-05-27","ElFtGy1kV49xqNP00HfxQA==","POM","1",1000,25,100,"nitrogen",7.93,"microgramsPerLiter","Revesz & Coplen 2012a",,
