uid,domainID,siteID,namedLocation,collectDate,sampleID,sampleCode,sampleCondition,laboratoryName,analysisDate,analyzedBy,sampleType,replicate,sampleVolumeFiltered,filterSize,percentFilterAnalyzed,analyte,analyteConcentration,plantAlgaeLabUnits,method,externalRemarks,externalLabDataQF
"975a0ea2-ba58-4bda-b259-74fc9a8700b1","D03","SUGG","SUGG.AOS.buoy.c0","2017-11-06","SUGG.C0.20171106.POM.1",,"condition ok","SIRFER Lab at University of Utah","2018-07-28","ElFtGy1kV49xqNP00HfxQA==","POM","1",500,25,100,"d15N",0.97,"perMill","Revesz & Coplen 2012a",,
"1064c7e6-bc41-4a27-b079-bfec48a41b82","D03","SUGG","SUGG.AOS.buoy.c0","2017-11-06","SUGG.C0.20171106.POM.1",,"condition ok","SIRFER Lab at University of Utah","2018-07-28","ElFtGy1kV49xqNP00HfxQA==","POM","1",500,25,100,"carbon",223.06,"microgramsPerLiter","Revesz & Coplen 2012a",,
"4aa8768f-bc2b-49de-a046-df1d2fe18b90","D03","SUGG","SUGG.AOS.buoy.c0","2017-11-06","SUGG.C0.20171106.POM.1",,"condition ok","SIRFER Lab at University of Utah","2018-07-28","ElFtGy1kV49xqNP00HfxQA==","POM","1",500,25,100,"nitrogen",27.38,"microgramsPerLiter","Revesz & Coplen 2012a",,
"828485db-1171-4608-be33-913fd5ca9431","D03","SUGG","SUGG.AOS.buoy.c0","2017-11-06","SUGG.C0.20171106.POM.1",,"condition ok","SIRFER Lab at University of Utah","2018-07-28","ElFtGy1kV49xqNP00HfxQA==","POM","1",500,25,100,"d13C",-29.84,"perMill","Revesz & Coplen 2012a",,
"31cf9ae8-d190-4c79-8fe8-1eeafbfb893d","D03","SUGG","SUGG.AOS.inlet","2017-11-06","SUGG.IN.20171106.POM.1",,"condition ok","SIRFER Lab at University of Utah","2018-07-27","ElFtGy1kV49xqNP00HfxQA==","POM","1",300,25,100,"d13C",-29.29,"perMill","Revesz & Coplen 2012a",,
"5c813219-1f5d-4bbf-a397-30a94afe8563","D03","SUGG","SUGG.AOS.inlet","2017-11-06","SUGG.IN.20171106.POM.1",,"condition ok","SIRFER Lab at University of Utah","2018-07-27","ElFtGy1kV49xqNP00HfxQA==","POM","1",300,25,100,"carbon",322.06,"microgramsPerLiter","Revesz & Coplen 2012a",,
"a6885405-4752-47ce-8561-15f9c1d38676","D03","SUGG","SUGG.AOS.inlet","2017-11-06","SUGG.IN.20171106.POM.1",,"condition ok","SIRFER Lab at University of Utah","2018-07-27","ElFtGy1kV49xqNP00HfxQA==","POM","1",300,25,100,"nitrogen",34.39,"microgramsPerLiter","Revesz & Coplen 2012a",,
"48d7233d-e1c5-443d-9e01-4a08939f115e","D03","SUGG","SUGG.AOS.inlet","2017-11-06","SUGG.IN.20171106.POM.1",,"condition ok","SIRFER Lab at University of Utah","2018-07-27","ElFtGy1kV49xqNP00HfxQA==","POM","1",300,25,100,"d15N",1.18,"perMill","Revesz & Coplen 2012a",,
"71883be9-62f5-41a3-a7d0-2c7ed7f3c0db","D03","SUGG","SUGG.AOS.outlet","2017-11-06","SUGG.OT.20171106.POM.1",,"condition ok","SIRFER Lab at University of Utah","2018-07-27","ElFtGy1kV49xqNP00HfxQA==","POM","1",300,25,100,"carbon",404.02,"microgramsPerLiter","Revesz & Coplen 2012a",,
"42970294-c7ba-47b0-9948-fe57d1b2c809","D03","SUGG","SUGG.AOS.outlet","2017-11-06","SUGG.OT.20171106.POM.1",,"condition ok","SIRFER Lab at University of Utah","2018-07-27","ElFtGy1kV49xqNP00HfxQA==","POM","1",300,25,100,"d15N",-3.08,"perMill","Revesz & Coplen 2012a",,
"1abeb892-37e4-4619-ba97-9a542b521a7d","D03","SUGG","SUGG.AOS.outlet","2017-11-06","SUGG.OT.20171106.POM.1",,"condition ok","SIRFER Lab at University of Utah","2018-07-27","ElFtGy1kV49xqNP00HfxQA==","POM","1",300,25,100,"nitrogen",44.48,"microgramsPerLiter","Revesz & Coplen 2012a",,
"3c995ce1-3a90-4cd0-b56e-b3b270abaeec","D03","SUGG","SUGG.AOS.outlet","2017-11-06","SUGG.OT.20171106.POM.1",,"condition ok","SIRFER Lab at University of Utah","2018-07-27","ElFtGy1kV49xqNP00HfxQA==","POM","1",300,25,100,"d13C",-28.98,"perMill","Revesz & Coplen 2012a",,
