uid,domainID,siteID,namedLocation,decimalLatitude,decimalLongitude,coordinateUncertainty,additionalCoordUncertainty,elevation,elevationUncertainty,geodeticDatum,altLocation,altLatitude,altLongitude,altCoordinateUncertainty,altGeodeticDatum,collectDate,aquaticSiteType,samplingImpractical,parentSampleID,parentSampleCode,eventID,samplerType,dissolvedOxygen,dissolvedOxygenSaturation,specificConductance,waterTemp,asiSamplingProtocolVersion,lowerSegmentDepth,upperSegmentDepth,maxDepth,lakeSampleDepth1,lakeSampleDepth2,aCollectedBy,bCollectedBy,remarks,fieldDataQF
"0d9366e2-c719-444e-bd9a-146665be07f4","D05","CRAM","CRAM.AOS.outlet",46.211998,-89.474475,0.1,10.0,511.8,0.1,"WGS84",,,,,,"2016-10-18T14:15Z","lake",,"CRAM.OT.20161018",,"CRAM.20161018","Kemmerer",8.90,83.40,,12.20,"NEON.DOC.001886vD",1.6,0.0,1.6,0.5,,"jhudson@neoninc.org","ekrulc@field-ops.org","Conductivity not taken.",
"93e6cacb-ce6b-42e8-a234-9a59143101c6","D05","CRAM","CRAM.AOS.inlet",46.207952,-89.476174,0.1,10.0,511.7,0.1,"WGS84",,,,,,"2016-10-18T14:35Z","lake",,"CRAM.IN.20161018",,"CRAM.20161018","Kemmerer",9.10,85.50,,12.50,"NEON.DOC.001886vD",1.3,0.0,1.3,0.5,,"jhudson@neoninc.org","ekrulc@field-ops.org","Conductivity not taken.",
"6221de34-26f3-4aee-bcfa-9436873baf90","D05","CRAM","CRAM.AOS.buoy.c1",46.210592,-89.476861,10.0,10.0,509.0,10.0,"WGS84",,,,,,"2016-10-18T15:20Z","lake",,"CRAM.C1.20161018",,"CRAM.20161018","Kemmerer",9.50,89.60,,12.50,"NEON.DOC.001886vD",7.5,0.0,16.9,0.5,,"jhudson@neoninc.org","ekrulc@field-ops.org","Conductivity not taken.|ot and in dissolved gas not collected because of lack of vials",
"2c6d9eaf-b30f-466d-a188-801d23d87812","D05","CRAM","CRAM.AOS.buoy.c2",46.210592,-89.476861,10.0,10.0,509.0,10.0,"WGS84",,,,,,"2016-10-18T15:45Z","lake",,"CRAM.C2.20161018",,"CRAM.20161018","Kemmerer",0.00,0.20,,5.70,"NEON.DOC.001886vD",16.9,9.0,16.9,11.0,14.0,"jhudson@neoninc.org","ekrulc@field-ops.org","Conductivity not taken. Integrated samples from 11.0 and 14.0 m.|Depths should technically have been taken at 11.0 m and 15.0 m. Past samples taken at 15.0 m had floating material in sample, so collected at 14.0 m.|Depths should technically have been taken at 11.0 m and 15.0 m. Past samples taken at 15.0 m had floating material in sample, so collected at 14.0 m.|Depths should technically have been taken at 11.0 m and 15.0 m. Past samples taken at 15.0 m had floating material in sample, so collected at 14.0 m.|ot and in dissolved gas not collected because of lack of vials",
