uid,domainID,siteID,namedLocation,collectDate,sampleID,sampleCode,sampleCondition,laboratoryName,analysisDate,analyzedBy,sampleType,replicate,sampleVolumeFiltered,filterSize,percentFilterAnalyzed,analyte,analyteConcentration,plantAlgaeLabUnits,method,externalRemarks,externalLabDataQF
"2653958c-65a0-45a4-8f9f-b164e5c80300","D05","CRAM","CRAM.AOS.outlet","2016-10-18","CRAM.OT.20161018.POM.1",,"condition ok","Academy of Natural Sciences of Drexel University","2017-03-29","OKgcKejxXbI=","13C15N","1",,,100,"d15N",0.48,"perMill",,,
"0e02edad-e524-498e-98b6-be811f06558b","D05","CRAM","CRAM.AOS.outlet","2016-10-18","CRAM.OT.20161018.POM.2",,"other","Academy of Natural Sciences of Drexel University","2017-06-14","OKgcKejxXbI=","13C15N","2",,,100,"d15N",,"perMill",,"filter corrupted during run",
"efd7ebe2-d79b-4c01-85ca-a19a16881923","D05","CRAM","CRAM.AOS.outlet","2016-10-18","CRAM.OT.20161018.POM.2",,"other","Academy of Natural Sciences of Drexel University","2017-06-14","OKgcKejxXbI=","13C15N","2",,,100,"d13C",,"perMill",,"filter corrupted during run",
"478c08eb-4cee-4446-b09b-f07a5c0584a3","D05","CRAM","CRAM.AOS.outlet","2016-10-18","CRAM.OT.20161018.POM.1",,"condition ok","Academy of Natural Sciences of Drexel University","2017-03-29","OKgcKejxXbI=","13C15N","1",,,100,"d13C",-32.67,"perMill",,,
"f4a07106-5af0-4f71-810b-53cd2362c2f4","D05","CRAM","CRAM.AOS.inlet","2016-10-18","CRAM.IN.20161018.POM.2",,"other","Academy of Natural Sciences of Drexel University","2017-06-14","OKgcKejxXbI=","13C15N","2",,,100,"d13C",,"perMill",,"filter corrupted during run",
"13485c3f-1366-407c-a2a2-87ba059311f7","D05","CRAM","CRAM.AOS.inlet","2016-10-18","CRAM.IN.20161018.POM.1",,"condition ok","Academy of Natural Sciences of Drexel University","2017-03-29","OKgcKejxXbI=","13C15N","1",,,100,"d15N",0.17,"perMill",,,
"29ff595f-f664-4bd1-a3f4-ab21c391807d","D05","CRAM","CRAM.AOS.inlet","2016-10-18","CRAM.IN.20161018.POM.2",,"other","Academy of Natural Sciences of Drexel University","2017-06-14","OKgcKejxXbI=","13C15N","2",,,100,"d15N",,"perMill",,"filter corrupted during run",
"306228cb-9e3c-4ca3-8ac8-878bec0586b6","D05","CRAM","CRAM.AOS.inlet","2016-10-18","CRAM.IN.20161018.POM.1",,"condition ok","Academy of Natural Sciences of Drexel University","2017-03-29","OKgcKejxXbI=","13C15N","1",,,100,"d13C",-32.19,"perMill",,,
"160a08f9-6a0b-4b4e-898b-8c9fae9a70d4","D05","CRAM","CRAM.AOS.buoy.c1","2016-10-18","CRAM.C1.20161018.POM.1",,"condition ok","Academy of Natural Sciences of Drexel University","2017-03-29","OKgcKejxXbI=","13C15N","1",,,100,"d13C",-32.72,"perMill",,,
"1e92eb84-b459-4f5a-a930-ec3313b1b5a1","D05","CRAM","CRAM.AOS.buoy.c1","2016-10-18","CRAM.C1.20161018.POM.2",,"other","Academy of Natural Sciences of Drexel University","2017-06-14","OKgcKejxXbI=","13C15N","2",,,100,"d15N",,"perMill",,"filter corrupted during run",
"8c1dab24-452c-4630-9cd7-187e30d369e4","D05","CRAM","CRAM.AOS.buoy.c1","2016-10-18","CRAM.C1.20161018.POM.2",,"other","Academy of Natural Sciences of Drexel University","2017-06-14","OKgcKejxXbI=","13C15N","2",,,100,"d13C",,"perMill",,"filter corrupted during run",
"18bd2af0-40d6-4078-93d6-bba8512bc282","D05","CRAM","CRAM.AOS.buoy.c1","2016-10-18","CRAM.C1.20161018.POM.1",,"condition ok","Academy of Natural Sciences of Drexel University","2017-03-29","OKgcKejxXbI=","13C15N","1",,,100,"d15N",0.63,"perMill",,,
"4c824b6f-2dd3-4e98-b53b-e30cac395d56","D05","CRAM","CRAM.AOS.buoy.c2","2016-10-18","CRAM.C2.20161018.POM.1",,"condition ok","Academy of Natural Sciences of Drexel University","2017-03-29","OKgcKejxXbI=","13C15N","1",,,100,"d13C",-33.33,"perMill",,,
"a367f0a8-cfbf-4c53-ab4c-30e53e876967","D05","CRAM","CRAM.AOS.buoy.c2","2016-10-18","CRAM.C2.20161018.POM.1",,"condition ok","Academy of Natural Sciences of Drexel University","2017-03-29","OKgcKejxXbI=","13C15N","1",,,100,"d15N",-2.04,"perMill",,,
"570f5e49-888f-4a2c-900c-092ae5c3a9b1","D05","CRAM","CRAM.AOS.buoy.c2","2016-10-18","CRAM.C2.20161018.POM.2",,"other","Academy of Natural Sciences of Drexel University","2017-06-14","OKgcKejxXbI=","13C15N","2",,,100,"d15N",,"perMill",,"filter corrupted during run",
"a277817c-edbb-4961-94f1-1c245c200759","D05","CRAM","CRAM.AOS.buoy.c2","2016-10-18","CRAM.C2.20161018.POM.2",,"other","Academy of Natural Sciences of Drexel University","2017-06-14","OKgcKejxXbI=","13C15N","2",,,100,"d13C",,"perMill",,"filter corrupted during run",
