uid,domainID,siteID,namedLocation,collectDate,parentSampleID,parentSampleCode,isotopeH2OSampleCond,isotopeH2OSampleID,isotopeH2OSampleCode,isotopePOMRep2SampleCond,isotopePOMRep2SampleID,isotopePOMRep2SampleCode,isotopePOMSampleCond,isotopePOMSampleID,isotopePOMSampleCode,processedDateFilters,processedDateH2OIsotopes,sampleVolumeFilteredPOMRep1,sampleVolumeFilteredPOMRep2,fieldDataQF
"1b556c80-a555-4dc7-b6aa-b3e41e91ec0d","D05","CRAM","CRAM.AOS.outlet","2016-10-18T14:15Z","CRAM.OT.20161018",,,"CRAM.OT.20161018.H2O.1",,,"CRAM.OT.20161018.POM.2",,,"CRAM.OT.20161018.POM.1",,"2016-10-18T16:35Z","2016-10-18T18:55Z",300,300,
"7139dfac-17fa-4e99-8e6e-d97840bc07ff","D05","CRAM","CRAM.AOS.inlet","2016-10-18T14:35Z","CRAM.IN.20161018",,,"CRAM.IN.20161018.H2O.1",,,"CRAM.IN.20161018.POM.2",,,"CRAM.IN.20161018.POM.1",,"2016-10-18T18:00Z","2016-10-18T19:05Z",300,300,
"72d76cba-5d0a-4566-8234-c8a3dcd3aa6d","D05","CRAM","CRAM.AOS.buoy.c1","2016-10-18T15:20Z","CRAM.C1.20161018",,,"CRAM.C1.20161018.H2O.1",,,"CRAM.C1.20161018.POM.2",,,"CRAM.C1.20161018.POM.1",,"2016-10-18T19:10Z","2016-10-18T19:15Z",250,250,
"7cf9d954-317f-4b24-82e0-15035691cd9c","D05","CRAM","CRAM.AOS.buoy.c2","2016-10-18T15:45Z","CRAM.C2.20161018",,,"CRAM.C2.20161018.H2O.1",,,"CRAM.C2.20161018.POM.2",,,"CRAM.C2.20161018.POM.1",,"2016-10-18T19:50Z","2016-10-18T18:45Z",150,150,
