uid,domainID,siteID,namedLocation,collectDate,analysisDate,isotopeH2OSampleID,isotopeH2OSampleCode,instrumentSN,d18OWater,d2HWater,d18OsdWater,d2HsdWater,isotopeH2OExternalLabQF,laboratoryName,analyzedBy,sampleCondition,externalRemarks,externalLabDataQF
"2fabd8d8-3b59-4d96-872b-f9602c554bae","D05","CRAM","CRAM.AOS.outlet","2016-10-18","2017-02-13","CRAM.OT.20161018.H2O.1",,"HIDS2052",-4.61,-48.22,0.02,0.06,0,"SIRFER Lab at University of Utah","OlSmE6RRn5QQH8tvUHmK5i/poYiQr6sd","OK",,
"f65acac2-032f-4a12-bd34-3f96590c6f5a","D05","CRAM","CRAM.AOS.inlet","2016-10-18","2017-02-13","CRAM.IN.20161018.H2O.1",,"HIDS2052",-5.01,-50.23,0.02,0.06,0,"SIRFER Lab at University of Utah","OlSmE6RRn5QQH8tvUHmK5i/poYiQr6sd","OK",,
"ce624a35-f1e1-4d94-bd5b-fb5ab67b4277","D05","CRAM","CRAM.AOS.buoy.c1","2016-10-18","2017-02-13","CRAM.C1.20161018.H2O.1",,"HIDS2052",-4.08,-47.05,0.03,0.03,0,"SIRFER Lab at University of Utah","OlSmE6RRn5QQH8tvUHmK5i/poYiQr6sd","OK",,
"d67f08ff-761e-495e-ad0d-3c62e493e4c2","D05","CRAM","CRAM.AOS.buoy.c2","2016-10-18","2017-02-13","CRAM.C2.20161018.H2O.1",,"HIDS2052",-5.64,-54.83,0.04,0.07,0,"SIRFER Lab at University of Utah","OlSmE6RRn5QQH8tvUHmK5i/poYiQr6sd","OK",,
