uid,domainID,siteID,namedLocation,collectDate,sampleID,sampleCode,sampleCondition,laboratoryName,analysisDate,analyzedBy,sampleType,replicate,sampleVolumeFiltered,filterSize,percentFilterAnalyzed,analyte,analyteConcentration,plantAlgaeLabUnits,method,externalRemarks,externalLabDataQF
"ead4d0a4-43bc-4d66-aace-d42ea2590b61","D01","HOPB","HOPB.AOS.S2","2019-04-04","HOPB.SS.20190404.POM.1","A00000033154","condition ok","SIRFER Lab at University of Utah","2019-08-20","ElFtGy1kV49xqNP00HfxQA==","POM","1",900,25,100,"d13C",-28.39,"perMill","Revesz & Coplen 2012a",,
"1a1272cc-31e5-41b8-8a7c-ad828c3469e4","D01","HOPB","HOPB.AOS.S2","2019-04-04","HOPB.SS.20190404.POM.1","A00000033154","condition ok","SIRFER Lab at University of Utah","2019-08-20","ElFtGy1kV49xqNP00HfxQA==","POM","1",900,25,100,"carbon",146.89,"microgramsPerLiter","Revesz & Coplen 2012a",,
"5e722453-5f57-4dab-a77e-674ba7c34a93","D01","HOPB","HOPB.AOS.S2","2019-04-04","HOPB.SS.20190404.POM.1","A00000033154","condition ok","SIRFER Lab at University of Utah","2019-08-20","ElFtGy1kV49xqNP00HfxQA==","POM","1",900,25,100,"nitrogen",15.41,"microgramsPerLiter","Revesz & Coplen 2012a",,
"26c1d832-cee2-4af8-b233-0147ba007ef2","D01","HOPB","HOPB.AOS.S2","2019-04-04","HOPB.SS.20190404.POM.1","A00000033154","condition ok","SIRFER Lab at University of Utah","2019-08-20","ElFtGy1kV49xqNP00HfxQA==","POM","1",900,25,100,"d15N",2.35,"perMill","Revesz & Coplen 2012a",,
"331f7132-a34a-4ad0-92f7-ae842b50f74b","D01","HOPB","HOPB.AOS.S2","2019-04-09","HOPB.SS.20190409.POM.1","A00000033160","condition ok","SIRFER Lab at University of Utah","2019-08-20","ElFtGy1kV49xqNP00HfxQA==","POM","1",750,25,100,"nitrogen",19.58,"microgramsPerLiter","Revesz & Coplen 2012a",,
"e4d0c07c-2bcc-4322-abae-903efa50feec","D01","HOPB","HOPB.AOS.S2","2019-04-09","HOPB.SS.20190409.POM.1","A00000033160","condition ok","SIRFER Lab at University of Utah","2019-08-20","ElFtGy1kV49xqNP00HfxQA==","POM","1",750,25,100,"d15N",-1.37,"perMill","Revesz & Coplen 2012a",,
"1a2f65fe-4c33-45f3-868d-529e3b4ef43a","D01","HOPB","HOPB.AOS.S2","2019-04-09","HOPB.SS.20190409.POM.1","A00000033160","condition ok","SIRFER Lab at University of Utah","2019-08-20","ElFtGy1kV49xqNP00HfxQA==","POM","1",750,25,100,"d13C",-28.36,"perMill","Revesz & Coplen 2012a",,
"d8296e83-b5c1-4b0b-9bc4-ef413c0c5002","D01","HOPB","HOPB.AOS.S2","2019-04-09","HOPB.SS.20190409.POM.1","A00000033160","condition ok","SIRFER Lab at University of Utah","2019-08-20","ElFtGy1kV49xqNP00HfxQA==","POM","1",750,25,100,"carbon",199.79,"microgramsPerLiter","Revesz & Coplen 2012a",,
"350a3076-3ef5-4603-988c-b6b3deec1c18","D01","HOPB","HOPB.AOS.S2","2019-04-15","HOPB.SS.20190415.POM.1","A00000033177","condition ok","SIRFER Lab at University of Utah","2019-08-20","ElFtGy1kV49xqNP00HfxQA==","POM","1",350,25,100,"d15N",1.32,"perMill","Revesz & Coplen 2012a",,
"9463adfc-b2fa-489e-9ce7-87fddd89494e","D01","HOPB","HOPB.AOS.S2","2019-04-15","HOPB.SS.20190415.POM.1","A00000033177","condition ok","SIRFER Lab at University of Utah","2019-08-20","ElFtGy1kV49xqNP00HfxQA==","POM","1",350,25,100,"nitrogen",171.51,"microgramsPerLiter","Revesz & Coplen 2012a",,
"4bb7f73d-1771-436c-b33d-6998ca9a4f58","D01","HOPB","HOPB.AOS.S2","2019-04-15","HOPB.SS.20190415.POM.1","A00000033177","condition ok","SIRFER Lab at University of Utah","2019-08-20","ElFtGy1kV49xqNP00HfxQA==","POM","1",350,25,100,"d13C",-27.58,"perMill","Revesz & Coplen 2012a",,
"0ffb722d-09ab-406b-bc65-92502126ae6d","D01","HOPB","HOPB.AOS.S2","2019-04-15","HOPB.SS.20190415.POM.1","A00000033177","condition ok","SIRFER Lab at University of Utah","2019-08-20","ElFtGy1kV49xqNP00HfxQA==","POM","1",350,25,100,"carbon",1934.64,"microgramsPerLiter","Revesz & Coplen 2012a",,
"72a83e3a-2eb7-480f-801f-1266e95e0fd8","D01","HOPB","HOPB.AOS.S2","2019-04-25","HOPB.SS.20190425.POM.1","A00000033184","condition ok","SIRFER Lab at University of Utah","2019-08-20","ElFtGy1kV49xqNP00HfxQA==","POM","1",600,25,100,"nitrogen",18.82,"microgramsPerLiter","Revesz & Coplen 2012a",,
"9a76f18b-ba21-49eb-bba1-13e411875d4d","D01","HOPB","HOPB.AOS.S2","2019-04-25","HOPB.SS.20190425.POM.1","A00000033184","condition ok","SIRFER Lab at University of Utah","2019-08-20","ElFtGy1kV49xqNP00HfxQA==","POM","1",600,25,100,"d13C",-28.69,"perMill","Revesz & Coplen 2012a",,
"bdfc3477-2d4b-4bca-9b77-25f54d8fe077","D01","HOPB","HOPB.AOS.S2","2019-04-25","HOPB.SS.20190425.POM.1","A00000033184","condition ok","SIRFER Lab at University of Utah","2019-08-20","ElFtGy1kV49xqNP00HfxQA==","POM","1",600,25,100,"d15N",4.17,"perMill","Revesz & Coplen 2012a",,
"4cc4eb79-b4da-4d9c-bffa-62ab5c7c1dd1","D01","HOPB","HOPB.AOS.S2","2019-04-25","HOPB.SS.20190425.POM.1","A00000033184","condition ok","SIRFER Lab at University of Utah","2019-08-20","ElFtGy1kV49xqNP00HfxQA==","POM","1",600,25,100,"carbon",212.58,"microgramsPerLiter","Revesz & Coplen 2012a",,
