uid,domainID,siteID,namedLocation,collectDate,parentSampleID,parentSampleCode,isotopeH2OSampleCond,isotopeH2OSampleID,isotopeH2OSampleCode,isotopePOMRep2SampleCond,isotopePOMRep2SampleID,isotopePOMRep2SampleCode,isotopePOMSampleCond,isotopePOMSampleID,isotopePOMSampleCode,processedDateFilters,processedDateH2OIsotopes,sampleVolumeFilteredPOMRep1,sampleVolumeFilteredPOMRep2,fieldDataQF
"ecc04be1-db9e-4af3-9174-e4cacf3f4711","D01","HOPB","HOPB.AOS.S2","2019-04-04T13:06Z","HOPB.SS.20190404",,"Sample condition ok","HOPB.SS.20190404.H2O.1","A00000033149","Sample condition ok","HOPB.SS.20190404.POM.2","A00000033153","Sample condition ok","HOPB.SS.20190404.POM.1","A00000033154","2019-04-04T15:17Z","2019-04-04T13:23Z",900,900,
"4682a053-f626-47b8-beb4-dcef5f6bf2b0","D01","HOPB","HOPB.AOS.S2","2019-04-09T14:44Z","HOPB.SS.20190409",,"Sample condition ok","HOPB.SS.20190409.H2O.1","A00000033162","Sample condition ok","HOPB.SS.20190409.POM.2","A00000033161","Sample condition ok","HOPB.SS.20190409.POM.1","A00000033160","2019-04-09T16:57Z","2019-04-09T15:26Z",750,750,
"1264fd5d-7e22-4059-8e03-21a8c25dbfd4","D01","HOPB","HOPB.AOS.S2","2019-04-15T15:04Z","HOPB.SS.20190415",,"Sample condition ok","HOPB.SS.20190415.H2O.1","A00000033175","Sample condition ok","HOPB.SS.20190415.POM.2","A00000033176","Sample condition ok","HOPB.SS.20190415.POM.1","A00000033177","2019-04-15T16:49Z","2019-04-15T15:19Z",350,350,
"6dafcca9-703d-4c32-ae73-6f25aee057d9","D01","HOPB","HOPB.AOS.S2","2019-04-25T13:30Z","HOPB.SS.20190425",,"Sample condition ok","HOPB.SS.20190425.H2O.1","A00000033282","Sample condition ok","HOPB.SS.20190425.POM.2","A00000033554","Sample condition ok","HOPB.SS.20190425.POM.1","A00000033184","2019-04-25T15:18Z","2019-04-25T13:49Z",600,600,
