uid,domainID,siteID,namedLocation,decimalLatitude,decimalLongitude,coordinateUncertainty,additionalCoordUncertainty,elevation,elevationUncertainty,geodeticDatum,altLocation,altLatitude,altLongitude,altCoordinateUncertainty,altGeodeticDatum,collectDate,aquaticSiteType,samplingImpractical,parentSampleID,parentSampleCode,eventID,samplerType,dissolvedOxygen,dissolvedOxygenSaturation,specificConductance,waterTemp,asiSamplingProtocolVersion,lowerSegmentDepth,upperSegmentDepth,maxDepth,lakeSampleDepth1,lakeSampleDepth2,aCollectedBy,bCollectedBy,remarks,fieldDataQF
"968938e1-b42c-4c4c-8599-9241fa4ff2ce","D01","HOPB","HOPB.AOS.S2",42.471741,-72.330664,0.3,10.0,213.6,0.3,"WGS84",,,,,,"2019-04-04T13:06Z","stream",,"HOPB.SS.20190404",,"HOPB.20190404","Grab",13.00,96.90,99.20,2.60,"NEON.DOC.001886vF",,,,,,"0000-0003-2931-6669","0000-0003-4958-6412",,
"5e074c36-cddc-4b10-a444-5cc3fec987e1","D01","HOPB","HOPB.AOS.S2",42.471741,-72.330664,0.3,10.0,213.6,0.3,"WGS84",,,,,,"2019-04-09T14:44Z","stream",,"HOPB.SS.20190409",,"HOPB.20190409","Grab",12.38,97.30,90.50,4.10,"NEON.DOC.001886vF",,,,,,"0000-0003-4958-6412","0000-0002-8951-4934",,
"5c13f511-1323-449b-a3e6-7100813c6cf5","D01","HOPB","HOPB.AOS.S2",42.471741,-72.330664,0.3,10.0,213.6,0.3,"WGS84",,,,,,"2019-04-15T15:04Z","stream",,"HOPB.SS.20190415",,"HOPB.20190415","Grab",10.55,97.50,90.80,10.10,"NEON.DOC.001886vF",,,,,,"0000-0002-8951-4934","0000-0003-4958-6412","All three gas vials not evacuated. Couldn't collect SDG samples.",
"9d08032e-283d-45fb-af91-e23baabac4af","D01","HOPB","HOPB.AOS.S2",42.471741,-72.330664,0.3,10.0,213.6,0.3,"WGS84",,,,,,"2019-04-25T13:30Z","stream",,"HOPB.SS.20190425",,"HOPB.20190425","Grab",11.20,97.30,91.30,8.10,"NEON.DOC.001886vF",,,,,,"0000-0003-4958-6412","0000-0003-1933-3182",,
