uid,domainID,siteID,namedLocation,collectDate,analysisDate,isotopeH2OSampleID,isotopeH2OSampleCode,instrumentSN,d18OWater,d2HWater,d18OsdWater,d2HsdWater,isotopeH2OExternalLabQF,laboratoryName,analyzedBy,sampleCondition,externalRemarks,externalLabDataQF
"3c4110da-4c66-49da-863f-d8a152766b29","D01","HOPB","HOPB.AOS.S2","2019-04-04","2019-05-31","HOPB.SS.20190404.H2O.1","A00000033149","HIDS2046",-9.11,-57.37,0.01,0.23,0,"SIRFER Lab at University of Utah","OlSmE6RRn5QQH8tvUHmK5i/poYiQr6sd","OK",,
"8bfdf7d5-db59-4329-bb0f-28899a0f6140","D01","HOPB","HOPB.AOS.S2","2019-04-09","2019-06-27","HOPB.SS.20190409.H2O.1","A00000033162","HIDS2052",-9.26,-57.64,0.02,0.12,0,"SIRFER Lab at University of Utah","OlSmE6RRn5QQH8tvUHmK5i/poYiQr6sd","OK",,
"dc444df5-5d66-4827-bb34-96970a6808bb","D01","HOPB","HOPB.AOS.S2","2019-04-15","2019-06-27","HOPB.SS.20190415.H2O.1","A00000033175","HIDS2052",-8.65,-53.69,0.02,0.07,0,"SIRFER Lab at University of Utah","OlSmE6RRn5QQH8tvUHmK5i/poYiQr6sd","OK",,
"4d1fa922-9597-426d-b253-4ef4ab0e495d","D01","HOPB","HOPB.AOS.S2","2019-04-25","2019-06-27","HOPB.SS.20190425.H2O.1","A00000033282","HIDS2052",-8.86,-54.96,0.04,0.18,0,"SIRFER Lab at University of Utah","OlSmE6RRn5QQH8tvUHmK5i/poYiQr6sd","OK",,
