uid,domainID,siteID,namedLocation,collectDate,sampleID,sampleCode,sampleCondition,laboratoryName,analysisDate,analyzedBy,sampleType,replicate,sampleVolumeFiltered,filterSize,percentFilterAnalyzed,analyte,analyteConcentration,plantAlgaeLabUnits,method,externalRemarks,externalLabDataQF
"c0aef9f5-8c3a-486d-bd3c-7a5738bd7218","D04","GUIL","GUIL.AOS.S2","2019-02-13","GUIL.SS.20190213.POM.1","A00000039832","condition ok","SIRFER Lab at University of Utah","2019-07-22","ElFtGy1kV49xqNP00HfxQA==","POM","1",750,25,100,"carbon",123.99,"microgramsPerLiter","Revesz & Coplen 2012a",,
"b08cc0ac-a186-4551-b4ed-6930f7162a52","D04","GUIL","GUIL.AOS.S2","2019-02-13","GUIL.SS.20190213.POM.1","A00000039832","condition ok","SIRFER Lab at University of Utah","2019-07-22","ElFtGy1kV49xqNP00HfxQA==","POM","1",750,25,100,"d13C",-25.05,"perMill","Revesz & Coplen 2012a",,
"eebad985-89a8-4b7b-b66f-f8df7448f40b","D04","GUIL","GUIL.AOS.S2","2019-02-13","GUIL.SS.20190213.POM.1","A00000039832","condition ok","SIRFER Lab at University of Utah","2019-07-22","ElFtGy1kV49xqNP00HfxQA==","POM","1",750,25,100,"d15N",4.02,"perMill","Revesz & Coplen 2012a",,
"5d5cbe4e-f9e5-43b9-a5fe-5641f77f5302","D04","GUIL","GUIL.AOS.S2","2019-02-13","GUIL.SS.20190213.POM.1","A00000039832","condition ok","SIRFER Lab at University of Utah","2019-07-22","ElFtGy1kV49xqNP00HfxQA==","POM","1",750,25,100,"nitrogen",11.99,"microgramsPerLiter","Revesz & Coplen 2012a",,
"a59e6b4a-1285-40d2-8a8d-71f3c36529b9","D04","GUIL","GUIL.AOS.S2","2019-02-19","GUIL.SS.20190219.POM.1","A00000039839","condition ok","SIRFER Lab at University of Utah","2019-07-22","ElFtGy1kV49xqNP00HfxQA==","POM","1",1000,25,100,"nitrogen",15.82,"microgramsPerLiter","Revesz & Coplen 2012a",,
"d023fc7b-ba6a-443e-82ab-1cead7367317","D04","GUIL","GUIL.AOS.S2","2019-02-19","GUIL.SS.20190219.POM.1","A00000039839","condition ok","SIRFER Lab at University of Utah","2019-07-22","ElFtGy1kV49xqNP00HfxQA==","POM","1",1000,25,100,"d13C",-25.29,"perMill","Revesz & Coplen 2012a",,
"6f8ea551-7388-49ef-9760-f7ea329cf215","D04","GUIL","GUIL.AOS.S2","2019-02-19","GUIL.SS.20190219.POM.1","A00000039839","condition ok","SIRFER Lab at University of Utah","2019-07-22","ElFtGy1kV49xqNP00HfxQA==","POM","1",1000,25,100,"carbon",130.71,"microgramsPerLiter","Revesz & Coplen 2012a",,
"fb2b1690-1da3-4451-b9fa-94367c3aa375","D04","GUIL","GUIL.AOS.S2","2019-02-19","GUIL.SS.20190219.POM.1","A00000039839","condition ok","SIRFER Lab at University of Utah","2019-07-22","ElFtGy1kV49xqNP00HfxQA==","POM","1",1000,25,100,"d15N",5.11,"perMill","Revesz & Coplen 2012a",,
