uid,domainID,siteID,namedLocation,collectDate,sampleID,sampleCode,sampleCondition,laboratoryName,analysisDate,analyzedBy,sampleType,replicate,sampleVolumeFiltered,filterSize,percentFilterAnalyzed,analyte,analyteConcentration,plantAlgaeLabUnits,method,externalRemarks,externalLabDataQF
"dbe154c6-9aa0-4bc6-9d08-1cfa03f45ac5","D18","OKSR","OKSR.AOS.S2","2018-05-15","OKSR.SS.20180515.POM.1","A00000030265","condition ok","SIRFER Lab at University of Utah","2018-07-16","ElFtGy1kV49xqNP00HfxQA==","POM","1",750,25,100,"d15N",3.62,"perMill","Revesz & Coplen 2012a",,
"7b9e5806-eac5-4b15-91eb-41a908212b45","D18","OKSR","OKSR.AOS.S2","2018-05-15","OKSR.SS.20180515.POM.1","A00000030265","condition ok","SIRFER Lab at University of Utah","2018-07-16","ElFtGy1kV49xqNP00HfxQA==","POM","1",750,25,100,"carbon",524.83,"microgramsPerLiter","Revesz & Coplen 2012a",,
"12231b06-9929-49ec-8a6a-ebaa4aa0dab6","D18","OKSR","OKSR.AOS.S2","2018-05-15","OKSR.SS.20180515.POM.1","A00000030265","condition ok","SIRFER Lab at University of Utah","2018-07-16","ElFtGy1kV49xqNP00HfxQA==","POM","1",750,25,100,"nitrogen",88.89,"microgramsPerLiter","Revesz & Coplen 2012a",,
"ad4d8508-812f-4f06-847a-d898729cf444","D18","OKSR","OKSR.AOS.S2","2018-05-15","OKSR.SS.20180515.POM.1","A00000030265","condition ok","SIRFER Lab at University of Utah","2018-07-16","ElFtGy1kV49xqNP00HfxQA==","POM","1",750,25,100,"d13C",-71.87,"perMill","Revesz & Coplen 2012a",,
"ddb2a428-324c-4c0a-8ab6-44a4c954f6ba","D18","OKSR","OKSR.AOS.S2","2018-05-22","OKSR.SS.20180522.POM.1","A00000030274","condition ok","SIRFER Lab at University of Utah","2018-07-16","ElFtGy1kV49xqNP00HfxQA==","POM","1",600,25,100,"carbon",295.63,"microgramsPerLiter","Revesz & Coplen 2012a",,
"91dbf7df-cf93-40f5-a3c5-1f2fae8a522e","D18","OKSR","OKSR.AOS.S2","2018-05-22","OKSR.SS.20180522.POM.1","A00000030274","condition ok","SIRFER Lab at University of Utah","2018-07-16","ElFtGy1kV49xqNP00HfxQA==","POM","1",600,25,100,"nitrogen",32.74,"microgramsPerLiter","Revesz & Coplen 2012a",,
"9dda4e33-7c39-4430-a61f-b84de3dedb4d","D18","OKSR","OKSR.AOS.S2","2018-05-22","OKSR.SS.20180522.POM.1","A00000030274","condition ok","SIRFER Lab at University of Utah","2018-07-16","ElFtGy1kV49xqNP00HfxQA==","POM","1",600,25,100,"d13C",-26.65,"perMill","Revesz & Coplen 2012a",,
"3125b051-9f99-40cb-a50d-4601d78f9e96","D18","OKSR","OKSR.AOS.S2","2018-05-22","OKSR.SS.20180522.POM.1","A00000030274","condition ok","SIRFER Lab at University of Utah","2018-07-16","ElFtGy1kV49xqNP00HfxQA==","POM","1",600,25,100,"d15N",5.18,"perMill","Revesz & Coplen 2012a",,
"3820e768-3bb7-46dd-be11-5177e87dd3ef","D18","OKSR","OKSR.AOS.S2","2018-05-29","OKSR.SS.20180529.POM.1","A00000030280","condition ok","SIRFER Lab at University of Utah","2018-07-16","ElFtGy1kV49xqNP00HfxQA==","POM","1",500,25,100,"nitrogen",40.14,"microgramsPerLiter","Revesz & Coplen 2012a",,
"41a23abd-233a-484a-a7f1-cdc54a3d61ac","D18","OKSR","OKSR.AOS.S2","2018-05-29","OKSR.SS.20180529.POM.1","A00000030280","condition ok","SIRFER Lab at University of Utah","2018-07-16","ElFtGy1kV49xqNP00HfxQA==","POM","1",500,25,100,"d13C",-27.13,"perMill","Revesz & Coplen 2012a",,
"b537a046-9063-4aa5-942c-b4ef3e46ffcf","D18","OKSR","OKSR.AOS.S2","2018-05-29","OKSR.SS.20180529.POM.1","A00000030280","condition ok","SIRFER Lab at University of Utah","2018-07-16","ElFtGy1kV49xqNP00HfxQA==","POM","1",500,25,100,"carbon",366.31,"microgramsPerLiter","Revesz & Coplen 2012a",,
"03f6465c-257d-4579-9d3a-09769f21a8e5","D18","OKSR","OKSR.AOS.S2","2018-05-29","OKSR.SS.20180529.POM.1","A00000030280","condition ok","SIRFER Lab at University of Utah","2018-07-16","ElFtGy1kV49xqNP00HfxQA==","POM","1",500,25,100,"d15N",3.63,"perMill","Revesz & Coplen 2012a",,
