uid,domainID,siteID,namedLocation,collectDate,sampleID,sampleCode,sampleCondition,laboratoryName,analysisDate,analyzedBy,sampleType,replicate,sampleVolumeFiltered,filterSize,percentFilterAnalyzed,analyte,analyteConcentration,plantAlgaeLabUnits,method,externalRemarks,externalLabDataQF
"fe4b66f4-517d-45d7-89ea-a1a36c92c16a","D04","CUPE","CUPE.AOS.S2","2018-01-16","CUPE.SS.20180116.POM.1",,"condition ok","SIRFER Lab at University of Utah","2018-08-10","ElFtGy1kV49xqNP00HfxQA==","POM","1",1000,25,100,"carbon",50.74,"microgramsPerLiter","Revesz & Coplen 2012a",,
"0d2625e2-4b16-44a9-afcf-c8c65d514391","D04","CUPE","CUPE.AOS.S2","2018-01-16","CUPE.SS.20180116.POM.1",,"condition ok","SIRFER Lab at University of Utah","2018-08-10","ElFtGy1kV49xqNP00HfxQA==","POM","1",1000,25,100,"d13C",-28.18,"perMill","Revesz & Coplen 2012a",,
"e68538be-6aef-43d7-8be8-e1d27132a01c","D04","CUPE","CUPE.AOS.S2","2018-01-16","CUPE.SS.20180116.POM.1",,"condition ok","SIRFER Lab at University of Utah","2018-08-10","ElFtGy1kV49xqNP00HfxQA==","POM","1",1000,25,100,"d15N",-1.14,"perMill","Revesz & Coplen 2012a",,
"b3d2d1a2-9f71-4744-a73f-4e5b13febd54","D04","CUPE","CUPE.AOS.S2","2018-01-16","CUPE.SS.20180116.POM.1",,"condition ok","SIRFER Lab at University of Utah","2018-08-10","ElFtGy1kV49xqNP00HfxQA==","POM","1",1000,25,100,"nitrogen",4.41,"microgramsPerLiter","Revesz & Coplen 2012a",,
