uid,domainID,siteID,namedLocation,collectDate,sampleID,sampleCode,sampleCondition,laboratoryName,analysisDate,analyzedBy,sampleType,replicate,sampleVolumeFiltered,filterSize,percentFilterAnalyzed,analyte,analyteConcentration,plantAlgaeLabUnits,method,externalRemarks,externalLabDataQF
"14f61a1d-e206-4544-95a9-9411eb0d88fa","D07","LECO","LECO.AOS.S2","2018-06-04","LECO.SS.20180604.POM.1","A00000011484","condition ok","SIRFER Lab at University of Utah","2018-08-30","ElFtGy1kV49xqNP00HfxQA==","POM","1",800,25,100,"carbon",997.04,"microgramsPerLiter","Revesz & Coplen 2012a",,
"7dbe7e46-8164-4ec4-a2bc-41b2c49e65b9","D07","LECO","LECO.AOS.S2","2018-06-04","LECO.SS.20180604.POM.1","A00000011484","condition ok","SIRFER Lab at University of Utah","2018-08-30","ElFtGy1kV49xqNP00HfxQA==","POM","1",800,25,100,"d15N",-2.24,"perMill","Revesz & Coplen 2012a",,
"841e1415-ba11-4c92-a307-2197acec68c6","D07","LECO","LECO.AOS.S2","2018-06-04","LECO.SS.20180604.POM.1","A00000011484","condition ok","SIRFER Lab at University of Utah","2018-08-30","ElFtGy1kV49xqNP00HfxQA==","POM","1",800,25,100,"d13C",-29.30,"perMill","Revesz & Coplen 2012a",,
"aee5fce9-c9ae-4ba5-881d-2b79258023c2","D07","LECO","LECO.AOS.S2","2018-06-04","LECO.SS.20180604.POM.1","A00000011484","condition ok","SIRFER Lab at University of Utah","2018-08-30","ElFtGy1kV49xqNP00HfxQA==","POM","1",800,25,100,"nitrogen",60.49,"microgramsPerLiter","Revesz & Coplen 2012a",,
"0ee5f57b-e659-41d7-a8e3-cf78e696ceb4","D07","LECO","LECO.AOS.S2","2018-06-11","LECO.SS.20180611.POM.1","A00000012043","condition ok","SIRFER Lab at University of Utah","2018-08-30","ElFtGy1kV49xqNP00HfxQA==","POM","1",800,25,100,"carbon",630.35,"microgramsPerLiter","Revesz & Coplen 2012a",,
"066bca9e-9fa7-4c1b-86d1-89ce94b7ddf5","D07","LECO","LECO.AOS.S2","2018-06-11","LECO.SS.20180611.POM.1","A00000012043","condition ok","SIRFER Lab at University of Utah","2018-08-30","ElFtGy1kV49xqNP00HfxQA==","POM","1",800,25,100,"d13C",-29.27,"perMill","Revesz & Coplen 2012a",,
"0bf87263-c909-4074-a10a-4b3fc984fb05","D07","LECO","LECO.AOS.S2","2018-06-11","LECO.SS.20180611.POM.1","A00000012043","condition ok","SIRFER Lab at University of Utah","2018-08-30","ElFtGy1kV49xqNP00HfxQA==","POM","1",800,25,100,"d15N",6.09,"perMill","Revesz & Coplen 2012a",,
"c6892943-c907-46cd-8495-4b76279adfeb","D07","LECO","LECO.AOS.S2","2018-06-11","LECO.SS.20180611.POM.1","A00000012043","condition ok","SIRFER Lab at University of Utah","2018-08-30","ElFtGy1kV49xqNP00HfxQA==","POM","1",800,25,100,"nitrogen",41.37,"microgramsPerLiter","Revesz & Coplen 2012a",,
