uid,domainID,siteID,namedLocation,collectDate,sampleID,sampleCode,sampleCondition,laboratoryName,analysisDate,analyzedBy,sampleType,replicate,sampleVolumeFiltered,filterSize,percentFilterAnalyzed,analyte,analyteConcentration,plantAlgaeLabUnits,method,externalRemarks,externalLabDataQF
"42dc014e-90ca-4946-917b-716d0c9af8c0","D09","PRPO","PRPO.AOS.inlet","2017-08-02","PRPO.IN.20170802.POM.1",,"condition ok","SIRFER Lab at University of Utah","2018-03-16","ElFtGy1kV49xqNP00HfxQA==","POM","1",25,25,100,"nitrogen",1628.70,"microgramsPerLiter","Revesz & Coplen 2012a",,
"ce33bf84-c460-4176-b597-c4cac2682bb7","D09","PRPO","PRPO.AOS.inlet","2017-08-02","PRPO.IN.20170802.POM.1",,"condition ok","SIRFER Lab at University of Utah","2018-03-16","ElFtGy1kV49xqNP00HfxQA==","POM","1",25,25,100,"d15N",6.80,"perMill","Revesz & Coplen 2012a",,
"200525ec-dfee-4c22-9497-ce49e995b8e5","D09","PRPO","PRPO.AOS.inlet","2017-08-02","PRPO.IN.20170802.POM.1",,"condition ok","SIRFER Lab at University of Utah","2018-03-16","ElFtGy1kV49xqNP00HfxQA==","POM","1",25,25,100,"d13C",-30.00,"perMill","Revesz & Coplen 2012a",,
"bff90df0-9fa1-4d6b-9ab2-5d5ae2f42175","D09","PRPO","PRPO.AOS.inlet","2017-08-02","PRPO.IN.20170802.POM.1",,"condition ok","SIRFER Lab at University of Utah","2018-03-16","ElFtGy1kV49xqNP00HfxQA==","POM","1",25,25,100,"carbon",13020.60,"microgramsPerLiter","Revesz & Coplen 2012a",,
"db81a0e5-a6af-44f1-8f24-8e13b5798832","D09","PRPO","PRPO.AOS.buoy.c0","2017-08-02","PRPO.C0.20170802.POM.1",,"condition ok","SIRFER Lab at University of Utah","2018-03-16","ElFtGy1kV49xqNP00HfxQA==","POM","1",25,25,100,"d15N",9.10,"perMill","Revesz & Coplen 2012a",,
"d49baf81-7171-45cf-ab35-717ad6734c4f","D09","PRPO","PRPO.AOS.buoy.c0","2017-08-02","PRPO.C0.20170802.POM.1",,"condition ok","SIRFER Lab at University of Utah","2018-03-16","ElFtGy1kV49xqNP00HfxQA==","POM","1",25,25,100,"carbon",11333.00,"microgramsPerLiter","Revesz & Coplen 2012a",,
"c9dee259-022c-46d6-af3b-e52213de0d46","D09","PRPO","PRPO.AOS.buoy.c0","2017-08-02","PRPO.C0.20170802.POM.1",,"condition ok","SIRFER Lab at University of Utah","2018-03-16","ElFtGy1kV49xqNP00HfxQA==","POM","1",25,25,100,"d13C",-29.50,"perMill","Revesz & Coplen 2012a",,
"ae605b11-9700-4011-9150-87bd74c0b77a","D09","PRPO","PRPO.AOS.buoy.c0","2017-08-02","PRPO.C0.20170802.POM.1",,"condition ok","SIRFER Lab at University of Utah","2018-03-16","ElFtGy1kV49xqNP00HfxQA==","POM","1",25,25,100,"nitrogen",1255.10,"microgramsPerLiter","Revesz & Coplen 2012a",,
"c7518350-336b-4fd1-9c19-dce8d90d43a3","D09","PRPO","PRPO.AOS.outlet","2017-08-02","PRPO.OT.20170802.POM.1",,"condition ok","SIRFER Lab at University of Utah","2018-03-16","ElFtGy1kV49xqNP00HfxQA==","POM","1",25,25,100,"nitrogen",1080.00,"microgramsPerLiter","Revesz & Coplen 2012a",,
"af1be1a5-9349-4bbb-a529-491bd562d91f","D09","PRPO","PRPO.AOS.outlet","2017-08-02","PRPO.OT.20170802.POM.1",,"condition ok","SIRFER Lab at University of Utah","2018-03-16","ElFtGy1kV49xqNP00HfxQA==","POM","1",25,25,100,"d15N",4.30,"perMill","Revesz & Coplen 2012a",,
"e403cf8e-0eff-4795-afaf-60a8125c5709","D09","PRPO","PRPO.AOS.outlet","2017-08-02","PRPO.OT.20170802.POM.1",,"condition ok","SIRFER Lab at University of Utah","2018-03-16","ElFtGy1kV49xqNP00HfxQA==","POM","1",25,25,100,"carbon",9706.00,"microgramsPerLiter","Revesz & Coplen 2012a",,
"d69303c2-6d84-4ece-b7fe-7bf83936c427","D09","PRPO","PRPO.AOS.outlet","2017-08-02","PRPO.OT.20170802.POM.1",,"condition ok","SIRFER Lab at University of Utah","2018-03-16","ElFtGy1kV49xqNP00HfxQA==","POM","1",25,25,100,"d13C",-30.10,"perMill","Revesz & Coplen 2012a",,
