uid,domainID,siteID,namedLocation,collectDate,sampleID,sampleCode,sampleCondition,laboratoryName,analysisDate,analyzedBy,sampleType,replicate,sampleVolumeFiltered,filterSize,percentFilterAnalyzed,analyte,analyteConcentration,plantAlgaeLabUnits,method,externalRemarks,externalLabDataQF
"68f4e00d-02b1-4625-8b9d-d967c1f302d9","D07","LECO","LECO.AOS.S2","2016-02-25","LECO.SS.20160225.POM.1",,"other","Academy of Natural Sciences of Drexel University","2016-08-29","OKgcKejxXbI=","13C15N","1",,,100,"d15N",2.35,"perMill",,"Sample stored longer than 2 months",
"f5cdca65-823c-4aa9-9ec1-45affb47b0b5","D07","LECO","LECO.AOS.S2","2016-02-25","LECO.SS.20160225.POM.2",,"other","Academy of Natural Sciences of Drexel University","2016-08-29","OKgcKejxXbI=","13C15N","2",,,100,"d15N",2.64,"perMill",,"Sample stored longer than 2 months",
"774c5bd3-520e-4d7d-a66f-f4fd578686b7","D07","LECO","LECO.AOS.S2","2016-02-25","LECO.SS.20160225.POM.1",,"other","Academy of Natural Sciences of Drexel University","2016-08-29","OKgcKejxXbI=","13C15N","1",,,100,"d13C",-28.15,"perMill",,"Sample stored longer than 2 months",
"4890bac5-c899-4a52-8a29-f70d3860ffb9","D07","LECO","LECO.AOS.S2","2016-02-25","LECO.SS.20160225.POM.2",,"other","Academy of Natural Sciences of Drexel University","2016-08-29","OKgcKejxXbI=","13C15N","2",,,100,"d13C",-28.18,"perMill",,"Sample stored longer than 2 months",
