uid,domainID,siteID,namedLocation,collectDate,sampleID,sampleCode,sampleCondition,laboratoryName,analysisDate,analyzedBy,sampleType,replicate,sampleVolumeFiltered,filterSize,percentFilterAnalyzed,analyte,analyteConcentration,plantAlgaeLabUnits,method,externalRemarks,externalLabDataQF
"1b6e1528-23b6-4b88-92a2-b2536e8a715c","D04","GUIL","GUIL.AOS.S2","2017-05-04","GUIL.SS.20170504.POM.2",,"condition ok","SIRFER Lab at University of Utah","2018-05-29","ElFtGy1kV49xqNP00HfxQA==","POM","1",750,25,100,"d13C",-25.05,"perMill","Revesz & Coplen 2012a",,
"f39be181-75ae-4fe7-8430-1d12b5bacea2","D04","GUIL","GUIL.AOS.S2","2017-05-04","GUIL.SS.20170504.POM.2",,"condition ok","SIRFER Lab at University of Utah","2018-05-29","ElFtGy1kV49xqNP00HfxQA==","POM","1",750,25,100,"nitrogen",11.89,"microgramsPerLiter","Revesz & Coplen 2012a",,
"7d3abef0-a24b-4c30-9b3e-5d8b4106b348","D04","GUIL","GUIL.AOS.S2","2017-05-04","GUIL.SS.20170504.POM.2",,"condition ok","SIRFER Lab at University of Utah","2018-05-29","ElFtGy1kV49xqNP00HfxQA==","POM","1",750,25,100,"carbon",104.19,"microgramsPerLiter","Revesz & Coplen 2012a",,
"08c6e684-1378-4da3-90ec-d2f21428c155","D04","GUIL","GUIL.AOS.S2","2017-05-04","GUIL.SS.20170504.POM.2",,"condition ok","SIRFER Lab at University of Utah","2018-05-29","ElFtGy1kV49xqNP00HfxQA==","POM","1",750,25,100,"d15N",9.99,"perMill","Revesz & Coplen 2012a",,
"51028b55-fa61-4a31-b332-7086e3ef13ce","D04","GUIL","GUIL.AOS.S2","2017-05-24","GUIL.SS.20170524.POM.2",,"condition ok","SIRFER Lab at University of Utah","2018-05-29","ElFtGy1kV49xqNP00HfxQA==","POM","1",850,25,100,"nitrogen",16.40,"microgramsPerLiter","Revesz & Coplen 2012a",,
"7f2f05bc-6ad5-4e68-862c-ca83e8966e10","D04","GUIL","GUIL.AOS.S2","2017-05-24","GUIL.SS.20170524.POM.2",,"condition ok","SIRFER Lab at University of Utah","2018-05-29","ElFtGy1kV49xqNP00HfxQA==","POM","1",850,25,100,"d15N",12.06,"perMill","Revesz & Coplen 2012a",,
"548c53fa-dea7-422e-a912-c0632c880da6","D04","GUIL","GUIL.AOS.S2","2017-05-24","GUIL.SS.20170524.POM.2",,"condition ok","SIRFER Lab at University of Utah","2018-05-29","ElFtGy1kV49xqNP00HfxQA==","POM","1",850,25,100,"carbon",140.92,"microgramsPerLiter","Revesz & Coplen 2012a",,
"6542c787-0c1a-4c0b-98f8-45ed81edf714","D04","GUIL","GUIL.AOS.S2","2017-05-24","GUIL.SS.20170524.POM.2",,"condition ok","SIRFER Lab at University of Utah","2018-05-29","ElFtGy1kV49xqNP00HfxQA==","POM","1",850,25,100,"d13C",-25.47,"perMill","Revesz & Coplen 2012a",,
"b7e6d57c-e815-4ca8-b8a9-1817326c1b82","D04","GUIL","GUIL.AOS.S2","2017-05-30","GUIL.SS.20170530.POM.2",,"condition ok","SIRFER Lab at University of Utah","2018-05-29","ElFtGy1kV49xqNP00HfxQA==","POM","1",750,25,100,"carbon",119.66,"microgramsPerLiter","Revesz & Coplen 2012a",,
"aa9d816b-00b8-463d-957e-6175069e25e6","D04","GUIL","GUIL.AOS.S2","2017-05-30","GUIL.SS.20170530.POM.2",,"condition ok","SIRFER Lab at University of Utah","2018-05-29","ElFtGy1kV49xqNP00HfxQA==","POM","1",750,25,100,"d13C",-25.21,"perMill","Revesz & Coplen 2012a",,
"b45c7e68-3d7f-4659-b5df-cb89a8844cb5","D04","GUIL","GUIL.AOS.S2","2017-05-30","GUIL.SS.20170530.POM.2",,"condition ok","SIRFER Lab at University of Utah","2018-05-29","ElFtGy1kV49xqNP00HfxQA==","POM","1",750,25,100,"nitrogen",13.92,"microgramsPerLiter","Revesz & Coplen 2012a",,
"6ac05dcc-716f-4622-ba31-4d994c1ce82e","D04","GUIL","GUIL.AOS.S2","2017-05-30","GUIL.SS.20170530.POM.2",,"condition ok","SIRFER Lab at University of Utah","2018-05-29","ElFtGy1kV49xqNP00HfxQA==","POM","1",750,25,100,"d15N",14.21,"perMill","Revesz & Coplen 2012a",,
