uid,domainID,siteID,namedLocation,collectDate,sampleID,sampleCode,sampleCondition,laboratoryName,analysisDate,analyzedBy,sampleType,replicate,sampleVolumeFiltered,filterSize,percentFilterAnalyzed,analyte,analyteConcentration,plantAlgaeLabUnits,method,externalRemarks,externalLabDataQF
"c7511174-e06f-4047-a87f-00fab5decbd4","D10","ARIK","ARIK.AOS.S2","2018-09-04","ARIK.SS.20180904.POM.1","A00000020126","condition ok","SIRFER Lab at University of Utah","2018-11-07","ElFtGy1kV49xqNP00HfxQA==","POM","1",250,25,100,"nitrogen",113.07,"microgramsPerLiter","Revesz & Coplen 2012a",,
"84a5d8eb-a6bd-4f95-82b4-c8f9224ba7d4","D10","ARIK","ARIK.AOS.S2","2018-09-04","ARIK.SS.20180904.POM.1","A00000020126","condition ok","SIRFER Lab at University of Utah","2018-11-07","ElFtGy1kV49xqNP00HfxQA==","POM","1",250,25,100,"d13C",-28.47,"perMill","Revesz & Coplen 2012a",,
"9dfb3559-8c40-44e9-ac1c-c56faa3f795c","D10","ARIK","ARIK.AOS.S2","2018-09-04","ARIK.SS.20180904.POM.1","A00000020126","condition ok","SIRFER Lab at University of Utah","2018-11-07","ElFtGy1kV49xqNP00HfxQA==","POM","1",250,25,100,"carbon",949.67,"microgramsPerLiter","Revesz & Coplen 2012a",,
"0e992b76-fd2d-43e4-a325-c579b41ca5a1","D10","ARIK","ARIK.AOS.S2","2018-09-04","ARIK.SS.20180904.POM.1","A00000020126","condition ok","SIRFER Lab at University of Utah","2018-11-07","ElFtGy1kV49xqNP00HfxQA==","POM","1",250,25,100,"d15N",-4.07,"perMill","Revesz & Coplen 2012a",,
