uid,domainID,siteID,namedLocation,collectDate,sampleID,sampleCode,sampleCondition,laboratoryName,analysisDate,analyzedBy,sampleType,replicate,sampleVolumeFiltered,filterSize,percentFilterAnalyzed,analyte,analyteConcentration,plantAlgaeLabUnits,method,externalRemarks,externalLabDataQF
"fb23e5c6-4c63-40e7-a24e-e2d7b40e7b5a","D08","BLWA","BLWA.AOS.buoy.c0","2017-12-05","BLWA.C0.20171205.POM.1",,"condition ok","SIRFER Lab at University of Utah","2018-08-28","ElFtGy1kV49xqNP00HfxQA==","POM","1",100,25,100,"d13C",-30.64,"perMill","Revesz & Coplen 2012a",,
"2ad348e6-f34a-4b2d-8bb0-3a9229b3efb1","D08","BLWA","BLWA.AOS.buoy.c0","2017-12-05","BLWA.C0.20171205.POM.1",,"condition ok","SIRFER Lab at University of Utah","2018-08-28","ElFtGy1kV49xqNP00HfxQA==","POM","1",100,25,100,"carbon",674.80,"microgramsPerLiter","Revesz & Coplen 2012a",,
"c22e7b75-f08f-49bd-b5e9-6a78836b66f6","D08","BLWA","BLWA.AOS.buoy.c0","2017-12-05","BLWA.C0.20171205.POM.1",,"condition ok","SIRFER Lab at University of Utah","2018-08-28","ElFtGy1kV49xqNP00HfxQA==","POM","1",100,25,100,"nitrogen",78.72,"microgramsPerLiter","Revesz & Coplen 2012a",,
"f8c1d174-a6af-42ac-9c71-0ae611b83555","D08","BLWA","BLWA.AOS.buoy.c0","2017-12-05","BLWA.C0.20171205.POM.1",,"condition ok","SIRFER Lab at University of Utah","2018-08-28","ElFtGy1kV49xqNP00HfxQA==","POM","1",100,25,100,"d15N",9.14,"perMill","Revesz & Coplen 2012a",,
"1e72ff77-dfd2-4351-8722-0cc7145b405a","D08","BLWA","BLWA.AOS.buoy.c0","2017-12-13","BLWA.C0.20171213.POM.1",,"condition ok","SIRFER Lab at University of Utah","2018-08-28","ElFtGy1kV49xqNP00HfxQA==","POM","1",100,25,100,"nitrogen",74.30,"microgramsPerLiter","Revesz & Coplen 2012a",,
"4c5be44c-61c0-4206-86ed-d5d57f585cd2","D08","BLWA","BLWA.AOS.buoy.c0","2017-12-13","BLWA.C0.20171213.POM.1",,"condition ok","SIRFER Lab at University of Utah","2018-08-28","ElFtGy1kV49xqNP00HfxQA==","POM","1",100,25,100,"carbon",531.81,"microgramsPerLiter","Revesz & Coplen 2012a",,
"a2d7fae9-75c6-4a14-956e-3438d2ec62c7","D08","BLWA","BLWA.AOS.buoy.c0","2017-12-13","BLWA.C0.20171213.POM.1",,"condition ok","SIRFER Lab at University of Utah","2018-08-28","ElFtGy1kV49xqNP00HfxQA==","POM","1",100,25,100,"d15N",8.99,"perMill","Revesz & Coplen 2012a",,
"54f55183-43e4-4d5b-9c10-db3da7c8e45b","D08","BLWA","BLWA.AOS.buoy.c0","2017-12-13","BLWA.C0.20171213.POM.1",,"condition ok","SIRFER Lab at University of Utah","2018-08-28","ElFtGy1kV49xqNP00HfxQA==","POM","1",100,25,100,"d13C",-31.45,"perMill","Revesz & Coplen 2012a",,
