uid,domainID,siteID,namedLocation,collectDate,sampleID,sampleCode,sampleCondition,laboratoryName,analysisDate,analyzedBy,sampleType,replicate,sampleVolumeFiltered,filterSize,percentFilterAnalyzed,analyte,analyteConcentration,plantAlgaeLabUnits,method,externalRemarks,externalLabDataQF
"0aa5eef6-7801-4853-82fb-d053d404bf22","D04","GUIL","GUIL.AOS.S2","2019-06-12","GUIL.SS.20190612.POM.1","A00000113439","condition ok","SIRFER Lab at University of Utah","2019-10-09","ElFtGy1kV49xqNP00HfxQA==","POM","1",1000,25,100,"d15N",5.72,"perMill","Revesz & Coplen 2012a",,
"0e7f6718-ced1-4747-a5d1-ba2f29f6d8ad","D04","GUIL","GUIL.AOS.S2","2019-06-12","GUIL.SS.20190612.POM.1","A00000113439","condition ok","SIRFER Lab at University of Utah","2019-10-09","ElFtGy1kV49xqNP00HfxQA==","POM","1",1000,25,100,"nitrogen",9.54,"microgramsPerLiter","Revesz & Coplen 2012a",,
"9ccbd5dd-804d-4d63-a6db-b9d716da6543","D04","GUIL","GUIL.AOS.S2","2019-06-12","GUIL.SS.20190612.POM.1","A00000113439","condition ok","SIRFER Lab at University of Utah","2019-10-09","ElFtGy1kV49xqNP00HfxQA==","POM","1",1000,25,100,"carbon",83.31,"microgramsPerLiter","Revesz & Coplen 2012a",,
"360402a3-2a88-4cfb-96ad-94cde9f9ca79","D04","GUIL","GUIL.AOS.S2","2019-06-12","GUIL.SS.20190612.POM.1","A00000113439","condition ok","SIRFER Lab at University of Utah","2019-10-09","ElFtGy1kV49xqNP00HfxQA==","POM","1",1000,25,100,"d13C",-23.54,"perMill","Revesz & Coplen 2012a",,
"f35411f3-b7bb-4664-97bb-d009f2515d9c","D04","GUIL","GUIL.AOS.S2","2019-06-18","GUIL.SS.20190618.POM.1","A00000113436","condition ok","SIRFER Lab at University of Utah","2019-10-09","ElFtGy1kV49xqNP00HfxQA==","POM","1",1250,25,100,"carbon",88.32,"microgramsPerLiter","Revesz & Coplen 2012a",,
"1c834e65-7f77-4c7e-bdb2-3454506c22e1","D04","GUIL","GUIL.AOS.S2","2019-06-18","GUIL.SS.20190618.POM.1","A00000113436","condition ok","SIRFER Lab at University of Utah","2019-10-09","ElFtGy1kV49xqNP00HfxQA==","POM","1",1250,25,100,"d13C",-24.08,"perMill","Revesz & Coplen 2012a",,
"d2aa72e0-186e-4896-9ea8-d20c39d48a0f","D04","GUIL","GUIL.AOS.S2","2019-06-18","GUIL.SS.20190618.POM.1","A00000113436","condition ok","SIRFER Lab at University of Utah","2019-10-09","ElFtGy1kV49xqNP00HfxQA==","POM","1",1250,25,100,"nitrogen",11.26,"microgramsPerLiter","Revesz & Coplen 2012a",,
"332e6b87-9292-45e3-ad14-00022df8ac69","D04","GUIL","GUIL.AOS.S2","2019-06-18","GUIL.SS.20190618.POM.1","A00000113436","condition ok","SIRFER Lab at University of Utah","2019-10-09","ElFtGy1kV49xqNP00HfxQA==","POM","1",1250,25,100,"d15N",5.47,"perMill","Revesz & Coplen 2012a",,
