uid,domainID,siteID,namedLocation,collectDate,sampleID,sampleCode,sampleCondition,laboratoryName,analysisDate,analyzedBy,sampleType,replicate,sampleVolumeFiltered,filterSize,percentFilterAnalyzed,analyte,analyteConcentration,plantAlgaeLabUnits,method,externalRemarks,externalLabDataQF
"5a796ac4-7812-43ad-bd1d-ce20cd1f6d03","D09","PRPO","PRPO.AOS.inlet","2016-02-02","PRPO.IN.20160202.POM.2",,"condition ok","Academy of Natural Sciences of Drexel University","2017-02-13","OKgcKejxXbI=","13C15N","2",,,100,"d15N",3.24,"perMill",,,
"7f8a59aa-2a08-407d-b050-07a81eabd212","D09","PRPO","PRPO.AOS.inlet","2016-02-02","PRPO.IN.20160202.POM.1",,"condition ok","Academy of Natural Sciences of Drexel University","2017-01-31","OKgcKejxXbI=","13C15N","1",,,100,"d15N",4.50,"perMill",,,
"06cf3da1-c5af-42bb-8faa-0f9fb14f98ac","D09","PRPO","PRPO.AOS.inlet","2016-02-02","PRPO.IN.20160202.POM.1",,"condition ok","Academy of Natural Sciences of Drexel University","2017-01-31","OKgcKejxXbI=","13C15N","1",,,100,"d13C",-27.94,"perMill",,,
"0bd83f20-4ab3-42f8-9f75-c3fcf17a4ebb","D09","PRPO","PRPO.AOS.inlet","2016-02-02","PRPO.IN.20160202.POM.2",,"condition ok","Academy of Natural Sciences of Drexel University","2017-02-13","OKgcKejxXbI=","13C15N","2",,,100,"d13C",-29.03,"perMill",,,
"35533a4c-3736-4ca5-8d26-e79d9c41f6a7","D09","PRPO","PRPO.AOS.buoy.c0","2016-02-02","PRPO.C0.20160202.POM.1",,"condition ok","Academy of Natural Sciences of Drexel University","2017-01-31","OKgcKejxXbI=","13C15N","1",,,100,"d15N",3.17,"perMill",,,
"0451e8d4-59c6-4013-b4f0-94907ca5868e","D09","PRPO","PRPO.AOS.buoy.c0","2016-02-02","PRPO.C0.20160202.POM.1",,"condition ok","Academy of Natural Sciences of Drexel University","2017-01-31","OKgcKejxXbI=","13C15N","1",,,100,"d13C",-30.25,"perMill",,,
"ad944068-5dab-4a1b-aa93-c6d4d5dbc14a","D09","PRPO","PRPO.AOS.buoy.c0","2016-02-02","PRPO.C0.20160202.POM.2",,"condition ok","Academy of Natural Sciences of Drexel University","2017-02-13","OKgcKejxXbI=","13C15N","2",,,100,"d13C",-28.53,"perMill",,,
"155edf71-815b-41a6-8cd7-0b8d4b602f50","D09","PRPO","PRPO.AOS.buoy.c0","2016-02-02","PRPO.C0.20160202.POM.2",,"condition ok","Academy of Natural Sciences of Drexel University","2017-02-13","OKgcKejxXbI=","13C15N","2",,,100,"d15N",3.19,"perMill",,,
"48bfdd3a-bfff-42c1-820a-129711132bfe","D09","PRPO","PRPO.AOS.outlet","2016-02-02","PRPO.OT.20160202.POM.1",,"condition ok","Academy of Natural Sciences of Drexel University","2017-01-31","OKgcKejxXbI=","13C15N","1",,,100,"d13C",-29.52,"perMill",,,
"7dfd7845-1b3c-4375-9bc8-4cef9122e5d2","D09","PRPO","PRPO.AOS.outlet","2016-02-02","PRPO.OT.20160202.POM.2",,"condition ok","Academy of Natural Sciences of Drexel University","2017-02-13","OKgcKejxXbI=","13C15N","2",,,100,"d15N",3.08,"perMill",,,
"b41b638a-aa68-48a8-bc15-e9bba0f66350","D09","PRPO","PRPO.AOS.outlet","2016-02-02","PRPO.OT.20160202.POM.2",,"condition ok","Academy of Natural Sciences of Drexel University","2017-02-13","OKgcKejxXbI=","13C15N","2",,,100,"d13C",-28.80,"perMill",,,
"aa7bc456-d1ad-4dd2-9b78-477b7e3f564c","D09","PRPO","PRPO.AOS.outlet","2016-02-02","PRPO.OT.20160202.POM.1",,"condition ok","Academy of Natural Sciences of Drexel University","2017-01-31","OKgcKejxXbI=","13C15N","1",,,100,"d15N",4.10,"perMill",,,
