uid,domainID,siteID,namedLocation,collectDate,sampleID,sampleCode,sampleCondition,laboratoryName,analysisDate,analyzedBy,sampleType,replicate,sampleVolumeFiltered,filterSize,percentFilterAnalyzed,analyte,analyteConcentration,plantAlgaeLabUnits,method,externalRemarks,externalLabDataQF
"2e27e74f-b7c3-452b-9e34-05e0cc8d1562","D08","BLWA","BLWA.AOS.buoy.c0","2018-07-09","BLWA.C0.20180709.POM.1","A00000014273","condition ok","SIRFER Lab at University of Utah","2018-10-30","ElFtGy1kV49xqNP00HfxQA==","POM","1",100,25,100,"d13C",-30.28,"perMill","Revesz & Coplen 2012a",,
"bf650930-fc03-438b-8fc2-e493c62a21fb","D08","BLWA","BLWA.AOS.buoy.c0","2018-07-09","BLWA.C0.20180709.POM.1","A00000014273","condition ok","SIRFER Lab at University of Utah","2018-10-30","ElFtGy1kV49xqNP00HfxQA==","POM","1",100,25,100,"nitrogen",131.43,"microgramsPerLiter","Revesz & Coplen 2012a",,
"4e058081-d90e-4e65-83e2-16a951b409bf","D08","BLWA","BLWA.AOS.buoy.c0","2018-07-09","BLWA.C0.20180709.POM.1","A00000014273","condition ok","SIRFER Lab at University of Utah","2018-10-30","ElFtGy1kV49xqNP00HfxQA==","POM","1",100,25,100,"carbon",930.24,"microgramsPerLiter","Revesz & Coplen 2012a",,
"fa08c8a9-603c-45f4-885f-1bb675a9c65e","D08","BLWA","BLWA.AOS.buoy.c0","2018-07-09","BLWA.C0.20180709.POM.1","A00000014273","condition ok","SIRFER Lab at University of Utah","2018-10-30","ElFtGy1kV49xqNP00HfxQA==","POM","1",100,25,100,"d15N",8.71,"perMill","Revesz & Coplen 2012a",,
"13403ead-1d08-4463-92fd-73f0e024d92a","D08","BLWA","BLWA.AOS.buoy.c0","2018-07-24","BLWA.C0.20180724.POM.1","A00000014298","condition ok","SIRFER Lab at University of Utah","2018-10-30","ElFtGy1kV49xqNP00HfxQA==","POM","1",100,25,100,"d13C",-30.65,"perMill","Revesz & Coplen 2012a",,
"5373e10b-4d23-4dd0-96e5-7c56098768cd","D08","BLWA","BLWA.AOS.buoy.c0","2018-07-24","BLWA.C0.20180724.POM.1","A00000014298","condition ok","SIRFER Lab at University of Utah","2018-10-30","ElFtGy1kV49xqNP00HfxQA==","POM","1",100,25,100,"nitrogen",176.49,"microgramsPerLiter","Revesz & Coplen 2012a",,
"614fc47d-2aee-4a98-a3bf-adcfd6841f99","D08","BLWA","BLWA.AOS.buoy.c0","2018-07-24","BLWA.C0.20180724.POM.1","A00000014298","condition ok","SIRFER Lab at University of Utah","2018-10-30","ElFtGy1kV49xqNP00HfxQA==","POM","1",100,25,100,"carbon",1339.07,"microgramsPerLiter","Revesz & Coplen 2012a",,
"a058755e-200e-4213-bc93-bc40a6276c42","D08","BLWA","BLWA.AOS.buoy.c0","2018-07-24","BLWA.C0.20180724.POM.1","A00000014298","condition ok","SIRFER Lab at University of Utah","2018-10-30","ElFtGy1kV49xqNP00HfxQA==","POM","1",100,25,100,"d15N",8.98,"perMill","Revesz & Coplen 2012a",,
