uid,domainID,siteID,namedLocation,collectDate,sampleID,sampleCode,sampleCondition,laboratoryName,analysisDate,analyzedBy,sampleType,replicate,sampleVolumeFiltered,filterSize,percentFilterAnalyzed,analyte,analyteConcentration,plantAlgaeLabUnits,method,externalRemarks,externalLabDataQF
"90f97799-1613-4b7f-b5aa-f8395f358c74","D04","CUPE","CUPE.AOS.S2","2018-02-20","CUPE.SS.20180220.POM.1",,"condition ok","SIRFER Lab at University of Utah","2018-08-10","ElFtGy1kV49xqNP00HfxQA==","POM","1",1500,25,100,"d13C",-33.23,"perMill","Revesz & Coplen 2012a",,
"abbdc8c9-4f27-4ef4-a467-417f70a33903","D04","CUPE","CUPE.AOS.S2","2018-02-20","CUPE.SS.20180220.POM.1",,"condition ok","SIRFER Lab at University of Utah","2018-08-10","ElFtGy1kV49xqNP00HfxQA==","POM","1",1500,25,100,"carbon",64.21,"microgramsPerLiter","Revesz & Coplen 2012a",,
"669a657c-92b1-48bd-8776-6b2e00d20e53","D04","CUPE","CUPE.AOS.S2","2018-02-20","CUPE.SS.20180220.POM.1",,"condition ok","SIRFER Lab at University of Utah","2018-08-10","ElFtGy1kV49xqNP00HfxQA==","POM","1",1500,25,100,"nitrogen",8.23,"microgramsPerLiter","Revesz & Coplen 2012a",,
"2493a8e4-a381-45f5-8e6f-de6e4a1d9eae","D04","CUPE","CUPE.AOS.S2","2018-02-20","CUPE.SS.20180220.POM.1",,"condition ok","SIRFER Lab at University of Utah","2018-08-10","ElFtGy1kV49xqNP00HfxQA==","POM","1",1500,25,100,"d15N",-2.91,"perMill","Revesz & Coplen 2012a",,
"7c8f742b-11d9-48b1-b572-f636a98f1099","D04","CUPE","CUPE.AOS.S2","2018-02-28","CUPE.SS.20180228.POM.1",,"condition ok","SIRFER Lab at University of Utah","2018-08-10","ElFtGy1kV49xqNP00HfxQA==","POM","1",1500,25,100,"d15N",-2.39,"perMill","Revesz & Coplen 2012a",,
"c70618d5-3470-4293-b6bf-64a3948ed3f2","D04","CUPE","CUPE.AOS.S2","2018-02-28","CUPE.SS.20180228.POM.1",,"condition ok","SIRFER Lab at University of Utah","2018-08-10","ElFtGy1kV49xqNP00HfxQA==","POM","1",1500,25,100,"carbon",81.80,"microgramsPerLiter","Revesz & Coplen 2012a",,
"f29cc5fb-d53c-4d13-8960-c64319b836a0","D04","CUPE","CUPE.AOS.S2","2018-02-28","CUPE.SS.20180228.POM.1",,"condition ok","SIRFER Lab at University of Utah","2018-08-10","ElFtGy1kV49xqNP00HfxQA==","POM","1",1500,25,100,"d13C",-29.28,"perMill","Revesz & Coplen 2012a",,
"8d7067ad-8bab-4933-ae65-bff74191d0da","D04","CUPE","CUPE.AOS.S2","2018-02-28","CUPE.SS.20180228.POM.1",,"condition ok","SIRFER Lab at University of Utah","2018-08-10","ElFtGy1kV49xqNP00HfxQA==","POM","1",1500,25,100,"nitrogen",8.19,"microgramsPerLiter","Revesz & Coplen 2012a",,
