uid,domainID,siteID,namedLocation,collectDate,sampleID,sampleCode,sampleCondition,laboratoryName,analysisDate,analyzedBy,sampleType,replicate,sampleVolumeFiltered,filterSize,percentFilterAnalyzed,analyte,analyteConcentration,plantAlgaeLabUnits,method,externalRemarks,externalLabDataQF
"30eede23-6965-404f-ad09-cf78369f33f6","D08","MAYF","MAYF.AOS.S2","2016-08-09","MAYF.SS.20160809.POM.1",,"other","Academy of Natural Sciences of Drexel University","2017-04-08","OKgcKejxXbI=","13C15N","1",,,100,"d15N",,"perMill",,"sample too small for analysis",
"ea1b9e76-1233-4192-ac6f-b23447d15d6d","D08","MAYF","MAYF.AOS.S2","2016-08-09","MAYF.SS.20160809.POM.2",,"other","Academy of Natural Sciences of Drexel University","2017-05-18","OKgcKejxXbI=","13C15N","2",,,100,"d15N",,"perMill",,"sample too small for analysis",
"b60a6d35-0315-444a-a72a-a8c2a643304a","D08","MAYF","MAYF.AOS.S2","2016-08-09","MAYF.SS.20160809.POM.1",,"condition ok","Academy of Natural Sciences of Drexel University","2017-04-08","OKgcKejxXbI=","13C15N","1",,,100,"d13C",-27.83,"perMill",,,
"f273e972-8e19-431d-8e8f-10148467c61d","D08","MAYF","MAYF.AOS.S2","2016-08-09","MAYF.SS.20160809.POM.2",,"other","Academy of Natural Sciences of Drexel University","2017-05-18","OKgcKejxXbI=","13C15N","2",,,100,"d13C",-27.82,"perMill",,"poor folding, sample loss",
