uid,domainID,siteID,namedLocation,collectDate,sampleID,sampleCode,sampleCondition,laboratoryName,analysisDate,analyzedBy,sampleType,replicate,sampleVolumeFiltered,filterSize,percentFilterAnalyzed,analyte,analyteConcentration,plantAlgaeLabUnits,method,externalRemarks,externalLabDataQF
"8cee26d7-1c81-4fcd-ad95-93e455230ec5","D03","FLNT","FLNT.AOS.buoy.c0","2019-02-05","FLNT.C0.20190205.POM.1","A00000037337","condition ok","SIRFER Lab at University of Utah","2019-04-30","ElFtGy1kV49xqNP00HfxQA==","POM","1",300,25,100,"nitrogen",61.97,"microgramsPerLiter","Revesz & Coplen 2012a",,
"2c45a5e0-e343-42f5-aaf3-744aa09d2fcd","D03","FLNT","FLNT.AOS.buoy.c0","2019-02-05","FLNT.C0.20190205.POM.1","A00000037337","condition ok","SIRFER Lab at University of Utah","2019-04-30","ElFtGy1kV49xqNP00HfxQA==","POM","1",300,25,100,"d15N",5.42,"perMill","Revesz & Coplen 2012a",,
"5c142b84-d309-4a51-bc53-4ee78d57e3d3","D03","FLNT","FLNT.AOS.buoy.c0","2019-02-05","FLNT.C0.20190205.POM.1","A00000037337","condition ok","SIRFER Lab at University of Utah","2019-04-30","ElFtGy1kV49xqNP00HfxQA==","POM","1",300,25,100,"carbon",709.42,"microgramsPerLiter","Revesz & Coplen 2012a",,
"473a2054-1153-4194-b39a-bac358a37890","D03","FLNT","FLNT.AOS.buoy.c0","2019-02-05","FLNT.C0.20190205.POM.1","A00000037337","condition ok","SIRFER Lab at University of Utah","2019-04-30","ElFtGy1kV49xqNP00HfxQA==","POM","1",300,25,100,"d13C",-29.77,"perMill","Revesz & Coplen 2012a",,
"d82a6d00-f7c5-4cc2-ba42-77c31843e48d","D03","FLNT","FLNT.AOS.buoy.c0","2019-02-12","FLNT.C0.20190212.POM.1","A00000037340","condition ok","SIRFER Lab at University of Utah","2019-04-30","ElFtGy1kV49xqNP00HfxQA==","POM","1",300,25,100,"carbon",651.86,"microgramsPerLiter","Revesz & Coplen 2012a",,
"4aa22ba6-5b57-4ba2-abd2-5cfc3bc81c70","D03","FLNT","FLNT.AOS.buoy.c0","2019-02-12","FLNT.C0.20190212.POM.1","A00000037340","condition ok","SIRFER Lab at University of Utah","2019-04-30","ElFtGy1kV49xqNP00HfxQA==","POM","1",300,25,100,"d13C",-29.24,"perMill","Revesz & Coplen 2012a",,
"e31d6549-04de-4360-9c11-6c60d51c3c37","D03","FLNT","FLNT.AOS.buoy.c0","2019-02-12","FLNT.C0.20190212.POM.1","A00000037340","condition ok","SIRFER Lab at University of Utah","2019-04-30","ElFtGy1kV49xqNP00HfxQA==","POM","1",300,25,100,"nitrogen",55.48,"microgramsPerLiter","Revesz & Coplen 2012a",,
"e55b1547-f8b3-4e46-957f-d6a604cd1f5b","D03","FLNT","FLNT.AOS.buoy.c0","2019-02-12","FLNT.C0.20190212.POM.1","A00000037340","condition ok","SIRFER Lab at University of Utah","2019-04-30","ElFtGy1kV49xqNP00HfxQA==","POM","1",300,25,100,"d15N",4.78,"perMill","Revesz & Coplen 2012a",,
"f6a8bf4d-ef0e-40f6-8db4-94c18cad55eb","D03","FLNT","FLNT.AOS.buoy.c0","2019-02-26","FLNT.C0.20190226.POM.1","A00000037518","condition ok","SIRFER Lab at University of Utah","2019-05-01","ElFtGy1kV49xqNP00HfxQA==","POM","1",250,25,100,"carbon",555.78,"microgramsPerLiter","Revesz & Coplen 2012a",,
"56859956-74b0-4709-a686-7ce1171206f8","D03","FLNT","FLNT.AOS.buoy.c0","2019-02-26","FLNT.C0.20190226.POM.1","A00000037518","condition ok","SIRFER Lab at University of Utah","2019-05-01","ElFtGy1kV49xqNP00HfxQA==","POM","1",250,25,100,"d15N",3.59,"perMill","Revesz & Coplen 2012a",,
"2c5848dd-feca-4a29-ab0d-da68f972b272","D03","FLNT","FLNT.AOS.buoy.c0","2019-02-26","FLNT.C0.20190226.POM.1","A00000037518","condition ok","SIRFER Lab at University of Utah","2019-05-01","ElFtGy1kV49xqNP00HfxQA==","POM","1",250,25,100,"d13C",-28.35,"perMill","Revesz & Coplen 2012a",,
"67a9c52e-2f8d-4d34-bb1e-d9091b0898cd","D03","FLNT","FLNT.AOS.buoy.c0","2019-02-26","FLNT.C0.20190226.POM.1","A00000037518","condition ok","SIRFER Lab at University of Utah","2019-05-01","ElFtGy1kV49xqNP00HfxQA==","POM","1",250,25,100,"nitrogen",49.18,"microgramsPerLiter","Revesz & Coplen 2012a",,
