uid,domainID,siteID,namedLocation,collectDate,sampleID,sampleCode,sampleCondition,laboratoryName,analysisDate,analyzedBy,sampleType,replicate,sampleVolumeFiltered,filterSize,percentFilterAnalyzed,analyte,analyteConcentration,plantAlgaeLabUnits,method,externalRemarks,externalLabDataQF
"5f879b46-4c61-4ed7-a6f6-7770d6c86e7a","D18","TOOK","TOOK.AOS.buoy.c0","2017-01-10","TOOK.C0.20170110.POM.2",,"other","Academy of Natural Sciences of Drexel University","2017-06-14","OKgcKejxXbI=","13C15N","2",,,100,"d15N",5.01,"perMill",,"Black, fibrous material on filter, potential contaminent",
"b21ea5f0-a04f-4749-afdb-5b5d787a7804","D18","TOOK","TOOK.AOS.buoy.c0","2017-01-10","TOOK.C0.20170110.POM.2",,"other","Academy of Natural Sciences of Drexel University","2017-06-14","OKgcKejxXbI=","13C15N","2",,,100,"d13C",,"perMill",,"Black, fibrous material on filter, potential contaminent, sample corrupted during run",
"88adbe78-b8dd-45de-a8fb-abe9c17f380e","D18","TOOK","TOOK.AOS.buoy.c0","2017-01-10","TOOK.C0.20170110.POM.1",,"condition ok","Academy of Natural Sciences of Drexel University","2017-04-12","OKgcKejxXbI=","13C15N","1",,,100,"d15N",4.91,"perMill",,,
"7bd223f9-311e-4e54-8f19-6081c40dd98f","D18","TOOK","TOOK.AOS.buoy.c0","2017-01-10","TOOK.C0.20170110.POM.1",,"condition ok","Academy of Natural Sciences of Drexel University","2017-04-12","OKgcKejxXbI=","13C15N","1",,,100,"d13C",-26.74,"perMill",,,
