uid,domainID,siteID,namedLocation,collectDate,sampleID,sampleCode,sampleCondition,laboratoryName,analysisDate,analyzedBy,sampleType,replicate,sampleVolumeFiltered,filterSize,percentFilterAnalyzed,analyte,analyteConcentration,plantAlgaeLabUnits,method,externalRemarks,externalLabDataQF
"71ee3825-63d5-4320-b124-72fc128e5237","D07","LECO","LECO.AOS.S2","2016-10-13","LECO.SS.20161013.POM.2",,"condition ok","Academy of Natural Sciences of Drexel University","2017-05-10","OKgcKejxXbI=","13C15N","2",,,100,"d13C",-27.94,"perMill",,,
"784f5252-181a-41a9-b483-f643e212cb11","D07","LECO","LECO.AOS.S2","2016-10-13","LECO.SS.20161013.POM.1",,"condition ok","Academy of Natural Sciences of Drexel University","2017-04-03","OKgcKejxXbI=","13C15N","1",,,100,"d13C",-27.91,"perMill",,,
"c554467f-acb9-42d1-90d4-225a4932f235","D07","LECO","LECO.AOS.S2","2016-10-13","LECO.SS.20161013.POM.1",,"condition ok","Academy of Natural Sciences of Drexel University","2017-04-03","OKgcKejxXbI=","13C15N","1",,,100,"d15N",2.02,"perMill",,,
"a10ef89d-b08e-4082-b43f-e2c558d19798","D07","LECO","LECO.AOS.S2","2016-10-13","LECO.SS.20161013.POM.2",,"condition ok","Academy of Natural Sciences of Drexel University","2017-05-10","OKgcKejxXbI=","13C15N","2",,,100,"d15N",1.51,"perMill",,,
