uid,domainID,siteID,namedLocation,collectDate,sampleID,sampleCode,sampleCondition,laboratoryName,analysisDate,analyzedBy,sampleType,replicate,sampleVolumeFiltered,filterSize,percentFilterAnalyzed,analyte,analyteConcentration,plantAlgaeLabUnits,method,externalRemarks,externalLabDataQF
"7cf07d4b-5880-41ca-9a2b-7bbea01ede09","D01","HOPB","HOPB.AOS.S2","2017-08-08","HOPB.SS.20170808.POM.1",,"condition ok","SIRFER Lab at University of Utah","2018-02-20","ElFtGy1kV49xqNP00HfxQA==","POM","1",500,25,100,"d13C",-28.41,"perMill","Revesz & Coplen 2012a",,
"ec09661a-bdcc-46be-b8f8-e9901dfce72f","D01","HOPB","HOPB.AOS.S2","2017-08-08","HOPB.SS.20170808.POM.1",,"condition ok","SIRFER Lab at University of Utah","2018-02-20","ElFtGy1kV49xqNP00HfxQA==","POM","1",500,25,100,"d15N",4.42,"perMill","Revesz & Coplen 2012a",,
"ae238c7e-cdd8-4c35-8bcb-6dc759e5fb25","D01","HOPB","HOPB.AOS.S2","2017-08-08","HOPB.SS.20170808.POM.1",,"condition ok","SIRFER Lab at University of Utah","2018-02-20","ElFtGy1kV49xqNP00HfxQA==","POM","1",500,25,100,"carbon",258.50,"microgramsPerLiter","Revesz & Coplen 2012a",,
"9180b62e-46ce-43a9-8042-6b88959dc6b3","D01","HOPB","HOPB.AOS.S2","2017-08-08","HOPB.SS.20170808.POM.1",,"condition ok","SIRFER Lab at University of Utah","2018-02-20","ElFtGy1kV49xqNP00HfxQA==","POM","1",500,25,100,"nitrogen",21.37,"microgramsPerLiter","Revesz & Coplen 2012a",,
