uid,domainID,siteID,namedLocation,collectDate,sampleID,sampleCode,sampleCondition,laboratoryName,analysisDate,analyzedBy,sampleType,replicate,sampleVolumeFiltered,filterSize,percentFilterAnalyzed,analyte,analyteConcentration,plantAlgaeLabUnits,method,externalRemarks,externalLabDataQF
"1bfd0868-fbe3-450b-8c19-c723c753d237","D03","BARC","BARC.AOS.buoy.c0","2016-04-07","BARC.C0.20160407.POM.2",,"condition ok","Academy of Natural Sciences of Drexel University","2016-08-29","OKgcKejxXbI=","13C15N","2",,,100,"d15N",1.95,"perMill",,,
"6ea4d56e-dbdb-4f1f-9cdc-56373e6969f7","D03","BARC","BARC.AOS.buoy.c0","2016-04-07","BARC.C0.20160407.POM.2",,"condition ok","Academy of Natural Sciences of Drexel University","2016-08-29","OKgcKejxXbI=","13C15N","2",,,100,"d13C",-28.13,"perMill",,,
"e74a931d-54ad-40b8-9893-315ba7b7bc17","D03","BARC","BARC.AOS.buoy.c0","2016-04-07","BARC.C0.20160407.POM.1",,"condition ok","Academy of Natural Sciences of Drexel University","2016-08-29","OKgcKejxXbI=","13C15N","1",,,100,"d13C",-27.97,"perMill",,,
"41e2faeb-7043-458f-a4e9-3203c7d7fabd","D03","BARC","BARC.AOS.buoy.c0","2016-04-07","BARC.C0.20160407.POM.1",,"condition ok","Academy of Natural Sciences of Drexel University","2016-08-29","OKgcKejxXbI=","13C15N","1",,,100,"d15N",2.57,"perMill",,,
"ef8d2d07-e6d1-4fab-ad59-e3667f47d18a","D03","BARC","BARC.AOS.inlet","2016-04-07","BARC.IN.20160407.POM.1",,"condition ok","Academy of Natural Sciences of Drexel University","2016-08-29","OKgcKejxXbI=","13C15N","1",,,100,"d13C",-30.21,"perMill",,,
"d4c73b43-7189-4a4b-9d69-352b04d7d050","D03","BARC","BARC.AOS.inlet","2016-04-07","BARC.IN.20160407.POM.1",,"condition ok","Academy of Natural Sciences of Drexel University","2016-08-29","OKgcKejxXbI=","13C15N","1",,,100,"d15N",2.18,"perMill",,,
"b49ff8ac-2700-4a0f-9fe2-d82385c81155","D03","BARC","BARC.AOS.inlet","2016-04-07","BARC.IN.20160407.POM.2",,"condition ok","Academy of Natural Sciences of Drexel University","2016-08-29","OKgcKejxXbI=","13C15N","2",,,100,"d13C",-27.97,"perMill",,,
"6bd4b28c-b83b-4747-80f4-cbde40bb9d95","D03","BARC","BARC.AOS.inlet","2016-04-07","BARC.IN.20160407.POM.2",,"condition ok","Academy of Natural Sciences of Drexel University","2016-08-29","OKgcKejxXbI=","13C15N","2",,,100,"d15N",3.82,"perMill",,,
"4a2fcdc4-61d7-4199-83a4-508c18fbb7a4","D03","BARC","BARC.AOS.outlet","2016-04-07","BARC.OT.20160407.POM.2",,"condition ok","Academy of Natural Sciences of Drexel University","2016-09-01","OKgcKejxXbI=","13C15N","2",,,100,"d13C",-28.42,"perMill",,,
"29482974-8704-47f5-bd63-66beab5c3340","D03","BARC","BARC.AOS.outlet","2016-04-07","BARC.OT.20160407.POM.1",,"condition ok","Academy of Natural Sciences of Drexel University","2016-08-29","OKgcKejxXbI=","13C15N","1",,,100,"d15N",2.16,"perMill",,,
"7fc61225-0f95-441e-ae23-48b9b22c4ff8","D03","BARC","BARC.AOS.outlet","2016-04-07","BARC.OT.20160407.POM.1",,"condition ok","Academy of Natural Sciences of Drexel University","2016-09-01","OKgcKejxXbI=","13C15N","1",,,100,"d13C",-30.85,"perMill",,,
"68017ecd-4993-427d-aa19-cd9b41e61f34","D03","BARC","BARC.AOS.outlet","2016-04-07","BARC.OT.20160407.POM.2",,"condition ok","Academy of Natural Sciences of Drexel University","2016-08-29","OKgcKejxXbI=","13C15N","2",,,100,"d15N",1.32,"perMill",,,
