uid,domainID,siteID,namedLocation,decimalLatitude,decimalLongitude,coordinateUncertainty,additionalCoordUncertainty,elevation,elevationUncertainty,geodeticDatum,altLocation,altLatitude,altLongitude,altCoordinateUncertainty,altGeodeticDatum,collectDate,aquaticSiteType,samplingImpractical,parentSampleID,parentSampleCode,eventID,samplerType,dissolvedOxygen,dissolvedOxygenSaturation,specificConductance,waterTemp,asiSamplingProtocolVersion,lowerSegmentDepth,upperSegmentDepth,maxDepth,lakeSampleDepth1,lakeSampleDepth2,aCollectedBy,bCollectedBy,remarks,fieldDataQF
"7970b85e-5674-4f97-b6a9-032c536a7153","D04","GUIL","GUIL.AOS.S2",18.174094,-66.799710,0.1,10.0,546.0,0.1,"WGS84",,,,,,"2016-09-06T12:40Z","stream",,"GUIL.SS.20160906",,"GUIL.20160906","Grab",7.92,96.00,189.50,21.90,"NEON.DOC.001886vD",,,,,,"mpagan@neoninc.org","kricks@field-ops.org",,
"d34903b4-75fe-4d4b-a7cb-33e39ba90f9a","D04","GUIL","GUIL.AOS.S2",18.174094,-66.799710,0.1,10.0,546.0,0.1,"WGS84",,,,,,"2016-09-13T12:40Z","stream",,"GUIL.SS.20160913",,"GUIL.20160913","Grab",8.42,101.10,168.10,21.20,"NEON.DOC.001886vD",,,,,,"mpagan@neoninc.org","kricks@field-ops.org",,
"ca3c27fc-7128-4ff9-b99f-c9ed79455330","D04","GUIL","GUIL.AOS.S2",18.174094,-66.799710,0.1,10.0,546.0,0.1,"WGS84",,,,,,"2016-09-22T12:39Z","stream",,"GUIL.SS.20160922",,"GUIL.20160922","Grab",,,,,"NEON.DOC.001886vD",,,,,,"mpagan@neoninc.org","clopez@field-ops.org","There was presence of tractors and electric generators emitting gases when SDG air samples were taken.|There was presence of tractors and electric generators emitting gases when SDG air samples were taken.",
"51430135-bfce-447f-a941-f5c114c74d00","D04","GUIL","GUIL.AOS.S2",18.174094,-66.799710,0.1,10.0,546.0,0.1,"WGS84",,,,,,"2016-09-27T12:19Z","stream",,"GUIL.SS.20160927",,"GUIL.20160927","Grab",8.46,100.70,200.40,21.00,"NEON.DOC.001886vD",,,,,,"mpagan@neoninc.org","kricks@field-ops.org",,
