uid,domainID,siteID,namedLocation,collectDate,analysisDate,isotopeH2OSampleID,isotopeH2OSampleCode,instrumentSN,d18OWater,d2HWater,d18OsdWater,d2HsdWater,isotopeH2OExternalLabQF,laboratoryName,analyzedBy,sampleCondition,externalRemarks,externalLabDataQF
"4b716448-d00c-4dad-8963-b5e058862eb4","D04","GUIL","GUIL.AOS.S2","2016-09-06","2016-10-12","GUIL.SS.20160906.H2O.1",,"HIDS2052",-3.10,-11.12,0.03,0.08,0,"SIRFER Lab at University of Utah","OlSmE6RRn5QQH8tvUHmK5i/poYiQr6sd","OK",,
"1c359a5a-a335-4229-ab9e-22e237844c7f","D04","GUIL","GUIL.AOS.S2","2016-09-13","2016-10-12","GUIL.SS.20160913.H2O.1",,"HIDS2052",-2.98,-10.47,0.02,0.08,0,"SIRFER Lab at University of Utah","OlSmE6RRn5QQH8tvUHmK5i/poYiQr6sd","OK",,
"2bd14877-ed2e-4ed6-b2d0-6d391e08df43","D04","GUIL","GUIL.AOS.S2","2016-09-22","2016-10-20","GUIL.SS.20160922.H2O.1",,"HIDS2052",-2.96,-9.79,0.02,0.04,0,"SIRFER Lab at University of Utah","OlSmE6RRn5QQH8tvUHmK5i/poYiQr6sd","OK",,
"5ffe4105-63b9-40c2-a505-0a203393dd5a","D04","GUIL","GUIL.AOS.S2","2016-09-27","2016-10-20","GUIL.SS.20160927.H2O.1",,"HIDS2052",-3.14,-11.05,0.03,0.10,0,"SIRFER Lab at University of Utah","OlSmE6RRn5QQH8tvUHmK5i/poYiQr6sd","OK",,
