uid,domainID,siteID,namedLocation,collectDate,parentSampleID,parentSampleCode,isotopeH2OSampleCond,isotopeH2OSampleID,isotopeH2OSampleCode,isotopePOMRep2SampleCond,isotopePOMRep2SampleID,isotopePOMRep2SampleCode,isotopePOMSampleCond,isotopePOMSampleID,isotopePOMSampleCode,processedDateFilters,processedDateH2OIsotopes,sampleVolumeFilteredPOMRep1,sampleVolumeFilteredPOMRep2,fieldDataQF
"6b5c7633-eae4-4b22-ae62-8d2e4379d856","D04","GUIL","GUIL.AOS.S2","2016-09-06T12:40Z","GUIL.SS.20160906",,,"GUIL.SS.20160906.H2O.1",,,"GUIL.SS.20160906.POM.2",,,"GUIL.SS.20160906.POM.1",,"2016-09-06T13:19Z","2016-09-06T12:48Z",750,750,
"4cca139e-5297-4aa6-95b1-47832c8b4e01","D04","GUIL","GUIL.AOS.S2","2016-09-13T12:40Z","GUIL.SS.20160913",,,"GUIL.SS.20160913.H2O.1",,,"GUIL.SS.20160913.POM.2",,,"GUIL.SS.20160913.POM.1",,"2016-09-13T14:12Z","2016-09-13T13:27Z",250,250,
"3f656c7b-b2e2-4637-8220-4a708cf8ce97","D04","GUIL","GUIL.AOS.S2","2016-09-22T12:39Z","GUIL.SS.20160922",,,"GUIL.SS.20160922.H2O.1",,,"GUIL.SS.20160922.POM.2",,,"GUIL.SS.20160922.POM.1",,"2016-09-22T13:18Z","2016-09-22T13:00Z",250,250,
"eb4a5069-d7ea-4992-8d02-e2dc5cc90ca9","D04","GUIL","GUIL.AOS.S2","2016-09-27T12:19Z","GUIL.SS.20160927",,,"GUIL.SS.20160927.H2O.1",,,"GUIL.SS.20160927.POM.2",,,"GUIL.SS.20160927.POM.1",,"2016-09-27T13:20Z","2016-09-27T12:28Z",750,750,
