uid,domainID,siteID,namedLocation,collectDate,sampleID,sampleCode,sampleCondition,laboratoryName,analysisDate,analyzedBy,sampleType,replicate,sampleVolumeFiltered,filterSize,percentFilterAnalyzed,analyte,analyteConcentration,plantAlgaeLabUnits,method,externalRemarks,externalLabDataQF
"95c1e938-653d-4c3d-acae-4f26769faeff","D04","GUIL","GUIL.AOS.S2","2016-09-06","GUIL.SS.20160906.POM.1",,"other","Academy of Natural Sciences of Drexel University","2017-03-28","OKgcKejxXbI=","13C15N","1",,,100,"d13C",-27.14,"perMill",,"Samples delivered over the weekend - not processed until 9/26/16 - dry ice melted",
"122c063d-606a-4e76-8b72-1c79c8969888","D04","GUIL","GUIL.AOS.S2","2016-09-06","GUIL.SS.20160906.POM.1",,"other","Academy of Natural Sciences of Drexel University","2017-03-28","OKgcKejxXbI=","13C15N","1",,,100,"d15N",2.44,"perMill",,"Samples delivered over the weekend - not processed until 9/26/16 - dry ice melted",
"d4e0d472-ae1f-4cee-8e2b-77f9cbfe5351","D04","GUIL","GUIL.AOS.S2","2016-09-06","GUIL.SS.20160906.POM.2",,"other","Academy of Natural Sciences of Drexel University","2017-05-10","OKgcKejxXbI=","13C15N","2",,,100,"d15N",2.32,"perMill",,"Samples delivered over the weekend - not processed until 9/26/16 - dry ice melted",
"2d339e17-bfc7-46c5-af58-c908b52b9356","D04","GUIL","GUIL.AOS.S2","2016-09-06","GUIL.SS.20160906.POM.2",,"other","Academy of Natural Sciences of Drexel University","2017-05-10","OKgcKejxXbI=","13C15N","2",,,100,"d13C",-26.12,"perMill",,"Samples delivered over the weekend - not processed until 9/26/16 - dry ice melted",
"a5f6cc45-5656-4815-9bde-4743d079aa57","D04","GUIL","GUIL.AOS.S2","2016-09-13","GUIL.SS.20160913.POM.1",,"other","Academy of Natural Sciences of Drexel University","2017-03-28","OKgcKejxXbI=","13C15N","1",,,100,"d15N",2.75,"perMill",,"Samples delivered over the weekend - not processed until 9/26/16 - dry ice melted",
"c0b59dda-bcc7-45a4-9481-475711ade9b2","D04","GUIL","GUIL.AOS.S2","2016-09-13","GUIL.SS.20160913.POM.2",,"other","Academy of Natural Sciences of Drexel University","2017-05-10","OKgcKejxXbI=","13C15N","2",,,100,"d15N",3.65,"perMill",,"Samples delivered over the weekend - not processed until 9/26/16 - dry ice melted",
"821b43ab-a2c5-4a08-ad09-d71352f5450d","D04","GUIL","GUIL.AOS.S2","2016-09-13","GUIL.SS.20160913.POM.2",,"other","Academy of Natural Sciences of Drexel University","2017-05-10","OKgcKejxXbI=","13C15N","2",,,100,"d13C",-25.59,"perMill",,"Samples delivered over the weekend - not processed until 9/26/16 - dry ice melted",
"d47547d8-b19e-4ba0-8914-8106a112340d","D04","GUIL","GUIL.AOS.S2","2016-09-13","GUIL.SS.20160913.POM.1",,"other","Academy of Natural Sciences of Drexel University","2017-03-28","OKgcKejxXbI=","13C15N","1",,,100,"d13C",-25.50,"perMill",,"Samples delivered over the weekend - not processed until 9/26/16 - dry ice melted",
"e03133e1-3460-4b15-8cdf-fd4140d1aff0","D04","GUIL","GUIL.AOS.S2","2016-09-22","GUIL.SS.20160922.POM.2",,"other","Academy of Natural Sciences of Drexel University","2017-05-10","OKgcKejxXbI=","13C15N","2",,,100,"d15N",4.21,"perMill",,"Not on inventory list: Samples delivered over the weekend - not processed until 9/26/16 - dry ice melted",
"7518e705-472a-4c2e-af97-0dc302eacac7","D04","GUIL","GUIL.AOS.S2","2016-09-22","GUIL.SS.20160922.POM.2",,"other","Academy of Natural Sciences of Drexel University","2017-03-28","OKgcKejxXbI=","13C15N","1",,,100,"d13C",-27.12,"perMill",,"Not on inventory list: Samples delivered over the weekend - not processed until 9/26/16 - dry ice melted",
"0ecbeb70-6368-4f4a-9c7b-9f99a29ce708","D04","GUIL","GUIL.AOS.S2","2016-09-22","GUIL.SS.20160922.POM.2",,"other","Academy of Natural Sciences of Drexel University","2017-05-10","OKgcKejxXbI=","13C15N","2",,,100,"d13C",-26.43,"perMill",,"Not on inventory list: Samples delivered over the weekend - not processed until 9/26/16 - dry ice melted",
"2c7782cd-bc43-4d3c-a522-97084cc3c697","D04","GUIL","GUIL.AOS.S2","2016-09-22","GUIL.SS.20160922.POM.2",,"other","Academy of Natural Sciences of Drexel University","2017-03-28","OKgcKejxXbI=","13C15N","1",,,100,"d15N",3.77,"perMill",,"Not on inventory list: Samples delivered over the weekend - not processed until 9/26/16 - dry ice melted",
"259a344e-4051-4c90-8f65-c1dbea7f07bb","D04","GUIL","GUIL.AOS.S2","2016-09-27","GUIL.SS.20160927.POM.1",,"condition ok","Academy of Natural Sciences of Drexel University","2017-04-08","OKgcKejxXbI=","13C15N","1",,,100,"d13C",-26.06,"perMill",,,
"f5b2c7d6-f97d-4eac-9920-737dfde01ed3","D04","GUIL","GUIL.AOS.S2","2016-09-27","GUIL.SS.20160927.POM.2",,"other","Academy of Natural Sciences of Drexel University","2017-05-23","OKgcKejxXbI=","13C15N","2",,,100,"d13C",-27.99,"perMill",,"poor filter folding, sample loss",
"c3fd469d-e6b2-4732-9746-5f09e211f220","D04","GUIL","GUIL.AOS.S2","2016-09-27","GUIL.SS.20160927.POM.1",,"condition ok","Academy of Natural Sciences of Drexel University","2017-04-08","OKgcKejxXbI=","13C15N","1",,,100,"d15N",3.43,"perMill",,,
"728bf314-4945-4f7f-a252-153ed5b2813e","D04","GUIL","GUIL.AOS.S2","2016-09-27","GUIL.SS.20160927.POM.2",,"other","Academy of Natural Sciences of Drexel University","2017-05-23","OKgcKejxXbI=","13C15N","2",,,100,"d15N",3.77,"perMill",,"Slight poor folding",
