uid,domainID,siteID,namedLocation,collectDate,sampleID,sampleCode,sampleCondition,laboratoryName,analysisDate,analyzedBy,sampleType,replicate,sampleVolumeFiltered,filterSize,percentFilterAnalyzed,analyte,analyteConcentration,plantAlgaeLabUnits,method,externalRemarks,externalLabDataQF
"9f1f10b0-afa6-49cd-9a41-fed594a9d16c","D09","PRLA","PRLA.AOS.inlet","2017-05-03","PRLA.IN.20170503.POM.1",,"condition ok","SIRFER Lab at University of Utah","2018-03-14","ElFtGy1kV49xqNP00HfxQA==","POM","1",100,25,100,"d13C",-26.40,"perMill","Revesz & Coplen 2012a",,
"e3fa0aec-9371-48ff-bdeb-d765dd433fd2","D09","PRLA","PRLA.AOS.inlet","2017-05-03","PRLA.IN.20170503.POM.1",,"condition ok","SIRFER Lab at University of Utah","2018-03-14","ElFtGy1kV49xqNP00HfxQA==","POM","1",100,25,100,"nitrogen",1197.00,"microgramsPerLiter","Revesz & Coplen 2012a",,
"0473cae9-8f73-4046-9a95-a4a70b8307ee","D09","PRLA","PRLA.AOS.inlet","2017-05-03","PRLA.IN.20170503.POM.1",,"condition ok","SIRFER Lab at University of Utah","2018-03-14","ElFtGy1kV49xqNP00HfxQA==","POM","1",100,25,100,"d15N",7.10,"perMill","Revesz & Coplen 2012a",,
"401acc69-ee81-4ec8-a026-f7fa58215d34","D09","PRLA","PRLA.AOS.inlet","2017-05-03","PRLA.IN.20170503.POM.1",,"condition ok","SIRFER Lab at University of Utah","2018-03-14","ElFtGy1kV49xqNP00HfxQA==","POM","1",100,25,100,"carbon",7034.00,"microgramsPerLiter","Revesz & Coplen 2012a",,
"0f58bb23-88b3-4792-986d-e5d7577af4f9","D09","PRLA","PRLA.AOS.buoy.c0","2017-05-03","PRLA.C0.20170503.POM.1",,"condition ok","SIRFER Lab at University of Utah","2018-03-14","ElFtGy1kV49xqNP00HfxQA==","POM","1",100,25,100,"nitrogen",1589.20,"microgramsPerLiter","Revesz & Coplen 2012a",,
"bd656105-9cb8-4de6-807a-09f73d5fda61","D09","PRLA","PRLA.AOS.buoy.c0","2017-05-03","PRLA.C0.20170503.POM.1",,"condition ok","SIRFER Lab at University of Utah","2018-03-14","ElFtGy1kV49xqNP00HfxQA==","POM","1",100,25,100,"d13C",-27.00,"perMill","Revesz & Coplen 2012a",,
"2b9a9a5f-b084-4f46-ab77-9bf68eaf053d","D09","PRLA","PRLA.AOS.buoy.c0","2017-05-03","PRLA.C0.20170503.POM.1",,"condition ok","SIRFER Lab at University of Utah","2018-03-14","ElFtGy1kV49xqNP00HfxQA==","POM","1",100,25,100,"carbon",8898.30,"microgramsPerLiter","Revesz & Coplen 2012a",,
"fe1db4c4-ad33-4992-a27c-1fd774a89987","D09","PRLA","PRLA.AOS.buoy.c0","2017-05-03","PRLA.C0.20170503.POM.1",,"condition ok","SIRFER Lab at University of Utah","2018-03-14","ElFtGy1kV49xqNP00HfxQA==","POM","1",100,25,100,"d15N",6.70,"perMill","Revesz & Coplen 2012a",,
"52e08e98-19d7-449e-9c1f-3675a35f6aef","D09","PRLA","PRLA.AOS.outlet","2017-05-03","PRLA.OT.20170503.POM.1",,"condition ok","SIRFER Lab at University of Utah","2018-03-14","ElFtGy1kV49xqNP00HfxQA==","POM","1",100,25,100,"d15N",10.60,"perMill","Revesz & Coplen 2012a",,
"8b454be1-553a-4297-8bbe-d5cfa2c079c2","D09","PRLA","PRLA.AOS.outlet","2017-05-03","PRLA.OT.20170503.POM.1",,"condition ok","SIRFER Lab at University of Utah","2018-03-14","ElFtGy1kV49xqNP00HfxQA==","POM","1",100,25,100,"carbon",5311.90,"microgramsPerLiter","Revesz & Coplen 2012a",,
"75e83154-3d2b-41d0-92ad-c84a85e2b62e","D09","PRLA","PRLA.AOS.outlet","2017-05-03","PRLA.OT.20170503.POM.1",,"condition ok","SIRFER Lab at University of Utah","2018-03-14","ElFtGy1kV49xqNP00HfxQA==","POM","1",100,25,100,"d13C",-26.40,"perMill","Revesz & Coplen 2012a",,
"9486da82-e73b-4e0b-8fbb-21db6c2bea04","D09","PRLA","PRLA.AOS.outlet","2017-05-03","PRLA.OT.20170503.POM.1",,"condition ok","SIRFER Lab at University of Utah","2018-03-14","ElFtGy1kV49xqNP00HfxQA==","POM","1",100,25,100,"nitrogen",881.50,"microgramsPerLiter","Revesz & Coplen 2012a",,
