uid,domainID,siteID,namedLocation,collectDate,sampleID,sampleCode,sampleCondition,laboratoryName,analysisDate,analyzedBy,sampleType,replicate,sampleVolumeFiltered,filterSize,percentFilterAnalyzed,analyte,analyteConcentration,plantAlgaeLabUnits,method,externalRemarks,externalLabDataQF
"c7d6a2c3-7375-46b9-80a5-62fc5fd7201d","D08","MAYF","MAYF.AOS.S2","2016-12-06","MAYF.SS.20161206.POM.1",,"condition ok","Academy of Natural Sciences of Drexel University","2017-04-08","OKgcKejxXbI=","13C15N","1",,,100,"d13C",-28.07,"perMill",,,
"bcc0b336-13e9-485d-80de-6f78acf67d36","D08","MAYF","MAYF.AOS.S2","2016-12-06","MAYF.SS.20161206.POM.2",,"condition ok","Academy of Natural Sciences of Drexel University","2017-05-23","OKgcKejxXbI=","13C15N","2",,,100,"d13C",-28.63,"perMill",,,
"e048a9ff-fb0c-416b-b237-7df006caebec","D08","MAYF","MAYF.AOS.S2","2016-12-06","MAYF.SS.20161206.POM.1",,"condition ok","Academy of Natural Sciences of Drexel University","2017-04-08","OKgcKejxXbI=","13C15N","1",,,100,"d15N",2.26,"perMill",,,
"61595f3b-4a8b-4c9a-95fd-34d4077f41c1","D08","MAYF","MAYF.AOS.S2","2016-12-06","MAYF.SS.20161206.POM.2",,"other","Academy of Natural Sciences of Drexel University","2017-05-23","OKgcKejxXbI=","13C15N","2",,,100,"d15N",,"perMill",,"sample too small for analysis",
"2a959cdd-2956-41a9-a205-d275bdebb067","D08","MAYF","MAYF.AOS.S2","2016-12-19","MAYF.SS.20161219.POM.2",,"condition ok","Academy of Natural Sciences of Drexel University","2017-05-23","OKgcKejxXbI=","13C15N","2",,,100,"d13C",-28.75,"perMill",,,
"c25851b4-9543-4dca-9b53-6256c9d6b397","D08","MAYF","MAYF.AOS.S2","2016-12-19","MAYF.SS.20161219.POM.2",,"other","Academy of Natural Sciences of Drexel University","2017-05-23","OKgcKejxXbI=","13C15N","2",,,100,"d15N",,"perMill",,"sample too small for analysis",
"5b3b214d-9cad-45ab-9bc6-e3067cd28383","D08","MAYF","MAYF.AOS.S2","2016-12-19","MAYF.SS.20161219.POM.1",,"condition ok","Academy of Natural Sciences of Drexel University","2017-04-08","OKgcKejxXbI=","13C15N","1",,,100,"d15N",2.36,"perMill",,,
"0040ab56-2cdb-4666-b425-39d58672046a","D08","MAYF","MAYF.AOS.S2","2016-12-19","MAYF.SS.20161219.POM.1",,"condition ok","Academy of Natural Sciences of Drexel University","2017-04-08","OKgcKejxXbI=","13C15N","1",,,100,"d13C",-27.81,"perMill",,,
