uid,domainID,siteID,namedLocation,collectDate,sampleID,sampleCode,sampleCondition,laboratoryName,analysisDate,analyzedBy,sampleType,replicate,sampleVolumeFiltered,filterSize,percentFilterAnalyzed,analyte,analyteConcentration,plantAlgaeLabUnits,method,externalRemarks,externalLabDataQF
"5fec6092-3545-4b04-a752-7fd770436aab","D07","WALK","WALK.AOS.S2","2016-07-25","WALK.SS.20160725.POM.2",,"other","Academy of Natural Sciences of Drexel University","2017-06-01","OKgcKejxXbI=","13C15N","2",,,100,"d13C",-29.23,"perMill",,"filter poorly folded, sample loss",
"9f424ad1-b13a-4082-8d26-53de225c7cd8","D07","WALK","WALK.AOS.S2","2016-07-25","WALK.SS.20160725.POM.1",,"other","Academy of Natural Sciences of Drexel University","2017-02-23","OKgcKejxXbI=","13C15N","1",,,100,"d15N",3.51,"perMill",,"filter poorly folded, sample loss",
"c4e2c2f8-f808-45ac-8463-36773c8f7650","D07","WALK","WALK.AOS.S2","2016-07-25","WALK.SS.20160725.POM.2",,"other","Academy of Natural Sciences of Drexel University","2017-06-01","OKgcKejxXbI=","13C15N","2",,,100,"d15N",1.72,"perMill",,"filter poorly folded, sample loss",
"f222241f-0b44-469d-9034-97432694e576","D07","WALK","WALK.AOS.S2","2016-07-25","WALK.SS.20160725.POM.1",,"other","Academy of Natural Sciences of Drexel University","2017-02-23","OKgcKejxXbI=","13C15N","1",,,100,"d13C",-28.64,"perMill",,"filter poorly folded, sample loss",
