uid,domainID,siteID,namedLocation,collectDate,sampleID,sampleCode,sampleCondition,laboratoryName,analysisDate,analyzedBy,sampleType,replicate,sampleVolumeFiltered,filterSize,percentFilterAnalyzed,analyte,analyteConcentration,plantAlgaeLabUnits,method,externalRemarks,externalLabDataQF
"50625958-6577-4e99-8d72-d1c3cf9a487d","D04","GUIL","GUIL.AOS.S2","2016-02-16","GUIL.SS.20160216.POM.2",,"condition ok","Academy of Natural Sciences of Drexel University","2017-01-24","OKgcKejxXbI=","13C15N","2",,,100,"d15N",4.13,"perMill",,,
"7c3194df-04b0-4c94-bbb0-c774643d5469","D04","GUIL","GUIL.AOS.S2","2016-02-16","GUIL.SS.20160216.POM.2",,"condition ok","Academy of Natural Sciences of Drexel University","2017-01-24","OKgcKejxXbI=","13C15N","2",,,100,"d13C",-26.66,"perMill",,,
"dd5d0dc1-502c-4df0-919c-75e7fca742d9","D04","GUIL","GUIL.AOS.S2","2016-02-16","GUIL.SS.20160216.POM.1",,"condition ok","Academy of Natural Sciences of Drexel University","2017-02-13","OKgcKejxXbI=","13C15N","1",,,100,"d13C",-25.58,"perMill",,,
"c10aaf86-44c7-4b06-ad1e-a22f2396127b","D04","GUIL","GUIL.AOS.S2","2016-02-16","GUIL.SS.20160216.POM.1",,"condition ok","Academy of Natural Sciences of Drexel University","2017-02-13","OKgcKejxXbI=","13C15N","1",,,100,"d15N",4.30,"perMill",,,
