uid,domainID,siteID,namedLocation,collectDate,parentSampleID,parentSampleCode,isotopeH2OSampleCond,isotopeH2OSampleID,isotopeH2OSampleCode,isotopePOMRep2SampleCond,isotopePOMRep2SampleID,isotopePOMRep2SampleCode,isotopePOMSampleCond,isotopePOMSampleID,isotopePOMSampleCode,processedDateFilters,processedDateH2OIsotopes,sampleVolumeFilteredPOMRep1,sampleVolumeFilteredPOMRep2,fieldDataQF
"0b713cca-7650-41e8-9752-4dd3d7013a5f","D11","PRIN","PRIN.AOS.S2","2018-05-01T14:24Z","PRIN.SS.20180501",,"Sample condition ok","PRIN.SS.20180501.H2O.1","A00000021185","Sample condition ok","PRIN.SS.20180501.POM.2","A00000021203","Sample condition ok","PRIN.SS.20180501.POM.1","A00000021202","2018-05-01T16:19Z","2018-05-01T16:19Z",500,500,
"1704be0b-c1a4-4cfb-ad24-f0567e4da579","D11","PRIN","PRIN.AOS.S2","2018-05-03T18:23Z","PRIN.SS.20180503",,"Sample condition ok","PRIN.SS.20180503.H2O.1","A00000021188","Sample condition ok","PRIN.SS.20180503.POM.2","A00000021220","Sample condition ok","PRIN.SS.20180503.POM.1","A00000021219","2018-05-03T20:07Z","2018-05-03T18:35Z",30,30,
"b0ffc15c-ad25-4596-ae1c-638799040a24","D11","PRIN","PRIN.AOS.S2","2018-05-07T14:56Z","PRIN.SS.20180507",,"Sample condition ok","PRIN.SS.20180507.H2O.1","A00000021208","Sample condition ok","PRIN.SS.20180507.POM.2","A00000021233","Sample condition ok","PRIN.SS.20180507.POM.1","A00000021239","2018-05-07T16:49Z","2018-05-07T16:49Z",500,500,
"ba1afb37-15e0-4c1b-9f65-9a8e1f98ce72","D11","PRIN","PRIN.AOS.S2","2018-05-17T15:41Z","PRIN.SS.20180517",,"Sample condition ok","PRIN.SS.20180517.H2O.1","A00000021212","Sample condition ok","PRIN.SS.20180517.POM.2","A00000021531","Sample condition ok","PRIN.SS.20180517.POM.1","A00000021530","2018-05-17T17:54Z","2018-05-17T17:54Z",500,500,
"cbe5975d-574f-4b39-a9cb-9c9081d846da","D11","PRIN","PRIN.AOS.S2","2018-05-30T16:03Z","PRIN.SS.20180530",,"Sample condition ok","PRIN.SS.20180530.H2O.1","A00000021554","Sample condition ok","PRIN.SS.20180530.POM.2","A00000021563","Sample condition ok","PRIN.SS.20180530.POM.1","A00000021562","2018-05-30T18:21Z","2018-05-30T18:21Z",500,500,
