uid,domainID,siteID,namedLocation,decimalLatitude,decimalLongitude,coordinateUncertainty,additionalCoordUncertainty,elevation,elevationUncertainty,geodeticDatum,altLocation,altLatitude,altLongitude,altCoordinateUncertainty,altGeodeticDatum,collectDate,aquaticSiteType,samplingImpractical,parentSampleID,parentSampleCode,eventID,samplerType,dissolvedOxygen,dissolvedOxygenSaturation,specificConductance,waterTemp,asiSamplingProtocolVersion,lowerSegmentDepth,upperSegmentDepth,maxDepth,lakeSampleDepth1,lakeSampleDepth2,aCollectedBy,bCollectedBy,remarks,fieldDataQF
"caa34e58-bf45-47f7-a739-772672d475ad","D11","PRIN","PRIN.AOS.S2",33.378430,-97.781508,0.1,10.0,251.1,0.1,"WGS84",,,,,,"2018-05-01T14:24Z","stream",,"PRIN.SS.20180501",,"PRIN.20180501","Grab",4.54,49.30,894.00,19.40,"NEON.DOC.001886vF",,,,,,"nfenster@battelleecology.org","kjones03@battelleecology.org",,
"3b24f173-186d-4dab-a9d7-6a2dccea10ef","D11","PRIN","PRIN.AOS.S2",33.378430,-97.781508,0.1,10.0,251.1,0.1,"WGS84",,,,,,"2018-05-03T18:23Z","stream",,"PRIN.SS.20180503",,"PRIN.20180503","Grab",6.25,71.70,636.00,22.00,"NEON.DOC.001886vF",,,,,,"nfenster@battelleecology.org","kjones03@battelleecology.org",,
"11be5819-69e1-4323-b3e9-14e00db98590","D11","PRIN","PRIN.AOS.S2",33.378430,-97.781508,0.1,10.0,251.1,0.1,"WGS84",,,,,,"2018-05-07T14:56Z","stream",,"PRIN.SS.20180507",,"PRIN.20180507","Grab",6.57,72.50,754.00,19.10,"NEON.DOC.001886vF",,,,,,"nfenster@battelleecology.org","kjones03@battelleecology.org",,
"adb6085a-fc90-4a3f-bf62-a632534d46fa","D11","PRIN","PRIN.AOS.S2",33.378430,-97.781508,0.1,10.0,251.1,0.1,"WGS84",,,,,,"2018-05-17T15:41Z","stream",,"PRIN.SS.20180517",,"PRIN.20180517","Grab",6.70,77.70,848.00,22.60,"NEON.DOC.001886vF",,,,,,"cburton@battelleecology.org","kjones03@battelleecology.org",,
"390ea0f5-cdbc-4784-8c43-7a97d0528a7d","D11","PRIN","PRIN.AOS.S2",33.378430,-97.781508,0.1,10.0,251.1,0.1,"WGS84",,,,,,"2018-05-30T16:03Z","stream",,"PRIN.SS.20180530",,"PRIN.20180530","Grab",6.70,85.60,812.00,27.90,"NEON.DOC.001886vF",,,,,,"nfenster@battelleecology.org","nfenster@battelleecology.org",,
