uid,domainID,siteID,namedLocation,collectDate,analysisDate,isotopeH2OSampleID,isotopeH2OSampleCode,instrumentSN,d18OWater,d2HWater,d18OsdWater,d2HsdWater,isotopeH2OExternalLabQF,laboratoryName,analyzedBy,sampleCondition,externalRemarks,externalLabDataQF
"44712822-9dd9-4362-bf9e-a24a453d68d8","D11","PRIN","PRIN.AOS.S2","2018-05-01","2018-05-15","PRIN.SS.20180501.H2O.1","A00000021185","HIDS2046",-4.17,-24.52,0.02,0.08,0,"SIRFER Lab at University of Utah","OlSmE6RRn5QQH8tvUHmK5i/poYiQr6sd","OK",,
"41cbf3fd-3360-4c7d-a1fe-567de13d7d5b","D11","PRIN","PRIN.AOS.S2","2018-05-03","2018-07-25","PRIN.SS.20180503.H2O.1","A00000021188","HIDS2046",-4.64,-33.55,0.00,0.00,0,"SIRFER Lab at University of Utah","OlSmE6RRn5QQH8tvUHmK5i/poYiQr6sd","OK",,
"ff14f35f-9de3-45a3-b257-f39f8936f626","D11","PRIN","PRIN.AOS.S2","2018-05-07","2018-07-25","PRIN.SS.20180507.H2O.1","A00000021208","HIDS2046",-4.32,-32.80,0.00,0.00,0,"SIRFER Lab at University of Utah","OlSmE6RRn5QQH8tvUHmK5i/poYiQr6sd","OK",,
"64f9eaf1-d308-4ec7-96e3-bfca636cf760","D11","PRIN","PRIN.AOS.S2","2018-05-17","2018-07-25","PRIN.SS.20180517.H2O.1","A00000021212","HIDS2046",-4.71,-34.64,0.08,0.07,0,"SIRFER Lab at University of Utah","OlSmE6RRn5QQH8tvUHmK5i/poYiQr6sd","OK",,
"dd7deefb-bc28-42c9-a13a-127f3bf55323","D11","PRIN","PRIN.AOS.S2","2018-05-30","2018-07-25","PRIN.SS.20180530.H2O.1","A00000021554","HIDS2046",-4.04,-30.57,0.07,0.37,0,"SIRFER Lab at University of Utah","OlSmE6RRn5QQH8tvUHmK5i/poYiQr6sd","OK",,
