uid,domainID,siteID,namedLocation,collectDate,sampleID,sampleCode,sampleCondition,laboratoryName,analysisDate,analyzedBy,sampleType,replicate,sampleVolumeFiltered,filterSize,percentFilterAnalyzed,analyte,analyteConcentration,plantAlgaeLabUnits,method,externalRemarks,externalLabDataQF
"081f8952-3556-4d3c-87a4-0cf0463bd651","D11","PRIN","PRIN.AOS.S2","2018-05-01","PRIN.SS.20180501.POM.1","A00000021202","condition ok","SIRFER Lab at University of Utah","2018-08-16","ElFtGy1kV49xqNP00HfxQA==","POM","1",500,25,100,"d15N",8.36,"perMill","Revesz & Coplen 2012a",,
"8d866acd-0e5b-4edd-91e7-33e3e0a3784f","D11","PRIN","PRIN.AOS.S2","2018-05-01","PRIN.SS.20180501.POM.1","A00000021202","condition ok","SIRFER Lab at University of Utah","2018-08-16","ElFtGy1kV49xqNP00HfxQA==","POM","1",500,25,100,"nitrogen",52.35,"microgramsPerLiter","Revesz & Coplen 2012a",,
"7b146d56-00bf-4507-98a0-baef96d2ff4d","D11","PRIN","PRIN.AOS.S2","2018-05-01","PRIN.SS.20180501.POM.1","A00000021202","condition ok","SIRFER Lab at University of Utah","2018-08-16","ElFtGy1kV49xqNP00HfxQA==","POM","1",500,25,100,"d13C",-26.26,"perMill","Revesz & Coplen 2012a",,
"0772befb-b330-4c16-a804-273dca5f7797","D11","PRIN","PRIN.AOS.S2","2018-05-01","PRIN.SS.20180501.POM.1","A00000021202","condition ok","SIRFER Lab at University of Utah","2018-08-16","ElFtGy1kV49xqNP00HfxQA==","POM","1",500,25,100,"carbon",434.82,"microgramsPerLiter","Revesz & Coplen 2012a",,
"76829e20-8cf2-4630-9a67-3c42d9f5f3dc","D11","PRIN","PRIN.AOS.S2","2018-05-03","PRIN.SS.20180503.POM.1","A00000021219","condition ok","SIRFER Lab at University of Utah","2018-08-24","ElFtGy1kV49xqNP00HfxQA==","POM","1",30,25,100,"nitrogen",471.78,"microgramsPerLiter","Revesz & Coplen 2012a",,
"a4185ea4-367d-4f93-b92f-53fc4dbb1612","D11","PRIN","PRIN.AOS.S2","2018-05-03","PRIN.SS.20180503.POM.1","A00000021219","condition ok","SIRFER Lab at University of Utah","2018-08-24","ElFtGy1kV49xqNP00HfxQA==","POM","1",30,25,100,"carbon",4003.46,"microgramsPerLiter","Revesz & Coplen 2012a",,
"acf9e77f-d1b2-42d9-b8e3-0dfcd9906e3a","D11","PRIN","PRIN.AOS.S2","2018-05-03","PRIN.SS.20180503.POM.1","A00000021219","condition ok","SIRFER Lab at University of Utah","2018-08-24","ElFtGy1kV49xqNP00HfxQA==","POM","1",30,25,100,"d13C",-22.92,"perMill","Revesz & Coplen 2012a",,
"9d8df7da-fa13-4766-9687-1eb5dc30c20a","D11","PRIN","PRIN.AOS.S2","2018-05-03","PRIN.SS.20180503.POM.1","A00000021219","condition ok","SIRFER Lab at University of Utah","2018-08-24","ElFtGy1kV49xqNP00HfxQA==","POM","1",30,25,100,"d15N",3.94,"perMill","Revesz & Coplen 2012a",,
"74cba896-65bf-42cd-a568-5a228aae5256","D11","PRIN","PRIN.AOS.S2","2018-05-07","PRIN.SS.20180507.POM.1","A00000021239","condition ok","SIRFER Lab at University of Utah","2018-08-24","ElFtGy1kV49xqNP00HfxQA==","POM","1",500,25,100,"d15N",5.72,"perMill","Revesz & Coplen 2012a",,
"e794965e-d425-4819-8cf4-98679697a395","D11","PRIN","PRIN.AOS.S2","2018-05-07","PRIN.SS.20180507.POM.1","A00000021239","condition ok","SIRFER Lab at University of Utah","2018-08-24","ElFtGy1kV49xqNP00HfxQA==","POM","1",500,25,100,"carbon",749.09,"microgramsPerLiter","Revesz & Coplen 2012a",,
"093d2308-f134-4437-9835-a394a0b82b75","D11","PRIN","PRIN.AOS.S2","2018-05-07","PRIN.SS.20180507.POM.1","A00000021239","condition ok","SIRFER Lab at University of Utah","2018-08-24","ElFtGy1kV49xqNP00HfxQA==","POM","1",500,25,100,"nitrogen",76.57,"microgramsPerLiter","Revesz & Coplen 2012a",,
"dd3720e6-e871-4fe2-b205-c14854905901","D11","PRIN","PRIN.AOS.S2","2018-05-07","PRIN.SS.20180507.POM.1","A00000021239","condition ok","SIRFER Lab at University of Utah","2018-08-24","ElFtGy1kV49xqNP00HfxQA==","POM","1",500,25,100,"d13C",-23.40,"perMill","Revesz & Coplen 2012a",,
"6a57de69-7252-46dd-8408-80257bec5981","D11","PRIN","PRIN.AOS.S2","2018-05-17","PRIN.SS.20180517.POM.1","A00000021530","condition ok","SIRFER Lab at University of Utah","2018-08-24","ElFtGy1kV49xqNP00HfxQA==","POM","1",500,25,100,"d15N",6.10,"perMill","Revesz & Coplen 2012a",,
"d49bc0f9-b7da-4734-9910-a8c7068f23b6","D11","PRIN","PRIN.AOS.S2","2018-05-17","PRIN.SS.20180517.POM.1","A00000021530","condition ok","SIRFER Lab at University of Utah","2018-08-24","ElFtGy1kV49xqNP00HfxQA==","POM","1",500,25,100,"nitrogen",30.49,"microgramsPerLiter","Revesz & Coplen 2012a",,
"ce1274e3-5db5-4d6a-8507-b8816f8c692a","D11","PRIN","PRIN.AOS.S2","2018-05-17","PRIN.SS.20180517.POM.1","A00000021530","condition ok","SIRFER Lab at University of Utah","2018-08-24","ElFtGy1kV49xqNP00HfxQA==","POM","1",500,25,100,"carbon",255.62,"microgramsPerLiter","Revesz & Coplen 2012a",,
"9298febd-3eaf-4b05-8fc0-917ac52dcccb","D11","PRIN","PRIN.AOS.S2","2018-05-17","PRIN.SS.20180517.POM.1","A00000021530","condition ok","SIRFER Lab at University of Utah","2018-08-24","ElFtGy1kV49xqNP00HfxQA==","POM","1",500,25,100,"d13C",-26.15,"perMill","Revesz & Coplen 2012a",,
"bc68ff13-cc11-4491-90da-3deddd7f4abc","D11","PRIN","PRIN.AOS.S2","2018-05-30","PRIN.SS.20180530.POM.1","A00000021562","condition ok","SIRFER Lab at University of Utah","2018-08-24","ElFtGy1kV49xqNP00HfxQA==","POM","1",500,25,100,"d15N",7.94,"perMill","Revesz & Coplen 2012a",,
"05f9b766-7a88-47ef-a856-ef4246c31da1","D11","PRIN","PRIN.AOS.S2","2018-05-30","PRIN.SS.20180530.POM.1","A00000021562","condition ok","SIRFER Lab at University of Utah","2018-08-24","ElFtGy1kV49xqNP00HfxQA==","POM","1",500,25,100,"carbon",291.76,"microgramsPerLiter","Revesz & Coplen 2012a",,
"a160973a-4492-4c06-8aca-5251c825c2b7","D11","PRIN","PRIN.AOS.S2","2018-05-30","PRIN.SS.20180530.POM.1","A00000021562","condition ok","SIRFER Lab at University of Utah","2018-08-24","ElFtGy1kV49xqNP00HfxQA==","POM","1",500,25,100,"nitrogen",28.18,"microgramsPerLiter","Revesz & Coplen 2012a",,
"9a5b119e-21a2-4de3-b75e-377e097dacb6","D11","PRIN","PRIN.AOS.S2","2018-05-30","PRIN.SS.20180530.POM.1","A00000021562","condition ok","SIRFER Lab at University of Utah","2018-08-24","ElFtGy1kV49xqNP00HfxQA==","POM","1",500,25,100,"d13C",-24.71,"perMill","Revesz & Coplen 2012a",,
