uid,domainID,siteID,namedLocation,decimalLatitude,decimalLongitude,coordinateUncertainty,additionalCoordUncertainty,elevation,elevationUncertainty,geodeticDatum,altLocation,altLatitude,altLongitude,altCoordinateUncertainty,altGeodeticDatum,collectDate,aquaticSiteType,samplingImpractical,parentSampleID,parentSampleCode,eventID,samplerType,dissolvedOxygen,dissolvedOxygenSaturation,specificConductance,waterTemp,asiSamplingProtocolVersion,lowerSegmentDepth,upperSegmentDepth,maxDepth,lakeSampleDepth1,lakeSampleDepth2,aCollectedBy,bCollectedBy,remarks,fieldDataQF
"73c3c02a-0655-4b04-94e2-beb7192fe349","D15","REDB","REDB.AOS.S2",40.783660,-111.798110,0.1,10.0,1688.6,0.0,"WGS84",,,,,,"2019-05-01T16:18Z","stream",,"REDB.SS.20190501",,"REDB.20190501","Grab",9.81,76.50,485.00,4.90,"NEON.DOC.001886vG",,,,,,"0000-0003-1389-3031","0000-0002-1342-9821","transcribed from paper data",
"2ba1b195-7abb-4bc6-ba91-76f52d8d885b","D15","REDB","REDB.AOS.S2",40.783660,-111.798110,0.1,10.0,1688.6,0.0,"WGS84",,,,,,"2019-05-08T18:07Z","stream",,"REDB.SS.20190508",,"REDB.20190508","Grab",9.23,76.70,4.98,7.40,"NEON.DOC.001886vG",,,,,,"0000-0002-1342-9821","0000-0003-3998-2024",,
"97b02114-4b52-4f1d-a0de-56b88338a0f6","D15","REDB","REDB.AOS.S2",40.783660,-111.798110,0.1,10.0,1688.6,0.0,"WGS84",,,,,,"2019-05-13T17:19Z","stream",,"REDB.SS.20190513",,"REDB.20190513","Grab",10.00,85.00,517.00,8.20,"NEON.DOC.001886vG",,,,,,"0000-0003-3998-2024","0000-0002-1671-2913",,
"2f19ce81-5aa0-49c9-899b-4d01e70eceae","D15","REDB","REDB.AOS.S2",40.783660,-111.798110,0.1,10.0,1688.6,0.0,"WGS84",,,,,,"2019-05-21T16:29Z","stream",,"REDB.SS.20190521",,"REDB.20190521","Grab",9.70,79.50,515.00,6.70,"NEON.DOC.001886vG",,,,,,"0000-0002-1671-2913",,,
"0dbd3a3b-b08b-4cdf-9988-670533a783f9","D15","REDB","REDB.AOS.S2",40.783660,-111.798110,0.1,10.0,1688.6,0.0,"WGS84",,,,,,"2019-05-28T16:18Z","stream",,"REDB.SS.20190528",,"REDB.20190528","Grab",9.92,81.50,499.00,7.30,"NEON.DOC.001886vG",,,,,,"0000-0002-1671-2913","0000-0002-1342-9821",,
