uid,domainID,siteID,namedLocation,collectDate,sampleID,sampleCode,sampleCondition,laboratoryName,analysisDate,analyzedBy,sampleType,replicate,sampleVolumeFiltered,filterSize,percentFilterAnalyzed,analyte,analyteConcentration,plantAlgaeLabUnits,method,externalRemarks,externalLabDataQF
"363c8f1f-ce6d-4fdf-a3a0-7e9a875c2495","D15","REDB","REDB.AOS.S2","2019-05-01","REDB.SS.20190501.POM.1","A00000057485","condition ok","SIRFER Lab at University of Utah","2019-09-24","ElFtGy1kV49xqNP00HfxQA==","POM","1",100,25,100,"nitrogen",140.10,"microgramsPerLiter","Revesz & Coplen 2012a",,
"b0420c7a-35d6-479f-ae73-a4fa350d9183","D15","REDB","REDB.AOS.S2","2019-05-01","REDB.SS.20190501.POM.1","A00000057485","condition ok","SIRFER Lab at University of Utah","2019-09-24","ElFtGy1kV49xqNP00HfxQA==","POM","1",100,25,100,"d15N",2.68,"perMill","Revesz & Coplen 2012a",,
"65c610c5-ecd5-41b4-a959-6bdfa5c1cf1a","D15","REDB","REDB.AOS.S2","2019-05-01","REDB.SS.20190501.POM.1","A00000057485","condition ok","SIRFER Lab at University of Utah","2019-09-24","ElFtGy1kV49xqNP00HfxQA==","POM","1",100,25,100,"carbon",2596.81,"microgramsPerLiter","Revesz & Coplen 2012a",,
"f691a943-a649-4ff8-b610-0fef4a6bc67c","D15","REDB","REDB.AOS.S2","2019-05-01","REDB.SS.20190501.POM.1","A00000057485","condition ok","SIRFER Lab at University of Utah","2019-09-24","ElFtGy1kV49xqNP00HfxQA==","POM","1",100,25,100,"d13C",-23.45,"perMill","Revesz & Coplen 2012a",,
"80ed21c7-a31d-4d5d-9ebb-e3702091d02e","D15","REDB","REDB.AOS.S2","2019-05-08","REDB.SS.20190508.POM.1","A00000057478","condition ok","SIRFER Lab at University of Utah","2019-09-24","ElFtGy1kV49xqNP00HfxQA==","POM","1",100,25,100,"carbon",1348.42,"microgramsPerLiter","Revesz & Coplen 2012a",,
"661f5e7d-a3b3-4435-a76f-e9d5af1e7dd9","D15","REDB","REDB.AOS.S2","2019-05-08","REDB.SS.20190508.POM.1","A00000057478","condition ok","SIRFER Lab at University of Utah","2019-09-24","ElFtGy1kV49xqNP00HfxQA==","POM","1",100,25,100,"d15N",5.33,"perMill","Revesz & Coplen 2012a",,
"d2298820-d999-4a52-b362-a6a73120c5b7","D15","REDB","REDB.AOS.S2","2019-05-08","REDB.SS.20190508.POM.1","A00000057478","condition ok","SIRFER Lab at University of Utah","2019-09-24","ElFtGy1kV49xqNP00HfxQA==","POM","1",100,25,100,"d13C",-24.26,"perMill","Revesz & Coplen 2012a",,
"a4c808c7-5442-4097-ab39-5f3819a4d1d8","D15","REDB","REDB.AOS.S2","2019-05-08","REDB.SS.20190508.POM.1","A00000057478","condition ok","SIRFER Lab at University of Utah","2019-09-24","ElFtGy1kV49xqNP00HfxQA==","POM","1",100,25,100,"nitrogen",76.08,"microgramsPerLiter","Revesz & Coplen 2012a",,
"8e6158d2-6dc9-4d66-84b6-251a51ee652d","D15","REDB","REDB.AOS.S2","2019-05-13","REDB.SS.20190513.POM.1","A00000057483","condition ok","SIRFER Lab at University of Utah","2019-09-24","ElFtGy1kV49xqNP00HfxQA==","POM","1",200,25,100,"d15N",4.72,"perMill","Revesz & Coplen 2012a",,
"7957d8f3-8d56-4dd6-9080-0dc3036693f0","D15","REDB","REDB.AOS.S2","2019-05-13","REDB.SS.20190513.POM.1","A00000057483","condition ok","SIRFER Lab at University of Utah","2019-09-24","ElFtGy1kV49xqNP00HfxQA==","POM","1",200,25,100,"carbon",940.06,"microgramsPerLiter","Revesz & Coplen 2012a",,
"61d83db0-03ca-4018-8676-a9a906c60cb6","D15","REDB","REDB.AOS.S2","2019-05-13","REDB.SS.20190513.POM.1","A00000057483","condition ok","SIRFER Lab at University of Utah","2019-09-24","ElFtGy1kV49xqNP00HfxQA==","POM","1",200,25,100,"d13C",-25.32,"perMill","Revesz & Coplen 2012a",,
"cdbfdab2-519d-45a4-b4d8-781c97024416","D15","REDB","REDB.AOS.S2","2019-05-13","REDB.SS.20190513.POM.1","A00000057483","condition ok","SIRFER Lab at University of Utah","2019-09-24","ElFtGy1kV49xqNP00HfxQA==","POM","1",200,25,100,"nitrogen",62.86,"microgramsPerLiter","Revesz & Coplen 2012a",,
"f308e9dc-432e-46f9-9bab-f6be5fb59f7c","D15","REDB","REDB.AOS.S2","2019-05-21","REDB.SS.20190521.POM.1","A00000057750","condition ok","SIRFER Lab at University of Utah","2019-09-24","ElFtGy1kV49xqNP00HfxQA==","POM","1",200,25,100,"carbon",979.33,"microgramsPerLiter","Revesz & Coplen 2012a",,
"a09758fa-ec7f-4757-8390-399fd9301df6","D15","REDB","REDB.AOS.S2","2019-05-21","REDB.SS.20190521.POM.1","A00000057750","condition ok","SIRFER Lab at University of Utah","2019-09-24","ElFtGy1kV49xqNP00HfxQA==","POM","1",200,25,100,"nitrogen",66.80,"microgramsPerLiter","Revesz & Coplen 2012a",,
"1c618b35-5554-4528-98b7-88647c15f56b","D15","REDB","REDB.AOS.S2","2019-05-21","REDB.SS.20190521.POM.1","A00000057750","condition ok","SIRFER Lab at University of Utah","2019-09-24","ElFtGy1kV49xqNP00HfxQA==","POM","1",200,25,100,"d15N",3.47,"perMill","Revesz & Coplen 2012a",,
"22a5bc19-9a32-4850-b360-12c8600d415e","D15","REDB","REDB.AOS.S2","2019-05-21","REDB.SS.20190521.POM.1","A00000057750","condition ok","SIRFER Lab at University of Utah","2019-09-24","ElFtGy1kV49xqNP00HfxQA==","POM","1",200,25,100,"d13C",-24.79,"perMill","Revesz & Coplen 2012a",,
"d834c20b-37c4-44ef-aef4-c528c671fd69","D15","REDB","REDB.AOS.S2","2019-05-28","REDB.SS.20190528.POM.1","A00000057753","condition ok","SIRFER Lab at University of Utah","2019-09-24","ElFtGy1kV49xqNP00HfxQA==","POM","1",200,25,100,"d15N",4.69,"perMill","Revesz & Coplen 2012a",,
"a0e911da-6813-4d80-9751-3aa25b880b03","D15","REDB","REDB.AOS.S2","2019-05-28","REDB.SS.20190528.POM.1","A00000057753","condition ok","SIRFER Lab at University of Utah","2019-09-24","ElFtGy1kV49xqNP00HfxQA==","POM","1",200,25,100,"nitrogen",194.96,"microgramsPerLiter","Revesz & Coplen 2012a",,
"280702a8-0828-4b86-bf1f-f5d69d8bae7d","D15","REDB","REDB.AOS.S2","2019-05-28","REDB.SS.20190528.POM.1","A00000057753","condition ok","SIRFER Lab at University of Utah","2019-09-24","ElFtGy1kV49xqNP00HfxQA==","POM","1",200,25,100,"carbon",3096.56,"microgramsPerLiter","Revesz & Coplen 2012a",,
"7d574b8c-73e0-4576-ae20-f7450eac8699","D15","REDB","REDB.AOS.S2","2019-05-28","REDB.SS.20190528.POM.1","A00000057753","condition ok","SIRFER Lab at University of Utah","2019-09-24","ElFtGy1kV49xqNP00HfxQA==","POM","1",200,25,100,"d13C",-24.63,"perMill","Revesz & Coplen 2012a",,
