uid,domainID,siteID,namedLocation,collectDate,parentSampleID,parentSampleCode,isotopeH2OSampleCond,isotopeH2OSampleID,isotopeH2OSampleCode,isotopePOMRep2SampleCond,isotopePOMRep2SampleID,isotopePOMRep2SampleCode,isotopePOMSampleCond,isotopePOMSampleID,isotopePOMSampleCode,processedDateFilters,processedDateH2OIsotopes,sampleVolumeFilteredPOMRep1,sampleVolumeFilteredPOMRep2,fieldDataQF
"2aa45793-2b82-4afc-a3e0-d9416baa7034","D15","REDB","REDB.AOS.S2","2019-05-01T16:18Z","REDB.SS.20190501",,"Sample condition ok","REDB.SS.20190501.H2O.1","A00000057578","Sample condition ok","REDB.SS.20190501.POM.2","A00000057476","Sample condition ok","REDB.SS.20190501.POM.1","A00000057485",,"2019-05-01T16:18Z",100,100,
"e195dcd8-67dc-4f63-99ad-1c4a0a3407b3","D15","REDB","REDB.AOS.S2","2019-05-08T18:07Z","REDB.SS.20190508",,"Sample condition ok","REDB.SS.20190508.H2O.1","A00000057495","Sample condition ok","REDB.SS.20190508.POM.2","A00000057479","Sample condition ok","REDB.SS.20190508.POM.1","A00000057478","2019-05-08T19:52Z","2019-05-08T18:57Z",100,100,
"6a4c0c3a-9abc-4bda-9154-55c8d861493e","D15","REDB","REDB.AOS.S2","2019-05-13T17:19Z","REDB.SS.20190513",,"Sample condition ok","REDB.SS.20190513.H2O.3","A00000057570",,,,,,,,"2019-05-13T19:11Z",,,
"f2a06411-24ea-4e7d-a2b5-3a75ede9c12b","D15","REDB","REDB.AOS.S2","2019-05-13T17:19Z","REDB.SS.20190513",,"Sample condition ok","REDB.SS.20190513.H2O.2","A00000057569",,,,,,,,"2019-05-13T19:10Z",,,
"67bffe27-9afb-4629-9a55-c14052213e1f","D15","REDB","REDB.AOS.S2","2019-05-13T17:19Z","REDB.SS.20190513",,"Sample condition ok","REDB.SS.20190513.H2O.1","A00000057568","Sample condition ok","REDB.SS.20190513.POM.2","A00000057484","Sample condition ok","REDB.SS.20190513.POM.1","A00000057483","2019-05-13T19:32Z","2019-05-13T19:09Z",200,210,
"a8455cfe-7228-4326-b44e-1b75995b5247","D15","REDB","REDB.AOS.S2","2019-05-21T16:29Z","REDB.SS.20190521",,"Sample condition ok","REDB.SS.20190521.H2O.1","A00000057748","Sample condition ok","REDB.SS.20190521.POM.2","A00000057751","Sample condition ok","REDB.SS.20190521.POM.1","A00000057750","2019-05-21T17:36Z","2019-05-21T19:24Z",200,200,
"e9788401-0ce5-4bcc-8616-0b15d5cb3924","D15","REDB","REDB.AOS.S2","2019-05-28T16:18Z","REDB.SS.20190528",,"Sample condition ok","REDB.SS.20190528.H2O.1","A00000057755","Sample condition ok","REDB.SS.20190528.POM.2","A00000057754","Sample condition ok","REDB.SS.20190528.POM.1","A00000057753","2019-05-28T19:33Z","2019-05-28T20:06Z",200,200,
