uid,domainID,siteID,namedLocation,collectDate,analysisDate,isotopeH2OSampleID,isotopeH2OSampleCode,instrumentSN,d18OWater,d2HWater,d18OsdWater,d2HsdWater,isotopeH2OExternalLabQF,laboratoryName,analyzedBy,sampleCondition,externalRemarks,externalLabDataQF
"3af557b9-ab74-4d5a-86e3-f58053cce156","D15","REDB","REDB.AOS.S2","2019-05-01","2019-07-29","REDB.SS.20190501.H2O.1","A00000057578","HIDS2052",-16.54,-123.17,0.07,0.62,0,"SIRFER Lab at University of Utah","OlSmE6RRn5QQH8tvUHmK5i/poYiQr6sd","OK",,
"d9350110-e2ac-4edc-adb8-3af523977a90","D15","REDB","REDB.AOS.S2","2019-05-08","2019-07-29","REDB.SS.20190508.H2O.1","A00000057495","HIDS2052",-16.68,-123.88,0.08,0.52,0,"SIRFER Lab at University of Utah","OlSmE6RRn5QQH8tvUHmK5i/poYiQr6sd","OK",,
"505efbeb-f945-4639-9d08-5d50c4fcd558","D15","REDB","REDB.AOS.S2","2019-05-13","2019-07-29","REDB.SS.20190513.H2O.3","A00000057570","HIDS2052",-16.68,-123.85,0.05,0.22,0,"SIRFER Lab at University of Utah","OlSmE6RRn5QQH8tvUHmK5i/poYiQr6sd","OK",,
"d8204deb-695a-47de-900a-f883562557dd","D15","REDB","REDB.AOS.S2","2019-05-13","2019-07-29","REDB.SS.20190513.H2O.1","A00000057568","HIDS2052",-16.43,-123.29,0.04,0.36,0,"SIRFER Lab at University of Utah","OlSmE6RRn5QQH8tvUHmK5i/poYiQr6sd","OK",,
"41626c3a-5f91-461c-91e8-5c7834fb416b","D15","REDB","REDB.AOS.S2","2019-05-13","2019-07-29","REDB.SS.20190513.H2O.2","A00000057569","HIDS2052",-16.78,-124.41,0.05,0.49,0,"SIRFER Lab at University of Utah","OlSmE6RRn5QQH8tvUHmK5i/poYiQr6sd","OK",,
"f0c05d66-b79b-4e0f-a050-6b7b4a2c4e26","D15","REDB","REDB.AOS.S2","2019-05-21","2019-07-29","REDB.SS.20190521.H2O.1","A00000057748","HIDS2052",-16.65,-123.74,0.07,0.63,0,"SIRFER Lab at University of Utah","OlSmE6RRn5QQH8tvUHmK5i/poYiQr6sd","OK",,
"bf352205-f278-47d7-b4ce-98ae1a19f617","D15","REDB","REDB.AOS.S2","2019-05-28","2019-07-29","REDB.SS.20190528.H2O.1","A00000057755","HIDS2052",-16.66,-123.82,0.07,0.63,0,"SIRFER Lab at University of Utah","OlSmE6RRn5QQH8tvUHmK5i/poYiQr6sd","OK",,
