uid,domainID,siteID,namedLocation,collectDate,sampleID,sampleCode,sampleCondition,laboratoryName,analysisDate,analyzedBy,sampleType,replicate,sampleVolumeFiltered,filterSize,percentFilterAnalyzed,analyte,analyteConcentration,plantAlgaeLabUnits,method,externalRemarks,externalLabDataQF
"1faefd5c-93b7-4306-94ac-c34e42bc4ecd","D05","LIRO","LIRO.AOS.inlet","2017-11-06","LIRO.IN.20171106.POM.1",,"condition ok","SIRFER Lab at University of Utah","2018-08-14","ElFtGy1kV49xqNP00HfxQA==","POM","1",,25,100,"nitrogen",,"microgramsPerLiter","Revesz & Coplen 2012a",,
"efaf060d-e295-45b1-a609-1082db3a2aee","D05","LIRO","LIRO.AOS.inlet","2017-11-06","LIRO.IN.20171106.POM.1",,"condition ok","SIRFER Lab at University of Utah","2018-08-14","ElFtGy1kV49xqNP00HfxQA==","POM","1",,25,100,"d15N",-2.19,"perMill","Revesz & Coplen 2012a",,
"a855c18f-e671-4afa-8c0c-07827091bbbf","D05","LIRO","LIRO.AOS.inlet","2017-11-06","LIRO.IN.20171106.POM.1",,"condition ok","SIRFER Lab at University of Utah","2018-08-14","ElFtGy1kV49xqNP00HfxQA==","POM","1",,25,100,"carbon",,"microgramsPerLiter","Revesz & Coplen 2012a",,
"986ada03-ee1b-4dea-a639-c40ec93bc00a","D05","LIRO","LIRO.AOS.inlet","2017-11-06","LIRO.IN.20171106.POM.1",,"condition ok","SIRFER Lab at University of Utah","2018-08-14","ElFtGy1kV49xqNP00HfxQA==","POM","1",,25,100,"d13C",-33.38,"perMill","Revesz & Coplen 2012a",,
"950929f0-37fc-464a-af42-f0a7d79d99b3","D05","LIRO","LIRO.AOS.buoy.c0","2017-11-06","LIRO.C0.20171106.POM.1",,"condition ok","SIRFER Lab at University of Utah","2018-08-14","ElFtGy1kV49xqNP00HfxQA==","POM","1",300,25,100,"d13C",-34.74,"perMill","Revesz & Coplen 2012a",,
"b0c1b147-4048-486e-a812-45e0ad1d4d67","D05","LIRO","LIRO.AOS.buoy.c0","2017-11-06","LIRO.C0.20171106.POM.1",,"condition ok","SIRFER Lab at University of Utah","2018-08-14","ElFtGy1kV49xqNP00HfxQA==","POM","1",300,25,100,"carbon",374.57,"microgramsPerLiter","Revesz & Coplen 2012a",,
"1830a5e0-cd27-4dd2-b442-d1b8c76e2c93","D05","LIRO","LIRO.AOS.buoy.c0","2017-11-06","LIRO.C0.20171106.POM.1",,"condition ok","SIRFER Lab at University of Utah","2018-08-14","ElFtGy1kV49xqNP00HfxQA==","POM","1",300,25,100,"d15N",-1.82,"perMill","Revesz & Coplen 2012a",,
"d55ba342-b61c-4288-b155-59ae76e0fb11","D05","LIRO","LIRO.AOS.buoy.c0","2017-11-06","LIRO.C0.20171106.POM.1",,"condition ok","SIRFER Lab at University of Utah","2018-08-14","ElFtGy1kV49xqNP00HfxQA==","POM","1",300,25,100,"nitrogen",44.44,"microgramsPerLiter","Revesz & Coplen 2012a",,
"8199b78d-f3e5-4f9b-95bc-4d88b6571ed4","D05","LIRO","LIRO.AOS.outlet","2017-11-06","LIRO.OT.20171106.POM.1",,"condition ok","SIRFER Lab at University of Utah","2018-08-14","ElFtGy1kV49xqNP00HfxQA==","POM","1",300,25,100,"d15N",-3.03,"perMill","Revesz & Coplen 2012a",,
"d20a5854-de6c-415c-8985-6f193155dc97","D05","LIRO","LIRO.AOS.outlet","2017-11-06","LIRO.OT.20171106.POM.1",,"condition ok","SIRFER Lab at University of Utah","2018-08-14","ElFtGy1kV49xqNP00HfxQA==","POM","1",300,25,100,"carbon",486.94,"microgramsPerLiter","Revesz & Coplen 2012a",,
"fe46c716-f1af-4907-8263-7557f9540a1b","D05","LIRO","LIRO.AOS.outlet","2017-11-06","LIRO.OT.20171106.POM.1",,"condition ok","SIRFER Lab at University of Utah","2018-08-14","ElFtGy1kV49xqNP00HfxQA==","POM","1",300,25,100,"nitrogen",49.39,"microgramsPerLiter","Revesz & Coplen 2012a",,
"564c319b-a616-41fa-a76d-079409a7cde4","D05","LIRO","LIRO.AOS.outlet","2017-11-06","LIRO.OT.20171106.POM.1",,"condition ok","SIRFER Lab at University of Utah","2018-08-14","ElFtGy1kV49xqNP00HfxQA==","POM","1",300,25,100,"d13C",-32.71,"perMill","Revesz & Coplen 2012a",,
