uid,domainID,siteID,namedLocation,collectDate,sampleID,sampleCode,sampleCondition,laboratoryName,analysisDate,analyzedBy,sampleType,replicate,sampleVolumeFiltered,filterSize,percentFilterAnalyzed,analyte,analyteConcentration,plantAlgaeLabUnits,method,externalRemarks,externalLabDataQF
"f39b8231-70c8-44ed-9b86-fedd2701cfcd","D08","MAYF","MAYF.AOS.S2","2017-03-06","MAYF.SS.20170306.POM.1",,"condition ok","SIRFER Lab at University of Utah","2018-03-14","ElFtGy1kV49xqNP00HfxQA==","POM","1",50,25,100,"carbon",1025.68,"microgramsPerLiter","Revesz & Coplen 2012a",,
"aea97bc2-e898-4459-876a-0e904a1b3f9b","D08","MAYF","MAYF.AOS.S2","2017-03-06","MAYF.SS.20170306.POM.1",,"condition ok","SIRFER Lab at University of Utah","2018-03-14","ElFtGy1kV49xqNP00HfxQA==","POM","1",50,25,100,"nitrogen",61.54,"microgramsPerLiter","Revesz & Coplen 2012a",,
"89d6a388-25c5-4de0-b95f-082b7f5ed933","D08","MAYF","MAYF.AOS.S2","2017-03-06","MAYF.SS.20170306.POM.1",,"condition ok","SIRFER Lab at University of Utah","2018-03-14","ElFtGy1kV49xqNP00HfxQA==","POM","1",50,25,100,"d15N",15.01,"perMill","Revesz & Coplen 2012a",,
"9080388f-1180-40a8-97a1-f8fe589e6a5c","D08","MAYF","MAYF.AOS.S2","2017-03-06","MAYF.SS.20170306.POM.1",,"condition ok","SIRFER Lab at University of Utah","2018-03-14","ElFtGy1kV49xqNP00HfxQA==","POM","1",50,25,100,"d13C",-27.58,"perMill","Revesz & Coplen 2012a",,
"b1b58752-dc40-479d-9b79-5ee8b4379252","D08","MAYF","MAYF.AOS.S2","2017-03-21","MAYF.SS.20170321.POM.1",,"condition ok","SIRFER Lab at University of Utah","2018-03-14","ElFtGy1kV49xqNP00HfxQA==","POM","1",50,25,100,"d13C",-28.29,"perMill","Revesz & Coplen 2012a",,
"35d4142f-0950-4a57-a71a-07a1f4314bad","D08","MAYF","MAYF.AOS.S2","2017-03-21","MAYF.SS.20170321.POM.1",,"condition ok","SIRFER Lab at University of Utah","2018-03-14","ElFtGy1kV49xqNP00HfxQA==","POM","1",50,25,100,"d15N",12.54,"perMill","Revesz & Coplen 2012a",,
"4c004ef1-2121-40f4-ad5a-251630cda66b","D08","MAYF","MAYF.AOS.S2","2017-03-21","MAYF.SS.20170321.POM.1",,"condition ok","SIRFER Lab at University of Utah","2018-03-14","ElFtGy1kV49xqNP00HfxQA==","POM","1",50,25,100,"nitrogen",74.70,"microgramsPerLiter","Revesz & Coplen 2012a",,
"899c2d69-5136-410a-97b5-355ddf0c5c9d","D08","MAYF","MAYF.AOS.S2","2017-03-21","MAYF.SS.20170321.POM.1",,"condition ok","SIRFER Lab at University of Utah","2018-03-14","ElFtGy1kV49xqNP00HfxQA==","POM","1",50,25,100,"carbon",1220.56,"microgramsPerLiter","Revesz & Coplen 2012a",,
