uid,domainID,siteID,namedLocation,collectDate,sampleID,sampleCode,sampleCondition,laboratoryName,analysisDate,analyzedBy,sampleType,replicate,sampleVolumeFiltered,filterSize,percentFilterAnalyzed,analyte,analyteConcentration,plantAlgaeLabUnits,method,externalRemarks,externalLabDataQF
"3925cdd9-f1bc-4b32-bd88-644b4f5eecf6","D09","PRLA","PRLA.AOS.inlet","2017-09-06","PRLA.IN.20170906.POM.1",,"condition ok","SIRFER Lab at University of Utah","2018-03-14","ElFtGy1kV49xqNP00HfxQA==","POM","1",80,25,100,"carbon",5635.30,"microgramsPerLiter","Revesz & Coplen 2012a",,
"d1988443-daed-43a4-bc01-11bfeb1a2d12","D09","PRLA","PRLA.AOS.inlet","2017-09-06","PRLA.IN.20170906.POM.1",,"condition ok","SIRFER Lab at University of Utah","2018-03-14","ElFtGy1kV49xqNP00HfxQA==","POM","1",80,25,100,"d13C",-26.60,"perMill","Revesz & Coplen 2012a",,
"6d8c5919-35ac-4386-ab6e-0f2f2c5b60ab","D09","PRLA","PRLA.AOS.inlet","2017-09-06","PRLA.IN.20170906.POM.1",,"condition ok","SIRFER Lab at University of Utah","2018-03-14","ElFtGy1kV49xqNP00HfxQA==","POM","1",80,25,100,"d15N",6.50,"perMill","Revesz & Coplen 2012a",,
"9b35e22d-936a-4235-bd5c-d40946d8c5c5","D09","PRLA","PRLA.AOS.inlet","2017-09-06","PRLA.IN.20170906.POM.1",,"condition ok","SIRFER Lab at University of Utah","2018-03-14","ElFtGy1kV49xqNP00HfxQA==","POM","1",80,25,100,"nitrogen",1202.40,"microgramsPerLiter","Revesz & Coplen 2012a",,
"cf06b3a0-c199-4d24-93ab-16700aa122b7","D09","PRLA","PRLA.AOS.buoy.c0","2017-09-06","PRLA.C0.20170906.POM.1",,"condition ok","SIRFER Lab at University of Utah","2018-03-14","ElFtGy1kV49xqNP00HfxQA==","POM","1",80,25,100,"carbon",8177.20,"microgramsPerLiter","Revesz & Coplen 2012a",,
"9d6f5281-6374-4973-806a-7970c4787123","D09","PRLA","PRLA.AOS.buoy.c0","2017-09-06","PRLA.C0.20170906.POM.1",,"condition ok","SIRFER Lab at University of Utah","2018-03-14","ElFtGy1kV49xqNP00HfxQA==","POM","1",80,25,100,"nitrogen",1161.50,"microgramsPerLiter","Revesz & Coplen 2012a",,
"72c36331-0d64-479e-beed-18fce126bb8a","D09","PRLA","PRLA.AOS.buoy.c0","2017-09-06","PRLA.C0.20170906.POM.1",,"condition ok","SIRFER Lab at University of Utah","2018-03-14","ElFtGy1kV49xqNP00HfxQA==","POM","1",80,25,100,"d15N",11.10,"perMill","Revesz & Coplen 2012a",,
"64fda551-3a6e-4cd8-b125-c182ae337bbd","D09","PRLA","PRLA.AOS.buoy.c0","2017-09-06","PRLA.C0.20170906.POM.1",,"condition ok","SIRFER Lab at University of Utah","2018-03-14","ElFtGy1kV49xqNP00HfxQA==","POM","1",80,25,100,"d13C",-26.80,"perMill","Revesz & Coplen 2012a",,
"e86fa829-048c-4d6b-a41f-02ffebf50e05","D09","PRLA","PRLA.AOS.outlet","2017-09-06","PRLA.OT.20170906.POM.1",,"condition ok","SIRFER Lab at University of Utah","2018-03-14","ElFtGy1kV49xqNP00HfxQA==","POM","1",80,25,100,"carbon",9148.10,"microgramsPerLiter","Revesz & Coplen 2012a",,
"f70fb399-e9a0-498d-a45d-d29259726f59","D09","PRLA","PRLA.AOS.outlet","2017-09-06","PRLA.OT.20170906.POM.1",,"condition ok","SIRFER Lab at University of Utah","2018-03-14","ElFtGy1kV49xqNP00HfxQA==","POM","1",80,25,100,"d15N",6.40,"perMill","Revesz & Coplen 2012a",,
"b40c8c68-f037-4057-b012-d46d40e05bdc","D09","PRLA","PRLA.AOS.outlet","2017-09-06","PRLA.OT.20170906.POM.1",,"condition ok","SIRFER Lab at University of Utah","2018-03-14","ElFtGy1kV49xqNP00HfxQA==","POM","1",80,25,100,"nitrogen",1567.20,"microgramsPerLiter","Revesz & Coplen 2012a",,
"4ea34b02-446b-41a3-919f-57234b5ef3da","D09","PRLA","PRLA.AOS.outlet","2017-09-06","PRLA.OT.20170906.POM.1",,"condition ok","SIRFER Lab at University of Utah","2018-03-14","ElFtGy1kV49xqNP00HfxQA==","POM","1",80,25,100,"d13C",-26.90,"perMill","Revesz & Coplen 2012a",,
