uid,domainID,siteID,namedLocation,collectDate,sampleID,sampleCode,sampleCondition,laboratoryName,analysisDate,analyzedBy,sampleType,replicate,sampleVolumeFiltered,filterSize,percentFilterAnalyzed,analyte,analyteConcentration,plantAlgaeLabUnits,method,externalRemarks,externalLabDataQF
"4c49e15c-923c-4870-ae71-7aedcb33d187","D06","MCDI","MCDI.AOS.S2","2017-11-14","MCDI.SS.20171114.POM.1",,"condition ok","SIRFER Lab at University of Utah","2018-08-03","ElFtGy1kV49xqNP00HfxQA==","POM","1",1000,25,100,"d15N",4.27,"perMill","Revesz & Coplen 2012a",,
"b97f7e9e-ff5e-44a3-a70b-bc23c8413f5f","D06","MCDI","MCDI.AOS.S2","2017-11-14","MCDI.SS.20171114.POM.1",,"condition ok","SIRFER Lab at University of Utah","2018-08-03","ElFtGy1kV49xqNP00HfxQA==","POM","1",1000,25,100,"nitrogen",13.31,"microgramsPerLiter","Revesz & Coplen 2012a",,
"7f27bc79-b43e-476e-b741-de639686962f","D06","MCDI","MCDI.AOS.S2","2017-11-14","MCDI.SS.20171114.POM.1",,"condition ok","SIRFER Lab at University of Utah","2018-08-03","ElFtGy1kV49xqNP00HfxQA==","POM","1",1000,25,100,"d13C",-30.80,"perMill","Revesz & Coplen 2012a",,
"7a7aa11b-3ce2-4d78-b254-5f53c40c6849","D06","MCDI","MCDI.AOS.S2","2017-11-14","MCDI.SS.20171114.POM.1",,"condition ok","SIRFER Lab at University of Utah","2018-08-03","ElFtGy1kV49xqNP00HfxQA==","POM","1",1000,25,100,"carbon",98.00,"microgramsPerLiter","Revesz & Coplen 2012a",,
