uid,domainID,siteID,namedLocation,collectDate,sampleID,sampleCode,sampleCondition,laboratoryName,analysisDate,analyzedBy,sampleType,replicate,sampleVolumeFiltered,filterSize,percentFilterAnalyzed,analyte,analyteConcentration,plantAlgaeLabUnits,method,externalRemarks,externalLabDataQF
"e8114eab-92d2-4901-af0d-0b3bc3aa0cdb","D15","REDB","REDB.AOS.S2","2017-10-03","REDB.SS.20171003.POM.1",,"condition ok","SIRFER Lab at University of Utah","2018-07-05","ElFtGy1kV49xqNP00HfxQA==","POM","1",523,25,100,"carbon",290.09,"microgramsPerLiter","Revesz & Coplen 2012a",,
"0f2bb3e2-6dd1-4974-adf6-7e6da884c8a8","D15","REDB","REDB.AOS.S2","2017-10-03","REDB.SS.20171003.POM.1",,"condition ok","SIRFER Lab at University of Utah","2018-07-05","ElFtGy1kV49xqNP00HfxQA==","POM","1",523,25,100,"d13C",-23.16,"perMill","Revesz & Coplen 2012a",,
"680509aa-9703-4498-8422-c0a6ee48b597","D15","REDB","REDB.AOS.S2","2017-10-03","REDB.SS.20171003.POM.1",,"condition ok","SIRFER Lab at University of Utah","2018-07-05","ElFtGy1kV49xqNP00HfxQA==","POM","1",523,25,100,"nitrogen",17.31,"microgramsPerLiter","Revesz & Coplen 2012a",,
"44746fb8-c403-4cfd-a8c7-a8067db39ac3","D15","REDB","REDB.AOS.S2","2017-10-03","REDB.SS.20171003.POM.1",,"condition ok","SIRFER Lab at University of Utah","2018-07-05","ElFtGy1kV49xqNP00HfxQA==","POM","1",523,25,100,"d15N",4.02,"perMill","Revesz & Coplen 2012a",,
"d126b1b6-951a-4be4-9bd2-4e12b5a9c18c","D15","REDB","REDB.AOS.S2","2017-10-24","REDB.SS.20171024.POM.1",,"condition ok","SIRFER Lab at University of Utah","2018-07-05","ElFtGy1kV49xqNP00HfxQA==","POM","1",100,25,100,"d15N",3.46,"perMill","Revesz & Coplen 2012a",,
"e7454953-cfd3-4875-b444-1402e36044fb","D15","REDB","REDB.AOS.S2","2017-10-24","REDB.SS.20171024.POM.1",,"condition ok","SIRFER Lab at University of Utah","2018-07-05","ElFtGy1kV49xqNP00HfxQA==","POM","1",100,25,100,"d13C",-25.30,"perMill","Revesz & Coplen 2012a",,
"98989859-819b-4cea-81bf-67c035bc955f","D15","REDB","REDB.AOS.S2","2017-10-24","REDB.SS.20171024.POM.1",,"condition ok","SIRFER Lab at University of Utah","2018-07-05","ElFtGy1kV49xqNP00HfxQA==","POM","1",100,25,100,"nitrogen",74.85,"microgramsPerLiter","Revesz & Coplen 2012a",,
"c09ae462-be93-47ab-ac9b-e4bec35510fc","D15","REDB","REDB.AOS.S2","2017-10-24","REDB.SS.20171024.POM.1",,"condition ok","SIRFER Lab at University of Utah","2018-07-05","ElFtGy1kV49xqNP00HfxQA==","POM","1",100,25,100,"carbon",290.15,"microgramsPerLiter","Revesz & Coplen 2012a",,
