uid,domainID,siteID,namedLocation,collectDate,sampleID,sampleCode,sampleCondition,laboratoryName,analysisDate,analyzedBy,sampleType,replicate,sampleVolumeFiltered,filterSize,percentFilterAnalyzed,analyte,analyteConcentration,plantAlgaeLabUnits,method,externalRemarks,externalLabDataQF
"db82b462-3321-408c-8d55-360af2db25f0","D05","LIRO","LIRO.AOS.buoy.c1","2018-07-02","LIRO.C1.20180702.POM.1","A00000007586","condition ok","SIRFER Lab at University of Utah","2018-09-13","ElFtGy1kV49xqNP00HfxQA==","POM","1",200,25,100,"d15N",3.03,"perMill","Revesz & Coplen 2012a",,
"9754321d-a5ab-4194-8eb7-f7e59b7decd5","D05","LIRO","LIRO.AOS.buoy.c1","2018-07-02","LIRO.C1.20180702.POM.1","A00000007586","condition ok","SIRFER Lab at University of Utah","2018-09-13","ElFtGy1kV49xqNP00HfxQA==","POM","1",200,25,100,"d13C",-31.54,"perMill","Revesz & Coplen 2012a",,
"621d3107-aeaa-4f74-8093-fd3cabae833c","D05","LIRO","LIRO.AOS.buoy.c1","2018-07-02","LIRO.C1.20180702.POM.1","A00000007586","condition ok","SIRFER Lab at University of Utah","2018-09-13","ElFtGy1kV49xqNP00HfxQA==","POM","1",200,25,100,"carbon",844.55,"microgramsPerLiter","Revesz & Coplen 2012a",,
"a8b95c58-8dfd-48bd-aa51-502f2782944e","D05","LIRO","LIRO.AOS.buoy.c1","2018-07-02","LIRO.C1.20180702.POM.1","A00000007586","condition ok","SIRFER Lab at University of Utah","2018-09-13","ElFtGy1kV49xqNP00HfxQA==","POM","1",200,25,100,"nitrogen",105.64,"microgramsPerLiter","Revesz & Coplen 2012a",,
"340d6afc-9964-4bfe-b568-9512b61f8645","D05","LIRO","LIRO.AOS.buoy.c2","2018-07-02","LIRO.C2.20180702.POM.1","A00000007588","condition ok","SIRFER Lab at University of Utah","2018-09-13","ElFtGy1kV49xqNP00HfxQA==","POM","1",125,25,100,"nitrogen",96.74,"microgramsPerLiter","Revesz & Coplen 2012a",,
"3d380f18-c06c-48a4-8ecf-529fd61e7fa5","D05","LIRO","LIRO.AOS.buoy.c2","2018-07-02","LIRO.C2.20180702.POM.1","A00000007588","condition ok","SIRFER Lab at University of Utah","2018-09-13","ElFtGy1kV49xqNP00HfxQA==","POM","1",125,25,100,"carbon",834.94,"microgramsPerLiter","Revesz & Coplen 2012a",,
"dc0c5956-9349-47e4-aee0-81e7a7f067e9","D05","LIRO","LIRO.AOS.buoy.c2","2018-07-02","LIRO.C2.20180702.POM.1","A00000007588","condition ok","SIRFER Lab at University of Utah","2018-09-13","ElFtGy1kV49xqNP00HfxQA==","POM","1",125,25,100,"d13C",-30.22,"perMill","Revesz & Coplen 2012a",,
"543a05ab-79b9-477c-b41b-7309189627f6","D05","LIRO","LIRO.AOS.buoy.c2","2018-07-02","LIRO.C2.20180702.POM.1","A00000007588","condition ok","SIRFER Lab at University of Utah","2018-09-13","ElFtGy1kV49xqNP00HfxQA==","POM","1",125,25,100,"d15N",5.86,"perMill","Revesz & Coplen 2012a",,
