uid,domainID,siteID,namedLocation,collectDate,sampleID,sampleCode,sampleCondition,laboratoryName,analysisDate,analyzedBy,sampleType,replicate,sampleVolumeFiltered,filterSize,percentFilterAnalyzed,analyte,analyteConcentration,plantAlgaeLabUnits,method,externalRemarks,externalLabDataQF
"b03086ca-c14a-459d-95fa-e587516eb8b7","D03","BARC","BARC.AOS.buoy.c0","2018-06-05","BARC.C0.20180605.POM.1","A00000003748","condition ok","SIRFER Lab at University of Utah","2018-07-31","ElFtGy1kV49xqNP00HfxQA==","POM","1",300,25,100,"carbon",353.49,"microgramsPerLiter","Revesz & Coplen 2012a",,
"8aaade76-00cc-4256-8226-6276e5af089e","D03","BARC","BARC.AOS.buoy.c0","2018-06-05","BARC.C0.20180605.POM.1","A00000003748","condition ok","SIRFER Lab at University of Utah","2018-07-31","ElFtGy1kV49xqNP00HfxQA==","POM","1",300,25,100,"d15N",2.44,"perMill","Revesz & Coplen 2012a",,
"0fab139f-033f-4f7b-81ff-8a676faceed4","D03","BARC","BARC.AOS.buoy.c0","2018-06-05","BARC.C0.20180605.POM.1","A00000003748","condition ok","SIRFER Lab at University of Utah","2018-07-31","ElFtGy1kV49xqNP00HfxQA==","POM","1",300,25,100,"nitrogen",42.83,"microgramsPerLiter","Revesz & Coplen 2012a",,
"132c31ef-363e-453a-95d1-9764a2fe55d9","D03","BARC","BARC.AOS.buoy.c0","2018-06-05","BARC.C0.20180605.POM.1","A00000003748","condition ok","SIRFER Lab at University of Utah","2018-07-31","ElFtGy1kV49xqNP00HfxQA==","POM","1",300,25,100,"d13C",-33.29,"perMill","Revesz & Coplen 2012a",,
