uid,domainID,siteID,namedLocation,collectDate,sampleID,sampleCode,sampleCondition,laboratoryName,analysisDate,analyzedBy,sampleType,replicate,sampleVolumeFiltered,filterSize,percentFilterAnalyzed,analyte,analyteConcentration,plantAlgaeLabUnits,method,externalRemarks,externalLabDataQF
"15fd0883-ee49-403d-87d4-d265fe3c7c09","D06","KING","KING.AOS.reach","2017-11-01","KING.RE.20171101.POM.1",,"condition ok","SIRFER Lab at University of Utah","2018-08-02","ElFtGy1kV49xqNP00HfxQA==","POM","1",263,25,100,"carbon",482.06,"microgramsPerLiter","Revesz & Coplen 2012a",,
"f5d0c466-f92f-4bd9-9cdf-ee3d7894f24f","D06","KING","KING.AOS.reach","2017-11-01","KING.RE.20171101.POM.1",,"condition ok","SIRFER Lab at University of Utah","2018-08-02","ElFtGy1kV49xqNP00HfxQA==","POM","1",263,25,100,"d15N",4.37,"perMill","Revesz & Coplen 2012a",,
"3137866b-8a46-4f1f-8972-e3551cecc0a7","D06","KING","KING.AOS.reach","2017-11-01","KING.RE.20171101.POM.1",,"condition ok","SIRFER Lab at University of Utah","2018-08-02","ElFtGy1kV49xqNP00HfxQA==","POM","1",263,25,100,"nitrogen",64.19,"microgramsPerLiter","Revesz & Coplen 2012a",,
"ca90890a-7400-4d95-bb1d-e6c38f0027e8","D06","KING","KING.AOS.reach","2017-11-01","KING.RE.20171101.POM.1",,"condition ok","SIRFER Lab at University of Utah","2018-08-02","ElFtGy1kV49xqNP00HfxQA==","POM","1",263,25,100,"d13C",-24.03,"perMill","Revesz & Coplen 2012a",,
"868cae17-ef8c-46d8-be05-1f438fed70ce","D06","KING","KING.AOS.reach","2017-11-08","KING.RE.20171108.POM.1",,"condition ok","SIRFER Lab at University of Utah","2018-08-02","ElFtGy1kV49xqNP00HfxQA==","POM","1",157,25,100,"d13C",-23.11,"perMill","Revesz & Coplen 2012a",,
"23271457-83d9-4f02-bf8e-41fdd638a59f","D06","KING","KING.AOS.reach","2017-11-08","KING.RE.20171108.POM.1",,"condition ok","SIRFER Lab at University of Utah","2018-08-02","ElFtGy1kV49xqNP00HfxQA==","POM","1",157,25,100,"carbon",621.56,"microgramsPerLiter","Revesz & Coplen 2012a",,
"fb72b102-2ff5-48af-bef3-708cfb7e712b","D06","KING","KING.AOS.reach","2017-11-08","KING.RE.20171108.POM.1",,"condition ok","SIRFER Lab at University of Utah","2018-08-02","ElFtGy1kV49xqNP00HfxQA==","POM","1",157,25,100,"nitrogen",73.35,"microgramsPerLiter","Revesz & Coplen 2012a",,
"d1173800-059c-4963-8e35-2f2438da9075","D06","KING","KING.AOS.reach","2017-11-08","KING.RE.20171108.POM.1",,"condition ok","SIRFER Lab at University of Utah","2018-08-02","ElFtGy1kV49xqNP00HfxQA==","POM","1",157,25,100,"d15N",3.63,"perMill","Revesz & Coplen 2012a",,
