uid,domainID,siteID,namedLocation,collectDate,sampleID,sampleCode,sampleCondition,laboratoryName,analysisDate,analyzedBy,sampleType,replicate,sampleVolumeFiltered,filterSize,percentFilterAnalyzed,analyte,analyteConcentration,plantAlgaeLabUnits,method,externalRemarks,externalLabDataQF
"d1bcfb1f-784b-4bd9-b927-0f98057b7bb0","D19","CARI","CARI.AOS.S2","2019-03-12","CARI.SS.20190312.POM.1","A00000065327","condition ok","SIRFER Lab at University of Utah","2019-04-30","ElFtGy1kV49xqNP00HfxQA==","POM","1",750,25,100,"carbon",285.39,"microgramsPerLiter","Revesz & Coplen 2012a",,
"d39c3161-b63a-477c-8c23-a43bb08e5923","D19","CARI","CARI.AOS.S2","2019-03-12","CARI.SS.20190312.POM.1","A00000065327","condition ok","SIRFER Lab at University of Utah","2019-04-30","ElFtGy1kV49xqNP00HfxQA==","POM","1",750,25,100,"d13C",-26.67,"perMill","Revesz & Coplen 2012a",,
"1ddcd9c6-6888-4bdb-a75a-f0f38422db15","D19","CARI","CARI.AOS.S2","2019-03-12","CARI.SS.20190312.POM.1","A00000065327","condition ok","SIRFER Lab at University of Utah","2019-04-30","ElFtGy1kV49xqNP00HfxQA==","POM","1",750,25,100,"d15N",4.77,"perMill","Revesz & Coplen 2012a",,
"c1be6fe9-6fb3-4cc5-9dab-101ead863445","D19","CARI","CARI.AOS.S2","2019-03-12","CARI.SS.20190312.POM.1","A00000065327","condition ok","SIRFER Lab at University of Utah","2019-04-30","ElFtGy1kV49xqNP00HfxQA==","POM","1",750,25,100,"nitrogen",25.83,"microgramsPerLiter","Revesz & Coplen 2012a",,
"6f9dbfe8-407f-49db-80bd-d0f66b3734f2","D19","CARI","CARI.AOS.S2","2019-03-26","CARI.SS.20190326.POM.1","A00000065317","condition ok","SIRFER Lab at University of Utah","2019-04-30","ElFtGy1kV49xqNP00HfxQA==","POM","1",750,25,100,"d13C",-29.27,"perMill","Revesz & Coplen 2012a",,
"fa7899f5-dcaf-4204-a225-90637c992c8b","D19","CARI","CARI.AOS.S2","2019-03-26","CARI.SS.20190326.POM.1","A00000065317","condition ok","SIRFER Lab at University of Utah","2019-04-30","ElFtGy1kV49xqNP00HfxQA==","POM","1",750,25,100,"nitrogen",19.28,"microgramsPerLiter","Revesz & Coplen 2012a",,
"6c7e3b04-d7a7-4f2c-8061-cf4ab4d7ca92","D19","CARI","CARI.AOS.S2","2019-03-26","CARI.SS.20190326.POM.1","A00000065317","condition ok","SIRFER Lab at University of Utah","2019-04-30","ElFtGy1kV49xqNP00HfxQA==","POM","1",750,25,100,"carbon",291.71,"microgramsPerLiter","Revesz & Coplen 2012a",,
"60f90bb7-a1fe-420d-969f-7b6843a48ef2","D19","CARI","CARI.AOS.S2","2019-03-26","CARI.SS.20190326.POM.1","A00000065317","condition ok","SIRFER Lab at University of Utah","2019-04-30","ElFtGy1kV49xqNP00HfxQA==","POM","1",750,25,100,"d15N",2.36,"perMill","Revesz & Coplen 2012a",,
