uid,domainID,siteID,namedLocation,collectDate,sampleID,sampleCode,sampleCondition,laboratoryName,analysisDate,analyzedBy,sampleType,replicate,sampleVolumeFiltered,filterSize,percentFilterAnalyzed,analyte,analyteConcentration,plantAlgaeLabUnits,method,externalRemarks,externalLabDataQF
"7f9d9b5a-e274-4720-90ca-1117f6b5de79","D10","ARIK","ARIK.AOS.S2","2016-03-01","ARIK.SS.20160301.POM.2",,"other","Academy of Natural Sciences of Drexel University","2016-09-01","OKgcKejxXbI=","13C15N","2",450,25,100,"d15N",,"perMill",,"not enough sample for analysis","Audit Failed. Document: A00036_DREX_AlgalChem_DocAudit_20170407.pdf & A00036_DREX_AlgalChem_VisitAudit_20170407.pdf"
"30ac40a5-b256-4c1e-afdb-99ba9633b9f0","D10","ARIK","ARIK.AOS.S2","2016-03-01","ARIK.SS.20160301.POM.1",,"condition ok","Academy of Natural Sciences of Drexel University","2016-08-29","OKgcKejxXbI=","13C15N","1",450,25,100,"d15N",6.02,"perMill",,,"Audit Failed. Document: A00036_DREX_AlgalChem_DocAudit_20170407.pdf & A00036_DREX_AlgalChem_VisitAudit_20170407.pdf"
"2cee9fe1-7a60-4d10-96fa-58b3ed20edf0","D10","ARIK","ARIK.AOS.S2","2016-03-01","ARIK.SS.20160301.POM.2",,"condition ok","Academy of Natural Sciences of Drexel University","2016-09-01","OKgcKejxXbI=","13C15N","2",450,25,100,"d13C",-29.13,"perMill",,,"Audit Failed. Document: A00036_DREX_AlgalChem_DocAudit_20170407.pdf & A00036_DREX_AlgalChem_VisitAudit_20170407.pdf"
"3cbaeeac-4e8c-42d4-94e3-2e6a3b691342","D10","ARIK","ARIK.AOS.S2","2016-03-01","ARIK.SS.20160301.POM.1",,"condition ok","Academy of Natural Sciences of Drexel University","2016-08-29","OKgcKejxXbI=","13C15N","1",,,100,"d13C",-32.40,"perMill",,,
"f6e05e19-6e7a-45fe-89c0-90e411eb9cde","D10","ARIK","ARIK.AOS.S2","2016-03-01","ARIK.SS.20160301.POM.2",,"other","Academy of Natural Sciences of Drexel University","2016-09-01","OKgcKejxXbI=","13C15N","2",,,100,"d15N",,"perMill",,"not enough sample for analysis",
"b55a8bff-db55-4700-8d79-b992979ccaec","D10","ARIK","ARIK.AOS.S2","2016-03-01","ARIK.SS.20160301.POM.1",,"condition ok","Academy of Natural Sciences of Drexel University","2016-08-29","OKgcKejxXbI=","13C15N","1",,,100,"d15N",6.02,"perMill",,,
"39cdfe32-7035-4e7a-8a24-3598b5b26cf3","D10","ARIK","ARIK.AOS.S2","2016-03-01","ARIK.SS.20160301.POM.2",,"condition ok","Academy of Natural Sciences of Drexel University","2016-09-01","OKgcKejxXbI=","13C15N","2",,,100,"d13C",-29.13,"perMill",,,
"5eee72b9-3d15-44a1-a247-7016cd41d4af","D10","ARIK","ARIK.AOS.S2","2016-03-01","ARIK.SS.20160301.POM.1",,"condition ok","Academy of Natural Sciences of Drexel University","2016-08-29","OKgcKejxXbI=","13C15N","1",450,25,100,"d13C",-32.40,"perMill",,,"Audit Failed. Document: A00036_DREX_AlgalChem_DocAudit_20170407.pdf & A00036_DREX_AlgalChem_VisitAudit_20170407.pdf"
"b6624be3-690e-4bd2-b229-21870256542c","D10","ARIK","ARIK.AOS.S2","2016-03-15","ARIK.SS.20160315.POM.2",,"condition ok","Academy of Natural Sciences of Drexel University","2016-09-01","OKgcKejxXbI=","13C15N","2",,,100,"d15N",5.39,"perMill",,,
"32131c89-eea2-4b55-850a-6c6d312459ba","D10","ARIK","ARIK.AOS.S2","2016-03-15","ARIK.SS.20160315.POM.2",,"condition ok","Academy of Natural Sciences of Drexel University","2016-09-01","OKgcKejxXbI=","13C15N","2",,,100,"d13C",-23.66,"perMill",,,
"3f6b2e0f-bbce-47e3-b934-ce226ae9e369","D10","ARIK","ARIK.AOS.S2","2016-03-15","ARIK.SS.20160315.POM.1",,"condition ok","Academy of Natural Sciences of Drexel University","2016-08-29","OKgcKejxXbI=","13C15N","1",200,25,100,"d13C",-25.25,"perMill",,,"Audit Failed. Document: A00036_DREX_AlgalChem_DocAudit_20170407.pdf & A00036_DREX_AlgalChem_VisitAudit_20170407.pdf"
"a633f204-b3b6-4809-81d1-ad598fc9e0d6","D10","ARIK","ARIK.AOS.S2","2016-03-15","ARIK.SS.20160315.POM.2",,"condition ok","Academy of Natural Sciences of Drexel University","2016-09-01","OKgcKejxXbI=","13C15N","2",200,25,100,"d13C",-23.66,"perMill",,,"Audit Failed. Document: A00036_DREX_AlgalChem_DocAudit_20170407.pdf & A00036_DREX_AlgalChem_VisitAudit_20170407.pdf"
"10f1e9fd-5629-4d2d-a004-bf2bf4116b8c","D10","ARIK","ARIK.AOS.S2","2016-03-15","ARIK.SS.20160315.POM.2",,"condition ok","Academy of Natural Sciences of Drexel University","2016-09-01","OKgcKejxXbI=","13C15N","2",200,25,100,"d15N",5.39,"perMill",,,"Audit Failed. Document: A00036_DREX_AlgalChem_DocAudit_20170407.pdf & A00036_DREX_AlgalChem_VisitAudit_20170407.pdf"
"ee617e3e-8d20-45c9-9f45-04fc213178f8","D10","ARIK","ARIK.AOS.S2","2016-03-15","ARIK.SS.20160315.POM.1",,"condition ok","Academy of Natural Sciences of Drexel University","2016-08-29","OKgcKejxXbI=","13C15N","1",200,25,100,"d15N",5.53,"perMill",,,"Audit Failed. Document: A00036_DREX_AlgalChem_DocAudit_20170407.pdf & A00036_DREX_AlgalChem_VisitAudit_20170407.pdf"
"d50e270c-16e2-4b41-87db-791f50cc2542","D10","ARIK","ARIK.AOS.S2","2016-03-15","ARIK.SS.20160315.POM.1",,"condition ok","Academy of Natural Sciences of Drexel University","2016-08-29","OKgcKejxXbI=","13C15N","1",,,100,"d13C",-25.25,"perMill",,,
"8c901921-86b5-4383-8116-ec949dfa10f1","D10","ARIK","ARIK.AOS.S2","2016-03-15","ARIK.SS.20160315.POM.1",,"condition ok","Academy of Natural Sciences of Drexel University","2016-08-29","OKgcKejxXbI=","13C15N","1",,,100,"d15N",5.53,"perMill",,,
"65148b73-3510-48a8-a506-ffa0f07d8840","D10","ARIK","ARIK.AOS.S2","2016-03-31","ARIK.SS.20160331.POM.2",,"condition ok","Academy of Natural Sciences of Drexel University","2016-09-01","OKgcKejxXbI=","13C15N","2",,,100,"d13C",-28.98,"perMill",,,
"002350e8-acf7-4898-8e03-787b2dc8b052","D10","ARIK","ARIK.AOS.S2","2016-03-31","ARIK.SS.20160331.POM.1",,"condition ok","Academy of Natural Sciences of Drexel University","2016-08-29","OKgcKejxXbI=","13C15N","1",600,25,100,"d13C",-31.57,"perMill",,,"Audit Failed. Document: A00036_DREX_AlgalChem_DocAudit_20170407.pdf & A00036_DREX_AlgalChem_VisitAudit_20170407.pdf"
"58b3529b-4297-4e42-8eed-3f19bfa31923","D10","ARIK","ARIK.AOS.S2","2016-03-31","ARIK.SS.20160331.POM.2",,"condition ok","Academy of Natural Sciences of Drexel University","2016-09-01","OKgcKejxXbI=","13C15N","2",600,25,100,"d15N",5.23,"perMill",,,"Audit Failed. Document: A00036_DREX_AlgalChem_DocAudit_20170407.pdf & A00036_DREX_AlgalChem_VisitAudit_20170407.pdf"
"dc876d49-e211-4b9c-9062-9a82f93dfa61","D10","ARIK","ARIK.AOS.S2","2016-03-31","ARIK.SS.20160331.POM.1",,"condition ok","Academy of Natural Sciences of Drexel University","2016-08-29","OKgcKejxXbI=","13C15N","1",600,25,100,"d15N",4.78,"perMill",,,"Audit Failed. Document: A00036_DREX_AlgalChem_DocAudit_20170407.pdf & A00036_DREX_AlgalChem_VisitAudit_20170407.pdf"
"4940c620-c0e8-4072-9f9d-ce864a98483d","D10","ARIK","ARIK.AOS.S2","2016-03-31","ARIK.SS.20160331.POM.1",,"condition ok","Academy of Natural Sciences of Drexel University","2016-08-29","OKgcKejxXbI=","13C15N","1",,,100,"d15N",4.78,"perMill",,,
"f3b6cd88-ec3a-4d05-9b8b-882897718230","D10","ARIK","ARIK.AOS.S2","2016-03-31","ARIK.SS.20160331.POM.1",,"condition ok","Academy of Natural Sciences of Drexel University","2016-08-29","OKgcKejxXbI=","13C15N","1",,,100,"d13C",-31.57,"perMill",,,
"9b194c84-c3a9-4987-b111-79430fbe9747","D10","ARIK","ARIK.AOS.S2","2016-03-31","ARIK.SS.20160331.POM.2",,"condition ok","Academy of Natural Sciences of Drexel University","2016-09-01","OKgcKejxXbI=","13C15N","2",,,100,"d15N",5.23,"perMill",,,
"dc9ec06f-f394-4a35-a162-b059884c495d","D10","ARIK","ARIK.AOS.S2","2016-03-31","ARIK.SS.20160331.POM.2",,"condition ok","Academy of Natural Sciences of Drexel University","2016-09-01","OKgcKejxXbI=","13C15N","2",600,25,100,"d13C",-28.98,"perMill",,,"Audit Failed. Document: A00036_DREX_AlgalChem_DocAudit_20170407.pdf & A00036_DREX_AlgalChem_VisitAudit_20170407.pdf"
