uid,domainID,siteID,namedLocation,collectDate,sampleID,sampleCode,sampleCondition,laboratoryName,analysisDate,analyzedBy,sampleType,replicate,sampleVolumeFiltered,filterSize,percentFilterAnalyzed,analyte,analyteConcentration,plantAlgaeLabUnits,method,externalRemarks,externalLabDataQF
"324a5b98-56ea-4938-807c-e284a690df98","D04","GUIL","GUIL.AOS.S2","2019-05-06","GUIL.SS.20190506.POM.1","A00000040219","condition ok","SIRFER Lab at University of Utah","2019-10-09","ElFtGy1kV49xqNP00HfxQA==","POM","1",750,25,100,"d15N",5.14,"perMill","Revesz & Coplen 2012a",,
"4e596118-9cf8-4ae5-b10d-21e6e1361b37","D04","GUIL","GUIL.AOS.S2","2019-05-06","GUIL.SS.20190506.POM.1","A00000040219","condition ok","SIRFER Lab at University of Utah","2019-10-09","ElFtGy1kV49xqNP00HfxQA==","POM","1",750,25,100,"carbon",122.48,"microgramsPerLiter","Revesz & Coplen 2012a",,
"19b085c9-d1f6-4915-868a-a03df4878232","D04","GUIL","GUIL.AOS.S2","2019-05-06","GUIL.SS.20190506.POM.1","A00000040219","condition ok","SIRFER Lab at University of Utah","2019-10-09","ElFtGy1kV49xqNP00HfxQA==","POM","1",750,25,100,"d13C",-23.78,"perMill","Revesz & Coplen 2012a",,
"c49a666e-653f-4f45-b3b8-c3fb145df6fe","D04","GUIL","GUIL.AOS.S2","2019-05-06","GUIL.SS.20190506.POM.1","A00000040219","condition ok","SIRFER Lab at University of Utah","2019-10-09","ElFtGy1kV49xqNP00HfxQA==","POM","1",750,25,100,"nitrogen",13.83,"microgramsPerLiter","Revesz & Coplen 2012a",,
"6925196c-5e64-4fc9-a17a-27f9a58d9abd","D04","GUIL","GUIL.AOS.S2","2019-05-14","GUIL.SS.20190514.POM.1","A00000040354","condition ok","SIRFER Lab at University of Utah","2019-10-09","ElFtGy1kV49xqNP00HfxQA==","POM","1",1000,25,100,"d15N",7.27,"perMill","Revesz & Coplen 2012a",,
"5c8f9dcd-2ee0-459b-a773-d50365d64dc8","D04","GUIL","GUIL.AOS.S2","2019-05-14","GUIL.SS.20190514.POM.1","A00000040354","condition ok","SIRFER Lab at University of Utah","2019-10-09","ElFtGy1kV49xqNP00HfxQA==","POM","1",1000,25,100,"carbon",101.10,"microgramsPerLiter","Revesz & Coplen 2012a",,
"94ed8ec3-7176-472f-8118-9f8d49b964b5","D04","GUIL","GUIL.AOS.S2","2019-05-14","GUIL.SS.20190514.POM.1","A00000040354","condition ok","SIRFER Lab at University of Utah","2019-10-09","ElFtGy1kV49xqNP00HfxQA==","POM","1",1000,25,100,"d13C",-24.03,"perMill","Revesz & Coplen 2012a",,
"6c7f8663-2155-40d1-923b-8a65bc730fec","D04","GUIL","GUIL.AOS.S2","2019-05-14","GUIL.SS.20190514.POM.1","A00000040354","condition ok","SIRFER Lab at University of Utah","2019-10-09","ElFtGy1kV49xqNP00HfxQA==","POM","1",1000,25,100,"nitrogen",12.46,"microgramsPerLiter","Revesz & Coplen 2012a",,
"531d792e-7390-42e6-a176-d3b00001c568","D04","GUIL","GUIL.AOS.S2","2019-05-22","GUIL.SS.20190522.POM.1","A00000113591","condition ok","SIRFER Lab at University of Utah","2019-10-09","ElFtGy1kV49xqNP00HfxQA==","POM","1",750,25,100,"d13C",-23.59,"perMill","Revesz & Coplen 2012a",,
"a65d4083-cf87-42c7-bd6d-9f42b896c0a5","D04","GUIL","GUIL.AOS.S2","2019-05-22","GUIL.SS.20190522.POM.1","A00000113591","condition ok","SIRFER Lab at University of Utah","2019-10-09","ElFtGy1kV49xqNP00HfxQA==","POM","1",750,25,100,"nitrogen",13.19,"microgramsPerLiter","Revesz & Coplen 2012a",,
"acdf050a-f306-492b-aaff-1865c3e17406","D04","GUIL","GUIL.AOS.S2","2019-05-22","GUIL.SS.20190522.POM.1","A00000113591","condition ok","SIRFER Lab at University of Utah","2019-10-09","ElFtGy1kV49xqNP00HfxQA==","POM","1",750,25,100,"d15N",4.81,"perMill","Revesz & Coplen 2012a",,
"4c5f45e2-54e6-467a-9a53-f16580d6a4ae","D04","GUIL","GUIL.AOS.S2","2019-05-22","GUIL.SS.20190522.POM.1","A00000113591","condition ok","SIRFER Lab at University of Utah","2019-10-09","ElFtGy1kV49xqNP00HfxQA==","POM","1",750,25,100,"carbon",115.32,"microgramsPerLiter","Revesz & Coplen 2012a",,
