uid,domainID,siteID,namedLocation,decimalLatitude,decimalLongitude,coordinateUncertainty,additionalCoordUncertainty,elevation,elevationUncertainty,geodeticDatum,altLocation,altLatitude,altLongitude,altCoordinateUncertainty,altGeodeticDatum,collectDate,aquaticSiteType,samplingImpractical,parentSampleID,parentSampleCode,eventID,samplerType,dissolvedOxygen,dissolvedOxygenSaturation,specificConductance,waterTemp,asiSamplingProtocolVersion,lowerSegmentDepth,upperSegmentDepth,maxDepth,lakeSampleDepth1,lakeSampleDepth2,aCollectedBy,bCollectedBy,remarks,fieldDataQF
"6fd17730-99bd-4e74-ae83-dd5a5d383e98","D04","GUIL","GUIL.AOS.S2",18.174094,-66.799710,0.1,10.0,546.0,0.1,"WGS84",,,,,,"2019-09-05T12:54Z","stream",,"GUIL.SS.20190905",,"GUIL.20190905","Grab",7.05,87.90,228.70,23.60,"NEON.DOC.001886vG",,,,,,"0000-0001-5314-0662","0000-0002-4299-7043",,
"2a48fb33-8610-48fa-842f-231076028c10","D04","GUIL","GUIL.AOS.S2",18.174094,-66.799710,0.1,10.0,546.0,0.1,"WGS84",,,,,,"2019-09-10T11:37Z","stream",,"GUIL.SS.20190910",,"GUIL.20190910","Grab",7.23,87.00,180.80,21.50,"NEON.DOC.001886vF",,,,,,"0000-0003-3491-5113","0000-0003-1220-2331",,
"03375af6-4a9e-4a57-9bab-931e7325692b","D04","GUIL","GUIL.AOS.S2",18.174094,-66.799710,0.1,10.0,546.0,0.1,"WGS84",,,,,,"2019-09-16T12:23Z","stream",,"GUIL.SS.20190916",,"GUIL.20190916","Grab",7.08,87.20,196.10,22.70,"NEON.DOC.001886vF",,,,,,"0000-0003-3491-5113","0000-0003-1220-2331",,
"20c62484-0b89-4129-b26c-810149101345","D04","GUIL","GUIL.AOS.S2",18.174094,-66.799710,0.1,10.0,546.0,0.1,"WGS84",,,,,,"2019-09-24T12:06Z","stream",,"GUIL.SS.20190924",,"GUIL.20190924","Grab",6.87,85.50,217.70,22.90,"NEON.DOC.001886vG",,,,,,"0000-0003-3491-5113","0000-0002-4299-7043",,
