uid,domainID,siteID,namedLocation,collectDate,parentSampleID,parentSampleCode,isotopeH2OSampleCond,isotopeH2OSampleID,isotopeH2OSampleCode,isotopePOMRep2SampleCond,isotopePOMRep2SampleID,isotopePOMRep2SampleCode,isotopePOMSampleCond,isotopePOMSampleID,isotopePOMSampleCode,processedDateFilters,processedDateH2OIsotopes,sampleVolumeFilteredPOMRep1,sampleVolumeFilteredPOMRep2,fieldDataQF
"5aa843fa-fe34-4348-ae88-32e8e1154f40","D04","GUIL","GUIL.AOS.S2","2019-09-05T12:54Z","GUIL.SS.20190905",,"Sample condition ok","GUIL.SS.20190905.H2O.1","A00000112921","Sample condition ok","GUIL.SS.20190905.POM.2","A00000112926","Sample condition ok","GUIL.SS.20190905.POM.1","A00000112925","2019-09-05T14:25Z","2019-09-05T13:17Z",1000,1000,
"b6c257b7-ba42-4004-acb9-da9f9ca3553d","D04","GUIL","GUIL.AOS.S2","2019-09-10T11:37Z","GUIL.SS.20190910",,"Sample condition ok","GUIL.SS.20190910.H2O.1","A00000112949","Sample condition ok","GUIL.SS.20190910.POM.2","A00000112951","Sample condition ok","GUIL.SS.20190910.POM.1","A00000112950","2019-09-10T13:00Z","2019-09-10T11:51Z",500,500,
"bc0fbf1a-55aa-40ab-a987-de41ea949f9f","D04","GUIL","GUIL.AOS.S2","2019-09-16T12:23Z","GUIL.SS.20190916",,"Sample condition ok","GUIL.SS.20190916.H2O.1","A00000112796","Sample condition ok","GUIL.SS.20190916.POM.2","A00000112798","Sample condition ok","GUIL.SS.20190916.POM.1","A00000112797","2019-09-16T12:58Z","2019-09-16T12:37Z",500,500,
"5cec5199-36d2-489c-a510-f73538cfa266","D04","GUIL","GUIL.AOS.S2","2019-09-24T12:06Z","GUIL.SS.20190924",,"Sample condition ok","GUIL.SS.20190924.H2O.1","A00000112679","Sample condition ok","GUIL.SS.20190924.POM.2","A00000112687","Sample condition ok","GUIL.SS.20190924.POM.1","A00000112686","2019-09-24T13:07Z","2019-09-24T12:20Z",750,750,
