uid,domainID,siteID,namedLocation,collectDate,sampleID,sampleCode,sampleCondition,laboratoryName,analysisDate,analyzedBy,sampleType,replicate,sampleVolumeFiltered,filterSize,percentFilterAnalyzed,analyte,analyteConcentration,plantAlgaeLabUnits,method,externalRemarks,externalLabDataQF
"52b29f12-83c2-4f6e-bbb7-fd9bc7acc197","D09","PRPO","PRPO.AOS.inlet","2017-06-06","PRPO.IN.20170606.POM.1",,"condition ok","SIRFER Lab at University of Utah","2018-03-16","ElFtGy1kV49xqNP00HfxQA==","POM","1",40,25,100,"carbon",8213.20,"microgramsPerLiter","Revesz & Coplen 2012a",,
"b28660a4-0dae-4ccc-b941-2c9c0cfa02bb","D09","PRPO","PRPO.AOS.inlet","2017-06-06","PRPO.IN.20170606.POM.1",,"condition ok","SIRFER Lab at University of Utah","2018-03-16","ElFtGy1kV49xqNP00HfxQA==","POM","1",40,25,100,"d15N",5.50,"perMill","Revesz & Coplen 2012a",,
"1e840438-e32b-46b8-8fa8-3f5737a3b0b4","D09","PRPO","PRPO.AOS.inlet","2017-06-06","PRPO.IN.20170606.POM.1",,"condition ok","SIRFER Lab at University of Utah","2018-03-16","ElFtGy1kV49xqNP00HfxQA==","POM","1",40,25,100,"d13C",-28.00,"perMill","Revesz & Coplen 2012a",,
"63421875-6f98-450f-9453-68509e7163f3","D09","PRPO","PRPO.AOS.inlet","2017-06-06","PRPO.IN.20170606.POM.1",,"condition ok","SIRFER Lab at University of Utah","2018-03-16","ElFtGy1kV49xqNP00HfxQA==","POM","1",40,25,100,"nitrogen",1007.30,"microgramsPerLiter","Revesz & Coplen 2012a",,
"35d60b36-1d81-47fb-9531-0fbb33f3bae0","D09","PRPO","PRPO.AOS.buoy.c0","2017-06-06","PRPO.C0.20170606.POM.1",,"condition ok","SIRFER Lab at University of Utah","2018-03-16","ElFtGy1kV49xqNP00HfxQA==","POM","1",40,25,100,"d13C",-28.20,"perMill","Revesz & Coplen 2012a",,
"e13b30fb-708c-453f-8c1d-dedd13fdb676","D09","PRPO","PRPO.AOS.buoy.c0","2017-06-06","PRPO.C0.20170606.POM.1",,"condition ok","SIRFER Lab at University of Utah","2018-03-16","ElFtGy1kV49xqNP00HfxQA==","POM","1",40,25,100,"d15N",8.90,"perMill","Revesz & Coplen 2012a",,
"c23a1035-b3a6-4c28-9e6e-358ea417844b","D09","PRPO","PRPO.AOS.buoy.c0","2017-06-06","PRPO.C0.20170606.POM.1",,"condition ok","SIRFER Lab at University of Utah","2018-03-16","ElFtGy1kV49xqNP00HfxQA==","POM","1",40,25,100,"carbon",8082.20,"microgramsPerLiter","Revesz & Coplen 2012a",,
"5c91cee9-cfa5-4d00-ad47-3daeef7c14a3","D09","PRPO","PRPO.AOS.buoy.c0","2017-06-06","PRPO.C0.20170606.POM.1",,"condition ok","SIRFER Lab at University of Utah","2018-03-16","ElFtGy1kV49xqNP00HfxQA==","POM","1",40,25,100,"nitrogen",943.70,"microgramsPerLiter","Revesz & Coplen 2012a",,
"383442a0-e889-42d7-802c-bc9af786d4eb","D09","PRPO","PRPO.AOS.outlet","2017-06-06","PRPO.OT.20170606.POM.1",,"condition ok","SIRFER Lab at University of Utah","2018-03-16","ElFtGy1kV49xqNP00HfxQA==","POM","1",40,25,100,"d15N",,"perMill","Revesz & Coplen 2012a",,
"071eef63-1382-4b2a-bbec-4274d080589e","D09","PRPO","PRPO.AOS.outlet","2017-06-06","PRPO.OT.20170606.POM.1",,"condition ok","SIRFER Lab at University of Utah","2018-03-16","ElFtGy1kV49xqNP00HfxQA==","POM","1",40,25,100,"nitrogen",,"microgramsPerLiter","Revesz & Coplen 2012a",,
"fe7cbdf4-b984-413c-8466-a839579609fc","D09","PRPO","PRPO.AOS.outlet","2017-06-06","PRPO.OT.20170606.POM.1",,"condition ok","SIRFER Lab at University of Utah","2018-03-16","ElFtGy1kV49xqNP00HfxQA==","POM","1",40,25,100,"carbon",,"microgramsPerLiter","Revesz & Coplen 2012a",,
"d3320434-9ece-4fec-b450-079638967f3f","D09","PRPO","PRPO.AOS.outlet","2017-06-06","PRPO.OT.20170606.POM.1",,"condition ok","SIRFER Lab at University of Utah","2018-03-16","ElFtGy1kV49xqNP00HfxQA==","POM","1",40,25,100,"d13C",,"perMill","Revesz & Coplen 2012a",,
