uid,domainID,siteID,namedLocation,collectDate,parentSampleID,parentSampleCode,isotopeH2OSampleCond,isotopeH2OSampleID,isotopeH2OSampleCode,isotopePOMRep2SampleCond,isotopePOMRep2SampleID,isotopePOMRep2SampleCode,isotopePOMSampleCond,isotopePOMSampleID,isotopePOMSampleCode,processedDateFilters,processedDateH2OIsotopes,sampleVolumeFilteredPOMRep1,sampleVolumeFilteredPOMRep2,fieldDataQF
"1af225c0-2249-48dc-a843-3b4b32bc1e55","D08","MAYF","MAYF.AOS.S2","2018-02-01T16:45Z","MAYF.SS.20180201",,"Sample condition ok","MAYF.SS.20180201.H2O.1",,"Sample condition ok","MAYF.SS.20180201.POM.2",,"Sample condition ok","MAYF.SS.20180201.POM.1",,"2018-02-01T16:45Z","2018-02-01T16:45Z",50,50,
"d0554740-c32c-4566-a93a-74a90d4f4ec1","D08","MAYF","MAYF.AOS.S2","2018-02-06T18:40Z","MAYF.SS.20180206",,"Sample condition ok","MAYF.SS.20180206.H2O.1",,"Sample condition ok","MAYF.SS.20180206.POM.2",,"Sample condition ok","MAYF.SS.20180206.POM.1",,"2018-02-06T18:40Z","2018-02-06T18:40Z",50,50,
"12f50ad6-1183-4836-9c90-437271349112","D08","MAYF","MAYF.AOS.S2","2018-02-19T15:56Z","MAYF.SS.20180219",,"Sample condition ok","MAYF.SS.20180219.H2O.1",,"Sample condition ok","MAYF.SS.20180219.POM.2",,"Sample condition ok","MAYF.SS.20180219.POM.1",,"2018-02-19T15:56Z","2018-02-19T15:56Z",50,50,
"452d0f87-dca3-4935-aac9-e228d63aeab2","D08","MAYF","MAYF.AOS.S2","2018-02-26T15:15Z","MAYF.SS.20180226",,"Sample condition ok","MAYF.SS.20180226.H2O.1",,"Sample condition ok","MAYF.SS.20180226.POM.2",,"Sample condition ok","MAYF.SS.20180226.POM.1",,"2018-02-26T15:15Z","2018-02-26T15:15Z",50,50,
