uid,domainID,siteID,namedLocation,collectDate,sampleID,sampleCode,sampleCondition,laboratoryName,analysisDate,analyzedBy,sampleType,replicate,sampleVolumeFiltered,filterSize,percentFilterAnalyzed,analyte,analyteConcentration,plantAlgaeLabUnits,method,externalRemarks,externalLabDataQF
"3dd5f69e-a9f8-47dc-8a40-abc72f8b183c","D08","MAYF","MAYF.AOS.S2","2018-02-01","MAYF.SS.20180201.POM.1",,"condition ok","SIRFER Lab at University of Utah","2018-08-30","ElFtGy1kV49xqNP00HfxQA==","POM","1",50,25,100,"d15N",8.09,"perMill","Revesz & Coplen 2012a",,
"c5efabdb-717d-4415-9cc7-534bf1500172","D08","MAYF","MAYF.AOS.S2","2018-02-01","MAYF.SS.20180201.POM.1",,"condition ok","SIRFER Lab at University of Utah","2018-08-30","ElFtGy1kV49xqNP00HfxQA==","POM","1",50,25,100,"carbon",1987.57,"microgramsPerLiter","Revesz & Coplen 2012a",,
"2aeb4166-34e0-4373-9cb2-a0318f235397","D08","MAYF","MAYF.AOS.S2","2018-02-01","MAYF.SS.20180201.POM.1",,"condition ok","SIRFER Lab at University of Utah","2018-08-30","ElFtGy1kV49xqNP00HfxQA==","POM","1",50,25,100,"d13C",-30.81,"perMill","Revesz & Coplen 2012a",,
"08cabfad-ea6a-44cc-8a21-447d2f269cd0","D08","MAYF","MAYF.AOS.S2","2018-02-01","MAYF.SS.20180201.POM.1",,"condition ok","SIRFER Lab at University of Utah","2018-08-30","ElFtGy1kV49xqNP00HfxQA==","POM","1",50,25,100,"nitrogen",267.73,"microgramsPerLiter","Revesz & Coplen 2012a",,
"e354ae84-b444-4d6e-9d6c-132047a3db5c","D08","MAYF","MAYF.AOS.S2","2018-02-06","MAYF.SS.20180206.POM.1",,"condition ok","SIRFER Lab at University of Utah","2018-08-28","ElFtGy1kV49xqNP00HfxQA==","POM","1",50,25,100,"d15N",6.54,"perMill","Revesz & Coplen 2012a",,
"194549dc-389f-4029-b443-ba461eda4ee7","D08","MAYF","MAYF.AOS.S2","2018-02-06","MAYF.SS.20180206.POM.1",,"condition ok","SIRFER Lab at University of Utah","2018-08-28","ElFtGy1kV49xqNP00HfxQA==","POM","1",50,25,100,"nitrogen",80.96,"microgramsPerLiter","Revesz & Coplen 2012a",,
"31967171-8dd0-4adb-af10-2f0cb6503b3d","D08","MAYF","MAYF.AOS.S2","2018-02-06","MAYF.SS.20180206.POM.1",,"condition ok","SIRFER Lab at University of Utah","2018-08-28","ElFtGy1kV49xqNP00HfxQA==","POM","1",50,25,100,"d13C",-25.36,"perMill","Revesz & Coplen 2012a",,
"1b71691f-da7b-4a87-8f6b-bb44efb5e067","D08","MAYF","MAYF.AOS.S2","2018-02-06","MAYF.SS.20180206.POM.1",,"condition ok","SIRFER Lab at University of Utah","2018-08-28","ElFtGy1kV49xqNP00HfxQA==","POM","1",50,25,100,"carbon",1248.88,"microgramsPerLiter","Revesz & Coplen 2012a",,
"211d7d6a-5e89-465c-9ece-46bd09afb306","D08","MAYF","MAYF.AOS.S2","2018-02-19","MAYF.SS.20180219.POM.1",,"condition ok","SIRFER Lab at University of Utah","2018-08-30","ElFtGy1kV49xqNP00HfxQA==","POM","1",50,25,100,"carbon",2909.51,"microgramsPerLiter","Revesz & Coplen 2012a",,
"050a84d3-ff29-4592-8415-e131b388e76d","D08","MAYF","MAYF.AOS.S2","2018-02-19","MAYF.SS.20180219.POM.1",,"condition ok","SIRFER Lab at University of Utah","2018-08-30","ElFtGy1kV49xqNP00HfxQA==","POM","1",50,25,100,"nitrogen",147.33,"microgramsPerLiter","Revesz & Coplen 2012a",,
"1baab969-d190-4948-ba6a-420347ab3c37","D08","MAYF","MAYF.AOS.S2","2018-02-19","MAYF.SS.20180219.POM.1",,"condition ok","SIRFER Lab at University of Utah","2018-08-30","ElFtGy1kV49xqNP00HfxQA==","POM","1",50,25,100,"d15N",2.54,"perMill","Revesz & Coplen 2012a",,
"44efe651-8ba8-45b5-b2f4-e1e69e8406b4","D08","MAYF","MAYF.AOS.S2","2018-02-19","MAYF.SS.20180219.POM.1",,"condition ok","SIRFER Lab at University of Utah","2018-08-30","ElFtGy1kV49xqNP00HfxQA==","POM","1",50,25,100,"d13C",-28.58,"perMill","Revesz & Coplen 2012a",,
"bbd382f9-f4db-4a7b-98d7-20137187684f","D08","MAYF","MAYF.AOS.S2","2018-02-26","MAYF.SS.20180226.POM.1",,"condition ok","SIRFER Lab at University of Utah","2018-08-30","ElFtGy1kV49xqNP00HfxQA==","POM","1",50,25,100,"nitrogen",457.24,"microgramsPerLiter","Revesz & Coplen 2012a",,
"97292485-7794-4851-9c8a-d0a46d6b92ee","D08","MAYF","MAYF.AOS.S2","2018-02-26","MAYF.SS.20180226.POM.1",,"condition ok","SIRFER Lab at University of Utah","2018-08-30","ElFtGy1kV49xqNP00HfxQA==","POM","1",50,25,100,"carbon",3277.87,"microgramsPerLiter","Revesz & Coplen 2012a",,
"d6bf791e-f463-4a25-bfab-a9e31d083bfe","D08","MAYF","MAYF.AOS.S2","2018-02-26","MAYF.SS.20180226.POM.1",,"condition ok","SIRFER Lab at University of Utah","2018-08-30","ElFtGy1kV49xqNP00HfxQA==","POM","1",50,25,100,"d15N",9.81,"perMill","Revesz & Coplen 2012a",,
"2c5a787e-c52b-4da3-b5de-310bf4fef20a","D08","MAYF","MAYF.AOS.S2","2018-02-26","MAYF.SS.20180226.POM.1",,"condition ok","SIRFER Lab at University of Utah","2018-08-30","ElFtGy1kV49xqNP00HfxQA==","POM","1",50,25,100,"d13C",-30.76,"perMill","Revesz & Coplen 2012a",,
