uid,domainID,siteID,namedLocation,decimalLatitude,decimalLongitude,coordinateUncertainty,additionalCoordUncertainty,elevation,elevationUncertainty,geodeticDatum,altLocation,altLatitude,altLongitude,altCoordinateUncertainty,altGeodeticDatum,collectDate,aquaticSiteType,samplingImpractical,parentSampleID,parentSampleCode,eventID,samplerType,dissolvedOxygen,dissolvedOxygenSaturation,specificConductance,waterTemp,asiSamplingProtocolVersion,lowerSegmentDepth,upperSegmentDepth,maxDepth,lakeSampleDepth1,lakeSampleDepth2,aCollectedBy,bCollectedBy,remarks,fieldDataQF
"b2717e7a-5188-434e-bc66-3597696fdc6f","D08","MAYF","MAYF.AOS.S2",32.961588,-87.408214,0.1,10.0,69.8,0.1,"WGS84",,,,,,"2018-02-01T16:45Z","stream",,"MAYF.SS.20180201",,"MAYF.20180201","Grab",11.83,102.70,13.70,8.80,"NEON.DOC.001886vF",,,,,,"churak@battelleecology.org","jgalloway@battelleecology.org",,
"b6481e05-dbe2-4493-b4c1-ed5405682db1","D08","MAYF","MAYF.AOS.S2",32.961588,-87.408214,0.1,10.0,69.8,0.1,"WGS84",,,,,,"2018-02-06T18:40Z","stream",,"MAYF.SS.20180206",,"MAYF.20180206","Grab",10.91,99.10,14.00,11.10,"NEON.DOC.001886vF",,,,,,"jgalloway@battelleecology.org","churak@battelleecology.org",,
"7a5701cc-ba13-4b85-bd7b-41fd5299dc2d","D08","MAYF","MAYF.AOS.S2",32.961588,-87.408214,0.1,10.0,69.8,0.1,"WGS84",,,,,,"2018-02-19T15:56Z","stream",,"MAYF.SS.20180219",,"MAYF.20180219","Grab",10.13,85.00,13.20,13.40,"NEON.DOC.001886vF",,,,,,"jgalloway@battelleecology.org","dshipman@battelleecology.org",,
"454155d6-2d1b-4feb-b569-f72986c211ce","D08","MAYF","MAYF.AOS.S2",32.961588,-87.408214,0.1,10.0,69.8,0.1,"WGS84",,,,,,"2018-02-26T15:15Z","stream",,"MAYF.SS.20180226",,"MAYF.20180226","Grab",8.94,88.10,6.60,14.80,"NEON.DOC.001886vF",,,,,,"churak@battelleecology.org","kmiller@battelleecology.org",,
