uid,domainID,siteID,namedLocation,collectDate,sampleID,sampleCode,sampleCondition,laboratoryName,analysisDate,analyzedBy,sampleType,replicate,sampleVolumeFiltered,filterSize,percentFilterAnalyzed,analyte,analyteConcentration,plantAlgaeLabUnits,method,externalRemarks,externalLabDataQF
"c3d77dd1-7968-4ec6-9799-ebca0a88b59e","D13","COMO","COMO.AOS.S2","2017-12-11","COMO.SS.20171211.POM.1",,"condition ok","SIRFER Lab at University of Utah","2018-08-09","ElFtGy1kV49xqNP00HfxQA==","POM","1",1250,25,100,"carbon",162.32,"microgramsPerLiter","Revesz & Coplen 2012a",,
"0fcb858e-e483-4be3-8cb3-4d83d3157515","D13","COMO","COMO.AOS.S2","2017-12-11","COMO.SS.20171211.POM.1",,"condition ok","SIRFER Lab at University of Utah","2018-08-09","ElFtGy1kV49xqNP00HfxQA==","POM","1",1250,25,100,"d15N",2.23,"perMill","Revesz & Coplen 2012a",,
"93c3cd50-3cd4-4819-ae2c-4fb4b2904e7f","D13","COMO","COMO.AOS.S2","2017-12-11","COMO.SS.20171211.POM.1",,"condition ok","SIRFER Lab at University of Utah","2018-08-09","ElFtGy1kV49xqNP00HfxQA==","POM","1",1250,25,100,"nitrogen",16.44,"microgramsPerLiter","Revesz & Coplen 2012a",,
"f04ad313-3893-4387-8988-efd207cd0741","D13","COMO","COMO.AOS.S2","2017-12-11","COMO.SS.20171211.POM.1",,"condition ok","SIRFER Lab at University of Utah","2018-08-09","ElFtGy1kV49xqNP00HfxQA==","POM","1",1250,25,100,"d13C",-26.18,"perMill","Revesz & Coplen 2012a",,
