uid,domainID,siteID,namedLocation,collectDate,sampleID,sampleCode,sampleCondition,laboratoryName,analysisDate,analyzedBy,sampleType,replicate,sampleVolumeFiltered,filterSize,percentFilterAnalyzed,analyte,analyteConcentration,plantAlgaeLabUnits,method,externalRemarks,externalLabDataQF
"f4836835-2887-4974-82ff-e535e6fbd3cc","D01","HOPB","HOPB.AOS.S2","2016-12-07","HOPB.SS.20161207.POM.2",,"condition ok","Academy of Natural Sciences of Drexel University","2017-06-14","OKgcKejxXbI=","13C15N","2",,,100,"d13C",-27.53,"perMill",,,
"11256d83-6677-4ce2-b370-8f0d5dcb66c7","D01","HOPB","HOPB.AOS.S2","2016-12-07","HOPB.SS.20161207.POM.1",,"condition ok","Academy of Natural Sciences of Drexel University","2017-04-08","OKgcKejxXbI=","13C15N","1",,,100,"d13C",-27.08,"perMill",,,
"90cc2079-d566-42c1-94a6-832aee7eb267","D01","HOPB","HOPB.AOS.S2","2016-12-07","HOPB.SS.20161207.POM.1",,"condition ok","Academy of Natural Sciences of Drexel University","2017-04-08","OKgcKejxXbI=","13C15N","1",,,100,"d15N",7.50,"perMill",,,
"ca7e5d56-7b7b-4a80-8c39-7b2e29faccce","D01","HOPB","HOPB.AOS.S2","2016-12-07","HOPB.SS.20161207.POM.2",,"condition ok","Academy of Natural Sciences of Drexel University","2017-06-14","OKgcKejxXbI=","13C15N","2",,,100,"d15N",7.48,"perMill",,,
"93781ea5-35f1-4f11-976d-a19509c503a2","D01","HOPB","HOPB.AOS.S2","2016-12-14","HOPB.SS.20161214.POM.1",,"condition ok","Academy of Natural Sciences of Drexel University","2017-04-08","OKgcKejxXbI=","13C15N","1",,,100,"d15N",6.87,"perMill",,,
"6fe12cd4-257d-4e61-909c-a2157b7964ed","D01","HOPB","HOPB.AOS.S2","2016-12-14","HOPB.SS.20161214.POM.2",,"condition ok","Academy of Natural Sciences of Drexel University","2017-06-14","OKgcKejxXbI=","13C15N","2",,,100,"d13C",-27.56,"perMill",,,
"3d42ca64-af12-4712-a98d-6368ea8cff93","D01","HOPB","HOPB.AOS.S2","2016-12-14","HOPB.SS.20161214.POM.2",,"condition ok","Academy of Natural Sciences of Drexel University","2017-06-14","OKgcKejxXbI=","13C15N","2",,,100,"d15N",5.81,"perMill",,,
"7ada8145-755f-4ed1-bdf1-6aa0a2f75f7f","D01","HOPB","HOPB.AOS.S2","2016-12-14","HOPB.SS.20161214.POM.1",,"condition ok","Academy of Natural Sciences of Drexel University","2017-04-08","OKgcKejxXbI=","13C15N","1",,,100,"d13C",-27.68,"perMill",,,
