uid,domainID,siteID,namedLocation,collectDate,sampleID,sampleCode,sampleCondition,laboratoryName,analysisDate,analyzedBy,sampleType,replicate,sampleVolumeFiltered,filterSize,percentFilterAnalyzed,analyte,analyteConcentration,plantAlgaeLabUnits,method,externalRemarks,externalLabDataQF
"4dd7d923-071e-4e9e-821a-f4390a60fa1b","D13","COMO","COMO.AOS.S2","2017-11-15","COMO.SS.20171115.POM.1",,"condition ok","SIRFER Lab at University of Utah","2018-08-09","ElFtGy1kV49xqNP00HfxQA==","POM","1",800,25,100,"carbon",330.51,"microgramsPerLiter","Revesz & Coplen 2012a",,
"89d90f9b-293e-4326-a7ed-f15aca7adb9d","D13","COMO","COMO.AOS.S2","2017-11-15","COMO.SS.20171115.POM.1",,"condition ok","SIRFER Lab at University of Utah","2018-08-09","ElFtGy1kV49xqNP00HfxQA==","POM","1",800,25,100,"nitrogen",24.56,"microgramsPerLiter","Revesz & Coplen 2012a",,
"7659f92e-2e0c-432d-acb4-9ed25945d5f7","D13","COMO","COMO.AOS.S2","2017-11-15","COMO.SS.20171115.POM.1",,"condition ok","SIRFER Lab at University of Utah","2018-08-09","ElFtGy1kV49xqNP00HfxQA==","POM","1",800,25,100,"d13C",-26.41,"perMill","Revesz & Coplen 2012a",,
"73864da7-1895-4e83-be6d-2e71a74082cc","D13","COMO","COMO.AOS.S2","2017-11-15","COMO.SS.20171115.POM.1",,"condition ok","SIRFER Lab at University of Utah","2018-08-09","ElFtGy1kV49xqNP00HfxQA==","POM","1",800,25,100,"d15N",3.70,"perMill","Revesz & Coplen 2012a",,
