uid,domainID,siteID,namedLocation,collectDate,sampleID,sampleCode,sampleCondition,laboratoryName,analysisDate,analyzedBy,sampleType,replicate,sampleVolumeFiltered,filterSize,percentFilterAnalyzed,analyte,analyteConcentration,plantAlgaeLabUnits,method,externalRemarks,externalLabDataQF
"fda91eb8-8bb5-46ad-ac23-220b4d325fe0","D13","COMO","COMO.AOS.S2","2017-08-02","COMO.SS.20170802.POM.1",,"condition ok","SIRFER Lab at University of Utah","2018-04-06","ElFtGy1kV49xqNP00HfxQA==","POM","1",750,25,100,"d13C",-26.47,"perMill","Revesz & Coplen 2012a",,
"37e0795c-acc9-4d85-a1d1-3e8119b9f3f2","D13","COMO","COMO.AOS.S2","2017-08-02","COMO.SS.20170802.POM.1",,"condition ok","SIRFER Lab at University of Utah","2018-04-06","ElFtGy1kV49xqNP00HfxQA==","POM","1",750,25,100,"d15N",5.05,"perMill","Revesz & Coplen 2012a",,
"9a273d7a-7ff0-4200-96a3-a8953ee65323","D13","COMO","COMO.AOS.S2","2017-08-02","COMO.SS.20170802.POM.1",,"condition ok","SIRFER Lab at University of Utah","2018-04-06","ElFtGy1kV49xqNP00HfxQA==","POM","1",750,25,100,"nitrogen",32.81,"microgramsPerLiter","Revesz & Coplen 2012a",,
"a73c3c2f-4880-4fba-8401-1ef699993e71","D13","COMO","COMO.AOS.S2","2017-08-02","COMO.SS.20170802.POM.1",,"condition ok","SIRFER Lab at University of Utah","2018-04-06","ElFtGy1kV49xqNP00HfxQA==","POM","1",750,25,100,"carbon",440.58,"microgramsPerLiter","Revesz & Coplen 2012a",,
"930709e5-4ce7-472a-884f-0f47d5b0a9b3","D13","COMO","COMO.AOS.S2","2017-08-08","COMO.SS.20170808.POM.1",,"condition ok","SIRFER Lab at University of Utah","2018-04-06","ElFtGy1kV49xqNP00HfxQA==","POM","1",500,25,100,"carbon",301.49,"microgramsPerLiter","Revesz & Coplen 2012a",,
"28cf3235-2522-463b-8644-2884b829cd07","D13","COMO","COMO.AOS.S2","2017-08-08","COMO.SS.20170808.POM.1",,"condition ok","SIRFER Lab at University of Utah","2018-04-06","ElFtGy1kV49xqNP00HfxQA==","POM","1",500,25,100,"d15N",9.33,"perMill","Revesz & Coplen 2012a",,
"5cec3575-702c-4610-830d-e3db14286690","D13","COMO","COMO.AOS.S2","2017-08-08","COMO.SS.20170808.POM.1",,"condition ok","SIRFER Lab at University of Utah","2018-04-06","ElFtGy1kV49xqNP00HfxQA==","POM","1",500,25,100,"nitrogen",25.14,"microgramsPerLiter","Revesz & Coplen 2012a",,
"59c10b4d-20a6-4c00-9b5b-3e23e1839789","D13","COMO","COMO.AOS.S2","2017-08-08","COMO.SS.20170808.POM.1",,"condition ok","SIRFER Lab at University of Utah","2018-04-06","ElFtGy1kV49xqNP00HfxQA==","POM","1",500,25,100,"d13C",-25.79,"perMill","Revesz & Coplen 2012a",,
"0cc61633-1fc2-4e86-a99e-cff4618b14f7","D13","COMO","COMO.AOS.S2","2017-08-22","COMO.SS.20170822.POM.1",,"condition ok","SIRFER Lab at University of Utah","2018-04-06","ElFtGy1kV49xqNP00HfxQA==","POM","1",700,25,100,"d13C",-26.24,"perMill","Revesz & Coplen 2012a",,
"707b3ddc-b8bc-46e3-92c4-41889a8722f7","D13","COMO","COMO.AOS.S2","2017-08-22","COMO.SS.20170822.POM.1",,"condition ok","SIRFER Lab at University of Utah","2018-04-06","ElFtGy1kV49xqNP00HfxQA==","POM","1",700,25,100,"nitrogen",35.76,"microgramsPerLiter","Revesz & Coplen 2012a",,
"d8983c31-f37e-4e65-9e51-66ae7d577a28","D13","COMO","COMO.AOS.S2","2017-08-22","COMO.SS.20170822.POM.1",,"condition ok","SIRFER Lab at University of Utah","2018-04-06","ElFtGy1kV49xqNP00HfxQA==","POM","1",700,25,100,"carbon",510.87,"microgramsPerLiter","Revesz & Coplen 2012a",,
"2753e46f-9b1f-41f7-b695-4a18b0b6270d","D13","COMO","COMO.AOS.S2","2017-08-22","COMO.SS.20170822.POM.1",,"condition ok","SIRFER Lab at University of Utah","2018-04-06","ElFtGy1kV49xqNP00HfxQA==","POM","1",700,25,100,"d15N",-0.95,"perMill","Revesz & Coplen 2012a",,
