uid,domainID,siteID,namedLocation,collectDate,sampleID,sampleCode,sampleCondition,laboratoryName,analysisDate,analyzedBy,sampleType,replicate,sampleVolumeFiltered,filterSize,percentFilterAnalyzed,analyte,analyteConcentration,plantAlgaeLabUnits,method,externalRemarks,externalLabDataQF
"8847ba5f-5913-4507-a4c5-2beeffed2eb9","D02","POSE","POSE.AOS.S2","2015-11-03","POSE.SS.20151103.POM.1",,"condition ok","Academy of Natural Sciences of Drexel University","2016-03-31","OKgcKejxXbI=","13C15N","1",,,100,"d15N",2.85,"perMill",,,
"2babfba9-b53c-4165-b084-0033a8c15c69","D02","POSE","POSE.AOS.S2","2015-11-03","POSE.SS.20151103.POM.2",,"condition ok","Academy of Natural Sciences of Drexel University","2016-03-31","OKgcKejxXbI=","13C15N","2",,,100,"d13C",-28.04,"perMill",,,
"588c7b56-22d9-479b-b769-5f2b68b5750b","D02","POSE","POSE.AOS.S2","2015-11-03","POSE.SS.20151103.POM.1",,"condition ok","Academy of Natural Sciences of Drexel University","2016-03-31","OKgcKejxXbI=","13C15N","1",,,100,"d13C",-27.70,"perMill",,,
"db6bebbc-181f-460b-8ee8-4f441f287857","D02","POSE","POSE.AOS.S2","2015-11-03","POSE.SS.20151103.POM.2",,"condition ok","Academy of Natural Sciences of Drexel University","2016-03-31","OKgcKejxXbI=","13C15N","2",,,100,"d15N",2.01,"perMill",,,
"dace9369-190e-48a1-baf4-437a2f1002dd","D02","POSE","POSE.AOS.S2","2015-11-03","POSE.SS.20151103.POM.2",,"condition ok","Academy of Natural Sciences of Drexel University","2016-03-31","OKgcKejxXbI=","13C15N","2",500,25,100,"d13C",-28.04,"perMill",,,"Audit Failed. Document: A00036_DREX_AlgalChem_DocAudit_20170407.pdf & A00036_DREX_AlgalChem_VisitAudit_20170407.pdf"
"a0f71743-f48c-453b-939d-3335bd77023c","D02","POSE","POSE.AOS.S2","2015-11-03","POSE.SS.20151103.POM.1",,"condition ok","Academy of Natural Sciences of Drexel University","2016-03-31","OKgcKejxXbI=","13C15N","1",500,25,100,"d15N",2.85,"perMill",,,"Audit Failed. Document: A00036_DREX_AlgalChem_DocAudit_20170407.pdf & A00036_DREX_AlgalChem_VisitAudit_20170407.pdf"
"4ba90f5e-4bac-4500-b519-ea20b7ef7395","D02","POSE","POSE.AOS.S2","2015-11-03","POSE.SS.20151103.POM.1",,"condition ok","Academy of Natural Sciences of Drexel University","2016-03-31","OKgcKejxXbI=","13C15N","1",500,25,100,"d13C",-27.70,"perMill",,,"Audit Failed. Document: A00036_DREX_AlgalChem_DocAudit_20170407.pdf & A00036_DREX_AlgalChem_VisitAudit_20170407.pdf"
"80fee3ed-e0fb-4e29-aaee-4d305bd2ff70","D02","POSE","POSE.AOS.S2","2015-11-03","POSE.SS.20151103.POM.2",,"condition ok","Academy of Natural Sciences of Drexel University","2016-03-31","OKgcKejxXbI=","13C15N","2",500,25,100,"d15N",2.01,"perMill",,,"Audit Failed. Document: A00036_DREX_AlgalChem_DocAudit_20170407.pdf & A00036_DREX_AlgalChem_VisitAudit_20170407.pdf"
"42b49138-124e-4cc9-a954-656f8988e999","D02","POSE","POSE.AOS.S2","2015-11-12","POSE.SS.20151112.POM.2",,"condition ok","Academy of Natural Sciences of Drexel University","2016-09-01","OKgcKejxXbI=","13C15N","2",400,25,100,"d15N",4.43,"perMill",,,"Audit Failed. Document: A00036_DREX_AlgalChem_DocAudit_20170407.pdf & A00036_DREX_AlgalChem_VisitAudit_20170407.pdf"
"8a2a4aaf-ce12-4d3b-8027-8dae6b6de2bb","D02","POSE","POSE.AOS.S2","2015-11-12","POSE.SS.20151112.POM.1",,"condition ok","Academy of Natural Sciences of Drexel University","2016-08-29","OKgcKejxXbI=","13C15N","1",400,25,100,"d13C",-27.92,"perMill",,,"Audit Failed. Document: A00036_DREX_AlgalChem_DocAudit_20170407.pdf & A00036_DREX_AlgalChem_VisitAudit_20170407.pdf"
"bf712f11-49cc-4b9f-8e12-24e822cb5688","D02","POSE","POSE.AOS.S2","2015-11-12","POSE.SS.20151112.POM.1",,"condition ok","Academy of Natural Sciences of Drexel University","2016-08-29","OKgcKejxXbI=","13C15N","1",400,25,100,"d15N",5.30,"perMill",,,"Audit Failed. Document: A00036_DREX_AlgalChem_DocAudit_20170407.pdf & A00036_DREX_AlgalChem_VisitAudit_20170407.pdf"
"4009f67a-c9da-4701-a631-7232164c052c","D02","POSE","POSE.AOS.S2","2015-11-12","POSE.SS.20151112.POM.2",,"condition ok","Academy of Natural Sciences of Drexel University","2016-09-01","OKgcKejxXbI=","13C15N","2",400,25,100,"d13C",-28.32,"perMill",,,"Audit Failed. Document: A00036_DREX_AlgalChem_DocAudit_20170407.pdf & A00036_DREX_AlgalChem_VisitAudit_20170407.pdf"
"6abbb011-573f-47d0-a8f8-b110de91e6f9","D02","POSE","POSE.AOS.S2","2015-11-12","POSE.SS.20151112.POM.2",,"condition ok","Academy of Natural Sciences of Drexel University","2016-09-01","OKgcKejxXbI=","13C15N","2",,,100,"d13C",-28.32,"perMill",,,
"ccb32a65-6910-4cd0-9a79-b1fd07f5f0d9","D02","POSE","POSE.AOS.S2","2015-11-12","POSE.SS.20151112.POM.2",,"condition ok","Academy of Natural Sciences of Drexel University","2016-09-01","OKgcKejxXbI=","13C15N","2",,,100,"d15N",4.43,"perMill",,,
"e8eab35b-1b27-443e-97f8-36d8dcf3829b","D02","POSE","POSE.AOS.S2","2015-11-12","POSE.SS.20151112.POM.1",,"condition ok","Academy of Natural Sciences of Drexel University","2016-08-29","OKgcKejxXbI=","13C15N","1",,,100,"d13C",-27.92,"perMill",,,
"1cd4e25b-8517-4a2f-bb0a-82f3327d4428","D02","POSE","POSE.AOS.S2","2015-11-12","POSE.SS.20151112.POM.1",,"condition ok","Academy of Natural Sciences of Drexel University","2016-08-29","OKgcKejxXbI=","13C15N","1",,,100,"d15N",5.30,"perMill",,,
