uid,domainID,siteID,namedLocation,collectDate,sampleID,sampleCode,sampleCondition,laboratoryName,analysisDate,analyzedBy,sampleType,replicate,sampleVolumeFiltered,filterSize,percentFilterAnalyzed,analyte,analyteConcentration,plantAlgaeLabUnits,method,externalRemarks,externalLabDataQF
"6ec51510-b3bb-4691-889b-57a66f7172fa","D08","BLWA","BLWA.AOS.buoy.c0","2017-06-13","BLWA.C0.20170613.POM.1",,"condition ok","SIRFER Lab at University of Utah","2018-03-22","ElFtGy1kV49xqNP00HfxQA==","POM","1",100,25,100,"nitrogen",352.70,"microgramsPerLiter","Revesz & Coplen 2012a",,
"9c332392-300e-41e0-8b2f-ab9d3967b579","D08","BLWA","BLWA.AOS.buoy.c0","2017-06-13","BLWA.C0.20170613.POM.1",,"condition ok","SIRFER Lab at University of Utah","2018-03-22","ElFtGy1kV49xqNP00HfxQA==","POM","1",100,25,100,"d15N",13.00,"perMill","Revesz & Coplen 2012a",,
"9432a5bd-3354-483b-babe-a614a6e4f0b6","D08","BLWA","BLWA.AOS.buoy.c0","2017-06-13","BLWA.C0.20170613.POM.1",,"condition ok","SIRFER Lab at University of Utah","2018-03-22","ElFtGy1kV49xqNP00HfxQA==","POM","1",100,25,100,"d13C",-30.85,"perMill","Revesz & Coplen 2012a",,
"45344c9a-31e7-469b-b619-11191d53b69c","D08","BLWA","BLWA.AOS.buoy.c0","2017-06-13","BLWA.C0.20170613.POM.1",,"condition ok","SIRFER Lab at University of Utah","2018-03-22","ElFtGy1kV49xqNP00HfxQA==","POM","1",100,25,100,"carbon",2550.20,"microgramsPerLiter","Revesz & Coplen 2012a",,
