uid,domainID,siteID,namedLocation,collectDate,sampleID,sampleCode,sampleCondition,laboratoryName,analysisDate,analyzedBy,sampleType,replicate,sampleVolumeFiltered,filterSize,percentFilterAnalyzed,analyte,analyteConcentration,plantAlgaeLabUnits,method,externalRemarks,externalLabDataQF
"c0cd7858-7c11-4457-9671-40a024aa410b","D03","BARC","BARC.AOS.buoy.c0","2019-07-08","BARC.C0.20190708.POM.1","A00000037795","condition ok","SIRFER Lab at University of Utah","2019-12-11","ElFtGy1kV49xqNP00HfxQA==","POM","1",300,25,100,"nitrogen",58.88,"microgramsPerLiter","Revesz & Coplen 2012a",,
"949a32e2-d473-41e6-aaff-bf060b09d612","D03","BARC","BARC.AOS.buoy.c0","2019-07-08","BARC.C0.20190708.POM.1","A00000037795","condition ok","SIRFER Lab at University of Utah","2019-12-11","ElFtGy1kV49xqNP00HfxQA==","POM","1",300,25,100,"d13C",-33.71,"perMill","Revesz & Coplen 2012a",,
"affb3619-96ea-47e9-be0c-5dc63357eb6c","D03","BARC","BARC.AOS.buoy.c0","2019-07-08","BARC.C0.20190708.POM.1","A00000037795","condition ok","SIRFER Lab at University of Utah","2019-12-11","ElFtGy1kV49xqNP00HfxQA==","POM","1",300,25,100,"carbon",502.23,"microgramsPerLiter","Revesz & Coplen 2012a",,
"7da84da9-ef1c-42bc-b63b-b34cd381af8a","D03","BARC","BARC.AOS.buoy.c0","2019-07-08","BARC.C0.20190708.POM.1","A00000037795","condition ok","SIRFER Lab at University of Utah","2019-12-11","ElFtGy1kV49xqNP00HfxQA==","POM","1",300,25,100,"d15N",-2.59,"perMill","Revesz & Coplen 2012a",,
