uid,domainID,siteID,namedLocation,collectDate,sampleID,sampleCode,sampleCondition,laboratoryName,analysisDate,analyzedBy,sampleType,replicate,sampleVolumeFiltered,filterSize,percentFilterAnalyzed,analyte,analyteConcentration,plantAlgaeLabUnits,method,externalRemarks,externalLabDataQF
"b673bd94-c9a6-42d7-94cc-8ee2f190e1ae","D08","TOMB","TOMB.AOS.buoy.c0","2017-02-01","TOMB.C0.20170201.POM.1",,"condition ok","SIRFER Lab at University of Utah","2018-03-26","ElFtGy1kV49xqNP00HfxQA==","POM","1",100,25,100,"d15N",10.14,"perMill","Revesz & Coplen 2012a",,
"ed866432-bc81-47ce-b816-85ee4e7805c1","D08","TOMB","TOMB.AOS.buoy.c0","2017-02-01","TOMB.C0.20170201.POM.1",,"condition ok","SIRFER Lab at University of Utah","2018-03-26","ElFtGy1kV49xqNP00HfxQA==","POM","1",100,25,100,"d13C",-27.50,"perMill","Revesz & Coplen 2012a",,
"b42c88f3-6090-46fb-91de-c74cc31836df","D08","TOMB","TOMB.AOS.buoy.c0","2017-02-01","TOMB.C0.20170201.POM.1",,"condition ok","SIRFER Lab at University of Utah","2018-03-26","ElFtGy1kV49xqNP00HfxQA==","POM","1",100,25,100,"nitrogen",131.17,"microgramsPerLiter","Revesz & Coplen 2012a",,
"b9d3bdcf-17f2-4339-b169-85b5b52d092d","D08","TOMB","TOMB.AOS.buoy.c0","2017-02-01","TOMB.C0.20170201.POM.1",,"condition ok","SIRFER Lab at University of Utah","2018-03-26","ElFtGy1kV49xqNP00HfxQA==","POM","1",100,25,100,"carbon",847.60,"microgramsPerLiter","Revesz & Coplen 2012a",,
"40713ebe-c5e1-4626-b606-03f5a69d45f4","D08","TOMB","TOMB.AOS.buoy.c0","2017-02-15","TOMB.C0.20170215.POM.1",,"condition ok","SIRFER Lab at University of Utah","2018-03-26","ElFtGy1kV49xqNP00HfxQA==","POM","1",50,25,100,"d13C",-27.79,"perMill","Revesz & Coplen 2012a",,
"f00cc0c6-cac2-4256-bfc7-a3f5c6612660","D08","TOMB","TOMB.AOS.buoy.c0","2017-02-15","TOMB.C0.20170215.POM.1",,"condition ok","SIRFER Lab at University of Utah","2018-03-26","ElFtGy1kV49xqNP00HfxQA==","POM","1",50,25,100,"carbon",929.02,"microgramsPerLiter","Revesz & Coplen 2012a",,
"f4469ba3-f94d-426b-89a9-63d0bc5d0d3b","D08","TOMB","TOMB.AOS.buoy.c0","2017-02-15","TOMB.C0.20170215.POM.1",,"condition ok","SIRFER Lab at University of Utah","2018-03-26","ElFtGy1kV49xqNP00HfxQA==","POM","1",50,25,100,"d15N",17.00,"perMill","Revesz & Coplen 2012a",,
"d761bc93-aaf2-4b61-b25c-b83d1954f6f2","D08","TOMB","TOMB.AOS.buoy.c0","2017-02-15","TOMB.C0.20170215.POM.1",,"condition ok","SIRFER Lab at University of Utah","2018-03-26","ElFtGy1kV49xqNP00HfxQA==","POM","1",50,25,100,"nitrogen",191.86,"microgramsPerLiter","Revesz & Coplen 2012a",,
