uid,domainID,siteID,namedLocation,collectDate,sampleID,sampleCode,sampleCondition,laboratoryName,analysisDate,analyzedBy,sampleType,replicate,sampleVolumeFiltered,filterSize,percentFilterAnalyzed,analyte,analyteConcentration,plantAlgaeLabUnits,method,externalRemarks,externalLabDataQF
"fdfcacc3-54db-4da2-8171-c45cf13dfdd3","D11","PRIN","PRIN.AOS.S2","2017-11-07","PRIN.SS.20171107.POM.1",,"condition ok","SIRFER Lab at University of Utah","2018-08-24","ElFtGy1kV49xqNP00HfxQA==","POM","1",500,25,100,"carbon",1018.51,"microgramsPerLiter","Revesz & Coplen 2012a",,
"828e3ebb-934a-4b03-aa69-f5d21b87ddab","D11","PRIN","PRIN.AOS.S2","2017-11-07","PRIN.SS.20171107.POM.1",,"condition ok","SIRFER Lab at University of Utah","2018-08-24","ElFtGy1kV49xqNP00HfxQA==","POM","1",500,25,100,"d13C",-22.25,"perMill","Revesz & Coplen 2012a",,
"ea4878e8-fbda-4e3f-a2f7-039a2efdbf7e","D11","PRIN","PRIN.AOS.S2","2017-11-07","PRIN.SS.20171107.POM.1",,"condition ok","SIRFER Lab at University of Utah","2018-08-24","ElFtGy1kV49xqNP00HfxQA==","POM","1",500,25,100,"nitrogen",82.41,"microgramsPerLiter","Revesz & Coplen 2012a",,
"a9806fab-86f4-4012-81bf-36333056307d","D11","PRIN","PRIN.AOS.S2","2017-11-07","PRIN.SS.20171107.POM.1",,"condition ok","SIRFER Lab at University of Utah","2018-08-24","ElFtGy1kV49xqNP00HfxQA==","POM","1",500,25,100,"d15N",10.11,"perMill","Revesz & Coplen 2012a",,
"7d01c33e-6669-4bec-8bf0-ec790bab4b10","D11","PRIN","PRIN.AOS.S2","2017-11-09","PRIN.SS.20171109.POM.1",,"condition ok","SIRFER Lab at University of Utah","2018-08-24","ElFtGy1kV49xqNP00HfxQA==","POM","1",500,25,100,"carbon",150.61,"microgramsPerLiter","Revesz & Coplen 2012a",,
"ecfc2d79-6570-4ef7-95dc-909a498875c7","D11","PRIN","PRIN.AOS.S2","2017-11-09","PRIN.SS.20171109.POM.1",,"condition ok","SIRFER Lab at University of Utah","2018-08-24","ElFtGy1kV49xqNP00HfxQA==","POM","1",500,25,100,"d13C",-26.04,"perMill","Revesz & Coplen 2012a",,
"6142dac6-b120-4377-b6d8-6ad22670f021","D11","PRIN","PRIN.AOS.S2","2017-11-09","PRIN.SS.20171109.POM.1",,"condition ok","SIRFER Lab at University of Utah","2018-08-24","ElFtGy1kV49xqNP00HfxQA==","POM","1",500,25,100,"d15N",5.70,"perMill","Revesz & Coplen 2012a",,
"da26acbc-4268-4cf1-bdd7-feb977b5ff11","D11","PRIN","PRIN.AOS.S2","2017-11-09","PRIN.SS.20171109.POM.1",,"condition ok","SIRFER Lab at University of Utah","2018-08-24","ElFtGy1kV49xqNP00HfxQA==","POM","1",500,25,100,"nitrogen",18.85,"microgramsPerLiter","Revesz & Coplen 2012a",,
