uid,domainID,siteID,namedLocation,collectDate,sampleID,sampleCode,sampleCondition,laboratoryName,analysisDate,analyzedBy,sampleType,replicate,sampleVolumeFiltered,filterSize,percentFilterAnalyzed,analyte,analyteConcentration,plantAlgaeLabUnits,method,externalRemarks,externalLabDataQF
"b246f445-4d70-4938-8bc3-63d04d3150fd","D05","CRAM","CRAM.AOS.buoy.c0","2018-03-05","CRAM.C0.20180305.POM.1",,"condition ok","SIRFER Lab at University of Utah","2018-08-14","ElFtGy1kV49xqNP00HfxQA==","POM","1",300,25,100,"nitrogen",78.52,"microgramsPerLiter","Revesz & Coplen 2012a",,
"27d1dbbf-6b95-4ece-8b2a-ba48d5679beb","D05","CRAM","CRAM.AOS.buoy.c0","2018-03-05","CRAM.C0.20180305.POM.1",,"condition ok","SIRFER Lab at University of Utah","2018-08-14","ElFtGy1kV49xqNP00HfxQA==","POM","1",300,25,100,"d15N",-1.00,"perMill","Revesz & Coplen 2012a",,
"01293824-26a2-46bc-8452-ea0e260fb073","D05","CRAM","CRAM.AOS.buoy.c0","2018-03-05","CRAM.C0.20180305.POM.1",,"condition ok","SIRFER Lab at University of Utah","2018-08-14","ElFtGy1kV49xqNP00HfxQA==","POM","1",300,25,100,"d13C",-32.27,"perMill","Revesz & Coplen 2012a",,
"4d5e003e-c40f-4356-82fb-33248ce357b1","D05","CRAM","CRAM.AOS.buoy.c0","2018-03-05","CRAM.C0.20180305.POM.1",,"condition ok","SIRFER Lab at University of Utah","2018-08-14","ElFtGy1kV49xqNP00HfxQA==","POM","1",300,25,100,"carbon",535.62,"microgramsPerLiter","Revesz & Coplen 2012a",,
