uid,domainID,siteID,namedLocation,collectDate,sampleID,sampleCode,sampleCondition,laboratoryName,analysisDate,analyzedBy,sampleType,replicate,sampleVolumeFiltered,filterSize,percentFilterAnalyzed,analyte,analyteConcentration,plantAlgaeLabUnits,method,externalRemarks,externalLabDataQF
"4c73d352-8209-4491-989b-42d0ea575b27","D14","SYCA","SYCA.AOS.S2","2017-06-20","SYCA.SS.20170620.POM.1",,"condition ok","SIRFER Lab at University of Utah","2018-03-26","ElFtGy1kV49xqNP00HfxQA==","CNS","1",,,100,"d15N",14.11,"perMill","Revesz & Coplen 2012a",,
"2aea8fc4-e8ef-4a4e-9827-12c8dab197a7","D14","SYCA","SYCA.AOS.S2","2017-06-20","SYCA.SS.20170620.POM.1",,"condition ok","SIRFER Lab at University of Utah","2018-03-26","ElFtGy1kV49xqNP00HfxQA==","CNS","1",,,100,"nitrogen",16.67,"microgramsPerLiter","Revesz & Coplen 2012a",,
"68f12d68-0730-4611-bd5c-b35a0da04746","D14","SYCA","SYCA.AOS.S2","2017-06-20","SYCA.SS.20170620.POM.1",,"condition ok","SIRFER Lab at University of Utah","2018-03-26","ElFtGy1kV49xqNP00HfxQA==","CNS","1",,,100,"d13C",-29.64,"perMill","Revesz & Coplen 2012a",,
"89d8e249-5251-400b-91c8-e7b45fe21480","D14","SYCA","SYCA.AOS.S2","2017-06-20","SYCA.SS.20170620.POM.1",,"condition ok","SIRFER Lab at University of Utah","2018-03-26","ElFtGy1kV49xqNP00HfxQA==","CNS","1",,,100,"carbon",197.23,"microgramsPerLiter","Revesz & Coplen 2012a",,
