uid,domainID,siteID,namedLocation,collectDate,sampleID,sampleCode,sampleCondition,laboratoryName,analysisDate,analyzedBy,sampleType,replicate,sampleVolumeFiltered,filterSize,percentFilterAnalyzed,analyte,analyteConcentration,plantAlgaeLabUnits,method,externalRemarks,externalLabDataQF
"916a2b52-16ff-4b3f-801b-eb0517b37ce7","D18","TOOK","TOOK.AOS.buoy.c0","2016-12-06","TOOK.C0.20161206.POM.2",,"other","Academy of Natural Sciences of Drexel University","2017-06-14","OKgcKejxXbI=","13C15N","2",,,100,"d13C",-31.61,"perMill",,"Black, fibrous material on filter, potential contaminent",
"73f50a07-28f1-4714-a57b-ce5dad70303b","D18","TOOK","TOOK.AOS.buoy.c0","2016-12-06","TOOK.C0.20161206.POM.1",,"condition ok","Academy of Natural Sciences of Drexel University","2017-04-12","OKgcKejxXbI=","13C15N","1",,,100,"d13C",-28.02,"perMill",,,
"112a87b3-3f8c-4843-9b85-6f4667749f3a","D18","TOOK","TOOK.AOS.buoy.c0","2016-12-06","TOOK.C0.20161206.POM.2",,"other","Academy of Natural Sciences of Drexel University","2017-06-14","OKgcKejxXbI=","13C15N","2",,,100,"d15N",4.80,"perMill",,"Black, fibrous material on filter, potential contaminent",
"296212f2-f0f7-4458-8143-b0b7956838d2","D18","TOOK","TOOK.AOS.buoy.c0","2016-12-06","TOOK.C0.20161206.POM.1",,"condition ok","Academy of Natural Sciences of Drexel University","2017-04-12","OKgcKejxXbI=","13C15N","1",,,100,"d15N",5.27,"perMill",,,
