uid,domainID,siteID,namedLocation,collectDate,sampleID,sampleCode,sampleCondition,laboratoryName,analysisDate,analyzedBy,sampleType,replicate,sampleVolumeFiltered,filterSize,percentFilterAnalyzed,analyte,analyteConcentration,plantAlgaeLabUnits,method,externalRemarks,externalLabDataQF
"26dbbd9f-755a-4474-aec3-a2d90ac2543d","D18","TOOK","TOOK.AOS.buoy.c0","2017-12-05","TOOK.C0.20171205.POM.1",,"condition ok","SIRFER Lab at University of Utah","2018-08-01","ElFtGy1kV49xqNP00HfxQA==","POM","1",750,25,100,"d13C",-29.73,"perMill","Revesz & Coplen 2012a",,
"7726f59e-73ce-4c1d-a777-77e85e44d439","D18","TOOK","TOOK.AOS.buoy.c0","2017-12-05","TOOK.C0.20171205.POM.1",,"condition ok","SIRFER Lab at University of Utah","2018-08-01","ElFtGy1kV49xqNP00HfxQA==","POM","1",750,25,100,"nitrogen",22.36,"microgramsPerLiter","Revesz & Coplen 2012a",,
"d88bcdf8-77cb-4303-8f3d-cf5cb3d6ea65","D18","TOOK","TOOK.AOS.buoy.c0","2017-12-05","TOOK.C0.20171205.POM.1",,"condition ok","SIRFER Lab at University of Utah","2018-08-01","ElFtGy1kV49xqNP00HfxQA==","POM","1",750,25,100,"carbon",188.23,"microgramsPerLiter","Revesz & Coplen 2012a",,
"1f4a2ab8-711f-4aa5-8451-fc5fc582e204","D18","TOOK","TOOK.AOS.buoy.c0","2017-12-05","TOOK.C0.20171205.POM.1",,"condition ok","SIRFER Lab at University of Utah","2018-08-01","ElFtGy1kV49xqNP00HfxQA==","POM","1",750,25,100,"d15N",3.02,"perMill","Revesz & Coplen 2012a",,
