uid,domainID,siteID,namedLocation,collectDate,analysisDate,isotopeH2OSampleID,isotopeH2OSampleCode,instrumentSN,d18OWater,d2HWater,d18OsdWater,d2HsdWater,isotopeH2OExternalLabQF,laboratoryName,analyzedBy,sampleCondition,externalRemarks,externalLabDataQF
"fb279795-33cf-4371-962f-bb7c4ce44e86","D03","FLNT","FLNT.AOS.buoy.c0","2018-11-13","2019-01-29","FLNT.C0.20181113.H2O.1","A00000037258","HIDS2052",-4.23,-25.89,0.04,0.05,0,"SIRFER Lab at University of Utah","OlSmE6RRn5QQH8tvUHmK5i/poYiQr6sd","OK",,
"8afc7741-c152-4e14-ba5e-05fbd86e63b6","D03","FLNT","FLNT.AOS.buoy.c0","2018-11-27","2019-01-29","FLNT.C0.20181127.H2O.1","A00000037263","HIDS2052",-4.30,-25.04,0.05,0.23,0,"SIRFER Lab at University of Utah","OlSmE6RRn5QQH8tvUHmK5i/poYiQr6sd","OK",,
"4681f7df-57e9-40c1-8eea-b12556970d39","D03","FLNT","FLNT.AOS.buoy.c0","2018-11-27","2019-01-29","FLNT.C0.20181127.H2O.2","A00000037264","HIDS2052",-4.34,-24.93,0.03,0.15,0,"SIRFER Lab at University of Utah","OlSmE6RRn5QQH8tvUHmK5i/poYiQr6sd","OK",,
"3ec3c6a5-a37e-496c-a823-3bc36e386ef1","D03","FLNT","FLNT.AOS.buoy.c0","2018-11-27","2019-01-29","FLNT.C0.20181127.H2O.3","A00000037265","HIDS2052",-4.66,-25.70,0.02,0.05,0,"SIRFER Lab at University of Utah","OlSmE6RRn5QQH8tvUHmK5i/poYiQr6sd","OK",,
