uid,domainID,siteID,namedLocation,collectDate,parentSampleID,parentSampleCode,isotopeH2OSampleCond,isotopeH2OSampleID,isotopeH2OSampleCode,isotopePOMRep2SampleCond,isotopePOMRep2SampleID,isotopePOMRep2SampleCode,isotopePOMSampleCond,isotopePOMSampleID,isotopePOMSampleCode,processedDateFilters,processedDateH2OIsotopes,sampleVolumeFilteredPOMRep1,sampleVolumeFilteredPOMRep2,fieldDataQF
"61bc5f50-38f2-4712-87a0-f8f191360a2f","D03","FLNT","FLNT.AOS.buoy.c0","2018-11-13T18:18Z","FLNT.C0.20181113",,"Sample condition ok","FLNT.C0.20181113.H2O.1","A00000037258","Sample condition ok","FLNT.C0.20181113.POM.2","A00000037261","Sample condition ok","FLNT.C0.20181113.POM.1","A00000037260","2018-11-13T20:18Z","2018-11-13T18:18Z",300,300,
"4f0c1ba5-1f51-4614-b07b-516e2bb13191","D03","FLNT","FLNT.AOS.buoy.c0","2018-11-27T15:30Z","FLNT.C0.20181127",,"Sample condition ok","FLNT.C0.20181127.H2O.1","A00000037263","Sample condition ok","FLNT.C0.20181127.POM.2","A00000037266","Sample condition ok","FLNT.C0.20181127.POM.1","A00000037262","2018-11-27T18:42Z","2018-11-27T15:30Z",300,300,
"bda0a429-d1c6-4a22-ad11-1ec684bee040","D03","FLNT","FLNT.AOS.buoy.c0","2018-11-27T15:30Z","FLNT.C0.20181127",,"Sample condition ok","FLNT.C0.20181127.H2O.2","A00000037264",,,,,,,,"2018-11-27T15:30Z",,,
"610cbf66-5223-4165-a52e-e96bf4b2eba0","D03","FLNT","FLNT.AOS.buoy.c0","2018-11-27T15:30Z","FLNT.C0.20181127",,"Sample condition ok","FLNT.C0.20181127.H2O.3","A00000037265",,,,,,,,"2018-11-27T15:30Z",,,
