uid,domainID,siteID,namedLocation,collectDate,sampleID,sampleCode,sampleCondition,laboratoryName,analysisDate,analyzedBy,sampleType,replicate,sampleVolumeFiltered,filterSize,percentFilterAnalyzed,analyte,analyteConcentration,plantAlgaeLabUnits,method,externalRemarks,externalLabDataQF
"204b1675-ea3e-4f45-98c7-2bd1887584c2","D09","PRPO","PRPO.AOS.inlet","2016-09-06","PRPO.IN.20160906.POM.2",,"condition ok","Academy of Natural Sciences of Drexel University","2017-06-01","OKgcKejxXbI=","13C15N","2",,,100,"d13C",-27.32,"perMill",,,
"e10c6d90-5545-40f3-8f7b-53746d5dfd7a","D09","PRPO","PRPO.AOS.inlet","2016-09-06","PRPO.IN.20160906.POM.2",,"condition ok","Academy of Natural Sciences of Drexel University","2017-06-01","OKgcKejxXbI=","13C15N","2",,,100,"d15N",6.76,"perMill",,,
"a1960369-0801-4d06-a039-85502f047673","D09","PRPO","PRPO.AOS.inlet","2016-09-06","PRPO.IN.20160906.POM.1",,"condition ok","Academy of Natural Sciences of Drexel University","2017-03-28","OKgcKejxXbI=","13C15N","1",,,100,"d13C",-26.87,"perMill",,,
"0cbe5f90-f042-471d-9272-fe59fbf50e5b","D09","PRPO","PRPO.AOS.inlet","2016-09-06","PRPO.IN.20160906.POM.1",,"condition ok","Academy of Natural Sciences of Drexel University","2017-03-28","OKgcKejxXbI=","13C15N","1",,,100,"d15N",6.75,"perMill",,,
"d94b7581-16bc-477c-8c2f-3dbcdec55078","D09","PRPO","PRPO.AOS.buoy.c0","2016-09-06","PRPO.C0.20160906.POM.2",,"condition ok","Academy of Natural Sciences of Drexel University","2017-06-01","OKgcKejxXbI=","13C15N","2",,,100,"d13C",-27.42,"perMill",,,
"a3ff8b72-15d2-4423-9bd7-0c78a2219558","D09","PRPO","PRPO.AOS.buoy.c0","2016-09-06","PRPO.C0.20160906.POM.1",,"condition ok","Academy of Natural Sciences of Drexel University","2017-03-28","OKgcKejxXbI=","13C15N","1",,,100,"d15N",6.79,"perMill",,,
"d5fc761f-748f-4cb8-bfd3-0ec49cea814c","D09","PRPO","PRPO.AOS.buoy.c0","2016-09-06","PRPO.C0.20160906.POM.1",,"condition ok","Academy of Natural Sciences of Drexel University","2017-03-28","OKgcKejxXbI=","13C15N","1",,,100,"d13C",-27.12,"perMill",,,
"74eaa67d-ffcf-4308-85c4-691fda282718","D09","PRPO","PRPO.AOS.buoy.c0","2016-09-06","PRPO.C0.20160906.POM.2",,"condition ok","Academy of Natural Sciences of Drexel University","2017-06-01","OKgcKejxXbI=","13C15N","2",,,100,"d15N",6.39,"perMill",,,
"fefa3ff5-7a43-42d8-b2fc-ac711dbcda55","D09","PRPO","PRPO.AOS.outlet","2016-09-06","PRPO.OT.20160906.POM.1",,"condition ok","Academy of Natural Sciences of Drexel University","2017-03-28","OKgcKejxXbI=","13C15N","1",,,100,"d13C",-27.42,"perMill",,,
"17196a13-5ed0-4ea0-a62c-4b6925f3d563","D09","PRPO","PRPO.AOS.outlet","2016-09-06","PRPO.OT.20160906.POM.2",,"condition ok","Academy of Natural Sciences of Drexel University","2017-06-01","OKgcKejxXbI=","13C15N","2",,,100,"d15N",6.39,"perMill",,,
"b9046622-d8ee-49cc-9c8d-34c983460a13","D09","PRPO","PRPO.AOS.outlet","2016-09-06","PRPO.OT.20160906.POM.1",,"condition ok","Academy of Natural Sciences of Drexel University","2017-03-28","OKgcKejxXbI=","13C15N","1",,,100,"d15N",6.98,"perMill",,,
"5779f078-2090-4b7f-b829-a7ad209a5b49","D09","PRPO","PRPO.AOS.outlet","2016-09-06","PRPO.OT.20160906.POM.2",,"condition ok","Academy of Natural Sciences of Drexel University","2017-06-01","OKgcKejxXbI=","13C15N","2",,,100,"d13C",-27.91,"perMill",,,
