uid,domainID,siteID,namedLocation,collectDate,sampleID,sampleCode,sampleCondition,laboratoryName,analysisDate,analyzedBy,sampleType,replicate,sampleVolumeFiltered,filterSize,percentFilterAnalyzed,analyte,analyteConcentration,plantAlgaeLabUnits,method,externalRemarks,externalLabDataQF
"5e558f0c-e656-45ae-bb35-86af7c687c2a","D18","TOOK","TOOK.AOS.buoy.c0","2019-03-05","TOOK.C0.20190305.POM.1","A00000064521","condition ok","SIRFER Lab at University of Utah","2019-04-30","ElFtGy1kV49xqNP00HfxQA==","POM","1",750,25,100,"nitrogen",19.00,"microgramsPerLiter","Revesz & Coplen 2012a",,
"9f9749b2-da9e-4cd4-8f4c-26043117cd29","D18","TOOK","TOOK.AOS.buoy.c0","2019-03-05","TOOK.C0.20190305.POM.1","A00000064521","condition ok","SIRFER Lab at University of Utah","2019-04-30","ElFtGy1kV49xqNP00HfxQA==","POM","1",750,25,100,"d13C",-31.33,"perMill","Revesz & Coplen 2012a",,
"d4ebac29-c2f7-4ac8-bb6e-2e5fa7efbf8a","D18","TOOK","TOOK.AOS.buoy.c0","2019-03-05","TOOK.C0.20190305.POM.1","A00000064521","condition ok","SIRFER Lab at University of Utah","2019-04-30","ElFtGy1kV49xqNP00HfxQA==","POM","1",750,25,100,"carbon",128.60,"microgramsPerLiter","Revesz & Coplen 2012a",,
"a8ae7f26-f52c-410a-813b-61936fd1815a","D18","TOOK","TOOK.AOS.buoy.c0","2019-03-05","TOOK.C0.20190305.POM.1","A00000064521","condition ok","SIRFER Lab at University of Utah","2019-04-30","ElFtGy1kV49xqNP00HfxQA==","POM","1",750,25,100,"d15N",7.11,"perMill","Revesz & Coplen 2012a",,
