uid,domainID,siteID,namedLocation,collectDate,sampleID,sampleCode,sampleCondition,laboratoryName,analysisDate,analyzedBy,sampleType,replicate,sampleVolumeFiltered,filterSize,percentFilterAnalyzed,analyte,analyteConcentration,plantAlgaeLabUnits,method,externalRemarks,externalLabDataQF
"0bf03b0e-70da-4897-b21a-5b8be108f592","D10","ARIK","ARIK.AOS.S2","2016-10-04","ARIK.SS.20161004.POM.1",,"condition ok","Academy of Natural Sciences of Drexel University","2017-03-29","OKgcKejxXbI=","13C15N","1",,,100,"d15N",3.65,"perMill",,,
"ff60a378-eed0-49aa-814a-f08c15578fba","D10","ARIK","ARIK.AOS.S2","2016-10-04","ARIK.SS.20161004.POM.2",,"other","Academy of Natural Sciences of Drexel University","2015-05-10","OKgcKejxXbI=","13C15N","2",,,100,"d15N",,"perMill",,"sample corrupted during analysis",
"ffedffa1-3750-4244-8ff5-deed45d656e6","D10","ARIK","ARIK.AOS.S2","2016-10-04","ARIK.SS.20161004.POM.2",,"other","Academy of Natural Sciences of Drexel University","2015-05-10","OKgcKejxXbI=","13C15N","2",,,100,"d13C",,"perMill",,"sample corrupted during analysis",
"a0c77810-d828-478f-b5df-351c9edccfe2","D10","ARIK","ARIK.AOS.S2","2016-10-04","ARIK.SS.20161004.POM.1",,"condition ok","Academy of Natural Sciences of Drexel University","2017-03-29","OKgcKejxXbI=","13C15N","1",,,100,"d13C",-29.75,"perMill",,,
