uid,domainID,siteID,namedLocation,collectDate,sampleID,sampleCode,sampleCondition,laboratoryName,analysisDate,analyzedBy,sampleType,replicate,sampleVolumeFiltered,filterSize,percentFilterAnalyzed,analyte,analyteConcentration,plantAlgaeLabUnits,method,externalRemarks,externalLabDataQF
"2ea6e75e-c1a2-49d5-88eb-1e8fe1cd46de","D19","CARI","CARI.AOS.S2","2017-09-06","CARI.SS.20170906.POM.1",,"condition ok","SIRFER Lab at University of Utah","2018-03-29","ElFtGy1kV49xqNP00HfxQA==","POM","1",600,25,100,"carbon",214.87,"microgramsPerLiter","Revesz & Coplen 2012a",,
"4a8c98f2-1b27-42df-86f2-20a546542f7b","D19","CARI","CARI.AOS.S2","2017-09-06","CARI.SS.20170906.POM.1",,"condition ok","SIRFER Lab at University of Utah","2018-03-29","ElFtGy1kV49xqNP00HfxQA==","POM","1",600,25,100,"d13C",-28.08,"perMill","Revesz & Coplen 2012a",,
"971fcdb3-481e-4758-ad7e-764b3cb49bba","D19","CARI","CARI.AOS.S2","2017-09-06","CARI.SS.20170906.POM.1",,"condition ok","SIRFER Lab at University of Utah","2018-03-29","ElFtGy1kV49xqNP00HfxQA==","POM","1",600,25,100,"nitrogen",17.42,"microgramsPerLiter","Revesz & Coplen 2012a",,
"a26ad0c6-8869-48a5-9d85-5c87b5289465","D19","CARI","CARI.AOS.S2","2017-09-06","CARI.SS.20170906.POM.1",,"condition ok","SIRFER Lab at University of Utah","2018-03-29","ElFtGy1kV49xqNP00HfxQA==","POM","1",600,25,100,"d15N",7.84,"perMill","Revesz & Coplen 2012a",,
"f843d256-33fa-4f07-a236-b0591cfb8eed","D19","CARI","CARI.AOS.S2","2017-09-19","CARI.SS.20170919.POM.1",,"condition ok","SIRFER Lab at University of Utah","2018-03-29","ElFtGy1kV49xqNP00HfxQA==","POM","1",650,25,100,"nitrogen",11.40,"microgramsPerLiter","Revesz & Coplen 2012a",,
"ef75162d-4e22-4e55-8849-eb091f3d0c8f","D19","CARI","CARI.AOS.S2","2017-09-19","CARI.SS.20170919.POM.1",,"condition ok","SIRFER Lab at University of Utah","2018-03-29","ElFtGy1kV49xqNP00HfxQA==","POM","1",650,25,100,"d15N",6.52,"perMill","Revesz & Coplen 2012a",,
"1fa30be5-fb00-4813-9732-43b7221d77a7","D19","CARI","CARI.AOS.S2","2017-09-19","CARI.SS.20170919.POM.1",,"condition ok","SIRFER Lab at University of Utah","2018-03-29","ElFtGy1kV49xqNP00HfxQA==","POM","1",650,25,100,"carbon",139.47,"microgramsPerLiter","Revesz & Coplen 2012a",,
"cc87092d-92d4-4ab7-9f61-d7b2c76f7fc4","D19","CARI","CARI.AOS.S2","2017-09-19","CARI.SS.20170919.POM.1",,"condition ok","SIRFER Lab at University of Utah","2018-03-29","ElFtGy1kV49xqNP00HfxQA==","POM","1",650,25,100,"d13C",-28.45,"perMill","Revesz & Coplen 2012a",,
"c99a99c1-6bd3-46ac-a122-7387ef4463fd","D19","CARI","CARI.AOS.S2","2017-09-25","CARI.SS.20170925.POM.1",,"condition ok","SIRFER Lab at University of Utah","2018-03-29","ElFtGy1kV49xqNP00HfxQA==","POM","1",650,25,100,"nitrogen",20.86,"microgramsPerLiter","Revesz & Coplen 2012a",,
"0c1685f8-efc7-4ebe-92e6-fa306b9d6340","D19","CARI","CARI.AOS.S2","2017-09-25","CARI.SS.20170925.POM.1",,"condition ok","SIRFER Lab at University of Utah","2018-03-29","ElFtGy1kV49xqNP00HfxQA==","POM","1",650,25,100,"d13C",-28.08,"perMill","Revesz & Coplen 2012a",,
"d971d7f3-0bcc-4513-b431-206a0f257618","D19","CARI","CARI.AOS.S2","2017-09-25","CARI.SS.20170925.POM.1",,"condition ok","SIRFER Lab at University of Utah","2018-03-29","ElFtGy1kV49xqNP00HfxQA==","POM","1",650,25,100,"carbon",258.55,"microgramsPerLiter","Revesz & Coplen 2012a",,
"6f386b86-d37e-4c80-a678-359687de0128","D19","CARI","CARI.AOS.S2","2017-09-25","CARI.SS.20170925.POM.1",,"condition ok","SIRFER Lab at University of Utah","2018-03-29","ElFtGy1kV49xqNP00HfxQA==","POM","1",650,25,100,"d15N",7.16,"perMill","Revesz & Coplen 2012a",,
