uid,domainID,siteID,namedLocation,collectDate,sampleID,sampleCode,sampleCondition,laboratoryName,analysisDate,analyzedBy,sampleType,replicate,sampleVolumeFiltered,filterSize,percentFilterAnalyzed,analyte,analyteConcentration,plantAlgaeLabUnits,method,externalRemarks,externalLabDataQF
"63ebd2eb-cdb9-4597-9fec-e7770d28100b","D10","ARIK","ARIK.AOS.S2","2016-06-22","ARIK.SS.20160622.POM.2",,"condition ok","Academy of Natural Sciences of Drexel University","2017-02-22","OKgcKejxXbI=","13C15N","2",,,100,"d15N",6.31,"perMill",,"Difference in volume filtered",
"e353f552-698e-4aef-bcb9-c1eb29638743","D10","ARIK","ARIK.AOS.S2","2016-06-22","ARIK.SS.20160622.POM.1",,"condition ok","Academy of Natural Sciences of Drexel University","2017-02-10","OKgcKejxXbI=","13C15N","1",,,100,"d15N",4.03,"perMill",,"Difference in volume filtered",
"1a5bf761-2d1b-424d-a898-2287db71e7e4","D10","ARIK","ARIK.AOS.S2","2016-06-22","ARIK.SS.20160622.POM.1",,"condition ok","Academy of Natural Sciences of Drexel University","2017-02-10","OKgcKejxXbI=","13C15N","1",,,100,"d13C",-28.45,"perMill",,"Difference in volume filtered",
"d4415e05-b4ac-42cd-a6b0-8d73e984ee9c","D10","ARIK","ARIK.AOS.S2","2016-06-22","ARIK.SS.20160622.POM.2",,"condition ok","Academy of Natural Sciences of Drexel University","2017-02-22","OKgcKejxXbI=","13C15N","2",,,100,"d13C",-28.72,"perMill",,"Difference in volume filtered",
