uid,domainID,siteID,namedLocation,collectDate,sampleID,sampleCode,sampleCondition,laboratoryName,analysisDate,analyzedBy,sampleType,replicate,sampleVolumeFiltered,filterSize,percentFilterAnalyzed,analyte,analyteConcentration,plantAlgaeLabUnits,method,externalRemarks,externalLabDataQF
"d411f063-e296-4b1c-86ae-08cd84e7df80","D04","CUPE","CUPE.AOS.S2","2017-05-16","CUPE.SS.20170516.POM.2",,"condition ok","SIRFER Lab at University of Utah","2018-05-27","ElFtGy1kV49xqNP00HfxQA==","POM","1",2000,25,100,"nitrogen",2.51,"microgramsPerLiter","Revesz & Coplen 2012a","Below calibration range",
"35c9020f-de89-466b-8cee-a6e461007394","D04","CUPE","CUPE.AOS.S2","2017-05-16","CUPE.SS.20170516.POM.2",,"condition ok","SIRFER Lab at University of Utah","2018-05-27","ElFtGy1kV49xqNP00HfxQA==","POM","1",2000,25,100,"d13C",-26.71,"perMill","Revesz & Coplen 2012a",,
"8db67057-0846-49ed-ac12-0d00f9c21a1c","D04","CUPE","CUPE.AOS.S2","2017-05-16","CUPE.SS.20170516.POM.2",,"condition ok","SIRFER Lab at University of Utah","2018-05-27","ElFtGy1kV49xqNP00HfxQA==","POM","1",2000,25,100,"d15N",26.16,"perMill","Revesz & Coplen 2012a","Below calibration range",
"b7826209-8697-40d4-b9f3-c5e4b81c0766","D04","CUPE","CUPE.AOS.S2","2017-05-16","CUPE.SS.20170516.POM.2",,"condition ok","SIRFER Lab at University of Utah","2018-05-27","ElFtGy1kV49xqNP00HfxQA==","POM","1",2000,25,100,"carbon",24.20,"microgramsPerLiter","Revesz & Coplen 2012a",,
"9f46b818-2db1-40a3-887f-93d626871fba","D04","CUPE","CUPE.AOS.S2","2017-05-23","CUPE.SS.20170523.POM.2",,"condition ok","SIRFER Lab at University of Utah","2018-05-27","ElFtGy1kV49xqNP00HfxQA==","POM","1",2000,25,100,"d15N",15.70,"perMill","Revesz & Coplen 2012a","Below calibration range",
"f0610263-08ac-4dd2-a825-0be0adcf028b","D04","CUPE","CUPE.AOS.S2","2017-05-23","CUPE.SS.20170523.POM.2",,"condition ok","SIRFER Lab at University of Utah","2018-05-27","ElFtGy1kV49xqNP00HfxQA==","POM","1",2000,25,100,"d13C",-25.48,"perMill","Revesz & Coplen 2012a",,
"a43190f5-b9ea-40fc-9c3a-f7e5c54f2076","D04","CUPE","CUPE.AOS.S2","2017-05-23","CUPE.SS.20170523.POM.2",,"condition ok","SIRFER Lab at University of Utah","2018-05-27","ElFtGy1kV49xqNP00HfxQA==","POM","1",2000,25,100,"nitrogen",4.34,"microgramsPerLiter","Revesz & Coplen 2012a","Below calibration range",
"c0a16017-8acc-4ca7-b2d7-94b62e669ab2","D04","CUPE","CUPE.AOS.S2","2017-05-23","CUPE.SS.20170523.POM.2",,"condition ok","SIRFER Lab at University of Utah","2018-05-27","ElFtGy1kV49xqNP00HfxQA==","POM","1",2000,25,100,"carbon",39.50,"microgramsPerLiter","Revesz & Coplen 2012a",,
