uid,domainID,siteID,namedLocation,collectDate,sampleID,sampleCode,sampleCondition,laboratoryName,analysisDate,analyzedBy,sampleType,replicate,sampleVolumeFiltered,filterSize,percentFilterAnalyzed,analyte,analyteConcentration,plantAlgaeLabUnits,method,externalRemarks,externalLabDataQF
"66904ffa-d16a-419a-a6dc-dc357a5bedbf","D04","GUIL","GUIL.AOS.S2","2017-06-12","GUIL.SS.20170612.POM.2",,"condition ok","SIRFER Lab at University of Utah","2018-05-29","ElFtGy1kV49xqNP00HfxQA==","POM","1",750,25,100,"d13C",-25.77,"perMill","Revesz & Coplen 2012a",,
"98af1c71-4e1d-4f69-aea6-e4fb832b613b","D04","GUIL","GUIL.AOS.S2","2017-06-12","GUIL.SS.20170612.POM.2",,"condition ok","SIRFER Lab at University of Utah","2018-05-29","ElFtGy1kV49xqNP00HfxQA==","POM","1",750,25,100,"d15N",17.75,"perMill","Revesz & Coplen 2012a","Below calibration range",
"9976e926-8fa2-4833-8f06-47399a947652","D04","GUIL","GUIL.AOS.S2","2017-06-12","GUIL.SS.20170612.POM.2",,"condition ok","SIRFER Lab at University of Utah","2018-05-29","ElFtGy1kV49xqNP00HfxQA==","POM","1",750,25,100,"carbon",68.64,"microgramsPerLiter","Revesz & Coplen 2012a",,
"182917cb-1c80-4850-b08a-908f63ab0adc","D04","GUIL","GUIL.AOS.S2","2017-06-12","GUIL.SS.20170612.POM.2",,"condition ok","SIRFER Lab at University of Utah","2018-05-29","ElFtGy1kV49xqNP00HfxQA==","POM","1",750,25,100,"nitrogen",4.40,"microgramsPerLiter","Revesz & Coplen 2012a","Below calibration range",
"034a316d-3b48-4426-87b7-b9498c0b9381","D04","GUIL","GUIL.AOS.S2","2017-06-27","GUIL.SS.20170627.POM.1",,"condition ok","SIRFER Lab at University of Utah","2018-05-29","ElFtGy1kV49xqNP00HfxQA==","POM","1",750,25,100,"carbon",127.91,"microgramsPerLiter","Revesz & Coplen 2012a",,
"7cb3f5ff-76a1-42cb-a140-9d27190dc9d7","D04","GUIL","GUIL.AOS.S2","2017-06-27","GUIL.SS.20170627.POM.1",,"condition ok","SIRFER Lab at University of Utah","2018-05-29","ElFtGy1kV49xqNP00HfxQA==","POM","1",750,25,100,"nitrogen",15.25,"microgramsPerLiter","Revesz & Coplen 2012a",,
"d427a881-23c3-45de-98fa-2714bb5bc24a","D04","GUIL","GUIL.AOS.S2","2017-06-27","GUIL.SS.20170627.POM.1",,"condition ok","SIRFER Lab at University of Utah","2018-05-29","ElFtGy1kV49xqNP00HfxQA==","POM","1",750,25,100,"d13C",-25.72,"perMill","Revesz & Coplen 2012a",,
"29ce2c01-be7c-4e71-8bf4-e6476b6fb062","D04","GUIL","GUIL.AOS.S2","2017-06-27","GUIL.SS.20170627.POM.1",,"condition ok","SIRFER Lab at University of Utah","2018-05-29","ElFtGy1kV49xqNP00HfxQA==","POM","1",750,25,100,"d15N",14.02,"perMill","Revesz & Coplen 2012a",,
