uid,domainID,siteID,namedLocation,collectDate,sampleID,sampleCode,sampleCondition,laboratoryName,analysisDate,analyzedBy,sampleType,replicate,sampleVolumeFiltered,filterSize,percentFilterAnalyzed,analyte,analyteConcentration,plantAlgaeLabUnits,method,externalRemarks,externalLabDataQF
"14f375da-1a9f-4503-9e66-1df6351e3f45","D03","BARC","BARC.AOS.inlet","2015-12-28","BARC.IN.20151228.POM.1",,"condition ok","Academy of Natural Sciences of Drexel University","2016-09-13","OKgcKejxXbI=","13C15N","1",,,100,"d15N",2.08,"perMill",,,
"8895df23-319d-404d-ae8a-5605e8edc15b","D03","BARC","BARC.AOS.buoy.c0","2015-12-28","BARC.C0.20151228.POM.2",,"condition ok","Academy of Natural Sciences of Drexel University","2017-01-17","OKgcKejxXbI=","13C15N","2",,,100,"d13C",-29.01,"perMill",,,
"f2c0ca9e-a8a9-494c-9d42-4449752596a6","D03","BARC","BARC.AOS.buoy.c0","2015-12-28","BARC.C0.20151228.POM.2",,"condition ok","Academy of Natural Sciences of Drexel University","2017-01-17","OKgcKejxXbI=","13C15N","2",,,100,"d15N",3.45,"perMill",,,
"5d7b8404-0112-4f57-ae8e-58d7b5084ab2","D03","BARC","BARC.AOS.outlet","2015-12-28","BARC.OT.20151228.POM.1",,"condition ok","Academy of Natural Sciences of Drexel University","2016-09-13","OKgcKejxXbI=","13C15N","1",,,100,"d15N",2.28,"perMill",,,
"71863369-ec28-4c56-b604-ffda0861d3de","D03","BARC","BARC.AOS.outlet","2015-12-28","BARC.OT.20151228.POM.1",,"condition ok","Academy of Natural Sciences of Drexel University","2016-09-13","OKgcKejxXbI=","13C15N","1",,,100,"d13C",-27.63,"perMill",,,
"0a7b7d30-991a-4f27-ac1e-f652fb12087c","D03","BARC","BARC.AOS.outlet","2015-12-28","BARC.OT.20151228.POM.2",,"condition ok","Academy of Natural Sciences of Drexel University","2017-01-17","OKgcKejxXbI=","13C15N","2",,,100,"d13C",-27.85,"perMill",,,
"7f2b7aae-1126-45a5-aadf-9ac5f11b5593","D03","BARC","BARC.AOS.inlet","2015-12-28","BARC.IN.20151228.POM.2",,"condition ok","Academy of Natural Sciences of Drexel University","2017-01-17","OKgcKejxXbI=","13C15N","2",,,100,"d15N",2.52,"perMill",,,
"4b8bb607-263c-40fb-9554-1d1ec1c5f371","D03","BARC","BARC.AOS.inlet","2015-12-28","BARC.IN.20151228.POM.1",,"condition ok","Academy of Natural Sciences of Drexel University","2016-09-13","OKgcKejxXbI=","13C15N","1",,,100,"d13C",-31.50,"perMill",,,
"c9e3c709-82c4-4a42-8f9a-2afddb32a651","D03","BARC","BARC.AOS.buoy.c0","2015-12-28","BARC.C0.20151228.POM.1",,"condition ok","Academy of Natural Sciences of Drexel University","2016-09-13","OKgcKejxXbI=","13C15N","1",,,100,"d15N",2.92,"perMill",,,
"91c967aa-a755-45f8-a324-3ea4ced56057","D03","BARC","BARC.AOS.buoy.c0","2015-12-28","BARC.C0.20151228.POM.1",,"condition ok","Academy of Natural Sciences of Drexel University","2016-09-13","OKgcKejxXbI=","13C15N","1",,,100,"d13C",-30.23,"perMill",,,
"7eed6392-b170-40fd-9bed-d92ba27f0a51","D03","BARC","BARC.AOS.outlet","2015-12-28","BARC.OT.20151228.POM.2",,"condition ok","Academy of Natural Sciences of Drexel University","2017-01-17","OKgcKejxXbI=","13C15N","2",,,100,"d15N",2.06,"perMill",,,
"5b35e19f-da80-4c11-8fb5-d93217a047b8","D03","BARC","BARC.AOS.inlet","2015-12-28","BARC.IN.20151228.POM.2",,"condition ok","Academy of Natural Sciences of Drexel University","2017-01-17","OKgcKejxXbI=","13C15N","2",,,100,"d13C",-32.15,"perMill",,,
