uid,domainID,siteID,namedLocation,collectDate,sampleID,sampleCode,sampleCondition,laboratoryName,analysisDate,analyzedBy,sampleType,replicate,sampleVolumeFiltered,filterSize,percentFilterAnalyzed,analyte,analyteConcentration,plantAlgaeLabUnits,method,externalRemarks,externalLabDataQF
"638ce32a-6b77-4e81-8ec6-d76520841ee9","D03","BARC","BARC.AOS.buoy.c0","2018-03-05","BARC.C0.20180305.POM.1",,"condition ok","SIRFER Lab at University of Utah","2018-07-28","ElFtGy1kV49xqNP00HfxQA==","POM","1",150,25,100,"d15N",2.87,"perMill","Revesz & Coplen 2012a",,
"5efaf8b7-1d98-4e26-a581-8e8763dbaf9e","D03","BARC","BARC.AOS.buoy.c0","2018-03-05","BARC.C0.20180305.POM.1",,"condition ok","SIRFER Lab at University of Utah","2018-07-28","ElFtGy1kV49xqNP00HfxQA==","POM","1",150,25,100,"nitrogen",89.41,"microgramsPerLiter","Revesz & Coplen 2012a",,
"7d5d8eb2-0f1f-444f-80f9-c862550c484a","D03","BARC","BARC.AOS.buoy.c0","2018-03-05","BARC.C0.20180305.POM.1",,"condition ok","SIRFER Lab at University of Utah","2018-07-28","ElFtGy1kV49xqNP00HfxQA==","POM","1",150,25,100,"carbon",882.68,"microgramsPerLiter","Revesz & Coplen 2012a",,
"b2127147-b7bc-43d9-95e0-7cd297991787","D03","BARC","BARC.AOS.buoy.c0","2018-03-05","BARC.C0.20180305.POM.1",,"condition ok","SIRFER Lab at University of Utah","2018-07-28","ElFtGy1kV49xqNP00HfxQA==","POM","1",150,25,100,"d13C",-32.74,"perMill","Revesz & Coplen 2012a",,
