uid,domainID,siteID,namedLocation,collectDate,sampleID,sampleCode,sampleCondition,laboratoryName,analysisDate,analyzedBy,sampleType,replicate,sampleVolumeFiltered,filterSize,percentFilterAnalyzed,analyte,analyteConcentration,plantAlgaeLabUnits,method,externalRemarks,externalLabDataQF
"146be81a-949f-42cc-8f7f-b0665c6a5c9a","D07","WALK","WALK.AOS.S2","2017-05-02","WALK.SS.20170502.POM.2",,"condition ok","SIRFER Lab at University of Utah","2018-03-12","ElFtGy1kV49xqNP00HfxQA==","POM","1",,,100,"d13C",-28.08,"perMill","Revesz & Coplen 2012a",,
"2db509f2-a1b4-4585-96f4-acd9a65ea67c","D07","WALK","WALK.AOS.S2","2017-05-02","WALK.SS.20170502.POM.2",,"condition ok","SIRFER Lab at University of Utah","2018-03-12","ElFtGy1kV49xqNP00HfxQA==","POM","1",,,100,"nitrogen",13.58,"microgramsPerLiter","Revesz & Coplen 2012a",,
"c5efa703-9cfd-4786-abae-84347d0f29e2","D07","WALK","WALK.AOS.S2","2017-05-02","WALK.SS.20170502.POM.2",,"condition ok","SIRFER Lab at University of Utah","2018-03-12","ElFtGy1kV49xqNP00HfxQA==","POM","1",,,100,"carbon",167.98,"microgramsPerLiter","Revesz & Coplen 2012a",,
"5617c6c5-e2a8-42b3-8a47-79801a4bf34d","D07","WALK","WALK.AOS.S2","2017-05-02","WALK.SS.20170502.POM.2",,"condition ok","SIRFER Lab at University of Utah","2018-03-12","ElFtGy1kV49xqNP00HfxQA==","POM","1",,,100,"d15N",9.89,"perMill","Revesz & Coplen 2012a",,
"43b5cd26-4d56-41e9-a74c-e096554b5c93","D07","WALK","WALK.AOS.S2","2017-05-23","WALK.SS.20170523.POM.1",,"condition ok","SIRFER Lab at University of Utah","2018-03-12","ElFtGy1kV49xqNP00HfxQA==","POM","1",,,100,"nitrogen",13.05,"microgramsPerLiter","Revesz & Coplen 2012a",,
"21e119d4-9dd6-450b-8c6f-09c00e6a89ba","D07","WALK","WALK.AOS.S2","2017-05-23","WALK.SS.20170523.POM.1",,"condition ok","SIRFER Lab at University of Utah","2018-03-12","ElFtGy1kV49xqNP00HfxQA==","POM","1",,,100,"d13C",-27.60,"perMill","Revesz & Coplen 2012a",,
"d3342548-f017-4f69-bbb2-1e4df7860f64","D07","WALK","WALK.AOS.S2","2017-05-23","WALK.SS.20170523.POM.1",,"condition ok","SIRFER Lab at University of Utah","2018-03-12","ElFtGy1kV49xqNP00HfxQA==","POM","1",,,100,"d15N",-0.08,"perMill","Revesz & Coplen 2012a",,
"8f467387-82ad-4f37-852f-6a21679af774","D07","WALK","WALK.AOS.S2","2017-05-23","WALK.SS.20170523.POM.1",,"condition ok","SIRFER Lab at University of Utah","2018-03-12","ElFtGy1kV49xqNP00HfxQA==","POM","1",,,100,"carbon",216.02,"microgramsPerLiter","Revesz & Coplen 2012a",,
"ea886966-31e1-49c3-b920-27a296f0f881","D07","WALK","WALK.AOS.S2","2017-05-30","WALK.SS.20170530.POM.1",,"condition ok","SIRFER Lab at University of Utah","2018-03-12","ElFtGy1kV49xqNP00HfxQA==","POM","1",,,100,"d15N",,"perMill","Revesz & Coplen 2012a",,
"f02fcb88-2ac7-4ffb-a26b-7766c955d97d","D07","WALK","WALK.AOS.S2","2017-05-30","WALK.SS.20170530.POM.1",,"condition ok","SIRFER Lab at University of Utah","2018-03-12","ElFtGy1kV49xqNP00HfxQA==","POM","1",,,100,"nitrogen",,"microgramsPerLiter","Revesz & Coplen 2012a",,
"9cb444f6-188a-4cab-9362-3698879732e1","D07","WALK","WALK.AOS.S2","2017-05-30","WALK.SS.20170530.POM.1",,"condition ok","SIRFER Lab at University of Utah","2018-03-12","ElFtGy1kV49xqNP00HfxQA==","POM","1",,,100,"d13C",,"perMill","Revesz & Coplen 2012a",,
"8d62b70b-48b5-4d59-8c77-e1eb18264907","D07","WALK","WALK.AOS.S2","2017-05-30","WALK.SS.20170530.POM.1",,"condition ok","SIRFER Lab at University of Utah","2018-03-12","ElFtGy1kV49xqNP00HfxQA==","POM","1",,,100,"carbon",,"microgramsPerLiter","Revesz & Coplen 2012a",,
