uid,domainID,siteID,namedLocation,collectDate,sampleID,sampleCode,sampleCondition,laboratoryName,analysisDate,analyzedBy,sampleType,replicate,sampleVolumeFiltered,filterSize,percentFilterAnalyzed,analyte,analyteConcentration,plantAlgaeLabUnits,method,externalRemarks,externalLabDataQF
"d3742542-289a-409c-8c9f-6c0a3fcd76cd","D16","MART","MART.AOS.S2","2019-02-14","MART.SS.20190214.POM.1","A00000060991","condition ok","SIRFER Lab at University of Utah","2019-07-09","ElFtGy1kV49xqNP00HfxQA==","POM","1",2000,25,100,"d15N",-0.15,"perMill","Revesz & Coplen 2012a",,
"d29c5f7f-2777-4c4f-8f1f-384290f346fc","D16","MART","MART.AOS.S2","2019-02-14","MART.SS.20190214.POM.1","A00000060991","condition ok","SIRFER Lab at University of Utah","2019-07-09","ElFtGy1kV49xqNP00HfxQA==","POM","1",2000,25,100,"d13C",-28.02,"perMill","Revesz & Coplen 2012a",,
"aad08b45-3189-4e26-ba31-951ead5f822d","D16","MART","MART.AOS.S2","2019-02-14","MART.SS.20190214.POM.1","A00000060991","condition ok","SIRFER Lab at University of Utah","2019-07-09","ElFtGy1kV49xqNP00HfxQA==","POM","1",2000,25,100,"nitrogen",4.79,"microgramsPerLiter","Revesz & Coplen 2012a",,
"bf2f7dda-3440-49a0-991b-35505a429fff","D16","MART","MART.AOS.S2","2019-02-14","MART.SS.20190214.POM.1","A00000060991","condition ok","SIRFER Lab at University of Utah","2019-07-09","ElFtGy1kV49xqNP00HfxQA==","POM","1",2000,25,100,"carbon",60.83,"microgramsPerLiter","Revesz & Coplen 2012a",,
"3deae12b-96a6-4d57-bd7a-5ba96fe4525e","D16","MART","MART.AOS.S2","2019-02-19","MART.SS.20190219.POM.1","A00000060959","condition ok","SIRFER Lab at University of Utah","2019-07-09","ElFtGy1kV49xqNP00HfxQA==","POM","1",1500,25,100,"d15N",8.72,"perMill","Revesz & Coplen 2012a",,
"24c0beb2-c2c2-4d9d-983f-79957b7b7bd3","D16","MART","MART.AOS.S2","2019-02-19","MART.SS.20190219.POM.1","A00000060959","condition ok","SIRFER Lab at University of Utah","2019-07-09","ElFtGy1kV49xqNP00HfxQA==","POM","1",1500,25,100,"carbon",57.79,"microgramsPerLiter","Revesz & Coplen 2012a",,
"b475ad26-8527-4688-aa15-b4399b8f17f5","D16","MART","MART.AOS.S2","2019-02-19","MART.SS.20190219.POM.1","A00000060959","condition ok","SIRFER Lab at University of Utah","2019-07-09","ElFtGy1kV49xqNP00HfxQA==","POM","1",1500,25,100,"nitrogen",4.29,"microgramsPerLiter","Revesz & Coplen 2012a",,
"98b2beca-0485-49a0-960b-a5837f7c97e8","D16","MART","MART.AOS.S2","2019-02-19","MART.SS.20190219.POM.1","A00000060959","condition ok","SIRFER Lab at University of Utah","2019-07-09","ElFtGy1kV49xqNP00HfxQA==","POM","1",1500,25,100,"d13C",-28.58,"perMill","Revesz & Coplen 2012a",,
