uid,domainID,siteID,namedLocation,collectDate,sampleID,sampleCode,sampleCondition,laboratoryName,analysisDate,analyzedBy,sampleType,replicate,sampleVolumeFiltered,filterSize,percentFilterAnalyzed,analyte,analyteConcentration,plantAlgaeLabUnits,method,externalRemarks,externalLabDataQF
"985e0a14-bafb-442a-9be0-36ad2dd95c5c","D07","LECO","LECO.AOS.S2","2017-02-06","LECO.SS.20170206.POM.2",,"other","Academy of Natural Sciences of Drexel University","2017-06-14","OKgcKejxXbI=","13C15N","2",,,100,"d15N",,"perMill",,"analysis corrupted during run",
"98b948d4-bde4-4201-9cd7-eda4287dc465","D07","LECO","LECO.AOS.S2","2017-02-06","LECO.SS.20170206.POM.1",,"condition ok","Academy of Natural Sciences of Drexel University","2017-05-25","OKgcKejxXbI=","13C15N","1",,,100,"d13C",-26.77,"perMill",,,
"c2f2f3fe-403c-4a51-b6e3-eb82489a2d4c","D07","LECO","LECO.AOS.S2","2017-02-06","LECO.SS.20170206.POM.2",,"other","Academy of Natural Sciences of Drexel University","2017-06-14","OKgcKejxXbI=","13C15N","2",,,100,"d13C",,"perMill",,"analysis corrupted during run",
"356a8a1b-2968-41a4-88eb-c87120961892","D07","LECO","LECO.AOS.S2","2017-02-06","LECO.SS.20170206.POM.1",,"condition ok","Academy of Natural Sciences of Drexel University","2017-05-25","OKgcKejxXbI=","13C15N","1",,,100,"d15N",-1.13,"perMill",,,
"7bcaae6e-baf6-488e-9ad2-26ca4e0fbc80","D07","LECO","LECO.AOS.S2","2017-02-14","LECO.SS.20170214.POM.1",,"condition ok","Academy of Natural Sciences of Drexel University","2017-05-25","OKgcKejxXbI=","13C15N","1",,,100,"d13C",-26.77,"perMill",,,
"a616a24a-07af-4374-961d-c7d71a58d04e","D07","LECO","LECO.AOS.S2","2017-02-14","LECO.SS.20170214.POM.2",,"other","Academy of Natural Sciences of Drexel University","2017-06-14","OKgcKejxXbI=","13C15N","2",,,100,"d13C",,"perMill",,"analysis corrupted during run",
"c877b3c0-4e3b-438d-99f5-6d53c9301b3d","D07","LECO","LECO.AOS.S2","2017-02-14","LECO.SS.20170214.POM.1",,"condition ok","Academy of Natural Sciences of Drexel University","2017-05-25","OKgcKejxXbI=","13C15N","1",,,100,"d15N",0.77,"perMill",,,
"cdd516c6-9b3d-4bed-ae8c-ccd4e755e86d","D07","LECO","LECO.AOS.S2","2017-02-14","LECO.SS.20170214.POM.2",,"other","Academy of Natural Sciences of Drexel University","2017-06-14","OKgcKejxXbI=","13C15N","2",,,100,"d15N",,"perMill",,"analysis corrupted during run",
"af9242f6-7294-472f-9b3e-c9f060ad7668","D07","LECO","LECO.AOS.S2","2017-02-28","LECO.SS.20170228.POM.2",,"other","Academy of Natural Sciences of Drexel University","2017-06-14","OKgcKejxXbI=","13C15N","2",,,100,"d15N",,"perMill",,"analysis corrupted during run",
"b3c946e8-ec84-4fc3-aa37-7da45686b212","D07","LECO","LECO.AOS.S2","2017-02-28","LECO.SS.20170228.POM.2",,"other","Academy of Natural Sciences of Drexel University","2017-06-14","OKgcKejxXbI=","13C15N","2",,,100,"d13C",,"perMill",,"analysis corrupted during run",
"f9225aa2-018c-4b8e-8864-c353d4053b44","D07","LECO","LECO.AOS.S2","2017-02-28","LECO.SS.20170228.POM.1",,"other","Academy of Natural Sciences of Drexel University","2017-05-25","OKgcKejxXbI=","13C15N","1",,,100,"d13C",,"perMill",,"analysis corrupted during run",
"3ca149c7-d1ca-4196-ae4a-5a7607aeacd1","D07","LECO","LECO.AOS.S2","2017-02-28","LECO.SS.20170228.POM.1",,"condition ok","Academy of Natural Sciences of Drexel University","2017-05-25","OKgcKejxXbI=","13C15N","1",,,100,"d15N",0.37,"perMill",,,
