uid,domainID,siteID,namedLocation,collectDate,sampleID,sampleCode,sampleCondition,laboratoryName,analysisDate,analyzedBy,sampleType,replicate,sampleVolumeFiltered,filterSize,percentFilterAnalyzed,analyte,analyteConcentration,plantAlgaeLabUnits,method,externalRemarks,externalLabDataQF
"3885303c-b2c7-4403-84f2-ee2eec0bd39f","D13","COMO","COMO.AOS.S2","2018-05-14","COMO.SS.20180514.POM.1","A00000017738","condition ok","SIRFER Lab at University of Utah","2018-08-09","ElFtGy1kV49xqNP00HfxQA==","POM","1",400,25,100,"d13C",-25.84,"perMill","Revesz & Coplen 2012a",,
"6ab31e6c-6a6f-476f-b024-2008f39b98fe","D13","COMO","COMO.AOS.S2","2018-05-14","COMO.SS.20180514.POM.1","A00000017738","condition ok","SIRFER Lab at University of Utah","2018-08-09","ElFtGy1kV49xqNP00HfxQA==","POM","1",400,25,100,"nitrogen",44.27,"microgramsPerLiter","Revesz & Coplen 2012a",,
"e33ad68b-aa4a-4df5-bd5e-f62fafa07b8d","D13","COMO","COMO.AOS.S2","2018-05-14","COMO.SS.20180514.POM.1","A00000017738","condition ok","SIRFER Lab at University of Utah","2018-08-09","ElFtGy1kV49xqNP00HfxQA==","POM","1",400,25,100,"d15N",3.81,"perMill","Revesz & Coplen 2012a",,
"59ad6d5b-b296-45e8-8304-bd0d2f3025bf","D13","COMO","COMO.AOS.S2","2018-05-14","COMO.SS.20180514.POM.1","A00000017738","condition ok","SIRFER Lab at University of Utah","2018-08-09","ElFtGy1kV49xqNP00HfxQA==","POM","1",400,25,100,"carbon",470.50,"microgramsPerLiter","Revesz & Coplen 2012a",,
"43ec7b4b-836a-483b-99c5-82684e100119","D13","COMO","COMO.AOS.S2","2018-05-22","COMO.SS.20180522.POM.1","A00000018304","condition ok","SIRFER Lab at University of Utah","2018-08-09","ElFtGy1kV49xqNP00HfxQA==","POM","1",500,25,100,"nitrogen",36.71,"microgramsPerLiter","Revesz & Coplen 2012a",,
"7c3863e8-0265-474a-93ed-0ba5522e2962","D13","COMO","COMO.AOS.S2","2018-05-22","COMO.SS.20180522.POM.1","A00000018304","condition ok","SIRFER Lab at University of Utah","2018-08-09","ElFtGy1kV49xqNP00HfxQA==","POM","1",500,25,100,"d15N",2.28,"perMill","Revesz & Coplen 2012a",,
"6018396f-f02d-4b32-905c-ead5b2fd0e9c","D13","COMO","COMO.AOS.S2","2018-05-22","COMO.SS.20180522.POM.1","A00000018304","condition ok","SIRFER Lab at University of Utah","2018-08-09","ElFtGy1kV49xqNP00HfxQA==","POM","1",500,25,100,"carbon",713.91,"microgramsPerLiter","Revesz & Coplen 2012a",,
"62668e2c-63e7-49b2-a00a-8ae481dd715e","D13","COMO","COMO.AOS.S2","2018-05-22","COMO.SS.20180522.POM.1","A00000018304","condition ok","SIRFER Lab at University of Utah","2018-08-09","ElFtGy1kV49xqNP00HfxQA==","POM","1",500,25,100,"d13C",-26.13,"perMill","Revesz & Coplen 2012a",,
"d25a2bea-4e1a-4a23-890f-593853a4b72d","D13","COMO","COMO.AOS.S2","2018-05-29","COMO.SS.20180529.POM.1","A00000018382","condition ok","SIRFER Lab at University of Utah","2018-08-09","ElFtGy1kV49xqNP00HfxQA==","POM","1",750,25,100,"carbon",297.80,"microgramsPerLiter","Revesz & Coplen 2012a",,
"4188fbf2-a218-49d8-a63b-d3fbdf971413","D13","COMO","COMO.AOS.S2","2018-05-29","COMO.SS.20180529.POM.1","A00000018382","condition ok","SIRFER Lab at University of Utah","2018-08-09","ElFtGy1kV49xqNP00HfxQA==","POM","1",750,25,100,"d15N",4.73,"perMill","Revesz & Coplen 2012a",,
"a69490eb-771a-4013-a6b4-58e4900d76d7","D13","COMO","COMO.AOS.S2","2018-05-29","COMO.SS.20180529.POM.1","A00000018382","condition ok","SIRFER Lab at University of Utah","2018-08-09","ElFtGy1kV49xqNP00HfxQA==","POM","1",750,25,100,"d13C",-25.40,"perMill","Revesz & Coplen 2012a",,
"bb1622d2-5ef2-4f65-9eb8-e893df6dd1a7","D13","COMO","COMO.AOS.S2","2018-05-29","COMO.SS.20180529.POM.1","A00000018382","condition ok","SIRFER Lab at University of Utah","2018-08-09","ElFtGy1kV49xqNP00HfxQA==","POM","1",750,25,100,"nitrogen",27.82,"microgramsPerLiter","Revesz & Coplen 2012a",,
