uid,domainID,siteID,namedLocation,collectDate,sampleID,sampleCode,sampleCondition,laboratoryName,analysisDate,analyzedBy,sampleType,replicate,sampleVolumeFiltered,filterSize,percentFilterAnalyzed,analyte,analyteConcentration,plantAlgaeLabUnits,method,externalRemarks,externalLabDataQF
"cbfc5ef8-c1fb-4e18-b4e7-ce5ead200f47","D09","PRLA","PRLA.AOS.buoy.c0","2018-05-01","PRLA.C0.20180501.POM.1","A00000016316","condition ok","SIRFER Lab at University of Utah","2018-10-18","ElFtGy1kV49xqNP00HfxQA==","POM","1",100,25,100,"nitrogen",,"microgramsPerLiter","Revesz & Coplen 2012a",,
"e274c509-fc2c-44f3-ae93-e3088939f68e","D09","PRLA","PRLA.AOS.buoy.c0","2018-05-01","PRLA.C0.20180501.POM.1","A00000016316","condition ok","SIRFER Lab at University of Utah","2018-10-18","ElFtGy1kV49xqNP00HfxQA==","POM","1",100,25,100,"carbon",,"microgramsPerLiter","Revesz & Coplen 2012a",,
"cbb01497-fd12-4c8b-b600-642d738e16fc","D09","PRLA","PRLA.AOS.buoy.c0","2018-05-01","PRLA.C0.20180501.POM.1","A00000016316","condition ok","SIRFER Lab at University of Utah","2018-10-18","ElFtGy1kV49xqNP00HfxQA==","POM","1",100,25,100,"d15N",,"perMill","Revesz & Coplen 2012a",,
"ae500905-c531-4278-aa7f-d4e464dd2345","D09","PRLA","PRLA.AOS.buoy.c0","2018-05-01","PRLA.C0.20180501.POM.1","A00000016316","condition ok","SIRFER Lab at University of Utah","2018-10-18","ElFtGy1kV49xqNP00HfxQA==","POM","1",100,25,100,"d13C",,"perMill","Revesz & Coplen 2012a",,
