uid,domainID,siteID,namedLocation,collectDate,sampleID,sampleCode,sampleCondition,laboratoryName,analysisDate,analyzedBy,sampleType,replicate,sampleVolumeFiltered,filterSize,percentFilterAnalyzed,analyte,analyteConcentration,plantAlgaeLabUnits,method,externalRemarks,externalLabDataQF
"dce4efbc-0bbf-4ad0-ab2a-d88befa6479d","D13","WLOU","WLOU.AOS.S2","2017-08-10","WLOU.SS.20170810.POM.1",,"condition ok","SIRFER Lab at University of Utah","2018-04-16","ElFtGy1kV49xqNP00HfxQA==","POM","1",1250,25,100,"d15N",10.99,"perMill","Revesz & Coplen 2012a",,
"d880393e-a93a-4901-856a-3ce826e0f063","D13","WLOU","WLOU.AOS.S2","2017-08-10","WLOU.SS.20170810.POM.1",,"condition ok","SIRFER Lab at University of Utah","2018-04-16","ElFtGy1kV49xqNP00HfxQA==","POM","1",1250,25,100,"nitrogen",4.17,"microgramsPerLiter","Revesz & Coplen 2012a",,
"2cb9d2a7-c6fe-477d-907d-9819922b2be8","D13","WLOU","WLOU.AOS.S2","2017-08-10","WLOU.SS.20170810.POM.1",,"condition ok","SIRFER Lab at University of Utah","2018-04-16","ElFtGy1kV49xqNP00HfxQA==","POM","1",1250,25,100,"d13C",-26.05,"perMill","Revesz & Coplen 2012a",,
"bbcb1db2-ec4f-49e2-907e-3a99893acde8","D13","WLOU","WLOU.AOS.S2","2017-08-10","WLOU.SS.20170810.POM.1",,"condition ok","SIRFER Lab at University of Utah","2018-04-16","ElFtGy1kV49xqNP00HfxQA==","POM","1",1250,25,100,"carbon",50.53,"microgramsPerLiter","Revesz & Coplen 2012a",,
