uid,domainID,siteID,namedLocation,collectDate,sampleID,sampleCode,sampleCondition,laboratoryName,analysisDate,analyzedBy,sampleType,replicate,sampleVolumeFiltered,filterSize,percentFilterAnalyzed,analyte,analyteConcentration,plantAlgaeLabUnits,method,externalRemarks,externalLabDataQF
"ccd55a84-065b-43df-86fd-e579acf4f226","D04","CUPE","CUPE.AOS.S2","2016-04-12","CUPE.SS.20160412.POM.1",,"condition ok","Academy of Natural Sciences of Drexel University","2017-01-24","OKgcKejxXbI=","13C15N","1",,,100,"d13C",-29.30,"perMill",,,
"8fcac0f1-74a0-430f-a09d-bfb161c675ae","D04","CUPE","CUPE.AOS.S2","2016-04-12","CUPE.SS.20160412.POM.1",,"condition ok","Academy of Natural Sciences of Drexel University","2017-01-24","OKgcKejxXbI=","13C15N","1",,,100,"d15N",-0.44,"perMill",,,
"b95ed253-7193-4b71-82f8-066857d75b84","D04","CUPE","CUPE.AOS.S2","2016-04-12","CUPE.SS.20160412.POM.2",,"condition ok","Academy of Natural Sciences of Drexel University","2017-02-13","OKgcKejxXbI=","13C15N","2",,,100,"d13C",-29.23,"perMill",,,
"badad3d9-bc61-4e77-b7df-81de2a2ab5ad","D04","CUPE","CUPE.AOS.S2","2016-04-12","CUPE.SS.20160412.POM.2",,"condition ok","Academy of Natural Sciences of Drexel University","2017-02-13","OKgcKejxXbI=","13C15N","2",,,100,"d15N",1.02,"perMill",,,
"7c31853e-ab8a-4d83-8f30-12b5061f78de","D04","CUPE","CUPE.AOS.S2","2016-04-19","CUPE.SS.20160419.POM.2",,"other","Academy of Natural Sciences of Drexel University","2017-02-13","OKgcKejxXbI=","13C15N","2",,,100,"d13C",,"perMill",,"sample lost during analysis",
"acb80dd3-eb78-4366-9b3d-ac51a5786825","D04","CUPE","CUPE.AOS.S2","2016-04-19","CUPE.SS.20160419.POM.2",,"other","Academy of Natural Sciences of Drexel University","2017-02-13","OKgcKejxXbI=","13C15N","2",,,100,"d15N",,"perMill",,"sample lost during analysis",
"4211cfb2-ade6-4a9b-9f9a-b7110afbef75","D04","CUPE","CUPE.AOS.S2","2016-04-19","CUPE.SS.20160419.POM.1",,"condition ok","Academy of Natural Sciences of Drexel University","2017-01-24","OKgcKejxXbI=","13C15N","1",,,100,"d13C",-29.20,"perMill",,,
"99d427fa-656a-4a1e-be32-30cab8c26748","D04","CUPE","CUPE.AOS.S2","2016-04-19","CUPE.SS.20160419.POM.1",,"condition ok","Academy of Natural Sciences of Drexel University","2017-01-24","OKgcKejxXbI=","13C15N","1",,,100,"d15N",0.06,"perMill",,,
