uid,domainID,siteID,namedLocation,collectDate,sampleID,sampleCode,sampleCondition,laboratoryName,analysisDate,analyzedBy,sampleType,replicate,sampleVolumeFiltered,filterSize,percentFilterAnalyzed,analyte,analyteConcentration,plantAlgaeLabUnits,method,externalRemarks,externalLabDataQF
"8759a8f8-029f-4d7b-a03a-818593fdcdf7","D16","MCRA","MCRA.AOS.S2","2018-06-21","MCRA.SS.20180621.POM.1","A00000024550","condition ok","SIRFER Lab at University of Utah","2018-09-24","ElFtGy1kV49xqNP00HfxQA==","POM","1",1500,25,100,"nitrogen",20.92,"microgramsPerLiter","Revesz & Coplen 2012a",,
"f84e06f1-6849-4adc-bfbc-e45bf399ee5b","D16","MCRA","MCRA.AOS.S2","2018-06-21","MCRA.SS.20180621.POM.1","A00000024550","condition ok","SIRFER Lab at University of Utah","2018-09-24","ElFtGy1kV49xqNP00HfxQA==","POM","1",1500,25,100,"d15N",2.29,"perMill","Revesz & Coplen 2012a",,
"0e235858-9c65-4da6-ad32-2cbee2b29975","D16","MCRA","MCRA.AOS.S2","2018-06-21","MCRA.SS.20180621.POM.1","A00000024550","condition ok","SIRFER Lab at University of Utah","2018-09-24","ElFtGy1kV49xqNP00HfxQA==","POM","1",1500,25,100,"carbon",383.89,"microgramsPerLiter","Revesz & Coplen 2012a",,
"7e33d7bc-f30d-4d09-9936-7f6f1b9abf12","D16","MCRA","MCRA.AOS.S2","2018-06-21","MCRA.SS.20180621.POM.1","A00000024550","condition ok","SIRFER Lab at University of Utah","2018-09-24","ElFtGy1kV49xqNP00HfxQA==","POM","1",1500,25,100,"d13C",-27.96,"perMill","Revesz & Coplen 2012a",,
