uid,domainID,siteID,namedLocation,collectDate,sampleID,sampleCode,sampleCondition,laboratoryName,analysisDate,analyzedBy,sampleType,replicate,sampleVolumeFiltered,filterSize,percentFilterAnalyzed,analyte,analyteConcentration,plantAlgaeLabUnits,method,externalRemarks,externalLabDataQF
"fd52b2a5-5bbc-4ea5-9046-bce8d0d27190","D04","GUIL","GUIL.AOS.S2","2017-09-14","GUIL.SS.20170914.POM.1",,"condition ok","SIRFER Lab at University of Utah","2018-05-29","ElFtGy1kV49xqNP00HfxQA==","POM","1",1000,25,100,"nitrogen",10.27,"microgramsPerLiter","Revesz & Coplen 2012a",,
"c78963c2-6c05-4c85-9333-e5bed13515b1","D04","GUIL","GUIL.AOS.S2","2017-09-14","GUIL.SS.20170914.POM.1",,"condition ok","SIRFER Lab at University of Utah","2018-05-29","ElFtGy1kV49xqNP00HfxQA==","POM","1",1000,25,100,"carbon",108.17,"microgramsPerLiter","Revesz & Coplen 2012a",,
"699af010-ce58-4089-9340-25327471a3c8","D04","GUIL","GUIL.AOS.S2","2017-09-14","GUIL.SS.20170914.POM.1",,"condition ok","SIRFER Lab at University of Utah","2018-05-29","ElFtGy1kV49xqNP00HfxQA==","POM","1",1000,25,100,"d15N",14.50,"perMill","Revesz & Coplen 2012a",,
"924bb113-d6a0-41c3-bd0f-c9653b6ce2a9","D04","GUIL","GUIL.AOS.S2","2017-09-14","GUIL.SS.20170914.POM.1",,"condition ok","SIRFER Lab at University of Utah","2018-05-29","ElFtGy1kV49xqNP00HfxQA==","POM","1",1000,25,100,"d13C",-26.13,"perMill","Revesz & Coplen 2012a",,
"790ef88f-2994-4bbf-a5fe-2929aee598ee","D04","GUIL","GUIL.AOS.S2","2017-09-18","GUIL.SS.20170918.POM.1",,"condition ok","SIRFER Lab at University of Utah","2018-05-29","ElFtGy1kV49xqNP00HfxQA==","POM","1",1150,25,100,"d13C",-25.94,"perMill","Revesz & Coplen 2012a",,
"874a91af-a627-42dc-9e6e-929fa17b531e","D04","GUIL","GUIL.AOS.S2","2017-09-18","GUIL.SS.20170918.POM.1",,"condition ok","SIRFER Lab at University of Utah","2018-05-29","ElFtGy1kV49xqNP00HfxQA==","POM","1",1150,25,100,"d15N",14.75,"perMill","Revesz & Coplen 2012a",,
"567f5592-66e8-41fc-954e-bf8f16071712","D04","GUIL","GUIL.AOS.S2","2017-09-18","GUIL.SS.20170918.POM.1",,"condition ok","SIRFER Lab at University of Utah","2018-05-29","ElFtGy1kV49xqNP00HfxQA==","POM","1",1150,25,100,"nitrogen",13.37,"microgramsPerLiter","Revesz & Coplen 2012a",,
"46baaca0-c08a-4086-a4a3-c532cd9966b2","D04","GUIL","GUIL.AOS.S2","2017-09-18","GUIL.SS.20170918.POM.1",,"condition ok","SIRFER Lab at University of Utah","2018-05-29","ElFtGy1kV49xqNP00HfxQA==","POM","1",1150,25,100,"carbon",121.03,"microgramsPerLiter","Revesz & Coplen 2012a",,
