uid,domainID,siteID,namedLocation,collectDate,sampleID,sampleCode,sampleCondition,laboratoryName,analysisDate,analyzedBy,sampleType,replicate,sampleVolumeFiltered,filterSize,percentFilterAnalyzed,analyte,analyteConcentration,plantAlgaeLabUnits,method,externalRemarks,externalLabDataQF
"5343d571-5d78-4501-a007-09b69adb3d0c","D13","COMO","COMO.AOS.S2","2017-01-10","COMO.SS.20170110.POM.1",,"condition ok","Academy of Natural Sciences of Drexel University","2017-04-12","OKgcKejxXbI=","13C15N","1",,,100,"d13C",-27.49,"perMill",,,
"1d4c020a-1c9f-4395-9bfa-35fe202996df","D13","COMO","COMO.AOS.S2","2017-01-10","COMO.SS.20170110.POM.2",,"other","Academy of Natural Sciences of Drexel University","2017-06-14","OKgcKejxXbI=","13C15N","2",,,100,"d13C",,"perMill",,"analysis corrupted during run",
"f1d6756a-b6c7-439e-abf8-d9f7e44a1a41","D13","COMO","COMO.AOS.S2","2017-01-10","COMO.SS.20170110.POM.1",,"condition ok","Academy of Natural Sciences of Drexel University","2017-04-12","OKgcKejxXbI=","13C15N","1",,,100,"d15N",2.48,"perMill",,,
"be835855-3b45-40f4-bc61-18ebc1c1b152","D13","COMO","COMO.AOS.S2","2017-01-10","COMO.SS.20170110.POM.2",,"other","Academy of Natural Sciences of Drexel University","2017-06-14","OKgcKejxXbI=","13C15N","2",,,100,"d15N",,"perMill",,"analysis corrupted during run",
