uid,domainID,siteID,namedLocation,collectDate,sampleID,sampleCode,sampleCondition,laboratoryName,analysisDate,analyzedBy,sampleType,replicate,sampleVolumeFiltered,filterSize,percentFilterAnalyzed,analyte,analyteConcentration,plantAlgaeLabUnits,method,externalRemarks,externalLabDataQF
"b15fa555-987c-4604-9413-bbb9fa4461a2","D02","LEWI","LEWI.AOS.S2","2019-03-18","LEWI.SS.20190318.POM.1","A00000034212","condition ok","SIRFER Lab at University of Utah","2019-08-08","ElFtGy1kV49xqNP00HfxQA==","POM","1",400,25,100,"d13C",-24.43,"perMill","Revesz & Coplen 2012a",,
"b525631c-f728-4dd7-a752-bacb3107f5df","D02","LEWI","LEWI.AOS.S2","2019-03-18","LEWI.SS.20190318.POM.1","A00000034212","condition ok","SIRFER Lab at University of Utah","2019-08-08","ElFtGy1kV49xqNP00HfxQA==","POM","1",400,25,100,"nitrogen",55.02,"microgramsPerLiter","Revesz & Coplen 2012a",,
"c8e57af7-f48f-4b37-a082-7c71c0eb7301","D02","LEWI","LEWI.AOS.S2","2019-03-18","LEWI.SS.20190318.POM.1","A00000034212","condition ok","SIRFER Lab at University of Utah","2019-08-08","ElFtGy1kV49xqNP00HfxQA==","POM","1",400,25,100,"d15N",3.04,"perMill","Revesz & Coplen 2012a",,
"47096fa0-c206-4ec7-afef-a00104d97287","D02","LEWI","LEWI.AOS.S2","2019-03-18","LEWI.SS.20190318.POM.1","A00000034212","condition ok","SIRFER Lab at University of Utah","2019-08-08","ElFtGy1kV49xqNP00HfxQA==","POM","1",400,25,100,"carbon",706.88,"microgramsPerLiter","Revesz & Coplen 2012a",,
