uid,domainID,siteID,namedLocation,decimalLatitude,decimalLongitude,coordinateUncertainty,additionalCoordUncertainty,elevation,elevationUncertainty,geodeticDatum,altLocation,altLatitude,altLongitude,altCoordinateUncertainty,altGeodeticDatum,collectDate,aquaticSiteType,samplingImpractical,parentSampleID,parentSampleCode,eventID,samplerType,dissolvedOxygen,dissolvedOxygenSaturation,specificConductance,waterTemp,asiSamplingProtocolVersion,lowerSegmentDepth,upperSegmentDepth,maxDepth,lakeSampleDepth1,lakeSampleDepth2,aCollectedBy,bCollectedBy,remarks,fieldDataQF
"8b0cc3df-7584-4190-9ab3-36e24dad41a3","D15","REDB","REDB.AOS.S2",40.783660,-111.798110,0.1,10.0,1688.6,0.0,"WGS84",,,,,,"2017-04-04T17:27Z","stream",,"REDB.SS.20170404",,"REDB.20170404","Grab",19.13,140.20,307.30,4.20,"NEON.DOC.001886vE",,,,,,"bjohnston@neoninc.org","awalker@neoninc.org","collected under 2905vD.|0.9mL of preservative used",
"01bb9ad9-6dce-465c-98cf-ac1005314e15","D15","REDB","REDB.AOS.S2",40.783660,-111.798110,0.1,10.0,1688.6,0.0,"WGS84",,,,,,"2017-04-12T16:10Z","stream",,"REDB.SS.20170412",,"REDB.20170412","Grab",16.28,144.00,505.00,4.90,"NEON.DOC.001886vE",,,,,,"Kfavero@field-ops.org","bjohnston@battelleecology.org","Transcribed from paper data sheets. Filter processing time not recorded. However it was the final activity before ending protocol tasks at 1032 so the time is close.",
"04d8ff35-acdb-4078-afaa-a468ec905f8b","D15","REDB","REDB.AOS.S2",40.783660,-111.798110,0.1,10.0,1688.6,0.0,"WGS84",,,,,,"2017-04-18T16:26Z","stream",,"REDB.SS.20170418",,"REDB.20170418","Grab",18.54,173.50,517.00,6.80,"NEON.DOC.001886vE",,,,,,"bjohnston@battelleecology.org","Kfavero@field-ops.org",,
"dfd552c4-5e24-4f6d-b400-c319ecee5b5b","D15","REDB","REDB.AOS.S2",40.783660,-111.798110,0.1,10.0,1688.6,0.0,"WGS84",,,,,,"2017-04-25T15:24Z","stream",,"REDB.SS.20170425",,"REDB.20170425","Grab",26.04,202.90,496.00,3.80,"NEON.DOC.001886vE",,,,,,"bjohnston@battelleecology.org","Kfavero@field-ops.org",,
