uid,domainID,siteID,namedLocation,collectDate,parentSampleID,parentSampleCode,isotopeH2OSampleCond,isotopeH2OSampleID,isotopeH2OSampleCode,isotopePOMRep2SampleCond,isotopePOMRep2SampleID,isotopePOMRep2SampleCode,isotopePOMSampleCond,isotopePOMSampleID,isotopePOMSampleCode,processedDateFilters,processedDateH2OIsotopes,sampleVolumeFilteredPOMRep1,sampleVolumeFilteredPOMRep2,fieldDataQF
"9c04bced-861b-461a-b6cc-7e666f578305","D15","REDB","REDB.AOS.S2","2017-04-04T17:27Z","REDB.SS.20170404",,,"REDB.SS.20170404.H2O.1",,,,,,"REDB.SS.20170404.POM.1",,"2017-04-04T17:20Z","2017-04-04T17:20Z",100,,
"6b8fea9f-cf8e-4a53-8fb2-84107fe0d878","D15","REDB","REDB.AOS.S2","2017-04-12T16:10Z","REDB.SS.20170412",,"Sample condition ok","REDB.SS.20170412.H2O.1",,"Sample condition ok","REDB.SS.20170412.POM.2",,"Sample condition ok","REDB.SS.20170412.POM.1",,"2017-04-12T15:36Z","2017-04-12T15:36Z",105,100,
"318eeb35-a1d3-4ccb-9df4-793b1b11b7f0","D15","REDB","REDB.AOS.S2","2017-04-18T16:26Z","REDB.SS.20170418",,"Sample condition ok","REDB.SS.20170418.H2O.1",,"Sample condition ok","REDB.SS.20170418.POM.2",,"Sample condition ok","REDB.SS.20170418.POM.1",,"2017-04-18T17:35Z","2017-04-18T16:11Z",100,100,
"3a6fa8e6-2045-461c-bda0-247dcf80d22a","D15","REDB","REDB.AOS.S2","2017-04-25T15:24Z","REDB.SS.20170425",,"Sample condition ok","REDB.SS.20170425.H2O.1",,"Sample condition ok","REDB.SS.20170425.POM.2",,"Sample condition ok","REDB.SS.20170425.POM.1",,"2017-04-25T15:24Z","2017-04-25T16:25Z",100,101,
