uid,domainID,siteID,namedLocation,collectDate,sampleID,sampleCode,sampleCondition,laboratoryName,analysisDate,analyzedBy,sampleType,replicate,sampleVolumeFiltered,filterSize,percentFilterAnalyzed,analyte,analyteConcentration,plantAlgaeLabUnits,method,externalRemarks,externalLabDataQF
"cb38c2d9-ac93-430b-97a4-6534d34965c1","D15","REDB","REDB.AOS.S2","2017-04-04","REDB.SS.20170404.POM.1",,"condition ok","SIRFER Lab at University of Utah","2018-07-05","ElFtGy1kV49xqNP00HfxQA==","POM","1",100,25,100,"d13C",-23.35,"perMill","Revesz & Coplen 2012a",,
"5ec4c304-53ed-4384-bc4b-06470fea1210","D15","REDB","REDB.AOS.S2","2017-04-04","REDB.SS.20170404.POM.1",,"condition ok","SIRFER Lab at University of Utah","2018-07-05","ElFtGy1kV49xqNP00HfxQA==","POM","1",100,25,100,"carbon",1561.81,"microgramsPerLiter","Revesz & Coplen 2012a",,
"f1dc3672-a082-43bb-91e4-2edce97a22c5","D15","REDB","REDB.AOS.S2","2017-04-04","REDB.SS.20170404.POM.1",,"condition ok","SIRFER Lab at University of Utah","2018-07-05","ElFtGy1kV49xqNP00HfxQA==","POM","1",100,25,100,"d15N",1.87,"perMill","Revesz & Coplen 2012a",,
"8250da6e-74d8-403f-8cc9-3144f54f2112","D15","REDB","REDB.AOS.S2","2017-04-04","REDB.SS.20170404.POM.1",,"condition ok","SIRFER Lab at University of Utah","2018-07-05","ElFtGy1kV49xqNP00HfxQA==","POM","1",100,25,100,"nitrogen",90.20,"microgramsPerLiter","Revesz & Coplen 2012a",,
"378ffe24-20f8-4f3b-ab9c-f242979d2b5e","D15","REDB","REDB.AOS.S2","2017-04-12","REDB.SS.20170412.POM.1",,"condition ok","SIRFER Lab at University of Utah","2018-07-05","ElFtGy1kV49xqNP00HfxQA==","POM","1",105,25,100,"nitrogen",80.57,"microgramsPerLiter","Revesz & Coplen 2012a",,
"52ff66fd-df51-4ef6-9893-945d1ab41ac3","D15","REDB","REDB.AOS.S2","2017-04-12","REDB.SS.20170412.POM.1",,"condition ok","SIRFER Lab at University of Utah","2018-07-05","ElFtGy1kV49xqNP00HfxQA==","POM","1",105,25,100,"d13C",-24.57,"perMill","Revesz & Coplen 2012a",,
"b5c0ceac-28d9-40bd-9f41-89b89a6df147","D15","REDB","REDB.AOS.S2","2017-04-12","REDB.SS.20170412.POM.1",,"condition ok","SIRFER Lab at University of Utah","2018-07-05","ElFtGy1kV49xqNP00HfxQA==","POM","1",105,25,100,"carbon",1318.69,"microgramsPerLiter","Revesz & Coplen 2012a",,
"3cf9ddf5-8f31-450e-966e-89f045cbb576","D15","REDB","REDB.AOS.S2","2017-04-12","REDB.SS.20170412.POM.1",,"condition ok","SIRFER Lab at University of Utah","2018-07-05","ElFtGy1kV49xqNP00HfxQA==","POM","1",105,25,100,"d15N",3.10,"perMill","Revesz & Coplen 2012a",,
"eeb68861-4348-4148-aea7-ffde2441a0e5","D15","REDB","REDB.AOS.S2","2017-04-18","REDB.SS.20170418.POM.1",,"condition ok","SIRFER Lab at University of Utah","2018-07-05","ElFtGy1kV49xqNP00HfxQA==","POM","1",100,25,100,"carbon",1362.74,"microgramsPerLiter","Revesz & Coplen 2012a",,
"68203516-d9b8-4f89-8ad6-7d29affa2109","D15","REDB","REDB.AOS.S2","2017-04-18","REDB.SS.20170418.POM.1",,"condition ok","SIRFER Lab at University of Utah","2018-07-05","ElFtGy1kV49xqNP00HfxQA==","POM","1",100,25,100,"nitrogen",76.47,"microgramsPerLiter","Revesz & Coplen 2012a",,
"b266e12b-5e8d-4acd-9ddc-d598edf693d2","D15","REDB","REDB.AOS.S2","2017-04-18","REDB.SS.20170418.POM.1",,"condition ok","SIRFER Lab at University of Utah","2018-07-05","ElFtGy1kV49xqNP00HfxQA==","POM","1",100,25,100,"d15N",4.02,"perMill","Revesz & Coplen 2012a",,
"5fc69e09-cb62-448a-b7cb-1864d794efb9","D15","REDB","REDB.AOS.S2","2017-04-18","REDB.SS.20170418.POM.1",,"condition ok","SIRFER Lab at University of Utah","2018-07-05","ElFtGy1kV49xqNP00HfxQA==","POM","1",100,25,100,"d13C",-24.16,"perMill","Revesz & Coplen 2012a",,
"d6622a91-dded-4fc0-a7b2-40f81b6d5cbf","D15","REDB","REDB.AOS.S2","2017-04-25","REDB.SS.20170425.POM.1",,"condition ok","SIRFER Lab at University of Utah","2018-07-05","ElFtGy1kV49xqNP00HfxQA==","POM","1",100,25,100,"d13C",-21.12,"perMill","Revesz & Coplen 2012a",,
"ecd19bf2-a6d0-4597-9a03-56fea4b156d7","D15","REDB","REDB.AOS.S2","2017-04-25","REDB.SS.20170425.POM.1",,"condition ok","SIRFER Lab at University of Utah","2018-07-05","ElFtGy1kV49xqNP00HfxQA==","POM","1",100,25,100,"nitrogen",377.36,"microgramsPerLiter","Revesz & Coplen 2012a",,
"8c713993-c69c-4040-8440-979e3a663eae","D15","REDB","REDB.AOS.S2","2017-04-25","REDB.SS.20170425.POM.1",,"condition ok","SIRFER Lab at University of Utah","2018-07-05","ElFtGy1kV49xqNP00HfxQA==","POM","1",100,25,100,"carbon",6522.43,"microgramsPerLiter","Revesz & Coplen 2012a",,
"bbc85fd6-7dc3-4e9d-98fa-33b2f649b087","D15","REDB","REDB.AOS.S2","2017-04-25","REDB.SS.20170425.POM.1",,"condition ok","SIRFER Lab at University of Utah","2018-07-05","ElFtGy1kV49xqNP00HfxQA==","POM","1",100,25,100,"d15N",2.04,"perMill","Revesz & Coplen 2012a",,
