uid,domainID,siteID,namedLocation,collectDate,sampleID,sampleCode,sampleCondition,laboratoryName,analysisDate,analyzedBy,sampleType,replicate,sampleVolumeFiltered,filterSize,percentFilterAnalyzed,analyte,analyteConcentration,plantAlgaeLabUnits,method,externalRemarks,externalLabDataQF
"641a2751-65b4-4073-ae8b-ef9eb25976c9","D11","BLUE","BLUE.AOS.S2","2018-02-07","BLUE.SS.20180207.POM.1",,"condition ok","SIRFER Lab at University of Utah","2018-08-24","ElFtGy1kV49xqNP00HfxQA==","POM","1",600,25,100,"nitrogen",19.94,"microgramsPerLiter","Revesz & Coplen 2012a",,
"f81b394e-1be4-4313-9869-973d594af1db","D11","BLUE","BLUE.AOS.S2","2018-02-07","BLUE.SS.20180207.POM.1",,"condition ok","SIRFER Lab at University of Utah","2018-08-24","ElFtGy1kV49xqNP00HfxQA==","POM","1",600,25,100,"d13C",-27.27,"perMill","Revesz & Coplen 2012a",,
"9de2e111-bc69-498e-82b5-b298a9659faf","D11","BLUE","BLUE.AOS.S2","2018-02-07","BLUE.SS.20180207.POM.1",,"condition ok","SIRFER Lab at University of Utah","2018-08-24","ElFtGy1kV49xqNP00HfxQA==","POM","1",600,25,100,"carbon",170.73,"microgramsPerLiter","Revesz & Coplen 2012a",,
"d3913648-16a1-42c4-9cf0-6525b5c1efe9","D11","BLUE","BLUE.AOS.S2","2018-02-07","BLUE.SS.20180207.POM.1",,"condition ok","SIRFER Lab at University of Utah","2018-08-24","ElFtGy1kV49xqNP00HfxQA==","POM","1",600,25,100,"d15N",5.39,"perMill","Revesz & Coplen 2012a",,
"ab05bd9b-e254-4cf5-9370-8a609bc59d1e","D11","BLUE","BLUE.AOS.S2","2018-02-13","BLUE.SS.20180213.POM.1",,"condition ok","SIRFER Lab at University of Utah","2018-08-24","ElFtGy1kV49xqNP00HfxQA==","POM","1",200,25,100,"nitrogen",26.68,"microgramsPerLiter","Revesz & Coplen 2012a",,
"44e9652f-aef1-449e-b059-cb87e96ec96e","D11","BLUE","BLUE.AOS.S2","2018-02-13","BLUE.SS.20180213.POM.1",,"condition ok","SIRFER Lab at University of Utah","2018-08-24","ElFtGy1kV49xqNP00HfxQA==","POM","1",200,25,100,"carbon",317.52,"microgramsPerLiter","Revesz & Coplen 2012a",,
"af89a76b-bc00-4208-ad3d-6f1fdb00f271","D11","BLUE","BLUE.AOS.S2","2018-02-13","BLUE.SS.20180213.POM.1",,"condition ok","SIRFER Lab at University of Utah","2018-08-24","ElFtGy1kV49xqNP00HfxQA==","POM","1",200,25,100,"d13C",-25.23,"perMill","Revesz & Coplen 2012a",,
"8af7b0ab-78ae-4ec8-b8e6-9c8cf0b1333d","D11","BLUE","BLUE.AOS.S2","2018-02-13","BLUE.SS.20180213.POM.1",,"condition ok","SIRFER Lab at University of Utah","2018-08-24","ElFtGy1kV49xqNP00HfxQA==","POM","1",200,25,100,"d15N",4.73,"perMill","Revesz & Coplen 2012a",,
