uid,domainID,siteID,namedLocation,collectDate,sampleID,sampleCode,sampleCondition,laboratoryName,analysisDate,analyzedBy,sampleType,replicate,sampleVolumeFiltered,filterSize,percentFilterAnalyzed,analyte,analyteConcentration,plantAlgaeLabUnits,method,externalRemarks,externalLabDataQF
"be548d71-5513-4762-8175-9733fb54413b","D16","MART","MART.AOS.S2","2018-07-10","MART.SS.20180710.POM.1","A00000024625","condition ok","SIRFER Lab at University of Utah","2018-09-24","ElFtGy1kV49xqNP00HfxQA==","POM","1",1500,25,100,"d13C",-28.17,"perMill","Revesz & Coplen 2012a",,
"f6d5d042-99b9-4fe6-a727-4701494de37a","D16","MART","MART.AOS.S2","2018-07-10","MART.SS.20180710.POM.1","A00000024625","condition ok","SIRFER Lab at University of Utah","2018-09-24","ElFtGy1kV49xqNP00HfxQA==","POM","1",1500,25,100,"d15N",3.52,"perMill","Revesz & Coplen 2012a",,
"752ef1a2-784c-41df-97cb-2c086023457e","D16","MART","MART.AOS.S2","2018-07-10","MART.SS.20180710.POM.1","A00000024625","condition ok","SIRFER Lab at University of Utah","2018-09-24","ElFtGy1kV49xqNP00HfxQA==","POM","1",1500,25,100,"carbon",161.04,"microgramsPerLiter","Revesz & Coplen 2012a",,
"7004d329-3b68-4712-a7fe-196dcf2349c1","D16","MART","MART.AOS.S2","2018-07-10","MART.SS.20180710.POM.1","A00000024625","condition ok","SIRFER Lab at University of Utah","2018-09-24","ElFtGy1kV49xqNP00HfxQA==","POM","1",1500,25,100,"nitrogen",12.82,"microgramsPerLiter","Revesz & Coplen 2012a",,
