uid,domainID,siteID,namedLocation,decimalLatitude,decimalLongitude,coordinateUncertainty,additionalCoordUncertainty,elevation,elevationUncertainty,geodeticDatum,altLocation,altLatitude,altLongitude,altCoordinateUncertainty,altGeodeticDatum,collectDate,aquaticSiteType,samplingImpractical,parentSampleID,parentSampleCode,eventID,samplerType,dissolvedOxygen,dissolvedOxygenSaturation,specificConductance,waterTemp,asiSamplingProtocolVersion,lowerSegmentDepth,upperSegmentDepth,maxDepth,lakeSampleDepth1,lakeSampleDepth2,aCollectedBy,bCollectedBy,remarks,fieldDataQF
"ddc1c2e3-1894-4592-98b4-e957beedc990","D19","CARI","CARI.AOS.S2",65.153073,-147.501999,0.1,10.0,225.4,0.0,"WGS84",,,,,,"2019-09-04T23:30Z","stream",,"CARI.SS.20190904",,"CARI.20190904","Grab",13.40,108.00,78.90,5.00,"NEON.DOC.001886vF",,,,,,"0000-0003-1651-3911","0000-0003-1651-3911",,
"b309ae37-45fe-433a-b4f3-a60627d88228","D19","CARI","CARI.AOS.S2",65.153073,-147.501999,0.1,10.0,225.4,0.0,"WGS84",,,,,,"2019-09-10T18:36Z","stream",,"CARI.SS.20190910",,"CARI.20190910","Grab",13.60,104.00,81.70,3.30,"NEON.DOC.001886vF",,,,,,"0000-0002-1118-0428","0000-0002-2848-7952","H2O sample processed 20190912 with 20190910 water",
"e8019d1c-e6a0-4ab6-b535-12538efc7fc9","D19","CARI","CARI.AOS.S2",65.153073,-147.501999,0.1,10.0,225.4,0.0,"WGS84",,,,,,"2019-09-18T19:32Z","stream",,"CARI.SS.20190918",,"CARI.20190918","Grab",12.50,96.00,85.50,2.30,"NEON.DOC.001886vF",,,,,,"0000-0002-1118-0428","0000-0002-8335-145X",,
"dc0eba3e-3337-4654-b5a5-682e101d60f2","D19","CARI","CARI.AOS.S2",65.153073,-147.501999,0.1,10.0,225.4,0.0,"WGS84",,,,,,"2019-09-25T21:11Z","stream",,"CARI.SS.20190925",,"CARI.20190925","Grab",14.30,106.00,86.30,2.20,"NEON.DOC.001886vF",,,,,,"0000-0002-1118-0428","0000-0002-8470-9898",,
