uid,domainID,siteID,namedLocation,collectDate,parentSampleID,parentSampleCode,isotopeH2OSampleCond,isotopeH2OSampleID,isotopeH2OSampleCode,isotopePOMRep2SampleCond,isotopePOMRep2SampleID,isotopePOMRep2SampleCode,isotopePOMSampleCond,isotopePOMSampleID,isotopePOMSampleCode,processedDateFilters,processedDateH2OIsotopes,sampleVolumeFilteredPOMRep1,sampleVolumeFilteredPOMRep2,fieldDataQF
"18eb2af6-2a1b-4103-a343-412b100a22c1","D19","CARI","CARI.AOS.S2","2019-09-04T23:30Z","CARI.SS.20190904",,"Sample condition ok","CARI.SS.20190904.H2O.1","A00000100493","Sample condition ok","CARI.SS.20190904.POM.2","A00000100495","Sample condition ok","CARI.SS.20190904.POM.1","A00000100496","2019-09-05T02:11Z","2019-09-05T02:12Z",750,750,
"9df8291e-0512-465a-9bc8-01672f8605f2","D19","CARI","CARI.AOS.S2","2019-09-10T18:36Z","CARI.SS.20190910",,"Sample condition ok","CARI.SS.20190910.H2O.1","A00000100524","Sample condition ok","CARI.SS.20190910.POM.2","A00000100574","Sample condition ok","CARI.SS.20190910.POM.1","A00000100573","2019-09-10T22:07Z","2019-09-12T20:00Z",750,750,
"9f1a2d25-85c1-4cb9-bc0a-3539ee45a43f","D19","CARI","CARI.AOS.S2","2019-09-18T19:32Z","CARI.SS.20190918",,"Sample condition ok","CARI.SS.20190918.H2O.1","A00000100541","Sample condition ok","CARI.SS.20190918.POM.2","A00000100526","Sample condition ok","CARI.SS.20190918.POM.1","A00000100525","2019-09-18T23:22Z","2019-09-18T21:53Z",750,750,
"d8fabeb6-2496-452b-a611-e30768977a8d","D19","CARI","CARI.AOS.S2","2019-09-25T21:11Z","CARI.SS.20190925",,"Sample condition ok","CARI.SS.20190925.H2O.1","A00000100529","Sample condition ok","CARI.SS.20190925.POM.2","A00000100543","Sample condition ok","CARI.SS.20190925.POM.1","A00000100544","2019-09-26T00:06Z","2019-09-26T00:08Z",750,750,
