uid,domainID,siteID,namedLocation,collectDate,sampleID,sampleCode,sampleCondition,laboratoryName,analysisDate,analyzedBy,sampleType,replicate,sampleVolumeFiltered,filterSize,percentFilterAnalyzed,analyte,analyteConcentration,plantAlgaeLabUnits,method,externalRemarks,externalLabDataQF
"5bea4508-d04e-487a-8665-8f5e03239fcf","D04","CUPE","CUPE.AOS.S2","2017-11-07","CUPE.SS.20171107.POM.1",,"condition ok","SIRFER Lab at University of Utah","2018-08-10","ElFtGy1kV49xqNP00HfxQA==","POM","1",2250,25,100,"d15N",-0.70,"perMill","Revesz & Coplen 2012a",,
"dba8a78b-9ebb-4200-b9eb-4145005e5ee8","D04","CUPE","CUPE.AOS.S2","2017-11-07","CUPE.SS.20171107.POM.1",,"condition ok","SIRFER Lab at University of Utah","2018-08-10","ElFtGy1kV49xqNP00HfxQA==","POM","1",2250,25,100,"d13C",-27.14,"perMill","Revesz & Coplen 2012a",,
"8acf688c-d639-4336-8feb-32bb5ce68fb0","D04","CUPE","CUPE.AOS.S2","2017-11-07","CUPE.SS.20171107.POM.1",,"condition ok","SIRFER Lab at University of Utah","2018-08-10","ElFtGy1kV49xqNP00HfxQA==","POM","1",2250,25,100,"carbon",35.53,"microgramsPerLiter","Revesz & Coplen 2012a",,
"01fa15f6-6cb4-48cc-b8fe-2d5a197d9819","D04","CUPE","CUPE.AOS.S2","2017-11-07","CUPE.SS.20171107.POM.1",,"condition ok","SIRFER Lab at University of Utah","2018-08-10","ElFtGy1kV49xqNP00HfxQA==","POM","1",2250,25,100,"nitrogen",3.12,"microgramsPerLiter","Revesz & Coplen 2012a",,
"d0b95797-b1f2-418b-999c-5dbd30c7baba","D04","CUPE","CUPE.AOS.S2","2017-11-14","CUPE.SS.20171114.POM.1",,"condition ok","SIRFER Lab at University of Utah","2018-08-10","ElFtGy1kV49xqNP00HfxQA==","POM","1",2000,25,100,"carbon",52.67,"microgramsPerLiter","Revesz & Coplen 2012a",,
"f185624c-01b7-4b73-90f6-5898c3780eea","D04","CUPE","CUPE.AOS.S2","2017-11-14","CUPE.SS.20171114.POM.1",,"condition ok","SIRFER Lab at University of Utah","2018-08-10","ElFtGy1kV49xqNP00HfxQA==","POM","1",2000,25,100,"d15N",-1.25,"perMill","Revesz & Coplen 2012a",,
"17a23fe5-6d94-4c38-adca-d873b4ca3716","D04","CUPE","CUPE.AOS.S2","2017-11-14","CUPE.SS.20171114.POM.1",,"condition ok","SIRFER Lab at University of Utah","2018-08-10","ElFtGy1kV49xqNP00HfxQA==","POM","1",2000,25,100,"nitrogen",4.55,"microgramsPerLiter","Revesz & Coplen 2012a",,
"b01d558d-d7ca-400e-ac3e-c0d4ff13ed8c","D04","CUPE","CUPE.AOS.S2","2017-11-14","CUPE.SS.20171114.POM.1",,"condition ok","SIRFER Lab at University of Utah","2018-08-10","ElFtGy1kV49xqNP00HfxQA==","POM","1",2000,25,100,"d13C",-28.07,"perMill","Revesz & Coplen 2012a",,
"a6c66096-2270-4e8c-8c71-2494f8d03a29","D04","CUPE","CUPE.AOS.S2","2017-11-29","CUPE.SS.20171129.POM.1",,"condition ok","SIRFER Lab at University of Utah","2018-08-10","ElFtGy1kV49xqNP00HfxQA==","POM","1",2000,25,100,"d13C",-27.86,"perMill","Revesz & Coplen 2012a",,
"c80d51f6-b0d7-4adc-889d-b9aea6bd84e2","D04","CUPE","CUPE.AOS.S2","2017-11-29","CUPE.SS.20171129.POM.1",,"condition ok","SIRFER Lab at University of Utah","2018-08-10","ElFtGy1kV49xqNP00HfxQA==","POM","1",2000,25,100,"carbon",45.00,"microgramsPerLiter","Revesz & Coplen 2012a",,
"dc3622c4-f7e5-47a1-beee-4f579c7d7de0","D04","CUPE","CUPE.AOS.S2","2017-11-29","CUPE.SS.20171129.POM.1",,"condition ok","SIRFER Lab at University of Utah","2018-08-10","ElFtGy1kV49xqNP00HfxQA==","POM","1",2000,25,100,"nitrogen",4.21,"microgramsPerLiter","Revesz & Coplen 2012a",,
"9f62aad1-0ac2-49bf-a6da-9e315560345b","D04","CUPE","CUPE.AOS.S2","2017-11-29","CUPE.SS.20171129.POM.1",,"condition ok","SIRFER Lab at University of Utah","2018-08-10","ElFtGy1kV49xqNP00HfxQA==","POM","1",2000,25,100,"d15N",-0.60,"perMill","Revesz & Coplen 2012a",,
