uid,domainID,siteID,namedLocation,collectDate,sampleID,sampleCode,sampleCondition,laboratoryName,analysisDate,analyzedBy,sampleType,replicate,sampleVolumeFiltered,filterSize,percentFilterAnalyzed,analyte,analyteConcentration,plantAlgaeLabUnits,method,externalRemarks,externalLabDataQF
"ac780111-0e10-4f25-8c6c-40703ff93de7","D06","KING","KING.AOS.S2","2016-11-01","KING.SS.20161101.POM.1",,"condition ok","SIRFER Lab at University of Utah","2018-09-24","ElFtGy1kV49xqNP00HfxQA==","POM","1",750,25,100,"nitrogen",13.84,"microgramsPerLiter","Revesz & Coplen 2012a",,
"0ab9ddc8-c3b6-4336-bb05-4acf29508998","D06","KING","KING.AOS.S2","2016-11-01","KING.SS.20161101.POM.1",,"condition ok","SIRFER Lab at University of Utah","2018-09-24","ElFtGy1kV49xqNP00HfxQA==","POM","1",750,25,100,"carbon",106.89,"microgramsPerLiter","Revesz & Coplen 2012a",,
"d78b2ebd-a42a-486d-b733-f0f0437d873c","D06","KING","KING.AOS.S2","2016-11-01","KING.SS.20161101.POM.1",,"condition ok","SIRFER Lab at University of Utah","2018-09-24","ElFtGy1kV49xqNP00HfxQA==","POM","1",750,25,100,"d15N",6.37,"perMill","Revesz & Coplen 2012a",,
"3feff6ce-74e2-46c8-9bd7-c65e15827aa3","D06","KING","KING.AOS.S2","2016-11-01","KING.SS.20161101.POM.1",,"condition ok","SIRFER Lab at University of Utah","2018-09-24","ElFtGy1kV49xqNP00HfxQA==","POM","1",750,25,100,"d13C",-24.35,"perMill","Revesz & Coplen 2012a",,
