uid,domainID,siteID,namedLocation,collectDate,sampleID,sampleCode,sampleCondition,laboratoryName,analysisDate,analyzedBy,sampleType,replicate,sampleVolumeFiltered,filterSize,percentFilterAnalyzed,analyte,analyteConcentration,plantAlgaeLabUnits,method,externalRemarks,externalLabDataQF
"881bb949-86e8-4dbb-9282-db3caf3b83a1","D07","LECO","LECO.AOS.S2","2019-04-08","LECO.SS.20190408.POM.1","A00000045155","condition ok","SIRFER Lab at University of Utah","2019-08-12","ElFtGy1kV49xqNP00HfxQA==","POM","1",1000,25,100,"carbon",729.16,"microgramsPerLiter","Revesz & Coplen 2012a",,
"c2ee3847-5e41-400b-bb60-d35170501d4f","D07","LECO","LECO.AOS.S2","2019-04-08","LECO.SS.20190408.POM.1","A00000045155","condition ok","SIRFER Lab at University of Utah","2019-08-12","ElFtGy1kV49xqNP00HfxQA==","POM","1",1000,25,100,"d15N",2.36,"perMill","Revesz & Coplen 2012a",,
"5cb84971-a23a-4cf0-8674-65d3065ff6f2","D07","LECO","LECO.AOS.S2","2019-04-08","LECO.SS.20190408.POM.1","A00000045155","condition ok","SIRFER Lab at University of Utah","2019-08-12","ElFtGy1kV49xqNP00HfxQA==","POM","1",1000,25,100,"d13C",-26.85,"perMill","Revesz & Coplen 2012a",,
"4493149d-b26d-4a67-a13a-74ef12ed1d13","D07","LECO","LECO.AOS.S2","2019-04-08","LECO.SS.20190408.POM.1","A00000045155","condition ok","SIRFER Lab at University of Utah","2019-08-12","ElFtGy1kV49xqNP00HfxQA==","POM","1",1000,25,100,"nitrogen",49.55,"microgramsPerLiter","Revesz & Coplen 2012a",,
