uid,domainID,siteID,namedLocation,collectDate,sampleID,sampleCode,sampleCondition,laboratoryName,analysisDate,analyzedBy,sampleType,replicate,sampleVolumeFiltered,filterSize,percentFilterAnalyzed,analyte,analyteConcentration,plantAlgaeLabUnits,method,externalRemarks,externalLabDataQF
"3ac4a028-c398-44bb-8477-78e0e1ae4eb2","D04","GUIL","GUIL.AOS.S2","2016-03-01","GUIL.SS.20160301.POM.2",,"condition ok","Academy of Natural Sciences of Drexel University","2017-01-24","OKgcKejxXbI=","13C15N","2",,,100,"d13C",-25.82,"perMill",,,
"17e4d813-d81a-451e-9f84-340515b9165c","D04","GUIL","GUIL.AOS.S2","2016-03-01","GUIL.SS.20160301.POM.1",,"condition ok","Academy of Natural Sciences of Drexel University","2017-02-13","OKgcKejxXbI=","13C15N","1",,,100,"d13C",-25.99,"perMill",,,
"5304b3a8-5b72-45ea-97fc-5c279c4843e2","D04","GUIL","GUIL.AOS.S2","2016-03-01","GUIL.SS.20160301.POM.2",,"condition ok","Academy of Natural Sciences of Drexel University","2017-01-24","OKgcKejxXbI=","13C15N","2",,,100,"d15N",3.59,"perMill",,,
"40322e45-c624-422b-9c99-081e9ce4766b","D04","GUIL","GUIL.AOS.S2","2016-03-01","GUIL.SS.20160301.POM.1",,"condition ok","Academy of Natural Sciences of Drexel University","2017-02-13","OKgcKejxXbI=","13C15N","1",,,100,"d15N",4.37,"perMill",,,
"17f4e1e5-5640-4a65-97f9-4b78f0f67e09","D04","GUIL","GUIL.AOS.S2","2016-03-15","GUIL.SS.20160315.POM.2",,"condition ok","Academy of Natural Sciences of Drexel University","2017-01-24","OKgcKejxXbI=","13C15N","2",,,100,"d13C",-26.10,"perMill",,,
"ee8fa5be-8623-480d-9016-bbb790f4babc","D04","GUIL","GUIL.AOS.S2","2016-03-15","GUIL.SS.20160315.POM.2",,"condition ok","Academy of Natural Sciences of Drexel University","2017-01-24","OKgcKejxXbI=","13C15N","2",,,100,"d15N",3.09,"perMill",,,
"4e7469ba-22b4-4772-864c-6a7bbf2dd2dd","D04","GUIL","GUIL.AOS.S2","2016-03-15","GUIL.SS.20160315.POM.1",,"condition ok","Academy of Natural Sciences of Drexel University","2017-02-13","OKgcKejxXbI=","13C15N","1",,,100,"d13C",-27.30,"perMill",,,
"71e6de4b-c792-457e-b1ee-859c2d784c35","D04","GUIL","GUIL.AOS.S2","2016-03-15","GUIL.SS.20160315.POM.1",,"condition ok","Academy of Natural Sciences of Drexel University","2017-02-13","OKgcKejxXbI=","13C15N","1",,,100,"d15N",4.63,"perMill",,,
"e106eae4-651d-4fc9-9e2f-b78df6cc1017","D04","GUIL","GUIL.AOS.S2","2016-03-23","GUIL.SS.20160323.POM.1",,"condition ok","Academy of Natural Sciences of Drexel University","2017-02-13","OKgcKejxXbI=","13C15N","1",,,100,"d15N",2.74,"perMill",,,
"0dcf8982-a392-49a1-a2d3-59eb6352bd8f","D04","GUIL","GUIL.AOS.S2","2016-03-23","GUIL.SS.20160323.POM.2",,"condition ok","Academy of Natural Sciences of Drexel University","2017-01-24","OKgcKejxXbI=","13C15N","2",,,100,"d13C",-25.97,"perMill",,,
"94733238-87c5-48b7-984d-40db3965c5d8","D04","GUIL","GUIL.AOS.S2","2016-03-23","GUIL.SS.20160323.POM.2",,"condition ok","Academy of Natural Sciences of Drexel University","2017-01-24","OKgcKejxXbI=","13C15N","2",,,100,"d15N",2.87,"perMill",,,
"efe77b09-c3a9-4ffa-a1e0-3a1ba59a25f0","D04","GUIL","GUIL.AOS.S2","2016-03-23","GUIL.SS.20160323.POM.1",,"condition ok","Academy of Natural Sciences of Drexel University","2017-02-13","OKgcKejxXbI=","13C15N","1",,,100,"d13C",-25.83,"perMill",,,
