uid,domainID,siteID,namedLocation,collectDate,sampleID,sampleCode,sampleCondition,laboratoryName,analysisDate,analyzedBy,sampleType,replicate,sampleVolumeFiltered,filterSize,percentFilterAnalyzed,analyte,analyteConcentration,plantAlgaeLabUnits,method,externalRemarks,externalLabDataQF
"95b64b60-230b-47f4-b41c-2a5518d1d286","D09","PRLA","PRLA.AOS.inlet","2016-07-08","PRLA.IN.20160708.POM.1",,"condition ok","Academy of Natural Sciences of Drexel University","2017-01-24","OKgcKejxXbI=","13C15N","1",,,100,"d15N",8.75,"perMill",,,
"8717b180-e379-4558-bfbe-76c5c939fc23","D09","PRLA","PRLA.AOS.inlet","2016-07-08","PRLA.IN.20160708.POM.2",,"other","Academy of Natural Sciences of Drexel University","2017-02-15","OKgcKejxXbI=","13C15N","2",,,100,"d15N",,"perMill",,"sample lost during analysis",
"806bfc6c-5dab-4b5c-86bf-aed6031ad5cf","D09","PRLA","PRLA.AOS.inlet","2016-07-08","PRLA.IN.20160708.POM.2",,"other","Academy of Natural Sciences of Drexel University","2017-02-15","OKgcKejxXbI=","13C15N","2",,,100,"d13C",,"perMill",,"sample lost during analysis",
"76eeddb9-a72b-4fac-ab13-b1a299844ae0","D09","PRLA","PRLA.AOS.inlet","2016-07-08","PRLA.IN.20160708.POM.1",,"condition ok","Academy of Natural Sciences of Drexel University","2017-01-24","OKgcKejxXbI=","13C15N","1",,,100,"d13C",-26.77,"perMill",,,
"efd4326b-6f04-41c3-8723-bc31c413db44","D09","PRLA","PRLA.AOS.buoy.c0","2016-07-08","PRLA.C0.20160708.POM.2",,"other","Academy of Natural Sciences of Drexel University","2017-02-15","OKgcKejxXbI=","13C15N","2",,,100,"d13C",,"perMill",,"sample lost during analysis",
"23d1da3d-85e6-40e5-89de-8a5837c43be6","D09","PRLA","PRLA.AOS.buoy.c0","2016-07-08","PRLA.C0.20160708.POM.1",,"condition ok","Academy of Natural Sciences of Drexel University","2017-01-24","OKgcKejxXbI=","13C15N","1",,,100,"d13C",-27.12,"perMill",,,
"ca02e24c-97f8-4002-8d59-81eddbfd60ab","D09","PRLA","PRLA.AOS.buoy.c0","2016-07-08","PRLA.C0.20160708.POM.2",,"other","Academy of Natural Sciences of Drexel University","2017-02-15","OKgcKejxXbI=","13C15N","2",,,100,"d15N",,"perMill",,"sample lost during analysis",
"a5d64bdc-1eb8-4324-adab-4becd7437276","D09","PRLA","PRLA.AOS.buoy.c0","2016-07-08","PRLA.C0.20160708.POM.1",,"condition ok","Academy of Natural Sciences of Drexel University","2017-01-24","OKgcKejxXbI=","13C15N","1",,,100,"d15N",7.18,"perMill",,,
"5cac5613-346f-4f5e-ba22-04f373c96527","D09","PRLA","PRLA.AOS.outlet","2016-07-08","PRLA.OT.20160708.POM.1",,"condition ok","Academy of Natural Sciences of Drexel University","2017-01-24","OKgcKejxXbI=","13C15N","1",,,100,"d13C",-28.10,"perMill",,,
"9cf2beb4-181d-47f4-80c0-bfb07392855b","D09","PRLA","PRLA.AOS.outlet","2016-07-08","PRLA.OT.20160708.POM.1",,"condition ok","Academy of Natural Sciences of Drexel University","2017-01-24","OKgcKejxXbI=","13C15N","1",,,100,"d15N",6.57,"perMill",,,
"04ce5d56-e0eb-4fdd-83a7-327c90f0a972","D09","PRLA","PRLA.AOS.outlet","2016-07-08","PRLA.OT.20160708.POM.2",,"other","Academy of Natural Sciences of Drexel University","2017-02-15","OKgcKejxXbI=","13C15N","2",,,100,"d13C",,"perMill",,"sample lost during analysis",
"99893021-b8ae-45a4-9ee5-f64e6acb74a0","D09","PRLA","PRLA.AOS.outlet","2016-07-08","PRLA.OT.20160708.POM.2",,"other","Academy of Natural Sciences of Drexel University","2017-02-15","OKgcKejxXbI=","13C15N","2",,,100,"d15N",,"perMill",,"sample lost during analysis",
