uid,domainID,siteID,namedLocation,decimalLatitude,decimalLongitude,coordinateUncertainty,additionalCoordUncertainty,elevation,elevationUncertainty,geodeticDatum,altLocation,altLatitude,altLongitude,altCoordinateUncertainty,altGeodeticDatum,collectDate,aquaticSiteType,samplingImpractical,parentSampleID,parentSampleCode,eventID,samplerType,dissolvedOxygen,dissolvedOxygenSaturation,specificConductance,waterTemp,asiSamplingProtocolVersion,lowerSegmentDepth,upperSegmentDepth,maxDepth,lakeSampleDepth1,lakeSampleDepth2,aCollectedBy,bCollectedBy,remarks,fieldDataQF
"dc5ce5b9-ebbc-48fd-84f8-d758309228da","D18","OKSR","OKSR.AOS.S2",68.669659,-149.143501,0.1,10.0,767.4,0.0,"WGS84",,,,,,"2019-07-09T18:26Z","stream",,"OKSR.SS.20190709",,"OKSR.20190709","Grab",8.51,85.10,55.60,15.50,"NEON.DOC.001886vF",,,,,,"0000-0002-7527-2938","0000-0002-2586-6287",,
"e3f69b87-f5e5-43aa-85fd-ec6aa7173f67","D18","OKSR","OKSR.AOS.S2",68.669659,-149.143501,0.1,10.0,767.4,0.0,"WGS84",,,,,,"2019-07-16T18:43Z","stream",,"OKSR.SS.20190716",,"OKSR.20190716","Grab",9.44,92.20,59.70,14.20,"NEON.DOC.001886vF",,,,,,"0000-0002-4562-0954","0000-0001-7459-8496",,
"d7ee7c11-73e2-490c-95b3-131b1405d190","D18","OKSR","OKSR.AOS.S2",68.669659,-149.143501,0.1,10.0,767.4,0.0,"WGS84",,,,,,"2019-07-23T18:08Z","stream",,"OKSR.SS.20190723",,"OKSR.20190723","Grab",10.19,98.40,46.70,13.80,"NEON.DOC.001886vF",,,,,,"0000-0001-5131-1181","0000-0003-0373-3632",,
"52640a16-4903-4461-a898-81ef4138a296","D18","OKSR","OKSR.AOS.S2",68.669659,-149.143501,0.1,10.0,767.4,0.0,"WGS84",,,,,,"2019-07-30T18:42Z","stream",,"OKSR.SS.20190730",,"OKSR.20190730","Grab",13.00,116.80,47.70,10.60,"NEON.DOC.001886vF",,,,,,"0000-0001-5131-1181",,,
