uid,domainID,siteID,namedLocation,collectDate,sampleID,sampleCode,sampleCondition,laboratoryName,analysisDate,analyzedBy,sampleType,replicate,sampleVolumeFiltered,filterSize,percentFilterAnalyzed,analyte,analyteConcentration,plantAlgaeLabUnits,method,externalRemarks,externalLabDataQF
"edde3264-3b32-473e-8064-9682b03282d9","D18","OKSR","OKSR.AOS.S2","2019-07-09","OKSR.SS.20190709.POM.1","A00000098981","condition ok","SIRFER Lab at University of Utah","2019-11-01","ElFtGy1kV49xqNP00HfxQA==","POM","1",750,25,100,"carbon",113.34,"microgramsPerLiter","Revesz & Coplen 2012a",,
"8536c2a8-358e-4349-b82c-9ee794e97648","D18","OKSR","OKSR.AOS.S2","2019-07-09","OKSR.SS.20190709.POM.1","A00000098981","condition ok","SIRFER Lab at University of Utah","2019-11-01","ElFtGy1kV49xqNP00HfxQA==","POM","1",750,25,100,"d13C",-27.81,"perMill","Revesz & Coplen 2012a",,
"55aa69ce-4bde-4539-a260-b1b1258ae2f1","D18","OKSR","OKSR.AOS.S2","2019-07-09","OKSR.SS.20190709.POM.1","A00000098981","condition ok","SIRFER Lab at University of Utah","2019-11-01","ElFtGy1kV49xqNP00HfxQA==","POM","1",750,25,100,"nitrogen",10.66,"microgramsPerLiter","Revesz & Coplen 2012a",,
"47ee5e8d-761a-4b9e-b488-846b15f4b046","D18","OKSR","OKSR.AOS.S2","2019-07-09","OKSR.SS.20190709.POM.1","A00000098981","condition ok","SIRFER Lab at University of Utah","2019-11-01","ElFtGy1kV49xqNP00HfxQA==","POM","1",750,25,100,"d15N",4.39,"perMill","Revesz & Coplen 2012a",,
