uid,domainID,siteID,namedLocation,collectDate,parentSampleID,parentSampleCode,isotopeH2OSampleCond,isotopeH2OSampleID,isotopeH2OSampleCode,isotopePOMRep2SampleCond,isotopePOMRep2SampleID,isotopePOMRep2SampleCode,isotopePOMSampleCond,isotopePOMSampleID,isotopePOMSampleCode,processedDateFilters,processedDateH2OIsotopes,sampleVolumeFilteredPOMRep1,sampleVolumeFilteredPOMRep2,fieldDataQF
"93500762-8c1f-4729-8a16-e3b66af98ba7","D18","OKSR","OKSR.AOS.S2","2019-07-09T18:26Z","OKSR.SS.20190709",,"Sample condition ok","OKSR.SS.20190709.H2O.1","A00000098979","Sample condition ok","OKSR.SS.20190709.POM.2","A00000098982","Sample condition ok","OKSR.SS.20190709.POM.1","A00000098981","2019-07-09T21:30Z","2019-07-09T21:30Z",750,750,
"8c253e08-c84f-4a02-a0d8-d753482537e6","D18","OKSR","OKSR.AOS.S2","2019-07-16T18:43Z","OKSR.SS.20190716",,"Sample condition ok","OKSR.SS.20190716.H2O.1","A00000099468","Sample condition ok","OKSR.SS.20190716.POM.2","A00000099470","Sample condition ok","OKSR.SS.20190716.POM.1","A00000099471","2019-07-16T22:16Z","2019-07-16T22:16Z",750,750,
"66eb26d4-9826-4fde-a71f-556ba3446389","D18","OKSR","OKSR.AOS.S2","2019-07-23T18:08Z","OKSR.SS.20190723",,"Sample condition ok","OKSR.SS.20190723.H2O.1","A00000099566","Sample condition ok","OKSR.SS.20190723.POM.2","A00000099547","Sample condition ok","OKSR.SS.20190723.POM.1","A00000099546","2019-07-23T22:00Z","2019-07-23T22:00Z",750,750,
"1753b29f-d44e-4afb-8c28-6856e010ceed","D18","OKSR","OKSR.AOS.S2","2019-07-30T18:42Z","OKSR.SS.20190730",,"Sample condition ok","OKSR.SS.20190730.H2O.1","A00000099560","Sample condition ok","OKSR.SS.20190730.POM.2","A00000099561","Sample condition ok","OKSR.SS.20190730.POM.1","A00000099562","2019-07-30T21:00Z","2019-07-30T21:00Z",750,750,
