uid,domainID,siteID,namedLocation,collectDate,analysisDate,isotopeH2OSampleID,isotopeH2OSampleCode,instrumentSN,d18OWater,d2HWater,d18OsdWater,d2HsdWater,isotopeH2OExternalLabQF,laboratoryName,analyzedBy,sampleCondition,externalRemarks,externalLabDataQF
"d970e568-3154-4436-8213-12964059077a","D18","OKSR","OKSR.AOS.S2","2019-07-09","2019-09-19","OKSR.SS.20190709.H2O.1","A00000098979","HIDS2052",-18.81,-148.65,0.06,0.37,0,"SIRFER Lab at University of Utah","OlSmE6RRn5QQH8tvUHmK5i/poYiQr6sd","OK",,
"4ab18ab5-024b-4aa4-8e62-b8b4f240763a","D18","OKSR","OKSR.AOS.S2","2019-07-16","2019-09-19","OKSR.SS.20190716.H2O.1","A00000099468","HIDS2052",-18.81,-149.04,0.03,0.09,0,"SIRFER Lab at University of Utah","OlSmE6RRn5QQH8tvUHmK5i/poYiQr6sd","OK",,
"a2a596ab-403e-43e1-b63e-5d2d4f0a846b","D18","OKSR","OKSR.AOS.S2","2019-07-23","2019-09-19","OKSR.SS.20190723.H2O.1","A00000099566","HIDS2052",-18.50,-144.00,0.04,0.19,0,"SIRFER Lab at University of Utah","OlSmE6RRn5QQH8tvUHmK5i/poYiQr6sd","OK",,
"d38faecf-1548-4432-957c-f783c70bb25f","D18","OKSR","OKSR.AOS.S2","2019-07-30","2019-09-19","OKSR.SS.20190730.H2O.1","A00000099560","HIDS2052",-18.63,-145.05,0.03,0.14,0,"SIRFER Lab at University of Utah","OlSmE6RRn5QQH8tvUHmK5i/poYiQr6sd","OK",,
