uid,domainID,siteID,namedLocation,collectDate,sampleID,sampleCode,sampleCondition,laboratoryName,analysisDate,analyzedBy,sampleType,replicate,sampleVolumeFiltered,filterSize,percentFilterAnalyzed,analyte,analyteConcentration,plantAlgaeLabUnits,method,externalRemarks,externalLabDataQF
"613732da-69cd-4f63-aea3-8e2d5ff56cc9","D09","PRPO","PRPO.AOS.buoy.c0","2018-09-04","PRPO.C0.20180904.POM.1","A00000017060","condition ok","SIRFER Lab at University of Utah","2019-01-09","ElFtGy1kV49xqNP00HfxQA==","POM","1",30,25,100,"d13C",,"perMill","Revesz & Coplen 2012a",,
"3c0f1af2-3314-424d-b926-3f25ba92afc0","D09","PRPO","PRPO.AOS.buoy.c0","2018-09-04","PRPO.C0.20180904.POM.1","A00000017060","condition ok","SIRFER Lab at University of Utah","2019-01-09","ElFtGy1kV49xqNP00HfxQA==","POM","1",30,25,100,"d15N",,"perMill","Revesz & Coplen 2012a",,
"44b45464-0dcf-4eea-94de-b3cc2f1b050b","D09","PRPO","PRPO.AOS.buoy.c0","2018-09-04","PRPO.C0.20180904.POM.1","A00000017060","condition ok","SIRFER Lab at University of Utah","2019-01-09","ElFtGy1kV49xqNP00HfxQA==","POM","1",30,25,100,"carbon",,"microgramsPerLiter","Revesz & Coplen 2012a",,
"8d41f000-1d9d-4871-8d62-972aa3b7eb6c","D09","PRPO","PRPO.AOS.buoy.c0","2018-09-04","PRPO.C0.20180904.POM.1","A00000017060","condition ok","SIRFER Lab at University of Utah","2019-01-09","ElFtGy1kV49xqNP00HfxQA==","POM","1",30,25,100,"nitrogen",,"microgramsPerLiter","Revesz & Coplen 2012a",,
