uid,domainID,siteID,namedLocation,collectDate,sampleID,sampleCode,sampleCondition,laboratoryName,analysisDate,analyzedBy,sampleType,replicate,sampleVolumeFiltered,filterSize,percentFilterAnalyzed,analyte,analyteConcentration,plantAlgaeLabUnits,method,externalRemarks,externalLabDataQF
"6da1e295-2820-4744-a97e-b96d780290bf","D14","SYCA","SYCA.AOS.reach","2018-08-07","SYCA.RE.20180807.POM.1","A00000022195","condition ok","SIRFER Lab at University of Utah","2018-09-24","ElFtGy1kV49xqNP00HfxQA==","POM","1",20,25,100,"d15N",4.97,"perMill","Revesz & Coplen 2012a",,
"086f6837-e481-4e30-a212-bedfa0625fd0","D14","SYCA","SYCA.AOS.reach","2018-08-07","SYCA.RE.20180807.POM.1","A00000022195","condition ok","SIRFER Lab at University of Utah","2018-09-24","ElFtGy1kV49xqNP00HfxQA==","POM","1",20,25,100,"nitrogen",531.05,"microgramsPerLiter","Revesz & Coplen 2012a",,
"ada5a32a-a8d0-4e72-b714-8193d62f1b6b","D14","SYCA","SYCA.AOS.reach","2018-08-07","SYCA.RE.20180807.POM.1","A00000022195","condition ok","SIRFER Lab at University of Utah","2018-09-24","ElFtGy1kV49xqNP00HfxQA==","POM","1",20,25,100,"carbon",4024.77,"microgramsPerLiter","Revesz & Coplen 2012a",,
"1a3fa749-cd25-42df-bad5-23aba3990bc8","D14","SYCA","SYCA.AOS.reach","2018-08-07","SYCA.RE.20180807.POM.1","A00000022195","condition ok","SIRFER Lab at University of Utah","2018-09-24","ElFtGy1kV49xqNP00HfxQA==","POM","1",20,25,100,"d13C",-24.22,"perMill","Revesz & Coplen 2012a",,
"8170a0f2-ca6b-4d12-a39a-17eef3c8ed44","D14","SYCA","SYCA.AOS.S2","2018-08-14","SYCA.SS.20180814.POM.1","A00000022554","condition ok","SIRFER Lab at University of Utah","2018-12-13","ElFtGy1kV49xqNP00HfxQA==","POM","1",80,25,100,"carbon",2464.89,"microgramsPerLiter","Revesz & Coplen 2012a",,
"addb9529-1a03-428b-afe9-c2cd20d30863","D14","SYCA","SYCA.AOS.S2","2018-08-14","SYCA.SS.20180814.POM.1","A00000022554","condition ok","SIRFER Lab at University of Utah","2018-12-13","ElFtGy1kV49xqNP00HfxQA==","POM","1",80,25,100,"nitrogen",463.82,"microgramsPerLiter","Revesz & Coplen 2012a",,
"8c18a3b2-01fe-4add-8079-5e06ad089c0e","D14","SYCA","SYCA.AOS.S2","2018-08-14","SYCA.SS.20180814.POM.1","A00000022554","condition ok","SIRFER Lab at University of Utah","2018-12-13","ElFtGy1kV49xqNP00HfxQA==","POM","1",80,25,100,"d15N",7.84,"perMill","Revesz & Coplen 2012a",,
"153b431c-a930-4dc9-a8d1-533e0799a66f","D14","SYCA","SYCA.AOS.S2","2018-08-14","SYCA.SS.20180814.POM.1","A00000022554","condition ok","SIRFER Lab at University of Utah","2018-12-13","ElFtGy1kV49xqNP00HfxQA==","POM","1",80,25,100,"d13C",-26.58,"perMill","Revesz & Coplen 2012a",,
"6ca0534b-91d0-47da-b31f-c71318686386","D14","SYCA","SYCA.AOS.S2","2018-08-28","SYCA.SS.20180828.POM.1","A00000022522","condition ok","SIRFER Lab at University of Utah","2018-12-13","ElFtGy1kV49xqNP00HfxQA==","POM","1",300,25,100,"d15N",4.77,"perMill","Revesz & Coplen 2012a",,
"9e251f67-8c24-4f19-a5e8-36a49d8930b2","D14","SYCA","SYCA.AOS.S2","2018-08-28","SYCA.SS.20180828.POM.1","A00000022522","condition ok","SIRFER Lab at University of Utah","2018-12-13","ElFtGy1kV49xqNP00HfxQA==","POM","1",300,25,100,"d13C",-32.17,"perMill","Revesz & Coplen 2012a",,
"2e84959b-5060-4b05-adde-76da454af138","D14","SYCA","SYCA.AOS.S2","2018-08-28","SYCA.SS.20180828.POM.1","A00000022522","condition ok","SIRFER Lab at University of Utah","2018-12-13","ElFtGy1kV49xqNP00HfxQA==","POM","1",300,25,100,"nitrogen",119.75,"microgramsPerLiter","Revesz & Coplen 2012a",,
"6e07d952-e0b4-4f3d-af41-bbe878990e72","D14","SYCA","SYCA.AOS.S2","2018-08-28","SYCA.SS.20180828.POM.1","A00000022522","condition ok","SIRFER Lab at University of Utah","2018-12-13","ElFtGy1kV49xqNP00HfxQA==","POM","1",300,25,100,"carbon",820.90,"microgramsPerLiter","Revesz & Coplen 2012a",,
