uid,domainID,siteID,namedLocation,collectDate,sampleID,sampleCode,sampleCondition,laboratoryName,analysisDate,analyzedBy,sampleType,replicate,sampleVolumeFiltered,filterSize,percentFilterAnalyzed,analyte,analyteConcentration,plantAlgaeLabUnits,method,externalRemarks,externalLabDataQF
"8130cb60-c715-481e-8521-a9dd9967f790","D13","WLOU","WLOU.AOS.S2","2018-09-06","WLOU.SS.20180906.POM.1","A00000020152","condition ok","SIRFER Lab at University of Utah","2018-11-07","ElFtGy1kV49xqNP00HfxQA==","POM","1",1000,25,100,"d13C",-25.89,"perMill","Revesz & Coplen 2012a",,
"464aead1-ed19-448f-a4be-339c1569a81b","D13","WLOU","WLOU.AOS.S2","2018-09-06","WLOU.SS.20180906.POM.1","A00000020152","condition ok","SIRFER Lab at University of Utah","2018-11-07","ElFtGy1kV49xqNP00HfxQA==","POM","1",1000,25,100,"carbon",209.92,"microgramsPerLiter","Revesz & Coplen 2012a",,
"879f85b1-7465-4f20-9689-bfc2a58afd9d","D13","WLOU","WLOU.AOS.S2","2018-09-06","WLOU.SS.20180906.POM.1","A00000020152","condition ok","SIRFER Lab at University of Utah","2018-11-07","ElFtGy1kV49xqNP00HfxQA==","POM","1",1000,25,100,"nitrogen",16.25,"microgramsPerLiter","Revesz & Coplen 2012a",,
"60afdc6d-8a09-42ce-aa5e-9aa2ec5b1b8b","D13","WLOU","WLOU.AOS.S2","2018-09-06","WLOU.SS.20180906.POM.1","A00000020152","condition ok","SIRFER Lab at University of Utah","2018-11-07","ElFtGy1kV49xqNP00HfxQA==","POM","1",1000,25,100,"d15N",4.53,"perMill","Revesz & Coplen 2012a",,
"b7969683-917a-4482-9a38-214c569ae716","D13","WLOU","WLOU.AOS.S2","2018-09-11","WLOU.SS.20180911.POM.1","A00000050821","condition ok","SIRFER Lab at University of Utah","2018-11-07","ElFtGy1kV49xqNP00HfxQA==","POM","1",1000,25,100,"d15N",2.99,"perMill","Revesz & Coplen 2012a",,
"46d8bfb8-8920-46b2-a228-9f00eb102deb","D13","WLOU","WLOU.AOS.S2","2018-09-11","WLOU.SS.20180911.POM.1","A00000050821","condition ok","SIRFER Lab at University of Utah","2018-11-07","ElFtGy1kV49xqNP00HfxQA==","POM","1",1000,25,100,"carbon",274.97,"microgramsPerLiter","Revesz & Coplen 2012a",,
"637860b9-8997-4597-badf-ab31ac052c5c","D13","WLOU","WLOU.AOS.S2","2018-09-11","WLOU.SS.20180911.POM.1","A00000050821","condition ok","SIRFER Lab at University of Utah","2018-11-07","ElFtGy1kV49xqNP00HfxQA==","POM","1",1000,25,100,"nitrogen",18.35,"microgramsPerLiter","Revesz & Coplen 2012a",,
"9b4cd040-6928-412f-baac-455504892c65","D13","WLOU","WLOU.AOS.S2","2018-09-11","WLOU.SS.20180911.POM.1","A00000050821","condition ok","SIRFER Lab at University of Utah","2018-11-07","ElFtGy1kV49xqNP00HfxQA==","POM","1",1000,25,100,"d13C",-26.17,"perMill","Revesz & Coplen 2012a",,
