uid,domainID,siteID,namedLocation,collectDate,sampleID,sampleCode,sampleCondition,laboratoryName,analysisDate,analyzedBy,sampleType,replicate,sampleVolumeFiltered,filterSize,percentFilterAnalyzed,analyte,analyteConcentration,plantAlgaeLabUnits,method,externalRemarks,externalLabDataQF
"d863a7cb-a7af-4933-af87-4ab74e662099","D03","SUGG","SUGG.AOS.buoy.c0","2016-04-13","SUGG.C0.20160413.POM.2",,"condition ok","Academy of Natural Sciences of Drexel University","2016-08-29","OKgcKejxXbI=","13C15N","2",,,100,"d15N",2.06,"perMill",,,
"1068c9bf-9226-4fba-8873-f4986be30857","D03","SUGG","SUGG.AOS.outlet","2016-04-13","SUGG.OT.20160413.POM.2",,"condition ok","Academy of Natural Sciences of Drexel University","2016-09-01","OKgcKejxXbI=","13C15N","2",,,100,"d13C",-32.23,"perMill",,,
"4567334f-6d4a-4792-b138-ece6cae2145b","D03","SUGG","SUGG.AOS.outlet","2016-04-13","SUGG.OT.20160413.POM.1",,"condition ok","Academy of Natural Sciences of Drexel University","2016-09-01","OKgcKejxXbI=","13C15N","1",,,100,"d13C",-33.10,"perMill",,,
"b71b8448-1372-438e-b911-2f7d8b9f5185","D03","SUGG","SUGG.AOS.inlet","2016-04-13","SUGG.IN.20160413.POM.1",,"condition ok","Academy of Natural Sciences of Drexel University","2016-08-29","OKgcKejxXbI=","13C15N","1",,,100,"d13C",-30.24,"perMill",,,
"9575433d-262f-42be-a515-50076eaab4fa","D03","SUGG","SUGG.AOS.buoy.c0","2016-04-13","SUGG.C0.20160413.POM.1",,"condition ok","Academy of Natural Sciences of Drexel University","2016-08-29","OKgcKejxXbI=","13C15N","1",,,100,"d13C",-32.50,"perMill",,,
"3242cd17-1749-4807-ae46-7fcf5818aaf2","D03","SUGG","SUGG.AOS.inlet","2016-04-13","SUGG.IN.20160413.POM.1",,"condition ok","Academy of Natural Sciences of Drexel University","2016-08-29","OKgcKejxXbI=","13C15N","1",,,100,"d15N",4.16,"perMill",,,
"84782bf0-4ecf-4a34-8d5a-482a9b8bba89","D03","SUGG","SUGG.AOS.inlet","2016-04-13","SUGG.IN.20160413.POM.2",,"condition ok","Academy of Natural Sciences of Drexel University","2016-08-29","OKgcKejxXbI=","13C15N","2",,,100,"d13C",-30.78,"perMill",,,
"ed1841a1-7885-422c-a7e6-fed9eb03a6c5","D03","SUGG","SUGG.AOS.outlet","2016-04-13","SUGG.OT.20160413.POM.1",,"condition ok","Academy of Natural Sciences of Drexel University","2016-08-29","OKgcKejxXbI=","13C15N","1",,,100,"d15N",2.26,"perMill",,,
"0e6cfa28-89de-4b2d-abe9-3d40a67387be","D03","SUGG","SUGG.AOS.buoy.c0","2016-04-13","SUGG.C0.20160413.POM.2",,"condition ok","Academy of Natural Sciences of Drexel University","2016-08-29","OKgcKejxXbI=","13C15N","2",,,100,"d13C",-31.00,"perMill",,,
"2c2d7637-ff99-4668-b21a-b80ce82456a4","D03","SUGG","SUGG.AOS.inlet","2016-04-13","SUGG.IN.20160413.POM.2",,"condition ok","Academy of Natural Sciences of Drexel University","2016-08-29","OKgcKejxXbI=","13C15N","2",,,100,"d15N",2.20,"perMill",,,
"905cc306-c78c-4e61-be77-31981b604ca9","D03","SUGG","SUGG.AOS.outlet","2016-04-13","SUGG.OT.20160413.POM.2",,"condition ok","Academy of Natural Sciences of Drexel University","2016-08-29","OKgcKejxXbI=","13C15N","2",,,100,"d15N",1.27,"perMill",,,
