uid,domainID,siteID,namedLocation,collectDate,sampleID,sampleCode,sampleCondition,laboratoryName,analysisDate,analyzedBy,sampleType,replicate,sampleVolumeFiltered,filterSize,percentFilterAnalyzed,analyte,analyteConcentration,plantAlgaeLabUnits,method,externalRemarks,externalLabDataQF
"fd9dbb0a-2c88-466d-ba83-d4370a4a2c34","D06","KING","KING.AOS.S2","2017-09-05","KING.SS.20170905.POM.1",,"condition ok","SIRFER Lab at University of Utah","2018-03-01","ElFtGy1kV49xqNP00HfxQA==","POM","1",117,25,100,"carbon",1733.96,"percent","Revesz & Coplen 2012a",,
"5fe9fb86-dae4-4adf-a905-c4f4d1f283d7","D06","KING","KING.AOS.S2","2017-09-05","KING.SS.20170905.POM.1",,"condition ok","SIRFER Lab at University of Utah","2018-03-01","ElFtGy1kV49xqNP00HfxQA==","POM","1",117,25,100,"d15N",7.35,"perMill","Revesz & Coplen 2012a",,
"e6560385-9fa4-4d49-8e3f-9923f8f931c1","D06","KING","KING.AOS.S2","2017-09-05","KING.SS.20170905.POM.1",,"condition ok","SIRFER Lab at University of Utah","2018-03-01","ElFtGy1kV49xqNP00HfxQA==","POM","1",117,25,100,"nitrogen",169.53,"percent","Revesz & Coplen 2012a",,
"3e0b46cd-2d7a-4e55-b986-9fefe751813a","D06","KING","KING.AOS.S2","2017-09-05","KING.SS.20170905.POM.1",,"condition ok","SIRFER Lab at University of Utah","2018-03-01","ElFtGy1kV49xqNP00HfxQA==","POM","1",117,25,100,"d13C",-21.99,"perMill","Revesz & Coplen 2012a",,
