uid,domainID,siteID,namedLocation,collectDate,sampleID,sampleCode,sampleCondition,laboratoryName,analysisDate,analyzedBy,sampleType,replicate,sampleVolumeFiltered,filterSize,percentFilterAnalyzed,analyte,analyteConcentration,plantAlgaeLabUnits,method,externalRemarks,externalLabDataQF
"9662951d-d91b-41e4-9e07-7f4f597351ec","D02","LEWI","LEWI.AOS.S2","2019-02-13","LEWI.SS.20190213.POM.1","A00000034116","condition ok","SIRFER Lab at University of Utah","2019-07-11","ElFtGy1kV49xqNP00HfxQA==","POM","1",300,25,100,"d13C",-23.01,"perMill","Revesz & Coplen 2012a",,
"44cb9a13-8ec2-42d8-9003-ff2c7ae36f65","D02","LEWI","LEWI.AOS.S2","2019-02-13","LEWI.SS.20190213.POM.1","A00000034116","condition ok","SIRFER Lab at University of Utah","2019-07-11","ElFtGy1kV49xqNP00HfxQA==","POM","1",300,25,100,"carbon",2056.80,"microgramsPerLiter","Revesz & Coplen 2012a",,
"6a10799f-1eb1-48ec-851c-253a97810690","D02","LEWI","LEWI.AOS.S2","2019-02-13","LEWI.SS.20190213.POM.1","A00000034116","condition ok","SIRFER Lab at University of Utah","2019-07-11","ElFtGy1kV49xqNP00HfxQA==","POM","1",300,25,100,"nitrogen",140.99,"microgramsPerLiter","Revesz & Coplen 2012a",,
"1207bc57-ec48-4bd1-891e-5e1bc9b6456b","D02","LEWI","LEWI.AOS.S2","2019-02-13","LEWI.SS.20190213.POM.1","A00000034116","condition ok","SIRFER Lab at University of Utah","2019-07-11","ElFtGy1kV49xqNP00HfxQA==","POM","1",300,25,100,"d15N",2.06,"perMill","Revesz & Coplen 2012a",,
"01fad1c9-fac0-41e2-8a13-2330b6556103","D02","LEWI","LEWI.AOS.S2","2019-02-21","LEWI.SS.20190221.POM.1","A00000034118","condition ok","SIRFER Lab at University of Utah","2019-07-11","ElFtGy1kV49xqNP00HfxQA==","POM","1",400,25,100,"d13C",-23.15,"perMill","Revesz & Coplen 2012a",,
"bbe42485-6d70-4867-bc20-a09d42c620ec","D02","LEWI","LEWI.AOS.S2","2019-02-21","LEWI.SS.20190221.POM.1","A00000034118","condition ok","SIRFER Lab at University of Utah","2019-07-11","ElFtGy1kV49xqNP00HfxQA==","POM","1",400,25,100,"d15N",6.34,"perMill","Revesz & Coplen 2012a",,
"e307e47b-7595-4076-9c72-0086534bfb1f","D02","LEWI","LEWI.AOS.S2","2019-02-21","LEWI.SS.20190221.POM.1","A00000034118","condition ok","SIRFER Lab at University of Utah","2019-07-11","ElFtGy1kV49xqNP00HfxQA==","POM","1",400,25,100,"carbon",1016.10,"microgramsPerLiter","Revesz & Coplen 2012a",,
"5231edd7-e199-404a-ad56-17017f39a465","D02","LEWI","LEWI.AOS.S2","2019-02-21","LEWI.SS.20190221.POM.1","A00000034118","condition ok","SIRFER Lab at University of Utah","2019-07-11","ElFtGy1kV49xqNP00HfxQA==","POM","1",400,25,100,"nitrogen",73.66,"microgramsPerLiter","Revesz & Coplen 2012a",,
