uid,domainID,siteID,namedLocation,collectDate,parentSampleID,parentSampleCode,isotopeH2OSampleCond,isotopeH2OSampleID,isotopeH2OSampleCode,isotopePOMRep2SampleCond,isotopePOMRep2SampleID,isotopePOMRep2SampleCode,isotopePOMSampleCond,isotopePOMSampleID,isotopePOMSampleCode,processedDateFilters,processedDateH2OIsotopes,sampleVolumeFilteredPOMRep1,sampleVolumeFilteredPOMRep2,fieldDataQF
"da2273df-e53b-4e00-9823-b2b02eafe105","D01","HOPB","HOPB.AOS.S2","2019-03-06T14:52Z","HOPB.SS.20190306",,"Sample condition ok","HOPB.SS.20190306.H2O.3","A00000033650",,,,,,,,"2019-03-06T15:33Z",,,
"c82c4973-e7b8-445a-8d27-29637f24a512","D01","HOPB","HOPB.AOS.S2","2019-03-06T14:52Z","HOPB.SS.20190306",,"Sample condition ok","HOPB.SS.20190306.H2O.1","A00000033616","Sample condition ok","HOPB.SS.20190306.POM.2","A00000033667","Sample condition ok","HOPB.SS.20190306.POM.1","A00000033684","2019-03-06T18:02Z","2019-03-06T15:25Z",1050,1050,
"fab4946c-b296-48e2-a818-188b866c8fc1","D01","HOPB","HOPB.AOS.S2","2019-03-06T14:52Z","HOPB.SS.20190306",,"Sample condition ok","HOPB.SS.20190306.H2O.2","A00000033633",,,,,,,,"2019-03-06T15:29Z",,,
"ebcd2e2d-a8e0-471b-892d-9d12d3b4c2a0","D01","HOPB","HOPB.AOS.S2","2019-03-12T14:12Z","HOPB.SS.20190312",,"Sample condition ok","HOPB.SS.20190312.H2O.1","A00000033563","Sample condition ok","HOPB.SS.20190312.POM.2","A00000033579","Sample condition ok","HOPB.SS.20190312.POM.1","A00000033562","2019-03-12T18:41Z","2019-03-12T14:31Z",900,900,
"0c25d2ee-370f-4024-b4ee-2bad474173a2","D01","HOPB","HOPB.AOS.S2","2019-03-21T14:35Z","HOPB.SS.20190321",,"Sample condition ok","HOPB.SS.20190321.H2O.1","A00000033580","Sample condition ok","HOPB.SS.20190321.POM.2","A00000033662","Sample condition ok","HOPB.SS.20190321.POM.1","A00000033645","2019-03-21T16:54Z","2019-03-21T14:59Z",900,900,
"d3ad98bd-f3ec-458f-8aa2-6f1052648f7e","D01","HOPB","HOPB.AOS.S2","2019-03-28T13:54Z","HOPB.SS.20190328",,"Sample condition ok","HOPB.SS.20190328.H2O.1","A00000033126","Sample condition ok","HOPB.SS.20190328.POM.2","A00000033142","Sample condition ok","HOPB.SS.20190328.POM.1","A00000033125","2019-03-28T15:58Z","2019-03-28T14:11Z",900,900,
