uid,domainID,siteID,namedLocation,decimalLatitude,decimalLongitude,coordinateUncertainty,additionalCoordUncertainty,elevation,elevationUncertainty,geodeticDatum,altLocation,altLatitude,altLongitude,altCoordinateUncertainty,altGeodeticDatum,collectDate,aquaticSiteType,samplingImpractical,parentSampleID,parentSampleCode,eventID,samplerType,dissolvedOxygen,dissolvedOxygenSaturation,specificConductance,waterTemp,asiSamplingProtocolVersion,lowerSegmentDepth,upperSegmentDepth,maxDepth,lakeSampleDepth1,lakeSampleDepth2,aCollectedBy,bCollectedBy,remarks,fieldDataQF
"34f2017c-1cd3-43c6-842c-5d9d0333fab6","D01","HOPB","HOPB.AOS.S2",42.471802,-72.330656,0.3,10.0,213.1,0.3,"WGS84",,,,,,"2019-03-06T14:52Z","stream",,"HOPB.SS.20190306",,"HOPB.20190306","Grab",13.88,97.20,120.20,0.00,"NEON.DOC.001886vF",,,,,,"mbara@battelleecology.org","rwilliams@battelleecology.org",,
"9c5aa7a8-50e7-4f45-9286-36fc43631a16","D01","HOPB","HOPB.AOS.S2",42.471802,-72.330656,0.3,10.0,213.1,0.3,"WGS84",,,,,,"2019-03-12T14:12Z","stream",,"HOPB.SS.20190312",,"HOPB.20190312","Grab",13.00,91.40,138.30,0.30,"NEON.DOC.001886vF",,,,,,"0000-0003-2931-6669","0000-0003-4958-6412","FIL sample is barcoded but wasn't scanned",
"0c10dfe6-83cf-4fd5-8750-e538cff02c89","D01","HOPB","HOPB.AOS.S2",42.471802,-72.330656,0.3,10.0,213.1,0.3,"WGS84",,,,,,"2019-03-21T14:35Z","stream",,"HOPB.SS.20190321",,"HOPB.20190321","Grab",13.50,99.60,114.70,1.90,"NEON.DOC.001886vF",,,,,,"0000-0003-4958-6412","0000-0003-3617-6916",,
"cda9852f-37ea-4347-b1d9-43750f7b6cc3","D01","HOPB","HOPB.AOS.S2",42.471802,-72.330656,0.3,10.0,213.1,0.3,"WGS84",,,,,,"2019-03-28T13:54Z","stream",,"HOPB.SS.20190328",,"HOPB.20190328","Grab",13.53,97.20,112.20,1.50,"NEON.DOC.001886vF",,,,,,"0000-0003-2931-6669","0000-0003-4958-6412",,
