uid,domainID,siteID,namedLocation,collectDate,sampleID,sampleCode,sampleCondition,laboratoryName,analysisDate,analyzedBy,sampleType,replicate,sampleVolumeFiltered,filterSize,percentFilterAnalyzed,analyte,analyteConcentration,plantAlgaeLabUnits,method,externalRemarks,externalLabDataQF
"ac0d9a3d-661c-40d3-a559-b65ccd5125cc","D01","HOPB","HOPB.AOS.S2","2019-03-28","HOPB.SS.20190328.POM.1","A00000033125","condition ok","SIRFER Lab at University of Utah","2019-08-20","ElFtGy1kV49xqNP00HfxQA==","POM","1",900,25,100,"carbon",113.52,"microgramsPerLiter","Revesz & Coplen 2012a",,
"cac3cd1e-bf9e-44c4-aa0e-3fc4e9932276","D01","HOPB","HOPB.AOS.S2","2019-03-28","HOPB.SS.20190328.POM.1","A00000033125","condition ok","SIRFER Lab at University of Utah","2019-08-20","ElFtGy1kV49xqNP00HfxQA==","POM","1",900,25,100,"d15N",-3.91,"perMill","Revesz & Coplen 2012a",,
"bf744cf8-4e32-4a9a-9044-07b430011d20","D01","HOPB","HOPB.AOS.S2","2019-03-28","HOPB.SS.20190328.POM.1","A00000033125","condition ok","SIRFER Lab at University of Utah","2019-08-20","ElFtGy1kV49xqNP00HfxQA==","POM","1",900,25,100,"d13C",-28.47,"perMill","Revesz & Coplen 2012a",,
"119f9fc1-71a8-497a-9762-3f32d3a664f7","D01","HOPB","HOPB.AOS.S2","2019-03-28","HOPB.SS.20190328.POM.1","A00000033125","condition ok","SIRFER Lab at University of Utah","2019-08-20","ElFtGy1kV49xqNP00HfxQA==","POM","1",900,25,100,"nitrogen",11.08,"microgramsPerLiter","Revesz & Coplen 2012a",,
