uid,domainID,siteID,namedLocation,collectDate,analysisDate,isotopeH2OSampleID,isotopeH2OSampleCode,instrumentSN,d18OWater,d2HWater,d18OsdWater,d2HsdWater,isotopeH2OExternalLabQF,laboratoryName,analyzedBy,sampleCondition,externalRemarks,externalLabDataQF
"99acd9ce-61eb-4ef0-b9d8-d5b56e28dacc","D01","HOPB","HOPB.AOS.S2","2019-03-06","2019-05-31","HOPB.SS.20190306.H2O.3","A00000033650","HIDS2046",-8.40,-52.16,0.04,0.27,0,"SIRFER Lab at University of Utah","OlSmE6RRn5QQH8tvUHmK5i/poYiQr6sd","OK",,
"36b9ce45-eb6e-4048-9f0c-19ebd48beaf6","D01","HOPB","HOPB.AOS.S2","2019-03-06","2019-05-31","HOPB.SS.20190306.H2O.2","A00000033633","HIDS2046",-8.65,-52.65,0.04,0.21,0,"SIRFER Lab at University of Utah","OlSmE6RRn5QQH8tvUHmK5i/poYiQr6sd","OK",,
"89ab61ce-161e-4cdd-82ca-a3b30165e604","D01","HOPB","HOPB.AOS.S2","2019-03-06","2019-05-31","HOPB.SS.20190306.H2O.1","A00000033616","HIDS2046",-8.47,-52.29,0.02,0.04,0,"SIRFER Lab at University of Utah","OlSmE6RRn5QQH8tvUHmK5i/poYiQr6sd","OK",,
"ab9296cc-526d-4e60-a303-92d91ff43277","D01","HOPB","HOPB.AOS.S2","2019-03-12","2019-05-31","HOPB.SS.20190312.H2O.1","A00000033563","HIDS2046",-8.62,-53.20,0.01,0.15,0,"SIRFER Lab at University of Utah","OlSmE6RRn5QQH8tvUHmK5i/poYiQr6sd","OK",,
"e3fde04b-6dfa-4594-8194-c73918da5036","D01","HOPB","HOPB.AOS.S2","2019-03-21","2019-05-31","HOPB.SS.20190321.H2O.1","A00000033580","HIDS2046",-8.92,-55.70,0.01,0.19,0,"SIRFER Lab at University of Utah","OlSmE6RRn5QQH8tvUHmK5i/poYiQr6sd","OK",,
"becb198c-d867-45c1-a307-b05cb288a356","D01","HOPB","HOPB.AOS.S2","2019-03-28","2019-05-31","HOPB.SS.20190328.H2O.1","A00000033126","HIDS2046",-8.96,-56.20,0.03,0.03,0,"SIRFER Lab at University of Utah","OlSmE6RRn5QQH8tvUHmK5i/poYiQr6sd","OK",,
