uid,domainID,siteID,namedLocation,collectDate,parentSampleID,parentSampleCode,isotopeH2OSampleCond,isotopeH2OSampleID,isotopeH2OSampleCode,isotopePOMRep2SampleCond,isotopePOMRep2SampleID,isotopePOMRep2SampleCode,isotopePOMSampleCond,isotopePOMSampleID,isotopePOMSampleCode,processedDateFilters,processedDateH2OIsotopes,sampleVolumeFilteredPOMRep1,sampleVolumeFilteredPOMRep2,fieldDataQF
"dd1b1fd7-7036-40da-a6f8-102286c2c36e","D05","CRAM","CRAM.AOS.outlet","2017-10-03T14:40Z","CRAM.OT.20171003",,"Sample condition ok","CRAM.OT.20171003.H2O.1",,"Sample condition ok",,,"Sample condition ok","CRAM.OT.20171003.POM.1",,"2017-10-03T18:37Z","2017-10-03T20:54Z",200,,
"6ead3dc4-3876-412c-bdd3-382a2e7acb53","D05","CRAM","CRAM.AOS.inlet","2017-10-03T15:01Z","CRAM.IN.20171003",,"Sample condition ok","CRAM.IN.20171003.H2O.1",,"Sample condition ok",,,"Sample condition ok","CRAM.IN.20171003.POM.1",,"2017-10-03T19:40Z","2017-10-03T20:50Z",200,,
"8a5b7174-d14d-4bc2-a196-756bfc233a48","D05","CRAM","CRAM.AOS.buoy.c1","2017-10-03T16:11Z","CRAM.C1.20171003",,"Sample condition ok","CRAM.C1.20171003.H2O.1",,"Sample condition ok",,,"Sample condition ok","CRAM.C1.20171003.POM.1",,"2017-10-03T19:40Z","2017-10-03T20:50Z",200,,
"f8c081a3-847c-46ab-947b-f68524f84df1","D05","CRAM","CRAM.AOS.buoy.c2","2017-10-03T16:55Z","CRAM.C2.20171003",,"Sample condition ok","CRAM.C2.20171003.H2O.1",,"Sample condition ok",,,"Sample condition ok","CRAM.C2.20171003.POM.1",,,"2017-10-03T20:51Z",250,,
"20bea5af-b008-4ae0-8329-9eceb87a3c29","D05","CRAM","CRAM.AOS.outlet","2017-10-16T14:49Z","CRAM.OT.20171016",,"Sample condition ok","CRAM.OT.20171016.H2O.1",,"Sample condition ok","CRAM.OT.20171016.POM.2",,"Sample condition ok","CRAM.OT.20171016.POM.1",,"2017-10-16T18:23Z","2017-10-16T20:59Z",200,200,
"d0bbc32d-12fa-4fb0-b573-f96fcb8de5a6","D05","CRAM","CRAM.AOS.inlet","2017-10-16T15:32Z","CRAM.IN.20171016",,"Sample condition ok","CRAM.IN.20171016.H2O.1",,"Sample condition ok","CRAM.IN.20171016.POM.2",,"Sample condition ok","CRAM.IN.20171016.POM.1",,"2017-10-16T19:01Z","2017-10-16T18:54Z",200,200,
"56efa20b-92bd-4aa2-9b71-c5a8f1ddd8b0","D05","CRAM","CRAM.AOS.buoy.c1","2017-10-16T16:02Z","CRAM.C1.20171016",,"Sample condition ok","CRAM.C1.20171016.H2O.1",,"Sample condition ok","CRAM.C1.20171016.POM.2",,"Sample condition ok","CRAM.C1.20171016.POM.1",,"2017-10-16T20:39Z","2017-10-16T20:06Z",200,200,
"789490f6-b8a0-498f-afbf-4ad83f75308c","D05","CRAM","CRAM.AOS.buoy.c2","2017-10-16T16:16Z","CRAM.C2.20171016",,"Sample condition ok","CRAM.C2.20171016.H2O.1",,"Sample condition ok","CRAM.C2.20171016.POM.2",,"Sample condition ok","CRAM.C2.20171016.POM.1",,"2017-10-16T21:48Z","2017-10-16T20:12Z",150,150,
