uid,domainID,siteID,namedLocation,collectDate,sampleID,sampleCode,sampleCondition,laboratoryName,analysisDate,analyzedBy,sampleType,replicate,sampleVolumeFiltered,filterSize,percentFilterAnalyzed,analyte,analyteConcentration,plantAlgaeLabUnits,method,externalRemarks,externalLabDataQF
"8afffac0-870d-4245-a6bb-5580b80452ce","D05","CRAM","CRAM.AOS.outlet","2017-10-03","CRAM.OT.20171003.POM.1",,"condition ok","SIRFER Lab at University of Utah","2018-03-28","ElFtGy1kV49xqNP00HfxQA==","POM","1",200,25,100,"carbon",804.64,"microgramsPerLiter","Revesz & Coplen 2012a",,
"d9ed3d2f-33b4-4352-ace1-3d61d3361b0e","D05","CRAM","CRAM.AOS.outlet","2017-10-03","CRAM.OT.20171003.POM.1",,"condition ok","SIRFER Lab at University of Utah","2018-03-28","ElFtGy1kV49xqNP00HfxQA==","POM","1",200,25,100,"nitrogen",74.39,"microgramsPerLiter","Revesz & Coplen 2012a",,
"85e1bab7-bffd-446e-9dcc-80c65bc157c8","D05","CRAM","CRAM.AOS.outlet","2017-10-03","CRAM.OT.20171003.POM.1",,"condition ok","SIRFER Lab at University of Utah","2018-03-28","ElFtGy1kV49xqNP00HfxQA==","POM","1",200,25,100,"d13C",-29.75,"perMill","Revesz & Coplen 2012a",,
"4c99654a-58f7-471f-8090-7af449a4c364","D05","CRAM","CRAM.AOS.outlet","2017-10-03","CRAM.OT.20171003.POM.1",,"condition ok","SIRFER Lab at University of Utah","2018-03-28","ElFtGy1kV49xqNP00HfxQA==","POM","1",200,25,100,"d15N",13.37,"perMill","Revesz & Coplen 2012a",,
"c79ca8c0-bc8b-427d-9d1b-0c4da3deecac","D05","CRAM","CRAM.AOS.inlet","2017-10-03","CRAM.IN.20171003.POM.1",,"condition ok","SIRFER Lab at University of Utah","2018-03-27","ElFtGy1kV49xqNP00HfxQA==","POM","1",200,25,100,"d15N",3.09,"perMill","Revesz & Coplen 2012a",,
"83f8def3-0101-4b34-bfd3-e6add76f09bd","D05","CRAM","CRAM.AOS.inlet","2017-10-03","CRAM.IN.20171003.POM.1",,"condition ok","SIRFER Lab at University of Utah","2018-03-27","ElFtGy1kV49xqNP00HfxQA==","POM","1",200,25,100,"carbon",751.76,"microgramsPerLiter","Revesz & Coplen 2012a",,
"a07b42ef-544b-4611-a5c1-8a6228601878","D05","CRAM","CRAM.AOS.inlet","2017-10-03","CRAM.IN.20171003.POM.1",,"condition ok","SIRFER Lab at University of Utah","2018-03-27","ElFtGy1kV49xqNP00HfxQA==","POM","1",200,25,100,"nitrogen",94.56,"microgramsPerLiter","Revesz & Coplen 2012a",,
"71f8134c-38ac-492b-81b6-c4979d185bab","D05","CRAM","CRAM.AOS.inlet","2017-10-03","CRAM.IN.20171003.POM.1",,"condition ok","SIRFER Lab at University of Utah","2018-03-27","ElFtGy1kV49xqNP00HfxQA==","POM","1",200,25,100,"d13C",-30.12,"perMill","Revesz & Coplen 2012a",,
"619c0127-f2c6-4052-be07-746fdad9bd0f","D05","CRAM","CRAM.AOS.buoy.c1","2017-10-03","CRAM.C1.20171003.POM.1",,"condition ok","SIRFER Lab at University of Utah","2018-03-27","ElFtGy1kV49xqNP00HfxQA==","POM","1",200,25,100,"carbon",762.40,"microgramsPerLiter","Revesz & Coplen 2012a",,
"8d50b618-06b0-484e-a06d-37d176a9c227","D05","CRAM","CRAM.AOS.buoy.c1","2017-10-03","CRAM.C1.20171003.POM.1",,"condition ok","SIRFER Lab at University of Utah","2018-03-27","ElFtGy1kV49xqNP00HfxQA==","POM","1",200,25,100,"d13C",-29.42,"perMill","Revesz & Coplen 2012a",,
"fbb1ace2-060a-47de-82f6-d81b181a3437","D05","CRAM","CRAM.AOS.buoy.c1","2017-10-03","CRAM.C1.20171003.POM.1",,"condition ok","SIRFER Lab at University of Utah","2018-03-27","ElFtGy1kV49xqNP00HfxQA==","POM","1",200,25,100,"nitrogen",82.56,"microgramsPerLiter","Revesz & Coplen 2012a",,
"16e416c6-411a-4262-ad7a-5e3bae23e310","D05","CRAM","CRAM.AOS.buoy.c1","2017-10-03","CRAM.C1.20171003.POM.1",,"condition ok","SIRFER Lab at University of Utah","2018-03-27","ElFtGy1kV49xqNP00HfxQA==","POM","1",200,25,100,"d15N",4.68,"perMill","Revesz & Coplen 2012a",,
"fbcd3bc9-b8bd-48bc-a6c4-add664b9d443","D05","CRAM","CRAM.AOS.buoy.c2","2017-10-03","CRAM.C2.20171003.POM.1",,"condition ok","SIRFER Lab at University of Utah","2018-03-27","ElFtGy1kV49xqNP00HfxQA==","POM","1",250,25,100,"nitrogen",58.46,"microgramsPerLiter","Revesz & Coplen 2012a",,
"2de50713-e7b3-436b-b302-0b14bdf00323","D05","CRAM","CRAM.AOS.buoy.c2","2017-10-03","CRAM.C2.20171003.POM.1",,"condition ok","SIRFER Lab at University of Utah","2018-03-27","ElFtGy1kV49xqNP00HfxQA==","POM","1",250,25,100,"d15N",0.34,"perMill","Revesz & Coplen 2012a",,
"1d283bc9-bee1-42fa-a03b-828511675c7d","D05","CRAM","CRAM.AOS.buoy.c2","2017-10-03","CRAM.C2.20171003.POM.1",,"condition ok","SIRFER Lab at University of Utah","2018-03-27","ElFtGy1kV49xqNP00HfxQA==","POM","1",250,25,100,"carbon",435.39,"microgramsPerLiter","Revesz & Coplen 2012a",,
"e6b723dd-a936-4144-8c02-c47747d23a31","D05","CRAM","CRAM.AOS.buoy.c2","2017-10-03","CRAM.C2.20171003.POM.1",,"condition ok","SIRFER Lab at University of Utah","2018-03-27","ElFtGy1kV49xqNP00HfxQA==","POM","1",250,25,100,"d13C",-32.13,"perMill","Revesz & Coplen 2012a",,
"dc0afa37-7327-499c-b5d6-c5f3848bcbe0","D05","CRAM","CRAM.AOS.outlet","2017-10-16","CRAM.OT.20171016.POM.2",,"condition ok","SIRFER Lab at University of Utah","2018-03-28","ElFtGy1kV49xqNP00HfxQA==","POM","1",200,25,100,"d15N",13.86,"perMill","Revesz & Coplen 2012a",,
"bd7e2800-c376-4f5d-8504-91d247f83a65","D05","CRAM","CRAM.AOS.outlet","2017-10-16","CRAM.OT.20171016.POM.2",,"condition ok","SIRFER Lab at University of Utah","2018-03-28","ElFtGy1kV49xqNP00HfxQA==","POM","1",200,25,100,"d13C",-30.14,"perMill","Revesz & Coplen 2012a",,
"2c022cbe-617c-417e-a43d-f0d06d27c974","D05","CRAM","CRAM.AOS.outlet","2017-10-16","CRAM.OT.20171016.POM.2",,"condition ok","SIRFER Lab at University of Utah","2018-03-28","ElFtGy1kV49xqNP00HfxQA==","POM","1",200,25,100,"carbon",694.34,"microgramsPerLiter","Revesz & Coplen 2012a",,
"cf431a06-e894-4fc0-b2aa-2c5156585d92","D05","CRAM","CRAM.AOS.outlet","2017-10-16","CRAM.OT.20171016.POM.2",,"condition ok","SIRFER Lab at University of Utah","2018-03-28","ElFtGy1kV49xqNP00HfxQA==","POM","1",200,25,100,"nitrogen",75.19,"microgramsPerLiter","Revesz & Coplen 2012a",,
"4d1e159b-5c0d-48b5-86cc-4bd1ad083f83","D05","CRAM","CRAM.AOS.inlet","2017-10-16","CRAM.IN.20171016.POM.2",,"condition ok","SIRFER Lab at University of Utah","2018-03-27","ElFtGy1kV49xqNP00HfxQA==","POM","1",200,25,100,"nitrogen",112.51,"microgramsPerLiter","Revesz & Coplen 2012a",,
"8853f289-e301-46b9-b21e-f8dad8bd5e5a","D05","CRAM","CRAM.AOS.inlet","2017-10-16","CRAM.IN.20171016.POM.2",,"condition ok","SIRFER Lab at University of Utah","2018-03-27","ElFtGy1kV49xqNP00HfxQA==","POM","1",200,25,100,"carbon",917.24,"microgramsPerLiter","Revesz & Coplen 2012a",,
"3a748dfc-e7be-472c-91a0-78b57eeb9e4f","D05","CRAM","CRAM.AOS.inlet","2017-10-16","CRAM.IN.20171016.POM.2",,"condition ok","SIRFER Lab at University of Utah","2018-03-27","ElFtGy1kV49xqNP00HfxQA==","POM","1",200,25,100,"d13C",-31.17,"perMill","Revesz & Coplen 2012a",,
"f5002958-f1b1-4fec-a153-17d2951151c2","D05","CRAM","CRAM.AOS.inlet","2017-10-16","CRAM.IN.20171016.POM.2",,"condition ok","SIRFER Lab at University of Utah","2018-03-27","ElFtGy1kV49xqNP00HfxQA==","POM","1",200,25,100,"d15N",-7.24,"perMill","Revesz & Coplen 2012a",,
"bf5ebbe6-15e2-418d-818a-25253e97a5e2","D05","CRAM","CRAM.AOS.buoy.c1","2017-10-16","CRAM.C1.20171016.POM.2",,"condition ok","SIRFER Lab at University of Utah","2018-03-27","ElFtGy1kV49xqNP00HfxQA==","POM","1",200,25,100,"nitrogen",82.05,"microgramsPerLiter","Revesz & Coplen 2012a",,
"4bc5049c-7f44-45f4-999b-1e9f8a594b48","D05","CRAM","CRAM.AOS.buoy.c1","2017-10-16","CRAM.C1.20171016.POM.2",,"condition ok","SIRFER Lab at University of Utah","2018-03-27","ElFtGy1kV49xqNP00HfxQA==","POM","1",200,25,100,"d15N",6.22,"perMill","Revesz & Coplen 2012a",,
"e9ca95a8-fc6a-4185-9982-8557ba006683","D05","CRAM","CRAM.AOS.buoy.c1","2017-10-16","CRAM.C1.20171016.POM.2",,"condition ok","SIRFER Lab at University of Utah","2018-03-27","ElFtGy1kV49xqNP00HfxQA==","POM","1",200,25,100,"d13C",-31.02,"perMill","Revesz & Coplen 2012a",,
"88ec3a16-e89a-497b-93d2-d119ed1e1a95","D05","CRAM","CRAM.AOS.buoy.c1","2017-10-16","CRAM.C1.20171016.POM.2",,"condition ok","SIRFER Lab at University of Utah","2018-03-27","ElFtGy1kV49xqNP00HfxQA==","POM","1",200,25,100,"carbon",734.90,"microgramsPerLiter","Revesz & Coplen 2012a",,
"b21c38f2-7f37-4c48-8ecc-0c95206a473f","D05","CRAM","CRAM.AOS.buoy.c2","2017-10-16","CRAM.C2.20171016.POM.2",,"condition ok","SIRFER Lab at University of Utah","2018-03-27","ElFtGy1kV49xqNP00HfxQA==","POM","1",150,25,100,"carbon",663.53,"microgramsPerLiter","Revesz & Coplen 2012a",,
"c8c8f583-0779-4a5a-bf53-396f65de3142","D05","CRAM","CRAM.AOS.buoy.c2","2017-10-16","CRAM.C2.20171016.POM.2",,"condition ok","SIRFER Lab at University of Utah","2018-03-27","ElFtGy1kV49xqNP00HfxQA==","POM","1",150,25,100,"d15N",-0.44,"perMill","Revesz & Coplen 2012a",,
"7223043d-13c3-478c-80d0-c306cf21166d","D05","CRAM","CRAM.AOS.buoy.c2","2017-10-16","CRAM.C2.20171016.POM.2",,"condition ok","SIRFER Lab at University of Utah","2018-03-27","ElFtGy1kV49xqNP00HfxQA==","POM","1",150,25,100,"nitrogen",95.99,"microgramsPerLiter","Revesz & Coplen 2012a",,
"fefc6466-35b8-4526-842a-dc9bb6debb8d","D05","CRAM","CRAM.AOS.buoy.c2","2017-10-16","CRAM.C2.20171016.POM.2",,"condition ok","SIRFER Lab at University of Utah","2018-03-27","ElFtGy1kV49xqNP00HfxQA==","POM","1",150,25,100,"d13C",-32.30,"perMill","Revesz & Coplen 2012a",,
