uid,domainID,siteID,namedLocation,decimalLatitude,decimalLongitude,coordinateUncertainty,additionalCoordUncertainty,elevation,elevationUncertainty,geodeticDatum,altLocation,altLatitude,altLongitude,altCoordinateUncertainty,altGeodeticDatum,collectDate,aquaticSiteType,samplingImpractical,parentSampleID,parentSampleCode,eventID,samplerType,dissolvedOxygen,dissolvedOxygenSaturation,specificConductance,waterTemp,asiSamplingProtocolVersion,lowerSegmentDepth,upperSegmentDepth,maxDepth,lakeSampleDepth1,lakeSampleDepth2,aCollectedBy,bCollectedBy,remarks,fieldDataQF
"14941c89-33c5-4b7e-8b14-005801c36bb3","D05","CRAM","CRAM.AOS.outlet",46.211998,-89.474475,0.1,10.0,511.8,0.1,"WGS84",,,,,,"2017-10-03T14:40Z","lake",,"CRAM.OT.20171003",,"CRAM.20171003","Kemmerer",,,11.80,16.70,"NEON.DOC.001886vF",,,2.0,0.5,,"jhudson@neoninc.org","kpalo@battelleecology.org",,
"22377e8b-69d4-4888-95aa-02642af4e2b0","D05","CRAM","CRAM.AOS.inlet",46.207952,-89.476174,0.1,10.0,511.7,0.1,"WGS84",,,,,,"2017-10-03T15:01Z","lake",,"CRAM.IN.20171003",,"CRAM.20171003","Kemmerer",,,11.70,16.60,"NEON.DOC.001886vF",,,1.3,0.5,,"jhudson@neoninc.org","kpalo@battelleecology.org",,
"520bf53f-013b-47fa-be90-ce9da15b3bb0","D05","CRAM","CRAM.AOS.buoy.c1",46.210592,-89.476861,10.0,10.0,509.0,10.0,"WGS84",,,,,,"2017-10-03T16:11Z","lake",,"CRAM.C1.20171003",,"CRAM.20171003","Kemmerer",,,11.70,16.80,"NEON.DOC.001886vF",4.5,0.0,17.1,0.5,,"jhudson@neoninc.org","kpalo@battelleecology.org",,
"f2b4a964-3345-4611-94c6-16e559d44b00","D05","CRAM","CRAM.AOS.buoy.c2",46.210592,-89.476861,10.0,10.0,509.0,10.0,"WGS84",,,,,,"2017-10-03T16:55Z","lake",,"CRAM.C2.20171003",,"CRAM.20171003","Kemmerer",,,21.60,5.60,"NEON.DOC.001886vF",17.1,8.5,17.1,10.5,15.0,"jhudson@neoninc.org","kpalo@battelleecology.org","Water chemistry and stable isotopes collected around a half hour after microbes. Heavy rain and storms in between collections",
"31ef71eb-8f0a-473b-b84d-f376785d58e7","D05","CRAM","CRAM.AOS.outlet",46.211998,-89.474475,0.1,10.0,511.8,0.1,"WGS84",,,,,,"2017-10-16T14:49Z","lake",,"CRAM.OT.20171016",,"CRAM.20171016","Kemmerer",,,13.20,12.40,"NEON.DOC.001886vF",,,1.8,0.5,,"jhudson@neoninc.org","coneil@battelleecology.org",,
"2713b4e9-aa16-4c06-b827-0466c7f864b7","D05","CRAM","CRAM.AOS.inlet",46.207952,-89.476174,0.1,10.0,511.7,0.1,"WGS84",,,,,,"2017-10-16T15:32Z","lake",,"CRAM.IN.20171016",,"CRAM.20171016","Kemmerer",,,13.40,12.40,"NEON.DOC.001886vF",,,1.1,0.5,,"jhudson@neoninc.org","coneil@battelleecology.org",,
"5a0142a6-7713-4db4-b8f3-8aa9a3f1ded2","D05","CRAM","CRAM.AOS.buoy.c1",46.210592,-89.476861,10.0,10.0,509.0,10.0,"WGS84",,,,,,"2017-10-16T16:02Z","lake",,"CRAM.C1.20171016",,"CRAM.20171016","Kemmerer",,,13.90,12.60,"NEON.DOC.001886vF",6.5,0.0,18.0,0.5,,"jhudson@neoninc.org","coneil@battelleecology.org",,
"5350db14-9366-4bc9-9c12-65e3504b41ed","D05","CRAM","CRAM.AOS.buoy.c2",46.210592,-89.476861,10.0,10.0,509.0,10.0,"WGS84",,,,,,"2017-10-16T16:16Z","lake",,"CRAM.C2.20171016",,"CRAM.20171016","Kemmerer",,,25.30,5.60,"NEON.DOC.001886vF",18.0,9.0,18.0,11.3,15.8,"jhudson@neoninc.org","coneil@battelleecology.org",,
