uid,domainID,siteID,namedLocation,collectDate,sampleID,sampleCode,sampleCondition,laboratoryName,analysisDate,analyzedBy,sampleType,replicate,sampleVolumeFiltered,filterSize,percentFilterAnalyzed,analyte,analyteConcentration,plantAlgaeLabUnits,method,externalRemarks,externalLabDataQF
"636a7c9b-9207-4b87-ad0e-4a445a42a556","D07","LECO","LECO.AOS.S2","2018-05-14","LECO.SS.20180514.POM.1","A00000011581","condition ok","SIRFER Lab at University of Utah","2018-08-30","ElFtGy1kV49xqNP00HfxQA==","POM","1",1000,25,100,"nitrogen",38.98,"microgramsPerLiter","Revesz & Coplen 2012a",,
"b9698da4-9871-4eaf-be8e-6138cd3a0954","D07","LECO","LECO.AOS.S2","2018-05-14","LECO.SS.20180514.POM.1","A00000011581","condition ok","SIRFER Lab at University of Utah","2018-08-30","ElFtGy1kV49xqNP00HfxQA==","POM","1",1000,25,100,"carbon",597.62,"microgramsPerLiter","Revesz & Coplen 2012a",,
"675c05ff-db4d-4faf-9d98-4ca28515881a","D07","LECO","LECO.AOS.S2","2018-05-14","LECO.SS.20180514.POM.1","A00000011581","condition ok","SIRFER Lab at University of Utah","2018-08-30","ElFtGy1kV49xqNP00HfxQA==","POM","1",1000,25,100,"d15N",2.50,"perMill","Revesz & Coplen 2012a",,
"4ea8ca85-7f66-4584-b196-2f2516195acc","D07","LECO","LECO.AOS.S2","2018-05-14","LECO.SS.20180514.POM.1","A00000011581","condition ok","SIRFER Lab at University of Utah","2018-08-30","ElFtGy1kV49xqNP00HfxQA==","POM","1",1000,25,100,"d13C",-28.24,"perMill","Revesz & Coplen 2012a",,
"729951af-c37a-4219-93c4-9dd0e6173117","D07","LECO","LECO.AOS.S2","2018-05-21","LECO.SS.20180521.POM.1","A00000011596","condition ok","SIRFER Lab at University of Utah","2018-08-30","ElFtGy1kV49xqNP00HfxQA==","POM","1",750,25,100,"d15N",2.77,"perMill","Revesz & Coplen 2012a",,
"947d1933-d82d-4db6-a920-71b0cbce3d94","D07","LECO","LECO.AOS.S2","2018-05-21","LECO.SS.20180521.POM.1","A00000011596","condition ok","SIRFER Lab at University of Utah","2018-08-30","ElFtGy1kV49xqNP00HfxQA==","POM","1",750,25,100,"nitrogen",44.50,"microgramsPerLiter","Revesz & Coplen 2012a",,
"4ec44841-098f-4aa2-af23-2dc7f7f463db","D07","LECO","LECO.AOS.S2","2018-05-21","LECO.SS.20180521.POM.1","A00000011596","condition ok","SIRFER Lab at University of Utah","2018-08-30","ElFtGy1kV49xqNP00HfxQA==","POM","1",750,25,100,"carbon",749.07,"microgramsPerLiter","Revesz & Coplen 2012a",,
"3bbe397f-d4a4-49d1-a473-9b7b73af7efd","D07","LECO","LECO.AOS.S2","2018-05-21","LECO.SS.20180521.POM.1","A00000011596","condition ok","SIRFER Lab at University of Utah","2018-08-30","ElFtGy1kV49xqNP00HfxQA==","POM","1",750,25,100,"d13C",-29.32,"perMill","Revesz & Coplen 2012a",,
