uid,domainID,siteID,namedLocation,collectDate,sampleID,sampleCode,sampleCondition,laboratoryName,analysisDate,analyzedBy,sampleType,replicate,sampleVolumeFiltered,filterSize,percentFilterAnalyzed,analyte,analyteConcentration,plantAlgaeLabUnits,method,externalRemarks,externalLabDataQF
"2ac8516f-42e0-4941-bc09-ec737ea3a391","D07","WALK","WALK.AOS.S2","2016-04-04","WALK.SS.20160404.POM.1",,"other","Academy of Natural Sciences of Drexel University","2016-08-29","OKgcKejxXbI=","13C15N","1",,,100,"d15N",,"perMill",,"Difference in volume filtered, not enough sample for analysis",
"87173c9d-11ba-4165-b1e8-818b7f243c8d","D07","WALK","WALK.AOS.S2","2016-04-04","WALK.SS.20160404.POM.1",,"condition ok","Academy of Natural Sciences of Drexel University","2016-08-29","OKgcKejxXbI=","13C15N","1",,,100,"d15N",4.16,"perMill",,"Difference in volume filtered",
"267d2309-6382-4cfb-8a1b-9735ac44f194","D07","WALK","WALK.AOS.S2","2016-04-04","WALK.SS.20160404.POM.2",,"condition ok","Academy of Natural Sciences of Drexel University","2016-09-06","OKgcKejxXbI=","13C15N","2",,,100,"d13C",-28.53,"perMill",,"Difference in volume filtered",
"1bba556a-5556-4960-803e-f34c144b4761","D07","WALK","WALK.AOS.S2","2016-04-04","WALK.SS.20160404.POM.2",,"condition ok","Academy of Natural Sciences of Drexel University","2016-08-29","OKgcKejxXbI=","13C15N","2",,,100,"d15N",2.08,"perMill",,"Difference in volume filtered",
"4265eb04-9b63-47e7-97b8-4911f146efa1","D07","WALK","WALK.AOS.S2","2016-04-04","WALK.SS.20160404.POM.1",,"condition ok","Academy of Natural Sciences of Drexel University","2016-09-06","OKgcKejxXbI=","13C15N","1",,,100,"d13C",-30.16,"perMill",,"Difference in volume filtered",
"362f518e-f981-459f-adef-3beef8ed6f9b","D07","WALK","WALK.AOS.S2","2016-04-04","WALK.SS.20160404.POM.2",,"condition ok","Academy of Natural Sciences of Drexel University","2016-08-29","OKgcKejxXbI=","13C15N","2",,,100,"d15N",3.72,"perMill",,"Difference in volume filtered",
"1707a211-d71b-424f-9725-244b9cb2fd0d","D07","WALK","WALK.AOS.S2","2016-04-04","WALK.SS.20160404.POM.1",,"condition ok","Academy of Natural Sciences of Drexel University","2016-09-06","OKgcKejxXbI=","13C15N","1",,,100,"d13C",-30.38,"perMill",,"Difference in volume filtered",
"891ad069-655e-4141-b670-2e7bc7247bbc","D07","WALK","WALK.AOS.S2","2016-04-04","WALK.SS.20160404.POM.2",,"condition ok","Academy of Natural Sciences of Drexel University","2016-09-06","OKgcKejxXbI=","13C15N","2",,,100,"d13C",-28.66,"perMill",,"Difference in volume filtered",
"1ee92051-2fd9-4b4f-9612-908255c10215","D07","WALK","WALK.AOS.S2","2016-04-25","WALK.SS.20160425.POM.1",,"condition ok","Academy of Natural Sciences of Drexel University","2016-08-29","OKgcKejxXbI=","13C15N","1",,,100,"d15N",1.91,"perMill",,,
"e9ed0528-bb12-48a3-8ca6-b6f4814e6b02","D07","WALK","WALK.AOS.S2","2016-04-25","WALK.SS.20160425.POM.2",,"condition ok","Academy of Natural Sciences of Drexel University","2016-08-29","OKgcKejxXbI=","13C15N","2",,,100,"d15N",3.16,"perMill",,,
"03b0ae41-9bab-466f-b3c7-a3b6a59206ef","D07","WALK","WALK.AOS.S2","2016-04-25","WALK.SS.20160425.POM.1",,"condition ok","Academy of Natural Sciences of Drexel University","2016-08-29","OKgcKejxXbI=","13C15N","1",,,100,"d13C",-31.29,"perMill",,,
"b5bbf311-2cb8-477e-a712-56dbaf581195","D07","WALK","WALK.AOS.S2","2016-04-25","WALK.SS.20160425.POM.2",,"condition ok","Academy of Natural Sciences of Drexel University","2016-08-29","OKgcKejxXbI=","13C15N","2",,,100,"d13C",-29.61,"perMill",,,
