uid,domainID,siteID,namedLocation,collectDate,sampleID,sampleCode,sampleCondition,laboratoryName,analysisDate,analyzedBy,sampleType,replicate,sampleVolumeFiltered,filterSize,percentFilterAnalyzed,analyte,analyteConcentration,plantAlgaeLabUnits,method,externalRemarks,externalLabDataQF
"e512c97a-a781-4ca6-aa1b-633c31fc54ca","D02","POSE","POSE.AOS.S2","2015-06-02","POSE.SS.20150602.POM.1",,,"Academy of Natural Sciences of Drexel University","2015-08-30","OKgcKejxXbI=","CN iso","1",150,25,100,"d13C",-28.10,"perMill",,,"Audit Failed. Document: A00036_DREX_AlgalChem_DocAudit_20170407.pdf & A00036_DREX_AlgalChem_VisitAudit_20170407.pdf"
"d19b4d94-0544-4229-948b-1c9954e86c13","D02","POSE","POSE.AOS.S2","2015-06-02","POSE.SS.20150602.POM.1",,,"Academy of Natural Sciences of Drexel University","2015-08-30","OKgcKejxXbI=","CN iso","1",150,25,100,"d15N",1.20,"perMill",,,"Audit Failed. Document: A00036_DREX_AlgalChem_DocAudit_20170407.pdf & A00036_DREX_AlgalChem_VisitAudit_20170407.pdf"
"239b3ea3-6745-4cc1-a9f5-0d2d11c31488","D02","POSE","POSE.AOS.S2","2015-06-02","POSE.SS.20150602.POM.2",,,"Academy of Natural Sciences of Drexel University","2015-08-30","OKgcKejxXbI=","CN iso","2",150,25,100,"d13C",-28.86,"perMill",,,"Audit Failed. Document: A00036_DREX_AlgalChem_DocAudit_20170407.pdf & A00036_DREX_AlgalChem_VisitAudit_20170407.pdf"
"95361966-d226-467a-a4e0-0a20be55e977","D02","POSE","POSE.AOS.S2","2015-06-02","POSE.SS.20150602.POM.2",,,"Academy of Natural Sciences of Drexel University","2015-08-30","OKgcKejxXbI=","CN iso","2",150,25,100,"d15N",2.04,"perMill",,,"Audit Failed. Document: A00036_DREX_AlgalChem_DocAudit_20170407.pdf & A00036_DREX_AlgalChem_VisitAudit_20170407.pdf"
"5232b7d5-db06-4f3b-8536-8d5e336c19fb","D02","POSE","POSE.AOS.S2","2015-06-02","POSE.SS.20150602.POM.1",,,"Academy of Natural Sciences of Drexel University","2015-08-30","OKgcKejxXbI=","13C15N","1",,,100,"d15N",1.20,"perMill",,,
"1e8aec0b-a44e-4791-97fc-b56c54394842","D02","POSE","POSE.AOS.S2","2015-06-02","POSE.SS.20150602.POM.2",,,"Academy of Natural Sciences of Drexel University","2015-08-30","OKgcKejxXbI=","13C15N","2",,,100,"d15N",2.04,"perMill",,,
"6c43e96b-627d-47c6-bc89-82e9bd16a673","D02","POSE","POSE.AOS.S2","2015-06-02","POSE.SS.20150602.POM.1",,,"Academy of Natural Sciences of Drexel University","2015-08-30","OKgcKejxXbI=","13C15N","1",,,100,"d13C",-28.10,"perMill",,,
"343b1543-e37d-4600-9983-3f2476c4cb09","D02","POSE","POSE.AOS.S2","2015-06-02","POSE.SS.20150602.POM.2",,,"Academy of Natural Sciences of Drexel University","2015-08-30","OKgcKejxXbI=","13C15N","2",,,100,"d13C",-28.86,"perMill",,,
"78dd8800-f9f0-495d-a19e-60dc35d3314c","D02","POSE","POSE.AOS.S2","2015-06-16","POSE.SS.20150616.POM.1",,,"Academy of Natural Sciences of Drexel University","2015-08-30","OKgcKejxXbI=","CN iso","1",100,25,100,"d15N",2.78,"perMill",,,"Audit Failed. Document: A00036_DREX_AlgalChem_DocAudit_20170407.pdf & A00036_DREX_AlgalChem_VisitAudit_20170407.pdf"
"357ba923-e6b0-48f6-91d5-090fe55becd8","D02","POSE","POSE.AOS.S2","2015-06-16","POSE.SS.20150616.POM.2",,,"Academy of Natural Sciences of Drexel University","2015-08-30","OKgcKejxXbI=","CN iso","2",100,25,100,"d15N",2.73,"perMill",,,"Audit Failed. Document: A00036_DREX_AlgalChem_DocAudit_20170407.pdf & A00036_DREX_AlgalChem_VisitAudit_20170407.pdf"
"c7376af9-bbaf-4ace-ab3a-11110eaedc3f","D02","POSE","POSE.AOS.S2","2015-06-16","POSE.SS.20150616.POM.2",,,"Academy of Natural Sciences of Drexel University","2015-08-30","OKgcKejxXbI=","CN iso","2",100,25,100,"d13C",-28.01,"perMill",,,"Audit Failed. Document: A00036_DREX_AlgalChem_DocAudit_20170407.pdf & A00036_DREX_AlgalChem_VisitAudit_20170407.pdf"
"d323bd28-d96d-4878-915c-1cbd8b123b31","D02","POSE","POSE.AOS.S2","2015-06-16","POSE.SS.20150616.POM.1",,,"Academy of Natural Sciences of Drexel University","2015-08-30","OKgcKejxXbI=","CN iso","1",100,25,100,"d13C",-28.14,"perMill",,,"Audit Failed. Document: A00036_DREX_AlgalChem_DocAudit_20170407.pdf & A00036_DREX_AlgalChem_VisitAudit_20170407.pdf"
"0a5011c0-a896-482c-9dc7-e1b964778c9a","D02","POSE","POSE.AOS.S2","2015-06-16","POSE.SS.20150616.POM.1",,,"Academy of Natural Sciences of Drexel University","2015-08-30","OKgcKejxXbI=","13C15N","1",,,100,"d15N",2.78,"perMill",,,
"6469cd70-f74d-4098-b87d-4e50810a8904","D02","POSE","POSE.AOS.S2","2015-06-16","POSE.SS.20150616.POM.2",,,"Academy of Natural Sciences of Drexel University","2015-08-30","OKgcKejxXbI=","13C15N","2",,,100,"d15N",2.73,"perMill",,,
"2f0374ec-da24-4c06-ab24-cf5b01b8fdec","D02","POSE","POSE.AOS.S2","2015-06-16","POSE.SS.20150616.POM.1",,,"Academy of Natural Sciences of Drexel University","2015-08-30","OKgcKejxXbI=","13C15N","1",,,100,"d13C",-28.14,"perMill",,,
"5a8987de-a311-4c3a-ab82-8b020d0acac3","D02","POSE","POSE.AOS.S2","2015-06-16","POSE.SS.20150616.POM.2",,,"Academy of Natural Sciences of Drexel University","2015-08-30","OKgcKejxXbI=","13C15N","2",,,100,"d13C",-28.01,"perMill",,,
