uid,domainID,siteID,namedLocation,collectDate,sampleID,sampleCode,sampleCondition,laboratoryName,analysisDate,analyzedBy,sampleType,replicate,sampleVolumeFiltered,filterSize,percentFilterAnalyzed,analyte,analyteConcentration,plantAlgaeLabUnits,method,externalRemarks,externalLabDataQF
"914572a6-3b3c-4efa-be80-f22552713e38","D07","LECO","LECO.AOS.S2","2017-11-13","LECO.SS.20171113.POM.1",,"condition ok","SIRFER Lab at University of Utah","2018-08-30","ElFtGy1kV49xqNP00HfxQA==","POM","1",1000,25,100,"carbon",365.74,"microgramsPerLiter","Revesz & Coplen 2012a",,
"4b77b455-469d-4155-a810-055c6ddb8646","D07","LECO","LECO.AOS.S2","2017-11-13","LECO.SS.20171113.POM.1",,"condition ok","SIRFER Lab at University of Utah","2018-08-30","ElFtGy1kV49xqNP00HfxQA==","POM","1",1000,25,100,"d15N",2.29,"perMill","Revesz & Coplen 2012a",,
"5f97fcb2-0a81-4ef4-ad0d-244b3dd691d3","D07","LECO","LECO.AOS.S2","2017-11-13","LECO.SS.20171113.POM.1",,"condition ok","SIRFER Lab at University of Utah","2018-08-30","ElFtGy1kV49xqNP00HfxQA==","POM","1",1000,25,100,"nitrogen",21.88,"microgramsPerLiter","Revesz & Coplen 2012a",,
"346ab119-f7ed-49c3-9047-62b072d039e1","D07","LECO","LECO.AOS.S2","2017-11-13","LECO.SS.20171113.POM.1",,"condition ok","SIRFER Lab at University of Utah","2018-08-30","ElFtGy1kV49xqNP00HfxQA==","POM","1",1000,25,100,"d13C",-28.71,"perMill","Revesz & Coplen 2012a",,
"893818cf-bc4f-48c1-ad39-b1ca96a3b5d4","D07","LECO","LECO.AOS.S2","2017-11-27","LECO.SS.20171127.POM.1",,"condition ok","SIRFER Lab at University of Utah","2018-08-30","ElFtGy1kV49xqNP00HfxQA==","POM","1",,25,100,"nitrogen",,"microgramsPerLiter","Revesz & Coplen 2012a",,
"e5218d22-7d62-4954-9660-4e0f8f309add","D07","LECO","LECO.AOS.S2","2017-11-27","LECO.SS.20171127.POM.1",,"condition ok","SIRFER Lab at University of Utah","2018-08-30","ElFtGy1kV49xqNP00HfxQA==","POM","1",,25,100,"d13C",-28.41,"perMill","Revesz & Coplen 2012a",,
"51832997-5fcb-4328-bfee-24c76cc32ef4","D07","LECO","LECO.AOS.S2","2017-11-27","LECO.SS.20171127.POM.1",,"condition ok","SIRFER Lab at University of Utah","2018-08-30","ElFtGy1kV49xqNP00HfxQA==","POM","1",,25,100,"carbon",,"microgramsPerLiter","Revesz & Coplen 2012a",,
"3aa8776f-96c2-45bc-bae4-410e3930af61","D07","LECO","LECO.AOS.S2","2017-11-27","LECO.SS.20171127.POM.1",,"condition ok","SIRFER Lab at University of Utah","2018-08-30","ElFtGy1kV49xqNP00HfxQA==","POM","1",,25,100,"d15N",1.96,"perMill","Revesz & Coplen 2012a",,
