uid,domainID,siteID,namedLocation,collectDate,sampleID,sampleCode,sampleCondition,laboratoryName,analysisDate,analyzedBy,sampleType,replicate,sampleVolumeFiltered,filterSize,percentFilterAnalyzed,analyte,analyteConcentration,plantAlgaeLabUnits,method,externalRemarks,externalLabDataQF
"74868db0-9cd1-4547-8bd3-1cd1f4582a55","D08","MAYF","MAYF.AOS.S2","2019-02-05","MAYF.SS.20190205.POM.1","A00000047998","condition ok","SIRFER Lab at University of Utah","2019-04-18","ElFtGy1kV49xqNP00HfxQA==","POM","1",100,25,100,"carbon",768.66,"microgramsPerLiter","Revesz & Coplen 2012a",,
"e9703560-3522-48c3-b8d9-d00c7814fd6d","D08","MAYF","MAYF.AOS.S2","2019-02-05","MAYF.SS.20190205.POM.1","A00000047998","condition ok","SIRFER Lab at University of Utah","2019-04-18","ElFtGy1kV49xqNP00HfxQA==","POM","1",100,25,100,"d13C",-28.40,"perMill","Revesz & Coplen 2012a",,
"3a7ad1d7-7dda-46d0-8ed5-ba00ed32739e","D08","MAYF","MAYF.AOS.S2","2019-02-05","MAYF.SS.20190205.POM.1","A00000047998","condition ok","SIRFER Lab at University of Utah","2019-04-18","ElFtGy1kV49xqNP00HfxQA==","POM","1",100,25,100,"d15N",3.55,"perMill","Revesz & Coplen 2012a",,
"4f696e1e-408b-4e30-ba22-3e3bb583efe4","D08","MAYF","MAYF.AOS.S2","2019-02-05","MAYF.SS.20190205.POM.1","A00000047998","condition ok","SIRFER Lab at University of Utah","2019-04-18","ElFtGy1kV49xqNP00HfxQA==","POM","1",100,25,100,"nitrogen",53.70,"microgramsPerLiter","Revesz & Coplen 2012a",,
"aefc815f-fcf0-4032-85c4-45cd6f7d45d5","D08","MAYF","MAYF.AOS.S2","2019-02-19","MAYF.SS.20190219.POM.1","A00000048313","condition ok","SIRFER Lab at University of Utah","2019-04-18","ElFtGy1kV49xqNP00HfxQA==","POM","1",50,25,100,"nitrogen",55.39,"microgramsPerLiter","Revesz & Coplen 2012a",,
"c1f2e090-8cb0-49df-84af-4eb091fbe280","D08","MAYF","MAYF.AOS.S2","2019-02-19","MAYF.SS.20190219.POM.1","A00000048313","condition ok","SIRFER Lab at University of Utah","2019-04-18","ElFtGy1kV49xqNP00HfxQA==","POM","1",50,25,100,"carbon",904.09,"microgramsPerLiter","Revesz & Coplen 2012a",,
"6a888430-4d91-4d7d-bde5-155866206cec","D08","MAYF","MAYF.AOS.S2","2019-02-19","MAYF.SS.20190219.POM.1","A00000048313","condition ok","SIRFER Lab at University of Utah","2019-04-18","ElFtGy1kV49xqNP00HfxQA==","POM","1",50,25,100,"d15N",2.92,"perMill","Revesz & Coplen 2012a",,
"4f91b018-480d-4122-b88d-c6c78a818f38","D08","MAYF","MAYF.AOS.S2","2019-02-19","MAYF.SS.20190219.POM.1","A00000048313","condition ok","SIRFER Lab at University of Utah","2019-04-18","ElFtGy1kV49xqNP00HfxQA==","POM","1",50,25,100,"d13C",-28.64,"perMill","Revesz & Coplen 2012a",,
"940364ee-4a20-4815-8e14-190275ee9179","D08","MAYF","MAYF.AOS.S2","2019-02-25","MAYF.SS.20190225.POM.1","A00000048467","condition ok","SIRFER Lab at University of Utah","2019-05-09","ElFtGy1kV49xqNP00HfxQA==","POM","1",100,25,100,"carbon",642.31,"microgramsPerLiter","Revesz & Coplen 2012a",,
"6a0f4b6f-fe73-464e-b36a-ffda579f91dd","D08","MAYF","MAYF.AOS.S2","2019-02-25","MAYF.SS.20190225.POM.1","A00000048467","condition ok","SIRFER Lab at University of Utah","2019-05-09","ElFtGy1kV49xqNP00HfxQA==","POM","1",100,25,100,"nitrogen",40.05,"microgramsPerLiter","Revesz & Coplen 2012a",,
"7e29106e-8b7c-462e-8752-1acd7797f1c6","D08","MAYF","MAYF.AOS.S2","2019-02-25","MAYF.SS.20190225.POM.1","A00000048467","condition ok","SIRFER Lab at University of Utah","2019-05-09","ElFtGy1kV49xqNP00HfxQA==","POM","1",100,25,100,"d13C",-29.01,"perMill","Revesz & Coplen 2012a",,
"949c0827-ab5a-49c7-bcd5-9661cb6883a7","D08","MAYF","MAYF.AOS.S2","2019-02-25","MAYF.SS.20190225.POM.1","A00000048467","condition ok","SIRFER Lab at University of Utah","2019-05-09","ElFtGy1kV49xqNP00HfxQA==","POM","1",100,25,100,"d15N",4.92,"perMill","Revesz & Coplen 2012a",,
