uid,domainID,siteID,namedLocation,collectDate,sampleID,sampleCode,sampleCondition,laboratoryName,analysisDate,analyzedBy,sampleType,replicate,sampleVolumeFiltered,filterSize,percentFilterAnalyzed,analyte,analyteConcentration,plantAlgaeLabUnits,method,externalRemarks,externalLabDataQF
"9717a7c6-ad4c-4ce0-970f-164351a68699","D06","MCDI","MCDI.AOS.S2","2018-02-13","MCDI.SS.20180213.POM.1",,"condition ok","SIRFER Lab at University of Utah","2018-08-03","ElFtGy1kV49xqNP00HfxQA==","POM","1",1670,25,100,"d15N",6.97,"perMill","Revesz & Coplen 2012a",,
"39f8f3f2-c8f9-437c-b87c-f06d66ea8097","D06","MCDI","MCDI.AOS.S2","2018-02-13","MCDI.SS.20180213.POM.1",,"condition ok","SIRFER Lab at University of Utah","2018-08-03","ElFtGy1kV49xqNP00HfxQA==","POM","1",1670,25,100,"carbon",121.30,"microgramsPerLiter","Revesz & Coplen 2012a",,
"60551c76-7b18-4067-9b99-9a53625da588","D06","MCDI","MCDI.AOS.S2","2018-02-13","MCDI.SS.20180213.POM.1",,"condition ok","SIRFER Lab at University of Utah","2018-08-03","ElFtGy1kV49xqNP00HfxQA==","POM","1",1670,25,100,"nitrogen",14.13,"microgramsPerLiter","Revesz & Coplen 2012a",,
"447c34e0-dfdf-47cd-bbfd-25ce95234e23","D06","MCDI","MCDI.AOS.S2","2018-02-13","MCDI.SS.20180213.POM.1",,"condition ok","SIRFER Lab at University of Utah","2018-08-03","ElFtGy1kV49xqNP00HfxQA==","POM","1",1670,25,100,"d13C",-28.00,"perMill","Revesz & Coplen 2012a",,
