uid,domainID,siteID,namedLocation,collectDate,sampleID,sampleCode,sampleCondition,laboratoryName,analysisDate,analyzedBy,sampleType,replicate,sampleVolumeFiltered,filterSize,percentFilterAnalyzed,analyte,analyteConcentration,plantAlgaeLabUnits,method,externalRemarks,externalLabDataQF
"7d0528bc-e2b1-48fc-98fd-ae6718565af5","D16","MCRA","MCRA.AOS.S2","2019-02-06","MCRA.SS.20190206.POM.1","A00000061055","condition ok","SIRFER Lab at University of Utah","2019-07-09","ElFtGy1kV49xqNP00HfxQA==","POM","1",1500,25,100,"d13C",-26.75,"perMill","Revesz & Coplen 2012a",,
"a93a737b-20a1-43b2-af28-75d40e6d7c68","D16","MCRA","MCRA.AOS.S2","2019-02-06","MCRA.SS.20190206.POM.1","A00000061055","condition ok","SIRFER Lab at University of Utah","2019-07-09","ElFtGy1kV49xqNP00HfxQA==","POM","1",1500,25,100,"nitrogen",7.45,"microgramsPerLiter","Revesz & Coplen 2012a",,
"b17b1aca-dedb-4cc1-aa19-592af88a10b3","D16","MCRA","MCRA.AOS.S2","2019-02-06","MCRA.SS.20190206.POM.1","A00000061055","condition ok","SIRFER Lab at University of Utah","2019-07-09","ElFtGy1kV49xqNP00HfxQA==","POM","1",1500,25,100,"d15N",3.30,"perMill","Revesz & Coplen 2012a",,
"1446f102-3248-464a-a3ea-182d62846028","D16","MCRA","MCRA.AOS.S2","2019-02-06","MCRA.SS.20190206.POM.1","A00000061055","condition ok","SIRFER Lab at University of Utah","2019-07-09","ElFtGy1kV49xqNP00HfxQA==","POM","1",1500,25,100,"carbon",87.61,"microgramsPerLiter","Revesz & Coplen 2012a",,
