uid,domainID,siteID,namedLocation,collectDate,sampleID,sampleCode,sampleCondition,laboratoryName,analysisDate,analyzedBy,sampleType,replicate,sampleVolumeFiltered,filterSize,percentFilterAnalyzed,analyte,analyteConcentration,plantAlgaeLabUnits,method,externalRemarks,externalLabDataQF
"c8381226-c9eb-4bf7-94f8-c59649598eda","D03","SUGG","SUGG.AOS.buoy.c0","2018-01-03","SUGG.C0.20180103.POM.1",,"condition ok","SIRFER Lab at University of Utah","2018-07-28","ElFtGy1kV49xqNP00HfxQA==","POM","1",450,25,100,"nitrogen",44.86,"microgramsPerLiter","Revesz & Coplen 2012a",,
"c6f5a797-b0cb-4b5b-8048-25704f2d053a","D03","SUGG","SUGG.AOS.buoy.c0","2018-01-03","SUGG.C0.20180103.POM.1",,"condition ok","SIRFER Lab at University of Utah","2018-07-28","ElFtGy1kV49xqNP00HfxQA==","POM","1",450,25,100,"d13C",-28.96,"perMill","Revesz & Coplen 2012a",,
"a529a4f3-63ca-48c0-a4af-3255e4c010aa","D03","SUGG","SUGG.AOS.buoy.c0","2018-01-03","SUGG.C0.20180103.POM.1",,"condition ok","SIRFER Lab at University of Utah","2018-07-28","ElFtGy1kV49xqNP00HfxQA==","POM","1",450,25,100,"d15N",2.68,"perMill","Revesz & Coplen 2012a",,
"a4c20115-52e4-4d62-a557-6edd1366a95c","D03","SUGG","SUGG.AOS.buoy.c0","2018-01-03","SUGG.C0.20180103.POM.1",,"condition ok","SIRFER Lab at University of Utah","2018-07-28","ElFtGy1kV49xqNP00HfxQA==","POM","1",450,25,100,"carbon",469.97,"microgramsPerLiter","Revesz & Coplen 2012a",,
