uid,domainID,siteID,namedLocation,decimalLatitude,decimalLongitude,coordinateUncertainty,additionalCoordUncertainty,elevation,elevationUncertainty,geodeticDatum,altLocation,altLatitude,altLongitude,altCoordinateUncertainty,altGeodeticDatum,collectDate,aquaticSiteType,samplingImpractical,parentSampleID,parentSampleCode,eventID,samplerType,dissolvedOxygen,dissolvedOxygenSaturation,specificConductance,waterTemp,asiSamplingProtocolVersion,lowerSegmentDepth,upperSegmentDepth,maxDepth,lakeSampleDepth1,lakeSampleDepth2,aCollectedBy,bCollectedBy,remarks,fieldDataQF
"55a40752-9ba7-4b04-abc8-ed4236d76c9e","D06","MCDI","MCDI.AOS.S2",38.946553,-96.442948,0.1,10.0,371.2,0.1,"WGS84",,,,,,"2017-06-05T14:35Z","stream",,"MCDI.SS.20170605",,"MCDI.20170605","Grab",8.42,84.60,843.00,18.60,"NEON.DOC.001886vE",,,,,,"jkukulski@battelleecology.org","eminnick@battelleecology.org",,
"56cdd0f2-de9d-4a37-a520-5c887984babc","D06","MCDI","MCDI.AOS.S2",38.946553,-96.442948,0.1,10.0,371.2,0.1,"WGS84",,,,,,"2017-06-12T16:45Z","stream",,"MCDI.SS.20170612",,"MCDI.20170612","Grab",10.24,119.50,1070.00,21.40,"NEON.DOC.001886vE",,,,,,"egawanda@battelleecology.org","jkukulski@battelleecology.org",,
"b145cd8f-0280-4c74-a66b-df7e887219e9","D06","MCDI","MCDI.AOS.S2",38.946553,-96.442948,0.1,10.0,371.2,0.1,"WGS84",,,,,,"2017-06-19T13:57Z","stream",,"MCDI.SS.20170619",,"MCDI.20170619","Grab",7.60,82.50,636.00,18.10,"NEON.DOC.001886vE",,,,,,"jkukulski@battelleecology.org","egawanda@battelleecology.org",,
"39777152-c5ce-40ce-af70-b62397f287b1","D06","MCDI","MCDI.AOS.S2",38.946553,-96.442948,0.1,10.0,371.2,0.1,"WGS84",,,,,,"2017-06-27T18:13Z","stream",,"MCDI.SS.20170627",,"MCDI.20170627","Grab",9.19,101.20,605.00,19.40,"NEON.DOC.001886vE",,,,,,"egawanda@battelleecology.org","jkukulski@battelleecology.org",,
