uid,domainID,siteID,namedLocation,collectDate,parentSampleID,parentSampleCode,isotopeH2OSampleCond,isotopeH2OSampleID,isotopeH2OSampleCode,isotopePOMRep2SampleCond,isotopePOMRep2SampleID,isotopePOMRep2SampleCode,isotopePOMSampleCond,isotopePOMSampleID,isotopePOMSampleCode,processedDateFilters,processedDateH2OIsotopes,sampleVolumeFilteredPOMRep1,sampleVolumeFilteredPOMRep2,fieldDataQF
"ead30686-d823-409c-a0ec-37910932d46e","D06","MCDI","MCDI.AOS.S2","2017-06-05T14:35Z","MCDI.SS.20170605",,"Sample condition ok","MCDI.SS.20170605.H2O.1",,"Sample condition ok","MCDI.SS.20170605.POM.2",,"Sample condition ok","MCDI.SS.20170605.POM.1",,"2017-06-05T16:20Z","2017-06-05T14:40Z",366,370,
"b4d6d320-f75c-4e37-afeb-fe22af03de76","D06","MCDI","MCDI.AOS.S2","2017-06-12T16:45Z","MCDI.SS.20170612",,"Sample condition ok","MCDI.SS.20170612.H2O.1",,"Sample condition ok","MCDI.SS.20170612.POM.2",,"Sample condition ok","MCDI.SS.20170612.POM.1",,"2017-06-12T18:00Z","2017-06-16T16:15Z",700,700,
"496f1e66-6e4a-4be4-968d-c26d67853da4","D06","MCDI","MCDI.AOS.S2","2017-06-19T13:57Z","MCDI.SS.20170619",,,"MCDI.SS.20170619.H2O.1",,,"MCDI.SS.20170619.POM.2",,,"MCDI.SS.20170619.POM.1",,"2017-06-19T15:50Z","2017-06-19T13:57Z",750,750,
"2e5036e1-9b5d-48b5-a57f-3c463ae18aa9","D06","MCDI","MCDI.AOS.S2","2017-06-27T18:13Z","MCDI.SS.20170627",,"Sample condition ok","MCDI.SS.20170627.H2O.1",,"Sample condition ok","MCDI.SS.20170627.POM.2",,"Sample condition ok","MCDI.SS.20170627.POM.1",,"2017-06-27T20:15Z","2017-06-27T20:20Z",750,750,
