uid,domainID,siteID,namedLocation,collectDate,sampleID,sampleCode,sampleCondition,laboratoryName,analysisDate,analyzedBy,sampleType,replicate,sampleVolumeFiltered,filterSize,percentFilterAnalyzed,analyte,analyteConcentration,plantAlgaeLabUnits,method,externalRemarks,externalLabDataQF
"97a159ec-9d75-4946-aef6-086f73567e89","D06","MCDI","MCDI.AOS.S2","2017-06-05","MCDI.SS.20170605.POM.1",,"condition ok","SIRFER Lab at University of Utah","2018-03-07","ElFtGy1kV49xqNP00HfxQA==","POM","1",,,100,"nitrogen",65.52,"microgramsPerLiter","Revesz & Coplen 2012a",,
"ae01c17e-3963-4212-9d5f-c094ebd97e38","D06","MCDI","MCDI.AOS.S2","2017-06-05","MCDI.SS.20170605.POM.1",,"condition ok","SIRFER Lab at University of Utah","2018-03-07","ElFtGy1kV49xqNP00HfxQA==","POM","1",,,100,"d15N",0.59,"perMill","Revesz & Coplen 2012a",,
"0f354597-c30f-422e-bf5a-3e90efd0af1f","D06","MCDI","MCDI.AOS.S2","2017-06-05","MCDI.SS.20170605.POM.1",,"condition ok","SIRFER Lab at University of Utah","2018-03-07","ElFtGy1kV49xqNP00HfxQA==","POM","1",,,100,"d13C",-24.40,"perMill","Revesz & Coplen 2012a",,
"2a16e84b-9537-4cd7-8c70-3ccff6ea623c","D06","MCDI","MCDI.AOS.S2","2017-06-05","MCDI.SS.20170605.POM.1",,"condition ok","SIRFER Lab at University of Utah","2018-03-07","ElFtGy1kV49xqNP00HfxQA==","POM","1",,,100,"carbon",478.38,"microgramsPerLiter","Revesz & Coplen 2012a",,
"8716d3da-c063-4429-9559-13d3b364b206","D06","MCDI","MCDI.AOS.S2","2017-06-12","MCDI.SS.20170612.POM.1",,"condition ok","SIRFER Lab at University of Utah","2018-03-07","ElFtGy1kV49xqNP00HfxQA==","POM","1",,,100,"d13C",-23.14,"perMill","Revesz & Coplen 2012a",,
"b48c57ef-ca5c-4bba-8728-28159ccdbfe0","D06","MCDI","MCDI.AOS.S2","2017-06-12","MCDI.SS.20170612.POM.1",,"condition ok","SIRFER Lab at University of Utah","2018-03-07","ElFtGy1kV49xqNP00HfxQA==","POM","1",,,100,"nitrogen",25.16,"microgramsPerLiter","Revesz & Coplen 2012a",,
"a81c9d0a-59fe-4e48-8805-ac26f7b377a2","D06","MCDI","MCDI.AOS.S2","2017-06-12","MCDI.SS.20170612.POM.1",,"condition ok","SIRFER Lab at University of Utah","2018-03-07","ElFtGy1kV49xqNP00HfxQA==","POM","1",,,100,"carbon",203.04,"microgramsPerLiter","Revesz & Coplen 2012a",,
"7d95d6c8-7c41-43e6-bbbb-35f8e03ab67f","D06","MCDI","MCDI.AOS.S2","2017-06-12","MCDI.SS.20170612.POM.1",,"condition ok","SIRFER Lab at University of Utah","2018-03-07","ElFtGy1kV49xqNP00HfxQA==","POM","1",,,100,"d15N",1.10,"perMill","Revesz & Coplen 2012a",,
"df9ac002-fb0a-4fdf-acae-309c0589ea5c","D06","MCDI","MCDI.AOS.S2","2017-06-19","MCDI.SS.20170619.POM.1",,"condition ok","SIRFER Lab at University of Utah","2018-03-07","ElFtGy1kV49xqNP00HfxQA==","POM","1",,,100,"d13C",-24.12,"perMill","Revesz & Coplen 2012a",,
"cfa97908-f4f3-4d29-a22f-6235c6412525","D06","MCDI","MCDI.AOS.S2","2017-06-19","MCDI.SS.20170619.POM.1",,"condition ok","SIRFER Lab at University of Utah","2018-03-07","ElFtGy1kV49xqNP00HfxQA==","POM","1",,,100,"nitrogen",20.29,"microgramsPerLiter","Revesz & Coplen 2012a",,
"247107eb-d28c-4213-8f38-b06556f24b22","D06","MCDI","MCDI.AOS.S2","2017-06-19","MCDI.SS.20170619.POM.1",,"condition ok","SIRFER Lab at University of Utah","2018-03-07","ElFtGy1kV49xqNP00HfxQA==","POM","1",,,100,"carbon",166.98,"microgramsPerLiter","Revesz & Coplen 2012a",,
"918cad07-be70-4017-9b3e-0c08c51860eb","D06","MCDI","MCDI.AOS.S2","2017-06-19","MCDI.SS.20170619.POM.1",,"condition ok","SIRFER Lab at University of Utah","2018-03-07","ElFtGy1kV49xqNP00HfxQA==","POM","1",,,100,"d15N",-4.45,"perMill","Revesz & Coplen 2012a",,
"f33c3321-6084-4d12-9f8a-f3eaa032bd98","D06","MCDI","MCDI.AOS.S2","2017-06-27","MCDI.SS.20170627.POM.1",,"condition ok","SIRFER Lab at University of Utah","2018-03-07","ElFtGy1kV49xqNP00HfxQA==","POM","1",,,100,"nitrogen",24.37,"microgramsPerLiter","Revesz & Coplen 2012a",,
"212df940-71f7-41ab-8d5d-4f8ec68062f7","D06","MCDI","MCDI.AOS.S2","2017-06-27","MCDI.SS.20170627.POM.1",,"condition ok","SIRFER Lab at University of Utah","2018-03-07","ElFtGy1kV49xqNP00HfxQA==","POM","1",,,100,"carbon",206.68,"microgramsPerLiter","Revesz & Coplen 2012a",,
"24321c71-d8fd-48b8-86ca-577728d4d888","D06","MCDI","MCDI.AOS.S2","2017-06-27","MCDI.SS.20170627.POM.1",,"condition ok","SIRFER Lab at University of Utah","2018-03-07","ElFtGy1kV49xqNP00HfxQA==","POM","1",,,100,"d15N",9.50,"perMill","Revesz & Coplen 2012a",,
"ff3b6b8f-aafb-47d2-9a21-309aa293fd76","D06","MCDI","MCDI.AOS.S2","2017-06-27","MCDI.SS.20170627.POM.1",,"condition ok","SIRFER Lab at University of Utah","2018-03-07","ElFtGy1kV49xqNP00HfxQA==","POM","1",,,100,"d13C",-22.23,"perMill","Revesz & Coplen 2012a",,
