uid,domainID,siteID,namedLocation,collectDate,parentSampleID,parentSampleCode,isotopeH2OSampleCond,isotopeH2OSampleID,isotopeH2OSampleCode,isotopePOMRep2SampleCond,isotopePOMRep2SampleID,isotopePOMRep2SampleCode,isotopePOMSampleCond,isotopePOMSampleID,isotopePOMSampleCode,processedDateFilters,processedDateH2OIsotopes,sampleVolumeFilteredPOMRep1,sampleVolumeFilteredPOMRep2,fieldDataQF
"28d35166-860e-47e9-9d6e-c537b3bfaab8","D01","HOPB","HOPB.AOS.S2","2019-11-05T15:17Z","HOPB.SS.20191105",,"Sample condition ok","HOPB.SS.20191105.H2O.1","A00000126198","Sample condition ok","HOPB.SS.20191105.POM.2","A00000126038","Sample condition ok","HOPB.SS.20191105.POM.1","A00000126039","2019-11-05T17:57Z","2019-11-05T15:36Z",600,600,
"d9e9f2d8-5be3-455c-8355-247475161658","D01","HOPB","HOPB.AOS.S2","2019-11-13T14:43Z","HOPB.SS.20191113",,"Sample condition ok","HOPB.SS.20191113.H2O.1","A00000126240","Sample condition ok","HOPB.SS.20191113.POM.2","A00000126237","Sample condition ok","HOPB.SS.20191113.POM.1","A00000126219","2019-11-13T17:31Z","2019-11-13T14:47Z",600,600,
"4edc8229-2d37-41cf-ba49-13cb368f59b3","D01","HOPB","HOPB.AOS.S2","2019-11-13T14:43Z","HOPB.SS.20191113",,"Sample condition ok","HOPB.SS.20191113.H2O.3","A00000126238",,,,,,,,"2019-11-13T14:55Z",,,
"7ba79db6-f966-4615-9133-d792f81b8cb0","D01","HOPB","HOPB.AOS.S2","2019-11-13T14:43Z","HOPB.SS.20191113",,"Sample condition ok","HOPB.SS.20191113.H2O.2","A00000126239",,,,,,,,"2019-11-13T14:51Z",,,
