uid,domainID,siteID,namedLocation,collectDate,sampleID,sampleCode,sampleCondition,laboratoryName,analysisDate,analyzedBy,sampleType,replicate,sampleVolumeFiltered,filterSize,percentFilterAnalyzed,analyte,analyteConcentration,plantAlgaeLabUnits,method,externalRemarks,externalLabDataQF
"75b4dbf4-faec-4c8b-a4f1-55f56d704ccb","D04","CUPE","CUPE.AOS.S2","2015-11-03","CUPE.SS.20151103.POM.1",,"other","Academy of Natural Sciences of Drexel University","2017-03-03","OKgcKejxXbI=","13C15N","1",,,100,"d15N",1.84,"perMill",,"sample poorly folded, sample loss",
"d248dc1b-bd89-45a7-b2d6-b9a5187d0a19","D04","CUPE","CUPE.AOS.S2","2015-11-03","CUPE.SS.20151103.POM.1",,"other","Academy of Natural Sciences of Drexel University","2017-03-03","OKgcKejxXbI=","13C15N","1",,,100,"d13C",-27.36,"perMill",,"sample poorly folded, sample loss",
"0773883e-0111-4eb3-af78-3a9916cba553","D04","CUPE","CUPE.AOS.S2","2015-11-03","CUPE.SS.20151103.POM.2",,"other","Academy of Natural Sciences of Drexel University","2017-05-17","OKgcKejxXbI=","13C15N","2",,,100,"d15N",1.21,"perMill",,"sample poorly folded, sample loss",
"3ffba59c-9605-47f1-b994-edfb339825f7","D04","CUPE","CUPE.AOS.S2","2015-11-03","CUPE.SS.20151103.POM.2",,"other","Academy of Natural Sciences of Drexel University","2017-05-17","OKgcKejxXbI=","13C15N","2",,,100,"d13C",-27.96,"perMill",,"sample poorly folded, sample loss",
"84d87c52-c032-415c-810c-22c9a0937fb0","D04","CUPE","CUPE.AOS.S2","2015-11-12","CUPE.SS.20151112.POM.2",,"other","Academy of Natural Sciences of Drexel University","2017-05-17","OKgcKejxXbI=","13C15N","2",,,100,"d13C",-30.68,"perMill",,"sample poorly folded, sample loss",
"b3d4e2ed-caf9-4609-af51-b0d9087f697c","D04","CUPE","CUPE.AOS.S2","2015-11-12","CUPE.SS.20151112.POM.1",,"other","Academy of Natural Sciences of Drexel University","2017-03-03","OKgcKejxXbI=","13C15N","1",,,100,"d15N",1.16,"perMill",,"sample poorly folded, sample loss",
"8e8de494-4d39-4592-8d31-682c9ecb3f08","D04","CUPE","CUPE.AOS.S2","2015-11-12","CUPE.SS.20151112.POM.2",,"other","Academy of Natural Sciences of Drexel University","2017-05-17","OKgcKejxXbI=","13C15N","2",,,100,"d15N",6.24,"perMill",,"sample poorly folded, sample loss",
"a6d95c76-26dd-4a10-85aa-39b032b05a9f","D04","CUPE","CUPE.AOS.S2","2015-11-12","CUPE.SS.20151112.POM.1",,"other","Academy of Natural Sciences of Drexel University","2017-03-03","OKgcKejxXbI=","13C15N","1",,,100,"d13C",-27.54,"perMill",,"sample poorly folded, sample loss",
