uid,domainID,siteID,namedLocation,collectDate,sampleID,sampleCode,sampleCondition,laboratoryName,analysisDate,analyzedBy,sampleType,replicate,sampleVolumeFiltered,filterSize,percentFilterAnalyzed,analyte,analyteConcentration,plantAlgaeLabUnits,method,externalRemarks,externalLabDataQF
"1bd2d34d-66e9-4876-8a19-7379c8b992cf","D02","LEWI","LEWI.AOS.S2","2017-09-13","LEWI.SS.20170913.POM.1",,"condition ok","SIRFER Lab at University of Utah","2018-03-05","ElFtGy1kV49xqNP00HfxQA==","POM","1",800,25,100,"d15N",6.53,"perMill","Revesz & Coplen 2012a",,
"b1f03b31-d9f5-4740-993c-17028e376c94","D02","LEWI","LEWI.AOS.S2","2017-09-13","LEWI.SS.20170913.POM.1",,"condition ok","SIRFER Lab at University of Utah","2018-03-05","ElFtGy1kV49xqNP00HfxQA==","POM","1",800,25,100,"carbon",292.54,"percent","Revesz & Coplen 2012a",,
"dc074af8-aecb-4cd4-aa82-33f30d50a9b6","D02","LEWI","LEWI.AOS.S2","2017-09-13","LEWI.SS.20170913.POM.1",,"condition ok","SIRFER Lab at University of Utah","2018-03-05","ElFtGy1kV49xqNP00HfxQA==","POM","1",800,25,100,"d13C",-23.56,"perMill","Revesz & Coplen 2012a",,
"d6b635e6-f3a9-459f-8bcd-911434bf5cdf","D02","LEWI","LEWI.AOS.S2","2017-09-13","LEWI.SS.20170913.POM.1",,"condition ok","SIRFER Lab at University of Utah","2018-03-05","ElFtGy1kV49xqNP00HfxQA==","POM","1",800,25,100,"nitrogen",30.43,"percent","Revesz & Coplen 2012a",,
"c3d5f860-ae65-4b19-be83-cdb5442ab4df","D02","LEWI","LEWI.AOS.S2","2017-09-27","LEWI.SS.20170927.POM.1",,"condition ok","SIRFER Lab at University of Utah","2018-03-05","ElFtGy1kV49xqNP00HfxQA==","POM","1",1000,25,100,"carbon",204.51,"percent","Revesz & Coplen 2012a",,
"cc10ff2f-1bf5-4236-b945-0244b5dfe830","D02","LEWI","LEWI.AOS.S2","2017-09-27","LEWI.SS.20170927.POM.1",,"condition ok","SIRFER Lab at University of Utah","2018-03-05","ElFtGy1kV49xqNP00HfxQA==","POM","1",1000,25,100,"d13C",-23.81,"perMill","Revesz & Coplen 2012a",,
"cc1ddf8e-1b17-4d0e-8de1-921e15867d34","D02","LEWI","LEWI.AOS.S2","2017-09-27","LEWI.SS.20170927.POM.1",,"condition ok","SIRFER Lab at University of Utah","2018-03-05","ElFtGy1kV49xqNP00HfxQA==","POM","1",1000,25,100,"nitrogen",22.32,"percent","Revesz & Coplen 2012a",,
"79fef9de-db60-4273-ac68-2e73c9d90c5c","D02","LEWI","LEWI.AOS.S2","2017-09-27","LEWI.SS.20170927.POM.1",,"condition ok","SIRFER Lab at University of Utah","2018-03-05","ElFtGy1kV49xqNP00HfxQA==","POM","1",1000,25,100,"d15N",6.60,"perMill","Revesz & Coplen 2012a",,
