uid,domainID,siteID,namedLocation,collectDate,sampleID,sampleCode,sampleCondition,laboratoryName,analysisDate,analyzedBy,sampleType,replicate,sampleVolumeFiltered,filterSize,percentFilterAnalyzed,analyte,analyteConcentration,plantAlgaeLabUnits,method,externalRemarks,externalLabDataQF
"5802f5d2-b069-495f-b306-f6afa7b66cda","D05","LIRO","LIRO.AOS.buoy.c0","2019-02-05","LIRO.C0.20190205.POM.1","A00000040843","condition ok","SIRFER Lab at University of Utah","2019-07-10","ElFtGy1kV49xqNP00HfxQA==","POM","1",200,25,100,"nitrogen",20253.79,"microgramsPerLiter","Revesz & Coplen 2012a",,
"c3e49ed1-ca7d-4540-9ead-61fbfdaa9067","D05","LIRO","LIRO.AOS.buoy.c0","2019-02-05","LIRO.C0.20190205.POM.1","A00000040843","condition ok","SIRFER Lab at University of Utah","2019-07-10","ElFtGy1kV49xqNP00HfxQA==","POM","1",200,25,100,"d15N",3.75,"perMill","Revesz & Coplen 2012a",,
"cf8579c6-e31a-4832-87f8-aab250e360f9","D05","LIRO","LIRO.AOS.buoy.c0","2019-02-05","LIRO.C0.20190205.POM.1","A00000040843","condition ok","SIRFER Lab at University of Utah","2019-07-10","ElFtGy1kV49xqNP00HfxQA==","POM","1",200,25,100,"d13C",-33.41,"perMill","Revesz & Coplen 2012a",,
"5538eeca-0e3d-450a-a512-0c7615b4cd50","D05","LIRO","LIRO.AOS.buoy.c0","2019-02-05","LIRO.C0.20190205.POM.1","A00000040843","condition ok","SIRFER Lab at University of Utah","2019-07-10","ElFtGy1kV49xqNP00HfxQA==","POM","1",200,25,100,"carbon",131211.52,"microgramsPerLiter","Revesz & Coplen 2012a",,
