uid,domainID,siteID,namedLocation,collectDate,sampleID,sampleCode,sampleCondition,laboratoryName,analysisDate,analyzedBy,sampleType,replicate,sampleVolumeFiltered,filterSize,percentFilterAnalyzed,analyte,analyteConcentration,plantAlgaeLabUnits,method,externalRemarks,externalLabDataQF
"7196c58e-4d34-470e-a129-2d82243147e5","D02","POSE","POSE.AOS.S2","2017-12-06","POSE.SS.20171206.POM.1",,"condition ok","SIRFER Lab at University of Utah","2018-08-13","ElFtGy1kV49xqNP00HfxQA==","POM","1",400,25,100,"carbon",1189.40,"microgramsPerLiter","Revesz & Coplen 2012a",,
"6efe1778-c3c1-45ae-b233-8c6fbd90cd1e","D02","POSE","POSE.AOS.S2","2017-12-06","POSE.SS.20171206.POM.1",,"condition ok","SIRFER Lab at University of Utah","2018-08-13","ElFtGy1kV49xqNP00HfxQA==","POM","1",400,25,100,"d15N",0.30,"perMill","Revesz & Coplen 2012a",,
"4099c991-762c-43bc-9e84-6daf3b771dc1","D02","POSE","POSE.AOS.S2","2017-12-06","POSE.SS.20171206.POM.1",,"condition ok","SIRFER Lab at University of Utah","2018-08-13","ElFtGy1kV49xqNP00HfxQA==","POM","1",400,25,100,"d13C",-28.27,"perMill","Revesz & Coplen 2012a",,
"9b6f74d2-a214-449b-b02d-7709a1a0c9c8","D02","POSE","POSE.AOS.S2","2017-12-06","POSE.SS.20171206.POM.1",,"condition ok","SIRFER Lab at University of Utah","2018-08-13","ElFtGy1kV49xqNP00HfxQA==","POM","1",400,25,100,"nitrogen",77.78,"microgramsPerLiter","Revesz & Coplen 2012a",,
"10e1eabd-7b77-44ca-ae66-e45b8c1ee172","D02","POSE","POSE.AOS.S2","2017-12-12","POSE.SS.20171212.POM.1",,"condition ok","SIRFER Lab at University of Utah","2018-08-13","ElFtGy1kV49xqNP00HfxQA==","POM","1",400,25,100,"carbon",258.37,"microgramsPerLiter","Revesz & Coplen 2012a",,
"abe23a6a-fc88-4c75-adc1-e8468ae8dad2","D02","POSE","POSE.AOS.S2","2017-12-12","POSE.SS.20171212.POM.1",,"condition ok","SIRFER Lab at University of Utah","2018-08-13","ElFtGy1kV49xqNP00HfxQA==","POM","1",400,25,100,"nitrogen",29.66,"microgramsPerLiter","Revesz & Coplen 2012a",,
"897c2ec8-8731-4875-a58e-e4f716fc8a8e","D02","POSE","POSE.AOS.S2","2017-12-12","POSE.SS.20171212.POM.1",,"condition ok","SIRFER Lab at University of Utah","2018-08-13","ElFtGy1kV49xqNP00HfxQA==","POM","1",400,25,100,"d13C",-31.41,"perMill","Revesz & Coplen 2012a",,
"dccb55a0-07b3-4dc1-b853-6ad8d86a5e23","D02","POSE","POSE.AOS.S2","2017-12-12","POSE.SS.20171212.POM.1",,"condition ok","SIRFER Lab at University of Utah","2018-08-13","ElFtGy1kV49xqNP00HfxQA==","POM","1",400,25,100,"d15N",4.39,"perMill","Revesz & Coplen 2012a",,
