uid,domainID,siteID,namedLocation,collectDate,sampleID,sampleCode,sampleCondition,laboratoryName,analysisDate,analyzedBy,sampleType,replicate,sampleVolumeFiltered,filterSize,percentFilterAnalyzed,analyte,analyteConcentration,plantAlgaeLabUnits,method,externalRemarks,externalLabDataQF
"276184cb-df8e-4516-ae5e-8870b61a21fb","D07","WALK","WALK.AOS.S2","2019-04-01","WALK.SS.20190401.POM.1","A00000045473","condition ok","SIRFER Lab at University of Utah","2019-08-12","ElFtGy1kV49xqNP00HfxQA==","POM","1",1000,25,100,"d15N",1.47,"perMill","Revesz & Coplen 2012a",,
"135ee354-e179-4a98-a420-82a5f432be34","D07","WALK","WALK.AOS.S2","2019-04-01","WALK.SS.20190401.POM.1","A00000045473","condition ok","SIRFER Lab at University of Utah","2019-08-12","ElFtGy1kV49xqNP00HfxQA==","POM","1",1000,25,100,"nitrogen",13.47,"microgramsPerLiter","Revesz & Coplen 2012a",,
"51c07dd4-3a99-42aa-b505-782ec113d55a","D07","WALK","WALK.AOS.S2","2019-04-01","WALK.SS.20190401.POM.1","A00000045473","condition ok","SIRFER Lab at University of Utah","2019-08-12","ElFtGy1kV49xqNP00HfxQA==","POM","1",1000,25,100,"d13C",-27.71,"perMill","Revesz & Coplen 2012a",,
"c8293fa9-fa0c-4f6d-9904-94508797efe3","D07","WALK","WALK.AOS.S2","2019-04-01","WALK.SS.20190401.POM.1","A00000045473","condition ok","SIRFER Lab at University of Utah","2019-08-12","ElFtGy1kV49xqNP00HfxQA==","POM","1",1000,25,100,"carbon",205.24,"microgramsPerLiter","Revesz & Coplen 2012a",,
