uid,domainID,siteID,namedLocation,collectDate,sampleID,sampleCode,sampleCondition,laboratoryName,analysisDate,analyzedBy,sampleType,replicate,sampleVolumeFiltered,filterSize,percentFilterAnalyzed,analyte,analyteConcentration,plantAlgaeLabUnits,method,externalRemarks,externalLabDataQF
"629b79cf-0ca5-4a0a-85ee-5d484f16fa09","D03","FLNT","FLNT.AOS.buoy.c0","2018-01-16","FLNT.C0.20180116.POM.1",,"condition ok","SIRFER Lab at University of Utah","2018-07-27","ElFtGy1kV49xqNP00HfxQA==","POM","1",500,25,100,"d15N",9.04,"perMill","Revesz & Coplen 2012a",,
"efd3b408-0cd1-4645-932d-c00a7b187226","D03","FLNT","FLNT.AOS.buoy.c0","2018-01-16","FLNT.C0.20180116.POM.1",,"condition ok","SIRFER Lab at University of Utah","2018-07-27","ElFtGy1kV49xqNP00HfxQA==","POM","1",500,25,100,"nitrogen",22.52,"microgramsPerLiter","Revesz & Coplen 2012a",,
"b2e9f864-5eeb-4150-b0cf-a979d432ae5d","D03","FLNT","FLNT.AOS.buoy.c0","2018-01-16","FLNT.C0.20180116.POM.1",,"condition ok","SIRFER Lab at University of Utah","2018-07-27","ElFtGy1kV49xqNP00HfxQA==","POM","1",500,25,100,"d13C",-29.67,"perMill","Revesz & Coplen 2012a",,
"3b150a8d-fb90-4396-ab37-327d4d12a72e","D03","FLNT","FLNT.AOS.buoy.c0","2018-01-16","FLNT.C0.20180116.POM.1",,"condition ok","SIRFER Lab at University of Utah","2018-07-27","ElFtGy1kV49xqNP00HfxQA==","POM","1",500,25,100,"carbon",200.93,"microgramsPerLiter","Revesz & Coplen 2012a",,
"9b214011-6e07-40a9-a666-a21ef318ac83","D03","FLNT","FLNT.AOS.buoy.c0","2018-01-23","FLNT.C0.20180123.POM.1",,"condition ok","SIRFER Lab at University of Utah","2018-07-27","ElFtGy1kV49xqNP00HfxQA==","POM","1",500,25,100,"d15N",4.85,"perMill","Revesz & Coplen 2012a",,
"31a83b7e-1226-4783-b5e5-7cc438546aef","D03","FLNT","FLNT.AOS.buoy.c0","2018-01-23","FLNT.C0.20180123.POM.1",,"condition ok","SIRFER Lab at University of Utah","2018-07-27","ElFtGy1kV49xqNP00HfxQA==","POM","1",500,25,100,"d13C",-27.52,"perMill","Revesz & Coplen 2012a",,
"930ce465-8dc0-49f9-80db-5ec7dea9261a","D03","FLNT","FLNT.AOS.buoy.c0","2018-01-23","FLNT.C0.20180123.POM.1",,"condition ok","SIRFER Lab at University of Utah","2018-07-27","ElFtGy1kV49xqNP00HfxQA==","POM","1",500,25,100,"carbon",653.44,"microgramsPerLiter","Revesz & Coplen 2012a",,
"502b827a-a372-4be2-ab51-3239c00245f7","D03","FLNT","FLNT.AOS.buoy.c0","2018-01-23","FLNT.C0.20180123.POM.1",,"condition ok","SIRFER Lab at University of Utah","2018-07-27","ElFtGy1kV49xqNP00HfxQA==","POM","1",500,25,100,"nitrogen",68.81,"microgramsPerLiter","Revesz & Coplen 2012a",,
"7ad5240b-71a1-45e6-b6fb-8590a4a461d9","D03","FLNT","FLNT.AOS.buoy.c0","2018-01-30","FLNT.C0.20180130.POM.1",,"condition ok","SIRFER Lab at University of Utah","2018-07-27","ElFtGy1kV49xqNP00HfxQA==","POM","1",300,25,100,"d13C",-26.94,"perMill","Revesz & Coplen 2012a",,
"d8953da3-6e91-42cb-869e-15aab0b094b8","D03","FLNT","FLNT.AOS.buoy.c0","2018-01-30","FLNT.C0.20180130.POM.1",,"condition ok","SIRFER Lab at University of Utah","2018-07-27","ElFtGy1kV49xqNP00HfxQA==","POM","1",300,25,100,"carbon",1142.66,"microgramsPerLiter","Revesz & Coplen 2012a",,
"067ac985-3d8f-4985-8dc8-81ecd42c761a","D03","FLNT","FLNT.AOS.buoy.c0","2018-01-30","FLNT.C0.20180130.POM.1",,"condition ok","SIRFER Lab at University of Utah","2018-07-27","ElFtGy1kV49xqNP00HfxQA==","POM","1",300,25,100,"d15N",2.46,"perMill","Revesz & Coplen 2012a",,
"9d37af69-9a1d-4029-a9e7-d6f0d1f31215","D03","FLNT","FLNT.AOS.buoy.c0","2018-01-30","FLNT.C0.20180130.POM.1",,"condition ok","SIRFER Lab at University of Utah","2018-07-27","ElFtGy1kV49xqNP00HfxQA==","POM","1",300,25,100,"nitrogen",41.52,"microgramsPerLiter","Revesz & Coplen 2012a",,
