uid,domainID,siteID,namedLocation,decimalLatitude,decimalLongitude,coordinateUncertainty,additionalCoordUncertainty,elevation,elevationUncertainty,geodeticDatum,altLocation,altLatitude,altLongitude,altCoordinateUncertainty,altGeodeticDatum,collectDate,aquaticSiteType,samplingImpractical,parentSampleID,parentSampleCode,eventID,samplerType,dissolvedOxygen,dissolvedOxygenSaturation,specificConductance,waterTemp,asiSamplingProtocolVersion,lowerSegmentDepth,upperSegmentDepth,maxDepth,lakeSampleDepth1,lakeSampleDepth2,aCollectedBy,bCollectedBy,remarks,fieldDataQF
"69ada4ac-217a-40e2-8dd4-b412d61189c6","D06","KING","KING.AOS.S2",39.105069,-96.603387,0.1,,324.9,0.1,"WGS84",,,,,,"2017-05-02T16:31Z","stream",,"KING.SS.20170502",,"KING.20170502",,10.10,98.80,572.00,12.60,"NEON.DOC.001886vE",,,,,,"jkukulski@battelleecology.org","jkukulski@battelleecology.org",,
"c3749cbe-5beb-456f-bedc-e71caddd67c0","D06","KING","KING.AOS.S2",39.105069,-96.603387,0.1,,324.9,0.1,"WGS84",,,,,,"2017-05-09T14:05Z","stream",,"KING.SS.20170509",,"KING.20170509","Grab",8.96,93.60,578.00,15.60,"NEON.DOC.001886vE",,,,,,"jkukulski@battelleecology.org","jkukulski@battelleecology.org",,
"ed4b30be-400d-400d-90b5-bd75fbd97831","D06","KING","KING.AOS.S2",39.105069,-96.603387,0.1,,324.9,0.1,"WGS84",,,,,,"2017-05-17T13:10Z","stream",,"KING.SS.20170517",,"KING.20170517","Grab",7.28,79.60,586.00,16.90,"NEON.DOC.001886vE",,,,,,"egawanda@battelleecology.org","jkukulski@battelleecology.org",,
"49def5d5-8ffe-4993-82b7-6b8b1aaa2319","D06","KING","KING.AOS.S2",39.105069,-96.603387,0.1,,324.9,0.1,"WGS84",,,,,,"2017-05-24T14:50Z","stream",,"KING.SS.20170524",,"KING.20170524","Grab",8.62,86.70,605.00,13.70,"NEON.DOC.001886vE",,,,,,"egawanda@battelleecology.org","jkukulski@battelleecology.org",,
"eb52d564-be6e-4930-8a21-cbf577b03ea3","D06","KING","KING.AOS.S2",39.105069,-96.603387,0.1,,324.9,0.1,"WGS84",,,,,,"2017-05-30T15:00Z","stream",,"KING.SS.20170530",,"KING.20170530","Grab",8.29,85.50,1170.00,15.50,"NEON.DOC.001886vE",,,,,,"jkukulski@battelleecology.org","egawanda@battelleecology.org",,
