uid,domainID,siteID,namedLocation,collectDate,sampleID,sampleCode,sampleCondition,laboratoryName,analysisDate,analyzedBy,sampleType,replicate,sampleVolumeFiltered,filterSize,percentFilterAnalyzed,analyte,analyteConcentration,plantAlgaeLabUnits,method,externalRemarks,externalLabDataQF
"5a0568c1-9999-4fe7-ad84-ee57ecd46991","D06","KING","KING.AOS.S2","2017-05-02","KING.SS.20170502.POM.1",,"condition ok","SIRFER Lab at University of Utah","2018-03-01","ElFtGy1kV49xqNP00HfxQA==","POM","1",1450,25,100,"d13C",-24.26,"perMill","Revesz & Coplen 2012a",,
"c8dd3506-3610-4839-a73a-992ea88d9fb2","D06","KING","KING.AOS.S2","2017-05-02","KING.SS.20170502.POM.1",,"condition ok","SIRFER Lab at University of Utah","2018-03-01","ElFtGy1kV49xqNP00HfxQA==","POM","1",1450,25,100,"nitrogen",11.60,"microgramsPerLiter","Revesz & Coplen 2012a",,
"5e75aa17-f145-4a38-aa2e-26d97105b708","D06","KING","KING.AOS.S2","2017-05-02","KING.SS.20170502.POM.1",,"condition ok","SIRFER Lab at University of Utah","2018-03-01","ElFtGy1kV49xqNP00HfxQA==","POM","1",1450,25,100,"carbon",99.29,"microgramsPerLiter","Revesz & Coplen 2012a",,
"97610a1f-bd51-4722-9609-6cbf31c59a08","D06","KING","KING.AOS.S2","2017-05-02","KING.SS.20170502.POM.1",,"condition ok","SIRFER Lab at University of Utah","2018-03-01","ElFtGy1kV49xqNP00HfxQA==","POM","1",1450,25,100,"d15N",8.66,"perMill","Revesz & Coplen 2012a",,
"1e1ca313-c815-4224-ac59-655aeb6800b6","D06","KING","KING.AOS.S2","2017-05-09","KING.SS.20170509.POM.1",,"condition ok","SIRFER Lab at University of Utah","2018-02-28","ElFtGy1kV49xqNP00HfxQA==","POM","1",1449,25,100,"d13C",-26.96,"perMill","Revesz & Coplen 2012a",,
"1df239f0-dc1c-4431-b572-6157f96c735c","D06","KING","KING.AOS.S2","2017-05-09","KING.SS.20170509.POM.1",,"condition ok","SIRFER Lab at University of Utah","2018-02-28","ElFtGy1kV49xqNP00HfxQA==","POM","1",1449,25,100,"d15N",7.89,"perMill","Revesz & Coplen 2012a",,
"6dc6fc11-3fcf-486d-965a-1697318360a3","D06","KING","KING.AOS.S2","2017-05-09","KING.SS.20170509.POM.1",,"condition ok","SIRFER Lab at University of Utah","2018-02-28","ElFtGy1kV49xqNP00HfxQA==","POM","1",1449,25,100,"nitrogen",12.70,"microgramsPerLiter","Revesz & Coplen 2012a",,
"a40a126c-5483-4f8d-8348-462ff2aba34c","D06","KING","KING.AOS.S2","2017-05-09","KING.SS.20170509.POM.1",,"condition ok","SIRFER Lab at University of Utah","2018-02-28","ElFtGy1kV49xqNP00HfxQA==","POM","1",1449,25,100,"carbon",106.30,"microgramsPerLiter","Revesz & Coplen 2012a",,
"6116001b-1f89-46f5-a4b3-3cf1b52c5074","D06","KING","KING.AOS.S2","2017-05-17","KING.SS.20170517.POM.1",,"condition ok","SIRFER Lab at University of Utah","2018-03-01","ElFtGy1kV49xqNP00HfxQA==","POM","1",1103,25,100,"d15N",9.47,"perMill","Revesz & Coplen 2012a",,
"c9ad3821-257a-4f10-91c3-1034d6bce356","D06","KING","KING.AOS.S2","2017-05-17","KING.SS.20170517.POM.1",,"condition ok","SIRFER Lab at University of Utah","2018-03-01","ElFtGy1kV49xqNP00HfxQA==","POM","1",1103,25,100,"d13C",-26.71,"perMill","Revesz & Coplen 2012a",,
"a70b3be4-c0a7-4811-81a4-05e6e48aa362","D06","KING","KING.AOS.S2","2017-05-17","KING.SS.20170517.POM.1",,"condition ok","SIRFER Lab at University of Utah","2018-03-01","ElFtGy1kV49xqNP00HfxQA==","POM","1",1103,25,100,"carbon",110.30,"microgramsPerLiter","Revesz & Coplen 2012a",,
"e725e510-4786-48fd-946c-3a2737195736","D06","KING","KING.AOS.S2","2017-05-17","KING.SS.20170517.POM.1",,"condition ok","SIRFER Lab at University of Utah","2018-03-01","ElFtGy1kV49xqNP00HfxQA==","POM","1",1103,25,100,"nitrogen",13.64,"microgramsPerLiter","Revesz & Coplen 2012a",,
"b02d6f33-414a-471d-9897-a2fb9c2b424c","D06","KING","KING.AOS.S2","2017-05-24","KING.SS.20170524.POM.1",,"condition ok","SIRFER Lab at University of Utah","2018-02-28","ElFtGy1kV49xqNP00HfxQA==","POM","1",1700,25,100,"d15N",10.31,"perMill","Revesz & Coplen 2012a",,
"44c2af6d-8410-40ca-92cf-868cc0a8cdcf","D06","KING","KING.AOS.S2","2017-05-24","KING.SS.20170524.POM.1",,"condition ok","SIRFER Lab at University of Utah","2018-02-28","ElFtGy1kV49xqNP00HfxQA==","POM","1",1700,25,100,"carbon",67.12,"microgramsPerLiter","Revesz & Coplen 2012a",,
"84bbf40d-f2dc-4a82-b149-3c899f4092f2","D06","KING","KING.AOS.S2","2017-05-24","KING.SS.20170524.POM.1",,"condition ok","SIRFER Lab at University of Utah","2018-02-28","ElFtGy1kV49xqNP00HfxQA==","POM","1",1700,25,100,"d13C",-24.51,"perMill","Revesz & Coplen 2012a",,
"534c9a45-75b4-45ee-b005-62a657fb3a6f","D06","KING","KING.AOS.S2","2017-05-24","KING.SS.20170524.POM.1",,"condition ok","SIRFER Lab at University of Utah","2018-02-28","ElFtGy1kV49xqNP00HfxQA==","POM","1",1700,25,100,"nitrogen",7.78,"microgramsPerLiter","Revesz & Coplen 2012a",,
"f3bf5f47-7502-424d-9c43-5460d35b4d55","D06","KING","KING.AOS.S2","2017-05-30","KING.SS.20170530.POM.1",,"condition ok","SIRFER Lab at University of Utah","2018-03-01","ElFtGy1kV49xqNP00HfxQA==","POM","1",1250,25,100,"carbon",116.79,"microgramsPerLiter","Revesz & Coplen 2012a",,
"994ffaf8-e3ba-4ee1-8478-fceb5334ef5c","D06","KING","KING.AOS.S2","2017-05-30","KING.SS.20170530.POM.1",,"condition ok","SIRFER Lab at University of Utah","2018-03-01","ElFtGy1kV49xqNP00HfxQA==","POM","1",1250,25,100,"d13C",-26.21,"perMill","Revesz & Coplen 2012a",,
"da383237-eff2-42fe-9c17-a7cbea78c299","D06","KING","KING.AOS.S2","2017-05-30","KING.SS.20170530.POM.1",,"condition ok","SIRFER Lab at University of Utah","2018-03-01","ElFtGy1kV49xqNP00HfxQA==","POM","1",1250,25,100,"d15N",5.97,"perMill","Revesz & Coplen 2012a",,
"a29fa16a-47bd-4d33-87ef-dac58edf2e7e","D06","KING","KING.AOS.S2","2017-05-30","KING.SS.20170530.POM.1",,"condition ok","SIRFER Lab at University of Utah","2018-03-01","ElFtGy1kV49xqNP00HfxQA==","POM","1",1250,25,100,"nitrogen",16.10,"microgramsPerLiter","Revesz & Coplen 2012a",,
