uid,domainID,siteID,namedLocation,collectDate,parentSampleID,parentSampleCode,isotopeH2OSampleCond,isotopeH2OSampleID,isotopeH2OSampleCode,isotopePOMRep2SampleCond,isotopePOMRep2SampleID,isotopePOMRep2SampleCode,isotopePOMSampleCond,isotopePOMSampleID,isotopePOMSampleCode,processedDateFilters,processedDateH2OIsotopes,sampleVolumeFilteredPOMRep1,sampleVolumeFilteredPOMRep2,fieldDataQF
"9b00fcd9-8428-4e7b-bcca-92fe1a81109b","D06","KING","KING.AOS.S2","2017-05-02T16:31Z","KING.SS.20170502",,"Sample condition ok","KING.SS.20170502.H2O.1",,"Sample condition ok","KING.SS.20170502.POM.2",,"Sample condition ok","KING.SS.20170502.POM.1",,"2017-05-02T16:31Z","2017-05-02T17:50Z",1450,1450,
"565f7738-9353-4e86-945c-de0970071780","D06","KING","KING.AOS.S2","2017-05-09T14:05Z","KING.SS.20170509",,"Sample condition ok","KING.SS.20170509.H2O.1",,"Sample condition ok","KING.SS.20170509.POM.2",,"Sample condition ok","KING.SS.20170509.POM.1",,"2017-05-09T15:30Z","2017-05-09T14:09Z",1449,1400,
"68106fea-1e49-451a-996f-c71dae72bcae","D06","KING","KING.AOS.S2","2017-05-17T13:10Z","KING.SS.20170517",,"Sample condition ok","KING.SS.20170517.H2O.1",,"Sample condition ok","KING.SS.20170517.POM.2",,"Sample condition ok","KING.SS.20170517.POM.1",,"2017-05-17T14:15Z","2017-05-17T13:10Z",1103,1103,
"c66464b8-ebfe-49dd-a418-06299cd4547d","D06","KING","KING.AOS.S2","2017-05-24T14:50Z","KING.SS.20170524",,"Sample condition ok","KING.SS.20170524.H2O.1",,"Sample condition ok","KING.SS.20170524.POM.2",,"Sample condition ok","KING.SS.20170524.POM.1",,"2017-05-24T16:25Z","2017-05-24T15:17Z",1700,1700,
"8600a102-25e2-4183-a881-e3b504d8201e","D06","KING","KING.AOS.S2","2017-05-30T15:00Z","KING.SS.20170530",,"Sample condition ok","KING.SS.20170530.H2O.1",,"Sample condition ok","KING.SS.20170530.POM.2",,"Sample condition ok","KING.SS.20170530.POM.1",,"2017-05-30T16:37Z","2017-05-30T15:35Z",1250,1250,
