uid,domainID,siteID,namedLocation,collectDate,sampleID,sampleCode,sampleCondition,laboratoryName,analysisDate,analyzedBy,sampleType,replicate,sampleVolumeFiltered,filterSize,percentFilterAnalyzed,analyte,analyteConcentration,plantAlgaeLabUnits,method,externalRemarks,externalLabDataQF
"7dec4514-69c4-41ea-bcab-9dd1591bef82","D08","TOMB","TOMB.AOS.buoy.c0","2019-01-16","TOMB.C0.20190116.POM.1","A00000047993","condition ok","SIRFER Lab at University of Utah","2019-04-18","ElFtGy1kV49xqNP00HfxQA==","POM","1",50,25,100,"d15N",4.03,"perMill","Revesz & Coplen 2012a",,
"800bfceb-bc70-43ac-a730-8446335bd42b","D08","TOMB","TOMB.AOS.buoy.c0","2019-01-16","TOMB.C0.20190116.POM.1","A00000047993","condition ok","SIRFER Lab at University of Utah","2019-04-18","ElFtGy1kV49xqNP00HfxQA==","POM","1",50,25,100,"nitrogen",228.27,"microgramsPerLiter","Revesz & Coplen 2012a",,
"b3150f97-6f78-42eb-8aa1-d59ef20ccde9","D08","TOMB","TOMB.AOS.buoy.c0","2019-01-16","TOMB.C0.20190116.POM.1","A00000047993","condition ok","SIRFER Lab at University of Utah","2019-04-18","ElFtGy1kV49xqNP00HfxQA==","POM","1",50,25,100,"carbon",2105.69,"microgramsPerLiter","Revesz & Coplen 2012a",,
"a8002cc8-a5a2-421a-8aa5-fea62a7a132b","D08","TOMB","TOMB.AOS.buoy.c0","2019-01-16","TOMB.C0.20190116.POM.1","A00000047993","condition ok","SIRFER Lab at University of Utah","2019-04-18","ElFtGy1kV49xqNP00HfxQA==","POM","1",50,25,100,"d13C",-27.11,"perMill","Revesz & Coplen 2012a",,
"a3f51d12-32b0-4b15-99ff-180fd37e21d1","D08","TOMB","TOMB.AOS.buoy.c0","2019-01-22","TOMB.C0.20190122.POM.1","A00000048008","condition ok","SIRFER Lab at University of Utah","2019-04-18","ElFtGy1kV49xqNP00HfxQA==","POM","1",50,25,100,"nitrogen",328.58,"microgramsPerLiter","Revesz & Coplen 2012a",,
"f3d8318f-15ac-488e-9c40-2c15efc88ed2","D08","TOMB","TOMB.AOS.buoy.c0","2019-01-22","TOMB.C0.20190122.POM.1","A00000048008","condition ok","SIRFER Lab at University of Utah","2019-04-18","ElFtGy1kV49xqNP00HfxQA==","POM","1",50,25,100,"carbon",3109.16,"microgramsPerLiter","Revesz & Coplen 2012a",,
"8cf430da-6ff6-4b38-8d95-ffa0b1640a66","D08","TOMB","TOMB.AOS.buoy.c0","2019-01-22","TOMB.C0.20190122.POM.1","A00000048008","condition ok","SIRFER Lab at University of Utah","2019-04-18","ElFtGy1kV49xqNP00HfxQA==","POM","1",50,25,100,"d13C",-26.65,"perMill","Revesz & Coplen 2012a",,
"8723ddd4-d922-4a0e-98c9-55c4bb5c3798","D08","TOMB","TOMB.AOS.buoy.c0","2019-01-22","TOMB.C0.20190122.POM.1","A00000048008","condition ok","SIRFER Lab at University of Utah","2019-04-18","ElFtGy1kV49xqNP00HfxQA==","POM","1",50,25,100,"d15N",4.18,"perMill","Revesz & Coplen 2012a",,
"80ef75f6-d2b0-4d44-85d8-269129d0bd74","D08","TOMB","TOMB.AOS.buoy.c0","2019-01-30","TOMB.C0.20190130.POM.1","A00000047984","condition ok","SIRFER Lab at University of Utah","2019-04-18","ElFtGy1kV49xqNP00HfxQA==","POM","1",50,25,100,"carbon",2048.19,"microgramsPerLiter","Revesz & Coplen 2012a",,
"66c73a71-1aa7-4c1f-b94c-37ce6322fb9e","D08","TOMB","TOMB.AOS.buoy.c0","2019-01-30","TOMB.C0.20190130.POM.1","A00000047984","condition ok","SIRFER Lab at University of Utah","2019-04-18","ElFtGy1kV49xqNP00HfxQA==","POM","1",50,25,100,"d13C",-26.96,"perMill","Revesz & Coplen 2012a",,
"4d13a089-2dd0-43fe-a1df-01d9a2344b66","D08","TOMB","TOMB.AOS.buoy.c0","2019-01-30","TOMB.C0.20190130.POM.1","A00000047984","condition ok","SIRFER Lab at University of Utah","2019-04-18","ElFtGy1kV49xqNP00HfxQA==","POM","1",50,25,100,"nitrogen",218.38,"microgramsPerLiter","Revesz & Coplen 2012a",,
"8492d5a2-16d1-4238-8be4-b6e86a952266","D08","TOMB","TOMB.AOS.buoy.c0","2019-01-30","TOMB.C0.20190130.POM.1","A00000047984","condition ok","SIRFER Lab at University of Utah","2019-04-18","ElFtGy1kV49xqNP00HfxQA==","POM","1",50,25,100,"d15N",3.76,"perMill","Revesz & Coplen 2012a",,
