uid,domainID,siteID,namedLocation,collectDate,sampleID,sampleCode,sampleCondition,laboratoryName,analysisDate,analyzedBy,sampleType,replicate,sampleVolumeFiltered,filterSize,percentFilterAnalyzed,analyte,analyteConcentration,plantAlgaeLabUnits,method,externalRemarks,externalLabDataQF
"d0cbce17-f4a3-4777-9dfc-7e25d7ab26f1","D08","BLWA","BLWA.AOS.buoy.c0","2017-02-01","BLWA.C0.20170201.POM.2",,"condition ok","SIRFER Lab at University of Utah","2018-03-22","ElFtGy1kV49xqNP00HfxQA==","POM","1",100,25,100,"carbon",841.75,"microgramsPerLiter","Revesz & Coplen 2012a",,
"235f778a-d273-4cfa-be0b-776e4c59e0df","D08","BLWA","BLWA.AOS.buoy.c0","2017-02-01","BLWA.C0.20170201.POM.2",,"condition ok","SIRFER Lab at University of Utah","2018-03-22","ElFtGy1kV49xqNP00HfxQA==","POM","1",100,25,100,"nitrogen",110.58,"microgramsPerLiter","Revesz & Coplen 2012a",,
"5a544f47-8356-4917-ac2e-b34e16acd2bd","D08","BLWA","BLWA.AOS.buoy.c0","2017-02-01","BLWA.C0.20170201.POM.2",,"condition ok","SIRFER Lab at University of Utah","2018-03-22","ElFtGy1kV49xqNP00HfxQA==","POM","1",100,25,100,"d15N",18.53,"perMill","Revesz & Coplen 2012a",,
"f7c78ac0-eec6-42d5-83c2-58629c6621a5","D08","BLWA","BLWA.AOS.buoy.c0","2017-02-01","BLWA.C0.20170201.POM.2",,"condition ok","SIRFER Lab at University of Utah","2018-03-22","ElFtGy1kV49xqNP00HfxQA==","POM","1",100,25,100,"d13C",-26.37,"perMill","Revesz & Coplen 2012a",,
"06151cbb-e149-4fb8-9c35-c1131b4ffac0","D08","BLWA","BLWA.AOS.buoy.c0","2017-02-15","BLWA.C0.20170215.POM.2",,"condition ok","SIRFER Lab at University of Utah","2018-03-22","ElFtGy1kV49xqNP00HfxQA==","POM","1",100,25,100,"carbon",602.49,"microgramsPerLiter","Revesz & Coplen 2012a",,
"57d8d52a-756f-4316-9112-a2d171030ba8","D08","BLWA","BLWA.AOS.buoy.c0","2017-02-15","BLWA.C0.20170215.POM.2",,"condition ok","SIRFER Lab at University of Utah","2018-03-22","ElFtGy1kV49xqNP00HfxQA==","POM","1",100,25,100,"nitrogen",83.55,"microgramsPerLiter","Revesz & Coplen 2012a",,
"3c4bdcb9-a30e-4c06-ba31-9965fb5d49a2","D08","BLWA","BLWA.AOS.buoy.c0","2017-02-15","BLWA.C0.20170215.POM.2",,"condition ok","SIRFER Lab at University of Utah","2018-03-22","ElFtGy1kV49xqNP00HfxQA==","POM","1",100,25,100,"d15N",15.49,"perMill","Revesz & Coplen 2012a",,
"92d703b8-7d28-4841-9744-0432430503ee","D08","BLWA","BLWA.AOS.buoy.c0","2017-02-15","BLWA.C0.20170215.POM.2",,"condition ok","SIRFER Lab at University of Utah","2018-03-22","ElFtGy1kV49xqNP00HfxQA==","POM","1",100,25,100,"d13C",-30.12,"perMill","Revesz & Coplen 2012a",,
