uid,domainID,siteID,namedLocation,collectDate,sampleID,sampleCode,sampleCondition,laboratoryName,analysisDate,analyzedBy,sampleType,replicate,sampleVolumeFiltered,filterSize,percentFilterAnalyzed,analyte,analyteConcentration,plantAlgaeLabUnits,method,externalRemarks,externalLabDataQF
"1447c648-8d8d-4c25-bd21-9551dda8925d","D07","LECO","LECO.AOS.S2","2017-08-01","LECO.SS.20170801.POM.1",,"condition ok","SIRFER Lab at University of Utah","2018-03-12","ElFtGy1kV49xqNP00HfxQA==","POM","1",,,100,"carbon",595.85,"microgramsPerLiter","Revesz & Coplen 2012a",,
"48ac13e7-45c8-4e0d-8c02-732b72b68c97","D07","LECO","LECO.AOS.S2","2017-08-01","LECO.SS.20170801.POM.1",,"condition ok","SIRFER Lab at University of Utah","2018-03-12","ElFtGy1kV49xqNP00HfxQA==","POM","1",,,100,"d15N",3.24,"perMill","Revesz & Coplen 2012a",,
"dd4ae385-f51c-43b6-97e7-bebc4356373b","D07","LECO","LECO.AOS.S2","2017-08-01","LECO.SS.20170801.POM.1",,"condition ok","SIRFER Lab at University of Utah","2018-03-12","ElFtGy1kV49xqNP00HfxQA==","POM","1",,,100,"nitrogen",44.02,"microgramsPerLiter","Revesz & Coplen 2012a",,
"a61800b4-efa6-4f9c-91f6-953c9360d0e9","D07","LECO","LECO.AOS.S2","2017-08-01","LECO.SS.20170801.POM.1",,"condition ok","SIRFER Lab at University of Utah","2018-03-12","ElFtGy1kV49xqNP00HfxQA==","POM","1",,,100,"d13C",-27.77,"perMill","Revesz & Coplen 2012a",,
"abbf359d-84bb-4d76-91e3-28d41ee2d1b2","D07","LECO","LECO.AOS.S2","2017-08-14","LECO.SS.20170814.POM.1",,"condition ok","SIRFER Lab at University of Utah","2018-03-12","ElFtGy1kV49xqNP00HfxQA==","POM","1",,,100,"d15N",3.74,"perMill","Revesz & Coplen 2012a",,
"c4ff42cb-3c51-429b-a1c2-0bbd9a079101","D07","LECO","LECO.AOS.S2","2017-08-14","LECO.SS.20170814.POM.1",,"condition ok","SIRFER Lab at University of Utah","2018-03-12","ElFtGy1kV49xqNP00HfxQA==","POM","1",,,100,"nitrogen",48.79,"microgramsPerLiter","Revesz & Coplen 2012a",,
"2fc6ed76-d05a-49a5-a15f-e47e137204e5","D07","LECO","LECO.AOS.S2","2017-08-14","LECO.SS.20170814.POM.1",,"condition ok","SIRFER Lab at University of Utah","2018-03-12","ElFtGy1kV49xqNP00HfxQA==","POM","1",,,100,"d13C",-27.88,"perMill","Revesz & Coplen 2012a",,
"943f1a84-c175-4580-bf18-98edf83660a1","D07","LECO","LECO.AOS.S2","2017-08-14","LECO.SS.20170814.POM.1",,"condition ok","SIRFER Lab at University of Utah","2018-03-12","ElFtGy1kV49xqNP00HfxQA==","POM","1",,,100,"carbon",640.23,"microgramsPerLiter","Revesz & Coplen 2012a",,
"d2970ff3-9515-4cf0-8470-04db8d337e74","D07","LECO","LECO.AOS.S2","2017-08-29","LECO.SS.20170829.POM.1",,"condition ok","SIRFER Lab at University of Utah","2018-03-12","ElFtGy1kV49xqNP00HfxQA==","POM","1",,,100,"nitrogen",45.85,"microgramsPerLiter","Revesz & Coplen 2012a",,
"ea3984c5-c0e5-422c-9842-6d22ea2e630e","D07","LECO","LECO.AOS.S2","2017-08-29","LECO.SS.20170829.POM.1",,"condition ok","SIRFER Lab at University of Utah","2018-03-12","ElFtGy1kV49xqNP00HfxQA==","POM","1",,,100,"d13C",-27.99,"perMill","Revesz & Coplen 2012a",,
"2c90be66-5757-49dc-97dd-bda1aa20fb31","D07","LECO","LECO.AOS.S2","2017-08-29","LECO.SS.20170829.POM.1",,"condition ok","SIRFER Lab at University of Utah","2018-03-12","ElFtGy1kV49xqNP00HfxQA==","POM","1",,,100,"d15N",3.80,"perMill","Revesz & Coplen 2012a",,
"44b6471a-8cb1-477b-9dff-56a2889f3c58","D07","LECO","LECO.AOS.S2","2017-08-29","LECO.SS.20170829.POM.1",,"condition ok","SIRFER Lab at University of Utah","2018-03-12","ElFtGy1kV49xqNP00HfxQA==","POM","1",,,100,"carbon",682.15,"microgramsPerLiter","Revesz & Coplen 2012a",,
