uid,domainID,siteID,namedLocation,collectDate,parentSampleID,parentSampleCode,isotopeH2OSampleCond,isotopeH2OSampleID,isotopeH2OSampleCode,isotopePOMRep2SampleCond,isotopePOMRep2SampleID,isotopePOMRep2SampleCode,isotopePOMSampleCond,isotopePOMSampleID,isotopePOMSampleCode,processedDateFilters,processedDateH2OIsotopes,sampleVolumeFilteredPOMRep1,sampleVolumeFilteredPOMRep2,fieldDataQF
"3e730650-eb64-45d4-954c-b02a729ecc33","D13","WLOU","WLOU.AOS.S2","2018-07-05T18:35Z","WLOU.SS.20180705",,"Sample condition ok","WLOU.SS.20180705.H2O.1","A00000018544","Sample condition ok","WLOU.SS.20180705.POM.2","A00000018390","Sample condition ok","WLOU.SS.20180705.POM.1","A00000018389","2018-07-05T21:25Z","2018-07-05T19:30Z",1000,1000,
"8a6d9f6c-4ea4-4b08-b60c-14fa2fa8177b","D13","WLOU","WLOU.AOS.S2","2018-07-10T15:57Z","WLOU.SS.20180710",,"Sample condition ok","WLOU.SS.20180710.H2O.1","A00000018537","Sample condition ok","WLOU.SS.20180710.POM.2","A00000018866","Sample condition ok","WLOU.SS.20180710.POM.1","A00000018868","2018-07-10T16:56Z","2018-07-10T16:07Z",1500,1500,
"f8ae3be1-b3a7-4a63-b665-2d44596edfb2","D13","WLOU","WLOU.AOS.S2","2018-07-18T16:38Z","WLOU.SS.20180718",,"Sample condition ok","WLOU.SS.20180718.H2O.1","A00000019282","Sample condition ok","WLOU.SS.20180718.POM.2","A00000019365","Sample condition ok","WLOU.SS.20180718.POM.1","A00000019364","2018-07-18T18:08Z","2018-07-18T18:08Z",1500,1500,
"e28a56e0-cb3a-4ae9-8b81-83222e3536b6","D13","WLOU","WLOU.AOS.S2","2018-07-30T16:30Z","WLOU.SS.20180730",,"Sample condition ok","WLOU.SS.20180730.H2O.1","A00000019729","Sample condition ok","WLOU.SS.20180730.POM.2","A00000019746","Sample condition ok","WLOU.SS.20180730.POM.1","A00000019744","2018-07-30T18:11Z","2018-07-30T16:22Z",1500,1500,
