uid,domainID,siteID,namedLocation,collectDate,analysisDate,isotopeH2OSampleID,isotopeH2OSampleCode,instrumentSN,d18OWater,d2HWater,d18OsdWater,d2HsdWater,isotopeH2OExternalLabQF,laboratoryName,analyzedBy,sampleCondition,externalRemarks,externalLabDataQF
"8472f000-c694-4ac2-868a-cf8dc109c721","D13","WLOU","WLOU.AOS.S2","2018-07-05","2018-08-08","WLOU.SS.20180705.H2O.1","A00000018544","HIDS2052",-17.61,-130.82,0.04,0.09,0,"SIRFER Lab at University of Utah","OlSmE6RRn5QQH8tvUHmK5i/poYiQr6sd","OK",,
"35536db4-d86a-406f-9459-f0aa5fc329e2","D13","WLOU","WLOU.AOS.S2","2018-07-10","2018-10-25","WLOU.SS.20180710.H2O.1","A00000018537","HIDS2052",-17.10,-129.04,0.02,0.07,0,"SIRFER Lab at University of Utah","OlSmE6RRn5QQH8tvUHmK5i/poYiQr6sd","OK",,
"7321baaf-f7c5-4bd7-9815-af87a3dd04ad","D13","WLOU","WLOU.AOS.S2","2018-07-18","2018-10-25","WLOU.SS.20180718.H2O.1","A00000019282","HIDS2052",-17.66,-131.13,0.03,0.18,0,"SIRFER Lab at University of Utah","OlSmE6RRn5QQH8tvUHmK5i/poYiQr6sd","OK",,
"f408a97d-f60b-4ce0-a271-7570ab82fb89","D13","WLOU","WLOU.AOS.S2","2018-07-30","2018-10-25","WLOU.SS.20180730.H2O.1","A00000019729","HIDS2052",-17.33,-129.64,0.03,0.11,0,"SIRFER Lab at University of Utah","OlSmE6RRn5QQH8tvUHmK5i/poYiQr6sd","OK",,
