uid,domainID,siteID,namedLocation,collectDate,sampleID,sampleCode,sampleCondition,laboratoryName,analysisDate,analyzedBy,sampleType,replicate,sampleVolumeFiltered,filterSize,percentFilterAnalyzed,analyte,analyteConcentration,plantAlgaeLabUnits,method,externalRemarks,externalLabDataQF
"933dd57b-a0af-4727-9e11-ad551ab015fb","D13","WLOU","WLOU.AOS.S2","2018-07-05","WLOU.SS.20180705.POM.1","A00000018389","condition ok","SIRFER Lab at University of Utah","2018-09-06","ElFtGy1kV49xqNP00HfxQA==","POM","1",1000,25,100,"nitrogen",32.14,"microgramsPerLiter","Revesz & Coplen 2012a",,
"d403d2e5-8dbf-4a99-9c37-983a9f82d1db","D13","WLOU","WLOU.AOS.S2","2018-07-05","WLOU.SS.20180705.POM.1","A00000018389","condition ok","SIRFER Lab at University of Utah","2018-09-06","ElFtGy1kV49xqNP00HfxQA==","POM","1",1000,25,100,"carbon",482.59,"microgramsPerLiter","Revesz & Coplen 2012a",,
"7d9800d4-9392-423a-ba7d-40acd7de4c82","D13","WLOU","WLOU.AOS.S2","2018-07-05","WLOU.SS.20180705.POM.1","A00000018389","condition ok","SIRFER Lab at University of Utah","2018-09-06","ElFtGy1kV49xqNP00HfxQA==","POM","1",1000,25,100,"d13C",-26.82,"perMill","Revesz & Coplen 2012a",,
"cba9f327-45ea-400c-b58b-21d46a22bf66","D13","WLOU","WLOU.AOS.S2","2018-07-05","WLOU.SS.20180705.POM.1","A00000018389","condition ok","SIRFER Lab at University of Utah","2018-09-06","ElFtGy1kV49xqNP00HfxQA==","POM","1",1000,25,100,"d15N",3.54,"perMill","Revesz & Coplen 2012a",,
"caecd36c-c5fa-4bc6-b6bd-4590a32962a8","D13","WLOU","WLOU.AOS.S2","2018-07-10","WLOU.SS.20180710.POM.1","A00000018868","condition ok","SIRFER Lab at University of Utah","2018-09-06","ElFtGy1kV49xqNP00HfxQA==","POM","1",1500,25,100,"d15N",-4.68,"perMill","Revesz & Coplen 2012a",,
"309f6f28-e81c-4b01-8912-f2bc71207c82","D13","WLOU","WLOU.AOS.S2","2018-07-10","WLOU.SS.20180710.POM.1","A00000018868","condition ok","SIRFER Lab at University of Utah","2018-09-06","ElFtGy1kV49xqNP00HfxQA==","POM","1",1500,25,100,"d13C",-25.82,"perMill","Revesz & Coplen 2012a",,
"6ce631c5-9dc0-49ed-add1-d1d368518c59","D13","WLOU","WLOU.AOS.S2","2018-07-10","WLOU.SS.20180710.POM.1","A00000018868","condition ok","SIRFER Lab at University of Utah","2018-09-06","ElFtGy1kV49xqNP00HfxQA==","POM","1",1500,25,100,"nitrogen",8.94,"microgramsPerLiter","Revesz & Coplen 2012a",,
"950153cb-3c4b-41ec-b352-d506818aafc1","D13","WLOU","WLOU.AOS.S2","2018-07-10","WLOU.SS.20180710.POM.1","A00000018868","condition ok","SIRFER Lab at University of Utah","2018-09-06","ElFtGy1kV49xqNP00HfxQA==","POM","1",1500,25,100,"carbon",123.78,"microgramsPerLiter","Revesz & Coplen 2012a",,
"7fe5b77c-475c-4022-a57e-f23e27d3a8d0","D13","WLOU","WLOU.AOS.S2","2018-07-18","WLOU.SS.20180718.POM.1","A00000019364","condition ok","SIRFER Lab at University of Utah","2018-09-06","ElFtGy1kV49xqNP00HfxQA==","POM","1",1500,25,100,"carbon",122.98,"microgramsPerLiter","Revesz & Coplen 2012a",,
"cd06b192-a802-47a8-8d74-797b2324f493","D13","WLOU","WLOU.AOS.S2","2018-07-18","WLOU.SS.20180718.POM.1","A00000019364","condition ok","SIRFER Lab at University of Utah","2018-09-06","ElFtGy1kV49xqNP00HfxQA==","POM","1",1500,25,100,"d15N",5.09,"perMill","Revesz & Coplen 2012a",,
"a659495b-7ee1-4209-a77a-ea9ef706c9ee","D13","WLOU","WLOU.AOS.S2","2018-07-18","WLOU.SS.20180718.POM.1","A00000019364","condition ok","SIRFER Lab at University of Utah","2018-09-06","ElFtGy1kV49xqNP00HfxQA==","POM","1",1500,25,100,"nitrogen",10.21,"microgramsPerLiter","Revesz & Coplen 2012a",,
"c5480943-a163-4072-b4f2-09b493a0dc8b","D13","WLOU","WLOU.AOS.S2","2018-07-18","WLOU.SS.20180718.POM.1","A00000019364","condition ok","SIRFER Lab at University of Utah","2018-09-06","ElFtGy1kV49xqNP00HfxQA==","POM","1",1500,25,100,"d13C",-25.87,"perMill","Revesz & Coplen 2012a",,
"20ebf14b-7ef6-4221-8cbc-d452bab47128","D13","WLOU","WLOU.AOS.S2","2018-07-30","WLOU.SS.20180730.POM.1","A00000019744","condition ok","SIRFER Lab at University of Utah","2018-09-06","ElFtGy1kV49xqNP00HfxQA==","POM","1",1500,25,100,"nitrogen",6.70,"microgramsPerLiter","Revesz & Coplen 2012a",,
"9e5cda2a-eb12-4bf4-a007-2b989bdb8e3e","D13","WLOU","WLOU.AOS.S2","2018-07-30","WLOU.SS.20180730.POM.1","A00000019744","condition ok","SIRFER Lab at University of Utah","2018-09-06","ElFtGy1kV49xqNP00HfxQA==","POM","1",1500,25,100,"d15N",3.03,"perMill","Revesz & Coplen 2012a",,
"fc9abce0-63d2-4242-9a41-8ad89bf06e9b","D13","WLOU","WLOU.AOS.S2","2018-07-30","WLOU.SS.20180730.POM.1","A00000019744","condition ok","SIRFER Lab at University of Utah","2018-09-06","ElFtGy1kV49xqNP00HfxQA==","POM","1",1500,25,100,"carbon",99.61,"microgramsPerLiter","Revesz & Coplen 2012a",,
"7ea0828a-45f8-4bd4-a478-c7cd487c9cf3","D13","WLOU","WLOU.AOS.S2","2018-07-30","WLOU.SS.20180730.POM.1","A00000019744","condition ok","SIRFER Lab at University of Utah","2018-09-06","ElFtGy1kV49xqNP00HfxQA==","POM","1",1500,25,100,"d13C",-26.65,"perMill","Revesz & Coplen 2012a",,
