uid,domainID,siteID,namedLocation,decimalLatitude,decimalLongitude,coordinateUncertainty,additionalCoordUncertainty,elevation,elevationUncertainty,geodeticDatum,altLocation,altLatitude,altLongitude,altCoordinateUncertainty,altGeodeticDatum,collectDate,aquaticSiteType,samplingImpractical,parentSampleID,parentSampleCode,eventID,samplerType,dissolvedOxygen,dissolvedOxygenSaturation,specificConductance,waterTemp,asiSamplingProtocolVersion,lowerSegmentDepth,upperSegmentDepth,maxDepth,lakeSampleDepth1,lakeSampleDepth2,aCollectedBy,bCollectedBy,remarks,fieldDataQF
"4c4dde59-b66c-4f24-9674-bb9dc87a659b","D13","WLOU","WLOU.AOS.S2",39.890669,-105.911314,0.1,10.0,2899.5,0.0,"WGS84",,,,,,"2018-07-05T18:35Z","stream",,"WLOU.SS.20180705",,"WLOU.20180705","Grab",9.44,107.20,93.30,6.90,"NEON.DOC.001886vF",,,,,,"rlehrter@battelleecology.org","Bnance@battelleecology.org",,
"bfa3850b-4523-431e-9044-15324f48281d","D13","WLOU","WLOU.AOS.S2",39.890669,-105.911314,0.1,10.0,2899.5,0.0,"WGS84",,,,,,"2018-07-10T15:57Z","stream",,"WLOU.SS.20180710",,"WLOU.20180710","Grab",9.14,104.30,96.70,7.00,"NEON.DOC.001886vF",,,,,,"rlehrter@battelleecology.org","Jswenson@battelleecology.org",,
"f91c72eb-e79b-4074-9af3-263e6f318290","D13","WLOU","WLOU.AOS.S2",39.890669,-105.911314,0.1,10.0,2899.5,0.0,"WGS84",,,,,,"2018-07-18T16:38Z","stream",,"WLOU.SS.20180718",,"WLOU.20180718","Grab",9.09,106.10,102.60,7.90,"NEON.DOC.001886vF",,,,,,"jen.roquemore@battelleecology.org","jen.roquemore@battelleecology.org",,
"631076af-a2fb-4bd8-9c6a-b45cf60d5d57","D13","WLOU","WLOU.AOS.S2",39.890669,-105.911314,0.1,10.0,2899.5,0.0,"WGS84",,,,,,"2018-07-30T16:30Z","stream",,"WLOU.SS.20180730",,"WLOU.20180730","Grab",9.74,109.70,106.20,7.10,"NEON.DOC.001886vF",,,,,,"jen.roquemore@battelleecology.org","Jswenson@battelleecology.org",,
