uid,domainID,siteID,namedLocation,collectDate,sampleID,sampleCode,sampleCondition,laboratoryName,analysisDate,analyzedBy,sampleType,replicate,sampleVolumeFiltered,filterSize,percentFilterAnalyzed,analyte,analyteConcentration,plantAlgaeLabUnits,method,externalRemarks,externalLabDataQF
"9bc82a7e-7a07-4d18-842e-aa1b97a1f2e4","D09","PRPO","PRPO.AOS.buoy.c0","2017-01-17","PRPO.C0.20170117.POM.2",,"other","Academy of Natural Sciences of Drexel University","2017-06-01","OKgcKejxXbI=","13C15N","2",,,100,"d13C",-29.71,"perMill",,"filter folded poorly, sample loss",
"f7d2f70e-68d6-47e2-a6de-f23017929e6d","D09","PRPO","PRPO.AOS.buoy.c0","2017-01-17","PRPO.C0.20170117.POM.1",,"other","Academy of Natural Sciences of Drexel University","2017-04-12","OKgcKejxXbI=","13C15N","1",,,100,"d13C",-29.85,"perMill",,"filter folded poorly, sample loss",
"50b7daa3-f327-416f-b5f9-4833bca72565","D09","PRPO","PRPO.AOS.buoy.c0","2017-01-17","PRPO.C0.20170117.POM.1",,"other","Academy of Natural Sciences of Drexel University","2017-04-12","OKgcKejxXbI=","13C15N","1",,,100,"d15N",3.72,"perMill",,"filter folded poorly, sample loss",
"8b4420d7-9d56-4001-9eba-342be488f088","D09","PRPO","PRPO.AOS.buoy.c0","2017-01-17","PRPO.C0.20170117.POM.2",,"other","Academy of Natural Sciences of Drexel University","2017-06-01","OKgcKejxXbI=","13C15N","2",,,100,"d15N",1.73,"perMill",,"filter folded poorly, sample loss",
