uid,domainID,siteID,namedLocation,collectDate,sampleID,sampleCode,sampleCondition,laboratoryName,analysisDate,analyzedBy,sampleType,replicate,sampleVolumeFiltered,filterSize,percentFilterAnalyzed,analyte,analyteConcentration,plantAlgaeLabUnits,method,externalRemarks,externalLabDataQF
"ed23ec66-c972-4ef7-a020-3a5861edfb9e","D03","BARC","BARC.AOS.buoy.c0","2016-09-07","BARC.C0.20160907.POM.1",,"condition ok","Academy of Natural Sciences of Drexel University","2017-03-03","OKgcKejxXbI=","13C15N","1",,,100,"d15N",3.15,"perMill",,,
"c7ae010f-b353-4125-8452-c0ef5a270918","D03","BARC","BARC.AOS.buoy.c0","2016-09-07","BARC.C0.20160907.POM.2",,"condition ok","Academy of Natural Sciences of Drexel University","2017-05-18","OKgcKejxXbI=","13C15N","2",,,100,"d13C",-34.00,"perMill",,,
"3ac051c7-e15b-42de-8a36-a0f8fe21f004","D03","BARC","BARC.AOS.buoy.c0","2016-09-07","BARC.C0.20160907.POM.2",,"condition ok","Academy of Natural Sciences of Drexel University","2017-05-18","OKgcKejxXbI=","13C15N","2",,,100,"d15N",3.60,"perMill",,,
"b417f2d0-a0ca-4650-adeb-f042536c4174","D03","BARC","BARC.AOS.buoy.c0","2016-09-07","BARC.C0.20160907.POM.1",,"condition ok","Academy of Natural Sciences of Drexel University","2017-03-03","OKgcKejxXbI=","13C15N","1",,,100,"d13C",-34.16,"perMill",,,
"83991924-acdd-441a-9724-fc7aa5bd57c0","D03","BARC","BARC.AOS.inlet","2016-09-07","BARC.IN.20160907.POM.2",,"condition ok","Academy of Natural Sciences of Drexel University","2017-05-18","OKgcKejxXbI=","13C15N","2",,,100,"d15N",3.75,"perMill",,,
"c3ad74be-1118-45d0-a7f1-8a705f2eb89d","D03","BARC","BARC.AOS.inlet","2016-09-07","BARC.IN.20160907.POM.2",,"condition ok","Academy of Natural Sciences of Drexel University","2017-05-18","OKgcKejxXbI=","13C15N","2",,,100,"d13C",-31.26,"perMill",,,
"694c25f6-6cf0-4ea4-9b04-54ed65998efe","D03","BARC","BARC.AOS.inlet","2016-09-07","BARC.IN.20160907.POM.1",,"condition ok","Academy of Natural Sciences of Drexel University","2017-03-03","OKgcKejxXbI=","13C15N","1",,,100,"d15N",2.06,"perMill",,,
"ec3ceebd-3513-4a1e-917f-d36ad3932846","D03","BARC","BARC.AOS.inlet","2016-09-07","BARC.IN.20160907.POM.1",,"condition ok","Academy of Natural Sciences of Drexel University","2017-03-03","OKgcKejxXbI=","13C15N","1",,,100,"d13C",-30.94,"perMill",,,
"896f18f0-477f-4688-991e-68a1309284ec","D03","BARC","BARC.AOS.outlet","2016-09-07","BARC.OT.20160907.POM.2",,"condition ok","Academy of Natural Sciences of Drexel University","2017-05-18","OKgcKejxXbI=","13C15N","2",,,100,"d15N",3.97,"perMill",,,
"b084f680-604b-4132-bdc6-bd1cb5fa7901","D03","BARC","BARC.AOS.outlet","2016-09-07","BARC.OT.20160907.POM.2",,"condition ok","Academy of Natural Sciences of Drexel University","2017-05-18","OKgcKejxXbI=","13C15N","2",,,100,"d13C",-32.78,"perMill",,,
"2c9fe497-0771-4f18-90ec-94a869bad1f8","D03","BARC","BARC.AOS.outlet","2016-09-07","BARC.OT.20160907.POM.1",,"condition ok","Academy of Natural Sciences of Drexel University","2017-03-03","OKgcKejxXbI=","13C15N","1",,,100,"d13C",-32.33,"perMill",,,
"95c976ae-a352-438e-9681-f2c04ea8fe56","D03","BARC","BARC.AOS.outlet","2016-09-07","BARC.OT.20160907.POM.1",,"condition ok","Academy of Natural Sciences of Drexel University","2017-03-03","OKgcKejxXbI=","13C15N","1",,,100,"d15N",2.74,"perMill",,,
