uid,domainID,siteID,namedLocation,collectDate,sampleID,sampleCode,sampleCondition,laboratoryName,analysisDate,analyzedBy,sampleType,replicate,sampleVolumeFiltered,filterSize,percentFilterAnalyzed,analyte,analyteConcentration,plantAlgaeLabUnits,method,externalRemarks,externalLabDataQF
"0bf54c53-9270-47a6-9ccc-199e26f29b19","D11","BLUE","BLUE.AOS.S2","2018-04-02","BLUE.SS.20180402.POM.1","A00000020335","condition ok","SIRFER Lab at University of Utah","2018-08-16","ElFtGy1kV49xqNP00HfxQA==","POM","1",125,25,100,"carbon",1887.87,"microgramsPerLiter","Revesz & Coplen 2012a",,
"3f02e659-5f1d-4e0b-a989-b58b513b5c97","D11","BLUE","BLUE.AOS.S2","2018-04-02","BLUE.SS.20180402.POM.1","A00000020335","condition ok","SIRFER Lab at University of Utah","2018-08-16","ElFtGy1kV49xqNP00HfxQA==","POM","1",125,25,100,"nitrogen",243.87,"microgramsPerLiter","Revesz & Coplen 2012a",,
"20813215-96ce-4850-a18a-a7fc82b250b3","D11","BLUE","BLUE.AOS.S2","2018-04-02","BLUE.SS.20180402.POM.1","A00000020335","condition ok","SIRFER Lab at University of Utah","2018-08-16","ElFtGy1kV49xqNP00HfxQA==","POM","1",125,25,100,"d13C",-27.75,"perMill","Revesz & Coplen 2012a",,
"7c11ce93-9152-4a30-9d3e-cccf5ec5ef75","D11","BLUE","BLUE.AOS.S2","2018-04-02","BLUE.SS.20180402.POM.1","A00000020335","condition ok","SIRFER Lab at University of Utah","2018-08-16","ElFtGy1kV49xqNP00HfxQA==","POM","1",125,25,100,"d15N",5.21,"perMill","Revesz & Coplen 2012a",,
"8656c4d4-edc3-4698-9e2b-7f7defd8f02a","D11","BLUE","BLUE.AOS.S2","2018-04-17","BLUE.SS.20180417.POM.1","A00000020429","condition ok","SIRFER Lab at University of Utah","2018-08-16","ElFtGy1kV49xqNP00HfxQA==","POM","1",500,25,100,"carbon",660.29,"microgramsPerLiter","Revesz & Coplen 2012a",,
"c49a18e1-12ec-4d86-94e8-0204423ec86a","D11","BLUE","BLUE.AOS.S2","2018-04-17","BLUE.SS.20180417.POM.1","A00000020429","condition ok","SIRFER Lab at University of Utah","2018-08-16","ElFtGy1kV49xqNP00HfxQA==","POM","1",500,25,100,"nitrogen",79.72,"microgramsPerLiter","Revesz & Coplen 2012a",,
"fe179546-fd4b-41e9-9647-30aa1099d358","D11","BLUE","BLUE.AOS.S2","2018-04-17","BLUE.SS.20180417.POM.1","A00000020429","condition ok","SIRFER Lab at University of Utah","2018-08-16","ElFtGy1kV49xqNP00HfxQA==","POM","1",500,25,100,"d15N",5.20,"perMill","Revesz & Coplen 2012a",,
"8961d811-9dda-4792-a1f9-f6438a4c417a","D11","BLUE","BLUE.AOS.S2","2018-04-17","BLUE.SS.20180417.POM.1","A00000020429","condition ok","SIRFER Lab at University of Utah","2018-08-16","ElFtGy1kV49xqNP00HfxQA==","POM","1",500,25,100,"d13C",-30.27,"perMill","Revesz & Coplen 2012a",,
