uid,domainID,siteID,namedLocation,collectDate,sampleID,sampleCode,sampleCondition,laboratoryName,analysisDate,analyzedBy,sampleType,replicate,sampleVolumeFiltered,filterSize,percentFilterAnalyzed,analyte,analyteConcentration,plantAlgaeLabUnits,method,externalRemarks,externalLabDataQF
"e6227d11-915a-4e53-9836-6fdc5d6c63a5","D16","MCRA","MCRA.AOS.S2","2017-09-19","MCRA.SS.20170919.POM.1",,"condition ok","SIRFER Lab at University of Utah","2018-07-19","ElFtGy1kV49xqNP00HfxQA==","POM","1",,,100,"carbon",303.92,"microgramsPerLiter","Revesz & Coplen 2012a",,
"aa2474ab-9360-4a90-9760-dd48d31159c5","D16","MCRA","MCRA.AOS.S2","2017-09-19","MCRA.SS.20170919.POM.1",,"condition ok","SIRFER Lab at University of Utah","2018-07-19","ElFtGy1kV49xqNP00HfxQA==","POM","1",,,100,"d13C",-25.71,"perMill","Revesz & Coplen 2012a",,
"024ab3fe-28f3-48bd-a4e4-3b7caefd8b6c","D16","MCRA","MCRA.AOS.S2","2017-09-19","MCRA.SS.20170919.POM.1",,"condition ok","SIRFER Lab at University of Utah","2018-07-19","ElFtGy1kV49xqNP00HfxQA==","POM","1",,,100,"nitrogen",14.07,"microgramsPerLiter","Revesz & Coplen 2012a",,
"0b51c676-7586-46f7-b022-ede11b2c1c07","D16","MCRA","MCRA.AOS.S2","2017-09-19","MCRA.SS.20170919.POM.1",,"condition ok","SIRFER Lab at University of Utah","2018-07-19","ElFtGy1kV49xqNP00HfxQA==","POM","1",,,100,"d15N",1.20,"perMill","Revesz & Coplen 2012a",,
