uid,domainID,siteID,namedLocation,collectDate,sampleID,sampleCode,sampleCondition,laboratoryName,analysisDate,analyzedBy,sampleType,replicate,sampleVolumeFiltered,filterSize,percentFilterAnalyzed,analyte,analyteConcentration,plantAlgaeLabUnits,method,externalRemarks,externalLabDataQF
"c3b8773c-b160-41dc-af3f-cf4ccc53830f","D17","BIGC","BIGC.AOS.S2","2018-10-09","BIGC.SS.20181009.POM.1","A00000064064","condition ok","SIRFER Lab at University of Utah","2018-12-13","ElFtGy1kV49xqNP00HfxQA==","POM","1",1250,25,100,"carbon",,"microgramsPerLiter","Revesz & Coplen 2012a",,
"d7e587ab-efe5-4349-9c62-eda3b82f0fdc","D17","BIGC","BIGC.AOS.S2","2018-10-09","BIGC.SS.20181009.POM.1","A00000064064","condition ok","SIRFER Lab at University of Utah","2018-12-13","ElFtGy1kV49xqNP00HfxQA==","POM","1",1250,25,100,"nitrogen",,"microgramsPerLiter","Revesz & Coplen 2012a",,
"042fd6af-d3b7-420f-9cc5-9e83a868fbc4","D17","BIGC","BIGC.AOS.S2","2018-10-09","BIGC.SS.20181009.POM.1","A00000064064","condition ok","SIRFER Lab at University of Utah","2018-12-13","ElFtGy1kV49xqNP00HfxQA==","POM","1",1250,25,100,"d15N",,"perMill","Revesz & Coplen 2012a",,
"0cbd2a58-8300-4042-a3d1-b0a13a6c3e72","D17","BIGC","BIGC.AOS.S2","2018-10-09","BIGC.SS.20181009.POM.1","A00000064064","condition ok","SIRFER Lab at University of Utah","2018-12-13","ElFtGy1kV49xqNP00HfxQA==","POM","1",1250,25,100,"d13C",,"perMill","Revesz & Coplen 2012a",,
