uid,domainID,siteID,namedLocation,collectDate,parentSampleID,parentSampleCode,isotopeH2OSampleCond,isotopeH2OSampleID,isotopeH2OSampleCode,isotopePOMRep2SampleCond,isotopePOMRep2SampleID,isotopePOMRep2SampleCode,isotopePOMSampleCond,isotopePOMSampleID,isotopePOMSampleCode,processedDateFilters,processedDateH2OIsotopes,sampleVolumeFilteredPOMRep1,sampleVolumeFilteredPOMRep2,fieldDataQF
"d8ba3238-8e4e-49c2-baa8-47a97b4eb667","D12","BLDE","BLDE.AOS.S2","2018-05-01T15:28Z","BLDE.SS.20180501",,"Sample condition ok","BLDE.SS.20180501.H2O.1","A00000031619","Sample condition ok","BLDE.SS.20180501.POM.2","A00000031624","Sample condition ok","BLDE.SS.20180501.POM.1","A00000031623","2018-05-01T16:30Z","2018-05-01T16:30Z",400,400,
"94965863-2850-4fe1-986b-292c624f2e38","D12","BLDE","BLDE.AOS.S2","2018-05-09T05:52Z","BLDE.SS.20180508",,"Sample condition ok","BLDE.SS.20180508.H2O.1","A00000031639","Sample condition ok","BLDE.SS.20180508.POM.2","A00000031642","Sample condition ok","BLDE.SS.20180508.POM.1","A00000031641","2018-05-08T20:40Z","2018-05-08T20:40Z",300,300,
"04a0e6d9-e2d8-4579-96cf-c9dd20623e51","D12","BLDE","BLDE.AOS.S2","2018-05-15T16:41Z","BLDE.SS.20180515",,"Sample condition ok","BLDE.SS.20180515.H2O.1","A00000030816","Sample condition ok","BLDE.SS.20180515.POM.2","A00000030818","Sample condition ok","BLDE.SS.20180515.POM.1","A00000030817","2018-05-15T19:34Z","2018-05-15T16:41Z",650,650,
"434db108-75ec-4368-8f9a-4f5c8e7e4994","D12","BLDE","BLDE.AOS.S2","2018-05-22T19:00Z","BLDE.SS.20180522",,"Sample condition ok","BLDE.SS.20180522.H2O.1","A00000031645","Sample condition ok","BLDE.SS.20180522.POM.2","A00000031649","Sample condition ok","BLDE.SS.20180522.POM.1","A00000031648","2018-05-22T21:39Z","2018-05-22T19:00Z",500,500,
"e23a4fd3-f29b-4c09-89c7-51caabcae221","D12","BLDE","BLDE.AOS.S2","2018-05-29T16:50Z","BLDE.SS.20180529",,"Sample condition ok","BLDE.SS.20180529.H2O.1","A00000031666","Sample condition ok","BLDE.SS.20180529.POM.2","A00000031669","Sample condition ok","BLDE.SS.20180529.POM.1","A00000031668","2018-05-29T19:30Z","2018-05-29T16:50Z",500,500,
