uid,domainID,siteID,namedLocation,collectDate,analysisDate,isotopeH2OSampleID,isotopeH2OSampleCode,instrumentSN,d18OWater,d2HWater,d18OsdWater,d2HsdWater,isotopeH2OExternalLabQF,laboratoryName,analyzedBy,sampleCondition,externalRemarks,externalLabDataQF
"f84f860f-621c-43bd-bad6-ce4e11ccb2f9","D12","BLDE","BLDE.AOS.S2","2018-05-01","2018-07-05","BLDE.SS.20180501.H2O.1","A00000031619","HIDS2052",-19.04,-145.02,0.02,0.10,0,"SIRFER Lab at University of Utah","OlSmE6RRn5QQH8tvUHmK5i/poYiQr6sd","OK",,
"f90e4199-b9ff-43f2-9114-40e1a63b7463","D12","BLDE","BLDE.AOS.S2","2018-05-09","2018-07-05","BLDE.SS.20180508.H2O.1","A00000031639","HIDS2052",-19.05,-145.01,0.04,0.11,0,"SIRFER Lab at University of Utah","OlSmE6RRn5QQH8tvUHmK5i/poYiQr6sd","OK",,
"3daa6edf-1642-4b2a-b94f-4503cce5aafe","D12","BLDE","BLDE.AOS.S2","2018-05-15","2018-07-05","BLDE.SS.20180515.H2O.1","A00000030816","HIDS2052",-19.06,-144.68,0.03,0.05,0,"SIRFER Lab at University of Utah","OlSmE6RRn5QQH8tvUHmK5i/poYiQr6sd","OK",,
"826d0693-72a2-423b-8fa8-699e4b4d9ada","D12","BLDE","BLDE.AOS.S2","2018-05-22","2018-07-05","BLDE.SS.20180522.H2O.1","A00000031645","HIDS2052",-19.15,-144.62,0.03,0.11,0,"SIRFER Lab at University of Utah","OlSmE6RRn5QQH8tvUHmK5i/poYiQr6sd","OK",,
"3fc1583a-71c2-4bcc-a62c-258fd4d3f3a3","D12","BLDE","BLDE.AOS.S2","2018-05-29","2018-07-05","BLDE.SS.20180529.H2O.1","A00000031666","HIDS2052",-19.03,-143.35,0.05,0.19,0,"SIRFER Lab at University of Utah","OlSmE6RRn5QQH8tvUHmK5i/poYiQr6sd","OK",,
