uid,domainID,siteID,namedLocation,collectDate,sampleID,sampleCode,sampleCondition,laboratoryName,analysisDate,analyzedBy,sampleType,replicate,sampleVolumeFiltered,filterSize,percentFilterAnalyzed,analyte,analyteConcentration,plantAlgaeLabUnits,method,externalRemarks,externalLabDataQF
"ce4720a9-59db-4c5a-b77d-5363484b1e00","D12","BLDE","BLDE.AOS.S2","2018-05-01","BLDE.SS.20180501.POM.1","A00000031623","condition ok","SIRFER Lab at University of Utah","2018-08-15","ElFtGy1kV49xqNP00HfxQA==","POM","1",400,25,100,"nitrogen",113.59,"microgramsPerLiter","Revesz & Coplen 2012a",,
"5ed4ea65-07a2-4db2-a3f7-39b892c59dd9","D12","BLDE","BLDE.AOS.S2","2018-05-01","BLDE.SS.20180501.POM.1","A00000031623","condition ok","SIRFER Lab at University of Utah","2018-08-15","ElFtGy1kV49xqNP00HfxQA==","POM","1",400,25,100,"d15N",2.65,"perMill","Revesz & Coplen 2012a",,
"4968dbd0-1bf0-4bc8-83f4-615561747d03","D12","BLDE","BLDE.AOS.S2","2018-05-01","BLDE.SS.20180501.POM.1","A00000031623","condition ok","SIRFER Lab at University of Utah","2018-08-15","ElFtGy1kV49xqNP00HfxQA==","POM","1",400,25,100,"carbon",1135.52,"microgramsPerLiter","Revesz & Coplen 2012a",,
"07ffff7d-be97-46f3-bcb2-2569f96f6653","D12","BLDE","BLDE.AOS.S2","2018-05-01","BLDE.SS.20180501.POM.1","A00000031623","condition ok","SIRFER Lab at University of Utah","2018-08-15","ElFtGy1kV49xqNP00HfxQA==","POM","1",400,25,100,"d13C",-27.03,"perMill","Revesz & Coplen 2012a",,
"143b32c2-9449-4d8b-9a9a-bebeeebbeaba","D12","BLDE","BLDE.AOS.S2","2018-05-09","BLDE.SS.20180508.POM.1","A00000031641","condition ok","SIRFER Lab at University of Utah","2018-08-15","ElFtGy1kV49xqNP00HfxQA==","POM","1",300,25,100,"d15N",1.49,"perMill","Revesz & Coplen 2012a",,
"8393fcf1-4337-4c37-bdf4-e628dd5747d4","D12","BLDE","BLDE.AOS.S2","2018-05-09","BLDE.SS.20180508.POM.1","A00000031641","condition ok","SIRFER Lab at University of Utah","2018-08-15","ElFtGy1kV49xqNP00HfxQA==","POM","1",300,25,100,"carbon",2339.99,"microgramsPerLiter","Revesz & Coplen 2012a",,
"902a52cd-a3de-4149-a0fc-552a0b957b64","D12","BLDE","BLDE.AOS.S2","2018-05-09","BLDE.SS.20180508.POM.1","A00000031641","condition ok","SIRFER Lab at University of Utah","2018-08-15","ElFtGy1kV49xqNP00HfxQA==","POM","1",300,25,100,"nitrogen",194.40,"microgramsPerLiter","Revesz & Coplen 2012a",,
"6915b9e0-2d85-465e-919f-777278a56cf2","D12","BLDE","BLDE.AOS.S2","2018-05-09","BLDE.SS.20180508.POM.1","A00000031641","condition ok","SIRFER Lab at University of Utah","2018-08-15","ElFtGy1kV49xqNP00HfxQA==","POM","1",300,25,100,"d13C",-26.58,"perMill","Revesz & Coplen 2012a",,
"fa1abf62-cafb-476b-b10f-564696aa106f","D12","BLDE","BLDE.AOS.S2","2018-05-15","BLDE.SS.20180515.POM.1","A00000030817","condition ok","SIRFER Lab at University of Utah","2018-08-15","ElFtGy1kV49xqNP00HfxQA==","POM","1",650,25,100,"d15N",3.05,"perMill","Revesz & Coplen 2012a",,
"08041abe-35bb-490b-b803-38229f3a6c1c","D12","BLDE","BLDE.AOS.S2","2018-05-15","BLDE.SS.20180515.POM.1","A00000030817","condition ok","SIRFER Lab at University of Utah","2018-08-15","ElFtGy1kV49xqNP00HfxQA==","POM","1",650,25,100,"carbon",900.77,"microgramsPerLiter","Revesz & Coplen 2012a",,
"8668a447-42d9-4b92-8efd-1b5d20f78b14","D12","BLDE","BLDE.AOS.S2","2018-05-15","BLDE.SS.20180515.POM.1","A00000030817","condition ok","SIRFER Lab at University of Utah","2018-08-15","ElFtGy1kV49xqNP00HfxQA==","POM","1",650,25,100,"d13C",-26.59,"perMill","Revesz & Coplen 2012a",,
"05f8b9c0-0641-4abd-bd6d-37eb7c3ead83","D12","BLDE","BLDE.AOS.S2","2018-05-15","BLDE.SS.20180515.POM.1","A00000030817","condition ok","SIRFER Lab at University of Utah","2018-08-15","ElFtGy1kV49xqNP00HfxQA==","POM","1",650,25,100,"nitrogen",78.03,"microgramsPerLiter","Revesz & Coplen 2012a",,
"4052e5c1-e3cf-4473-8e01-ca5681e5ab24","D12","BLDE","BLDE.AOS.S2","2018-05-22","BLDE.SS.20180522.POM.1","A00000031648","condition ok","SIRFER Lab at University of Utah","2018-08-15","ElFtGy1kV49xqNP00HfxQA==","POM","1",500,25,100,"d13C",-26.51,"perMill","Revesz & Coplen 2012a",,
"d004dfb2-4751-4d04-97d6-6888473c90cf","D12","BLDE","BLDE.AOS.S2","2018-05-22","BLDE.SS.20180522.POM.1","A00000031648","condition ok","SIRFER Lab at University of Utah","2018-08-15","ElFtGy1kV49xqNP00HfxQA==","POM","1",500,25,100,"d15N",2.99,"perMill","Revesz & Coplen 2012a",,
"303ffa63-9dda-47fe-8cbf-2a2396622d04","D12","BLDE","BLDE.AOS.S2","2018-05-22","BLDE.SS.20180522.POM.1","A00000031648","condition ok","SIRFER Lab at University of Utah","2018-08-15","ElFtGy1kV49xqNP00HfxQA==","POM","1",500,25,100,"carbon",747.28,"microgramsPerLiter","Revesz & Coplen 2012a",,
"94b7d4ab-e680-4e27-b47d-43bdeb0f3e57","D12","BLDE","BLDE.AOS.S2","2018-05-22","BLDE.SS.20180522.POM.1","A00000031648","condition ok","SIRFER Lab at University of Utah","2018-08-15","ElFtGy1kV49xqNP00HfxQA==","POM","1",500,25,100,"nitrogen",63.09,"microgramsPerLiter","Revesz & Coplen 2012a",,
"ccd977f1-6e52-43d3-8e53-a74437bdc4a0","D12","BLDE","BLDE.AOS.S2","2018-05-29","BLDE.SS.20180529.POM.1","A00000031668","condition ok","SIRFER Lab at University of Utah","2018-08-15","ElFtGy1kV49xqNP00HfxQA==","POM","1",500,25,100,"d15N",0.19,"perMill","Revesz & Coplen 2012a",,
"544926a7-2eb9-45cb-a12b-9cd394f1dde8","D12","BLDE","BLDE.AOS.S2","2018-05-29","BLDE.SS.20180529.POM.1","A00000031668","condition ok","SIRFER Lab at University of Utah","2018-08-15","ElFtGy1kV49xqNP00HfxQA==","POM","1",500,25,100,"nitrogen",69.06,"microgramsPerLiter","Revesz & Coplen 2012a",,
"f3e00a94-cbe7-4709-a611-bae87fd2c197","D12","BLDE","BLDE.AOS.S2","2018-05-29","BLDE.SS.20180529.POM.1","A00000031668","condition ok","SIRFER Lab at University of Utah","2018-08-15","ElFtGy1kV49xqNP00HfxQA==","POM","1",500,25,100,"carbon",801.68,"microgramsPerLiter","Revesz & Coplen 2012a",,
"d930c3bc-fdc2-4731-bc96-17c1632f848e","D12","BLDE","BLDE.AOS.S2","2018-05-29","BLDE.SS.20180529.POM.1","A00000031668","condition ok","SIRFER Lab at University of Utah","2018-08-15","ElFtGy1kV49xqNP00HfxQA==","POM","1",500,25,100,"d13C",-27.02,"perMill","Revesz & Coplen 2012a",,
