uid,domainID,siteID,namedLocation,decimalLatitude,decimalLongitude,coordinateUncertainty,additionalCoordUncertainty,elevation,elevationUncertainty,geodeticDatum,altLocation,altLatitude,altLongitude,altCoordinateUncertainty,altGeodeticDatum,collectDate,aquaticSiteType,samplingImpractical,parentSampleID,parentSampleCode,eventID,samplerType,dissolvedOxygen,dissolvedOxygenSaturation,specificConductance,waterTemp,asiSamplingProtocolVersion,lowerSegmentDepth,upperSegmentDepth,maxDepth,lakeSampleDepth1,lakeSampleDepth2,aCollectedBy,bCollectedBy,remarks,fieldDataQF
"af606874-403b-4b73-ac13-36624ea761c6","D12","BLDE","BLDE.AOS.S2",44.953606,-110.589396,0.1,10.0,2023.3,0.1,"WGS84",,,,,,"2018-05-01T15:28Z","stream",,"BLDE.SS.20180501",,"BLDE.20180501","Grab",8.00,55.60,97.20,0.80,"NEON.DOC.001886vF",,,,,,"Astimetz@battelleecology.org","Bsmallen@battelleecology.org","DO would not calibrate in field.",
"07da6dd7-59c3-41ed-a1ad-f2ee67d83ead","D12","BLDE","BLDE.AOS.S2",44.953606,-110.589396,0.1,10.0,2023.3,0.1,"WGS84",,,,,,"2018-05-09T05:52Z","stream",,"BLDE.SS.20180508",,"BLDE.20180508","Grab",10.23,80.80,75.40,5.30,"NEON.DOC.001886vF",,,,,,"Astimetz@battelleecology.org","Bsmallen@battelleecology.org","High flows east fork blacktail deer Creek flowing over banks and into BLDE upstream of sample collection",
"104eee10-c270-4cae-9473-366054a29db7","D12","BLDE","BLDE.AOS.S2",44.953606,-110.589396,0.1,10.0,2023.3,0.1,"WGS84",,,,,,"2018-05-15T16:41Z","stream",,"BLDE.SS.20180515",,"BLDE.20180515","Grab",11.04,83.90,70.10,3.90,"NEON.DOC.001886vF",,,,,,"Bsmallen@battelleecology.org","Astimetz@battelleecology.org","East fork blacktail deer Creek flowing over banks and into blacktail deer Creek in multiple locations upstream of sample collection.",
"1d36f16f-1adc-478c-963f-1ae7a5199a31","D12","BLDE","BLDE.AOS.S2",44.953606,-110.589396,0.1,10.0,2023.3,0.1,"WGS84",,,,,,"2018-05-22T19:00Z","stream",,"BLDE.SS.20180522",,"BLDE.20180522","Grab",10.03,83.40,60.30,7.40,"NEON.DOC.001886vF",,,,,,"Astimetz@battelleecology.org","Bsmallen@battelleecology.org","High flows in East Fork Blacktail Deer Creek flowing over banks and into BLDE upstream of sample collection",
"894121ba-d6c7-4916-90c0-3833213ef08a","D12","BLDE","BLDE.AOS.S2",44.953606,-110.589396,0.1,10.0,2023.3,0.1,"WGS84",,,,,,"2018-05-29T16:50Z","stream",,"BLDE.SS.20180529",,"BLDE.20180529","Grab",9.89,81.50,59.40,7.10,"NEON.DOC.001886vF",,,,,,"Bsmallen@battelleecology.org","Astimetz@battelleecology.org","East Fork Blacktail Creek flooding into BLDE reach in three different tributaries.",
