uid,domainID,siteID,namedLocation,collectDate,sampleID,sampleCode,sampleCondition,laboratoryName,analysisDate,analyzedBy,sampleType,replicate,sampleVolumeFiltered,filterSize,percentFilterAnalyzed,analyte,analyteConcentration,plantAlgaeLabUnits,method,externalRemarks,externalLabDataQF
"fb8cbcd5-0523-48ff-975a-a7dbade678b2","D01","HOPB","HOPB.AOS.S2","2017-03-06","HOPB.SS.20170306.POM.1",,"condition ok","SIRFER Lab at University of Utah","2018-02-20","ElFtGy1kV49xqNP00HfxQA==","POM","1",800,25,100,"d13C",-27.93,"perMill","Revesz & Coplen 2012a",,
"24ec764f-6de5-4466-b757-cfa9ccd0b28a","D01","HOPB","HOPB.AOS.S2","2017-03-06","HOPB.SS.20170306.POM.1",,"condition ok","SIRFER Lab at University of Utah","2018-02-20","ElFtGy1kV49xqNP00HfxQA==","POM","1",800,25,100,"d15N",5.82,"perMill","Revesz & Coplen 2012a",,
"33ed147a-a5c9-4385-ae3b-15010269f5e4","D01","HOPB","HOPB.AOS.S2","2017-03-06","HOPB.SS.20170306.POM.1",,"condition ok","SIRFER Lab at University of Utah","2018-02-20","ElFtGy1kV49xqNP00HfxQA==","POM","1",800,25,100,"carbon",219.72,"microgramsPerLiter","Revesz & Coplen 2012a",,
"319b59a6-d9ca-4352-90c5-84024e651118","D01","HOPB","HOPB.AOS.S2","2017-03-06","HOPB.SS.20170306.POM.1",,"condition ok","SIRFER Lab at University of Utah","2018-02-20","ElFtGy1kV49xqNP00HfxQA==","POM","1",800,25,100,"nitrogen",16.48,"microgramsPerLiter","Revesz & Coplen 2012a",,
"2f2952fc-e985-4aea-bdbe-a0c814d26988","D01","HOPB","HOPB.AOS.S2","2017-03-16","HOPB.SS.20170316.POM.1",,"condition ok","SIRFER Lab at University of Utah","2018-02-20","ElFtGy1kV49xqNP00HfxQA==","POM","1",700,25,100,"carbon",252.82,"microgramsPerLiter","Revesz & Coplen 2012a",,
"0baef4be-29fc-485a-845a-577c39ace5dc","D01","HOPB","HOPB.AOS.S2","2017-03-16","HOPB.SS.20170316.POM.1",,"condition ok","SIRFER Lab at University of Utah","2018-02-20","ElFtGy1kV49xqNP00HfxQA==","POM","1",700,25,100,"nitrogen",19.88,"microgramsPerLiter","Revesz & Coplen 2012a",,
"04273363-0c86-4b0f-9efe-c01f0637401b","D01","HOPB","HOPB.AOS.S2","2017-03-16","HOPB.SS.20170316.POM.1",,"condition ok","SIRFER Lab at University of Utah","2018-02-20","ElFtGy1kV49xqNP00HfxQA==","POM","1",700,25,100,"d13C",-27.91,"perMill","Revesz & Coplen 2012a",,
"05773f13-e87b-4304-975d-b593e8d00f70","D01","HOPB","HOPB.AOS.S2","2017-03-16","HOPB.SS.20170316.POM.1",,"condition ok","SIRFER Lab at University of Utah","2018-02-20","ElFtGy1kV49xqNP00HfxQA==","POM","1",700,25,100,"d15N",4.94,"perMill","Revesz & Coplen 2012a",,
"bacad51e-1481-41be-a2a8-c1a791b8d93b","D01","HOPB","HOPB.AOS.S2","2017-03-20","HOPB.SS.20170320.POM.2",,"condition ok","SIRFER Lab at University of Utah","2018-02-20","ElFtGy1kV49xqNP00HfxQA==","POM","1",1000,25,100,"d15N",4.90,"perMill","Revesz & Coplen 2012a",,
"f427ef54-ffb8-4f60-9615-790af1d14e74","D01","HOPB","HOPB.AOS.S2","2017-03-20","HOPB.SS.20170320.POM.2",,"condition ok","SIRFER Lab at University of Utah","2018-02-20","ElFtGy1kV49xqNP00HfxQA==","POM","1",1000,25,100,"carbon",110.20,"microgramsPerLiter","Revesz & Coplen 2012a",,
"112ec373-e615-44ec-81bf-fff41dd088b1","D01","HOPB","HOPB.AOS.S2","2017-03-20","HOPB.SS.20170320.POM.2",,"condition ok","SIRFER Lab at University of Utah","2018-02-20","ElFtGy1kV49xqNP00HfxQA==","POM","1",1000,25,100,"d13C",-27.91,"perMill","Revesz & Coplen 2012a",,
"6ce8a4d4-a4f5-4e5d-8323-50b39b952ce8","D01","HOPB","HOPB.AOS.S2","2017-03-20","HOPB.SS.20170320.POM.2",,"condition ok","SIRFER Lab at University of Utah","2018-02-20","ElFtGy1kV49xqNP00HfxQA==","POM","1",1000,25,100,"nitrogen",9.53,"microgramsPerLiter","Revesz & Coplen 2012a",,
"e5625183-0c2e-4caa-9464-f29a6bb70636","D01","HOPB","HOPB.AOS.S2","2017-03-29","HOPB.SS.20170329.POM.2",,"condition ok","SIRFER Lab at University of Utah","2018-02-20","ElFtGy1kV49xqNP00HfxQA==","POM","1",500,25,100,"carbon",837.94,"microgramsPerLiter","Revesz & Coplen 2012a",,
"ce65ec41-b5c0-47f7-a844-0b5a6526d65c","D01","HOPB","HOPB.AOS.S2","2017-03-29","HOPB.SS.20170329.POM.2",,"condition ok","SIRFER Lab at University of Utah","2018-02-20","ElFtGy1kV49xqNP00HfxQA==","POM","1",500,25,100,"d13C",-28.50,"perMill","Revesz & Coplen 2012a",,
"ba64c2dc-b3b3-4c97-a71e-b432e2eefbf2","D01","HOPB","HOPB.AOS.S2","2017-03-29","HOPB.SS.20170329.POM.2",,"condition ok","SIRFER Lab at University of Utah","2018-02-20","ElFtGy1kV49xqNP00HfxQA==","POM","1",500,25,100,"nitrogen",62.31,"microgramsPerLiter","Revesz & Coplen 2012a",,
"378e0eaa-f111-4de0-bf80-57f3fa9f383a","D01","HOPB","HOPB.AOS.S2","2017-03-29","HOPB.SS.20170329.POM.2",,"condition ok","SIRFER Lab at University of Utah","2018-02-20","ElFtGy1kV49xqNP00HfxQA==","POM","1",500,25,100,"d15N",3.50,"perMill","Revesz & Coplen 2012a",,
