uid,domainID,siteID,namedLocation,decimalLatitude,decimalLongitude,coordinateUncertainty,additionalCoordUncertainty,elevation,elevationUncertainty,geodeticDatum,altLocation,altLatitude,altLongitude,altCoordinateUncertainty,altGeodeticDatum,collectDate,aquaticSiteType,samplingImpractical,parentSampleID,parentSampleCode,eventID,samplerType,dissolvedOxygen,dissolvedOxygenSaturation,specificConductance,waterTemp,asiSamplingProtocolVersion,lowerSegmentDepth,upperSegmentDepth,maxDepth,lakeSampleDepth1,lakeSampleDepth2,aCollectedBy,bCollectedBy,remarks,fieldDataQF
"331f0a37-f071-4c7a-b725-8657218f3551","D01","HOPB","HOPB.AOS.S2",42.471802,-72.330656,0.3,10.0,213.1,0.3,"WGS84",,,,,,"2017-03-06T15:35Z","stream",,"HOPB.SS.20170306",,"HOPB.20170306","Grab",10.90,76.00,145.00,0.10,"NEON.DOC.001886vE",,,,,,"adavila@neoninc.org","thillman@neoninc.org",,
"91f1c50f-57dd-464c-a9c7-21db374659d2","D01","HOPB","HOPB.AOS.S2",42.471802,-72.330656,0.3,10.0,213.1,0.3,"WGS84",,,,,,"2017-03-16T14:30Z","stream",,"HOPB.SS.20170316",,"HOPB.20170316","Grab",9.70,69.00,133.50,0.00,"NEON.DOC.001886vE",,,,,,"adavila@neoninc.org","thillman@neoninc.org",,
"b5754a98-726e-4653-9393-3911be78aca3","D01","HOPB","HOPB.AOS.S2",42.471802,-72.330656,0.3,10.0,213.1,0.3,"WGS84",,,,,,"2017-03-20T13:00Z","stream",,"HOPB.SS.20170320",,"HOPB.20170320","Grab",10.20,72.00,130.10,0.10,"NEON.DOC.001886vE",,,,,,"adavila@neoninc.org","thillman@neoninc.org",,
"b6942230-376f-4a09-9405-b70ec2c47320","D01","HOPB","HOPB.AOS.S2",42.471802,-72.330656,0.3,10.0,213.1,0.3,"WGS84",,,,,,"2017-03-29T15:35Z","stream",,"HOPB.SS.20170329",,"HOPB.20170329","Grab",9.90,74.00,111.30,2.30,"NEON.DOC.001886vE",,,,,,"adavila@neoninc.org","jcoleman01@field-ops.org","jcoleman01@battelleecology.org, protocol Rev D",
