uid,domainID,siteID,namedLocation,collectDate,analysisDate,isotopeH2OSampleID,isotopeH2OSampleCode,instrumentSN,d18OWater,d2HWater,d18OsdWater,d2HsdWater,isotopeH2OExternalLabQF,laboratoryName,analyzedBy,sampleCondition,externalRemarks,externalLabDataQF
"06f63d92-403b-4b3a-8697-d7337d80d52c","D01","HOPB","HOPB.AOS.S2","2017-03-06","2017-04-17","HOPB.SS.20170306.H2O.1",,"HIDS2046",-9.60,-60.51,0.06,0.70,0,"SIRFER Lab at University of Utah","OlSmE6RRn5QQH8tvUHmK5i/poYiQr6sd","OK",,
"b7745d48-83b8-4669-8ab3-8f6b63a5296f","D01","HOPB","HOPB.AOS.S2","2017-03-16","2017-04-17","HOPB.SS.20170316.H2O.1",,"HIDS2046",-9.47,-59.18,0.01,0.13,0,"SIRFER Lab at University of Utah","OlSmE6RRn5QQH8tvUHmK5i/poYiQr6sd","OK",,
"0383946c-f14c-46fd-b6c8-986c193e5fd0","D01","HOPB","HOPB.AOS.S2","2017-03-20","2017-04-17","HOPB.SS.20170320.H2O.1",,"HIDS2046",-9.38,-58.69,0.02,0.14,0,"SIRFER Lab at University of Utah","OlSmE6RRn5QQH8tvUHmK5i/poYiQr6sd","OK",,
"38bf9fd4-3fa9-46b1-a2cc-0dd541975928","D01","HOPB","HOPB.AOS.S2","2017-03-29","2017-04-17","HOPB.SS.20170329.H2O.1",,"HIDS2046",-9.93,-62.64,0.03,0.18,0,"SIRFER Lab at University of Utah","OlSmE6RRn5QQH8tvUHmK5i/poYiQr6sd","OK",,
