uid,domainID,siteID,namedLocation,collectDate,parentSampleID,parentSampleCode,isotopeH2OSampleCond,isotopeH2OSampleID,isotopeH2OSampleCode,isotopePOMRep2SampleCond,isotopePOMRep2SampleID,isotopePOMRep2SampleCode,isotopePOMSampleCond,isotopePOMSampleID,isotopePOMSampleCode,processedDateFilters,processedDateH2OIsotopes,sampleVolumeFilteredPOMRep1,sampleVolumeFilteredPOMRep2,fieldDataQF
"24b87006-816e-44f5-8673-ceb6d4f44046","D01","HOPB","HOPB.AOS.S2","2017-03-06T15:35Z","HOPB.SS.20170306",,,"HOPB.SS.20170306.H2O.1",,,"HOPB.SS.20170306.POM.2",,,"HOPB.SS.20170306.POM.1",,"2017-03-06T12:00Z","2017-03-06T10:40Z",800,800,
"dd6caac9-f867-48f0-8a32-8bcc7f6019c0","D01","HOPB","HOPB.AOS.S2","2017-03-16T14:30Z","HOPB.SS.20170316",,,"HOPB.SS.20170316.H2O.1",,,"HOPB.SS.20170316.POM.2",,,"HOPB.SS.20170316.POM.1",,"2017-03-16T12:00Z","2017-03-16T10:30Z",700,700,
"d3b7456d-d689-4592-8e17-ad7adccb685e","D01","HOPB","HOPB.AOS.S2","2017-03-20T13:00Z","HOPB.SS.20170320",,,"HOPB.SS.20170320.H2O.1",,,"HOPB.SS.20170320.POM.2",,,"HOPB.SS.20170320.POM.1",,"2017-03-20T10:30Z","2017-03-20T09:00Z",1000,1000,
"f3a4812e-746e-473b-9511-2180287600c1","D01","HOPB","HOPB.AOS.S2","2017-03-29T15:35Z","HOPB.SS.20170329",,,"HOPB.SS.20170329.H2O.1",,,"HOPB.SS.20170329.POM.2",,,"HOPB.SS.20170329.POM.1",,"2017-03-29T13:00Z","2017-03-29T11:35Z",500,500,
