uid,domainID,siteID,namedLocation,collectDate,sampleID,sampleCode,sampleCondition,laboratoryName,analysisDate,analyzedBy,sampleType,replicate,sampleVolumeFiltered,filterSize,percentFilterAnalyzed,analyte,analyteConcentration,plantAlgaeLabUnits,method,externalRemarks,externalLabDataQF
"eb7ead1e-bbde-4279-8c8d-c6073c7fd0ed","D07","WALK","WALK.AOS.S2","2017-07-05","WALK.SS.20170705.POM.1",,"condition ok","SIRFER Lab at University of Utah","2018-03-12","ElFtGy1kV49xqNP00HfxQA==","POM","1",,,100,"d15N",-0.71,"perMill","Revesz & Coplen 2012a",,
"deff6232-bf28-41fb-adeb-aefba20f46e8","D07","WALK","WALK.AOS.S2","2017-07-05","WALK.SS.20170705.POM.1",,"condition ok","SIRFER Lab at University of Utah","2018-03-12","ElFtGy1kV49xqNP00HfxQA==","POM","1",,,100,"carbon",691.72,"microgramsPerLiter","Revesz & Coplen 2012a",,
"632b8d1b-4b49-45e0-8c36-d38b725be0c5","D07","WALK","WALK.AOS.S2","2017-07-05","WALK.SS.20170705.POM.1",,"condition ok","SIRFER Lab at University of Utah","2018-03-12","ElFtGy1kV49xqNP00HfxQA==","POM","1",,,100,"d13C",-27.60,"perMill","Revesz & Coplen 2012a",,
"dd6978b5-f66a-4dd4-8069-cc9ec6e9e582","D07","WALK","WALK.AOS.S2","2017-07-05","WALK.SS.20170705.POM.1",,"condition ok","SIRFER Lab at University of Utah","2018-03-12","ElFtGy1kV49xqNP00HfxQA==","POM","1",,,100,"nitrogen",41.17,"microgramsPerLiter","Revesz & Coplen 2012a",,
"aa2fb0ab-783b-457c-92c4-d096aae6b1d3","D07","WALK","WALK.AOS.S2","2017-07-24","WALK.SS.20170724.POM.1",,"condition ok","SIRFER Lab at University of Utah","2018-03-12","ElFtGy1kV49xqNP00HfxQA==","POM","1",,,100,"carbon",288.94,"microgramsPerLiter","Revesz & Coplen 2012a",,
"797007c1-f3b2-4b14-a18d-2b15c4f27469","D07","WALK","WALK.AOS.S2","2017-07-24","WALK.SS.20170724.POM.1",,"condition ok","SIRFER Lab at University of Utah","2018-03-12","ElFtGy1kV49xqNP00HfxQA==","POM","1",,,100,"d13C",-28.21,"perMill","Revesz & Coplen 2012a",,
"ea836121-2dc5-433b-9ca4-2fe07d0b58ba","D07","WALK","WALK.AOS.S2","2017-07-24","WALK.SS.20170724.POM.1",,"condition ok","SIRFER Lab at University of Utah","2018-03-12","ElFtGy1kV49xqNP00HfxQA==","POM","1",,,100,"nitrogen",30.03,"microgramsPerLiter","Revesz & Coplen 2012a",,
"10f5214d-12e2-4f36-96bb-9cce00c66210","D07","WALK","WALK.AOS.S2","2017-07-24","WALK.SS.20170724.POM.1",,"condition ok","SIRFER Lab at University of Utah","2018-03-12","ElFtGy1kV49xqNP00HfxQA==","POM","1",,,100,"d15N",3.22,"perMill","Revesz & Coplen 2012a",,
