uid,domainID,siteID,namedLocation,collectDate,sampleID,sampleCode,sampleCondition,laboratoryName,analysisDate,analyzedBy,sampleType,replicate,sampleVolumeFiltered,filterSize,percentFilterAnalyzed,analyte,analyteConcentration,plantAlgaeLabUnits,method,externalRemarks,externalLabDataQF
"c96f447d-881a-424c-aa31-79e075dab89e","D16","MCRA","MCRA.AOS.S2","2017-07-11","MCRA.SS.20170711.POM.1",,"condition ok","SIRFER Lab at University of Utah","2018-07-19","ElFtGy1kV49xqNP00HfxQA==","POM","1",,,100,"d15N",2.75,"perMill","Revesz & Coplen 2012a",,
"57bf10e9-5304-4077-bea7-fc01c5cf26e2","D16","MCRA","MCRA.AOS.S2","2017-07-11","MCRA.SS.20170711.POM.1",,"condition ok","SIRFER Lab at University of Utah","2018-07-19","ElFtGy1kV49xqNP00HfxQA==","POM","1",,,100,"nitrogen",3.90,"microgramsPerLiter","Revesz & Coplen 2012a",,
"a29c7e11-7d8d-41b3-af8d-1a6751944771","D16","MCRA","MCRA.AOS.S2","2017-07-11","MCRA.SS.20170711.POM.1",,"condition ok","SIRFER Lab at University of Utah","2018-07-19","ElFtGy1kV49xqNP00HfxQA==","POM","1",,,100,"d13C",-26.93,"perMill","Revesz & Coplen 2012a",,
"e25d0387-f877-4523-b056-6f16c5af6fac","D16","MCRA","MCRA.AOS.S2","2017-07-11","MCRA.SS.20170711.POM.1",,"condition ok","SIRFER Lab at University of Utah","2018-07-19","ElFtGy1kV49xqNP00HfxQA==","POM","1",,,100,"carbon",78.38,"microgramsPerLiter","Revesz & Coplen 2012a",,
