uid,domainID,siteID,namedLocation,collectDate,sampleID,sampleCode,sampleCondition,laboratoryName,analysisDate,analyzedBy,sampleType,replicate,sampleVolumeFiltered,filterSize,percentFilterAnalyzed,analyte,analyteConcentration,plantAlgaeLabUnits,method,externalRemarks,externalLabDataQF
"86cee5cb-109a-495f-83fc-6ee53be46b86","D02","POSE","POSE.AOS.S2","2018-09-18","POSE.SS.20180918.POM.1","A00000035481","condition ok","SIRFER Lab at University of Utah","2018-11-09","ElFtGy1kV49xqNP00HfxQA==","POM","1",400,25,100,"carbon",1168.21,"microgramsPerLiter","Revesz & Coplen 2012a",,
"33d886ab-82d1-4a3a-8491-d19d84a64eb5","D02","POSE","POSE.AOS.S2","2018-09-18","POSE.SS.20180918.POM.1","A00000035481","condition ok","SIRFER Lab at University of Utah","2018-11-09","ElFtGy1kV49xqNP00HfxQA==","POM","1",400,25,100,"d13C",-28.11,"perMill","Revesz & Coplen 2012a",,
"bd1ce4d5-c7c0-43bc-92df-ed7fcfa26fc9","D02","POSE","POSE.AOS.S2","2018-09-18","POSE.SS.20180918.POM.1","A00000035481","condition ok","SIRFER Lab at University of Utah","2018-11-09","ElFtGy1kV49xqNP00HfxQA==","POM","1",400,25,100,"nitrogen",84.08,"microgramsPerLiter","Revesz & Coplen 2012a",,
"da18a6ee-b103-4ac7-b5d8-18e7195afe87","D02","POSE","POSE.AOS.S2","2018-09-18","POSE.SS.20180918.POM.1","A00000035481","condition ok","SIRFER Lab at University of Utah","2018-11-09","ElFtGy1kV49xqNP00HfxQA==","POM","1",400,25,100,"d15N",2.66,"perMill","Revesz & Coplen 2012a",,
