uid,domainID,siteID,namedLocation,decimalLatitude,decimalLongitude,coordinateUncertainty,additionalCoordUncertainty,elevation,elevationUncertainty,geodeticDatum,altLocation,altLatitude,altLongitude,altCoordinateUncertainty,altGeodeticDatum,collectDate,aquaticSiteType,samplingImpractical,parentSampleID,parentSampleCode,eventID,samplerType,dissolvedOxygen,dissolvedOxygenSaturation,specificConductance,waterTemp,asiSamplingProtocolVersion,lowerSegmentDepth,upperSegmentDepth,maxDepth,lakeSampleDepth1,lakeSampleDepth2,aCollectedBy,bCollectedBy,remarks,fieldDataQF
"24d304d5-2d10-440a-a92c-be38ebe48b10","D08","BLWA","BLWA.AOS.buoy.c0",32.540670,-87.798060,1.0,10.0,20.0,10.0,"WGS84",,,,,,"2017-04-11T17:27Z","river",,"BLWA.C0.20170411",,"BLWA.20170411","Kemmerer",7.95,85.30,131.20,19.20,"NEON.DOC.001886vE",,,,,,"churak@neoninc.org","kbrown@neoninc.org",,
"e284846a-478f-4d33-bfda-9d5849c1dec7","D08","BLWA","BLWA.AOS.buoy.c0",32.540670,-87.798060,1.0,10.0,20.0,10.0,"WGS84",,,,,,"2017-04-20T18:20Z","river",,"BLWA.C0.20170420",,"BLWA.20170420","Kemmerer",8.71,103.70,120.30,23.50,"NEON.DOC.001886vE",,,3.6,,,"jgalloway@neoninc.org","mlabelle@neoninc.org",,
"f8265128-0b07-4d75-a4ff-62634f87a8df","D08","BLWA","BLWA.AOS.buoy.c0",32.540670,-87.798060,1.0,10.0,20.0,10.0,"WGS84",,,,,,"2017-04-24T18:27Z","river",,"BLWA.C0.20170424",,"BLWA.20170424","Kemmerer",6.95,81.10,125.70,22.90,"NEON.DOC.001886vE",,,,,,"churak@neoninc.org","mlabelle@neoninc.org",,
"d1a46a61-2c80-447d-9dfe-d6f0ef8dc812","D08","BLWA","BLWA.AOS.buoy.c0",32.540670,-87.798060,1.0,,20.0,10.0,"WGS84",,,,,,"2017-04-27T12:36Z","river",,"BLWA.C0.20170427",,"BLWA.20170427","Kemmerer",7.37,87.40,131.40,24.20,"NEON.DOC.001886vE",,,,,,"churak@battelleecology.org","kbrown@neoninc.org",,
