uid,domainID,siteID,namedLocation,collectDate,sampleID,sampleCode,sampleCondition,laboratoryName,analysisDate,analyzedBy,sampleType,replicate,sampleVolumeFiltered,filterSize,percentFilterAnalyzed,analyte,analyteConcentration,plantAlgaeLabUnits,method,externalRemarks,externalLabDataQF
"5d80ae5e-f3e9-4dad-965c-952086902d4b","D08","BLWA","BLWA.AOS.buoy.c0","2017-04-11","BLWA.C0.20170411.POM.2",,"condition ok","SIRFER Lab at University of Utah","2018-03-22","ElFtGy1kV49xqNP00HfxQA==","POM","1",50,25,100,"d15N",17.90,"perMill","Revesz & Coplen 2012a",,
"767031ce-189f-45ea-9aa8-813a6c0f9c5e","D08","BLWA","BLWA.AOS.buoy.c0","2017-04-11","BLWA.C0.20170411.POM.2",,"condition ok","SIRFER Lab at University of Utah","2018-03-22","ElFtGy1kV49xqNP00HfxQA==","POM","1",50,25,100,"d13C",-29.04,"perMill","Revesz & Coplen 2012a",,
"8e745f66-dc3f-4b20-8659-8dbece22532e","D08","BLWA","BLWA.AOS.buoy.c0","2017-04-11","BLWA.C0.20170411.POM.2",,"condition ok","SIRFER Lab at University of Utah","2018-03-22","ElFtGy1kV49xqNP00HfxQA==","POM","1",50,25,100,"nitrogen",109.49,"microgramsPerLiter","Revesz & Coplen 2012a",,
"f280dadd-b1a6-4010-81c6-6c9ec7088ff7","D08","BLWA","BLWA.AOS.buoy.c0","2017-04-11","BLWA.C0.20170411.POM.2",,"condition ok","SIRFER Lab at University of Utah","2018-03-22","ElFtGy1kV49xqNP00HfxQA==","POM","1",50,25,100,"carbon",865.26,"microgramsPerLiter","Revesz & Coplen 2012a",,
"d4c88325-e798-4344-83cf-8a0c4796ad41","D08","BLWA","BLWA.AOS.buoy.c0","2017-04-20","BLWA.C0.20170420.POM.2",,"condition ok","SIRFER Lab at University of Utah","2018-03-22","ElFtGy1kV49xqNP00HfxQA==","POM","1",100,25,100,"d13C",-34.28,"perMill","Revesz & Coplen 2012a",,
"f3ec08ad-bdb0-420a-b638-42100188e4ae","D08","BLWA","BLWA.AOS.buoy.c0","2017-04-20","BLWA.C0.20170420.POM.2",,"condition ok","SIRFER Lab at University of Utah","2018-03-22","ElFtGy1kV49xqNP00HfxQA==","POM","1",100,25,100,"d15N",10.06,"perMill","Revesz & Coplen 2012a",,
"9743ae1f-7045-4aee-a3ad-5f9dd1bee4ce","D08","BLWA","BLWA.AOS.buoy.c0","2017-04-20","BLWA.C0.20170420.POM.2",,"condition ok","SIRFER Lab at University of Utah","2018-03-22","ElFtGy1kV49xqNP00HfxQA==","POM","1",100,25,100,"carbon",1263.80,"microgramsPerLiter","Revesz & Coplen 2012a",,
"7190e312-9e51-47a7-9f49-bb5d1b72c951","D08","BLWA","BLWA.AOS.buoy.c0","2017-04-20","BLWA.C0.20170420.POM.2",,"condition ok","SIRFER Lab at University of Utah","2018-03-22","ElFtGy1kV49xqNP00HfxQA==","POM","1",100,25,100,"nitrogen",184.61,"microgramsPerLiter","Revesz & Coplen 2012a",,
"1cba1ae9-e0e2-4252-832f-da669ce314f1","D08","BLWA","BLWA.AOS.buoy.c0","2017-04-24","BLWA.C0.20170424.POM.1",,"condition ok","SIRFER Lab at University of Utah","2018-03-22","ElFtGy1kV49xqNP00HfxQA==","POM","1",100,25,100,"carbon",732.05,"microgramsPerLiter","Revesz & Coplen 2012a",,
"2341a81d-814b-4759-9fed-9da50be494c5","D08","BLWA","BLWA.AOS.buoy.c0","2017-04-24","BLWA.C0.20170424.POM.1",,"condition ok","SIRFER Lab at University of Utah","2018-03-22","ElFtGy1kV49xqNP00HfxQA==","POM","1",100,25,100,"nitrogen",122.19,"microgramsPerLiter","Revesz & Coplen 2012a",,
"64b9250a-b22d-4f58-9c71-b5cadef4b01d","D08","BLWA","BLWA.AOS.buoy.c0","2017-04-24","BLWA.C0.20170424.POM.1",,"condition ok","SIRFER Lab at University of Utah","2018-03-22","ElFtGy1kV49xqNP00HfxQA==","POM","1",100,25,100,"d15N",11.13,"perMill","Revesz & Coplen 2012a",,
"0f1ed0b0-32eb-48fc-9cbf-a63a358ab344","D08","BLWA","BLWA.AOS.buoy.c0","2017-04-24","BLWA.C0.20170424.POM.1",,"condition ok","SIRFER Lab at University of Utah","2018-03-22","ElFtGy1kV49xqNP00HfxQA==","POM","1",100,25,100,"d13C",-30.97,"perMill","Revesz & Coplen 2012a",,
"a9d49c3c-731e-4f5b-8863-21f27496d921","D08","BLWA","BLWA.AOS.buoy.c0","2017-04-27","BLWA.C0.20170427.POM.1",,"condition ok","SIRFER Lab at University of Utah","2018-03-22","ElFtGy1kV49xqNP00HfxQA==","POM","1",100,25,100,"carbon",767.55,"microgramsPerLiter","Revesz & Coplen 2012a",,
"c560dfe2-c5f5-4903-80ee-7ebd25d554ad","D08","BLWA","BLWA.AOS.buoy.c0","2017-04-27","BLWA.C0.20170427.POM.1",,"condition ok","SIRFER Lab at University of Utah","2018-03-22","ElFtGy1kV49xqNP00HfxQA==","POM","1",100,25,100,"d13C",-31.51,"perMill","Revesz & Coplen 2012a",,
"9f44ae06-ab86-4b9a-98f1-1165d1069334","D08","BLWA","BLWA.AOS.buoy.c0","2017-04-27","BLWA.C0.20170427.POM.1",,"condition ok","SIRFER Lab at University of Utah","2018-03-22","ElFtGy1kV49xqNP00HfxQA==","POM","1",100,25,100,"nitrogen",106.64,"microgramsPerLiter","Revesz & Coplen 2012a",,
"a886e644-8af7-43ed-aace-dbd58890a900","D08","BLWA","BLWA.AOS.buoy.c0","2017-04-27","BLWA.C0.20170427.POM.1",,"condition ok","SIRFER Lab at University of Utah","2018-03-22","ElFtGy1kV49xqNP00HfxQA==","POM","1",100,25,100,"d15N",11.74,"perMill","Revesz & Coplen 2012a",,
