uid,domainID,siteID,namedLocation,collectDate,parentSampleID,parentSampleCode,isotopeH2OSampleCond,isotopeH2OSampleID,isotopeH2OSampleCode,isotopePOMRep2SampleCond,isotopePOMRep2SampleID,isotopePOMRep2SampleCode,isotopePOMSampleCond,isotopePOMSampleID,isotopePOMSampleCode,processedDateFilters,processedDateH2OIsotopes,sampleVolumeFilteredPOMRep1,sampleVolumeFilteredPOMRep2,fieldDataQF
"a4c6de28-4b13-48f2-b2df-0bdefc6c85a4","D08","BLWA","BLWA.AOS.buoy.c0","2017-04-11T17:27Z","BLWA.C0.20170411",,,"BLWA.C0.20170411.H2O.1",,,"BLWA.C0.20170411.POM.2",,,"BLWA.C0.20170411.POM.1",,"2017-04-11T12:48Z","2017-04-11T12:48Z",50,50,
"25d085ad-7204-40e5-8b1d-412bcacd1eee","D08","BLWA","BLWA.AOS.buoy.c0","2017-04-20T18:20Z","BLWA.C0.20170420",,,"BLWA.C0.20170420.H2O.1",,,"BLWA.C0.20170420.POM.2",,,"BLWA.C0.20170420.POM.1",,"2017-04-20T13:35Z","2017-04-20T13:35Z",100,100,
"a8081034-e7c3-4298-96b5-ecd2dc2b2976","D08","BLWA","BLWA.AOS.buoy.c0","2017-04-24T18:27Z","BLWA.C0.20170424",,,"BLWA.C0.20170424.H2O.1",,,"BLWA.C0.20170424.POM.2",,,"BLWA.C0.20170424.POM.1",,"2017-04-24T13:21Z","2017-04-24T13:21Z",100,100,
"8eee4357-bdb5-4eb1-b50f-34697833de21","D08","BLWA","BLWA.AOS.buoy.c0","2017-04-27T12:36Z","BLWA.C0.20170427",,"Sample condition ok","BLWA.C0.20170427.H2O.1",,"Sample condition ok","BLWA.C0.20170427.POM.2",,"Sample condition ok","BLWA.C0.20170427.POM.1",,"2017-05-02T13:00Z","2017-05-02T13:00Z",100,100,
