uid,domainID,siteID,namedLocation,collectDate,analysisDate,isotopeH2OSampleID,isotopeH2OSampleCode,instrumentSN,d18OWater,d2HWater,d18OsdWater,d2HsdWater,isotopeH2OExternalLabQF,laboratoryName,analyzedBy,sampleCondition,externalRemarks,externalLabDataQF
"7bd858da-2791-4ee4-9f51-b8d8d2c27c46","D17","BIGC","BIGC.AOS.S2","2019-05-06","2019-07-08","BIGC.SS.20190506.H2O.1","A00000063382","HIDS2052",-11.53,-78.77,0.03,0.11,0,"SIRFER Lab at University of Utah","OlSmE6RRn5QQH8tvUHmK5i/poYiQr6sd","OK",,
"3efc8573-0e47-4cdf-9c92-408ef8ac6f3d","D17","BIGC","BIGC.AOS.S2","2019-05-07","2019-07-08","BIGC.SS.20190507.H2O.1","A00000063393","HIDS2052",-11.43,-78.56,0.02,0.23,0,"SIRFER Lab at University of Utah","OlSmE6RRn5QQH8tvUHmK5i/poYiQr6sd","OK",,
"c2ce7eb5-9bfd-4cdd-98c6-9a843bb65889","D17","BIGC","BIGC.AOS.S2","2019-05-13","2019-07-08","BIGC.SS.20190513.H2O.1","A00000063706","HIDS2052",-11.63,-79.27,0.04,0.15,0,"SIRFER Lab at University of Utah","OlSmE6RRn5QQH8tvUHmK5i/poYiQr6sd","OK",,
"be57882d-025a-4717-9cf6-82a08f86fc4e","D17","BIGC","BIGC.AOS.S2","2019-05-22","2019-07-08","BIGC.SS.20190522.H2O.1","A00000063038","HIDS2052",-11.30,-77.58,0.05,0.24,0,"SIRFER Lab at University of Utah","OlSmE6RRn5QQH8tvUHmK5i/poYiQr6sd","OK",,
"58f2bbdb-e332-4683-b25e-fe75183537ab","D17","BIGC","BIGC.AOS.S2","2019-05-28","2019-07-08","BIGC.SS.20190528.H2O.1","A00000063740","HIDS2052",-11.47,-78.05,0.04,0.11,0,"SIRFER Lab at University of Utah","OlSmE6RRn5QQH8tvUHmK5i/poYiQr6sd","OK",,
