uid,domainID,siteID,namedLocation,collectDate,parentSampleID,parentSampleCode,isotopeH2OSampleCond,isotopeH2OSampleID,isotopeH2OSampleCode,isotopePOMRep2SampleCond,isotopePOMRep2SampleID,isotopePOMRep2SampleCode,isotopePOMSampleCond,isotopePOMSampleID,isotopePOMSampleCode,processedDateFilters,processedDateH2OIsotopes,sampleVolumeFilteredPOMRep1,sampleVolumeFilteredPOMRep2,fieldDataQF
"15d2f081-b8e9-422c-a7b5-47f5a690b705","D17","BIGC","BIGC.AOS.S2","2019-05-06T18:03Z","BIGC.SS.20190506",,"Sample condition ok","BIGC.SS.20190506.H2O.1",,"Sample condition ok","BIGC.SS.20190506.POM.2","A00000063414","Sample condition ok","BIGC.SS.20190506.POM.1","A00000063413","2019-05-06T18:03Z",,1250,1250,
"9d65a1e2-3943-413c-9314-349a1d3146bf","D17","BIGC","BIGC.AOS.S2","2019-05-07T16:46Z","BIGC.SS.20190507",,"Sample condition ok","BIGC.SS.20190507.H2O.1","A00000063393","Sample condition ok","BIGC.SS.20190507.POM.2","A00000063029","Sample condition ok","BIGC.SS.20190507.POM.1","A00000063028","2019-05-07T18:15Z","2019-05-07T19:02Z",1250,1250,
"d6a5f5ab-dce4-4216-adca-d9298d68f8ce","D17","BIGC","BIGC.AOS.S2","2019-05-13T16:48Z","BIGC.SS.20190513",,"Sample condition ok","BIGC.SS.20190513.H2O.1","A00000063706","Sample condition ok","BIGC.SS.20190513.POM.2","A00000063037","Sample condition ok","BIGC.SS.20190513.POM.1","A00000063036","2019-05-13T17:30Z","2019-05-13T16:55Z",1250,1250,
"e74100a9-be0a-4354-b3bb-869ce4509655","D17","BIGC","BIGC.AOS.S2","2019-05-22T20:55Z","BIGC.SS.20190522",,"Sample condition ok","BIGC.SS.20190522.H2O.1","A00000063038","Sample condition ok","BIGC.SS.20190522.POM.2","A00000063734","Sample condition ok","BIGC.SS.20190522.POM.1","A00000063735","2019-05-22T22:36Z","2019-05-22T22:16Z",800,800,
"4bd98b5d-d14f-47a2-a22d-441e68fd916d","D17","BIGC","BIGC.AOS.S2","2019-05-28T17:36Z","BIGC.SS.20190528",,"Sample condition ok","BIGC.SS.20190528.H2O.1","A00000063740","Sample condition ok","BIGC.SS.20190528.POM.2","A00000063738","Sample condition ok","BIGC.SS.20190528.POM.1","A00000063737",,"2019-05-28T17:36Z",1250,1250,
