uid,domainID,siteID,namedLocation,collectDate,sampleID,sampleCode,sampleCondition,laboratoryName,analysisDate,analyzedBy,sampleType,replicate,sampleVolumeFiltered,filterSize,percentFilterAnalyzed,analyte,analyteConcentration,plantAlgaeLabUnits,method,externalRemarks,externalLabDataQF
"2c7c5254-3e6e-42e2-afa6-93ea3b9dc66c","D17","BIGC","BIGC.AOS.S2","2019-05-06","BIGC.SS.20190506.POM.1","A00000063413","condition ok","SIRFER Lab at University of Utah","2019-10-09","ElFtGy1kV49xqNP00HfxQA==","POM","1",1250,25,100,"d13C",-24.07,"perMill","Revesz & Coplen 2012a",,
"53b0c912-22cb-4ddd-bae0-7518be985ff7","D17","BIGC","BIGC.AOS.S2","2019-05-06","BIGC.SS.20190506.POM.1","A00000063413","condition ok","SIRFER Lab at University of Utah","2019-10-09","ElFtGy1kV49xqNP00HfxQA==","POM","1",1250,25,100,"nitrogen",35.56,"microgramsPerLiter","Revesz & Coplen 2012a",,
"67301b28-6e00-4a74-9b74-77336bdf6584","D17","BIGC","BIGC.AOS.S2","2019-05-06","BIGC.SS.20190506.POM.1","A00000063413","condition ok","SIRFER Lab at University of Utah","2019-10-09","ElFtGy1kV49xqNP00HfxQA==","POM","1",1250,25,100,"carbon",73.49,"microgramsPerLiter","Revesz & Coplen 2012a",,
"bb4c0e72-b0bb-4281-82e2-f72cb9d6e620","D17","BIGC","BIGC.AOS.S2","2019-05-06","BIGC.SS.20190506.POM.1","A00000063413","condition ok","SIRFER Lab at University of Utah","2019-10-09","ElFtGy1kV49xqNP00HfxQA==","POM","1",1250,25,100,"d15N",-0.44,"perMill","Revesz & Coplen 2012a",,
"e2beabfc-9375-40bb-9639-f564274bd5f7","D17","BIGC","BIGC.AOS.S2","2019-05-07","BIGC.SS.20190507.POM.1","A00000063028","condition ok","SIRFER Lab at University of Utah","2019-10-09","ElFtGy1kV49xqNP00HfxQA==","POM","1",1250,25,100,"carbon",101.36,"microgramsPerLiter","Revesz & Coplen 2012a",,
"8fbad8e7-e00e-4743-938d-6e82345b6333","D17","BIGC","BIGC.AOS.S2","2019-05-07","BIGC.SS.20190507.POM.1","A00000063028","condition ok","SIRFER Lab at University of Utah","2019-10-09","ElFtGy1kV49xqNP00HfxQA==","POM","1",1250,25,100,"d13C",-26.64,"perMill","Revesz & Coplen 2012a",,
"1d3a2805-6af4-4f26-98fe-61e18b29a841","D17","BIGC","BIGC.AOS.S2","2019-05-07","BIGC.SS.20190507.POM.1","A00000063028","condition ok","SIRFER Lab at University of Utah","2019-10-09","ElFtGy1kV49xqNP00HfxQA==","POM","1",1250,25,100,"nitrogen",7.96,"microgramsPerLiter","Revesz & Coplen 2012a",,
"e14a8902-4b3b-45ed-8df5-eee6034e8274","D17","BIGC","BIGC.AOS.S2","2019-05-07","BIGC.SS.20190507.POM.1","A00000063028","condition ok","SIRFER Lab at University of Utah","2019-10-09","ElFtGy1kV49xqNP00HfxQA==","POM","1",1250,25,100,"d15N",-0.07,"perMill","Revesz & Coplen 2012a",,
"af4be77c-20d8-4b60-a4d5-4e6cbfc42896","D17","BIGC","BIGC.AOS.S2","2019-05-13","BIGC.SS.20190513.POM.1","A00000063036","condition ok","SIRFER Lab at University of Utah","2019-10-09","ElFtGy1kV49xqNP00HfxQA==","POM","1",1250,25,100,"carbon",117.67,"microgramsPerLiter","Revesz & Coplen 2012a",,
"6509f1e2-f0d8-48c8-ad29-ca7beea63ff3","D17","BIGC","BIGC.AOS.S2","2019-05-13","BIGC.SS.20190513.POM.1","A00000063036","condition ok","SIRFER Lab at University of Utah","2019-10-09","ElFtGy1kV49xqNP00HfxQA==","POM","1",1250,25,100,"nitrogen",10.54,"microgramsPerLiter","Revesz & Coplen 2012a",,
"5c24f7e2-9c40-4a18-8e8a-d7cc58376acb","D17","BIGC","BIGC.AOS.S2","2019-05-13","BIGC.SS.20190513.POM.1","A00000063036","condition ok","SIRFER Lab at University of Utah","2019-10-09","ElFtGy1kV49xqNP00HfxQA==","POM","1",1250,25,100,"d15N",-0.21,"perMill","Revesz & Coplen 2012a",,
"46cac538-871d-4b1d-8d0a-a3f911c647cb","D17","BIGC","BIGC.AOS.S2","2019-05-13","BIGC.SS.20190513.POM.1","A00000063036","condition ok","SIRFER Lab at University of Utah","2019-10-09","ElFtGy1kV49xqNP00HfxQA==","POM","1",1250,25,100,"d13C",-26.43,"perMill","Revesz & Coplen 2012a",,
"49ddd394-2fa7-4d6a-811e-6d2d26526030","D17","BIGC","BIGC.AOS.S2","2019-05-22","BIGC.SS.20190522.POM.1","A00000063735","condition ok","SIRFER Lab at University of Utah","2019-10-09","ElFtGy1kV49xqNP00HfxQA==","POM","1",800,25,100,"carbon",159.83,"microgramsPerLiter","Revesz & Coplen 2012a",,
"a51a034b-76df-4a9a-a64e-2386b261f185","D17","BIGC","BIGC.AOS.S2","2019-05-22","BIGC.SS.20190522.POM.1","A00000063735","condition ok","SIRFER Lab at University of Utah","2019-10-09","ElFtGy1kV49xqNP00HfxQA==","POM","1",800,25,100,"d15N",-3.73,"perMill","Revesz & Coplen 2012a",,
"87471f24-2765-47d1-8541-672946b14723","D17","BIGC","BIGC.AOS.S2","2019-05-22","BIGC.SS.20190522.POM.1","A00000063735","condition ok","SIRFER Lab at University of Utah","2019-10-09","ElFtGy1kV49xqNP00HfxQA==","POM","1",800,25,100,"d13C",-25.77,"perMill","Revesz & Coplen 2012a",,
"11587e47-bbac-4259-803c-721d2c06b1d4","D17","BIGC","BIGC.AOS.S2","2019-05-22","BIGC.SS.20190522.POM.1","A00000063735","condition ok","SIRFER Lab at University of Utah","2019-10-09","ElFtGy1kV49xqNP00HfxQA==","POM","1",800,25,100,"nitrogen",10.13,"microgramsPerLiter","Revesz & Coplen 2012a",,
"57054123-c046-4fef-9a7d-66909a989e31","D17","BIGC","BIGC.AOS.S2","2019-05-28","BIGC.SS.20190528.POM.1","A00000063737","condition ok","SIRFER Lab at University of Utah","2019-10-09","ElFtGy1kV49xqNP00HfxQA==","POM","1",1250,25,100,"d15N",-2.52,"perMill","Revesz & Coplen 2012a",,
"b2c7efc3-ba86-418a-b62d-8a160368ff4e","D17","BIGC","BIGC.AOS.S2","2019-05-28","BIGC.SS.20190528.POM.1","A00000063737","condition ok","SIRFER Lab at University of Utah","2019-10-09","ElFtGy1kV49xqNP00HfxQA==","POM","1",1250,25,100,"nitrogen",8.31,"microgramsPerLiter","Revesz & Coplen 2012a",,
"892f9ad4-1eed-496a-b881-9480a81bfb31","D17","BIGC","BIGC.AOS.S2","2019-05-28","BIGC.SS.20190528.POM.1","A00000063737","condition ok","SIRFER Lab at University of Utah","2019-10-09","ElFtGy1kV49xqNP00HfxQA==","POM","1",1250,25,100,"carbon",104.65,"microgramsPerLiter","Revesz & Coplen 2012a",,
"956553a3-56b2-4608-a9e6-cf112fa34d87","D17","BIGC","BIGC.AOS.S2","2019-05-28","BIGC.SS.20190528.POM.1","A00000063737","condition ok","SIRFER Lab at University of Utah","2019-10-09","ElFtGy1kV49xqNP00HfxQA==","POM","1",1250,25,100,"d13C",-26.25,"perMill","Revesz & Coplen 2012a",,
