uid,domainID,siteID,namedLocation,decimalLatitude,decimalLongitude,coordinateUncertainty,additionalCoordUncertainty,elevation,elevationUncertainty,geodeticDatum,altLocation,altLatitude,altLongitude,altCoordinateUncertainty,altGeodeticDatum,collectDate,aquaticSiteType,samplingImpractical,parentSampleID,parentSampleCode,eventID,samplerType,dissolvedOxygen,dissolvedOxygenSaturation,specificConductance,waterTemp,asiSamplingProtocolVersion,lowerSegmentDepth,upperSegmentDepth,maxDepth,lakeSampleDepth1,lakeSampleDepth2,aCollectedBy,bCollectedBy,remarks,fieldDataQF
"5eac29de-5500-4f2e-b4c6-0c5da068b950","D17","BIGC","BIGC.AOS.S2",37.057667,-119.255374,0.1,10.0,1128.1,0.0,"WGS84",,,,,,"2019-05-06T18:03Z","stream",,"BIGC.SS.20190506",,"BIGC.20190506","Grab",9.29,82.40,83.80,10.20,"NEON.DOC.001886vF",,,,,,"0000-0001-5314-0662","0000-0001-7332-328X",,
"d0904e67-4c31-463c-8407-439459156902","D17","BIGC","BIGC.AOS.S2",37.057667,-119.255374,0.1,10.0,1128.1,0.0,"WGS84",,,,,,"2019-05-07T16:46Z","stream",,"BIGC.SS.20190507",,"BIGC.20190507","Grab",9.42,83.10,83.80,10.10,"NEON.DOC.001886vF",,,,,,"0000-0001-5314-0662","0000-0001-7332-328X",,
"bf68bd67-ac55-40d2-8071-e36404743cb3","D17","BIGC","BIGC.AOS.S2",37.057667,-119.255374,0.1,10.0,1128.1,0.0,"WGS84",,,,,,"2019-05-13T16:48Z","stream",,"BIGC.SS.20190513",,"BIGC.20190513","Grab",10.10,92.10,86.60,11.30,"NEON.DOC.001886vF",,,,,,"0000-0003-2386-8235","0000-0001-7332-328X",,
"2110f854-a267-45f2-b9d6-3ac11f0a60e0","D17","BIGC","BIGC.AOS.S2",37.057667,-119.255374,0.1,10.0,1128.1,0.0,"WGS84",,,,,,"2019-05-22T20:55Z","stream",,"BIGC.SS.20190522",,"BIGC.20190522","Grab",9.19,78.60,75.40,8.50,"NEON.DOC.001886vF",,,,,,"0000-0001-5002-5407","0000-0001-5002-5407",,
"a0e534b9-5b3c-45dd-a57f-aecd0aecaf3b","D17","BIGC","BIGC.AOS.S2",37.057667,-119.255374,0.1,10.0,1128.1,0.0,"WGS84",,,,,,"2019-05-28T17:36Z","stream",,"BIGC.SS.20190528",,"BIGC.20190528","Grab",8.60,74.50,78.00,9.10,"NEON.DOC.001886vF",,,,,,"0000-0001-7332-328X","0000-0001-7332-328X",,
