uid,domainID,siteID,namedLocation,collectDate,sampleID,sampleCode,sampleCondition,laboratoryName,analysisDate,analyzedBy,sampleType,replicate,sampleVolumeFiltered,filterSize,percentFilterAnalyzed,analyte,analyteConcentration,plantAlgaeLabUnits,method,externalRemarks,externalLabDataQF
"68f39c06-9663-44e0-832a-0a4f8254e19c","D07","LECO","LECO.AOS.S2","2016-06-07","LECO.SS.20160607.POM.2",,"other","Academy of Natural Sciences of Drexel University","2017-06-01","OKgcKejxXbI=","13C15N","2",,,100,"d13C",-28.31,"perMill",,"filter poorly folded, sample loss",
"5be0f460-17e8-421a-8905-b5e63a5a78e3","D07","LECO","LECO.AOS.S2","2016-06-07","LECO.SS.20160607.POM.1",,"other","Academy of Natural Sciences of Drexel University","2017-02-23","OKgcKejxXbI=","13C15N","1",,,100,"d15N",1.88,"perMill",,"filter poorly folded, sample loss",
"c834854f-ce7f-4d60-a6b9-4b27621a1671","D07","LECO","LECO.AOS.S2","2016-06-07","LECO.SS.20160607.POM.1",,"other","Academy of Natural Sciences of Drexel University","2017-02-23","OKgcKejxXbI=","13C15N","1",,,100,"d13C",-38.53,"perMill",,"filter poorly folded, sample loss",
"4670ff55-917f-487c-985d-7dc82af3517f","D07","LECO","LECO.AOS.S2","2016-06-07","LECO.SS.20160607.POM.2",,"other","Academy of Natural Sciences of Drexel University","2017-06-01","OKgcKejxXbI=","13C15N","2",,,100,"d15N",3.26,"perMill",,"filter poorly folded, sample loss",
"84c497a5-74c6-435f-9287-d7fba363fa16","D07","LECO","LECO.AOS.S2","2016-06-14","LECO.SS.20160614.POM.2",,"other","Academy of Natural Sciences of Drexel University","2017-06-01","OKgcKejxXbI=","13C15N","2",,,100,"d15N",2.48,"perMill",,"filter poorly folded, sample loss",
"312339bc-ee91-45d4-9c9d-aef980ea65ba","D07","LECO","LECO.AOS.S2","2016-06-14","LECO.SS.20160614.POM.1",,"other","Academy of Natural Sciences of Drexel University","2017-02-23","OKgcKejxXbI=","13C15N","1",,,100,"d13C",-28.31,"perMill",,"filter poorly folded, sample loss",
"852cd129-ada7-4b9f-be5e-b6989d0a0705","D07","LECO","LECO.AOS.S2","2016-06-14","LECO.SS.20160614.POM.1",,"other","Academy of Natural Sciences of Drexel University","2017-02-23","OKgcKejxXbI=","13C15N","1",,,100,"d15N",-0.42,"perMill",,"filter poorly folded, sample loss",
"eaed1b2a-de3f-44d2-a84d-f0896d641f62","D07","LECO","LECO.AOS.S2","2016-06-14","LECO.SS.20160614.POM.2",,"other","Academy of Natural Sciences of Drexel University","2017-06-01","OKgcKejxXbI=","13C15N","2",,,100,"d13C",-28.18,"perMill",,"filter poorly folded, sample loss",
