uid,domainID,siteID,namedLocation,collectDate,sampleID,sampleCode,sampleCondition,laboratoryName,analysisDate,analyzedBy,sampleType,replicate,sampleVolumeFiltered,filterSize,percentFilterAnalyzed,analyte,analyteConcentration,plantAlgaeLabUnits,method,externalRemarks,externalLabDataQF
"c6b65a6f-286c-4e3e-9e07-e536b4ae0cea","D11","BLUE","BLUE.AOS.S2","2019-06-17","BLUE.SS.20190617.POM.1","A00000104680","condition ok","SIRFER Lab at University of Utah","2019-11-21","ElFtGy1kV49xqNP00HfxQA==","POM","1",400,25,100,"d15N",4.77,"perMill","Revesz & Coplen 2012a",,
"8b194c93-162c-4e12-af79-8796a595f6c0","D11","BLUE","BLUE.AOS.S2","2019-06-17","BLUE.SS.20190617.POM.1","A00000104680","condition ok","SIRFER Lab at University of Utah","2019-11-21","ElFtGy1kV49xqNP00HfxQA==","POM","1",400,25,100,"d13C",-26.40,"perMill","Revesz & Coplen 2012a",,
"55d6ec22-1bad-4fb0-af15-16c0975fde75","D11","BLUE","BLUE.AOS.S2","2019-06-17","BLUE.SS.20190617.POM.1","A00000104680","condition ok","SIRFER Lab at University of Utah","2019-11-21","ElFtGy1kV49xqNP00HfxQA==","POM","1",400,25,100,"nitrogen",58.69,"microgramsPerLiter","Revesz & Coplen 2012a",,
"ae676021-2a27-4ef1-9d31-9c370d1a51e3","D11","BLUE","BLUE.AOS.S2","2019-06-17","BLUE.SS.20190617.POM.1","A00000104680","condition ok","SIRFER Lab at University of Utah","2019-11-21","ElFtGy1kV49xqNP00HfxQA==","POM","1",400,25,100,"carbon",452.73,"microgramsPerLiter","Revesz & Coplen 2012a",,
"5d72e418-1b35-4a63-a005-25b0cd950c96","D11","BLUE","BLUE.AOS.S2","2019-06-27","BLUE.SS.20190627.POM.1","A00000104604","condition ok","SIRFER Lab at University of Utah","2019-11-21","ElFtGy1kV49xqNP00HfxQA==","POM","1",300,25,100,"d13C",-25.21,"perMill","Revesz & Coplen 2012a",,
"9579b741-6198-44dd-8b47-5c4b15ba69b4","D11","BLUE","BLUE.AOS.S2","2019-06-27","BLUE.SS.20190627.POM.1","A00000104604","condition ok","SIRFER Lab at University of Utah","2019-11-21","ElFtGy1kV49xqNP00HfxQA==","POM","1",300,25,100,"nitrogen",89.94,"microgramsPerLiter","Revesz & Coplen 2012a",,
"85b462c4-5d66-42e1-93c6-be1366483f84","D11","BLUE","BLUE.AOS.S2","2019-06-27","BLUE.SS.20190627.POM.1","A00000104604","condition ok","SIRFER Lab at University of Utah","2019-11-21","ElFtGy1kV49xqNP00HfxQA==","POM","1",300,25,100,"d15N",8.48,"perMill","Revesz & Coplen 2012a",,
"5be5ff5b-1347-41d1-869b-de616e0ee04d","D11","BLUE","BLUE.AOS.S2","2019-06-27","BLUE.SS.20190627.POM.1","A00000104604","condition ok","SIRFER Lab at University of Utah","2019-11-21","ElFtGy1kV49xqNP00HfxQA==","POM","1",300,25,100,"carbon",774.19,"microgramsPerLiter","Revesz & Coplen 2012a",,
