uid,domainID,siteID,namedLocation,collectDate,sampleID,sampleCode,sampleCondition,laboratoryName,analysisDate,analyzedBy,sampleType,replicate,sampleVolumeFiltered,filterSize,percentFilterAnalyzed,analyte,analyteConcentration,plantAlgaeLabUnits,method,externalRemarks,externalLabDataQF
"fee0c9e7-aae5-4090-8760-402a193bafb6","D15","REDB","REDB.AOS.S2","2018-08-07","REDB.SS.20180807.POM.1","A00000023717","condition ok","SIRFER Lab at University of Utah","2018-10-17","ElFtGy1kV49xqNP00HfxQA==","POM","1",500,25,100,"nitrogen",11.07,"microgramsPerLiter","Revesz & Coplen 2012a",,
"ec774942-3014-4121-879b-1b896648419e","D15","REDB","REDB.AOS.S2","2018-08-07","REDB.SS.20180807.POM.1","A00000023717","condition ok","SIRFER Lab at University of Utah","2018-10-17","ElFtGy1kV49xqNP00HfxQA==","POM","1",500,25,100,"d13C",-29.68,"perMill","Revesz & Coplen 2012a",,
"4827faf9-a61b-482b-8eec-16177acc7d4e","D15","REDB","REDB.AOS.S2","2018-08-07","REDB.SS.20180807.POM.1","A00000023717","condition ok","SIRFER Lab at University of Utah","2018-10-17","ElFtGy1kV49xqNP00HfxQA==","POM","1",500,25,100,"carbon",785.97,"microgramsPerLiter","Revesz & Coplen 2012a",,
"f0c18d97-1b26-4411-85b1-4157a08ae8b2","D15","REDB","REDB.AOS.S2","2018-08-07","REDB.SS.20180807.POM.1","A00000023717","condition ok","SIRFER Lab at University of Utah","2018-10-17","ElFtGy1kV49xqNP00HfxQA==","POM","1",500,25,100,"d15N",0.54,"perMill","Revesz & Coplen 2012a",,
