uid,domainID,siteID,namedLocation,collectDate,sampleID,sampleCode,sampleCondition,laboratoryName,analysisDate,analyzedBy,sampleType,replicate,sampleVolumeFiltered,filterSize,percentFilterAnalyzed,analyte,analyteConcentration,plantAlgaeLabUnits,method,externalRemarks,externalLabDataQF
"9bbcc4c9-98a9-4ff4-a65b-fea46e11579d","D03","BARC","BARC.AOS.buoy.c0","2017-02-01","BARC.C0.20170201.POM.2",,"condition ok","SIRFER Lab at University of Utah","2018-05-08","ElFtGy1kV49xqNP00HfxQA==","POM","1",,,100,"nitrogen",19.96,"microgramsPerLiter","Revesz & Coplen 2012a",,
"662526a8-a794-41ad-8836-8382326d61bc","D03","BARC","BARC.AOS.buoy.c0","2017-02-01","BARC.C0.20170201.POM.2",,"condition ok","SIRFER Lab at University of Utah","2018-05-08","ElFtGy1kV49xqNP00HfxQA==","POM","1",,,100,"d15N",9.83,"perMill","Revesz & Coplen 2012a",,
"6d09022a-b3c6-4084-a165-c7763cfb8440","D03","BARC","BARC.AOS.buoy.c0","2017-02-01","BARC.C0.20170201.POM.2",,"condition ok","SIRFER Lab at University of Utah","2018-05-08","ElFtGy1kV49xqNP00HfxQA==","POM","1",,,100,"carbon",186.94,"microgramsPerLiter","Revesz & Coplen 2012a",,
"a3906ac2-363e-491f-93da-c7b8d1b19eab","D03","BARC","BARC.AOS.buoy.c0","2017-02-01","BARC.C0.20170201.POM.2",,"condition ok","SIRFER Lab at University of Utah","2018-05-08","ElFtGy1kV49xqNP00HfxQA==","POM","1",,,100,"d13C",-29.23,"perMill","Revesz & Coplen 2012a",,
"e3f37af5-b38e-4a84-8a15-f248e6ade009","D03","BARC","BARC.AOS.inlet","2017-02-01","BARC.IN.20170201.POM.2",,"condition ok","SIRFER Lab at University of Utah","2018-05-08","ElFtGy1kV49xqNP00HfxQA==","POM","1",,,100,"nitrogen",25.07,"microgramsPerLiter","Revesz & Coplen 2012a",,
"24305116-e60f-4ad5-a7da-739e6d83b023","D03","BARC","BARC.AOS.inlet","2017-02-01","BARC.IN.20170201.POM.2",,"condition ok","SIRFER Lab at University of Utah","2018-05-08","ElFtGy1kV49xqNP00HfxQA==","POM","1",,,100,"d15N",7.84,"perMill","Revesz & Coplen 2012a",,
"231f6b0a-6011-4b04-bd51-5e04e72c43d1","D03","BARC","BARC.AOS.inlet","2017-02-01","BARC.IN.20170201.POM.2",,"condition ok","SIRFER Lab at University of Utah","2018-05-08","ElFtGy1kV49xqNP00HfxQA==","POM","1",,,100,"carbon",297.16,"microgramsPerLiter","Revesz & Coplen 2012a",,
"22695b95-c47d-4ce3-8116-6aafdddec232","D03","BARC","BARC.AOS.inlet","2017-02-01","BARC.IN.20170201.POM.2",,"condition ok","SIRFER Lab at University of Utah","2018-05-08","ElFtGy1kV49xqNP00HfxQA==","POM","1",,,100,"d13C",-28.49,"perMill","Revesz & Coplen 2012a",,
"3c520e74-b5e5-419e-bf16-c9568e6db154","D03","BARC","BARC.AOS.outlet","2017-02-01","BARC.OT.20170201.POM.2",,"condition ok","SIRFER Lab at University of Utah","2018-05-08","ElFtGy1kV49xqNP00HfxQA==","POM","1",,,100,"carbon",456.90,"microgramsPerLiter","Revesz & Coplen 2012a",,
"658cad44-0ca4-4178-8b94-e8eadd6aa6bf","D03","BARC","BARC.AOS.outlet","2017-02-01","BARC.OT.20170201.POM.2",,"condition ok","SIRFER Lab at University of Utah","2018-05-08","ElFtGy1kV49xqNP00HfxQA==","POM","1",,,100,"d13C",-28.99,"perMill","Revesz & Coplen 2012a",,
"da8bddad-bd4b-4da7-81be-ae6c15b58783","D03","BARC","BARC.AOS.outlet","2017-02-01","BARC.OT.20170201.POM.2",,"condition ok","SIRFER Lab at University of Utah","2018-05-08","ElFtGy1kV49xqNP00HfxQA==","POM","1",,,100,"d15N",5.92,"perMill","Revesz & Coplen 2012a",,
"73a63958-f9a6-47d4-af9f-376be9cd29c8","D03","BARC","BARC.AOS.outlet","2017-02-01","BARC.OT.20170201.POM.2",,"condition ok","SIRFER Lab at University of Utah","2018-05-08","ElFtGy1kV49xqNP00HfxQA==","POM","1",,,100,"nitrogen",33.94,"microgramsPerLiter","Revesz & Coplen 2012a",,
