uid,domainID,siteID,namedLocation,collectDate,sampleID,sampleCode,sampleCondition,laboratoryName,analysisDate,analyzedBy,sampleType,replicate,sampleVolumeFiltered,filterSize,percentFilterAnalyzed,analyte,analyteConcentration,plantAlgaeLabUnits,method,externalRemarks,externalLabDataQF
"906852fc-fafe-459c-a305-94d23d4eba93","D11","PRIN","PRIN.AOS.S2","2016-09-06","PRIN.SS.20160906.POM.1",,"condition ok","Academy of Natural Sciences of Drexel University","2017-03-03","OKgcKejxXbI=","13C15N","1",,,100,"d15N",7.81,"perMill",,,
"fff436b0-98e4-43ea-ba24-140e0d2e45b7","D11","PRIN","PRIN.AOS.S2","2016-09-06","PRIN.SS.20160906.POM.2",,"other","Academy of Natural Sciences of Drexel University","2017-05-10","OKgcKejxXbI=","13C15N","2",,,100,"d15N",,"perMill",,"sample lost during analysis",
"dfbbeeba-3700-44bc-a1f4-bc72ae667940","D11","PRIN","PRIN.AOS.S2","2016-09-06","PRIN.SS.20160906.POM.1",,"condition ok","Academy of Natural Sciences of Drexel University","2017-03-03","OKgcKejxXbI=","13C15N","1",,,100,"d13C",-25.62,"perMill",,,
"e72e1a8e-0d0f-40b8-8b06-f412b182aed0","D11","PRIN","PRIN.AOS.S2","2016-09-06","PRIN.SS.20160906.POM.2",,"other","Academy of Natural Sciences of Drexel University","2017-05-10","OKgcKejxXbI=","13C15N","2",,,100,"d13C",,"perMill",,"sample lost during analysis",
"b0046ac1-2fc6-41ea-ab54-fafab4a693bd","D11","PRIN","PRIN.AOS.S2","2016-09-15","PRIN.SS.20160915.POM.2",,"condition ok","Academy of Natural Sciences of Drexel University","2017-05-18","OKgcKejxXbI=","13C15N","2",,,100,"d13C",-25.89,"perMill",,,
"6b385deb-1274-4af9-b6c5-980d1dc6ee57","D11","PRIN","PRIN.AOS.S2","2016-09-15","PRIN.SS.20160915.POM.1",,"other","Academy of Natural Sciences of Drexel University","2017-04-08","OKgcKejxXbI=","13C15N","1",,,100,"d15N",,"perMill",,"not enough sample for analysis",
"65537bf7-cab6-41c2-94d3-0c317c08e721","D11","PRIN","PRIN.AOS.S2","2016-09-15","PRIN.SS.20160915.POM.2",,"other","Academy of Natural Sciences of Drexel University","2017-05-18","OKgcKejxXbI=","13C15N","2",,,100,"d15N",,"perMill",,"not enough sample for analysis",
"305b63ef-b52f-404c-b984-bfa2ee45c7fa","D11","PRIN","PRIN.AOS.S2","2016-09-15","PRIN.SS.20160915.POM.1",,"condition ok","Academy of Natural Sciences of Drexel University","2017-04-08","OKgcKejxXbI=","13C15N","1",,,100,"d13C",-24.84,"perMill",,,
