uid,domainID,siteID,namedLocation,collectDate,sampleID,sampleCode,sampleCondition,laboratoryName,analysisDate,analyzedBy,sampleType,replicate,sampleVolumeFiltered,filterSize,percentFilterAnalyzed,analyte,analyteConcentration,plantAlgaeLabUnits,method,externalRemarks,externalLabDataQF
"0d701a6b-073e-4617-85c0-ed990ff8856b","D04","GUIL","GUIL.AOS.S2","2015-12-16","GUIL.SS.20151216.POM.1",,"other","Academy of Natural Sciences of Drexel University","2017-03-03","OKgcKejxXbI=","13C15N","1",,,100,"d15N",4.58,"perMill",,"sample poorly folded, sample loss",
"850ccedd-e8e6-4e38-b365-813c3e144dd1","D04","GUIL","GUIL.AOS.S2","2015-12-16","GUIL.SS.20151216.POM.1",,"other","Academy of Natural Sciences of Drexel University","2017-03-03","OKgcKejxXbI=","13C15N","1",,,100,"d13C",-26.58,"perMill",,"sample poorly folded, sample loss",
"26bdc54b-8ba9-4d25-8995-7c83ba7d18d9","D04","GUIL","GUIL.AOS.S2","2015-12-16","GUIL.SS.20151216.POM.2",,"other","Academy of Natural Sciences of Drexel University","2017-05-17","OKgcKejxXbI=","13C15N","2",,,100,"d15N",4.80,"perMill",,"sample poorly folded, sample loss",
"136e72d4-cc05-4551-85bb-3a8f7d362d99","D04","GUIL","GUIL.AOS.S2","2015-12-16","GUIL.SS.20151216.POM.2",,"other","Academy of Natural Sciences of Drexel University","2017-05-17","OKgcKejxXbI=","13C15N","2",,,100,"d13C",-29.16,"perMill",,"sample poorly folded, sample loss",
