uid,domainID,siteID,namedLocation,collectDate,sampleID,sampleCode,sampleCondition,laboratoryName,analysisDate,analyzedBy,sampleType,replicate,sampleVolumeFiltered,filterSize,percentFilterAnalyzed,analyte,analyteConcentration,plantAlgaeLabUnits,method,externalRemarks,externalLabDataQF
"75dbaac8-90d4-4df7-88dd-38b7a670da1b","D18","OKSR","OKSR.AOS.S2","2016-07-14","OKSR.SS.20160714.POM.2",,"condition ok","Academy of Natural Sciences of Drexel University","2017-05-23","OKgcKejxXbI=","13C15N","2",,,100,"d13C",-28.81,"perMill",,,
"a6203f10-70c5-4280-b497-3f361e9f815d","D18","OKSR","OKSR.AOS.S2","2016-07-14","OKSR.SS.20160714.POM.2",,"other","Academy of Natural Sciences of Drexel University","2017-05-23","OKgcKejxXbI=","13C15N","2",,,100,"d15N",,"perMill",,"analysis corrupted during analysis, not enough sample for analysis",
"2f6af3d3-044b-4fcc-bf24-7f73d1d755d4","D18","OKSR","OKSR.AOS.S2","2016-07-14","OKSR.SS.20160714.POM.1",,"condition ok","Academy of Natural Sciences of Drexel University","2017-04-03","OKgcKejxXbI=","13C15N","1",,,100,"d15N",4.89,"perMill",,,
"04cd85b5-ea4b-4977-95ab-07a549f44a70","D18","OKSR","OKSR.AOS.S2","2016-07-14","OKSR.SS.20160714.POM.1",,"condition ok","Academy of Natural Sciences of Drexel University","2017-04-03","OKgcKejxXbI=","13C15N","1",,,100,"d13C",-28.26,"perMill",,,
"ea3532f7-70fd-4792-8c9c-adaf7ee8acc7","D18","OKSR","OKSR.AOS.S2","2016-07-26","OKSR.SS.20160726.POM.1",,"condition ok","Academy of Natural Sciences of Drexel University","2017-04-03","OKgcKejxXbI=","13C15N","1",,,100,"d13C",-27.61,"perMill",,,
"1a337c05-1385-4cb5-a5d9-54d30ae15beb","D18","OKSR","OKSR.AOS.S2","2016-07-26","OKSR.SS.20160726.POM.2",,"condition ok","Academy of Natural Sciences of Drexel University","2017-05-23","OKgcKejxXbI=","13C15N","2",,,100,"d13C",-28.36,"perMill",,,
"96c83046-f687-4cf1-86ba-514b567f47e4","D18","OKSR","OKSR.AOS.S2","2016-07-26","OKSR.SS.20160726.POM.2",,"other","Academy of Natural Sciences of Drexel University","2017-05-23","OKgcKejxXbI=","13C15N","2",,,100,"d15N",,"perMill",,"analysis corrupted during analysis, not enough sample for analysis",
"bf8b87eb-798f-441e-bd59-32f0bf7ee337","D18","OKSR","OKSR.AOS.S2","2016-07-26","OKSR.SS.20160726.POM.1",,"condition ok","Academy of Natural Sciences of Drexel University","2017-04-03","OKgcKejxXbI=","13C15N","1",,,100,"d15N",8.46,"perMill",,,
