uid,domainID,siteID,namedLocation,collectDate,sampleID,sampleCode,sampleCondition,laboratoryName,analysisDate,analyzedBy,sampleType,replicate,sampleVolumeFiltered,filterSize,percentFilterAnalyzed,analyte,analyteConcentration,plantAlgaeLabUnits,method,externalRemarks,externalLabDataQF
"bd39b52a-9bc9-458d-8374-ed627caa7bdb","D09","PRLA","PRLA.AOS.inlet","2017-07-06","PRLA.IN.20170706.POM.1",,"condition ok","SIRFER Lab at University of Utah","2018-03-14","ElFtGy1kV49xqNP00HfxQA==","POM","1",50,25,100,"carbon",10625.70,"microgramsPerLiter","Revesz & Coplen 2012a",,
"50b01bad-9dba-4604-9d7f-5559ac284a15","D09","PRLA","PRLA.AOS.inlet","2017-07-06","PRLA.IN.20170706.POM.1",,"condition ok","SIRFER Lab at University of Utah","2018-03-14","ElFtGy1kV49xqNP00HfxQA==","POM","1",50,25,100,"nitrogen",1569.10,"microgramsPerLiter","Revesz & Coplen 2012a",,
"16674073-d0c7-4e29-968a-02300d90dfab","D09","PRLA","PRLA.AOS.inlet","2017-07-06","PRLA.IN.20170706.POM.1",,"condition ok","SIRFER Lab at University of Utah","2018-03-14","ElFtGy1kV49xqNP00HfxQA==","POM","1",50,25,100,"d13C",-28.60,"perMill","Revesz & Coplen 2012a",,
"b572418d-b75e-4f32-9bff-1b37c8d53f6e","D09","PRLA","PRLA.AOS.inlet","2017-07-06","PRLA.IN.20170706.POM.1",,"condition ok","SIRFER Lab at University of Utah","2018-03-14","ElFtGy1kV49xqNP00HfxQA==","POM","1",50,25,100,"d15N",7.10,"perMill","Revesz & Coplen 2012a",,
"8a720588-4fd3-4c04-a620-22444362c825","D09","PRLA","PRLA.AOS.buoy.c0","2017-07-06","PRLA.C0.20170706.POM.1",,"condition ok","SIRFER Lab at University of Utah","2018-03-14","ElFtGy1kV49xqNP00HfxQA==","POM","1",50,25,100,"d15N",11.70,"perMill","Revesz & Coplen 2012a",,
"fc116f84-9bfb-4fc3-b45c-dbed7c519252","D09","PRLA","PRLA.AOS.buoy.c0","2017-07-06","PRLA.C0.20170706.POM.1",,"condition ok","SIRFER Lab at University of Utah","2018-03-14","ElFtGy1kV49xqNP00HfxQA==","POM","1",50,25,100,"nitrogen",1451.80,"microgramsPerLiter","Revesz & Coplen 2012a",,
"5d57a4e2-140e-4a20-8903-a4dde5db5478","D09","PRLA","PRLA.AOS.buoy.c0","2017-07-06","PRLA.C0.20170706.POM.1",,"condition ok","SIRFER Lab at University of Utah","2018-03-14","ElFtGy1kV49xqNP00HfxQA==","POM","1",50,25,100,"carbon",7405.50,"microgramsPerLiter","Revesz & Coplen 2012a",,
"782bb7d0-5183-4e46-90ee-34fb89507699","D09","PRLA","PRLA.AOS.buoy.c0","2017-07-06","PRLA.C0.20170706.POM.1",,"condition ok","SIRFER Lab at University of Utah","2018-03-14","ElFtGy1kV49xqNP00HfxQA==","POM","1",50,25,100,"d13C",-28.70,"perMill","Revesz & Coplen 2012a",,
"57b39ac9-0a15-4c3f-bdf3-da9a9489fabd","D09","PRLA","PRLA.AOS.outlet","2017-07-06","PRLA.OT.20170706.POM.1",,"condition ok","SIRFER Lab at University of Utah","2018-03-14","ElFtGy1kV49xqNP00HfxQA==","POM","1",50,25,100,"nitrogen",503.70,"microgramsPerLiter","Revesz & Coplen 2012a",,
"18109fff-1f58-4ed6-9a76-9939eed6216c","D09","PRLA","PRLA.AOS.outlet","2017-07-06","PRLA.OT.20170706.POM.1",,"condition ok","SIRFER Lab at University of Utah","2018-03-14","ElFtGy1kV49xqNP00HfxQA==","POM","1",50,25,100,"carbon",9432.50,"microgramsPerLiter","Revesz & Coplen 2012a",,
"f2e0a4cf-18ff-4a27-a3dc-7b3651ff71ac","D09","PRLA","PRLA.AOS.outlet","2017-07-06","PRLA.OT.20170706.POM.1",,"condition ok","SIRFER Lab at University of Utah","2018-03-14","ElFtGy1kV49xqNP00HfxQA==","POM","1",50,25,100,"d13C",-14.60,"perMill","Revesz & Coplen 2012a",,
"66425219-4e38-406c-9f97-73184333553d","D09","PRLA","PRLA.AOS.outlet","2017-07-06","PRLA.OT.20170706.POM.1",,"condition ok","SIRFER Lab at University of Utah","2018-03-14","ElFtGy1kV49xqNP00HfxQA==","POM","1",50,25,100,"d15N",2.30,"perMill","Revesz & Coplen 2012a",,
