uid,domainID,siteID,namedLocation,collectDate,sampleID,sampleCode,sampleCondition,laboratoryName,analysisDate,analyzedBy,sampleType,replicate,sampleVolumeFiltered,filterSize,percentFilterAnalyzed,analyte,analyteConcentration,plantAlgaeLabUnits,method,externalRemarks,externalLabDataQF
"902d9fd0-9eff-4ec5-9207-db2d7fd4ea9b","D02","LEWI","LEWI.AOS.S2","2018-06-06","LEWI.SS.20180606.POM.1","A00000002660","condition ok","SIRFER Lab at University of Utah","2018-08-13","ElFtGy1kV49xqNP00HfxQA==","POM","1",250,25,100,"carbon",2665.65,"microgramsPerLiter","Revesz & Coplen 2012a",,
"e3d857a4-7cd4-4756-8fc4-0dbff251afe9","D02","LEWI","LEWI.AOS.S2","2018-06-06","LEWI.SS.20180606.POM.1","A00000002660","condition ok","SIRFER Lab at University of Utah","2018-08-13","ElFtGy1kV49xqNP00HfxQA==","POM","1",250,25,100,"nitrogen",149.10,"microgramsPerLiter","Revesz & Coplen 2012a",,
"143aefed-d290-4f04-8ef4-5d7413f49fe6","D02","LEWI","LEWI.AOS.S2","2018-06-06","LEWI.SS.20180606.POM.1","A00000002660","condition ok","SIRFER Lab at University of Utah","2018-08-13","ElFtGy1kV49xqNP00HfxQA==","POM","1",250,25,100,"d13C",-21.72,"perMill","Revesz & Coplen 2012a",,
"1064925a-f2b3-4685-aa25-4a428a8084af","D02","LEWI","LEWI.AOS.S2","2018-06-06","LEWI.SS.20180606.POM.1","A00000002660","condition ok","SIRFER Lab at University of Utah","2018-08-13","ElFtGy1kV49xqNP00HfxQA==","POM","1",250,25,100,"d15N",3.28,"perMill","Revesz & Coplen 2012a",,
"ec791647-585b-4a91-a6b6-cb0542a96acb","D02","LEWI","LEWI.AOS.S2","2018-06-13","LEWI.SS.20180613.POM.1","A00000002715","condition ok","SIRFER Lab at University of Utah","2018-08-13","ElFtGy1kV49xqNP00HfxQA==","POM","1",400,25,100,"carbon",1624.99,"microgramsPerLiter","Revesz & Coplen 2012a",,
"e634bb49-0fe2-41a1-a260-03021d2a9a1d","D02","LEWI","LEWI.AOS.S2","2018-06-13","LEWI.SS.20180613.POM.1","A00000002715","condition ok","SIRFER Lab at University of Utah","2018-08-13","ElFtGy1kV49xqNP00HfxQA==","POM","1",400,25,100,"d13C",-23.01,"perMill","Revesz & Coplen 2012a",,
"5a6477f8-ae69-471f-a493-e85ecf318883","D02","LEWI","LEWI.AOS.S2","2018-06-13","LEWI.SS.20180613.POM.1","A00000002715","condition ok","SIRFER Lab at University of Utah","2018-08-13","ElFtGy1kV49xqNP00HfxQA==","POM","1",400,25,100,"d15N",5.12,"perMill","Revesz & Coplen 2012a",,
"70d0af30-4905-407b-8620-05460a443a73","D02","LEWI","LEWI.AOS.S2","2018-06-13","LEWI.SS.20180613.POM.1","A00000002715","condition ok","SIRFER Lab at University of Utah","2018-08-13","ElFtGy1kV49xqNP00HfxQA==","POM","1",400,25,100,"nitrogen",107.26,"microgramsPerLiter","Revesz & Coplen 2012a",,
