uid,domainID,siteID,namedLocation,collectDate,sampleID,sampleCode,sampleCondition,laboratoryName,analysisDate,analyzedBy,sampleType,replicate,sampleVolumeFiltered,filterSize,percentFilterAnalyzed,analyte,analyteConcentration,plantAlgaeLabUnits,method,externalRemarks,externalLabDataQF
"0d4c20b1-8bb5-44d8-8380-cc803f336f2d","D13","COMO","COMO.AOS.S2","2016-04-15","COMO.SS.20160415.POM.1",,"condition ok","Academy of Natural Sciences of Drexel University","2016-08-29","OKgcKejxXbI=","13C15N","1",,,100,"d13C",-28.87,"perMill",,,
"fb719931-251e-4b46-9787-46b74b7e85ad","D13","COMO","COMO.AOS.S2","2016-04-15","COMO.SS.20160415.POM.2",,"condition ok","Academy of Natural Sciences of Drexel University","2016-09-01","OKgcKejxXbI=","13C15N","2",600,25,100,"d13C",-26.44,"perMill",,,"Audit Failed. Document: A00036_DREX_AlgalChem_DocAudit_20170407.pdf & A00036_DREX_AlgalChem_VisitAudit_20170407.pdf"
"7d46466e-9579-45eb-b7c9-f4426489a70b","D13","COMO","COMO.AOS.S2","2016-04-15","COMO.SS.20160415.POM.1",,"condition ok","Academy of Natural Sciences of Drexel University","2016-08-29","OKgcKejxXbI=","13C15N","1",600,25,100,"d13C",-28.87,"perMill",,,"Audit Failed. Document: A00036_DREX_AlgalChem_DocAudit_20170407.pdf & A00036_DREX_AlgalChem_VisitAudit_20170407.pdf"
"6ba6015a-24ef-41e5-b2c8-1aff193052b3","D13","COMO","COMO.AOS.S2","2016-04-15","COMO.SS.20160415.POM.2",,"condition ok","Academy of Natural Sciences of Drexel University","2016-09-01","OKgcKejxXbI=","13C15N","2",600,25,100,"d15N",3.53,"perMill",,,"Audit Failed. Document: A00036_DREX_AlgalChem_DocAudit_20170407.pdf & A00036_DREX_AlgalChem_VisitAudit_20170407.pdf"
"30462211-8222-46af-acb0-6420a929ce73","D13","COMO","COMO.AOS.S2","2016-04-15","COMO.SS.20160415.POM.1",,"condition ok","Academy of Natural Sciences of Drexel University","2016-08-29","OKgcKejxXbI=","13C15N","1",600,25,100,"d15N",4.10,"perMill",,,"Audit Failed. Document: A00036_DREX_AlgalChem_DocAudit_20170407.pdf & A00036_DREX_AlgalChem_VisitAudit_20170407.pdf"
"59faa4b4-e07f-46f7-bb3d-8c8182560a96","D13","COMO","COMO.AOS.S2","2016-04-15","COMO.SS.20160415.POM.2",,"condition ok","Academy of Natural Sciences of Drexel University","2016-09-01","OKgcKejxXbI=","13C15N","2",,,100,"d13C",-26.44,"perMill",,,
"5f69e414-94d5-4d43-94b4-5aba35f20257","D13","COMO","COMO.AOS.S2","2016-04-15","COMO.SS.20160415.POM.2",,"condition ok","Academy of Natural Sciences of Drexel University","2016-09-01","OKgcKejxXbI=","13C15N","2",,,100,"d15N",3.53,"perMill",,,
"ba800bd6-b301-4977-9840-b5e3cc44b081","D13","COMO","COMO.AOS.S2","2016-04-15","COMO.SS.20160415.POM.1",,"condition ok","Academy of Natural Sciences of Drexel University","2016-08-29","OKgcKejxXbI=","13C15N","1",,,100,"d15N",4.10,"perMill",,,
