uid,domainID,siteID,namedLocation,collectDate,sampleID,sampleCode,sampleCondition,laboratoryName,analysisDate,analyzedBy,sampleType,replicate,sampleVolumeFiltered,filterSize,percentFilterAnalyzed,analyte,analyteConcentration,plantAlgaeLabUnits,method,externalRemarks,externalLabDataQF
"76a9bd9d-a485-43ad-bfc4-ca5f051fd882","D18","TOOK","TOOK.AOS.buoy.c0","2018-02-13","TOOK.C0.20180213.POM.1",,"condition ok","SIRFER Lab at University of Utah","2018-08-01","ElFtGy1kV49xqNP00HfxQA==","POM","1",750,25,100,"nitrogen",23.95,"microgramsPerLiter","Revesz & Coplen 2012a",,
"f2b92797-acdc-44cd-ab5a-7de2d653d96d","D18","TOOK","TOOK.AOS.buoy.c0","2018-02-13","TOOK.C0.20180213.POM.1",,"condition ok","SIRFER Lab at University of Utah","2018-08-01","ElFtGy1kV49xqNP00HfxQA==","POM","1",750,25,100,"d15N",3.13,"perMill","Revesz & Coplen 2012a",,
"ad1c809c-e455-4727-86e1-0f99ca078cf5","D18","TOOK","TOOK.AOS.buoy.c0","2018-02-13","TOOK.C0.20180213.POM.1",,"condition ok","SIRFER Lab at University of Utah","2018-08-01","ElFtGy1kV49xqNP00HfxQA==","POM","1",750,25,100,"carbon",237.54,"microgramsPerLiter","Revesz & Coplen 2012a",,
"f6910e4a-249f-4539-a91b-2a89a3710d19","D18","TOOK","TOOK.AOS.buoy.c0","2018-02-13","TOOK.C0.20180213.POM.1",,"condition ok","SIRFER Lab at University of Utah","2018-08-01","ElFtGy1kV49xqNP00HfxQA==","POM","1",750,25,100,"d13C",-29.28,"perMill","Revesz & Coplen 2012a",,
