uid,domainID,siteID,namedLocation,collectDate,sampleID,sampleCode,sampleCondition,laboratoryName,analysisDate,analyzedBy,sampleType,replicate,sampleVolumeFiltered,filterSize,percentFilterAnalyzed,analyte,analyteConcentration,plantAlgaeLabUnits,method,externalRemarks,externalLabDataQF
"d9714358-7ffe-4655-a991-50ad14018985","D04","GUIL","GUIL.AOS.S2","2017-12-12","GUIL.SS.20171212.POM.1",,"condition ok","SIRFER Lab at University of Utah","2018-08-10","ElFtGy1kV49xqNP00HfxQA==","POM","1",750,25,100,"d13C",-28.68,"perMill","Revesz & Coplen 2012a",,
"165925e7-2616-4761-92e3-831c5390e448","D04","GUIL","GUIL.AOS.S2","2017-12-12","GUIL.SS.20171212.POM.1",,"condition ok","SIRFER Lab at University of Utah","2018-08-10","ElFtGy1kV49xqNP00HfxQA==","POM","1",750,25,100,"nitrogen",11.64,"microgramsPerLiter","Revesz & Coplen 2012a",,
"35eac5df-ee50-4d6b-85da-502dcabb8864","D04","GUIL","GUIL.AOS.S2","2017-12-12","GUIL.SS.20171212.POM.1",,"condition ok","SIRFER Lab at University of Utah","2018-08-10","ElFtGy1kV49xqNP00HfxQA==","POM","1",750,25,100,"d15N",1.18,"perMill","Revesz & Coplen 2012a",,
"6063f7f8-15a2-4882-a463-0a0ebfbd5826","D04","GUIL","GUIL.AOS.S2","2017-12-12","GUIL.SS.20171212.POM.1",,"condition ok","SIRFER Lab at University of Utah","2018-08-10","ElFtGy1kV49xqNP00HfxQA==","POM","1",750,25,100,"carbon",95.17,"microgramsPerLiter","Revesz & Coplen 2012a",,
