uid,domainID,siteID,namedLocation,collectDate,parentSampleID,parentSampleCode,isotopeH2OSampleCond,isotopeH2OSampleID,isotopeH2OSampleCode,isotopePOMRep2SampleCond,isotopePOMRep2SampleID,isotopePOMRep2SampleCode,isotopePOMSampleCond,isotopePOMSampleID,isotopePOMSampleCode,processedDateFilters,processedDateH2OIsotopes,sampleVolumeFilteredPOMRep1,sampleVolumeFilteredPOMRep2,fieldDataQF
"34b8229f-17b4-4cd0-9157-edcae7973aa8","D05","CRAM","CRAM.AOS.outlet","2016-04-19T14:50Z","CRAM.OT.20160419",,,"CRAM.OT.20160419.H2O.1",,,"CRAM.OT.20160419.POM.2",,,"CRAM.OT.20160419.POM.1",,"2016-04-19T18:36Z","2016-04-19T19:50Z",300,300,
"664f3cfa-69d0-4b9a-a18f-e19df484637b","D05","CRAM","CRAM.AOS.inlet","2016-04-19T15:25Z","CRAM.IN.20160419",,,"CRAM.IN.20160419.H2O.1",,,"CRAM.IN.20160419.POM.2",,,"CRAM.IN.20160419.POM.1",,"2016-04-19T18:36Z","2016-04-19T20:00Z",300,300,
"36e9ea51-c12c-4183-9611-30b5a2eea2d1","D05","CRAM","CRAM.AOS.buoy.c1","2016-04-19T16:25Z","CRAM.C1.20160419",,,"CRAM.C1.20160419.H2O.1",,,"CRAM.C1.20160419.POM.2",,,"CRAM.C1.20160419.POM.1",,"2016-04-19T19:02Z","2016-04-19T20:10Z",350,350,
"f44bdf11-dcca-40e7-b063-00bd82bf86b5","D05","CRAM","CRAM.AOS.buoy.c2","2016-04-19T17:00Z","CRAM.C2.20160419",,,"CRAM.C2.20160419.H2O.1",,,"CRAM.C2.20160419.POM.2",,,"CRAM.C2.20160419.POM.1",,"2016-04-19T19:20Z","2016-04-19T20:15Z",300,300,
