uid,domainID,siteID,namedLocation,decimalLatitude,decimalLongitude,coordinateUncertainty,additionalCoordUncertainty,elevation,elevationUncertainty,geodeticDatum,altLocation,altLatitude,altLongitude,altCoordinateUncertainty,altGeodeticDatum,collectDate,aquaticSiteType,samplingImpractical,parentSampleID,parentSampleCode,eventID,samplerType,dissolvedOxygen,dissolvedOxygenSaturation,specificConductance,waterTemp,asiSamplingProtocolVersion,lowerSegmentDepth,upperSegmentDepth,maxDepth,lakeSampleDepth1,lakeSampleDepth2,aCollectedBy,bCollectedBy,remarks,fieldDataQF
"60796d44-b0a2-425d-a501-cbe46589702a","D05","CRAM","CRAM.AOS.outlet",46.211998,-89.474475,0.1,10.0,511.8,0.1,"WGS84",,,,,,"2016-04-19T14:50Z","lake",,"CRAM.OT.20160419",,"CRAM.20160419","Kemmerer",9.00,79.00,17.00,8.00,"NEON.DOC.001886vD",1.2,0.0,1.2,0.5,,"jhudson@neoninc.org","ckipp@field-ops.org","time between collection and processing: 3 hr, 15 min|time between collection and processing: 3 hr, 40 min",
"676004e4-131d-4962-bd03-0a7e762b6c56","D05","CRAM","CRAM.AOS.inlet",46.207952,-89.476174,0.1,10.0,511.7,0.1,"WGS84",,,,,,"2016-04-19T15:25Z","lake",,"CRAM.IN.20160419",,"CRAM.20160419","Kemmerer",9.70,87.00,16.40,8.90,"NEON.DOC.001886vD",1.1,0.0,1.1,1.1,,"jhudson@neoninc.org","ckipp@field-ops.org","time between collection and processing: 3 hr, 48 min|time between collection and processing: 3 hr, 55 min",
"ebb1a796-c8e8-4ec1-b164-d790f984dd3c","D05","CRAM","CRAM.AOS.buoy.c1",46.210592,-89.476861,10.0,10.0,509.0,10.0,"WGS84",,,,,,"2016-04-19T16:25Z","lake",,"CRAM.C1.20160419",,"CRAM.20160419","Kemmerer",9.50,85.00,16.20,8.60,"NEON.DOC.001886vD",3.5,0.0,13.5,0.5,,"jhudson@neoninc.org","ckipp@field-ops.org","time between collection and processing: 3 hr, 14 min|time between collection and processing: 3 hr, 34 min",
"648996ce-5e50-49d7-a253-846db74af9ad","D05","CRAM","CRAM.AOS.buoy.c2",46.210592,-89.476861,10.0,10.0,509.0,10.0,"WGS84",,,,,,"2016-04-19T17:00Z","lake",,"CRAM.C2.20160419",,"CRAM.20160419","Kemmerer",8.10,67.00,16.20,5.00,"NEON.DOC.001886vD",13.5,4.5,13.5,6.8,11.3,"jhudson@neoninc.org","ckipp@field-ops.org","in situ at 9.0m|time between collection and processing: 3 hr, 50 min|time between collection and processing: 4 hr, 20 min",
