uid,domainID,siteID,namedLocation,collectDate,analysisDate,isotopeH2OSampleID,isotopeH2OSampleCode,instrumentSN,d18OWater,d2HWater,d18OsdWater,d2HsdWater,isotopeH2OExternalLabQF,laboratoryName,analyzedBy,sampleCondition,externalRemarks,externalLabDataQF
"0de2af7d-a223-4309-ba86-62d69bb2b305","D05","CRAM","CRAM.AOS.outlet","2016-04-19","2016-09-07","CRAM.OT.20160419.H2O.1",,"HIDS2052",-5.41,-53.96,0.07,0.24,0,"SIRFER Lab at University of Utah","OlSmE6RRn5QQH8tvUHmK5i/poYiQr6sd","OK",,
"adb38e9a-3052-4fab-a299-87ae6b9627b1","D05","CRAM","CRAM.AOS.inlet","2016-04-19","2016-09-07","CRAM.IN.20160419.H2O.1",,"HIDS2052",-5.16,-53.35,0.18,0.49,0,"SIRFER Lab at University of Utah","OlSmE6RRn5QQH8tvUHmK5i/poYiQr6sd","OK",,
"60cec7b4-b8f0-478d-9f83-30e93be385b3","D05","CRAM","CRAM.AOS.buoy.c1","2016-04-19","2016-09-07","CRAM.C1.20160419.H2O.1",,"HIDS2052",-5.12,-53.27,0.15,0.32,0,"SIRFER Lab at University of Utah","OlSmE6RRn5QQH8tvUHmK5i/poYiQr6sd","OK",,
"d3663035-1cd5-407c-9f53-4936ea54c297","D05","CRAM","CRAM.AOS.buoy.c2","2016-04-19","2016-09-07","CRAM.C2.20160419.H2O.1",,"HIDS2052",-5.45,-53.94,0.12,0.32,0,"SIRFER Lab at University of Utah","OlSmE6RRn5QQH8tvUHmK5i/poYiQr6sd","OK",,
