uid,domainID,siteID,namedLocation,decimalLatitude,decimalLongitude,coordinateUncertainty,additionalCoordUncertainty,elevation,elevationUncertainty,geodeticDatum,altLocation,altLatitude,altLongitude,altCoordinateUncertainty,altGeodeticDatum,collectDate,aquaticSiteType,samplingImpractical,parentSampleID,parentSampleCode,eventID,samplerType,dissolvedOxygen,dissolvedOxygenSaturation,specificConductance,waterTemp,asiSamplingProtocolVersion,lowerSegmentDepth,upperSegmentDepth,maxDepth,lakeSampleDepth1,lakeSampleDepth2,aCollectedBy,bCollectedBy,remarks,fieldDataQF
"b3b269c3-bbe4-4e86-b9de-1c611e2d92d5","D18","TOOK","TOOK.AOS.buoy.c1",68.630699,-149.611405,10.0,10.0,715.0,10.0,"WGS84",,,,,,"2019-07-09T19:09Z","lake",,"TOOK.C1.20190709",,"TOOK.20190709","Kemmerer",8.90,102.00,89.10,18.20,"NEON.DOC.001886vF",1.5,0.0,20.1,0.5,,"0000-0002-2848-7952","0000-0002-9744-1448",,
"536f3a0e-9638-410f-a7bb-2f707e517784","D18","TOOK","TOOK.AOS.buoy.c2",68.630699,-149.611405,10.0,10.0,715.0,10.0,"WGS84",,,,,,"2019-07-09T19:22Z","lake",,"TOOK.C2.20190709",,"TOOK.20190709","Kemmerer",,,,,"NEON.DOC.001886vF",20.1,8.5,20.1,11.4,17.2,"0000-0002-2848-7952","0000-0002-9744-1448",,
"30e73eed-5ac5-4195-8960-d5fc1e1cd835","D18","TOOK","TOOK.AOS.outlet",68.640502,-149.596089,0.1,10.0,717.0,0.0,"WGS84",,,,,,"2019-07-09T19:45Z","lake",,"TOOK.OT.20190709",,"TOOK.20190709","Grab",9.10,105.00,88.60,18.10,"NEON.DOC.001886vF",,,,0.5,,"0000-0002-2848-7952","0000-0002-9744-1448",,
"7f4a8d93-122e-455a-bcda-bd8ee9426c0b","D18","TOOK","TOOK.AOS.inlet",68.625566,-149.595360,0.1,10.0,717.3,0.0,"WGS84",,,,,,"2019-07-09T20:27Z","lake",,"TOOK.IN.20190709",,"TOOK.20190709","Grab",9.70,108.00,94.40,17.20,"NEON.DOC.001886vF",,,,0.5,,"0000-0002-2848-7952","0000-0002-9744-1448",,
