uid,domainID,siteID,namedLocation,collectDate,sampleID,sampleCode,sampleCondition,laboratoryName,analysisDate,analyzedBy,sampleType,replicate,sampleVolumeFiltered,filterSize,percentFilterAnalyzed,analyte,analyteConcentration,plantAlgaeLabUnits,method,externalRemarks,externalLabDataQF
"d2eaac33-9469-4b8f-98ea-3966d5b9c07d","D18","TOOK","TOOK.AOS.buoy.c1","2019-07-09","TOOK.C1.20190709.POM.1","A00000098991","condition ok","SIRFER Lab at University of Utah","2019-11-01","ElFtGy1kV49xqNP00HfxQA==","POM","1",750,25,100,"d15N",1.25,"perMill","Revesz & Coplen 2012a",,
"fdff4140-fe70-48e9-8f8e-999b60239a4f","D18","TOOK","TOOK.AOS.buoy.c1","2019-07-09","TOOK.C1.20190709.POM.1","A00000098991","condition ok","SIRFER Lab at University of Utah","2019-11-01","ElFtGy1kV49xqNP00HfxQA==","POM","1",750,25,100,"d13C",-30.96,"perMill","Revesz & Coplen 2012a",,
"0227159a-8e8d-4a19-bc69-f987bcb797b7","D18","TOOK","TOOK.AOS.buoy.c1","2019-07-09","TOOK.C1.20190709.POM.1","A00000098991","condition ok","SIRFER Lab at University of Utah","2019-11-01","ElFtGy1kV49xqNP00HfxQA==","POM","1",750,25,100,"carbon",232.82,"microgramsPerLiter","Revesz & Coplen 2012a",,
"471ab9ae-c5d2-4e37-9411-e89fa09cc92e","D18","TOOK","TOOK.AOS.buoy.c1","2019-07-09","TOOK.C1.20190709.POM.1","A00000098991","condition ok","SIRFER Lab at University of Utah","2019-11-01","ElFtGy1kV49xqNP00HfxQA==","POM","1",500,25,100,"nitrogen",28.40,"microgramsPerLiter","Revesz & Coplen 2012a",,
"0852fa1e-11cf-421c-a142-4ac14f97bccf","D18","TOOK","TOOK.AOS.buoy.c2","2019-07-09","TOOK.C2.20190709.POM.1","A00000098989","condition ok","SIRFER Lab at University of Utah","2019-11-01","ElFtGy1kV49xqNP00HfxQA==","POM","1",750,25,100,"d13C",-32.53,"perMill","Revesz & Coplen 2012a",,
"0818ad93-7d49-4e04-9d0e-c9692a0219bd","D18","TOOK","TOOK.AOS.buoy.c2","2019-07-09","TOOK.C2.20190709.POM.1","A00000098989","condition ok","SIRFER Lab at University of Utah","2019-11-01","ElFtGy1kV49xqNP00HfxQA==","POM","1",750,25,100,"d15N",3.17,"perMill","Revesz & Coplen 2012a",,
"25f50b1f-5497-4491-b999-00bfa23a54e2","D18","TOOK","TOOK.AOS.buoy.c2","2019-07-09","TOOK.C2.20190709.POM.1","A00000098989","condition ok","SIRFER Lab at University of Utah","2019-11-01","ElFtGy1kV49xqNP00HfxQA==","POM","1",750,25,100,"carbon",234.48,"microgramsPerLiter","Revesz & Coplen 2012a",,
"9d7e1ca4-d804-43eb-9674-b85df5b08868","D18","TOOK","TOOK.AOS.buoy.c2","2019-07-09","TOOK.C2.20190709.POM.1","A00000098989","condition ok","SIRFER Lab at University of Utah","2019-11-01","ElFtGy1kV49xqNP00HfxQA==","POM","1",750,25,100,"nitrogen",31.46,"microgramsPerLiter","Revesz & Coplen 2012a",,
"28d0631b-c4ef-410e-8600-81734088beca","D18","TOOK","TOOK.AOS.outlet","2019-07-09","TOOK.OT.20190709.POM.1","A00000099003","condition ok","SIRFER Lab at University of Utah","2019-11-04","ElFtGy1kV49xqNP00HfxQA==","POM","1",750,25,100,"carbon",201.00,"microgramsPerLiter","Revesz & Coplen 2012a",,
"7c041784-573d-4190-905d-9276266daacd","D18","TOOK","TOOK.AOS.outlet","2019-07-09","TOOK.OT.20190709.POM.1","A00000099003","condition ok","SIRFER Lab at University of Utah","2019-11-04","ElFtGy1kV49xqNP00HfxQA==","POM","1",750,25,100,"d15N",3.16,"perMill","Revesz & Coplen 2012a",,
"a0d099af-fc13-4216-b2a1-b0b7c0d4ff39","D18","TOOK","TOOK.AOS.outlet","2019-07-09","TOOK.OT.20190709.POM.1","A00000099003","condition ok","SIRFER Lab at University of Utah","2019-11-04","ElFtGy1kV49xqNP00HfxQA==","POM","1",750,25,100,"nitrogen",27.93,"microgramsPerLiter","Revesz & Coplen 2012a",,
"70b76190-0f79-4841-bfc2-d3ef2ab4df4f","D18","TOOK","TOOK.AOS.outlet","2019-07-09","TOOK.OT.20190709.POM.1","A00000099003","condition ok","SIRFER Lab at University of Utah","2019-11-04","ElFtGy1kV49xqNP00HfxQA==","POM","1",750,25,100,"d13C",-32.75,"perMill","Revesz & Coplen 2012a",,
"56126ed7-1bad-4233-8b2d-3913f039be44","D18","TOOK","TOOK.AOS.inlet","2019-07-09","TOOK.IN.20190709.POM.1","A00000099005","condition ok","SIRFER Lab at University of Utah","2019-11-04","ElFtGy1kV49xqNP00HfxQA==","POM","1",500,25,100,"carbon",137.27,"microgramsPerLiter","Revesz & Coplen 2012a",,
"ad2bfb70-b37c-4146-88f7-721b75dde19a","D18","TOOK","TOOK.AOS.inlet","2019-07-09","TOOK.IN.20190709.POM.1","A00000099005","condition ok","SIRFER Lab at University of Utah","2019-11-04","ElFtGy1kV49xqNP00HfxQA==","POM","1",750,25,100,"d13C",-31.43,"perMill","Revesz & Coplen 2012a",,
"563a331e-fa54-4c6d-9089-016403797e97","D18","TOOK","TOOK.AOS.inlet","2019-07-09","TOOK.IN.20190709.POM.1","A00000099005","condition ok","SIRFER Lab at University of Utah","2019-11-04","ElFtGy1kV49xqNP00HfxQA==","POM","1",750,25,100,"d15N",4.27,"perMill","Revesz & Coplen 2012a",,
"7b1f458f-522c-40fc-8bfd-d13e63f1c733","D18","TOOK","TOOK.AOS.inlet","2019-07-09","TOOK.IN.20190709.POM.1","A00000099005","condition ok","SIRFER Lab at University of Utah","2019-11-04","ElFtGy1kV49xqNP00HfxQA==","POM","1",750,25,100,"nitrogen",15.89,"microgramsPerLiter","Revesz & Coplen 2012a",,
