uid,domainID,siteID,namedLocation,collectDate,parentSampleID,parentSampleCode,isotopeH2OSampleCond,isotopeH2OSampleID,isotopeH2OSampleCode,isotopePOMRep2SampleCond,isotopePOMRep2SampleID,isotopePOMRep2SampleCode,isotopePOMSampleCond,isotopePOMSampleID,isotopePOMSampleCode,processedDateFilters,processedDateH2OIsotopes,sampleVolumeFilteredPOMRep1,sampleVolumeFilteredPOMRep2,fieldDataQF
"346a0a2a-3a3a-41f0-96d6-a8a8a61fb4f3","D18","TOOK","TOOK.AOS.buoy.c1","2019-07-09T19:09Z","TOOK.C1.20190709",,"Sample condition ok","TOOK.C1.20190709.H2O.1","A00000098975","Sample condition ok","TOOK.C1.20190709.POM.2","A00000098992","Sample condition ok","TOOK.C1.20190709.POM.1","A00000098991","2019-07-09T21:07Z","2019-07-09T21:07Z",750,750,
"a096b869-c232-4770-87c7-9b811ab3a60a","D18","TOOK","TOOK.AOS.buoy.c2","2019-07-09T19:22Z","TOOK.C2.20190709",,"Sample condition ok","TOOK.C2.20190709.H2O.1","A00000098984","Sample condition ok","TOOK.C2.20190709.POM.2","A00000098988","Sample condition ok","TOOK.C2.20190709.POM.1","A00000098989","2019-07-09T22:30Z","2019-07-09T22:30Z",750,750,
"97003f81-0d6a-483e-aa30-9054cf63c481","D18","TOOK","TOOK.AOS.outlet","2019-07-09T19:45Z","TOOK.OT.20190709",,"Sample condition ok","TOOK.OT.20190709.H2O.1","A00000098997","Sample condition ok","TOOK.OT.20190709.POM.2","A00000099002","Sample condition ok","TOOK.OT.20190709.POM.1","A00000099003","2019-07-09T23:57Z","2019-07-09T23:57Z",750,750,
"68a9620b-58ba-4da5-a1fb-f26e0ef6471d","D18","TOOK","TOOK.AOS.inlet","2019-07-09T20:27Z","TOOK.IN.20190709",,"Sample condition ok","TOOK.IN.20190709.H2O.1","A00000098996","Sample condition ok","TOOK.IN.20190709.POM.2","A00000099006","Sample condition ok","TOOK.IN.20190709.POM.1","A00000099005","2019-07-09T23:47Z","2019-07-09T23:47Z",750,750,
