uid,domainID,siteID,namedLocation,collectDate,analysisDate,isotopeH2OSampleID,isotopeH2OSampleCode,instrumentSN,d18OWater,d2HWater,d18OsdWater,d2HsdWater,isotopeH2OExternalLabQF,laboratoryName,analyzedBy,sampleCondition,externalRemarks,externalLabDataQF
"05c9f340-9475-4ad2-b6ea-2866af53b8d8","D18","TOOK","TOOK.AOS.buoy.c1","2019-07-09","2019-09-19","TOOK.C1.20190709.H2O.1","A00000098975","HIDS2052",-18.09,-143.94,0.04,0.09,0,"SIRFER Lab at University of Utah","OlSmE6RRn5QQH8tvUHmK5i/poYiQr6sd","OK",,
"2ac08bd9-39b0-4f09-ab28-cdbdf945781c","D18","TOOK","TOOK.AOS.buoy.c2","2019-07-09","2019-09-19","TOOK.C2.20190709.H2O.1","A00000098984","HIDS2052",-19.44,-150.82,0.02,0.08,0,"SIRFER Lab at University of Utah","OlSmE6RRn5QQH8tvUHmK5i/poYiQr6sd","OK",,
"e3334a9d-aba1-4e49-b025-834a32e6f645","D18","TOOK","TOOK.AOS.outlet","2019-07-09","2019-09-19","TOOK.OT.20190709.H2O.1","A00000098997","HIDS2052",-19.14,-148.46,0.03,0.12,0,"SIRFER Lab at University of Utah","OlSmE6RRn5QQH8tvUHmK5i/poYiQr6sd","OK",,
"1d06ee3e-4127-4ed5-a8bd-7a7f83ecbc42","D18","TOOK","TOOK.AOS.inlet","2019-07-09","2019-09-19","TOOK.IN.20190709.H2O.1","A00000098996","HIDS2052",-18.79,-145.62,0.04,0.05,0,"SIRFER Lab at University of Utah","OlSmE6RRn5QQH8tvUHmK5i/poYiQr6sd","OK",,
