uid,domainID,siteID,namedLocation,collectDate,sampleID,sampleCode,sampleCondition,laboratoryName,analysisDate,analyzedBy,sampleType,replicate,sampleVolumeFiltered,filterSize,percentFilterAnalyzed,analyte,analyteConcentration,plantAlgaeLabUnits,method,externalRemarks,externalLabDataQF
"00a37742-c4d3-46a2-ab6b-09e1a8ec63d9","D03","FLNT","FLNT.AOS.buoy.c0","2019-04-02","FLNT.C0.20190402.POM.1","A00000037450","condition ok","SIRFER Lab at University of Utah","2019-09-19","ElFtGy1kV49xqNP00HfxQA==","POM","1",300,25,100,"d13C",-28.54,"perMill","Revesz & Coplen 2012a",,
"58a34c64-403e-4192-b3ab-fbb8ed7231a4","D03","FLNT","FLNT.AOS.buoy.c0","2019-04-02","FLNT.C0.20190402.POM.1","A00000037450","condition ok","SIRFER Lab at University of Utah","2019-09-19","ElFtGy1kV49xqNP00HfxQA==","POM","1",300,25,100,"d15N",5.63,"perMill","Revesz & Coplen 2012a",,
"b5958217-5b43-4448-a2e0-c7c542ec8032","D03","FLNT","FLNT.AOS.buoy.c0","2019-04-02","FLNT.C0.20190402.POM.1","A00000037450","condition ok","SIRFER Lab at University of Utah","2019-09-19","ElFtGy1kV49xqNP00HfxQA==","POM","1",300,25,100,"carbon",651.63,"microgramsPerLiter","Revesz & Coplen 2012a",,
"e1163c97-e637-4928-bd57-7b08b632c393","D03","FLNT","FLNT.AOS.buoy.c0","2019-04-02","FLNT.C0.20190402.POM.1","A00000037450","condition ok","SIRFER Lab at University of Utah","2019-09-19","ElFtGy1kV49xqNP00HfxQA==","POM","1",300,25,100,"nitrogen",66.93,"microgramsPerLiter","Revesz & Coplen 2012a",,
"556d3b2b-bc99-47cc-8643-1d49e66cc168","D03","FLNT","FLNT.AOS.buoy.c0","2019-04-10","FLNT.C0.20190410.POM.1","A00000038252","condition ok","SIRFER Lab at University of Utah","2019-09-19","ElFtGy1kV49xqNP00HfxQA==","POM","1",300,25,100,"d13C",-28.59,"perMill","Revesz & Coplen 2012a",,
"29e905e0-7984-4e47-bd23-bce22f5bb3cc","D03","FLNT","FLNT.AOS.buoy.c0","2019-04-10","FLNT.C0.20190410.POM.1","A00000038252","condition ok","SIRFER Lab at University of Utah","2019-09-19","ElFtGy1kV49xqNP00HfxQA==","POM","1",300,25,100,"nitrogen",80.73,"microgramsPerLiter","Revesz & Coplen 2012a",,
"8aa3a89f-034e-41b4-8e6b-1b04d5791d4d","D03","FLNT","FLNT.AOS.buoy.c0","2019-04-10","FLNT.C0.20190410.POM.1","A00000038252","condition ok","SIRFER Lab at University of Utah","2019-09-19","ElFtGy1kV49xqNP00HfxQA==","POM","1",300,25,100,"d15N",5.11,"perMill","Revesz & Coplen 2012a",,
"609d3c6f-31b1-4079-855b-c4477cab2745","D03","FLNT","FLNT.AOS.buoy.c0","2019-04-10","FLNT.C0.20190410.POM.1","A00000038252","condition ok","SIRFER Lab at University of Utah","2019-09-19","ElFtGy1kV49xqNP00HfxQA==","POM","1",300,25,100,"carbon",766.24,"microgramsPerLiter","Revesz & Coplen 2012a",,
"3bf5f8c7-dfe8-412b-930f-900bd9a38e4a","D03","FLNT","FLNT.AOS.buoy.c0","2019-04-16","FLNT.C0.20190416.POM.1","A00000038258","condition ok","SIRFER Lab at University of Utah","2019-09-19","ElFtGy1kV49xqNP00HfxQA==","POM","1",300,25,100,"carbon",644.02,"microgramsPerLiter","Revesz & Coplen 2012a",,
"afbe87ac-1198-44ce-8b9b-5b01d342acfa","D03","FLNT","FLNT.AOS.buoy.c0","2019-04-16","FLNT.C0.20190416.POM.1","A00000038258","condition ok","SIRFER Lab at University of Utah","2019-09-19","ElFtGy1kV49xqNP00HfxQA==","POM","1",300,25,100,"nitrogen",74.27,"microgramsPerLiter","Revesz & Coplen 2012a",,
"e98b178a-ca7b-48c5-b7ea-0156be2752b2","D03","FLNT","FLNT.AOS.buoy.c0","2019-04-16","FLNT.C0.20190416.POM.1","A00000038258","condition ok","SIRFER Lab at University of Utah","2019-09-19","ElFtGy1kV49xqNP00HfxQA==","POM","1",300,25,100,"d15N",6.84,"perMill","Revesz & Coplen 2012a",,
"62a8f985-fdd6-49c2-b582-7852c0129093","D03","FLNT","FLNT.AOS.buoy.c0","2019-04-16","FLNT.C0.20190416.POM.1","A00000038258","condition ok","SIRFER Lab at University of Utah","2019-09-19","ElFtGy1kV49xqNP00HfxQA==","POM","1",300,25,100,"d13C",-29.59,"perMill","Revesz & Coplen 2012a",,
"3a4641f1-aa58-42b0-80ef-dd393216c86a","D03","FLNT","FLNT.AOS.buoy.c0","2019-04-23","FLNT.C0.20190423.POM.1","A00000038268","condition ok","SIRFER Lab at University of Utah","2019-09-19","ElFtGy1kV49xqNP00HfxQA==","POM","1",300,25,100,"d15N",4.16,"perMill","Revesz & Coplen 2012a",,
"8c0ff555-18d9-4091-bbda-79bb270e947f","D03","FLNT","FLNT.AOS.buoy.c0","2019-04-23","FLNT.C0.20190423.POM.1","A00000038268","condition ok","SIRFER Lab at University of Utah","2019-09-19","ElFtGy1kV49xqNP00HfxQA==","POM","1",300,25,100,"nitrogen",69.43,"microgramsPerLiter","Revesz & Coplen 2012a",,
"9711373c-478a-43b8-959b-a04acb6ef166","D03","FLNT","FLNT.AOS.buoy.c0","2019-04-23","FLNT.C0.20190423.POM.1","A00000038268","condition ok","SIRFER Lab at University of Utah","2019-09-19","ElFtGy1kV49xqNP00HfxQA==","POM","1",300,25,100,"d13C",-29.25,"perMill","Revesz & Coplen 2012a",,
"ba91343a-16b8-4226-a664-63fe28898da9","D03","FLNT","FLNT.AOS.buoy.c0","2019-04-23","FLNT.C0.20190423.POM.1","A00000038268","condition ok","SIRFER Lab at University of Utah","2019-09-19","ElFtGy1kV49xqNP00HfxQA==","POM","1",300,25,100,"carbon",639.05,"microgramsPerLiter","Revesz & Coplen 2012a",,
"ce235dec-90b8-4ad4-995f-7155a264cdb9","D03","FLNT","FLNT.AOS.buoy.c0","2019-04-30","FLNT.C0.20190430.POM.1","A00000038277","condition ok","SIRFER Lab at University of Utah","2019-09-19","ElFtGy1kV49xqNP00HfxQA==","POM","1",200,25,100,"d15N",4.41,"perMill","Revesz & Coplen 2012a",,
"da407cfe-dddd-42f7-8e0f-b51cef406b33","D03","FLNT","FLNT.AOS.buoy.c0","2019-04-30","FLNT.C0.20190430.POM.1","A00000038277","condition ok","SIRFER Lab at University of Utah","2019-09-19","ElFtGy1kV49xqNP00HfxQA==","POM","1",200,25,100,"carbon",1013.06,"microgramsPerLiter","Revesz & Coplen 2012a",,
"083a94ba-9392-4a32-86f2-dcdd85f10531","D03","FLNT","FLNT.AOS.buoy.c0","2019-04-30","FLNT.C0.20190430.POM.1","A00000038277","condition ok","SIRFER Lab at University of Utah","2019-09-19","ElFtGy1kV49xqNP00HfxQA==","POM","1",200,25,100,"d13C",-27.71,"perMill","Revesz & Coplen 2012a",,
"fdc06686-ef8e-46bb-9b33-03a8feb7d19f","D03","FLNT","FLNT.AOS.buoy.c0","2019-04-30","FLNT.C0.20190430.POM.1","A00000038277","condition ok","SIRFER Lab at University of Utah","2019-09-19","ElFtGy1kV49xqNP00HfxQA==","POM","1",200,25,100,"nitrogen",123.46,"microgramsPerLiter","Revesz & Coplen 2012a",,
