uid,domainID,siteID,namedLocation,collectDate,parentSampleID,parentSampleCode,isotopeH2OSampleCond,isotopeH2OSampleID,isotopeH2OSampleCode,isotopePOMRep2SampleCond,isotopePOMRep2SampleID,isotopePOMRep2SampleCode,isotopePOMSampleCond,isotopePOMSampleID,isotopePOMSampleCode,processedDateFilters,processedDateH2OIsotopes,sampleVolumeFilteredPOMRep1,sampleVolumeFilteredPOMRep2,fieldDataQF
"52395fab-b088-47ab-8108-f4d00a775f44","D03","FLNT","FLNT.AOS.buoy.c0","2019-04-02T14:06Z","FLNT.C0.20190402",,"Sample condition ok","FLNT.C0.20190402.H2O.1","A00000037454","Sample condition ok","FLNT.C0.20190402.POM.2","A00000037451","Sample condition ok","FLNT.C0.20190402.POM.1","A00000037450","2019-04-02T15:41Z","2019-04-02T15:41Z",300,300,
"eebf8f13-14f6-40bf-ab22-a07ad9375372","D03","FLNT","FLNT.AOS.buoy.c0","2019-04-10T14:45Z","FLNT.C0.20190410",,"Sample condition ok","FLNT.C0.20190410.H2O.1","A00000038254","Sample condition ok","FLNT.C0.20190410.POM.2","A00000038253","Sample condition ok","FLNT.C0.20190410.POM.1","A00000038252","2019-04-10T16:30Z","2019-04-10T16:46Z",300,300,
"4bb1c925-d96a-4491-aa19-beede8a267c5","D03","FLNT","FLNT.AOS.buoy.c0","2019-04-16T15:07Z","FLNT.C0.20190416",,"Sample condition ok","FLNT.C0.20190416.H2O.1","A00000038260","Sample condition ok","FLNT.C0.20190416.POM.2","A00000038259","Sample condition ok","FLNT.C0.20190416.POM.1","A00000038258","2019-04-16T17:03Z","2019-04-16T16:54Z",300,300,
"da9c27cc-5717-4224-9986-07ee821fffc4","D03","FLNT","FLNT.AOS.buoy.c0","2019-04-23T14:25Z","FLNT.C0.20190423",,"Sample condition ok","FLNT.C0.20190423.H2O.1","A00000038270","Sample condition ok","FLNT.C0.20190423.POM.2","A00000038269","Sample condition ok","FLNT.C0.20190423.POM.1","A00000038268","2019-04-23T16:13Z","2019-04-23T16:19Z",300,300,
"5dd3f654-63a1-4369-92d7-2810207c14ae","D03","FLNT","FLNT.AOS.buoy.c0","2019-04-30T13:02Z","FLNT.C0.20190430",,"Sample condition ok","FLNT.C0.20190430.H2O.1","A00000038276","Sample condition ok","FLNT.C0.20190430.POM.2","A00000038278","Sample condition ok","FLNT.C0.20190430.POM.1","A00000038277","2019-04-30T14:51Z","2019-04-30T13:00Z",200,200,
