uid,domainID,siteID,namedLocation,collectDate,analysisDate,isotopeH2OSampleID,isotopeH2OSampleCode,instrumentSN,d18OWater,d2HWater,d18OsdWater,d2HsdWater,isotopeH2OExternalLabQF,laboratoryName,analyzedBy,sampleCondition,externalRemarks,externalLabDataQF
"03a3e060-7541-411e-871a-501744b8cd34","D03","FLNT","FLNT.AOS.buoy.c0","2019-04-02","2019-06-03","FLNT.C0.20190402.H2O.1","A00000037454","HIDS2046",-3.78,-19.91,0.05,0.15,0,"SIRFER Lab at University of Utah","OlSmE6RRn5QQH8tvUHmK5i/poYiQr6sd","OK",,
"99c011fe-af81-4a69-97f8-59415b144e57","D03","FLNT","FLNT.AOS.buoy.c0","2019-04-10","2019-07-12","FLNT.C0.20190410.H2O.1","A00000038254","HIDS2046",-4.17,-23.53,0.02,0.11,0,"SIRFER Lab at University of Utah","OlSmE6RRn5QQH8tvUHmK5i/poYiQr6sd","OK",,
"ced71225-b1e6-41d1-814a-a36bd24d0224","D03","FLNT","FLNT.AOS.buoy.c0","2019-04-16","2019-07-12","FLNT.C0.20190416.H2O.1","A00000038260","HIDS2046",-4.13,-24.19,0.04,0.01,0,"SIRFER Lab at University of Utah","OlSmE6RRn5QQH8tvUHmK5i/poYiQr6sd","OK",,
"54965e63-9c4f-4887-b79f-856cc33da08f","D03","FLNT","FLNT.AOS.buoy.c0","2019-04-23","2019-07-12","FLNT.C0.20190423.H2O.1","A00000038270","HIDS2046",-4.14,-24.23,0.02,0.01,0,"SIRFER Lab at University of Utah","OlSmE6RRn5QQH8tvUHmK5i/poYiQr6sd","OK",,
"757cd316-422c-4ff7-b087-2c9833cdcc55","D03","FLNT","FLNT.AOS.buoy.c0","2019-04-30","2019-07-12","FLNT.C0.20190430.H2O.1","A00000038276","HIDS2046",-4.80,-28.08,0.07,0.22,0,"SIRFER Lab at University of Utah","OlSmE6RRn5QQH8tvUHmK5i/poYiQr6sd","OK",,
