uid,domainID,siteID,namedLocation,decimalLatitude,decimalLongitude,coordinateUncertainty,additionalCoordUncertainty,elevation,elevationUncertainty,geodeticDatum,altLocation,altLatitude,altLongitude,altCoordinateUncertainty,altGeodeticDatum,collectDate,aquaticSiteType,samplingImpractical,parentSampleID,parentSampleCode,eventID,samplerType,dissolvedOxygen,dissolvedOxygenSaturation,specificConductance,waterTemp,asiSamplingProtocolVersion,lowerSegmentDepth,upperSegmentDepth,maxDepth,lakeSampleDepth1,lakeSampleDepth2,aCollectedBy,bCollectedBy,remarks,fieldDataQF
"d4580395-8ef5-43af-8c07-91904b1700e4","D03","FLNT","FLNT.AOS.buoy.c0",31.184609,-84.438438,10.0,10.0,30.0,10.0,"WGS84",,,,,,"2019-04-02T14:06Z","river",,"FLNT.C0.20190402",,"FLNT.20190402","Van Dorn",8.56,89.20,119.20,17.40,"NEON.DOC.001886vF",,,3.7,0.5,,"0000-0003-1571-3196","0000-0002-9814-2044",,
"32ebb0af-20f7-49c0-9c7b-54e483380bcd","D03","FLNT","FLNT.AOS.buoy.c0",31.184609,-84.438438,10.0,10.0,30.0,10.0,"WGS84",,,,,,"2019-04-10T14:45Z","river",,"FLNT.C0.20190410",,"FLNT.20190410","Van Dorn",8.27,93.20,116.50,20.70,"NEON.DOC.001886vF",,,4.2,0.5,,"0000-0003-1571-3196","0000-0003-1571-3196",,
"b2070355-63a3-4c9f-bd0b-6988e5cdfa51","D03","FLNT","FLNT.AOS.buoy.c0",31.184609,-84.438438,10.0,10.0,30.0,10.0,"WGS84",,,,,,"2019-04-16T15:07Z","river",,"FLNT.C0.20190416",,"FLNT.20190416","Van Dorn",7.86,88.10,111.70,21.30,"NEON.DOC.001886vF",,,4.1,0.5,,"0000-0003-1571-3196","0000-0001-8642-686X",,
"1e352433-ff31-4be4-a1ff-b2386853c63c","D03","FLNT","FLNT.AOS.buoy.c0",31.184609,-84.438438,10.0,10.0,30.0,10.0,"WGS84",,,,,,"2019-04-23T14:25Z","river",,"FLNT.C0.20190423",,"FLNT.20190423","Van Dorn",8.61,95.70,112.60,20.90,"NEON.DOC.001886vF",,,3.5,0.5,,"0000-0003-1571-3196","0000-0003-1571-3196",,
"6f2fdc72-9a99-4b33-a5b5-28ffd45d947d","D03","FLNT","FLNT.AOS.buoy.c0",31.184609,-84.438438,10.0,10.0,30.0,10.0,"WGS84",,,,,,"2019-04-30T13:02Z","river",,"FLNT.C0.20190430",,"FLNT.20190430","Van Dorn",7.68,85.60,82.80,20.80,"NEON.DOC.001886vF",,,4.6,0.5,,"0000-0003-1571-3196","0000-0002-7517-7842",,
