uid,domainID,siteID,namedLocation,collectDate,analysisDate,isotopeH2OSampleID,isotopeH2OSampleCode,instrumentSN,d18OWater,d2HWater,d18OsdWater,d2HsdWater,isotopeH2OExternalLabQF,laboratoryName,analyzedBy,sampleCondition,externalRemarks,externalLabDataQF
"83106488-f9a9-4f04-9684-6813b4ef5967","D13","COMO","COMO.AOS.S2","2018-07-02","2018-08-08","COMO.SS.20180702.H2O.1","A00000019244","HIDS2052",-17.42,-129.64,0.02,0.15,0,"SIRFER Lab at University of Utah","OlSmE6RRn5QQH8tvUHmK5i/poYiQr6sd","OK",,
"c1679d41-693e-43bf-91df-ef370c596353","D13","COMO","COMO.AOS.S2","2018-07-12","2018-10-23","COMO.SS.20180712.H2O.1","A00000019239","HIDS2052",-17.33,-128.55,0.04,0.19,0,"SIRFER Lab at University of Utah","OlSmE6RRn5QQH8tvUHmK5i/poYiQr6sd","OK",,
"655faaea-15cd-419d-9fcc-11e331923ad9","D13","COMO","COMO.AOS.S2","2018-07-17","2018-10-23","COMO.SS.20180717.H2O.1","A00000019277","HIDS2052",-16.80,-125.09,0.05,0.30,0,"SIRFER Lab at University of Utah","OlSmE6RRn5QQH8tvUHmK5i/poYiQr6sd","OK",,
"1f42ea6d-bb7f-41a0-bd36-86fd92263dde","D13","COMO","COMO.AOS.S2","2018-07-23","2018-10-23","COMO.SS.20180723.H2O.1","A00000019353","HIDS2052",-16.09,-120.63,0.11,0.48,0,"SIRFER Lab at University of Utah","OlSmE6RRn5QQH8tvUHmK5i/poYiQr6sd","OK",,
