uid,domainID,siteID,namedLocation,collectDate,sampleID,sampleCode,sampleCondition,laboratoryName,analysisDate,analyzedBy,sampleType,replicate,sampleVolumeFiltered,filterSize,percentFilterAnalyzed,analyte,analyteConcentration,plantAlgaeLabUnits,method,externalRemarks,externalLabDataQF
"89d8b29c-18b0-4e52-ad1e-f3fa774a48ab","D13","COMO","COMO.AOS.S2","2018-07-02","COMO.SS.20180702.POM.1","A00000018518","condition ok","SIRFER Lab at University of Utah","2018-09-06","ElFtGy1kV49xqNP00HfxQA==","POM","1",1000,25,100,"d15N",3.07,"perMill","Revesz & Coplen 2012a",,
"e761aeae-53bb-4c20-8b43-dccc3ba05dc5","D13","COMO","COMO.AOS.S2","2018-07-02","COMO.SS.20180702.POM.1","A00000018518","condition ok","SIRFER Lab at University of Utah","2018-09-06","ElFtGy1kV49xqNP00HfxQA==","POM","1",1000,25,100,"d13C",-26.33,"perMill","Revesz & Coplen 2012a",,
"0f772675-60a6-4af3-b200-ac8ff1b4eb65","D13","COMO","COMO.AOS.S2","2018-07-02","COMO.SS.20180702.POM.1","A00000018518","condition ok","SIRFER Lab at University of Utah","2018-09-06","ElFtGy1kV49xqNP00HfxQA==","POM","1",1000,25,100,"nitrogen",11.55,"microgramsPerLiter","Revesz & Coplen 2012a",,
"9a63ea4d-1bd6-40a3-92ec-e42e7b811a69","D13","COMO","COMO.AOS.S2","2018-07-02","COMO.SS.20180702.POM.1","A00000018518","condition ok","SIRFER Lab at University of Utah","2018-09-06","ElFtGy1kV49xqNP00HfxQA==","POM","1",1000,25,100,"carbon",192.42,"microgramsPerLiter","Revesz & Coplen 2012a",,
"484bf617-28cc-4551-a00d-b51745dcf146","D13","COMO","COMO.AOS.S2","2018-07-12","COMO.SS.20180712.POM.1","A00000019492","condition ok","SIRFER Lab at University of Utah","2018-09-06","ElFtGy1kV49xqNP00HfxQA==","POM","1",1000,25,100,"carbon",163.74,"microgramsPerLiter","Revesz & Coplen 2012a",,
"43d4146e-9afb-4f72-ac33-6e8c57b3a0e8","D13","COMO","COMO.AOS.S2","2018-07-12","COMO.SS.20180712.POM.1","A00000019492","condition ok","SIRFER Lab at University of Utah","2018-09-06","ElFtGy1kV49xqNP00HfxQA==","POM","1",1000,25,100,"nitrogen",14.08,"microgramsPerLiter","Revesz & Coplen 2012a",,
"690a1e4f-b95d-4cc0-a00f-2fe246a2a301","D13","COMO","COMO.AOS.S2","2018-07-12","COMO.SS.20180712.POM.1","A00000019492","condition ok","SIRFER Lab at University of Utah","2018-09-06","ElFtGy1kV49xqNP00HfxQA==","POM","1",1000,25,100,"d15N",3.31,"perMill","Revesz & Coplen 2012a",,
"92012a45-cfbb-402d-b146-db854b19b617","D13","COMO","COMO.AOS.S2","2018-07-12","COMO.SS.20180712.POM.1","A00000019492","condition ok","SIRFER Lab at University of Utah","2018-09-06","ElFtGy1kV49xqNP00HfxQA==","POM","1",1000,25,100,"d13C",-26.59,"perMill","Revesz & Coplen 2012a",,
"e90a78d0-fb71-4da9-aa46-9867b2cc3d38","D13","COMO","COMO.AOS.S2","2018-07-17","COMO.SS.20180717.POM.1","A00000019369","condition ok","SIRFER Lab at University of Utah","2018-09-07","ElFtGy1kV49xqNP00HfxQA==","POM","1",1000,25,100,"d13C",-26.37,"perMill","Revesz & Coplen 2012a",,
"f6a01801-7113-442f-baec-0b5e3a279aa3","D13","COMO","COMO.AOS.S2","2018-07-17","COMO.SS.20180717.POM.1","A00000019369","condition ok","SIRFER Lab at University of Utah","2018-09-07","ElFtGy1kV49xqNP00HfxQA==","POM","1",1000,25,100,"d15N",0.78,"perMill","Revesz & Coplen 2012a",,
"cc8466d3-bfa1-456d-82ff-86d9d909d1d5","D13","COMO","COMO.AOS.S2","2018-07-17","COMO.SS.20180717.POM.1","A00000019369","condition ok","SIRFER Lab at University of Utah","2018-09-07","ElFtGy1kV49xqNP00HfxQA==","POM","1",1000,25,100,"carbon",144.15,"microgramsPerLiter","Revesz & Coplen 2012a",,
"413129eb-7db5-4375-9872-957f22edfbd4","D13","COMO","COMO.AOS.S2","2018-07-17","COMO.SS.20180717.POM.1","A00000019369","condition ok","SIRFER Lab at University of Utah","2018-09-07","ElFtGy1kV49xqNP00HfxQA==","POM","1",1000,25,100,"nitrogen",12.12,"microgramsPerLiter","Revesz & Coplen 2012a",,
"94c3a0c5-f3b6-4077-9f40-fcf4ad5b7b92","D13","COMO","COMO.AOS.S2","2018-07-23","COMO.SS.20180723.POM.1","A00000019335","condition ok","SIRFER Lab at University of Utah","2018-09-06","ElFtGy1kV49xqNP00HfxQA==","POM","1",750,25,100,"d13C",-26.75,"perMill","Revesz & Coplen 2012a",,
"cb234e62-83f5-4713-8261-47a65e6b1b5b","D13","COMO","COMO.AOS.S2","2018-07-23","COMO.SS.20180723.POM.1","A00000019335","condition ok","SIRFER Lab at University of Utah","2018-09-06","ElFtGy1kV49xqNP00HfxQA==","POM","1",750,25,100,"d15N",3.84,"perMill","Revesz & Coplen 2012a",,
"4d5ab00d-ec81-4a1f-a29d-7580172d140e","D13","COMO","COMO.AOS.S2","2018-07-23","COMO.SS.20180723.POM.1","A00000019335","condition ok","SIRFER Lab at University of Utah","2018-09-06","ElFtGy1kV49xqNP00HfxQA==","POM","1",750,25,100,"carbon",304.84,"microgramsPerLiter","Revesz & Coplen 2012a",,
"c209d8b4-1a14-480d-83b7-3d768db41dca","D13","COMO","COMO.AOS.S2","2018-07-23","COMO.SS.20180723.POM.1","A00000019335","condition ok","SIRFER Lab at University of Utah","2018-09-06","ElFtGy1kV49xqNP00HfxQA==","POM","1",750,25,100,"nitrogen",29.14,"microgramsPerLiter","Revesz & Coplen 2012a",,
