uid,domainID,siteID,namedLocation,decimalLatitude,decimalLongitude,coordinateUncertainty,additionalCoordUncertainty,elevation,elevationUncertainty,geodeticDatum,altLocation,altLatitude,altLongitude,altCoordinateUncertainty,altGeodeticDatum,collectDate,aquaticSiteType,samplingImpractical,parentSampleID,parentSampleCode,eventID,samplerType,dissolvedOxygen,dissolvedOxygenSaturation,specificConductance,waterTemp,asiSamplingProtocolVersion,lowerSegmentDepth,upperSegmentDepth,maxDepth,lakeSampleDepth1,lakeSampleDepth2,aCollectedBy,bCollectedBy,remarks,fieldDataQF
"ac9ac703-ba2d-4c90-a353-bd468f278a43","D13","COMO","COMO.AOS.S2",40.034953,-105.544407,0.1,10.0,3022.5,0.0,"WGS84",,,,,,"2018-07-02T15:19Z","stream",,"COMO.SS.20180702",,"COMO.20180702","Grab",8.80,71.90,20.50,6.60,"NEON.DOC.001886vF",,,,,,"Jswenson@battelleecology.org","Bnance@battelleecology.org",,
"ef01d468-c4f6-4ba8-82d4-e4d36e1c6894","D13","COMO","COMO.AOS.S2",40.034953,-105.544407,0.1,10.0,3022.5,0.0,"WGS84",,,,,,"2018-07-12T14:52Z","stream",,"COMO.SS.20180712",,"COMO.20180712","Grab",8.61,73.90,25.60,8.90,"NEON.DOC.001886vF",,,,,,"jen.roquemore@battelleecology.org","Bnance@battelleecology.org",,
"48bd1496-cc6f-4332-8b46-ad529ab41f46","D13","COMO","COMO.AOS.S2",40.034953,-105.544407,0.1,10.0,3022.5,0.0,"WGS84",,,,,,"2018-07-17T16:46Z","stream",,"COMO.SS.20180717",,"COMO.20180717","Grab",9.13,77.70,32.40,9.60,"NEON.DOC.001886vF",,,,,,"Jswenson@battelleecology.org",,,
"868fa43d-5a0b-4357-81e6-29ac6976930c","D13","COMO","COMO.AOS.S2",40.034953,-105.544407,0.1,10.0,3022.5,0.0,"WGS84",,,,,,"2018-07-23T16:45Z","stream",,"COMO.SS.20180723",,"COMO.20180723","Grab",8.21,72.80,24.90,9.90,"NEON.DOC.001886vF",,,,,,"jen.roquemore@battelleecology.org","jen.roquemore@battelleecology.org",,
