uid,domainID,siteID,namedLocation,collectDate,parentSampleID,parentSampleCode,isotopeH2OSampleCond,isotopeH2OSampleID,isotopeH2OSampleCode,isotopePOMRep2SampleCond,isotopePOMRep2SampleID,isotopePOMRep2SampleCode,isotopePOMSampleCond,isotopePOMSampleID,isotopePOMSampleCode,processedDateFilters,processedDateH2OIsotopes,sampleVolumeFilteredPOMRep1,sampleVolumeFilteredPOMRep2,fieldDataQF
"c8639af8-537d-45af-9622-09d0983d173f","D13","COMO","COMO.AOS.S2","2018-07-02T15:19Z","COMO.SS.20180702",,"Sample condition ok","COMO.SS.20180702.H2O.1","A00000019244","Sample condition ok","COMO.SS.20180702.POM.2","A00000018534","Sample condition ok","COMO.SS.20180702.POM.1","A00000018518","2018-07-02T16:11Z","2018-07-02T15:27Z",1000,1000,
"d45b0b1f-a9eb-4257-8189-9b067e07976f","D13","COMO","COMO.AOS.S2","2018-07-12T14:52Z","COMO.SS.20180712",,"Sample condition ok","COMO.SS.20180712.H2O.1","A00000019239","Sample condition ok","COMO.SS.20180712.POM.2","A00000019494","Sample condition ok","COMO.SS.20180712.POM.1","A00000019492","2018-07-12T15:58Z","2018-07-12T14:53Z",1000,1000,
"2572fd7b-ba0a-417d-9359-9282ea43089c","D13","COMO","COMO.AOS.S2","2018-07-17T16:46Z","COMO.SS.20180717",,"Sample condition ok","COMO.SS.20180717.H2O.1","A00000019277","Sample condition ok","COMO.SS.20180717.POM.2","A00000019367","Sample condition ok","COMO.SS.20180717.POM.1","A00000019369","2018-07-17T17:40Z","2018-07-17T16:30Z",1000,1000,
"b0dfb98c-2798-49dd-96bb-c29127592a64","D13","COMO","COMO.AOS.S2","2018-07-23T16:45Z","COMO.SS.20180723",,"Sample condition ok","COMO.SS.20180723.H2O.1","A00000019353","Sample condition ok","COMO.SS.20180723.POM.2","A00000019336","Sample condition ok","COMO.SS.20180723.POM.1","A00000019335","2018-07-23T16:45Z","2018-07-23T16:48Z",750,750,
