uid,domainID,siteID,namedLocation,decimalLatitude,decimalLongitude,coordinateUncertainty,additionalCoordUncertainty,elevation,elevationUncertainty,geodeticDatum,altLocation,altLatitude,altLongitude,altCoordinateUncertainty,altGeodeticDatum,collectDate,aquaticSiteType,samplingImpractical,parentSampleID,parentSampleCode,eventID,samplerType,dissolvedOxygen,dissolvedOxygenSaturation,specificConductance,waterTemp,asiSamplingProtocolVersion,lowerSegmentDepth,upperSegmentDepth,maxDepth,lakeSampleDepth1,lakeSampleDepth2,aCollectedBy,bCollectedBy,remarks,fieldDataQF
"662b68a7-81a1-4a59-9d69-0443f4cb344d","D05","CRAM","CRAM.AOS.outlet",46.211998,-89.474475,0.1,10.0,511.8,0.1,"WGS84",,,,,,"2015-08-04T16:45Z","lake",,"CRAM.OT.20150804",,"CRAM.20150804","Kemmerer",,,,,"NEON.DOC.001886vB",,,,0.5,,"jhudson@neoninc.org","cslemmons@neoninc.org","Did not have multiprobe to collect in situ data. Did not collect depths. Did not filter PCN.",
"d22e826c-4078-43ea-aa3d-4e43ebf0aace","D05","CRAM","CRAM.AOS.inlet",46.207952,-89.476174,0.1,10.0,511.7,0.1,"WGS84",,,,,,"2015-08-04T18:30Z","lake",,"CRAM.IN.20150804",,"CRAM.20150804","Kemmerer",8.50,105.00,15.10,22.70,"NEON.DOC.001886vB",,,,0.5,,"jhudson@neoninc.org","cslemmons@neoninc.org","Did not collect depth. Did not filter PCN.",
"7ee3207b-1a37-43fe-9190-2f51ba027482","D05","CRAM","CRAM.AOS.buoy.c1",46.210592,-89.476861,10.0,10.0,509.0,10.0,"WGS84",,,,,,"2015-08-04T19:45Z","lake",,"CRAM.C1.20150804",,"CRAM.20150804","Kemmerer",8.00,98.00,15.10,22.50,"NEON.DOC.001886vB",4.0,0.0,16.0,0.5,,"jhudson@neoninc.org","cslemmons@neoninc.org","PCN not collected",
"854a270a-51c0-4da7-adf8-ca5c4866ff63","D05","CRAM","CRAM.AOS.buoy.c2",46.210592,-89.476861,10.0,10.0,509.0,10.0,"WGS84",,,,,,"2015-08-04T20:15Z","lake",,"CRAM.C2.20150804",,"CRAM.20150804","Kemmerer",0.20,2.00,21.60,5.20,"NEON.DOC.001886vB",16.0,8.5,16.0,11.0,14.0,"jhudson@neoninc.org","cslemmons@neoninc.org","PCN not collected| Samples collected at 11.0 and 14.0 meters and integrated",
