uid,domainID,siteID,namedLocation,collectDate,parentSampleID,parentSampleCode,isotopeH2OSampleCond,isotopeH2OSampleID,isotopeH2OSampleCode,isotopePOMRep2SampleCond,isotopePOMRep2SampleID,isotopePOMRep2SampleCode,isotopePOMSampleCond,isotopePOMSampleID,isotopePOMSampleCode,processedDateFilters,processedDateH2OIsotopes,sampleVolumeFilteredPOMRep1,sampleVolumeFilteredPOMRep2,fieldDataQF
"0c5f74f5-f2b8-412b-bfe9-0507ffba26e6","D05","CRAM","CRAM.AOS.outlet","2015-08-04T16:45Z","CRAM.OT.20150804",,,"CRAM.OT.20150804.H2O.1",,,"CRAM.OT.20150804.POM.2",,,"CRAM.OT.20150804.POM.1",,"2015-08-04T22:50Z","2015-08-04T22:30Z",250,250,
"473e30bd-8339-40f7-91c3-e903e2cf1048","D05","CRAM","CRAM.AOS.inlet","2015-08-04T18:30Z","CRAM.IN.20150804",,,"CRAM.IN.20150804.H2O.1",,,"CRAM.IN.20150804.POM.2",,,"CRAM.IN.20150804.POM.1",,"2015-08-04T22:10Z","2015-08-04T21:45Z",250,250,
"8297d7be-d19a-4d45-be15-c51bf27c1b59","D05","CRAM","CRAM.AOS.buoy.c1","2015-08-04T19:45Z","CRAM.C1.20150804",,,"CRAM.C1.20150804.H2O.1",,,"CRAM.C1.20150804.POM.2",,,"CRAM.C1.20150804.POM.1",,"2015-08-04T21:45Z","2015-08-04T22:00Z",300,300,
"aaafe6e7-b7f4-4188-b43e-b0fabe05b21e","D05","CRAM","CRAM.AOS.buoy.c2","2015-08-04T20:15Z","CRAM.C2.20150804",,,"CRAM.C2.20150804.H2O.1",,,"CRAM.C2.20150804.POM.2",,,"CRAM.C2.20150804.POM.1",,"2015-08-04T21:45Z","2015-08-04T22:15Z",200,200,
