uid,domainID,siteID,namedLocation,collectDate,sampleID,sampleCode,sampleCondition,laboratoryName,analysisDate,analyzedBy,sampleType,replicate,sampleVolumeFiltered,filterSize,percentFilterAnalyzed,analyte,analyteConcentration,plantAlgaeLabUnits,method,externalRemarks,externalLabDataQF
"8f6499cf-f273-410c-abfa-59f66482dfc0","D05","CRAM","CRAM.AOS.outlet","2015-08-04","CRAM.OT.20150804.POM.1",,"condition ok","Academy of Natural Sciences of Drexel University","2016-09-13","OKgcKejxXbI=","13C15N","1",250,25,100,"d15N",0.50,"perMill",,,"Audit Failed. Document: A00036_DREX_AlgalChem_DocAudit_20170407.pdf & A00036_DREX_AlgalChem_VisitAudit_20170407.pdf"
"f482c4a6-6005-45c2-9687-139a0028af4f","D05","CRAM","CRAM.AOS.outlet","2015-08-04","CRAM.OT.20150804.POM.1",,"condition ok","Academy of Natural Sciences of Drexel University","2016-09-13","OKgcKejxXbI=","13C15N","1",250,25,100,"d13C",-31.04,"perMill",,,"Audit Failed. Document: A00036_DREX_AlgalChem_DocAudit_20170407.pdf & A00036_DREX_AlgalChem_VisitAudit_20170407.pdf"
"c7076f92-53a6-483a-afdb-1f0b8e7d2fe7","D05","CRAM","CRAM.AOS.outlet","2015-08-04","CRAM.OT.20150804.POM.2",,"condition ok","Academy of Natural Sciences of Drexel University","2017-01-17","OKgcKejxXbI=","13C15N","2",250,25,100,"d13C",-29.94,"perMill",,,"Audit Failed. Document: A00036_DREX_AlgalChem_DocAudit_20170407.pdf & A00036_DREX_AlgalChem_VisitAudit_20170407.pdf"
"0a23d217-f5bd-4036-8f2e-be8846d54922","D05","CRAM","CRAM.AOS.outlet","2015-08-04","CRAM.OT.20150804.POM.2",,"condition ok","Academy of Natural Sciences of Drexel University","2017-01-17","OKgcKejxXbI=","13C15N","2",250,25,100,"d15N",0.12,"perMill",,,"Audit Failed. Document: A00036_DREX_AlgalChem_DocAudit_20170407.pdf & A00036_DREX_AlgalChem_VisitAudit_20170407.pdf"
"ed4bc9a5-5706-4c5d-99e5-516142e572ad","D05","CRAM","CRAM.AOS.outlet","2015-08-04","CRAM.OT.20150804.POM.2",,"condition ok","Academy of Natural Sciences of Drexel University","2017-01-17","OKgcKejxXbI=","13C15N","2",,,100,"d15N",0.12,"perMill",,,
"0646dc36-87eb-4bbd-b290-590647c2ea8f","D05","CRAM","CRAM.AOS.outlet","2015-08-04","CRAM.OT.20150804.POM.1",,"condition ok","Academy of Natural Sciences of Drexel University","2016-09-13","OKgcKejxXbI=","13C15N","1",,,100,"d15N",0.50,"perMill",,,
"39202ab5-dd83-4ad1-9aed-631f5fd93969","D05","CRAM","CRAM.AOS.outlet","2015-08-04","CRAM.OT.20150804.POM.2",,"condition ok","Academy of Natural Sciences of Drexel University","2017-01-17","OKgcKejxXbI=","13C15N","2",,,100,"d13C",-29.94,"perMill",,,
"c8d7c78f-db41-49b4-86aa-2843bb5b490a","D05","CRAM","CRAM.AOS.outlet","2015-08-04","CRAM.OT.20150804.POM.1",,"condition ok","Academy of Natural Sciences of Drexel University","2016-09-13","OKgcKejxXbI=","13C15N","1",,,100,"d13C",-31.04,"perMill",,,
"1a799546-0ffb-4e7a-a9c7-19eb2c6327a8","D05","CRAM","CRAM.AOS.inlet","2015-08-04","CRAM.IN.20150804.POM.2",,"condition ok","Academy of Natural Sciences of Drexel University","2017-01-17","OKgcKejxXbI=","13C15N","2",250,25,100,"d15N",0.28,"perMill",,,"Audit Failed. Document: A00036_DREX_AlgalChem_DocAudit_20170407.pdf & A00036_DREX_AlgalChem_VisitAudit_20170407.pdf"
"326b4af2-c6be-4151-b974-30bf94a8381e","D05","CRAM","CRAM.AOS.inlet","2015-08-04","CRAM.IN.20150804.POM.2",,"condition ok","Academy of Natural Sciences of Drexel University","2017-01-17","OKgcKejxXbI=","13C15N","2",250,25,100,"d13C",-30.43,"perMill",,,"Audit Failed. Document: A00036_DREX_AlgalChem_DocAudit_20170407.pdf & A00036_DREX_AlgalChem_VisitAudit_20170407.pdf"
"efa97561-e469-4aaf-9a1e-bf01a56e8de4","D05","CRAM","CRAM.AOS.inlet","2015-08-04","CRAM.IN.20150804.POM.1",,"condition ok","Academy of Natural Sciences of Drexel University","2016-09-13","OKgcKejxXbI=","13C15N","1",250,25,100,"d15N",0.66,"perMill",,,"Audit Failed. Document: A00036_DREX_AlgalChem_DocAudit_20170407.pdf & A00036_DREX_AlgalChem_VisitAudit_20170407.pdf"
"df8563d1-972f-4b66-aebb-ea57704e86fc","D05","CRAM","CRAM.AOS.inlet","2015-08-04","CRAM.IN.20150804.POM.1",,"condition ok","Academy of Natural Sciences of Drexel University","2016-09-13","OKgcKejxXbI=","13C15N","1",,,100,"d15N",0.66,"perMill",,,
"d8eb5423-56b0-48fb-bfd5-4e39013147a3","D05","CRAM","CRAM.AOS.inlet","2015-08-04","CRAM.IN.20150804.POM.2",,"condition ok","Academy of Natural Sciences of Drexel University","2017-01-17","OKgcKejxXbI=","13C15N","2",,,100,"d15N",0.28,"perMill",,,
"bac72fc4-3264-4384-a738-24a9bdf7bd83","D05","CRAM","CRAM.AOS.inlet","2015-08-04","CRAM.IN.20150804.POM.2",,"condition ok","Academy of Natural Sciences of Drexel University","2017-01-17","OKgcKejxXbI=","13C15N","2",,,100,"d13C",-30.43,"perMill",,,
"fd8ad8d8-24bc-445d-b10b-40baeb7e877f","D05","CRAM","CRAM.AOS.inlet","2015-08-04","CRAM.IN.20150804.POM.1",,"condition ok","Academy of Natural Sciences of Drexel University","2016-09-13","OKgcKejxXbI=","13C15N","1",,,100,"d13C",-30.48,"perMill",,,
"06fdbe4b-5894-4117-9f61-c4e763ad420d","D05","CRAM","CRAM.AOS.inlet","2015-08-04","CRAM.IN.20150804.POM.1",,"condition ok","Academy of Natural Sciences of Drexel University","2016-09-13","OKgcKejxXbI=","13C15N","1",250,25,100,"d13C",-30.48,"perMill",,,"Audit Failed. Document: A00036_DREX_AlgalChem_DocAudit_20170407.pdf & A00036_DREX_AlgalChem_VisitAudit_20170407.pdf"
"3b9889ea-cad9-4e53-aacf-8f0a9ba3c96b","D05","CRAM","CRAM.AOS.buoy.c1","2015-08-04","CRAM.C1.20150804.POM.2",,"condition ok","Academy of Natural Sciences of Drexel University","2017-01-17","OKgcKejxXbI=","13C15N","2",300,25,100,"d13C",-30.59,"perMill",,,"Audit Failed. Document: A00036_DREX_AlgalChem_DocAudit_20170407.pdf & A00036_DREX_AlgalChem_VisitAudit_20170407.pdf"
"bb02d2ce-f09c-4ef3-8b5f-2d57bb611aa0","D05","CRAM","CRAM.AOS.buoy.c1","2015-08-04","CRAM.C1.20150804.POM.2",,"condition ok","Academy of Natural Sciences of Drexel University","2017-01-17","OKgcKejxXbI=","13C15N","2",300,25,100,"d15N",1.05,"perMill",,,"Audit Failed. Document: A00036_DREX_AlgalChem_DocAudit_20170407.pdf & A00036_DREX_AlgalChem_VisitAudit_20170407.pdf"
"3193d2c6-3ee8-4cda-bf99-2b64309a8b66","D05","CRAM","CRAM.AOS.buoy.c1","2015-08-04","CRAM.C1.20150804.POM.1",,"condition ok","Academy of Natural Sciences of Drexel University","2016-09-13","OKgcKejxXbI=","13C15N","1",300,25,100,"d15N",-0.19,"perMill",,,"Audit Failed. Document: A00036_DREX_AlgalChem_DocAudit_20170407.pdf & A00036_DREX_AlgalChem_VisitAudit_20170407.pdf"
"2c8eabde-ffb7-416d-a689-18f17f515c6d","D05","CRAM","CRAM.AOS.buoy.c1","2015-08-04","CRAM.C1.20150804.POM.1",,"condition ok","Academy of Natural Sciences of Drexel University","2016-09-13","OKgcKejxXbI=","13C15N","1",300,25,100,"d13C",-30.68,"perMill",,,"Audit Failed. Document: A00036_DREX_AlgalChem_DocAudit_20170407.pdf & A00036_DREX_AlgalChem_VisitAudit_20170407.pdf"
"67d2ec8c-01ba-485d-b3a2-957ee5edd55f","D05","CRAM","CRAM.AOS.buoy.c1","2015-08-04","CRAM.C1.20150804.POM.2",,"condition ok","Academy of Natural Sciences of Drexel University","2017-01-17","OKgcKejxXbI=","13C15N","2",,,100,"d13C",-30.59,"perMill",,,
"6abe2d03-249d-4954-a705-1859ee71629c","D05","CRAM","CRAM.AOS.buoy.c1","2015-08-04","CRAM.C1.20150804.POM.2",,"condition ok","Academy of Natural Sciences of Drexel University","2017-01-17","OKgcKejxXbI=","13C15N","2",,,100,"d15N",1.05,"perMill",,,
"dc3f2e30-6521-4f24-bf68-118108dd535d","D05","CRAM","CRAM.AOS.buoy.c1","2015-08-04","CRAM.C1.20150804.POM.1",,"condition ok","Academy of Natural Sciences of Drexel University","2016-09-13","OKgcKejxXbI=","13C15N","1",,,100,"d13C",-30.68,"perMill",,,
"bd8c02a7-faf3-466c-b3f2-f096425ae639","D05","CRAM","CRAM.AOS.buoy.c1","2015-08-04","CRAM.C1.20150804.POM.1",,"condition ok","Academy of Natural Sciences of Drexel University","2016-09-13","OKgcKejxXbI=","13C15N","1",,,100,"d15N",-0.19,"perMill",,,
"96bfda75-301f-45ef-b854-2860f177b205","D05","CRAM","CRAM.AOS.buoy.c2","2015-08-04","CRAM.C2.20150804.POM.2",,"condition ok","Academy of Natural Sciences of Drexel University","2017-01-17","OKgcKejxXbI=","13C15N","2",200,25,100,"d13C",-34.18,"perMill",,,"Audit Failed. Document: A00036_DREX_AlgalChem_DocAudit_20170407.pdf & A00036_DREX_AlgalChem_VisitAudit_20170407.pdf"
"16945687-2d97-40be-9913-53f798cd9888","D05","CRAM","CRAM.AOS.buoy.c2","2015-08-04","CRAM.C2.20150804.POM.1",,"condition ok","Academy of Natural Sciences of Drexel University","2016-09-13","OKgcKejxXbI=","13C15N","1",200,25,100,"d13C",-34.67,"perMill",,,"Audit Failed. Document: A00036_DREX_AlgalChem_DocAudit_20170407.pdf & A00036_DREX_AlgalChem_VisitAudit_20170407.pdf"
"e8853920-486f-465a-be22-ceec6f6227c4","D05","CRAM","CRAM.AOS.buoy.c2","2015-08-04","CRAM.C2.20150804.POM.2",,"condition ok","Academy of Natural Sciences of Drexel University","2017-01-17","OKgcKejxXbI=","13C15N","2",200,25,100,"d15N",-4.11,"perMill",,,"Audit Failed. Document: A00036_DREX_AlgalChem_DocAudit_20170407.pdf & A00036_DREX_AlgalChem_VisitAudit_20170407.pdf"
"2eb954e6-e31c-4704-8dda-b113cebd6ed9","D05","CRAM","CRAM.AOS.buoy.c2","2015-08-04","CRAM.C2.20150804.POM.1",,"condition ok","Academy of Natural Sciences of Drexel University","2016-09-13","OKgcKejxXbI=","13C15N","1",200,25,100,"d15N",-4.12,"perMill",,,"Audit Failed. Document: A00036_DREX_AlgalChem_DocAudit_20170407.pdf & A00036_DREX_AlgalChem_VisitAudit_20170407.pdf"
"5f77edb9-ba7a-47f2-80c3-6b768201a5c4","D05","CRAM","CRAM.AOS.buoy.c2","2015-08-04","CRAM.C2.20150804.POM.1",,"condition ok","Academy of Natural Sciences of Drexel University","2016-09-13","OKgcKejxXbI=","13C15N","1",,,100,"d15N",-4.12,"perMill",,,
"e8493f78-0afe-4939-a6b9-3ce82d981a44","D05","CRAM","CRAM.AOS.buoy.c2","2015-08-04","CRAM.C2.20150804.POM.2",,"condition ok","Academy of Natural Sciences of Drexel University","2017-01-17","OKgcKejxXbI=","13C15N","2",,,100,"d15N",-4.11,"perMill",,,
"8efa2bbf-8d9b-4bc1-91a0-2d239937a855","D05","CRAM","CRAM.AOS.buoy.c2","2015-08-04","CRAM.C2.20150804.POM.2",,"condition ok","Academy of Natural Sciences of Drexel University","2017-01-17","OKgcKejxXbI=","13C15N","2",,,100,"d13C",-34.18,"perMill",,,
"a04088f9-b6e9-48e9-93a2-8b7bbe4d166f","D05","CRAM","CRAM.AOS.buoy.c2","2015-08-04","CRAM.C2.20150804.POM.1",,"condition ok","Academy of Natural Sciences of Drexel University","2016-09-13","OKgcKejxXbI=","13C15N","1",,,100,"d13C",-34.67,"perMill",,,
