uid,domainID,siteID,namedLocation,collectDate,analysisDate,isotopeH2OSampleID,isotopeH2OSampleCode,instrumentSN,d18OWater,d2HWater,d18OsdWater,d2HsdWater,isotopeH2OExternalLabQF,laboratoryName,analyzedBy,sampleCondition,externalRemarks,externalLabDataQF
"d7262755-14ee-4d9c-aaee-d32e23a5eb2f","D05","CRAM","CRAM.AOS.outlet","2015-08-04","2016-09-07","CRAM.OT.20150804.H2O.1",,"HIDS2052",-4.39,-48.83,0.17,0.41,0,"SIRFER Lab at University of Utah","OlSmE6RRn5QQH8tvUHmK5i/poYiQr6sd","OK",,
"0b0dd9c5-de72-4262-b0f3-aaf3b392de1f","D05","CRAM","CRAM.AOS.inlet","2015-08-04","2016-09-07","CRAM.IN.20150804.H2O.1",,"HIDS2052",-4.58,-49.32,0.04,0.19,0,"SIRFER Lab at University of Utah","OlSmE6RRn5QQH8tvUHmK5i/poYiQr6sd","OK",,
"d4aa367e-1ae6-4c13-a396-9137636891c6","D05","CRAM","CRAM.AOS.buoy.c1","2015-08-04","2016-09-07","CRAM.C1.20150804.H2O.1",,"HIDS2052",-4.40,-48.96,0.16,0.29,0,"SIRFER Lab at University of Utah","OlSmE6RRn5QQH8tvUHmK5i/poYiQr6sd","OK",,
"71fef18a-02b5-46c0-8d8e-59c96832438e","D05","CRAM","CRAM.AOS.buoy.c2","2015-08-04","2016-09-07","CRAM.C2.20150804.H2O.1",,"HIDS2052",-5.23,-52.58,0.17,0.41,0,"SIRFER Lab at University of Utah","OlSmE6RRn5QQH8tvUHmK5i/poYiQr6sd","OK",,
