uid,domainID,siteID,namedLocation,decimalLatitude,decimalLongitude,coordinateUncertainty,additionalCoordUncertainty,elevation,elevationUncertainty,geodeticDatum,altLocation,altLatitude,altLongitude,altCoordinateUncertainty,altGeodeticDatum,collectDate,aquaticSiteType,samplingImpractical,parentSampleID,parentSampleCode,eventID,samplerType,dissolvedOxygen,dissolvedOxygenSaturation,specificConductance,waterTemp,asiSamplingProtocolVersion,lowerSegmentDepth,upperSegmentDepth,maxDepth,lakeSampleDepth1,lakeSampleDepth2,aCollectedBy,bCollectedBy,remarks,fieldDataQF
"d085d538-1976-4f37-a658-b453eedd9356","D19","CARI","CARI.AOS.S2",65.153073,-147.501999,0.1,10.0,225.4,0.0,"WGS84",,,,,,"2018-10-03T19:56Z","stream",,"CARI.SS.20181003",,"CARI.20181003","Grab",14.00,101.00,73.70,0.60,"NEON.DOC.001886vF",,,,,,"jcelmer@battelleecology.org","jjohnson@battelleecology.org",,
"a5258b9f-f2c6-4d81-8328-1c4a81c6f536","D19","CARI","CARI.AOS.S2",65.153073,-147.501999,0.1,10.0,225.4,0.0,"WGS84",,,,,,"2018-10-10T20:10Z","stream",,"CARI.SS.20181010",,"CARI.20181010","Grab",14.50,103.00,78.30,0.00,"NEON.DOC.001886vF",,,,,,"jmonroe@battelleecology.org","jcelmer@battelleecology.org",,
"6ed5bc84-1007-4f4b-8f00-c820f9060ecd","D19","CARI","CARI.AOS.S2",65.153073,-147.501999,0.1,10.0,225.4,0.0,"WGS84",,,,,,"2018-10-17T18:09Z","stream",,"CARI.SS.20181017",,"CARI.20181017","Grab",13.30,96.00,80.50,0.80,"NEON.DOC.001886vF",,,,,,"tsurgener@battelleecology.org","lpetrauski@battelleecology.org",,
"760d268c-622c-4263-836a-078fa7e73119","D19","CARI","CARI.AOS.S2",65.153073,-147.501999,0.1,10.0,225.4,0.0,"WGS84",,,,,,"2018-10-23T18:57Z","stream",,"CARI.SS.20181023",,"CARI.20181023","Grab",14.20,103.00,85.30,0.30,"NEON.DOC.001886vF",,,,,,"jmonroe@battelleecology.org","sebeler@battelleecology.org",,
