uid,domainID,siteID,namedLocation,collectDate,sampleID,sampleCode,sampleCondition,laboratoryName,analysisDate,analyzedBy,sampleType,replicate,sampleVolumeFiltered,filterSize,percentFilterAnalyzed,analyte,analyteConcentration,plantAlgaeLabUnits,method,externalRemarks,externalLabDataQF
"0cbe8c25-f9d8-4108-8f6d-7a8e69e70422","D19","CARI","CARI.AOS.S2","2018-10-03","CARI.SS.20181003.POM.1","A00000065010","condition ok","SIRFER Lab at University of Utah","2019-01-20","ElFtGy1kV49xqNP00HfxQA==","POM","1",750,25,100,"nitrogen",9.90,"microgramsPerLiter","Revesz & Coplen 2012a",,
"33158721-5486-41df-8837-1ec9f0c8937a","D19","CARI","CARI.AOS.S2","2018-10-03","CARI.SS.20181003.POM.1","A00000065010","condition ok","SIRFER Lab at University of Utah","2019-01-20","ElFtGy1kV49xqNP00HfxQA==","POM","1",750,25,100,"d15N",-0.57,"perMill","Revesz & Coplen 2012a",,
"d9e8b584-6441-4307-8cb7-aa48f090904c","D19","CARI","CARI.AOS.S2","2018-10-03","CARI.SS.20181003.POM.1","A00000065010","condition ok","SIRFER Lab at University of Utah","2019-01-20","ElFtGy1kV49xqNP00HfxQA==","POM","1",750,25,100,"carbon",186.78,"microgramsPerLiter","Revesz & Coplen 2012a",,
"6cfa53cf-e4c8-4941-be41-c57503be5c94","D19","CARI","CARI.AOS.S2","2018-10-03","CARI.SS.20181003.POM.1","A00000065010","condition ok","SIRFER Lab at University of Utah","2019-01-20","ElFtGy1kV49xqNP00HfxQA==","POM","1",750,25,100,"d13C",-33.60,"perMill","Revesz & Coplen 2012a",,
"ae32ceb7-3991-49dc-aec9-69edf54e13bc","D19","CARI","CARI.AOS.S2","2018-10-10","CARI.SS.20181010.POM.1","A00000065075","condition ok","SIRFER Lab at University of Utah","2019-01-20","ElFtGy1kV49xqNP00HfxQA==","POM","1",750,25,100,"carbon",171.35,"microgramsPerLiter","Revesz & Coplen 2012a",,
"1050332d-ec1d-4420-8d0f-e3dcfe2a45ea","D19","CARI","CARI.AOS.S2","2018-10-10","CARI.SS.20181010.POM.1","A00000065075","condition ok","SIRFER Lab at University of Utah","2019-01-20","ElFtGy1kV49xqNP00HfxQA==","POM","1",750,25,100,"d13C",-27.53,"perMill","Revesz & Coplen 2012a",,
"72c0f750-ead8-46c4-bdaf-a0157e350d82","D19","CARI","CARI.AOS.S2","2018-10-10","CARI.SS.20181010.POM.1","A00000065075","condition ok","SIRFER Lab at University of Utah","2019-01-20","ElFtGy1kV49xqNP00HfxQA==","POM","1",750,25,100,"nitrogen",14.97,"microgramsPerLiter","Revesz & Coplen 2012a",,
"0c543c90-4b62-477f-b7be-9f5921b90e7b","D19","CARI","CARI.AOS.S2","2018-10-10","CARI.SS.20181010.POM.1","A00000065075","condition ok","SIRFER Lab at University of Utah","2019-01-20","ElFtGy1kV49xqNP00HfxQA==","POM","1",750,25,100,"d15N",3.48,"perMill","Revesz & Coplen 2012a",,
"a8b7b317-1fb1-4d90-a9b4-a3ea4ea5c66e","D19","CARI","CARI.AOS.S2","2018-10-17","CARI.SS.20181017.POM.1","A00000065086","condition ok","SIRFER Lab at University of Utah","2019-01-20","ElFtGy1kV49xqNP00HfxQA==","POM","1",1000,25,100,"d15N",0.99,"perMill","Revesz & Coplen 2012a",,
"f8291d08-dd4d-42f7-b993-892cbf70ecb8","D19","CARI","CARI.AOS.S2","2018-10-17","CARI.SS.20181017.POM.1","A00000065086","condition ok","SIRFER Lab at University of Utah","2019-01-20","ElFtGy1kV49xqNP00HfxQA==","POM","1",1000,25,100,"carbon",211.48,"microgramsPerLiter","Revesz & Coplen 2012a",,
"53c589fb-4c90-4502-a957-246914b8600c","D19","CARI","CARI.AOS.S2","2018-10-17","CARI.SS.20181017.POM.1","A00000065086","condition ok","SIRFER Lab at University of Utah","2019-01-20","ElFtGy1kV49xqNP00HfxQA==","POM","1",1000,25,100,"nitrogen",10.46,"microgramsPerLiter","Revesz & Coplen 2012a",,
"074d9bd9-ab62-4ab2-9a19-83973eb02d9c","D19","CARI","CARI.AOS.S2","2018-10-17","CARI.SS.20181017.POM.1","A00000065086","condition ok","SIRFER Lab at University of Utah","2019-01-20","ElFtGy1kV49xqNP00HfxQA==","POM","1",1000,25,100,"d13C",-33.68,"perMill","Revesz & Coplen 2012a",,
"b381a4e9-4dd7-4b11-8bd8-9c916eea534a","D19","CARI","CARI.AOS.S2","2018-10-23","CARI.SS.20181023.POM.1","A00000065101","condition ok","SIRFER Lab at University of Utah","2019-01-20","ElFtGy1kV49xqNP00HfxQA==","POM","1",750,25,100,"nitrogen",23.83,"microgramsPerLiter","Revesz & Coplen 2012a",,
"0f3736b3-3138-4283-ad2b-7442067d6d28","D19","CARI","CARI.AOS.S2","2018-10-23","CARI.SS.20181023.POM.1","A00000065101","condition ok","SIRFER Lab at University of Utah","2019-01-20","ElFtGy1kV49xqNP00HfxQA==","POM","1",750,25,100,"carbon",320.81,"microgramsPerLiter","Revesz & Coplen 2012a",,
"0a60bb2f-db49-4c99-bad4-cdc4adfc945a","D19","CARI","CARI.AOS.S2","2018-10-23","CARI.SS.20181023.POM.1","A00000065101","condition ok","SIRFER Lab at University of Utah","2019-01-20","ElFtGy1kV49xqNP00HfxQA==","POM","1",750,25,100,"d13C",-27.45,"perMill","Revesz & Coplen 2012a",,
"94ff1f78-ace5-40dc-924d-81cd0c2c0705","D19","CARI","CARI.AOS.S2","2018-10-23","CARI.SS.20181023.POM.1","A00000065101","condition ok","SIRFER Lab at University of Utah","2019-01-20","ElFtGy1kV49xqNP00HfxQA==","POM","1",750,25,100,"d15N",-2.70,"perMill","Revesz & Coplen 2012a",,
