uid,domainID,siteID,namedLocation,collectDate,parentSampleID,parentSampleCode,isotopeH2OSampleCond,isotopeH2OSampleID,isotopeH2OSampleCode,isotopePOMRep2SampleCond,isotopePOMRep2SampleID,isotopePOMRep2SampleCode,isotopePOMSampleCond,isotopePOMSampleID,isotopePOMSampleCode,processedDateFilters,processedDateH2OIsotopes,sampleVolumeFilteredPOMRep1,sampleVolumeFilteredPOMRep2,fieldDataQF
"2466ce66-3f0a-438c-bea9-b1385b162224","D19","CARI","CARI.AOS.S2","2018-10-03T19:56Z","CARI.SS.20181003",,"Sample condition ok","CARI.SS.20181003.H2O.1","A00000065011","Sample condition ok","CARI.SS.20181003.POM.2","A00000065009","Sample condition ok","CARI.SS.20181003.POM.1","A00000065010",,,750,750,
"23be076c-8e32-4394-8971-d58733388f04","D19","CARI","CARI.AOS.S2","2018-10-10T20:10Z","CARI.SS.20181010",,"Sample condition ok","CARI.SS.20181010.H2O.1","A00000027457","Sample condition ok","CARI.SS.20181010.POM.2","A00000065074","Sample condition ok","CARI.SS.20181010.POM.1","A00000065075","2018-10-10T23:04Z","2018-10-10T22:58Z",750,750,
"9bd77d98-e593-45bd-be95-00d787e4e7dc","D19","CARI","CARI.AOS.S2","2018-10-17T18:09Z","CARI.SS.20181017",,"Sample condition ok","CARI.SS.20181017.H2O.1","A00000065081","Sample condition ok","CARI.SS.20181017.POM.2","A00000065087","Sample condition ok","CARI.SS.20181017.POM.1","A00000065086","2018-10-17T21:01Z","2018-10-17T21:01Z",1000,1000,
"c3c3f3e8-bae1-4dd3-b3b4-7ed31d404ee5","D19","CARI","CARI.AOS.S2","2018-10-23T18:57Z","CARI.SS.20181023",,"Sample condition ok","CARI.SS.20181023.H2O.1","A00000027474","Sample condition ok","CARI.SS.20181023.POM.2","A00000065100","Sample condition ok","CARI.SS.20181023.POM.1","A00000065101","2018-10-23T22:01Z","2018-10-23T22:00Z",750,750,
