uid,domainID,siteID,namedLocation,collectDate,analysisDate,isotopeH2OSampleID,isotopeH2OSampleCode,instrumentSN,d18OWater,d2HWater,d18OsdWater,d2HsdWater,isotopeH2OExternalLabQF,laboratoryName,analyzedBy,sampleCondition,externalRemarks,externalLabDataQF
"f76f0d33-200d-4325-bfe4-ea7d31230755","D19","CARI","CARI.AOS.S2","2018-10-03","2018-10-25","CARI.SS.20181003.H2O.1","A00000065011","HIDS2052",-19.14,-148.50,0.02,0.05,0,"SIRFER Lab at University of Utah","OlSmE6RRn5QQH8tvUHmK5i/poYiQr6sd","OK",,
"d750df9f-688c-4fec-ae24-0226f7f8fb0f","D19","CARI","CARI.AOS.S2","2018-10-10","2019-01-14","CARI.SS.20181010.H2O.1","A00000027457","HIDS2052",-19.11,-148.06,0.04,0.17,0,"SIRFER Lab at University of Utah","OlSmE6RRn5QQH8tvUHmK5i/poYiQr6sd","Sample Damaged or Lost","Loose cap vial leaked",
"d1432c46-515c-4a1e-8deb-9a1ea14de59b","D19","CARI","CARI.AOS.S2","2018-10-17","2019-01-14","CARI.SS.20181017.H2O.1","A00000065081","HIDS2052",-18.86,-146.87,0.05,0.36,0,"SIRFER Lab at University of Utah","OlSmE6RRn5QQH8tvUHmK5i/poYiQr6sd","Sample Damaged or Lost","Loose cap vial leaked",
"74dcd8cd-04f8-4f72-9b4e-441aa6e942cd","D19","CARI","CARI.AOS.S2","2018-10-23","2019-01-14","CARI.SS.20181023.H2O.1","A00000027474","HIDS2052",-19.07,-147.92,0.04,0.28,0,"SIRFER Lab at University of Utah","OlSmE6RRn5QQH8tvUHmK5i/poYiQr6sd","Sample Damaged or Lost","Loose cap vial leaked",
