uid,domainID,siteID,namedLocation,decimalLatitude,decimalLongitude,coordinateUncertainty,additionalCoordUncertainty,elevation,elevationUncertainty,geodeticDatum,altLocation,altLatitude,altLongitude,altCoordinateUncertainty,altGeodeticDatum,collectDate,aquaticSiteType,samplingImpractical,parentSampleID,parentSampleCode,eventID,samplerType,dissolvedOxygen,dissolvedOxygenSaturation,specificConductance,waterTemp,asiSamplingProtocolVersion,lowerSegmentDepth,upperSegmentDepth,maxDepth,lakeSampleDepth1,lakeSampleDepth2,aCollectedBy,bCollectedBy,remarks,fieldDataQF
"3c7d18d9-1685-4460-893b-5af1c442bd96","D05","CRAM","CRAM.AOS.outlet",46.211998,-89.474475,0.1,10.0,511.8,0.1,"WGS84",,,,,,"2016-06-07T14:45Z","lake",,"CRAM.OT.20160607",,"CRAM.20160607","Kemmerer",8.50,93.00,13.50,17.00,"NEON.DOC.001886vD",1.3,0.0,1.3,0.5,,"jhudson@neoninc.org","ekrulc@field-ops.org","PCN not collected",
"33acba01-df11-4444-bd12-b4c07fc34784","D05","CRAM","CRAM.AOS.inlet",46.207952,-89.476174,0.1,10.0,511.7,0.1,"WGS84",,,,,,"2016-06-07T16:06Z","lake",,"CRAM.IN.20160607",,"CRAM.20160607","Kemmerer",8.80,98.00,14.30,17.30,"NEON.DOC.001886vD",1.6,0.0,1.6,0.5,,"jhudson@neoninc.org","ekrulc@field-ops.org","PCN not collected",
"cb0a7751-d48f-4610-b313-fa68d43674cc","D05","CRAM","CRAM.AOS.buoy.c1",46.210592,-89.476861,10.0,10.0,509.0,10.0,"WGS84",,,,,,"2016-06-07T18:40Z","lake",,"CRAM.C1.20160607",,"CRAM.20160607","Kemmerer",9.10,101.00,14.10,17.60,"NEON.DOC.001886vD",2.5,0.0,15.9,0.5,,"jhudson@neoninc.org","ekrulc@field-ops.org","PCN not collected",
"2c02c209-2ab2-4410-8b48-c11c9b444426","D05","CRAM","CRAM.AOS.buoy.c2",46.210592,-89.476861,10.0,10.0,509.0,10.0,"WGS84",,,,,,"2016-06-07T19:03Z","lake",,"CRAM.C2.20160607",,"CRAM.20160607","Kemmerer",4.70,39.00,16.30,5.10,"NEON.DOC.001886vD",15.9,7.5,15.9,9.6,13.7,"jhudson@neoninc.org","ekrulc@field-ops.org","In-situ measurements taken at 12 meters. PCN not collected|Miscalculated metalimnion depth, samples should have been taken at 9.0 m and 13.5 m.|Miscalculated metalimnion depth, samples should have been taken at 9.0 m and 13.5 m.|Miscalculated metalimnion depth, samples should have been taken at 9.0 m and 13.5 m.",
