uid,domainID,siteID,namedLocation,collectDate,analysisDate,isotopeH2OSampleID,isotopeH2OSampleCode,instrumentSN,d18OWater,d2HWater,d18OsdWater,d2HsdWater,isotopeH2OExternalLabQF,laboratoryName,analyzedBy,sampleCondition,externalRemarks,externalLabDataQF
"bc51e1cc-2338-44c4-87e8-2fd676d7a62b","D05","CRAM","CRAM.AOS.outlet","2016-06-07","2016-09-07","CRAM.OT.20160607.H2O.1",,"HIDS2052",-5.20,-52.31,0.15,0.31,0,"SIRFER Lab at University of Utah","OlSmE6RRn5QQH8tvUHmK5i/poYiQr6sd","OK",,
"53c6461c-aa8b-40b6-b019-26761ea2f37a","D05","CRAM","CRAM.AOS.inlet","2016-06-07","2016-09-07","CRAM.IN.20160607.H2O.1",,"HIDS2052",-5.33,-52.67,0.01,0.04,0,"SIRFER Lab at University of Utah","OlSmE6RRn5QQH8tvUHmK5i/poYiQr6sd","OK",,
"5282758a-8ef9-4905-bfa2-ad82fd24649d","D05","CRAM","CRAM.AOS.buoy.c1","2016-06-07","2016-09-07","CRAM.C1.20160607.H2O.1",,"HIDS2052",-4.97,-51.97,0.11,0.28,0,"SIRFER Lab at University of Utah","OlSmE6RRn5QQH8tvUHmK5i/poYiQr6sd","OK",,
"b351ac7c-a11a-42e1-aee4-da49f40cf4e6","D05","CRAM","CRAM.AOS.buoy.c2","2016-06-07","2016-09-07","CRAM.C2.20160607.H2O.1",,"HIDS2052",-5.33,-53.58,0.17,0.41,0,"SIRFER Lab at University of Utah","OlSmE6RRn5QQH8tvUHmK5i/poYiQr6sd","OK",,
