uid,domainID,siteID,namedLocation,collectDate,parentSampleID,parentSampleCode,isotopeH2OSampleCond,isotopeH2OSampleID,isotopeH2OSampleCode,isotopePOMRep2SampleCond,isotopePOMRep2SampleID,isotopePOMRep2SampleCode,isotopePOMSampleCond,isotopePOMSampleID,isotopePOMSampleCode,processedDateFilters,processedDateH2OIsotopes,sampleVolumeFilteredPOMRep1,sampleVolumeFilteredPOMRep2,fieldDataQF
"e5989fd6-31af-47c9-aca8-2178aae2fa8d","D05","CRAM","CRAM.AOS.outlet","2016-06-07T14:45Z","CRAM.OT.20160607",,,"CRAM.OT.20160607.H2O.1",,,"CRAM.OT.20160607.POM.2",,,"CRAM.OT.20160607.POM.1",,"2016-06-07T21:00Z","2016-06-07T15:10Z",350,350,
"1ea6bd31-e4ac-46d7-9c78-aff0059e8038","D05","CRAM","CRAM.AOS.inlet","2016-06-07T16:06Z","CRAM.IN.20160607",,,"CRAM.IN.20160607.H2O.1",,,"CRAM.IN.20160607.POM.2",,,"CRAM.IN.20160607.POM.1",,"2016-06-07T21:00Z","2016-06-07T16:30Z",350,350,
"91d051d9-d45d-4ab8-9969-e48b6f421d0a","D05","CRAM","CRAM.AOS.buoy.c1","2016-06-07T18:40Z","CRAM.C1.20160607",,,"CRAM.C1.20160607.H2O.1",,,"CRAM.C1.20160607.POM.2",,,"CRAM.C1.20160607.POM.1",,"2016-06-07T21:45Z","2016-06-07T22:40Z",350,350,
"d2b60dce-de5c-4ca6-a982-2542af6b6ea1","D05","CRAM","CRAM.AOS.buoy.c2","2016-06-07T19:03Z","CRAM.C2.20160607",,,"CRAM.C2.20160607.H2O.1",,,"CRAM.C2.20160607.POM.2",,,"CRAM.C2.20160607.POM.1",,"2016-06-07T22:34Z","2016-06-07T22:50Z",200,200,
