uid,domainID,siteID,namedLocation,collectDate,sampleID,sampleCode,sampleCondition,laboratoryName,analysisDate,analyzedBy,sampleType,replicate,sampleVolumeFiltered,filterSize,percentFilterAnalyzed,analyte,analyteConcentration,plantAlgaeLabUnits,method,externalRemarks,externalLabDataQF
"45bd549a-3122-49ae-9504-a0cce434b6d4","D05","CRAM","CRAM.AOS.outlet","2016-06-07","CRAM.OT.20160607.POM.1",,"other","Academy of Natural Sciences of Drexel University","2016-08-29","OKgcKejxXbI=","13C15N","1",,,100,"d15N",-2.43,"perMill",,"Difference in volume filtered, filters tinted blue",
"a8ed977b-0ad3-4b1a-9506-122bb86bdaaf","D05","CRAM","CRAM.AOS.outlet","2016-06-07","CRAM.OT.20160607.POM.2",,"other","Academy of Natural Sciences of Drexel University","2016-08-29","OKgcKejxXbI=","13C15N","2",,,100,"d13C",-31.17,"perMill",,"filter tinted blue",
"c2c6b452-0895-4a39-8d0d-9e786dc7d144","D05","CRAM","CRAM.AOS.outlet","2016-06-07","CRAM.OT.20160607.POM.1",,"other","Academy of Natural Sciences of Drexel University","2016-08-29","OKgcKejxXbI=","13C15N","2",,,100,"d13C",-32.28,"perMill",,"Difference in volume filtered, filters tinted blue",
"f900948f-dc20-427c-9c46-db0bfafb39b8","D05","CRAM","CRAM.AOS.outlet","2016-06-07","CRAM.OT.20160607.POM.2",,"other","Academy of Natural Sciences of Drexel University","2016-08-29","OKgcKejxXbI=","13C15N","1",,,100,"d15N",-2.37,"perMill",,"filter tinted blue",
"310c12b1-2678-4ee8-ba42-153c838e84f0","D05","CRAM","CRAM.AOS.inlet","2016-06-07","CRAM.IN.20160607.POM.2",,"other","Academy of Natural Sciences of Drexel University","2016-08-29","OKgcKejxXbI=","13C15N","2",,,100,"d13C",-31.64,"perMill",,"filter tinted blue",
"233d8af6-7aa6-4402-8afc-b33133a95ac1","D05","CRAM","CRAM.AOS.inlet","2016-06-07","CRAM.IN.20160607.POM.2",,"other","Academy of Natural Sciences of Drexel University","2016-08-29","OKgcKejxXbI=","13C15N","1",,,100,"d15N",-1.58,"perMill",,"filter tinted blue",
"e2791dab-1043-4c96-9c53-d5b0c4c1619c","D05","CRAM","CRAM.AOS.inlet","2016-06-07","CRAM.IN.20160607.POM.1",,"other","Academy of Natural Sciences of Drexel University","2016-08-29","OKgcKejxXbI=","13C15N","1",,,100,"d15N",-2.30,"perMill",,"filter tinted blue",
"e985b264-2565-435f-b97d-b00298794830","D05","CRAM","CRAM.AOS.inlet","2016-06-07","CRAM.IN.20160607.POM.1",,"other","Academy of Natural Sciences of Drexel University","2016-08-29","OKgcKejxXbI=","13C15N","2",,,100,"d13C",-35.17,"perMill",,"filter tinted blue",
"c7540c9c-6d32-403a-8660-51b2674375a2","D05","CRAM","CRAM.AOS.buoy.c1","2016-06-07","CRAM.C1.20160607.POM.1",,"other","Academy of Natural Sciences of Drexel University","2016-08-29","OKgcKejxXbI=","13C15N","2",,,100,"d13C",-33.96,"perMill",,"filter tinted blue",
"20096098-8f1d-41ec-ba7c-559d01fae01f","D05","CRAM","CRAM.AOS.buoy.c1","2016-06-07","CRAM.C1.20160607.POM.2",,"other","Academy of Natural Sciences of Drexel University","2016-08-29","OKgcKejxXbI=","13C15N","2",,,100,"d13C",-31.01,"perMill",,"filter tinted blue",
"489b1195-5868-42ac-8248-dea248cd87fe","D05","CRAM","CRAM.AOS.buoy.c1","2016-06-07","CRAM.C1.20160607.POM.1",,"other","Academy of Natural Sciences of Drexel University","2016-08-29","OKgcKejxXbI=","13C15N","1",,,100,"d15N",-1.67,"perMill",,"filter tinted blue",
"efe22038-f5ac-47c7-9f15-c94babf4ffb0","D05","CRAM","CRAM.AOS.buoy.c1","2016-06-07","CRAM.C1.20160607.POM.2",,"other","Academy of Natural Sciences of Drexel University","2016-08-29","OKgcKejxXbI=","13C15N","1",,,100,"d15N",-0.76,"perMill",,"filter tinted blue",
"18bbc459-1520-45be-a1f6-e7fad880c484","D05","CRAM","CRAM.AOS.buoy.c2","2016-06-07","CRAM.C2.20160607.POM.1",,"other","Academy of Natural Sciences of Drexel University","2016-08-29","OKgcKejxXbI=","13C15N","2",,,100,"d13C",-35.87,"perMill",,"filter tinted blue",
"dbd12073-448b-48ba-b289-cb83d0899c69","D05","CRAM","CRAM.AOS.buoy.c2","2016-06-07","CRAM.C2.20160607.POM.2",,"other","Academy of Natural Sciences of Drexel University","2016-08-29","OKgcKejxXbI=","13C15N","2",,,100,"d13C",-33.27,"perMill",,"filter tinted blue",
"23eb5020-a3eb-446f-885a-fed5a3ebcf54","D05","CRAM","CRAM.AOS.buoy.c2","2016-06-07","CRAM.C2.20160607.POM.2",,"other","Academy of Natural Sciences of Drexel University","2016-08-29","OKgcKejxXbI=","13C15N","1",,,100,"d15N",1.03,"perMill",,"filter tinted blue",
"c4721ee5-852d-4baa-ae0f-887a86c4ee10","D05","CRAM","CRAM.AOS.buoy.c2","2016-06-07","CRAM.C2.20160607.POM.1",,"other","Academy of Natural Sciences of Drexel University","2016-08-29","OKgcKejxXbI=","13C15N","1",,,100,"d15N",-1.04,"perMill",,"filter tinted blue",
