uid,domainID,siteID,namedLocation,collectDate,sampleID,sampleCode,sampleCondition,laboratoryName,analysisDate,analyzedBy,sampleType,replicate,sampleVolumeFiltered,filterSize,percentFilterAnalyzed,analyte,analyteConcentration,plantAlgaeLabUnits,method,externalRemarks,externalLabDataQF
"fc05041d-1d56-4c1e-b8fa-2af3d42c6fdc","D06","KING","KING.AOS.S2","2019-07-02","KING.SS.20190702.POM.1","A00000079723","condition ok","SIRFER Lab at University of Utah","2019-12-17","ElFtGy1kV49xqNP00HfxQA==","POM","1",2000,25,100,"carbon",,"microgramsPerLiter","Revesz & Coplen 2012a",,
"564662a0-59c1-478a-86d2-580964465029","D06","KING","KING.AOS.S2","2019-07-02","KING.SS.20190702.POM.1","A00000079723","condition ok","SIRFER Lab at University of Utah","2019-12-17","ElFtGy1kV49xqNP00HfxQA==","POM","1",2000,25,100,"d13C",,"perMill","Revesz & Coplen 2012a",,
"aea39981-0fbe-4e4d-b2ca-f51cbf211d13","D06","KING","KING.AOS.S2","2019-07-02","KING.SS.20190702.POM.1","A00000079723","condition ok","SIRFER Lab at University of Utah","2019-12-17","ElFtGy1kV49xqNP00HfxQA==","POM","1",2000,25,100,"nitrogen",,"microgramsPerLiter","Revesz & Coplen 2012a",,
"c32fc31d-061f-4c05-b8e4-5eb783012b1c","D06","KING","KING.AOS.S2","2019-07-02","KING.SS.20190702.POM.1","A00000079723","condition ok","SIRFER Lab at University of Utah","2019-12-17","ElFtGy1kV49xqNP00HfxQA==","POM","1",2000,25,100,"d15N",,"perMill","Revesz & Coplen 2012a",,
"f226a33a-9261-4bfc-9907-8377bb199056","D06","KING","KING.AOS.S2","2019-07-08","KING.SS.20190708.POM.1","A00000079719","condition ok","SIRFER Lab at University of Utah","2019-12-17","ElFtGy1kV49xqNP00HfxQA==","POM","1",2000,25,100,"nitrogen",,"microgramsPerLiter","Revesz & Coplen 2012a",,
"94286367-a09d-4bef-999f-8631c599dc4c","D06","KING","KING.AOS.S2","2019-07-08","KING.SS.20190708.POM.1","A00000079719","condition ok","SIRFER Lab at University of Utah","2019-12-17","ElFtGy1kV49xqNP00HfxQA==","POM","1",2000,25,100,"carbon",,"microgramsPerLiter","Revesz & Coplen 2012a",,
"0714f84c-b124-4fa1-becf-efbb90975f20","D06","KING","KING.AOS.S2","2019-07-08","KING.SS.20190708.POM.1","A00000079719","condition ok","SIRFER Lab at University of Utah","2019-12-17","ElFtGy1kV49xqNP00HfxQA==","POM","1",2000,25,100,"d13C",,"perMill","Revesz & Coplen 2012a",,
"1e4f3485-3eb3-41af-a755-5247e39682aa","D06","KING","KING.AOS.S2","2019-07-08","KING.SS.20190708.POM.1","A00000079719","condition ok","SIRFER Lab at University of Utah","2019-12-17","ElFtGy1kV49xqNP00HfxQA==","POM","1",2000,25,100,"d15N",,"perMill","Revesz & Coplen 2012a",,
