uid,domainID,siteID,namedLocation,collectDate,parentSampleID,parentSampleCode,isotopeH2OSampleCond,isotopeH2OSampleID,isotopeH2OSampleCode,isotopePOMRep2SampleCond,isotopePOMRep2SampleID,isotopePOMRep2SampleCode,isotopePOMSampleCond,isotopePOMSampleID,isotopePOMSampleCode,processedDateFilters,processedDateH2OIsotopes,sampleVolumeFilteredPOMRep1,sampleVolumeFilteredPOMRep2,fieldDataQF
"324ccee0-da60-4306-897d-7e2dfb15fd3f","D06","KING","KING.AOS.S2","2019-07-02T14:31Z","KING.SS.20190702",,"Sample condition ok","KING.SS.20190702.H2O.1","A00000079710","Sample condition ok","KING.SS.20190702.POM.2","A00000079724","Sample condition ok","KING.SS.20190702.POM.1","A00000079723","2019-07-02T15:40Z","2019-07-02T15:47Z",2000,2000,
"4ec75e31-e008-4a29-9eef-2bc28d6e764b","D06","KING","KING.AOS.S2","2019-07-08T14:57Z","KING.SS.20190708",,"Sample condition ok","KING.SS.20190708.H2O.1","A00000079721","Sample condition ok","KING.SS.20190708.POM.2","A00000079718","Sample condition ok","KING.SS.20190708.POM.1","A00000079719","2019-07-08T16:14Z","2019-07-08T15:59Z",2000,2000,
"127c0d86-441e-4698-a1e8-8ceeb2173a9a","D06","KING","KING.AOS.S2","2019-07-08T14:57Z","KING.SS.20190708",,"Sample condition ok","KING.SS.20190708.H2O.2","A00000079722",,,,,,,,"2019-07-08T16:07Z",,,
"02a93d17-b34e-41d2-8059-a5d2726bcf87","D06","KING","KING.AOS.S2","2019-07-16T14:45Z","KING.SS.20190716",,"Sample condition ok","KING.SS.20190716.H2O.1","A00000079767","Sample condition ok","KING.SS.20190716.POM.2","A00000079772","Sample condition ok","KING.SS.20190716.POM.1","A00000079771","2019-07-16T15:53Z","2019-07-16T15:56Z",2000,2000,
