uid,domainID,siteID,namedLocation,collectDate,analysisDate,isotopeH2OSampleID,isotopeH2OSampleCode,instrumentSN,d18OWater,d2HWater,d18OsdWater,d2HsdWater,isotopeH2OExternalLabQF,laboratoryName,analyzedBy,sampleCondition,externalRemarks,externalLabDataQF
"e0079ebf-34df-434f-b7db-d1f4c841b22b","D06","KING","KING.AOS.S2","2019-07-02","2019-07-29","KING.SS.20190702.H2O.1","A00000079710","HIDS2052",-6.24,-40.10,0.01,0.15,0,"SIRFER Lab at University of Utah","OlSmE6RRn5QQH8tvUHmK5i/poYiQr6sd","OK",,
"aea84b8f-e6cf-4dd9-b47e-64ae59263802","D06","KING","KING.AOS.S2","2019-07-08","2019-07-29","KING.SS.20190708.H2O.1","A00000079721","HIDS2052",-6.26,-40.11,0.02,0.11,0,"SIRFER Lab at University of Utah","OlSmE6RRn5QQH8tvUHmK5i/poYiQr6sd","OK",,
"14e34964-303c-43f8-a307-49f0b109d83c","D06","KING","KING.AOS.S2","2019-07-08","2019-07-29","KING.SS.20190708.H2O.2","A00000079722","HIDS2052",-6.30,-40.04,0.03,0.20,0,"SIRFER Lab at University of Utah","OlSmE6RRn5QQH8tvUHmK5i/poYiQr6sd","OK",,
"28d3901e-c923-4452-a32d-c362c7021f14","D06","KING","KING.AOS.S2","2019-07-16","2019-11-08","KING.SS.20190716.H2O.1","A00000079767","HIDS2052",-5.97,-38.76,0.03,0.19,0,"SIRFER Lab at University of Utah","OlSmE6RRn5QQH8tvUHmK5i/poYiQr6sd","OK",,
