uid,domainID,siteID,namedLocation,collectDate,sampleID,sampleCode,sampleCondition,laboratoryName,analysisDate,analyzedBy,sampleType,replicate,sampleVolumeFiltered,filterSize,percentFilterAnalyzed,analyte,analyteConcentration,plantAlgaeLabUnits,method,externalRemarks,externalLabDataQF
"33b76030-2793-4885-b66f-e3f2ce0f21bb","D04","CUPE","CUPE.AOS.S2","2017-12-19","CUPE.SS.20171219.POM.1",,"condition ok","SIRFER Lab at University of Utah","2018-08-10","ElFtGy1kV49xqNP00HfxQA==","POM","1",2000,25,100,"carbon",43.18,"microgramsPerLiter","Revesz & Coplen 2012a",,
"4aa7add4-55a9-4669-8da7-036b51c7e690","D04","CUPE","CUPE.AOS.S2","2017-12-19","CUPE.SS.20171219.POM.1",,"condition ok","SIRFER Lab at University of Utah","2018-08-10","ElFtGy1kV49xqNP00HfxQA==","POM","1",2000,25,100,"nitrogen",3.67,"microgramsPerLiter","Revesz & Coplen 2012a",,
"fdbd4ff6-ccfd-412d-b020-480938169840","D04","CUPE","CUPE.AOS.S2","2017-12-19","CUPE.SS.20171219.POM.1",,"condition ok","SIRFER Lab at University of Utah","2018-08-10","ElFtGy1kV49xqNP00HfxQA==","POM","1",2000,25,100,"d15N",-2.12,"perMill","Revesz & Coplen 2012a",,
"23ebf92e-1aeb-48a2-82bd-07f423f972ed","D04","CUPE","CUPE.AOS.S2","2017-12-19","CUPE.SS.20171219.POM.1",,"condition ok","SIRFER Lab at University of Utah","2018-08-10","ElFtGy1kV49xqNP00HfxQA==","POM","1",2000,25,100,"d13C",-29.31,"perMill","Revesz & Coplen 2012a",,
