uid,domainID,siteID,namedLocation,collectDate,sampleID,sampleCode,sampleCondition,laboratoryName,analysisDate,analyzedBy,sampleType,replicate,sampleVolumeFiltered,filterSize,percentFilterAnalyzed,analyte,analyteConcentration,plantAlgaeLabUnits,method,externalRemarks,externalLabDataQF
"c158498b-7ff5-4f8f-bb16-9d862ac886b1","D15","REDB","REDB.AOS.S2","2018-11-06","REDB.SS.20181106.POM.1","A00000056098","condition ok","SIRFER Lab at University of Utah","2019-05-01","ElFtGy1kV49xqNP00HfxQA==","POM","1",500,25,100,"nitrogen",24.36,"microgramsPerLiter","Revesz & Coplen 2012a",,
"5717e7bd-3b57-400e-82eb-ebcdf1edf65b","D15","REDB","REDB.AOS.S2","2018-11-06","REDB.SS.20181106.POM.1","A00000056098","condition ok","SIRFER Lab at University of Utah","2019-05-01","ElFtGy1kV49xqNP00HfxQA==","POM","1",500,25,100,"carbon",398.51,"microgramsPerLiter","Revesz & Coplen 2012a",,
"43dd198c-ebd4-47c1-81b0-57ba13190b2a","D15","REDB","REDB.AOS.S2","2018-11-06","REDB.SS.20181106.POM.1","A00000056098","condition ok","SIRFER Lab at University of Utah","2019-05-01","ElFtGy1kV49xqNP00HfxQA==","POM","1",500,25,100,"d15N",2.40,"perMill","Revesz & Coplen 2012a",,
"2afd5ec2-7518-4139-9fff-78dc79469bc4","D15","REDB","REDB.AOS.S2","2018-11-06","REDB.SS.20181106.POM.1","A00000056098","condition ok","SIRFER Lab at University of Utah","2019-05-01","ElFtGy1kV49xqNP00HfxQA==","POM","1",500,25,100,"d13C",-25.97,"perMill","Revesz & Coplen 2012a",,
"08830386-8720-49d2-8d07-d6c7bb4c8319","D15","REDB","REDB.AOS.S2","2018-11-19","REDB.SS.20181119.POM.1","A00000055949","condition ok","SIRFER Lab at University of Utah","2019-05-01","ElFtGy1kV49xqNP00HfxQA==","POM","1",400,25,100,"d15N",2.18,"perMill","Revesz & Coplen 2012a",,
"71f5d069-4699-4d3f-85a0-1acedbcd83ee","D15","REDB","REDB.AOS.S2","2018-11-19","REDB.SS.20181119.POM.1","A00000055949","condition ok","SIRFER Lab at University of Utah","2019-05-01","ElFtGy1kV49xqNP00HfxQA==","POM","1",400,25,100,"nitrogen",18.17,"microgramsPerLiter","Revesz & Coplen 2012a",,
"69b537f5-86de-4215-94b9-de4461779fbe","D15","REDB","REDB.AOS.S2","2018-11-19","REDB.SS.20181119.POM.1","A00000055949","condition ok","SIRFER Lab at University of Utah","2019-05-01","ElFtGy1kV49xqNP00HfxQA==","POM","1",400,25,100,"carbon",352.79,"microgramsPerLiter","Revesz & Coplen 2012a",,
"40a0330d-6671-489a-904f-b91f71530608","D15","REDB","REDB.AOS.S2","2018-11-19","REDB.SS.20181119.POM.1","A00000055949","condition ok","SIRFER Lab at University of Utah","2019-05-01","ElFtGy1kV49xqNP00HfxQA==","POM","1",400,25,100,"d13C",-25.82,"perMill","Revesz & Coplen 2012a",,
