uid,domainID,siteID,namedLocation,collectDate,analysisDate,isotopeH2OSampleID,isotopeH2OSampleCode,instrumentSN,d18OWater,d2HWater,d18OsdWater,d2HsdWater,isotopeH2OExternalLabQF,laboratoryName,analyzedBy,sampleCondition,externalRemarks,externalLabDataQF
"a75c4ebf-925c-402d-b66f-b0b2abc233c1","D15","REDB","REDB.AOS.S2","2018-11-06","2019-01-03","REDB.SS.20181106.H2O.2","A00000056351","HIDS2052",-16.64,-123.03,0.05,0.23,0,"SIRFER Lab at University of Utah","OlSmE6RRn5QQH8tvUHmK5i/poYiQr6sd","OK",,
"49dd250d-0ec1-48ad-ae23-1a080942e80c","D15","REDB","REDB.AOS.S2","2018-11-06","2019-01-03","REDB.SS.20181106.H2O.1","A00000055956","HIDS2052",-16.67,-123.45,0.02,0.33,0,"SIRFER Lab at University of Utah","OlSmE6RRn5QQH8tvUHmK5i/poYiQr6sd","OK",,
"20c75c5e-1218-4474-9295-f6e246ed3261","D15","REDB","REDB.AOS.S2","2018-11-06","2019-01-03","REDB.SS.20181106.H2O.3","A00000056350","HIDS2052",-16.61,-123.05,0.03,0.09,0,"SIRFER Lab at University of Utah","OlSmE6RRn5QQH8tvUHmK5i/poYiQr6sd","OK",,
"465b30e0-557e-48c3-86d8-8432dfaeed5c","D15","REDB","REDB.AOS.S2","2018-11-19","2019-01-03","REDB.SS.20181119.H2O.1","A00000056081","HIDS2052",-16.45,-122.58,0.06,0.12,0,"SIRFER Lab at University of Utah","OlSmE6RRn5QQH8tvUHmK5i/poYiQr6sd","OK",,
