uid,domainID,siteID,namedLocation,collectDate,parentSampleID,parentSampleCode,isotopeH2OSampleCond,isotopeH2OSampleID,isotopeH2OSampleCode,isotopePOMRep2SampleCond,isotopePOMRep2SampleID,isotopePOMRep2SampleCode,isotopePOMSampleCond,isotopePOMSampleID,isotopePOMSampleCode,processedDateFilters,processedDateH2OIsotopes,sampleVolumeFilteredPOMRep1,sampleVolumeFilteredPOMRep2,fieldDataQF
"ea6c5c41-6edc-4b29-ad45-3ab136619104","D15","REDB","REDB.AOS.S2","2018-11-06T17:02Z","REDB.SS.20181106",,"Sample condition ok","REDB.SS.20181106.H2O.1","A00000055956","Sample condition ok","REDB.SS.20181106.POM.2","A00000056097","Sample condition ok","REDB.SS.20181106.POM.1","A00000056098","2018-11-06T18:43Z","2018-11-06T18:19Z",500,400,
"98d13099-7fbf-426a-871d-64a2fbfb5a50","D15","REDB","REDB.AOS.S2","2018-11-06T17:02Z","REDB.SS.20181106",,"Sample condition ok","REDB.SS.20181106.H2O.3","A00000056350",,,,,,,,"2018-11-06T18:21Z",,,
"2e9286ad-4f9e-4f3e-a1c5-8b3b14f87b33","D15","REDB","REDB.AOS.S2","2018-11-06T17:02Z","REDB.SS.20181106",,"Sample condition ok","REDB.SS.20181106.H2O.2","A00000056351",,,,,,,,"2018-11-06T18:20Z",,,
"d9615747-6b14-4ba3-b0cb-7ddb24396291","D15","REDB","REDB.AOS.S2","2018-11-19T17:28Z","REDB.SS.20181119",,"Sample condition ok","REDB.SS.20181119.H2O.1","A00000056081","Sample condition ok","REDB.SS.20181119.POM.2","A00000057051","Sample condition ok","REDB.SS.20181119.POM.1","A00000055949","2018-11-19T20:26Z","2018-11-19T20:06Z",400,400,
