uid,domainID,siteID,namedLocation,collectDate,sampleID,sampleCode,sampleCondition,laboratoryName,analysisDate,analyzedBy,sampleType,replicate,sampleVolumeFiltered,filterSize,percentFilterAnalyzed,analyte,analyteConcentration,plantAlgaeLabUnits,method,externalRemarks,externalLabDataQF
"18f0192c-e56e-4c73-9979-5d6dca3a0c33","D03","SUGG","SUGG.AOS.buoy.c0","2019-01-07","SUGG.C0.20190107.POM.1","A00000037300","condition ok","SIRFER Lab at University of Utah","2019-04-30","ElFtGy1kV49xqNP00HfxQA==","POM","1",400,25,100,"nitrogen",43.42,"microgramsPerLiter","Revesz & Coplen 2012a",,
"1463c9da-b3f3-487c-b588-cbdd6d8da7cd","D03","SUGG","SUGG.AOS.buoy.c0","2019-01-07","SUGG.C0.20190107.POM.1","A00000037300","condition ok","SIRFER Lab at University of Utah","2019-04-30","ElFtGy1kV49xqNP00HfxQA==","POM","1",400,25,100,"d13C",-30.54,"perMill","Revesz & Coplen 2012a",,
"c8f7f7c4-0a4b-48c6-8ca1-f1589b7932a4","D03","SUGG","SUGG.AOS.buoy.c0","2019-01-07","SUGG.C0.20190107.POM.1","A00000037300","condition ok","SIRFER Lab at University of Utah","2019-04-30","ElFtGy1kV49xqNP00HfxQA==","POM","1",400,25,100,"d15N",0.42,"perMill","Revesz & Coplen 2012a",,
"f827ee6f-fba4-4063-bf0c-750edaa218e1","D03","SUGG","SUGG.AOS.buoy.c0","2019-01-07","SUGG.C0.20190107.POM.1","A00000037300","condition ok","SIRFER Lab at University of Utah","2019-04-30","ElFtGy1kV49xqNP00HfxQA==","POM","1",400,25,100,"carbon",416.21,"microgramsPerLiter","Revesz & Coplen 2012a",,
