uid,domainID,siteID,namedLocation,collectDate,sampleID,sampleCode,sampleCondition,laboratoryName,analysisDate,analyzedBy,sampleType,replicate,sampleVolumeFiltered,filterSize,percentFilterAnalyzed,analyte,analyteConcentration,plantAlgaeLabUnits,method,externalRemarks,externalLabDataQF
"b7612189-3673-42f0-9028-79ea00e471da","D18","OKSR","OKSR.AOS.S2","2017-07-03","OKSR.SS.20170703.POM.1",,"condition ok","SIRFER Lab at University of Utah","2018-03-28","ElFtGy1kV49xqNP00HfxQA==","POM","1",600,25,100,"d13C",-26.96,"perMill","Revesz & Coplen 2012a",,
"636e67fa-c4fe-4d91-9311-2c6a6d557725","D18","OKSR","OKSR.AOS.S2","2017-07-03","OKSR.SS.20170703.POM.1",,"condition ok","SIRFER Lab at University of Utah","2018-03-28","ElFtGy1kV49xqNP00HfxQA==","POM","1",600,25,100,"carbon",112.08,"microgramsPerLiter","Revesz & Coplen 2012a",,
"087745b2-44ca-4f62-adcc-a97464731aca","D18","OKSR","OKSR.AOS.S2","2017-07-03","OKSR.SS.20170703.POM.1",,"condition ok","SIRFER Lab at University of Utah","2018-03-28","ElFtGy1kV49xqNP00HfxQA==","POM","1",600,25,100,"d15N",11.66,"perMill","Revesz & Coplen 2012a",,
"868bbc9c-4072-4d0c-aee4-8013af2d5000","D18","OKSR","OKSR.AOS.S2","2017-07-03","OKSR.SS.20170703.POM.1",,"condition ok","SIRFER Lab at University of Utah","2018-03-28","ElFtGy1kV49xqNP00HfxQA==","POM","1",600,25,100,"nitrogen",12.49,"microgramsPerLiter","Revesz & Coplen 2012a",,
"184f2e06-1380-45a0-a376-b9d10454d087","D18","OKSR","OKSR.AOS.S2","2017-07-11","OKSR.SS.20170711.POM.1",,"condition ok","SIRFER Lab at University of Utah","2018-03-28","ElFtGy1kV49xqNP00HfxQA==","POM","1",600,25,100,"nitrogen",16.12,"microgramsPerLiter","Revesz & Coplen 2012a",,
"dcd8336a-5e8f-48c7-8a65-3ea85b38757f","D18","OKSR","OKSR.AOS.S2","2017-07-11","OKSR.SS.20170711.POM.1",,"condition ok","SIRFER Lab at University of Utah","2018-03-28","ElFtGy1kV49xqNP00HfxQA==","POM","1",600,25,100,"carbon",135.04,"microgramsPerLiter","Revesz & Coplen 2012a",,
"2eb12fe8-e98a-45dd-9d3a-c53fd226a1b4","D18","OKSR","OKSR.AOS.S2","2017-07-11","OKSR.SS.20170711.POM.1",,"condition ok","SIRFER Lab at University of Utah","2018-03-28","ElFtGy1kV49xqNP00HfxQA==","POM","1",600,25,100,"d13C",-28.39,"perMill","Revesz & Coplen 2012a",,
"b42dccd5-44df-4542-8626-4b9f6b58e178","D18","OKSR","OKSR.AOS.S2","2017-07-11","OKSR.SS.20170711.POM.1",,"condition ok","SIRFER Lab at University of Utah","2018-03-28","ElFtGy1kV49xqNP00HfxQA==","POM","1",600,25,100,"d15N",12.19,"perMill","Revesz & Coplen 2012a",,
"211f32d5-a213-4f06-8f83-c2f279c5baf1","D18","OKSR","OKSR.AOS.S2","2017-07-18","OKSR.SS.20170718.POM.1",,"condition ok","SIRFER Lab at University of Utah","2018-03-28","ElFtGy1kV49xqNP00HfxQA==","POM","1",700,25,100,"nitrogen",14.07,"microgramsPerLiter","Revesz & Coplen 2012a",,
"9128775e-fb22-46ed-a6ac-f2b784734e96","D18","OKSR","OKSR.AOS.S2","2017-07-18","OKSR.SS.20170718.POM.1",,"condition ok","SIRFER Lab at University of Utah","2018-03-28","ElFtGy1kV49xqNP00HfxQA==","POM","1",700,25,100,"d13C",-28.01,"perMill","Revesz & Coplen 2012a",,
"23bb71a5-6321-4303-94ad-20c0117d5438","D18","OKSR","OKSR.AOS.S2","2017-07-18","OKSR.SS.20170718.POM.1",,"condition ok","SIRFER Lab at University of Utah","2018-03-28","ElFtGy1kV49xqNP00HfxQA==","POM","1",700,25,100,"carbon",134.25,"microgramsPerLiter","Revesz & Coplen 2012a",,
"92e5db3d-8aa5-45a7-8638-542d7180629a","D18","OKSR","OKSR.AOS.S2","2017-07-18","OKSR.SS.20170718.POM.1",,"condition ok","SIRFER Lab at University of Utah","2018-03-28","ElFtGy1kV49xqNP00HfxQA==","POM","1",700,25,100,"d15N",8.15,"perMill","Revesz & Coplen 2012a",,
"50720d01-af28-46a6-a875-ce72dc0f3ae3","D18","OKSR","OKSR.AOS.S2","2017-07-25","OKSR.SS.20170725.POM.1",,"condition ok","SIRFER Lab at University of Utah","2018-03-28","ElFtGy1kV49xqNP00HfxQA==","POM","1",600,25,100,"d13C",-28.48,"perMill","Revesz & Coplen 2012a",,
"aaaf66ed-b467-4ee9-904c-297d732c3a7f","D18","OKSR","OKSR.AOS.S2","2017-07-25","OKSR.SS.20170725.POM.1",,"condition ok","SIRFER Lab at University of Utah","2018-03-28","ElFtGy1kV49xqNP00HfxQA==","POM","1",600,25,100,"d15N",6.70,"perMill","Revesz & Coplen 2012a",,
"5c8bb598-2c80-4f31-8303-41adfa0b76f8","D18","OKSR","OKSR.AOS.S2","2017-07-25","OKSR.SS.20170725.POM.1",,"condition ok","SIRFER Lab at University of Utah","2018-03-28","ElFtGy1kV49xqNP00HfxQA==","POM","1",600,25,100,"carbon",309.12,"microgramsPerLiter","Revesz & Coplen 2012a",,
"8ac504b7-a49f-4891-90a1-422f1676d7f2","D18","OKSR","OKSR.AOS.S2","2017-07-25","OKSR.SS.20170725.POM.1",,"condition ok","SIRFER Lab at University of Utah","2018-03-28","ElFtGy1kV49xqNP00HfxQA==","POM","1",600,25,100,"nitrogen",32.08,"microgramsPerLiter","Revesz & Coplen 2012a",,
