uid,domainID,siteID,namedLocation,decimalLatitude,decimalLongitude,coordinateUncertainty,additionalCoordUncertainty,elevation,elevationUncertainty,geodeticDatum,altLocation,altLatitude,altLongitude,altCoordinateUncertainty,altGeodeticDatum,collectDate,aquaticSiteType,samplingImpractical,parentSampleID,parentSampleCode,eventID,samplerType,dissolvedOxygen,dissolvedOxygenSaturation,specificConductance,waterTemp,asiSamplingProtocolVersion,lowerSegmentDepth,upperSegmentDepth,maxDepth,lakeSampleDepth1,lakeSampleDepth2,aCollectedBy,bCollectedBy,remarks,fieldDataQF
"60533ca8-1892-402c-8255-9c06ea928df5","D18","OKSR","OKSR.AOS.S2",68.669651,-149.143505,0.1,10.0,767.2,0.0,"WGS84",,,,,,"2017-07-03T20:00Z","stream",,"OKSR.SS.20170703",,"OKSR.20170703",,,,,,"NEON.DOC.001886vE",,,,,,"ahuff@field-ops.org",,,
"4c10ee72-84cb-4167-b6c2-334ea1d83975","D18","OKSR","OKSR.AOS.S2",68.669651,-149.143505,0.1,10.0,767.2,0.0,"WGS84",,,,,,"2017-07-11T19:09Z","stream",,"OKSR.SS.20170711",,"OKSR.20170711","Grab",8.91,90.10,55.00,12.00,"NEON.DOC.001886vE",,,,,,"Hmasters@battelleecology.org","Ahuff@battelleecology.org",,
"b66a1b37-f8ed-419a-99fc-8c50d91b7a82","D18","OKSR","OKSR.AOS.S2",68.669651,-149.143505,0.1,10.0,767.2,0.0,"WGS84",,,,,,"2017-07-18T20:25Z","stream",,"OKSR.SS.20170718",,"OKSR.20170718","Grab",9.18,91.60,45.30,15.10,"NEON.DOC.001886vE",,,,,,"Hmasters@battelleecology.org","Hmasters@battelleecology.org",,
"0b7714d9-5e52-4dd9-b1f9-0aaede83f39e","D18","OKSR","OKSR.AOS.S2",68.669651,-149.143505,0.1,10.0,767.2,0.0,"WGS84",,,,,,"2017-07-25T18:24Z","stream",,"OKSR.SS.20170725",,"OKSR.20170725","Grab",10.94,95.50,33.30,9.40,"NEON.DOC.001886vE",,,,,,"Hmasters@battelleecology.org","Ahuff@battelleecology.org",,
