uid,domainID,siteID,namedLocation,collectDate,parentSampleID,parentSampleCode,isotopeH2OSampleCond,isotopeH2OSampleID,isotopeH2OSampleCode,isotopePOMRep2SampleCond,isotopePOMRep2SampleID,isotopePOMRep2SampleCode,isotopePOMSampleCond,isotopePOMSampleID,isotopePOMSampleCode,processedDateFilters,processedDateH2OIsotopes,sampleVolumeFilteredPOMRep1,sampleVolumeFilteredPOMRep2,fieldDataQF
"6f360da6-a34f-4228-8bfe-983d19986dd6","D18","OKSR","OKSR.AOS.S2","2017-07-03T20:00Z","OKSR.SS.20170703",,"Sample condition ok","OKSR.SS.20170703.H2O.1",,"Sample condition ok","OKSR.SS.20170703.POM.2",,"Sample condition ok","OKSR.SS.20170703.POM.1",,"2017-09-14T21:00Z","2017-09-14T21:00Z",600,600,
"417a7ec5-30c4-4275-ad64-c87d115dd62a","D18","OKSR","OKSR.AOS.S2","2017-07-11T19:09Z","OKSR.SS.20170711",,"Sample condition ok","OKSR.SS.20170711.H2O.1",,"Sample condition ok","OKSR.SS.20170711.POM.2",,"Sample condition ok","OKSR.SS.20170711.POM.1",,"2017-07-11T22:03Z","2017-07-11T19:12Z",600,600,
"0a8b67b5-b484-4147-a05a-96ea2b4bc545","D18","OKSR","OKSR.AOS.S2","2017-07-18T20:25Z","OKSR.SS.20170718",,"Sample condition ok","OKSR.SS.20170718.H2O.1",,"Sample condition ok","OKSR.SS.20170718.POM.2",,"Sample condition ok","OKSR.SS.20170718.POM.1",,"2017-07-19T22:44Z","2017-07-19T22:44Z",700,700,
"3535303e-7138-4d95-9557-c0109a2158fd","D18","OKSR","OKSR.AOS.S2","2017-07-25T18:24Z","OKSR.SS.20170725",,"Sample condition ok","OKSR.SS.20170725.H2O.1",,"Sample condition ok","OKSR.SS.20170725.POM.2",,"Sample condition ok","OKSR.SS.20170725.POM.1",,"2017-07-25T19:40Z","2017-07-25T22:00Z",600,600,
