uid,domainID,siteID,namedLocation,collectDate,sampleID,sampleCode,sampleCondition,laboratoryName,analysisDate,analyzedBy,sampleType,replicate,sampleVolumeFiltered,filterSize,percentFilterAnalyzed,analyte,analyteConcentration,plantAlgaeLabUnits,method,externalRemarks,externalLabDataQF
"b4bf49fd-95a9-43a1-847a-ee81f042e837","D05","CRAM","CRAM.AOS.outlet","2017-11-07","CRAM.OT.20171107.POM.1",,"condition ok","SIRFER Lab at University of Utah","2018-08-14","ElFtGy1kV49xqNP00HfxQA==","POM","1",250,25,100,"carbon",481.54,"microgramsPerLiter","Revesz & Coplen 2012a",,
"04f89001-6b14-4ee2-91a3-cd76341862b5","D05","CRAM","CRAM.AOS.outlet","2017-11-07","CRAM.OT.20171107.POM.1",,"condition ok","SIRFER Lab at University of Utah","2018-08-14","ElFtGy1kV49xqNP00HfxQA==","POM","1",250,25,100,"d15N",-1.68,"perMill","Revesz & Coplen 2012a",,
"b0fc9b1d-7717-4728-bee2-b7eba0c836eb","D05","CRAM","CRAM.AOS.outlet","2017-11-07","CRAM.OT.20171107.POM.1",,"condition ok","SIRFER Lab at University of Utah","2018-08-14","ElFtGy1kV49xqNP00HfxQA==","POM","1",250,25,100,"nitrogen",60.82,"microgramsPerLiter","Revesz & Coplen 2012a",,
"bc54e1c2-c997-4ab1-96ed-147773e9f65c","D05","CRAM","CRAM.AOS.outlet","2017-11-07","CRAM.OT.20171107.POM.1",,"condition ok","SIRFER Lab at University of Utah","2018-08-14","ElFtGy1kV49xqNP00HfxQA==","POM","1",250,25,100,"d13C",-32.45,"perMill","Revesz & Coplen 2012a",,
"50cfc879-ee5a-4654-b040-fa682d57a056","D05","CRAM","CRAM.AOS.inlet","2017-11-07","CRAM.IN.20171107.POM.1",,"condition ok","SIRFER Lab at University of Utah","2018-08-14","ElFtGy1kV49xqNP00HfxQA==","POM","1",250,25,100,"nitrogen",67.73,"microgramsPerLiter","Revesz & Coplen 2012a",,
"d0fcdc62-745d-45b5-ad40-ecc98bffdb2a","D05","CRAM","CRAM.AOS.inlet","2017-11-07","CRAM.IN.20171107.POM.1",,"condition ok","SIRFER Lab at University of Utah","2018-08-14","ElFtGy1kV49xqNP00HfxQA==","POM","1",250,25,100,"carbon",566.28,"microgramsPerLiter","Revesz & Coplen 2012a",,
"07a7c476-ded1-48a7-9dd7-c1368e87640a","D05","CRAM","CRAM.AOS.inlet","2017-11-07","CRAM.IN.20171107.POM.1",,"condition ok","SIRFER Lab at University of Utah","2018-08-14","ElFtGy1kV49xqNP00HfxQA==","POM","1",250,25,100,"d15N",-0.27,"perMill","Revesz & Coplen 2012a",,
"47f8754c-78b1-4867-9d2b-a0a42d2574dd","D05","CRAM","CRAM.AOS.inlet","2017-11-07","CRAM.IN.20171107.POM.1",,"condition ok","SIRFER Lab at University of Utah","2018-08-14","ElFtGy1kV49xqNP00HfxQA==","POM","1",250,25,100,"d13C",-33.20,"perMill","Revesz & Coplen 2012a",,
"44ff4754-c903-4200-a513-2d9c05c2956a","D05","CRAM","CRAM.AOS.buoy.c0","2017-11-07","CRAM.C0.20171107.POM.1",,"condition ok","SIRFER Lab at University of Utah","2018-08-14","ElFtGy1kV49xqNP00HfxQA==","POM","1",200,25,100,"d13C",-32.43,"perMill","Revesz & Coplen 2012a",,
"431ffc0e-fd19-463f-b20b-6587b6ff893b","D05","CRAM","CRAM.AOS.buoy.c0","2017-11-07","CRAM.C0.20171107.POM.1",,"condition ok","SIRFER Lab at University of Utah","2018-08-14","ElFtGy1kV49xqNP00HfxQA==","POM","1",200,25,100,"carbon",479.56,"microgramsPerLiter","Revesz & Coplen 2012a",,
"1e36182c-7c4b-4c81-aed2-d600b71e0761","D05","CRAM","CRAM.AOS.buoy.c0","2017-11-07","CRAM.C0.20171107.POM.1",,"condition ok","SIRFER Lab at University of Utah","2018-08-14","ElFtGy1kV49xqNP00HfxQA==","POM","1",200,25,100,"nitrogen",58.72,"microgramsPerLiter","Revesz & Coplen 2012a",,
"0bf599c6-35f5-4b4a-978f-48af0174d786","D05","CRAM","CRAM.AOS.buoy.c0","2017-11-07","CRAM.C0.20171107.POM.1",,"condition ok","SIRFER Lab at University of Utah","2018-08-14","ElFtGy1kV49xqNP00HfxQA==","POM","1",200,25,100,"d15N",-1.40,"perMill","Revesz & Coplen 2012a",,
