uid,domainID,siteID,namedLocation,collectDate,sampleID,sampleCode,sampleCondition,laboratoryName,analysisDate,analyzedBy,sampleType,replicate,sampleVolumeFiltered,filterSize,percentFilterAnalyzed,analyte,analyteConcentration,plantAlgaeLabUnits,method,externalRemarks,externalLabDataQF
"194977c6-944c-454a-a188-e8029e745227","D07","WALK","WALK.AOS.S2","2018-06-19","WALK.SS.20180619.POM.1","A00000011649","condition ok","SIRFER Lab at University of Utah","2018-08-31","ElFtGy1kV49xqNP00HfxQA==","POM","1",1000,25,100,"nitrogen",14.06,"microgramsPerLiter","Revesz & Coplen 2012a",,
"06df3bb7-49ad-4453-97e5-eaa682bb4004","D07","WALK","WALK.AOS.S2","2018-06-19","WALK.SS.20180619.POM.1","A00000011649","condition ok","SIRFER Lab at University of Utah","2018-08-31","ElFtGy1kV49xqNP00HfxQA==","POM","1",1000,25,100,"d13C",-27.85,"perMill","Revesz & Coplen 2012a",,
"5100d96a-41ab-4393-a750-1e0fab1462fb","D07","WALK","WALK.AOS.S2","2018-06-19","WALK.SS.20180619.POM.1","A00000011649","condition ok","SIRFER Lab at University of Utah","2018-08-31","ElFtGy1kV49xqNP00HfxQA==","POM","1",1000,25,100,"d15N",0.51,"perMill","Revesz & Coplen 2012a",,
"7c3639ca-b801-4018-8375-ba9d0cbfe68d","D07","WALK","WALK.AOS.S2","2018-06-19","WALK.SS.20180619.POM.1","A00000011649","condition ok","SIRFER Lab at University of Utah","2018-08-31","ElFtGy1kV49xqNP00HfxQA==","POM","1",1000,25,100,"carbon",104.52,"microgramsPerLiter","Revesz & Coplen 2012a",,
