uid,domainID,siteID,namedLocation,collectDate,sampleID,sampleCode,sampleCondition,laboratoryName,analysisDate,analyzedBy,sampleType,replicate,sampleVolumeFiltered,filterSize,percentFilterAnalyzed,analyte,analyteConcentration,plantAlgaeLabUnits,method,externalRemarks,externalLabDataQF
"2147e859-279a-4a74-a004-7306c283b9af","D02","POSE","POSE.AOS.S2","2017-10-03","POSE.SS.20171003.POM.1",,"condition ok","SIRFER Lab at University of Utah","2018-03-09","ElFtGy1kV49xqNP00HfxQA==","POM","1",200,25,100,"d15N",1.92,"perMill","Revesz & Coplen 2012a",,
"c9bb58be-80ae-43c0-a9aa-94f3a1a9000b","D02","POSE","POSE.AOS.S2","2017-10-03","POSE.SS.20171003.POM.1",,"condition ok","SIRFER Lab at University of Utah","2018-03-09","ElFtGy1kV49xqNP00HfxQA==","POM","1",200,25,100,"carbon",5439.04,"percent","Revesz & Coplen 2012a",,
"a9f20960-00c0-4e0d-97a4-d48c64baf256","D02","POSE","POSE.AOS.S2","2017-10-03","POSE.SS.20171003.POM.1",,"condition ok","SIRFER Lab at University of Utah","2018-03-09","ElFtGy1kV49xqNP00HfxQA==","POM","1",200,25,100,"nitrogen",322.83,"percent","Revesz & Coplen 2012a",,
"5a4fe949-6dff-42a5-aef4-5e9535577c85","D02","POSE","POSE.AOS.S2","2017-10-03","POSE.SS.20171003.POM.1",,"condition ok","SIRFER Lab at University of Utah","2018-03-09","ElFtGy1kV49xqNP00HfxQA==","POM","1",200,25,100,"d13C",-27.41,"perMill","Revesz & Coplen 2012a",,
"891d1ac7-f159-4f41-abc2-a6eaa7bd15cb","D02","POSE","POSE.AOS.S2","2017-10-10","POSE.SS.20171010.POM.1",,"condition ok","SIRFER Lab at University of Utah","2018-03-09","ElFtGy1kV49xqNP00HfxQA==","POM","1",200,25,100,"d15N",6.63,"perMill","Revesz & Coplen 2012a",,
"15fa0541-5538-441a-8ce8-b9f9cb5b27c2","D02","POSE","POSE.AOS.S2","2017-10-10","POSE.SS.20171010.POM.1",,"condition ok","SIRFER Lab at University of Utah","2018-03-09","ElFtGy1kV49xqNP00HfxQA==","POM","1",200,25,100,"d13C",-27.93,"perMill","Revesz & Coplen 2012a",,
"7efd15e3-d8ec-43fd-8611-be2fd593085f","D02","POSE","POSE.AOS.S2","2017-10-10","POSE.SS.20171010.POM.1",,"condition ok","SIRFER Lab at University of Utah","2018-03-09","ElFtGy1kV49xqNP00HfxQA==","POM","1",200,25,100,"nitrogen",181.86,"percent","Revesz & Coplen 2012a",,
"bf301c89-8d87-44c6-9b35-f57102cd83b2","D02","POSE","POSE.AOS.S2","2017-10-10","POSE.SS.20171010.POM.1",,"condition ok","SIRFER Lab at University of Utah","2018-03-09","ElFtGy1kV49xqNP00HfxQA==","POM","1",200,25,100,"carbon",2852.16,"percent","Revesz & Coplen 2012a",,
