uid,domainID,siteID,namedLocation,collectDate,sampleID,sampleCode,sampleCondition,laboratoryName,analysisDate,analyzedBy,sampleType,replicate,sampleVolumeFiltered,filterSize,percentFilterAnalyzed,analyte,analyteConcentration,plantAlgaeLabUnits,method,externalRemarks,externalLabDataQF
"d05137e1-15fd-464c-b472-710360ddc28f","D04","CUPE","CUPE.AOS.S2","2016-12-06","CUPE.SS.20161206.POM.1",,"condition ok","Academy of Natural Sciences of Drexel University","2017-05-25","OKgcKejxXbI=","13C15N","1",,,100,"d13C",-27.38,"perMill",,,
"711c04c8-e0c9-4de0-9c2c-37fbcc797381","D04","CUPE","CUPE.AOS.S2","2016-12-06","CUPE.SS.20161206.POM.2",,"other","Academy of Natural Sciences of Drexel University","2017-06-14","OKgcKejxXbI=","13C15N","2",,,100,"d15N",,"perMill",,"analysis corrupted during run",
"6f97bc13-a6b2-42f8-80f5-e9b942b15c8c","D04","CUPE","CUPE.AOS.S2","2016-12-06","CUPE.SS.20161206.POM.1",,"condition ok","Academy of Natural Sciences of Drexel University","2017-05-25","OKgcKejxXbI=","13C15N","1",,,100,"d15N",1.94,"perMill",,,
"b8a197c5-9fde-44f7-bd6f-06416c773e6d","D04","CUPE","CUPE.AOS.S2","2016-12-06","CUPE.SS.20161206.POM.2",,"other","Academy of Natural Sciences of Drexel University","2017-06-14","OKgcKejxXbI=","13C15N","2",,,100,"d13C",,"perMill",,"analysis corrupted during run",
"1070c29a-b3e7-4266-80b6-78350f5acfea","D04","CUPE","CUPE.AOS.S2","2016-12-20","CUPE.SS.20161220.POM.1",,"condition ok","Academy of Natural Sciences of Drexel University","2017-05-25","OKgcKejxXbI=","13C15N","1",,,100,"d13C",-27.24,"perMill",,,
"f6dcd814-871a-4a19-9925-47a2be40e74a","D04","CUPE","CUPE.AOS.S2","2016-12-20","CUPE.SS.20161220.POM.2",,"other","Academy of Natural Sciences of Drexel University","2017-06-14","OKgcKejxXbI=","13C15N","2",,,100,"d13C",,"perMill",,"analysis corrupted during run",
"791a8f9b-e4af-461e-9466-c5aea4be15dd","D04","CUPE","CUPE.AOS.S2","2016-12-20","CUPE.SS.20161220.POM.1",,"condition ok","Academy of Natural Sciences of Drexel University","2017-05-25","OKgcKejxXbI=","13C15N","1",,,100,"d15N",5.62,"perMill",,,
"a33a7ecd-9d59-4052-88b1-4516d1968f79","D04","CUPE","CUPE.AOS.S2","2016-12-20","CUPE.SS.20161220.POM.2",,"other","Academy of Natural Sciences of Drexel University","2017-06-14","OKgcKejxXbI=","13C15N","2",,,100,"d15N",,"perMill",,"analysis corrupted during run",
