uid,domainID,siteID,namedLocation,collectDate,sampleID,sampleCode,sampleCondition,laboratoryName,analysisDate,analyzedBy,sampleType,replicate,sampleVolumeFiltered,filterSize,percentFilterAnalyzed,analyte,analyteConcentration,plantAlgaeLabUnits,method,externalRemarks,externalLabDataQF
"3b26a77c-c364-4595-8c2f-d7fd3b6e6ac4","D07","LECO","LECO.AOS.S2","2017-04-12","LECO.SS.20170412.POM.2",,"condition ok","SIRFER Lab at University of Utah","2018-03-12","ElFtGy1kV49xqNP00HfxQA==","POM","1",,,100,"carbon",340.73,"microgramsPerLiter","Revesz & Coplen 2012a",,
"bc9cd898-d5f5-431a-b9ae-9a0e5b66cf81","D07","LECO","LECO.AOS.S2","2017-04-12","LECO.SS.20170412.POM.2",,"condition ok","SIRFER Lab at University of Utah","2018-03-12","ElFtGy1kV49xqNP00HfxQA==","POM","1",,,100,"nitrogen",20.82,"microgramsPerLiter","Revesz & Coplen 2012a",,
"fbefb697-e591-4332-b55a-a34798ec5674","D07","LECO","LECO.AOS.S2","2017-04-12","LECO.SS.20170412.POM.2",,"condition ok","SIRFER Lab at University of Utah","2018-03-12","ElFtGy1kV49xqNP00HfxQA==","POM","1",,,100,"d15N",5.73,"perMill","Revesz & Coplen 2012a",,
"f38a25b5-df65-45a0-b37e-e5099d82d827","D07","LECO","LECO.AOS.S2","2017-04-12","LECO.SS.20170412.POM.2",,"condition ok","SIRFER Lab at University of Utah","2018-03-12","ElFtGy1kV49xqNP00HfxQA==","POM","1",,,100,"d13C",-28.13,"perMill","Revesz & Coplen 2012a",,
"89aa815e-c260-4a71-8237-31c47e6aa41f","D07","LECO","LECO.AOS.S2","2017-04-17","LECO.SS.20170417.POM.2",,"condition ok","SIRFER Lab at University of Utah","2018-03-12","ElFtGy1kV49xqNP00HfxQA==","POM","1",,,100,"carbon",566.82,"microgramsPerLiter","Revesz & Coplen 2012a",,
"88e6746a-de10-4733-9c04-b96850b988d2","D07","LECO","LECO.AOS.S2","2017-04-17","LECO.SS.20170417.POM.2",,"condition ok","SIRFER Lab at University of Utah","2018-03-12","ElFtGy1kV49xqNP00HfxQA==","POM","1",,,100,"d13C",-28.39,"perMill","Revesz & Coplen 2012a",,
"ded4ab3f-c993-4f16-b28f-a5360aca769c","D07","LECO","LECO.AOS.S2","2017-04-17","LECO.SS.20170417.POM.2",,"condition ok","SIRFER Lab at University of Utah","2018-03-12","ElFtGy1kV49xqNP00HfxQA==","POM","1",,,100,"nitrogen",29.12,"microgramsPerLiter","Revesz & Coplen 2012a",,
"3684a5f9-461b-4ced-b35d-03da66ed0fd8","D07","LECO","LECO.AOS.S2","2017-04-17","LECO.SS.20170417.POM.2",,"condition ok","SIRFER Lab at University of Utah","2018-03-12","ElFtGy1kV49xqNP00HfxQA==","POM","1",,,100,"d15N",3.85,"perMill","Revesz & Coplen 2012a",,
