uid,domainID,siteID,namedLocation,collectDate,sampleID,sampleCode,sampleCondition,laboratoryName,analysisDate,analyzedBy,sampleType,replicate,sampleVolumeFiltered,filterSize,percentFilterAnalyzed,analyte,analyteConcentration,plantAlgaeLabUnits,method,externalRemarks,externalLabDataQF
"187ebbd0-846d-4255-b569-405812885ed4","D07","WALK","WALK.AOS.S2","2017-09-06","WALK.SS.20170906.POM.1",,"condition ok","SIRFER Lab at University of Utah","2018-03-12","ElFtGy1kV49xqNP00HfxQA==","POM","1",,,100,"carbon",205.48,"microgramsPerLiter","Revesz & Coplen 2012a",,
"a66b82fe-2d50-4660-9a14-6c459ff35e1e","D07","WALK","WALK.AOS.S2","2017-09-06","WALK.SS.20170906.POM.1",,"condition ok","SIRFER Lab at University of Utah","2018-03-12","ElFtGy1kV49xqNP00HfxQA==","POM","1",,,100,"d15N",3.30,"perMill","Revesz & Coplen 2012a",,
"8b744005-534f-406a-99fe-4cfe99e2991d","D07","WALK","WALK.AOS.S2","2017-09-06","WALK.SS.20170906.POM.1",,"condition ok","SIRFER Lab at University of Utah","2018-03-12","ElFtGy1kV49xqNP00HfxQA==","POM","1",,,100,"d13C",-28.55,"perMill","Revesz & Coplen 2012a",,
"ef8084de-44cc-4558-b3d1-d9a9f1f6f8a3","D07","WALK","WALK.AOS.S2","2017-09-06","WALK.SS.20170906.POM.1",,"condition ok","SIRFER Lab at University of Utah","2018-03-12","ElFtGy1kV49xqNP00HfxQA==","POM","1",,,100,"nitrogen",15.51,"microgramsPerLiter","Revesz & Coplen 2012a",,
"2059d1a0-321c-4e58-b23d-c1c09da98a3a","D07","WALK","WALK.AOS.S2","2017-09-18","WALK.SS.20170918.POM.1",,"condition ok","SIRFER Lab at University of Utah","2018-03-12","ElFtGy1kV49xqNP00HfxQA==","POM","1",,,100,"d15N",4.47,"perMill","Revesz & Coplen 2012a",,
"def6434e-3ab7-43e2-826b-53caa7234a1e","D07","WALK","WALK.AOS.S2","2017-09-18","WALK.SS.20170918.POM.1",,"condition ok","SIRFER Lab at University of Utah","2018-03-12","ElFtGy1kV49xqNP00HfxQA==","POM","1",,,100,"nitrogen",26.91,"microgramsPerLiter","Revesz & Coplen 2012a",,
"0ed8c39d-a010-45ae-a96d-0ee63d6bad5b","D07","WALK","WALK.AOS.S2","2017-09-18","WALK.SS.20170918.POM.1",,"condition ok","SIRFER Lab at University of Utah","2018-03-12","ElFtGy1kV49xqNP00HfxQA==","POM","1",,,100,"carbon",366.62,"microgramsPerLiter","Revesz & Coplen 2012a",,
"469be31d-7e30-4992-8eb3-1181d41a6ba6","D07","WALK","WALK.AOS.S2","2017-09-18","WALK.SS.20170918.POM.1",,"condition ok","SIRFER Lab at University of Utah","2018-03-12","ElFtGy1kV49xqNP00HfxQA==","POM","1",,,100,"d13C",-28.35,"perMill","Revesz & Coplen 2012a",,
