uid,domainID,siteID,namedLocation,collectDate,sampleID,sampleCode,sampleCondition,laboratoryName,analysisDate,analyzedBy,sampleType,replicate,sampleVolumeFiltered,filterSize,percentFilterAnalyzed,analyte,analyteConcentration,plantAlgaeLabUnits,method,externalRemarks,externalLabDataQF
"dac47a81-3503-48a8-a466-c472e5b377be","D05","LIRO","LIRO.AOS.buoy.c1","2018-10-01","LIRO.C1.20181001.POM.1","A00000007357","condition ok","SIRFER Lab at University of Utah","2019-01-25","ElFtGy1kV49xqNP00HfxQA==","POM","1",200,25,100,"d13C",-31.20,"perMill","Revesz & Coplen 2012a",,
"52f5f0e2-e03c-4aea-b02d-b1256478c168","D05","LIRO","LIRO.AOS.buoy.c1","2018-10-01","LIRO.C1.20181001.POM.1","A00000007357","condition ok","SIRFER Lab at University of Utah","2019-01-25","ElFtGy1kV49xqNP00HfxQA==","POM","1",200,25,100,"d15N",0.53,"perMill","Revesz & Coplen 2012a",,
"cd05e4c5-8a44-46ce-a189-94a14f00458d","D05","LIRO","LIRO.AOS.buoy.c1","2018-10-01","LIRO.C1.20181001.POM.1","A00000007357","condition ok","SIRFER Lab at University of Utah","2019-01-25","ElFtGy1kV49xqNP00HfxQA==","POM","1",200,25,100,"nitrogen",108.94,"microgramsPerLiter","Revesz & Coplen 2012a",,
"087d2092-69ec-48ca-a7b1-b32575c09ad9","D05","LIRO","LIRO.AOS.buoy.c1","2018-10-01","LIRO.C1.20181001.POM.1","A00000007357","condition ok","SIRFER Lab at University of Utah","2019-01-25","ElFtGy1kV49xqNP00HfxQA==","POM","1",200,25,100,"carbon",779.86,"microgramsPerLiter","Revesz & Coplen 2012a",,
