uid,domainID,siteID,namedLocation,decimalLatitude,decimalLongitude,coordinateUncertainty,additionalCoordUncertainty,elevation,elevationUncertainty,geodeticDatum,altLocation,altLatitude,altLongitude,altCoordinateUncertainty,altGeodeticDatum,collectDate,aquaticSiteType,samplingImpractical,parentSampleID,parentSampleCode,eventID,samplerType,dissolvedOxygen,dissolvedOxygenSaturation,specificConductance,waterTemp,asiSamplingProtocolVersion,lowerSegmentDepth,upperSegmentDepth,maxDepth,lakeSampleDepth1,lakeSampleDepth2,aCollectedBy,bCollectedBy,remarks,fieldDataQF
"ebd0086d-b0b4-4833-b9ba-d99675a0a5b8","D19","CARI","CARI.AOS.S2",65.153073,-147.501999,0.1,10.0,225.4,0.0,"WGS84",,,,,,"2018-07-04T19:00Z","stream",,"CARI.SS.20180704",,"CARI.20180704","Grab",13.40,105.00,73.80,4.20,"NEON.DOC.001886vF",,,,,,"jhill1@battelleecology.org","jhill1@battelleecology.org",,
"28c098d0-f33d-447b-979c-c291197cdb70","D19","CARI","CARI.AOS.S2",65.153073,-147.501999,0.1,10.0,225.4,0.0,"WGS84",,,,,,"2018-07-11T19:15Z","stream",,"CARI.SS.20180711",,"CARI.20180711","Grab",12.40,98.00,80.60,4.30,"NEON.DOC.001886vF",,,,,,"gdukelow@battelleecology.org","gdukelow@battelleecology.org",,
"5f8c1621-0144-4b49-8b93-ea0a6df60d61","D19","CARI","CARI.AOS.S2",65.153073,-147.501999,0.1,10.0,225.4,0.0,"WGS84",,,,,,"2018-07-18T18:35Z","stream",,"CARI.SS.20180718",,"CARI.20180718","Grab",13.20,101.00,81.10,3.50,"NEON.DOC.001886vF",,,,,,"gdukelow@battelleecology.org","gdukelow@battelleecology.org",,
"6330635f-c1a7-4866-9f51-5c8b27a2a8df","D19","CARI","CARI.AOS.S2",65.153073,-147.501999,0.1,10.0,225.4,0.0,"WGS84",,,,,,"2018-07-25T21:03Z","stream",,"CARI.SS.20180725",,"CARI.20180725","Grab",13.90,113.00,89.70,6.10,"NEON.DOC.001886vF",,,,,,"jcelmer@battelleecology.org","jhill1@battelleecology.org",,
