uid,domainID,siteID,namedLocation,collectDate,analysisDate,isotopeH2OSampleID,isotopeH2OSampleCode,instrumentSN,d18OWater,d2HWater,d18OsdWater,d2HsdWater,isotopeH2OExternalLabQF,laboratoryName,analyzedBy,sampleCondition,externalRemarks,externalLabDataQF
"2690bd24-e32c-4faa-b229-4259583d4540","D19","CARI","CARI.AOS.S2","2018-07-04","2018-09-07","CARI.SS.20180704.H2O.1","A00000027436","HIDS2052",-19.15,-148.50,0.02,0.11,0,"SIRFER Lab at University of Utah","OlSmE6RRn5QQH8tvUHmK5i/poYiQr6sd","OK",,
"fd4490ef-f0dc-4cef-bc4c-891e9262c650","D19","CARI","CARI.AOS.S2","2018-07-11","2018-09-07","CARI.SS.20180711.H2O.1","A00000027486","HIDS2052",-19.37,-149.37,0.03,0.10,0,"SIRFER Lab at University of Utah","OlSmE6RRn5QQH8tvUHmK5i/poYiQr6sd","OK",,
"e49770f2-7d29-474d-b4c8-eae3225b3631","D19","CARI","CARI.AOS.S2","2018-07-18","2018-09-07","CARI.SS.20180718.H2O.1","A00000029258","HIDS2052",-19.17,-148.53,0.03,0.10,0,"SIRFER Lab at University of Utah","OlSmE6RRn5QQH8tvUHmK5i/poYiQr6sd","OK",,
"bf43fa35-db9d-41c7-85a2-fe1a6d3e4cda","D19","CARI","CARI.AOS.S2","2018-07-25","2018-09-07","CARI.SS.20180725.H2O.1","A00000027498","HIDS2052",-19.28,-148.25,0.04,0.31,0,"SIRFER Lab at University of Utah","OlSmE6RRn5QQH8tvUHmK5i/poYiQr6sd","OK",,
