uid,domainID,siteID,namedLocation,collectDate,parentSampleID,parentSampleCode,isotopeH2OSampleCond,isotopeH2OSampleID,isotopeH2OSampleCode,isotopePOMRep2SampleCond,isotopePOMRep2SampleID,isotopePOMRep2SampleCode,isotopePOMSampleCond,isotopePOMSampleID,isotopePOMSampleCode,processedDateFilters,processedDateH2OIsotopes,sampleVolumeFilteredPOMRep1,sampleVolumeFilteredPOMRep2,fieldDataQF
"8086c48e-564e-4888-8251-eb48bd59ad7c","D19","CARI","CARI.AOS.S2","2018-07-04T19:00Z","CARI.SS.20180704",,"Sample condition ok","CARI.SS.20180704.H2O.1","A00000027436","Sample condition ok","CARI.SS.20180704.POM.2","A00000028518","Sample condition ok","CARI.SS.20180704.POM.1","A00000028517","2018-07-04T22:15Z","2018-07-04T22:15Z",750,750,
"3d8ca77d-f401-4cc0-9252-591832852413","D19","CARI","CARI.AOS.S2","2018-07-11T19:15Z","CARI.SS.20180711",,"Sample condition ok","CARI.SS.20180711.H2O.1","A00000027486","Sample condition ok","CARI.SS.20180711.POM.2","A00000028511","Sample condition ok","CARI.SS.20180711.POM.1","A00000028512","2018-07-11T22:45Z","2018-07-11T22:45Z",750,750,
"146c85ce-863b-458e-a483-37cdd4b4f863","D19","CARI","CARI.AOS.S2","2018-07-18T18:35Z","CARI.SS.20180718",,"Sample condition ok","CARI.SS.20180718.H2O.1","A00000029258","Sample condition ok","CARI.SS.20180718.POM.2","A00000029262","Sample condition ok","CARI.SS.20180718.POM.1","A00000029261","2018-07-18T22:53Z","2018-07-18T22:53Z",1000,1000,
"44ec1cbb-5d51-42f7-bcbd-ee1f49843bb5","D19","CARI","CARI.AOS.S2","2018-07-25T21:03Z","CARI.SS.20180725",,"Sample condition ok","CARI.SS.20180725.H2O.1","A00000027498","Sample condition ok","CARI.SS.20180725.POM.2","A00000029284","Sample condition ok","CARI.SS.20180725.POM.1","A00000029285","2018-07-26T00:05Z","2018-07-26T00:05Z",750,750,
