uid,domainID,siteID,namedLocation,collectDate,sampleID,sampleCode,sampleCondition,laboratoryName,analysisDate,analyzedBy,sampleType,replicate,sampleVolumeFiltered,filterSize,percentFilterAnalyzed,analyte,analyteConcentration,plantAlgaeLabUnits,method,externalRemarks,externalLabDataQF
"8e48fe45-aaa7-4034-a00e-25cb3fbe96b3","D19","CARI","CARI.AOS.S2","2018-07-04","CARI.SS.20180704.POM.1","A00000028517","condition ok","SIRFER Lab at University of Utah","2018-08-02","ElFtGy1kV49xqNP00HfxQA==","POM","1",750,25,100,"nitrogen",26.38,"microgramsPerLiter","Revesz & Coplen 2012a",,
"c4ef4bf2-7ff0-4892-a742-60baa794aeb2","D19","CARI","CARI.AOS.S2","2018-07-04","CARI.SS.20180704.POM.1","A00000028517","condition ok","SIRFER Lab at University of Utah","2018-08-02","ElFtGy1kV49xqNP00HfxQA==","POM","1",750,25,100,"d15N",1.91,"perMill","Revesz & Coplen 2012a",,
"135f54c8-96a4-4dfd-91c9-ecf09a90619b","D19","CARI","CARI.AOS.S2","2018-07-04","CARI.SS.20180704.POM.1","A00000028517","condition ok","SIRFER Lab at University of Utah","2018-08-02","ElFtGy1kV49xqNP00HfxQA==","POM","1",750,25,100,"carbon",356.75,"microgramsPerLiter","Revesz & Coplen 2012a",,
"fa2aad2c-7d7c-4b63-93ec-7a39cdd3041e","D19","CARI","CARI.AOS.S2","2018-07-04","CARI.SS.20180704.POM.1","A00000028517","condition ok","SIRFER Lab at University of Utah","2018-08-02","ElFtGy1kV49xqNP00HfxQA==","POM","1",750,25,100,"d13C",-27.25,"perMill","Revesz & Coplen 2012a",,
"ab88f161-3df9-4912-b471-6837aa93875c","D19","CARI","CARI.AOS.S2","2018-07-11","CARI.SS.20180711.POM.1","A00000028512","condition ok","SIRFER Lab at University of Utah","2018-12-14","ElFtGy1kV49xqNP00HfxQA==","POM","1",750,25,100,"carbon",236.69,"microgramsPerLiter","Revesz & Coplen 2012a",,
"22cee2dd-9618-4d3e-9e8a-8360d6796671","D19","CARI","CARI.AOS.S2","2018-07-11","CARI.SS.20180711.POM.1","A00000028512","condition ok","SIRFER Lab at University of Utah","2018-12-14","ElFtGy1kV49xqNP00HfxQA==","POM","1",750,25,100,"d15N",-27.09,"perMill","Revesz & Coplen 2012a",,
"afb8c494-3904-4141-92f5-1977d3006d1c","D19","CARI","CARI.AOS.S2","2018-07-11","CARI.SS.20180711.POM.1","A00000028512","condition ok","SIRFER Lab at University of Utah","2018-12-14","ElFtGy1kV49xqNP00HfxQA==","POM","1",750,25,100,"d13C",16.34,"perMill","Revesz & Coplen 2012a",,
"f6697248-63db-49d0-94f4-d7c04cc6258c","D19","CARI","CARI.AOS.S2","2018-07-11","CARI.SS.20180711.POM.1","A00000028512","condition ok","SIRFER Lab at University of Utah","2018-12-14","ElFtGy1kV49xqNP00HfxQA==","POM","1",750,25,100,"nitrogen",1.81,"microgramsPerLiter","Revesz & Coplen 2012a",,
"8331a684-9c16-4c6f-95ba-fc5ce2f36049","D19","CARI","CARI.AOS.S2","2018-07-18","CARI.SS.20180718.POM.1","A00000029261","condition ok","SIRFER Lab at University of Utah","2018-12-14","ElFtGy1kV49xqNP00HfxQA==","POM","1",1000,25,100,"d15N",-27.32,"perMill","Revesz & Coplen 2012a",,
"12db7733-3291-4efa-968b-a731bd2a30c7","D19","CARI","CARI.AOS.S2","2018-07-18","CARI.SS.20180718.POM.1","A00000029261","condition ok","SIRFER Lab at University of Utah","2018-12-14","ElFtGy1kV49xqNP00HfxQA==","POM","1",1000,25,100,"nitrogen",3.22,"microgramsPerLiter","Revesz & Coplen 2012a",,
"65af9849-c42d-47c1-9bb8-4da5d007291b","D19","CARI","CARI.AOS.S2","2018-07-18","CARI.SS.20180718.POM.1","A00000029261","condition ok","SIRFER Lab at University of Utah","2018-12-14","ElFtGy1kV49xqNP00HfxQA==","POM","1",1000,25,100,"carbon",189.33,"microgramsPerLiter","Revesz & Coplen 2012a",,
"a72fd47f-230a-4d9d-be93-7cc0bde0255b","D19","CARI","CARI.AOS.S2","2018-07-18","CARI.SS.20180718.POM.1","A00000029261","condition ok","SIRFER Lab at University of Utah","2018-12-14","ElFtGy1kV49xqNP00HfxQA==","POM","1",1000,25,100,"d13C",13.24,"perMill","Revesz & Coplen 2012a",,
"7f2c294b-896a-4a50-9443-19715de37de4","D19","CARI","CARI.AOS.S2","2018-07-25","CARI.SS.20180725.POM.1","A00000029285","condition ok","SIRFER Lab at University of Utah","2018-08-30","ElFtGy1kV49xqNP00HfxQA==","POM","1",750,25,100,"d15N",5.31,"perMill","Revesz & Coplen 2012a",,
"9b32d8bc-f629-4936-84ad-d5f8f321854f","D19","CARI","CARI.AOS.S2","2018-07-25","CARI.SS.20180725.POM.1","A00000029285","condition ok","SIRFER Lab at University of Utah","2018-08-30","ElFtGy1kV49xqNP00HfxQA==","POM","1",750,25,100,"d13C",-27.29,"perMill","Revesz & Coplen 2012a",,
"15e13995-7de4-4cc7-b3be-1e324ca3b847","D19","CARI","CARI.AOS.S2","2018-07-25","CARI.SS.20180725.POM.1","A00000029285","condition ok","SIRFER Lab at University of Utah","2018-08-30","ElFtGy1kV49xqNP00HfxQA==","POM","1",750,25,100,"nitrogen",18.71,"microgramsPerLiter","Revesz & Coplen 2012a",,
"0ad4d187-2eb9-4045-a58b-35196ce9ed12","D19","CARI","CARI.AOS.S2","2018-07-25","CARI.SS.20180725.POM.1","A00000029285","condition ok","SIRFER Lab at University of Utah","2018-08-30","ElFtGy1kV49xqNP00HfxQA==","POM","1",750,25,100,"carbon",187.22,"microgramsPerLiter","Revesz & Coplen 2012a",,
