uid,domainID,siteID,namedLocation,collectDate,sampleID,sampleCode,sampleCondition,laboratoryName,analysisDate,analyzedBy,sampleType,replicate,sampleVolumeFiltered,filterSize,percentFilterAnalyzed,analyte,analyteConcentration,plantAlgaeLabUnits,method,externalRemarks,externalLabDataQF
"134f1054-f616-4728-87a3-8bc97ee20dc6","D11","BLUE","BLUE.AOS.S2","2019-03-19","BLUE.SS.20190319.POM.1","A00000053288","condition ok","SIRFER Lab at University of Utah","2019-08-16","ElFtGy1kV49xqNP00HfxQA==","POM","1",500,25,100,"d15N",5.36,"perMill","Revesz & Coplen 2012a",,
"848b6d42-c2a1-44f5-aaa3-80f631eb3e69","D11","BLUE","BLUE.AOS.S2","2019-03-19","BLUE.SS.20190319.POM.1","A00000053288","condition ok","SIRFER Lab at University of Utah","2019-08-16","ElFtGy1kV49xqNP00HfxQA==","POM","1",500,25,100,"carbon",350.51,"microgramsPerLiter","Revesz & Coplen 2012a",,
"78ebafba-84b9-41ad-996e-66752ade280a","D11","BLUE","BLUE.AOS.S2","2019-03-19","BLUE.SS.20190319.POM.1","A00000053288","condition ok","SIRFER Lab at University of Utah","2019-08-16","ElFtGy1kV49xqNP00HfxQA==","POM","1",500,25,100,"nitrogen",47.98,"microgramsPerLiter","Revesz & Coplen 2012a",,
"1bdde3cc-2094-467b-b380-b24984690791","D11","BLUE","BLUE.AOS.S2","2019-03-19","BLUE.SS.20190319.POM.1","A00000053288","condition ok","SIRFER Lab at University of Utah","2019-08-16","ElFtGy1kV49xqNP00HfxQA==","POM","1",500,25,100,"d13C",-29.20,"perMill","Revesz & Coplen 2012a",,
"e246f8dc-a62a-4f5f-8def-f36232391fed","D11","BLUE","BLUE.AOS.S2","2019-03-21","BLUE.SS.20190321.POM.1","A00000053291","condition ok","SIRFER Lab at University of Utah","2019-08-16","ElFtGy1kV49xqNP00HfxQA==","POM","1",500,25,100,"d15N",5.80,"perMill","Revesz & Coplen 2012a",,
"8abcc9b5-1bdd-4df0-9115-3358767f8a89","D11","BLUE","BLUE.AOS.S2","2019-03-21","BLUE.SS.20190321.POM.1","A00000053291","condition ok","SIRFER Lab at University of Utah","2019-08-16","ElFtGy1kV49xqNP00HfxQA==","POM","1",500,25,100,"d13C",-27.95,"perMill","Revesz & Coplen 2012a",,
"de9d51dc-2b2a-44a1-b159-f257354c4a01","D11","BLUE","BLUE.AOS.S2","2019-03-21","BLUE.SS.20190321.POM.1","A00000053291","condition ok","SIRFER Lab at University of Utah","2019-08-16","ElFtGy1kV49xqNP00HfxQA==","POM","1",500,25,100,"carbon",347.06,"microgramsPerLiter","Revesz & Coplen 2012a",,
"9494bf0a-4595-4d17-91c5-5f47e211ed9d","D11","BLUE","BLUE.AOS.S2","2019-03-21","BLUE.SS.20190321.POM.1","A00000053291","condition ok","SIRFER Lab at University of Utah","2019-08-16","ElFtGy1kV49xqNP00HfxQA==","POM","1",500,25,100,"nitrogen",44.51,"microgramsPerLiter","Revesz & Coplen 2012a",,
