uid,domainID,siteID,namedLocation,collectDate,sampleID,sampleCode,sampleCondition,laboratoryName,analysisDate,analyzedBy,sampleType,replicate,sampleVolumeFiltered,filterSize,percentFilterAnalyzed,analyte,analyteConcentration,plantAlgaeLabUnits,method,externalRemarks,externalLabDataQF
"4f6014b2-541b-40ed-b8e0-24b1af2cc9e9","D06","KING","KING.AOS.reach","2017-12-05","KING.RE.20171205.POM.1",,"condition ok","SIRFER Lab at University of Utah","2018-08-02","ElFtGy1kV49xqNP00HfxQA==","POM","1",165,25,100,"carbon",885.94,"microgramsPerLiter","Revesz & Coplen 2012a",,
"00571694-5092-4b38-b6a9-a565cd2990fd","D06","KING","KING.AOS.reach","2017-12-05","KING.RE.20171205.POM.1",,"condition ok","SIRFER Lab at University of Utah","2018-08-02","ElFtGy1kV49xqNP00HfxQA==","POM","1",165,25,100,"d15N",4.00,"perMill","Revesz & Coplen 2012a",,
"136fffb6-0626-479b-a46a-1d2dabbe33a5","D06","KING","KING.AOS.reach","2017-12-05","KING.RE.20171205.POM.1",,"condition ok","SIRFER Lab at University of Utah","2018-08-02","ElFtGy1kV49xqNP00HfxQA==","POM","1",165,25,100,"nitrogen",136.07,"microgramsPerLiter","Revesz & Coplen 2012a",,
"6847cf1a-528f-4908-9599-4e231af882d0","D06","KING","KING.AOS.reach","2017-12-05","KING.RE.20171205.POM.1",,"condition ok","SIRFER Lab at University of Utah","2018-08-02","ElFtGy1kV49xqNP00HfxQA==","POM","1",165,25,100,"d13C",-25.63,"perMill","Revesz & Coplen 2012a",,
