uid,domainID,siteID,namedLocation,collectDate,sampleID,sampleCode,sampleCondition,laboratoryName,analysisDate,analyzedBy,sampleType,replicate,sampleVolumeFiltered,filterSize,percentFilterAnalyzed,analyte,analyteConcentration,plantAlgaeLabUnits,method,externalRemarks,externalLabDataQF
"d743cded-7b7c-4c72-99bc-fb1dd5132f5f","D08","TOMB","TOMB.AOS.buoy.c0","2019-02-07","TOMB.C0.20190207.POM.1","A00000048002","condition ok","SIRFER Lab at University of Utah","2019-04-18","ElFtGy1kV49xqNP00HfxQA==","POM","1",100,25,100,"d13C",-28.30,"perMill","Revesz & Coplen 2012a",,
"5b344c93-9678-4b8e-baf5-30b967d309e9","D08","TOMB","TOMB.AOS.buoy.c0","2019-02-07","TOMB.C0.20190207.POM.1","A00000048002","condition ok","SIRFER Lab at University of Utah","2019-04-18","ElFtGy1kV49xqNP00HfxQA==","POM","1",100,25,100,"d15N",4.02,"perMill","Revesz & Coplen 2012a",,
"ee2b0e32-2a05-4314-b073-51a1003e38c6","D08","TOMB","TOMB.AOS.buoy.c0","2019-02-07","TOMB.C0.20190207.POM.1","A00000048002","condition ok","SIRFER Lab at University of Utah","2019-04-18","ElFtGy1kV49xqNP00HfxQA==","POM","1",100,25,100,"carbon",1027.16,"microgramsPerLiter","Revesz & Coplen 2012a",,
"76fac2f3-f051-4893-a7a1-2f1a2dd45e2e","D08","TOMB","TOMB.AOS.buoy.c0","2019-02-07","TOMB.C0.20190207.POM.1","A00000048002","condition ok","SIRFER Lab at University of Utah","2019-04-18","ElFtGy1kV49xqNP00HfxQA==","POM","1",100,25,100,"nitrogen",118.37,"microgramsPerLiter","Revesz & Coplen 2012a",,
"6367246c-6297-4025-8087-fc33b704e54f","D08","TOMB","TOMB.AOS.buoy.c0","2019-02-12","TOMB.C0.20190212.POM.1","A00000048005","condition ok","SIRFER Lab at University of Utah","2019-04-18","ElFtGy1kV49xqNP00HfxQA==","POM","1",100,25,100,"d13C",-28.19,"perMill","Revesz & Coplen 2012a",,
"f3bc27c8-42ea-47e9-bc9a-a801bf0a4ad5","D08","TOMB","TOMB.AOS.buoy.c0","2019-02-12","TOMB.C0.20190212.POM.1","A00000048005","condition ok","SIRFER Lab at University of Utah","2019-04-18","ElFtGy1kV49xqNP00HfxQA==","POM","1",100,25,100,"d15N",4.51,"perMill","Revesz & Coplen 2012a",,
"6e9add75-5ddb-45f2-91bc-be0cde051fe5","D08","TOMB","TOMB.AOS.buoy.c0","2019-02-12","TOMB.C0.20190212.POM.1","A00000048005","condition ok","SIRFER Lab at University of Utah","2019-04-18","ElFtGy1kV49xqNP00HfxQA==","POM","1",100,25,100,"carbon",939.12,"microgramsPerLiter","Revesz & Coplen 2012a",,
"d1aa02d9-7870-4b2f-b0d1-05aaac2a2c26","D08","TOMB","TOMB.AOS.buoy.c0","2019-02-12","TOMB.C0.20190212.POM.1","A00000048005","condition ok","SIRFER Lab at University of Utah","2019-04-18","ElFtGy1kV49xqNP00HfxQA==","POM","1",100,25,100,"nitrogen",120.54,"microgramsPerLiter","Revesz & Coplen 2012a",,
