uid,domainID,siteID,namedLocation,collectDate,sampleID,sampleCode,sampleCondition,laboratoryName,analysisDate,analyzedBy,sampleType,replicate,sampleVolumeFiltered,filterSize,percentFilterAnalyzed,analyte,analyteConcentration,plantAlgaeLabUnits,method,externalRemarks,externalLabDataQF
"59a606fe-423c-4ea1-96e3-e02d2e315ee5","D05","LIRO","LIRO.AOS.buoy.c0","2019-04-30","LIRO.C0.20190430.POM.1","A00000076000","condition ok","SIRFER Lab at University of Utah","2019-09-09","ElFtGy1kV49xqNP00HfxQA==","POM","1",200,25,100,"d15N",3.83,"perMill","Revesz & Coplen 2012a",,
"a8c800ab-fe65-44e6-82f0-eb4c5fc7c245","D05","LIRO","LIRO.AOS.buoy.c0","2019-04-30","LIRO.C0.20190430.POM.1","A00000076000","condition ok","SIRFER Lab at University of Utah","2019-09-09","ElFtGy1kV49xqNP00HfxQA==","POM","1",200,25,100,"nitrogen",129.73,"microgramsPerLiter","Revesz & Coplen 2012a",,
"c0047dc1-9a9c-4be4-9e53-eb643574156b","D05","LIRO","LIRO.AOS.buoy.c0","2019-04-30","LIRO.C0.20190430.POM.1","A00000076000","condition ok","SIRFER Lab at University of Utah","2019-09-09","ElFtGy1kV49xqNP00HfxQA==","POM","1",200,25,100,"d13C",-35.50,"perMill","Revesz & Coplen 2012a",,
"4694ca03-1007-44bc-a535-04ea2c7904aa","D05","LIRO","LIRO.AOS.buoy.c0","2019-04-30","LIRO.C0.20190430.POM.1","A00000076000","condition ok","SIRFER Lab at University of Utah","2019-09-09","ElFtGy1kV49xqNP00HfxQA==","POM","1",200,25,100,"carbon",1005.55,"microgramsPerLiter","Revesz & Coplen 2012a",,
