uid,domainID,siteID,namedLocation,collectDate,sampleID,sampleCode,sampleCondition,laboratoryName,analysisDate,analyzedBy,sampleType,replicate,sampleVolumeFiltered,filterSize,percentFilterAnalyzed,analyte,analyteConcentration,plantAlgaeLabUnits,method,externalRemarks,externalLabDataQF
"2b1be94e-7052-4171-b1a5-1f3252662fc2","D10","ARIK","ARIK.AOS.S2","2016-12-06","ARIK.SS.20161206.POM.2",,"other","Academy of Natural Sciences of Drexel University","2017-06-14","OKgcKejxXbI=","13C15N","2",,,100,"d13C",,"perMill",,"analysis corrupted during run",
"0959f6e6-e583-41a2-8f2d-7cef1db7f7ed","D10","ARIK","ARIK.AOS.S2","2016-12-06","ARIK.SS.20161206.POM.2",,"other","Academy of Natural Sciences of Drexel University","2017-06-14","OKgcKejxXbI=","13C15N","2",,,100,"d15N",,"perMill",,"analysis corrupted during run",
"268a1164-69f7-4a0b-956b-95b20dd00c86","D10","ARIK","ARIK.AOS.S2","2016-12-06","ARIK.SS.20161206.POM.1",,"condition ok","Academy of Natural Sciences of Drexel University","2017-04-12","OKgcKejxXbI=","13C15N","1",,,100,"d15N",6.18,"perMill",,,
"d1ea2cc3-69d3-45ea-a023-9abe2bceaba7","D10","ARIK","ARIK.AOS.S2","2016-12-06","ARIK.SS.20161206.POM.1",,"condition ok","Academy of Natural Sciences of Drexel University","2017-04-12","OKgcKejxXbI=","13C15N","1",,,100,"d13C",-26.76,"perMill",,,
