uid,domainID,siteID,namedLocation,collectDate,sampleID,sampleCode,sampleCondition,laboratoryName,analysisDate,analyzedBy,sampleType,replicate,sampleVolumeFiltered,filterSize,percentFilterAnalyzed,analyte,analyteConcentration,plantAlgaeLabUnits,method,externalRemarks,externalLabDataQF
"95e75988-eba3-4c51-90d8-d5d24f698b49","D19","CARI","CARI.AOS.S2","2018-06-13","CARI.SS.20180613.POM.1","A00000029006","condition ok","SIRFER Lab at University of Utah","2018-08-02","ElFtGy1kV49xqNP00HfxQA==","POM","1",750,25,100,"d15N",4.12,"perMill","Revesz & Coplen 2012a",,
"755e55d3-85be-455a-8c8e-1d7df6bcf17a","D19","CARI","CARI.AOS.S2","2018-06-13","CARI.SS.20180613.POM.1","A00000029006","condition ok","SIRFER Lab at University of Utah","2018-08-02","ElFtGy1kV49xqNP00HfxQA==","POM","1",750,25,100,"nitrogen",18.81,"microgramsPerLiter","Revesz & Coplen 2012a",,
"5339d0dd-e264-4d42-a183-ca118edbbbe6","D19","CARI","CARI.AOS.S2","2018-06-13","CARI.SS.20180613.POM.1","A00000029006","condition ok","SIRFER Lab at University of Utah","2018-08-02","ElFtGy1kV49xqNP00HfxQA==","POM","1",750,25,100,"d13C",-27.37,"perMill","Revesz & Coplen 2012a",,
"b19ff1f3-df78-4aec-bc02-afe973114f93","D19","CARI","CARI.AOS.S2","2018-06-13","CARI.SS.20180613.POM.1","A00000029006","condition ok","SIRFER Lab at University of Utah","2018-08-02","ElFtGy1kV49xqNP00HfxQA==","POM","1",750,25,100,"carbon",239.30,"microgramsPerLiter","Revesz & Coplen 2012a",,
"023a2e1b-bbc0-4542-b711-8164e7dee4b6","D19","CARI","CARI.AOS.S2","2018-06-19","CARI.SS.20180619.POM.1","A00000028525","condition ok","SIRFER Lab at University of Utah","2018-08-02","ElFtGy1kV49xqNP00HfxQA==","POM","1",750,25,100,"d13C",-27.23,"perMill","Revesz & Coplen 2012a",,
"db858f43-082e-4baa-939e-4434a2b19407","D19","CARI","CARI.AOS.S2","2018-06-19","CARI.SS.20180619.POM.1","A00000028525","condition ok","SIRFER Lab at University of Utah","2018-08-02","ElFtGy1kV49xqNP00HfxQA==","POM","1",750,25,100,"carbon",245.77,"microgramsPerLiter","Revesz & Coplen 2012a",,
"5321ab3d-5da7-4434-95fc-d59aebf417a3","D19","CARI","CARI.AOS.S2","2018-06-19","CARI.SS.20180619.POM.1","A00000028525","condition ok","SIRFER Lab at University of Utah","2018-08-02","ElFtGy1kV49xqNP00HfxQA==","POM","1",750,25,100,"nitrogen",18.40,"microgramsPerLiter","Revesz & Coplen 2012a",,
"9ca171cd-5de0-473a-b916-7429e819fc2a","D19","CARI","CARI.AOS.S2","2018-06-19","CARI.SS.20180619.POM.1","A00000028525","condition ok","SIRFER Lab at University of Utah","2018-08-02","ElFtGy1kV49xqNP00HfxQA==","POM","1",750,25,100,"d15N",3.91,"perMill","Revesz & Coplen 2012a",,
"cc1cf925-f928-4a15-bf67-1f2b7c69106f","D19","CARI","CARI.AOS.S2","2018-06-26","CARI.SS.20180626.POM.1","A00000028532","condition ok","SIRFER Lab at University of Utah","2018-08-02","ElFtGy1kV49xqNP00HfxQA==","POM","1",750,25,100,"carbon",259.57,"microgramsPerLiter","Revesz & Coplen 2012a",,
"a20b94f1-45cb-4fec-876b-35417afd16f2","D19","CARI","CARI.AOS.S2","2018-06-26","CARI.SS.20180626.POM.1","A00000028532","condition ok","SIRFER Lab at University of Utah","2018-08-02","ElFtGy1kV49xqNP00HfxQA==","POM","1",750,25,100,"d15N",3.35,"perMill","Revesz & Coplen 2012a",,
"0fb0d543-6b9a-414c-827a-37fa526b77b1","D19","CARI","CARI.AOS.S2","2018-06-26","CARI.SS.20180626.POM.1","A00000028532","condition ok","SIRFER Lab at University of Utah","2018-08-02","ElFtGy1kV49xqNP00HfxQA==","POM","1",750,25,100,"nitrogen",18.19,"microgramsPerLiter","Revesz & Coplen 2012a",,
"77637363-c911-4ccd-bd1b-8d57ad6727c3","D19","CARI","CARI.AOS.S2","2018-06-26","CARI.SS.20180626.POM.1","A00000028532","condition ok","SIRFER Lab at University of Utah","2018-08-02","ElFtGy1kV49xqNP00HfxQA==","POM","1",750,25,100,"d13C",-27.81,"perMill","Revesz & Coplen 2012a",,
