uid,domainID,siteID,namedLocation,collectDate,parentSampleID,parentSampleCode,isotopeH2OSampleCond,isotopeH2OSampleID,isotopeH2OSampleCode,isotopePOMRep2SampleCond,isotopePOMRep2SampleID,isotopePOMRep2SampleCode,isotopePOMSampleCond,isotopePOMSampleID,isotopePOMSampleCode,processedDateFilters,processedDateH2OIsotopes,sampleVolumeFilteredPOMRep1,sampleVolumeFilteredPOMRep2,fieldDataQF
"d7d30516-e0c7-494d-8688-eb296bf59283","D16","MCRA","MCRA.AOS.S2","2019-08-01T17:04Z","MCRA.SS.20190801",,"Sample condition ok","MCRA.SS.20190801.H2O.1","A00000106237","Sample condition ok","MCRA.SS.20190801.POM.2","A00000106263","Sample condition ok","MCRA.SS.20190801.POM.1","A00000106264","2019-08-01T18:50Z","2019-08-01T18:50Z",1500,1500,
"0dbf37b2-8e56-4fcb-aa9c-0e95535b2f32","D16","MCRA","MCRA.AOS.S2","2019-08-06T16:01Z","MCRA.SS.20190806",,"Sample condition ok","MCRA.SS.20190806.H2O.1","B00000041302","Sample condition ok","MCRA.SS.20190806.POM.2","A00000105966","Sample condition ok","MCRA.SS.20190806.POM.1","A00000105968","2019-08-07T06:25Z","2019-08-06T16:11Z",1500,1500,
"8b6e67de-4aea-4e4a-aba6-6dcd826dc46c","D16","MCRA","MCRA.AOS.S2","2019-08-20T15:45Z","MCRA.SS.20190820",,"Sample condition ok","MCRA.SS.20190820.H2O.1","A00000139411","Sample condition ok","MCRA.SS.20190820.POM.2","A00000139498","Sample condition ok","MCRA.SS.20190820.POM.1","A00000139499","2019-08-20T18:06Z","2019-08-20T16:15Z",1500,1500,
"1dd102d9-ccb6-44fb-882a-c4c4350ba64f","D16","MCRA","MCRA.AOS.S2","2019-08-27T15:31Z","MCRA.SS.20190827",,"Sample condition ok","MCRA.SS.20190827.H2O.1","A00000139415","Sample condition ok","MCRA.SS.20190827.POM.2","A00000139401","Sample condition ok","MCRA.SS.20190827.POM.1","A00000139399","2019-08-27T16:15Z","2019-08-27T15:30Z",1500,1500,
