uid,domainID,siteID,namedLocation,collectDate,analysisDate,isotopeH2OSampleID,isotopeH2OSampleCode,instrumentSN,d18OWater,d2HWater,d18OsdWater,d2HsdWater,isotopeH2OExternalLabQF,laboratoryName,analyzedBy,sampleCondition,externalRemarks,externalLabDataQF
"e772ead3-69e5-492a-b0d9-4470efad9df6","D16","MCRA","MCRA.AOS.S2","2019-08-01","2019-10-01","MCRA.SS.20190801.H2O.1","A00000106237","HIDS2052",-11.25,-76.55,0.03,0.09,0,"SIRFER Lab at University of Utah","OlSmE6RRn5QQH8tvUHmK5i/poYiQr6sd","OK",,
"c1724104-806d-4c2a-9a0b-1ac2b49dab0f","D16","MCRA","MCRA.AOS.S2","2019-08-06","2019-10-01","MCRA.SS.20190806.H2O.1","B00000041302","HIDS2052",-11.23,-76.59,0.03,0.15,0,"SIRFER Lab at University of Utah","OlSmE6RRn5QQH8tvUHmK5i/poYiQr6sd","OK",,
"45295f96-6046-40c0-a605-dcf4eda0a7eb","D16","MCRA","MCRA.AOS.S2","2019-08-20","2019-10-01","MCRA.SS.20190820.H2O.1","A00000139411","HIDS2052",-11.15,-76.22,0.04,0.20,0,"SIRFER Lab at University of Utah","OlSmE6RRn5QQH8tvUHmK5i/poYiQr6sd","OK",,
"ec3cf81e-19ff-42a1-9e91-4b869c171a97","D16","MCRA","MCRA.AOS.S2","2019-08-27","2019-10-01","MCRA.SS.20190827.H2O.1","A00000139415","HIDS2052",-11.15,-76.40,0.02,0.17,0,"SIRFER Lab at University of Utah","OlSmE6RRn5QQH8tvUHmK5i/poYiQr6sd","OK",,
