uid,domainID,siteID,namedLocation,decimalLatitude,decimalLongitude,coordinateUncertainty,additionalCoordUncertainty,elevation,elevationUncertainty,geodeticDatum,altLocation,altLatitude,altLongitude,altCoordinateUncertainty,altGeodeticDatum,collectDate,aquaticSiteType,samplingImpractical,parentSampleID,parentSampleCode,eventID,samplerType,dissolvedOxygen,dissolvedOxygenSaturation,specificConductance,waterTemp,asiSamplingProtocolVersion,lowerSegmentDepth,upperSegmentDepth,maxDepth,lakeSampleDepth1,lakeSampleDepth2,aCollectedBy,bCollectedBy,remarks,fieldDataQF
"6ae67d6b-f393-4f0e-b884-48f6000d9191","D16","MCRA","MCRA.AOS.S2",44.258957,-122.165861,0.1,10.0,864.1,0.0,"WGS84",,,,,,"2019-08-01T17:04Z","stream",,"MCRA.SS.20190801",,"MCRA.20190801","Grab",,,,,"NEON.DOC.001886vF",,,,,,"0000-0002-7203-5072","0000-0002-7203-5072",,
"2d979468-d98d-4747-8fc0-80bb605c9c60","D16","MCRA","MCRA.AOS.S2",44.258957,-122.165861,0.1,10.0,864.1,0.0,"WGS84",,,,,,"2019-08-06T16:01Z","stream",,"MCRA.SS.20190806",,"MCRA.20190806","Grab",9.10,94.40,28.70,12.90,"NEON.DOC.001886vF",,,,,,"0000-0002-2939-423X","0000-0002-4400-4199",,
"86fb68b1-62f1-426c-9dfa-a9798d0cda9b","D16","MCRA","MCRA.AOS.S2",44.258957,-122.165861,0.1,10.0,864.1,0.0,"WGS84",,,,,,"2019-08-20T15:45Z","stream",,"MCRA.SS.20190820",,"MCRA.20190820","Grab",8.68,87.90,28.60,11.90,"NEON.DOC.001886vF",,,,,,"0000-0002-2568-9700","0000-0002-2568-9700",,
"f94984b9-e144-46ba-92a9-b13bcb63e58a","D16","MCRA","MCRA.AOS.S2",44.258957,-122.165861,0.1,10.0,864.1,0.0,"WGS84",,,,,,"2019-08-27T15:31Z","stream",,"MCRA.SS.20190827",,"MCRA.20190827","Grab",10.04,106.00,27.80,12.00,"NEON.DOC.001886vF",,,,,,"0000-0002-2568-9700","0000-0002-2568-9700",,
