uid,domainID,siteID,namedLocation,collectDate,sampleID,sampleCode,sampleCondition,laboratoryName,analysisDate,analyzedBy,sampleType,replicate,sampleVolumeFiltered,filterSize,percentFilterAnalyzed,analyte,analyteConcentration,plantAlgaeLabUnits,method,externalRemarks,externalLabDataQF
"7baadfe7-5997-4d0c-b83e-a326c0905f05","D16","MCRA","MCRA.AOS.S2","2018-04-17","MCRA.SS.20180417.POM.1","A00000025726","condition ok","SIRFER Lab at University of Utah","2018-07-26","ElFtGy1kV49xqNP00HfxQA==","POM","1",1500,25,100,"nitrogen",3.86,"microgramsPerLiter","Revesz & Coplen 2012a",,
"34100864-b75d-4b32-902a-b3d14bb3934a","D16","MCRA","MCRA.AOS.S2","2018-04-17","MCRA.SS.20180417.POM.1","A00000025726","condition ok","SIRFER Lab at University of Utah","2018-07-26","ElFtGy1kV49xqNP00HfxQA==","POM","1",1500,25,100,"d13C",-26.82,"perMill","Revesz & Coplen 2012a",,
"9a3dff5c-28d5-4c84-b45e-d6c9048d1865","D16","MCRA","MCRA.AOS.S2","2018-04-17","MCRA.SS.20180417.POM.1","A00000025726","condition ok","SIRFER Lab at University of Utah","2018-07-26","ElFtGy1kV49xqNP00HfxQA==","POM","1",1500,25,100,"d15N",2.36,"perMill","Revesz & Coplen 2012a",,
"56bb3bea-b6cc-4f68-8b75-0248f35d3b30","D16","MCRA","MCRA.AOS.S2","2018-04-17","MCRA.SS.20180417.POM.1","A00000025726","condition ok","SIRFER Lab at University of Utah","2018-07-26","ElFtGy1kV49xqNP00HfxQA==","POM","1",1500,25,100,"carbon",69.36,"microgramsPerLiter","Revesz & Coplen 2012a",,
"8447b3f5-0986-4a1b-b3cb-c78b0e90e4bb","D16","MCRA","MCRA.AOS.S2","2018-04-24","MCRA.SS.20180424.POM.1","A00000025751","condition ok","SIRFER Lab at University of Utah","2018-07-26","ElFtGy1kV49xqNP00HfxQA==","POM","1",1500,25,100,"carbon",68.21,"microgramsPerLiter","Revesz & Coplen 2012a",,
"0058e53b-ede3-4816-b460-b2d9d9155f59","D16","MCRA","MCRA.AOS.S2","2018-04-24","MCRA.SS.20180424.POM.1","A00000025751","condition ok","SIRFER Lab at University of Utah","2018-07-26","ElFtGy1kV49xqNP00HfxQA==","POM","1",1500,25,100,"nitrogen",3.46,"microgramsPerLiter","Revesz & Coplen 2012a",,
"3cb4ca60-186e-40de-9547-863205651a25","D16","MCRA","MCRA.AOS.S2","2018-04-24","MCRA.SS.20180424.POM.1","A00000025751","condition ok","SIRFER Lab at University of Utah","2018-07-26","ElFtGy1kV49xqNP00HfxQA==","POM","1",1500,25,100,"d15N",1.02,"perMill","Revesz & Coplen 2012a",,
"a6711e0b-0bb9-453c-b6d9-e7bd8747010e","D16","MCRA","MCRA.AOS.S2","2018-04-24","MCRA.SS.20180424.POM.1","A00000025751","condition ok","SIRFER Lab at University of Utah","2018-07-26","ElFtGy1kV49xqNP00HfxQA==","POM","1",1500,25,100,"d13C",-26.99,"perMill","Revesz & Coplen 2012a",,
