uid,domainID,siteID,namedLocation,collectDate,sampleID,sampleCode,sampleCondition,laboratoryName,analysisDate,analyzedBy,sampleType,replicate,sampleVolumeFiltered,filterSize,percentFilterAnalyzed,analyte,analyteConcentration,plantAlgaeLabUnits,method,externalRemarks,externalLabDataQF
"1e189889-01ad-4ea2-89e3-944a50aaad1f","D13","COMO","COMO.AOS.S2","2017-03-15","COMO.SS.20170315.POM.2",,"condition ok","SIRFER Lab at University of Utah","2018-04-06","ElFtGy1kV49xqNP00HfxQA==","POM","1",550,25,100,"d13C",-27.19,"perMill","Revesz & Coplen 2012a",,
"1cfd1adc-4d56-4a21-a95e-28d1c359d108","D13","COMO","COMO.AOS.S2","2017-03-15","COMO.SS.20170315.POM.2",,"condition ok","SIRFER Lab at University of Utah","2018-04-06","ElFtGy1kV49xqNP00HfxQA==","POM","1",550,25,100,"d15N",11.77,"perMill","Revesz & Coplen 2012a",,
"5191616c-a11d-4afc-9271-d1bc34ec8711","D13","COMO","COMO.AOS.S2","2017-03-15","COMO.SS.20170315.POM.2",,"condition ok","SIRFER Lab at University of Utah","2018-04-06","ElFtGy1kV49xqNP00HfxQA==","POM","1",550,25,100,"nitrogen",16.19,"microgramsPerLiter","Revesz & Coplen 2012a",,
"3f22e86f-c83f-450b-9b46-285675a44da2","D13","COMO","COMO.AOS.S2","2017-03-15","COMO.SS.20170315.POM.2",,"condition ok","SIRFER Lab at University of Utah","2018-04-06","ElFtGy1kV49xqNP00HfxQA==","POM","1",550,25,100,"carbon",281.25,"microgramsPerLiter","Revesz & Coplen 2012a",,
