uid,domainID,siteID,namedLocation,collectDate,sampleID,sampleCode,sampleCondition,laboratoryName,analysisDate,analyzedBy,sampleType,replicate,sampleVolumeFiltered,filterSize,percentFilterAnalyzed,analyte,analyteConcentration,plantAlgaeLabUnits,method,externalRemarks,externalLabDataQF
"62372751-3aa1-4d6f-aaed-b96a9eb627f4","D08","BLWA","BLWA.AOS.buoy.c0","2019-01-15","BLWA.C0.20190115.POM.1","A00000047990","condition ok","SIRFER Lab at University of Utah","2019-04-18","ElFtGy1kV49xqNP00HfxQA==","POM","1",100,25,100,"d15N",4.30,"perMill","Revesz & Coplen 2012a",,
"8b60a521-a664-4811-b5ed-bc0ec19aa252","D08","BLWA","BLWA.AOS.buoy.c0","2019-01-15","BLWA.C0.20190115.POM.1","A00000047990","condition ok","SIRFER Lab at University of Utah","2019-04-18","ElFtGy1kV49xqNP00HfxQA==","POM","1",100,25,100,"carbon",751.23,"microgramsPerLiter","Revesz & Coplen 2012a",,
"8473f342-418b-4d8b-a2cd-dc9f07027677","D08","BLWA","BLWA.AOS.buoy.c0","2019-01-15","BLWA.C0.20190115.POM.1","A00000047990","condition ok","SIRFER Lab at University of Utah","2019-04-18","ElFtGy1kV49xqNP00HfxQA==","POM","1",100,25,100,"d13C",-27.09,"perMill","Revesz & Coplen 2012a",,
"45fb0c6b-b4c4-4656-a53d-1e8b809461b0","D08","BLWA","BLWA.AOS.buoy.c0","2019-01-15","BLWA.C0.20190115.POM.1","A00000047990","condition ok","SIRFER Lab at University of Utah","2019-04-18","ElFtGy1kV49xqNP00HfxQA==","POM","1",100,25,100,"nitrogen",81.97,"microgramsPerLiter","Revesz & Coplen 2012a",,
"6787e4d5-9eb0-4c3a-8442-e772a94155f0","D08","BLWA","BLWA.AOS.buoy.c0","2019-01-21","BLWA.C0.20190121.POM.1","A00000047996","condition ok","SIRFER Lab at University of Utah","2019-04-18","ElFtGy1kV49xqNP00HfxQA==","POM","1",50,25,100,"carbon",1383.46,"microgramsPerLiter","Revesz & Coplen 2012a",,
"4c076cdc-7d42-4315-84f9-6a94c23d7bb8","D08","BLWA","BLWA.AOS.buoy.c0","2019-01-21","BLWA.C0.20190121.POM.1","A00000047996","condition ok","SIRFER Lab at University of Utah","2019-04-18","ElFtGy1kV49xqNP00HfxQA==","POM","1",50,25,100,"d13C",-26.90,"perMill","Revesz & Coplen 2012a",,
"043eca42-aaa7-467c-b5af-53d41d144e66","D08","BLWA","BLWA.AOS.buoy.c0","2019-01-21","BLWA.C0.20190121.POM.1","A00000047996","condition ok","SIRFER Lab at University of Utah","2019-04-18","ElFtGy1kV49xqNP00HfxQA==","POM","1",50,25,100,"nitrogen",136.84,"microgramsPerLiter","Revesz & Coplen 2012a",,
"7076d4c8-0830-4f34-bcab-c1df86dd90b3","D08","BLWA","BLWA.AOS.buoy.c0","2019-01-21","BLWA.C0.20190121.POM.1","A00000047996","condition ok","SIRFER Lab at University of Utah","2019-04-18","ElFtGy1kV49xqNP00HfxQA==","POM","1",50,25,100,"d15N",5.55,"perMill","Revesz & Coplen 2012a",,
"69aacfd4-0e4d-45cb-8d1f-ad307ad3ce39","D08","BLWA","BLWA.AOS.buoy.c0","2019-01-28","BLWA.C0.20190128.POM.1","A00000047981","condition ok","SIRFER Lab at University of Utah","2019-04-18","ElFtGy1kV49xqNP00HfxQA==","POM","1",50,25,100,"d15N",5.90,"perMill","Revesz & Coplen 2012a",,
"1474b55f-5567-4311-b137-fc229452d0e3","D08","BLWA","BLWA.AOS.buoy.c0","2019-01-28","BLWA.C0.20190128.POM.1","A00000047981","condition ok","SIRFER Lab at University of Utah","2019-04-18","ElFtGy1kV49xqNP00HfxQA==","POM","1",50,25,100,"nitrogen",177.54,"microgramsPerLiter","Revesz & Coplen 2012a",,
"69382f79-e38e-41c4-8082-f81b8bfa8e6a","D08","BLWA","BLWA.AOS.buoy.c0","2019-01-28","BLWA.C0.20190128.POM.1","A00000047981","condition ok","SIRFER Lab at University of Utah","2019-04-18","ElFtGy1kV49xqNP00HfxQA==","POM","1",50,25,100,"carbon",2032.72,"microgramsPerLiter","Revesz & Coplen 2012a",,
"0dc75057-c8f3-418b-8491-38119d951618","D08","BLWA","BLWA.AOS.buoy.c0","2019-01-28","BLWA.C0.20190128.POM.1","A00000047981","condition ok","SIRFER Lab at University of Utah","2019-04-18","ElFtGy1kV49xqNP00HfxQA==","POM","1",50,25,100,"d13C",-26.29,"perMill","Revesz & Coplen 2012a",,
