uid,domainID,siteID,namedLocation,collectDate,parentSampleID,parentSampleCode,isotopeH2OSampleCond,isotopeH2OSampleID,isotopeH2OSampleCode,isotopePOMRep2SampleCond,isotopePOMRep2SampleID,isotopePOMRep2SampleCode,isotopePOMSampleCond,isotopePOMSampleID,isotopePOMSampleCode,processedDateFilters,processedDateH2OIsotopes,sampleVolumeFilteredPOMRep1,sampleVolumeFilteredPOMRep2,fieldDataQF
"2c2f3267-ecac-4236-a975-79494a2fa91c","D05","CRAM","CRAM.AOS.buoy.c1","2018-05-07T15:38Z","CRAM.C1.20180507",,"Sample condition ok","CRAM.C1.20180507.H2O.1","A00000007820","Sample condition ok","CRAM.C1.20180507.POM.2","A00000007819","Sample condition ok","CRAM.C1.20180507.POM.1","A00000007818",,,250,250,
"07f721a2-99f9-47d0-a26a-fb2c019f4f0f","D05","CRAM","CRAM.AOS.buoy.c2","2018-05-07T16:29Z","CRAM.C2.20180507",,"Sample condition ok","CRAM.C2.20180507.H2O.1","A00000007821","Sample condition ok","CRAM.C2.20180507.POM.2","A00000007825","Sample condition ok","CRAM.C2.20180507.POM.1","A00000007824",,,250,250,
"f72658fa-3c95-456e-9d83-984f0b84205a","D05","CRAM","CRAM.AOS.buoy.c2","2018-05-22T15:44Z","CRAM.C2.20180522",,"Sample condition ok","CRAM.C2.20180522.H2O.1","A00000007743","Sample condition ok","CRAM.C2.20180522.POM.2","A00000007677","Sample condition ok","CRAM.C2.20180522.POM.1","A00000007711","2018-05-22T18:10Z","2018-05-22T18:10Z",250,250,
"d68bee43-7057-4380-b0e0-1375f0e319f6","D05","CRAM","CRAM.AOS.buoy.c1","2018-05-22T15:45Z","CRAM.C1.20180522",,"Sample condition ok","CRAM.C1.20180522.H2O.1","A00000007742","Sample condition ok","CRAM.C1.20180522.POM.2","A00000007728","Sample condition ok","CRAM.C1.20180522.POM.1","A00000007694",,"2018-05-22T17:53Z",250,250,
