uid,domainID,siteID,namedLocation,decimalLatitude,decimalLongitude,coordinateUncertainty,additionalCoordUncertainty,elevation,elevationUncertainty,geodeticDatum,altLocation,altLatitude,altLongitude,altCoordinateUncertainty,altGeodeticDatum,collectDate,aquaticSiteType,samplingImpractical,parentSampleID,parentSampleCode,eventID,samplerType,dissolvedOxygen,dissolvedOxygenSaturation,specificConductance,waterTemp,asiSamplingProtocolVersion,lowerSegmentDepth,upperSegmentDepth,maxDepth,lakeSampleDepth1,lakeSampleDepth2,aCollectedBy,bCollectedBy,remarks,fieldDataQF
"c8782407-87b6-4dbb-94fc-5f22734de5e3","D05","CRAM","CRAM.AOS.buoy.c1",46.210592,-89.476861,10.0,10.0,509.0,10.0,"WGS84",,,,,,"2018-05-07T15:38Z","lake",,"CRAM.C1.20180507",,"CRAM.20180507","Kemmerer",8.21,69.20,13.40,8.50,"NEON.DOC.001886vF",1.5,0.0,18.4,0.5,,"jbuza@battelleecology.org","tspadea@battelleecology.org",,
"eaaa0c28-84e2-42e5-99b8-363a87b11a68","D05","CRAM","CRAM.AOS.buoy.c2",46.210592,-89.476861,10.0,10.0,509.0,10.0,"WGS84",,,,,,"2018-05-07T16:29Z","lake",,"CRAM.C2.20180507",,"CRAM.20180507",,,,,,"NEON.DOC.001886vF",18.4,3.0,18.4,6.9,14.5,"jbuza@battelleecology.org","tspadea@battelleecology.org",,
"b8d4e601-13cc-4bbc-8915-887f98791dae","D05","CRAM","CRAM.AOS.buoy.c2",46.210592,-89.476861,10.0,10.0,509.0,10.0,"WGS84",,,,,,"2018-05-22T15:44Z","lake",,"CRAM.C2.20180522",,"CRAM.20180522",,,,,,"NEON.DOC.001886vF",17.0,5.0,17.0,8.0,14.0,"jbuza@battelleecology.org","dsmith1@battelleecology.org",,
"efffd3aa-c767-457b-8b19-8d1c5278f3be","D05","CRAM","CRAM.AOS.buoy.c1",46.210592,-89.476861,10.0,10.0,509.0,10.0,"WGS84",,,,,,"2018-05-22T15:45Z","lake",,"CRAM.C1.20180522",,"CRAM.20180522",,11.18,116.40,10.20,17.30,"NEON.DOC.001886vF",1.5,0.0,17.0,0.5,,"jbuza@battelleecology.org","dsmith1@battelleecology.org",,
