uid,domainID,siteID,namedLocation,collectDate,analysisDate,isotopeH2OSampleID,isotopeH2OSampleCode,instrumentSN,d18OWater,d2HWater,d18OsdWater,d2HsdWater,isotopeH2OExternalLabQF,laboratoryName,analyzedBy,sampleCondition,externalRemarks,externalLabDataQF
"b5021955-8e0a-47fb-9fd0-dbd5e86d2fbe","D05","CRAM","CRAM.AOS.buoy.c1","2018-05-07","2018-07-09","CRAM.C1.20180507.H2O.1","A00000007820","HIDS2052",-5.51,-53.19,0.03,0.21,0,"SIRFER Lab at University of Utah","OlSmE6RRn5QQH8tvUHmK5i/poYiQr6sd","OK",,
"1b4bbc93-c1b7-42ba-9d73-95f0f3013b9b","D05","CRAM","CRAM.AOS.buoy.c2","2018-05-07","2018-07-09","CRAM.C2.20180507.H2O.1","A00000007821","HIDS2052",-5.47,-52.60,0.08,0.21,0,"SIRFER Lab at University of Utah","OlSmE6RRn5QQH8tvUHmK5i/poYiQr6sd","OK",,
"dac9deb3-23fe-4a69-8569-eee4e39100fb","D05","CRAM","CRAM.AOS.buoy.c2","2018-05-22","2018-07-09","CRAM.C2.20180522.H2O.1","A00000007743","HIDS2052",-5.36,-51.70,0.05,0.06,0,"SIRFER Lab at University of Utah","OlSmE6RRn5QQH8tvUHmK5i/poYiQr6sd","OK",,
"7395eb3c-cc8d-4e46-9234-f364d5e3c982","D05","CRAM","CRAM.AOS.buoy.c1","2018-05-22","2018-07-09","CRAM.C1.20180522.H2O.1","A00000007742","HIDS2052",-5.24,-52.13,0.03,0.21,0,"SIRFER Lab at University of Utah","OlSmE6RRn5QQH8tvUHmK5i/poYiQr6sd","OK",,
