uid,domainID,siteID,namedLocation,collectDate,sampleID,sampleCode,sampleCondition,laboratoryName,analysisDate,analyzedBy,sampleType,replicate,sampleVolumeFiltered,filterSize,percentFilterAnalyzed,analyte,analyteConcentration,plantAlgaeLabUnits,method,externalRemarks,externalLabDataQF
"6779dc3d-3574-4595-b260-9df47923729d","D05","CRAM","CRAM.AOS.buoy.c1","2018-05-07","CRAM.C1.20180507.POM.1","A00000007818","condition ok","SIRFER Lab at University of Utah","2018-08-14","ElFtGy1kV49xqNP00HfxQA==","POM","1",250,25,100,"d15N",6.67,"perMill","Revesz & Coplen 2012a",,
"4ed6f022-1e90-4bd6-ac20-20695ecaf0ca","D05","CRAM","CRAM.AOS.buoy.c1","2018-05-07","CRAM.C1.20180507.POM.1","A00000007818","condition ok","SIRFER Lab at University of Utah","2018-08-14","ElFtGy1kV49xqNP00HfxQA==","POM","1",250,25,100,"d13C",-34.50,"perMill","Revesz & Coplen 2012a",,
"58bd8da4-d7cd-48d1-8c03-8fbd67ce1cd7","D05","CRAM","CRAM.AOS.buoy.c1","2018-05-07","CRAM.C1.20180507.POM.1","A00000007818","condition ok","SIRFER Lab at University of Utah","2018-08-14","ElFtGy1kV49xqNP00HfxQA==","POM","1",250,25,100,"carbon",417.28,"microgramsPerLiter","Revesz & Coplen 2012a",,
"af14cd10-c5e3-4023-901f-6a119997e278","D05","CRAM","CRAM.AOS.buoy.c1","2018-05-07","CRAM.C1.20180507.POM.1","A00000007818","condition ok","SIRFER Lab at University of Utah","2018-08-14","ElFtGy1kV49xqNP00HfxQA==","POM","1",250,25,100,"nitrogen",52.77,"microgramsPerLiter","Revesz & Coplen 2012a",,
"2af26182-8414-4ce8-8ca9-9311d13408f2","D05","CRAM","CRAM.AOS.buoy.c2","2018-05-07","CRAM.C2.20180507.POM.1","A00000007824","condition ok","SIRFER Lab at University of Utah","2018-08-14","ElFtGy1kV49xqNP00HfxQA==","POM","1",250,25,100,"nitrogen",55.25,"microgramsPerLiter","Revesz & Coplen 2012a",,
"9000ab6c-d245-46bb-ace4-8c34b21b0221","D05","CRAM","CRAM.AOS.buoy.c2","2018-05-07","CRAM.C2.20180507.POM.1","A00000007824","condition ok","SIRFER Lab at University of Utah","2018-08-14","ElFtGy1kV49xqNP00HfxQA==","POM","1",250,25,100,"carbon",455.54,"microgramsPerLiter","Revesz & Coplen 2012a",,
"45c7ea62-44af-44ed-814b-b653606cbfdf","D05","CRAM","CRAM.AOS.buoy.c2","2018-05-07","CRAM.C2.20180507.POM.1","A00000007824","condition ok","SIRFER Lab at University of Utah","2018-08-14","ElFtGy1kV49xqNP00HfxQA==","POM","1",250,25,100,"d15N",5.08,"perMill","Revesz & Coplen 2012a",,
"5c923f5e-80f6-41b3-8330-b869742fe4f8","D05","CRAM","CRAM.AOS.buoy.c2","2018-05-07","CRAM.C2.20180507.POM.1","A00000007824","condition ok","SIRFER Lab at University of Utah","2018-08-14","ElFtGy1kV49xqNP00HfxQA==","POM","1",250,25,100,"d13C",-35.12,"perMill","Revesz & Coplen 2012a",,
"caa716e7-0600-458b-8092-112c5001821e","D05","CRAM","CRAM.AOS.buoy.c2","2018-05-22","CRAM.C2.20180522.POM.1","A00000007711","condition ok","SIRFER Lab at University of Utah","2018-08-14","ElFtGy1kV49xqNP00HfxQA==","POM","1",250,25,100,"d13C",-35.62,"perMill","Revesz & Coplen 2012a",,
"f19cb2e0-ac0d-45c2-9b39-97fefb766d57","D05","CRAM","CRAM.AOS.buoy.c2","2018-05-22","CRAM.C2.20180522.POM.1","A00000007711","condition ok","SIRFER Lab at University of Utah","2018-08-14","ElFtGy1kV49xqNP00HfxQA==","POM","1",250,25,100,"nitrogen",80.18,"microgramsPerLiter","Revesz & Coplen 2012a",,
"1fbe4781-fe9b-48fc-8099-bb9fc0571d79","D05","CRAM","CRAM.AOS.buoy.c2","2018-05-22","CRAM.C2.20180522.POM.1","A00000007711","condition ok","SIRFER Lab at University of Utah","2018-08-14","ElFtGy1kV49xqNP00HfxQA==","POM","1",250,25,100,"d15N",1.49,"perMill","Revesz & Coplen 2012a",,
"98d873a5-c155-4323-921f-7922ac455fc1","D05","CRAM","CRAM.AOS.buoy.c2","2018-05-22","CRAM.C2.20180522.POM.1","A00000007711","condition ok","SIRFER Lab at University of Utah","2018-08-14","ElFtGy1kV49xqNP00HfxQA==","POM","1",250,25,100,"carbon",617.20,"microgramsPerLiter","Revesz & Coplen 2012a",,
"8403f71b-cef8-43be-bd66-8b40ca68ab14","D05","CRAM","CRAM.AOS.buoy.c1","2018-05-22","CRAM.C1.20180522.POM.1","A00000007694","condition ok","SIRFER Lab at University of Utah","2018-08-14","ElFtGy1kV49xqNP00HfxQA==","POM","1",250,25,100,"carbon",610.37,"microgramsPerLiter","Revesz & Coplen 2012a",,
"eb36102c-6cd6-4839-9c4c-d5fe9b53ab82","D05","CRAM","CRAM.AOS.buoy.c1","2018-05-22","CRAM.C1.20180522.POM.1","A00000007694","condition ok","SIRFER Lab at University of Utah","2018-08-14","ElFtGy1kV49xqNP00HfxQA==","POM","1",250,25,100,"d13C",-30.90,"perMill","Revesz & Coplen 2012a",,
"39c1b65f-0612-43ae-a027-fba001c740b7","D05","CRAM","CRAM.AOS.buoy.c1","2018-05-22","CRAM.C1.20180522.POM.1","A00000007694","condition ok","SIRFER Lab at University of Utah","2018-08-14","ElFtGy1kV49xqNP00HfxQA==","POM","1",250,25,100,"nitrogen",76.02,"microgramsPerLiter","Revesz & Coplen 2012a",,
"7e2cf6ef-0832-480c-a6b1-80bb6d699809","D05","CRAM","CRAM.AOS.buoy.c1","2018-05-22","CRAM.C1.20180522.POM.1","A00000007694","condition ok","SIRFER Lab at University of Utah","2018-08-14","ElFtGy1kV49xqNP00HfxQA==","POM","1",250,25,100,"d15N",-0.37,"perMill","Revesz & Coplen 2012a",,
