uid,domainID,siteID,namedLocation,collectDate,sampleID,sampleCode,sampleCondition,laboratoryName,analysisDate,analyzedBy,sampleType,replicate,sampleVolumeFiltered,filterSize,percentFilterAnalyzed,analyte,analyteConcentration,plantAlgaeLabUnits,method,externalRemarks,externalLabDataQF
"f381f86c-bfe4-45b0-b169-b8481ec5536a","D11","PRIN","PRIN.AOS.S2","2018-02-06","PRIN.SS.20180206.POM.1",,"condition ok","SIRFER Lab at University of Utah","2018-08-16","ElFtGy1kV49xqNP00HfxQA==","POM","1",200,25,100,"nitrogen",174.88,"microgramsPerLiter","Revesz & Coplen 2012a",,
"d92cfaac-2761-4b61-bf3a-3c42b41fb0fc","D11","PRIN","PRIN.AOS.S2","2018-02-06","PRIN.SS.20180206.POM.1",,"condition ok","SIRFER Lab at University of Utah","2018-08-16","ElFtGy1kV49xqNP00HfxQA==","POM","1",200,25,100,"d15N",9.58,"perMill","Revesz & Coplen 2012a",,
"53907d18-e4fa-44c3-82b3-38145637f1af","D11","PRIN","PRIN.AOS.S2","2018-02-06","PRIN.SS.20180206.POM.1",,"condition ok","SIRFER Lab at University of Utah","2018-08-16","ElFtGy1kV49xqNP00HfxQA==","POM","1",200,25,100,"carbon",3107.58,"microgramsPerLiter","Revesz & Coplen 2012a",,
"02f0c881-0e2b-478f-8462-8327797b863c","D11","PRIN","PRIN.AOS.S2","2018-02-06","PRIN.SS.20180206.POM.1",,"condition ok","SIRFER Lab at University of Utah","2018-08-16","ElFtGy1kV49xqNP00HfxQA==","POM","1",200,25,100,"d13C",-21.83,"perMill","Revesz & Coplen 2012a",,
