uid,domainID,siteID,namedLocation,collectDate,sampleID,sampleCode,sampleCondition,laboratoryName,analysisDate,analyzedBy,sampleType,replicate,sampleVolumeFiltered,filterSize,percentFilterAnalyzed,analyte,analyteConcentration,plantAlgaeLabUnits,method,externalRemarks,externalLabDataQF
"a81c3eea-ab44-40e1-8ade-7875c3b36ece","D07","WALK","WALK.AOS.S2","2017-11-14","WALK.SS.20171114.POM.1",,"condition ok","SIRFER Lab at University of Utah","2018-08-31","ElFtGy1kV49xqNP00HfxQA==","POM","1",1000,25,100,"d13C",-28.56,"perMill","Revesz & Coplen 2012a",,
"974699da-10cb-469b-883f-6502a014fb78","D07","WALK","WALK.AOS.S2","2017-11-14","WALK.SS.20171114.POM.1",,"condition ok","SIRFER Lab at University of Utah","2018-08-31","ElFtGy1kV49xqNP00HfxQA==","POM","1",1000,25,100,"carbon",175.49,"microgramsPerLiter","Revesz & Coplen 2012a",,
"1bc418a0-eef9-474d-a3e3-0b67e34c4165","D07","WALK","WALK.AOS.S2","2017-11-14","WALK.SS.20171114.POM.1",,"condition ok","SIRFER Lab at University of Utah","2018-08-31","ElFtGy1kV49xqNP00HfxQA==","POM","1",1000,25,100,"nitrogen",12.24,"microgramsPerLiter","Revesz & Coplen 2012a",,
"8e02419a-a8e8-4067-ace9-70e3da899eea","D07","WALK","WALK.AOS.S2","2017-11-14","WALK.SS.20171114.POM.1",,"condition ok","SIRFER Lab at University of Utah","2018-08-31","ElFtGy1kV49xqNP00HfxQA==","POM","1",1000,25,100,"d15N",2.23,"perMill","Revesz & Coplen 2012a",,
"f4cee863-795b-4a17-bd7a-7eefa7f41fb8","D07","WALK","WALK.AOS.S2","2017-11-20","WALK.SS.20171120.POM.1",,"condition ok","SIRFER Lab at University of Utah","2018-08-31","ElFtGy1kV49xqNP00HfxQA==","POM","1",,25,100,"d13C",-28.59,"perMill","Revesz & Coplen 2012a",,
"0c889a13-2126-43bb-95c4-00999410d59a","D07","WALK","WALK.AOS.S2","2017-11-20","WALK.SS.20171120.POM.1",,"condition ok","SIRFER Lab at University of Utah","2018-08-31","ElFtGy1kV49xqNP00HfxQA==","POM","1",,25,100,"nitrogen",,"microgramsPerLiter","Revesz & Coplen 2012a",,
"70095bbf-2143-4352-9ce9-4797decd3ec7","D07","WALK","WALK.AOS.S2","2017-11-20","WALK.SS.20171120.POM.1",,"condition ok","SIRFER Lab at University of Utah","2018-08-31","ElFtGy1kV49xqNP00HfxQA==","POM","1",,25,100,"carbon",,"microgramsPerLiter","Revesz & Coplen 2012a",,
"17d03dce-6849-4b40-afca-b00a6e8c2a03","D07","WALK","WALK.AOS.S2","2017-11-20","WALK.SS.20171120.POM.1",,"condition ok","SIRFER Lab at University of Utah","2018-08-31","ElFtGy1kV49xqNP00HfxQA==","POM","1",,25,100,"d15N",4.09,"perMill","Revesz & Coplen 2012a",,
