uid,domainID,siteID,namedLocation,collectDate,sampleID,sampleCode,sampleCondition,laboratoryName,analysisDate,analyzedBy,sampleType,replicate,sampleVolumeFiltered,filterSize,percentFilterAnalyzed,analyte,analyteConcentration,plantAlgaeLabUnits,method,externalRemarks,externalLabDataQF
"8dffd36a-5138-4ecc-9606-cb38e60338e5","D05","LIRO","LIRO.AOS.buoy.c1","2018-08-06","LIRO.C1.20180806.POM.1","A00000007480","condition ok","SIRFER Lab at University of Utah","2018-09-13","ElFtGy1kV49xqNP00HfxQA==","POM","1",250,25,100,"nitrogen",43.11,"microgramsPerLiter","Revesz & Coplen 2012a",,
"a7d2729c-a897-4d45-8233-28f665e27760","D05","LIRO","LIRO.AOS.buoy.c1","2018-08-06","LIRO.C1.20180806.POM.1","A00000007480","condition ok","SIRFER Lab at University of Utah","2018-09-13","ElFtGy1kV49xqNP00HfxQA==","POM","1",250,25,100,"carbon",438.20,"microgramsPerLiter","Revesz & Coplen 2012a",,
"f1b0800f-cf03-452d-957b-2492d3da7a11","D05","LIRO","LIRO.AOS.buoy.c1","2018-08-06","LIRO.C1.20180806.POM.1","A00000007480","condition ok","SIRFER Lab at University of Utah","2018-09-13","ElFtGy1kV49xqNP00HfxQA==","POM","1",250,25,100,"d13C",-30.42,"perMill","Revesz & Coplen 2012a",,
"f358d78d-f70e-4551-886c-d21d3dcb9219","D05","LIRO","LIRO.AOS.buoy.c1","2018-08-06","LIRO.C1.20180806.POM.1","A00000007480","condition ok","SIRFER Lab at University of Utah","2018-09-13","ElFtGy1kV49xqNP00HfxQA==","POM","1",250,25,100,"d15N",3.85,"perMill","Revesz & Coplen 2012a",,
