uid,domainID,siteID,namedLocation,collectDate,sampleID,sampleCode,sampleCondition,laboratoryName,analysisDate,analyzedBy,sampleType,replicate,sampleVolumeFiltered,filterSize,percentFilterAnalyzed,analyte,analyteConcentration,plantAlgaeLabUnits,method,externalRemarks,externalLabDataQF
"72fbe46b-cf04-4fac-b137-b399987ca197","D10","ARIK","ARIK.AOS.S2","2016-01-06","ARIK.SS.20160106.POM.1",,"condition ok","Academy of Natural Sciences of Drexel University","2016-08-29","OKgcKejxXbI=","13C15N","1",200,25,100,"d15N",5.34,"perMill",,,"Audit Failed. Document: A00036_DREX_AlgalChem_DocAudit_20170407.pdf & A00036_DREX_AlgalChem_VisitAudit_20170407.pdf"
"f1b58d5d-a9b7-4222-a94d-2f562e62376f","D10","ARIK","ARIK.AOS.S2","2016-01-06","ARIK.SS.20160106.POM.1",,"condition ok","Academy of Natural Sciences of Drexel University","2016-08-29","OKgcKejxXbI=","13C15N","1",,,100,"d13C",-32.99,"perMill",,,
"ea456e55-771f-429b-bd8d-b3dd3872e600","D10","ARIK","ARIK.AOS.S2","2016-01-06","ARIK.SS.20160106.POM.2",,"condition ok","Academy of Natural Sciences of Drexel University","2016-09-01","OKgcKejxXbI=","13C15N","2",200,25,100,"d15N",5.73,"perMill",,,"Audit Failed. Document: A00036_DREX_AlgalChem_DocAudit_20170407.pdf & A00036_DREX_AlgalChem_VisitAudit_20170407.pdf"
"7d6e22ea-d0fa-4ab3-9c94-65e647c5c9c2","D10","ARIK","ARIK.AOS.S2","2016-01-06","ARIK.SS.20160106.POM.2",,"other","Academy of Natural Sciences of Drexel University","2016-09-01","OKgcKejxXbI=","13C15N","2",200,25,100,"d13C",,"perMill",,"value corrupted during run","Audit Failed. Document: A00036_DREX_AlgalChem_DocAudit_20170407.pdf & A00036_DREX_AlgalChem_VisitAudit_20170407.pdf"
"528402f1-2c5e-4ca9-8b87-982b909f58fa","D10","ARIK","ARIK.AOS.S2","2016-01-06","ARIK.SS.20160106.POM.1",,"condition ok","Academy of Natural Sciences of Drexel University","2016-08-29","OKgcKejxXbI=","13C15N","1",200,25,100,"d13C",-32.99,"perMill",,,"Audit Failed. Document: A00036_DREX_AlgalChem_DocAudit_20170407.pdf & A00036_DREX_AlgalChem_VisitAudit_20170407.pdf"
"4bc6311f-5aff-4f8a-9593-ccb5ea1381dd","D10","ARIK","ARIK.AOS.S2","2016-01-06","ARIK.SS.20160106.POM.2",,"condition ok","Academy of Natural Sciences of Drexel University","2016-09-01","OKgcKejxXbI=","13C15N","2",,,100,"d15N",5.73,"perMill",,,
"f1a39601-6d29-4ecb-9bb0-7ff0ba4b97ec","D10","ARIK","ARIK.AOS.S2","2016-01-06","ARIK.SS.20160106.POM.2",,"other","Academy of Natural Sciences of Drexel University","2016-09-01","OKgcKejxXbI=","13C15N","2",,,100,"d13C",,"perMill",,"value corrupted during run",
"14529cf2-e0fd-4a65-bb01-a6588414125f","D10","ARIK","ARIK.AOS.S2","2016-01-06","ARIK.SS.20160106.POM.1",,"condition ok","Academy of Natural Sciences of Drexel University","2016-08-29","OKgcKejxXbI=","13C15N","1",,,100,"d15N",5.34,"perMill",,,
