uid,domainID,siteID,namedLocation,collectDate,sampleID,sampleCode,sampleCondition,laboratoryName,analysisDate,analyzedBy,sampleType,replicate,sampleVolumeFiltered,filterSize,percentFilterAnalyzed,analyte,analyteConcentration,plantAlgaeLabUnits,method,externalRemarks,externalLabDataQF
"9494de4b-328b-4f29-b8f9-0cb1558cff11","D15","REDB","REDB.AOS.S2","2017-11-08","REDB.SS.20171108.POM.1",,"condition ok","SIRFER Lab at University of Utah","2018-07-19","ElFtGy1kV49xqNP00HfxQA==","POM","1",308,25,100,"d13C",-25.07,"perMill","Revesz & Coplen 2012a",,
"1fba3091-7d05-463e-8e8c-3e86720d8cc6","D15","REDB","REDB.AOS.S2","2017-11-08","REDB.SS.20171108.POM.1",,"condition ok","SIRFER Lab at University of Utah","2018-07-19","ElFtGy1kV49xqNP00HfxQA==","POM","1",308,25,100,"d15N",2.71,"perMill","Revesz & Coplen 2012a",,
"d11fa984-4e67-44cf-bf68-ebdc07e3d0e8","D15","REDB","REDB.AOS.S2","2017-11-08","REDB.SS.20171108.POM.1",,"condition ok","SIRFER Lab at University of Utah","2018-07-19","ElFtGy1kV49xqNP00HfxQA==","POM","1",308,25,100,"carbon",187.74,"microgramsPerLiter","Revesz & Coplen 2012a",,
"7877914c-1b43-4942-99e6-0955f84f405d","D15","REDB","REDB.AOS.S2","2017-11-08","REDB.SS.20171108.POM.1",,"condition ok","SIRFER Lab at University of Utah","2018-07-19","ElFtGy1kV49xqNP00HfxQA==","POM","1",308,25,100,"nitrogen",9.15,"microgramsPerLiter","Revesz & Coplen 2012a",,
