uid,domainID,siteID,namedLocation,collectDate,sampleID,sampleCode,sampleCondition,laboratoryName,analysisDate,analyzedBy,sampleType,replicate,sampleVolumeFiltered,filterSize,percentFilterAnalyzed,analyte,analyteConcentration,plantAlgaeLabUnits,method,externalRemarks,externalLabDataQF
"baf3552d-df9f-4fb1-9674-36a14f51770f","D08","MAYF","MAYF.AOS.S2","2018-04-09","MAYF.SS.20180409.POM.1","A00000013276","condition ok","SIRFER Lab at University of Utah","2018-08-30","ElFtGy1kV49xqNP00HfxQA==","POM","1",50,25,100,"nitrogen",122.00,"microgramsPerLiter","Revesz & Coplen 2012a",,
"2898f637-d0f8-4741-897c-7028ffe87762","D08","MAYF","MAYF.AOS.S2","2018-04-09","MAYF.SS.20180409.POM.1","A00000013276","condition ok","SIRFER Lab at University of Utah","2018-08-30","ElFtGy1kV49xqNP00HfxQA==","POM","1",50,25,100,"d13C",-28.65,"perMill","Revesz & Coplen 2012a",,
"85fc7f25-785a-47fb-9cc6-6c8e8ee69d29","D08","MAYF","MAYF.AOS.S2","2018-04-09","MAYF.SS.20180409.POM.1","A00000013276","condition ok","SIRFER Lab at University of Utah","2018-08-30","ElFtGy1kV49xqNP00HfxQA==","POM","1",50,25,100,"carbon",2410.95,"microgramsPerLiter","Revesz & Coplen 2012a",,
"968dfb36-1c07-434e-977b-8ae85a45cd4d","D08","MAYF","MAYF.AOS.S2","2018-04-09","MAYF.SS.20180409.POM.1","A00000013276","condition ok","SIRFER Lab at University of Utah","2018-08-30","ElFtGy1kV49xqNP00HfxQA==","POM","1",50,25,100,"d15N",2.35,"perMill","Revesz & Coplen 2012a",,
"8bf3ac3c-47f7-4046-9093-e1d406233166","D08","MAYF","MAYF.AOS.S2","2018-04-16","MAYF.SS.20180416.POM.1","A00000015419","condition ok","SIRFER Lab at University of Utah","2018-08-30","ElFtGy1kV49xqNP00HfxQA==","POM","1",50,25,100,"nitrogen",199.02,"microgramsPerLiter","Revesz & Coplen 2012a",,
"dda602e3-e0fc-4765-9395-572f474f3b01","D08","MAYF","MAYF.AOS.S2","2018-04-16","MAYF.SS.20180416.POM.1","A00000015419","condition ok","SIRFER Lab at University of Utah","2018-08-30","ElFtGy1kV49xqNP00HfxQA==","POM","1",50,25,100,"carbon",2018.75,"microgramsPerLiter","Revesz & Coplen 2012a",,
"6af19712-4ad7-4ec3-ae54-26fd004acdd8","D08","MAYF","MAYF.AOS.S2","2018-04-16","MAYF.SS.20180416.POM.1","A00000015419","condition ok","SIRFER Lab at University of Utah","2018-08-30","ElFtGy1kV49xqNP00HfxQA==","POM","1",50,25,100,"d15N",3.86,"perMill","Revesz & Coplen 2012a",,
"8f39c505-f675-46eb-8bd7-c0a9e0d08d8b","D08","MAYF","MAYF.AOS.S2","2018-04-16","MAYF.SS.20180416.POM.1","A00000015419","condition ok","SIRFER Lab at University of Utah","2018-08-30","ElFtGy1kV49xqNP00HfxQA==","POM","1",50,25,100,"d13C",-28.32,"perMill","Revesz & Coplen 2012a",,
