uid,domainID,siteID,namedLocation,collectDate,sampleID,sampleCode,sampleCondition,laboratoryName,analysisDate,analyzedBy,sampleType,replicate,sampleVolumeFiltered,filterSize,percentFilterAnalyzed,analyte,analyteConcentration,plantAlgaeLabUnits,method,externalRemarks,externalLabDataQF
"44ee6c57-12df-4fc7-8bf5-fd5da7da79a5","D11","PRIN","PRIN.AOS.S2","2017-06-06","PRIN.SS.20170606.POM.1",,"condition ok","SIRFER Lab at University of Utah","2018-04-20","ElFtGy1kV49xqNP00HfxQA==","POM","1",650,25,100,"carbon",223.77,"microgramsPerLiter","Revesz & Coplen 2012a",,
"15d6ddb0-c8dd-4e4d-95c3-26e0088c7539","D11","PRIN","PRIN.AOS.S2","2017-06-06","PRIN.SS.20170606.POM.1",,"condition ok","SIRFER Lab at University of Utah","2018-04-20","ElFtGy1kV49xqNP00HfxQA==","POM","1",650,25,100,"d13C",-20.09,"perMill","Revesz & Coplen 2012a",,
"270c84f7-0c5e-4158-92fc-0c6b9a299694","D11","PRIN","PRIN.AOS.S2","2017-06-06","PRIN.SS.20170606.POM.1",,"condition ok","SIRFER Lab at University of Utah","2018-04-20","ElFtGy1kV49xqNP00HfxQA==","POM","1",650,25,100,"d15N",12.64,"perMill","Revesz & Coplen 2012a",,
"282de9a7-d12f-4c8d-97da-fc74a9f7b036","D11","PRIN","PRIN.AOS.S2","2017-06-06","PRIN.SS.20170606.POM.1",,"condition ok","SIRFER Lab at University of Utah","2018-04-20","ElFtGy1kV49xqNP00HfxQA==","POM","1",650,25,100,"nitrogen",22.29,"microgramsPerLiter","Revesz & Coplen 2012a",,
"eaac9fb3-db57-404a-bec3-15df7b0a2606","D11","PRIN","PRIN.AOS.S2","2017-06-08","PRIN.SS.20170608.POM.1",,"condition ok","SIRFER Lab at University of Utah","2018-04-20","ElFtGy1kV49xqNP00HfxQA==","POM","1",650,25,100,"nitrogen",17.19,"microgramsPerLiter","Revesz & Coplen 2012a",,
"574e3c6d-5a9c-4365-9704-1037bbd9d51a","D11","PRIN","PRIN.AOS.S2","2017-06-08","PRIN.SS.20170608.POM.1",,"condition ok","SIRFER Lab at University of Utah","2018-04-20","ElFtGy1kV49xqNP00HfxQA==","POM","1",650,25,100,"d15N",12.89,"perMill","Revesz & Coplen 2012a",,
"bc30c915-4e71-4e19-bc49-4809af483871","D11","PRIN","PRIN.AOS.S2","2017-06-08","PRIN.SS.20170608.POM.1",,"condition ok","SIRFER Lab at University of Utah","2018-04-20","ElFtGy1kV49xqNP00HfxQA==","POM","1",650,25,100,"d13C",-21.78,"perMill","Revesz & Coplen 2012a",,
"a8c889b6-eb9f-4753-a55a-7b00f909be06","D11","PRIN","PRIN.AOS.S2","2017-06-08","PRIN.SS.20170608.POM.1",,"condition ok","SIRFER Lab at University of Utah","2018-04-20","ElFtGy1kV49xqNP00HfxQA==","POM","1",650,25,100,"carbon",143.99,"microgramsPerLiter","Revesz & Coplen 2012a",,
