uid,domainID,siteID,namedLocation,collectDate,sampleID,sampleCode,sampleCondition,laboratoryName,analysisDate,analyzedBy,sampleType,replicate,sampleVolumeFiltered,filterSize,percentFilterAnalyzed,analyte,analyteConcentration,plantAlgaeLabUnits,method,externalRemarks,externalLabDataQF
"7c713079-0749-4e9a-b088-6214c2feae5d","D08","BLWA","BLWA.AOS.buoy.c0","2018-02-15","BLWA.C0.20180215.POM.1",,"condition ok","SIRFER Lab at University of Utah","2018-08-28","ElFtGy1kV49xqNP00HfxQA==","POM","1",100,25,100,"d13C",-27.23,"perMill","Revesz & Coplen 2012a",,
"b3d585be-96ef-4e6e-b186-bc9867638b82","D08","BLWA","BLWA.AOS.buoy.c0","2018-02-15","BLWA.C0.20180215.POM.1",,"condition ok","SIRFER Lab at University of Utah","2018-08-28","ElFtGy1kV49xqNP00HfxQA==","POM","1",100,25,100,"carbon",2356.51,"microgramsPerLiter","Revesz & Coplen 2012a",,
"3a0367c6-5679-4d2c-bbee-768425b66997","D08","BLWA","BLWA.AOS.buoy.c0","2018-02-15","BLWA.C0.20180215.POM.1",,"condition ok","SIRFER Lab at University of Utah","2018-08-28","ElFtGy1kV49xqNP00HfxQA==","POM","1",100,25,100,"nitrogen",229.90,"microgramsPerLiter","Revesz & Coplen 2012a",,
"f0fd75fb-6b38-4aa2-97c1-ef703e954389","D08","BLWA","BLWA.AOS.buoy.c0","2018-02-15","BLWA.C0.20180215.POM.1",,"condition ok","SIRFER Lab at University of Utah","2018-08-28","ElFtGy1kV49xqNP00HfxQA==","POM","1",100,25,100,"d15N",4.18,"perMill","Revesz & Coplen 2012a",,
"8e90e528-848a-432b-8935-59853dc7be38","D08","BLWA","BLWA.AOS.buoy.c0","2018-02-22","BLWA.C0.20180222.POM.1",,"condition ok","SIRFER Lab at University of Utah","2018-08-30","ElFtGy1kV49xqNP00HfxQA==","POM","1",100,25,100,"carbon",1431.66,"microgramsPerLiter","Revesz & Coplen 2012a",,
"705a0df0-2112-4f48-9345-bc01f907d99e","D08","BLWA","BLWA.AOS.buoy.c0","2018-02-22","BLWA.C0.20180222.POM.1",,"condition ok","SIRFER Lab at University of Utah","2018-08-30","ElFtGy1kV49xqNP00HfxQA==","POM","1",100,25,100,"d13C",-28.63,"perMill","Revesz & Coplen 2012a",,
"7ec16e19-ff02-4a94-b629-7ac74921d938","D08","BLWA","BLWA.AOS.buoy.c0","2018-02-22","BLWA.C0.20180222.POM.1",,"condition ok","SIRFER Lab at University of Utah","2018-08-30","ElFtGy1kV49xqNP00HfxQA==","POM","1",100,25,100,"nitrogen",69.20,"microgramsPerLiter","Revesz & Coplen 2012a",,
"9af74401-ec47-44d1-8416-16fbda13f33b","D08","BLWA","BLWA.AOS.buoy.c0","2018-02-22","BLWA.C0.20180222.POM.1",,"condition ok","SIRFER Lab at University of Utah","2018-08-30","ElFtGy1kV49xqNP00HfxQA==","POM","1",100,25,100,"d15N",3.30,"perMill","Revesz & Coplen 2012a",,
