uid,domainID,siteID,namedLocation,collectDate,sampleID,sampleCode,sampleCondition,laboratoryName,analysisDate,analyzedBy,sampleType,replicate,sampleVolumeFiltered,filterSize,percentFilterAnalyzed,analyte,analyteConcentration,plantAlgaeLabUnits,method,externalRemarks,externalLabDataQF
"46d7cbd0-4102-4a3e-b274-fd53ea86d0e9","D09","PRPO","PRPO.AOS.buoy.c0","2018-06-05","PRPO.C0.20180605.POM.1","A00000016887","condition ok","SIRFER Lab at University of Utah","2018-10-18","ElFtGy1kV49xqNP00HfxQA==","POM","1",30,25,100,"nitrogen",,"microgramsPerLiter","Revesz & Coplen 2012a",,
"af9013b6-5ec7-4ffa-a600-f0ac3a475587","D09","PRPO","PRPO.AOS.buoy.c0","2018-06-05","PRPO.C0.20180605.POM.1","A00000016887","condition ok","SIRFER Lab at University of Utah","2018-10-18","ElFtGy1kV49xqNP00HfxQA==","POM","1",30,25,100,"d15N",,"perMill","Revesz & Coplen 2012a",,
"8464009d-a39a-40d2-a158-45e8ef8717f1","D09","PRPO","PRPO.AOS.buoy.c0","2018-06-05","PRPO.C0.20180605.POM.1","A00000016887","condition ok","SIRFER Lab at University of Utah","2018-10-18","ElFtGy1kV49xqNP00HfxQA==","POM","1",30,25,100,"d13C",,"perMill","Revesz & Coplen 2012a",,
"959c9e80-5f65-4ede-a7da-1ad737a1a8db","D09","PRPO","PRPO.AOS.buoy.c0","2018-06-05","PRPO.C0.20180605.POM.1","A00000016887","condition ok","SIRFER Lab at University of Utah","2018-10-18","ElFtGy1kV49xqNP00HfxQA==","POM","1",30,25,100,"carbon",,"microgramsPerLiter","Revesz & Coplen 2012a",,
"836f070e-66cd-4cbe-b77e-1e5ce169f5a4","D09","PRPO","PRPO.AOS.buoy.c0","2018-06-20","PRPO.C0.20180620.POM.1","A00000016993","condition ok","SIRFER Lab at University of Utah","2018-08-09","ElFtGy1kV49xqNP00HfxQA==","POM","1",40,25,100,"carbon",7273.28,"microgramsPerLiter","Revesz & Coplen 2012a",,
"c03400cb-c03c-4f35-88d9-d2947a9b3a71","D09","PRPO","PRPO.AOS.buoy.c0","2018-06-20","PRPO.C0.20180620.POM.1","A00000016993","condition ok","SIRFER Lab at University of Utah","2018-08-09","ElFtGy1kV49xqNP00HfxQA==","POM","1",40,25,100,"d15N",5.49,"perMill","Revesz & Coplen 2012a",,
"8636e70a-e52f-44bb-9771-3a78330c1d04","D09","PRPO","PRPO.AOS.buoy.c0","2018-06-20","PRPO.C0.20180620.POM.1","A00000016993","condition ok","SIRFER Lab at University of Utah","2018-08-09","ElFtGy1kV49xqNP00HfxQA==","POM","1",40,25,100,"nitrogen",741.01,"microgramsPerLiter","Revesz & Coplen 2012a",,
"0c4b83c0-d94c-4f18-9b32-05a68f956b87","D09","PRPO","PRPO.AOS.buoy.c0","2018-06-20","PRPO.C0.20180620.POM.1","A00000016993","condition ok","SIRFER Lab at University of Utah","2018-08-09","ElFtGy1kV49xqNP00HfxQA==","POM","1",40,25,100,"d13C",-29.71,"perMill","Revesz & Coplen 2012a",,
