uid,domainID,siteID,namedLocation,collectDate,sampleID,sampleCode,sampleCondition,laboratoryName,analysisDate,analyzedBy,sampleType,replicate,sampleVolumeFiltered,filterSize,percentFilterAnalyzed,analyte,analyteConcentration,plantAlgaeLabUnits,method,externalRemarks,externalLabDataQF
"3473063b-beb9-4d9c-b1d5-35c6353776fd","D07","LECO","LECO.AOS.S2","2017-09-26","LECO.SS.20170926.POM.1",,"condition ok","SIRFER Lab at University of Utah","2018-03-12","ElFtGy1kV49xqNP00HfxQA==","POM","1",,,100,"carbon",458.75,"microgramsPerLiter","Revesz & Coplen 2012a",,
"23370a3c-fd8b-427c-81ed-23c5aadedd52","D07","LECO","LECO.AOS.S2","2017-09-26","LECO.SS.20170926.POM.1",,"condition ok","SIRFER Lab at University of Utah","2018-03-12","ElFtGy1kV49xqNP00HfxQA==","POM","1",,,100,"d13C",-27.87,"perMill","Revesz & Coplen 2012a",,
"e64f5568-fd15-4c69-a715-dd8627b0730a","D07","LECO","LECO.AOS.S2","2017-09-26","LECO.SS.20170926.POM.1",,"condition ok","SIRFER Lab at University of Utah","2018-03-12","ElFtGy1kV49xqNP00HfxQA==","POM","1",,,100,"nitrogen",38.17,"microgramsPerLiter","Revesz & Coplen 2012a",,
"529b0834-8163-475b-a325-22ecac98c842","D07","LECO","LECO.AOS.S2","2017-09-26","LECO.SS.20170926.POM.1",,"condition ok","SIRFER Lab at University of Utah","2018-03-12","ElFtGy1kV49xqNP00HfxQA==","POM","1",,,100,"d15N",5.92,"perMill","Revesz & Coplen 2012a",,
