uid,domainID,siteID,namedLocation,collectDate,sampleID,sampleCode,sampleCondition,laboratoryName,analysisDate,analyzedBy,sampleType,replicate,sampleVolumeFiltered,filterSize,percentFilterAnalyzed,analyte,analyteConcentration,plantAlgaeLabUnits,method,externalRemarks,externalLabDataQF
"2cbbe32c-ef4d-4be1-a46f-de109f17a19f","D09","PRLA","PRLA.AOS.inlet","2016-09-07","PRLA.IN.20160907.POM.2",,"condition ok","Academy of Natural Sciences of Drexel University","2017-06-01","OKgcKejxXbI=","13C15N","2",,,100,"d13C",-27.13,"perMill",,,
"c1979a2a-08f3-4594-85bd-b01956df5aaa","D09","PRLA","PRLA.AOS.inlet","2016-09-07","PRLA.IN.20160907.POM.2",,"condition ok","Academy of Natural Sciences of Drexel University","2017-06-01","OKgcKejxXbI=","13C15N","2",,,100,"d15N",3.90,"perMill",,,
"a014f8ea-0e43-4d48-a290-9dc4bb39d3cd","D09","PRLA","PRLA.AOS.inlet","2016-09-07","PRLA.IN.20160907.POM.1",,"condition ok","Academy of Natural Sciences of Drexel University","2017-03-28","OKgcKejxXbI=","13C15N","1",,,100,"d13C",-26.58,"perMill",,,
"77b2698c-576c-42d3-80b2-44669ca592de","D09","PRLA","PRLA.AOS.inlet","2016-09-07","PRLA.IN.20160907.POM.1",,"condition ok","Academy of Natural Sciences of Drexel University","2017-03-28","OKgcKejxXbI=","13C15N","1",,,100,"d15N",4.04,"perMill",,,
"58907318-c64d-442a-b3d6-5731b698fb4b","D09","PRLA","PRLA.AOS.buoy.c0","2016-09-07","PRLA.C0.20160907.POM.1",,"condition ok","Academy of Natural Sciences of Drexel University","2017-03-28","OKgcKejxXbI=","13C15N","1",,,100,"d15N",3.92,"perMill",,,
"6fe9e118-4087-495a-b664-1032d39dd870","D09","PRLA","PRLA.AOS.buoy.c0","2016-09-07","PRLA.C0.20160907.POM.1",,"condition ok","Academy of Natural Sciences of Drexel University","2017-03-28","OKgcKejxXbI=","13C15N","1",,,100,"d13C",-26.53,"perMill",,,
"7ebea673-9b9d-4e5c-a252-1c88acad29e2","D09","PRLA","PRLA.AOS.buoy.c0","2016-09-07","PRLA.C0.20160907.POM.2",,"condition ok","Academy of Natural Sciences of Drexel University","2017-06-01","OKgcKejxXbI=","13C15N","2",,,100,"d13C",-27.26,"perMill",,,
"54a7ef40-0830-4234-ab4e-a681d113cd59","D09","PRLA","PRLA.AOS.buoy.c0","2016-09-07","PRLA.C0.20160907.POM.2",,"condition ok","Academy of Natural Sciences of Drexel University","2017-06-01","OKgcKejxXbI=","13C15N","2",,,100,"d15N",3.86,"perMill",,,
"191c839f-9d1e-4d3f-9e09-f06158dad60c","D09","PRLA","PRLA.AOS.outlet","2016-09-07","PRLA.OT.20160907.POM.1",,"condition ok","Academy of Natural Sciences of Drexel University","2017-03-28","OKgcKejxXbI=","13C15N","1",,,100,"d13C",-26.42,"perMill",,,
"ebf969cd-0851-432d-9f7c-0e9b3a47f960","D09","PRLA","PRLA.AOS.outlet","2016-09-07","PRLA.OT.20160907.POM.1",,"condition ok","Academy of Natural Sciences of Drexel University","2017-03-28","OKgcKejxXbI=","13C15N","1",,,100,"d15N",4.01,"perMill",,,
"33c5a4d8-ae9a-496c-aa05-72963b517987","D09","PRLA","PRLA.AOS.outlet","2016-09-07","PRLA.OT.20160907.POM.2",,"condition ok","Academy of Natural Sciences of Drexel University","2017-06-01","OKgcKejxXbI=","13C15N","2",,,100,"d15N",3.72,"perMill",,,
"02b87958-b8e9-466e-b882-b74a2a9f8381","D09","PRLA","PRLA.AOS.outlet","2016-09-07","PRLA.OT.20160907.POM.2",,"condition ok","Academy of Natural Sciences of Drexel University","2017-06-01","OKgcKejxXbI=","13C15N","2",,,100,"d13C",-26.92,"perMill",,,
