uid,domainID,siteID,namedLocation,collectDate,sampleID,sampleCode,sampleCondition,laboratoryName,analysisDate,analyzedBy,sampleType,replicate,sampleVolumeFiltered,filterSize,percentFilterAnalyzed,analyte,analyteConcentration,plantAlgaeLabUnits,method,externalRemarks,externalLabDataQF
"4e7c9c54-50be-4a08-b633-7cf1bef730d1","D03","BARC","BARC.AOS.inlet","2015-06-24","BARC.IN.20150624.POM.1",,"condition ok","Academy of Natural Sciences of Drexel University","2016-09-13","OKgcKejxXbI=","13C15N","1",,,100,"d13C",-33.24,"perMill",,,
"890f36cf-008c-44ef-9ddb-eff81a7125b3","D03","BARC","BARC.AOS.buoy.c0","2015-06-24","BARC.C0.20150624.POM.2",,"condition ok","Academy of Natural Sciences of Drexel University","2017-01-17","OKgcKejxXbI=","13C15N","2",,,100,"d13C",-30.61,"perMill",,,
"391d7f2a-39c4-4c9f-8b21-e777e78f983a","D03","BARC","BARC.AOS.outlet","2015-06-24","BARC.OT.20150624.POM.1",,"condition ok","Academy of Natural Sciences of Drexel University","2016-09-13","OKgcKejxXbI=","13C15N","1",,,100,"d13C",-26.59,"perMill",,,
"e1601317-d1bc-47eb-9709-ab5a7630298d","D03","BARC","BARC.AOS.buoy.c0","2015-06-24","BARC.C0.20150624.POM.1",,"condition ok","Academy of Natural Sciences of Drexel University","2016-09-13","OKgcKejxXbI=","13C15N","1",,,100,"d15N",0.91,"perMill",,,
"e0765a58-8f64-4ef6-b339-009fa50a9e48","D03","BARC","BARC.AOS.outlet","2015-06-24","BARC.OT.20150624.POM.1",,"condition ok","Academy of Natural Sciences of Drexel University","2016-09-13","OKgcKejxXbI=","13C15N","1",,,100,"d15N",2.24,"perMill",,,
"2a3c3af5-a814-4ea2-ab8b-1d9986def0c4","D03","BARC","BARC.AOS.inlet","2015-06-24","BARC.IN.20150624.POM.1",,"condition ok","Academy of Natural Sciences of Drexel University","2016-09-13","OKgcKejxXbI=","13C15N","1",,,100,"d15N",2.64,"perMill",,,
"a3fb163e-28c2-4806-91f2-756b94bc67f0","D03","BARC","BARC.AOS.buoy.c0","2015-06-24","BARC.C0.20150624.POM.2",,"condition ok","Academy of Natural Sciences of Drexel University","2017-01-17","OKgcKejxXbI=","13C15N","2",,,100,"d15N",2.33,"perMill",,,
"b15f7afd-f249-4f9b-ab60-d424cecc790d","D03","BARC","BARC.AOS.outlet","2015-06-24","BARC.OT.20150624.POM.2",,"condition ok","Academy of Natural Sciences of Drexel University","2017-01-17","OKgcKejxXbI=","13C15N","2",,,100,"d13C",-27.47,"perMill",,,
"850fdbd9-df63-499f-b313-54281601be70","D03","BARC","BARC.AOS.inlet","2015-06-24","BARC.IN.20150624.POM.2",,"condition ok","Academy of Natural Sciences of Drexel University","2017-01-17","OKgcKejxXbI=","13C15N","2",,,100,"d13C",-30.82,"perMill",,,
"93eed980-5a64-43a4-a564-569ba826f1db","D03","BARC","BARC.AOS.inlet","2015-06-24","BARC.IN.20150624.POM.2",,"condition ok","Academy of Natural Sciences of Drexel University","2017-01-17","OKgcKejxXbI=","13C15N","2",,,100,"d15N",2.31,"perMill",,,
"8c115612-7dd8-4929-8b20-1881ad29aeea","D03","BARC","BARC.AOS.buoy.c0","2015-06-24","BARC.C0.20150624.POM.1",,"condition ok","Academy of Natural Sciences of Drexel University","2016-09-13","OKgcKejxXbI=","13C15N","1",,,100,"d13C",-34.86,"perMill",,,
"f9ed87fc-bb60-4864-9fb2-bfaada5311f0","D03","BARC","BARC.AOS.outlet","2015-06-24","BARC.OT.20150624.POM.2",,"condition ok","Academy of Natural Sciences of Drexel University","2017-01-17","OKgcKejxXbI=","13C15N","2",,,100,"d15N",0.34,"perMill",,,
