uid,domainID,siteID,namedLocation,collectDate,sampleID,sampleCode,sampleCondition,laboratoryName,analysisDate,analyzedBy,sampleType,replicate,sampleVolumeFiltered,filterSize,percentFilterAnalyzed,analyte,analyteConcentration,plantAlgaeLabUnits,method,externalRemarks,externalLabDataQF
"f61fafb3-c508-4c30-b192-1479b7e5d9d4","D09","PRPO","PRPO.AOS.inlet","2017-09-05","PRPO.IN.20170905.POM.1",,"condition ok","SIRFER Lab at University of Utah","2018-03-16","ElFtGy1kV49xqNP00HfxQA==","POM","1",20,25,100,"d15N",4.10,"perMill","Revesz & Coplen 2012a",,
"018255fd-529a-4d87-90cc-bcc343309f94","D09","PRPO","PRPO.AOS.inlet","2017-09-05","PRPO.IN.20170905.POM.1",,"condition ok","SIRFER Lab at University of Utah","2018-03-16","ElFtGy1kV49xqNP00HfxQA==","POM","1",20,25,100,"carbon",20986.50,"microgramsPerLiter","Revesz & Coplen 2012a",,
"aa758f91-e8b2-4c68-928e-034ee1803a0a","D09","PRPO","PRPO.AOS.inlet","2017-09-05","PRPO.IN.20170905.POM.1",,"condition ok","SIRFER Lab at University of Utah","2018-03-16","ElFtGy1kV49xqNP00HfxQA==","POM","1",20,25,100,"d13C",-26.60,"perMill","Revesz & Coplen 2012a",,
"1e86ab3b-64b0-4607-8ef0-9923cd4f0afc","D09","PRPO","PRPO.AOS.inlet","2017-09-05","PRPO.IN.20170905.POM.1",,"condition ok","SIRFER Lab at University of Utah","2018-03-16","ElFtGy1kV49xqNP00HfxQA==","POM","1",20,25,100,"nitrogen",2387.50,"microgramsPerLiter","Revesz & Coplen 2012a",,
"bca42418-16a2-4fac-aa33-fc47dc6d3b9b","D09","PRPO","PRPO.AOS.buoy.c0","2017-09-05","PRPO.C0.20170905.POM.1",,"condition ok","SIRFER Lab at University of Utah","2018-03-16","ElFtGy1kV49xqNP00HfxQA==","POM","1",25,25,100,"carbon",16390.00,"microgramsPerLiter","Revesz & Coplen 2012a",,
"3c1b0271-49d0-4570-b417-70f28297e4f6","D09","PRPO","PRPO.AOS.buoy.c0","2017-09-05","PRPO.C0.20170905.POM.1",,"condition ok","SIRFER Lab at University of Utah","2018-03-16","ElFtGy1kV49xqNP00HfxQA==","POM","1",25,25,100,"d15N",6.30,"perMill","Revesz & Coplen 2012a",,
"c6d421d4-1304-4941-9dca-4466e6a33f88","D09","PRPO","PRPO.AOS.buoy.c0","2017-09-05","PRPO.C0.20170905.POM.1",,"condition ok","SIRFER Lab at University of Utah","2018-03-16","ElFtGy1kV49xqNP00HfxQA==","POM","1",25,25,100,"nitrogen",1718.50,"microgramsPerLiter","Revesz & Coplen 2012a",,
"2df58318-87ed-4212-8f02-14a0cad4fb9e","D09","PRPO","PRPO.AOS.buoy.c0","2017-09-05","PRPO.C0.20170905.POM.1",,"condition ok","SIRFER Lab at University of Utah","2018-03-16","ElFtGy1kV49xqNP00HfxQA==","POM","1",25,25,100,"d13C",-26.40,"perMill","Revesz & Coplen 2012a",,
"7f0b5059-dafd-46d8-b215-b62217b325f6","D09","PRPO","PRPO.AOS.outlet","2017-09-05","PRPO.OT.20170905.POM.1",,"condition ok","SIRFER Lab at University of Utah","2018-03-16","ElFtGy1kV49xqNP00HfxQA==","POM","1",25,25,100,"nitrogen",1808.90,"microgramsPerLiter","Revesz & Coplen 2012a",,
"5d08a5e1-250c-4814-8be4-e7b20f041140","D09","PRPO","PRPO.AOS.outlet","2017-09-05","PRPO.OT.20170905.POM.1",,"condition ok","SIRFER Lab at University of Utah","2018-03-16","ElFtGy1kV49xqNP00HfxQA==","POM","1",25,25,100,"d13C",-26.90,"perMill","Revesz & Coplen 2012a",,
"22e2dd66-df1a-4ee2-8b2a-6dd86001de1b","D09","PRPO","PRPO.AOS.outlet","2017-09-05","PRPO.OT.20170905.POM.1",,"condition ok","SIRFER Lab at University of Utah","2018-03-16","ElFtGy1kV49xqNP00HfxQA==","POM","1",25,25,100,"carbon",20229.40,"microgramsPerLiter","Revesz & Coplen 2012a",,
"83db066c-e27e-40d5-9332-cafbeaac06fb","D09","PRPO","PRPO.AOS.outlet","2017-09-05","PRPO.OT.20170905.POM.1",,"condition ok","SIRFER Lab at University of Utah","2018-03-16","ElFtGy1kV49xqNP00HfxQA==","POM","1",25,25,100,"d15N",6.40,"perMill","Revesz & Coplen 2012a",,
