uid,domainID,siteID,namedLocation,collectDate,sampleID,sampleCode,sampleCondition,laboratoryName,analysisDate,analyzedBy,sampleType,replicate,sampleVolumeFiltered,filterSize,percentFilterAnalyzed,analyte,analyteConcentration,plantAlgaeLabUnits,method,externalRemarks,externalLabDataQF
"c2b41525-7542-45b8-9994-7dffdecbe116","D06","MCDI","MCDI.AOS.S2","2019-03-25","MCDI.SS.20190325.POM.1","A00000042032","condition ok","SIRFER Lab at University of Utah","2019-08-16","ElFtGy1kV49xqNP00HfxQA==","POM","1",240,25,100,"d13C",-22.25,"perMill","Revesz & Coplen 2012a",,
"a4fb0012-7360-483e-be3f-93ec796a29d9","D06","MCDI","MCDI.AOS.S2","2019-03-25","MCDI.SS.20190325.POM.1","A00000042032","condition ok","SIRFER Lab at University of Utah","2019-08-16","ElFtGy1kV49xqNP00HfxQA==","POM","1",240,25,100,"d15N",5.80,"perMill","Revesz & Coplen 2012a",,
"5a875c9d-0ddb-4f17-a641-3c80d1b3b478","D06","MCDI","MCDI.AOS.S2","2019-03-25","MCDI.SS.20190325.POM.1","A00000042032","condition ok","SIRFER Lab at University of Utah","2019-08-16","ElFtGy1kV49xqNP00HfxQA==","POM","1",240,25,100,"carbon",645.18,"microgramsPerLiter","Revesz & Coplen 2012a",,
"3e72bba3-8052-433b-ab70-2b2d235a4721","D06","MCDI","MCDI.AOS.S2","2019-03-25","MCDI.SS.20190325.POM.1","A00000042032","condition ok","SIRFER Lab at University of Utah","2019-08-16","ElFtGy1kV49xqNP00HfxQA==","POM","1",240,25,100,"nitrogen",70.09,"microgramsPerLiter","Revesz & Coplen 2012a",,
