uid,domainID,siteID,namedLocation,collectDate,sampleID,sampleCode,sampleCondition,laboratoryName,analysisDate,analyzedBy,sampleType,replicate,sampleVolumeFiltered,filterSize,percentFilterAnalyzed,analyte,analyteConcentration,plantAlgaeLabUnits,method,externalRemarks,externalLabDataQF
"5611c86f-e2bb-47b0-bb51-47868a3e33db","D03","BARC","BARC.AOS.buoy.c0","2016-11-02","BARC.C0.20161102.POM.1",,"other","Academy of Natural Sciences of Drexel University","2017-04-12","OKgcKejxXbI=","13C15N","1",,,100,"d13C",-31.98,"perMill",,"filter folded poorly, sample loss",
"fa8fc9cd-3fd8-40ae-98db-db8d8f85da8d","D03","BARC","BARC.AOS.buoy.c0","2016-11-02","BARC.C0.20161102.POM.2",,"other","Academy of Natural Sciences of Drexel University","2017-06-14","OKgcKejxXbI=","13C15N","2",,,100,"d13C",,"perMill",,"sample corrupted during analysis",
"106c57d0-a8c0-4807-a314-d18382787971","D03","BARC","BARC.AOS.buoy.c0","2016-11-02","BARC.C0.20161102.POM.2",,"other","Academy of Natural Sciences of Drexel University","2017-06-14","OKgcKejxXbI=","13C15N","2",,,100,"d15N",,"perMill",,"sample corrupted during analysis",
"473fe194-c433-401f-b1a8-3f0af728c3ac","D03","BARC","BARC.AOS.buoy.c0","2016-11-02","BARC.C0.20161102.POM.1",,"other","Academy of Natural Sciences of Drexel University","2017-04-12","OKgcKejxXbI=","13C15N","1",,,100,"d15N",4.56,"perMill",,"filter folded poorly, sample loss",
"a83c2b86-50cf-40b1-af04-f00c92325c39","D03","BARC","BARC.AOS.inlet","2016-11-02","BARC.IN.20161102.POM.1",,"condition ok","Academy of Natural Sciences of Drexel University","2017-04-12","OKgcKejxXbI=","13C15N","1",,,100,"d15N",5.08,"perMill",,,
"be247285-7b1f-4a93-860c-ac841a667e40","D03","BARC","BARC.AOS.inlet","2016-11-02","BARC.IN.20161102.POM.2",,"other","Academy of Natural Sciences of Drexel University","2017-06-14","OKgcKejxXbI=","13C15N","2",,,100,"d15N",,"perMill",,"sample corrupted during analysis",
"7bd53c0a-03ba-4c94-a200-0c6c9ddee77d","D03","BARC","BARC.AOS.inlet","2016-11-02","BARC.IN.20161102.POM.2",,"other","Academy of Natural Sciences of Drexel University","2017-06-14","OKgcKejxXbI=","13C15N","2",,,100,"d13C",,"perMill",,"sample corrupted during analysis",
"90e6cbf1-c4ca-4cd3-8b77-989b210aa3b8","D03","BARC","BARC.AOS.inlet","2016-11-02","BARC.IN.20161102.POM.1",,"condition ok","Academy of Natural Sciences of Drexel University","2017-04-12","OKgcKejxXbI=","13C15N","1",,,100,"d13C",-28.80,"perMill",,,
"e57e49d6-cba3-4f20-a33d-86f3671fb76e","D03","BARC","BARC.AOS.outlet","2016-11-02","BARC.OT.20161102.POM.1",,"condition ok","Academy of Natural Sciences of Drexel University","2017-04-12","OKgcKejxXbI=","13C15N","1",,,100,"d13C",-29.37,"perMill",,,
"6c0eee86-b87b-4c80-8d22-86054c587d48","D03","BARC","BARC.AOS.outlet","2016-11-02","BARC.OT.20161102.POM.2",,"other","Academy of Natural Sciences of Drexel University","2017-06-14","OKgcKejxXbI=","13C15N","2",,,100,"d13C",,"perMill",,"sample corrupted during analysis",
"0fcf474b-d109-45e2-ab71-93ff609483aa","D03","BARC","BARC.AOS.outlet","2016-11-02","BARC.OT.20161102.POM.2",,"other","Academy of Natural Sciences of Drexel University","2017-06-14","OKgcKejxXbI=","13C15N","2",,,100,"d15N",,"perMill",,"sample corrupted during analysis",
"63317b03-9fd9-40e7-b9d8-29590e4f4788","D03","BARC","BARC.AOS.outlet","2016-11-02","BARC.OT.20161102.POM.1",,"condition ok","Academy of Natural Sciences of Drexel University","2017-04-12","OKgcKejxXbI=","13C15N","1",,,100,"d15N",4.17,"perMill",,,
