uid,domainID,siteID,namedLocation,collectDate,sampleID,sampleCode,sampleCondition,laboratoryName,analysisDate,analyzedBy,sampleType,replicate,sampleVolumeFiltered,filterSize,percentFilterAnalyzed,analyte,analyteConcentration,plantAlgaeLabUnits,method,externalRemarks,externalLabDataQF
"487db06c-c85d-4c95-afcf-29263ceae390","D04","CUPE","CUPE.AOS.S2","2016-07-05","CUPE.SS.20160705.POM.1",,"condition ok","Academy of Natural Sciences of Drexel University","2017-01-24","OKgcKejxXbI=","13C15N","1",,,100,"d13C",-29.34,"perMill",,,
"e51a298b-becb-4da2-9016-0bf60553574a","D04","CUPE","CUPE.AOS.S2","2016-07-05","CUPE.SS.20160705.POM.1",,"condition ok","Academy of Natural Sciences of Drexel University","2017-01-24","OKgcKejxXbI=","13C15N","1",,,100,"d15N",2.35,"perMill",,,
"272fb3b3-1151-49ef-8dc1-6e3ca8f95a4c","D04","CUPE","CUPE.AOS.S2","2016-07-05","CUPE.SS.20160705.POM.2",,"other","Academy of Natural Sciences of Drexel University","2017-02-13","OKgcKejxXbI=","13C15N","2",,,100,"d15N",,"perMill",,"too small",
"96caf67f-8241-4f2c-a099-ee11da620fb9","D04","CUPE","CUPE.AOS.S2","2016-07-05","CUPE.SS.20160705.POM.2",,"condition ok","Academy of Natural Sciences of Drexel University","2017-02-13","OKgcKejxXbI=","13C15N","2",,,100,"d13C",-28.44,"perMill",,,
"39fb1e81-f9cb-49f0-b118-c2ea0177ea86","D04","CUPE","CUPE.AOS.S2","2016-07-20","CUPE.SS.20160720.POM.1",,"condition ok","Academy of Natural Sciences of Drexel University","2017-01-24","OKgcKejxXbI=","13C15N","1",,,100,"d15N",1.15,"perMill",,,
"5aaaf6fb-d9ba-4a1f-957a-dca811108089","D04","CUPE","CUPE.AOS.S2","2016-07-20","CUPE.SS.20160720.POM.2",,"condition ok","Academy of Natural Sciences of Drexel University","2017-02-13","OKgcKejxXbI=","13C15N","2",,,100,"d13C",-28.69,"perMill",,,
"b3237eca-3a54-4bbe-b3d7-21454c0d933f","D04","CUPE","CUPE.AOS.S2","2016-07-20","CUPE.SS.20160720.POM.1",,"condition ok","Academy of Natural Sciences of Drexel University","2017-01-24","OKgcKejxXbI=","13C15N","1",,,100,"d13C",-28.35,"perMill",,,
"de5981bf-f1df-49f4-86b4-4411e06c20dd","D04","CUPE","CUPE.AOS.S2","2016-07-20","CUPE.SS.20160720.POM.2",,"other","Academy of Natural Sciences of Drexel University","2017-02-13","OKgcKejxXbI=","13C15N","2",,,100,"d15N",,"perMill",,"too small",
