uid,domainID,siteID,namedLocation,collectDate,sampleID,sampleCode,sampleCondition,laboratoryName,analysisDate,analyzedBy,sampleType,replicate,sampleVolumeFiltered,filterSize,percentFilterAnalyzed,analyte,analyteConcentration,plantAlgaeLabUnits,method,externalRemarks,externalLabDataQF
"fd6bae97-c47f-4a87-a680-a1b8ff169729","D05","LIRO","LIRO.AOS.buoy.c1","2019-07-01","LIRO.C1.20190701.POM.1","A00000076636","condition ok","SIRFER Lab at University of Utah","2019-12-11","ElFtGy1kV49xqNP00HfxQA==","POM","1",200,25,100,"d13C",,"perMill","Revesz & Coplen 2012a",,
"e675a292-d938-416f-9921-61eafd38148e","D05","LIRO","LIRO.AOS.buoy.c1","2019-07-01","LIRO.C1.20190701.POM.1","A00000076636","condition ok","SIRFER Lab at University of Utah","2019-12-11","ElFtGy1kV49xqNP00HfxQA==","POM","1",200,25,100,"d15N",,"perMill","Revesz & Coplen 2012a",,
"77ac94b3-a847-4c9f-a914-a52844ef91b0","D05","LIRO","LIRO.AOS.buoy.c1","2019-07-01","LIRO.C1.20190701.POM.1","A00000076636","condition ok","SIRFER Lab at University of Utah","2019-12-11","ElFtGy1kV49xqNP00HfxQA==","POM","1",200,25,100,"nitrogen",,"microgramsPerLiter","Revesz & Coplen 2012a",,
"e87d6ef1-73dd-470d-958f-0019804c5137","D05","LIRO","LIRO.AOS.buoy.c1","2019-07-01","LIRO.C1.20190701.POM.1","A00000076636","condition ok","SIRFER Lab at University of Utah","2019-12-11","ElFtGy1kV49xqNP00HfxQA==","POM","1",200,25,100,"carbon",,"microgramsPerLiter","Revesz & Coplen 2012a",,
"ae832fb1-b661-451d-8997-a9701125e8aa","D05","LIRO","LIRO.AOS.buoy.c2","2019-07-01","LIRO.C2.20190701.POM.1","A00000076654","condition ok","SIRFER Lab at University of Utah","2019-12-11","ElFtGy1kV49xqNP00HfxQA==","POM","1",100,25,100,"nitrogen",,"microgramsPerLiter","Revesz & Coplen 2012a",,
"277cc241-c7b8-42b6-b88a-d77f4f5b491f","D05","LIRO","LIRO.AOS.buoy.c2","2019-07-01","LIRO.C2.20190701.POM.1","A00000076654","condition ok","SIRFER Lab at University of Utah","2019-12-11","ElFtGy1kV49xqNP00HfxQA==","POM","1",100,25,100,"carbon",,"microgramsPerLiter","Revesz & Coplen 2012a",,
"1bf48b82-8478-4e86-a77f-10dc33a210f4","D05","LIRO","LIRO.AOS.buoy.c2","2019-07-01","LIRO.C2.20190701.POM.1","A00000076654","condition ok","SIRFER Lab at University of Utah","2019-12-11","ElFtGy1kV49xqNP00HfxQA==","POM","1",100,25,100,"d13C",,"perMill","Revesz & Coplen 2012a",,
"9b0c58ad-956c-4cc9-8d80-928a15b77091","D05","LIRO","LIRO.AOS.buoy.c2","2019-07-01","LIRO.C2.20190701.POM.1","A00000076654","condition ok","SIRFER Lab at University of Utah","2019-12-11","ElFtGy1kV49xqNP00HfxQA==","POM","1",100,25,100,"d15N",,"perMill","Revesz & Coplen 2012a",,
