uid,domainID,siteID,namedLocation,collectDate,sampleID,sampleCode,sampleCondition,laboratoryName,analysisDate,analyzedBy,sampleType,replicate,sampleVolumeFiltered,filterSize,percentFilterAnalyzed,analyte,analyteConcentration,plantAlgaeLabUnits,method,externalRemarks,externalLabDataQF
"cd8a1f3c-7033-4725-b9ce-afd95e31500c","D08","TOMB","TOMB.AOS.buoy.c0","2018-01-09","TOMB.C0.20180109.POM.1",,"condition ok","SIRFER Lab at University of Utah","2018-08-28","ElFtGy1kV49xqNP00HfxQA==","POM","1",100,25,100,"nitrogen",107.88,"microgramsPerLiter","Revesz & Coplen 2012a",,
"d2787513-f5e6-40a4-97ae-4e58e175d147","D08","TOMB","TOMB.AOS.buoy.c0","2018-01-09","TOMB.C0.20180109.POM.1",,"condition ok","SIRFER Lab at University of Utah","2018-08-28","ElFtGy1kV49xqNP00HfxQA==","POM","1",100,25,100,"d15N",5.52,"perMill","Revesz & Coplen 2012a",,
"50647c7e-7194-4007-a6cc-03b492c2dcd9","D08","TOMB","TOMB.AOS.buoy.c0","2018-01-09","TOMB.C0.20180109.POM.1",,"condition ok","SIRFER Lab at University of Utah","2018-08-28","ElFtGy1kV49xqNP00HfxQA==","POM","1",100,25,100,"d13C",-28.21,"perMill","Revesz & Coplen 2012a",,
"aa5e6322-7c1b-4736-81bd-b48e29963a19","D08","TOMB","TOMB.AOS.buoy.c0","2018-01-09","TOMB.C0.20180109.POM.1",,"condition ok","SIRFER Lab at University of Utah","2018-08-28","ElFtGy1kV49xqNP00HfxQA==","POM","1",100,25,100,"carbon",1021.77,"microgramsPerLiter","Revesz & Coplen 2012a",,
"cc159755-e333-44da-bb98-a5057b1f0030","D08","TOMB","TOMB.AOS.buoy.c0","2018-01-24","TOMB.C0.20180124.POM.1",,"condition ok","SIRFER Lab at University of Utah","2018-08-28","ElFtGy1kV49xqNP00HfxQA==","POM","1",100,25,100,"carbon",789.04,"microgramsPerLiter","Revesz & Coplen 2012a",,
"66370ced-e883-470f-8792-8a98960be35a","D08","TOMB","TOMB.AOS.buoy.c0","2018-01-24","TOMB.C0.20180124.POM.1",,"condition ok","SIRFER Lab at University of Utah","2018-08-28","ElFtGy1kV49xqNP00HfxQA==","POM","1",100,25,100,"d13C",-29.45,"perMill","Revesz & Coplen 2012a",,
"1d85f4fa-eeeb-4e8d-9577-f1cd11bfc02a","D08","TOMB","TOMB.AOS.buoy.c0","2018-01-24","TOMB.C0.20180124.POM.1",,"condition ok","SIRFER Lab at University of Utah","2018-08-28","ElFtGy1kV49xqNP00HfxQA==","POM","1",100,25,100,"d15N",2.94,"perMill","Revesz & Coplen 2012a",,
"d987bd19-cc57-4f61-9f87-7b72da2e4c43","D08","TOMB","TOMB.AOS.buoy.c0","2018-01-24","TOMB.C0.20180124.POM.1",,"condition ok","SIRFER Lab at University of Utah","2018-08-28","ElFtGy1kV49xqNP00HfxQA==","POM","1",100,25,100,"nitrogen",110.20,"microgramsPerLiter","Revesz & Coplen 2012a",,
"810ab365-b382-41f8-a145-634c5c314c19","D08","TOMB","TOMB.AOS.buoy.c0","2018-01-29","TOMB.C0.20180129.POM.1",,"condition ok","SIRFER Lab at University of Utah","2018-08-28","ElFtGy1kV49xqNP00HfxQA==","POM","1",100,25,100,"d15N",4.18,"perMill","Revesz & Coplen 2012a",,
"47bb5a08-61e0-4cd9-a498-1601ba6d5880","D08","TOMB","TOMB.AOS.buoy.c0","2018-01-29","TOMB.C0.20180129.POM.1",,"condition ok","SIRFER Lab at University of Utah","2018-08-28","ElFtGy1kV49xqNP00HfxQA==","POM","1",100,25,100,"d13C",-29.56,"perMill","Revesz & Coplen 2012a",,
"36024f35-c1a8-4c45-a502-3fc9d842c622","D08","TOMB","TOMB.AOS.buoy.c0","2018-01-29","TOMB.C0.20180129.POM.1",,"condition ok","SIRFER Lab at University of Utah","2018-08-28","ElFtGy1kV49xqNP00HfxQA==","POM","1",100,25,100,"carbon",910.83,"microgramsPerLiter","Revesz & Coplen 2012a",,
"5c43eb44-3a8b-4f7e-91ea-ec2dda9908fe","D08","TOMB","TOMB.AOS.buoy.c0","2018-01-29","TOMB.C0.20180129.POM.1",,"condition ok","SIRFER Lab at University of Utah","2018-08-28","ElFtGy1kV49xqNP00HfxQA==","POM","1",100,25,100,"nitrogen",121.26,"microgramsPerLiter","Revesz & Coplen 2012a",,
