uid,domainID,siteID,namedLocation,collectDate,sampleID,sampleCode,sampleCondition,laboratoryName,analysisDate,analyzedBy,sampleType,replicate,sampleVolumeFiltered,filterSize,percentFilterAnalyzed,analyte,analyteConcentration,plantAlgaeLabUnits,method,externalRemarks,externalLabDataQF
"d44c4b23-8a86-4a91-8c1d-24486de89ada","D03","BARC","BARC.AOS.outlet","2015-10-14","BARC.OT.20151014.POM.2",,"condition ok","Academy of Natural Sciences of Drexel University","2017-01-17","OKgcKejxXbI=","13C15N","2",,,100,"d15N",1.67,"perMill",,,
"47d20c63-c40e-40e9-9691-3eaa3e3fe5e6","D03","BARC","BARC.AOS.outlet","2015-10-14","BARC.OT.20151014.POM.2",,"condition ok","Academy of Natural Sciences of Drexel University","2017-01-17","OKgcKejxXbI=","13C15N","2",,,100,"d13C",-28.66,"perMill",,,
"c1a5142b-fdb6-4540-84f3-2f750ad71c1b","D03","BARC","BARC.AOS.buoy.c0","2015-10-14","BARC.C0.20151014.POM.1",,"condition ok","Academy of Natural Sciences of Drexel University","2016-09-13","OKgcKejxXbI=","13C15N","1",,,100,"d15N",2.23,"perMill",,,
"eca856f2-3d0f-4334-8d50-41707cfa37f1","D03","BARC","BARC.AOS.inlet","2015-10-14","BARC.IN.20151014.POM.1",,"condition ok","Academy of Natural Sciences of Drexel University","2016-09-13","OKgcKejxXbI=","13C15N","1",,,100,"d15N",2.31,"perMill",,,
"dd73fd6c-1865-4397-927d-741bd4468b77","D03","BARC","BARC.AOS.buoy.c0","2015-10-14","BARC.C0.20151014.POM.2",,"condition ok","Academy of Natural Sciences of Drexel University","2017-01-17","OKgcKejxXbI=","13C15N","2",,,100,"d13C",-29.14,"perMill",,,
"6fd5dbe0-8be8-4c16-9839-8c668c5905cf","D03","BARC","BARC.AOS.inlet","2015-10-14","BARC.IN.20151014.POM.2",,"condition ok","Academy of Natural Sciences of Drexel University","2017-01-17","OKgcKejxXbI=","13C15N","2",,,100,"d15N",3.02,"perMill",,,
"e744cf0f-f290-4ddb-b80b-7dfcdea8a860","D03","BARC","BARC.AOS.buoy.c0","2015-10-14","BARC.C0.20151014.POM.1",,"condition ok","Academy of Natural Sciences of Drexel University","2016-09-13","OKgcKejxXbI=","13C15N","1",,,100,"d13C",-29.22,"perMill",,,
"2d4cca01-0ef6-4ed4-a622-58d17780dd7d","D03","BARC","BARC.AOS.outlet","2015-10-14","BARC.OT.20151014.POM.1",,"condition ok","Academy of Natural Sciences of Drexel University","2016-09-13","OKgcKejxXbI=","13C15N","1",,,100,"d13C",-28.18,"perMill",,,
"ff9c9f7a-f822-4461-8508-0f68e011ed83","D03","BARC","BARC.AOS.inlet","2015-10-14","BARC.IN.20151014.POM.1",,"condition ok","Academy of Natural Sciences of Drexel University","2016-09-13","OKgcKejxXbI=","13C15N","1",,,100,"d13C",-29.84,"perMill",,,
"6f5efca7-a175-4729-b18a-b7b2611e0e37","D03","BARC","BARC.AOS.buoy.c0","2015-10-14","BARC.C0.20151014.POM.2",,"condition ok","Academy of Natural Sciences of Drexel University","2017-01-17","OKgcKejxXbI=","13C15N","2",,,100,"d15N",2.69,"perMill",,,
"8df4be59-f631-4557-a694-61fdebdafba0","D03","BARC","BARC.AOS.inlet","2015-10-14","BARC.IN.20151014.POM.2",,"condition ok","Academy of Natural Sciences of Drexel University","2017-01-17","OKgcKejxXbI=","13C15N","2",,,100,"d13C",-29.85,"perMill",,,
"348331e2-e880-4949-82d9-a9e1316d093c","D03","BARC","BARC.AOS.outlet","2015-10-14","BARC.OT.20151014.POM.1",,"condition ok","Academy of Natural Sciences of Drexel University","2016-09-13","OKgcKejxXbI=","13C15N","1",,,100,"d15N",2.82,"perMill",,,
