uid,domainID,siteID,namedLocation,collectDate,sampleID,sampleCode,sampleCondition,laboratoryName,analysisDate,analyzedBy,sampleType,replicate,sampleVolumeFiltered,filterSize,percentFilterAnalyzed,analyte,analyteConcentration,plantAlgaeLabUnits,method,externalRemarks,externalLabDataQF
"5f640107-c98e-4a98-9b42-4201e79d329c","D03","BARC","BARC.AOS.buoy.c0","2017-09-05","BARC.C0.20170905.POM.1",,"condition ok","SIRFER Lab at University of Utah","2018-05-22","ElFtGy1kV49xqNP00HfxQA==","POM","1",,,100,"nitrogen",53.04,"microgramsPerLiter","Revesz & Coplen 2012a",,
"9448e5a9-720c-4f62-b35b-624a1bc6f133","D03","BARC","BARC.AOS.buoy.c0","2017-09-05","BARC.C0.20170905.POM.1",,"condition ok","SIRFER Lab at University of Utah","2018-05-22","ElFtGy1kV49xqNP00HfxQA==","POM","1",,,100,"d13C",-36.29,"perMill","Revesz & Coplen 2012a",,
"de9d5f4a-1fa5-476a-9664-06e3cb72e0f6","D03","BARC","BARC.AOS.buoy.c0","2017-09-05","BARC.C0.20170905.POM.1",,"condition ok","SIRFER Lab at University of Utah","2018-05-22","ElFtGy1kV49xqNP00HfxQA==","POM","1",,,100,"d15N",9.61,"perMill","Revesz & Coplen 2012a",,
"d5b44d50-5f98-40ae-aa67-7c2abc6e08d7","D03","BARC","BARC.AOS.buoy.c0","2017-09-05","BARC.C0.20170905.POM.1",,"condition ok","SIRFER Lab at University of Utah","2018-05-22","ElFtGy1kV49xqNP00HfxQA==","POM","1",,,100,"carbon",511.17,"microgramsPerLiter","Revesz & Coplen 2012a",,
"0e759ac6-0e6a-459e-b703-fe38b111643d","D03","BARC","BARC.AOS.inlet","2017-09-05","BARC.IN.20170905.POM.1",,"condition ok","SIRFER Lab at University of Utah","2018-05-22","ElFtGy1kV49xqNP00HfxQA==","POM","1",,,100,"d15N",16.84,"perMill","Revesz & Coplen 2012a",,
"33a675eb-9c68-462e-90e5-5222a5a28d99","D03","BARC","BARC.AOS.inlet","2017-09-05","BARC.IN.20170905.POM.1",,"condition ok","SIRFER Lab at University of Utah","2018-05-22","ElFtGy1kV49xqNP00HfxQA==","POM","1",,,100,"nitrogen",44.42,"microgramsPerLiter","Revesz & Coplen 2012a",,
"bd92b40c-752a-4260-9e5b-7aa539bfc7d7","D03","BARC","BARC.AOS.inlet","2017-09-05","BARC.IN.20170905.POM.1",,"condition ok","SIRFER Lab at University of Utah","2018-05-22","ElFtGy1kV49xqNP00HfxQA==","POM","1",,,100,"d13C",-33.04,"perMill","Revesz & Coplen 2012a",,
"2894e30b-2b16-4ab9-adbb-7fafa5ac419c","D03","BARC","BARC.AOS.inlet","2017-09-05","BARC.IN.20170905.POM.1",,"condition ok","SIRFER Lab at University of Utah","2018-05-22","ElFtGy1kV49xqNP00HfxQA==","POM","1",,,100,"carbon",488.21,"microgramsPerLiter","Revesz & Coplen 2012a",,
"3ecf5bfe-c202-453b-a67f-e7ed63711062","D03","BARC","BARC.AOS.outlet","2017-09-05","BARC.OT.20170905.POM.1",,"condition ok","SIRFER Lab at University of Utah","2018-05-22","ElFtGy1kV49xqNP00HfxQA==","POM","1",,,100,"nitrogen",33.96,"microgramsPerLiter","Revesz & Coplen 2012a",,
"a6a03b3e-b661-468f-bbd0-2eb4ea576c9e","D03","BARC","BARC.AOS.outlet","2017-09-05","BARC.OT.20170905.POM.1",,"condition ok","SIRFER Lab at University of Utah","2018-05-22","ElFtGy1kV49xqNP00HfxQA==","POM","1",,,100,"carbon",363.22,"microgramsPerLiter","Revesz & Coplen 2012a",,
"5a6b4969-d32a-450f-b9a3-9bca102ccf01","D03","BARC","BARC.AOS.outlet","2017-09-05","BARC.OT.20170905.POM.1",,"condition ok","SIRFER Lab at University of Utah","2018-05-22","ElFtGy1kV49xqNP00HfxQA==","POM","1",,,100,"d13C",-33.73,"perMill","Revesz & Coplen 2012a",,
"3aed50cb-b133-45b8-bfef-e72b1a332a2e","D03","BARC","BARC.AOS.outlet","2017-09-05","BARC.OT.20170905.POM.1",,"condition ok","SIRFER Lab at University of Utah","2018-05-22","ElFtGy1kV49xqNP00HfxQA==","POM","1",,,100,"d15N",16.16,"perMill","Revesz & Coplen 2012a",,
