uid,domainID,siteID,namedLocation,collectDate,sampleID,sampleCode,sampleCondition,laboratoryName,analysisDate,analyzedBy,sampleType,replicate,sampleVolumeFiltered,filterSize,percentFilterAnalyzed,analyte,analyteConcentration,plantAlgaeLabUnits,method,externalRemarks,externalLabDataQF
"47713d6c-f9cf-4781-b13e-1bf3c64e623b","D07","LECO","LECO.AOS.S2","2017-07-17","LECO.SS.20170717.POM.1",,"condition ok","SIRFER Lab at University of Utah","2018-03-12","ElFtGy1kV49xqNP00HfxQA==","POM","1",,,100,"d13C",-28.12,"perMill","Revesz & Coplen 2012a",,
"e7556ff0-3210-4b71-9a77-547d7c0573c1","D07","LECO","LECO.AOS.S2","2017-07-17","LECO.SS.20170717.POM.1",,"condition ok","SIRFER Lab at University of Utah","2018-03-12","ElFtGy1kV49xqNP00HfxQA==","POM","1",,,100,"nitrogen",49.50,"microgramsPerLiter","Revesz & Coplen 2012a",,
"3a3e3333-b31c-499a-993f-b475eb417d14","D07","LECO","LECO.AOS.S2","2017-07-17","LECO.SS.20170717.POM.1",,"condition ok","SIRFER Lab at University of Utah","2018-03-12","ElFtGy1kV49xqNP00HfxQA==","POM","1",,,100,"d15N",3.36,"perMill","Revesz & Coplen 2012a",,
"5be542a0-b60e-4b91-b8da-cdb3334232ab","D07","LECO","LECO.AOS.S2","2017-07-17","LECO.SS.20170717.POM.1",,"condition ok","SIRFER Lab at University of Utah","2018-03-12","ElFtGy1kV49xqNP00HfxQA==","POM","1",,,100,"carbon",714.57,"microgramsPerLiter","Revesz & Coplen 2012a",,
