uid,domainID,siteID,namedLocation,collectDate,sampleID,sampleCode,sampleCondition,laboratoryName,analysisDate,analyzedBy,sampleType,replicate,sampleVolumeFiltered,filterSize,percentFilterAnalyzed,analyte,analyteConcentration,plantAlgaeLabUnits,method,externalRemarks,externalLabDataQF
"35717068-4b5b-413d-be01-0627ec1a40a1","D03","FLNT","FLNT.AOS.buoy.c0","2017-06-13","FLNT.C0.20170613.POM.1",,"condition ok","SIRFER Lab at University of Utah","2018-05-26","ElFtGy1kV49xqNP00HfxQA==","POM","1",,,100,"carbon",469.84,"microgramsPerLiter","Revesz & Coplen 2012a",,
"c8dd75db-3c0d-47b4-afc0-4b40b50b56cd","D03","FLNT","FLNT.AOS.buoy.c0","2017-06-13","FLNT.C0.20170613.POM.1",,"condition ok","SIRFER Lab at University of Utah","2018-05-26","ElFtGy1kV49xqNP00HfxQA==","POM","1",,,100,"d13C",-28.00,"perMill","Revesz & Coplen 2012a",,
"a9159655-2d14-4ec2-9e76-742240e14ca9","D03","FLNT","FLNT.AOS.buoy.c0","2017-06-13","FLNT.C0.20170613.POM.1",,"condition ok","SIRFER Lab at University of Utah","2018-05-26","ElFtGy1kV49xqNP00HfxQA==","POM","1",,,100,"d15N",13.77,"perMill","Revesz & Coplen 2012a",,
"f97d4d1d-b23c-4e7c-b242-5050899b5c7f","D03","FLNT","FLNT.AOS.buoy.c0","2017-06-13","FLNT.C0.20170613.POM.1",,"condition ok","SIRFER Lab at University of Utah","2018-05-26","ElFtGy1kV49xqNP00HfxQA==","POM","1",,,100,"nitrogen",47.80,"microgramsPerLiter","Revesz & Coplen 2012a",,
"f85ba340-881b-486d-a9d7-51dd9615d4e7","D03","FLNT","FLNT.AOS.buoy.c0","2017-06-20","FLNT.C0.20170620.POM.1",,"condition ok","SIRFER Lab at University of Utah","2018-05-26","ElFtGy1kV49xqNP00HfxQA==","POM","1",,,100,"d15N",11.89,"perMill","Revesz & Coplen 2012a",,
"8ea7f28f-01f9-4c2d-a973-189b3f2252c4","D03","FLNT","FLNT.AOS.buoy.c0","2017-06-20","FLNT.C0.20170620.POM.1",,"condition ok","SIRFER Lab at University of Utah","2018-05-26","ElFtGy1kV49xqNP00HfxQA==","POM","1",,,100,"carbon",533.60,"microgramsPerLiter","Revesz & Coplen 2012a",,
"10abeef1-1b24-4a52-8a09-7470a105c7f1","D03","FLNT","FLNT.AOS.buoy.c0","2017-06-20","FLNT.C0.20170620.POM.1",,"condition ok","SIRFER Lab at University of Utah","2018-05-26","ElFtGy1kV49xqNP00HfxQA==","POM","1",,,100,"d13C",-28.38,"perMill","Revesz & Coplen 2012a",,
"9764206b-b922-4b7d-9dd8-3453ab07356b","D03","FLNT","FLNT.AOS.buoy.c0","2017-06-20","FLNT.C0.20170620.POM.1",,"condition ok","SIRFER Lab at University of Utah","2018-05-26","ElFtGy1kV49xqNP00HfxQA==","POM","1",,,100,"nitrogen",42.63,"microgramsPerLiter","Revesz & Coplen 2012a",,
