uid,domainID,siteID,namedLocation,collectDate,sampleID,sampleCode,sampleCondition,laboratoryName,analysisDate,analyzedBy,sampleType,replicate,sampleVolumeFiltered,filterSize,percentFilterAnalyzed,analyte,analyteConcentration,plantAlgaeLabUnits,method,externalRemarks,externalLabDataQF
"c52948c2-4f05-4105-925b-bb9d49f1ef2f","D02","LEWI","LEWI.AOS.S2","2017-04-19","LEWI.SS.20170419.POM.1",,"condition ok","SIRFER Lab at University of Utah","2018-03-05","ElFtGy1kV49xqNP00HfxQA==","POM","1",800,25,100,"nitrogen",30.61,"microgramsPerLiter","Revesz & Coplen 2012a",,
"8f1e9934-aef4-442d-b63e-6c0ebc3e81c1","D02","LEWI","LEWI.AOS.S2","2017-04-19","LEWI.SS.20170419.POM.1",,"condition ok","SIRFER Lab at University of Utah","2018-03-05","ElFtGy1kV49xqNP00HfxQA==","POM","1",800,25,100,"carbon",310.62,"microgramsPerLiter","Revesz & Coplen 2012a",,
"ddb9384f-4472-4c26-92d7-6dc81379e1e5","D02","LEWI","LEWI.AOS.S2","2017-04-19","LEWI.SS.20170419.POM.1",,"condition ok","SIRFER Lab at University of Utah","2018-03-05","ElFtGy1kV49xqNP00HfxQA==","POM","1",800,25,100,"d13C",-25.65,"perMill","Revesz & Coplen 2012a",,
"3ded0bb5-22cc-41b6-ac88-6e0235065adf","D02","LEWI","LEWI.AOS.S2","2017-04-19","LEWI.SS.20170419.POM.1",,"condition ok","SIRFER Lab at University of Utah","2018-03-05","ElFtGy1kV49xqNP00HfxQA==","POM","1",800,25,100,"d15N",1.84,"perMill","Revesz & Coplen 2012a",,
"e8df5cde-b6df-44b8-bd49-ec4939c99583","D02","LEWI","LEWI.AOS.S2","2017-04-26","LEWI.SS.20170426.POM.1",,"condition ok","SIRFER Lab at University of Utah","2018-03-05","ElFtGy1kV49xqNP00HfxQA==","POM","1",600,25,100,"carbon",404.96,"microgramsPerLiter","Revesz & Coplen 2012a",,
"0016b7c3-9066-46a4-b4c3-d3c36a646e72","D02","LEWI","LEWI.AOS.S2","2017-04-26","LEWI.SS.20170426.POM.1",,"condition ok","SIRFER Lab at University of Utah","2018-03-05","ElFtGy1kV49xqNP00HfxQA==","POM","1",600,25,100,"nitrogen",36.65,"microgramsPerLiter","Revesz & Coplen 2012a",,
"219ed074-c4b9-4986-bea9-6788a086784b","D02","LEWI","LEWI.AOS.S2","2017-04-26","LEWI.SS.20170426.POM.1",,"condition ok","SIRFER Lab at University of Utah","2018-03-05","ElFtGy1kV49xqNP00HfxQA==","POM","1",600,25,100,"d13C",-23.72,"perMill","Revesz & Coplen 2012a",,
"a69d0015-8828-4157-a419-743dfdeb301f","D02","LEWI","LEWI.AOS.S2","2017-04-26","LEWI.SS.20170426.POM.1",,"condition ok","SIRFER Lab at University of Utah","2018-03-05","ElFtGy1kV49xqNP00HfxQA==","POM","1",600,25,100,"d15N",6.06,"perMill","Revesz & Coplen 2012a",,
