uid,domainID,siteID,namedLocation,collectDate,parentSampleID,parentSampleCode,isotopeH2OSampleCond,isotopeH2OSampleID,isotopeH2OSampleCode,isotopePOMRep2SampleCond,isotopePOMRep2SampleID,isotopePOMRep2SampleCode,isotopePOMSampleCond,isotopePOMSampleID,isotopePOMSampleCode,processedDateFilters,processedDateH2OIsotopes,sampleVolumeFilteredPOMRep1,sampleVolumeFilteredPOMRep2,fieldDataQF
"9e7ab2a5-5da6-4703-b33d-c55bbae993fd","D13","WLOU","WLOU.AOS.S2","2018-05-01T14:44Z","WLOU.SS.20180501",,"Sample condition ok","WLOU.SS.20180501.H2O.1","A00000017669","Sample condition ok","WLOU.SS.20180501.POM.2","A00000017688","Sample condition ok","WLOU.SS.20180501.POM.1","A00000017689","2018-05-01T15:54Z","2018-05-01T14:57Z",1500,1500,
"0fb2a006-a726-4170-a453-5b40706d0f14","D13","WLOU","WLOU.AOS.S2","2018-05-08T15:05Z","WLOU.SS.20180508",,"Sample condition ok","WLOU.SS.20180508.H2O.1","A00000017701","Sample condition ok","WLOU.SS.20180508.POM.2","A00000017706","Sample condition ok","WLOU.SS.20180508.POM.1","A00000017705","2018-05-08T16:45Z","2018-05-08T15:07Z",1000,1000,
"c2447639-27dd-44a6-b897-ac1ce55cd4fc","D13","WLOU","WLOU.AOS.S2","2018-05-17T14:20Z","WLOU.SS.20180517",,"Sample condition ok","WLOU.SS.20180517.H2O.1","A00000017728","Sample condition ok","WLOU.SS.20180517.POM.2","A00000017733","Sample condition ok","WLOU.SS.20180517.POM.1","A00000017732","2018-05-17T15:00Z","2018-05-17T14:20Z",1500,1500,
"73aa8568-af26-4b16-b771-82859c18ddd6","D13","WLOU","WLOU.AOS.S2","2018-05-31T15:15Z","WLOU.SS.20180531",,"Sample condition ok","WLOU.SS.20180531.H2O.1","A00000018351","Sample condition ok","WLOU.SS.20180531.POM.2","A00000018376","Sample condition ok","WLOU.SS.20180531.POM.1","A00000018374","2018-05-31T16:53Z","2018-05-31T15:07Z",500,500,
