uid,domainID,siteID,namedLocation,decimalLatitude,decimalLongitude,coordinateUncertainty,additionalCoordUncertainty,elevation,elevationUncertainty,geodeticDatum,altLocation,altLatitude,altLongitude,altCoordinateUncertainty,altGeodeticDatum,collectDate,aquaticSiteType,samplingImpractical,parentSampleID,parentSampleCode,eventID,samplerType,dissolvedOxygen,dissolvedOxygenSaturation,specificConductance,waterTemp,asiSamplingProtocolVersion,lowerSegmentDepth,upperSegmentDepth,maxDepth,lakeSampleDepth1,lakeSampleDepth2,aCollectedBy,bCollectedBy,remarks,fieldDataQF
"d0b65834-62be-4972-ab6c-99578ef92577","D13","WLOU","WLOU.AOS.S2",39.890669,-105.911314,0.1,10.0,2899.5,0.0,"WGS84",,,,,,"2018-05-01T14:44Z","stream",,"WLOU.SS.20180501",,"WLOU.20180501","Grab",9.75,98.70,89.90,0.90,"NEON.DOC.001886vF",,,,,,"Hschartel@battelleecology.org","jen.roquemore@battelleecology.org",,
"d5a3587d-47be-486d-8630-bef4b4e46e90","D13","WLOU","WLOU.AOS.S2",39.890669,-105.911314,0.1,10.0,2899.5,0.0,"WGS84",,,,,,"2018-05-08T15:05Z","stream",,"WLOU.SS.20180508",,"WLOU.20180508","Grab",9.34,92.40,83.30,1.10,"NEON.DOC.001886vF",,,,,,"Hschartel@battelleecology.org","Bnance@battelleecology.org",,
"5050a2cf-50ab-4368-bad0-f669b3195281","D13","WLOU","WLOU.AOS.S2",39.890669,-105.911314,0.1,10.0,2899.5,0.0,"WGS84",,,,,,"2018-05-17T14:20Z","stream",,"WLOU.SS.20180517",,"WLOU.20180517","Grab",9.88,99.30,71.90,1.50,"NEON.DOC.001886vF",,,,,,"Hschartel@battelleecology.org","rlehrter@battelleecology.org",,
"ec539da0-f2b1-4a5d-b2af-86f3e01172cc","D13","WLOU","WLOU.AOS.S2",39.890669,-105.911314,0.1,10.0,2899.5,0.0,"WGS84",,,,,,"2018-05-31T15:15Z","stream",,"WLOU.SS.20180531",,"WLOU.20180531","Grab",10.05,104.80,72.20,2.10,"NEON.DOC.001886vF",,,,,,"Bnance@battelleecology.org","Bnance@battelleecology.org",,
