uid,domainID,siteID,namedLocation,collectDate,analysisDate,isotopeH2OSampleID,isotopeH2OSampleCode,instrumentSN,d18OWater,d2HWater,d18OsdWater,d2HsdWater,isotopeH2OExternalLabQF,laboratoryName,analyzedBy,sampleCondition,externalRemarks,externalLabDataQF
"fdb7f07f-3345-43fa-9e09-3ef3aa499b75","D13","WLOU","WLOU.AOS.S2","2018-05-01","2018-05-16","WLOU.SS.20180501.H2O.1","A00000017669","HIDS2046",-17.92,-132.58,0.02,0.15,0,"SIRFER Lab at University of Utah","OlSmE6RRn5QQH8tvUHmK5i/poYiQr6sd","OK",,
"a2772c30-4a3c-4326-8276-16cabb932ba6","D13","WLOU","WLOU.AOS.S2","2018-05-08","2018-08-08","WLOU.SS.20180508.H2O.1","A00000017701","HIDS2052",-17.88,-133.85,0.02,0.06,0,"SIRFER Lab at University of Utah","OlSmE6RRn5QQH8tvUHmK5i/poYiQr6sd","OK",,
"5032c9b0-fae7-40d3-aed8-a1ed6919b73b","D13","WLOU","WLOU.AOS.S2","2018-05-17","2018-08-08","WLOU.SS.20180517.H2O.1","A00000017728","HIDS2052",-18.17,-134.90,0.05,0.22,0,"SIRFER Lab at University of Utah","OlSmE6RRn5QQH8tvUHmK5i/poYiQr6sd","OK",,
"184fc0a7-1d9c-4a32-9147-8a35246bd997","D13","WLOU","WLOU.AOS.S2","2018-05-31","2018-08-08","WLOU.SS.20180531.H2O.1","A00000018351","HIDS2052",-18.07,-133.69,0.01,0.19,0,"SIRFER Lab at University of Utah","OlSmE6RRn5QQH8tvUHmK5i/poYiQr6sd","OK",,
