uid,domainID,siteID,namedLocation,collectDate,sampleID,sampleCode,sampleCondition,laboratoryName,analysisDate,analyzedBy,sampleType,replicate,sampleVolumeFiltered,filterSize,percentFilterAnalyzed,analyte,analyteConcentration,plantAlgaeLabUnits,method,externalRemarks,externalLabDataQF
"fe291824-094b-4311-8139-eed96ed4b21d","D13","WLOU","WLOU.AOS.S2","2018-05-01","WLOU.SS.20180501.POM.1","A00000017689","condition ok","SIRFER Lab at University of Utah","2018-08-08","ElFtGy1kV49xqNP00HfxQA==","POM","1",1500,25,100,"carbon",189.22,"microgramsPerLiter","Revesz & Coplen 2012a",,
"2d87070a-6653-4474-9a44-60af796e5371","D13","WLOU","WLOU.AOS.S2","2018-05-01","WLOU.SS.20180501.POM.1","A00000017689","condition ok","SIRFER Lab at University of Utah","2018-08-08","ElFtGy1kV49xqNP00HfxQA==","POM","1",1500,25,100,"d15N",2.49,"perMill","Revesz & Coplen 2012a",,
"8d76a82b-6302-481b-afa5-b01519f8bed7","D13","WLOU","WLOU.AOS.S2","2018-05-01","WLOU.SS.20180501.POM.1","A00000017689","condition ok","SIRFER Lab at University of Utah","2018-08-08","ElFtGy1kV49xqNP00HfxQA==","POM","1",1500,25,100,"nitrogen",13.60,"microgramsPerLiter","Revesz & Coplen 2012a",,
"27c46fa0-d796-404c-9c2c-80e0f0e952ca","D13","WLOU","WLOU.AOS.S2","2018-05-01","WLOU.SS.20180501.POM.1","A00000017689","condition ok","SIRFER Lab at University of Utah","2018-08-08","ElFtGy1kV49xqNP00HfxQA==","POM","1",1500,25,100,"d13C",-25.86,"perMill","Revesz & Coplen 2012a",,
"b752e998-4c84-4cef-b684-cb705c2be9dc","D13","WLOU","WLOU.AOS.S2","2018-05-08","WLOU.SS.20180508.POM.1","A00000017705","condition ok","SIRFER Lab at University of Utah","2018-08-08","ElFtGy1kV49xqNP00HfxQA==","POM","1",1000,25,100,"carbon",323.08,"microgramsPerLiter","Revesz & Coplen 2012a",,
"bbcf5296-2a23-41b9-9897-3b5729278467","D13","WLOU","WLOU.AOS.S2","2018-05-08","WLOU.SS.20180508.POM.1","A00000017705","condition ok","SIRFER Lab at University of Utah","2018-08-08","ElFtGy1kV49xqNP00HfxQA==","POM","1",1000,25,100,"d15N",2.66,"perMill","Revesz & Coplen 2012a",,
"f1dd303a-1088-430e-9b44-5c92278f006d","D13","WLOU","WLOU.AOS.S2","2018-05-08","WLOU.SS.20180508.POM.1","A00000017705","condition ok","SIRFER Lab at University of Utah","2018-08-08","ElFtGy1kV49xqNP00HfxQA==","POM","1",1000,25,100,"d13C",-25.95,"perMill","Revesz & Coplen 2012a",,
"252a30a8-6690-4b52-b4e8-03ad84b5b76d","D13","WLOU","WLOU.AOS.S2","2018-05-08","WLOU.SS.20180508.POM.1","A00000017705","condition ok","SIRFER Lab at University of Utah","2018-08-08","ElFtGy1kV49xqNP00HfxQA==","POM","1",1000,25,100,"nitrogen",20.75,"microgramsPerLiter","Revesz & Coplen 2012a",,
"17d2ad6a-a38d-4e8e-a58e-49138e5e1296","D13","WLOU","WLOU.AOS.S2","2018-05-17","WLOU.SS.20180517.POM.1","A00000017732","condition ok","SIRFER Lab at University of Utah","2018-08-08","ElFtGy1kV49xqNP00HfxQA==","POM","1",1500,25,100,"d15N",2.53,"perMill","Revesz & Coplen 2012a",,
"0e872c25-a834-47e9-a6d6-1cdbd3336f0c","D13","WLOU","WLOU.AOS.S2","2018-05-17","WLOU.SS.20180517.POM.1","A00000017732","condition ok","SIRFER Lab at University of Utah","2018-08-08","ElFtGy1kV49xqNP00HfxQA==","POM","1",1500,25,100,"carbon",272.57,"microgramsPerLiter","Revesz & Coplen 2012a",,
"c0d732b1-23a4-4e87-a048-55cffaf74ad6","D13","WLOU","WLOU.AOS.S2","2018-05-17","WLOU.SS.20180517.POM.1","A00000017732","condition ok","SIRFER Lab at University of Utah","2018-08-08","ElFtGy1kV49xqNP00HfxQA==","POM","1",1500,25,100,"d13C",-25.67,"perMill","Revesz & Coplen 2012a",,
"55e65c77-e88e-4b1b-9382-8c37c4126a52","D13","WLOU","WLOU.AOS.S2","2018-05-17","WLOU.SS.20180517.POM.1","A00000017732","condition ok","SIRFER Lab at University of Utah","2018-08-08","ElFtGy1kV49xqNP00HfxQA==","POM","1",1500,25,100,"nitrogen",17.16,"microgramsPerLiter","Revesz & Coplen 2012a",,
"3f85c3a0-b290-47e3-bd95-0f32f83432a1","D13","WLOU","WLOU.AOS.S2","2018-05-31","WLOU.SS.20180531.POM.1","A00000018374","condition ok","SIRFER Lab at University of Utah","2018-08-09","ElFtGy1kV49xqNP00HfxQA==","POM","1",500,25,100,"d13C",-25.00,"perMill","Revesz & Coplen 2012a",,
"ab83d046-4708-4821-8c7d-5e4e9b877780","D13","WLOU","WLOU.AOS.S2","2018-05-31","WLOU.SS.20180531.POM.1","A00000018374","condition ok","SIRFER Lab at University of Utah","2018-08-09","ElFtGy1kV49xqNP00HfxQA==","POM","1",500,25,100,"nitrogen",53.74,"microgramsPerLiter","Revesz & Coplen 2012a",,
"d0221c35-90bf-429b-bee0-41cc98ef475a","D13","WLOU","WLOU.AOS.S2","2018-05-31","WLOU.SS.20180531.POM.1","A00000018374","condition ok","SIRFER Lab at University of Utah","2018-08-09","ElFtGy1kV49xqNP00HfxQA==","POM","1",500,25,100,"carbon",862.88,"microgramsPerLiter","Revesz & Coplen 2012a",,
"3a390d0c-648a-4e7b-bdca-d256c5067f54","D13","WLOU","WLOU.AOS.S2","2018-05-31","WLOU.SS.20180531.POM.1","A00000018374","condition ok","SIRFER Lab at University of Utah","2018-08-09","ElFtGy1kV49xqNP00HfxQA==","POM","1",500,25,100,"d15N",2.37,"perMill","Revesz & Coplen 2012a",,
