uid,domainID,siteID,namedLocation,collectDate,sampleID,sampleCode,sampleCondition,laboratoryName,analysisDate,analyzedBy,sampleType,replicate,sampleVolumeFiltered,filterSize,percentFilterAnalyzed,analyte,analyteConcentration,plantAlgaeLabUnits,method,externalRemarks,externalLabDataQF
"00f65f86-6458-482b-b523-9e2864fdfe59","D08","MAYF","MAYF.AOS.S2","2016-02-04","MAYF.SS.20160204.POM.1",,"condition ok","Academy of Natural Sciences of Drexel University","2016-08-29","OKgcKejxXbI=","13C15N","1",,,100,"d15N",5.88,"perMill",,,
"7dcbfcef-d77f-46a4-88c1-8bdf5ec01f4c","D08","MAYF","MAYF.AOS.S2","2016-02-04","MAYF.SS.20160204.POM.1",,"condition ok","Academy of Natural Sciences of Drexel University","2016-08-29","OKgcKejxXbI=","13C15N","1",,,100,"d13C",-29.39,"perMill",,,
"63adf624-2dbb-40f8-b0e8-f2f4c74e228a","D08","MAYF","MAYF.AOS.S2","2016-02-04","MAYF.SS.20160204.POM.2",,"condition ok","Academy of Natural Sciences of Drexel University","2016-09-01","OKgcKejxXbI=","13C15N","2",,,100,"d13C",-27.84,"perMill",,,
"c7261203-71eb-444f-9c49-766678f601ef","D08","MAYF","MAYF.AOS.S2","2016-02-04","MAYF.SS.20160204.POM.2",,"condition ok","Academy of Natural Sciences of Drexel University","2016-09-01","OKgcKejxXbI=","13C15N","2",,,100,"d15N",4.02,"perMill",,,
"be5bb29d-1e7b-4481-bda8-0c23459029e7","D08","MAYF","MAYF.AOS.S2","2016-02-10","MAYF.SS.20160210.POM.2",,"condition ok","Academy of Natural Sciences of Drexel University","2016-09-01","OKgcKejxXbI=","13C15N","2",,,100,"d13C",-33.53,"perMill",,,
"f45912f9-fc84-42b9-b610-117736609524","D08","MAYF","MAYF.AOS.S2","2016-02-10","MAYF.SS.20160210.POM.1",,"condition ok","Academy of Natural Sciences of Drexel University","2016-08-29","OKgcKejxXbI=","13C15N","1",,,100,"d13C",-29.02,"perMill",,,
"e822ddf3-642a-489c-bf01-a88ece823518","D08","MAYF","MAYF.AOS.S2","2016-02-10","MAYF.SS.20160210.POM.2",,"other","Academy of Natural Sciences of Drexel University","2016-09-01","OKgcKejxXbI=","13C15N","2",,,100,"d15N",,"perMill",,"not enough sample for analysis",
"208f013a-66c6-43b7-993c-7702bda7e7dc","D08","MAYF","MAYF.AOS.S2","2016-02-10","MAYF.SS.20160210.POM.1",,"condition ok","Academy of Natural Sciences of Drexel University","2016-08-29","OKgcKejxXbI=","13C15N","1",,,100,"d15N",7.48,"perMill",,,
"996dfebb-4ffc-4895-92e5-324587e15fe1","D08","MAYF","MAYF.AOS.S2","2016-02-16","MAYF.SS.20160216.POM.2",,"condition ok","Academy of Natural Sciences of Drexel University","2016-09-01","OKgcKejxXbI=","13C15N","2",,,100,"d13C",-27.73,"perMill",,,
"aeaeffef-e634-4cc9-8849-19f9471a0f5e","D08","MAYF","MAYF.AOS.S2","2016-02-16","MAYF.SS.20160216.POM.2",,"condition ok","Academy of Natural Sciences of Drexel University","2016-09-01","OKgcKejxXbI=","13C15N","2",,,100,"d15N",6.66,"perMill",,,
"d0d87edd-ceec-44ab-b5d2-13c2dc49b377","D08","MAYF","MAYF.AOS.S2","2016-02-16","MAYF.SS.20160216.POM.1",,"condition ok","Academy of Natural Sciences of Drexel University","2016-08-29","OKgcKejxXbI=","13C15N","1",,,100,"d15N",4.66,"perMill",,,
"09269bfc-3861-495e-b6d5-3ecc582c950b","D08","MAYF","MAYF.AOS.S2","2016-02-16","MAYF.SS.20160216.POM.1",,"condition ok","Academy of Natural Sciences of Drexel University","2016-08-29","OKgcKejxXbI=","13C15N","1",,,100,"d13C",-29.37,"perMill",,,
