uid,domainID,siteID,namedLocation,collectDate,sampleID,sampleCode,sampleCondition,laboratoryName,analysisDate,analyzedBy,sampleType,replicate,sampleVolumeFiltered,filterSize,percentFilterAnalyzed,analyte,analyteConcentration,plantAlgaeLabUnits,method,externalRemarks,externalLabDataQF
"753bc1bb-38d1-4ba8-9742-8f02c469d628","D18","OKSR","OKSR.AOS.reach","2017-10-10","OKSR.RE.20171010.POM.1",,"condition ok","SIRFER Lab at University of Utah","2018-03-28","ElFtGy1kV49xqNP00HfxQA==","POM","1",650,25,100,"d15N",13.49,"perMill","Revesz & Coplen 2012a",,
"c4924c36-fb7d-45c0-b3e5-40b8ef3a19e3","D18","OKSR","OKSR.AOS.reach","2017-10-10","OKSR.RE.20171010.POM.1",,"condition ok","SIRFER Lab at University of Utah","2018-03-28","ElFtGy1kV49xqNP00HfxQA==","POM","1",650,25,100,"carbon",83.58,"microgramsPerLiter","Revesz & Coplen 2012a",,
"2864c13d-37fc-40b4-a5c3-4707a58f6036","D18","OKSR","OKSR.AOS.reach","2017-10-10","OKSR.RE.20171010.POM.1",,"condition ok","SIRFER Lab at University of Utah","2018-03-28","ElFtGy1kV49xqNP00HfxQA==","POM","1",650,25,100,"nitrogen",10.05,"microgramsPerLiter","Revesz & Coplen 2012a",,
"a2f21327-f942-499d-af31-2a34a51d3b1f","D18","OKSR","OKSR.AOS.reach","2017-10-10","OKSR.RE.20171010.POM.1",,"condition ok","SIRFER Lab at University of Utah","2018-03-28","ElFtGy1kV49xqNP00HfxQA==","POM","1",650,25,100,"d13C",-29.25,"perMill","Revesz & Coplen 2012a",,
