uid,domainID,siteID,namedLocation,collectDate,sampleID,sampleCode,sampleCondition,laboratoryName,analysisDate,analyzedBy,sampleType,replicate,sampleVolumeFiltered,filterSize,percentFilterAnalyzed,analyte,analyteConcentration,plantAlgaeLabUnits,method,externalRemarks,externalLabDataQF
"6e2ffb9a-d03b-4bd5-adc6-7ad1af487ab8","D06","MCDI","MCDI.AOS.S2","2017-01-10","MCDI.SS.20170110.POM.1",,"condition ok","SIRFER Lab at University of Utah","2018-03-07","ElFtGy1kV49xqNP00HfxQA==","POM","1",,,100,"nitrogen",8.80,"percent","Revesz & Coplen 2012a",,
"a56cb203-5405-41fe-9629-5aba4bffc17b","D06","MCDI","MCDI.AOS.S2","2017-01-10","MCDI.SS.20170110.POM.1",,"condition ok","SIRFER Lab at University of Utah","2018-03-07","ElFtGy1kV49xqNP00HfxQA==","POM","1",,,100,"carbon",113.38,"percent","Revesz & Coplen 2012a",,
"e42be591-28a4-4214-acb3-c2a0bebb9084","D06","MCDI","MCDI.AOS.S2","2017-01-10","MCDI.SS.20170110.POM.1",,"condition ok","SIRFER Lab at University of Utah","2018-03-07","ElFtGy1kV49xqNP00HfxQA==","POM","1",,,100,"d15N",-2.74,"perMill","Revesz & Coplen 2012a",,
"1647b610-96b9-45c6-90a4-8794df203244","D06","MCDI","MCDI.AOS.S2","2017-01-10","MCDI.SS.20170110.POM.1",,"condition ok","SIRFER Lab at University of Utah","2018-03-07","ElFtGy1kV49xqNP00HfxQA==","POM","1",,,100,"d13C",7.05,"perMill","Revesz & Coplen 2012a",,
