uid,domainID,siteID,namedLocation,collectDate,sampleID,sampleCode,sampleCondition,laboratoryName,analysisDate,analyzedBy,sampleType,replicate,sampleVolumeFiltered,filterSize,percentFilterAnalyzed,analyte,analyteConcentration,plantAlgaeLabUnits,method,externalRemarks,externalLabDataQF
"f87d027c-c06e-410d-99aa-9dd793923d46","D08","MAYF","MAYF.AOS.S2","2015-11-04","MAYF.SS.20151104.POM.2",,"condition ok","Academy of Natural Sciences of Drexel University","2017-01-17","OKgcKejxXbI=","13C15N","2",,,100,"d13C",-28.12,"perMill",,,
"c9c16a40-0422-42f0-a325-aabce6e1b41a","D08","MAYF","MAYF.AOS.S2","2015-11-04","MAYF.SS.20151104.POM.1",,"condition ok","Academy of Natural Sciences of Drexel University","2016-09-13","OKgcKejxXbI=","13C15N","1",,,100,"d13C",-27.47,"perMill",,,
"9c67d641-14be-42f7-86cb-b7a8dfa20f64","D08","MAYF","MAYF.AOS.S2","2015-11-04","MAYF.SS.20151104.POM.2",,"condition ok","Academy of Natural Sciences of Drexel University","2017-01-17","OKgcKejxXbI=","13C15N","2",,,100,"d15N",5.58,"perMill",,,
"b179ca1a-1875-48ce-a8f3-2bc2fdc1ad3f","D08","MAYF","MAYF.AOS.S2","2015-11-04","MAYF.SS.20151104.POM.1",,"condition ok","Academy of Natural Sciences of Drexel University","2016-09-13","OKgcKejxXbI=","13C15N","1",,,100,"d15N",6.07,"perMill",,,
"53cea71f-0a4b-48f7-9477-f49f4d713ab1","D08","MAYF","MAYF.AOS.S2","2015-11-04","MAYF.SS.20151104.POM.1",,"condition ok","Academy of Natural Sciences of Drexel University","2016-09-13","OKgcKejxXbI=","13C15N","1",19,25,100,"d13C",-27.47,"perMill",,,"Audit Failed. Document: A00036_DREX_AlgalChem_DocAudit_20170407.pdf & A00036_DREX_AlgalChem_VisitAudit_20170407.pdf"
"f6949740-02d1-41ec-9b3c-5ab7431936cb","D08","MAYF","MAYF.AOS.S2","2015-11-04","MAYF.SS.20151104.POM.2",,"condition ok","Academy of Natural Sciences of Drexel University","2017-01-17","OKgcKejxXbI=","13C15N","2",19,25,100,"d13C",-28.12,"perMill",,,"Audit Failed. Document: A00036_DREX_AlgalChem_DocAudit_20170407.pdf & A00036_DREX_AlgalChem_VisitAudit_20170407.pdf"
"d4922c6e-4588-4b36-a484-b43369ded9e1","D08","MAYF","MAYF.AOS.S2","2015-11-04","MAYF.SS.20151104.POM.1",,"condition ok","Academy of Natural Sciences of Drexel University","2016-09-13","OKgcKejxXbI=","13C15N","1",19,25,100,"d15N",6.07,"perMill",,,"Audit Failed. Document: A00036_DREX_AlgalChem_DocAudit_20170407.pdf & A00036_DREX_AlgalChem_VisitAudit_20170407.pdf"
"9ceedfbd-e8ab-46bf-a513-a2d086b9f845","D08","MAYF","MAYF.AOS.S2","2015-11-04","MAYF.SS.20151104.POM.2",,"condition ok","Academy of Natural Sciences of Drexel University","2017-01-17","OKgcKejxXbI=","13C15N","2",19,25,100,"d15N",5.58,"perMill",,,"Audit Failed. Document: A00036_DREX_AlgalChem_DocAudit_20170407.pdf & A00036_DREX_AlgalChem_VisitAudit_20170407.pdf"
"8b189d5a-d744-4bbd-b3f0-dc516614d553","D08","MAYF","MAYF.AOS.S2","2015-11-10","MAYF.SS.20151110.POM.1",,"condition ok","Academy of Natural Sciences of Drexel University","2016-09-13","OKgcKejxXbI=","13C15N","1",,,100,"d15N",5.63,"perMill",,,
"414a3cc5-6bbd-4cc4-bc75-1499db61dfd5","D08","MAYF","MAYF.AOS.S2","2015-11-10","MAYF.SS.20151110.POM.2",,"condition ok","Academy of Natural Sciences of Drexel University","2017-01-17","OKgcKejxXbI=","13C15N","2",,,100,"d13C",-28.10,"perMill",,,
"e05720f2-4177-4502-832c-482bf66ea5d5","D08","MAYF","MAYF.AOS.S2","2015-11-10","MAYF.SS.20151110.POM.2",,"condition ok","Academy of Natural Sciences of Drexel University","2017-01-17","OKgcKejxXbI=","13C15N","2",,,100,"d15N",5.90,"perMill",,,
"831ef429-f5f0-4882-b2d5-1f9ac7c8d6a0","D08","MAYF","MAYF.AOS.S2","2015-11-10","MAYF.SS.20151110.POM.1",,"condition ok","Academy of Natural Sciences of Drexel University","2016-09-13","OKgcKejxXbI=","13C15N","1",,,100,"d13C",-28.11,"perMill",,,
"f451ccd9-10d3-40c9-96bb-069d465f4c71","D08","MAYF","MAYF.AOS.S2","2015-11-10","MAYF.SS.20151110.POM.2",,"condition ok","Academy of Natural Sciences of Drexel University","2017-01-17","OKgcKejxXbI=","13C15N","2",25,25,100,"d13C",-28.10,"perMill",,,"Audit Failed. Document: A00036_DREX_AlgalChem_DocAudit_20170407.pdf & A00036_DREX_AlgalChem_VisitAudit_20170407.pdf"
"597b2e8e-ac84-4bf6-a256-7dc034811214","D08","MAYF","MAYF.AOS.S2","2015-11-10","MAYF.SS.20151110.POM.1",,"condition ok","Academy of Natural Sciences of Drexel University","2016-09-13","OKgcKejxXbI=","13C15N","1",25,25,100,"d15N",5.63,"perMill",,,"Audit Failed. Document: A00036_DREX_AlgalChem_DocAudit_20170407.pdf & A00036_DREX_AlgalChem_VisitAudit_20170407.pdf"
"4fafc807-de2a-4de9-8eff-29e1dd9f420a","D08","MAYF","MAYF.AOS.S2","2015-11-10","MAYF.SS.20151110.POM.1",,"condition ok","Academy of Natural Sciences of Drexel University","2016-09-13","OKgcKejxXbI=","13C15N","1",25,25,100,"d13C",-28.11,"perMill",,,"Audit Failed. Document: A00036_DREX_AlgalChem_DocAudit_20170407.pdf & A00036_DREX_AlgalChem_VisitAudit_20170407.pdf"
"359036ae-112b-4eb5-89db-50d3d4352568","D08","MAYF","MAYF.AOS.S2","2015-11-10","MAYF.SS.20151110.POM.2",,"condition ok","Academy of Natural Sciences of Drexel University","2017-01-17","OKgcKejxXbI=","13C15N","2",25,25,100,"d15N",5.90,"perMill",,,"Audit Failed. Document: A00036_DREX_AlgalChem_DocAudit_20170407.pdf & A00036_DREX_AlgalChem_VisitAudit_20170407.pdf"
