uid,domainID,siteID,namedLocation,collectDate,sampleID,sampleCode,sampleCondition,laboratoryName,analysisDate,analyzedBy,sampleType,replicate,sampleVolumeFiltered,filterSize,percentFilterAnalyzed,analyte,analyteConcentration,plantAlgaeLabUnits,method,externalRemarks,externalLabDataQF
"539c48e8-0aba-4083-96dd-63cb068c05af","D03","FLNT","FLNT.AOS.buoy.c0","2018-08-08","FLNT.C0.20180808.POM.1","A00000005251","condition ok","SIRFER Lab at University of Utah","2018-11-07","ElFtGy1kV49xqNP00HfxQA==","POM","1",250,25,100,"d15N",6.39,"perMill","Revesz & Coplen 2012a",,
"f3c05a87-d901-4b2f-9e75-8880e9110bea","D03","FLNT","FLNT.AOS.buoy.c0","2018-08-08","FLNT.C0.20180808.POM.1","A00000005251","condition ok","SIRFER Lab at University of Utah","2018-11-07","ElFtGy1kV49xqNP00HfxQA==","POM","1",250,25,100,"carbon",652.12,"microgramsPerLiter","Revesz & Coplen 2012a",,
"d7a84bd6-8519-4bb0-aaad-755079d183b8","D03","FLNT","FLNT.AOS.buoy.c0","2018-08-08","FLNT.C0.20180808.POM.1","A00000005251","condition ok","SIRFER Lab at University of Utah","2018-11-07","ElFtGy1kV49xqNP00HfxQA==","POM","1",250,25,100,"d13C",-29.98,"perMill","Revesz & Coplen 2012a",,
"933fe8fb-d804-4e0e-81ec-85727d451a04","D03","FLNT","FLNT.AOS.buoy.c0","2018-08-08","FLNT.C0.20180808.POM.1","A00000005251","condition ok","SIRFER Lab at University of Utah","2018-11-07","ElFtGy1kV49xqNP00HfxQA==","POM","1",250,25,100,"nitrogen",70.34,"microgramsPerLiter","Revesz & Coplen 2012a",,
"8db0fb38-d6db-4b37-9f2e-005e7d56eda8","D03","FLNT","FLNT.AOS.buoy.c0","2018-08-29","FLNT.C0.20180829.POM.1","A00000005274","condition ok","SIRFER Lab at University of Utah","2018-11-07","ElFtGy1kV49xqNP00HfxQA==","POM","1",500,25,100,"nitrogen",29.35,"microgramsPerLiter","Revesz & Coplen 2012a",,
"088c5863-892c-48ad-aa67-394cc97dd1d8","D03","FLNT","FLNT.AOS.buoy.c0","2018-08-29","FLNT.C0.20180829.POM.1","A00000005274","condition ok","SIRFER Lab at University of Utah","2018-11-07","ElFtGy1kV49xqNP00HfxQA==","POM","1",500,25,100,"d15N",-4.86,"perMill","Revesz & Coplen 2012a",,
"972abe68-a5ba-4d75-9599-33907dd72d5e","D03","FLNT","FLNT.AOS.buoy.c0","2018-08-29","FLNT.C0.20180829.POM.1","A00000005274","condition ok","SIRFER Lab at University of Utah","2018-11-07","ElFtGy1kV49xqNP00HfxQA==","POM","1",500,25,100,"carbon",260.87,"microgramsPerLiter","Revesz & Coplen 2012a",,
"d38c5c18-3e6d-4c82-aee7-c14bdb2f9afb","D03","FLNT","FLNT.AOS.buoy.c0","2018-08-29","FLNT.C0.20180829.POM.1","A00000005274","condition ok","SIRFER Lab at University of Utah","2018-11-07","ElFtGy1kV49xqNP00HfxQA==","POM","1",500,25,100,"d13C",-29.52,"perMill","Revesz & Coplen 2012a",,
