uid,domainID,siteID,namedLocation,collectDate,sampleID,sampleCode,sampleCondition,laboratoryName,analysisDate,analyzedBy,sampleType,replicate,sampleVolumeFiltered,filterSize,percentFilterAnalyzed,analyte,analyteConcentration,plantAlgaeLabUnits,method,externalRemarks,externalLabDataQF
"d311293d-b63d-4dee-81b1-5c4d3709c7d1","D02","POSE","POSE.AOS.S2","2017-08-08","POSE.SS.20170808.POM.1",,"condition ok","SIRFER Lab at University of Utah","2018-03-09","ElFtGy1kV49xqNP00HfxQA==","POM","1",200,25,100,"d15N",3.43,"perMill","Revesz & Coplen 2012a",,
"0c31ef6b-6b30-40cc-be07-141ad344882c","D02","POSE","POSE.AOS.S2","2017-08-08","POSE.SS.20170808.POM.1",,"condition ok","SIRFER Lab at University of Utah","2018-03-09","ElFtGy1kV49xqNP00HfxQA==","POM","1",200,25,100,"d13C",-27.65,"perMill","Revesz & Coplen 2012a",,
"a3949ffa-cfb9-46dd-8140-64fcb09fa52f","D02","POSE","POSE.AOS.S2","2017-08-08","POSE.SS.20170808.POM.1",,"condition ok","SIRFER Lab at University of Utah","2018-03-09","ElFtGy1kV49xqNP00HfxQA==","POM","1",200,25,100,"nitrogen",230.40,"percent","Revesz & Coplen 2012a",,
"2e328fe8-1474-40e3-b866-f6ac5b42a298","D02","POSE","POSE.AOS.S2","2017-08-08","POSE.SS.20170808.POM.1",,"condition ok","SIRFER Lab at University of Utah","2018-03-09","ElFtGy1kV49xqNP00HfxQA==","POM","1",200,25,100,"carbon",3515.29,"percent","Revesz & Coplen 2012a",,
"c86b1510-9f5c-41fb-bd39-519f8d88cddd","D02","POSE","POSE.AOS.S2","2017-08-21","POSE.SS.20170821.POM.1",,"condition ok","SIRFER Lab at University of Utah","2018-03-09","ElFtGy1kV49xqNP00HfxQA==","POM","1",200,25,100,"d13C",-27.51,"perMill","Revesz & Coplen 2012a",,
"b7bccf8c-a0f0-4615-bbdf-b2fd20597519","D02","POSE","POSE.AOS.S2","2017-08-21","POSE.SS.20170821.POM.1",,"condition ok","SIRFER Lab at University of Utah","2018-03-09","ElFtGy1kV49xqNP00HfxQA==","POM","1",200,25,100,"d15N",8.08,"perMill","Revesz & Coplen 2012a",,
"c61a2b57-57eb-42a9-b647-66420f9ad5e7","D02","POSE","POSE.AOS.S2","2017-08-21","POSE.SS.20170821.POM.1",,"condition ok","SIRFER Lab at University of Utah","2018-03-09","ElFtGy1kV49xqNP00HfxQA==","POM","1",200,25,100,"carbon",4935.13,"percent","Revesz & Coplen 2012a",,
"16d7d93b-7204-41ff-a69c-2fcee29a63d7","D02","POSE","POSE.AOS.S2","2017-08-21","POSE.SS.20170821.POM.1",,"condition ok","SIRFER Lab at University of Utah","2018-03-09","ElFtGy1kV49xqNP00HfxQA==","POM","1",200,25,100,"nitrogen",343.09,"percent","Revesz & Coplen 2012a",,
