uid,domainID,siteID,namedLocation,collectDate,sampleID,sampleCode,sampleCondition,laboratoryName,analysisDate,analyzedBy,sampleType,replicate,sampleVolumeFiltered,filterSize,percentFilterAnalyzed,analyte,analyteConcentration,plantAlgaeLabUnits,method,externalRemarks,externalLabDataQF
"3493848e-b3a0-4236-84fc-35e14e21d10a","D03","SUGG","SUGG.AOS.buoy.c0","2015-08-26","SUGG.C0.20150826.POM.1",,"condition ok","Academy of Natural Sciences of Drexel University","2016-09-13","OKgcKejxXbI=","13C15N","1",,,100,"d15N",2.49,"perMill",,,
"e135f464-1223-4ee6-8a64-7a170d63746a","D03","SUGG","SUGG.AOS.outlet","2015-08-26","SUGG.OT.20150826.POM.2",,"condition ok","Academy of Natural Sciences of Drexel University","2017-01-17","OKgcKejxXbI=","13C15N","2",,,100,"d15N",1.28,"perMill",,,
"a3257cfd-6946-4c6a-b5d0-5d8092b56117","D03","SUGG","SUGG.AOS.outlet","2015-08-26","SUGG.OT.20150826.POM.1",,"condition ok","Academy of Natural Sciences of Drexel University","2016-09-13","OKgcKejxXbI=","13C15N","1",,,100,"d15N",1.78,"perMill",,,
"0db9bbe7-7751-4875-b2a6-c08fd5bd4d50","D03","SUGG","SUGG.AOS.buoy.c0","2015-08-26","SUGG.C0.20150826.POM.2",,"condition ok","Academy of Natural Sciences of Drexel University","2017-01-17","OKgcKejxXbI=","13C15N","2",,,100,"d13C",-33.77,"perMill",,,
"235b092c-955a-40dd-ab15-ba4046333284","D03","SUGG","SUGG.AOS.inlet","2015-08-26","SUGG.IN.20150826.POM.1",,"condition ok","Academy of Natural Sciences of Drexel University","2016-09-13","OKgcKejxXbI=","13C15N","1",,,100,"d13C",-34.64,"perMill",,,
"e440b2d9-8b50-4f71-acf7-fba6552b3a6c","D03","SUGG","SUGG.AOS.outlet","2015-08-26","SUGG.OT.20150826.POM.2",,"condition ok","Academy of Natural Sciences of Drexel University","2017-01-17","OKgcKejxXbI=","13C15N","2",,,100,"d13C",-35.57,"perMill",,,
"f0576497-fbaa-458f-b152-14c8ac9ab3d0","D03","SUGG","SUGG.AOS.outlet","2015-08-26","SUGG.OT.20150826.POM.1",,"condition ok","Academy of Natural Sciences of Drexel University","2016-09-13","OKgcKejxXbI=","13C15N","1",,,100,"d13C",-36.24,"perMill",,,
"4ac1084a-937b-42c3-9234-d18dfbdc612e","D03","SUGG","SUGG.AOS.inlet","2015-08-26","SUGG.IN.20150826.POM.2",,"condition ok","Academy of Natural Sciences of Drexel University","2017-01-17","OKgcKejxXbI=","13C15N","2",,,100,"d13C",-33.69,"perMill",,,
"0b6cb624-d100-4b55-ab8b-3073fc7fabc4","D03","SUGG","SUGG.AOS.buoy.c0","2015-08-26","SUGG.C0.20150826.POM.1",,"condition ok","Academy of Natural Sciences of Drexel University","2016-09-13","OKgcKejxXbI=","13C15N","1",,,100,"d13C",-34.04,"perMill",,,
"7eeb4acf-a24f-4bd8-b2eb-4a619b25b60e","D03","SUGG","SUGG.AOS.buoy.c0","2015-08-26","SUGG.C0.20150826.POM.2",,"condition ok","Academy of Natural Sciences of Drexel University","2017-01-17","OKgcKejxXbI=","13C15N","2",,,100,"d15N",2.32,"perMill",,,
"faddbcb8-151a-4b67-ae01-4ee6510ebf8a","D03","SUGG","SUGG.AOS.inlet","2015-08-26","SUGG.IN.20150826.POM.2",,"condition ok","Academy of Natural Sciences of Drexel University","2017-01-17","OKgcKejxXbI=","13C15N","2",,,100,"d15N",1.28,"perMill",,,
"d0c11790-a609-40a2-90a6-39c3458999e5","D03","SUGG","SUGG.AOS.inlet","2015-08-26","SUGG.IN.20150826.POM.1",,"condition ok","Academy of Natural Sciences of Drexel University","2016-09-13","OKgcKejxXbI=","13C15N","1",,,100,"d15N",2.35,"perMill",,,
