uid,domainID,siteID,namedLocation,collectDate,sampleID,sampleCode,sampleCondition,laboratoryName,analysisDate,analyzedBy,sampleType,replicate,sampleVolumeFiltered,filterSize,percentFilterAnalyzed,analyte,analyteConcentration,plantAlgaeLabUnits,method,externalRemarks,externalLabDataQF
"a7b4e838-6266-417e-9114-c3a685278779","D04","GUIL","GUIL.AOS.S2","2016-07-19","GUIL.SS.20160719.POM.2",,"condition ok","Academy of Natural Sciences of Drexel University","2017-02-13","OKgcKejxXbI=","13C15N","2",,,100,"d15N",3.60,"perMill",,,
"b620e394-2e10-4e3a-bd12-a07e8cda5b41","D04","GUIL","GUIL.AOS.S2","2016-07-19","GUIL.SS.20160719.POM.2",,"condition ok","Academy of Natural Sciences of Drexel University","2017-02-13","OKgcKejxXbI=","13C15N","2",,,100,"d13C",-26.82,"perMill",,,
"d186316b-52e2-48ca-b681-f06f83206243","D04","GUIL","GUIL.AOS.S2","2016-07-19","GUIL.SS.20160719.POM.1",,"condition ok","Academy of Natural Sciences of Drexel University","2017-01-24","OKgcKejxXbI=","13C15N","1",,,100,"d13C",-26.65,"perMill",,,
"47dac0d9-e24d-44bc-b9e3-e5cae1aa3ca1","D04","GUIL","GUIL.AOS.S2","2016-07-19","GUIL.SS.20160719.POM.1",,"condition ok","Academy of Natural Sciences of Drexel University","2017-01-24","OKgcKejxXbI=","13C15N","1",,,100,"d15N",4.57,"perMill",,,
"52893859-701d-4ef3-bb8f-bb55924b75aa","D04","GUIL","GUIL.AOS.S2","2016-07-26","GUIL.SS.20160726.POM.1",,"condition ok","Academy of Natural Sciences of Drexel University","2017-01-24","OKgcKejxXbI=","13C15N","1",,,100,"d13C",-25.77,"perMill",,,
"dfa13d05-77df-4f9c-b457-1b848f236104","D04","GUIL","GUIL.AOS.S2","2016-07-26","GUIL.SS.20160726.POM.2",,"condition ok","Academy of Natural Sciences of Drexel University","2017-02-13","OKgcKejxXbI=","13C15N","2",,,100,"d15N",2.95,"perMill",,,
"d8872fbc-45d3-40e0-878d-e87aaf33540a","D04","GUIL","GUIL.AOS.S2","2016-07-26","GUIL.SS.20160726.POM.1",,"condition ok","Academy of Natural Sciences of Drexel University","2017-01-24","OKgcKejxXbI=","13C15N","1",,,100,"d15N",5.09,"perMill",,,
"21875816-a8b2-4617-b866-8bdabb278ec7","D04","GUIL","GUIL.AOS.S2","2016-07-26","GUIL.SS.20160726.POM.2",,"condition ok","Academy of Natural Sciences of Drexel University","2017-02-13","OKgcKejxXbI=","13C15N","2",,,100,"d13C",-25.63,"perMill",,,
