uid,domainID,siteID,namedLocation,collectDate,sampleID,sampleCode,sampleCondition,laboratoryName,analysisDate,analyzedBy,sampleType,replicate,sampleVolumeFiltered,filterSize,percentFilterAnalyzed,analyte,analyteConcentration,plantAlgaeLabUnits,method,externalRemarks,externalLabDataQF
"3e184a69-b0bf-48ea-826d-9508a5261f63","D09","PRPO","PRPO.AOS.buoy.c0","2019-01-10","PRPO.C0.20190110.POM.1","A00000049909","condition ok","SIRFER Lab at University of Utah","2019-04-18","ElFtGy1kV49xqNP00HfxQA==","POM","1",42,25,100,"nitrogen",551.77,"microgramsPerLiter","Revesz & Coplen 2012a",,
"717a8217-5ff8-48a4-a4b6-403440eaca01","D09","PRPO","PRPO.AOS.buoy.c0","2019-01-10","PRPO.C0.20190110.POM.1","A00000049909","condition ok","SIRFER Lab at University of Utah","2019-04-18","ElFtGy1kV49xqNP00HfxQA==","POM","1",42,25,100,"carbon",5206.56,"microgramsPerLiter","Revesz & Coplen 2012a",,
"f6ba1f46-45bb-4f7a-853b-e5859e1bdb09","D09","PRPO","PRPO.AOS.buoy.c0","2019-01-10","PRPO.C0.20190110.POM.1","A00000049909","condition ok","SIRFER Lab at University of Utah","2019-04-18","ElFtGy1kV49xqNP00HfxQA==","POM","1",42,25,100,"d15N",4.34,"perMill","Revesz & Coplen 2012a",,
"e99a8917-5362-4ef1-87b5-06d53bdec0a6","D09","PRPO","PRPO.AOS.buoy.c0","2019-01-10","PRPO.C0.20190110.POM.1","A00000049909","condition ok","SIRFER Lab at University of Utah","2019-04-18","ElFtGy1kV49xqNP00HfxQA==","POM","1",42,25,100,"d13C",-28.15,"perMill","Revesz & Coplen 2012a",,
