uid,domainID,siteID,namedLocation,collectDate,sampleID,sampleCode,sampleCondition,laboratoryName,analysisDate,analyzedBy,sampleType,replicate,sampleVolumeFiltered,filterSize,percentFilterAnalyzed,analyte,analyteConcentration,plantAlgaeLabUnits,method,externalRemarks,externalLabDataQF
"8e96144a-dec8-49bd-8e4f-97a55b3dcc12","D16","MCRA","MCRA.AOS.S2","2018-09-25","MCRA.SS.20180925.POM.1","A00000059327","condition ok","SIRFER Lab at University of Utah","2018-11-13","ElFtGy1kV49xqNP00HfxQA==","POM","1",1500,25,100,"d13C",-27.27,"perMill","Revesz & Coplen 2012a",,
"ca84c5a2-cdf5-4d86-ac1d-99b49671a22e","D16","MCRA","MCRA.AOS.S2","2018-09-25","MCRA.SS.20180925.POM.1","A00000059327","condition ok","SIRFER Lab at University of Utah","2018-11-13","ElFtGy1kV49xqNP00HfxQA==","POM","1",1500,25,100,"nitrogen",10.77,"microgramsPerLiter","Revesz & Coplen 2012a",,
"36f489d4-d478-4e43-b7f0-86345702ec11","D16","MCRA","MCRA.AOS.S2","2018-09-25","MCRA.SS.20180925.POM.1","A00000059327","condition ok","SIRFER Lab at University of Utah","2018-11-13","ElFtGy1kV49xqNP00HfxQA==","POM","1",1500,25,100,"carbon",275.52,"microgramsPerLiter","Revesz & Coplen 2012a",,
"99e152dc-410b-48a2-b7b3-7dd360893fea","D16","MCRA","MCRA.AOS.S2","2018-09-25","MCRA.SS.20180925.POM.1","A00000059327","condition ok","SIRFER Lab at University of Utah","2018-11-13","ElFtGy1kV49xqNP00HfxQA==","POM","1",1500,25,100,"d15N",1.63,"perMill","Revesz & Coplen 2012a",,
