uid,domainID,siteID,namedLocation,collectDate,sampleID,sampleCode,sampleCondition,laboratoryName,analysisDate,analyzedBy,sampleType,replicate,sampleVolumeFiltered,filterSize,percentFilterAnalyzed,analyte,analyteConcentration,plantAlgaeLabUnits,method,externalRemarks,externalLabDataQF
"7e4e9fb2-d1ce-4e54-8e33-1de3ada12282","D11","BLUE","BLUE.AOS.S2","2017-06-13","BLUE.SS.20170613.POM.1",,"condition ok","SIRFER Lab at University of Utah","2018-04-17","ElFtGy1kV49xqNP00HfxQA==","POM","1",500,25,100,"d15N",7.97,"perMill","Revesz & Coplen 2012a",,
"94c12da3-7418-4bcd-9b4d-8fa2001fcc06","D11","BLUE","BLUE.AOS.S2","2017-06-13","BLUE.SS.20170613.POM.1",,"condition ok","SIRFER Lab at University of Utah","2018-04-17","ElFtGy1kV49xqNP00HfxQA==","POM","1",500,25,100,"carbon",254.82,"microgramsPerLiter","Revesz & Coplen 2012a",,
"b6f91e14-7ea7-41cf-9694-100c8ee3be5a","D11","BLUE","BLUE.AOS.S2","2017-06-13","BLUE.SS.20170613.POM.1",,"condition ok","SIRFER Lab at University of Utah","2018-04-17","ElFtGy1kV49xqNP00HfxQA==","POM","1",500,25,100,"d13C",-25.68,"perMill","Revesz & Coplen 2012a",,
"a846d8e5-e640-4887-a0f0-7924465693f5","D11","BLUE","BLUE.AOS.S2","2017-06-13","BLUE.SS.20170613.POM.1",,"condition ok","SIRFER Lab at University of Utah","2018-04-17","ElFtGy1kV49xqNP00HfxQA==","POM","1",500,25,100,"nitrogen",32.92,"microgramsPerLiter","Revesz & Coplen 2012a",,
"f93068cb-adc1-421c-a2d3-7cf3a633ec4f","D11","BLUE","BLUE.AOS.S2","2017-06-19","BLUE.SS.20170619.POM.1",,"condition ok","SIRFER Lab at University of Utah","2018-04-17","ElFtGy1kV49xqNP00HfxQA==","POM","1",550,25,100,"d15N",8.38,"perMill","Revesz & Coplen 2012a",,
"0756eaa3-de1e-4d58-8197-8b253a3c8f55","D11","BLUE","BLUE.AOS.S2","2017-06-19","BLUE.SS.20170619.POM.1",,"condition ok","SIRFER Lab at University of Utah","2018-04-17","ElFtGy1kV49xqNP00HfxQA==","POM","1",550,25,100,"nitrogen",33.78,"microgramsPerLiter","Revesz & Coplen 2012a",,
"c97c28ab-5748-4135-b13b-d9a37f84d593","D11","BLUE","BLUE.AOS.S2","2017-06-19","BLUE.SS.20170619.POM.1",,"condition ok","SIRFER Lab at University of Utah","2018-04-17","ElFtGy1kV49xqNP00HfxQA==","POM","1",550,25,100,"carbon",292.93,"microgramsPerLiter","Revesz & Coplen 2012a",,
"2a5bf203-d9d5-4ac9-aabd-5e14e54cfdc5","D11","BLUE","BLUE.AOS.S2","2017-06-19","BLUE.SS.20170619.POM.1",,"condition ok","SIRFER Lab at University of Utah","2018-04-17","ElFtGy1kV49xqNP00HfxQA==","POM","1",550,25,100,"d13C",-22.60,"perMill","Revesz & Coplen 2012a",,
"063ea2ad-d7d8-4e6f-9f7e-760201336833","D11","BLUE","BLUE.AOS.S2","2017-06-27","BLUE.SS.20170627.POM.1",,"condition ok","SIRFER Lab at University of Utah","2018-04-17","ElFtGy1kV49xqNP00HfxQA==","POM","1",550,25,100,"d13C",-21.27,"perMill","Revesz & Coplen 2012a",,
"aec31925-cc5f-4137-8fca-174d00c06dd6","D11","BLUE","BLUE.AOS.S2","2017-06-27","BLUE.SS.20170627.POM.1",,"condition ok","SIRFER Lab at University of Utah","2018-04-17","ElFtGy1kV49xqNP00HfxQA==","POM","1",550,25,100,"carbon",249.98,"microgramsPerLiter","Revesz & Coplen 2012a",,
"c19b2af5-2504-435e-9e0f-84b63e61d9b5","D11","BLUE","BLUE.AOS.S2","2017-06-27","BLUE.SS.20170627.POM.1",,"condition ok","SIRFER Lab at University of Utah","2018-04-17","ElFtGy1kV49xqNP00HfxQA==","POM","1",550,25,100,"d15N",9.17,"perMill","Revesz & Coplen 2012a",,
"90515324-6834-4323-9cf4-937409448f02","D11","BLUE","BLUE.AOS.S2","2017-06-27","BLUE.SS.20170627.POM.1",,"condition ok","SIRFER Lab at University of Utah","2018-04-17","ElFtGy1kV49xqNP00HfxQA==","POM","1",550,25,100,"nitrogen",29.47,"microgramsPerLiter","Revesz & Coplen 2012a",,
