uid,domainID,siteID,namedLocation,collectDate,sampleID,sampleCode,sampleCondition,laboratoryName,analysisDate,analyzedBy,sampleType,replicate,sampleVolumeFiltered,filterSize,percentFilterAnalyzed,analyte,analyteConcentration,plantAlgaeLabUnits,method,externalRemarks,externalLabDataQF
"092219a8-83f5-4257-aafe-e182c212762e","D11","BLUE","BLUE.AOS.S2","2019-04-04","BLUE.SS.20190404.POM.1","A00000053104","condition ok","SIRFER Lab at University of Utah","2019-09-17","ElFtGy1kV49xqNP00HfxQA==","POM","1",500,25,100,"d15N",5.78,"perMill","Revesz & Coplen 2012a",,
"721b31f0-0ba3-4399-832a-13a40a744ca7","D11","BLUE","BLUE.AOS.S2","2019-04-04","BLUE.SS.20190404.POM.1","A00000053104","condition ok","SIRFER Lab at University of Utah","2019-09-17","ElFtGy1kV49xqNP00HfxQA==","POM","1",500,25,100,"d13C",-26.46,"perMill","Revesz & Coplen 2012a",,
"cd349474-3af2-4705-bf01-f6bf58ead403","D11","BLUE","BLUE.AOS.S2","2019-04-04","BLUE.SS.20190404.POM.1","A00000053104","condition ok","SIRFER Lab at University of Utah","2019-09-17","ElFtGy1kV49xqNP00HfxQA==","POM","1",500,25,100,"carbon",296.66,"microgramsPerLiter","Revesz & Coplen 2012a",,
"96ef7b17-dbc9-44a9-a0c9-0370e524f31a","D11","BLUE","BLUE.AOS.S2","2019-04-04","BLUE.SS.20190404.POM.1","A00000053104","condition ok","SIRFER Lab at University of Utah","2019-09-17","ElFtGy1kV49xqNP00HfxQA==","POM","1",500,25,100,"nitrogen",35.11,"microgramsPerLiter","Revesz & Coplen 2012a",,
"375f1f3d-3adb-42cc-a54a-9e50b780d07b","D11","BLUE","BLUE.AOS.S2","2019-04-09","BLUE.SS.20190409.POM.1","A00000053102","condition ok","SIRFER Lab at University of Utah","2019-09-17","ElFtGy1kV49xqNP00HfxQA==","POM","1",500,25,100,"nitrogen",40.77,"microgramsPerLiter","Revesz & Coplen 2012a",,
"c02a2bb3-7abb-445b-aae2-2cba7497e083","D11","BLUE","BLUE.AOS.S2","2019-04-09","BLUE.SS.20190409.POM.1","A00000053102","condition ok","SIRFER Lab at University of Utah","2019-09-17","ElFtGy1kV49xqNP00HfxQA==","POM","1",500,25,100,"d15N",5.70,"perMill","Revesz & Coplen 2012a",,
"58a48a0d-b835-46fb-a740-122debb20d4f","D11","BLUE","BLUE.AOS.S2","2019-04-09","BLUE.SS.20190409.POM.1","A00000053102","condition ok","SIRFER Lab at University of Utah","2019-09-17","ElFtGy1kV49xqNP00HfxQA==","POM","1",500,25,100,"carbon",332.66,"microgramsPerLiter","Revesz & Coplen 2012a",,
"5a372ea8-1ea9-44d8-b562-505dc9ebcfff","D11","BLUE","BLUE.AOS.S2","2019-04-09","BLUE.SS.20190409.POM.1","A00000053102","condition ok","SIRFER Lab at University of Utah","2019-09-17","ElFtGy1kV49xqNP00HfxQA==","POM","1",500,25,100,"d13C",-26.56,"perMill","Revesz & Coplen 2012a",,
