uid,domainID,siteID,namedLocation,collectDate,sampleID,sampleCode,sampleCondition,laboratoryName,analysisDate,analyzedBy,sampleType,replicate,sampleVolumeFiltered,filterSize,percentFilterAnalyzed,analyte,analyteConcentration,plantAlgaeLabUnits,method,externalRemarks,externalLabDataQF
"540c9478-c9b4-44ad-9448-050fa5a159f4","D09","PRLA","PRLA.AOS.inlet","2015-06-03","PRLA.IN.20150603.POM.2",,"condition ok","Academy of Natural Sciences of Drexel University","2017-05-17","OKgcKejxXbI=","13C15N","2",,,100,"d13C",-26.90,"perMill",,,
"df7c72c0-0ec7-4c01-9077-53b169a71107","D09","PRLA","PRLA.AOS.inlet","2015-06-03","PRLA.IN.20150603.POM.1",,"condition ok","Academy of Natural Sciences of Drexel University","2017-01-31","OKgcKejxXbI=","13C15N","1",,,100,"d13C",-27.81,"perMill",,,
"fa5b8945-7d45-4e66-a569-89dcd4acd3e7","D09","PRLA","PRLA.AOS.inlet","2015-06-03","PRLA.IN.20150603.POM.1",,"condition ok","Academy of Natural Sciences of Drexel University","2017-01-31","OKgcKejxXbI=","13C15N","1",,,100,"d15N",8.06,"perMill",,,
"274f0d17-2128-4c95-8781-9c15960ffa04","D09","PRLA","PRLA.AOS.inlet","2015-06-03","PRLA.IN.20150603.POM.2",,"condition ok","Academy of Natural Sciences of Drexel University","2017-05-17","OKgcKejxXbI=","13C15N","2",,,100,"d15N",7.96,"perMill",,,
"dda948d2-f66d-4a06-814d-09fee57256c8","D09","PRLA","PRLA.AOS.buoy.c0","2015-06-03","PRLA.C0.20150603.POM.2",,"condition ok","Academy of Natural Sciences of Drexel University","2017-05-17","OKgcKejxXbI=","13C15N","2",,,100,"d15N",7.80,"perMill",,,
"c87c4517-6ee6-4fa9-bc90-4c12845016c1","D09","PRLA","PRLA.AOS.buoy.c0","2015-06-03","PRLA.C0.20150603.POM.1",,"condition ok","Academy of Natural Sciences of Drexel University","2017-01-31","OKgcKejxXbI=","13C15N","1",,,100,"d15N",7.62,"perMill",,,
"d4354021-1917-43ea-8728-9c3845ea10c9","D09","PRLA","PRLA.AOS.buoy.c0","2015-06-03","PRLA.C0.20150603.POM.2",,"condition ok","Academy of Natural Sciences of Drexel University","2017-05-17","OKgcKejxXbI=","13C15N","2",,,100,"d13C",-27.23,"perMill",,,
"ebd408bc-0a39-41fd-addb-dbb49b89ef70","D09","PRLA","PRLA.AOS.buoy.c0","2015-06-03","PRLA.C0.20150603.POM.1",,"condition ok","Academy of Natural Sciences of Drexel University","2017-01-31","OKgcKejxXbI=","13C15N","1",,,100,"d13C",-26.73,"perMill",,,
"20e88fba-5447-4f43-924b-fee50abfcd7a","D09","PRLA","PRLA.AOS.outlet","2015-06-03","PRLA.OT.20150603.POM.2",,"other","Academy of Natural Sciences of Drexel University","2017-05-17","OKgcKejxXbI=","13C15N","2",,,100,"d15N",6.62,"perMill",,"Difference in volume filtered",
"c26ef355-93ac-42ea-941d-b0aa86bcf493","D09","PRLA","PRLA.AOS.outlet","2015-06-03","PRLA.OT.20150603.POM.1",,"other","Academy of Natural Sciences of Drexel University","2017-01-31","OKgcKejxXbI=","13C15N","1",,,100,"d13C",-27.55,"perMill",,"Difference in volume filtered",
"d9b2b55c-2387-4e6c-aa39-d533221ee8eb","D09","PRLA","PRLA.AOS.outlet","2015-06-03","PRLA.OT.20150603.POM.1",,"other","Academy of Natural Sciences of Drexel University","2017-01-31","OKgcKejxXbI=","13C15N","1",,,100,"d15N",8.37,"perMill",,"Difference in volume filtered",
"6e6b24c4-4c50-4e21-a236-c06779f014be","D09","PRLA","PRLA.AOS.outlet","2015-06-03","PRLA.OT.20150603.POM.2",,"other","Academy of Natural Sciences of Drexel University","2017-05-17","OKgcKejxXbI=","13C15N","2",,,100,"d13C",-27.05,"perMill",,"Difference in volume filtered",
