uid,domainID,siteID,namedLocation,collectDate,sampleID,sampleCode,sampleCondition,laboratoryName,analysisDate,analyzedBy,sampleType,replicate,sampleVolumeFiltered,filterSize,percentFilterAnalyzed,analyte,analyteConcentration,plantAlgaeLabUnits,method,externalRemarks,externalLabDataQF
"36602eb0-baa9-4166-993f-060994623798","D04","CUPE","CUPE.AOS.S2","2018-05-15","CUPE.SS.20180515.POM.1","A00000006206","condition ok","SIRFER Lab at University of Utah","2018-09-12","ElFtGy1kV49xqNP00HfxQA==","POM","1",1000,25,100,"d15N",-0.31,"perMill","Revesz & Coplen 2012a",,
"41c8ab9a-dbf9-4ca5-beb8-6164b56eea5d","D04","CUPE","CUPE.AOS.S2","2018-05-15","CUPE.SS.20180515.POM.1","A00000006206","condition ok","SIRFER Lab at University of Utah","2018-09-12","ElFtGy1kV49xqNP00HfxQA==","POM","1",1000,25,100,"nitrogen",5.71,"microgramsPerLiter","Revesz & Coplen 2012a",,
"b3c16aba-c496-4b17-92d0-715780da61c9","D04","CUPE","CUPE.AOS.S2","2018-05-15","CUPE.SS.20180515.POM.1","A00000006206","condition ok","SIRFER Lab at University of Utah","2018-09-12","ElFtGy1kV49xqNP00HfxQA==","POM","1",1000,25,100,"d13C",-29.59,"perMill","Revesz & Coplen 2012a",,
"97dfe16e-7f2e-4a63-9554-e5a37f9c55ce","D04","CUPE","CUPE.AOS.S2","2018-05-15","CUPE.SS.20180515.POM.1","A00000006206","condition ok","SIRFER Lab at University of Utah","2018-09-12","ElFtGy1kV49xqNP00HfxQA==","POM","1",1000,25,100,"carbon",54.89,"microgramsPerLiter","Revesz & Coplen 2012a",,
"f1f8ab46-1bea-4a94-ab96-c6e957809779","D04","CUPE","CUPE.AOS.S2","2018-05-24","CUPE.SS.20180524.POM.1","A00000007090","condition ok","SIRFER Lab at University of Utah","2018-09-12","ElFtGy1kV49xqNP00HfxQA==","POM","1",1000,25,100,"carbon",59.09,"microgramsPerLiter","Revesz & Coplen 2012a",,
"dfa23ea2-4777-4a12-960e-5480ee094ebe","D04","CUPE","CUPE.AOS.S2","2018-05-24","CUPE.SS.20180524.POM.1","A00000007090","condition ok","SIRFER Lab at University of Utah","2018-09-12","ElFtGy1kV49xqNP00HfxQA==","POM","1",1000,25,100,"d13C",-28.69,"perMill","Revesz & Coplen 2012a",,
"fdcb15e5-0041-4f24-b0ac-8e0e35afb1ab","D04","CUPE","CUPE.AOS.S2","2018-05-24","CUPE.SS.20180524.POM.1","A00000007090","condition ok","SIRFER Lab at University of Utah","2018-09-12","ElFtGy1kV49xqNP00HfxQA==","POM","1",1000,25,100,"nitrogen",5.19,"microgramsPerLiter","Revesz & Coplen 2012a",,
"3c52b7a1-4f0f-456f-b76f-07573a5d44d6","D04","CUPE","CUPE.AOS.S2","2018-05-24","CUPE.SS.20180524.POM.1","A00000007090","condition ok","SIRFER Lab at University of Utah","2018-09-12","ElFtGy1kV49xqNP00HfxQA==","POM","1",1000,25,100,"d15N",0.41,"perMill","Revesz & Coplen 2012a",,
