uid,domainID,siteID,namedLocation,collectDate,sampleID,sampleCode,sampleCondition,laboratoryName,analysisDate,analyzedBy,sampleType,replicate,sampleVolumeFiltered,filterSize,percentFilterAnalyzed,analyte,analyteConcentration,plantAlgaeLabUnits,method,externalRemarks,externalLabDataQF
"f27afe2a-505d-455a-ae1c-2cffe539181e","D13","COMO","COMO.AOS.S2","2016-01-14","COMO.SS.20160114.POM.1",,"condition ok","Academy of Natural Sciences of Drexel University","2016-08-29","OKgcKejxXbI=","13C15N","1",200,25,100,"d13C",-27.12,"perMill",,,"Audit Failed. Document: A00036_DREX_AlgalChem_DocAudit_20170407.pdf & A00036_DREX_AlgalChem_VisitAudit_20170407.pdf"
"92b1ab85-d7bb-4d9a-a43f-abfb0fe13965","D13","COMO","COMO.AOS.S2","2016-01-14","COMO.SS.20160114.POM.1",,"condition ok","Academy of Natural Sciences of Drexel University","2016-08-29","OKgcKejxXbI=","13C15N","1",,,100,"d15N",3.55,"perMill",,,
"caa1dffa-f8ab-4db4-b431-0b3e9ca64cc8","D13","COMO","COMO.AOS.S2","2016-01-14","COMO.SS.20160114.POM.2",,"condition ok","Academy of Natural Sciences of Drexel University","2016-09-01","OKgcKejxXbI=","13C15N","2",200,25,100,"d13C",-27.28,"perMill",,,"Audit Failed. Document: A00036_DREX_AlgalChem_DocAudit_20170407.pdf & A00036_DREX_AlgalChem_VisitAudit_20170407.pdf"
"3e1054af-edbc-4ee3-a5b0-14b3e2e823f2","D13","COMO","COMO.AOS.S2","2016-01-14","COMO.SS.20160114.POM.1",,"condition ok","Academy of Natural Sciences of Drexel University","2016-08-29","OKgcKejxXbI=","13C15N","1",200,25,100,"d15N",3.55,"perMill",,,"Audit Failed. Document: A00036_DREX_AlgalChem_DocAudit_20170407.pdf & A00036_DREX_AlgalChem_VisitAudit_20170407.pdf"
"d2ac308f-c3f1-48ca-a08e-86c3566284a3","D13","COMO","COMO.AOS.S2","2016-01-14","COMO.SS.20160114.POM.2",,"condition ok","Academy of Natural Sciences of Drexel University","2016-09-01","OKgcKejxXbI=","13C15N","2",200,25,100,"d15N",3.77,"perMill",,,"Audit Failed. Document: A00036_DREX_AlgalChem_DocAudit_20170407.pdf & A00036_DREX_AlgalChem_VisitAudit_20170407.pdf"
"6d307f04-5251-452d-bddb-006a81d931fc","D13","COMO","COMO.AOS.S2","2016-01-14","COMO.SS.20160114.POM.2",,"condition ok","Academy of Natural Sciences of Drexel University","2016-09-01","OKgcKejxXbI=","13C15N","2",,,100,"d15N",3.77,"perMill",,,
"e1244c55-5c94-460a-a2f0-496897dfd245","D13","COMO","COMO.AOS.S2","2016-01-14","COMO.SS.20160114.POM.1",,"condition ok","Academy of Natural Sciences of Drexel University","2016-08-29","OKgcKejxXbI=","13C15N","1",,,100,"d13C",-27.12,"perMill",,,
"9b706bfe-20e9-47f0-8241-3cba33b97d0d","D13","COMO","COMO.AOS.S2","2016-01-14","COMO.SS.20160114.POM.2",,"condition ok","Academy of Natural Sciences of Drexel University","2016-09-01","OKgcKejxXbI=","13C15N","2",,,100,"d13C",-27.28,"perMill",,,
