uid,domainID,siteID,namedLocation,collectDate,sampleID,sampleCode,sampleCondition,laboratoryName,analysisDate,analyzedBy,sampleType,replicate,sampleVolumeFiltered,filterSize,percentFilterAnalyzed,analyte,analyteConcentration,plantAlgaeLabUnits,method,externalRemarks,externalLabDataQF
"ea66703e-bfd0-47ba-8085-8a7d5cd70e2c","D05","CRAM","CRAM.AOS.buoy.c1","2019-07-09","CRAM.C1.20190709.POM.1","A00000076633","condition ok","SIRFER Lab at University of Utah","2019-12-11","ElFtGy1kV49xqNP00HfxQA==","POM","1",200,25,100,"d13C",,"perMill","Revesz & Coplen 2012a",,
"855eaf77-ad57-4791-888e-cac38457a8d5","D05","CRAM","CRAM.AOS.buoy.c1","2019-07-09","CRAM.C1.20190709.POM.1","A00000076633","condition ok","SIRFER Lab at University of Utah","2019-12-11","ElFtGy1kV49xqNP00HfxQA==","POM","1",200,25,100,"nitrogen",,"microgramsPerLiter","Revesz & Coplen 2012a",,
"5edc1cde-e472-4872-a5bd-924d37f0cb0d","D05","CRAM","CRAM.AOS.buoy.c1","2019-07-09","CRAM.C1.20190709.POM.1","A00000076633","condition ok","SIRFER Lab at University of Utah","2019-12-11","ElFtGy1kV49xqNP00HfxQA==","POM","1",200,25,100,"d15N",,"perMill","Revesz & Coplen 2012a",,
"cd85058b-33b8-4e01-a2d2-5ca1903983ce","D05","CRAM","CRAM.AOS.buoy.c1","2019-07-09","CRAM.C1.20190709.POM.1","A00000076633","condition ok","SIRFER Lab at University of Utah","2019-12-11","ElFtGy1kV49xqNP00HfxQA==","POM","1",200,25,100,"carbon",,"microgramsPerLiter","Revesz & Coplen 2012a",,
"2b53c6f9-fe5b-4cdf-becc-dc3e1d2a563c","D05","CRAM","CRAM.AOS.buoy.c2","2019-07-09","CRAM.C2.20190709.POM.1","A00000076634","condition ok","SIRFER Lab at University of Utah","2019-12-11","ElFtGy1kV49xqNP00HfxQA==","POM","1",200,25,100,"carbon",,"microgramsPerLiter","Revesz & Coplen 2012a",,
"48637107-96c1-4bbd-aa11-deedd9ccfc29","D05","CRAM","CRAM.AOS.buoy.c2","2019-07-09","CRAM.C2.20190709.POM.1","A00000076634","condition ok","SIRFER Lab at University of Utah","2019-12-11","ElFtGy1kV49xqNP00HfxQA==","POM","1",200,25,100,"nitrogen",,"microgramsPerLiter","Revesz & Coplen 2012a",,
"15835a9d-6d87-40d6-aba1-3cdcb421d6ff","D05","CRAM","CRAM.AOS.buoy.c2","2019-07-09","CRAM.C2.20190709.POM.1","A00000076634","condition ok","SIRFER Lab at University of Utah","2019-12-11","ElFtGy1kV49xqNP00HfxQA==","POM","1",200,25,100,"d15N",,"perMill","Revesz & Coplen 2012a",,
"e46af3ab-1f2b-4c60-ad69-4f6b937ce55f","D05","CRAM","CRAM.AOS.buoy.c2","2019-07-09","CRAM.C2.20190709.POM.1","A00000076634","condition ok","SIRFER Lab at University of Utah","2019-12-11","ElFtGy1kV49xqNP00HfxQA==","POM","1",200,25,100,"d13C",,"perMill","Revesz & Coplen 2012a",,
