uid,domainID,siteID,namedLocation,collectDate,sampleID,sampleCode,sampleCondition,laboratoryName,analysisDate,analyzedBy,sampleType,replicate,sampleVolumeFiltered,filterSize,percentFilterAnalyzed,analyte,analyteConcentration,plantAlgaeLabUnits,method,externalRemarks,externalLabDataQF
"c7fb618e-18e0-4020-959a-a397bdd8b116","D02","LEWI","LEWI.AOS.S2","2018-01-10","LEWI.SS.20180110.POM.1",,"condition ok","SIRFER Lab at University of Utah","2018-08-10","ElFtGy1kV49xqNP00HfxQA==","POM","1",900,25,100,"d13C",-27.00,"perMill","Revesz & Coplen 2012a",,
"4ed7305d-e7ed-4181-9904-c8f824f2b5f9","D02","LEWI","LEWI.AOS.S2","2018-01-10","LEWI.SS.20180110.POM.1",,"condition ok","SIRFER Lab at University of Utah","2018-08-10","ElFtGy1kV49xqNP00HfxQA==","POM","1",900,25,100,"d15N",-1.97,"perMill","Revesz & Coplen 2012a",,
"638db2ac-2316-4563-82ae-291e70e803c1","D02","LEWI","LEWI.AOS.S2","2018-01-10","LEWI.SS.20180110.POM.1",,"condition ok","SIRFER Lab at University of Utah","2018-08-10","ElFtGy1kV49xqNP00HfxQA==","POM","1",900,25,100,"carbon",756.41,"microgramsPerLiter","Revesz & Coplen 2012a",,
"ff939c07-ce68-4f0a-9513-425d92d5eaf6","D02","LEWI","LEWI.AOS.S2","2018-01-10","LEWI.SS.20180110.POM.1",,"condition ok","SIRFER Lab at University of Utah","2018-08-10","ElFtGy1kV49xqNP00HfxQA==","POM","1",900,25,100,"nitrogen",50.52,"microgramsPerLiter","Revesz & Coplen 2012a",,
"6bd8bd7f-669b-4491-b513-95bc86fb4872","D02","LEWI","LEWI.AOS.S2","2018-01-24","LEWI.SS.20180124.POM.1",,"condition ok","SIRFER Lab at University of Utah","2018-08-10","ElFtGy1kV49xqNP00HfxQA==","POM","1",900,25,100,"d15N",7.61,"perMill","Revesz & Coplen 2012a",,
"a45717c2-5d20-4374-acff-b2a357d35390","D02","LEWI","LEWI.AOS.S2","2018-01-24","LEWI.SS.20180124.POM.1",,"condition ok","SIRFER Lab at University of Utah","2018-08-10","ElFtGy1kV49xqNP00HfxQA==","POM","1",900,25,100,"carbon",186.93,"microgramsPerLiter","Revesz & Coplen 2012a",,
"45650aeb-718a-4447-8aa7-e61171f7d4ea","D02","LEWI","LEWI.AOS.S2","2018-01-24","LEWI.SS.20180124.POM.1",,"condition ok","SIRFER Lab at University of Utah","2018-08-10","ElFtGy1kV49xqNP00HfxQA==","POM","1",900,25,100,"nitrogen",21.04,"microgramsPerLiter","Revesz & Coplen 2012a",,
"b3e453db-82cf-49c5-a577-4a78ca6e6251","D02","LEWI","LEWI.AOS.S2","2018-01-24","LEWI.SS.20180124.POM.1",,"condition ok","SIRFER Lab at University of Utah","2018-08-10","ElFtGy1kV49xqNP00HfxQA==","POM","1",900,25,100,"d13C",-26.60,"perMill","Revesz & Coplen 2012a",,
