uid,domainID,siteID,namedLocation,collectDate,sampleID,sampleCode,sampleCondition,laboratoryName,analysisDate,analyzedBy,sampleType,replicate,sampleVolumeFiltered,filterSize,percentFilterAnalyzed,analyte,analyteConcentration,plantAlgaeLabUnits,method,externalRemarks,externalLabDataQF
"dcb13136-ae3b-431d-9aa2-2b279a3a53b0","D05","CRAM","CRAM.AOS.outlet","2016-03-01","CRAM.OT.20160301.POM.1",,"condition ok","Academy of Natural Sciences of Drexel University","2016-09-13","OKgcKejxXbI=","13C15N","1",,,100,"d13C",-30.20,"perMill",,,
"e7b7b1f3-5875-441f-bef4-d7b334e990b4","D05","CRAM","CRAM.AOS.outlet","2016-03-01","CRAM.OT.20160301.POM.1",,"condition ok","Academy of Natural Sciences of Drexel University","2017-01-17","OKgcKejxXbI=","13C15N","2",,,100,"d13C",-31.37,"perMill",,,
"651f0376-fa82-4385-ac00-0ecf14ee82bb","D05","CRAM","CRAM.AOS.outlet","2016-03-01","CRAM.OT.20160301.POM.2",,"condition ok","Academy of Natural Sciences of Drexel University","2017-01-17","OKgcKejxXbI=","13C15N","2",,,100,"d15N",-0.31,"perMill",,,
"d75f93a7-d4e5-4dcd-9548-3f42435d4343","D05","CRAM","CRAM.AOS.outlet","2016-03-01","CRAM.OT.20160301.POM.2",,"condition ok","Academy of Natural Sciences of Drexel University","2016-09-13","OKgcKejxXbI=","13C15N","1",,,100,"d15N",0.82,"perMill",,,
"438493eb-f5ed-44dc-8bca-4f0533810eaa","D05","CRAM","CRAM.AOS.buoy.c0","2016-03-01","CRAM.C0.20160301.POM.1",,"condition ok","Academy of Natural Sciences of Drexel University","2016-09-13","OKgcKejxXbI=","13C15N","1",,,100,"d13C",-33.51,"perMill",,,
"f74464d4-c259-41e3-82ad-f5ab53ba22c5","D05","CRAM","CRAM.AOS.buoy.c0","2016-03-01","CRAM.C0.20160301.POM.1",,"condition ok","Academy of Natural Sciences of Drexel University","2017-01-17","OKgcKejxXbI=","13C15N","2",,,100,"d13C",-32.63,"perMill",,,
"1f67b110-fd0f-4ebe-8a19-daac9d6d1dba","D05","CRAM","CRAM.AOS.buoy.c0","2016-03-01","CRAM.C0.20160301.POM.2",,"condition ok","Academy of Natural Sciences of Drexel University","2016-09-13","OKgcKejxXbI=","13C15N","1",,,100,"d15N",3.45,"perMill",,,
"583de4e9-09f2-405e-83b8-acfbc1a98923","D05","CRAM","CRAM.AOS.buoy.c0","2016-03-01","CRAM.C0.20160301.POM.2",,"condition ok","Academy of Natural Sciences of Drexel University","2017-01-17","OKgcKejxXbI=","13C15N","2",,,100,"d15N",1.70,"perMill",,,
"0dc6978d-494d-4878-b981-e5f2548ea1bc","D05","CRAM","CRAM.AOS.inlet","2016-03-01","CRAM.IN.20160301.POM.1",,"condition ok","Academy of Natural Sciences of Drexel University","2016-09-13","OKgcKejxXbI=","13C15N","1",,,100,"d13C",-32.95,"perMill",,,
"681be0bc-b561-4635-bbd9-dbe4beb82f62","D05","CRAM","CRAM.AOS.inlet","2016-03-01","CRAM.IN.20160301.POM.2",,"condition ok","Academy of Natural Sciences of Drexel University","2017-01-17","OKgcKejxXbI=","13C15N","2",,,100,"d15N",0.60,"perMill",,,
"5fc543fd-06cf-4422-a5d1-05f27a46594e","D05","CRAM","CRAM.AOS.inlet","2016-03-01","CRAM.IN.20160301.POM.1",,"condition ok","Academy of Natural Sciences of Drexel University","2017-01-17","OKgcKejxXbI=","13C15N","2",,,100,"d13C",-32.79,"perMill",,,
"0849177a-bb52-4adf-bb04-ab43f93badaa","D05","CRAM","CRAM.AOS.inlet","2016-03-01","CRAM.IN.20160301.POM.2",,"condition ok","Academy of Natural Sciences of Drexel University","2016-09-13","OKgcKejxXbI=","13C15N","1",,,100,"d15N",1.16,"perMill",,,
