uid,domainID,siteID,namedLocation,decimalLatitude,decimalLongitude,coordinateUncertainty,additionalCoordUncertainty,elevation,elevationUncertainty,geodeticDatum,altLocation,altLatitude,altLongitude,altCoordinateUncertainty,altGeodeticDatum,collectDate,aquaticSiteType,samplingImpractical,parentSampleID,parentSampleCode,eventID,samplerType,dissolvedOxygen,dissolvedOxygenSaturation,specificConductance,waterTemp,asiSamplingProtocolVersion,lowerSegmentDepth,upperSegmentDepth,maxDepth,lakeSampleDepth1,lakeSampleDepth2,aCollectedBy,bCollectedBy,remarks,fieldDataQF
"ff6b806f-ef94-421b-97ba-8994bcc10140","D18","TOOK","TOOK.AOS.buoy.c1",68.630699,-149.611405,10.0,10.0,715.0,10.0,"WGS84",,,,,,"2017-08-01T17:44Z","lake",,"TOOK.C1.20170801",,"TOOK.20170801","Kemmerer",9.50,100.00,95.00,13.70,"NEON.DOC.001886vE",7.0,0.0,20.0,0.5,,"Ahuff@battelleecology.org","Tsurgener@battelleecology.org",,
"1e276ee1-722c-4204-9b0a-76edb9ba2225","D18","TOOK","TOOK.AOS.buoy.c2",68.630699,-149.611405,10.0,10.0,715.0,10.0,"WGS84",,,,,,"2017-08-01T18:46Z","lake",,"TOOK.C2.20170801",,"TOOK.20170801","Kemmerer",9.90,94.00,95.30,8.50,"NEON.DOC.001886vE",20.0,10.0,20.0,8.5,17.5,"Ahuff@battelleecology.org","Tsurgener@battelleecology.org",,
"4990742b-2a8a-44ab-b5d8-a04a596631b7","D18","TOOK","TOOK.AOS.outlet",68.640502,-149.596089,0.1,10.0,717.0,0.0,"WGS84",,,,,,"2017-08-01T18:59Z","lake",,"TOOK.OT.20170801",,"TOOK.20170801","Grab",9.40,98.00,94.10,13.30,"NEON.DOC.001886vE",,,1.0,0.5,,"Ahuff@battelleecology.org","Tsurgener@battelleecology.org",,
"9baa8394-a81c-4c4f-901f-1f8541dac14c","D18","TOOK","TOOK.AOS.inlet",68.625566,-149.595360,0.1,10.0,717.3,0.0,"WGS84",,,,,,"2017-08-01T21:45Z","lake",,"TOOK.IN.20170801",,"TOOK.20170801","Grab",9.80,98.00,91.10,11.70,"NEON.DOC.001886vE",,,0.6,0.5,,"Hmasters@battelleecology.org","Hmasters@battelleecology.org",,
