uid,domainID,siteID,namedLocation,collectDate,sampleID,sampleCode,sampleCondition,laboratoryName,analysisDate,analyzedBy,sampleType,replicate,sampleVolumeFiltered,filterSize,percentFilterAnalyzed,analyte,analyteConcentration,plantAlgaeLabUnits,method,externalRemarks,externalLabDataQF
"7537de02-7d24-49e3-b2f8-5c233032e3e8","D18","TOOK","TOOK.AOS.buoy.c1","2017-08-01","TOOK.C1.20170801.POM.1",,"condition ok","SIRFER Lab at University of Utah","2018-03-29","ElFtGy1kV49xqNP00HfxQA==","POM","1",700,25,100,"d13C",-32.20,"perMill","Revesz & Coplen 2012a",,
"fc0fd887-9f17-4d74-9d38-27cb34c579de","D18","TOOK","TOOK.AOS.buoy.c1","2017-08-01","TOOK.C1.20170801.POM.1",,"condition ok","SIRFER Lab at University of Utah","2018-03-29","ElFtGy1kV49xqNP00HfxQA==","POM","1",700,25,100,"carbon",230.75,"microgramsPerLiter","Revesz & Coplen 2012a",,
"059b5b13-75c6-419d-b495-4db646a400c9","D18","TOOK","TOOK.AOS.buoy.c1","2017-08-01","TOOK.C1.20170801.POM.1",,"condition ok","SIRFER Lab at University of Utah","2018-03-29","ElFtGy1kV49xqNP00HfxQA==","POM","1",700,25,100,"d15N",4.57,"perMill","Revesz & Coplen 2012a",,
"772079ac-7e95-479e-aa8f-5675e649671b","D18","TOOK","TOOK.AOS.buoy.c1","2017-08-01","TOOK.C1.20170801.POM.1",,"condition ok","SIRFER Lab at University of Utah","2018-03-29","ElFtGy1kV49xqNP00HfxQA==","POM","1",700,25,100,"nitrogen",29.55,"microgramsPerLiter","Revesz & Coplen 2012a",,
"a819a1dd-fc08-4dd8-b382-945ddc775517","D18","TOOK","TOOK.AOS.buoy.c2","2017-08-01","TOOK.C2.20170801.POM.1",,"condition ok","SIRFER Lab at University of Utah","2018-03-28","ElFtGy1kV49xqNP00HfxQA==","POM","1",700,25,100,"d15N",4.66,"perMill","Revesz & Coplen 2012a",,
"54496586-bee3-46cd-bf9a-df476ae40015","D18","TOOK","TOOK.AOS.buoy.c2","2017-08-01","TOOK.C2.20170801.POM.1",,"condition ok","SIRFER Lab at University of Utah","2018-03-28","ElFtGy1kV49xqNP00HfxQA==","POM","1",700,25,100,"nitrogen",90.66,"microgramsPerLiter","Revesz & Coplen 2012a",,
"6d5a7857-6957-4c33-9c2b-e342311587fe","D18","TOOK","TOOK.AOS.buoy.c2","2017-08-01","TOOK.C2.20170801.POM.1",,"condition ok","SIRFER Lab at University of Utah","2018-03-28","ElFtGy1kV49xqNP00HfxQA==","POM","1",700,25,100,"d13C",-33.41,"perMill","Revesz & Coplen 2012a",,
"62545b19-bad5-403e-b28b-b17c7be1a20e","D18","TOOK","TOOK.AOS.buoy.c2","2017-08-01","TOOK.C2.20170801.POM.1",,"condition ok","SIRFER Lab at University of Utah","2018-03-28","ElFtGy1kV49xqNP00HfxQA==","POM","1",700,25,100,"carbon",559.56,"microgramsPerLiter","Revesz & Coplen 2012a",,
"07638aac-d723-4a0a-ac0b-dd7e6d9cabe4","D18","TOOK","TOOK.AOS.outlet","2017-08-01","TOOK.OT.20170801.POM.1",,"condition ok","SIRFER Lab at University of Utah","2018-03-28","ElFtGy1kV49xqNP00HfxQA==","POM","1",700,25,100,"d13C",-31.78,"perMill","Revesz & Coplen 2012a",,
"490b11f3-233f-45e0-a37d-78ac018e2465","D18","TOOK","TOOK.AOS.outlet","2017-08-01","TOOK.OT.20170801.POM.1",,"condition ok","SIRFER Lab at University of Utah","2018-03-28","ElFtGy1kV49xqNP00HfxQA==","POM","1",700,25,100,"d15N",4.48,"perMill","Revesz & Coplen 2012a",,
"a4d73d26-6688-4372-879a-4e7ae1967439","D18","TOOK","TOOK.AOS.outlet","2017-08-01","TOOK.OT.20170801.POM.1",,"condition ok","SIRFER Lab at University of Utah","2018-03-28","ElFtGy1kV49xqNP00HfxQA==","POM","1",700,25,100,"nitrogen",42.32,"microgramsPerLiter","Revesz & Coplen 2012a",,
"6c36be4b-5c36-4bf5-aea9-be638693d95e","D18","TOOK","TOOK.AOS.outlet","2017-08-01","TOOK.OT.20170801.POM.1",,"condition ok","SIRFER Lab at University of Utah","2018-03-28","ElFtGy1kV49xqNP00HfxQA==","POM","1",700,25,100,"carbon",293.60,"microgramsPerLiter","Revesz & Coplen 2012a",,
"19a76e80-b82b-4c48-8316-21f4049d8dd0","D18","TOOK","TOOK.AOS.inlet","2017-08-01","TOOK.IN.20170801.POM.1",,"condition ok","SIRFER Lab at University of Utah","2018-03-28","ElFtGy1kV49xqNP00HfxQA==","POM","1",700,25,100,"carbon",146.17,"microgramsPerLiter","Revesz & Coplen 2012a",,
"6b6ec3dd-bcdd-41a2-9b8e-5b5b702d3617","D18","TOOK","TOOK.AOS.inlet","2017-08-01","TOOK.IN.20170801.POM.1",,"condition ok","SIRFER Lab at University of Utah","2018-03-28","ElFtGy1kV49xqNP00HfxQA==","POM","1",700,25,100,"d13C",-32.12,"perMill","Revesz & Coplen 2012a",,
"f9f90a1a-4085-4f07-a7d0-3970c6b214e2","D18","TOOK","TOOK.AOS.inlet","2017-08-01","TOOK.IN.20170801.POM.1",,"condition ok","SIRFER Lab at University of Utah","2018-03-28","ElFtGy1kV49xqNP00HfxQA==","POM","1",700,25,100,"nitrogen",20.54,"microgramsPerLiter","Revesz & Coplen 2012a",,
"ebe8d41d-b783-4a57-9ea2-27cf6091b10f","D18","TOOK","TOOK.AOS.inlet","2017-08-01","TOOK.IN.20170801.POM.1",,"condition ok","SIRFER Lab at University of Utah","2018-03-28","ElFtGy1kV49xqNP00HfxQA==","POM","1",700,25,100,"d15N",8.11,"perMill","Revesz & Coplen 2012a",,
