uid,domainID,siteID,namedLocation,collectDate,parentSampleID,parentSampleCode,isotopeH2OSampleCond,isotopeH2OSampleID,isotopeH2OSampleCode,isotopePOMRep2SampleCond,isotopePOMRep2SampleID,isotopePOMRep2SampleCode,isotopePOMSampleCond,isotopePOMSampleID,isotopePOMSampleCode,processedDateFilters,processedDateH2OIsotopes,sampleVolumeFilteredPOMRep1,sampleVolumeFilteredPOMRep2,fieldDataQF
"2dd53855-6a8b-4b33-ac3d-c30ddc658a68","D18","TOOK","TOOK.AOS.buoy.c1","2017-08-01T17:44Z","TOOK.C1.20170801",,"Sample condition ok","TOOK.C1.20170801.H2O.1",,"Sample condition ok","TOOK.C1.20170801.POM.2",,"Sample condition ok","TOOK.C1.20170801.POM.1",,"2017-08-01T22:11Z","2017-08-01T18:45Z",700,700,
"d441913f-5e67-404e-a1d5-98e40b9677ce","D18","TOOK","TOOK.AOS.buoy.c2","2017-08-01T18:46Z","TOOK.C2.20170801",,"Sample condition ok","TOOK.C2.20170801.H2O.1",,"Sample condition ok","TOOK.C2.20170801.POM.2",,"Sample condition ok","TOOK.C2.20170801.POM.1",,"2017-08-02T00:16Z","2017-08-01T18:47Z",700,700,
"eaa2592f-7280-485a-bdf9-2bc30bdf2108","D18","TOOK","TOOK.AOS.outlet","2017-08-01T18:59Z","TOOK.OT.20170801",,"Sample condition ok","TOOK.OT.20170801.H2O.1",,"Sample condition ok","TOOK.OT.20170801.POM.2",,"Sample condition ok","TOOK.OT.20170801.POM.1",,"2017-08-01T23:20Z","2017-08-01T19:01Z",700,700,
"1eb22f17-3028-4e26-a023-346c8593f708","D18","TOOK","TOOK.AOS.inlet","2017-08-01T21:45Z","TOOK.IN.20170801",,"Sample condition ok","TOOK.IN.20170801.H2O.1",,"Sample condition ok","TOOK.IN.20170801.POM.2",,"Sample condition ok","TOOK.IN.20170801.POM.1",,"2017-08-01T19:20Z","2017-08-01T19:20Z",700,700,
