uid,domainID,siteID,namedLocation,collectDate,sampleID,sampleCode,sampleCondition,laboratoryName,analysisDate,analyzedBy,sampleType,replicate,sampleVolumeFiltered,filterSize,percentFilterAnalyzed,analyte,analyteConcentration,plantAlgaeLabUnits,method,externalRemarks,externalLabDataQF
"778bdc50-58eb-4aab-b9f4-7512b637afda","D18","TOOK","TOOK.AOS.inlet","2018-08-07","TOOK.IN.20180807.POM.1",,"condition ok","SIRFER Lab at University of Utah","2018-10-18","ElFtGy1kV49xqNP00HfxQA==","POM","1",500,25,100,"nitrogen",29.86,"microgramsPerLiter","Revesz & Coplen 2012a",,
"7343f4aa-a923-4e6f-9ef9-b9bd3735bfa5","D18","TOOK","TOOK.AOS.inlet","2018-08-07","TOOK.IN.20180807.POM.1",,"condition ok","SIRFER Lab at University of Utah","2018-10-18","ElFtGy1kV49xqNP00HfxQA==","POM","1",500,25,100,"d13C",-31.93,"perMill","Revesz & Coplen 2012a",,
"ae352545-38b7-41fb-bde1-bc2718990aa1","D18","TOOK","TOOK.AOS.inlet","2018-08-07","TOOK.IN.20180807.POM.1",,"condition ok","SIRFER Lab at University of Utah","2018-10-18","ElFtGy1kV49xqNP00HfxQA==","POM","1",500,25,100,"carbon",243.93,"microgramsPerLiter","Revesz & Coplen 2012a",,
"6cc8f603-1520-4e26-a2b4-33679bc0e26b","D18","TOOK","TOOK.AOS.inlet","2018-08-07","TOOK.IN.20180807.POM.1",,"condition ok","SIRFER Lab at University of Utah","2018-10-18","ElFtGy1kV49xqNP00HfxQA==","POM","1",500,25,100,"d15N",2.80,"perMill","Revesz & Coplen 2012a",,
"f5893795-6b07-4bc4-8580-37647b8f1ec5","D18","TOOK","TOOK.AOS.outlet","2018-08-07","TOOK.OT.20180807.POM.1",,"condition ok","SIRFER Lab at University of Utah","2018-10-18","ElFtGy1kV49xqNP00HfxQA==","POM","1",500,25,100,"carbon",182.49,"microgramsPerLiter","Revesz & Coplen 2012a",,
"deef79f7-e6ef-47a0-a1fa-dd0e8ed35d89","D18","TOOK","TOOK.AOS.outlet","2018-08-07","TOOK.OT.20180807.POM.1",,"condition ok","SIRFER Lab at University of Utah","2018-10-18","ElFtGy1kV49xqNP00HfxQA==","POM","1",500,25,100,"d13C",-32.52,"perMill","Revesz & Coplen 2012a",,
"fcef795f-3d0b-4cae-8f33-06483e114f09","D18","TOOK","TOOK.AOS.outlet","2018-08-07","TOOK.OT.20180807.POM.1",,"condition ok","SIRFER Lab at University of Utah","2018-10-18","ElFtGy1kV49xqNP00HfxQA==","POM","1",500,25,100,"nitrogen",26.16,"microgramsPerLiter","Revesz & Coplen 2012a",,
"01cc05c3-f1c8-424f-b54a-3d62267fd505","D18","TOOK","TOOK.AOS.outlet","2018-08-07","TOOK.OT.20180807.POM.1",,"condition ok","SIRFER Lab at University of Utah","2018-10-18","ElFtGy1kV49xqNP00HfxQA==","POM","1",500,25,100,"d15N",2.27,"perMill","Revesz & Coplen 2012a",,
"3bcf1935-0cac-4515-bb8f-1c6ecc173024","D18","TOOK","TOOK.AOS.buoy.c1","2018-08-07","TOOK.C1.20180807.POM.1",,"condition ok","SIRFER Lab at University of Utah","2018-10-18","ElFtGy1kV49xqNP00HfxQA==","POM","1",500,25,100,"nitrogen",29.56,"microgramsPerLiter","Revesz & Coplen 2012a",,
"611f5231-9410-4608-8eab-4963b8be11f5","D18","TOOK","TOOK.AOS.buoy.c1","2018-08-07","TOOK.C1.20180807.POM.1",,"condition ok","SIRFER Lab at University of Utah","2018-10-18","ElFtGy1kV49xqNP00HfxQA==","POM","1",500,25,100,"d13C",-32.35,"perMill","Revesz & Coplen 2012a",,
"0efe239b-e63d-4afe-9ce8-827de9d94f23","D18","TOOK","TOOK.AOS.buoy.c1","2018-08-07","TOOK.C1.20180807.POM.1",,"condition ok","SIRFER Lab at University of Utah","2018-10-18","ElFtGy1kV49xqNP00HfxQA==","POM","1",500,25,100,"carbon",214.86,"microgramsPerLiter","Revesz & Coplen 2012a",,
"d90e58e0-18c9-4c27-9cb9-1f86dd0d373e","D18","TOOK","TOOK.AOS.buoy.c1","2018-08-07","TOOK.C1.20180807.POM.1",,"condition ok","SIRFER Lab at University of Utah","2018-10-18","ElFtGy1kV49xqNP00HfxQA==","POM","1",500,25,100,"d15N",2.47,"perMill","Revesz & Coplen 2012a",,
"10843d5e-55e4-4709-8a72-66b1f6e8db42","D18","TOOK","TOOK.AOS.buoy.c2","2018-08-07","TOOK.C2.20180807.POM.1",,"condition ok","SIRFER Lab at University of Utah","2018-10-18","ElFtGy1kV49xqNP00HfxQA==","POM","1",500,25,100,"carbon",192.69,"microgramsPerLiter","Revesz & Coplen 2012a",,
"a61157a7-42e9-48f7-8646-d8891c205755","D18","TOOK","TOOK.AOS.buoy.c2","2018-08-07","TOOK.C2.20180807.POM.1",,"condition ok","SIRFER Lab at University of Utah","2018-10-18","ElFtGy1kV49xqNP00HfxQA==","POM","1",500,25,100,"d15N",4.45,"perMill","Revesz & Coplen 2012a",,
"dc81de12-9ecb-4ce4-a15a-4314e0325825","D18","TOOK","TOOK.AOS.buoy.c2","2018-08-07","TOOK.C2.20180807.POM.1",,"condition ok","SIRFER Lab at University of Utah","2018-10-18","ElFtGy1kV49xqNP00HfxQA==","POM","1",500,25,100,"d13C",-31.00,"perMill","Revesz & Coplen 2012a",,
"da770063-f1a0-425c-872d-ada5a21e4556","D18","TOOK","TOOK.AOS.buoy.c2","2018-08-07","TOOK.C2.20180807.POM.1",,"condition ok","SIRFER Lab at University of Utah","2018-10-18","ElFtGy1kV49xqNP00HfxQA==","POM","1",500,25,100,"nitrogen",24.41,"microgramsPerLiter","Revesz & Coplen 2012a",,
