uid,domainID,siteID,namedLocation,collectDate,parentSampleID,parentSampleCode,isotopeH2OSampleCond,isotopeH2OSampleID,isotopeH2OSampleCode,isotopePOMRep2SampleCond,isotopePOMRep2SampleID,isotopePOMRep2SampleCode,isotopePOMSampleCond,isotopePOMSampleID,isotopePOMSampleCode,processedDateFilters,processedDateH2OIsotopes,sampleVolumeFilteredPOMRep1,sampleVolumeFilteredPOMRep2,fieldDataQF
"7fbb3b05-5791-4539-9152-af7a70af31bb","D18","TOOK","TOOK.AOS.inlet","2018-08-07T17:55Z","TOOK.IN.20180807",,"Sample condition ok","TOOK.IN.20180807.H2O.1","A00000030178","Sample condition ok","TOOK.IN.20180807.POM.2",,"Sample condition ok","TOOK.IN.20180807.POM.1",,"2018-08-08T01:33Z","2018-08-07T19:53Z",500,500,
"a12192c8-72fa-4501-83cb-992a35258c63","D18","TOOK","TOOK.AOS.outlet","2018-08-07T18:20Z","TOOK.OT.20180807",,"Sample condition ok","TOOK.OT.20180807.H2O.1","A00000030177","Sample condition ok","TOOK.OT.20180807.POM.2",,"Sample condition ok","TOOK.OT.20180807.POM.1",,"2018-08-08T01:34Z","2018-08-07T19:54Z",500,500,
"385f288d-8647-4a13-a78a-17004f10644b","D18","TOOK","TOOK.AOS.buoy.c1","2018-08-07T18:34Z","TOOK.C1.20180807",,"Sample condition ok","TOOK.C1.20180807.H2O.1","A00000030175","Sample condition ok","TOOK.C1.20180807.POM.2",,"Sample condition ok","TOOK.C1.20180807.POM.1",,"2018-08-08T01:35Z","2018-08-07T19:53Z",500,500,
"d85ce21a-b20a-4cfa-81d8-e484f7c9a03d","D18","TOOK","TOOK.AOS.buoy.c2","2018-08-07T18:42Z","TOOK.C2.20180807",,"Sample condition ok","TOOK.C2.20180807.H2O.1","A00000030176","Sample condition ok","TOOK.C2.20180807.POM.2",,"Sample condition ok","TOOK.C2.20180807.POM.1",,"2018-08-08T01:37Z","2018-08-07T19:50Z",500,500,
