uid,domainID,siteID,namedLocation,collectDate,analysisDate,isotopeH2OSampleID,isotopeH2OSampleCode,instrumentSN,d18OWater,d2HWater,d18OsdWater,d2HsdWater,isotopeH2OExternalLabQF,laboratoryName,analyzedBy,sampleCondition,externalRemarks,externalLabDataQF
"f29ed7a1-50e9-4cd9-b963-62ca39de35d3","D18","TOOK","TOOK.AOS.inlet","2018-08-07","2018-10-25","TOOK.IN.20180807.H2O.1","A00000030178","HIDS2052",-19.41,-151.27,0.03,0.18,0,"SIRFER Lab at University of Utah","OlSmE6RRn5QQH8tvUHmK5i/poYiQr6sd","OK",,
"d693d7bd-b9d5-4e2f-8c9b-6d2c692cc2ed","D18","TOOK","TOOK.AOS.outlet","2018-08-07","2018-10-29","TOOK.OT.20180807.H2O.1","A00000030177","HIDS2052",-19.55,-152.19,0.06,0.21,0,"SIRFER Lab at University of Utah","OlSmE6RRn5QQH8tvUHmK5i/poYiQr6sd","OK",,
"57e077f0-2dc1-4e8d-a8c6-b539d6b7f38d","D18","TOOK","TOOK.AOS.buoy.c1","2018-08-07","2018-10-25","TOOK.C1.20180807.H2O.1","A00000030175","HIDS2052",-19.68,-153.28,0.04,0.22,0,"SIRFER Lab at University of Utah","OlSmE6RRn5QQH8tvUHmK5i/poYiQr6sd","OK",,
"186e97e9-fc3d-483f-a67c-c4471d8fcb95","D18","TOOK","TOOK.AOS.buoy.c2","2018-08-07","2018-10-25","TOOK.C2.20180807.H2O.1","A00000030176","HIDS2052",-19.89,-155.31,0.02,0.10,0,"SIRFER Lab at University of Utah","OlSmE6RRn5QQH8tvUHmK5i/poYiQr6sd","OK",,
