uid,domainID,siteID,namedLocation,decimalLatitude,decimalLongitude,coordinateUncertainty,additionalCoordUncertainty,elevation,elevationUncertainty,geodeticDatum,altLocation,altLatitude,altLongitude,altCoordinateUncertainty,altGeodeticDatum,collectDate,aquaticSiteType,samplingImpractical,parentSampleID,parentSampleCode,eventID,samplerType,dissolvedOxygen,dissolvedOxygenSaturation,specificConductance,waterTemp,asiSamplingProtocolVersion,lowerSegmentDepth,upperSegmentDepth,maxDepth,lakeSampleDepth1,lakeSampleDepth2,aCollectedBy,bCollectedBy,remarks,fieldDataQF
"1cd33549-817c-4c54-8e9f-befadc734e8e","D18","TOOK","TOOK.AOS.inlet",68.625566,-149.595360,0.1,10.0,717.3,0.0,"WGS84",,,,,,"2018-08-07T17:55Z","lake",,"TOOK.IN.20180807",,"TOOK.20180807","Kemmerer",,,,,"NEON.DOC.001886vF",,,,0.5,,"Tsurgener@battelleecology.org","jhill1@battelleecology.org",,
"0d9e557f-d43f-4740-b15a-88d2807ed0ff","D18","TOOK","TOOK.AOS.outlet",68.640502,-149.596089,0.1,10.0,717.0,0.0,"WGS84",,,,,,"2018-08-07T18:20Z","lake",,"TOOK.OT.20180807",,"TOOK.20180807","Kemmerer",,,,,"NEON.DOC.001886vF",,,,0.5,,"Tsurgener@battelleecology.org","jhill1@battelleecology.org",,
"7da3b749-a207-445e-934e-70d4e66814a3","D18","TOOK","TOOK.AOS.buoy.c1",68.630699,-149.611405,10.0,10.0,715.0,10.0,"WGS84",,,,,,"2018-08-07T18:34Z","lake",,"TOOK.C1.20180807",,"TOOK.20180807","Kemmerer",9.30,93.00,86.90,11.20,"NEON.DOC.001886vF",,,22.0,0.5,,"jmonroe@battelleecology.org","Tsurgener@battelleecology.org",,
"554412f3-84d2-42c7-afc7-38ec926b47f7","D18","TOOK","TOOK.AOS.buoy.c2",68.630699,-149.611405,10.0,10.0,715.0,10.0,"WGS84",,,,,,"2018-08-07T18:42Z","lake",,"TOOK.C2.20180807",,"TOOK.20180807","Kemmerer",9.30,93.00,86.90,11.20,"NEON.DOC.001886vF",7.0,0.0,22.0,13.0,,"jhill1@battelleecology.org","jmonroe@battelleecology.org",,
