uid,domainID,siteID,namedLocation,collectDate,sampleID,sampleCode,sampleCondition,laboratoryName,analysisDate,analyzedBy,sampleType,replicate,sampleVolumeFiltered,filterSize,percentFilterAnalyzed,analyte,analyteConcentration,plantAlgaeLabUnits,method,externalRemarks,externalLabDataQF
"6a5c14a4-8603-4e30-95ec-96f8d4cf24a1","D13","WLOU","WLOU.AOS.S2","2018-10-09","WLOU.SS.20181009.POM.1","A00000051074","condition ok","SIRFER Lab at University of Utah","2018-11-07","ElFtGy1kV49xqNP00HfxQA==","POM","1",1000,25,100,"carbon",244.69,"microgramsPerLiter","Revesz & Coplen 2012a",,
"4baae8de-7d38-45e3-8191-d656ab708c61","D13","WLOU","WLOU.AOS.S2","2018-10-09","WLOU.SS.20181009.POM.1","A00000051074","condition ok","SIRFER Lab at University of Utah","2018-11-07","ElFtGy1kV49xqNP00HfxQA==","POM","1",1000,25,100,"nitrogen",15.98,"microgramsPerLiter","Revesz & Coplen 2012a",,
"bf1104ed-f0ba-44f3-a98b-df0efd3c2fd0","D13","WLOU","WLOU.AOS.S2","2018-10-09","WLOU.SS.20181009.POM.1","A00000051074","condition ok","SIRFER Lab at University of Utah","2018-11-07","ElFtGy1kV49xqNP00HfxQA==","POM","1",1000,25,100,"d13C",-26.43,"perMill","Revesz & Coplen 2012a",,
"192e36e6-a15e-41f3-8b31-48cf4c8e06a9","D13","WLOU","WLOU.AOS.S2","2018-10-09","WLOU.SS.20181009.POM.1","A00000051074","condition ok","SIRFER Lab at University of Utah","2018-11-07","ElFtGy1kV49xqNP00HfxQA==","POM","1",1000,25,100,"d15N",3.61,"perMill","Revesz & Coplen 2012a",,
