uid,domainID,siteID,namedLocation,collectDate,sampleID,sampleCode,sampleCondition,laboratoryName,analysisDate,analyzedBy,sampleType,replicate,sampleVolumeFiltered,filterSize,percentFilterAnalyzed,analyte,analyteConcentration,plantAlgaeLabUnits,method,externalRemarks,externalLabDataQF
"a13ac836-980b-4860-9f5b-b5ee19ca2dcd","D07","WALK","WALK.AOS.S2","2016-12-13","WALK.SS.20161213.POM.1",,"condition ok","Academy of Natural Sciences of Drexel University","2017-05-25","OKgcKejxXbI=","13C15N","1",,,100,"d13C",-29.75,"perMill",,,
"44c0a870-8d13-4a2b-a9d4-78a04bf11745","D07","WALK","WALK.AOS.S2","2016-12-13","WALK.SS.20161213.POM.1",,"condition ok","Academy of Natural Sciences of Drexel University","2017-05-25","OKgcKejxXbI=","13C15N","1",,,100,"d15N",-4.39,"perMill",,,
"5e6b7816-3fb0-4b57-b1ac-eeeaa8026fc3","D07","WALK","WALK.AOS.S2","2016-12-13","WALK.SS.20161213.POM.2",,"other","Academy of Natural Sciences of Drexel University","2017-06-14","OKgcKejxXbI=","13C15N","2",,,100,"d15N",,"perMill",,"analysis corrupted during run",
"f7a52c56-41df-42e9-9d08-99ee0dfff7f4","D07","WALK","WALK.AOS.S2","2016-12-13","WALK.SS.20161213.POM.2",,"other","Academy of Natural Sciences of Drexel University","2017-06-14","OKgcKejxXbI=","13C15N","2",,,100,"d13C",,"perMill",,"analysis corrupted during run",
