uid,domainID,siteID,namedLocation,collectDate,parentSampleID,parentSampleCode,isotopeH2OSampleCond,isotopeH2OSampleID,isotopeH2OSampleCode,isotopePOMRep2SampleCond,isotopePOMRep2SampleID,isotopePOMRep2SampleCode,isotopePOMSampleCond,isotopePOMSampleID,isotopePOMSampleCode,processedDateFilters,processedDateH2OIsotopes,sampleVolumeFilteredPOMRep1,sampleVolumeFilteredPOMRep2,fieldDataQF
"d3cd9c0e-49d9-45a4-a553-eec9ccc158c1","D04","GUIL","GUIL.AOS.S2","2018-09-05T12:29Z","GUIL.SS.20180905",,"Sample condition ok","GUIL.SS.20180905.H2O.1","A00000040502","Sample condition ok","GUIL.SS.20180905.POM.2","A00000040508","Sample condition ok","GUIL.SS.20180905.POM.1","A00000040507","2018-09-05T13:23Z","2018-09-05T12:37Z",1000,1000,
"f6527596-f0c7-4b62-a290-8ae9dd89dd35","D04","GUIL","GUIL.AOS.S2","2018-09-11T12:35Z","GUIL.SS.20180911",,"Sample condition ok","GUIL.SS.20180911.H2O.1","A00000040531","Sample condition ok","GUIL.SS.20180911.POM.2","A00000040563","Sample condition ok","GUIL.SS.20180911.POM.1","A00000040562","2018-09-11T13:30Z","2018-09-11T12:44Z",750,750,
"c4983cd5-82ab-4022-8e4f-c265f278df75","D04","GUIL","GUIL.AOS.S2","2018-09-17T12:31Z","GUIL.SS.20180917",,"Sample condition ok","GUIL.SS.20180917.H2O.1","A00000038754","Sample condition ok","GUIL.SS.20180917.POM.2","A00000038756","Sample condition ok","GUIL.SS.20180917.POM.1","A00000038755","2018-09-17T13:30Z","2018-09-17T12:46Z",250,250,
"20f57915-9901-4e1d-aafd-dc2bfda7d3bd","D04","GUIL","GUIL.AOS.S2","2018-09-25T12:36Z","GUIL.SS.20180925",,"Sample condition ok","GUIL.SS.20180925.H2O.1","A00000038841","Sample condition ok","GUIL.SS.20180925.POM.2","A00000038846","Sample condition ok","GUIL.SS.20180925.POM.1","A00000038845","2018-09-25T13:19Z","2018-09-25T12:46Z",1250,1250,
