uid,domainID,siteID,namedLocation,decimalLatitude,decimalLongitude,coordinateUncertainty,additionalCoordUncertainty,elevation,elevationUncertainty,geodeticDatum,altLocation,altLatitude,altLongitude,altCoordinateUncertainty,altGeodeticDatum,collectDate,aquaticSiteType,samplingImpractical,parentSampleID,parentSampleCode,eventID,samplerType,dissolvedOxygen,dissolvedOxygenSaturation,specificConductance,waterTemp,asiSamplingProtocolVersion,lowerSegmentDepth,upperSegmentDepth,maxDepth,lakeSampleDepth1,lakeSampleDepth2,aCollectedBy,bCollectedBy,remarks,fieldDataQF
"b5eb606d-3a5d-4965-a037-d539d63819b1","D04","GUIL","GUIL.AOS.S2",18.174094,-66.799710,0.1,10.0,546.0,0.1,"WGS84",,,,,,"2018-09-05T12:29Z","stream",,"GUIL.SS.20180905",,"GUIL.20180905","Grab",7.89,96.10,205.40,22.40,"NEON.DOC.001886vF",,,,,,"gtavarez@battelleecology.org","iortiz@battelleecology.org",,
"73f524d4-6d55-4712-8f9a-01b71f1b1d5d","D04","GUIL","GUIL.AOS.S2",18.174094,-66.799710,0.1,10.0,546.0,0.1,"WGS84",,,,,,"2018-09-11T12:35Z","stream",,"GUIL.SS.20180911",,"GUIL.20180911","Grab",8.23,100.10,210.00,22.00,"NEON.DOC.001886vF",,,,,,"Mpagan@battelleecology.org","iortiz@battelleecology.org",,
"1856b4e3-da97-473e-bc69-cc62f6736df3","D04","GUIL","GUIL.AOS.S2",18.174094,-66.799710,0.1,10.0,546.0,0.1,"WGS84",,,,,,"2018-09-17T12:31Z","stream",,"GUIL.SS.20180917",,"GUIL.20180917","Grab",8.24,99.10,161.10,21.80,"NEON.DOC.001886vF",,,,,,"Mpagan@battelleecology.org","iortiz@battelleecology.org",,
"0d78901a-0159-45fd-9af9-5446ff1863fb","D04","GUIL","GUIL.AOS.S2",18.174094,-66.799710,0.1,10.0,546.0,0.1,"WGS84",,,,,,"2018-09-25T12:36Z","stream",,"GUIL.SS.20180925",,"GUIL.20180925","Grab",8.17,98.30,196.90,21.50,"NEON.DOC.001886vF",,,,,,"Mpagan@battelleecology.org","iortiz@battelleecology.org",,
