uid,domainID,siteID,namedLocation,collectDate,sampleID,sampleCode,sampleCondition,laboratoryName,analysisDate,analyzedBy,sampleType,replicate,sampleVolumeFiltered,filterSize,percentFilterAnalyzed,analyte,analyteConcentration,plantAlgaeLabUnits,method,externalRemarks,externalLabDataQF
"561df007-1399-403c-ad54-af34cfedac80","D04","GUIL","GUIL.AOS.S2","2018-09-05","GUIL.SS.20180905.POM.1","A00000040507","condition ok","SIRFER Lab at University of Utah","2018-10-17","ElFtGy1kV49xqNP00HfxQA==","POM","1",1000,25,100,"nitrogen",11.11,"microgramsPerLiter","Revesz & Coplen 2012a",,
"6598a918-5d78-45a6-9fad-934f6b580fb4","D04","GUIL","GUIL.AOS.S2","2018-09-05","GUIL.SS.20180905.POM.1","A00000040507","condition ok","SIRFER Lab at University of Utah","2018-10-17","ElFtGy1kV49xqNP00HfxQA==","POM","1",1000,25,100,"d15N",3.67,"perMill","Revesz & Coplen 2012a",,
"b25a6628-7d09-46b1-a7ea-dd245f19477b","D04","GUIL","GUIL.AOS.S2","2018-09-05","GUIL.SS.20180905.POM.1","A00000040507","condition ok","SIRFER Lab at University of Utah","2018-10-17","ElFtGy1kV49xqNP00HfxQA==","POM","1",1000,25,100,"d13C",-25.49,"perMill","Revesz & Coplen 2012a",,
"d7ec907c-0ce2-4923-beb6-be5048ee5c0d","D04","GUIL","GUIL.AOS.S2","2018-09-05","GUIL.SS.20180905.POM.1","A00000040507","condition ok","SIRFER Lab at University of Utah","2018-10-17","ElFtGy1kV49xqNP00HfxQA==","POM","1",1000,25,100,"carbon",84.20,"microgramsPerLiter","Revesz & Coplen 2012a",,
