uid,domainID,siteID,namedLocation,collectDate,analysisDate,isotopeH2OSampleID,isotopeH2OSampleCode,instrumentSN,d18OWater,d2HWater,d18OsdWater,d2HsdWater,isotopeH2OExternalLabQF,laboratoryName,analyzedBy,sampleCondition,externalRemarks,externalLabDataQF
"43e42d8e-4faf-405d-b11e-8004a8045ef7","D04","GUIL","GUIL.AOS.S2","2018-09-05","2018-10-01","GUIL.SS.20180905.H2O.1","A00000040502","HIDS2052",-3.25,-10.92,0.02,0.24,0,"SIRFER Lab at University of Utah","OlSmE6RRn5QQH8tvUHmK5i/poYiQr6sd","OK",,
"653b7478-359c-4162-ba25-4c78d0d4009f","D04","GUIL","GUIL.AOS.S2","2018-09-11","2018-10-01","GUIL.SS.20180911.H2O.1","A00000040531","HIDS2052",-3.33,-11.23,0.02,0.14,0,"SIRFER Lab at University of Utah","OlSmE6RRn5QQH8tvUHmK5i/poYiQr6sd","OK",,
"f3e4795e-4c8c-4db1-b5c4-1097d3fef9ef","D04","GUIL","GUIL.AOS.S2","2018-09-17","2018-12-11","GUIL.SS.20180917.H2O.1","A00000038754","HIDS2052",-3.23,-13.09,0.04,0.13,0,"SIRFER Lab at University of Utah","OlSmE6RRn5QQH8tvUHmK5i/poYiQr6sd","Sample Damaged or Lost","Loose cap vial leaked",
"a01cec24-4c31-4613-8bb0-9e6c2b0f8581","D04","GUIL","GUIL.AOS.S2","2018-09-25","2018-12-11","GUIL.SS.20180925.H2O.1","A00000038841","HIDS2052",-2.79,-10.81,0.02,0.07,0,"SIRFER Lab at University of Utah","OlSmE6RRn5QQH8tvUHmK5i/poYiQr6sd","OK",,
