uid,domainID,siteID,namedLocation,collectDate,sampleID,sampleCode,sampleCondition,laboratoryName,analysisDate,analyzedBy,sampleType,replicate,sampleVolumeFiltered,filterSize,percentFilterAnalyzed,analyte,analyteConcentration,plantAlgaeLabUnits,method,externalRemarks,externalLabDataQF
"bd3cd23b-e4cb-499b-ab2d-2ad3f0af6b0a","D13","WLOU","WLOU.AOS.S2","2017-09-07","WLOU.SS.20170907.POM.1",,"condition ok","SIRFER Lab at University of Utah","2018-04-17","ElFtGy1kV49xqNP00HfxQA==","POM","1",2750,25,100,"carbon",48.95,"microgramsPerLiter","Revesz & Coplen 2012a",,
"0570e4e4-f79e-4da0-9cab-841b11ff69de","D13","WLOU","WLOU.AOS.S2","2017-09-07","WLOU.SS.20170907.POM.1",,"condition ok","SIRFER Lab at University of Utah","2018-04-17","ElFtGy1kV49xqNP00HfxQA==","POM","1",2750,25,100,"d15N",5.12,"perMill","Revesz & Coplen 2012a",,
"4707ea44-e2c9-45d5-8b6e-68f3d97dcdb9","D13","WLOU","WLOU.AOS.S2","2017-09-07","WLOU.SS.20170907.POM.1",,"condition ok","SIRFER Lab at University of Utah","2018-04-17","ElFtGy1kV49xqNP00HfxQA==","POM","1",2750,25,100,"nitrogen",3.65,"microgramsPerLiter","Revesz & Coplen 2012a",,
"a5d1aa8f-9433-4098-8380-6abab3ee7130","D13","WLOU","WLOU.AOS.S2","2017-09-07","WLOU.SS.20170907.POM.1",,"condition ok","SIRFER Lab at University of Utah","2018-04-17","ElFtGy1kV49xqNP00HfxQA==","POM","1",2750,25,100,"d13C",-25.97,"perMill","Revesz & Coplen 2012a",,
"0450925d-d373-4a80-bc31-17fda58f9287","D13","WLOU","WLOU.AOS.S2","2017-09-14","WLOU.SS.20170914.POM.1",,"condition ok","SIRFER Lab at University of Utah","2018-04-17","ElFtGy1kV49xqNP00HfxQA==","POM","1",1360,25,100,"carbon",447.60,"microgramsPerLiter","Revesz & Coplen 2012a",,
"fec3c4ac-7fb0-430c-874c-f51881b48f25","D13","WLOU","WLOU.AOS.S2","2017-09-14","WLOU.SS.20170914.POM.1",,"condition ok","SIRFER Lab at University of Utah","2018-04-17","ElFtGy1kV49xqNP00HfxQA==","POM","1",1360,25,100,"d13C",-26.47,"perMill","Revesz & Coplen 2012a",,
"8f6a7e38-9e77-42ff-b18e-36802bde244d","D13","WLOU","WLOU.AOS.S2","2017-09-14","WLOU.SS.20170914.POM.1",,"condition ok","SIRFER Lab at University of Utah","2018-04-17","ElFtGy1kV49xqNP00HfxQA==","POM","1",1360,25,100,"nitrogen",3.07,"microgramsPerLiter","Revesz & Coplen 2012a",,
"687bc251-d8e8-4f59-a1d2-001d3f9851f3","D13","WLOU","WLOU.AOS.S2","2017-09-14","WLOU.SS.20170914.POM.1",,"condition ok","SIRFER Lab at University of Utah","2018-04-17","ElFtGy1kV49xqNP00HfxQA==","POM","1",1360,25,100,"d15N",1.03,"perMill","Revesz & Coplen 2012a",,
