uid,domainID,siteID,namedLocation,collectDate,sampleID,sampleCode,sampleCondition,laboratoryName,analysisDate,analyzedBy,sampleType,replicate,sampleVolumeFiltered,filterSize,percentFilterAnalyzed,analyte,analyteConcentration,plantAlgaeLabUnits,method,externalRemarks,externalLabDataQF
"d3169166-7301-49ad-8b00-d3fb493863b8","D04","CUPE","CUPE.AOS.S2","2016-01-12","CUPE.SS.20160112.POM.2",,"condition ok","Academy of Natural Sciences of Drexel University","2017-02-13","OKgcKejxXbI=","13C15N","2",,,100,"d13C",-27.54,"perMill",,,
"38a2aba6-a87e-4dae-83d5-b5f9c51f78bb","D04","CUPE","CUPE.AOS.S2","2016-01-12","CUPE.SS.20160112.POM.1",,"condition ok","Academy of Natural Sciences of Drexel University","2017-01-24","OKgcKejxXbI=","13C15N","1",,,100,"d13C",-27.30,"perMill",,,
"33e1700e-767d-423c-8517-927e58d3bc0b","D04","CUPE","CUPE.AOS.S2","2016-01-12","CUPE.SS.20160112.POM.1",,"condition ok","Academy of Natural Sciences of Drexel University","2017-01-24","OKgcKejxXbI=","13C15N","1",,,100,"d15N",1.14,"perMill",,,
"4808e274-d875-436a-b5ba-9c2b061bc35f","D04","CUPE","CUPE.AOS.S2","2016-01-12","CUPE.SS.20160112.POM.2",,"condition ok","Academy of Natural Sciences of Drexel University","2017-02-13","OKgcKejxXbI=","13C15N","2",,,100,"d15N",0.98,"perMill",,,
