uid,domainID,siteID,namedLocation,collectDate,sampleID,sampleCode,sampleCondition,laboratoryName,analysisDate,analyzedBy,sampleType,replicate,sampleVolumeFiltered,filterSize,percentFilterAnalyzed,analyte,analyteConcentration,plantAlgaeLabUnits,method,externalRemarks,externalLabDataQF
"553e048a-10da-477c-809f-614c13afe077","D03","BARC","BARC.AOS.buoy.c0","2017-10-10","BARC.C0.20171010.POM.1",,"condition ok","SIRFER Lab at University of Utah","2018-03-28","ElFtGy1kV49xqNP00HfxQA==","POM","1",,,100,"carbon",250.80,"microgramsPerLiter","Revesz & Coplen 2012a",,
"0c12da65-af9c-4631-9735-e93e9930ff7f","D03","BARC","BARC.AOS.buoy.c0","2017-10-10","BARC.C0.20171010.POM.1",,"condition ok","SIRFER Lab at University of Utah","2018-03-28","ElFtGy1kV49xqNP00HfxQA==","POM","1",,,100,"d13C",-33.99,"perMill","Revesz & Coplen 2012a",,
"42f762c2-9ce6-4738-94cb-9bab4fcab269","D03","BARC","BARC.AOS.buoy.c0","2017-10-10","BARC.C0.20171010.POM.1",,"condition ok","SIRFER Lab at University of Utah","2018-03-28","ElFtGy1kV49xqNP00HfxQA==","POM","1",,,100,"d15N",5.69,"perMill","Revesz & Coplen 2012a",,
"b12ec8ae-cd6f-46e5-9459-1960e171bdf5","D03","BARC","BARC.AOS.buoy.c0","2017-10-10","BARC.C0.20171010.POM.1",,"condition ok","SIRFER Lab at University of Utah","2018-03-28","ElFtGy1kV49xqNP00HfxQA==","POM","1",,,100,"nitrogen",302.25,"microgramsPerLiter","Revesz & Coplen 2012a",,
"d867f813-5504-459d-8941-3077a4021378","D03","BARC","BARC.AOS.inlet","2017-10-10","BARC.IN.20171010.POM.1",,"condition ok","SIRFER Lab at University of Utah","2018-03-28","ElFtGy1kV49xqNP00HfxQA==","POM","1",,,100,"carbon",338.47,"microgramsPerLiter","Revesz & Coplen 2012a",,
"6b65f4a7-f755-4023-a564-577dd151c3f4","D03","BARC","BARC.AOS.inlet","2017-10-10","BARC.IN.20171010.POM.1",,"condition ok","SIRFER Lab at University of Utah","2018-03-28","ElFtGy1kV49xqNP00HfxQA==","POM","1",,,100,"d15N",5.84,"perMill","Revesz & Coplen 2012a",,
"e8c9d844-b58a-4765-82d4-7a1192b29815","D03","BARC","BARC.AOS.inlet","2017-10-10","BARC.IN.20171010.POM.1",,"condition ok","SIRFER Lab at University of Utah","2018-03-28","ElFtGy1kV49xqNP00HfxQA==","POM","1",,,100,"nitrogen",312.50,"microgramsPerLiter","Revesz & Coplen 2012a",,
"6962d727-e128-46a1-abc5-f908af0350b5","D03","BARC","BARC.AOS.inlet","2017-10-10","BARC.IN.20171010.POM.1",,"condition ok","SIRFER Lab at University of Utah","2018-03-28","ElFtGy1kV49xqNP00HfxQA==","POM","1",,,100,"d13C",-34.03,"perMill","Revesz & Coplen 2012a",,
"561ce4ee-5e45-4515-9a19-7b15990fec66","D03","BARC","BARC.AOS.outlet","2017-10-10","BARC.OT.20171010.POM.1",,"condition ok","SIRFER Lab at University of Utah","2018-03-28","ElFtGy1kV49xqNP00HfxQA==","POM","1",,,100,"d13C",-33.37,"perMill","Revesz & Coplen 2012a",,
"64b0ec37-df5b-414a-8687-111722c4d068","D03","BARC","BARC.AOS.outlet","2017-10-10","BARC.OT.20171010.POM.1",,"condition ok","SIRFER Lab at University of Utah","2018-03-28","ElFtGy1kV49xqNP00HfxQA==","POM","1",,,100,"nitrogen",363.05,"microgramsPerLiter","Revesz & Coplen 2012a",,
"cf5bc7db-d687-4da4-9d82-1ab85f79c8aa","D03","BARC","BARC.AOS.outlet","2017-10-10","BARC.OT.20171010.POM.1",,"condition ok","SIRFER Lab at University of Utah","2018-03-28","ElFtGy1kV49xqNP00HfxQA==","POM","1",,,100,"d15N",6.00,"perMill","Revesz & Coplen 2012a",,
"b57f729c-bc23-4654-9ed5-3fcdb0052cf9","D03","BARC","BARC.AOS.outlet","2017-10-10","BARC.OT.20171010.POM.1",,"condition ok","SIRFER Lab at University of Utah","2018-03-28","ElFtGy1kV49xqNP00HfxQA==","POM","1",,,100,"carbon",344.92,"microgramsPerLiter","Revesz & Coplen 2012a",,
