uid,domainID,siteID,namedLocation,collectDate,sampleID,sampleCode,sampleCondition,laboratoryName,analysisDate,analyzedBy,sampleType,replicate,sampleVolumeFiltered,filterSize,percentFilterAnalyzed,analyte,analyteConcentration,plantAlgaeLabUnits,method,externalRemarks,externalLabDataQF
"cf06d0ab-6ca3-404d-8143-3c98a17b48ab","D19","CARI","CARI.AOS.S2","2016-09-08","CARI.SS.20160908.POM.2",,"condition ok","Academy of Natural Sciences of Drexel University","2017-05-23","OKgcKejxXbI=","13C15N","2",,,100,"d13C",-27.83,"perMill",,,
"26255b59-30b1-42fc-9c68-7a1de6c99d4e","D19","CARI","CARI.AOS.S2","2016-09-08","CARI.SS.20160908.POM.2",,"other","Academy of Natural Sciences of Drexel University","2017-05-23","OKgcKejxXbI=","13C15N","2",,,100,"d15N",,"perMill",,"analysis corrupted during analysis, not enough sample for analysis",
"d64d267f-6187-4db7-b840-427364757999","D19","CARI","CARI.AOS.S2","2016-09-08","CARI.SS.20160908.POM.1",,"condition ok","Academy of Natural Sciences of Drexel University","2017-04-03","OKgcKejxXbI=","13C15N","1",,,100,"d15N",4.85,"perMill",,,
"9f6dae7c-0b89-4de2-848e-41645c297ba9","D19","CARI","CARI.AOS.S2","2016-09-08","CARI.SS.20160908.POM.1",,"condition ok","Academy of Natural Sciences of Drexel University","2017-04-03","OKgcKejxXbI=","13C15N","1",,,100,"d13C",-28.50,"perMill",,,
"7ec579f7-5890-4644-8b4b-45bebae328fc","D19","CARI","CARI.AOS.S2","2016-09-20","CARI.SS.20160920.POM.1",,"condition ok","Academy of Natural Sciences of Drexel University","2017-04-03","OKgcKejxXbI=","13C15N","1",,,100,"d15N",4.44,"perMill",,,
"746e2c5d-34be-4f3b-890f-44b2924f3d60","D19","CARI","CARI.AOS.S2","2016-09-20","CARI.SS.20160920.POM.2",,"other","Academy of Natural Sciences of Drexel University","2017-05-23","OKgcKejxXbI=","13C15N","2",,,100,"d15N",,"perMill",,"analysis corrupted during analysis, not enough sample for analysis",
"b886a392-81cf-4fce-86eb-6d30e7aa9322","D19","CARI","CARI.AOS.S2","2016-09-20","CARI.SS.20160920.POM.1",,"condition ok","Academy of Natural Sciences of Drexel University","2017-04-03","OKgcKejxXbI=","13C15N","1",,,100,"d13C",-27.11,"perMill",,,
"08c2c16d-b533-435f-bbf3-0a85c3fb610d","D19","CARI","CARI.AOS.S2","2016-09-20","CARI.SS.20160920.POM.2",,"condition ok","Academy of Natural Sciences of Drexel University","2017-05-23","OKgcKejxXbI=","13C15N","2",,,100,"d13C",-28.79,"perMill",,,
