uid,domainID,siteID,namedLocation,collectDate,sampleID,sampleCode,sampleCondition,laboratoryName,analysisDate,analyzedBy,sampleType,replicate,sampleVolumeFiltered,filterSize,percentFilterAnalyzed,analyte,analyteConcentration,plantAlgaeLabUnits,method,externalRemarks,externalLabDataQF
"a3f8285b-c6d6-45aa-950b-91bdbf500418","D18","TOOK","TOOK.AOS.buoy.c0","2016-11-07","TOOK.C0.20161107.POM.2",,"other","Academy of Natural Sciences of Drexel University","2017-06-14","OKgcKejxXbI=","13C15N","2",,,100,"d15N",1.90,"perMill",,"Black, fibrous material on filter, potential contaminent",
"a0b32f71-5e83-40b8-b8ec-a194cc9228e5","D18","TOOK","TOOK.AOS.buoy.c0","2016-11-07","TOOK.C0.20161107.POM.1",,"other","Academy of Natural Sciences of Drexel University","2017-04-12","OKgcKejxXbI=","13C15N","1",,,100,"d15N",3.28,"perMill",,"Half of filter missing",
"57d13ebb-cb32-4c9e-83cc-b2e969ddbf73","D18","TOOK","TOOK.AOS.buoy.c0","2016-11-07","TOOK.C0.20161107.POM.1",,"other","Academy of Natural Sciences of Drexel University","2017-04-12","OKgcKejxXbI=","13C15N","1",,,100,"d13C",-30.64,"perMill",,"Half of filter missing",
"2a48181d-4fbe-4e13-a2f6-81b1e0ff7de0","D18","TOOK","TOOK.AOS.buoy.c0","2016-11-07","TOOK.C0.20161107.POM.2",,"other","Academy of Natural Sciences of Drexel University","2017-06-14","OKgcKejxXbI=","13C15N","2",,,100,"d13C",-32.73,"perMill",,"Black, fibrous material on filter, potential contaminent",
