uid,domainID,siteID,namedLocation,collectDate,sampleID,sampleCode,sampleCondition,laboratoryName,analysisDate,analyzedBy,sampleType,replicate,sampleVolumeFiltered,filterSize,percentFilterAnalyzed,analyte,analyteConcentration,plantAlgaeLabUnits,method,externalRemarks,externalLabDataQF
"80ea8e4a-0b24-46bf-a7a3-3d300ca475b1","D18","TOOK","TOOK.AOS.inlet","2018-10-02","TOOK.IN.20181002.POM.1","A00000064446","condition ok","SIRFER Lab at University of Utah","2019-01-20","ElFtGy1kV49xqNP00HfxQA==","POM","1",750,25,100,"d15N",3.51,"perMill","Revesz & Coplen 2012a",,
"c787f0c0-5e9a-48a5-a56f-a42de8dfe17b","D18","TOOK","TOOK.AOS.inlet","2018-10-02","TOOK.IN.20181002.POM.1","A00000064446","condition ok","SIRFER Lab at University of Utah","2019-01-20","ElFtGy1kV49xqNP00HfxQA==","POM","1",750,25,100,"carbon",426.65,"microgramsPerLiter","Revesz & Coplen 2012a",,
"487844b5-1497-4e2e-87cd-c9fdfe423cf4","D18","TOOK","TOOK.AOS.inlet","2018-10-02","TOOK.IN.20181002.POM.1","A00000064446","condition ok","SIRFER Lab at University of Utah","2019-01-20","ElFtGy1kV49xqNP00HfxQA==","POM","1",750,25,100,"d13C",-32.77,"perMill","Revesz & Coplen 2012a",,
"6f99d399-d0cf-4514-ba96-c8562ff83f6a","D18","TOOK","TOOK.AOS.inlet","2018-10-02","TOOK.IN.20181002.POM.1","A00000064446","condition ok","SIRFER Lab at University of Utah","2019-01-20","ElFtGy1kV49xqNP00HfxQA==","POM","1",750,25,100,"nitrogen",2.02,"microgramsPerLiter","Revesz & Coplen 2012a",,
"18e52c4f-234a-4b6c-9028-7ef59a4527ea","D18","TOOK","TOOK.AOS.outlet","2018-10-02","TOOK.OT.20181002.POM.1","A00000064449","condition ok","SIRFER Lab at University of Utah","2019-01-20","ElFtGy1kV49xqNP00HfxQA==","POM","1",750,25,100,"carbon",252.24,"microgramsPerLiter","Revesz & Coplen 2012a",,
"1ee7dcdd-e031-48a9-b41f-887d223203e7","D18","TOOK","TOOK.AOS.outlet","2018-10-02","TOOK.OT.20181002.POM.1","A00000064449","condition ok","SIRFER Lab at University of Utah","2019-01-20","ElFtGy1kV49xqNP00HfxQA==","POM","1",750,25,100,"nitrogen",31.34,"microgramsPerLiter","Revesz & Coplen 2012a",,
"79b6e233-f0a1-4165-aeb5-ed15df75d9cc","D18","TOOK","TOOK.AOS.outlet","2018-10-02","TOOK.OT.20181002.POM.1","A00000064449","condition ok","SIRFER Lab at University of Utah","2019-01-20","ElFtGy1kV49xqNP00HfxQA==","POM","1",750,25,100,"d13C",-29.46,"perMill","Revesz & Coplen 2012a",,
"ee8276e3-ac34-449d-b051-e5f4f1099d1b","D18","TOOK","TOOK.AOS.outlet","2018-10-02","TOOK.OT.20181002.POM.1","A00000064449","condition ok","SIRFER Lab at University of Utah","2019-01-20","ElFtGy1kV49xqNP00HfxQA==","POM","1",750,25,100,"d15N",2.99,"perMill","Revesz & Coplen 2012a",,
"3eb93305-45a5-4373-893b-4e01c6d65e79","D18","TOOK","TOOK.AOS.buoy.c0","2018-10-02","TOOK.C0.20181002.POM.1","A00000064452","condition ok","SIRFER Lab at University of Utah","2019-01-20","ElFtGy1kV49xqNP00HfxQA==","POM","1",750,25,100,"nitrogen",5.38,"microgramsPerLiter","Revesz & Coplen 2012a",,
"6d80dac0-42e4-45ef-81e0-4ff1902822fc","D18","TOOK","TOOK.AOS.buoy.c0","2018-10-02","TOOK.C0.20181002.POM.1","A00000064452","condition ok","SIRFER Lab at University of Utah","2019-01-20","ElFtGy1kV49xqNP00HfxQA==","POM","1",750,25,100,"d15N",3.64,"perMill","Revesz & Coplen 2012a",,
"d3316bca-1d32-4421-b857-ce9f7134868f","D18","TOOK","TOOK.AOS.buoy.c0","2018-10-02","TOOK.C0.20181002.POM.1","A00000064452","condition ok","SIRFER Lab at University of Utah","2019-01-20","ElFtGy1kV49xqNP00HfxQA==","POM","1",750,25,100,"carbon",48.93,"microgramsPerLiter","Revesz & Coplen 2012a",,
"e2e7905c-a22b-46ba-aea7-d17bd4fa243a","D18","TOOK","TOOK.AOS.buoy.c0","2018-10-02","TOOK.C0.20181002.POM.1","A00000064452","condition ok","SIRFER Lab at University of Utah","2019-01-20","ElFtGy1kV49xqNP00HfxQA==","POM","1",750,25,100,"d13C",-27.00,"perMill","Revesz & Coplen 2012a",,
