uid,domainID,siteID,namedLocation,collectDate,sampleID,sampleCode,sampleCondition,laboratoryName,analysisDate,analyzedBy,sampleType,replicate,sampleVolumeFiltered,filterSize,percentFilterAnalyzed,analyte,analyteConcentration,plantAlgaeLabUnits,method,externalRemarks,externalLabDataQF
"059310f8-598d-43b7-832d-2f69737ffe83","D11","PRIN","PRIN.AOS.S2","2018-07-09","PRIN.SS.20180709.POM.1","A00000021369","condition ok","SIRFER Lab at University of Utah","2018-08-24","ElFtGy1kV49xqNP00HfxQA==","POM","1",250,25,100,"nitrogen",228.96,"microgramsPerLiter","Revesz & Coplen 2012a",,
"fc610a5f-700d-48f2-94f1-a5617dd5ab4d","D11","PRIN","PRIN.AOS.S2","2018-07-09","PRIN.SS.20180709.POM.1","A00000021369","condition ok","SIRFER Lab at University of Utah","2018-08-24","ElFtGy1kV49xqNP00HfxQA==","POM","1",250,25,100,"d15N",8.37,"perMill","Revesz & Coplen 2012a",,
"f489d977-65a4-4796-9aa4-15a6617d66db","D11","PRIN","PRIN.AOS.S2","2018-07-09","PRIN.SS.20180709.POM.1","A00000021369","condition ok","SIRFER Lab at University of Utah","2018-08-24","ElFtGy1kV49xqNP00HfxQA==","POM","1",250,25,100,"carbon",1882.05,"microgramsPerLiter","Revesz & Coplen 2012a",,
"7e42594b-4606-415c-bbd9-23d60f4dfcad","D11","PRIN","PRIN.AOS.S2","2018-07-09","PRIN.SS.20180709.POM.1","A00000021369","condition ok","SIRFER Lab at University of Utah","2018-08-24","ElFtGy1kV49xqNP00HfxQA==","POM","1",250,25,100,"d13C",-26.29,"perMill","Revesz & Coplen 2012a",,
"1c977407-c35a-452d-8c0f-d69272f101ea","D11","PRIN","PRIN.AOS.reach","2018-07-24","PRIN.RE.20180724.POM.1",,"condition ok","SIRFER Lab at University of Utah","2018-08-24","ElFtGy1kV49xqNP00HfxQA==","POM","1",50,25,100,"nitrogen",616.20,"microgramsPerLiter","Revesz & Coplen 2012a",,
"af7eeea3-f3c3-44e5-ba74-f4b2f240ffbf","D11","PRIN","PRIN.AOS.reach","2018-07-24","PRIN.RE.20180724.POM.1",,"condition ok","SIRFER Lab at University of Utah","2018-08-24","ElFtGy1kV49xqNP00HfxQA==","POM","1",50,25,100,"d15N",6.03,"perMill","Revesz & Coplen 2012a",,
"004d686c-2969-4820-a4df-a83de93e2fad","D11","PRIN","PRIN.AOS.reach","2018-07-24","PRIN.RE.20180724.POM.1",,"condition ok","SIRFER Lab at University of Utah","2018-08-24","ElFtGy1kV49xqNP00HfxQA==","POM","1",50,25,100,"carbon",4784.54,"microgramsPerLiter","Revesz & Coplen 2012a",,
"0b389f43-3eac-4402-815e-7b6561396c2a","D11","PRIN","PRIN.AOS.reach","2018-07-24","PRIN.RE.20180724.POM.1",,"condition ok","SIRFER Lab at University of Utah","2018-08-24","ElFtGy1kV49xqNP00HfxQA==","POM","1",50,25,100,"d13C",-27.44,"perMill","Revesz & Coplen 2012a",,
