uid,domainID,siteID,namedLocation,collectDate,sampleID,sampleCode,sampleCondition,laboratoryName,analysisDate,analyzedBy,sampleType,replicate,sampleVolumeFiltered,filterSize,percentFilterAnalyzed,analyte,analyteConcentration,plantAlgaeLabUnits,method,externalRemarks,externalLabDataQF
"afeff9f7-b199-4093-a814-4761a6926b77","D06","KING","KING.AOS.reach","2017-10-03","KING.RE.20171003.POM.1",,"condition ok","SIRFER Lab at University of Utah","2018-02-28","ElFtGy1kV49xqNP00HfxQA==","POM","1",63,25,100,"carbon",4958.21,"percent","Revesz & Coplen 2012a",,
"5947bec0-344d-442d-a79b-77918757af03","D06","KING","KING.AOS.reach","2017-10-03","KING.RE.20171003.POM.1",,"condition ok","SIRFER Lab at University of Utah","2018-02-28","ElFtGy1kV49xqNP00HfxQA==","POM","1",63,25,100,"nitrogen",1089.37,"percent","Revesz & Coplen 2012a",,
"7e69dadd-01c1-44ed-8a8e-9964b72ec9ff","D06","KING","KING.AOS.reach","2017-10-03","KING.RE.20171003.POM.1",,"condition ok","SIRFER Lab at University of Utah","2018-02-28","ElFtGy1kV49xqNP00HfxQA==","POM","1",63,25,100,"d13C",-25.13,"perMill","Revesz & Coplen 2012a",,
"87ac29ad-ae4d-439a-8658-adca7a78c2cd","D06","KING","KING.AOS.reach","2017-10-03","KING.RE.20171003.POM.1",,"condition ok","SIRFER Lab at University of Utah","2018-02-28","ElFtGy1kV49xqNP00HfxQA==","POM","1",63,25,100,"d15N",3.43,"perMill","Revesz & Coplen 2012a",,
