uid,domainID,siteID,namedLocation,collectDate,sampleID,sampleCode,sampleCondition,laboratoryName,analysisDate,analyzedBy,sampleType,replicate,sampleVolumeFiltered,filterSize,percentFilterAnalyzed,analyte,analyteConcentration,plantAlgaeLabUnits,method,externalRemarks,externalLabDataQF
"546e54d4-3c99-496d-a1d6-4a3cf236b3b3","D06","MCDI","MCDI.AOS.S2","2017-07-12","MCDI.SS.20170712.POM.1",,"condition ok","SIRFER Lab at University of Utah","2018-03-07","ElFtGy1kV49xqNP00HfxQA==","POM","1",,,100,"d13C",-22.55,"perMill","Revesz & Coplen 2012a",,
"0b429039-5da2-4300-be59-2efdea68a9c2","D06","MCDI","MCDI.AOS.S2","2017-07-12","MCDI.SS.20170712.POM.1",,"condition ok","SIRFER Lab at University of Utah","2018-03-07","ElFtGy1kV49xqNP00HfxQA==","POM","1",,,100,"carbon",1065.26,"microgramsPerLiter","Revesz & Coplen 2012a",,
"8cbf2fab-f543-4c50-9822-9ea511b308b3","D06","MCDI","MCDI.AOS.S2","2017-07-12","MCDI.SS.20170712.POM.1",,"condition ok","SIRFER Lab at University of Utah","2018-03-07","ElFtGy1kV49xqNP00HfxQA==","POM","1",,,100,"d15N",1.12,"perMill","Revesz & Coplen 2012a",,
"7d401a3e-81ab-4731-bb56-300b46ec903f","D06","MCDI","MCDI.AOS.S2","2017-07-12","MCDI.SS.20170712.POM.1",,"condition ok","SIRFER Lab at University of Utah","2018-03-07","ElFtGy1kV49xqNP00HfxQA==","POM","1",,,100,"nitrogen",142.12,"microgramsPerLiter","Revesz & Coplen 2012a",,
"6b0c394e-8e77-46a1-b9a2-f6353d8f390e","D06","MCDI","MCDI.AOS.S2","2017-07-18","MCDI.SS.20170718.POM.1",,"condition ok","SIRFER Lab at University of Utah","2018-03-07","ElFtGy1kV49xqNP00HfxQA==","POM","1",,,100,"carbon",183.83,"microgramsPerLiter","Revesz & Coplen 2012a",,
"b879d82d-52a5-4d05-a850-e3a8db8d3f00","D06","MCDI","MCDI.AOS.S2","2017-07-18","MCDI.SS.20170718.POM.1",,"condition ok","SIRFER Lab at University of Utah","2018-03-07","ElFtGy1kV49xqNP00HfxQA==","POM","1",,,100,"d13C",-21.56,"perMill","Revesz & Coplen 2012a",,
"83121b63-bd09-4484-a079-e23972d0aaee","D06","MCDI","MCDI.AOS.S2","2017-07-18","MCDI.SS.20170718.POM.1",,"condition ok","SIRFER Lab at University of Utah","2018-03-07","ElFtGy1kV49xqNP00HfxQA==","POM","1",,,100,"d15N",4.84,"perMill","Revesz & Coplen 2012a",,
"24bb2202-b4e3-43e8-a56f-4475f3f539b3","D06","MCDI","MCDI.AOS.S2","2017-07-18","MCDI.SS.20170718.POM.1",,"condition ok","SIRFER Lab at University of Utah","2018-03-07","ElFtGy1kV49xqNP00HfxQA==","POM","1",,,100,"nitrogen",23.05,"microgramsPerLiter","Revesz & Coplen 2012a",,
