uid,domainID,siteID,namedLocation,collectDate,sampleID,sampleCode,sampleCondition,laboratoryName,analysisDate,analyzedBy,sampleType,replicate,sampleVolumeFiltered,filterSize,percentFilterAnalyzed,analyte,analyteConcentration,plantAlgaeLabUnits,method,externalRemarks,externalLabDataQF
"e31ace16-fd0a-49fa-a5f3-136482f5f133","D18","TOOK","TOOK.AOS.buoy.c0","2018-09-04","TOOK.C0.20180904.POM.1","A00000064212","condition ok","SIRFER Lab at University of Utah","2018-11-07","ElFtGy1kV49xqNP00HfxQA==","POM","1",250,25,100,"d13C",-27.69,"perMill","Revesz & Coplen 2012a",,
"7affe7b4-71e0-4e2e-8096-cc8b390cae40","D18","TOOK","TOOK.AOS.buoy.c0","2018-09-04","TOOK.C0.20180904.POM.1","A00000064212","condition ok","SIRFER Lab at University of Utah","2018-11-07","ElFtGy1kV49xqNP00HfxQA==","POM","1",250,25,100,"d15N",4.00,"perMill","Revesz & Coplen 2012a",,
"2431d2d6-ab21-45ce-bbcf-b8784ee4d6b4","D18","TOOK","TOOK.AOS.buoy.c0","2018-09-04","TOOK.C0.20180904.POM.1","A00000064212","condition ok","SIRFER Lab at University of Utah","2018-11-07","ElFtGy1kV49xqNP00HfxQA==","POM","1",250,25,100,"carbon",308.58,"microgramsPerLiter","Revesz & Coplen 2012a",,
"719899f5-a616-45f6-a3e4-c5651b45bee9","D18","TOOK","TOOK.AOS.buoy.c0","2018-09-04","TOOK.C0.20180904.POM.1","A00000064212","condition ok","SIRFER Lab at University of Utah","2018-11-07","ElFtGy1kV49xqNP00HfxQA==","POM","1",250,25,100,"nitrogen",31.19,"microgramsPerLiter","Revesz & Coplen 2012a",,
"92fd2e7e-ee12-421c-a875-3a543beaabfa","D18","TOOK","TOOK.AOS.outlet","2018-09-04","TOOK.OT.20180904.POM.1","A00000064205","condition ok","SIRFER Lab at University of Utah","2018-11-07","ElFtGy1kV49xqNP00HfxQA==","POM","1",250,25,100,"d15N",0.64,"perMill","Revesz & Coplen 2012a",,
"55275b39-98c7-40dc-8d54-9e80a2fcdd6a","D18","TOOK","TOOK.AOS.outlet","2018-09-04","TOOK.OT.20180904.POM.1","A00000064205","condition ok","SIRFER Lab at University of Utah","2018-11-07","ElFtGy1kV49xqNP00HfxQA==","POM","1",250,25,100,"nitrogen",26.36,"microgramsPerLiter","Revesz & Coplen 2012a",,
"7875fdf2-6ae7-4786-8828-bb5e78a79c8c","D18","TOOK","TOOK.AOS.outlet","2018-09-04","TOOK.OT.20180904.POM.1","A00000064205","condition ok","SIRFER Lab at University of Utah","2018-11-07","ElFtGy1kV49xqNP00HfxQA==","POM","1",250,25,100,"d13C",-27.79,"perMill","Revesz & Coplen 2012a",,
"984560ed-eff0-4ee7-824f-23a6ffca41fb","D18","TOOK","TOOK.AOS.outlet","2018-09-04","TOOK.OT.20180904.POM.1","A00000064205","condition ok","SIRFER Lab at University of Utah","2018-11-07","ElFtGy1kV49xqNP00HfxQA==","POM","1",250,25,100,"carbon",270.73,"microgramsPerLiter","Revesz & Coplen 2012a",,
"48b409f6-09b4-4149-94a5-23f756fe564d","D18","TOOK","TOOK.AOS.inlet","2018-09-04","TOOK.IN.20180904.POM.1","A00000064209","condition ok","SIRFER Lab at University of Utah","2018-11-07","ElFtGy1kV49xqNP00HfxQA==","POM","1",250,25,100,"d13C",-26.92,"perMill","Revesz & Coplen 2012a",,
"88216db0-e5ff-490b-846a-7f6570861c43","D18","TOOK","TOOK.AOS.inlet","2018-09-04","TOOK.IN.20180904.POM.1","A00000064209","condition ok","SIRFER Lab at University of Utah","2018-11-07","ElFtGy1kV49xqNP00HfxQA==","POM","1",250,25,100,"d15N",4.88,"perMill","Revesz & Coplen 2012a",,
"94f8dd43-297d-4062-a987-20dbc1604548","D18","TOOK","TOOK.AOS.inlet","2018-09-04","TOOK.IN.20180904.POM.1","A00000064209","condition ok","SIRFER Lab at University of Utah","2018-11-07","ElFtGy1kV49xqNP00HfxQA==","POM","1",250,25,100,"nitrogen",45.56,"microgramsPerLiter","Revesz & Coplen 2012a",,
"5832d622-dde7-4d0e-91c2-bad858360881","D18","TOOK","TOOK.AOS.inlet","2018-09-04","TOOK.IN.20180904.POM.1","A00000064209","condition ok","SIRFER Lab at University of Utah","2018-11-07","ElFtGy1kV49xqNP00HfxQA==","POM","1",250,25,100,"carbon",550.92,"microgramsPerLiter","Revesz & Coplen 2012a",,
