uid,domainID,siteID,namedLocation,collectDate,sampleID,sampleCode,sampleCondition,laboratoryName,analysisDate,analyzedBy,sampleType,replicate,sampleVolumeFiltered,filterSize,percentFilterAnalyzed,analyte,analyteConcentration,plantAlgaeLabUnits,method,externalRemarks,externalLabDataQF
"b3656df8-afae-429c-aa5b-5f289750bc8c","D09","PRPO","PRPO.AOS.buoy.c0","2019-05-07","PRPO.C0.20190507.POM.1","A00000084932","condition ok","SIRFER Lab at University of Utah","2019-08-06","ElFtGy1kV49xqNP00HfxQA==","POM","1",50,25,100,"d13C",-31.40,"perMill","Revesz & Coplen 2012a",,
"ea011b6c-e8f3-44ef-835d-e37a74df3cd0","D09","PRPO","PRPO.AOS.buoy.c0","2019-05-07","PRPO.C0.20190507.POM.1","A00000084932","condition ok","SIRFER Lab at University of Utah","2019-08-06","ElFtGy1kV49xqNP00HfxQA==","POM","1",50,25,100,"d15N",7.90,"perMill","Revesz & Coplen 2012a",,
"a6b13187-bb7e-4993-a278-8acc9e4f27cd","D09","PRPO","PRPO.AOS.buoy.c0","2019-05-07","PRPO.C0.20190507.POM.1","A00000084932","condition ok","SIRFER Lab at University of Utah","2019-08-06","ElFtGy1kV49xqNP00HfxQA==","POM","1",50,25,100,"carbon",6119.54,"microgramsPerLiter","Revesz & Coplen 2012a",,
"c8c704f2-21e7-4291-9dea-fd474949a75c","D09","PRPO","PRPO.AOS.buoy.c0","2019-05-07","PRPO.C0.20190507.POM.1","A00000084932","condition ok","SIRFER Lab at University of Utah","2019-08-06","ElFtGy1kV49xqNP00HfxQA==","POM","1",50,25,100,"nitrogen",694.09,"microgramsPerLiter","Revesz & Coplen 2012a",,
