uid,domainID,siteID,namedLocation,collectDate,sampleID,sampleCode,sampleCondition,laboratoryName,analysisDate,analyzedBy,sampleType,replicate,sampleVolumeFiltered,filterSize,percentFilterAnalyzed,analyte,analyteConcentration,plantAlgaeLabUnits,method,externalRemarks,externalLabDataQF
"9d28733b-eada-4bce-bdd8-686df73eefb3","D18","TOOK","TOOK.AOS.buoy.c0","2017-09-06","TOOK.C0.20170905.POM.1",,"condition ok","SIRFER Lab at University of Utah","2018-03-28","ElFtGy1kV49xqNP00HfxQA==","POM","1",650,25,100,"carbon",108.16,"microgramsPerLiter","Revesz & Coplen 2012a",,
"988b7e7c-4aa6-45d5-8d36-c5e16a9849e0","D18","TOOK","TOOK.AOS.buoy.c0","2017-09-06","TOOK.C0.20170905.POM.1",,"condition ok","SIRFER Lab at University of Utah","2018-03-28","ElFtGy1kV49xqNP00HfxQA==","POM","1",650,25,100,"nitrogen",22.71,"microgramsPerLiter","Revesz & Coplen 2012a",,
"bd3625e2-e66c-4f94-bc16-975d37e40f95","D18","TOOK","TOOK.AOS.buoy.c0","2017-09-06","TOOK.C0.20170905.POM.1",,"condition ok","SIRFER Lab at University of Utah","2018-03-28","ElFtGy1kV49xqNP00HfxQA==","POM","1",650,25,100,"d15N",3.58,"perMill","Revesz & Coplen 2012a",,
"534c8181-bd45-4513-9974-02a9bf936d39","D18","TOOK","TOOK.AOS.buoy.c0","2017-09-06","TOOK.C0.20170905.POM.1",,"condition ok","SIRFER Lab at University of Utah","2018-03-28","ElFtGy1kV49xqNP00HfxQA==","POM","1",650,25,100,"d13C",-32.89,"perMill","Revesz & Coplen 2012a",,
"fa008ffc-8acc-4ecc-8712-c3927e42709e","D18","TOOK","TOOK.AOS.outlet","2017-09-06","TOOK.OT.20170905.POM.1",,"condition ok","SIRFER Lab at University of Utah","2018-03-28","ElFtGy1kV49xqNP00HfxQA==","POM","1",650,25,100,"d13C",-33.62,"perMill","Revesz & Coplen 2012a",,
"9f64b104-fdb8-4c5f-b3ac-d80a63fb1b1d","D18","TOOK","TOOK.AOS.outlet","2017-09-06","TOOK.OT.20170905.POM.1",,"condition ok","SIRFER Lab at University of Utah","2018-03-28","ElFtGy1kV49xqNP00HfxQA==","POM","1",650,25,100,"carbon",320.20,"microgramsPerLiter","Revesz & Coplen 2012a",,
"1d5fad23-4991-45ce-be67-ce5edd27f353","D18","TOOK","TOOK.AOS.outlet","2017-09-06","TOOK.OT.20170905.POM.1",,"condition ok","SIRFER Lab at University of Utah","2018-03-28","ElFtGy1kV49xqNP00HfxQA==","POM","1",650,25,100,"d15N",4.52,"perMill","Revesz & Coplen 2012a",,
"b5da1c91-dfb9-47c7-958a-738de9d8a6c1","D18","TOOK","TOOK.AOS.outlet","2017-09-06","TOOK.OT.20170905.POM.1",,"condition ok","SIRFER Lab at University of Utah","2018-03-28","ElFtGy1kV49xqNP00HfxQA==","POM","1",650,25,100,"nitrogen",44.45,"microgramsPerLiter","Revesz & Coplen 2012a",,
"e64d53bb-67cc-42f9-adf6-e1521670f5cf","D18","TOOK","TOOK.AOS.inlet","2017-09-06","TOOK.IN.20170905.POM.1",,"condition ok","SIRFER Lab at University of Utah","2018-03-28","ElFtGy1kV49xqNP00HfxQA==","POM","1",650,25,100,"carbon",182.94,"microgramsPerLiter","Revesz & Coplen 2012a",,
"a1854d2a-6d64-43c9-bc42-71102a54c5e1","D18","TOOK","TOOK.AOS.inlet","2017-09-06","TOOK.IN.20170905.POM.1",,"condition ok","SIRFER Lab at University of Utah","2018-03-28","ElFtGy1kV49xqNP00HfxQA==","POM","1",650,25,100,"d13C",-30.82,"perMill","Revesz & Coplen 2012a",,
"fdc54b2a-f084-42f0-9742-07041e256ffe","D18","TOOK","TOOK.AOS.inlet","2017-09-06","TOOK.IN.20170905.POM.1",,"condition ok","SIRFER Lab at University of Utah","2018-03-28","ElFtGy1kV49xqNP00HfxQA==","POM","1",650,25,100,"nitrogen",21.81,"microgramsPerLiter","Revesz & Coplen 2012a",,
"c147dd0f-a6ae-4318-a8f4-7eb59d1f57d4","D18","TOOK","TOOK.AOS.inlet","2017-09-06","TOOK.IN.20170905.POM.1",,"condition ok","SIRFER Lab at University of Utah","2018-03-28","ElFtGy1kV49xqNP00HfxQA==","POM","1",650,25,100,"d15N",7.93,"perMill","Revesz & Coplen 2012a",,
