uid,domainID,siteID,namedLocation,collectDate,parentSampleID,parentSampleCode,isotopeH2OSampleCond,isotopeH2OSampleID,isotopeH2OSampleCode,isotopePOMRep2SampleCond,isotopePOMRep2SampleID,isotopePOMRep2SampleCode,isotopePOMSampleCond,isotopePOMSampleID,isotopePOMSampleCode,processedDateFilters,processedDateH2OIsotopes,sampleVolumeFilteredPOMRep1,sampleVolumeFilteredPOMRep2,fieldDataQF
"3299b7a2-2ca1-4720-b2f5-df5f9a2f289a","D06","KING","KING.AOS.S2","2016-05-02T13:55Z","KING.SS.20160502",,,"KING.SS.20160502.H2O.1",,,"KING.SS.20160502.POM.2",,,"KING.SS.20160502.POM.1",,"2016-05-02T15:45Z","2016-05-02T15:45Z",600,600,
"36e5977f-49c2-42e9-b921-debb40581793","D06","KING","KING.AOS.S2","2016-05-10T14:53Z","KING.SS.20160510",,,"KING.SS.20160510.H2O.1",,,"KING.SS.20160510.POM.2",,,"KING.SS.20160510.POM.1",,"2016-05-10T17:45Z","2016-05-10T17:45Z",900,900,
"3cced055-e2b1-4e76-a230-2b04f29348b0","D06","KING","KING.AOS.S2","2016-05-17T14:52Z","KING.SS.20160517",,,"KING.SS.20160517.H2O.1",,,"KING.SS.20160517.POM.2",,,"KING.SS.20160517.POM.1",,"2016-05-17T15:45Z","2016-05-17T16:20Z",800,800,
"830d8b00-e955-4e50-b364-585aa806fd68","D06","KING","KING.AOS.S2","2016-05-24T15:16Z","KING.SS.20160524",,,"KING.SS.20160524.H2O.1",,,"KING.SS.20160524.POM.2",,,"KING.SS.20160524.POM.1",,"2016-05-24T17:32Z","2016-05-24T17:32Z",600,600,
"06731166-6a85-4657-aeb3-5e555c32aede","D06","KING","KING.AOS.S2","2016-05-31T15:22Z","KING.SS.20160531",,,"KING.SS.20160531.H2O.1",,,"KING.SS.20160531.POM.2",,,"KING.SS.20160531.POM.1",,"2016-05-31T17:20Z","2016-05-31T17:20Z",1000,1000,
