uid,domainID,siteID,namedLocation,collectDate,analysisDate,isotopeH2OSampleID,isotopeH2OSampleCode,instrumentSN,d18OWater,d2HWater,d18OsdWater,d2HsdWater,isotopeH2OExternalLabQF,laboratoryName,analyzedBy,sampleCondition,externalRemarks,externalLabDataQF
"0cebef16-f7b3-43ce-bb87-38a8dd5fb889","D06","KING","KING.AOS.S2","2016-05-02","2016-09-09","KING.SS.20160502.H2O.1",,"HIDS2046",-6.36,-40.60,0.03,0.25,0,"SIRFER Lab at University of Utah","OlSmE6RRn5QQH8tvUHmK5i/poYiQr6sd","OK",,
"891c72e7-4c6f-4b23-9a2c-3104435ba626","D06","KING","KING.AOS.S2","2016-05-10","2016-09-09","KING.SS.20160510.H2O.1",,"HIDS2046",-5.94,-39.26,0.01,0.11,0,"SIRFER Lab at University of Utah","OlSmE6RRn5QQH8tvUHmK5i/poYiQr6sd","OK",,
"5c724a22-a7cf-4458-a7f3-ac5664b36aac","D06","KING","KING.AOS.S2","2016-05-17","2016-09-09","KING.SS.20160517.H2O.1",,"HIDS2046",-6.20,-39.13,0.05,0.20,0,"SIRFER Lab at University of Utah","OlSmE6RRn5QQH8tvUHmK5i/poYiQr6sd","OK",,
"4f5445bf-99a7-4a2d-8056-164a2469d82f","D06","KING","KING.AOS.S2","2016-05-24","2016-09-09","KING.SS.20160524.H2O.1",,"HIDS2046",-6.17,-39.51,0.03,0.13,0,"SIRFER Lab at University of Utah","OlSmE6RRn5QQH8tvUHmK5i/poYiQr6sd","OK",,
"e50cb91c-f8d9-4e54-a0fc-6fc1b163e3ac","D06","KING","KING.AOS.S2","2016-05-31","2016-09-09","KING.SS.20160531.H2O.1",,"HIDS2046",-6.17,-39.18,0.01,0.18,0,"SIRFER Lab at University of Utah","OlSmE6RRn5QQH8tvUHmK5i/poYiQr6sd","OK",,
