uid,domainID,siteID,namedLocation,decimalLatitude,decimalLongitude,coordinateUncertainty,additionalCoordUncertainty,elevation,elevationUncertainty,geodeticDatum,altLocation,altLatitude,altLongitude,altCoordinateUncertainty,altGeodeticDatum,collectDate,aquaticSiteType,samplingImpractical,parentSampleID,parentSampleCode,eventID,samplerType,dissolvedOxygen,dissolvedOxygenSaturation,specificConductance,waterTemp,asiSamplingProtocolVersion,lowerSegmentDepth,upperSegmentDepth,maxDepth,lakeSampleDepth1,lakeSampleDepth2,aCollectedBy,bCollectedBy,remarks,fieldDataQF
"7536639b-e0a3-4a5e-8f3c-48ff3282fdfe","D06","KING","KING.AOS.S2",39.105069,-96.603387,0.1,10.0,324.9,0.1,"WGS84",,,,,,"2016-05-02T13:55Z","stream",,"KING.SS.20160502",,"KING.20160502","Grab",8.39,79.70,547.00,11.60,"NEON.DOC.001886vD",,,,,,"zbuck@neoninc.org","bdowner@neoninc.org","no microbes collected| high flow sample contingency waiting period misunderstanding. Will collect AMC on next scheduled bout|high flow; post flood event one week prior|high flow; post flood one week prior|high flow; post flood one week prior",
"54563de1-cc92-4d5c-aebc-c7f988805b2e","D06","KING","KING.AOS.S2",39.105069,-96.603387,0.1,10.0,324.9,0.1,"WGS84",,,,,,"2016-05-10T14:53Z","stream",,"KING.SS.20160510",,"KING.20160510","Grab",7.09,80.10,559.00,14.30,"NEON.DOC.001886vB",,,,,,"bdowner@neoninc.org","fbouchard@neoninc.org","no PCN collected due to no lab contract",
"71afde48-7470-49ea-8678-4b5b47dbbef6","D06","KING","KING.AOS.S2",39.105069,-96.603387,0.1,10.0,324.9,0.1,"WGS84",,,,,,"2016-05-17T14:52Z","stream",,"KING.SS.20160517",,"KING.20160517","Grab",7.74,75.00,435.90,12.50,"NEON.DOC.001886vD",,,,,,"fbouchard@neoninc.org","zlafaver@field-ops.org","No TCPN due to no lab contract",
"f829cef8-7a52-4296-bbd8-d1991b8878d7","D06","KING","KING.AOS.S2",39.105069,-96.603387,0.1,10.0,324.9,0.1,"WGS84",,,,,,"2016-05-24T15:16Z","stream",,"KING.SS.20160524",,"KING.20160524","Grab",7.75,80.00,516.00,15.10,"NEON.DOC.001886vA",,,,,,"zbuck@neoninc.org","bdowner@neoninc.org","No TPCN due to no lab contract",
"4bbbc602-8d26-4b89-b632-73a8a2728e64","D06","KING","KING.AOS.S2",39.105069,-96.603387,0.1,10.0,324.9,0.1,"WGS84",,,,,,"2016-05-31T15:22Z","stream",,"KING.SS.20160531",,"KING.20160531","Grab",7.91,83.00,496.00,16.00,"NEON.DOC.001886vE",,,,,,"zbuck@neoninc.org","mhartmann@field-ops.org","Flooding last Friday 20160527. No TCPN due to no lab contract",
