uid,domainID,siteID,namedLocation,collectDate,sampleID,sampleCode,sampleCondition,laboratoryName,analysisDate,analyzedBy,sampleType,replicate,sampleVolumeFiltered,filterSize,percentFilterAnalyzed,analyte,analyteConcentration,plantAlgaeLabUnits,method,externalRemarks,externalLabDataQF
"f5431422-8cdb-4df2-82c3-37da82a36224","D06","KING","KING.AOS.S2","2016-05-02","KING.SS.20160502.POM.1",,"other","Academy of Natural Sciences of Drexel University","2016-08-29","OKgcKejxXbI=","13C15N","1",,,100,"d13C",-20.70,"perMill",,"poor folding, sample loss",
"f20be5b1-866c-4f35-b7c9-90d27bb9ddf6","D06","KING","KING.AOS.S2","2016-05-02","KING.SS.20160502.POM.2",,"other","Academy of Natural Sciences of Drexel University","2016-08-29","OKgcKejxXbI=","13C15N","2",,,100,"d15N",3.14,"perMill",,"poor folding, sample loss",
"2d9b541d-d4c9-40d0-accb-1a94947d7ff1","D06","KING","KING.AOS.S2","2016-05-02","KING.SS.20160502.POM.2",,"other","Academy of Natural Sciences of Drexel University","2016-08-29","OKgcKejxXbI=","13C15N","2",,,100,"d13C",-19.17,"perMill",,"poor folding, sample loss",
"1bbef5d3-7165-447b-93ea-c442752d1a68","D06","KING","KING.AOS.S2","2016-05-02","KING.SS.20160502.POM.1",,"other","Academy of Natural Sciences of Drexel University","2016-08-29","OKgcKejxXbI=","13C15N","1",,,100,"d15N",5.42,"perMill",,"poor folding, sample loss",
"658f0de8-b45a-48cc-9ac1-0065840736f5","D06","KING","KING.AOS.S2","2016-05-10","KING.SS.20160510.POM.2",,"other","Academy of Natural Sciences of Drexel University","2016-08-29","OKgcKejxXbI=","13C15N","2",,,100,"d15N",2.99,"perMill",,"poor folding, sample loss",
"5526e961-21f4-4cfe-8548-55b44ecf2e6d","D06","KING","KING.AOS.S2","2016-05-10","KING.SS.20160510.POM.1",,"other","Academy of Natural Sciences of Drexel University","2016-08-29","OKgcKejxXbI=","13C15N","1",,,100,"d15N",3.46,"perMill",,"poor folding, sample loss",
"cc51ac33-c04d-476e-baab-81742099bfa4","D06","KING","KING.AOS.S2","2016-05-10","KING.SS.20160510.POM.1",,"other","Academy of Natural Sciences of Drexel University","2016-08-29","OKgcKejxXbI=","13C15N","1",,,100,"d13C",-24.96,"perMill",,"poor folding, sample loss",
"772bfbef-9925-40d8-be87-66c7ac0dc8d2","D06","KING","KING.AOS.S2","2016-05-10","KING.SS.20160510.POM.2",,"other","Academy of Natural Sciences of Drexel University","2016-08-29","OKgcKejxXbI=","13C15N","2",,,100,"d13C",-25.23,"perMill",,"poor folding, sample loss",
"26377a93-19d9-4c7f-a70a-faac2f890840","D06","KING","KING.AOS.S2","2016-05-17","KING.SS.20160517.POM.2",,"other","Academy of Natural Sciences of Drexel University","2016-08-29","OKgcKejxXbI=","13C15N","2",,,100,"d13C",-19.21,"perMill",,"poor folding, sample loss",
"c9caefc8-80b7-4ed3-8568-e71ec248282f","D06","KING","KING.AOS.S2","2016-05-17","KING.SS.20160517.POM.2",,"other","Academy of Natural Sciences of Drexel University","2016-08-29","OKgcKejxXbI=","13C15N","2",,,100,"d15N",4.30,"perMill",,"poor folding, sample loss",
"3e72e798-5b32-48fd-b16d-836b16f32b73","D06","KING","KING.AOS.S2","2016-05-17","KING.SS.20160517.POM.1",,"other","Academy of Natural Sciences of Drexel University","2016-08-29","OKgcKejxXbI=","13C15N","1",,,100,"d13C",-24.27,"perMill",,"poor folding, sample loss",
"5af0cf89-dc73-40e2-bcdb-1e55bd9d8ad4","D06","KING","KING.AOS.S2","2016-05-17","KING.SS.20160517.POM.1",,"other","Academy of Natural Sciences of Drexel University","2016-08-29","OKgcKejxXbI=","13C15N","1",,,100,"d15N",1.67,"perMill",,"poor folding, sample loss",
"9cbf1317-377b-48ad-a0d4-fbd4a4e2aaba","D06","KING","KING.AOS.S2","2016-05-24","KING.SS.20160524.POM.2",,"condition ok","Academy of Natural Sciences of Drexel University","2017-02-13","OKgcKejxXbI=","13C15N","2",,,100,"d15N",3.48,"perMill",,,
"0603a6c5-5dd9-4f6c-be1a-7890311c65e8","D06","KING","KING.AOS.S2","2016-05-24","KING.SS.20160524.POM.1",,"condition ok","Academy of Natural Sciences of Drexel University","2017-01-24","OKgcKejxXbI=","13C15N","1",,,100,"d15N",3.63,"perMill",,,
"c0efdd69-46c8-4843-b377-0bc2a276f2e3","D06","KING","KING.AOS.S2","2016-05-24","KING.SS.20160524.POM.2",,"condition ok","Academy of Natural Sciences of Drexel University","2017-02-13","OKgcKejxXbI=","13C15N","2",,,100,"d13C",-23.33,"perMill",,,
"a6464fb5-bb92-4702-9b0f-2fcbbf84163b","D06","KING","KING.AOS.S2","2016-05-24","KING.SS.20160524.POM.1",,"condition ok","Academy of Natural Sciences of Drexel University","2017-01-24","OKgcKejxXbI=","13C15N","1",,,100,"d13C",-22.85,"perMill",,,
"deef10b4-33b0-456b-ba8b-89bb76322a11","D06","KING","KING.AOS.S2","2016-05-31","KING.SS.20160531.POM.1",,"condition ok","Academy of Natural Sciences of Drexel University","2017-01-24","OKgcKejxXbI=","13C15N","1",,,100,"d15N",5.40,"perMill",,,
"439c39a4-8b83-4733-84ff-23a7305dcb7e","D06","KING","KING.AOS.S2","2016-05-31","KING.SS.20160531.POM.2",,"condition ok","Academy of Natural Sciences of Drexel University","2017-02-13","OKgcKejxXbI=","13C15N","2",,,100,"d15N",2.68,"perMill",,,
"7506c74c-3fc7-4e24-92f7-84ff7bb8c7f2","D06","KING","KING.AOS.S2","2016-05-31","KING.SS.20160531.POM.1",,"condition ok","Academy of Natural Sciences of Drexel University","2017-01-24","OKgcKejxXbI=","13C15N","1",,,100,"d13C",-18.74,"perMill",,,
"da0414c8-4f19-4963-87ab-c9d1aeb168d3","D06","KING","KING.AOS.S2","2016-05-31","KING.SS.20160531.POM.2",,"condition ok","Academy of Natural Sciences of Drexel University","2017-02-13","OKgcKejxXbI=","13C15N","2",,,100,"d13C",-18.06,"perMill",,,
