uid,domainID,siteID,namedLocation,collectDate,sampleID,sampleCode,sampleCondition,laboratoryName,analysisDate,analyzedBy,sampleType,replicate,sampleVolumeFiltered,filterSize,percentFilterAnalyzed,analyte,analyteConcentration,plantAlgaeLabUnits,method,externalRemarks,externalLabDataQF
"6ca05a9f-4ce1-43b3-abb1-c0ad76cb8a0f","D05","LIRO","LIRO.AOS.inlet","2017-08-28","LIRO.IN.20170828.POM.2",,"condition ok","SIRFER Lab at University of Utah","2018-03-29","ElFtGy1kV49xqNP00HfxQA==","POM","1",300,25,100,"carbon",550.76,"microgramsPerLiter","Revesz & Coplen 2012a",,
"38462900-55b5-495b-a899-2e6f4562dc26","D05","LIRO","LIRO.AOS.inlet","2017-08-28","LIRO.IN.20170828.POM.2",,"condition ok","SIRFER Lab at University of Utah","2018-03-29","ElFtGy1kV49xqNP00HfxQA==","POM","1",300,25,100,"nitrogen",60.57,"microgramsPerLiter","Revesz & Coplen 2012a",,
"70e4dfa6-54ac-448a-a06e-cccfce8b8cfa","D05","LIRO","LIRO.AOS.inlet","2017-08-28","LIRO.IN.20170828.POM.2",,"condition ok","SIRFER Lab at University of Utah","2018-03-29","ElFtGy1kV49xqNP00HfxQA==","POM","1",300,25,100,"d15N",3.44,"perMill","Revesz & Coplen 2012a",,
"a891de0e-9e3b-4041-a398-e18198020fd5","D05","LIRO","LIRO.AOS.inlet","2017-08-28","LIRO.IN.20170828.POM.2",,"condition ok","SIRFER Lab at University of Utah","2018-03-29","ElFtGy1kV49xqNP00HfxQA==","POM","1",300,25,100,"d13C",-30.42,"perMill","Revesz & Coplen 2012a",,
"0d4a806d-77f0-4241-aa5b-dddfa1852762","D05","LIRO","LIRO.AOS.buoy.c1","2017-08-28","LIRO.C1.20170828.POM.2",,"condition ok","SIRFER Lab at University of Utah","2018-03-28","ElFtGy1kV49xqNP00HfxQA==","POM","1",200,25,100,"d15N",7.90,"perMill","Revesz & Coplen 2012a",,
"cb550878-74b1-4cc3-a2fd-be03c5a4bc33","D05","LIRO","LIRO.AOS.buoy.c1","2017-08-28","LIRO.C1.20170828.POM.2",,"condition ok","SIRFER Lab at University of Utah","2018-03-28","ElFtGy1kV49xqNP00HfxQA==","POM","1",200,25,100,"d13C",-30.58,"perMill","Revesz & Coplen 2012a",,
"b61f1ff3-d5ab-4f9b-982d-4e3dd0750979","D05","LIRO","LIRO.AOS.buoy.c1","2017-08-28","LIRO.C1.20170828.POM.2",,"condition ok","SIRFER Lab at University of Utah","2018-03-28","ElFtGy1kV49xqNP00HfxQA==","POM","1",200,25,100,"nitrogen",92.98,"microgramsPerLiter","Revesz & Coplen 2012a",,
"0d4e6f6c-e7f7-481c-9c6c-530365846097","D05","LIRO","LIRO.AOS.buoy.c1","2017-08-28","LIRO.C1.20170828.POM.2",,"condition ok","SIRFER Lab at University of Utah","2018-03-28","ElFtGy1kV49xqNP00HfxQA==","POM","1",200,25,100,"carbon",894.78,"microgramsPerLiter","Revesz & Coplen 2012a",,
"5e19f7c8-3a6c-4aa3-9b7c-5bc83db2fc66","D05","LIRO","LIRO.AOS.outlet","2017-08-28","LIRO.OT.20170828.POM.2",,"condition ok","SIRFER Lab at University of Utah","2018-03-29","ElFtGy1kV49xqNP00HfxQA==","POM","1",300,25,100,"d13C",-31.84,"perMill","Revesz & Coplen 2012a",,
"f6fd1b87-6d35-47d0-882c-b4fc444adfd9","D05","LIRO","LIRO.AOS.outlet","2017-08-28","LIRO.OT.20170828.POM.2",,"condition ok","SIRFER Lab at University of Utah","2018-03-29","ElFtGy1kV49xqNP00HfxQA==","POM","1",300,25,100,"carbon",467.82,"microgramsPerLiter","Revesz & Coplen 2012a",,
"f9b46347-97d2-4aa9-bc36-510801c1a982","D05","LIRO","LIRO.AOS.outlet","2017-08-28","LIRO.OT.20170828.POM.2",,"condition ok","SIRFER Lab at University of Utah","2018-03-29","ElFtGy1kV49xqNP00HfxQA==","POM","1",300,25,100,"nitrogen",55.18,"microgramsPerLiter","Revesz & Coplen 2012a",,
"4d260eee-d7fd-47f3-8419-4417a9cc0fd0","D05","LIRO","LIRO.AOS.outlet","2017-08-28","LIRO.OT.20170828.POM.2",,"condition ok","SIRFER Lab at University of Utah","2018-03-29","ElFtGy1kV49xqNP00HfxQA==","POM","1",300,25,100,"d15N",1.49,"perMill","Revesz & Coplen 2012a",,
