uid,domainID,siteID,namedLocation,collectDate,sampleID,sampleCode,sampleCondition,laboratoryName,analysisDate,analyzedBy,sampleType,replicate,sampleVolumeFiltered,filterSize,percentFilterAnalyzed,analyte,analyteConcentration,plantAlgaeLabUnits,method,externalRemarks,externalLabDataQF
"71083548-3dff-4c17-8857-c4f552918b0f","D04","CUPE","CUPE.AOS.S2","2017-02-21","CUPE.SS.20170221.POM.2",,"condition ok","SIRFER Lab at University of Utah","2018-05-27","ElFtGy1kV49xqNP00HfxQA==","POM","1",1500,25,100,"carbon",36.53,"microgramsPerLiter","Revesz & Coplen 2012a",,
"b56f727b-f923-492b-86cc-e1c41b4b7b20","D04","CUPE","CUPE.AOS.S2","2017-02-21","CUPE.SS.20170221.POM.2",,"condition ok","SIRFER Lab at University of Utah","2018-05-27","ElFtGy1kV49xqNP00HfxQA==","POM","1",1500,25,100,"d13C",-27.80,"perMill","Revesz & Coplen 2012a",,
"ec23fea2-77f8-44af-a163-5f73b9361ebe","D04","CUPE","CUPE.AOS.S2","2017-02-21","CUPE.SS.20170221.POM.2",,"condition ok","SIRFER Lab at University of Utah","2018-05-27","ElFtGy1kV49xqNP00HfxQA==","POM","1",1500,25,100,"nitrogen",3.06,"microgramsPerLiter","Revesz & Coplen 2012a","Below calibration range",
"148307ea-122f-47ba-82e4-3f7fd28fa776","D04","CUPE","CUPE.AOS.S2","2017-02-21","CUPE.SS.20170221.POM.2",,"condition ok","SIRFER Lab at University of Utah","2018-05-27","ElFtGy1kV49xqNP00HfxQA==","POM","1",1500,25,100,"d15N",27.78,"perMill","Revesz & Coplen 2012a","Below calibration range",
