uid,domainID,siteID,namedLocation,collectDate,sampleID,sampleCode,sampleCondition,laboratoryName,analysisDate,analyzedBy,sampleType,replicate,sampleVolumeFiltered,filterSize,percentFilterAnalyzed,analyte,analyteConcentration,plantAlgaeLabUnits,method,externalRemarks,externalLabDataQF
"460c42d4-760c-4e77-a3e7-65bab38d3654","D08","MAYF","MAYF.AOS.S2","2016-06-09","MAYF.SS.20160609.POM.2",,"condition ok","Academy of Natural Sciences of Drexel University","2016-09-01","OKgcKejxXbI=","13C15N","2",,,100,"d15N",4.78,"perMill",,,
"22d22f8b-d032-4c81-b296-72aa348602e7","D08","MAYF","MAYF.AOS.S2","2016-06-09","MAYF.SS.20160609.POM.2",,"condition ok","Academy of Natural Sciences of Drexel University","2016-09-01","OKgcKejxXbI=","13C15N","2",,,100,"d13C",-28.49,"perMill",,,
"453f5cb9-5bbc-4a91-821f-fd042cc277b3","D08","MAYF","MAYF.AOS.S2","2016-06-09","MAYF.SS.20160609.POM.1",,"condition ok","Academy of Natural Sciences of Drexel University","2016-09-01","OKgcKejxXbI=","13C15N","1",,,100,"d13C",-30.08,"perMill",,,
"0b2b9365-3933-4450-be02-dc1c06ba2e9a","D08","MAYF","MAYF.AOS.S2","2016-06-09","MAYF.SS.20160609.POM.1",,"condition ok","Academy of Natural Sciences of Drexel University","2016-09-01","OKgcKejxXbI=","13C15N","1",,,100,"d15N",6.82,"perMill",,,
"7b47fbbd-65a0-4dd6-8ed3-0073dfca366b","D08","MAYF","MAYF.AOS.S2","2016-06-21","MAYF.SS.20160621.POM.1",,"condition ok","Academy of Natural Sciences of Drexel University","2017-01-24","OKgcKejxXbI=","13C15N","1",,,100,"d13C",-28.08,"perMill",,"Difference in volume filtered",
"738672c0-a858-4db6-86a0-1d088b57b309","D08","MAYF","MAYF.AOS.S2","2016-06-21","MAYF.SS.20160621.POM.1",,"condition ok","Academy of Natural Sciences of Drexel University","2017-01-24","OKgcKejxXbI=","13C15N","1",,,100,"d15N",3.89,"perMill",,"Difference in volume filtered",
"806c72f3-bcfc-4598-98c3-e36bf3a568fc","D08","MAYF","MAYF.AOS.S2","2016-06-21","MAYF.SS.20160621.POM.2",,"condition ok","Academy of Natural Sciences of Drexel University","2017-02-13","OKgcKejxXbI=","13C15N","2",,,100,"d15N",2.28,"perMill",,"Difference in volume filtered",
"7dfc8950-036d-494c-9013-88efccfde107","D08","MAYF","MAYF.AOS.S2","2016-06-21","MAYF.SS.20160621.POM.2",,"condition ok","Academy of Natural Sciences of Drexel University","2017-02-13","OKgcKejxXbI=","13C15N","2",,,100,"d13C",-28.60,"perMill",,"Difference in volume filtered",
