uid,domainID,siteID,namedLocation,collectDate,sampleID,sampleCode,sampleCondition,laboratoryName,analysisDate,analyzedBy,sampleType,replicate,sampleVolumeFiltered,filterSize,percentFilterAnalyzed,analyte,analyteConcentration,plantAlgaeLabUnits,method,externalRemarks,externalLabDataQF
"2b799bbe-0154-44f5-a6b1-c4f798a8083c","D08","MAYF","MAYF.AOS.S2","2018-03-05","MAYF.SS.20180305.POM.1",,"condition ok","SIRFER Lab at University of Utah","2018-08-28","ElFtGy1kV49xqNP00HfxQA==","POM","1",50,25,100,"d13C",-26.58,"perMill","Revesz & Coplen 2012a",,
"2f6413cb-99f2-485f-97bc-94e059a4f8d7","D08","MAYF","MAYF.AOS.S2","2018-03-05","MAYF.SS.20180305.POM.1",,"condition ok","SIRFER Lab at University of Utah","2018-08-28","ElFtGy1kV49xqNP00HfxQA==","POM","1",50,25,100,"carbon",1219.92,"microgramsPerLiter","Revesz & Coplen 2012a",,
"7ba0c695-e254-418d-ab44-ce3261f1196d","D08","MAYF","MAYF.AOS.S2","2018-03-05","MAYF.SS.20180305.POM.1",,"condition ok","SIRFER Lab at University of Utah","2018-08-28","ElFtGy1kV49xqNP00HfxQA==","POM","1",50,25,100,"nitrogen",84.49,"microgramsPerLiter","Revesz & Coplen 2012a",,
"1dc43e3d-cb07-4521-8a16-b593866b8822","D08","MAYF","MAYF.AOS.S2","2018-03-05","MAYF.SS.20180305.POM.1",,"condition ok","SIRFER Lab at University of Utah","2018-08-28","ElFtGy1kV49xqNP00HfxQA==","POM","1",50,25,100,"d15N",6.41,"perMill","Revesz & Coplen 2012a",,
"a0cb9947-5269-4a32-93ac-68e0c4c3ec02","D08","MAYF","MAYF.AOS.S2","2018-03-13","MAYF.SS.20180313.POM.1",,"condition ok","SIRFER Lab at University of Utah","2018-08-30","ElFtGy1kV49xqNP00HfxQA==","POM","1",50,25,100,"carbon",1954.52,"microgramsPerLiter","Revesz & Coplen 2012a",,
"73ed1af9-4ef2-47af-92bd-358c633177db","D08","MAYF","MAYF.AOS.S2","2018-03-13","MAYF.SS.20180313.POM.1",,"condition ok","SIRFER Lab at University of Utah","2018-08-30","ElFtGy1kV49xqNP00HfxQA==","POM","1",50,25,100,"d13C",-28.51,"perMill","Revesz & Coplen 2012a",,
"5c7dc5c3-e74a-40ef-9df4-6ccbeb8344ed","D08","MAYF","MAYF.AOS.S2","2018-03-13","MAYF.SS.20180313.POM.1",,"condition ok","SIRFER Lab at University of Utah","2018-08-30","ElFtGy1kV49xqNP00HfxQA==","POM","1",50,25,100,"nitrogen",97.52,"microgramsPerLiter","Revesz & Coplen 2012a",,
"de8ca61c-ad19-478e-89aa-f69be0fe63f0","D08","MAYF","MAYF.AOS.S2","2018-03-13","MAYF.SS.20180313.POM.1",,"condition ok","SIRFER Lab at University of Utah","2018-08-30","ElFtGy1kV49xqNP00HfxQA==","POM","1",50,25,100,"d15N",3.42,"perMill","Revesz & Coplen 2012a",,
"1a6b63d9-b4df-4ef3-bcd8-48cab4c07ff0","D08","MAYF","MAYF.AOS.S2","2018-03-28","MAYF.SS.20180328.POM.1","A00000013284","condition ok","SIRFER Lab at University of Utah","2018-08-28","ElFtGy1kV49xqNP00HfxQA==","POM","1",50,25,100,"d15N",4.83,"perMill","Revesz & Coplen 2012a",,
"dce35db6-807b-4cdc-bc82-5e2275125839","D08","MAYF","MAYF.AOS.S2","2018-03-28","MAYF.SS.20180328.POM.1","A00000013284","condition ok","SIRFER Lab at University of Utah","2018-08-28","ElFtGy1kV49xqNP00HfxQA==","POM","1",50,25,100,"d13C",-26.22,"perMill","Revesz & Coplen 2012a",,
"e0dc9a16-930e-4df3-b711-89db94951f6f","D08","MAYF","MAYF.AOS.S2","2018-03-28","MAYF.SS.20180328.POM.1","A00000013284","condition ok","SIRFER Lab at University of Utah","2018-08-28","ElFtGy1kV49xqNP00HfxQA==","POM","1",50,25,100,"nitrogen",117.44,"microgramsPerLiter","Revesz & Coplen 2012a",,
"27444412-cc0c-4617-9958-7214b436364d","D08","MAYF","MAYF.AOS.S2","2018-03-28","MAYF.SS.20180328.POM.1","A00000013284","condition ok","SIRFER Lab at University of Utah","2018-08-28","ElFtGy1kV49xqNP00HfxQA==","POM","1",50,25,100,"carbon",1582.17,"microgramsPerLiter","Revesz & Coplen 2012a",,
