uid,domainID,siteID,namedLocation,collectDate,sampleID,sampleCode,sampleCondition,laboratoryName,analysisDate,analyzedBy,sampleType,replicate,sampleVolumeFiltered,filterSize,percentFilterAnalyzed,analyte,analyteConcentration,plantAlgaeLabUnits,method,externalRemarks,externalLabDataQF
"f6092bf6-ed6e-4031-b03d-19ae65a7a747","D07","WALK","WALK.AOS.S2","2017-03-06","WALK.SS.20170306.POM.1",,"condition ok","SIRFER Lab at University of Utah","2018-03-12","ElFtGy1kV49xqNP00HfxQA==","POM","1",,,100,"d15N",8.14,"perMill","Revesz & Coplen 2012a",,
"93608fd1-15d0-4986-84e3-b6c9135a246b","D07","WALK","WALK.AOS.S2","2017-03-06","WALK.SS.20170306.POM.1",,"condition ok","SIRFER Lab at University of Utah","2018-03-12","ElFtGy1kV49xqNP00HfxQA==","POM","1",,,100,"d13C",-28.41,"perMill","Revesz & Coplen 2012a",,
"3ccbf240-0ec8-45e1-bcdf-2b1cdc104080","D07","WALK","WALK.AOS.S2","2017-03-06","WALK.SS.20170306.POM.1",,"condition ok","SIRFER Lab at University of Utah","2018-03-12","ElFtGy1kV49xqNP00HfxQA==","POM","1",,,100,"carbon",203.71,"microgramsPerLiter","Revesz & Coplen 2012a",,
"a5d97fb0-9768-4330-9c6f-671b181681ae","D07","WALK","WALK.AOS.S2","2017-03-06","WALK.SS.20170306.POM.1",,"condition ok","SIRFER Lab at University of Utah","2018-03-12","ElFtGy1kV49xqNP00HfxQA==","POM","1",,,100,"nitrogen",12.39,"microgramsPerLiter","Revesz & Coplen 2012a",,
"5cd428a6-d42a-420a-ad66-1a286b9cd635","D07","WALK","WALK.AOS.S2","2017-03-21","WALK.SS.20170321.POM.2",,"condition ok","SIRFER Lab at University of Utah","2018-03-12","ElFtGy1kV49xqNP00HfxQA==","POM","1",,,100,"carbon",172.56,"microgramsPerLiter","Revesz & Coplen 2012a",,
"9fcb815e-b8b4-4dd5-9dd3-08ef16cefe07","D07","WALK","WALK.AOS.S2","2017-03-21","WALK.SS.20170321.POM.2",,"condition ok","SIRFER Lab at University of Utah","2018-03-12","ElFtGy1kV49xqNP00HfxQA==","POM","1",,,100,"d15N",3.77,"perMill","Revesz & Coplen 2012a",,
"93b47a2e-df9a-4388-9b17-7b4e4e1863d6","D07","WALK","WALK.AOS.S2","2017-03-21","WALK.SS.20170321.POM.2",,"condition ok","SIRFER Lab at University of Utah","2018-03-12","ElFtGy1kV49xqNP00HfxQA==","POM","1",,,100,"nitrogen",9.51,"microgramsPerLiter","Revesz & Coplen 2012a",,
"064a1726-4340-46ba-a533-12fec31b9aa0","D07","WALK","WALK.AOS.S2","2017-03-21","WALK.SS.20170321.POM.2",,"condition ok","SIRFER Lab at University of Utah","2018-03-12","ElFtGy1kV49xqNP00HfxQA==","POM","1",,,100,"d13C",-28.69,"perMill","Revesz & Coplen 2012a",,
"2e4ad8ed-3fd3-4006-aa24-dfd9613543d7","D07","WALK","WALK.AOS.S2","2017-03-29","WALK.SS.20170329.POM.2",,"condition ok","SIRFER Lab at University of Utah","2018-03-12","ElFtGy1kV49xqNP00HfxQA==","POM","1",,,100,"nitrogen",31.65,"microgramsPerLiter","Revesz & Coplen 2012a",,
"6d6cb434-f109-4d8d-bfb9-a98e6b8f5461","D07","WALK","WALK.AOS.S2","2017-03-29","WALK.SS.20170329.POM.2",,"condition ok","SIRFER Lab at University of Utah","2018-03-12","ElFtGy1kV49xqNP00HfxQA==","POM","1",,,100,"d15N",4.16,"perMill","Revesz & Coplen 2012a",,
"a9ba11d5-ab81-486b-8f71-4da8d8e24226","D07","WALK","WALK.AOS.S2","2017-03-29","WALK.SS.20170329.POM.2",,"condition ok","SIRFER Lab at University of Utah","2018-03-12","ElFtGy1kV49xqNP00HfxQA==","POM","1",,,100,"carbon",504.58,"microgramsPerLiter","Revesz & Coplen 2012a",,
"8421f369-2edb-4108-8c2d-4920f4cb81ec","D07","WALK","WALK.AOS.S2","2017-03-29","WALK.SS.20170329.POM.2",,"condition ok","SIRFER Lab at University of Utah","2018-03-12","ElFtGy1kV49xqNP00HfxQA==","POM","1",,,100,"d13C",-27.94,"perMill","Revesz & Coplen 2012a",,
