uid,domainID,siteID,namedLocation,collectDate,sampleID,sampleCode,sampleCondition,laboratoryName,analysisDate,analyzedBy,sampleType,replicate,sampleVolumeFiltered,filterSize,percentFilterAnalyzed,analyte,analyteConcentration,plantAlgaeLabUnits,method,externalRemarks,externalLabDataQF
"8b14566c-2163-4a67-b21a-d82bdb9ff84f","D05","CRAM","CRAM.AOS.buoy.c2","2018-06-05","CRAM.C2.20180605.POM.1","A00000007708","condition ok","SIRFER Lab at University of Utah","2018-08-14","ElFtGy1kV49xqNP00HfxQA==","POM","1",150,25,100,"carbon",813.83,"microgramsPerLiter","Revesz & Coplen 2012a",,
"b315a3fc-eb20-4e82-8448-434478a09ace","D05","CRAM","CRAM.AOS.buoy.c2","2018-06-05","CRAM.C2.20180605.POM.1","A00000007708","condition ok","SIRFER Lab at University of Utah","2018-08-14","ElFtGy1kV49xqNP00HfxQA==","POM","1",150,25,100,"nitrogen",117.19,"microgramsPerLiter","Revesz & Coplen 2012a",,
"9bf92a42-aeb7-45df-ab6a-b5c110caddec","D05","CRAM","CRAM.AOS.buoy.c2","2018-06-05","CRAM.C2.20180605.POM.1","A00000007708","condition ok","SIRFER Lab at University of Utah","2018-08-14","ElFtGy1kV49xqNP00HfxQA==","POM","1",150,25,100,"d13C",-34.79,"perMill","Revesz & Coplen 2012a",,
"dd50bf6b-95d5-4d12-94fb-0abd739cc437","D05","CRAM","CRAM.AOS.buoy.c2","2018-06-05","CRAM.C2.20180605.POM.1","A00000007708","condition ok","SIRFER Lab at University of Utah","2018-08-14","ElFtGy1kV49xqNP00HfxQA==","POM","1",150,25,100,"d15N",-0.95,"perMill","Revesz & Coplen 2012a",,
"927215cf-4071-46a0-9682-405ed0811b46","D05","CRAM","CRAM.AOS.buoy.c1","2018-06-05","CRAM.C1.20180605.POM.1","A00000007705","condition ok","SIRFER Lab at University of Utah","2018-08-14","ElFtGy1kV49xqNP00HfxQA==","POM","1",200,25,100,"nitrogen",82.63,"microgramsPerLiter","Revesz & Coplen 2012a",,
"18f926b8-43a1-403d-9f97-36a5b50ee695","D05","CRAM","CRAM.AOS.buoy.c1","2018-06-05","CRAM.C1.20180605.POM.1","A00000007705","condition ok","SIRFER Lab at University of Utah","2018-08-14","ElFtGy1kV49xqNP00HfxQA==","POM","1",200,25,100,"d13C",-30.75,"perMill","Revesz & Coplen 2012a",,
"65e1eec6-50cb-4331-91d4-8df3b73bf716","D05","CRAM","CRAM.AOS.buoy.c1","2018-06-05","CRAM.C1.20180605.POM.1","A00000007705","condition ok","SIRFER Lab at University of Utah","2018-08-14","ElFtGy1kV49xqNP00HfxQA==","POM","1",200,25,100,"d15N",-0.41,"perMill","Revesz & Coplen 2012a",,
"baadd13f-7b67-47a3-b362-c102319d1a46","D05","CRAM","CRAM.AOS.buoy.c1","2018-06-05","CRAM.C1.20180605.POM.1","A00000007705","condition ok","SIRFER Lab at University of Utah","2018-08-14","ElFtGy1kV49xqNP00HfxQA==","POM","1",200,25,100,"carbon",604.53,"microgramsPerLiter","Revesz & Coplen 2012a",,
