uid,domainID,siteID,namedLocation,collectDate,sampleID,sampleCode,sampleCondition,laboratoryName,analysisDate,analyzedBy,sampleType,replicate,sampleVolumeFiltered,filterSize,percentFilterAnalyzed,analyte,analyteConcentration,plantAlgaeLabUnits,method,externalRemarks,externalLabDataQF
"40a629ff-f00e-4021-9e9c-074293edd432","D11","BLUE","BLUE.AOS.S2","2017-07-25","BLUE.SS.20170725.POM.1",,"condition ok","SIRFER Lab at University of Utah","2018-04-17","ElFtGy1kV49xqNP00HfxQA==","POM","1",550,25,100,"nitrogen",41.75,"microgramsPerLiter","Revesz & Coplen 2012a",,
"3663c30f-1316-42fe-9a7b-fbbbd071e1d2","D11","BLUE","BLUE.AOS.S2","2017-07-25","BLUE.SS.20170725.POM.1",,"condition ok","SIRFER Lab at University of Utah","2018-04-17","ElFtGy1kV49xqNP00HfxQA==","POM","1",550,25,100,"d13C",-23.66,"perMill","Revesz & Coplen 2012a",,
"d6bc8e73-7a1c-42d2-badb-3854221eba67","D11","BLUE","BLUE.AOS.S2","2017-07-25","BLUE.SS.20170725.POM.1",,"condition ok","SIRFER Lab at University of Utah","2018-04-17","ElFtGy1kV49xqNP00HfxQA==","POM","1",550,25,100,"d15N",6.53,"perMill","Revesz & Coplen 2012a",,
"1037b04e-c7c6-41d6-b2a1-41e2ae0f5b73","D11","BLUE","BLUE.AOS.S2","2017-07-25","BLUE.SS.20170725.POM.1",,"condition ok","SIRFER Lab at University of Utah","2018-04-17","ElFtGy1kV49xqNP00HfxQA==","POM","1",550,25,100,"carbon",330.26,"microgramsPerLiter","Revesz & Coplen 2012a",,
"96cd71e2-2027-47e7-9e7d-7cd20aed8bd2","D11","BLUE","BLUE.AOS.S2","2017-07-31","BLUE.SS.20170731.POM.1",,"condition ok","SIRFER Lab at University of Utah","2018-04-17","ElFtGy1kV49xqNP00HfxQA==","POM","1",500,25,100,"carbon",294.73,"microgramsPerLiter","Revesz & Coplen 2012a",,
"19153c50-13ba-487a-a5aa-a650344a9c3e","D11","BLUE","BLUE.AOS.S2","2017-07-31","BLUE.SS.20170731.POM.1",,"condition ok","SIRFER Lab at University of Utah","2018-04-17","ElFtGy1kV49xqNP00HfxQA==","POM","1",500,25,100,"d13C",-23.87,"perMill","Revesz & Coplen 2012a",,
"37b63a2b-5187-4263-b459-57916d6af3a0","D11","BLUE","BLUE.AOS.S2","2017-07-31","BLUE.SS.20170731.POM.1",,"condition ok","SIRFER Lab at University of Utah","2018-04-17","ElFtGy1kV49xqNP00HfxQA==","POM","1",500,25,100,"d15N",7.57,"perMill","Revesz & Coplen 2012a",,
"8fd50075-3870-4316-a277-cd0229058c52","D11","BLUE","BLUE.AOS.S2","2017-07-31","BLUE.SS.20170731.POM.1",,"condition ok","SIRFER Lab at University of Utah","2018-04-17","ElFtGy1kV49xqNP00HfxQA==","POM","1",500,25,100,"nitrogen",45.78,"microgramsPerLiter","Revesz & Coplen 2012a",,
