uid,domainID,siteID,namedLocation,collectDate,sampleID,sampleCode,sampleCondition,laboratoryName,analysisDate,analyzedBy,sampleType,replicate,sampleVolumeFiltered,filterSize,percentFilterAnalyzed,analyte,analyteConcentration,plantAlgaeLabUnits,method,externalRemarks,externalLabDataQF
"36c294bd-af47-413e-bcbf-1e8b31d8f0a8","D02","POSE","POSE.AOS.S2","2017-06-13","POSE.SS.20170613.POM.1",,"condition ok","SIRFER Lab at University of Utah","2018-03-09","ElFtGy1kV49xqNP00HfxQA==","POM","1",200,25,100,"nitrogen",222.10,"microgramsPerLiter","Revesz & Coplen 2012a",,
"3b624469-95a3-454a-b891-d54f3aaaf37c","D02","POSE","POSE.AOS.S2","2017-06-13","POSE.SS.20170613.POM.1",,"condition ok","SIRFER Lab at University of Utah","2018-03-09","ElFtGy1kV49xqNP00HfxQA==","POM","1",200,25,100,"carbon",3064.45,"microgramsPerLiter","Revesz & Coplen 2012a",,
"4e608aa4-5f21-432f-96ce-ccf123013000","D02","POSE","POSE.AOS.S2","2017-06-13","POSE.SS.20170613.POM.1",,"condition ok","SIRFER Lab at University of Utah","2018-03-09","ElFtGy1kV49xqNP00HfxQA==","POM","1",200,25,100,"d15N",4.25,"perMill","Revesz & Coplen 2012a",,
"dcc495e8-1ce8-4738-87a6-21c40b84773c","D02","POSE","POSE.AOS.S2","2017-06-13","POSE.SS.20170613.POM.1",,"condition ok","SIRFER Lab at University of Utah","2018-03-09","ElFtGy1kV49xqNP00HfxQA==","POM","1",200,25,100,"d13C",-27.81,"perMill","Revesz & Coplen 2012a",,
"6a711ef3-c469-4cb7-afe9-9bbd6dc98f26","D02","POSE","POSE.AOS.S2","2017-06-20","POSE.SS.20170620.POM.1",,"condition ok","SIRFER Lab at University of Utah","2018-03-09","ElFtGy1kV49xqNP00HfxQA==","POM","1",200,25,100,"d15N",4.04,"perMill","Revesz & Coplen 2012a",,
"45dd627b-46c0-4830-80fd-4d054700972e","D02","POSE","POSE.AOS.S2","2017-06-20","POSE.SS.20170620.POM.1",,"condition ok","SIRFER Lab at University of Utah","2018-03-09","ElFtGy1kV49xqNP00HfxQA==","POM","1",200,25,100,"d13C",-27.32,"perMill","Revesz & Coplen 2012a",,
"dd587b6b-d0c6-469b-a286-4f1a2cfb47c6","D02","POSE","POSE.AOS.S2","2017-06-20","POSE.SS.20170620.POM.1",,"condition ok","SIRFER Lab at University of Utah","2018-03-09","ElFtGy1kV49xqNP00HfxQA==","POM","1",200,25,100,"carbon",3182.20,"microgramsPerLiter","Revesz & Coplen 2012a",,
"66307d2a-3b30-45e3-a0ea-3ff36255bc1c","D02","POSE","POSE.AOS.S2","2017-06-20","POSE.SS.20170620.POM.1",,"condition ok","SIRFER Lab at University of Utah","2018-03-09","ElFtGy1kV49xqNP00HfxQA==","POM","1",200,25,100,"nitrogen",212.45,"microgramsPerLiter","Revesz & Coplen 2012a",,
