uid,domainID,siteID,namedLocation,collectDate,sampleID,sampleCode,sampleCondition,laboratoryName,analysisDate,analyzedBy,sampleType,replicate,sampleVolumeFiltered,filterSize,percentFilterAnalyzed,analyte,analyteConcentration,plantAlgaeLabUnits,method,externalRemarks,externalLabDataQF
"6fc14562-ecc5-4532-aa0d-a415fe8ad2a6","D09","PRPO","PRPO.AOS.inlet","2016-06-07","PRPO.IN.20160607.POM.1",,"condition ok","Academy of Natural Sciences of Drexel University","2017-01-24","OKgcKejxXbI=","13C15N","1",,,100,"d15N",3.81,"perMill",,,
"d261c557-142e-47f0-8d0f-c7e0f68b1bc8","D09","PRPO","PRPO.AOS.inlet","2016-06-07","PRPO.IN.20160607.POM.2",,"condition ok","Academy of Natural Sciences of Drexel University","2017-02-15","OKgcKejxXbI=","13C15N","2",,,100,"d15N",3.85,"perMill",,,
"1e793abd-5c58-4b42-99b0-bd2436cf32ab","D09","PRPO","PRPO.AOS.inlet","2016-06-07","PRPO.IN.20160607.POM.2",,"condition ok","Academy of Natural Sciences of Drexel University","2017-02-15","OKgcKejxXbI=","13C15N","2",,,100,"d13C",-26.81,"perMill",,,
"c8e78d97-28b6-421c-90a7-8b35af461c67","D09","PRPO","PRPO.AOS.inlet","2016-06-07","PRPO.IN.20160607.POM.1",,"condition ok","Academy of Natural Sciences of Drexel University","2017-01-24","OKgcKejxXbI=","13C15N","1",,,100,"d13C",-27.06,"perMill",,,
"e187fcd6-c1af-4f69-a4ef-d7ffa92e603b","D09","PRPO","PRPO.AOS.buoy.c0","2016-06-07","PRPO.C0.20160607.POM.2",,"condition ok","Academy of Natural Sciences of Drexel University","2017-02-15","OKgcKejxXbI=","13C15N","2",,,100,"d13C",-27.48,"perMill",,,
"03183d75-aeb4-4fdc-b63d-17b7f6070891","D09","PRPO","PRPO.AOS.buoy.c0","2016-06-07","PRPO.C0.20160607.POM.1",,"condition ok","Academy of Natural Sciences of Drexel University","2017-01-24","OKgcKejxXbI=","13C15N","1",,,100,"d15N",2.83,"perMill",,,
"d57b2b06-df70-4564-a3d4-69bd766ee3dd","D09","PRPO","PRPO.AOS.buoy.c0","2016-06-07","PRPO.C0.20160607.POM.1",,"condition ok","Academy of Natural Sciences of Drexel University","2017-01-24","OKgcKejxXbI=","13C15N","1",,,100,"d13C",-27.01,"perMill",,,
"0bea2806-2cf0-4373-9a94-dd311333436c","D09","PRPO","PRPO.AOS.buoy.c0","2016-06-07","PRPO.C0.20160607.POM.2",,"condition ok","Academy of Natural Sciences of Drexel University","2017-02-15","OKgcKejxXbI=","13C15N","2",,,100,"d15N",3.22,"perMill",,,
"529109c4-d044-42d1-863d-39cd1547d150","D09","PRPO","PRPO.AOS.outlet","2016-06-07","PRPO.OT.20160607.POM.1",,"condition ok","Academy of Natural Sciences of Drexel University","2017-01-24","OKgcKejxXbI=","13C15N","1",,,100,"d15N",7.34,"perMill",,,
"48b569dc-ff8b-4a40-bd94-151642d81eb9","D09","PRPO","PRPO.AOS.outlet","2016-06-07","PRPO.OT.20160607.POM.1",,"condition ok","Academy of Natural Sciences of Drexel University","2017-01-24","OKgcKejxXbI=","13C15N","1",,,100,"d13C",-28.10,"perMill",,,
"a27e0f1e-904d-4b01-8855-a993140a0dd0","D09","PRPO","PRPO.AOS.outlet","2016-06-07","PRPO.OT.20160607.POM.2",,"condition ok","Academy of Natural Sciences of Drexel University","2017-02-15","OKgcKejxXbI=","13C15N","2",,,100,"d15N",4.29,"perMill",,,
"e5d7380b-f15d-490f-a5c7-f90d3a3c41b0","D09","PRPO","PRPO.AOS.outlet","2016-06-07","PRPO.OT.20160607.POM.2",,"condition ok","Academy of Natural Sciences of Drexel University","2017-02-15","OKgcKejxXbI=","13C15N","2",,,100,"d13C",-26.60,"perMill",,,
