uid,domainID,siteID,namedLocation,decimalLatitude,decimalLongitude,coordinateUncertainty,additionalCoordUncertainty,elevation,elevationUncertainty,geodeticDatum,altLocation,altLatitude,altLongitude,altCoordinateUncertainty,altGeodeticDatum,collectDate,aquaticSiteType,samplingImpractical,parentSampleID,parentSampleCode,eventID,samplerType,dissolvedOxygen,dissolvedOxygenSaturation,specificConductance,waterTemp,asiSamplingProtocolVersion,lowerSegmentDepth,upperSegmentDepth,maxDepth,lakeSampleDepth1,lakeSampleDepth2,aCollectedBy,bCollectedBy,remarks,fieldDataQF
"719d8e9b-52ef-44a7-aca9-779a3e914943","D01","HOPB","HOPB.AOS.S2",42.471802,-72.330656,0.3,10.0,213.1,0.3,"WGS84",,,,,,"2017-04-05T14:05Z","stream",,"HOPB.SS.20170405",,"HOPB.20170405","Grab",9.90,74.00,95.80,3.00,,,,,,,"adavila@neoninc.org","jcoleman01@field-ops.org",,
"8811c3db-ddac-45c2-9907-30f95412cae9","D01","HOPB","HOPB.AOS.S2",42.471802,-72.330656,0.3,10.0,213.1,0.3,"WGS84",,,,,,"2017-04-11T13:30Z","stream",,"HOPB.SS.20170411",,"HOPB.20170411","Grab",8.80,75.00,112.40,7.80,"NEON.DOC.001886vE",,,,,,"adavila@neoninc.org","jcoleman01@field-ops.org",,
"20e00adc-b9bf-4a12-8599-f8b3a5122877","D01","HOPB","HOPB.AOS.S2",42.471802,-72.330656,0.3,10.0,213.1,0.3,"WGS84",,,,,,"2017-04-17T13:30Z","stream",,"HOPB.SS.20170417",,"HOPB.20170417","Grab",7.60,71.00,115.50,11.50,"NEON.DOC.001886vE",,,,,,"adavila@neoninc.org","jcoleman01@field-ops.org",,
"a02fc71a-ef4f-4328-90c9-06ecdd35f817","D01","HOPB","HOPB.AOS.S2",42.471802,-72.330656,0.3,10.0,213.1,0.3,"WGS84",,,,,,"2017-04-26T14:15Z","stream",,"HOPB.SS.20170426",,"HOPB.20170426","Grab",10.40,92.00,109.60,8.90,"NEON.DOC.001886vE",,,,,,"adavila@neoninc.org","jcoleman01@field-ops.org",,
