uid,domainID,siteID,namedLocation,collectDate,sampleID,sampleCode,sampleCondition,laboratoryName,analysisDate,analyzedBy,sampleType,replicate,sampleVolumeFiltered,filterSize,percentFilterAnalyzed,analyte,analyteConcentration,plantAlgaeLabUnits,method,externalRemarks,externalLabDataQF
"c0aad5ec-76af-46f2-85f6-8980d5259d27","D01","HOPB","HOPB.AOS.S2","2017-04-05","HOPB.SS.20170405.POM.2",,"condition ok","SIRFER Lab at University of Utah","2018-02-20","ElFtGy1kV49xqNP00HfxQA==","POM","1",500,25,100,"d13C",-28.02,"perMill","Revesz & Coplen 2012a",,
"10fbb5b4-874d-404e-83f8-76aad14a2d34","D01","HOPB","HOPB.AOS.S2","2017-04-05","HOPB.SS.20170405.POM.2",,"condition ok","SIRFER Lab at University of Utah","2018-02-20","ElFtGy1kV49xqNP00HfxQA==","POM","1",500,25,100,"d15N",4.30,"perMill","Revesz & Coplen 2012a",,
"4905797c-769a-4d01-8151-fbda80adb732","D01","HOPB","HOPB.AOS.S2","2017-04-05","HOPB.SS.20170405.POM.2",,"condition ok","SIRFER Lab at University of Utah","2018-02-20","ElFtGy1kV49xqNP00HfxQA==","POM","1",500,25,100,"carbon",489.82,"microgramsPerLiter","Revesz & Coplen 2012a",,
"6924d048-5df7-4b0e-8b85-2cd34dd11325","D01","HOPB","HOPB.AOS.S2","2017-04-05","HOPB.SS.20170405.POM.2",,"condition ok","SIRFER Lab at University of Utah","2018-02-20","ElFtGy1kV49xqNP00HfxQA==","POM","1",500,25,100,"nitrogen",35.76,"microgramsPerLiter","Revesz & Coplen 2012a",,
"6187bf2b-000e-45f1-bbe5-31a77f105d10","D01","HOPB","HOPB.AOS.S2","2017-04-11","HOPB.SS.20170411.POM.2",,"condition ok","SIRFER Lab at University of Utah","2018-02-20","ElFtGy1kV49xqNP00HfxQA==","POM","1",750,25,100,"carbon",195.33,"microgramsPerLiter","Revesz & Coplen 2012a",,
"6fdb2ad0-a23b-41be-b045-90f9883cf15a","D01","HOPB","HOPB.AOS.S2","2017-04-11","HOPB.SS.20170411.POM.2",,"condition ok","SIRFER Lab at University of Utah","2018-02-20","ElFtGy1kV49xqNP00HfxQA==","POM","1",750,25,100,"nitrogen",18.35,"microgramsPerLiter","Revesz & Coplen 2012a",,
"d2f4364d-8a2a-43ee-be72-44bc47bf0fbe","D01","HOPB","HOPB.AOS.S2","2017-04-11","HOPB.SS.20170411.POM.2",,"condition ok","SIRFER Lab at University of Utah","2018-02-20","ElFtGy1kV49xqNP00HfxQA==","POM","1",750,25,100,"d13C",-27.66,"perMill","Revesz & Coplen 2012a",,
"a630e390-d969-4402-9ad9-3d7802ed6753","D01","HOPB","HOPB.AOS.S2","2017-04-11","HOPB.SS.20170411.POM.2",,"condition ok","SIRFER Lab at University of Utah","2018-02-20","ElFtGy1kV49xqNP00HfxQA==","POM","1",750,25,100,"d15N",4.45,"perMill","Revesz & Coplen 2012a",,
"70e62389-217c-4c00-b4ad-7d60a785e496","D01","HOPB","HOPB.AOS.S2","2017-04-17","HOPB.SS.20170417.POM.2",,"condition ok","SIRFER Lab at University of Utah","2018-02-20","ElFtGy1kV49xqNP00HfxQA==","POM","1",600,25,100,"carbon",266.66,"microgramsPerLiter","Revesz & Coplen 2012a",,
"3d8df23f-8899-49c8-8593-bddcb7a7416a","D01","HOPB","HOPB.AOS.S2","2017-04-17","HOPB.SS.20170417.POM.2",,"condition ok","SIRFER Lab at University of Utah","2018-02-20","ElFtGy1kV49xqNP00HfxQA==","POM","1",600,25,100,"nitrogen",24.02,"microgramsPerLiter","Revesz & Coplen 2012a",,
"19699831-4e57-4cbd-be77-7c681dd745c1","D01","HOPB","HOPB.AOS.S2","2017-04-17","HOPB.SS.20170417.POM.2",,"condition ok","SIRFER Lab at University of Utah","2018-02-20","ElFtGy1kV49xqNP00HfxQA==","POM","1",600,25,100,"d13C",-27.92,"perMill","Revesz & Coplen 2012a",,
"c6891fd5-a66b-4e4c-834a-d47e1319b56d","D01","HOPB","HOPB.AOS.S2","2017-04-17","HOPB.SS.20170417.POM.2",,"condition ok","SIRFER Lab at University of Utah","2018-02-20","ElFtGy1kV49xqNP00HfxQA==","POM","1",600,25,100,"d15N",3.55,"perMill","Revesz & Coplen 2012a",,
"6a748497-ff2a-451b-8c4c-417f3a9a64a3","D01","HOPB","HOPB.AOS.S2","2017-04-26","HOPB.SS.20170426.POM.2",,"condition ok","SIRFER Lab at University of Utah","2018-02-20","ElFtGy1kV49xqNP00HfxQA==","POM","1",500,25,100,"d15N",5.31,"perMill","Revesz & Coplen 2012a",,
"fdd10b1e-2356-46c5-8fe2-af032535f49c","D01","HOPB","HOPB.AOS.S2","2017-04-26","HOPB.SS.20170426.POM.2",,"condition ok","SIRFER Lab at University of Utah","2018-02-20","ElFtGy1kV49xqNP00HfxQA==","POM","1",500,25,100,"d13C",-28.46,"perMill","Revesz & Coplen 2012a",,
"97731381-d4c6-4969-9110-420f0811f7ed","D01","HOPB","HOPB.AOS.S2","2017-04-26","HOPB.SS.20170426.POM.2",,"condition ok","SIRFER Lab at University of Utah","2018-02-20","ElFtGy1kV49xqNP00HfxQA==","POM","1",500,25,100,"nitrogen",40.59,"microgramsPerLiter","Revesz & Coplen 2012a",,
"c7a7fd5b-246c-415f-9fa8-894162205265","D01","HOPB","HOPB.AOS.S2","2017-04-26","HOPB.SS.20170426.POM.2",,"condition ok","SIRFER Lab at University of Utah","2018-02-20","ElFtGy1kV49xqNP00HfxQA==","POM","1",500,25,100,"carbon",587.16,"microgramsPerLiter","Revesz & Coplen 2012a",,
