uid,domainID,siteID,namedLocation,collectDate,parentSampleID,parentSampleCode,isotopeH2OSampleCond,isotopeH2OSampleID,isotopeH2OSampleCode,isotopePOMRep2SampleCond,isotopePOMRep2SampleID,isotopePOMRep2SampleCode,isotopePOMSampleCond,isotopePOMSampleID,isotopePOMSampleCode,processedDateFilters,processedDateH2OIsotopes,sampleVolumeFilteredPOMRep1,sampleVolumeFilteredPOMRep2,fieldDataQF
"3ae70c88-f5dd-475d-918a-3a483f54c7af","D01","HOPB","HOPB.AOS.S2","2017-04-05T14:05Z","HOPB.SS.20170405",,,,,"Sample condition ok","HOPB.SS.20170405.POM.2",,,"HOPB.SS.20170405.POM.1",,"2017-04-05T18:05Z",,500,500,
"ace0fd05-3457-4692-8b40-4304aec0459c","D01","HOPB","HOPB.AOS.S2","2017-04-11T13:30Z","HOPB.SS.20170411",,,"HOPB.SS.20170411.H2O.1",,,"HOPB.SS.20170411.POM.2",,,"HOPB.SS.20170411.POM.1",,"2017-04-11T09:30Z","2017-04-11T09:30Z",750,750,
"fa814927-ec2a-4a97-ba1e-9cf802397848","D01","HOPB","HOPB.AOS.S2","2017-04-17T13:30Z","HOPB.SS.20170417",,,"HOPB.SS.20170417.H2O.1",,,"HOPB.SS.20170417.POM.2",,,"HOPB.SS.20170417.POM.1",,"2017-04-17T10:15Z","2017-04-17T09:30Z",750,600,
"6c35fc87-8e41-4389-806b-d3f86f52dca0","D01","HOPB","HOPB.AOS.S2","2017-04-26T14:15Z","HOPB.SS.20170426",,,"HOPB.SS.20170426.H2O.1",,,"HOPB.SS.20170426.POM.2",,,"HOPB.SS.20170426.POM.1",,"2017-04-26T10:45Z","2017-04-26T10:05Z",500,500,
