uid,domainID,siteID,namedLocation,collectDate,sampleID,sampleCode,sampleCondition,laboratoryName,analysisDate,analyzedBy,sampleType,replicate,sampleVolumeFiltered,filterSize,percentFilterAnalyzed,analyte,analyteConcentration,plantAlgaeLabUnits,method,externalRemarks,externalLabDataQF
"cfc68af9-d012-4064-ae8f-4a296e54a90a","D04","CUPE","CUPE.AOS.S2","2019-02-12","CUPE.SS.20190212.POM.1","A00000039819","condition ok","SIRFER Lab at University of Utah","2019-07-19","ElFtGy1kV49xqNP00HfxQA==","POM","1",1500,25,100,"d15N",0.18,"perMill","Revesz & Coplen 2012a",,
"4ce07394-560c-450f-ae13-8ce59ffa2669","D04","CUPE","CUPE.AOS.S2","2019-02-12","CUPE.SS.20190212.POM.1","A00000039819","condition ok","SIRFER Lab at University of Utah","2019-07-19","ElFtGy1kV49xqNP00HfxQA==","POM","1",1500,25,100,"d13C",-28.45,"perMill","Revesz & Coplen 2012a",,
"4739f40c-3e79-4c90-a656-445ebef7c908","D04","CUPE","CUPE.AOS.S2","2019-02-12","CUPE.SS.20190212.POM.1","A00000039819","condition ok","SIRFER Lab at University of Utah","2019-07-19","ElFtGy1kV49xqNP00HfxQA==","POM","1",1500,25,100,"carbon",69.38,"microgramsPerLiter","Revesz & Coplen 2012a",,
"6ae22938-df41-4513-8e37-236c7349d814","D04","CUPE","CUPE.AOS.S2","2019-02-12","CUPE.SS.20190212.POM.1","A00000039819","condition ok","SIRFER Lab at University of Utah","2019-07-19","ElFtGy1kV49xqNP00HfxQA==","POM","1",1500,25,100,"nitrogen",5.02,"microgramsPerLiter","Revesz & Coplen 2012a",,
