uid,domainID,siteID,namedLocation,collectDate,sampleID,sampleCode,sampleCondition,laboratoryName,analysisDate,analyzedBy,sampleType,replicate,sampleVolumeFiltered,filterSize,percentFilterAnalyzed,analyte,analyteConcentration,plantAlgaeLabUnits,method,externalRemarks,externalLabDataQF
"69952361-8c3c-469a-9fa2-889bd2e26e4b","D04","GUIL","GUIL.AOS.S2","2018-04-09","GUIL.SS.20180409.POM.1","A00000007231","condition ok","SIRFER Lab at University of Utah","2018-09-12","ElFtGy1kV49xqNP00HfxQA==","POM","1",500,25,100,"carbon",134.22,"microgramsPerLiter","Revesz & Coplen 2012a",,
"b5a41927-bb12-4a8b-88cb-7d2876256bcf","D04","GUIL","GUIL.AOS.S2","2018-04-09","GUIL.SS.20180409.POM.1","A00000007231","condition ok","SIRFER Lab at University of Utah","2018-09-12","ElFtGy1kV49xqNP00HfxQA==","POM","1",500,25,100,"d13C",-26.51,"perMill","Revesz & Coplen 2012a",,
"145dbbf8-bddf-4541-b737-77914681f979","D04","GUIL","GUIL.AOS.S2","2018-04-09","GUIL.SS.20180409.POM.1","A00000007231","condition ok","SIRFER Lab at University of Utah","2018-09-12","ElFtGy1kV49xqNP00HfxQA==","POM","1",500,25,100,"nitrogen",13.48,"microgramsPerLiter","Revesz & Coplen 2012a",,
"7e215c53-3d13-42a0-bab9-dce3ae8e0ebd","D04","GUIL","GUIL.AOS.S2","2018-04-09","GUIL.SS.20180409.POM.1","A00000007231","condition ok","SIRFER Lab at University of Utah","2018-09-12","ElFtGy1kV49xqNP00HfxQA==","POM","1",500,25,100,"d15N",2.46,"perMill","Revesz & Coplen 2012a",,
"7a0b98a6-a957-462e-a8ac-e62fc5d29ef1","D04","GUIL","GUIL.AOS.S2","2018-04-24","GUIL.SS.20180424.POM.1","A00000005652","condition ok","SIRFER Lab at University of Utah","2018-09-12","ElFtGy1kV49xqNP00HfxQA==","POM","1",1000,25,100,"d13C",-26.77,"perMill","Revesz & Coplen 2012a",,
"0ba9a2f9-a521-4446-bba1-62480c3efacf","D04","GUIL","GUIL.AOS.S2","2018-04-24","GUIL.SS.20180424.POM.1","A00000005652","condition ok","SIRFER Lab at University of Utah","2018-09-12","ElFtGy1kV49xqNP00HfxQA==","POM","1",1000,25,100,"d15N",3.12,"perMill","Revesz & Coplen 2012a",,
"179c30e7-ff12-4072-bb8e-5cf6878d086a","D04","GUIL","GUIL.AOS.S2","2018-04-24","GUIL.SS.20180424.POM.1","A00000005652","condition ok","SIRFER Lab at University of Utah","2018-09-12","ElFtGy1kV49xqNP00HfxQA==","POM","1",1000,25,100,"carbon",80.68,"microgramsPerLiter","Revesz & Coplen 2012a",,
"f88801a5-7ba9-45d4-8e21-c40190b9689a","D04","GUIL","GUIL.AOS.S2","2018-04-24","GUIL.SS.20180424.POM.1","A00000005652","condition ok","SIRFER Lab at University of Utah","2018-09-12","ElFtGy1kV49xqNP00HfxQA==","POM","1",1000,25,100,"nitrogen",9.40,"microgramsPerLiter","Revesz & Coplen 2012a",,
