uid,domainID,siteID,namedLocation,collectDate,sampleID,sampleCode,sampleCondition,laboratoryName,analysisDate,analyzedBy,sampleType,replicate,sampleVolumeFiltered,filterSize,percentFilterAnalyzed,analyte,analyteConcentration,plantAlgaeLabUnits,method,externalRemarks,externalLabDataQF
"4e0a9061-6bc8-4662-90bb-40e9bc3ed28f","D09","PRPO","PRPO.AOS.buoy.c0","2019-04-23","PRPO.C0.20190423.POM.1","A00000049962","condition ok","SIRFER Lab at University of Utah","2019-08-06","ElFtGy1kV49xqNP00HfxQA==","POM","1",70,25,100,"nitrogen",419.75,"microgramsPerLiter","Revesz & Coplen 2012a",,
"345a6eed-10ee-4b0a-985e-2c3edff8c3ac","D09","PRPO","PRPO.AOS.buoy.c0","2019-04-23","PRPO.C0.20190423.POM.1","A00000049962","condition ok","SIRFER Lab at University of Utah","2019-08-06","ElFtGy1kV49xqNP00HfxQA==","POM","1",70,25,100,"d15N",3.82,"perMill","Revesz & Coplen 2012a",,
"e418c859-d11e-462c-95e0-d3bafd4c1418","D09","PRPO","PRPO.AOS.buoy.c0","2019-04-23","PRPO.C0.20190423.POM.1","A00000049962","condition ok","SIRFER Lab at University of Utah","2019-08-06","ElFtGy1kV49xqNP00HfxQA==","POM","1",70,25,100,"carbon",2960.39,"microgramsPerLiter","Revesz & Coplen 2012a",,
"745aed4d-f0d2-4ca9-95dc-630ca7a0d49a","D09","PRPO","PRPO.AOS.buoy.c0","2019-04-23","PRPO.C0.20190423.POM.1","A00000049962","condition ok","SIRFER Lab at University of Utah","2019-08-06","ElFtGy1kV49xqNP00HfxQA==","POM","1",70,25,100,"d13C",-31.94,"perMill","Revesz & Coplen 2012a",,
