uid,domainID,siteID,namedLocation,collectDate,sampleID,sampleCode,sampleCondition,laboratoryName,analysisDate,analyzedBy,sampleType,replicate,sampleVolumeFiltered,filterSize,percentFilterAnalyzed,analyte,analyteConcentration,plantAlgaeLabUnits,method,externalRemarks,externalLabDataQF
"99bd53a2-ceb3-4474-b789-aa8c2b476480","D11","PRIN","PRIN.AOS.S2","2017-10-03","PRIN.SS.20171003.POM.1",,"condition ok","SIRFER Lab at University of Utah","2018-04-20","ElFtGy1kV49xqNP00HfxQA==","POM","1",600,25,100,"d13C",-28.25,"perMill","Revesz & Coplen 2012a",,
"86985621-46b3-4da3-8993-764a4b84390e","D11","PRIN","PRIN.AOS.S2","2017-10-03","PRIN.SS.20171003.POM.1",,"condition ok","SIRFER Lab at University of Utah","2018-04-20","ElFtGy1kV49xqNP00HfxQA==","POM","1",600,25,100,"carbon",331.25,"microgramsPerLiter","Revesz & Coplen 2012a",,
"74194fb2-0f77-421c-b1d4-73c4edd3d7b5","D11","PRIN","PRIN.AOS.S2","2017-10-03","PRIN.SS.20171003.POM.1",,"condition ok","SIRFER Lab at University of Utah","2018-04-20","ElFtGy1kV49xqNP00HfxQA==","POM","1",600,25,100,"d15N",4.63,"perMill","Revesz & Coplen 2012a",,
"80266d64-dd3e-4874-a06b-f77ec02af827","D11","PRIN","PRIN.AOS.S2","2017-10-03","PRIN.SS.20171003.POM.1",,"condition ok","SIRFER Lab at University of Utah","2018-04-20","ElFtGy1kV49xqNP00HfxQA==","POM","1",600,25,100,"nitrogen",82.52,"microgramsPerLiter","Revesz & Coplen 2012a",,
