uid,domainID,siteID,namedLocation,collectDate,sampleID,sampleCode,sampleCondition,laboratoryName,analysisDate,analyzedBy,sampleType,replicate,sampleVolumeFiltered,filterSize,percentFilterAnalyzed,analyte,analyteConcentration,plantAlgaeLabUnits,method,externalRemarks,externalLabDataQF
"cd1066f6-0b50-49ab-8015-bf19e5a42536","D04","GUIL","GUIL.AOS.S2","2015-10-13","GUIL.SS.20151013.POM.2",,"other","Academy of Natural Sciences of Drexel University","2017-05-17","OKgcKejxXbI=","13C15N","2",,,100,"d13C",-30.13,"perMill",,"sample poorly folded, sample loss",
"414e4b23-5d4a-4a3e-8fde-2fe77af36a1e","D04","GUIL","GUIL.AOS.S2","2015-10-13","GUIL.SS.20151013.POM.1",,"other","Academy of Natural Sciences of Drexel University","2017-03-03","OKgcKejxXbI=","13C15N","1",,,100,"d15N",5.71,"perMill",,"sample poorly folded, sample loss",
"ac3ece36-e4e5-4e6c-ae75-c55469e54152","D04","GUIL","GUIL.AOS.S2","2015-10-13","GUIL.SS.20151013.POM.1",,"other","Academy of Natural Sciences of Drexel University","2017-03-03","OKgcKejxXbI=","13C15N","1",,,100,"d13C",-25.62,"perMill",,"sample poorly folded, sample loss",
"754e35ae-0d08-4085-be26-7948df7416bf","D04","GUIL","GUIL.AOS.S2","2015-10-13","GUIL.SS.20151013.POM.2",,"other","Academy of Natural Sciences of Drexel University","2017-05-17","OKgcKejxXbI=","13C15N","2",,,100,"d15N",5.72,"perMill",,"sample poorly folded, sample loss",
"678fa8f1-f60c-496b-9591-a79c0219bc5e","D04","GUIL","GUIL.AOS.S2","2015-10-27","GUIL.SS.20151027.POM.1",,"other","Academy of Natural Sciences of Drexel University","2017-03-03","OKgcKejxXbI=","13C15N","1",,,100,"d15N",5.69,"perMill",,"sample poorly folded, sample loss",
"0c8fc914-badd-4ef1-94f0-341f9316b74a","D04","GUIL","GUIL.AOS.S2","2015-10-27","GUIL.SS.20151027.POM.1",,"other","Academy of Natural Sciences of Drexel University","2017-03-03","OKgcKejxXbI=","13C15N","1",,,100,"d13C",-25.76,"perMill",,"sample poorly folded, sample loss",
"3806b57b-fe20-447a-b7ed-b9d026ae2391","D04","GUIL","GUIL.AOS.S2","2015-10-27","GUIL.SS.20151027.POM.2",,"other","Academy of Natural Sciences of Drexel University","2017-05-17","OKgcKejxXbI=","13C15N","2",,,100,"d13C",-25.61,"perMill",,"sample poorly folded, sample loss",
"be3d4c0e-e2c5-4bb9-b8da-4af749481a60","D04","GUIL","GUIL.AOS.S2","2015-10-27","GUIL.SS.20151027.POM.2",,"other","Academy of Natural Sciences of Drexel University","2017-05-17","OKgcKejxXbI=","13C15N","2",,,100,"d15N",5.66,"perMill",,"sample poorly folded, sample loss",
