uid,domainID,siteID,namedLocation,collectDate,sampleID,sampleCode,sampleCondition,laboratoryName,analysisDate,analyzedBy,sampleType,replicate,sampleVolumeFiltered,filterSize,percentFilterAnalyzed,analyte,analyteConcentration,plantAlgaeLabUnits,method,externalRemarks,externalLabDataQF
"23251856-c3e5-44e5-81a7-db3a5a59ac63","D10","ARIK","ARIK.AOS.S2","2016-07-05","ARIK.SS.20160705.POM.2",,"condition ok","Academy of Natural Sciences of Drexel University","2017-02-22","OKgcKejxXbI=","13C15N","2",,,100,"d13C",-27.70,"perMill",,"Difference in volume filtered",
"999993eb-fe8a-4033-880c-2a99bb2f3551","D10","ARIK","ARIK.AOS.S2","2016-07-05","ARIK.SS.20160705.POM.1",,"condition ok","Academy of Natural Sciences of Drexel University","2017-02-10","OKgcKejxXbI=","13C15N","1",,,100,"d13C",-28.96,"perMill",,"Difference in volume filtered",
"70f9a7cf-be3b-4723-a2a3-69e2719726d0","D10","ARIK","ARIK.AOS.S2","2016-07-05","ARIK.SS.20160705.POM.2",,"condition ok","Academy of Natural Sciences of Drexel University","2017-02-22","OKgcKejxXbI=","13C15N","2",,,100,"d15N",5.94,"perMill",,"Difference in volume filtered",
"b12f7e06-418b-4fb1-84a9-fe4debc92e42","D10","ARIK","ARIK.AOS.S2","2016-07-05","ARIK.SS.20160705.POM.1",,"condition ok","Academy of Natural Sciences of Drexel University","2017-02-10","OKgcKejxXbI=","13C15N","1",,,100,"d15N",11.05,"perMill",,"Difference in volume filtered",
"ed6676f9-59c4-48cf-ae04-74f79d56c873","D10","ARIK","ARIK.AOS.S2","2016-07-18","ARIK.SS.20160718.POM.2",,"condition ok","Academy of Natural Sciences of Drexel University","2017-02-22","OKgcKejxXbI=","13C15N","2",,,100,"d15N",6.07,"perMill",,,
"f9961ab6-2aee-4512-8ea6-fff04488ae57","D10","ARIK","ARIK.AOS.S2","2016-07-18","ARIK.SS.20160718.POM.1",,"condition ok","Academy of Natural Sciences of Drexel University","2017-02-10","OKgcKejxXbI=","13C15N","1",,,100,"d15N",2.94,"perMill",,,
"8446cf46-287e-4108-8229-b0da9d29143a","D10","ARIK","ARIK.AOS.S2","2016-07-18","ARIK.SS.20160718.POM.1",,"condition ok","Academy of Natural Sciences of Drexel University","2017-02-10","OKgcKejxXbI=","13C15N","1",,,100,"d13C",-29.88,"perMill",,,
"7de1e4d9-28bf-4c9c-8b7a-1112f5f0e03a","D10","ARIK","ARIK.AOS.S2","2016-07-18","ARIK.SS.20160718.POM.2",,"condition ok","Academy of Natural Sciences of Drexel University","2017-02-22","OKgcKejxXbI=","13C15N","2",,,100,"d13C",-29.01,"perMill",,,
