uid,domainID,siteID,namedLocation,collectDate,sampleID,sampleCode,sampleCondition,laboratoryName,analysisDate,analyzedBy,sampleType,replicate,sampleVolumeFiltered,filterSize,percentFilterAnalyzed,analyte,analyteConcentration,plantAlgaeLabUnits,method,externalRemarks,externalLabDataQF
"37441619-6d83-45f3-b835-fc57b43f2e0a","D12","BLDE","BLDE.AOS.S2","2019-07-02","BLDE.SS.20190702.POM.1","A00000054391","condition ok","SIRFER Lab at University of Utah","2019-10-25","ElFtGy1kV49xqNP00HfxQA==","POM","1",400,25,100,"d13C",-27.34,"perMill","Revesz & Coplen 2012a",,
"c45f8b06-57c4-4010-ace6-fdb5a687f837","D12","BLDE","BLDE.AOS.S2","2019-07-02","BLDE.SS.20190702.POM.1","A00000054391","condition ok","SIRFER Lab at University of Utah","2019-10-25","ElFtGy1kV49xqNP00HfxQA==","POM","1",400,25,100,"carbon",691.38,"microgramsPerLiter","Revesz & Coplen 2012a",,
"8c35d964-efab-44ef-80ee-0b06ecf139cd","D12","BLDE","BLDE.AOS.S2","2019-07-02","BLDE.SS.20190702.POM.1","A00000054391","condition ok","SIRFER Lab at University of Utah","2019-10-25","ElFtGy1kV49xqNP00HfxQA==","POM","1",400,25,100,"d15N",3.43,"perMill","Revesz & Coplen 2012a",,
"fec34bf6-8f1c-462d-a16b-e791d69f1c21","D12","BLDE","BLDE.AOS.S2","2019-07-02","BLDE.SS.20190702.POM.1","A00000054391","condition ok","SIRFER Lab at University of Utah","2019-10-25","ElFtGy1kV49xqNP00HfxQA==","POM","1",400,25,100,"nitrogen",51.05,"microgramsPerLiter","Revesz & Coplen 2012a",,
