uid,domainID,siteID,namedLocation,collectDate,sampleID,sampleCode,sampleCondition,laboratoryName,analysisDate,analyzedBy,sampleType,replicate,sampleVolumeFiltered,filterSize,percentFilterAnalyzed,analyte,analyteConcentration,plantAlgaeLabUnits,method,externalRemarks,externalLabDataQF
"c8f8060a-01fc-4ac9-a487-f9a73a4779d5","D03","BARC","BARC.AOS.buoy.c0","2016-07-06","BARC.C0.20160706.POM.2",,"condition ok","Academy of Natural Sciences of Drexel University","2017-05-18","OKgcKejxXbI=","13C15N","2",,,100,"d15N",2.21,"perMill",,,
"8a1966de-91b0-4044-8543-36bfcc826e0f","D03","BARC","BARC.AOS.buoy.c0","2016-07-06","BARC.C0.20160706.POM.2",,"condition ok","Academy of Natural Sciences of Drexel University","2017-05-18","OKgcKejxXbI=","13C15N","2",,,100,"d13C",-33.92,"perMill",,,
"9d8c6100-237f-4310-b664-7f5479b7cf1a","D03","BARC","BARC.AOS.buoy.c0","2016-07-06","BARC.C0.20160706.POM.1",,"condition ok","Academy of Natural Sciences of Drexel University","2017-03-03","OKgcKejxXbI=","13C15N","1",,,100,"d15N",2.16,"perMill",,,
"eb96219e-9c1c-451f-ae20-4c8fb776ed35","D03","BARC","BARC.AOS.buoy.c0","2016-07-06","BARC.C0.20160706.POM.1",,"condition ok","Academy of Natural Sciences of Drexel University","2017-03-03","OKgcKejxXbI=","13C15N","1",,,100,"d13C",-34.03,"perMill",,,
"5b0fad82-7dc7-4da2-b9d6-8204332d1a8d","D03","BARC","BARC.AOS.inlet","2016-07-06","BARC.IN.20160706.POM.2",,"condition ok","Academy of Natural Sciences of Drexel University","2017-05-18","OKgcKejxXbI=","13C15N","2",,,100,"d13C",-30.89,"perMill",,,
"9f84d16f-5c59-4ad3-a87e-aff711059da8","D03","BARC","BARC.AOS.inlet","2016-07-06","BARC.IN.20160706.POM.2",,"condition ok","Academy of Natural Sciences of Drexel University","2017-05-18","OKgcKejxXbI=","13C15N","2",,,100,"d15N",2.27,"perMill",,,
"2e2a9ec3-d0b0-495e-8b38-30af7476b9cb","D03","BARC","BARC.AOS.inlet","2016-07-06","BARC.IN.20160706.POM.1",,"condition ok","Academy of Natural Sciences of Drexel University","2017-03-03","OKgcKejxXbI=","13C15N","1",,,100,"d15N",2.41,"perMill",,,
"f75981d8-5b30-4176-8f3b-07028a9a0ecd","D03","BARC","BARC.AOS.inlet","2016-07-06","BARC.IN.20160706.POM.1",,"condition ok","Academy of Natural Sciences of Drexel University","2017-03-03","OKgcKejxXbI=","13C15N","1",,,100,"d13C",-30.63,"perMill",,,
"e5ed2489-b01e-438e-9321-a6e04a21373e","D03","BARC","BARC.AOS.outlet","2016-07-06","BARC.OT.20160706.POM.2",,"condition ok","Academy of Natural Sciences of Drexel University","2017-05-18","OKgcKejxXbI=","13C15N","2",,,100,"d13C",-33.18,"perMill",,,
"85b8ed79-1a1f-47ca-8217-553a06af4f1f","D03","BARC","BARC.AOS.outlet","2016-07-06","BARC.OT.20160706.POM.1",,"condition ok","Academy of Natural Sciences of Drexel University","2017-03-03","OKgcKejxXbI=","13C15N","1",,,100,"d15N",2.70,"perMill",,,
"d5eaf768-0499-462d-b466-98085369f7f5","D03","BARC","BARC.AOS.outlet","2016-07-06","BARC.OT.20160706.POM.2",,"condition ok","Academy of Natural Sciences of Drexel University","2017-05-18","OKgcKejxXbI=","13C15N","2",,,100,"d15N",1.75,"perMill",,,
"e5f8253e-8f3a-4ae0-b2b6-dd935b971b7f","D03","BARC","BARC.AOS.outlet","2016-07-06","BARC.OT.20160706.POM.1",,"condition ok","Academy of Natural Sciences of Drexel University","2017-03-03","OKgcKejxXbI=","13C15N","1",,,100,"d13C",-32.79,"perMill",,,
