uid,domainID,siteID,namedLocation,collectDate,sampleID,sampleCode,sampleCondition,laboratoryName,analysisDate,analyzedBy,sampleType,replicate,sampleVolumeFiltered,filterSize,percentFilterAnalyzed,analyte,analyteConcentration,plantAlgaeLabUnits,method,externalRemarks,externalLabDataQF
"c4ad36e9-9c9e-4ade-b7cc-f31e82cbea5b","D09","PRLA","PRLA.AOS.buoy.c0","2018-03-13","PRLA.C0.20180313.POM.1",,"condition ok","SIRFER Lab at University of Utah","2018-10-18","ElFtGy1kV49xqNP00HfxQA==","POM","1",90,25,100,"d13C",,"perMill","Revesz & Coplen 2012a",,
"be92750b-1fa7-480e-ae2b-a3d4901abe34","D09","PRLA","PRLA.AOS.buoy.c0","2018-03-13","PRLA.C0.20180313.POM.1",,"condition ok","SIRFER Lab at University of Utah","2018-10-18","ElFtGy1kV49xqNP00HfxQA==","POM","1",90,25,100,"nitrogen",,"microgramsPerLiter","Revesz & Coplen 2012a",,
"2b503f20-c8de-4b3b-a7a2-0c4c88eb1d2c","D09","PRLA","PRLA.AOS.buoy.c0","2018-03-13","PRLA.C0.20180313.POM.1",,"condition ok","SIRFER Lab at University of Utah","2018-10-18","ElFtGy1kV49xqNP00HfxQA==","POM","1",90,25,100,"carbon",,"microgramsPerLiter","Revesz & Coplen 2012a",,
"5f5ae1ce-3b37-45eb-8774-164499e265f9","D09","PRLA","PRLA.AOS.buoy.c0","2018-03-13","PRLA.C0.20180313.POM.1",,"condition ok","SIRFER Lab at University of Utah","2018-10-18","ElFtGy1kV49xqNP00HfxQA==","POM","1",90,25,100,"d15N",,"perMill","Revesz & Coplen 2012a",,
