uid,domainID,siteID,namedLocation,collectDate,sampleID,sampleCode,sampleCondition,laboratoryName,analysisDate,analyzedBy,sampleType,replicate,sampleVolumeFiltered,filterSize,percentFilterAnalyzed,analyte,analyteConcentration,plantAlgaeLabUnits,method,externalRemarks,externalLabDataQF
"a8f91c6c-ec6c-431b-8d45-11f72910d9ab","D10","ARIK","ARIK.AOS.S2","2017-10-12","ARIK.SS.20171012.POM.2",,"condition ok","SIRFER Lab at University of Utah","2018-04-06","ElFtGy1kV49xqNP00HfxQA==","POM","1",200,25,100,"carbon",1429.50,"microgramsPerLiter","Revesz & Coplen 2012a",,
"be09f4f6-7ad2-47c0-85b8-572d44e6bcb0","D10","ARIK","ARIK.AOS.S2","2017-10-12","ARIK.SS.20171012.POM.2",,"condition ok","SIRFER Lab at University of Utah","2018-04-06","ElFtGy1kV49xqNP00HfxQA==","POM","1",200,25,100,"nitrogen",171.32,"microgramsPerLiter","Revesz & Coplen 2012a",,
"690d4323-0323-40ef-97b1-689f9aa3fe90","D10","ARIK","ARIK.AOS.S2","2017-10-12","ARIK.SS.20171012.POM.2",,"condition ok","SIRFER Lab at University of Utah","2018-04-06","ElFtGy1kV49xqNP00HfxQA==","POM","1",200,25,100,"d13C",-28.61,"perMill","Revesz & Coplen 2012a",,
"e182821c-375e-49cd-821e-04a57cae7a23","D10","ARIK","ARIK.AOS.S2","2017-10-12","ARIK.SS.20171012.POM.2",,"condition ok","SIRFER Lab at University of Utah","2018-04-06","ElFtGy1kV49xqNP00HfxQA==","POM","1",200,25,100,"d15N",5.93,"perMill","Revesz & Coplen 2012a",,
"975bcd43-231c-4b9d-acf4-f4769e986465","D10","ARIK","ARIK.AOS.S2","2017-10-24","ARIK.SS.20171024.POM.2",,"condition ok","SIRFER Lab at University of Utah","2018-04-06","ElFtGy1kV49xqNP00HfxQA==","POM","1",500,25,100,"d13C",-29.36,"perMill","Revesz & Coplen 2012a",,
"6ed4d620-24a0-4ae2-9ae9-755e759d753d","D10","ARIK","ARIK.AOS.S2","2017-10-24","ARIK.SS.20171024.POM.2",,"condition ok","SIRFER Lab at University of Utah","2018-04-06","ElFtGy1kV49xqNP00HfxQA==","POM","1",500,25,100,"nitrogen",23.34,"microgramsPerLiter","Revesz & Coplen 2012a",,
"705c0f77-37ef-4f65-acf7-4fb858c4460e","D10","ARIK","ARIK.AOS.S2","2017-10-24","ARIK.SS.20171024.POM.2",,"condition ok","SIRFER Lab at University of Utah","2018-04-06","ElFtGy1kV49xqNP00HfxQA==","POM","1",500,25,100,"carbon",204.18,"microgramsPerLiter","Revesz & Coplen 2012a",,
"a9ea7ac3-330d-40fd-90b7-f16ab1120627","D10","ARIK","ARIK.AOS.S2","2017-10-24","ARIK.SS.20171024.POM.2",,"condition ok","SIRFER Lab at University of Utah","2018-04-06","ElFtGy1kV49xqNP00HfxQA==","POM","1",500,25,100,"d15N",3.87,"perMill","Revesz & Coplen 2012a",,
