uid,domainID,siteID,namedLocation,collectDate,sampleID,sampleCode,sampleCondition,laboratoryName,analysisDate,analyzedBy,sampleType,replicate,sampleVolumeFiltered,filterSize,percentFilterAnalyzed,analyte,analyteConcentration,plantAlgaeLabUnits,method,externalRemarks,externalLabDataQF
"0952fb28-4315-4180-8be9-2e6e3cea6b84","D03","BARC","BARC.AOS.outlet","2015-07-23","BARC.OT.20150723.POM.2",,"condition ok","Academy of Natural Sciences of Drexel University","2017-01-17","OKgcKejxXbI=","13C15N","2",,,100,"d15N",1.76,"perMill",,,
"b539a1b7-febf-4215-8459-6d14bfa97dfb","D03","BARC","BARC.AOS.inlet","2015-07-23","BARC.IN.20150723.POM.1",,"condition ok","Academy of Natural Sciences of Drexel University","2016-09-13","OKgcKejxXbI=","13C15N","1",,,100,"d15N",0.91,"perMill",,,
"88cdab6c-d436-40cb-9f94-91b5edf70243","D03","BARC","BARC.AOS.buoy.c0","2015-07-23","BARC.C0.20150723.POM.2",,"condition ok","Academy of Natural Sciences of Drexel University","2017-01-17","OKgcKejxXbI=","13C15N","2",,,100,"d13C",-30.54,"perMill",,,
"a253f141-f5a3-436e-93de-966698156d31","D03","BARC","BARC.AOS.inlet","2015-07-23","BARC.IN.20150723.POM.1",,"condition ok","Academy of Natural Sciences of Drexel University","2016-09-13","OKgcKejxXbI=","13C15N","1",,,100,"d13C",-29.92,"perMill",,,
"9c4fde2a-c72d-4b28-8f3d-78e4886e2592","D03","BARC","BARC.AOS.inlet","2015-07-23","BARC.IN.20150723.POM.2",,"condition ok","Academy of Natural Sciences of Drexel University","2017-01-17","OKgcKejxXbI=","13C15N","2",,,100,"d13C",-30.21,"perMill",,,
"e413d417-69c6-46f1-b163-a065a9511f6a","D03","BARC","BARC.AOS.inlet","2015-07-23","BARC.IN.20150723.POM.2",,"condition ok","Academy of Natural Sciences of Drexel University","2017-01-17","OKgcKejxXbI=","13C15N","2",,,100,"d15N",1.58,"perMill",,,
"37662073-5ac5-40e8-861a-98f9eafda78b","D03","BARC","BARC.AOS.outlet","2015-07-23","BARC.OT.20150723.POM.2",,"condition ok","Academy of Natural Sciences of Drexel University","2017-01-17","OKgcKejxXbI=","13C15N","2",,,100,"d13C",-28.60,"perMill",,,
"9b4eb1cf-0ccd-4fdd-9f21-186f72a6fbcc","D03","BARC","BARC.AOS.outlet","2015-07-23","BARC.OT.20150723.POM.1",,"condition ok","Academy of Natural Sciences of Drexel University","2016-09-13","OKgcKejxXbI=","13C15N","1",,,100,"d13C",-28.53,"perMill",,,
"f12810c3-4a5a-4bc6-b577-b066d274a76a","D03","BARC","BARC.AOS.buoy.c0","2015-07-23","BARC.C0.20150723.POM.2",,"condition ok","Academy of Natural Sciences of Drexel University","2017-01-17","OKgcKejxXbI=","13C15N","2",,,100,"d15N",1.12,"perMill",,,
"ff4bc84d-3cf1-474c-abe9-1c87fd5f576c","D03","BARC","BARC.AOS.buoy.c0","2015-07-23","BARC.C0.20150723.POM.1",,"condition ok","Academy of Natural Sciences of Drexel University","2016-09-13","OKgcKejxXbI=","13C15N","1",,,100,"d13C",-30.69,"perMill",,,
"18824315-993e-47a7-ae1c-35ca035745e6","D03","BARC","BARC.AOS.outlet","2015-07-23","BARC.OT.20150723.POM.1",,"condition ok","Academy of Natural Sciences of Drexel University","2016-09-13","OKgcKejxXbI=","13C15N","1",,,100,"d15N",1.99,"perMill",,,
"e2b99b9a-7ef8-43d9-8750-fdc4d8d8ab68","D03","BARC","BARC.AOS.buoy.c0","2015-07-23","BARC.C0.20150723.POM.1",,"condition ok","Academy of Natural Sciences of Drexel University","2016-09-13","OKgcKejxXbI=","13C15N","1",,,100,"d15N",0.99,"perMill",,,
