uid,domainID,siteID,namedLocation,collectDate,sampleID,sampleCode,sampleCondition,laboratoryName,analysisDate,analyzedBy,sampleType,replicate,sampleVolumeFiltered,filterSize,percentFilterAnalyzed,analyte,analyteConcentration,plantAlgaeLabUnits,method,externalRemarks,externalLabDataQF
"2db23906-6989-40f6-9411-c2610e52643a","D02","LEWI","LEWI.AOS.S2","2017-05-03","LEWI.SS.20170503.POM.1",,"condition ok","SIRFER Lab at University of Utah","2018-03-05","ElFtGy1kV49xqNP00HfxQA==","POM","1",600,25,100,"d15N",7.26,"perMill","Revesz & Coplen 2012a",,
"3ba10121-812d-4497-8dae-732dcaf32b62","D02","LEWI","LEWI.AOS.S2","2017-05-03","LEWI.SS.20170503.POM.1",,"condition ok","SIRFER Lab at University of Utah","2018-03-05","ElFtGy1kV49xqNP00HfxQA==","POM","1",600,25,100,"carbon",405.08,"microgramsPerLiter","Revesz & Coplen 2012a",,
"f8ab5432-3401-4ae7-be2c-1c988913d5e4","D02","LEWI","LEWI.AOS.S2","2017-05-03","LEWI.SS.20170503.POM.1",,"condition ok","SIRFER Lab at University of Utah","2018-03-05","ElFtGy1kV49xqNP00HfxQA==","POM","1",600,25,100,"nitrogen",31.46,"microgramsPerLiter","Revesz & Coplen 2012a",,
"ecd9f603-576d-4195-9d03-95c9cea438dd","D02","LEWI","LEWI.AOS.S2","2017-05-03","LEWI.SS.20170503.POM.1",,"condition ok","SIRFER Lab at University of Utah","2018-03-05","ElFtGy1kV49xqNP00HfxQA==","POM","1",600,25,100,"d13C",-23.07,"perMill","Revesz & Coplen 2012a",,
"3f6731b0-5af1-4f8e-a699-c1f4b023d9db","D02","LEWI","LEWI.AOS.S2","2017-05-10","LEWI.SS.20170510.POM.1",,"condition ok","SIRFER Lab at University of Utah","2018-03-05","ElFtGy1kV49xqNP00HfxQA==","POM","1",400,25,100,"nitrogen",100.27,"microgramsPerLiter","Revesz & Coplen 2012a",,
"61bbb471-c2cd-4433-a7b9-2cce73b66c09","D02","LEWI","LEWI.AOS.S2","2017-05-10","LEWI.SS.20170510.POM.1",,"condition ok","SIRFER Lab at University of Utah","2018-03-05","ElFtGy1kV49xqNP00HfxQA==","POM","1",400,25,100,"carbon",1679.57,"microgramsPerLiter","Revesz & Coplen 2012a",,
"55532f5a-2014-4561-b915-3083ee778921","D02","LEWI","LEWI.AOS.S2","2017-05-10","LEWI.SS.20170510.POM.1",,"condition ok","SIRFER Lab at University of Utah","2018-03-05","ElFtGy1kV49xqNP00HfxQA==","POM","1",400,25,100,"d15N",6.28,"perMill","Revesz & Coplen 2012a",,
"d9e106d1-fbd6-401e-87f8-5045e4c072d9","D02","LEWI","LEWI.AOS.S2","2017-05-10","LEWI.SS.20170510.POM.1",,"condition ok","SIRFER Lab at University of Utah","2018-03-05","ElFtGy1kV49xqNP00HfxQA==","POM","1",400,25,100,"d13C",-23.51,"perMill","Revesz & Coplen 2012a",,
"4c97cc65-966c-4011-a631-871155ea740e","D02","LEWI","LEWI.AOS.S2","2017-05-24","LEWI.SS.20170524.POM.1",,"condition ok","SIRFER Lab at University of Utah","2018-03-05","ElFtGy1kV49xqNP00HfxQA==","POM","1",400,25,100,"carbon",2017.08,"microgramsPerLiter","Revesz & Coplen 2012a",,
"5470613f-d65f-4887-af4a-dea74c6deda5","D02","LEWI","LEWI.AOS.S2","2017-05-24","LEWI.SS.20170524.POM.1",,"condition ok","SIRFER Lab at University of Utah","2018-03-05","ElFtGy1kV49xqNP00HfxQA==","POM","1",400,25,100,"d13C",-23.51,"perMill","Revesz & Coplen 2012a",,
"e4230d0c-013b-482d-b076-dca056550d41","D02","LEWI","LEWI.AOS.S2","2017-05-24","LEWI.SS.20170524.POM.1",,"condition ok","SIRFER Lab at University of Utah","2018-03-05","ElFtGy1kV49xqNP00HfxQA==","POM","1",400,25,100,"nitrogen",128.91,"microgramsPerLiter","Revesz & Coplen 2012a",,
"24fca50e-ff01-4a5d-98df-49c45ce3ccc3","D02","LEWI","LEWI.AOS.S2","2017-05-24","LEWI.SS.20170524.POM.1",,"condition ok","SIRFER Lab at University of Utah","2018-03-05","ElFtGy1kV49xqNP00HfxQA==","POM","1",400,25,100,"d15N",3.84,"perMill","Revesz & Coplen 2012a",,
