uid,domainID,siteID,namedLocation,collectDate,sampleID,sampleCode,sampleCondition,laboratoryName,analysisDate,analyzedBy,sampleType,replicate,sampleVolumeFiltered,filterSize,percentFilterAnalyzed,analyte,analyteConcentration,plantAlgaeLabUnits,method,externalRemarks,externalLabDataQF
"96c0dffd-6374-411c-8be3-7af5960d5c6c","D03","BARC","BARC.AOS.buoy.c0","2019-01-07","BARC.C0.20190107.POM.1","A00000037333","condition ok","SIRFER Lab at University of Utah","2019-04-30","ElFtGy1kV49xqNP00HfxQA==","POM","1",200,25,100,"d15N",1.20,"perMill","Revesz & Coplen 2012a",,
"93b4ad5e-6c15-498d-8dd9-3a3b98951f91","D03","BARC","BARC.AOS.buoy.c0","2019-01-07","BARC.C0.20190107.POM.1","A00000037333","condition ok","SIRFER Lab at University of Utah","2019-04-30","ElFtGy1kV49xqNP00HfxQA==","POM","1",200,25,100,"d13C",-31.92,"perMill","Revesz & Coplen 2012a",,
"47aab0e4-e0d8-40ec-8a72-99448019897e","D03","BARC","BARC.AOS.buoy.c0","2019-01-07","BARC.C0.20190107.POM.1","A00000037333","condition ok","SIRFER Lab at University of Utah","2019-04-30","ElFtGy1kV49xqNP00HfxQA==","POM","1",200,25,100,"carbon",376.24,"microgramsPerLiter","Revesz & Coplen 2012a",,
"382b216c-0c4e-4a11-9207-a31f1d195f04","D03","BARC","BARC.AOS.buoy.c0","2019-01-07","BARC.C0.20190107.POM.1","A00000037333","condition ok","SIRFER Lab at University of Utah","2019-04-30","ElFtGy1kV49xqNP00HfxQA==","POM","1",200,25,100,"nitrogen",36.51,"microgramsPerLiter","Revesz & Coplen 2012a",,
