uid,domainID,siteID,namedLocation,collectDate,sampleID,sampleCode,sampleCondition,laboratoryName,analysisDate,analyzedBy,sampleType,replicate,sampleVolumeFiltered,filterSize,percentFilterAnalyzed,analyte,analyteConcentration,plantAlgaeLabUnits,method,externalRemarks,externalLabDataQF
"bc81d6f6-f28d-4773-8943-01b91ed725a3","D06","MCDI","MCDI.AOS.S2","2019-02-12","MCDI.SS.20190212.POM.1","A00000041664","condition ok","SIRFER Lab at University of Utah","2019-07-11","ElFtGy1kV49xqNP00HfxQA==","POM","1",1150,25,100,"d13C",-25.27,"perMill","Revesz & Coplen 2012a",,
"127f1a55-7578-432a-a268-0397ed43ba60","D06","MCDI","MCDI.AOS.S2","2019-02-12","MCDI.SS.20190212.POM.1","A00000041664","condition ok","SIRFER Lab at University of Utah","2019-07-11","ElFtGy1kV49xqNP00HfxQA==","POM","1",1150,25,100,"nitrogen",18.98,"microgramsPerLiter","Revesz & Coplen 2012a",,
"715a9c77-08f5-4588-8b12-e9fcf96a7cdc","D06","MCDI","MCDI.AOS.S2","2019-02-12","MCDI.SS.20190212.POM.1","A00000041664","condition ok","SIRFER Lab at University of Utah","2019-07-11","ElFtGy1kV49xqNP00HfxQA==","POM","1",1150,25,100,"carbon",154.99,"microgramsPerLiter","Revesz & Coplen 2012a",,
"888a8518-7300-450b-84a5-fa4f19d043ca","D06","MCDI","MCDI.AOS.S2","2019-02-12","MCDI.SS.20190212.POM.1","A00000041664","condition ok","SIRFER Lab at University of Utah","2019-07-11","ElFtGy1kV49xqNP00HfxQA==","POM","1",1150,25,100,"d15N",5.76,"perMill","Revesz & Coplen 2012a",,
