uid,domainID,siteID,namedLocation,collectDate,sampleID,sampleCode,sampleCondition,laboratoryName,analysisDate,analyzedBy,sampleType,replicate,sampleVolumeFiltered,filterSize,percentFilterAnalyzed,analyte,analyteConcentration,plantAlgaeLabUnits,method,externalRemarks,externalLabDataQF
"023f6e47-767c-4ee9-bd27-d1c3c53effe9","D02","LEWI","LEWI.AOS.S2","2019-01-23","LEWI.SS.20190123.POM.1","A00000034324","condition ok","SIRFER Lab at University of Utah","2019-07-11","ElFtGy1kV49xqNP00HfxQA==","POM","1",400,25,100,"d13C",-23.87,"perMill","Revesz & Coplen 2012a",,
"160e09d1-d537-4225-9610-afb227df528a","D02","LEWI","LEWI.AOS.S2","2019-01-23","LEWI.SS.20190123.POM.1","A00000034324","condition ok","SIRFER Lab at University of Utah","2019-07-11","ElFtGy1kV49xqNP00HfxQA==","POM","1",400,25,100,"nitrogen",87.59,"microgramsPerLiter","Revesz & Coplen 2012a",,
"a7818a0d-a260-493d-b999-a074098c4d3a","D02","LEWI","LEWI.AOS.S2","2019-01-23","LEWI.SS.20190123.POM.1","A00000034324","condition ok","SIRFER Lab at University of Utah","2019-07-11","ElFtGy1kV49xqNP00HfxQA==","POM","1",400,25,100,"carbon",1276.59,"microgramsPerLiter","Revesz & Coplen 2012a",,
"663a72c7-2fff-4354-82a8-9fa7e11d3770","D02","LEWI","LEWI.AOS.S2","2019-01-23","LEWI.SS.20190123.POM.1","A00000034324","condition ok","SIRFER Lab at University of Utah","2019-07-11","ElFtGy1kV49xqNP00HfxQA==","POM","1",400,25,100,"d15N",5.58,"perMill","Revesz & Coplen 2012a",,
