uid,domainID,siteID,namedLocation,collectDate,sampleID,sampleCode,sampleCondition,laboratoryName,analysisDate,analyzedBy,sampleType,replicate,sampleVolumeFiltered,filterSize,percentFilterAnalyzed,analyte,analyteConcentration,plantAlgaeLabUnits,method,externalRemarks,externalLabDataQF
"d5ea79c7-9020-4c7a-a48f-9e0b334f024d","D03","SUGG","SUGG.AOS.buoy.c0","2016-09-06","SUGG.C0.20160906.POM.1",,"condition ok","Academy of Natural Sciences of Drexel University","2017-03-03","OKgcKejxXbI=","13C15N","1",,,100,"d13C",-31.02,"perMill",,,
"ad115fda-807c-4aa4-a5ed-d0cfc0b7e8e2","D03","SUGG","SUGG.AOS.buoy.c0","2016-09-06","SUGG.C0.20160906.POM.1",,"condition ok","Academy of Natural Sciences of Drexel University","2017-03-03","OKgcKejxXbI=","13C15N","1",,,100,"d15N",2.30,"perMill",,,
"5cd8952c-c95a-4d48-a3d3-b361992ff750","D03","SUGG","SUGG.AOS.buoy.c0","2016-09-06","SUGG.C0.20160906.POM.2",,"condition ok","Academy of Natural Sciences of Drexel University","2017-05-18","OKgcKejxXbI=","13C15N","2",,,100,"d13C",-30.47,"perMill",,,
"1ac6aed6-a620-47d1-9f5c-4e79205b693d","D03","SUGG","SUGG.AOS.buoy.c0","2016-09-06","SUGG.C0.20160906.POM.2",,"condition ok","Academy of Natural Sciences of Drexel University","2017-05-18","OKgcKejxXbI=","13C15N","2",,,100,"d15N",2.78,"perMill",,,
"1643b3eb-229b-4406-9055-ff3eb31d2e26","D03","SUGG","SUGG.AOS.outlet","2016-09-06","SUGG.OT.20160906.POM.1",,"condition ok","Academy of Natural Sciences of Drexel University","2017-03-03","OKgcKejxXbI=","13C15N","1",,,100,"d15N",2.16,"perMill",,,
"f09d5216-7af2-4734-be0a-d74d3c4ba35e","D03","SUGG","SUGG.AOS.outlet","2016-09-06","SUGG.OT.20160906.POM.1",,"condition ok","Academy of Natural Sciences of Drexel University","2017-03-03","OKgcKejxXbI=","13C15N","1",,,100,"d13C",-30.14,"perMill",,,
"91aa698d-73cd-4d82-a6cc-3d82d5c03df0","D03","SUGG","SUGG.AOS.outlet","2016-09-06","SUGG.OT.20160906.POM.2",,"condition ok","Academy of Natural Sciences of Drexel University","2017-05-18","OKgcKejxXbI=","13C15N","2",,,100,"d15N",1.46,"perMill",,,
"349686dc-b712-4c07-8710-f194d764f6fa","D03","SUGG","SUGG.AOS.outlet","2016-09-06","SUGG.OT.20160906.POM.2",,"condition ok","Academy of Natural Sciences of Drexel University","2017-05-18","OKgcKejxXbI=","13C15N","2",,,100,"d13C",-30.51,"perMill",,,
"256b3cbb-404c-486f-9d05-13c13f338002","D03","SUGG","SUGG.AOS.inlet","2016-09-06","SUGG.IN.20160906.POM.1",,"condition ok","Academy of Natural Sciences of Drexel University","2017-03-03","OKgcKejxXbI=","13C15N","1",,,100,"d13C",-30.55,"perMill",,,
"13e94876-5ec3-4321-9aaf-0b3c58ec9bb6","D03","SUGG","SUGG.AOS.inlet","2016-09-06","SUGG.IN.20160906.POM.2",,"condition ok","Academy of Natural Sciences of Drexel University","2017-05-18","OKgcKejxXbI=","13C15N","2",,,100,"d13C",-30.27,"perMill",,,
"47cd5871-9a39-4559-b2bf-a13be361460b","D03","SUGG","SUGG.AOS.inlet","2016-09-06","SUGG.IN.20160906.POM.2",,"condition ok","Academy of Natural Sciences of Drexel University","2017-05-18","OKgcKejxXbI=","13C15N","2",,,100,"d15N",1.58,"perMill",,,
"dd7f68f3-56b3-423b-ba5e-855ac0401f2d","D03","SUGG","SUGG.AOS.inlet","2016-09-06","SUGG.IN.20160906.POM.1",,"condition ok","Academy of Natural Sciences of Drexel University","2017-03-03","OKgcKejxXbI=","13C15N","1",,,100,"d15N",1.54,"perMill",,,
