uid,domainID,siteID,namedLocation,collectDate,sampleID,sampleCode,sampleCondition,laboratoryName,analysisDate,analyzedBy,sampleType,replicate,sampleVolumeFiltered,filterSize,percentFilterAnalyzed,analyte,analyteConcentration,plantAlgaeLabUnits,method,externalRemarks,externalLabDataQF
"f714ff7b-2f6b-464a-88a8-53747825134e","D07","WALK","WALK.AOS.S2","2018-01-22","WALK.SS.20180122.POM.1",,"condition ok","SIRFER Lab at University of Utah","2018-08-31","ElFtGy1kV49xqNP00HfxQA==","POM","1",1000,25,100,"nitrogen",6.14,"microgramsPerLiter","Revesz & Coplen 2012a",,
"a0043707-351d-42fc-b537-4eb3f1022f76","D07","WALK","WALK.AOS.S2","2018-01-22","WALK.SS.20180122.POM.1",,"condition ok","SIRFER Lab at University of Utah","2018-08-31","ElFtGy1kV49xqNP00HfxQA==","POM","1",1000,25,100,"d13C",-29.01,"perMill","Revesz & Coplen 2012a",,
"abad8ca2-d012-4762-8eab-533afa235b15","D07","WALK","WALK.AOS.S2","2018-01-22","WALK.SS.20180122.POM.1",,"condition ok","SIRFER Lab at University of Utah","2018-08-31","ElFtGy1kV49xqNP00HfxQA==","POM","1",1000,25,100,"carbon",82.33,"microgramsPerLiter","Revesz & Coplen 2012a",,
"7f28f65f-a479-4563-b21e-b8cc41e97c25","D07","WALK","WALK.AOS.S2","2018-01-22","WALK.SS.20180122.POM.1",,"condition ok","SIRFER Lab at University of Utah","2018-08-31","ElFtGy1kV49xqNP00HfxQA==","POM","1",1000,25,100,"d15N",2.18,"perMill","Revesz & Coplen 2012a",,
"debb7223-289a-4149-bb54-149b9c00f243","D07","WALK","WALK.AOS.S2","2018-01-29","WALK.SS.20180129.POM.1",,"condition ok","SIRFER Lab at University of Utah","2018-08-31","ElFtGy1kV49xqNP00HfxQA==","POM","1",1000,25,100,"carbon",170.79,"microgramsPerLiter","Revesz & Coplen 2012a",,
"0792063b-6ede-47f3-b4f3-cef43a1219fc","D07","WALK","WALK.AOS.S2","2018-01-29","WALK.SS.20180129.POM.1",,"condition ok","SIRFER Lab at University of Utah","2018-08-31","ElFtGy1kV49xqNP00HfxQA==","POM","1",1000,25,100,"d13C",-29.04,"perMill","Revesz & Coplen 2012a",,
"27648cd4-77a5-4c1e-954d-7634f3ff321b","D07","WALK","WALK.AOS.S2","2018-01-29","WALK.SS.20180129.POM.1",,"condition ok","SIRFER Lab at University of Utah","2018-08-31","ElFtGy1kV49xqNP00HfxQA==","POM","1",1000,25,100,"d15N",2.26,"perMill","Revesz & Coplen 2012a",,
"96720cd0-5dfe-4af5-8c86-55ce2c9b4d51","D07","WALK","WALK.AOS.S2","2018-01-29","WALK.SS.20180129.POM.1",,"condition ok","SIRFER Lab at University of Utah","2018-08-31","ElFtGy1kV49xqNP00HfxQA==","POM","1",1000,25,100,"nitrogen",12.04,"microgramsPerLiter","Revesz & Coplen 2012a",,
