uid,domainID,siteID,namedLocation,collectDate,sampleID,sampleCode,sampleCondition,laboratoryName,analysisDate,analyzedBy,sampleType,replicate,sampleVolumeFiltered,filterSize,percentFilterAnalyzed,analyte,analyteConcentration,plantAlgaeLabUnits,method,externalRemarks,externalLabDataQF
"cfe1dead-08f9-40a0-855d-9efb04481dc1","D03","SUGG","SUGG.AOS.buoy.c0","2018-10-01","SUGG.C0.20181001.POM.1","A00000003571","condition ok","SIRFER Lab at University of Utah","2019-02-12","ElFtGy1kV49xqNP00HfxQA==","POM","1",300,25,100,"carbon",543.44,"microgramsPerLiter","Revesz & Coplen 2012a",,
"3a7e2e72-dcf2-4aa3-8704-0937d090a9a7","D03","SUGG","SUGG.AOS.buoy.c0","2018-10-01","SUGG.C0.20181001.POM.1","A00000003571","condition ok","SIRFER Lab at University of Utah","2019-02-12","ElFtGy1kV49xqNP00HfxQA==","POM","1",300,25,100,"nitrogen",98.14,"microgramsPerLiter","Revesz & Coplen 2012a",,
"bda72e69-0bdb-4487-a27d-f9e230c311b9","D03","SUGG","SUGG.AOS.buoy.c0","2018-10-01","SUGG.C0.20181001.POM.1","A00000003571","condition ok","SIRFER Lab at University of Utah","2019-02-12","ElFtGy1kV49xqNP00HfxQA==","POM","1",300,25,100,"d15N",-3.15,"perMill","Revesz & Coplen 2012a",,
"9067a47b-5ec7-417a-9527-e894ccde1c1b","D03","SUGG","SUGG.AOS.buoy.c0","2018-10-01","SUGG.C0.20181001.POM.1","A00000003571","condition ok","SIRFER Lab at University of Utah","2019-02-12","ElFtGy1kV49xqNP00HfxQA==","POM","1",300,25,100,"d13C",-34.19,"perMill","Revesz & Coplen 2012a",,
