uid,domainID,siteID,namedLocation,collectDate,sampleID,sampleCode,sampleCondition,laboratoryName,analysisDate,analyzedBy,sampleType,replicate,sampleVolumeFiltered,filterSize,percentFilterAnalyzed,analyte,analyteConcentration,plantAlgaeLabUnits,method,externalRemarks,externalLabDataQF
"c38cfcfa-6a11-4754-b16f-4b740c29565e","D09","PRPO","PRPO.AOS.buoy.c0","2018-05-01","PRPO.C0.20180501.POM.1","A00000017349","condition ok","SIRFER Lab at University of Utah","2018-10-18","ElFtGy1kV49xqNP00HfxQA==","POM","1",30,25,100,"nitrogen",,"microgramsPerLiter","Revesz & Coplen 2012a",,
"2c55daa8-bd8e-44af-b276-eb6e4fe408ea","D09","PRPO","PRPO.AOS.buoy.c0","2018-05-01","PRPO.C0.20180501.POM.1","A00000017349","condition ok","SIRFER Lab at University of Utah","2018-10-18","ElFtGy1kV49xqNP00HfxQA==","POM","1",30,25,100,"carbon",,"microgramsPerLiter","Revesz & Coplen 2012a",,
"c25e052b-9b86-43a3-a5b8-6bf2727fbe03","D09","PRPO","PRPO.AOS.buoy.c0","2018-05-01","PRPO.C0.20180501.POM.1","A00000017349","condition ok","SIRFER Lab at University of Utah","2018-10-18","ElFtGy1kV49xqNP00HfxQA==","POM","1",30,25,100,"d13C",,"perMill","Revesz & Coplen 2012a",,
"16259225-8e6d-476b-ad02-64fdad6eb745","D09","PRPO","PRPO.AOS.buoy.c0","2018-05-01","PRPO.C0.20180501.POM.1","A00000017349","condition ok","SIRFER Lab at University of Utah","2018-10-18","ElFtGy1kV49xqNP00HfxQA==","POM","1",30,25,100,"d15N",,"perMill","Revesz & Coplen 2012a",,
