uid,domainID,siteID,namedLocation,collectDate,sampleID,sampleCode,sampleCondition,laboratoryName,analysisDate,analyzedBy,sampleType,replicate,sampleVolumeFiltered,filterSize,percentFilterAnalyzed,analyte,analyteConcentration,plantAlgaeLabUnits,method,externalRemarks,externalLabDataQF
"77c613a8-8572-483a-90c6-89a5a80ebc01","D04","GUIL","GUIL.AOS.S2","2017-07-19","GUIL.SS.20170719.POM.1",,"condition ok","SIRFER Lab at University of Utah","2018-05-29","ElFtGy1kV49xqNP00HfxQA==","POM","1",750,25,100,"d15N",21.31,"perMill","Revesz & Coplen 2012a","Below calibration range",
"1a9b3d69-7842-4c55-8e21-0fce9d3e3f6e","D04","GUIL","GUIL.AOS.S2","2017-07-19","GUIL.SS.20170719.POM.1",,"condition ok","SIRFER Lab at University of Utah","2018-05-29","ElFtGy1kV49xqNP00HfxQA==","POM","1",750,25,100,"carbon",93.60,"microgramsPerLiter","Revesz & Coplen 2012a",,
"c3e6f2c0-109c-4e26-ac61-6e12011cc3c7","D04","GUIL","GUIL.AOS.S2","2017-07-19","GUIL.SS.20170719.POM.1",,"condition ok","SIRFER Lab at University of Utah","2018-05-29","ElFtGy1kV49xqNP00HfxQA==","POM","1",750,25,100,"d13C",-26.12,"perMill","Revesz & Coplen 2012a",,
"04ed5668-d5af-4332-9e14-5b7322389a62","D04","GUIL","GUIL.AOS.S2","2017-07-19","GUIL.SS.20170719.POM.1",,"condition ok","SIRFER Lab at University of Utah","2018-05-29","ElFtGy1kV49xqNP00HfxQA==","POM","1",750,25,100,"nitrogen",2.72,"microgramsPerLiter","Revesz & Coplen 2012a","Below calibration range",
"1926f641-88ac-4ba9-80de-40a2dcc4b780","D04","GUIL","GUIL.AOS.S2","2017-07-24","GUIL.SS.20170724.POM.1",,"condition ok","SIRFER Lab at University of Utah","2018-05-29","ElFtGy1kV49xqNP00HfxQA==","POM","1",750,25,100,"carbon",128.54,"microgramsPerLiter","Revesz & Coplen 2012a",,
"63f9c4e3-913b-4f5c-81a3-bcf1817a34bd","D04","GUIL","GUIL.AOS.S2","2017-07-24","GUIL.SS.20170724.POM.1",,"condition ok","SIRFER Lab at University of Utah","2018-05-29","ElFtGy1kV49xqNP00HfxQA==","POM","1",750,25,100,"d15N",19.41,"perMill","Revesz & Coplen 2012a","Below calibration range",
"94e87250-e89e-43ae-9ee2-c9bd19dedd52","D04","GUIL","GUIL.AOS.S2","2017-07-24","GUIL.SS.20170724.POM.1",,"condition ok","SIRFER Lab at University of Utah","2018-05-29","ElFtGy1kV49xqNP00HfxQA==","POM","1",750,25,100,"d13C",-24.89,"perMill","Revesz & Coplen 2012a",,
"897c7776-cddc-444c-a3ae-d2594e11c2f2","D04","GUIL","GUIL.AOS.S2","2017-07-24","GUIL.SS.20170724.POM.1",,"condition ok","SIRFER Lab at University of Utah","2018-05-29","ElFtGy1kV49xqNP00HfxQA==","POM","1",750,25,100,"nitrogen",3.16,"microgramsPerLiter","Revesz & Coplen 2012a","Below calibration range",
