uid,domainID,siteID,namedLocation,collectDate,sampleID,sampleCode,sampleCondition,laboratoryName,analysisDate,analyzedBy,sampleType,replicate,sampleVolumeFiltered,filterSize,percentFilterAnalyzed,analyte,analyteConcentration,plantAlgaeLabUnits,method,externalRemarks,externalLabDataQF
"70c4cc39-e2d6-4198-b9ae-a6f48e277a7d","D04","CUPE","CUPE.AOS.S2","2016-09-08","CUPE.SS.20160908.POM.2",,"other","Academy of Natural Sciences of Drexel University","2017-05-10","OKgcKejxXbI=","13C15N","2",,,100,"d13C",-28.61,"perMill",,"Samples delivered over the weekend - not processed until 9/26/16 - dry ice melted",
"d4d47612-74fe-4cf9-814a-f68656ba3a1a","D04","CUPE","CUPE.AOS.S2","2016-09-08","CUPE.SS.20160908.POM.1",,"other","Academy of Natural Sciences of Drexel University","2017-03-28","OKgcKejxXbI=","13C15N","1",,,100,"d15N",0.17,"perMill",,"Samples delivered over the weekend - not processed until 9/26/16 - dry ice melted",
"ab03c31c-5204-4298-8011-90f755a3f62f","D04","CUPE","CUPE.AOS.S2","2016-09-08","CUPE.SS.20160908.POM.2",,"other","Academy of Natural Sciences of Drexel University","2017-05-10","OKgcKejxXbI=","13C15N","2",,,100,"d15N",0.53,"perMill",,"Samples delivered over the weekend - not processed until 9/26/16 - dry ice melted",
"99083448-4ad8-4551-b5f1-f3b796c95d6d","D04","CUPE","CUPE.AOS.S2","2016-09-08","CUPE.SS.20160908.POM.1",,"other","Academy of Natural Sciences of Drexel University","2017-03-28","OKgcKejxXbI=","13C15N","1",,,100,"d13C",-28.50,"perMill",,"Samples delivered over the weekend - not processed until 9/26/16 - dry ice melted",
"373b1cd6-c305-465c-89bf-90943b8fa3fa","D04","CUPE","CUPE.AOS.S2","2016-09-20","CUPE.SS.20160920.POM.2",,"other","Academy of Natural Sciences of Drexel University","2017-05-10","OKgcKejxXbI=","13C15N","2",,,100,"d13C",-28.34,"perMill",,"Samples delivered over the weekend - not processed until 9/26/16 - dry ice melted",
"cce4e5c5-ea1d-4342-9b18-619db0cccbb3","D04","CUPE","CUPE.AOS.S2","2016-09-20","CUPE.SS.20160920.POM.2",,"other","Academy of Natural Sciences of Drexel University","2017-05-10","OKgcKejxXbI=","13C15N","2",,,100,"d15N",2.22,"perMill",,"Samples delivered over the weekend - not processed until 9/26/16 - dry ice melted",
"e12ecf90-deac-40db-8446-40a56ceb4c8b","D04","CUPE","CUPE.AOS.S2","2016-09-20","CUPE.SS.20160920.POM.1",,"other","Academy of Natural Sciences of Drexel University","2017-03-28","OKgcKejxXbI=","13C15N","1",,,100,"d15N",0.06,"perMill",,"Samples delivered over the weekend - not processed until 9/26/16 - dry ice melted",
"70ebb0ed-9210-4525-a28e-d297f4d52374","D04","CUPE","CUPE.AOS.S2","2016-09-20","CUPE.SS.20160920.POM.1",,"other","Academy of Natural Sciences of Drexel University","2017-03-28","OKgcKejxXbI=","13C15N","1",,,100,"d13C",-27.08,"perMill",,"Samples delivered over the weekend - not processed until 9/26/16 - dry ice melted",
"b23cdd78-a462-4ef2-8c3d-8fcda8eaa788","D04","CUPE","CUPE.AOS.S2","2016-09-26","CUPE.SS.20160926.POM.1",,"other","Academy of Natural Sciences of Drexel University","2017-04-08","OKgcKejxXbI=","13C15N","1",,,100,"d13C",-26.93,"perMill",,"poor filter folding, sample loss",
"f4d16ed6-d667-4351-b004-8c01b7d0d5fc","D04","CUPE","CUPE.AOS.S2","2016-09-26","CUPE.SS.20160926.POM.2",,"other","Academy of Natural Sciences of Drexel University","2017-05-23","OKgcKejxXbI=","13C15N","2",,,100,"d15N",,"perMill",,"sample too small for analysis",
"4e09ca0b-8142-42de-be70-d44a2eb10f92","D04","CUPE","CUPE.AOS.S2","2016-09-26","CUPE.SS.20160926.POM.2",,"condition ok","Academy of Natural Sciences of Drexel University","2017-05-23","OKgcKejxXbI=","13C15N","2",,,100,"d13C",-32.20,"perMill",,,
"b0a87d19-01a9-4066-9b5d-276b7bf4aabe","D04","CUPE","CUPE.AOS.S2","2016-09-26","CUPE.SS.20160926.POM.1",,"other","Academy of Natural Sciences of Drexel University","2017-04-08","OKgcKejxXbI=","13C15N","1",,,100,"d15N",,"perMill",,"sample too small for analysis",
