uid,domainID,siteID,namedLocation,collectDate,sampleID,sampleCode,sampleCondition,laboratoryName,analysisDate,analyzedBy,sampleType,replicate,sampleVolumeFiltered,filterSize,percentFilterAnalyzed,analyte,analyteConcentration,plantAlgaeLabUnits,method,externalRemarks,externalLabDataQF
"246ab414-aab9-43d7-a18f-efb5c1e94c93","D13","COMO","COMO.AOS.S2","2016-09-12","COMO.SS.20160912.POM.1",,"condition ok","Academy of Natural Sciences of Drexel University","2017-03-03","OKgcKejxXbI=","13C15N","1",,,100,"d13C",-26.42,"perMill",,,
"e2dc317f-316c-4f33-8ebe-945d60af3d9c","D13","COMO","COMO.AOS.S2","2016-09-12","COMO.SS.20160912.POM.2",,"condition ok","Academy of Natural Sciences of Drexel University","2017-05-10","OKgcKejxXbI=","13C15N","2",,,100,"d15N",1.60,"perMill",,,
"9fadb876-b6a9-41b5-8c67-f5ad7d149a51","D13","COMO","COMO.AOS.S2","2016-09-12","COMO.SS.20160912.POM.2",,"condition ok","Academy of Natural Sciences of Drexel University","2017-05-10","OKgcKejxXbI=","13C15N","2",,,100,"d13C",-28.09,"perMill",,,
"d426a0bf-8807-41f9-a8d8-14118c140331","D13","COMO","COMO.AOS.S2","2016-09-12","COMO.SS.20160912.POM.1",,"condition ok","Academy of Natural Sciences of Drexel University","2017-03-03","OKgcKejxXbI=","13C15N","1",,,100,"d15N",1.02,"perMill",,,
"5e8c1ca1-b33a-4ce8-9d4a-8f2e819cdef6","D13","COMO","COMO.AOS.S2","2016-09-23","COMO.SS.20160923.POM.1",,"condition ok","Academy of Natural Sciences of Drexel University","2017-03-29","OKgcKejxXbI=","13C15N","1",,,100,"d13C",-26.12,"perMill",,,
"5cad7151-c68f-46f4-99ed-5c4af0a8e3ba","D13","COMO","COMO.AOS.S2","2016-09-23","COMO.SS.20160923.POM.1",,"condition ok","Academy of Natural Sciences of Drexel University","2017-03-29","OKgcKejxXbI=","13C15N","1",,,100,"d15N",2.44,"perMill",,,
"9034d5a9-9ac6-46a0-8696-b702b0b36543","D13","COMO","COMO.AOS.S2","2016-09-23","COMO.SS.20160923.POM.2",,"other","Academy of Natural Sciences of Drexel University","2015-05-10","OKgcKejxXbI=","13C15N","2",,,100,"d15N",,"perMill",,"sample corrupted during analysis",
"bac33851-f79f-4b66-99d3-8d875df61ac0","D13","COMO","COMO.AOS.S2","2016-09-23","COMO.SS.20160923.POM.2",,"other","Academy of Natural Sciences of Drexel University","2015-05-10","OKgcKejxXbI=","13C15N","2",,,100,"d13C",,"perMill",,"sample corrupted during analysis",
