uid,domainID,siteID,namedLocation,collectDate,sampleID,sampleCode,sampleCondition,laboratoryName,analysisDate,analyzedBy,sampleType,replicate,sampleVolumeFiltered,filterSize,percentFilterAnalyzed,analyte,analyteConcentration,plantAlgaeLabUnits,method,externalRemarks,externalLabDataQF
"de915fc0-ed9e-452e-b120-d81bdb2d1b4c","D03","SUGG","SUGG.AOS.inlet","2016-06-14","SUGG.IN.20160614.POM.2",,"condition ok","Academy of Natural Sciences of Drexel University","2017-05-18","OKgcKejxXbI=","13C15N","2",,,100,"d15N",1.18,"perMill",,"Difference in volume filtered",
"2341b661-9afc-4443-9c84-c44836389644","D03","SUGG","SUGG.AOS.inlet","2016-06-14","SUGG.IN.20160614.POM.2",,"condition ok","Academy of Natural Sciences of Drexel University","2017-05-18","OKgcKejxXbI=","13C15N","2",,,100,"d13C",-33.69,"perMill",,"Difference in volume filtered",
"fe6b66ad-e6ef-4899-a5fe-78b60b248f44","D03","SUGG","SUGG.AOS.inlet","2016-06-14","SUGG.IN.20160614.POM.1",,"condition ok","Academy of Natural Sciences of Drexel University","2017-03-03","OKgcKejxXbI=","13C15N","1",,,100,"d13C",-32.17,"perMill",,"Difference in volume filtered",
"5afa53b5-4578-4574-856d-2a4de003b4aa","D03","SUGG","SUGG.AOS.inlet","2016-06-14","SUGG.IN.20160614.POM.1",,"condition ok","Academy of Natural Sciences of Drexel University","2017-03-03","OKgcKejxXbI=","13C15N","1",,,100,"d15N",2.01,"perMill",,"Difference in volume filtered",
"a61055f5-fc50-495c-b61b-6dd0f49a9a54","D03","SUGG","SUGG.AOS.outlet","2016-06-14","SUGG.OT.20160614.POM.1",,"condition ok","Academy of Natural Sciences of Drexel University","2017-03-03","OKgcKejxXbI=","13C15N","1",,,100,"d15N",2.04,"perMill",,,
"3bcb4ba6-8985-4921-a42a-7c92a920f1b0","D03","SUGG","SUGG.AOS.outlet","2016-06-14","SUGG.OT.20160614.POM.2",,"condition ok","Academy of Natural Sciences of Drexel University","2017-05-18","OKgcKejxXbI=","13C15N","2",,,100,"d15N",1.80,"perMill",,,
"28288cfb-0421-466e-91e7-995b9aa727ec","D03","SUGG","SUGG.AOS.outlet","2016-06-14","SUGG.OT.20160614.POM.1",,"condition ok","Academy of Natural Sciences of Drexel University","2017-03-03","OKgcKejxXbI=","13C15N","1",,,100,"d13C",-32.09,"perMill",,,
"8d51586c-9cb3-47aa-8400-784fe95d90e8","D03","SUGG","SUGG.AOS.outlet","2016-06-14","SUGG.OT.20160614.POM.2",,"condition ok","Academy of Natural Sciences of Drexel University","2017-05-18","OKgcKejxXbI=","13C15N","2",,,100,"d13C",-31.90,"perMill",,,
"a59e131b-42d1-4188-9443-263597e5de97","D03","SUGG","SUGG.AOS.buoy.c0","2016-06-14","SUGG.C0.20160614.POM.1",,"condition ok","Academy of Natural Sciences of Drexel University","2017-03-03","OKgcKejxXbI=","13C15N","1",,,100,"d13C",-32.59,"perMill",,,
"7de2feb0-8db5-4b3c-a452-d7fe898727ef","D03","SUGG","SUGG.AOS.buoy.c0","2016-06-14","SUGG.C0.20160614.POM.2",,"condition ok","Academy of Natural Sciences of Drexel University","2017-05-18","OKgcKejxXbI=","13C15N","2",,,100,"d13C",-34.17,"perMill",,,
"c5371e66-7f8d-41ad-b3cf-10f5f3e4c0e3","D03","SUGG","SUGG.AOS.buoy.c0","2016-06-14","SUGG.C0.20160614.POM.2",,"condition ok","Academy of Natural Sciences of Drexel University","2017-05-18","OKgcKejxXbI=","13C15N","2",,,100,"d15N",0.00,"perMill",,,
"39a00b58-011a-4086-9725-846fb25721ec","D03","SUGG","SUGG.AOS.buoy.c0","2016-06-14","SUGG.C0.20160614.POM.1",,"condition ok","Academy of Natural Sciences of Drexel University","2017-03-03","OKgcKejxXbI=","13C15N","1",,,100,"d15N",0.70,"perMill",,,
