uid,domainID,siteID,namedLocation,collectDate,sampleID,sampleCode,sampleCondition,laboratoryName,analysisDate,analyzedBy,sampleType,replicate,sampleVolumeFiltered,filterSize,percentFilterAnalyzed,analyte,analyteConcentration,plantAlgaeLabUnits,method,externalRemarks,externalLabDataQF
"264ae0e6-2e06-451b-a58c-2967c49e8469","D08","MAYF","MAYF.AOS.S2","2019-01-24","MAYF.SS.20190124.POM.1","A00000048012","condition ok","SIRFER Lab at University of Utah","2019-04-18","ElFtGy1kV49xqNP00HfxQA==","POM","1",50,25,100,"carbon",1651.81,"microgramsPerLiter","Revesz & Coplen 2012a",,
"e2469ecd-50c9-4bf6-8ff0-b61691db5212","D08","MAYF","MAYF.AOS.S2","2019-01-24","MAYF.SS.20190124.POM.1","A00000048012","condition ok","SIRFER Lab at University of Utah","2019-04-18","ElFtGy1kV49xqNP00HfxQA==","POM","1",50,25,100,"d13C",-28.09,"perMill","Revesz & Coplen 2012a",,
"690c7de5-26e1-4848-be7e-11b7780c7f57","D08","MAYF","MAYF.AOS.S2","2019-01-24","MAYF.SS.20190124.POM.1","A00000048012","condition ok","SIRFER Lab at University of Utah","2019-04-18","ElFtGy1kV49xqNP00HfxQA==","POM","1",50,25,100,"nitrogen",103.41,"microgramsPerLiter","Revesz & Coplen 2012a",,
"af48cbfb-3059-41dc-8498-5262a9804cd6","D08","MAYF","MAYF.AOS.S2","2019-01-24","MAYF.SS.20190124.POM.1","A00000048012","condition ok","SIRFER Lab at University of Utah","2019-04-18","ElFtGy1kV49xqNP00HfxQA==","POM","1",50,25,100,"d15N",3.07,"perMill","Revesz & Coplen 2012a",,
"1b60a7b0-d3fe-4896-9935-6861410713b2","D08","MAYF","MAYF.AOS.S2","2019-01-31","MAYF.SS.20190131.POM.1","A00000047986","condition ok","SIRFER Lab at University of Utah","2019-04-18","ElFtGy1kV49xqNP00HfxQA==","POM","1",200,25,100,"nitrogen",25.00,"microgramsPerLiter","Revesz & Coplen 2012a",,
"19213d74-e81c-4000-860a-5607667b092d","D08","MAYF","MAYF.AOS.S2","2019-01-31","MAYF.SS.20190131.POM.1","A00000047986","condition ok","SIRFER Lab at University of Utah","2019-04-18","ElFtGy1kV49xqNP00HfxQA==","POM","1",200,25,100,"carbon",391.43,"microgramsPerLiter","Revesz & Coplen 2012a",,
"fe3a2f8c-1cfa-43e2-8a89-6954f76f485e","D08","MAYF","MAYF.AOS.S2","2019-01-31","MAYF.SS.20190131.POM.1","A00000047986","condition ok","SIRFER Lab at University of Utah","2019-04-18","ElFtGy1kV49xqNP00HfxQA==","POM","1",200,25,100,"d15N",3.30,"perMill","Revesz & Coplen 2012a",,
"07a44db1-4c47-40aa-8278-34ff3235272b","D08","MAYF","MAYF.AOS.S2","2019-01-31","MAYF.SS.20190131.POM.1","A00000047986","condition ok","SIRFER Lab at University of Utah","2019-04-18","ElFtGy1kV49xqNP00HfxQA==","POM","1",200,25,100,"d13C",-28.65,"perMill","Revesz & Coplen 2012a",,
