uid,domainID,siteID,namedLocation,collectDate,parentSampleID,parentSampleCode,isotopeH2OSampleCond,isotopeH2OSampleID,isotopeH2OSampleCode,isotopePOMRep2SampleCond,isotopePOMRep2SampleID,isotopePOMRep2SampleCode,isotopePOMSampleCond,isotopePOMSampleID,isotopePOMSampleCode,processedDateFilters,processedDateH2OIsotopes,sampleVolumeFilteredPOMRep1,sampleVolumeFilteredPOMRep2,fieldDataQF
"ab469591-3d48-4269-acc4-1a1a8a5bcbcc","D07","WALK","WALK.AOS.S2","2019-09-04T12:58Z","WALK.SS.20190904",,"Sample condition ok","WALK.SS.20190904.H2O.1","A00000142150","Sample condition ok","WALK.SS.20190904.POM.2","A00000142160","Sample condition ok","WALK.SS.20190904.POM.1","A00000142171","2019-09-04T15:03Z","2019-09-04T13:15Z",1000,1000,
"55840c82-5d29-4a66-92db-ea6e3292b230","D07","WALK","WALK.AOS.S2","2019-09-04T12:58Z","WALK.SS.20190904",,"Sample condition ok","WALK.SS.20190904.H2O.2","A00000142151",,,,,,,,"2019-09-04T13:15Z",,,
"ed6eaf74-706a-45e6-ab4e-e510e55c355b","D07","WALK","WALK.AOS.S2","2019-09-04T12:58Z","WALK.SS.20190904",,"Sample condition ok","WALK.SS.20190904.H2O.3","A00000142149",,,,,,,,"2019-09-04T13:16Z",,,
"0e1bc45d-57ea-493d-b745-092551861abf","D07","WALK","WALK.AOS.S2","2019-09-16T13:35Z","WALK.SS.20190916",,"Sample condition ok","WALK.SS.20190916.H2O.1","A00000141867","Sample condition ok","WALK.SS.20190916.POM.2","A00000141872","Sample condition ok","WALK.SS.20190916.POM.1","A00000141873","2019-09-16T16:03Z","2019-09-16T13:35Z",1000,1000,
