uid,domainID,siteID,namedLocation,collectDate,sampleID,sampleCode,sampleCondition,laboratoryName,analysisDate,analyzedBy,sampleType,replicate,sampleVolumeFiltered,filterSize,percentFilterAnalyzed,analyte,analyteConcentration,plantAlgaeLabUnits,method,externalRemarks,externalLabDataQF
"b5ea5328-3c01-4cc5-bc9e-61c819a2348b","D09","PRLA","PRLA.AOS.inlet","2016-05-02","PRLA.IN.20160502.POM.1",,"other","Academy of Natural Sciences of Drexel University","2017-01-31","OKgcKejxXbI=","13C15N","1",,,100,"d15N",6.77,"perMill",,"Filter folded poorly which led to spillage",
"59faed84-f443-440a-99aa-342d59758245","D09","PRLA","PRLA.AOS.inlet","2016-05-02","PRLA.IN.20160502.POM.1",,"other","Academy of Natural Sciences of Drexel University","2017-01-31","OKgcKejxXbI=","13C15N","1",,,100,"d13C",,"perMill",,"sample maxed out collector",
"8e3f2db5-9f37-483d-8403-75d1207e1177","D09","PRLA","PRLA.AOS.inlet","2016-05-02","PRLA.IN.20160502.POM.2",,"other","Academy of Natural Sciences of Drexel University","2017-02-15","OKgcKejxXbI=","13C15N","2",,,100,"d13C",-26.92,"perMill",,"Filter folded poorly which led to spillage",
"32f5256a-efd0-49bc-8458-ead7ae29fed3","D09","PRLA","PRLA.AOS.inlet","2016-05-02","PRLA.IN.20160502.POM.2",,"other","Academy of Natural Sciences of Drexel University","2017-02-15","OKgcKejxXbI=","13C15N","2",,,100,"d15N",11.75,"perMill",,"Filter folded poorly which led to spillage",
"6523a703-7e51-4c1c-b799-5314199bd2ca","D09","PRLA","PRLA.AOS.buoy.c0","2016-05-02","PRLA.C0.20160502.POM.1",,"other","Academy of Natural Sciences of Drexel University","2017-01-31","OKgcKejxXbI=","13C15N","1",,,100,"d15N",6.58,"perMill",,"Filter folded poorly which led to spillage",
"8798a7ae-01ec-4505-be3e-85d2a562ab6f","D09","PRLA","PRLA.AOS.buoy.c0","2016-05-02","PRLA.C0.20160502.POM.2",,"other","Academy of Natural Sciences of Drexel University","2017-02-15","OKgcKejxXbI=","13C15N","2",,,100,"d15N",7.99,"perMill",,"Filter folded poorly which led to spillage",
"b5c43e09-c643-4645-b458-99060dacbb5f","D09","PRLA","PRLA.AOS.buoy.c0","2016-05-02","PRLA.C0.20160502.POM.1",,"other","Academy of Natural Sciences of Drexel University","2017-01-31","OKgcKejxXbI=","13C15N","1",,,100,"d13C",,"perMill",,"sample maxed out collector",
"2822f561-5867-4df5-aaf6-f48f33e98bed","D09","PRLA","PRLA.AOS.buoy.c0","2016-05-02","PRLA.C0.20160502.POM.2",,"other","Academy of Natural Sciences of Drexel University","2017-02-15","OKgcKejxXbI=","13C15N","2",,,100,"d13C",-29.80,"perMill",,"Filter folded poorly which led to spillage",
"21320560-eb3e-4042-86dc-820add2c18ea","D09","PRLA","PRLA.AOS.outlet","2016-05-02","PRLA.OT.20160502.POM.1",,"other","Academy of Natural Sciences of Drexel University","2017-01-31","OKgcKejxXbI=","13C15N","1",,,100,"d13C",-28.14,"perMill",,"Filter folded poorly which led to spillage",
"303061e9-c34f-4a8b-800b-77e29bb85917","D09","PRLA","PRLA.AOS.outlet","2016-05-02","PRLA.OT.20160502.POM.2",,"other","Academy of Natural Sciences of Drexel University","2017-02-15","OKgcKejxXbI=","13C15N","2",,,100,"d15N",8.34,"perMill",,"Filter folded poorly which led to spillage",
"f67c53d7-11d9-4ac1-9448-4077e92a6029","D09","PRLA","PRLA.AOS.outlet","2016-05-02","PRLA.OT.20160502.POM.1",,"other","Academy of Natural Sciences of Drexel University","2017-01-31","OKgcKejxXbI=","13C15N","1",,,100,"d15N",7.39,"perMill",,"Filter folded poorly which led to spillage",
"8510160a-002f-4e39-8f82-67adcafcc749","D09","PRLA","PRLA.AOS.outlet","2016-05-02","PRLA.OT.20160502.POM.2",,"other","Academy of Natural Sciences of Drexel University","2017-02-15","OKgcKejxXbI=","13C15N","2",,,100,"d13C",-27.45,"perMill",,"Filter folded poorly which led to spillage",
