uid,domainID,siteID,namedLocation,collectDate,sampleID,sampleCode,sampleCondition,laboratoryName,analysisDate,analyzedBy,sampleType,replicate,sampleVolumeFiltered,filterSize,percentFilterAnalyzed,analyte,analyteConcentration,plantAlgaeLabUnits,method,externalRemarks,externalLabDataQF
"9dcd06ec-d49a-489c-b83a-94bb044f3ffa","D13","COMO","COMO.AOS.S2","2015-12-08","COMO.SS.20151208.POM.1",,"condition ok","Academy of Natural Sciences of Drexel University","2016-09-13","OKgcKejxXbI=","13C15N","1",150,25,100,"d15N",2.02,"perMill",,,"Audit Failed. Document: A00036_DREX_AlgalChem_DocAudit_20170407.pdf & A00036_DREX_AlgalChem_VisitAudit_20170407.pdf"
"6f545af9-9fd2-4a0e-b3f5-2fa3581ff1a2","D13","COMO","COMO.AOS.S2","2015-12-08","COMO.SS.20151208.POM.2",,"condition ok","Academy of Natural Sciences of Drexel University","2017-01-17","OKgcKejxXbI=","13C15N","2",,,100,"d13C",-27.01,"perMill",,,
"e874ff7d-44a7-4ca4-a79b-0a9706c8ea48","D13","COMO","COMO.AOS.S2","2015-12-08","COMO.SS.20151208.POM.2",,"condition ok","Academy of Natural Sciences of Drexel University","2017-01-17","OKgcKejxXbI=","13C15N","2",150,25,100,"d15N",2.53,"perMill",,,"Audit Failed. Document: A00036_DREX_AlgalChem_DocAudit_20170407.pdf & A00036_DREX_AlgalChem_VisitAudit_20170407.pdf"
"f370d0f3-00e6-4849-b903-5e6bafe2c710","D13","COMO","COMO.AOS.S2","2015-12-08","COMO.SS.20151208.POM.2",,"condition ok","Academy of Natural Sciences of Drexel University","2017-01-17","OKgcKejxXbI=","13C15N","2",150,25,100,"d13C",-27.01,"perMill",,,"Audit Failed. Document: A00036_DREX_AlgalChem_DocAudit_20170407.pdf & A00036_DREX_AlgalChem_VisitAudit_20170407.pdf"
"7583a090-3ef2-4fc6-ab7f-f30a168bdaa8","D13","COMO","COMO.AOS.S2","2015-12-08","COMO.SS.20151208.POM.1",,"condition ok","Academy of Natural Sciences of Drexel University","2016-09-13","OKgcKejxXbI=","13C15N","1",150,25,100,"d13C",-26.87,"perMill",,,"Audit Failed. Document: A00036_DREX_AlgalChem_DocAudit_20170407.pdf & A00036_DREX_AlgalChem_VisitAudit_20170407.pdf"
"61c108d5-338e-4db7-8e5c-6e0983511142","D13","COMO","COMO.AOS.S2","2015-12-08","COMO.SS.20151208.POM.1",,"condition ok","Academy of Natural Sciences of Drexel University","2016-09-13","OKgcKejxXbI=","13C15N","1",,,100,"d15N",2.02,"perMill",,,
"f50300cf-7f8e-4d5e-a89a-83d05b687b29","D13","COMO","COMO.AOS.S2","2015-12-08","COMO.SS.20151208.POM.2",,"condition ok","Academy of Natural Sciences of Drexel University","2017-01-17","OKgcKejxXbI=","13C15N","2",,,100,"d15N",2.53,"perMill",,,
"514b2085-ab53-43b8-9408-0e9583a1df64","D13","COMO","COMO.AOS.S2","2015-12-08","COMO.SS.20151208.POM.1",,"condition ok","Academy of Natural Sciences of Drexel University","2016-09-13","OKgcKejxXbI=","13C15N","1",,,100,"d13C",-26.87,"perMill",,,
