uid,domainID,siteID,namedLocation,collectDate,sampleID,sampleCode,sampleCondition,laboratoryName,analysisDate,analyzedBy,sampleType,replicate,sampleVolumeFiltered,filterSize,percentFilterAnalyzed,analyte,analyteConcentration,plantAlgaeLabUnits,method,externalRemarks,externalLabDataQF
"49ebe94b-f6b6-4e82-8c63-8dc1723fdfa8","D09","PRPO","PRPO.AOS.inlet","2016-08-02","PRPO.IN.20160802.POM.1",,"condition ok","Academy of Natural Sciences of Drexel University","2017-03-28","OKgcKejxXbI=","13C15N","1",,,100,"d15N",8.98,"perMill",,,
"d308616c-fa2f-430d-8fab-0656474567ac","D09","PRPO","PRPO.AOS.inlet","2016-08-02","PRPO.IN.20160802.POM.2",,"condition ok","Academy of Natural Sciences of Drexel University","2017-06-01","OKgcKejxXbI=","13C15N","2",,,100,"d13C",-31.07,"perMill",,,
"c0a8e0c5-e59a-4b44-9d60-a3bfee3ccfd4","D09","PRPO","PRPO.AOS.inlet","2016-08-02","PRPO.IN.20160802.POM.2",,"condition ok","Academy of Natural Sciences of Drexel University","2017-06-01","OKgcKejxXbI=","13C15N","2",,,100,"d15N",8.57,"perMill",,,
"8ed28857-b3cd-43da-af55-f41a5091b326","D09","PRPO","PRPO.AOS.inlet","2016-08-02","PRPO.IN.20160802.POM.1",,"condition ok","Academy of Natural Sciences of Drexel University","2017-03-28","OKgcKejxXbI=","13C15N","1",,,100,"d13C",-30.64,"perMill",,,
"ce159b94-f509-49fc-b6a5-9638141f1fa6","D09","PRPO","PRPO.AOS.buoy.c0","2016-08-02","PRPO.C0.20160802.POM.2",,"condition ok","Academy of Natural Sciences of Drexel University","2017-06-01","OKgcKejxXbI=","13C15N","2",,,100,"d13C",-30.86,"perMill",,,
"2137adbc-ca4d-4569-b905-01512126f50a","D09","PRPO","PRPO.AOS.buoy.c0","2016-08-02","PRPO.C0.20160802.POM.2",,"condition ok","Academy of Natural Sciences of Drexel University","2017-06-01","OKgcKejxXbI=","13C15N","2",,,100,"d15N",8.47,"perMill",,,
"4844d250-a316-4187-9600-e853fac25f7c","D09","PRPO","PRPO.AOS.buoy.c0","2016-08-02","PRPO.C0.20160802.POM.1",,"condition ok","Academy of Natural Sciences of Drexel University","2017-03-28","OKgcKejxXbI=","13C15N","1",,,100,"d15N",8.69,"perMill",,,
"a1e4af03-dc92-4c71-b636-ed0c51fd934b","D09","PRPO","PRPO.AOS.buoy.c0","2016-08-02","PRPO.C0.20160802.POM.1",,"condition ok","Academy of Natural Sciences of Drexel University","2017-03-28","OKgcKejxXbI=","13C15N","1",,,100,"d13C",-30.20,"perMill",,,
"01f839bc-18f4-4e6c-aa7a-edc8ecbac11f","D09","PRPO","PRPO.AOS.outlet","2016-08-02","PRPO.OT.20160802.POM.2",,"condition ok","Academy of Natural Sciences of Drexel University","2017-06-01","OKgcKejxXbI=","13C15N","2",,,100,"d13C",-31.93,"perMill",,,
"9c26d0e1-1df8-44d4-80ed-7e5d9b445235","D09","PRPO","PRPO.AOS.outlet","2016-08-02","PRPO.OT.20160802.POM.1",,"other","Academy of Natural Sciences of Drexel University","2017-03-28","OKgcKejxXbI=","13C15N","1",,,100,"d15N",9.02,"perMill",,"Poor folding, slight leakage",
"b74041bb-15ae-4d67-9f81-23811a15a600","D09","PRPO","PRPO.AOS.outlet","2016-08-02","PRPO.OT.20160802.POM.2",,"condition ok","Academy of Natural Sciences of Drexel University","2017-06-01","OKgcKejxXbI=","13C15N","2",,,100,"d15N",8.93,"perMill",,,
"1194422e-a128-480f-83e9-1211b788010f","D09","PRPO","PRPO.AOS.outlet","2016-08-02","PRPO.OT.20160802.POM.1",,"other","Academy of Natural Sciences of Drexel University","2017-03-28","OKgcKejxXbI=","13C15N","1",,,100,"d13C",-31.50,"perMill",,"Poor folding, slight leakage",
