uid,domainID,siteID,namedLocation,collectDate,sampleID,sampleCode,sampleCondition,laboratoryName,analysisDate,analyzedBy,sampleType,replicate,sampleVolumeFiltered,filterSize,percentFilterAnalyzed,analyte,analyteConcentration,plantAlgaeLabUnits,method,externalRemarks,externalLabDataQF
"2f51878d-8327-4748-8a13-7b2f36df856a","D02","POSE","POSE.AOS.S2","2015-08-11","POSE.SS.20150811.POM.1",,"condition ok","Academy of Natural Sciences of Drexel University","2016-03-31","OKgcKejxXbI=","13C15N","1",,,100,"d15N",3.86,"perMill",,,
"ec515166-3030-4b09-a94d-626ae3f7f4fe","D02","POSE","POSE.AOS.S2","2015-08-11","POSE.SS.20150811.POM.1",,"condition ok","Academy of Natural Sciences of Drexel University","2016-03-31","OKgcKejxXbI=","13C15N","1",,,100,"d13C",-26.81,"perMill",,,
"70401e12-4ea6-4ebd-bef9-78758713061a","D02","POSE","POSE.AOS.S2","2015-08-11","POSE.SS.20150811.POM.2",,"condition ok","Academy of Natural Sciences of Drexel University","2016-03-31","OKgcKejxXbI=","13C15N","2",,,100,"d15N",1.45,"perMill",,,
"199926c7-4239-4405-80cd-e797ba5245a9","D02","POSE","POSE.AOS.S2","2015-08-11","POSE.SS.20150811.POM.2",,"condition ok","Academy of Natural Sciences of Drexel University","2016-03-31","OKgcKejxXbI=","13C15N","2",,,100,"d13C",-28.16,"perMill",,,
"a922bfa9-dd88-4d58-b55c-3f37e6d68a27","D02","POSE","POSE.AOS.S2","2015-08-11","POSE.SS.20150811.POM.1",,"condition ok","Academy of Natural Sciences of Drexel University","2016-03-31","OKgcKejxXbI=","13C15N","1",150,25,100,"d15N",3.86,"perMill",,,"Audit Failed. Document: A00036_DREX_AlgalChem_DocAudit_20170407.pdf & A00036_DREX_AlgalChem_VisitAudit_20170407.pdf"
"515a0b3e-1457-436e-992c-415ed681376c","D02","POSE","POSE.AOS.S2","2015-08-11","POSE.SS.20150811.POM.2",,"condition ok","Academy of Natural Sciences of Drexel University","2016-03-31","OKgcKejxXbI=","13C15N","2",150,25,100,"d13C",-28.16,"perMill",,,"Audit Failed. Document: A00036_DREX_AlgalChem_DocAudit_20170407.pdf & A00036_DREX_AlgalChem_VisitAudit_20170407.pdf"
"6b5bef6e-3a2e-4058-b553-b8ca5656a239","D02","POSE","POSE.AOS.S2","2015-08-11","POSE.SS.20150811.POM.2",,"condition ok","Academy of Natural Sciences of Drexel University","2016-03-31","OKgcKejxXbI=","13C15N","2",150,25,100,"d15N",1.45,"perMill",,,"Audit Failed. Document: A00036_DREX_AlgalChem_DocAudit_20170407.pdf & A00036_DREX_AlgalChem_VisitAudit_20170407.pdf"
"d2d0c2d1-5629-43a6-ad2b-57b103255dc4","D02","POSE","POSE.AOS.S2","2015-08-11","POSE.SS.20150811.POM.1",,"condition ok","Academy of Natural Sciences of Drexel University","2016-03-31","OKgcKejxXbI=","13C15N","1",150,25,100,"d13C",-26.81,"perMill",,,"Audit Failed. Document: A00036_DREX_AlgalChem_DocAudit_20170407.pdf & A00036_DREX_AlgalChem_VisitAudit_20170407.pdf"
"e217de61-821a-4601-8356-022604a1c697","D02","POSE","POSE.AOS.S2","2015-08-25","POSE.SS.20150825.POM.2",,"condition ok","Academy of Natural Sciences of Drexel University","2016-03-31","OKgcKejxXbI=","13C15N","2",,,100,"d15N",2.37,"perMill",,,
"e92a374d-3493-4d58-974d-0b5c337dcb4c","D02","POSE","POSE.AOS.S2","2015-08-25","POSE.SS.20150825.POM.1",,"condition ok","Academy of Natural Sciences of Drexel University","2016-03-31","OKgcKejxXbI=","13C15N","1",,,100,"d13C",-27.82,"perMill",,,
"a23fd64e-1993-4154-9186-cfaceab7b264","D02","POSE","POSE.AOS.S2","2015-08-25","POSE.SS.20150825.POM.2",,"condition ok","Academy of Natural Sciences of Drexel University","2016-03-31","OKgcKejxXbI=","13C15N","2",,,100,"d13C",-28.02,"perMill",,,
"40071824-642a-4385-ba05-ad9c6aac32cf","D02","POSE","POSE.AOS.S2","2015-08-25","POSE.SS.20150825.POM.1",,"condition ok","Academy of Natural Sciences of Drexel University","2016-03-31","OKgcKejxXbI=","13C15N","1",,,100,"d15N",2.19,"perMill",,,
"3cec21c3-d906-4b97-8a3f-a9da70b5b5ca","D02","POSE","POSE.AOS.S2","2015-08-25","POSE.SS.20150825.POM.1",,"condition ok","Academy of Natural Sciences of Drexel University","2016-03-31","OKgcKejxXbI=","13C15N","1",150,25,100,"d13C",-27.82,"perMill",,,"Audit Failed. Document: A00036_DREX_AlgalChem_DocAudit_20170407.pdf & A00036_DREX_AlgalChem_VisitAudit_20170407.pdf"
"76ff0b27-4852-4b03-a27f-1172b56d9526","D02","POSE","POSE.AOS.S2","2015-08-25","POSE.SS.20150825.POM.1",,"condition ok","Academy of Natural Sciences of Drexel University","2016-03-31","OKgcKejxXbI=","13C15N","1",150,25,100,"d15N",2.19,"perMill",,,"Audit Failed. Document: A00036_DREX_AlgalChem_DocAudit_20170407.pdf & A00036_DREX_AlgalChem_VisitAudit_20170407.pdf"
"7e7da202-4600-4546-a530-febb0b804417","D02","POSE","POSE.AOS.S2","2015-08-25","POSE.SS.20150825.POM.2",,"condition ok","Academy of Natural Sciences of Drexel University","2016-03-31","OKgcKejxXbI=","13C15N","2",150,25,100,"d13C",-28.02,"perMill",,,"Audit Failed. Document: A00036_DREX_AlgalChem_DocAudit_20170407.pdf & A00036_DREX_AlgalChem_VisitAudit_20170407.pdf"
"4e102a66-5ed8-4973-b6a9-0870b524f23a","D02","POSE","POSE.AOS.S2","2015-08-25","POSE.SS.20150825.POM.2",,"condition ok","Academy of Natural Sciences of Drexel University","2016-03-31","OKgcKejxXbI=","13C15N","2",150,25,100,"d15N",2.37,"perMill",,,"Audit Failed. Document: A00036_DREX_AlgalChem_DocAudit_20170407.pdf & A00036_DREX_AlgalChem_VisitAudit_20170407.pdf"
