uid,domainID,siteID,namedLocation,collectDate,analysisDate,isotopeH2OSampleID,isotopeH2OSampleCode,instrumentSN,d18OWater,d2HWater,d18OsdWater,d2HsdWater,isotopeH2OExternalLabQF,laboratoryName,analyzedBy,sampleCondition,externalRemarks,externalLabDataQF
"20398663-a2cb-4027-b88e-0d9f77084207","D12","BLDE","BLDE.AOS.S2","2019-05-02","2019-07-08","BLDE.SS.20190502.H2O.1","A00000031020","HIDS2052",-19.05,-144.90,0.09,0.39,0,"SIRFER Lab at University of Utah","OlSmE6RRn5QQH8tvUHmK5i/poYiQr6sd","OK",,
"2a0cf95d-0b90-4677-aaac-8ece6bbfc90b","D12","BLDE","BLDE.AOS.S2","2019-05-07","2019-07-08","BLDE.SS.20190507.H2O.1","A00000031023","HIDS2052",-19.29,-146.07,0.04,0.25,0,"SIRFER Lab at University of Utah","OlSmE6RRn5QQH8tvUHmK5i/poYiQr6sd","OK",,
"4adaf90c-70e8-421a-b3e9-f49909153c39","D12","BLDE","BLDE.AOS.S2","2019-05-20","2019-07-08","BLDE.SS.20190520.H2O.1","A00000053931","HIDS2052",-19.17,-144.74,0.04,0.22,0,"SIRFER Lab at University of Utah","OlSmE6RRn5QQH8tvUHmK5i/poYiQr6sd","OK",,
"17daf281-fb32-4146-ab16-2b7672f87ef4","D12","BLDE","BLDE.AOS.S2","2019-05-28","2019-07-08","BLDE.SS.20190528.H2O.1","A00000053847","HIDS2052",-19.11,-144.47,0.04,0.32,0,"SIRFER Lab at University of Utah","OlSmE6RRn5QQH8tvUHmK5i/poYiQr6sd","OK",,
