uid,domainID,siteID,namedLocation,decimalLatitude,decimalLongitude,coordinateUncertainty,additionalCoordUncertainty,elevation,elevationUncertainty,geodeticDatum,altLocation,altLatitude,altLongitude,altCoordinateUncertainty,altGeodeticDatum,collectDate,aquaticSiteType,samplingImpractical,parentSampleID,parentSampleCode,eventID,samplerType,dissolvedOxygen,dissolvedOxygenSaturation,specificConductance,waterTemp,asiSamplingProtocolVersion,lowerSegmentDepth,upperSegmentDepth,maxDepth,lakeSampleDepth1,lakeSampleDepth2,aCollectedBy,bCollectedBy,remarks,fieldDataQF
"3c6fa9ac-e84c-4110-ba07-7fe2c0b49506","D12","BLDE","BLDE.AOS.S2",44.953606,-110.589396,0.1,10.0,2023.3,0.1,"WGS84",,,,,,"2019-05-02T16:55Z","stream",,"BLDE.SS.20190502",,"BLDE.20190502","Grab",11.29,81.00,107.10,1.70,"NEON.DOC.001886vG",,,,,,"0000-0003-0371-727X","0000-0003-4208-4989","Water from East Fork Blacktail Deer Creek floodplain flowing into Blacktail Deer creek upstream of sample collection.",
"596643d5-767b-4c19-9cac-5744edd13f18","D12","BLDE","BLDE.AOS.S2",44.953606,-110.589396,0.1,10.0,2023.3,0.1,"WGS84",,,,,,"2019-05-07T18:20Z","stream",,"BLDE.SS.20190507",,"BLDE.20190507","Grab",11.66,85.90,85.10,2.70,"NEON.DOC.001886vG",,,,,,"0000-0003-0371-727X","0000-0003-4208-4989","Water from East Fork Blacktail Deer Creek floodplain flowing into Blacktail Deer creek upstream of sample collection.",
"1ff9b467-15eb-48c9-998c-8b4588297a81","D12","BLDE","BLDE.AOS.S2",44.953606,-110.589396,0.1,10.0,2023.3,0.1,"WGS84",,,,,,"2019-05-20T18:35Z","stream",,"BLDE.SS.20190520",,"BLDE.20190520","Grab",10.52,81.10,68.80,4.40,"NEON.DOC.001886vG",,,,,,"0000-0003-0371-727X","0000-0003-4208-4989","Water from East Fork Blacktail Deer Creek floodplain flowing into Blacktail Deer creek upstream of sample collection.",
"64f05163-f57e-47a5-905d-3417de4f213d","D12","BLDE","BLDE.AOS.S2",44.953606,-110.589396,0.1,10.0,2023.3,0.1,"WGS84",,,,,,"2019-05-28T19:11Z","stream",,"BLDE.SS.20190528",,"BLDE.20190528","Grab",10.30,86.50,69.70,8.00,"NEON.DOC.001886vG",,,,,,"0000-0003-0371-727X","0000-0002-5114-0770","Water from East Fork Blacktail Deer Creek floodplain flowing into Blacktail Deer creek upstream of sample collection.",
