uid,domainID,siteID,namedLocation,collectDate,sampleID,sampleCode,sampleCondition,laboratoryName,analysisDate,analyzedBy,sampleType,replicate,sampleVolumeFiltered,filterSize,percentFilterAnalyzed,analyte,analyteConcentration,plantAlgaeLabUnits,method,externalRemarks,externalLabDataQF
"14e3a6dc-779f-4c43-bc24-f9a412b20497","D12","BLDE","BLDE.AOS.S2","2019-05-02","BLDE.SS.20190502.POM.1","A00000053986","condition ok","SIRFER Lab at University of Utah","2019-08-06","ElFtGy1kV49xqNP00HfxQA==","POM","1",300,25,100,"d13C",-27.03,"perMill","Revesz & Coplen 2012a",,
"4c71590d-348a-468f-bee1-582591d7c233","D12","BLDE","BLDE.AOS.S2","2019-05-02","BLDE.SS.20190502.POM.1","A00000053986","condition ok","SIRFER Lab at University of Utah","2019-08-06","ElFtGy1kV49xqNP00HfxQA==","POM","1",300,25,100,"nitrogen",46.22,"microgramsPerLiter","Revesz & Coplen 2012a",,
"105c7530-9637-4e4f-b467-ded4ab41e23f","D12","BLDE","BLDE.AOS.S2","2019-05-02","BLDE.SS.20190502.POM.1","A00000053986","condition ok","SIRFER Lab at University of Utah","2019-08-06","ElFtGy1kV49xqNP00HfxQA==","POM","1",300,25,100,"carbon",514.80,"microgramsPerLiter","Revesz & Coplen 2012a",,
"ad0c36e0-07dd-4220-bae2-0a6683ecec26","D12","BLDE","BLDE.AOS.S2","2019-05-02","BLDE.SS.20190502.POM.1","A00000053986","condition ok","SIRFER Lab at University of Utah","2019-08-06","ElFtGy1kV49xqNP00HfxQA==","POM","1",300,25,100,"d15N",10.74,"perMill","Revesz & Coplen 2012a",,
"9d230404-a15d-45b7-9f7a-93bc919dd24a","D12","BLDE","BLDE.AOS.S2","2019-05-07","BLDE.SS.20190507.POM.1","A00000053973","condition ok","SIRFER Lab at University of Utah","2019-08-06","ElFtGy1kV49xqNP00HfxQA==","POM","1",400,25,100,"d15N",5.38,"perMill","Revesz & Coplen 2012a",,
"8767900a-2fbb-4392-9a64-8d501541708e","D12","BLDE","BLDE.AOS.S2","2019-05-07","BLDE.SS.20190507.POM.1","A00000053973","condition ok","SIRFER Lab at University of Utah","2019-08-06","ElFtGy1kV49xqNP00HfxQA==","POM","1",400,25,100,"carbon",565.64,"microgramsPerLiter","Revesz & Coplen 2012a",,
"d1259f21-089f-44ae-8bcf-f872331616d7","D12","BLDE","BLDE.AOS.S2","2019-05-07","BLDE.SS.20190507.POM.1","A00000053973","condition ok","SIRFER Lab at University of Utah","2019-08-06","ElFtGy1kV49xqNP00HfxQA==","POM","1",400,25,100,"nitrogen",52.87,"microgramsPerLiter","Revesz & Coplen 2012a",,
"ed3eebca-cbf2-4065-9f86-048d592700ee","D12","BLDE","BLDE.AOS.S2","2019-05-07","BLDE.SS.20190507.POM.1","A00000053973","condition ok","SIRFER Lab at University of Utah","2019-08-06","ElFtGy1kV49xqNP00HfxQA==","POM","1",400,25,100,"d13C",-26.79,"perMill","Revesz & Coplen 2012a",,
