uid,domainID,siteID,namedLocation,collectDate,parentSampleID,parentSampleCode,isotopeH2OSampleCond,isotopeH2OSampleID,isotopeH2OSampleCode,isotopePOMRep2SampleCond,isotopePOMRep2SampleID,isotopePOMRep2SampleCode,isotopePOMSampleCond,isotopePOMSampleID,isotopePOMSampleCode,processedDateFilters,processedDateH2OIsotopes,sampleVolumeFilteredPOMRep1,sampleVolumeFilteredPOMRep2,fieldDataQF
"01a74079-a383-436b-876f-316539d35a2e","D12","BLDE","BLDE.AOS.S2","2019-05-02T16:55Z","BLDE.SS.20190502",,"Sample condition ok","BLDE.SS.20190502.H2O.1","A00000031020","Sample condition ok","BLDE.SS.20190502.POM.2","A00000053987","Sample condition ok","BLDE.SS.20190502.POM.1","A00000053986","2019-05-02T19:40Z","2019-05-02T19:40Z",300,300,
"81e299a8-4d3f-435e-bd38-ee6e09da8a94","D12","BLDE","BLDE.AOS.S2","2019-05-07T18:20Z","BLDE.SS.20190507",,"Sample condition ok","BLDE.SS.20190507.H2O.1","A00000031023","Sample condition ok","BLDE.SS.20190507.POM.2","A00000053972","Sample condition ok","BLDE.SS.20190507.POM.1","A00000053973","2019-05-07T20:56Z","2019-05-07T20:56Z",400,400,
"2a0e29ed-2995-422d-9ee5-fd889b115e40","D12","BLDE","BLDE.AOS.S2","2019-05-20T18:35Z","BLDE.SS.20190520",,"Sample condition ok","BLDE.SS.20190520.H2O.1","A00000053931","Sample condition ok","BLDE.SS.20190520.POM.2","A00000053884","Sample condition ok","BLDE.SS.20190520.POM.1","A00000053853","2019-05-20T20:48Z","2019-05-20T20:48Z",300,300,
"92756fcb-5976-4fc2-ad92-b9ca1dafcfe4","D12","BLDE","BLDE.AOS.S2","2019-05-28T19:11Z","BLDE.SS.20190528",,"Sample condition ok","BLDE.SS.20190528.H2O.1","A00000053847","Sample condition ok","BLDE.SS.20190528.POM.2","A00000053852","Sample condition ok","BLDE.SS.20190528.POM.1","A00000053834","2019-05-28T21:42Z","2019-05-28T21:59Z",300,300,
