uid,domainID,siteID,namedLocation,collectDate,sampleID,sampleCode,sampleCondition,laboratoryName,analysisDate,analyzedBy,sampleType,replicate,sampleVolumeFiltered,filterSize,percentFilterAnalyzed,analyte,analyteConcentration,plantAlgaeLabUnits,method,externalRemarks,externalLabDataQF
"3ee767c3-1014-4646-8990-0f19a92b9bce","D16","MART","MART.AOS.S2","2018-04-05","MART.SS.20180405.POM.1","A00000025703","condition ok","SIRFER Lab at University of Utah","2018-07-20","ElFtGy1kV49xqNP00HfxQA==","POM","1",1500,25,100,"d15N",0.87,"perMill","Revesz & Coplen 2012a",,
"61b6d977-f4ec-4c3e-992d-03021b473c8c","D16","MART","MART.AOS.S2","2018-04-05","MART.SS.20180405.POM.1","A00000025703","condition ok","SIRFER Lab at University of Utah","2018-07-20","ElFtGy1kV49xqNP00HfxQA==","POM","1",1500,25,100,"d13C",-28.11,"perMill","Revesz & Coplen 2012a",,
"4c3243ab-c220-4969-9f2f-ef66fa04f66f","D16","MART","MART.AOS.S2","2018-04-05","MART.SS.20180405.POM.1","A00000025703","condition ok","SIRFER Lab at University of Utah","2018-07-20","ElFtGy1kV49xqNP00HfxQA==","POM","1",1500,25,100,"nitrogen",7.20,"microgramsPerLiter","Revesz & Coplen 2012a",,
"2bd1564e-bc65-4158-9caf-bbf62eb68739","D16","MART","MART.AOS.S2","2018-04-05","MART.SS.20180405.POM.1","A00000025703","condition ok","SIRFER Lab at University of Utah","2018-07-20","ElFtGy1kV49xqNP00HfxQA==","POM","1",1500,25,100,"carbon",113.53,"microgramsPerLiter","Revesz & Coplen 2012a",,
"399ab5a3-d194-4528-800a-ed9f02ad2877","D16","MART","MART.AOS.S2","2018-04-10","MART.SS.20180410.POM.1","A00000025720","condition ok","SIRFER Lab at University of Utah","2018-07-23","ElFtGy1kV49xqNP00HfxQA==","POM","1",1000,25,100,"d15N",-4.99,"perMill","Revesz & Coplen 2012a",,
"67c739f0-9759-4c6b-b1aa-5b5a41f6ea2b","D16","MART","MART.AOS.S2","2018-04-10","MART.SS.20180410.POM.1","A00000025720","condition ok","SIRFER Lab at University of Utah","2018-07-23","ElFtGy1kV49xqNP00HfxQA==","POM","1",1000,25,100,"nitrogen",8.54,"microgramsPerLiter","Revesz & Coplen 2012a",,
"7f8abbb4-9e1d-48ce-837f-a48a31d92d74","D16","MART","MART.AOS.S2","2018-04-10","MART.SS.20180410.POM.1","A00000025720","condition ok","SIRFER Lab at University of Utah","2018-07-23","ElFtGy1kV49xqNP00HfxQA==","POM","1",1000,25,100,"d13C",-27.97,"perMill","Revesz & Coplen 2012a",,
"665698c9-2c77-4787-af8a-4cdb05a2838d","D16","MART","MART.AOS.S2","2018-04-10","MART.SS.20180410.POM.1","A00000025720","condition ok","SIRFER Lab at University of Utah","2018-07-23","ElFtGy1kV49xqNP00HfxQA==","POM","1",1000,25,100,"carbon",158.75,"microgramsPerLiter","Revesz & Coplen 2012a",,
"4a9315b3-681a-4f5f-9ac1-0bd02ca2a72b","D16","MART","MART.AOS.S2","2018-04-26","MART.SS.20180426.POM.1","A00000024219","condition ok","SIRFER Lab at University of Utah","2018-07-20","ElFtGy1kV49xqNP00HfxQA==","POM","1",1500,25,100,"carbon",781.47,"microgramsPerLiter","Revesz & Coplen 2012a",,
"4f537773-e59f-4a46-8e6c-6c6f6dc530dd","D16","MART","MART.AOS.S2","2018-04-26","MART.SS.20180426.POM.1","A00000024219","condition ok","SIRFER Lab at University of Utah","2018-07-20","ElFtGy1kV49xqNP00HfxQA==","POM","1",1500,25,100,"nitrogen",42.69,"microgramsPerLiter","Revesz & Coplen 2012a",,
"2c390982-67b4-4741-9ed4-43b513474c6b","D16","MART","MART.AOS.S2","2018-04-26","MART.SS.20180426.POM.1","A00000024219","condition ok","SIRFER Lab at University of Utah","2018-07-20","ElFtGy1kV49xqNP00HfxQA==","POM","1",1500,25,100,"d15N",-3.63,"perMill","Revesz & Coplen 2012a",,
"bd9a88ad-0951-4ed7-aa5a-6d74597295b0","D16","MART","MART.AOS.S2","2018-04-26","MART.SS.20180426.POM.1","A00000024219","condition ok","SIRFER Lab at University of Utah","2018-07-20","ElFtGy1kV49xqNP00HfxQA==","POM","1",1500,25,100,"d13C",-27.43,"perMill","Revesz & Coplen 2012a",,
