uid,domainID,siteID,namedLocation,collectDate,parentSampleID,parentSampleCode,isotopeH2OSampleCond,isotopeH2OSampleID,isotopeH2OSampleCode,isotopePOMRep2SampleCond,isotopePOMRep2SampleID,isotopePOMRep2SampleCode,isotopePOMSampleCond,isotopePOMSampleID,isotopePOMSampleCode,processedDateFilters,processedDateH2OIsotopes,sampleVolumeFilteredPOMRep1,sampleVolumeFilteredPOMRep2,fieldDataQF
"21330552-a0d6-4d66-8d2d-4a19e65da301","D17","TECR","TECR.AOS.S2","2019-06-05T18:00Z","TECR.SS.20190605",,"Sample condition ok","TECR.SS.20190605.H2O.1","A00000064016","Sample condition ok","TECR.SS.20190605.POM.2","A00000063747","Sample condition ok","TECR.SS.20190605.POM.1","A00000063042","2019-06-05T22:00Z","2019-06-05T18:22Z",1000,1000,
"9163f02e-f138-4dfd-973d-201ce3ca2f64","D17","TECR","TECR.AOS.S2","2019-06-10T20:00Z","TECR.SS.20190610",,"Sample condition ok","TECR.SS.20190610.H2O.1","A00000063593","Sample condition ok","TECR.SS.20190610.POM.2","A00000063994","Sample condition ok","TECR.SS.20190610.POM.1","A00000063993","2019-06-10T21:00Z","2019-06-10T20:00Z",1250,1250,
"fdbc0f7b-f366-4a95-a44d-7ec6644c488d","D17","TECR","TECR.AOS.S2","2019-06-11T21:35Z","TECR.SS.20190611",,"Sample condition ok","TECR.SS.20190611.H2O.1","A00000063558","Sample condition ok","TECR.SS.20190611.POM.2","A00000063995","Sample condition ok","TECR.SS.20190611.POM.1","A00000063996","2019-06-11T22:50Z","2019-06-11T21:50Z",750,750,
"0df3751c-0f61-4892-8065-5bdaca6448a5","D17","TECR","TECR.AOS.S2","2019-06-18T18:50Z","TECR.SS.20190618",,"Sample condition ok","TECR.SS.20190618.H2O.1","A00000063748","Sample condition ok","TECR.SS.20190618.POM.2","A00000063952","Sample condition ok","TECR.SS.20190618.POM.1","A00000063986","2019-06-18T20:02Z","2019-06-18T18:55Z",1500,1500,
"31c87737-874f-4d84-bb2f-42abc5b344d8","D17","TECR","TECR.AOS.S2","2019-06-26T16:15Z","TECR.SS.20190626",,"Sample condition ok","TECR.SS.20190626.H2O.1","A00000063936","Sample condition ok","TECR.SS.20190626.POM.2","A00000063941","Sample condition ok","TECR.SS.20190626.POM.1","A00000063940","2019-06-26T17:11Z","2019-06-26T16:15Z",1500,1500,
