uid,domainID,siteID,namedLocation,collectDate,analysisDate,isotopeH2OSampleID,isotopeH2OSampleCode,instrumentSN,d18OWater,d2HWater,d18OsdWater,d2HsdWater,isotopeH2OExternalLabQF,laboratoryName,analyzedBy,sampleCondition,externalRemarks,externalLabDataQF
"e75ef08c-b2a6-41e7-a063-93b6fc56e7be","D17","TECR","TECR.AOS.S2","2019-06-05","2019-09-27","TECR.SS.20190605.H2O.1","A00000064016","HIDS2052",-12.14,-85.37,0.04,0.16,0,"SIRFER Lab at University of Utah","OlSmE6RRn5QQH8tvUHmK5i/poYiQr6sd","OK",,
"c75ff3ae-9d04-4bc5-8289-6b31a80a6a23","D17","TECR","TECR.AOS.S2","2019-06-10","2019-09-27","TECR.SS.20190610.H2O.1","A00000063593","HIDS2052",-12.04,-84.34,0.04,0.09,0,"SIRFER Lab at University of Utah","OlSmE6RRn5QQH8tvUHmK5i/poYiQr6sd","OK",,
"ea4a3043-4efd-4abe-9cbe-a655dd08d84c","D17","TECR","TECR.AOS.S2","2019-06-11","2019-09-27","TECR.SS.20190611.H2O.1","A00000063558","HIDS2052",-11.94,-83.93,0.06,0.25,0,"SIRFER Lab at University of Utah","OlSmE6RRn5QQH8tvUHmK5i/poYiQr6sd","OK",,
"cecf0225-3052-4d3e-8bad-e61b521a1d46","D17","TECR","TECR.AOS.S2","2019-06-18","2019-09-27","TECR.SS.20190618.H2O.1","A00000063748","HIDS2052",-12.02,-84.70,0.03,0.25,0,"SIRFER Lab at University of Utah","OlSmE6RRn5QQH8tvUHmK5i/poYiQr6sd","OK",,
"2522d39c-63aa-4c97-9984-cef5311e6ee8","D17","TECR","TECR.AOS.S2","2019-06-26","2019-09-27","TECR.SS.20190626.H2O.1","A00000063936","HIDS2052",-12.41,-86.48,0.01,0.11,0,"SIRFER Lab at University of Utah","OlSmE6RRn5QQH8tvUHmK5i/poYiQr6sd","OK",,
