uid,domainID,siteID,namedLocation,decimalLatitude,decimalLongitude,coordinateUncertainty,additionalCoordUncertainty,elevation,elevationUncertainty,geodeticDatum,altLocation,altLatitude,altLongitude,altCoordinateUncertainty,altGeodeticDatum,collectDate,aquaticSiteType,samplingImpractical,parentSampleID,parentSampleCode,eventID,samplerType,dissolvedOxygen,dissolvedOxygenSaturation,specificConductance,waterTemp,asiSamplingProtocolVersion,lowerSegmentDepth,upperSegmentDepth,maxDepth,lakeSampleDepth1,lakeSampleDepth2,aCollectedBy,bCollectedBy,remarks,fieldDataQF
"dd9f22b4-79cc-4ca8-8b5b-d453375be02f","D17","TECR","TECR.AOS.S2",36.955224,-119.023553,1.0,10.0,2002.8,1.0,"WGS84",,,,,,"2019-06-05T18:00Z","stream",,"TECR.SS.20190605",,"TECR.20190605","Grab",11.05,89.90,17.80,6.70,"NEON.DOC.001886vF",,,,,,"0000-0001-7332-328X","0000-0001-5002-5407",,
"fa819a71-7d03-4901-9e05-a2515cf533c2","D17","TECR","TECR.AOS.S2",36.955224,-119.023553,1.0,10.0,2002.8,1.0,"WGS84",,,,,,"2019-06-10T20:00Z","stream",,"TECR.SS.20190610",,"TECR.20190610","Grab",10.28,88.00,18.40,8.70,"NEON.DOC.001886vF",,,,,,"0000-0001-5002-5407","0000-0003-0738-4353",,
"8f36146b-d99c-409a-b286-9d8c0c8b93f1","D17","TECR","TECR.AOS.S2",36.955224,-119.023553,1.0,10.0,2002.8,1.0,"WGS84",,,,,,"2019-06-11T21:35Z","stream",,"TECR.SS.20190611",,"TECR.20190611","Grab",10.10,90.90,17.80,10.70,"NEON.DOC.001886vF",,,,,,"0000-0001-7072-0706","0000-0001-7332-328X",,
"d861c9b1-6866-4b2f-a82e-95c54524638c","D17","TECR","TECR.AOS.S2",36.955224,-119.023553,1.0,10.0,2002.8,1.0,"WGS84",,,,,,"2019-06-18T18:50Z","stream",,"TECR.SS.20190618",,"TECR.20190618","Grab",8.96,78.10,19.40,9.30,"NEON.DOC.001886vF",,,,,,"0000-0001-7072-0706","0000-0003-2386-3899",,
"9774bd53-ca82-428d-9506-c9dfcfa8ea03","D17","TECR","TECR.AOS.S2",36.955224,-119.023553,1.0,10.0,2002.8,1.0,"WGS84",,,,,,"2019-06-26T16:15Z","stream",,"TECR.SS.20190626",,"TECR.20190626","Grab",9.53,79.50,21.40,7.60,"NEON.DOC.001886vF",,,,,,"0000-0001-7072-0706","0000-0001-7332-328X",,
