uid,domainID,siteID,namedLocation,collectDate,sampleID,sampleCode,sampleCondition,laboratoryName,analysisDate,analyzedBy,sampleType,replicate,sampleVolumeFiltered,filterSize,percentFilterAnalyzed,analyte,analyteConcentration,plantAlgaeLabUnits,method,externalRemarks,externalLabDataQF
"56e0fd02-c1c1-4781-993a-38381804a9a8","D17","TECR","TECR.AOS.S2","2019-06-05","TECR.SS.20190605.POM.1","A00000063042","condition ok","SIRFER Lab at University of Utah","2019-10-14","ElFtGy1kV49xqNP00HfxQA==","POM","1",1000,25,100,"d15N",3.06,"perMill","Revesz & Coplen 2012a",,
"ec791ebe-7299-46b4-9bfc-82c23f18a595","D17","TECR","TECR.AOS.S2","2019-06-05","TECR.SS.20190605.POM.1","A00000063042","condition ok","SIRFER Lab at University of Utah","2019-10-14","ElFtGy1kV49xqNP00HfxQA==","POM","1",1000,25,100,"nitrogen",31.83,"microgramsPerLiter","Revesz & Coplen 2012a",,
"1963823c-4bac-4b54-81ad-bd9fe955995a","D17","TECR","TECR.AOS.S2","2019-06-05","TECR.SS.20190605.POM.1","A00000063042","condition ok","SIRFER Lab at University of Utah","2019-10-14","ElFtGy1kV49xqNP00HfxQA==","POM","1",1000,25,100,"carbon",467.78,"microgramsPerLiter","Revesz & Coplen 2012a",,
"e6e89771-2845-41df-b646-87526c3213e8","D17","TECR","TECR.AOS.S2","2019-06-05","TECR.SS.20190605.POM.1","A00000063042","condition ok","SIRFER Lab at University of Utah","2019-10-14","ElFtGy1kV49xqNP00HfxQA==","POM","1",1000,25,100,"d13C",-28.14,"perMill","Revesz & Coplen 2012a",,
"9e8fc72a-12f8-428b-b8b9-2bcd5ff6b818","D17","TECR","TECR.AOS.S2","2019-06-10","TECR.SS.20190610.POM.1","A00000063993","condition ok","SIRFER Lab at University of Utah","2019-10-14","ElFtGy1kV49xqNP00HfxQA==","POM","1",1250,25,100,"d13C",-27.12,"perMill","Revesz & Coplen 2012a",,
"b0be6bfc-053a-4641-a5ad-c6c012128fb1","D17","TECR","TECR.AOS.S2","2019-06-10","TECR.SS.20190610.POM.1","A00000063993","condition ok","SIRFER Lab at University of Utah","2019-10-14","ElFtGy1kV49xqNP00HfxQA==","POM","1",1250,25,100,"nitrogen",24.38,"microgramsPerLiter","Revesz & Coplen 2012a",,
"75527319-0d06-44ef-a6f2-ffbe69ac0b44","D17","TECR","TECR.AOS.S2","2019-06-10","TECR.SS.20190610.POM.1","A00000063993","condition ok","SIRFER Lab at University of Utah","2019-10-14","ElFtGy1kV49xqNP00HfxQA==","POM","1",1250,25,100,"d15N",5.83,"perMill","Revesz & Coplen 2012a",,
"67ce1252-2b6d-4646-ac58-43e1030c6e6e","D17","TECR","TECR.AOS.S2","2019-06-10","TECR.SS.20190610.POM.1","A00000063993","condition ok","SIRFER Lab at University of Utah","2019-10-14","ElFtGy1kV49xqNP00HfxQA==","POM","1",1250,25,100,"carbon",391.57,"microgramsPerLiter","Revesz & Coplen 2012a",,
"1e702dc6-8aa9-4e35-b9bf-bf4d4e249f5a","D17","TECR","TECR.AOS.S2","2019-06-11","TECR.SS.20190611.POM.1","A00000063996","condition ok","SIRFER Lab at University of Utah","2019-10-14","ElFtGy1kV49xqNP00HfxQA==","POM","1",750,25,100,"d15N",8.73,"perMill","Revesz & Coplen 2012a",,
"beb19ef9-08c5-47d0-9932-6c37bfad4305","D17","TECR","TECR.AOS.S2","2019-06-11","TECR.SS.20190611.POM.1","A00000063996","condition ok","SIRFER Lab at University of Utah","2019-10-14","ElFtGy1kV49xqNP00HfxQA==","POM","1",750,25,100,"carbon",457.81,"microgramsPerLiter","Revesz & Coplen 2012a",,
"83a6e8be-90d8-456e-b80a-f46c5ac7e3a6","D17","TECR","TECR.AOS.S2","2019-06-11","TECR.SS.20190611.POM.1","A00000063996","condition ok","SIRFER Lab at University of Utah","2019-10-14","ElFtGy1kV49xqNP00HfxQA==","POM","1",750,25,100,"d13C",-27.16,"perMill","Revesz & Coplen 2012a",,
"f5ac6c0b-badf-49dd-8653-462e1aa6b2f9","D17","TECR","TECR.AOS.S2","2019-06-11","TECR.SS.20190611.POM.1","A00000063996","condition ok","SIRFER Lab at University of Utah","2019-10-14","ElFtGy1kV49xqNP00HfxQA==","POM","1",750,25,100,"nitrogen",27.35,"microgramsPerLiter","Revesz & Coplen 2012a",,
"6c306739-ab07-41fd-ae92-f5fafff62cf6","D17","TECR","TECR.AOS.S2","2019-06-18","TECR.SS.20190618.POM.1","A00000063986","condition ok","SIRFER Lab at University of Utah","2019-10-14","ElFtGy1kV49xqNP00HfxQA==","POM","1",1500,25,100,"d15N",9.43,"perMill","Revesz & Coplen 2012a",,
"5a07e9ea-e3fa-42e3-9122-bc013d6af4cd","D17","TECR","TECR.AOS.S2","2019-06-18","TECR.SS.20190618.POM.1","A00000063986","condition ok","SIRFER Lab at University of Utah","2019-10-14","ElFtGy1kV49xqNP00HfxQA==","POM","1",1500,25,100,"carbon",375.24,"microgramsPerLiter","Revesz & Coplen 2012a",,
"4ba90091-e213-4222-aa91-f4b55751a976","D17","TECR","TECR.AOS.S2","2019-06-18","TECR.SS.20190618.POM.1","A00000063986","condition ok","SIRFER Lab at University of Utah","2019-10-14","ElFtGy1kV49xqNP00HfxQA==","POM","1",1500,25,100,"nitrogen",20.67,"microgramsPerLiter","Revesz & Coplen 2012a",,
"01371c35-51ee-44c7-9d7e-22fe6b8a7844","D17","TECR","TECR.AOS.S2","2019-06-18","TECR.SS.20190618.POM.1","A00000063986","condition ok","SIRFER Lab at University of Utah","2019-10-14","ElFtGy1kV49xqNP00HfxQA==","POM","1",1500,25,100,"d13C",-27.44,"perMill","Revesz & Coplen 2012a",,
"57e00a01-897a-4b30-90b6-c231fc699681","D17","TECR","TECR.AOS.S2","2019-06-26","TECR.SS.20190626.POM.1","A00000063940","condition ok","SIRFER Lab at University of Utah","2019-10-14","ElFtGy1kV49xqNP00HfxQA==","POM","1",1500,25,100,"carbon",281.55,"microgramsPerLiter","Revesz & Coplen 2012a",,
"33082d80-27fc-4a03-b8b4-c745026b2efd","D17","TECR","TECR.AOS.S2","2019-06-26","TECR.SS.20190626.POM.1","A00000063940","condition ok","SIRFER Lab at University of Utah","2019-10-14","ElFtGy1kV49xqNP00HfxQA==","POM","1",1500,25,100,"d13C",-27.47,"perMill","Revesz & Coplen 2012a",,
"cbcf7c81-fa0e-47d8-83bd-6371308ad742","D17","TECR","TECR.AOS.S2","2019-06-26","TECR.SS.20190626.POM.1","A00000063940","condition ok","SIRFER Lab at University of Utah","2019-10-14","ElFtGy1kV49xqNP00HfxQA==","POM","1",1500,25,100,"nitrogen",16.12,"microgramsPerLiter","Revesz & Coplen 2012a",,
"fe20903e-7241-4cb3-8327-5626bc217247","D17","TECR","TECR.AOS.S2","2019-06-26","TECR.SS.20190626.POM.1","A00000063940","condition ok","SIRFER Lab at University of Utah","2019-10-14","ElFtGy1kV49xqNP00HfxQA==","POM","1",1500,25,100,"d15N",5.23,"perMill","Revesz & Coplen 2012a",,
