uid,domainID,siteID,namedLocation,collectDate,sampleID,sampleCode,sampleCondition,laboratoryName,analysisDate,analyzedBy,sampleType,replicate,sampleVolumeFiltered,filterSize,percentFilterAnalyzed,analyte,analyteConcentration,plantAlgaeLabUnits,method,externalRemarks,externalLabDataQF
"912285e2-f9e4-4c73-a095-8073879ca1ce","D02","LEWI","LEWI.AOS.S2","2017-06-14","LEWI.SS.20170614.POM.1",,"condition ok","SIRFER Lab at University of Utah","2018-03-05","ElFtGy1kV49xqNP00HfxQA==","POM","1",200,25,100,"d15N",5.52,"perMill","Revesz & Coplen 2012a",,
"009f1394-68f9-4973-b007-96873648c51c","D02","LEWI","LEWI.AOS.S2","2017-06-14","LEWI.SS.20170614.POM.1",,"condition ok","SIRFER Lab at University of Utah","2018-03-05","ElFtGy1kV49xqNP00HfxQA==","POM","1",200,25,100,"carbon",2581.50,"microgramsPerLiter","Revesz & Coplen 2012a",,
"bc6a1e6a-87a3-423e-ad61-34f02daa3dd1","D02","LEWI","LEWI.AOS.S2","2017-06-14","LEWI.SS.20170614.POM.1",,"condition ok","SIRFER Lab at University of Utah","2018-03-05","ElFtGy1kV49xqNP00HfxQA==","POM","1",200,25,100,"nitrogen",163.40,"microgramsPerLiter","Revesz & Coplen 2012a",,
"5ae5405c-b591-4f51-991e-4ed01c8dbe4f","D02","LEWI","LEWI.AOS.S2","2017-06-14","LEWI.SS.20170614.POM.1",,"condition ok","SIRFER Lab at University of Utah","2018-03-05","ElFtGy1kV49xqNP00HfxQA==","POM","1",200,25,100,"d13C",-23.16,"perMill","Revesz & Coplen 2012a",,
"e3576ec4-f67f-4bf5-aa14-7e62663fdb81","D02","LEWI","LEWI.AOS.S2","2017-06-21","LEWI.SS.20170621.POM.1",,"condition ok","SIRFER Lab at University of Utah","2018-03-05","ElFtGy1kV49xqNP00HfxQA==","POM","1",300,25,100,"carbon",1832.55,"microgramsPerLiter","Revesz & Coplen 2012a",,
"cd02cf4b-5ef8-4e5a-949f-b691fa1592c3","D02","LEWI","LEWI.AOS.S2","2017-06-21","LEWI.SS.20170621.POM.1",,"condition ok","SIRFER Lab at University of Utah","2018-03-05","ElFtGy1kV49xqNP00HfxQA==","POM","1",300,25,100,"d13C",-23.37,"perMill","Revesz & Coplen 2012a",,
"57c919a8-2f86-4259-915f-5b01873e6473","D02","LEWI","LEWI.AOS.S2","2017-06-21","LEWI.SS.20170621.POM.1",,"condition ok","SIRFER Lab at University of Utah","2018-03-05","ElFtGy1kV49xqNP00HfxQA==","POM","1",300,25,100,"d15N",2.85,"perMill","Revesz & Coplen 2012a",,
"a76de05d-c4d9-4da4-bee8-22ee4be209c0","D02","LEWI","LEWI.AOS.S2","2017-06-21","LEWI.SS.20170621.POM.1",,"condition ok","SIRFER Lab at University of Utah","2018-03-05","ElFtGy1kV49xqNP00HfxQA==","POM","1",300,25,100,"nitrogen",125.44,"microgramsPerLiter","Revesz & Coplen 2012a",,
