uid,domainID,siteID,namedLocation,collectDate,sampleID,sampleCode,sampleCondition,laboratoryName,analysisDate,analyzedBy,sampleType,replicate,sampleVolumeFiltered,filterSize,percentFilterAnalyzed,analyte,analyteConcentration,plantAlgaeLabUnits,method,externalRemarks,externalLabDataQF
"992624fa-34d1-4cc9-8a94-41030f593e26","D02","POSE","POSE.AOS.S2","2018-10-02","POSE.SS.20181002.POM.1","A00000034659","condition ok","SIRFER Lab at University of Utah","2019-02-13","ElFtGy1kV49xqNP00HfxQA==","POM","1",400,25,100,"d13C",-29.37,"perMill","Revesz & Coplen 2012a",,
"d237a051-04e7-42f8-8f48-30f86ff3500e","D02","POSE","POSE.AOS.S2","2018-10-02","POSE.SS.20181002.POM.1","A00000034659","condition ok","SIRFER Lab at University of Utah","2019-02-13","ElFtGy1kV49xqNP00HfxQA==","POM","1",400,25,100,"d15N",2.80,"perMill","Revesz & Coplen 2012a",,
"ef0b67a5-9c7d-4a18-95ba-759da687f0eb","D02","POSE","POSE.AOS.S2","2018-10-02","POSE.SS.20181002.POM.1","A00000034659","condition ok","SIRFER Lab at University of Utah","2019-02-13","ElFtGy1kV49xqNP00HfxQA==","POM","1",400,25,100,"nitrogen",121.58,"microgramsPerLiter","Revesz & Coplen 2012a",,
"ba24978f-0eac-4cc4-acd7-c76fcada327b","D02","POSE","POSE.AOS.S2","2018-10-02","POSE.SS.20181002.POM.1","A00000034659","condition ok","SIRFER Lab at University of Utah","2019-02-13","ElFtGy1kV49xqNP00HfxQA==","POM","1",400,25,100,"carbon",1288.93,"microgramsPerLiter","Revesz & Coplen 2012a",,
"d16d7dea-5fd4-4d0d-a555-64b8b5cc5f13","D02","POSE","POSE.AOS.S2","2018-10-09","POSE.SS.20181009.POM.1","A00000034668","condition ok","SIRFER Lab at University of Utah","2019-02-13","ElFtGy1kV49xqNP00HfxQA==","POM","1",350,25,100,"nitrogen",122.60,"microgramsPerLiter","Revesz & Coplen 2012a",,
"ee391569-9f3e-41e1-a89b-ceb4513a68df","D02","POSE","POSE.AOS.S2","2018-10-09","POSE.SS.20181009.POM.1","A00000034668","condition ok","SIRFER Lab at University of Utah","2019-02-13","ElFtGy1kV49xqNP00HfxQA==","POM","1",350,25,100,"carbon",1440.56,"microgramsPerLiter","Revesz & Coplen 2012a",,
"227f3f60-9f28-4ffb-812d-9e13beafe968","D02","POSE","POSE.AOS.S2","2018-10-09","POSE.SS.20181009.POM.1","A00000034668","condition ok","SIRFER Lab at University of Utah","2019-02-13","ElFtGy1kV49xqNP00HfxQA==","POM","1",350,25,100,"d13C",-28.16,"perMill","Revesz & Coplen 2012a",,
"e6b3e1b9-85f5-4220-9b93-edd7bf8d72f8","D02","POSE","POSE.AOS.S2","2018-10-09","POSE.SS.20181009.POM.1","A00000034668","condition ok","SIRFER Lab at University of Utah","2019-02-13","ElFtGy1kV49xqNP00HfxQA==","POM","1",350,25,100,"d15N",4.32,"perMill","Revesz & Coplen 2012a",,
