uid,domainID,siteID,namedLocation,collectDate,sampleID,sampleCode,sampleCondition,laboratoryName,analysisDate,analyzedBy,sampleType,replicate,sampleVolumeFiltered,filterSize,percentFilterAnalyzed,analyte,analyteConcentration,plantAlgaeLabUnits,method,externalRemarks,externalLabDataQF
"8b9a524f-11c8-4113-a773-6c0eb49e9f71","D15","REDB","REDB.AOS.S2","2019-07-09","REDB.SS.20190709.POM.1","A00000058274","condition ok","SIRFER Lab at University of Utah","2019-10-25","ElFtGy1kV49xqNP00HfxQA==","POM","1",240,25,100,"d15N",2.06,"perMill","Revesz & Coplen 2012a",,
"c43e832a-7353-416b-93ff-f96fe8d2d3a6","D15","REDB","REDB.AOS.S2","2019-07-09","REDB.SS.20190709.POM.1","A00000058274","condition ok","SIRFER Lab at University of Utah","2019-10-25","ElFtGy1kV49xqNP00HfxQA==","POM","1",240,25,100,"nitrogen",65.40,"microgramsPerLiter","Revesz & Coplen 2012a",,
"5d86cebc-a95c-4814-aa7b-99ba60facf51","D15","REDB","REDB.AOS.S2","2019-07-09","REDB.SS.20190709.POM.1","A00000058274","condition ok","SIRFER Lab at University of Utah","2019-10-25","ElFtGy1kV49xqNP00HfxQA==","POM","1",240,25,100,"d13C",-24.42,"perMill","Revesz & Coplen 2012a",,
"924ccc18-0964-470d-8c5a-cb005fc5bb6f","D15","REDB","REDB.AOS.S2","2019-07-09","REDB.SS.20190709.POM.1","A00000058274","condition ok","SIRFER Lab at University of Utah","2019-10-25","ElFtGy1kV49xqNP00HfxQA==","POM","1",240,25,100,"carbon",1288.67,"microgramsPerLiter","Revesz & Coplen 2012a",,
