uid,domainID,siteID,namedLocation,collectDate,sampleID,sampleCode,sampleCondition,laboratoryName,analysisDate,analyzedBy,sampleType,replicate,sampleVolumeFiltered,filterSize,percentFilterAnalyzed,analyte,analyteConcentration,plantAlgaeLabUnits,method,externalRemarks,externalLabDataQF
"658665b3-9a26-44ad-a49d-aaada819a11b","D18","OKSR","OKSR.AOS.S2","2018-06-05","OKSR.SS.20180605.POM.1","A00000030297","condition ok","SIRFER Lab at University of Utah","2018-08-02","ElFtGy1kV49xqNP00HfxQA==","POM","1",250,25,100,"carbon",970.06,"microgramsPerLiter","Revesz & Coplen 2012a",,
"38e8ab93-5115-4d74-9095-c528f8a4436a","D18","OKSR","OKSR.AOS.S2","2018-06-05","OKSR.SS.20180605.POM.1","A00000030297","condition ok","SIRFER Lab at University of Utah","2018-08-02","ElFtGy1kV49xqNP00HfxQA==","POM","1",250,25,100,"nitrogen",91.61,"microgramsPerLiter","Revesz & Coplen 2012a",,
"f8d97800-d8fc-44df-8d71-4e914b01351d","D18","OKSR","OKSR.AOS.S2","2018-06-05","OKSR.SS.20180605.POM.1","A00000030297","condition ok","SIRFER Lab at University of Utah","2018-08-02","ElFtGy1kV49xqNP00HfxQA==","POM","1",250,25,100,"d15N",9.25,"perMill","Revesz & Coplen 2012a",,
"fa25f6f1-91dc-4d61-b8fa-bd9df4202e9c","D18","OKSR","OKSR.AOS.S2","2018-06-05","OKSR.SS.20180605.POM.1","A00000030297","condition ok","SIRFER Lab at University of Utah","2018-08-02","ElFtGy1kV49xqNP00HfxQA==","POM","1",250,25,100,"d13C",-26.67,"perMill","Revesz & Coplen 2012a",,
"956afbec-852b-4e20-9b03-416f307d9c0f","D18","OKSR","OKSR.AOS.S2","2018-06-12","OKSR.SS.20180612.POM.1","A00000030292","condition ok","SIRFER Lab at University of Utah","2018-08-02","ElFtGy1kV49xqNP00HfxQA==","POM","1",750,25,100,"d15N",4.65,"perMill","Revesz & Coplen 2012a",,
"a7eb86af-6515-4124-8029-95cb7f4cd2b7","D18","OKSR","OKSR.AOS.S2","2018-06-12","OKSR.SS.20180612.POM.1","A00000030292","condition ok","SIRFER Lab at University of Utah","2018-08-02","ElFtGy1kV49xqNP00HfxQA==","POM","1",750,25,100,"d13C",-28.15,"perMill","Revesz & Coplen 2012a",,
"d1c810f2-3b5c-46a8-a91e-45b442d99038","D18","OKSR","OKSR.AOS.S2","2018-06-12","OKSR.SS.20180612.POM.1","A00000030292","condition ok","SIRFER Lab at University of Utah","2018-08-02","ElFtGy1kV49xqNP00HfxQA==","POM","1",750,25,100,"carbon",197.48,"microgramsPerLiter","Revesz & Coplen 2012a",,
"5075d701-3e2c-4813-83cb-d83d9a178516","D18","OKSR","OKSR.AOS.S2","2018-06-12","OKSR.SS.20180612.POM.1","A00000030292","condition ok","SIRFER Lab at University of Utah","2018-08-02","ElFtGy1kV49xqNP00HfxQA==","POM","1",750,25,100,"nitrogen",21.01,"microgramsPerLiter","Revesz & Coplen 2012a",,
"0333f6e8-6eff-4d2b-b538-16ebeadcb4d8","D18","OKSR","OKSR.AOS.S2","2018-06-19","OKSR.SS.20180619.POM.1","A00000030082","condition ok","SIRFER Lab at University of Utah","2018-08-02","ElFtGy1kV49xqNP00HfxQA==","POM","1",500,25,100,"d13C",-28.14,"perMill","Revesz & Coplen 2012a",,
"b154cf36-911c-45bc-a824-bb5ac00e7c5d","D18","OKSR","OKSR.AOS.S2","2018-06-19","OKSR.SS.20180619.POM.1","A00000030082","condition ok","SIRFER Lab at University of Utah","2018-08-02","ElFtGy1kV49xqNP00HfxQA==","POM","1",500,25,100,"carbon",235.61,"microgramsPerLiter","Revesz & Coplen 2012a",,
"cdad4718-5999-4a9c-9b17-7fce45689bb3","D18","OKSR","OKSR.AOS.S2","2018-06-19","OKSR.SS.20180619.POM.1","A00000030082","condition ok","SIRFER Lab at University of Utah","2018-08-02","ElFtGy1kV49xqNP00HfxQA==","POM","1",500,25,100,"d15N",2.15,"perMill","Revesz & Coplen 2012a",,
"59258266-8560-402c-b77c-4abd74754477","D18","OKSR","OKSR.AOS.S2","2018-06-19","OKSR.SS.20180619.POM.1","A00000030082","condition ok","SIRFER Lab at University of Utah","2018-08-02","ElFtGy1kV49xqNP00HfxQA==","POM","1",500,25,100,"nitrogen",21.72,"microgramsPerLiter","Revesz & Coplen 2012a",,
"0a657366-6d18-4996-a341-5239e38f43af","D18","OKSR","OKSR.AOS.S2","2018-06-26","OKSR.SS.20180626.POM.1","A00000030064","condition ok","SIRFER Lab at University of Utah","2018-08-02","ElFtGy1kV49xqNP00HfxQA==","POM","1",1000,25,100,"nitrogen",11.68,"microgramsPerLiter","Revesz & Coplen 2012a",,
"b3da1b4e-8a48-43c9-b3a2-a5d036e6b6ec","D18","OKSR","OKSR.AOS.S2","2018-06-26","OKSR.SS.20180626.POM.1","A00000030064","condition ok","SIRFER Lab at University of Utah","2018-08-02","ElFtGy1kV49xqNP00HfxQA==","POM","1",1000,25,100,"carbon",119.50,"microgramsPerLiter","Revesz & Coplen 2012a",,
"cff5aef7-d55e-4b94-8553-85ebf836b282","D18","OKSR","OKSR.AOS.S2","2018-06-26","OKSR.SS.20180626.POM.1","A00000030064","condition ok","SIRFER Lab at University of Utah","2018-08-02","ElFtGy1kV49xqNP00HfxQA==","POM","1",1000,25,100,"d15N",8.46,"perMill","Revesz & Coplen 2012a",,
"3b41d3c7-b845-491a-ac32-cabfaa6fa547","D18","OKSR","OKSR.AOS.S2","2018-06-26","OKSR.SS.20180626.POM.1","A00000030064","condition ok","SIRFER Lab at University of Utah","2018-08-02","ElFtGy1kV49xqNP00HfxQA==","POM","1",1000,25,100,"d13C",-28.03,"perMill","Revesz & Coplen 2012a",,
