uid,domainID,siteID,namedLocation,decimalLatitude,decimalLongitude,coordinateUncertainty,additionalCoordUncertainty,elevation,elevationUncertainty,geodeticDatum,altLocation,altLatitude,altLongitude,altCoordinateUncertainty,altGeodeticDatum,collectDate,aquaticSiteType,samplingImpractical,parentSampleID,parentSampleCode,eventID,samplerType,dissolvedOxygen,dissolvedOxygenSaturation,specificConductance,waterTemp,asiSamplingProtocolVersion,lowerSegmentDepth,upperSegmentDepth,maxDepth,lakeSampleDepth1,lakeSampleDepth2,aCollectedBy,bCollectedBy,remarks,fieldDataQF
"d4e002fb-34eb-4ee2-9cb2-e7b92b377a40","D18","OKSR","OKSR.AOS.S2",68.669651,-149.143505,0.1,10.0,767.2,0.0,"WGS84",,,,,,"2018-06-05T18:15Z","stream",,"OKSR.SS.20180605",,"OKSR.20180605","Grab",12.84,95.80,21.70,3.10,"NEON.DOC.001886vF",,,,,,"gdukelow@battelleecology.org","kbroberg@battelleecology.org","Staff gauge reading inaccurate due to damage to the gauge. Heavy glacial silt .POM.1 .POM.2 .PCN only able to filter 250ml sample volume.",
"ed8bb8f6-5af7-4c1d-a7b1-c4c54aaaa488","D18","OKSR","OKSR.AOS.S2",68.669651,-149.143505,0.1,10.0,767.2,0.0,"WGS84",,,,,,"2018-06-12T19:49Z","stream",,"OKSR.SS.20180612",,"OKSR.20180612","Grab",12.31,90.50,35.30,2.60,"NEON.DOC.001886vF",,,,,,"Tsurgener@battelleecology.org","kbroberg@battelleecology.org","92.0 kpa",
"049be48a-93d7-49c6-9f96-f3b89c6ee654","D18","OKSR","OKSR.AOS.S2",68.669651,-149.143505,0.1,10.0,767.2,0.0,"WGS84",,,,,,"2018-06-19T17:44Z","stream",,"OKSR.SS.20180619",,"OKSR.20180619","Grab",11.82,91.90,27.80,4.70,"NEON.DOC.001886vF",,,,,,"Tsurgener@battelleecology.org","kbroberg@battelleecology.org",,
"5563c029-a9b9-4404-a0a8-c807230f2b3a","D18","OKSR","OKSR.AOS.S2",68.669651,-149.143505,0.1,10.0,767.2,0.0,"WGS84",,,,,,"2018-06-26T18:08Z","stream",,"OKSR.SS.20180626",,"OKSR.20180626","Grab",10.55,92.50,36.60,9.90,"NEON.DOC.001886vF",,,,,,"Tsurgener@battelleecology.org","kbroberg@battelleecology.org",,
