uid,domainID,siteID,namedLocation,collectDate,analysisDate,isotopeH2OSampleID,isotopeH2OSampleCode,instrumentSN,d18OWater,d2HWater,d18OsdWater,d2HsdWater,isotopeH2OExternalLabQF,laboratoryName,analyzedBy,sampleCondition,externalRemarks,externalLabDataQF
"b61d5d52-e28b-40c1-86c9-4851dc9751f9","D18","OKSR","OKSR.AOS.S2","2018-06-05","2018-07-17","OKSR.SS.20180605.H2O.1","A00000030356","HIDS2046",-20.93,-162.61,0.06,0.24,0,"SIRFER Lab at University of Utah","OlSmE6RRn5QQH8tvUHmK5i/poYiQr6sd","OK",,
"9508e896-f07d-42b8-9ef5-5a8636412a5f","D18","OKSR","OKSR.AOS.S2","2018-06-12","2018-09-07","OKSR.SS.20180612.H2O.1","A00000030305","HIDS2052",-20.43,-158.56,0.02,0.14,0,"SIRFER Lab at University of Utah","OlSmE6RRn5QQH8tvUHmK5i/poYiQr6sd","OK",,
"567bf7ae-e5d3-4c68-a40e-74dfeee20f00","D18","OKSR","OKSR.AOS.S2","2018-06-19","2018-09-07","OKSR.SS.20180619.H2O.1","A00000030078","HIDS2052",-20.15,-156.36,0.01,0.08,0,"SIRFER Lab at University of Utah","OlSmE6RRn5QQH8tvUHmK5i/poYiQr6sd","OK",,
"9bc126c6-dcf2-4e73-97ca-5502c128613d","D18","OKSR","OKSR.AOS.S2","2018-06-26","2018-09-07","OKSR.SS.20180626.H2O.1","A00000030076","HIDS2052",-19.93,-154.93,0.05,0.19,0,"SIRFER Lab at University of Utah","OlSmE6RRn5QQH8tvUHmK5i/poYiQr6sd","OK",,
