uid,domainID,siteID,namedLocation,collectDate,parentSampleID,parentSampleCode,isotopeH2OSampleCond,isotopeH2OSampleID,isotopeH2OSampleCode,isotopePOMRep2SampleCond,isotopePOMRep2SampleID,isotopePOMRep2SampleCode,isotopePOMSampleCond,isotopePOMSampleID,isotopePOMSampleCode,processedDateFilters,processedDateH2OIsotopes,sampleVolumeFilteredPOMRep1,sampleVolumeFilteredPOMRep2,fieldDataQF
"0438ed07-c782-414f-845d-f46a2030011d","D18","OKSR","OKSR.AOS.S2","2018-06-05T18:15Z","OKSR.SS.20180605",,"Sample condition ok","OKSR.SS.20180605.H2O.1","A00000030356","Sample condition ok","OKSR.SS.20180605.POM.2","A00000030298","Sample condition ok","OKSR.SS.20180605.POM.1","A00000030297","2018-06-05T23:01Z","2018-06-06T00:37Z",250,250,
"2e2a9aac-42c5-40e2-b8e2-6039f4c96ac4","D18","OKSR","OKSR.AOS.S2","2018-06-12T19:49Z","OKSR.SS.20180612",,"Sample condition ok","OKSR.SS.20180612.H2O.1","A00000030305","Sample condition ok","OKSR.SS.20180612.POM.2","A00000030304","Sample condition ok","OKSR.SS.20180612.POM.1","A00000030292","2018-06-12T22:20Z","2018-06-12T22:24Z",750,750,
"dbe61335-8d30-455e-93b5-d10147983e05","D18","OKSR","OKSR.AOS.S2","2018-06-19T17:44Z","OKSR.SS.20180619",,"Sample condition ok","OKSR.SS.20180619.H2O.1","A00000030078","Sample condition ok","OKSR.SS.20180619.POM.2","A00000030081","Sample condition ok","OKSR.SS.20180619.POM.1","A00000030082","2018-06-19T19:16Z","2018-06-19T19:16Z",500,500,
"5e156201-fead-41db-947c-e55cdb8e861f","D18","OKSR","OKSR.AOS.S2","2018-06-26T18:08Z","OKSR.SS.20180626",,"Sample condition ok","OKSR.SS.20180626.H2O.1","A00000030076","Sample condition ok","OKSR.SS.20180626.POM.2","A00000030063","Sample condition ok","OKSR.SS.20180626.POM.1","A00000030064","2018-06-26T21:25Z","2018-06-26T21:25Z",1000,1000,
