uid,domainID,siteID,namedLocation,collectDate,parentSampleID,parentSampleCode,isotopeH2OSampleCond,isotopeH2OSampleID,isotopeH2OSampleCode,isotopePOMRep2SampleCond,isotopePOMRep2SampleID,isotopePOMRep2SampleCode,isotopePOMSampleCond,isotopePOMSampleID,isotopePOMSampleCode,processedDateFilters,processedDateH2OIsotopes,sampleVolumeFilteredPOMRep1,sampleVolumeFilteredPOMRep2,fieldDataQF
"2a620837-ed09-467c-b670-e520f0b74448","D05","LIRO","LIRO.AOS.inlet","2017-07-10T14:36Z","LIRO.IN.20170710",,"Sample condition ok","LIRO.IN.20170710.H2O.1",,"Sample condition ok",,,"Sample condition ok","LIRO.IN.20170710.POM.1",,"2017-07-10T18:37Z","2017-07-10T20:39Z",300,,
"0efded2c-b7ac-47f3-bf1a-e9688e27841c","D05","LIRO","LIRO.AOS.buoy.c1","2017-07-10T15:07Z","LIRO.C1.20170710",,"Sample condition ok","LIRO.C1.20170710.H2O.1",,"Sample condition ok",,,"Sample condition ok","LIRO.C1.20170710.POM.1",,"2017-07-10T19:07Z","2017-07-10T08:33Z",300,,
"3a7c8392-890a-4964-bf41-638a80d66d44","D05","LIRO","LIRO.AOS.outlet","2017-07-10T15:48Z","LIRO.OT.20170710",,"Sample condition ok","LIRO.OT.20170710.H2O.1",,"Sample condition ok",,,"Sample condition ok","LIRO.OT.20170710.POM.1",,"2017-07-10T19:07Z","2017-07-10T20:45Z",300,,
"708411fe-e04c-432a-a372-8d9305bbe7c4","D05","LIRO","LIRO.AOS.inlet","2017-07-31T14:34Z","LIRO.IN.20170731",,"Sample condition ok","LIRO.IN.20170731.H2O.1",,"Sample condition ok",,,"Sample condition ok","LIRO.IN.20170731.POM.1",,"2017-07-31T18:27Z","2017-07-31T20:18Z",300,,
"2734f7f9-2241-4d5a-be6b-35ba15c51b38","D05","LIRO","LIRO.AOS.buoy.c1","2017-07-31T15:03Z","LIRO.C1.20170731",,"Sample condition ok","LIRO.C1.20170731.H2O.1",,"Sample condition ok",,,"Sample condition ok","LIRO.C1.20170731.POM.1",,"2017-07-31T18:29Z","2017-07-31T20:20Z",300,,
"ed6731ec-876e-44d9-8cb3-454812680392","D05","LIRO","LIRO.AOS.outlet","2017-07-31T15:54Z","LIRO.OT.20170731",,"Sample condition ok","LIRO.OT.20170731.H2O.1",,"Sample condition ok",,,"Sample condition ok","LIRO.OT.20170731.POM.1",,"2017-07-31T19:00Z","2017-07-31T20:43Z",300,,
