uid,domainID,siteID,namedLocation,collectDate,sampleID,sampleCode,sampleCondition,laboratoryName,analysisDate,analyzedBy,sampleType,replicate,sampleVolumeFiltered,filterSize,percentFilterAnalyzed,analyte,analyteConcentration,plantAlgaeLabUnits,method,externalRemarks,externalLabDataQF
"9c3d4b2c-b669-41a6-8f6a-e03fe9679c4d","D05","LIRO","LIRO.AOS.inlet","2017-07-10","LIRO.IN.20170710.POM.1",,"condition ok","SIRFER Lab at University of Utah","2018-03-29","ElFtGy1kV49xqNP00HfxQA==","POM","1",300,25,100,"d15N",2.35,"perMill","Revesz & Coplen 2012a",,
"4e6090d5-a902-4d33-bb9b-8babdd68c806","D05","LIRO","LIRO.AOS.inlet","2017-07-10","LIRO.IN.20170710.POM.1",,"condition ok","SIRFER Lab at University of Utah","2018-03-29","ElFtGy1kV49xqNP00HfxQA==","POM","1",300,25,100,"nitrogen",72.88,"microgramsPerLiter","Revesz & Coplen 2012a",,
"2aeb2319-0b6a-47cd-bff2-23d7f0b5b10e","D05","LIRO","LIRO.AOS.inlet","2017-07-10","LIRO.IN.20170710.POM.1",,"condition ok","SIRFER Lab at University of Utah","2018-03-29","ElFtGy1kV49xqNP00HfxQA==","POM","1",300,25,100,"carbon",526.56,"microgramsPerLiter","Revesz & Coplen 2012a",,
"c4ba5ad8-f580-4fc7-adea-f12daa86846d","D05","LIRO","LIRO.AOS.inlet","2017-07-10","LIRO.IN.20170710.POM.1",,"condition ok","SIRFER Lab at University of Utah","2018-03-29","ElFtGy1kV49xqNP00HfxQA==","POM","1",300,25,100,"d13C",-33.39,"perMill","Revesz & Coplen 2012a",,
"94d41f22-46c7-49d2-85a4-774dd9471db7","D05","LIRO","LIRO.AOS.buoy.c1","2017-07-10","LIRO.C1.20170710.POM.1",,"condition ok","SIRFER Lab at University of Utah","2018-03-28","ElFtGy1kV49xqNP00HfxQA==","POM","1",250,25,100,"nitrogen",,"microgramsPerLiter","Revesz & Coplen 2012a",,
"83435641-63a4-4ca8-b188-f938e6ff81a5","D05","LIRO","LIRO.AOS.buoy.c1","2017-07-10","LIRO.C1.20170710.POM.1",,"condition ok","SIRFER Lab at University of Utah","2018-03-28","ElFtGy1kV49xqNP00HfxQA==","POM","1",250,25,100,"d15N",,"perMill","Revesz & Coplen 2012a",,
"1cd2d73f-66d7-4398-b946-7fe9a9533aac","D05","LIRO","LIRO.AOS.buoy.c1","2017-07-10","LIRO.C1.20170710.POM.1",,"condition ok","SIRFER Lab at University of Utah","2018-03-28","ElFtGy1kV49xqNP00HfxQA==","POM","1",250,25,100,"d13C",,"perMill","Revesz & Coplen 2012a",,
"7ff5bd81-dfd4-46e6-ad3c-3dbbdcfdc1f1","D05","LIRO","LIRO.AOS.buoy.c1","2017-07-10","LIRO.C1.20170710.POM.1",,"condition ok","SIRFER Lab at University of Utah","2018-03-28","ElFtGy1kV49xqNP00HfxQA==","POM","1",250,25,100,"carbon",,"microgramsPerLiter","Revesz & Coplen 2012a",,
"c34cd57a-4e2d-4f27-a957-b120fc97737a","D05","LIRO","LIRO.AOS.outlet","2017-07-10","LIRO.OT.20170710.POM.1",,"condition ok","SIRFER Lab at University of Utah","2018-03-29","ElFtGy1kV49xqNP00HfxQA==","POM","1",300,25,100,"d15N",4.36,"perMill","Revesz & Coplen 2012a",,
"f4ec3c5c-c560-4133-b8f7-565b4c47d937","D05","LIRO","LIRO.AOS.outlet","2017-07-10","LIRO.OT.20170710.POM.1",,"condition ok","SIRFER Lab at University of Utah","2018-03-29","ElFtGy1kV49xqNP00HfxQA==","POM","1",300,25,100,"carbon",564.97,"microgramsPerLiter","Revesz & Coplen 2012a",,
"2aa147d1-044f-4b36-805a-6e05f4095e47","D05","LIRO","LIRO.AOS.outlet","2017-07-10","LIRO.OT.20170710.POM.1",,"condition ok","SIRFER Lab at University of Utah","2018-03-29","ElFtGy1kV49xqNP00HfxQA==","POM","1",300,25,100,"d13C",-32.10,"perMill","Revesz & Coplen 2012a",,
"5b3f5aa8-8b50-4420-9f39-c58cdbf329ab","D05","LIRO","LIRO.AOS.outlet","2017-07-10","LIRO.OT.20170710.POM.1",,"condition ok","SIRFER Lab at University of Utah","2018-03-29","ElFtGy1kV49xqNP00HfxQA==","POM","1",300,25,100,"nitrogen",78.65,"microgramsPerLiter","Revesz & Coplen 2012a",,
"c6a70062-4196-4516-bc95-96dc21ddeccb","D05","LIRO","LIRO.AOS.inlet","2017-07-31","LIRO.IN.20170731.POM.1",,"condition ok","SIRFER Lab at University of Utah","2018-03-29","ElFtGy1kV49xqNP00HfxQA==","POM","1",300,25,100,"carbon",434.89,"microgramsPerLiter","Revesz & Coplen 2012a",,
"463cef9c-ac0a-4d82-8178-d5a74e6d34d6","D05","LIRO","LIRO.AOS.inlet","2017-07-31","LIRO.IN.20170731.POM.1",,"condition ok","SIRFER Lab at University of Utah","2018-03-29","ElFtGy1kV49xqNP00HfxQA==","POM","1",300,25,100,"d13C",-33.03,"perMill","Revesz & Coplen 2012a",,
"93baff42-98a6-42bf-914c-673cc2758b9f","D05","LIRO","LIRO.AOS.inlet","2017-07-31","LIRO.IN.20170731.POM.1",,"condition ok","SIRFER Lab at University of Utah","2018-03-29","ElFtGy1kV49xqNP00HfxQA==","POM","1",300,25,100,"nitrogen",47.30,"microgramsPerLiter","Revesz & Coplen 2012a",,
"9c8f9c3f-d723-4990-900d-7f2866ad1d6d","D05","LIRO","LIRO.AOS.inlet","2017-07-31","LIRO.IN.20170731.POM.1",,"condition ok","SIRFER Lab at University of Utah","2018-03-29","ElFtGy1kV49xqNP00HfxQA==","POM","1",300,25,100,"d15N",4.93,"perMill","Revesz & Coplen 2012a",,
"d4f33faf-aafd-436c-baa7-9c676f5bd415","D05","LIRO","LIRO.AOS.buoy.c1","2017-07-31","LIRO.C1.20170731.POM.1",,"condition ok","SIRFER Lab at University of Utah","2018-03-28","ElFtGy1kV49xqNP00HfxQA==","POM","1",300,25,100,"carbon",,"microgramsPerLiter","Revesz & Coplen 2012a",,
"811bb35b-deb4-4ce7-8293-a6df504196a0","D05","LIRO","LIRO.AOS.buoy.c1","2017-07-31","LIRO.C1.20170731.POM.1",,"condition ok","SIRFER Lab at University of Utah","2018-03-28","ElFtGy1kV49xqNP00HfxQA==","POM","1",300,25,100,"d15N",,"perMill","Revesz & Coplen 2012a",,
"12740d8a-0df0-4687-8892-36694fd3dd41","D05","LIRO","LIRO.AOS.buoy.c1","2017-07-31","LIRO.C1.20170731.POM.1",,"condition ok","SIRFER Lab at University of Utah","2018-03-28","ElFtGy1kV49xqNP00HfxQA==","POM","1",300,25,100,"nitrogen",,"microgramsPerLiter","Revesz & Coplen 2012a",,
"7bb63a99-f367-49e4-abb3-dad260327b32","D05","LIRO","LIRO.AOS.buoy.c1","2017-07-31","LIRO.C1.20170731.POM.1",,"condition ok","SIRFER Lab at University of Utah","2018-03-28","ElFtGy1kV49xqNP00HfxQA==","POM","1",300,25,100,"d13C",,"perMill","Revesz & Coplen 2012a",,
"3c88167d-b354-4235-886c-9edc929b394c","D05","LIRO","LIRO.AOS.outlet","2017-07-31","LIRO.OT.20170731.POM.1",,"condition ok","SIRFER Lab at University of Utah","2018-03-29","ElFtGy1kV49xqNP00HfxQA==","POM","1",300,25,100,"d13C",-32.29,"perMill","Revesz & Coplen 2012a",,
"0d19f26a-3777-45d9-84a8-bf1f6bdc14d9","D05","LIRO","LIRO.AOS.outlet","2017-07-31","LIRO.OT.20170731.POM.1",,"condition ok","SIRFER Lab at University of Utah","2018-03-29","ElFtGy1kV49xqNP00HfxQA==","POM","1",300,25,100,"nitrogen",38.91,"microgramsPerLiter","Revesz & Coplen 2012a",,
"402f9cea-cc04-4c83-b4f7-75849f218290","D05","LIRO","LIRO.AOS.outlet","2017-07-31","LIRO.OT.20170731.POM.1",,"condition ok","SIRFER Lab at University of Utah","2018-03-29","ElFtGy1kV49xqNP00HfxQA==","POM","1",300,25,100,"d15N",7.41,"perMill","Revesz & Coplen 2012a",,
"4bf73e7a-afb6-4800-a232-69db260fbd7a","D05","LIRO","LIRO.AOS.outlet","2017-07-31","LIRO.OT.20170731.POM.1",,"condition ok","SIRFER Lab at University of Utah","2018-03-29","ElFtGy1kV49xqNP00HfxQA==","POM","1",300,25,100,"carbon",383.36,"microgramsPerLiter","Revesz & Coplen 2012a",,
