uid,domainID,siteID,namedLocation,decimalLatitude,decimalLongitude,coordinateUncertainty,additionalCoordUncertainty,elevation,elevationUncertainty,geodeticDatum,altLocation,altLatitude,altLongitude,altCoordinateUncertainty,altGeodeticDatum,collectDate,aquaticSiteType,samplingImpractical,parentSampleID,parentSampleCode,eventID,samplerType,dissolvedOxygen,dissolvedOxygenSaturation,specificConductance,waterTemp,asiSamplingProtocolVersion,lowerSegmentDepth,upperSegmentDepth,maxDepth,lakeSampleDepth1,lakeSampleDepth2,aCollectedBy,bCollectedBy,remarks,fieldDataQF
"cd3f6f6b-1427-4322-896f-e6ffb84dd6d9","D05","LIRO","LIRO.AOS.inlet",45.995229,-89.706476,2.4,10.0,495.5,1.2,"WGS84",,,,,,"2017-07-10T14:36Z","lake",,"LIRO.IN.20170710",,"LIRO.20170710","Kemmerer",7.53,86.70,,22.40,"NEON.DOC.001886vE",,,1.8,0.5,,"Ahaynes@battelleecology.org","jhudson@neoninc.org","Cond not behaving normally",
"5c19ba47-c26e-4466-b380-1ee44f51ab10","D05","LIRO","LIRO.AOS.buoy.c1",45.998322,-89.704766,10.0,10.0,502.0,10.0,"WGS84",,,,,,"2017-07-10T15:07Z","lake",,"LIRO.C1.20170710",,"LIRO.20170710","Kemmerer",7.81,90.60,10.90,22.80,"NEON.DOC.001886vE",1.5,0.0,8.7,0.5,,"Ahaynes@battelleecology.org","jhudson@neoninc.org",,
"a315453d-4694-4ee0-a224-5c8218388b88","D05","LIRO","LIRO.AOS.outlet",46.000596,-89.704067,2.4,10.0,496.3,1.2,"WGS84",,,,,,"2017-07-10T15:48Z","lake",,"LIRO.OT.20170710",,"LIRO.20170710","Kemmerer",8.27,96.60,10.80,23.20,"NEON.DOC.001886vE",,,1.4,0.5,,"Ahaynes@battelleecology.org","jhudson@neoninc.org",,
"f9c9dc97-2f08-44c0-849a-bbdea178f355","D05","LIRO","LIRO.AOS.inlet",45.995229,-89.706476,2.4,10.0,495.5,1.2,"WGS84",,,,,,"2017-07-31T14:34Z","lake",,"LIRO.IN.20170731",,"LIRO.20170731","Kemmerer",6.14,73.80,6.70,24.70,"NEON.DOC.001886vE",,,1.4,0.5,,"Ahaynes@battelleecology.org","jhudson@neoninc.org",,
"4be4a53d-8c0a-46a3-aa13-5a9a015614ce","D05","LIRO","LIRO.AOS.buoy.c1",45.998322,-89.704766,10.0,10.0,502.0,10.0,"WGS84",,,,,,"2017-07-31T15:03Z","lake",,"LIRO.C1.20170731",,"LIRO.20170731","Kemmerer",7.05,85.10,13.50,24.90,"NEON.DOC.001886vE",2.0,0.0,8.6,0.5,,"ahaynes@battelleecology.org","jhudson@neoninc.org",,
"953f1a8c-db4c-4391-8fb1-9a7eccdf9e94","D05","LIRO","LIRO.AOS.outlet",46.000596,-89.704067,2.4,10.0,496.3,1.2,"WGS84",,,,,,"2017-07-31T15:54Z","lake",,"LIRO.OT.20170731",,"LIRO.20170731","Kemmerer",6.54,78.10,13.60,24.70,"NEON.DOC.001886vE",,,,0.5,,"jhudson@neoninc.org","ahaynes@battelleecology.org",,
