uid,domainID,siteID,namedLocation,collectDate,sampleID,sampleCode,sampleCondition,laboratoryName,analysisDate,analyzedBy,sampleType,replicate,sampleVolumeFiltered,filterSize,percentFilterAnalyzed,analyte,analyteConcentration,plantAlgaeLabUnits,method,externalRemarks,externalLabDataQF
"6313c4cd-aa21-46d9-856e-6f076ec21769","D19","CARI","CARI.AOS.S2","2017-06-06","CARI.SS.20170606.POM.2",,"condition ok","SIRFER Lab at University of Utah","2018-05-09","ElFtGy1kV49xqNP00HfxQA==","POM","1",600,25,100,"nitrogen",20.84,"microgramsPerLiter","Revesz & Coplen 2012a",,
"a9659cc8-4338-4e25-ac9d-06139cfad81c","D19","CARI","CARI.AOS.S2","2017-06-06","CARI.SS.20170606.POM.2",,"condition ok","SIRFER Lab at University of Utah","2018-05-09","ElFtGy1kV49xqNP00HfxQA==","POM","1",600,25,100,"d13C",-26.60,"perMill","Revesz & Coplen 2012a",,
"fd0d7315-d577-4148-8eb5-c05a0f0ce3c1","D19","CARI","CARI.AOS.S2","2017-06-06","CARI.SS.20170606.POM.2",,"condition ok","SIRFER Lab at University of Utah","2018-05-09","ElFtGy1kV49xqNP00HfxQA==","POM","1",600,25,100,"d15N",4.78,"perMill","Revesz & Coplen 2012a",,
"559dcb0f-7e2a-4253-891b-5d3efd6113f5","D19","CARI","CARI.AOS.S2","2017-06-06","CARI.SS.20170606.POM.2",,"condition ok","SIRFER Lab at University of Utah","2018-05-09","ElFtGy1kV49xqNP00HfxQA==","POM","1",600,25,100,"carbon",299.27,"microgramsPerLiter","Revesz & Coplen 2012a",,
"d29c0eab-afff-499e-9000-731fb3089d55","D19","CARI","CARI.AOS.S2","2017-06-13","CARI.SS.20170613.POM.2",,"condition ok","SIRFER Lab at University of Utah","2018-05-09","ElFtGy1kV49xqNP00HfxQA==","POM","1",600,25,100,"carbon",295.44,"microgramsPerLiter","Revesz & Coplen 2012a",,
"06246b55-7dec-415c-a9fe-95203bc29c3d","D19","CARI","CARI.AOS.S2","2017-06-13","CARI.SS.20170613.POM.2",,"condition ok","SIRFER Lab at University of Utah","2018-05-09","ElFtGy1kV49xqNP00HfxQA==","POM","1",600,25,100,"d15N",3.04,"perMill","Revesz & Coplen 2012a",,
"457aa342-ac49-4002-9e94-23cd23f9c251","D19","CARI","CARI.AOS.S2","2017-06-13","CARI.SS.20170613.POM.2",,"condition ok","SIRFER Lab at University of Utah","2018-05-09","ElFtGy1kV49xqNP00HfxQA==","POM","1",600,25,100,"d13C",-26.71,"perMill","Revesz & Coplen 2012a",,
"a18b4a5d-8134-43d8-9ab4-9518f277b8ba","D19","CARI","CARI.AOS.S2","2017-06-13","CARI.SS.20170613.POM.2",,"condition ok","SIRFER Lab at University of Utah","2018-05-09","ElFtGy1kV49xqNP00HfxQA==","POM","1",600,25,100,"nitrogen",18.93,"microgramsPerLiter","Revesz & Coplen 2012a",,
"5dee90b9-1671-4b70-97a0-8fd994ec9062","D19","CARI","CARI.AOS.S2","2017-06-20","CARI.SS.20170620.POM.2",,"condition ok","SIRFER Lab at University of Utah","2018-05-09","ElFtGy1kV49xqNP00HfxQA==","POM","1",600,25,100,"carbon",353.95,"microgramsPerLiter","Revesz & Coplen 2012a",,
"b181adb0-2858-4478-9318-20e32ac33e10","D19","CARI","CARI.AOS.S2","2017-06-20","CARI.SS.20170620.POM.2",,"condition ok","SIRFER Lab at University of Utah","2018-05-09","ElFtGy1kV49xqNP00HfxQA==","POM","1",600,25,100,"d15N",6.03,"perMill","Revesz & Coplen 2012a",,
"7fcdede0-889b-4527-8a56-cb0b767b8156","D19","CARI","CARI.AOS.S2","2017-06-20","CARI.SS.20170620.POM.2",,"condition ok","SIRFER Lab at University of Utah","2018-05-09","ElFtGy1kV49xqNP00HfxQA==","POM","1",600,25,100,"d13C",-26.53,"perMill","Revesz & Coplen 2012a",,
"dc6b9ae5-b3df-4a80-b1c4-efdca75221b3","D19","CARI","CARI.AOS.S2","2017-06-20","CARI.SS.20170620.POM.2",,"condition ok","SIRFER Lab at University of Utah","2018-05-09","ElFtGy1kV49xqNP00HfxQA==","POM","1",600,25,100,"nitrogen",24.96,"microgramsPerLiter","Revesz & Coplen 2012a",,
