uid,domainID,siteID,namedLocation,collectDate,sampleID,sampleCode,sampleCondition,laboratoryName,analysisDate,analyzedBy,sampleType,replicate,sampleVolumeFiltered,filterSize,percentFilterAnalyzed,analyte,analyteConcentration,plantAlgaeLabUnits,method,externalRemarks,externalLabDataQF
"850a18b6-d94e-4172-84a9-80a87e36d839","D08","MAYF","MAYF.AOS.S2","2017-05-03","MAYF.SS.20170503.POM.1",,"condition ok","SIRFER Lab at University of Utah","2018-03-23","ElFtGy1kV49xqNP00HfxQA==","POM","1",50,25,100,"nitrogen",115.54,"microgramsPerLiter","Revesz & Coplen 2012a",,
"3ed1e3e4-5863-4863-b7db-2d168877a4b9","D08","MAYF","MAYF.AOS.S2","2017-05-03","MAYF.SS.20170503.POM.1",,"condition ok","SIRFER Lab at University of Utah","2018-03-23","ElFtGy1kV49xqNP00HfxQA==","POM","1",50,25,100,"carbon",1981.64,"microgramsPerLiter","Revesz & Coplen 2012a",,
"8ff878e8-8aa4-4e87-bc88-8c49d1cd623d","D08","MAYF","MAYF.AOS.S2","2017-05-03","MAYF.SS.20170503.POM.1",,"condition ok","SIRFER Lab at University of Utah","2018-03-23","ElFtGy1kV49xqNP00HfxQA==","POM","1",50,25,100,"d15N",9.99,"perMill","Revesz & Coplen 2012a",,
"285de6ad-568f-47b0-a361-db4a40cdf3a7","D08","MAYF","MAYF.AOS.S2","2017-05-03","MAYF.SS.20170503.POM.1",,"condition ok","SIRFER Lab at University of Utah","2018-03-23","ElFtGy1kV49xqNP00HfxQA==","POM","1",50,25,100,"d13C",-27.80,"perMill","Revesz & Coplen 2012a",,
"48ff700e-ea82-4bd8-bf61-ff990e50b667","D08","MAYF","MAYF.AOS.S2","2017-05-09","MAYF.SS.20170509.POM.1",,"condition ok","SIRFER Lab at University of Utah","2018-03-23","ElFtGy1kV49xqNP00HfxQA==","POM","1",50,25,100,"nitrogen",135.66,"microgramsPerLiter","Revesz & Coplen 2012a",,
"2423a0ba-d341-4fb9-a784-ed1acb441914","D08","MAYF","MAYF.AOS.S2","2017-05-09","MAYF.SS.20170509.POM.1",,"condition ok","SIRFER Lab at University of Utah","2018-03-23","ElFtGy1kV49xqNP00HfxQA==","POM","1",50,25,100,"d13C",-28.63,"perMill","Revesz & Coplen 2012a",,
"34d6946a-6177-4880-ac48-168e5e3e25a1","D08","MAYF","MAYF.AOS.S2","2017-05-09","MAYF.SS.20170509.POM.1",,"condition ok","SIRFER Lab at University of Utah","2018-03-23","ElFtGy1kV49xqNP00HfxQA==","POM","1",50,25,100,"d15N",7.60,"perMill","Revesz & Coplen 2012a",,
"4a2e88cc-24e5-4d0a-8797-e45561e43933","D08","MAYF","MAYF.AOS.S2","2017-05-09","MAYF.SS.20170509.POM.1",,"condition ok","SIRFER Lab at University of Utah","2018-03-23","ElFtGy1kV49xqNP00HfxQA==","POM","1",50,25,100,"carbon",2150.13,"microgramsPerLiter","Revesz & Coplen 2012a",,
"ceb7d4ca-1c41-4764-aa35-283f1907e76c","D08","MAYF","MAYF.AOS.S2","2017-05-15","MAYF.SS.20170515.POM.1",,"condition ok","SIRFER Lab at University of Utah","2018-03-23","ElFtGy1kV49xqNP00HfxQA==","POM","1",50,25,100,"carbon",1782.23,"microgramsPerLiter","Revesz & Coplen 2012a",,
"6253b8ec-cc32-4c30-a441-6118d76bc802","D08","MAYF","MAYF.AOS.S2","2017-05-15","MAYF.SS.20170515.POM.1",,"condition ok","SIRFER Lab at University of Utah","2018-03-23","ElFtGy1kV49xqNP00HfxQA==","POM","1",50,25,100,"d13C",-28.52,"perMill","Revesz & Coplen 2012a",,
"2dfe2c5f-f8da-4e34-adc1-d5ee6f2a3564","D08","MAYF","MAYF.AOS.S2","2017-05-15","MAYF.SS.20170515.POM.1",,"condition ok","SIRFER Lab at University of Utah","2018-03-23","ElFtGy1kV49xqNP00HfxQA==","POM","1",50,25,100,"d15N",9.14,"perMill","Revesz & Coplen 2012a",,
"1d1db6f7-df01-4cae-9779-dc479d048902","D08","MAYF","MAYF.AOS.S2","2017-05-15","MAYF.SS.20170515.POM.1",,"condition ok","SIRFER Lab at University of Utah","2018-03-23","ElFtGy1kV49xqNP00HfxQA==","POM","1",50,25,100,"nitrogen",128.04,"microgramsPerLiter","Revesz & Coplen 2012a",,
