uid,domainID,siteID,namedLocation,collectDate,sampleID,sampleCode,sampleCondition,laboratoryName,analysisDate,analyzedBy,sampleType,replicate,sampleVolumeFiltered,filterSize,percentFilterAnalyzed,analyte,analyteConcentration,plantAlgaeLabUnits,method,externalRemarks,externalLabDataQF
"41b6eaf3-24c0-4a9b-87a3-530bee08924c","D07","WALK","WALK.AOS.S2","2017-08-22","WALK.SS.20170822.POM.1",,"condition ok","SIRFER Lab at University of Utah","2018-03-12","ElFtGy1kV49xqNP00HfxQA==","POM","1",,,100,"nitrogen",12.78,"microgramsPerLiter","Revesz & Coplen 2012a",,
"93732400-0b7c-4ab1-aefd-2d6c3047ab83","D07","WALK","WALK.AOS.S2","2017-08-22","WALK.SS.20170822.POM.1",,"condition ok","SIRFER Lab at University of Utah","2018-03-12","ElFtGy1kV49xqNP00HfxQA==","POM","1",,,100,"d15N",5.11,"perMill","Revesz & Coplen 2012a",,
"e63083f4-c142-4e66-b09d-f21e7f22be22","D07","WALK","WALK.AOS.S2","2017-08-22","WALK.SS.20170822.POM.1",,"condition ok","SIRFER Lab at University of Utah","2018-03-12","ElFtGy1kV49xqNP00HfxQA==","POM","1",,,100,"carbon",200.19,"microgramsPerLiter","Revesz & Coplen 2012a",,
"6159f909-e946-459b-9227-11da68fa9cd8","D07","WALK","WALK.AOS.S2","2017-08-22","WALK.SS.20170822.POM.1",,"condition ok","SIRFER Lab at University of Utah","2018-03-12","ElFtGy1kV49xqNP00HfxQA==","POM","1",,,100,"d13C",-28.28,"perMill","Revesz & Coplen 2012a",,
