uid,domainID,siteID,namedLocation,collectDate,sampleID,sampleCode,sampleCondition,laboratoryName,analysisDate,analyzedBy,sampleType,replicate,sampleVolumeFiltered,filterSize,percentFilterAnalyzed,analyte,analyteConcentration,plantAlgaeLabUnits,method,externalRemarks,externalLabDataQF
"3a370e5e-86b2-461a-9e9c-60980127c385","D04","GUIL","GUIL.AOS.S2","2018-05-02","GUIL.SS.20180502.POM.1","A00000006094","condition ok","SIRFER Lab at University of Utah","2018-09-12","ElFtGy1kV49xqNP00HfxQA==","POM","1",750,25,100,"d15N",2.93,"perMill","Revesz & Coplen 2012a",,
"cd1f370e-9085-48b3-a767-75e7fc91e790","D04","GUIL","GUIL.AOS.S2","2018-05-02","GUIL.SS.20180502.POM.1","A00000006094","condition ok","SIRFER Lab at University of Utah","2018-09-12","ElFtGy1kV49xqNP00HfxQA==","POM","1",750,25,100,"carbon",153.99,"microgramsPerLiter","Revesz & Coplen 2012a",,
"777ee8e4-3e7c-45ff-b6e1-33feb267e3c9","D04","GUIL","GUIL.AOS.S2","2018-05-02","GUIL.SS.20180502.POM.1","A00000006094","condition ok","SIRFER Lab at University of Utah","2018-09-12","ElFtGy1kV49xqNP00HfxQA==","POM","1",750,25,100,"nitrogen",20.97,"microgramsPerLiter","Revesz & Coplen 2012a",,
"9b4a1fb9-e648-4046-940b-c2dcff1d8fbe","D04","GUIL","GUIL.AOS.S2","2018-05-02","GUIL.SS.20180502.POM.1","A00000006094","condition ok","SIRFER Lab at University of Utah","2018-09-12","ElFtGy1kV49xqNP00HfxQA==","POM","1",750,25,100,"d13C",-25.65,"perMill","Revesz & Coplen 2012a",,
"9017a3b1-b09c-4c57-bbe2-c530c6c4b8f9","D04","GUIL","GUIL.AOS.S2","2018-05-23","GUIL.SS.20180523.POM.1","A00000007087","condition ok","SIRFER Lab at University of Utah","2018-09-12","ElFtGy1kV49xqNP00HfxQA==","POM","1",250,25,100,"carbon",249.87,"microgramsPerLiter","Revesz & Coplen 2012a",,
"ad199481-48b5-4237-bcf9-c5ca51dc2b1b","D04","GUIL","GUIL.AOS.S2","2018-05-23","GUIL.SS.20180523.POM.1","A00000007087","condition ok","SIRFER Lab at University of Utah","2018-09-12","ElFtGy1kV49xqNP00HfxQA==","POM","1",250,25,100,"d15N",3.35,"perMill","Revesz & Coplen 2012a",,
"e0b5685e-3d60-42c7-88cc-6baeda068b66","D04","GUIL","GUIL.AOS.S2","2018-05-23","GUIL.SS.20180523.POM.1","A00000007087","condition ok","SIRFER Lab at University of Utah","2018-09-12","ElFtGy1kV49xqNP00HfxQA==","POM","1",250,25,100,"nitrogen",25.64,"microgramsPerLiter","Revesz & Coplen 2012a",,
"6bc74811-db71-418b-8153-c2f510d66c75","D04","GUIL","GUIL.AOS.S2","2018-05-23","GUIL.SS.20180523.POM.1","A00000007087","condition ok","SIRFER Lab at University of Utah","2018-09-12","ElFtGy1kV49xqNP00HfxQA==","POM","1",250,25,100,"d13C",-26.52,"perMill","Revesz & Coplen 2012a",,
"6195ba78-f969-48d3-bf1c-411a8bfdc514","D04","GUIL","GUIL.AOS.S2","2018-05-29","GUIL.SS.20180529.POM.1","A00000006227","condition ok","SIRFER Lab at University of Utah","2018-09-12","ElFtGy1kV49xqNP00HfxQA==","POM","1",1000,25,100,"d15N",3.08,"perMill","Revesz & Coplen 2012a",,
"70bb277e-9082-46b4-922d-b3fc99dc8540","D04","GUIL","GUIL.AOS.S2","2018-05-29","GUIL.SS.20180529.POM.1","A00000006227","condition ok","SIRFER Lab at University of Utah","2018-09-12","ElFtGy1kV49xqNP00HfxQA==","POM","1",1000,25,100,"nitrogen",15.32,"microgramsPerLiter","Revesz & Coplen 2012a",,
"bae25fa9-4ae5-4d5c-af6c-e624b59f7192","D04","GUIL","GUIL.AOS.S2","2018-05-29","GUIL.SS.20180529.POM.1","A00000006227","condition ok","SIRFER Lab at University of Utah","2018-09-12","ElFtGy1kV49xqNP00HfxQA==","POM","1",1000,25,100,"carbon",118.42,"microgramsPerLiter","Revesz & Coplen 2012a",,
"8596c7b4-75ed-4bdc-800d-7a492fcb823f","D04","GUIL","GUIL.AOS.S2","2018-05-29","GUIL.SS.20180529.POM.1","A00000006227","condition ok","SIRFER Lab at University of Utah","2018-09-12","ElFtGy1kV49xqNP00HfxQA==","POM","1",1000,25,100,"d13C",-26.95,"perMill","Revesz & Coplen 2012a",,
