uid,domainID,siteID,namedLocation,collectDate,sampleID,sampleCode,sampleCondition,laboratoryName,analysisDate,analyzedBy,sampleType,replicate,sampleVolumeFiltered,filterSize,percentFilterAnalyzed,analyte,analyteConcentration,plantAlgaeLabUnits,method,externalRemarks,externalLabDataQF
"d6db2a7c-5a3e-48d4-9be3-a1d71a386203","D08","MAYF","MAYF.AOS.S2","2017-02-08","MAYF.SS.20170208.POM.1",,"condition ok","SIRFER Lab at University of Utah","2018-03-14","ElFtGy1kV49xqNP00HfxQA==","POM","1",50,25,100,"nitrogen",102.02,"microgramsPerLiter","Revesz & Coplen 2012a",,
"a28d9e99-7539-442f-886a-a92c9d163b2a","D08","MAYF","MAYF.AOS.S2","2017-02-08","MAYF.SS.20170208.POM.1",,"condition ok","SIRFER Lab at University of Utah","2018-03-14","ElFtGy1kV49xqNP00HfxQA==","POM","1",50,25,100,"d15N",14.30,"perMill","Revesz & Coplen 2012a",,
"62fe9c3c-bb61-47ec-b60a-54a203b1b615","D08","MAYF","MAYF.AOS.S2","2017-02-08","MAYF.SS.20170208.POM.1",,"condition ok","SIRFER Lab at University of Utah","2018-03-14","ElFtGy1kV49xqNP00HfxQA==","POM","1",50,25,100,"d13C",-27.76,"perMill","Revesz & Coplen 2012a",,
"03d47a23-f50e-45fd-9f96-abbf843f8fe7","D08","MAYF","MAYF.AOS.S2","2017-02-08","MAYF.SS.20170208.POM.1",,"condition ok","SIRFER Lab at University of Utah","2018-03-14","ElFtGy1kV49xqNP00HfxQA==","POM","1",50,25,100,"carbon",1473.96,"microgramsPerLiter","Revesz & Coplen 2012a",,
"b9921723-0614-458b-bd02-450a7eef1cb1","D08","MAYF","MAYF.AOS.S2","2017-02-14","MAYF.SS.20170214.POM.1",,"condition ok","SIRFER Lab at University of Utah","2018-03-14","ElFtGy1kV49xqNP00HfxQA==","POM","1",50,25,100,"d13C",-28.02,"perMill","Revesz & Coplen 2012a",,
"e20380a9-3652-43a2-b568-9e7d2cabb3e9","D08","MAYF","MAYF.AOS.S2","2017-02-14","MAYF.SS.20170214.POM.1",,"condition ok","SIRFER Lab at University of Utah","2018-03-14","ElFtGy1kV49xqNP00HfxQA==","POM","1",50,25,100,"nitrogen",50.77,"microgramsPerLiter","Revesz & Coplen 2012a",,
"604e22f9-6cd2-4a6d-96ed-7f801c9d5d11","D08","MAYF","MAYF.AOS.S2","2017-02-14","MAYF.SS.20170214.POM.1",,"condition ok","SIRFER Lab at University of Utah","2018-03-14","ElFtGy1kV49xqNP00HfxQA==","POM","1",50,25,100,"carbon",922.34,"microgramsPerLiter","Revesz & Coplen 2012a",,
"8f0d959f-abaa-44eb-8959-8fc797786ad6","D08","MAYF","MAYF.AOS.S2","2017-02-14","MAYF.SS.20170214.POM.1",,"condition ok","SIRFER Lab at University of Utah","2018-03-14","ElFtGy1kV49xqNP00HfxQA==","POM","1",50,25,100,"d15N",11.22,"perMill","Revesz & Coplen 2012a",,
"e4230787-fb84-40a6-93b7-067c1fac84b8","D08","MAYF","MAYF.AOS.S2","2017-02-20","MAYF.SS.20170220.POM.1",,"condition ok","SIRFER Lab at University of Utah","2018-03-14","ElFtGy1kV49xqNP00HfxQA==","POM","1",50,25,100,"d15N",15.68,"perMill","Revesz & Coplen 2012a",,
"77a7916a-fd6f-4453-988d-e351d1337a71","D08","MAYF","MAYF.AOS.S2","2017-02-20","MAYF.SS.20170220.POM.1",,"condition ok","SIRFER Lab at University of Utah","2018-03-14","ElFtGy1kV49xqNP00HfxQA==","POM","1",50,25,100,"d13C",-27.16,"perMill","Revesz & Coplen 2012a",,
"b4c88be8-4ae2-491d-8fb8-e8dc0a8c5554","D08","MAYF","MAYF.AOS.S2","2017-02-20","MAYF.SS.20170220.POM.1",,"condition ok","SIRFER Lab at University of Utah","2018-03-14","ElFtGy1kV49xqNP00HfxQA==","POM","1",50,25,100,"carbon",991.65,"microgramsPerLiter","Revesz & Coplen 2012a",,
"f1d06a18-f896-434a-8001-09629c9b43ca","D08","MAYF","MAYF.AOS.S2","2017-02-20","MAYF.SS.20170220.POM.1",,"condition ok","SIRFER Lab at University of Utah","2018-03-14","ElFtGy1kV49xqNP00HfxQA==","POM","1",50,25,100,"nitrogen",63.52,"microgramsPerLiter","Revesz & Coplen 2012a",,
