uid,domainID,siteID,namedLocation,collectDate,sampleID,sampleCode,sampleCondition,laboratoryName,analysisDate,analyzedBy,sampleType,replicate,sampleVolumeFiltered,filterSize,percentFilterAnalyzed,analyte,analyteConcentration,plantAlgaeLabUnits,method,externalRemarks,externalLabDataQF
"371825bd-70a7-46f7-bd59-abc3c962b31d","D02","POSE","POSE.AOS.S2","2019-04-02","POSE.SS.20190402.POM.1","A00000034077","condition ok","SIRFER Lab at University of Utah","2019-08-08","ElFtGy1kV49xqNP00HfxQA==","POM","1",500,25,100,"d15N",1.25,"perMill","Revesz & Coplen 2012a",,
"91a4eba8-7a00-4661-a077-5a1438d0e170","D02","POSE","POSE.AOS.S2","2019-04-02","POSE.SS.20190402.POM.1","A00000034077","condition ok","SIRFER Lab at University of Utah","2019-08-08","ElFtGy1kV49xqNP00HfxQA==","POM","1",500,25,100,"nitrogen",54.56,"microgramsPerLiter","Revesz & Coplen 2012a",,
"1c92768c-d0b0-43a2-9a79-b6e96bd4eab3","D02","POSE","POSE.AOS.S2","2019-04-02","POSE.SS.20190402.POM.1","A00000034077","condition ok","SIRFER Lab at University of Utah","2019-08-08","ElFtGy1kV49xqNP00HfxQA==","POM","1",500,25,100,"carbon",656.52,"microgramsPerLiter","Revesz & Coplen 2012a",,
"f524eb46-f03f-411a-b7f1-1f1127c55bfe","D02","POSE","POSE.AOS.S2","2019-04-02","POSE.SS.20190402.POM.1","A00000034077","condition ok","SIRFER Lab at University of Utah","2019-08-08","ElFtGy1kV49xqNP00HfxQA==","POM","1",500,25,100,"d13C",-27.56,"perMill","Revesz & Coplen 2012a",,
