uid,domainID,siteID,namedLocation,decimalLatitude,decimalLongitude,coordinateUncertainty,additionalCoordUncertainty,elevation,elevationUncertainty,geodeticDatum,altLocation,altLatitude,altLongitude,altCoordinateUncertainty,altGeodeticDatum,collectDate,aquaticSiteType,samplingImpractical,parentSampleID,parentSampleCode,eventID,samplerType,dissolvedOxygen,dissolvedOxygenSaturation,specificConductance,waterTemp,asiSamplingProtocolVersion,lowerSegmentDepth,upperSegmentDepth,maxDepth,lakeSampleDepth1,lakeSampleDepth2,aCollectedBy,bCollectedBy,remarks,fieldDataQF
"cd4306d4-1d29-4ec5-ad5b-83f26f3e3cc0","D05","CRAM","CRAM.AOS.outlet",46.211998,-89.474475,0.1,10.0,511.8,0.1,"WGS84",,,,,,"2015-09-01T14:45Z","lake",,"CRAM.OT.20150901",,"CRAM.20150901","Kemmerer",7.10,85.00,13.50,21.50,"NEON.DOC.001886vB",1.0,0.0,1.0,0.5,,"jhudson@neoninc.org","hwhite@field-ops.org","PCN not collected",
"06f7d87e-fe5a-4df9-933d-7ea2a0669bd2","D05","CRAM","CRAM.AOS.inlet",46.207952,-89.476174,0.1,10.0,511.7,0.1,"WGS84",,,,,,"2015-09-01T15:30Z","lake",,"CRAM.IN.20150901",,"CRAM.20150901","Kemmerer",7.40,88.00,13.40,21.80,"NEON.DOC.001886vB",1.3,0.0,1.3,0.5,,"jhudson@neoninc.org","hwhite@field-ops.org","PCN not filtered",
"8974b9d7-b011-4845-aca6-3dacfcd3c753","D05","CRAM","CRAM.AOS.buoy.c1",46.210592,-89.476861,10.0,10.0,509.0,10.0,"WGS84",,,,,,"2015-09-01T17:15Z","lake",,"CRAM.C1.20150901",,"CRAM.20150901","Kemmerer",8.20,99.00,13.10,21.90,"NEON.DOC.001886vB",2.0,0.0,15.0,0.5,,"jhudson@neoninc.org","hwhite@field-ops.org","PCN not collected",
"5e75ad2c-2a98-4b27-ad1e-934149635595","D05","CRAM","CRAM.AOS.buoy.c2",46.210592,-89.476861,10.0,10.0,509.0,10.0,"WGS84",,,,,,"2015-09-01T18:00Z","lake",,"CRAM.C2.20150901",,"CRAM.20150901","Kemmerer",0.20,2.00,19.30,5.50,"NEON.DOC.001886vB",15.0,8.5,15.0,11.0,13.5,"jhudson@neoninc.org","hwhite@field-ops.org","PCN not collected. Samples taken and 11.0 m and 13.5 m and integrated|Filtered 09/02/2015. Used the pH sample water because we ran out of acid titrant. Sample kept cool and dark until filtered.",
"0a41912d-3fd8-4131-a79d-b78ae3e6123f","D05","CRAM","CRAM.AOS.outlet",46.211998,-89.474475,0.1,10.0,511.8,0.1,"WGS84",,,,,,"2015-09-29T15:30Z","lake",,"CRAM.OT.20150929",,"CRAM.20150929","Kemmerer",8.40,93.00,14.70,17.80,"NEON.DOC.001886vB",1.1,0.0,1.1,0.5,,"jhudson@neoninc.org","pgrunwald@neoninc.org","PCN not collected",
"9dbdf061-fc34-432d-9569-7993123ed463","D05","CRAM","CRAM.AOS.inlet",46.207952,-89.476174,0.1,10.0,511.7,0.1,"WGS84",,,,,,"2015-09-29T17:30Z","lake",,"CRAM.IN.20150929",,"CRAM.20150929","Kemmerer",8.70,97.00,14.30,18.30,"NEON.DOC.001886vB",0.9,0.0,0.9,0.5,,"jhudson@neoninc.org","pgrunwald@neoninc.org","PCN not collected",
"3e822352-fee9-4e84-9300-1f04d5d4017b","D05","CRAM","CRAM.AOS.buoy.c1",46.210592,-89.476861,10.0,10.0,509.0,10.0,"WGS84",,,,,,"2015-09-29T19:00Z","lake",,"CRAM.C1.20150929",,"CRAM.20150929","Kemmerer",8.50,95.00,14.20,18.30,"NEON.DOC.001886vB",5.0,0.0,14.0,0.5,,"jhudson@neoninc.org","pgrunwald@neoninc.org","PCN not collected",
"672f9dd2-6ef0-4b9f-b327-483072ada012","D05","CRAM","CRAM.AOS.buoy.c2",46.210592,-89.476861,10.0,10.0,509.0,10.0,"WGS84",,,,,,"2015-09-29T19:45Z","lake",,"CRAM.C2.20150929",,"CRAM.20150929","Kemmerer",0.20,1.00,22.50,5.90,"NEON.DOC.001886vB",14.0,9.0,14.0,11.0,13.0,"jhudson@neoninc.org","pgrunwald@neoninc.org","PCN not collected. Samples taken at 11.0 and 13.0 meters and integrated. In-situ measurements taken at 12 m.",
