uid,domainID,siteID,namedLocation,collectDate,analysisDate,isotopeH2OSampleID,isotopeH2OSampleCode,instrumentSN,d18OWater,d2HWater,d18OsdWater,d2HsdWater,isotopeH2OExternalLabQF,laboratoryName,analyzedBy,sampleCondition,externalRemarks,externalLabDataQF
"d836e993-d52b-4a5f-8f86-92ed36dceaa9","D05","CRAM","CRAM.AOS.outlet","2015-09-01","2016-09-07","CRAM.OT.20150901.H2O.1",,"HIDS2052",-4.38,-48.18,0.07,0.18,0,"SIRFER Lab at University of Utah","OlSmE6RRn5QQH8tvUHmK5i/poYiQr6sd","OK",,
"606baff9-08a4-4c7f-ae6f-b45c56170891","D05","CRAM","CRAM.AOS.inlet","2015-09-01","2016-09-07","CRAM.IN.20150901.H2O.1",,"HIDS2052",-4.35,-48.03,0.15,0.44,0,"SIRFER Lab at University of Utah","OlSmE6RRn5QQH8tvUHmK5i/poYiQr6sd","OK",,
"7255a4da-66dd-4b4a-bbac-f5e65e604363","D05","CRAM","CRAM.AOS.buoy.c1","2015-09-01","2016-09-07","CRAM.C1.20150901.H2O.1",,"HIDS2052",-4.15,-47.61,0.19,0.44,0,"SIRFER Lab at University of Utah","OlSmE6RRn5QQH8tvUHmK5i/poYiQr6sd","OK",,
"a18bfd9b-445c-46fa-8fd4-fdc88d3a4bf9","D05","CRAM","CRAM.AOS.buoy.c2","2015-09-01","2016-09-07","CRAM.C2.20150901.H2O.1",,"HIDS2052",-4.85,-50.74,0.14,0.31,0,"SIRFER Lab at University of Utah","OlSmE6RRn5QQH8tvUHmK5i/poYiQr6sd","OK",,
"6f1ec6f9-ca7a-46a3-875f-7b80d862378a","D05","CRAM","CRAM.AOS.outlet","2015-09-29","2016-09-07","CRAM.OT.20150929.H2O.1",,"HIDS2052",-4.24,-46.69,0.11,0.26,0,"SIRFER Lab at University of Utah","OlSmE6RRn5QQH8tvUHmK5i/poYiQr6sd","OK",,
"696f1d11-bc7e-48bd-bbb1-9c6f4b8d1e11","D05","CRAM","CRAM.AOS.inlet","2015-09-29","2016-09-07","CRAM.IN.20150929.H2O.1",,"HIDS2052",-4.23,-46.76,0.06,0.20,0,"SIRFER Lab at University of Utah","OlSmE6RRn5QQH8tvUHmK5i/poYiQr6sd","OK",,
"be0c2ec4-d21e-4e9b-a58b-696c05887234","D05","CRAM","CRAM.AOS.buoy.c1","2015-09-29","2016-09-07","CRAM.C1.20150929.H2O.1",,"HIDS2052",-4.26,-46.81,0.03,0.07,0,"SIRFER Lab at University of Utah","OlSmE6RRn5QQH8tvUHmK5i/poYiQr6sd","OK",,
"223fea3a-eb24-4ee2-93b0-e9c9da3c6dfd","D05","CRAM","CRAM.AOS.buoy.c2","2015-09-29","2016-09-07","CRAM.C2.20150929.H2O.1",,"HIDS2052",-5.32,-52.59,0.00,0.09,0,"SIRFER Lab at University of Utah","OlSmE6RRn5QQH8tvUHmK5i/poYiQr6sd","OK",,
