uid,domainID,siteID,namedLocation,collectDate,sampleID,sampleCode,sampleCondition,laboratoryName,analysisDate,analyzedBy,sampleType,replicate,sampleVolumeFiltered,filterSize,percentFilterAnalyzed,analyte,analyteConcentration,plantAlgaeLabUnits,method,externalRemarks,externalLabDataQF
"bab4d36c-399d-481c-959c-093b658d5e08","D05","CRAM","CRAM.AOS.outlet","2015-09-01","CRAM.OT.20150901.POM.2",,"condition ok","Academy of Natural Sciences of Drexel University","2017-01-17","OKgcKejxXbI=","13C15N","2",,,100,"d13C",-29.57,"perMill",,"Difference in volume filtered",
"bb2424a8-11d5-4332-a80d-d6758deecf73","D05","CRAM","CRAM.AOS.outlet","2015-09-01","CRAM.OT.20150901.POM.2",,"condition ok","Academy of Natural Sciences of Drexel University","2017-01-17","OKgcKejxXbI=","13C15N","2",,,100,"d15N",1.61,"perMill",,"Difference in volume filtered",
"d7cd4f91-d6ec-42b1-a51d-96131907ac25","D05","CRAM","CRAM.AOS.outlet","2015-09-01","CRAM.OT.20150901.POM.2",,"condition ok","Academy of Natural Sciences of Drexel University","2017-01-17","OKgcKejxXbI=","13C15N","2",250,25,100,"d13C",-29.57,"perMill",,"Difference in volume filtered","Audit Failed. Document: A00036_DREX_AlgalChem_DocAudit_20170407.pdf & A00036_DREX_AlgalChem_VisitAudit_20170407.pdf"
"64e4b4a7-78d1-445b-a8d5-d83daf07b1d1","D05","CRAM","CRAM.AOS.outlet","2015-09-01","CRAM.OT.20150901.POM.2",,"condition ok","Academy of Natural Sciences of Drexel University","2017-01-17","OKgcKejxXbI=","13C15N","2",250,25,100,"d15N",1.61,"perMill",,"Difference in volume filtered","Audit Failed. Document: A00036_DREX_AlgalChem_DocAudit_20170407.pdf & A00036_DREX_AlgalChem_VisitAudit_20170407.pdf"
"1953c4dc-db08-4008-b5d7-01c064898486","D05","CRAM","CRAM.AOS.outlet","2015-09-01","CRAM.OT.20150901.POM.1",,"condition ok","Academy of Natural Sciences of Drexel University","2016-09-13","OKgcKejxXbI=","13C15N","1",260,25,100,"d13C",-29.57,"perMill",,"Difference in volume filtered","Audit Failed. Document: A00036_DREX_AlgalChem_DocAudit_20170407.pdf & A00036_DREX_AlgalChem_VisitAudit_20170407.pdf"
"3767f96c-d776-4b55-85a0-b130fb504216","D05","CRAM","CRAM.AOS.outlet","2015-09-01","CRAM.OT.20150901.POM.1",,"condition ok","Academy of Natural Sciences of Drexel University","2016-09-13","OKgcKejxXbI=","13C15N","1",,,100,"d15N",0.54,"perMill",,"Difference in volume filtered",
"acba56d1-e9b8-4da7-b31d-bd2c75a88f65","D05","CRAM","CRAM.AOS.outlet","2015-09-01","CRAM.OT.20150901.POM.1",,"condition ok","Academy of Natural Sciences of Drexel University","2016-09-13","OKgcKejxXbI=","13C15N","1",260,25,100,"d15N",0.54,"perMill",,"Difference in volume filtered","Audit Failed. Document: A00036_DREX_AlgalChem_DocAudit_20170407.pdf & A00036_DREX_AlgalChem_VisitAudit_20170407.pdf"
"2eccb000-cee5-467a-83a5-4967e3109bcb","D05","CRAM","CRAM.AOS.outlet","2015-09-01","CRAM.OT.20150901.POM.1",,"condition ok","Academy of Natural Sciences of Drexel University","2016-09-13","OKgcKejxXbI=","13C15N","1",,,100,"d13C",-29.57,"perMill",,"Difference in volume filtered",
"6631bc5c-0b2d-44aa-9533-5c5f6c3434e7","D05","CRAM","CRAM.AOS.inlet","2015-09-01","CRAM.IN.20150901.POM.2",,"condition ok","Academy of Natural Sciences of Drexel University","2017-01-17","OKgcKejxXbI=","13C15N","2",,,100,"d13C",-29.96,"perMill",,"Difference in volume filtered",
"32cb881a-b23a-4bdf-b28e-87d77f234119","D05","CRAM","CRAM.AOS.inlet","2015-09-01","CRAM.IN.20150901.POM.2",,"condition ok","Academy of Natural Sciences of Drexel University","2017-01-17","OKgcKejxXbI=","13C15N","2",,,100,"d15N",2.13,"perMill",,"Difference in volume filtered",
"c9770cbd-7c72-4d3d-bc39-ccec0087f222","D05","CRAM","CRAM.AOS.inlet","2015-09-01","CRAM.IN.20150901.POM.1",,"condition ok","Academy of Natural Sciences of Drexel University","2016-09-13","OKgcKejxXbI=","13C15N","1",,,100,"d13C",-30.00,"perMill",,"Difference in volume filtered",
"0dd7d900-08fe-4343-a700-4e27bcbb42c8","D05","CRAM","CRAM.AOS.inlet","2015-09-01","CRAM.IN.20150901.POM.1",,"condition ok","Academy of Natural Sciences of Drexel University","2016-09-13","OKgcKejxXbI=","13C15N","1",,,100,"d15N",2.80,"perMill",,"Difference in volume filtered",
"3c327691-177b-40ae-98d8-eebca9666997","D05","CRAM","CRAM.AOS.inlet","2015-09-01","CRAM.IN.20150901.POM.2",,"condition ok","Academy of Natural Sciences of Drexel University","2017-01-17","OKgcKejxXbI=","13C15N","2",260,25,100,"d15N",2.13,"perMill",,"Difference in volume filtered","Audit Failed. Document: A00036_DREX_AlgalChem_DocAudit_20170407.pdf & A00036_DREX_AlgalChem_VisitAudit_20170407.pdf"
"3ef09e58-876b-4c7d-9c0b-47b34d66ef0e","D05","CRAM","CRAM.AOS.inlet","2015-09-01","CRAM.IN.20150901.POM.2",,"condition ok","Academy of Natural Sciences of Drexel University","2017-01-17","OKgcKejxXbI=","13C15N","2",260,25,100,"d13C",-29.96,"perMill",,"Difference in volume filtered","Audit Failed. Document: A00036_DREX_AlgalChem_DocAudit_20170407.pdf & A00036_DREX_AlgalChem_VisitAudit_20170407.pdf"
"63330f37-568d-4eab-b3c7-8592d10015e9","D05","CRAM","CRAM.AOS.inlet","2015-09-01","CRAM.IN.20150901.POM.1",,"condition ok","Academy of Natural Sciences of Drexel University","2016-09-13","OKgcKejxXbI=","13C15N","1",250,25,100,"d13C",-30.00,"perMill",,"Difference in volume filtered","Audit Failed. Document: A00036_DREX_AlgalChem_DocAudit_20170407.pdf & A00036_DREX_AlgalChem_VisitAudit_20170407.pdf"
"935217c2-3d5c-49b1-98a9-ff6486150248","D05","CRAM","CRAM.AOS.inlet","2015-09-01","CRAM.IN.20150901.POM.1",,"condition ok","Academy of Natural Sciences of Drexel University","2016-09-13","OKgcKejxXbI=","13C15N","1",250,25,100,"d15N",2.80,"perMill",,"Difference in volume filtered","Audit Failed. Document: A00036_DREX_AlgalChem_DocAudit_20170407.pdf & A00036_DREX_AlgalChem_VisitAudit_20170407.pdf"
"2f1061a4-88d6-4d2b-90b1-c5155441b72b","D05","CRAM","CRAM.AOS.buoy.c1","2015-09-01","CRAM.C1.20150901.POM.2",,"condition ok","Academy of Natural Sciences of Drexel University","2017-01-17","OKgcKejxXbI=","13C15N","2",200,25,100,"d15N",0.55,"perMill",,,"Audit Failed. Document: A00036_DREX_AlgalChem_DocAudit_20170407.pdf & A00036_DREX_AlgalChem_VisitAudit_20170407.pdf"
"a5ff3aba-4f27-448e-b27c-aa89b918696e","D05","CRAM","CRAM.AOS.buoy.c1","2015-09-01","CRAM.C1.20150901.POM.2",,"condition ok","Academy of Natural Sciences of Drexel University","2017-01-17","OKgcKejxXbI=","13C15N","2",200,25,100,"d13C",-30.60,"perMill",,,"Audit Failed. Document: A00036_DREX_AlgalChem_DocAudit_20170407.pdf & A00036_DREX_AlgalChem_VisitAudit_20170407.pdf"
"489e0b02-e879-4272-b1fc-6e1a3db2a5ea","D05","CRAM","CRAM.AOS.buoy.c1","2015-09-01","CRAM.C1.20150901.POM.1",,"condition ok","Academy of Natural Sciences of Drexel University","2016-09-13","OKgcKejxXbI=","13C15N","1",200,25,100,"d13C",-30.86,"perMill",,,"Audit Failed. Document: A00036_DREX_AlgalChem_DocAudit_20170407.pdf & A00036_DREX_AlgalChem_VisitAudit_20170407.pdf"
"e59803ce-a81b-40e6-a151-0b22cfeed38e","D05","CRAM","CRAM.AOS.buoy.c1","2015-09-01","CRAM.C1.20150901.POM.2",,"condition ok","Academy of Natural Sciences of Drexel University","2017-01-17","OKgcKejxXbI=","13C15N","2",,,100,"d13C",-30.60,"perMill",,,
"a8fd502e-88b9-47f0-a109-f5dddf900c54","D05","CRAM","CRAM.AOS.buoy.c1","2015-09-01","CRAM.C1.20150901.POM.2",,"condition ok","Academy of Natural Sciences of Drexel University","2017-01-17","OKgcKejxXbI=","13C15N","2",,,100,"d15N",0.55,"perMill",,,
"919e17ea-8970-4905-a42b-36c10499fc3b","D05","CRAM","CRAM.AOS.buoy.c1","2015-09-01","CRAM.C1.20150901.POM.1",,"condition ok","Academy of Natural Sciences of Drexel University","2016-09-13","OKgcKejxXbI=","13C15N","1",,,100,"d13C",-30.86,"perMill",,,
"c381d431-d74b-4101-84a0-54fc970e4cb9","D05","CRAM","CRAM.AOS.buoy.c1","2015-09-01","CRAM.C1.20150901.POM.1",,"condition ok","Academy of Natural Sciences of Drexel University","2016-09-13","OKgcKejxXbI=","13C15N","1",,,100,"d15N",1.43,"perMill",,,
"441aca2a-7b75-4611-9003-2187f7915acc","D05","CRAM","CRAM.AOS.buoy.c1","2015-09-01","CRAM.C1.20150901.POM.1",,"condition ok","Academy of Natural Sciences of Drexel University","2016-09-13","OKgcKejxXbI=","13C15N","1",200,25,100,"d15N",1.43,"perMill",,,"Audit Failed. Document: A00036_DREX_AlgalChem_DocAudit_20170407.pdf & A00036_DREX_AlgalChem_VisitAudit_20170407.pdf"
"aaf502de-3418-4d99-ac44-3762d0f45479","D05","CRAM","CRAM.AOS.buoy.c2","2015-09-01","CRAM.C2.20150901.POM.1",,"condition ok","Academy of Natural Sciences of Drexel University","2016-09-13","OKgcKejxXbI=","13C15N","1",190,25,100,"d15N",-3.79,"perMill",,,"Audit Failed. Document: A00036_DREX_AlgalChem_DocAudit_20170407.pdf & A00036_DREX_AlgalChem_VisitAudit_20170407.pdf"
"ef0ee1f7-2ce9-4607-94b2-5d45511e0cbe","D05","CRAM","CRAM.AOS.buoy.c2","2015-09-01","CRAM.C2.20150901.POM.2",,"other","Academy of Natural Sciences of Drexel University","2017-01-17","OKgcKejxXbI=","13C15N","2",,25,100,"d15N",,"perMill",,"filter not in shipment","Audit Failed. Document: A00036_DREX_AlgalChem_DocAudit_20170407.pdf & A00036_DREX_AlgalChem_VisitAudit_20170407.pdf"
"f27347a8-42ee-412a-b375-e5a05e070448","D05","CRAM","CRAM.AOS.buoy.c2","2015-09-01","CRAM.C2.20150901.POM.2",,"other","Academy of Natural Sciences of Drexel University","2017-01-17","OKgcKejxXbI=","13C15N","2",,25,100,"d13C",,"perMill",,"filter not in shipment","Audit Failed. Document: A00036_DREX_AlgalChem_DocAudit_20170407.pdf & A00036_DREX_AlgalChem_VisitAudit_20170407.pdf"
"5b690949-9ca0-49d6-bd8f-9d4760b460f9","D05","CRAM","CRAM.AOS.buoy.c2","2015-09-01","CRAM.C2.20150901.POM.1",,"condition ok","Academy of Natural Sciences of Drexel University","2016-09-13","OKgcKejxXbI=","13C15N","1",190,25,100,"d13C",-32.87,"perMill",,,"Audit Failed. Document: A00036_DREX_AlgalChem_DocAudit_20170407.pdf & A00036_DREX_AlgalChem_VisitAudit_20170407.pdf"
"14a3722f-92bc-4e0f-ab6f-ad28278de00d","D05","CRAM","CRAM.AOS.buoy.c2","2015-09-01","CRAM.C2.20150901.POM.1",,"condition ok","Academy of Natural Sciences of Drexel University","2016-09-13","OKgcKejxXbI=","13C15N","1",,,100,"d13C",-32.87,"perMill",,,
"ed843e65-7cbc-4d55-a2ee-2a51901afe72","D05","CRAM","CRAM.AOS.buoy.c2","2015-09-01","CRAM.C2.20150901.POM.2",,"other","Academy of Natural Sciences of Drexel University","2017-01-17","OKgcKejxXbI=","13C15N","2",,,100,"d15N",,"perMill",,"filter not in shipment",
"94581ebf-6513-4001-b3dc-5353f2a1c9fe","D05","CRAM","CRAM.AOS.buoy.c2","2015-09-01","CRAM.C2.20150901.POM.1",,"condition ok","Academy of Natural Sciences of Drexel University","2016-09-13","OKgcKejxXbI=","13C15N","1",,,100,"d15N",-3.79,"perMill",,,
"3f2fc541-d0e9-41ce-ac29-c22422758db6","D05","CRAM","CRAM.AOS.buoy.c2","2015-09-01","CRAM.C2.20150901.POM.2",,"other","Academy of Natural Sciences of Drexel University","2017-01-17","OKgcKejxXbI=","13C15N","2",,,100,"d13C",,"perMill",,"filter not in shipment",
"e73dbb57-34a3-411f-b94e-9403ab282ea0","D05","CRAM","CRAM.AOS.outlet","2015-09-29","CRAM.OT.20150929.POM.2",,"condition ok","Academy of Natural Sciences of Drexel University","2017-01-17","OKgcKejxXbI=","13C15N","2",350,25,100,"d15N",2.10,"perMill",,,"Audit Failed. Document: A00036_DREX_AlgalChem_DocAudit_20170407.pdf & A00036_DREX_AlgalChem_VisitAudit_20170407.pdf"
"86baf18f-62da-4cb4-aeef-116acfea8f64","D05","CRAM","CRAM.AOS.outlet","2015-09-29","CRAM.OT.20150929.POM.1",,"condition ok","Academy of Natural Sciences of Drexel University","2016-09-13","OKgcKejxXbI=","13C15N","1",350,25,100,"d15N",2.23,"perMill",,,"Audit Failed. Document: A00036_DREX_AlgalChem_DocAudit_20170407.pdf & A00036_DREX_AlgalChem_VisitAudit_20170407.pdf"
"29ed753d-8b74-4a80-920b-f67f16df7fc2","D05","CRAM","CRAM.AOS.outlet","2015-09-29","CRAM.OT.20150929.POM.2",,"condition ok","Academy of Natural Sciences of Drexel University","2017-01-17","OKgcKejxXbI=","13C15N","2",350,25,100,"d13C",-30.70,"perMill",,,"Audit Failed. Document: A00036_DREX_AlgalChem_DocAudit_20170407.pdf & A00036_DREX_AlgalChem_VisitAudit_20170407.pdf"
"66784543-e21f-41c4-a0c0-2d84fabc1da9","D05","CRAM","CRAM.AOS.outlet","2015-09-29","CRAM.OT.20150929.POM.1",,"condition ok","Academy of Natural Sciences of Drexel University","2016-09-13","OKgcKejxXbI=","13C15N","1",350,25,100,"d13C",-30.09,"perMill",,,"Audit Failed. Document: A00036_DREX_AlgalChem_DocAudit_20170407.pdf & A00036_DREX_AlgalChem_VisitAudit_20170407.pdf"
"7654a524-51d9-4ca6-b65c-5300b5cad077","D05","CRAM","CRAM.AOS.outlet","2015-09-29","CRAM.OT.20150929.POM.1",,"condition ok","Academy of Natural Sciences of Drexel University","2016-09-13","OKgcKejxXbI=","13C15N","1",,,100,"d13C",-30.09,"perMill",,,
"104301fb-77cd-402d-a653-b658caaea457","D05","CRAM","CRAM.AOS.outlet","2015-09-29","CRAM.OT.20150929.POM.1",,"condition ok","Academy of Natural Sciences of Drexel University","2016-09-13","OKgcKejxXbI=","13C15N","1",,,100,"d15N",2.23,"perMill",,,
"9ff525dd-00e5-4782-ac04-b53d9e186425","D05","CRAM","CRAM.AOS.outlet","2015-09-29","CRAM.OT.20150929.POM.2",,"condition ok","Academy of Natural Sciences of Drexel University","2017-01-17","OKgcKejxXbI=","13C15N","2",,,100,"d13C",-30.70,"perMill",,,
"dce43045-9df9-4b76-97a7-a444fbf264df","D05","CRAM","CRAM.AOS.outlet","2015-09-29","CRAM.OT.20150929.POM.2",,"condition ok","Academy of Natural Sciences of Drexel University","2017-01-17","OKgcKejxXbI=","13C15N","2",,,100,"d15N",2.10,"perMill",,,
"d38a29fc-51cd-455c-b33c-10bc4f3285c0","D05","CRAM","CRAM.AOS.inlet","2015-09-29","CRAM.IN.20150929.POM.1",,"condition ok","Academy of Natural Sciences of Drexel University","2016-09-13","OKgcKejxXbI=","13C15N","1",350,25,100,"d13C",-30.03,"perMill",,,"Audit Failed. Document: A00036_DREX_AlgalChem_DocAudit_20170407.pdf & A00036_DREX_AlgalChem_VisitAudit_20170407.pdf"
"67df281b-c355-4445-b415-1e93084effc3","D05","CRAM","CRAM.AOS.inlet","2015-09-29","CRAM.IN.20150929.POM.2",,"condition ok","Academy of Natural Sciences of Drexel University","2017-01-17","OKgcKejxXbI=","13C15N","2",350,25,100,"d13C",-30.60,"perMill",,,"Audit Failed. Document: A00036_DREX_AlgalChem_DocAudit_20170407.pdf & A00036_DREX_AlgalChem_VisitAudit_20170407.pdf"
"17b0bd5f-3b28-4242-95e9-e5a12902b66e","D05","CRAM","CRAM.AOS.inlet","2015-09-29","CRAM.IN.20150929.POM.2",,"condition ok","Academy of Natural Sciences of Drexel University","2017-01-17","OKgcKejxXbI=","13C15N","2",350,25,100,"d15N",1.03,"perMill",,,"Audit Failed. Document: A00036_DREX_AlgalChem_DocAudit_20170407.pdf & A00036_DREX_AlgalChem_VisitAudit_20170407.pdf"
"96a405a2-82b5-4150-ba79-a8cf79400b39","D05","CRAM","CRAM.AOS.inlet","2015-09-29","CRAM.IN.20150929.POM.2",,"condition ok","Academy of Natural Sciences of Drexel University","2017-01-17","OKgcKejxXbI=","13C15N","2",,,100,"d13C",-30.60,"perMill",,,
"761de136-258a-49ad-9bbc-3683abbaf99f","D05","CRAM","CRAM.AOS.inlet","2015-09-29","CRAM.IN.20150929.POM.2",,"condition ok","Academy of Natural Sciences of Drexel University","2017-01-17","OKgcKejxXbI=","13C15N","2",,,100,"d15N",1.03,"perMill",,,
"1c07e0f7-37f6-4442-9fa7-24274b1fbb0e","D05","CRAM","CRAM.AOS.inlet","2015-09-29","CRAM.IN.20150929.POM.1",,"condition ok","Academy of Natural Sciences of Drexel University","2016-09-13","OKgcKejxXbI=","13C15N","1",,,100,"d15N",1.11,"perMill",,,
"170798ef-3d70-4cd7-b4fd-22a44d6070dd","D05","CRAM","CRAM.AOS.inlet","2015-09-29","CRAM.IN.20150929.POM.1",,"condition ok","Academy of Natural Sciences of Drexel University","2016-09-13","OKgcKejxXbI=","13C15N","1",,,100,"d13C",-30.03,"perMill",,,
"4b5f968a-6895-4a41-8e0a-b971de499103","D05","CRAM","CRAM.AOS.inlet","2015-09-29","CRAM.IN.20150929.POM.1",,"condition ok","Academy of Natural Sciences of Drexel University","2016-09-13","OKgcKejxXbI=","13C15N","1",350,25,100,"d15N",1.11,"perMill",,,"Audit Failed. Document: A00036_DREX_AlgalChem_DocAudit_20170407.pdf & A00036_DREX_AlgalChem_VisitAudit_20170407.pdf"
"808b5cce-d487-446c-a7bf-4abad70541ef","D05","CRAM","CRAM.AOS.buoy.c1","2015-09-29","CRAM.C1.20150929.POM.2",,"condition ok","Academy of Natural Sciences of Drexel University","2017-01-17","OKgcKejxXbI=","13C15N","2",350,25,100,"d15N",1.51,"perMill",,,"Audit Failed. Document: A00036_DREX_AlgalChem_DocAudit_20170407.pdf & A00036_DREX_AlgalChem_VisitAudit_20170407.pdf"
"23e7cdda-f79e-4a3c-83aa-07f945af18d3","D05","CRAM","CRAM.AOS.buoy.c1","2015-09-29","CRAM.C1.20150929.POM.1",,"condition ok","Academy of Natural Sciences of Drexel University","2016-09-13","OKgcKejxXbI=","13C15N","1",350,25,100,"d13C",-30.94,"perMill",,,"Audit Failed. Document: A00036_DREX_AlgalChem_DocAudit_20170407.pdf & A00036_DREX_AlgalChem_VisitAudit_20170407.pdf"
"703d9643-5e06-4331-a6ca-f8f523c407ad","D05","CRAM","CRAM.AOS.buoy.c1","2015-09-29","CRAM.C1.20150929.POM.2",,"condition ok","Academy of Natural Sciences of Drexel University","2017-01-17","OKgcKejxXbI=","13C15N","2",350,25,100,"d13C",-30.95,"perMill",,,"Audit Failed. Document: A00036_DREX_AlgalChem_DocAudit_20170407.pdf & A00036_DREX_AlgalChem_VisitAudit_20170407.pdf"
"67a3cba8-b535-49fd-a373-db3bebc6c993","D05","CRAM","CRAM.AOS.buoy.c1","2015-09-29","CRAM.C1.20150929.POM.1",,"condition ok","Academy of Natural Sciences of Drexel University","2016-09-13","OKgcKejxXbI=","13C15N","1",350,25,100,"d15N",1.64,"perMill",,,"Audit Failed. Document: A00036_DREX_AlgalChem_DocAudit_20170407.pdf & A00036_DREX_AlgalChem_VisitAudit_20170407.pdf"
"f6a08f2b-20bf-4588-a85b-a0847425f266","D05","CRAM","CRAM.AOS.buoy.c1","2015-09-29","CRAM.C1.20150929.POM.1",,"condition ok","Academy of Natural Sciences of Drexel University","2016-09-13","OKgcKejxXbI=","13C15N","1",,,100,"d15N",1.64,"perMill",,,
"a4be95a9-9647-4d06-a628-e1fc71279e56","D05","CRAM","CRAM.AOS.buoy.c1","2015-09-29","CRAM.C1.20150929.POM.1",,"condition ok","Academy of Natural Sciences of Drexel University","2016-09-13","OKgcKejxXbI=","13C15N","1",,,100,"d13C",-30.94,"perMill",,,
"1350b049-9db2-4fce-9816-bc53712f72f5","D05","CRAM","CRAM.AOS.buoy.c1","2015-09-29","CRAM.C1.20150929.POM.2",,"condition ok","Academy of Natural Sciences of Drexel University","2017-01-17","OKgcKejxXbI=","13C15N","2",,,100,"d15N",1.51,"perMill",,,
"08dec925-ec96-472e-a7ce-05581c3b2ffc","D05","CRAM","CRAM.AOS.buoy.c1","2015-09-29","CRAM.C1.20150929.POM.2",,"condition ok","Academy of Natural Sciences of Drexel University","2017-01-17","OKgcKejxXbI=","13C15N","2",,,100,"d13C",-30.95,"perMill",,,
"3d4465d5-1e44-48ac-a11d-2e86f545a9a6","D05","CRAM","CRAM.AOS.buoy.c2","2015-09-29","CRAM.C2.20150929.POM.1",,"condition ok","Academy of Natural Sciences of Drexel University","2016-09-13","OKgcKejxXbI=","13C15N","1",150,25,100,"d15N",-5.02,"perMill",,,"Audit Failed. Document: A00036_DREX_AlgalChem_DocAudit_20170407.pdf & A00036_DREX_AlgalChem_VisitAudit_20170407.pdf"
"fe9a4cee-d810-4da4-9873-a74db9d5562d","D05","CRAM","CRAM.AOS.buoy.c2","2015-09-29","CRAM.C2.20150929.POM.2",,"condition ok","Academy of Natural Sciences of Drexel University","2017-01-17","OKgcKejxXbI=","13C15N","2",150,25,100,"d15N",-4.89,"perMill",,,"Audit Failed. Document: A00036_DREX_AlgalChem_DocAudit_20170407.pdf & A00036_DREX_AlgalChem_VisitAudit_20170407.pdf"
"5258940b-3822-4ce9-98d0-2b53b5f45cd1","D05","CRAM","CRAM.AOS.buoy.c2","2015-09-29","CRAM.C2.20150929.POM.1",,"condition ok","Academy of Natural Sciences of Drexel University","2016-09-13","OKgcKejxXbI=","13C15N","1",150,25,100,"d13C",-33.58,"perMill",,,"Audit Failed. Document: A00036_DREX_AlgalChem_DocAudit_20170407.pdf & A00036_DREX_AlgalChem_VisitAudit_20170407.pdf"
"8e22b504-42bf-4225-92b5-1b39c9674387","D05","CRAM","CRAM.AOS.buoy.c2","2015-09-29","CRAM.C2.20150929.POM.2",,"condition ok","Academy of Natural Sciences of Drexel University","2017-01-17","OKgcKejxXbI=","13C15N","2",150,25,100,"d13C",-33.68,"perMill",,,"Audit Failed. Document: A00036_DREX_AlgalChem_DocAudit_20170407.pdf & A00036_DREX_AlgalChem_VisitAudit_20170407.pdf"
"c4edd09a-f899-4d12-96fc-e8b39cb7ed24","D05","CRAM","CRAM.AOS.buoy.c2","2015-09-29","CRAM.C2.20150929.POM.1",,"condition ok","Academy of Natural Sciences of Drexel University","2016-09-13","OKgcKejxXbI=","13C15N","1",,,100,"d13C",-33.58,"perMill",,,
"5d8e8c6b-ebb6-4cd9-89ab-3a2b2ae28fd9","D05","CRAM","CRAM.AOS.buoy.c2","2015-09-29","CRAM.C2.20150929.POM.2",,"condition ok","Academy of Natural Sciences of Drexel University","2017-01-17","OKgcKejxXbI=","13C15N","2",,,100,"d15N",-4.89,"perMill",,,
"fc6bf78e-df31-4b17-aa38-2e330771c0ce","D05","CRAM","CRAM.AOS.buoy.c2","2015-09-29","CRAM.C2.20150929.POM.1",,"condition ok","Academy of Natural Sciences of Drexel University","2016-09-13","OKgcKejxXbI=","13C15N","1",,,100,"d15N",-5.02,"perMill",,,
"a180b368-693b-440f-a726-32cdc9291ddd","D05","CRAM","CRAM.AOS.buoy.c2","2015-09-29","CRAM.C2.20150929.POM.2",,"condition ok","Academy of Natural Sciences of Drexel University","2017-01-17","OKgcKejxXbI=","13C15N","2",,,100,"d13C",-33.68,"perMill",,,
