uid,domainID,siteID,namedLocation,collectDate,parentSampleID,parentSampleCode,isotopeH2OSampleCond,isotopeH2OSampleID,isotopeH2OSampleCode,isotopePOMRep2SampleCond,isotopePOMRep2SampleID,isotopePOMRep2SampleCode,isotopePOMSampleCond,isotopePOMSampleID,isotopePOMSampleCode,processedDateFilters,processedDateH2OIsotopes,sampleVolumeFilteredPOMRep1,sampleVolumeFilteredPOMRep2,fieldDataQF
"75e437af-7bff-4802-b10c-f6773217fd06","D05","CRAM","CRAM.AOS.outlet","2015-09-01T14:45Z","CRAM.OT.20150901",,,"CRAM.OT.20150901.H2O.1",,,"CRAM.OT.20150901.POM.2",,,"CRAM.OT.20150901.POM.1",,"2015-09-01T19:45Z","2015-09-01T15:00Z",260,250,
"88f594e5-0e94-4ca9-a9a9-144419853877","D05","CRAM","CRAM.AOS.inlet","2015-09-01T15:30Z","CRAM.IN.20150901",,,"CRAM.IN.20150901.H2O.1",,,"CRAM.IN.20150901.POM.2",,,"CRAM.IN.20150901.POM.1",,"2015-09-01T19:45Z","2015-09-01T15:45Z",250,260,
"56ef0025-ca5f-42ee-9398-194285235b28","D05","CRAM","CRAM.AOS.buoy.c1","2015-09-01T17:15Z","CRAM.C1.20150901",,,"CRAM.C1.20150901.H2O.1",,,"CRAM.C1.20150901.POM.2",,,"CRAM.C1.20150901.POM.1",,"2015-09-01T19:45Z","2015-09-01T17:45Z",200,200,
"ea64b97f-8179-4ab0-86ee-d65995246b76","D05","CRAM","CRAM.AOS.buoy.c2","2015-09-01T18:00Z","CRAM.C2.20150901",,,"CRAM.C2.20150901.H2O.1",,,"CRAM.C2.20150901.POM.2",,,"CRAM.C2.20150901.POM.1",,"2015-09-01T20:45Z","2015-09-01T18:20Z",190,,
"99c78007-a8f8-40d3-994a-5bce434c918f","D05","CRAM","CRAM.AOS.outlet","2015-09-29T15:30Z","CRAM.OT.20150929",,,"CRAM.OT.20150929.H2O.1",,,"CRAM.OT.20150929.POM.2",,,"CRAM.OT.20150929.POM.1",,"2015-09-29T21:30Z","2015-09-29T15:45Z",350,350,
"187c3dc8-a75d-4873-9b75-6c498606817d","D05","CRAM","CRAM.AOS.inlet","2015-09-29T17:30Z","CRAM.IN.20150929",,,"CRAM.IN.20150929.H2O.1",,,"CRAM.IN.20150929.POM.2",,,"CRAM.IN.20150929.POM.1",,"2015-09-29T21:30Z","2015-09-29T17:45Z",350,350,
"b30c2fa0-2189-4663-9198-84339c149dc5","D05","CRAM","CRAM.AOS.buoy.c1","2015-09-29T19:00Z","CRAM.C1.20150929",,,"CRAM.C1.20150929.H2O.1",,,"CRAM.C1.20150929.POM.2",,,"CRAM.C1.20150929.POM.1",,"2015-09-29T22:00Z","2015-09-29T19:15Z",350,350,
"42304d8b-5ac3-414b-9010-4b7977289ac3","D05","CRAM","CRAM.AOS.buoy.c2","2015-09-29T19:45Z","CRAM.C2.20150929",,,"CRAM.C2.20150929.H2O.1",,,"CRAM.C2.20150929.POM.2",,,"CRAM.C2.20150929.POM.1",,"2015-09-29T22:30Z","2015-09-29T20:00Z",150,150,
