uid,domainID,siteID,namedLocation,collectDate,sampleID,sampleCode,sampleCondition,laboratoryName,analysisDate,analyzedBy,sampleType,replicate,sampleVolumeFiltered,filterSize,percentFilterAnalyzed,analyte,analyteConcentration,plantAlgaeLabUnits,method,externalRemarks,externalLabDataQF
"ee1fd4af-3b8d-4987-99ab-70d7cef50786","D07","LECO","LECO.AOS.S2","2018-03-05","LECO.SS.20180305.POM.1",,"condition ok","SIRFER Lab at University of Utah","2018-08-30","ElFtGy1kV49xqNP00HfxQA==","POM","1",1000,25,100,"d13C",-28.44,"perMill","Revesz & Coplen 2012a",,
"d8703be6-630e-4c18-a796-2461c5a4fc56","D07","LECO","LECO.AOS.S2","2018-03-05","LECO.SS.20180305.POM.1",,"condition ok","SIRFER Lab at University of Utah","2018-08-30","ElFtGy1kV49xqNP00HfxQA==","POM","1",1000,25,100,"carbon",476.07,"microgramsPerLiter","Revesz & Coplen 2012a",,
"3ef850d7-5bca-42b5-be47-a2030d3bf7f5","D07","LECO","LECO.AOS.S2","2018-03-05","LECO.SS.20180305.POM.1",,"condition ok","SIRFER Lab at University of Utah","2018-08-30","ElFtGy1kV49xqNP00HfxQA==","POM","1",1000,25,100,"nitrogen",33.20,"microgramsPerLiter","Revesz & Coplen 2012a",,
"30bd87a4-9bad-4400-8365-e3906eb8a13e","D07","LECO","LECO.AOS.S2","2018-03-05","LECO.SS.20180305.POM.1",,"condition ok","SIRFER Lab at University of Utah","2018-08-30","ElFtGy1kV49xqNP00HfxQA==","POM","1",1000,25,100,"d15N",-0.80,"perMill","Revesz & Coplen 2012a",,
"15631bed-e2fd-4f55-8b20-384927b3ea55","D07","LECO","LECO.AOS.S2","2018-03-12","LECO.SS.20180312.POM.1",,"condition ok","SIRFER Lab at University of Utah","2018-08-30","ElFtGy1kV49xqNP00HfxQA==","POM","1",1000,25,100,"d13C",-28.30,"perMill","Revesz & Coplen 2012a",,
"77cfb1fc-0d22-4bdb-98aa-99996b0d6b32","D07","LECO","LECO.AOS.S2","2018-03-12","LECO.SS.20180312.POM.1",,"condition ok","SIRFER Lab at University of Utah","2018-08-30","ElFtGy1kV49xqNP00HfxQA==","POM","1",1000,25,100,"nitrogen",29.13,"microgramsPerLiter","Revesz & Coplen 2012a",,
"d017195b-8bdc-457c-b9b9-b6cd5fc7dde2","D07","LECO","LECO.AOS.S2","2018-03-12","LECO.SS.20180312.POM.1",,"condition ok","SIRFER Lab at University of Utah","2018-08-30","ElFtGy1kV49xqNP00HfxQA==","POM","1",1000,25,100,"carbon",443.67,"microgramsPerLiter","Revesz & Coplen 2012a",,
"f0a76812-fec9-4da8-987a-009275c9625c","D07","LECO","LECO.AOS.S2","2018-03-12","LECO.SS.20180312.POM.1",,"condition ok","SIRFER Lab at University of Utah","2018-08-30","ElFtGy1kV49xqNP00HfxQA==","POM","1",1000,25,100,"d15N",-3.28,"perMill","Revesz & Coplen 2012a",,
"a597b02e-312a-4e6c-8a0d-e7811834e570","D07","LECO","LECO.AOS.S2","2018-03-26","LECO.SS.20180326.POM.1","A00000011169","condition ok","SIRFER Lab at University of Utah","2018-08-30","ElFtGy1kV49xqNP00HfxQA==","POM","1",1000,25,100,"carbon",534.22,"microgramsPerLiter","Revesz & Coplen 2012a",,
"ecdc8f4a-87c7-4f27-84e6-297007ec2a68","D07","LECO","LECO.AOS.S2","2018-03-26","LECO.SS.20180326.POM.1","A00000011169","condition ok","SIRFER Lab at University of Utah","2018-08-30","ElFtGy1kV49xqNP00HfxQA==","POM","1",1000,25,100,"d13C",-28.61,"perMill","Revesz & Coplen 2012a",,
"1d82351b-0bf9-4b67-9672-639ce3113ac6","D07","LECO","LECO.AOS.S2","2018-03-26","LECO.SS.20180326.POM.1","A00000011169","condition ok","SIRFER Lab at University of Utah","2018-08-30","ElFtGy1kV49xqNP00HfxQA==","POM","1",1000,25,100,"nitrogen",38.32,"microgramsPerLiter","Revesz & Coplen 2012a",,
"5a17c2d9-8cf5-4814-b508-4f487a69851b","D07","LECO","LECO.AOS.S2","2018-03-26","LECO.SS.20180326.POM.1","A00000011169","condition ok","SIRFER Lab at University of Utah","2018-08-30","ElFtGy1kV49xqNP00HfxQA==","POM","1",1000,25,100,"d15N",-1.64,"perMill","Revesz & Coplen 2012a",,
