uid,domainID,siteID,namedLocation,collectDate,sampleID,sampleCode,sampleCondition,laboratoryName,analysisDate,analyzedBy,sampleType,replicate,sampleVolumeFiltered,filterSize,percentFilterAnalyzed,analyte,analyteConcentration,plantAlgaeLabUnits,method,externalRemarks,externalLabDataQF
"c0c23ea4-da62-4a08-9c03-04321a238110","D13","COMO","COMO.AOS.S2","2019-05-13","COMO.SS.20190513.POM.1","A00000089698","condition ok","SIRFER Lab at University of Utah","2019-09-23","ElFtGy1kV49xqNP00HfxQA==","POM","1",500,25,100,"carbon",337.23,"microgramsPerLiter","Revesz & Coplen 2012a",,
"3517c6a0-5a56-47c8-af8a-6a535bd2509c","D13","COMO","COMO.AOS.S2","2019-05-13","COMO.SS.20190513.POM.1","A00000089698","condition ok","SIRFER Lab at University of Utah","2019-09-23","ElFtGy1kV49xqNP00HfxQA==","POM","1",500,25,100,"nitrogen",25.13,"microgramsPerLiter","Revesz & Coplen 2012a",,
"651190ff-a5b2-462a-a021-ffcdb254e8d9","D13","COMO","COMO.AOS.S2","2019-05-13","COMO.SS.20190513.POM.1","A00000089698","condition ok","SIRFER Lab at University of Utah","2019-09-23","ElFtGy1kV49xqNP00HfxQA==","POM","1",500,25,100,"d13C",-26.47,"perMill","Revesz & Coplen 2012a",,
"95ee0ef1-9b02-4886-87a1-b5f38635698c","D13","COMO","COMO.AOS.S2","2019-05-13","COMO.SS.20190513.POM.1","A00000089698","condition ok","SIRFER Lab at University of Utah","2019-09-23","ElFtGy1kV49xqNP00HfxQA==","POM","1",500,25,100,"d15N",1.48,"perMill","Revesz & Coplen 2012a",,
"756e5db0-f65c-4be7-bc41-1374699ac5cf","D13","COMO","COMO.AOS.S2","2019-05-21","COMO.SS.20190521.POM.1","A00000090053","condition ok","SIRFER Lab at University of Utah","2019-09-23","ElFtGy1kV49xqNP00HfxQA==","POM","1",1000,25,100,"carbon",142.04,"microgramsPerLiter","Revesz & Coplen 2012a",,
"1a35455d-9727-4d7b-8f19-89079cede88d","D13","COMO","COMO.AOS.S2","2019-05-21","COMO.SS.20190521.POM.1","A00000090053","condition ok","SIRFER Lab at University of Utah","2019-09-23","ElFtGy1kV49xqNP00HfxQA==","POM","1",1000,25,100,"nitrogen",12.87,"microgramsPerLiter","Revesz & Coplen 2012a",,
"8b82da5d-afe5-4bee-8ecb-5cc1d9f41bac","D13","COMO","COMO.AOS.S2","2019-05-21","COMO.SS.20190521.POM.1","A00000090053","condition ok","SIRFER Lab at University of Utah","2019-09-23","ElFtGy1kV49xqNP00HfxQA==","POM","1",1000,25,100,"d15N",-1.18,"perMill","Revesz & Coplen 2012a",,
"4e21deac-e10c-4906-8b65-5b11b527d7ba","D13","COMO","COMO.AOS.S2","2019-05-21","COMO.SS.20190521.POM.1","A00000090053","condition ok","SIRFER Lab at University of Utah","2019-09-23","ElFtGy1kV49xqNP00HfxQA==","POM","1",1000,25,100,"d13C",-25.86,"perMill","Revesz & Coplen 2012a",,
"e7c7a77a-5deb-4de4-8abc-029f1ce50b8a","D13","COMO","COMO.AOS.S2","2019-05-28","COMO.SS.20190528.POM.1","A00000090039","condition ok","SIRFER Lab at University of Utah","2019-09-23","ElFtGy1kV49xqNP00HfxQA==","POM","1",300,25,100,"d15N",5.15,"perMill","Revesz & Coplen 2012a",,
"c9baaf57-45af-478a-bf58-7d0c81d5641e","D13","COMO","COMO.AOS.S2","2019-05-28","COMO.SS.20190528.POM.1","A00000090039","condition ok","SIRFER Lab at University of Utah","2019-09-23","ElFtGy1kV49xqNP00HfxQA==","POM","1",300,25,100,"d13C",-26.11,"perMill","Revesz & Coplen 2012a",,
"c4274bd7-fd79-4e2e-9fc8-422649cd08a1","D13","COMO","COMO.AOS.S2","2019-05-28","COMO.SS.20190528.POM.1","A00000090039","condition ok","SIRFER Lab at University of Utah","2019-09-23","ElFtGy1kV49xqNP00HfxQA==","POM","1",300,25,100,"nitrogen",22.33,"microgramsPerLiter","Revesz & Coplen 2012a",,
"a0a82cda-cbbf-42f6-a5e2-989488d28df1","D13","COMO","COMO.AOS.S2","2019-05-28","COMO.SS.20190528.POM.1","A00000090039","condition ok","SIRFER Lab at University of Utah","2019-09-23","ElFtGy1kV49xqNP00HfxQA==","POM","1",300,25,100,"carbon",368.87,"microgramsPerLiter","Revesz & Coplen 2012a",,
