uid,domainID,siteID,namedLocation,collectDate,sampleID,sampleCode,sampleCondition,laboratoryName,analysisDate,analyzedBy,sampleType,replicate,sampleVolumeFiltered,filterSize,percentFilterAnalyzed,analyte,analyteConcentration,plantAlgaeLabUnits,method,externalRemarks,externalLabDataQF
"7fb1763e-47cd-4091-a8bc-2c34e7d8c79b","D15","REDB","REDB.AOS.S2","2017-02-07","REDB.SS.20170207.POM.1",,"condition ok","SIRFER Lab at University of Utah","2018-07-05","ElFtGy1kV49xqNP00HfxQA==","POM","1",100,25,100,"d13C",-25.72,"perMill","Revesz & Coplen 2012a",,
"0f938292-f597-49c1-8d7d-73999362a92a","D15","REDB","REDB.AOS.S2","2017-02-07","REDB.SS.20170207.POM.1",,"condition ok","SIRFER Lab at University of Utah","2018-07-05","ElFtGy1kV49xqNP00HfxQA==","POM","1",100,25,100,"nitrogen",189.13,"microgramsPerLiter","Revesz & Coplen 2012a",,
"afdedb8c-b5fb-4357-a68c-456bb6fad7d9","D15","REDB","REDB.AOS.S2","2017-02-07","REDB.SS.20170207.POM.1",,"condition ok","SIRFER Lab at University of Utah","2018-07-05","ElFtGy1kV49xqNP00HfxQA==","POM","1",100,25,100,"d15N",2.37,"perMill","Revesz & Coplen 2012a",,
"2428f2e4-fb04-4ad2-8e11-d8e3c9830abe","D15","REDB","REDB.AOS.S2","2017-02-07","REDB.SS.20170207.POM.1",,"condition ok","SIRFER Lab at University of Utah","2018-07-05","ElFtGy1kV49xqNP00HfxQA==","POM","1",100,25,100,"carbon",2837.70,"microgramsPerLiter","Revesz & Coplen 2012a",,
"b258c40e-97db-470a-a3b6-18a0e1683734","D15","REDB","REDB.AOS.S2","2017-02-21","REDB.SS.20170221.POM.1",,"condition ok","SIRFER Lab at University of Utah","2018-07-05","ElFtGy1kV49xqNP00HfxQA==","POM","1",100,25,100,"d13C",-25.14,"perMill","Revesz & Coplen 2012a",,
"88b87b75-993d-4d87-9f73-8722e3096556","D15","REDB","REDB.AOS.S2","2017-02-21","REDB.SS.20170221.POM.1",,"condition ok","SIRFER Lab at University of Utah","2018-07-05","ElFtGy1kV49xqNP00HfxQA==","POM","1",100,25,100,"d15N",2.00,"perMill","Revesz & Coplen 2012a",,
"e9bc0f44-3283-4a68-8f43-9538b76738f5","D15","REDB","REDB.AOS.S2","2017-02-21","REDB.SS.20170221.POM.1",,"condition ok","SIRFER Lab at University of Utah","2018-07-05","ElFtGy1kV49xqNP00HfxQA==","POM","1",100,25,100,"nitrogen",85.92,"microgramsPerLiter","Revesz & Coplen 2012a",,
"2653b958-e3a3-4802-9fa1-121849403e11","D15","REDB","REDB.AOS.S2","2017-02-21","REDB.SS.20170221.POM.1",,"condition ok","SIRFER Lab at University of Utah","2018-07-05","ElFtGy1kV49xqNP00HfxQA==","POM","1",100,25,100,"carbon",1483.47,"microgramsPerLiter","Revesz & Coplen 2012a",,
