uid,domainID,siteID,namedLocation,collectDate,sampleID,sampleCode,sampleCondition,laboratoryName,analysisDate,analyzedBy,sampleType,replicate,sampleVolumeFiltered,filterSize,percentFilterAnalyzed,analyte,analyteConcentration,plantAlgaeLabUnits,method,externalRemarks,externalLabDataQF
"231fac33-4078-4c70-a26e-948b36e8436e","D10","ARIK","ARIK.AOS.S2","2015-11-03","ARIK.SS.20151103.POM.1",,"condition ok","Academy of Natural Sciences of Drexel University","2016-09-13","OKgcKejxXbI=","13C15N","1",250,25,100,"d13C",-28.08,"perMill",,,"Audit Failed. Document: A00036_DREX_AlgalChem_DocAudit_20170407.pdf & A00036_DREX_AlgalChem_VisitAudit_20170407.pdf"
"70dc624b-12d7-48af-bcd5-13cfc5d75bf9","D10","ARIK","ARIK.AOS.S2","2015-11-03","ARIK.SS.20151103.POM.1",,"condition ok","Academy of Natural Sciences of Drexel University","2016-09-13","OKgcKejxXbI=","13C15N","1",,,100,"d15N",1.99,"perMill",,,
"a6765982-ef5e-4f04-9072-dc95f94f706c","D10","ARIK","ARIK.AOS.S2","2015-11-03","ARIK.SS.20151103.POM.2",,"condition ok","Academy of Natural Sciences of Drexel University","2017-01-17","OKgcKejxXbI=","13C15N","2",250,25,100,"d13C",-30.22,"perMill",,,"Audit Failed. Document: A00036_DREX_AlgalChem_DocAudit_20170407.pdf & A00036_DREX_AlgalChem_VisitAudit_20170407.pdf"
"ddc434a3-3eae-4cf7-83f4-6208c616b3a5","D10","ARIK","ARIK.AOS.S2","2015-11-03","ARIK.SS.20151103.POM.2",,"condition ok","Academy of Natural Sciences of Drexel University","2017-01-17","OKgcKejxXbI=","13C15N","2",250,25,100,"d15N",3.27,"perMill",,,"Audit Failed. Document: A00036_DREX_AlgalChem_DocAudit_20170407.pdf & A00036_DREX_AlgalChem_VisitAudit_20170407.pdf"
"a985cedd-14cb-4f80-9142-07aaa40b4dda","D10","ARIK","ARIK.AOS.S2","2015-11-03","ARIK.SS.20151103.POM.1",,"condition ok","Academy of Natural Sciences of Drexel University","2016-09-13","OKgcKejxXbI=","13C15N","1",250,25,100,"d15N",1.99,"perMill",,,"Audit Failed. Document: A00036_DREX_AlgalChem_DocAudit_20170407.pdf & A00036_DREX_AlgalChem_VisitAudit_20170407.pdf"
"9064b0ab-a99d-4481-a2a9-4a3bb144e894","D10","ARIK","ARIK.AOS.S2","2015-11-03","ARIK.SS.20151103.POM.2",,"condition ok","Academy of Natural Sciences of Drexel University","2017-01-17","OKgcKejxXbI=","13C15N","2",,,100,"d15N",3.27,"perMill",,,
"8de7da3e-3fa5-4392-b2e3-51408b51cfd6","D10","ARIK","ARIK.AOS.S2","2015-11-03","ARIK.SS.20151103.POM.2",,"condition ok","Academy of Natural Sciences of Drexel University","2017-01-17","OKgcKejxXbI=","13C15N","2",,,100,"d13C",-30.22,"perMill",,,
"0978450d-7cbb-4106-9243-fcd81ce8f157","D10","ARIK","ARIK.AOS.S2","2015-11-03","ARIK.SS.20151103.POM.1",,"condition ok","Academy of Natural Sciences of Drexel University","2016-09-13","OKgcKejxXbI=","13C15N","1",,,100,"d13C",-28.08,"perMill",,,
