uid,domainID,siteID,namedLocation,collectDate,sampleID,sampleCode,sampleCondition,laboratoryName,analysisDate,analyzedBy,sampleType,replicate,sampleVolumeFiltered,filterSize,percentFilterAnalyzed,analyte,analyteConcentration,plantAlgaeLabUnits,method,externalRemarks,externalLabDataQF
"477f2838-5ea4-4099-95dc-ab59a5f66640","D06","KING","KING.AOS.S2","2016-10-04","KING.SS.20161004.POM.2",,"other","Academy of Natural Sciences of Drexel University","2017-05-10","OKgcKejxXbI=","13C15N","2",,,100,"d13C",,"perMill",,"sample corrupted during analysis",
"617b6ff1-7742-49e9-9a21-3cbc33fb1291","D06","KING","KING.AOS.S2","2016-10-04","KING.SS.20161004.POM.1",,"condition ok","Academy of Natural Sciences of Drexel University","2017-03-28","OKgcKejxXbI=","13C15N","1",,,100,"d15N",3.18,"perMill",,,
"e73f4187-0ec1-4c5b-ad16-11ca23ec2e1d","D06","KING","KING.AOS.S2","2016-10-04","KING.SS.20161004.POM.1",,"condition ok","Academy of Natural Sciences of Drexel University","2017-03-28","OKgcKejxXbI=","13C15N","1",,,100,"d13C",-23.31,"perMill",,,
"6d708c64-0ee1-4696-9b20-c3227c07a4f1","D06","KING","KING.AOS.S2","2016-10-04","KING.SS.20161004.POM.2",,"other","Academy of Natural Sciences of Drexel University","2017-05-10","OKgcKejxXbI=","13C15N","2",,,100,"d15N",,"perMill",,"sample corrupted during analysis",
"430f1959-aa4d-4371-af66-1992059711c6","D06","KING","KING.AOS.S2","2016-10-25","KING.SS.20161025.POM.1",,"condition ok","SIRFER Lab at University of Utah","2018-09-24","ElFtGy1kV49xqNP00HfxQA==","POM","1",705,25,100,"carbon",535.52,"microgramsPerLiter","Revesz & Coplen 2012a",,
"94f1d55f-fa1c-401f-98f0-6226bbc4c730","D06","KING","KING.AOS.S2","2016-10-25","KING.SS.20161025.POM.1",,"condition ok","SIRFER Lab at University of Utah","2018-09-24","ElFtGy1kV49xqNP00HfxQA==","POM","1",705,25,100,"d15N",2.65,"perMill","Revesz & Coplen 2012a",,
"44382421-40e8-4b9d-8b7c-b0a01a967a1c","D06","KING","KING.AOS.S2","2016-10-25","KING.SS.20161025.POM.1",,"condition ok","SIRFER Lab at University of Utah","2018-09-24","ElFtGy1kV49xqNP00HfxQA==","POM","1",705,25,100,"nitrogen",75.98,"microgramsPerLiter","Revesz & Coplen 2012a",,
"be8eef87-984e-4b20-81e9-038b81257a7e","D06","KING","KING.AOS.S2","2016-10-25","KING.SS.20161025.POM.1",,"condition ok","SIRFER Lab at University of Utah","2018-09-24","ElFtGy1kV49xqNP00HfxQA==","POM","1",705,25,100,"d13C",-27.63,"perMill","Revesz & Coplen 2012a",,
