uid,domainID,siteID,namedLocation,collectDate,sampleID,sampleCode,sampleCondition,laboratoryName,analysisDate,analyzedBy,sampleType,replicate,sampleVolumeFiltered,filterSize,percentFilterAnalyzed,analyte,analyteConcentration,plantAlgaeLabUnits,method,externalRemarks,externalLabDataQF
"10a4d31e-7b13-4144-9442-8237b34d3a96","D01","HOPB","HOPB.AOS.S2","2017-05-09","HOPB.SS.20170509.POM.2",,"condition ok","SIRFER Lab at University of Utah","2018-02-20","ElFtGy1kV49xqNP00HfxQA==","POM","1",500,25,100,"d15N",6.86,"perMill","Revesz & Coplen 2012a",,
"58e9219c-cb58-424a-ab1d-647eba78a0bc","D01","HOPB","HOPB.AOS.S2","2017-05-09","HOPB.SS.20170509.POM.2",,"condition ok","SIRFER Lab at University of Utah","2018-02-20","ElFtGy1kV49xqNP00HfxQA==","POM","1",500,25,100,"nitrogen",41.81,"microgramsPerLiter","Revesz & Coplen 2012a",,
"4656c36a-ac9b-4c76-ac20-52e97b38c5e6","D01","HOPB","HOPB.AOS.S2","2017-05-09","HOPB.SS.20170509.POM.2",,"condition ok","SIRFER Lab at University of Utah","2018-02-20","ElFtGy1kV49xqNP00HfxQA==","POM","1",500,25,100,"carbon",333.62,"microgramsPerLiter","Revesz & Coplen 2012a",,
"ddc915e5-3975-4c8b-9df5-c49dea16a004","D01","HOPB","HOPB.AOS.S2","2017-05-09","HOPB.SS.20170509.POM.2",,"condition ok","SIRFER Lab at University of Utah","2018-02-20","ElFtGy1kV49xqNP00HfxQA==","POM","1",500,25,100,"d13C",-26.67,"perMill","Revesz & Coplen 2012a",,
"397def62-fdd2-41f0-8249-d7c7474125fd","D01","HOPB","HOPB.AOS.S2","2017-05-15","HOPB.SS.20170515.POM.2",,"condition ok","SIRFER Lab at University of Utah","2018-02-20","ElFtGy1kV49xqNP00HfxQA==","POM","1",600,25,100,"carbon",290.56,"microgramsPerLiter","Revesz & Coplen 2012a",,
"460c580e-41a2-4316-b87a-f25b1cf1b424","D01","HOPB","HOPB.AOS.S2","2017-05-15","HOPB.SS.20170515.POM.2",,"condition ok","SIRFER Lab at University of Utah","2018-02-20","ElFtGy1kV49xqNP00HfxQA==","POM","1",600,25,100,"nitrogen",24.40,"microgramsPerLiter","Revesz & Coplen 2012a",,
"4659fbff-98a5-4b63-ae88-fee65dd1634e","D01","HOPB","HOPB.AOS.S2","2017-05-15","HOPB.SS.20170515.POM.2",,"condition ok","SIRFER Lab at University of Utah","2018-02-20","ElFtGy1kV49xqNP00HfxQA==","POM","1",600,25,100,"d13C",-28.13,"perMill","Revesz & Coplen 2012a",,
"433a1f1d-1fac-4c55-a34a-5c5a96df61ca","D01","HOPB","HOPB.AOS.S2","2017-05-15","HOPB.SS.20170515.POM.2",,"condition ok","SIRFER Lab at University of Utah","2018-02-20","ElFtGy1kV49xqNP00HfxQA==","POM","1",600,25,100,"d15N",4.77,"perMill","Revesz & Coplen 2012a",,
"467e9ce0-f050-4d91-9a6a-b15397a12e27","D01","HOPB","HOPB.AOS.S2","2017-05-31","HOPB.SS.20170531.POM.1",,"condition ok","SIRFER Lab at University of Utah","2018-02-20","ElFtGy1kV49xqNP00HfxQA==","POM","1",500,25,100,"carbon",245.64,"microgramsPerLiter","Revesz & Coplen 2012a",,
"1c69454b-d494-4517-825e-17223f8f5389","D01","HOPB","HOPB.AOS.S2","2017-05-31","HOPB.SS.20170531.POM.1",,"condition ok","SIRFER Lab at University of Utah","2018-02-20","ElFtGy1kV49xqNP00HfxQA==","POM","1",500,25,100,"nitrogen",21.10,"microgramsPerLiter","Revesz & Coplen 2012a",,
"142cf0d5-96e4-4f92-8aa6-152e8c8e9a94","D01","HOPB","HOPB.AOS.S2","2017-05-31","HOPB.SS.20170531.POM.1",,"condition ok","SIRFER Lab at University of Utah","2018-02-20","ElFtGy1kV49xqNP00HfxQA==","POM","1",500,25,100,"d15N",4.60,"perMill","Revesz & Coplen 2012a",,
"8f075069-29bb-4cd3-9d16-8a6ee5d2aaa5","D01","HOPB","HOPB.AOS.S2","2017-05-31","HOPB.SS.20170531.POM.1",,"condition ok","SIRFER Lab at University of Utah","2018-02-20","ElFtGy1kV49xqNP00HfxQA==","POM","1",500,25,100,"d13C",-28.36,"perMill","Revesz & Coplen 2012a",,
