uid,domainID,siteID,namedLocation,collectDate,sampleID,sampleCode,sampleCondition,laboratoryName,analysisDate,analyzedBy,sampleType,replicate,sampleVolumeFiltered,filterSize,percentFilterAnalyzed,analyte,analyteConcentration,plantAlgaeLabUnits,method,externalRemarks,externalLabDataQF
"d123570b-6856-463c-b5dd-0683caa395a1","D02","POSE","POSE.AOS.S2","2018-02-06","POSE.SS.20180206.POM.1",,"condition ok","SIRFER Lab at University of Utah","2018-08-13","ElFtGy1kV49xqNP00HfxQA==","POM","1",400,25,100,"nitrogen",10.91,"microgramsPerLiter","Revesz & Coplen 2012a",,
"9e3c2b67-878f-4c51-988d-393eb8b6af6f","D02","POSE","POSE.AOS.S2","2018-02-06","POSE.SS.20180206.POM.1",,"condition ok","SIRFER Lab at University of Utah","2018-08-13","ElFtGy1kV49xqNP00HfxQA==","POM","1",400,25,100,"d13C",-27.31,"perMill","Revesz & Coplen 2012a",,
"5ca34ef0-6526-404a-8c4d-79aeb68ce56e","D02","POSE","POSE.AOS.S2","2018-02-06","POSE.SS.20180206.POM.1",,"condition ok","SIRFER Lab at University of Utah","2018-08-13","ElFtGy1kV49xqNP00HfxQA==","POM","1",400,25,100,"d15N",-1.24,"perMill","Revesz & Coplen 2012a",,
"0382b79e-f3c3-4c71-9a3f-23661b450977","D02","POSE","POSE.AOS.S2","2018-02-06","POSE.SS.20180206.POM.1",,"condition ok","SIRFER Lab at University of Utah","2018-08-13","ElFtGy1kV49xqNP00HfxQA==","POM","1",400,25,100,"carbon",141.39,"microgramsPerLiter","Revesz & Coplen 2012a",,
"2abc35f4-c713-4909-9a20-f1b508482064","D02","POSE","POSE.AOS.S2","2018-02-13","POSE.SS.20180213.POM.1",,"condition ok","SIRFER Lab at University of Utah","2018-08-13","ElFtGy1kV49xqNP00HfxQA==","POM","1",450,25,100,"nitrogen",18.23,"microgramsPerLiter","Revesz & Coplen 2012a",,
"94debb2e-aa16-4c3f-9a0f-ad8335bdd950","D02","POSE","POSE.AOS.S2","2018-02-13","POSE.SS.20180213.POM.1",,"condition ok","SIRFER Lab at University of Utah","2018-08-13","ElFtGy1kV49xqNP00HfxQA==","POM","1",450,25,100,"carbon",200.08,"microgramsPerLiter","Revesz & Coplen 2012a",,
"03974aa7-4916-4111-9a37-32429bb5ef1e","D02","POSE","POSE.AOS.S2","2018-02-13","POSE.SS.20180213.POM.1",,"condition ok","SIRFER Lab at University of Utah","2018-08-13","ElFtGy1kV49xqNP00HfxQA==","POM","1",450,25,100,"d13C",-28.61,"perMill","Revesz & Coplen 2012a",,
"4aa7dcd3-87c0-4874-9f03-62ad4486458b","D02","POSE","POSE.AOS.S2","2018-02-13","POSE.SS.20180213.POM.1",,"condition ok","SIRFER Lab at University of Utah","2018-08-13","ElFtGy1kV49xqNP00HfxQA==","POM","1",450,25,100,"d15N",3.89,"perMill","Revesz & Coplen 2012a",,
"d4f4617f-afd6-45a4-8e12-7ec9f918ed40","D02","POSE","POSE.AOS.S2","2018-02-27","POSE.SS.20180227.POM.1",,"condition ok","SIRFER Lab at University of Utah","2018-08-13","ElFtGy1kV49xqNP00HfxQA==","POM","1",400,25,100,"nitrogen",22.50,"microgramsPerLiter","Revesz & Coplen 2012a",,
"0738da79-1281-482c-8ef2-547e452c5334","D02","POSE","POSE.AOS.S2","2018-02-27","POSE.SS.20180227.POM.1",,"condition ok","SIRFER Lab at University of Utah","2018-08-13","ElFtGy1kV49xqNP00HfxQA==","POM","1",400,25,100,"carbon",213.02,"microgramsPerLiter","Revesz & Coplen 2012a",,
"c88d27fa-63fc-43c6-9c3f-d24a6a01facd","D02","POSE","POSE.AOS.S2","2018-02-27","POSE.SS.20180227.POM.1",,"condition ok","SIRFER Lab at University of Utah","2018-08-13","ElFtGy1kV49xqNP00HfxQA==","POM","1",400,25,100,"d13C",-26.61,"perMill","Revesz & Coplen 2012a",,
"6cd13663-fbac-4d03-ae5c-83c57a12d425","D02","POSE","POSE.AOS.S2","2018-02-27","POSE.SS.20180227.POM.1",,"condition ok","SIRFER Lab at University of Utah","2018-08-13","ElFtGy1kV49xqNP00HfxQA==","POM","1",400,25,100,"d15N",7.95,"perMill","Revesz & Coplen 2012a",,
