uid,domainID,siteID,namedLocation,collectDate,sampleID,sampleCode,sampleCondition,laboratoryName,analysisDate,analyzedBy,sampleType,replicate,sampleVolumeFiltered,filterSize,percentFilterAnalyzed,analyte,analyteConcentration,plantAlgaeLabUnits,method,externalRemarks,externalLabDataQF
"16a6df75-732b-46dc-b58a-6b426482e136","D07","WALK","WALK.AOS.S2","2015-11-03","WALK.SS.20151103.POM.1",,"condition ok","Academy of Natural Sciences of Drexel University","2016-09-13","OKgcKejxXbI=","13C15N","1",,,100,"d13C",-29.49,"perMill",,,
"bc2743a2-3dc2-4fdb-b7d6-57dc79a0494f","D07","WALK","WALK.AOS.S2","2015-11-03","WALK.SS.20151103.POM.2",,"other","Academy of Natural Sciences of Drexel University","2017-05-10","OKgcKejxXbI=","13C15N","2",,,100,"d15N",,"perMill",,"not enough sample for analysis",
"19e90601-4bea-4a41-a39d-7d6f91099633","D07","WALK","WALK.AOS.S2","2015-11-03","WALK.SS.20151103.POM.2",,"condition ok","Academy of Natural Sciences of Drexel University","2017-05-10","OKgcKejxXbI=","13C15N","2",,,100,"d13C",-28.98,"perMill",,,
"25198920-d2f3-4db4-80e1-b4f79884c734","D07","WALK","WALK.AOS.S2","2015-11-03","WALK.SS.20151103.POM.1",,"condition ok","Academy of Natural Sciences of Drexel University","2016-09-13","OKgcKejxXbI=","13C15N","1",,,100,"d15N",0.42,"perMill",,,
