uid,domainID,siteID,namedLocation,collectDate,sampleID,sampleCode,sampleCondition,laboratoryName,analysisDate,analyzedBy,sampleType,replicate,sampleVolumeFiltered,filterSize,percentFilterAnalyzed,analyte,analyteConcentration,plantAlgaeLabUnits,method,externalRemarks,externalLabDataQF
"bf406d48-463b-4d1e-8e15-20be0644fa43","D06","MCDI","MCDI.AOS.S2","2017-12-12","MCDI.SS.20171212.POM.1",,"condition ok","SIRFER Lab at University of Utah","2018-08-03","ElFtGy1kV49xqNP00HfxQA==","POM","1",1750,25,100,"d13C",-31.13,"perMill","Revesz & Coplen 2012a",,
"eaccb451-c5e0-4b5e-959f-acdc8fb6ccc1","D06","MCDI","MCDI.AOS.S2","2017-12-12","MCDI.SS.20171212.POM.1",,"condition ok","SIRFER Lab at University of Utah","2018-08-03","ElFtGy1kV49xqNP00HfxQA==","POM","1",1750,25,100,"nitrogen",16.33,"microgramsPerLiter","Revesz & Coplen 2012a",,
"a54e2896-105f-4ef6-a15b-c5083ab9d69a","D06","MCDI","MCDI.AOS.S2","2017-12-12","MCDI.SS.20171212.POM.1",,"condition ok","SIRFER Lab at University of Utah","2018-08-03","ElFtGy1kV49xqNP00HfxQA==","POM","1",1750,25,100,"d15N",7.38,"perMill","Revesz & Coplen 2012a",,
"ebe97979-c9d3-4994-8c6a-ffabe8450ab0","D06","MCDI","MCDI.AOS.S2","2017-12-12","MCDI.SS.20171212.POM.1",,"condition ok","SIRFER Lab at University of Utah","2018-08-03","ElFtGy1kV49xqNP00HfxQA==","POM","1",1750,25,100,"carbon",112.63,"microgramsPerLiter","Revesz & Coplen 2012a",,
