uid,domainID,siteID,namedLocation,collectDate,sampleID,sampleCode,sampleCondition,laboratoryName,analysisDate,analyzedBy,sampleType,replicate,sampleVolumeFiltered,filterSize,percentFilterAnalyzed,analyte,analyteConcentration,plantAlgaeLabUnits,method,externalRemarks,externalLabDataQF
"68cbeb31-9727-4dd3-b653-d02a14c643b0","D08","TOMB","TOMB.AOS.buoy.c0","2016-11-09","TOMB.RS.20161109.POM.1",,"condition ok","Academy of Natural Sciences of Drexel University","2017-04-08","OKgcKejxXbI=","13C15N","1",,,100,"d13C",-33.06,"perMill",,,
"7ef582a0-37cc-40c5-8ccb-76e0221caba4","D08","TOMB","TOMB.AOS.buoy.c0","2016-11-09","TOMB.RS.20161109.POM.2",,"condition ok","Academy of Natural Sciences of Drexel University","2017-05-18","OKgcKejxXbI=","13C15N","2",,,100,"d13C",-33.54,"perMill",,,
"32f03b96-d99b-4d6e-9673-7780545702f5","D08","TOMB","TOMB.AOS.buoy.c0","2016-11-09","TOMB.RS.20161109.POM.1",,"condition ok","Academy of Natural Sciences of Drexel University","2017-04-08","OKgcKejxXbI=","13C15N","1",,,100,"d15N",9.94,"perMill",,,
"c815ac00-3427-4624-ae59-7ea57a88498c","D08","TOMB","TOMB.AOS.buoy.c0","2016-11-09","TOMB.RS.20161109.POM.2",,"condition ok","Academy of Natural Sciences of Drexel University","2017-05-18","OKgcKejxXbI=","13C15N","2",,,100,"d15N",10.33,"perMill",,,
"95f0ab4e-168d-4a97-95bc-945ed4bd7714","D08","TOMB","TOMB.AOS.buoy.c0","2016-11-22","TOMB.RS.20161122.POM.1",,"condition ok","Academy of Natural Sciences of Drexel University","2017-04-08","OKgcKejxXbI=","13C15N","1",,,100,"d13C",-31.98,"perMill",,,
"be644c76-5c62-4ebc-96e3-b1b969e9c887","D08","TOMB","TOMB.AOS.buoy.c0","2016-11-22","TOMB.RS.20161122.POM.2",,"other","Academy of Natural Sciences of Drexel University","2017-05-18","OKgcKejxXbI=","13C15N","2",,,100,"d13C",-31.21,"perMill",,"poor folding, sample loss",
"b7ea78f1-5609-48dc-84cc-820976795613","D08","TOMB","TOMB.AOS.buoy.c0","2016-11-22","TOMB.RS.20161122.POM.1",,"other","Academy of Natural Sciences of Drexel University","2017-04-08","OKgcKejxXbI=","13C15N","1",,,100,"d15N",,"perMill",,"sample too small for analysis",
"e35866e8-c79e-43dd-b543-7e3c1a932328","D08","TOMB","TOMB.AOS.buoy.c0","2016-11-22","TOMB.RS.20161122.POM.2",,"other","Academy of Natural Sciences of Drexel University","2017-05-18","OKgcKejxXbI=","13C15N","2",,,100,"d15N",,"perMill",,"sample too small for analysis",
