uid,domainID,siteID,namedLocation,collectDate,sampleID,sampleCode,sampleCondition,laboratoryName,analysisDate,analyzedBy,sampleType,replicate,sampleVolumeFiltered,filterSize,percentFilterAnalyzed,analyte,analyteConcentration,plantAlgaeLabUnits,method,externalRemarks,externalLabDataQF
"f85a5be9-fefe-4858-b6f1-c019b4cac983","D01","HOPB","HOPB.AOS.S2","2018-04-05","HOPB.SS.20180405.POM.1","A00000001214","condition ok","SIRFER Lab at University of Utah","2018-07-25","ElFtGy1kV49xqNP00HfxQA==","POM","1",750,25,100,"d15N",8.26,"perMill","Revesz & Coplen 2012a",,
"8379528e-a061-4582-82df-dd42bdfeda50","D01","HOPB","HOPB.AOS.S2","2018-04-05","HOPB.SS.20180405.POM.1","A00000001214","condition ok","SIRFER Lab at University of Utah","2018-07-25","ElFtGy1kV49xqNP00HfxQA==","POM","1",750,25,100,"carbon",316.82,"microgramsPerLiter","Revesz & Coplen 2012a",,
"39470d00-a186-4e85-9d36-73622fdd8328","D01","HOPB","HOPB.AOS.S2","2018-04-05","HOPB.SS.20180405.POM.1","A00000001214","condition ok","SIRFER Lab at University of Utah","2018-07-25","ElFtGy1kV49xqNP00HfxQA==","POM","1",750,25,100,"d13C",-28.45,"perMill","Revesz & Coplen 2012a",,
"8ac1cf6f-51fa-4690-8d83-d9bab0d41bb7","D01","HOPB","HOPB.AOS.S2","2018-04-05","HOPB.SS.20180405.POM.1","A00000001214","condition ok","SIRFER Lab at University of Utah","2018-07-25","ElFtGy1kV49xqNP00HfxQA==","POM","1",750,25,100,"nitrogen",26.37,"microgramsPerLiter","Revesz & Coplen 2012a",,
"80a354da-28e6-4909-af9f-f34a7141d940","D01","HOPB","HOPB.AOS.S2","2018-04-10","HOPB.SS.20180410.POM.1","A00000001228","condition ok","SIRFER Lab at University of Utah","2018-07-25","ElFtGy1kV49xqNP00HfxQA==","POM","1",600,25,100,"nitrogen",37.01,"microgramsPerLiter","Revesz & Coplen 2012a",,
"6a23eeb0-43c2-4375-9555-71c39f120630","D01","HOPB","HOPB.AOS.S2","2018-04-10","HOPB.SS.20180410.POM.1","A00000001228","condition ok","SIRFER Lab at University of Utah","2018-07-25","ElFtGy1kV49xqNP00HfxQA==","POM","1",600,25,100,"d13C",-28.23,"perMill","Revesz & Coplen 2012a",,
"9e83fa78-4463-47d6-ad40-54d589ee5b5d","D01","HOPB","HOPB.AOS.S2","2018-04-10","HOPB.SS.20180410.POM.1","A00000001228","condition ok","SIRFER Lab at University of Utah","2018-07-25","ElFtGy1kV49xqNP00HfxQA==","POM","1",600,25,100,"carbon",516.74,"microgramsPerLiter","Revesz & Coplen 2012a",,
"12905b59-b33c-4dea-8cb7-041db2dfb6ce","D01","HOPB","HOPB.AOS.S2","2018-04-10","HOPB.SS.20180410.POM.1","A00000001228","condition ok","SIRFER Lab at University of Utah","2018-07-25","ElFtGy1kV49xqNP00HfxQA==","POM","1",600,25,100,"d15N",7.26,"perMill","Revesz & Coplen 2012a",,
"1f076118-e470-4b25-9f13-732a84e6b265","D01","HOPB","HOPB.AOS.S2","2018-04-16","HOPB.SS.20180416.POM.1","A00000000086","condition ok","SIRFER Lab at University of Utah","2018-07-25","ElFtGy1kV49xqNP00HfxQA==","POM","1",500,25,100,"d15N",9.95,"perMill","Revesz & Coplen 2012a",,
"efd6aebe-6d8c-447c-90e6-f4923a4b78e9","D01","HOPB","HOPB.AOS.S2","2018-04-16","HOPB.SS.20180416.POM.1","A00000000086","condition ok","SIRFER Lab at University of Utah","2018-07-25","ElFtGy1kV49xqNP00HfxQA==","POM","1",500,25,100,"nitrogen",18.05,"microgramsPerLiter","Revesz & Coplen 2012a",,
"8ed1a382-3bcd-499c-8c9e-29aa8150b79a","D01","HOPB","HOPB.AOS.S2","2018-04-16","HOPB.SS.20180416.POM.1","A00000000086","condition ok","SIRFER Lab at University of Utah","2018-07-25","ElFtGy1kV49xqNP00HfxQA==","POM","1",500,25,100,"carbon",247.53,"microgramsPerLiter","Revesz & Coplen 2012a",,
"59c30984-14d8-4cec-be7b-feca1d6ad542","D01","HOPB","HOPB.AOS.S2","2018-04-16","HOPB.SS.20180416.POM.1","A00000000086","condition ok","SIRFER Lab at University of Utah","2018-07-25","ElFtGy1kV49xqNP00HfxQA==","POM","1",500,25,100,"d13C",-29.03,"perMill","Revesz & Coplen 2012a",,
"e4d64ad6-3741-4fb0-8368-496bb69f19da","D01","HOPB","HOPB.AOS.S2","2018-04-25","HOPB.SS.20180425.POM.1","A00000000147","condition ok","SIRFER Lab at University of Utah","2018-07-25","ElFtGy1kV49xqNP00HfxQA==","POM","1",750,25,100,"d13C",-28.44,"perMill","Revesz & Coplen 2012a",,
"1f7db418-68c0-4b16-a3a2-5d43dadbc085","D01","HOPB","HOPB.AOS.S2","2018-04-25","HOPB.SS.20180425.POM.1","A00000000147","condition ok","SIRFER Lab at University of Utah","2018-07-25","ElFtGy1kV49xqNP00HfxQA==","POM","1",750,25,100,"carbon",251.45,"microgramsPerLiter","Revesz & Coplen 2012a",,
"31db4ec2-9fcc-4c05-b514-9e8e5f7145b7","D01","HOPB","HOPB.AOS.S2","2018-04-25","HOPB.SS.20180425.POM.1","A00000000147","condition ok","SIRFER Lab at University of Utah","2018-07-25","ElFtGy1kV49xqNP00HfxQA==","POM","1",750,25,100,"d15N",3.36,"perMill","Revesz & Coplen 2012a",,
"3c58cc59-09a9-43c7-be77-e03530390c43","D01","HOPB","HOPB.AOS.S2","2018-04-25","HOPB.SS.20180425.POM.1","A00000000147","condition ok","SIRFER Lab at University of Utah","2018-07-25","ElFtGy1kV49xqNP00HfxQA==","POM","1",750,25,100,"nitrogen",22.38,"microgramsPerLiter","Revesz & Coplen 2012a",,
