uid,domainID,siteID,namedLocation,decimalLatitude,decimalLongitude,coordinateUncertainty,additionalCoordUncertainty,elevation,elevationUncertainty,geodeticDatum,altLocation,altLatitude,altLongitude,altCoordinateUncertainty,altGeodeticDatum,collectDate,aquaticSiteType,samplingImpractical,parentSampleID,parentSampleCode,eventID,samplerType,dissolvedOxygen,dissolvedOxygenSaturation,specificConductance,waterTemp,asiSamplingProtocolVersion,lowerSegmentDepth,upperSegmentDepth,maxDepth,lakeSampleDepth1,lakeSampleDepth2,aCollectedBy,bCollectedBy,remarks,fieldDataQF
"fbc6923f-33d1-4293-8420-118033af56a6","D01","HOPB","HOPB.AOS.S2",42.471802,-72.330656,0.3,10.0,213.1,0.3,"WGS84",,,,,,"2018-04-05T14:32Z","stream",,"HOPB.SS.20180405",,"HOPB.20180405","Grab",13.07,96.30,108.90,1.90,"NEON.DOC.001886vF",,,,,,"rwilliams@battelleecology.org","jlerner@battelleecology.org",,
"f19fb39f-38e9-4d5e-a963-9d5f230b065a","D01","HOPB","HOPB.AOS.S2",42.471802,-72.330656,0.3,10.0,213.1,0.3,"WGS84",,,,,,"2018-04-10T13:30Z","stream",,"HOPB.SS.20180410",,"HOPB.20180410","Grab",12.53,95.10,121.10,3.10,"NEON.DOC.001886vF",,,,,,"rwilliams@battelleecology.org","rwilliams@battelleecology.org",,
"1e86cd43-93f6-4be9-8ca7-ce066c0814ec","D01","HOPB","HOPB.AOS.S2",42.471802,-72.330656,0.3,10.0,213.1,0.3,"WGS84",,,,,,"2018-04-16T13:47Z","stream",,"HOPB.SS.20180416",,"HOPB.20180416","Grab",12.99,93.30,110.10,0.90,"NEON.DOC.001886vF",,,,,,"rwilliams@battelleecology.org","jlerner@battelleecology.org",,
"4fb0a199-867f-4a70-830e-e008659f4cf9","D01","HOPB","HOPB.AOS.S2",42.471802,-72.330656,0.3,10.0,213.1,0.3,"WGS84",,,,,,"2018-04-25T14:35Z","stream",,"HOPB.SS.20180425",,"HOPB.20180425","Grab",10.59,93.20,108.70,8.90,"NEON.DOC.001886vF",,,,,,"jlerner@battelleecology.org","rwilliams@battelleecology.org",,
