uid,domainID,siteID,namedLocation,collectDate,parentSampleID,parentSampleCode,isotopeH2OSampleCond,isotopeH2OSampleID,isotopeH2OSampleCode,isotopePOMRep2SampleCond,isotopePOMRep2SampleID,isotopePOMRep2SampleCode,isotopePOMSampleCond,isotopePOMSampleID,isotopePOMSampleCode,processedDateFilters,processedDateH2OIsotopes,sampleVolumeFilteredPOMRep1,sampleVolumeFilteredPOMRep2,fieldDataQF
"2d10ce13-2f1f-4c02-88cd-8d259946f54c","D01","HOPB","HOPB.AOS.S2","2018-04-05T14:32Z","HOPB.SS.20180405",,"Sample condition ok","HOPB.SS.20180405.H2O.1","A00000001216","Sample condition ok","HOPB.SS.20180405.POM.2","A00000001213","Sample condition ok","HOPB.SS.20180405.POM.1","A00000001214","2018-04-05T16:47Z","2018-04-05T14:59Z",750,750,
"6009631f-286d-4c91-9d76-6b91a98dfcd9","D01","HOPB","HOPB.AOS.S2","2018-04-10T13:30Z","HOPB.SS.20180410",,"Sample condition ok","HOPB.SS.20180410.H2O.1","A00000001210","Sample condition ok","HOPB.SS.20180410.POM.2","A00000001227","Sample condition ok","HOPB.SS.20180410.POM.1","A00000001228","2018-04-10T16:08Z","2018-04-10T13:54Z",600,600,
"ea798930-8cdf-405e-b5f7-4a1205e39b43","D01","HOPB","HOPB.AOS.S2","2018-04-16T13:47Z","HOPB.SS.20180416",,"Sample condition ok","HOPB.SS.20180416.H2O.1","A00000000090","Sample condition ok","HOPB.SS.20180416.POM.2","A00000000085","Sample condition ok","HOPB.SS.20180416.POM.1","A00000000086","2018-04-16T16:17Z","2018-04-16T13:52Z",500,500,
"1c8eed0e-03d3-4221-867b-ccc7f38a0031","D01","HOPB","HOPB.AOS.S2","2018-04-25T14:35Z","HOPB.SS.20180425",,"Sample condition ok","HOPB.SS.20180425.H2O.1","A00000000564","Sample condition ok","HOPB.SS.20180425.POM.2","A00000000148","Sample condition ok","HOPB.SS.20180425.POM.1","A00000000147","2018-04-25T05:00Z","2018-04-25T14:55Z",750,750,
