uid,domainID,siteID,namedLocation,collectDate,sampleID,sampleCode,sampleCondition,laboratoryName,analysisDate,analyzedBy,sampleType,replicate,sampleVolumeFiltered,filterSize,percentFilterAnalyzed,analyte,analyteConcentration,plantAlgaeLabUnits,method,externalRemarks,externalLabDataQF
"60c748cd-7f9e-4733-8d35-a7dc39768a40","D02","POSE","POSE.AOS.S2","2018-03-06","POSE.SS.20180306.POM.1",,"condition ok","SIRFER Lab at University of Utah","2018-08-13","ElFtGy1kV49xqNP00HfxQA==","POM","1",600,25,100,"nitrogen",38.77,"microgramsPerLiter","Revesz & Coplen 2012a",,
"e7cd0528-1037-4792-a78d-0031faa5afd5","D02","POSE","POSE.AOS.S2","2018-03-06","POSE.SS.20180306.POM.1",,"condition ok","SIRFER Lab at University of Utah","2018-08-13","ElFtGy1kV49xqNP00HfxQA==","POM","1",600,25,100,"carbon",435.14,"microgramsPerLiter","Revesz & Coplen 2012a",,
"178ae7c4-7a7b-4f93-8c63-e6ca442f28b3","D02","POSE","POSE.AOS.S2","2018-03-06","POSE.SS.20180306.POM.1",,"condition ok","SIRFER Lab at University of Utah","2018-08-13","ElFtGy1kV49xqNP00HfxQA==","POM","1",600,25,100,"d13C",-27.73,"perMill","Revesz & Coplen 2012a",,
"fde966dc-16c8-4261-84ef-978fb1e3a705","D02","POSE","POSE.AOS.S2","2018-03-06","POSE.SS.20180306.POM.1",,"condition ok","SIRFER Lab at University of Utah","2018-08-13","ElFtGy1kV49xqNP00HfxQA==","POM","1",600,25,100,"d15N",4.66,"perMill","Revesz & Coplen 2012a",,
"4ce11cfe-c531-413c-bf92-24302204171f","D02","POSE","POSE.AOS.S2","2018-03-13","POSE.SS.20180313.POM.1",,"condition ok","SIRFER Lab at University of Utah","2018-08-13","ElFtGy1kV49xqNP00HfxQA==","POM","1",800,25,100,"d13C",-27.10,"perMill","Revesz & Coplen 2012a",,
"46ebcb9a-e05a-421a-bb4a-60fbbe3e5df5","D02","POSE","POSE.AOS.S2","2018-03-13","POSE.SS.20180313.POM.1",,"condition ok","SIRFER Lab at University of Utah","2018-08-13","ElFtGy1kV49xqNP00HfxQA==","POM","1",800,25,100,"nitrogen",64.83,"microgramsPerLiter","Revesz & Coplen 2012a",,
"bf02557c-65ac-4653-9e08-dd4b86137c42","D02","POSE","POSE.AOS.S2","2018-03-13","POSE.SS.20180313.POM.1",,"condition ok","SIRFER Lab at University of Utah","2018-08-13","ElFtGy1kV49xqNP00HfxQA==","POM","1",800,25,100,"carbon",367.61,"microgramsPerLiter","Revesz & Coplen 2012a",,
"26af65e2-74e8-4abb-93a1-860385cccf30","D02","POSE","POSE.AOS.S2","2018-03-13","POSE.SS.20180313.POM.1",,"condition ok","SIRFER Lab at University of Utah","2018-08-13","ElFtGy1kV49xqNP00HfxQA==","POM","1",800,25,100,"d15N",0.09,"perMill","Revesz & Coplen 2012a",,
"1d79d983-5e7f-418a-9222-5428c40ebfa1","D02","POSE","POSE.AOS.S2","2018-03-19","POSE.SS.20180319.POM.1",,"condition ok","SIRFER Lab at University of Utah","2018-08-13","ElFtGy1kV49xqNP00HfxQA==","POM","1",800,25,100,"d15N",4.78,"perMill","Revesz & Coplen 2012a",,
"9249891d-7ad3-4a8c-959c-ce6cac4be482","D02","POSE","POSE.AOS.S2","2018-03-19","POSE.SS.20180319.POM.1",,"condition ok","SIRFER Lab at University of Utah","2018-08-13","ElFtGy1kV49xqNP00HfxQA==","POM","1",800,25,100,"nitrogen",23.20,"microgramsPerLiter","Revesz & Coplen 2012a",,
"1ef60025-eb0a-4d38-baa1-337bbbbb8a87","D02","POSE","POSE.AOS.S2","2018-03-19","POSE.SS.20180319.POM.1",,"condition ok","SIRFER Lab at University of Utah","2018-08-13","ElFtGy1kV49xqNP00HfxQA==","POM","1",800,25,100,"carbon",224.69,"microgramsPerLiter","Revesz & Coplen 2012a",,
"a91faea1-7783-4c72-81e0-9ecf277660b5","D02","POSE","POSE.AOS.S2","2018-03-19","POSE.SS.20180319.POM.1",,"condition ok","SIRFER Lab at University of Utah","2018-08-13","ElFtGy1kV49xqNP00HfxQA==","POM","1",800,25,100,"d13C",-27.16,"perMill","Revesz & Coplen 2012a",,
"2d293312-609a-4e60-a447-cac1853e7ed1","D02","POSE","POSE.AOS.S2","2018-03-27","POSE.SS.20180327.POM.1",,"condition ok","SIRFER Lab at University of Utah","2018-08-13","ElFtGy1kV49xqNP00HfxQA==","POM","1",600,25,100,"nitrogen",19.68,"microgramsPerLiter","Revesz & Coplen 2012a",,
"626d995a-b1e4-4a88-b965-088c877ef95a","D02","POSE","POSE.AOS.S2","2018-03-27","POSE.SS.20180327.POM.1",,"condition ok","SIRFER Lab at University of Utah","2018-08-13","ElFtGy1kV49xqNP00HfxQA==","POM","1",600,25,100,"carbon",163.74,"microgramsPerLiter","Revesz & Coplen 2012a",,
"2aac24c6-aff9-48f9-9d1d-06194524bedc","D02","POSE","POSE.AOS.S2","2018-03-27","POSE.SS.20180327.POM.1",,"condition ok","SIRFER Lab at University of Utah","2018-08-13","ElFtGy1kV49xqNP00HfxQA==","POM","1",600,25,100,"d13C",-26.27,"perMill","Revesz & Coplen 2012a",,
"320bc7cd-ea0f-4bb7-a06c-ce38fde485bc","D02","POSE","POSE.AOS.S2","2018-03-27","POSE.SS.20180327.POM.1",,"condition ok","SIRFER Lab at University of Utah","2018-08-13","ElFtGy1kV49xqNP00HfxQA==","POM","1",600,25,100,"d15N",7.26,"perMill","Revesz & Coplen 2012a",,
