uid,domainID,siteID,namedLocation,decimalLatitude,decimalLongitude,coordinateUncertainty,additionalCoordUncertainty,elevation,elevationUncertainty,geodeticDatum,altLocation,altLatitude,altLongitude,altCoordinateUncertainty,altGeodeticDatum,collectDate,aquaticSiteType,samplingImpractical,parentSampleID,parentSampleCode,eventID,samplerType,dissolvedOxygen,dissolvedOxygenSaturation,specificConductance,waterTemp,asiSamplingProtocolVersion,lowerSegmentDepth,upperSegmentDepth,maxDepth,lakeSampleDepth1,lakeSampleDepth2,aCollectedBy,bCollectedBy,remarks,fieldDataQF
"102d50c7-0761-438c-bdd7-3eb4df9b0c30","D02","POSE","POSE.AOS.S2",38.895193,-78.147862,0.3,10.0,271.9,0.3,"WGS84",,,,,,"2018-03-06T13:57Z","stream",,"POSE.SS.20180306",,"POSE.20180306","Grab",13.20,95.00,103.40,1.80,"NEON.DOC.001886vF",,,,,,"kgeiger@battelleecology.org","kgeiger@battelleecology.org",,
"19b9ab8d-f469-467f-8a2d-628eea45e981","D02","POSE","POSE.AOS.S2",38.895193,-78.147862,0.3,10.0,271.9,0.3,"WGS84",,,,,,"2018-03-13T12:55Z","stream",,"POSE.SS.20180313",,"POSE.20180313","Grab",12.16,85.70,109.50,1.10,"NEON.DOC.001886vF",,,,,,"kgeiger@battelleecology.org","kgeiger@battelleecology.org",,
"68f9558d-5097-48dc-9822-4daf851e9a25","D02","POSE","POSE.AOS.S2",38.895193,-78.147862,0.3,10.0,271.9,0.3,"WGS84",,,,,,"2018-03-19T12:57Z","stream",,"POSE.SS.20180319",,"POSE.20180319","Grab",13.03,94.40,104.00,2.10,"NEON.DOC.001886vF",,,,,,"kgeiger@battelleecology.org","kgeiger@battelleecology.org",,
"079769bc-113e-4320-8492-505fad869590","D02","POSE","POSE.AOS.S2",38.895193,-78.147862,0.3,10.0,271.9,0.3,"WGS84",,,,,,"2018-03-27T13:00Z","stream",,"POSE.SS.20180327",,"POSE.20180327","Grab",13.31,98.50,101.20,2.80,"NEON.DOC.001886vF",,,,,,"kgeiger@battelleecology.org","kgeiger@battelleecology.org",,
