uid,domainID,siteID,namedLocation,collectDate,parentSampleID,parentSampleCode,isotopeH2OSampleCond,isotopeH2OSampleID,isotopeH2OSampleCode,isotopePOMRep2SampleCond,isotopePOMRep2SampleID,isotopePOMRep2SampleCode,isotopePOMSampleCond,isotopePOMSampleID,isotopePOMSampleCode,processedDateFilters,processedDateH2OIsotopes,sampleVolumeFilteredPOMRep1,sampleVolumeFilteredPOMRep2,fieldDataQF
"e4ca3381-3731-4677-909c-6c30054ef427","D02","POSE","POSE.AOS.S2","2018-03-06T13:57Z","POSE.SS.20180306",,"Sample condition ok","POSE.SS.20180306.H2O.1",,"Sample condition ok","POSE.SS.20180306.POM.2",,"Sample condition ok","POSE.SS.20180306.POM.1",,"2018-03-06T16:05Z","2018-03-06T16:10Z",600,600,
"d4487673-c8fb-4d77-82a8-94d9399e1d92","D02","POSE","POSE.AOS.S2","2018-03-13T12:55Z","POSE.SS.20180313",,"Sample condition ok","POSE.SS.20180313.H2O.1",,"Sample condition ok","POSE.SS.20180313.POM.2",,"Sample condition ok","POSE.SS.20180313.POM.1",,"2018-03-13T14:21Z","2018-03-13T14:50Z",800,800,
"f0d01455-c423-4590-ba2c-1442d34861e3","D02","POSE","POSE.AOS.S2","2018-03-19T12:57Z","POSE.SS.20180319",,"Sample condition ok","POSE.SS.20180319.H2O.1",,"Sample condition ok","POSE.SS.20180319.POM.2",,"Sample condition ok","POSE.SS.20180319.POM.1",,"2018-03-19T14:37Z","2018-03-19T13:45Z",800,800,
"e2ab1661-3ea7-4f93-9a27-ad0e604378b2","D02","POSE","POSE.AOS.S2","2018-03-27T13:00Z","POSE.SS.20180327",,"Sample condition ok","POSE.SS.20180327.H2O.1",,"Sample condition ok","POSE.SS.20180327.POM.2",,"Sample condition ok","POSE.SS.20180327.POM.1",,"2018-03-27T15:00Z","2018-03-27T15:05Z",600,600,
