uid,domainID,siteID,namedLocation,collectDate,sampleID,sampleCode,sampleCondition,laboratoryName,analysisDate,analyzedBy,sampleType,replicate,sampleVolumeFiltered,filterSize,percentFilterAnalyzed,analyte,analyteConcentration,plantAlgaeLabUnits,method,externalRemarks,externalLabDataQF
"d9273f35-b596-401a-a3d1-34cef1551338","D08","BLWA","BLWA.AOS.buoy.c0","2019-03-13","BLWA.C0.20190313.POM.1","A00000048475","condition ok","SIRFER Lab at University of Utah","2019-05-09","ElFtGy1kV49xqNP00HfxQA==","POM","1",100,25,100,"carbon",1034.73,"microgramsPerLiter","Revesz & Coplen 2012a",,
"61910a62-5228-4d6b-a3f6-758d1ac96ac2","D08","BLWA","BLWA.AOS.buoy.c0","2019-03-13","BLWA.C0.20190313.POM.1","A00000048475","condition ok","SIRFER Lab at University of Utah","2019-05-09","ElFtGy1kV49xqNP00HfxQA==","POM","1",100,25,100,"d15N",4.06,"perMill","Revesz & Coplen 2012a",,
"dbb4e9ce-797c-4160-8666-5509f34037d7","D08","BLWA","BLWA.AOS.buoy.c0","2019-03-13","BLWA.C0.20190313.POM.1","A00000048475","condition ok","SIRFER Lab at University of Utah","2019-05-09","ElFtGy1kV49xqNP00HfxQA==","POM","1",100,25,100,"d13C",-27.77,"perMill","Revesz & Coplen 2012a",,
"87909f33-b739-4e5f-9253-d5d81474d405","D08","BLWA","BLWA.AOS.buoy.c0","2019-03-13","BLWA.C0.20190313.POM.1","A00000048475","condition ok","SIRFER Lab at University of Utah","2019-05-09","ElFtGy1kV49xqNP00HfxQA==","POM","1",100,25,100,"nitrogen",120.93,"microgramsPerLiter","Revesz & Coplen 2012a",,
"0d6aa2a4-c250-41bb-ab3a-f6db551c405c","D08","BLWA","BLWA.AOS.buoy.c0","2019-03-14","BLWA.C0.20190314.POM.1","A00000048491","condition ok","SIRFER Lab at University of Utah","2019-05-09","ElFtGy1kV49xqNP00HfxQA==","POM","1",100,25,100,"nitrogen",97.42,"microgramsPerLiter","Revesz & Coplen 2012a",,
"5e0e302d-4ef8-4f10-8c10-418768f74fa9","D08","BLWA","BLWA.AOS.buoy.c0","2019-03-14","BLWA.C0.20190314.POM.1","A00000048491","condition ok","SIRFER Lab at University of Utah","2019-05-09","ElFtGy1kV49xqNP00HfxQA==","POM","1",100,25,100,"d15N",3.64,"perMill","Revesz & Coplen 2012a",,
"b76c968e-01d9-4405-90f0-6152bdd1822c","D08","BLWA","BLWA.AOS.buoy.c0","2019-03-14","BLWA.C0.20190314.POM.1","A00000048491","condition ok","SIRFER Lab at University of Utah","2019-05-09","ElFtGy1kV49xqNP00HfxQA==","POM","1",100,25,100,"d13C",-28.03,"perMill","Revesz & Coplen 2012a",,
"af23c8a2-bb2e-4f10-8edd-4e3c8e3611a5","D08","BLWA","BLWA.AOS.buoy.c0","2019-03-14","BLWA.C0.20190314.POM.1","A00000048491","condition ok","SIRFER Lab at University of Utah","2019-05-09","ElFtGy1kV49xqNP00HfxQA==","POM","1",100,25,100,"carbon",806.50,"microgramsPerLiter","Revesz & Coplen 2012a",,
"14267c0b-a297-4f4d-b651-233c65a79911","D08","BLWA","BLWA.AOS.buoy.c0","2019-03-19","BLWA.C0.20190319.POM.1","A00000048597","condition ok","SIRFER Lab at University of Utah","2019-05-09","ElFtGy1kV49xqNP00HfxQA==","POM","1",100,25,100,"nitrogen",106.64,"microgramsPerLiter","Revesz & Coplen 2012a",,
"758b848f-0bcf-4281-b8a8-65a9c2a1f28d","D08","BLWA","BLWA.AOS.buoy.c0","2019-03-19","BLWA.C0.20190319.POM.1","A00000048597","condition ok","SIRFER Lab at University of Utah","2019-05-09","ElFtGy1kV49xqNP00HfxQA==","POM","1",100,25,100,"d15N",6.01,"perMill","Revesz & Coplen 2012a",,
"653d2db1-2f5e-4065-a7c9-41c7df331d71","D08","BLWA","BLWA.AOS.buoy.c0","2019-03-19","BLWA.C0.20190319.POM.1","A00000048597","condition ok","SIRFER Lab at University of Utah","2019-05-09","ElFtGy1kV49xqNP00HfxQA==","POM","1",100,25,100,"d13C",-30.29,"perMill","Revesz & Coplen 2012a",,
"096a4b04-6cf0-41ee-9579-69d9f6afd23d","D08","BLWA","BLWA.AOS.buoy.c0","2019-03-19","BLWA.C0.20190319.POM.1","A00000048597","condition ok","SIRFER Lab at University of Utah","2019-05-09","ElFtGy1kV49xqNP00HfxQA==","POM","1",100,25,100,"carbon",851.10,"microgramsPerLiter","Revesz & Coplen 2012a",,
"318feab2-592a-4789-9471-82382195ecc3","D08","BLWA","BLWA.AOS.buoy.c0","2019-03-21","BLWA.C0.20190321.POM.1","A00000048510","condition ok","SIRFER Lab at University of Utah","2019-05-09","ElFtGy1kV49xqNP00HfxQA==","POM","1",100,25,100,"carbon",596.45,"microgramsPerLiter","Revesz & Coplen 2012a",,
"dad316be-fec9-4086-8f8a-90aa6f31bac2","D08","BLWA","BLWA.AOS.buoy.c0","2019-03-21","BLWA.C0.20190321.POM.1","A00000048510","condition ok","SIRFER Lab at University of Utah","2019-05-09","ElFtGy1kV49xqNP00HfxQA==","POM","1",100,25,100,"nitrogen",75.27,"microgramsPerLiter","Revesz & Coplen 2012a",,
"1788a0cb-d3d3-4585-9052-2c9046f5cfdb","D08","BLWA","BLWA.AOS.buoy.c0","2019-03-21","BLWA.C0.20190321.POM.1","A00000048510","condition ok","SIRFER Lab at University of Utah","2019-05-09","ElFtGy1kV49xqNP00HfxQA==","POM","1",100,25,100,"d15N",9.13,"perMill","Revesz & Coplen 2012a",,
"9ee1fbdd-11a7-4829-8f71-262b727da0f2","D08","BLWA","BLWA.AOS.buoy.c0","2019-03-21","BLWA.C0.20190321.POM.1","A00000048510","condition ok","SIRFER Lab at University of Utah","2019-05-09","ElFtGy1kV49xqNP00HfxQA==","POM","1",100,25,100,"d13C",-29.66,"perMill","Revesz & Coplen 2012a",,
