uid,domainID,siteID,namedLocation,decimalLatitude,decimalLongitude,coordinateUncertainty,additionalCoordUncertainty,elevation,elevationUncertainty,geodeticDatum,altLocation,altLatitude,altLongitude,altCoordinateUncertainty,altGeodeticDatum,collectDate,aquaticSiteType,samplingImpractical,parentSampleID,parentSampleCode,eventID,samplerType,dissolvedOxygen,dissolvedOxygenSaturation,specificConductance,waterTemp,asiSamplingProtocolVersion,lowerSegmentDepth,upperSegmentDepth,maxDepth,lakeSampleDepth1,lakeSampleDepth2,aCollectedBy,bCollectedBy,remarks,fieldDataQF
"7870ff42-6da7-4acc-af59-69d6a6bf1e48","D08","BLWA","BLWA.AOS.buoy.c0",32.540670,-87.798060,1.0,10.0,20.0,10.0,"WGS84",,,,,,"2019-03-13T15:00Z","river",,"BLWA.C0.20190313",,"BLWA.20190313","Kemmerer",10.05,96.30,142.80,13.50,"NEON.DOC.001886vF",,,4.8,0.5,,"0000-0002-4103-6144","0000-0003-1334-3275",,
"af000c7c-f4d1-4ae5-91ab-0add62aef9b1","D08","BLWA","BLWA.AOS.buoy.c0",32.540670,-87.798060,1.0,10.0,20.0,10.0,"WGS84",,,,,,"2019-03-14T19:40Z","river",,"BLWA.C0.20190314",,"BLWA.20190314","Kemmerer",11.19,108.90,174.40,14.10,"NEON.DOC.001886vF",,,3.0,0.5,,"0000-0002-9743-3915","0000-0002-4103-6144",,
"18a098eb-d817-4431-a97d-613ae13bf7fb","D08","BLWA","BLWA.AOS.buoy.c0",32.540670,-87.798060,1.0,10.0,20.0,10.0,"WGS84",,,,,,"2019-03-19T15:15Z","river",,"BLWA.C0.20190319",,"BLWA.20190319","Kemmerer",11.13,107.30,187.30,13.70,"NEON.DOC.001886vF",,,8.7,0.5,,"0000-0002-9743-3915","0000-0002-4103-6144",,
"648370b9-35a4-488d-8b8f-58e743dd55f5","D08","BLWA","BLWA.AOS.buoy.c0",32.540670,-87.798060,1.0,10.0,20.0,10.0,"WGS84",,,,,,"2019-03-21T15:00Z","river",,"BLWA.C0.20190321",,"BLWA.20190321","Kemmerer",9.80,95.20,171.40,14.00,"NEON.DOC.001886vF",,,5.6,0.5,,"0000-0003-1334-3275","0000-0003-1561-0904",,
