uid,domainID,siteID,namedLocation,collectDate,parentSampleID,parentSampleCode,isotopeH2OSampleCond,isotopeH2OSampleID,isotopeH2OSampleCode,isotopePOMRep2SampleCond,isotopePOMRep2SampleID,isotopePOMRep2SampleCode,isotopePOMSampleCond,isotopePOMSampleID,isotopePOMSampleCode,processedDateFilters,processedDateH2OIsotopes,sampleVolumeFilteredPOMRep1,sampleVolumeFilteredPOMRep2,fieldDataQF
"0786a44c-a3e6-4eff-90a5-85edf5c0b7e2","D08","BLWA","BLWA.AOS.buoy.c0","2019-03-13T15:00Z","BLWA.C0.20190313",,"Sample condition ok","BLWA.C0.20190313.H2O.1","A00000048388","Sample condition ok","BLWA.C0.20190313.POM.2","A00000048477","Sample condition ok","BLWA.C0.20190313.POM.1","A00000048475","2019-03-13T15:00Z","2019-03-13T15:15Z",100,100,
"fb02cda7-6897-4f3c-9ba4-99d597c4d95d","D08","BLWA","BLWA.AOS.buoy.c0","2019-03-14T19:40Z","BLWA.C0.20190314",,"Sample condition ok","BLWA.C0.20190314.H2O.1","A00000048483","Sample condition ok","BLWA.C0.20190314.POM.2","A00000048492","Sample condition ok","BLWA.C0.20190314.POM.1","A00000048491","2019-03-14T22:00Z","2019-03-14T22:00Z",100,100,
"ee9acf0d-1d1c-455f-a1da-d3bbe66c000d","D08","BLWA","BLWA.AOS.buoy.c0","2019-03-19T15:15Z","BLWA.C0.20190319",,"Sample condition ok","BLWA.C0.20190319.H2O.1","A00000048594","Sample condition ok","BLWA.C0.20190319.POM.2","A00000048596","Sample condition ok","BLWA.C0.20190319.POM.1","A00000048597","2019-03-19T15:15Z","2019-03-19T15:15Z",100,100,
"3dcb4ae5-dd07-4c18-b3d8-c843011553ae","D08","BLWA","BLWA.AOS.buoy.c0","2019-03-21T15:00Z","BLWA.C0.20190321",,"Sample condition ok","BLWA.C0.20190321.H2O.1","A00000048506","Sample condition ok","BLWA.C0.20190321.POM.2","A00000048511","Sample condition ok","BLWA.C0.20190321.POM.1","A00000048510","2019-03-21T15:00Z","2019-03-21T15:00Z",100,100,
