uid,domainID,siteID,namedLocation,collectDate,sampleID,sampleCode,sampleCondition,laboratoryName,analysisDate,analyzedBy,sampleType,replicate,sampleVolumeFiltered,filterSize,percentFilterAnalyzed,analyte,analyteConcentration,plantAlgaeLabUnits,method,externalRemarks,externalLabDataQF
"675df02f-73a2-40b5-ba17-c5d55f7ee00a","D03","SUGG","SUGG.AOS.buoy.c0","2018-02-05","SUGG.C0.20180205.POM.1",,"condition ok","SIRFER Lab at University of Utah","2018-07-28","ElFtGy1kV49xqNP00HfxQA==","POM","1",500,25,100,"nitrogen",44.24,"microgramsPerLiter","Revesz & Coplen 2012a",,
"b30381fd-60a3-4ebe-adff-6fcaaedcf267","D03","SUGG","SUGG.AOS.buoy.c0","2018-02-05","SUGG.C0.20180205.POM.1",,"condition ok","SIRFER Lab at University of Utah","2018-07-28","ElFtGy1kV49xqNP00HfxQA==","POM","1",500,25,100,"d13C",-29.62,"perMill","Revesz & Coplen 2012a",,
"2949cfc3-60a5-40ce-b45e-3b9117d23134","D03","SUGG","SUGG.AOS.buoy.c0","2018-02-05","SUGG.C0.20180205.POM.1",,"condition ok","SIRFER Lab at University of Utah","2018-07-28","ElFtGy1kV49xqNP00HfxQA==","POM","1",500,25,100,"carbon",390.64,"microgramsPerLiter","Revesz & Coplen 2012a",,
"ae31a43d-da75-4034-b5ca-72dee8762890","D03","SUGG","SUGG.AOS.buoy.c0","2018-02-05","SUGG.C0.20180205.POM.1",,"condition ok","SIRFER Lab at University of Utah","2018-07-28","ElFtGy1kV49xqNP00HfxQA==","POM","1",500,25,100,"d15N",1.28,"perMill","Revesz & Coplen 2012a",,
