uid,domainID,siteID,namedLocation,collectDate,sampleID,sampleCode,sampleCondition,laboratoryName,analysisDate,analyzedBy,sampleType,replicate,sampleVolumeFiltered,filterSize,percentFilterAnalyzed,analyte,analyteConcentration,plantAlgaeLabUnits,method,externalRemarks,externalLabDataQF
"b445dc79-c20f-4fe0-b5d7-496e488ed2de","D13","COMO","COMO.AOS.S2","2015-11-10","COMO.SS.20151110.POM.1",,"condition ok","Academy of Natural Sciences of Drexel University","2016-09-13","OKgcKejxXbI=","13C15N","1",550,25,100,"d13C",-26.62,"perMill",,,"Audit Failed. Document: A00036_DREX_AlgalChem_DocAudit_20170407.pdf & A00036_DREX_AlgalChem_VisitAudit_20170407.pdf"
"68107e76-0402-42e2-b1da-5cfe61824c9e","D13","COMO","COMO.AOS.S2","2015-11-10","COMO.SS.20151110.POM.2",,"condition ok","Academy of Natural Sciences of Drexel University","2017-01-17","OKgcKejxXbI=","13C15N","2",550,25,100,"d13C",-27.25,"perMill",,,"Audit Failed. Document: A00036_DREX_AlgalChem_DocAudit_20170407.pdf & A00036_DREX_AlgalChem_VisitAudit_20170407.pdf"
"e45444e8-5cfe-40ae-8240-28ffbb5ea40b","D13","COMO","COMO.AOS.S2","2015-11-10","COMO.SS.20151110.POM.2",,"condition ok","Academy of Natural Sciences of Drexel University","2017-01-17","OKgcKejxXbI=","13C15N","2",550,25,100,"d15N",3.66,"perMill",,,"Audit Failed. Document: A00036_DREX_AlgalChem_DocAudit_20170407.pdf & A00036_DREX_AlgalChem_VisitAudit_20170407.pdf"
"309db514-80d1-43f6-a7ad-31b4f881ed85","D13","COMO","COMO.AOS.S2","2015-11-10","COMO.SS.20151110.POM.1",,"condition ok","Academy of Natural Sciences of Drexel University","2016-09-13","OKgcKejxXbI=","13C15N","1",550,25,100,"d15N",3.81,"perMill",,,"Audit Failed. Document: A00036_DREX_AlgalChem_DocAudit_20170407.pdf & A00036_DREX_AlgalChem_VisitAudit_20170407.pdf"
