uid,domainID,siteID,namedLocation,collectDate,sampleID,sampleCode,sampleCondition,laboratoryName,analysisDate,analyzedBy,sampleType,replicate,sampleVolumeFiltered,filterSize,percentFilterAnalyzed,analyte,analyteConcentration,plantAlgaeLabUnits,method,externalRemarks,externalLabDataQF
"d3eae3bc-0b50-46cf-bfbc-2475181496aa","D01","HOPB","HOPB.AOS.S2","2017-01-17","HOPB.SS.20170117.POM.2",,"other","Academy of Natural Sciences of Drexel University","2017-06-14","OKgcKejxXbI=","13C15N","2",,,100,"d13C",,"perMill",,"analysis corrupted during run",
"41759779-033f-4f2c-8cde-53bb70cc5c71","D01","HOPB","HOPB.AOS.S2","2017-01-17","HOPB.SS.20170117.POM.1",,"other","Academy of Natural Sciences of Drexel University","2017-05-25","OKgcKejxXbI=","13C15N","1",,,100,"d15N",,"perMill",,"sample too small for analysis",
"5b85c96a-5aeb-4f6f-8c04-7452dd09bab5","D01","HOPB","HOPB.AOS.S2","2017-01-17","HOPB.SS.20170117.POM.1",,"condition ok","Academy of Natural Sciences of Drexel University","2017-05-25","OKgcKejxXbI=","13C15N","1",,,100,"d13C",-28.94,"perMill",,,
"2a1d8c40-8a92-4717-a97c-ec7692c61d00","D01","HOPB","HOPB.AOS.S2","2017-01-17","HOPB.SS.20170117.POM.2",,"other","Academy of Natural Sciences of Drexel University","2017-06-14","OKgcKejxXbI=","13C15N","2",,,100,"d15N",,"perMill",,"sample too small for analysis",
"fe74eacf-79ee-4bc2-8819-708a5243d248","D01","HOPB","HOPB.AOS.S2","2017-01-25","HOPB.SS.20170125.POM.2",,"other","Academy of Natural Sciences of Drexel University","2017-06-14","OKgcKejxXbI=","13C15N","2",,,100,"d13C",,"perMill",,"analysis corrupted during run",
"7fcb28d5-aab0-451d-9d87-8b05221dc52f","D01","HOPB","HOPB.AOS.S2","2017-01-25","HOPB.SS.20170125.POM.2",,"other","Academy of Natural Sciences of Drexel University","2017-06-14","OKgcKejxXbI=","13C15N","2",,,100,"d15N",,"perMill",,"sample too small for analysis",
"ab21327a-b929-4c66-b857-a1c831dad83d","D01","HOPB","HOPB.AOS.S2","2017-01-25","HOPB.SS.20170125.POM.1",,"condition ok","Academy of Natural Sciences of Drexel University","2017-05-25","OKgcKejxXbI=","13C15N","1",,,100,"d13C",-27.29,"perMill",,,
"d4742e3d-0d8b-46a7-a104-784faed38bec","D01","HOPB","HOPB.AOS.S2","2017-01-25","HOPB.SS.20170125.POM.1",,"other","Academy of Natural Sciences of Drexel University","2017-05-25","OKgcKejxXbI=","13C15N","1",,,100,"d15N",,"perMill",,"sample too small for analysis",
