uid,domainID,siteID,namedLocation,collectDate,sampleID,sampleCode,sampleCondition,laboratoryName,analysisDate,analyzedBy,sampleType,replicate,sampleVolumeFiltered,filterSize,percentFilterAnalyzed,analyte,analyteConcentration,plantAlgaeLabUnits,method,externalRemarks,externalLabDataQF
"af9b8644-f1ee-4fe4-8585-84cd7af2d2ac","D04","CUPE","CUPE.AOS.S2","2019-04-29","CUPE.SS.20190429.POM.1","A00000040046","condition ok","SIRFER Lab at University of Utah","2019-10-09","ElFtGy1kV49xqNP00HfxQA==","POM","1",1500,25,100,"d15N",1.45,"perMill","Revesz & Coplen 2012a",,
"d2f43d39-8f29-4693-b42e-96210649db76","D04","CUPE","CUPE.AOS.S2","2019-04-29","CUPE.SS.20190429.POM.1","A00000040046","condition ok","SIRFER Lab at University of Utah","2019-10-09","ElFtGy1kV49xqNP00HfxQA==","POM","1",1500,25,100,"carbon",84.92,"microgramsPerLiter","Revesz & Coplen 2012a",,
"57c6d921-ec6e-408a-8497-51af6f5fcd8f","D04","CUPE","CUPE.AOS.S2","2019-04-29","CUPE.SS.20190429.POM.1","A00000040046","condition ok","SIRFER Lab at University of Utah","2019-10-09","ElFtGy1kV49xqNP00HfxQA==","POM","1",1500,25,100,"nitrogen",6.87,"microgramsPerLiter","Revesz & Coplen 2012a",,
"60ef1b6d-3eb7-484c-953d-98abe0521ba0","D04","CUPE","CUPE.AOS.S2","2019-04-29","CUPE.SS.20190429.POM.1","A00000040046","condition ok","SIRFER Lab at University of Utah","2019-10-09","ElFtGy1kV49xqNP00HfxQA==","POM","1",1500,25,100,"d13C",-28.07,"perMill","Revesz & Coplen 2012a",,
