uid,domainID,siteID,namedLocation,collectDate,parentSampleID,parentSampleCode,isotopeH2OSampleCond,isotopeH2OSampleID,isotopeH2OSampleCode,isotopePOMRep2SampleCond,isotopePOMRep2SampleID,isotopePOMRep2SampleCode,isotopePOMSampleCond,isotopePOMSampleID,isotopePOMSampleCode,processedDateFilters,processedDateH2OIsotopes,sampleVolumeFilteredPOMRep1,sampleVolumeFilteredPOMRep2,fieldDataQF
"af6a99d5-1a2e-4f7e-895b-ab920b797795","D15","REDB","REDB.AOS.S2","2018-05-01T15:41Z","REDB.SS.20180501",,"Sample condition ok","REDB.SS.20180501.H2O.1","A00000024127","Sample condition ok","REDB.SS.20180501.POM.2","A00000024132","Sample condition ok","REDB.SS.20180501.POM.1","A00000024131","2018-05-01T15:41Z","2018-05-01T15:41Z",350,350,
"ba2dfac3-9681-42b6-9e77-b5415f4c3013","D15","REDB","REDB.AOS.S2","2018-05-08T15:45Z","REDB.SS.20180508",,"Sample condition ok","REDB.SS.20180508.H2O.1","A00000023242","Sample condition ok","REDB.SS.20180508.POM.2","A00000023205","Sample condition ok","REDB.SS.20180508.POM.1","A00000023215","2018-05-08T17:21Z","2018-05-08T17:21Z",400,400,
"e9cb2996-4840-4287-b8bc-2329883e19db","D15","REDB","REDB.AOS.S2","2018-05-08T15:45Z","REDB.SS.20180508",,"Sample condition ok","REDB.SS.20180508.H2O.3","A00000023240",,,,,,,,"2018-05-08T17:21Z",,,
"06f00221-53f7-4170-8d0b-27f7f185cec9","D15","REDB","REDB.AOS.S2","2018-05-08T15:45Z","REDB.SS.20180508",,"Sample condition ok","REDB.SS.20180508.H2O.2","A00000023241",,,,,,,,"2018-05-08T17:21Z",,,
"e00e3898-0832-40a7-8b59-f3edec3438ee","D15","REDB","REDB.AOS.S2","2018-05-15T15:13Z","REDB.SS.20180515",,"Sample condition ok","REDB.SS.20180515.H2O.1","A00000023219","Sample condition ok","REDB.SS.20180515.POM.2","A00000023207","Sample condition ok","REDB.SS.20180515.POM.1","A00000023223","2018-05-15T15:36Z","2018-05-15T16:00Z",400,400,
"6baf00e7-fa8a-4441-b878-9d219964735b","D15","REDB","REDB.AOS.S2","2018-05-22T15:25Z","REDB.SS.20180522",,"Sample condition ok","REDB.SS.20180522.H2O.1","A00000023453","Sample condition ok","REDB.SS.20180522.POM.2","A00000023209","Sample condition ok","REDB.SS.20180522.POM.1","A00000023208",,"2018-05-22T15:25Z",302,304,
"8a1475e8-3b3c-4edd-b57f-afeaab98b0b4","D15","REDB","REDB.AOS.S2","2018-05-29T17:04Z","REDB.SS.20180529",,"Sample condition ok","REDB.SS.20180529.H2O.1","A00000023436","Sample condition ok","REDB.SS.20180529.POM.2","A00000023226","Sample condition ok","REDB.SS.20180529.POM.1","A00000023225","2018-05-29T17:04Z","2018-05-29T17:04Z",500,500,
