uid,domainID,siteID,namedLocation,decimalLatitude,decimalLongitude,coordinateUncertainty,additionalCoordUncertainty,elevation,elevationUncertainty,geodeticDatum,altLocation,altLatitude,altLongitude,altCoordinateUncertainty,altGeodeticDatum,collectDate,aquaticSiteType,samplingImpractical,parentSampleID,parentSampleCode,eventID,samplerType,dissolvedOxygen,dissolvedOxygenSaturation,specificConductance,waterTemp,asiSamplingProtocolVersion,lowerSegmentDepth,upperSegmentDepth,maxDepth,lakeSampleDepth1,lakeSampleDepth2,aCollectedBy,bCollectedBy,remarks,fieldDataQF
"9fd34dd4-5eed-4220-9943-a92ac9411668","D15","REDB","REDB.AOS.S2",40.783660,-111.798110,0.1,10.0,1688.6,0.0,"WGS84",,,,,,"2018-05-01T15:41Z","stream",,"REDB.SS.20180501",,"REDB.20180501","Grab",11.74,111.10,633.00,4.60,"NEON.DOC.001886vF",,,,,,"awalker@battelleecology.org","bjohnston@battelleecology.org",,
"87cf3073-da9c-43bd-bdc0-d4fbd4bbbab1","D15","REDB","REDB.AOS.S2",40.783660,-111.798110,0.1,10.0,1688.6,0.0,"WGS84",,,,,,"2018-05-08T15:45Z","stream",,"REDB.SS.20180508",,"REDB.20180508","Grab",10.34,105.10,629.00,8.20,"NEON.DOC.001886vF",,,,,,"awalker@battelleecology.org","mgaetani@battelleecology.org",,
"a6bf3cd3-c47c-498a-8a64-8fa675b7f36a","D15","REDB","REDB.AOS.S2",40.783660,-111.798110,0.1,10.0,1688.6,0.0,"WGS84",,,,,,"2018-05-15T15:13Z","stream",,"REDB.SS.20180515",,"REDB.20180515","Grab",10.38,105.00,622.00,7.50,"NEON.DOC.001886vF",,,,,,"awalker@battelleecology.org","bjohnston@battelleecology.org",,
"1f7daa55-df27-40d5-bad3-90d380d0ca64","D15","REDB","REDB.AOS.S2",40.783660,-111.798110,0.1,10.0,1688.6,0.0,"WGS84",,,,,,"2018-05-22T15:25Z","stream",,"REDB.SS.20180522",,"REDB.20180522","Grab",9.55,100.50,631.00,8.70,"NEON.DOC.001886vF",,,,,,"bjohnston@battelleecology.org","awalker@battelleecology.org",,
"dcfcb9cd-cdbb-496b-ac31-71012a9f7048","D15","REDB","REDB.AOS.S2",40.783660,-111.798110,0.1,10.0,1688.6,0.0,"WGS84",,,,,,"2018-05-29T17:04Z","stream",,"REDB.SS.20180529",,"REDB.20180529","Grab",9.78,102.50,638.00,8.90,"NEON.DOC.001886vF",,,,,,"bjohnston@battelleecology.org","awalker@battelleecology.org",,
