uid,domainID,siteID,namedLocation,collectDate,analysisDate,isotopeH2OSampleID,isotopeH2OSampleCode,instrumentSN,d18OWater,d2HWater,d18OsdWater,d2HsdWater,isotopeH2OExternalLabQF,laboratoryName,analyzedBy,sampleCondition,externalRemarks,externalLabDataQF
"1673af72-258a-4016-b4f9-3f5aba41ec89","D15","REDB","REDB.AOS.S2","2018-05-01","2018-07-17","REDB.SS.20180501.H2O.1","A00000024127","HIDS2046",-16.39,-123.18,0.06,0.30,0,"SIRFER Lab at University of Utah","OlSmE6RRn5QQH8tvUHmK5i/poYiQr6sd","OK",,
"9dc46688-f022-4584-ba47-3d4b85bf15ca","D15","REDB","REDB.AOS.S2","2018-05-08","2018-07-17","REDB.SS.20180508.H2O.1","A00000023242","HIDS2046",-16.64,-123.53,0.04,0.32,0,"SIRFER Lab at University of Utah","OlSmE6RRn5QQH8tvUHmK5i/poYiQr6sd","OK",,
"14c07dc6-6da9-4677-b805-23ed48a274ab","D15","REDB","REDB.AOS.S2","2018-05-08","2018-07-17","REDB.SS.20180508.H2O.2","A00000023241","HIDS2046",-16.61,-123.46,0.02,0.17,0,"SIRFER Lab at University of Utah","OlSmE6RRn5QQH8tvUHmK5i/poYiQr6sd","OK",,
"06420d09-23ab-4e1a-9807-a392160cc6a0","D15","REDB","REDB.AOS.S2","2018-05-08","2018-07-17","REDB.SS.20180508.H2O.3","A00000023240","HIDS2046",-16.48,-123.10,0.04,0.20,0,"SIRFER Lab at University of Utah","OlSmE6RRn5QQH8tvUHmK5i/poYiQr6sd","OK",,
"656f8dbb-a93b-4ede-8ec5-8500fe1798f5","D15","REDB","REDB.AOS.S2","2018-05-15","2018-07-17","REDB.SS.20180515.H2O.1","A00000023219","HIDS2046",-16.63,-123.17,0.03,0.11,0,"SIRFER Lab at University of Utah","OlSmE6RRn5QQH8tvUHmK5i/poYiQr6sd","OK",,
"8abe07f6-48ba-4b48-a481-ba2aa4dd86a9","D15","REDB","REDB.AOS.S2","2018-05-22","2018-07-17","REDB.SS.20180522.H2O.1","A00000023453","HIDS2046",-16.56,-123.12,0.04,0.15,0,"SIRFER Lab at University of Utah","OlSmE6RRn5QQH8tvUHmK5i/poYiQr6sd","OK",,
"40f13f10-74d8-40d9-a696-7f26580e3c6e","D15","REDB","REDB.AOS.S2","2018-05-29","2018-07-17","REDB.SS.20180529.H2O.1","A00000023436","HIDS2046",-16.67,-123.49,0.04,0.26,0,"SIRFER Lab at University of Utah","OlSmE6RRn5QQH8tvUHmK5i/poYiQr6sd","OK",,
