uid,domainID,siteID,namedLocation,collectDate,sampleID,sampleCode,sampleCondition,laboratoryName,analysisDate,analyzedBy,sampleType,replicate,sampleVolumeFiltered,filterSize,percentFilterAnalyzed,analyte,analyteConcentration,plantAlgaeLabUnits,method,externalRemarks,externalLabDataQF
"ba822315-3e9b-4a75-84b4-4a0f88c02c0e","D15","REDB","REDB.AOS.S2","2018-05-01","REDB.SS.20180501.POM.1","A00000024131","condition ok","SIRFER Lab at University of Utah","2018-07-18","ElFtGy1kV49xqNP00HfxQA==","POM","1",350,25,100,"carbon",538.27,"microgramsPerLiter","Revesz & Coplen 2012a",,
"c22b41c8-b566-4fb3-b498-8f192a728303","D15","REDB","REDB.AOS.S2","2018-05-01","REDB.SS.20180501.POM.1","A00000024131","condition ok","SIRFER Lab at University of Utah","2018-07-18","ElFtGy1kV49xqNP00HfxQA==","POM","1",350,25,100,"d15N",2.95,"perMill","Revesz & Coplen 2012a",,
"1605d125-7a7e-46f1-9593-8b4570461edc","D15","REDB","REDB.AOS.S2","2018-05-01","REDB.SS.20180501.POM.1","A00000024131","condition ok","SIRFER Lab at University of Utah","2018-07-18","ElFtGy1kV49xqNP00HfxQA==","POM","1",350,25,100,"d13C",-26.00,"perMill","Revesz & Coplen 2012a",,
"7e3dfe4c-3df2-4d7e-bdbb-b0b691f9a317","D15","REDB","REDB.AOS.S2","2018-05-01","REDB.SS.20180501.POM.1","A00000024131","condition ok","SIRFER Lab at University of Utah","2018-07-18","ElFtGy1kV49xqNP00HfxQA==","POM","1",350,25,100,"nitrogen",30.88,"microgramsPerLiter","Revesz & Coplen 2012a",,
"df54388a-d43a-4529-a56d-110219ed1cea","D15","REDB","REDB.AOS.S2","2018-05-08","REDB.SS.20180508.POM.1","A00000023215","condition ok","SIRFER Lab at University of Utah","2018-07-18","ElFtGy1kV49xqNP00HfxQA==","POM","1",400,25,100,"d15N",1.85,"perMill","Revesz & Coplen 2012a",,
"63aa4a42-9b10-43fe-8423-3c2687ed50c6","D15","REDB","REDB.AOS.S2","2018-05-08","REDB.SS.20180508.POM.1","A00000023215","condition ok","SIRFER Lab at University of Utah","2018-07-18","ElFtGy1kV49xqNP00HfxQA==","POM","1",400,25,100,"carbon",445.54,"microgramsPerLiter","Revesz & Coplen 2012a",,
"70ec0e86-5d19-499d-b8a2-bd25e089e146","D15","REDB","REDB.AOS.S2","2018-05-08","REDB.SS.20180508.POM.1","A00000023215","condition ok","SIRFER Lab at University of Utah","2018-07-18","ElFtGy1kV49xqNP00HfxQA==","POM","1",400,25,100,"nitrogen",27.31,"microgramsPerLiter","Revesz & Coplen 2012a",,
"6f84eede-9c07-405e-8b01-005d214db72b","D15","REDB","REDB.AOS.S2","2018-05-08","REDB.SS.20180508.POM.1","A00000023215","condition ok","SIRFER Lab at University of Utah","2018-07-18","ElFtGy1kV49xqNP00HfxQA==","POM","1",400,25,100,"d13C",-25.23,"perMill","Revesz & Coplen 2012a",,
"302b8dd9-2862-4cdd-a6f8-c4c1e0ee0b0b","D15","REDB","REDB.AOS.S2","2018-05-15","REDB.SS.20180515.POM.1","A00000023223","condition ok","SIRFER Lab at University of Utah","2018-07-18","ElFtGy1kV49xqNP00HfxQA==","POM","1",400,25,100,"nitrogen",32.49,"microgramsPerLiter","Revesz & Coplen 2012a",,
"32f5df1f-4d16-424b-87ea-9092b8e53f42","D15","REDB","REDB.AOS.S2","2018-05-15","REDB.SS.20180515.POM.1","A00000023223","condition ok","SIRFER Lab at University of Utah","2018-07-18","ElFtGy1kV49xqNP00HfxQA==","POM","1",400,25,100,"d15N",1.94,"perMill","Revesz & Coplen 2012a",,
"b6fdef6d-d0ba-4838-8df1-9f117737544d","D15","REDB","REDB.AOS.S2","2018-05-15","REDB.SS.20180515.POM.1","A00000023223","condition ok","SIRFER Lab at University of Utah","2018-07-18","ElFtGy1kV49xqNP00HfxQA==","POM","1",400,25,100,"carbon",491.87,"microgramsPerLiter","Revesz & Coplen 2012a",,
"502dcd3c-4ccd-47ee-aab4-96b62c2fbb4e","D15","REDB","REDB.AOS.S2","2018-05-15","REDB.SS.20180515.POM.1","A00000023223","condition ok","SIRFER Lab at University of Utah","2018-07-18","ElFtGy1kV49xqNP00HfxQA==","POM","1",400,25,100,"d13C",-25.45,"perMill","Revesz & Coplen 2012a",,
"5676dfe3-4b2a-4c84-ab7c-eae912acb491","D15","REDB","REDB.AOS.S2","2018-05-22","REDB.SS.20180522.POM.1","A00000023208","condition ok","SIRFER Lab at University of Utah","2018-07-18","ElFtGy1kV49xqNP00HfxQA==","POM","1",302,25,100,"d13C",-25.23,"perMill","Revesz & Coplen 2012a",,
"c700c119-4c03-4112-818c-acda9b716597","D15","REDB","REDB.AOS.S2","2018-05-22","REDB.SS.20180522.POM.1","A00000023208","condition ok","SIRFER Lab at University of Utah","2018-07-18","ElFtGy1kV49xqNP00HfxQA==","POM","1",302,25,100,"d15N",2.34,"perMill","Revesz & Coplen 2012a",,
"27730d69-2021-4b45-8262-317b93e7dcbc","D15","REDB","REDB.AOS.S2","2018-05-22","REDB.SS.20180522.POM.1","A00000023208","condition ok","SIRFER Lab at University of Utah","2018-07-18","ElFtGy1kV49xqNP00HfxQA==","POM","1",302,25,100,"nitrogen",33.60,"microgramsPerLiter","Revesz & Coplen 2012a",,
"989b0862-aeb2-4133-9d5e-babc624405e7","D15","REDB","REDB.AOS.S2","2018-05-22","REDB.SS.20180522.POM.1","A00000023208","condition ok","SIRFER Lab at University of Utah","2018-07-18","ElFtGy1kV49xqNP00HfxQA==","POM","1",302,25,100,"carbon",561.24,"microgramsPerLiter","Revesz & Coplen 2012a",,
"19427c28-a6ef-46f0-9e76-f2cd825ad847","D15","REDB","REDB.AOS.S2","2018-05-29","REDB.SS.20180529.POM.1","A00000023225","condition ok","SIRFER Lab at University of Utah","2018-07-18","ElFtGy1kV49xqNP00HfxQA==","POM","1",500,25,100,"d15N",2.11,"perMill","Revesz & Coplen 2012a",,
"ed4dfd3f-45e1-49d3-946b-42c10a4472d5","D15","REDB","REDB.AOS.S2","2018-05-29","REDB.SS.20180529.POM.1","A00000023225","condition ok","SIRFER Lab at University of Utah","2018-07-18","ElFtGy1kV49xqNP00HfxQA==","POM","1",500,25,100,"d13C",-24.62,"perMill","Revesz & Coplen 2012a",,
"d09a8bb8-2798-43b7-ad3b-91494d8dfa25","D15","REDB","REDB.AOS.S2","2018-05-29","REDB.SS.20180529.POM.1","A00000023225","condition ok","SIRFER Lab at University of Utah","2018-07-18","ElFtGy1kV49xqNP00HfxQA==","POM","1",500,25,100,"nitrogen",57.41,"microgramsPerLiter","Revesz & Coplen 2012a",,
"de2ae222-e9a2-44c8-8f02-582ee5e0fd79","D15","REDB","REDB.AOS.S2","2018-05-29","REDB.SS.20180529.POM.1","A00000023225","condition ok","SIRFER Lab at University of Utah","2018-07-18","ElFtGy1kV49xqNP00HfxQA==","POM","1",500,25,100,"carbon",938.21,"microgramsPerLiter","Revesz & Coplen 2012a",,
