uid,domainID,siteID,namedLocation,collectDate,sampleID,sampleCode,sampleCondition,laboratoryName,analysisDate,analyzedBy,sampleType,replicate,sampleVolumeFiltered,filterSize,percentFilterAnalyzed,analyte,analyteConcentration,plantAlgaeLabUnits,method,externalRemarks,externalLabDataQF
"3ab79313-ce91-4dce-a340-dbc8da04cdcd","D07","LECO","LECO.AOS.S2","2018-02-06","LECO.SS.20180206.POM.1",,"condition ok","SIRFER Lab at University of Utah","2018-08-30","ElFtGy1kV49xqNP00HfxQA==","POM","1",1000,25,100,"carbon",192.64,"microgramsPerLiter","Revesz & Coplen 2012a",,
"b6759cb0-aef7-4336-ad3e-5dd3d22dfa90","D07","LECO","LECO.AOS.S2","2018-02-06","LECO.SS.20180206.POM.1",,"condition ok","SIRFER Lab at University of Utah","2018-08-30","ElFtGy1kV49xqNP00HfxQA==","POM","1",1000,25,100,"d15N",-0.89,"perMill","Revesz & Coplen 2012a",,
"b8e3f9bb-c2ff-4083-892c-97230d7eb538","D07","LECO","LECO.AOS.S2","2018-02-06","LECO.SS.20180206.POM.1",,"condition ok","SIRFER Lab at University of Utah","2018-08-30","ElFtGy1kV49xqNP00HfxQA==","POM","1",1000,25,100,"nitrogen",12.06,"microgramsPerLiter","Revesz & Coplen 2012a",,
"33d5f42b-8672-4d0e-bff3-89ad94f62ff2","D07","LECO","LECO.AOS.S2","2018-02-06","LECO.SS.20180206.POM.1",,"condition ok","SIRFER Lab at University of Utah","2018-08-30","ElFtGy1kV49xqNP00HfxQA==","POM","1",1000,25,100,"d13C",-28.02,"perMill","Revesz & Coplen 2012a",,
"ae5507fb-5751-4331-9c2b-bffba3416102","D07","LECO","LECO.AOS.S2","2018-02-27","LECO.SS.20180227.POM.1",,"condition ok","SIRFER Lab at University of Utah","2018-08-30","ElFtGy1kV49xqNP00HfxQA==","POM","1",1000,25,100,"d13C",-28.42,"perMill","Revesz & Coplen 2012a",,
"30ebbca0-ad0f-4970-9436-58e165e640f0","D07","LECO","LECO.AOS.S2","2018-02-27","LECO.SS.20180227.POM.1",,"condition ok","SIRFER Lab at University of Utah","2018-08-30","ElFtGy1kV49xqNP00HfxQA==","POM","1",1000,25,100,"nitrogen",28.77,"microgramsPerLiter","Revesz & Coplen 2012a",,
"d3b6e0d3-9f68-411e-ad68-2ed8283cc6dc","D07","LECO","LECO.AOS.S2","2018-02-27","LECO.SS.20180227.POM.1",,"condition ok","SIRFER Lab at University of Utah","2018-08-30","ElFtGy1kV49xqNP00HfxQA==","POM","1",1000,25,100,"d15N",4.25,"perMill","Revesz & Coplen 2012a",,
"26eb9961-f94b-4fef-bfb9-7dedc04d4dfa","D07","LECO","LECO.AOS.S2","2018-02-27","LECO.SS.20180227.POM.1",,"condition ok","SIRFER Lab at University of Utah","2018-08-30","ElFtGy1kV49xqNP00HfxQA==","POM","1",1000,25,100,"carbon",377.65,"microgramsPerLiter","Revesz & Coplen 2012a",,
