uid,domainID,siteID,namedLocation,collectDate,sampleID,sampleCode,sampleCondition,laboratoryName,analysisDate,analyzedBy,sampleType,replicate,sampleVolumeFiltered,filterSize,percentFilterAnalyzed,analyte,analyteConcentration,plantAlgaeLabUnits,method,externalRemarks,externalLabDataQF
"bd39c48b-bca6-48b3-adba-07d73bd4bb1c","D11","PRIN","PRIN.AOS.S2","2017-04-04","PRIN.SS.20170404.POM.1",,"condition ok","SIRFER Lab at University of Utah","2018-04-20","ElFtGy1kV49xqNP00HfxQA==","POM","1",650,25,100,"carbon",262.28,"microgramsPerLiter","Revesz & Coplen 2012a",,
"dcca9c07-75cc-4703-9251-49c88c3dc272","D11","PRIN","PRIN.AOS.S2","2017-04-04","PRIN.SS.20170404.POM.1",,"condition ok","SIRFER Lab at University of Utah","2018-04-20","ElFtGy1kV49xqNP00HfxQA==","POM","1",650,25,100,"d15N",8.98,"perMill","Revesz & Coplen 2012a",,
"d2503222-8009-4c63-a5f7-15f7d0501f40","D11","PRIN","PRIN.AOS.S2","2017-04-04","PRIN.SS.20170404.POM.1",,"condition ok","SIRFER Lab at University of Utah","2018-04-20","ElFtGy1kV49xqNP00HfxQA==","POM","1",650,25,100,"d13C",-26.23,"perMill","Revesz & Coplen 2012a",,
"ce359ea3-243e-4ca7-ba55-525c46db98ee","D11","PRIN","PRIN.AOS.S2","2017-04-04","PRIN.SS.20170404.POM.1",,"condition ok","SIRFER Lab at University of Utah","2018-04-20","ElFtGy1kV49xqNP00HfxQA==","POM","1",650,25,100,"nitrogen",27.01,"microgramsPerLiter","Revesz & Coplen 2012a",,
"239dfea3-05c8-4d04-bf82-d655293a25b9","D11","PRIN","PRIN.AOS.S2","2017-04-18","PRIN.SS.20170418.POM.1",,"condition ok","SIRFER Lab at University of Utah","2018-04-20","ElFtGy1kV49xqNP00HfxQA==","POM","1",65,25,100,"d15N",3.42,"perMill","Revesz & Coplen 2012a",,
"ab83a5a0-ff59-4a37-bbef-485f09289e08","D11","PRIN","PRIN.AOS.S2","2017-04-18","PRIN.SS.20170418.POM.1",,"condition ok","SIRFER Lab at University of Utah","2018-04-20","ElFtGy1kV49xqNP00HfxQA==","POM","1",65,25,100,"d13C",-23.28,"perMill","Revesz & Coplen 2012a",,
"47d995d1-9f3b-4cbb-8e1b-61c63b9acc83","D11","PRIN","PRIN.AOS.S2","2017-04-18","PRIN.SS.20170418.POM.1",,"condition ok","SIRFER Lab at University of Utah","2018-04-20","ElFtGy1kV49xqNP00HfxQA==","POM","1",65,25,100,"carbon",2145.46,"microgramsPerLiter","Revesz & Coplen 2012a",,
"58ff1bd4-f512-4e1b-944a-af879ae58e7b","D11","PRIN","PRIN.AOS.S2","2017-04-18","PRIN.SS.20170418.POM.1",,"condition ok","SIRFER Lab at University of Utah","2018-04-20","ElFtGy1kV49xqNP00HfxQA==","POM","1",65,25,100,"nitrogen",229.07,"microgramsPerLiter","Revesz & Coplen 2012a",,
"a0065cdb-c1fd-48bd-b61a-6e0aec3cdf6c","D11","PRIN","PRIN.AOS.S2","2017-04-24","PRIN.SS.20170424.POM.1",,"condition ok","SIRFER Lab at University of Utah","2018-04-20","ElFtGy1kV49xqNP00HfxQA==","POM","1",550,25,100,"d13C",-27.13,"perMill","Revesz & Coplen 2012a",,
"054cbb07-f010-46e4-9b14-8c1d6b267e3a","D11","PRIN","PRIN.AOS.S2","2017-04-24","PRIN.SS.20170424.POM.1",,"condition ok","SIRFER Lab at University of Utah","2018-04-20","ElFtGy1kV49xqNP00HfxQA==","POM","1",550,25,100,"nitrogen",18.93,"microgramsPerLiter","Revesz & Coplen 2012a",,
"f86e5580-b3ef-4fc0-94bf-94a52c110109","D11","PRIN","PRIN.AOS.S2","2017-04-24","PRIN.SS.20170424.POM.1",,"condition ok","SIRFER Lab at University of Utah","2018-04-20","ElFtGy1kV49xqNP00HfxQA==","POM","1",550,25,100,"carbon",182.96,"microgramsPerLiter","Revesz & Coplen 2012a",,
"524dee87-a11a-4bd9-bdf9-deb7500f8466","D11","PRIN","PRIN.AOS.S2","2017-04-24","PRIN.SS.20170424.POM.1",,"condition ok","SIRFER Lab at University of Utah","2018-04-20","ElFtGy1kV49xqNP00HfxQA==","POM","1",550,25,100,"d15N",11.89,"perMill","Revesz & Coplen 2012a",,
"bfd6de3e-a9fe-4cb9-b5ac-c2d3f70ab0a9","D11","PRIN","PRIN.AOS.S2","2017-04-25","PRIN.SS.20170425.POM.1",,"condition ok","SIRFER Lab at University of Utah","2018-04-20","ElFtGy1kV49xqNP00HfxQA==","POM","1",700,25,100,"nitrogen",17.06,"microgramsPerLiter","Revesz & Coplen 2012a",,
"4de3f5c1-36ca-4707-b550-3c1cc726b720","D11","PRIN","PRIN.AOS.S2","2017-04-25","PRIN.SS.20170425.POM.1",,"condition ok","SIRFER Lab at University of Utah","2018-04-20","ElFtGy1kV49xqNP00HfxQA==","POM","1",700,25,100,"d13C",-27.75,"perMill","Revesz & Coplen 2012a",,
"e3ade631-b6f9-474b-890a-a104d9eba4dc","D11","PRIN","PRIN.AOS.S2","2017-04-25","PRIN.SS.20170425.POM.1",,"condition ok","SIRFER Lab at University of Utah","2018-04-20","ElFtGy1kV49xqNP00HfxQA==","POM","1",700,25,100,"d15N",7.44,"perMill","Revesz & Coplen 2012a",,
"6edb47a9-cb0d-475e-bf4a-152b36473b1c","D11","PRIN","PRIN.AOS.S2","2017-04-25","PRIN.SS.20170425.POM.1",,"condition ok","SIRFER Lab at University of Utah","2018-04-20","ElFtGy1kV49xqNP00HfxQA==","POM","1",700,25,100,"carbon",162.41,"microgramsPerLiter","Revesz & Coplen 2012a",,
"0f0a9d40-2f44-4ca1-8717-54824780f8e6","D11","PRIN","PRIN.AOS.S2","2017-04-26","PRIN.SS.20170426.POM.1",,"condition ok","SIRFER Lab at University of Utah","2018-04-20","ElFtGy1kV49xqNP00HfxQA==","POM","1",850,25,100,"d13C",-27.85,"perMill","Revesz & Coplen 2012a",,
"75189467-ed8f-408f-8663-e188f717d43a","D11","PRIN","PRIN.AOS.S2","2017-04-26","PRIN.SS.20170426.POM.1",,"condition ok","SIRFER Lab at University of Utah","2018-04-20","ElFtGy1kV49xqNP00HfxQA==","POM","1",850,25,100,"nitrogen",12.41,"microgramsPerLiter","Revesz & Coplen 2012a",,
"26bdaadd-2a64-4434-b504-bb3897aac703","D11","PRIN","PRIN.AOS.S2","2017-04-26","PRIN.SS.20170426.POM.1",,"condition ok","SIRFER Lab at University of Utah","2018-04-20","ElFtGy1kV49xqNP00HfxQA==","POM","1",850,25,100,"carbon",125.15,"microgramsPerLiter","Revesz & Coplen 2012a",,
"4091f318-c03b-475b-bf26-50deab9347b2","D11","PRIN","PRIN.AOS.S2","2017-04-26","PRIN.SS.20170426.POM.1",,"condition ok","SIRFER Lab at University of Utah","2018-04-20","ElFtGy1kV49xqNP00HfxQA==","POM","1",850,25,100,"d15N",5.30,"perMill","Revesz & Coplen 2012a",,
"900e4de4-8bc7-4e03-9e1f-32c63b11602e","D11","PRIN","PRIN.AOS.S2","2017-04-27","PRIN.SS.20170427.POM.1",,"condition ok","SIRFER Lab at University of Utah","2018-04-20","ElFtGy1kV49xqNP00HfxQA==","POM","1",750,25,100,"d15N",2.51,"perMill","Revesz & Coplen 2012a",,
"c532994e-7188-4372-86e0-aed8ed19191c","D11","PRIN","PRIN.AOS.S2","2017-04-27","PRIN.SS.20170427.POM.1",,"condition ok","SIRFER Lab at University of Utah","2018-04-20","ElFtGy1kV49xqNP00HfxQA==","POM","1",750,25,100,"nitrogen",13.12,"microgramsPerLiter","Revesz & Coplen 2012a",,
"2ae58eff-3501-4b56-afbf-cead0155feda","D11","PRIN","PRIN.AOS.S2","2017-04-27","PRIN.SS.20170427.POM.1",,"condition ok","SIRFER Lab at University of Utah","2018-04-20","ElFtGy1kV49xqNP00HfxQA==","POM","1",750,25,100,"d13C",-28.72,"perMill","Revesz & Coplen 2012a",,
"db84f059-9e7c-40da-a31f-12ed97a5a87c","D11","PRIN","PRIN.AOS.S2","2017-04-27","PRIN.SS.20170427.POM.1",,"condition ok","SIRFER Lab at University of Utah","2018-04-20","ElFtGy1kV49xqNP00HfxQA==","POM","1",750,25,100,"carbon",134.45,"microgramsPerLiter","Revesz & Coplen 2012a",,
