uid,domainID,siteID,namedLocation,decimalLatitude,decimalLongitude,coordinateUncertainty,additionalCoordUncertainty,elevation,elevationUncertainty,geodeticDatum,altLocation,altLatitude,altLongitude,altCoordinateUncertainty,altGeodeticDatum,collectDate,aquaticSiteType,samplingImpractical,parentSampleID,parentSampleCode,eventID,samplerType,dissolvedOxygen,dissolvedOxygenSaturation,specificConductance,waterTemp,asiSamplingProtocolVersion,lowerSegmentDepth,upperSegmentDepth,maxDepth,lakeSampleDepth1,lakeSampleDepth2,aCollectedBy,bCollectedBy,remarks,fieldDataQF
"6f6500ef-fed0-468e-ba68-9334c5cb29bd","D11","PRIN","PRIN.AOS.S2",33.378430,-97.781508,0.1,,251.1,0.1,"WGS84",,,,,,"2017-04-04T09:40Z","stream",,"PRIN.SS.20170404",,"PRIN.20170404",,7.55,79.00,844.00,15.80,"NEON.DOC.001886vE",,,,,,"ghenson@battelleecology.org","cburton@battelleecology.org",,
"d86d15c8-ad0c-440b-8d8d-5459fb0a0930","D11","PRIN","PRIN.AOS.S2",33.378430,-97.781508,0.1,,251.1,0.1,"WGS84",,,,,,"2017-04-18T10:40Z","stream",,"PRIN.SS.20170418",,"PRIN.20170418",,8.30,88.90,344.30,17.50,"NEON.DOC.001886vE",,,,,,"cburton@battelleecology.org","jbagley@field-ops.org",,
"a137f860-a0ea-4da0-aeff-42723d47cd3e","D11","PRIN","PRIN.AOS.S2",33.378430,-97.781508,0.1,,251.1,0.1,"WGS84",,,,,,"2017-04-24T10:35Z","stream",,"PRIN.SS.20170424",,"PRIN.20170424",,8.69,89.90,879.00,15.20,"NEON.DOC.001886vE",,,,,,"ghenson@battelleecology.org","Lhostert@Battelleecology.org",,
"3f01162b-9c9c-47d2-92ef-fc60818af272","D11","PRIN","PRIN.AOS.S2",33.378430,-97.781508,0.1,10.0,251.1,0.1,"WGS84",,,,,,"2017-04-25T17:38Z","stream",,"PRIN.SS.20170425",,"PRIN.20170425","Grab",10.52,121.70,905.00,20.20,"NEON.DOC.001886vE",,,,,,"ghenson@battelleecology.org","Lhostert@Battelleecology.org",,
"3d74327e-1559-47cb-a4cb-61af18c00ab1","D11","PRIN","PRIN.AOS.S2",33.378430,-97.781508,0.1,10.0,251.1,0.1,"WGS84",,,,,,"2017-04-26T17:13Z","stream",,"PRIN.SS.20170426",,"PRIN.20170426","Grab",7.66,84.50,920.00,17.90,"NEON.DOC.001886vE",,,,,,"Lhostert@Battelleecology.org","ghenson@battelleecology.org",,
"7d52bc83-efc4-4b49-866d-323cd21a7867","D11","PRIN","PRIN.AOS.S2",33.378430,-97.781508,0.1,10.0,251.1,0.1,"WGS84",,,,,,"2017-04-27T15:34Z","stream",,"PRIN.SS.20170427",,"PRIN.20170427","Grab",9.87,100.00,921.00,14.70,"NEON.DOC.001886vE",,,,,,"Lhostert@Battelleecology.org","ghenson@battelleecology.org",,
