uid,domainID,siteID,namedLocation,collectDate,parentSampleID,parentSampleCode,isotopeH2OSampleCond,isotopeH2OSampleID,isotopeH2OSampleCode,isotopePOMRep2SampleCond,isotopePOMRep2SampleID,isotopePOMRep2SampleCode,isotopePOMSampleCond,isotopePOMSampleID,isotopePOMSampleCode,processedDateFilters,processedDateH2OIsotopes,sampleVolumeFilteredPOMRep1,sampleVolumeFilteredPOMRep2,fieldDataQF
"eadaa050-8adb-4e74-b618-935de6890944","D11","PRIN","PRIN.AOS.S2","2017-04-04T09:40Z","PRIN.SS.20170404",,"Sample condition ok","PRIN.SS.20170404.H2O.1",,"Sample condition ok","PRIN.SS.20170404.POM.2",,"Sample condition ok","PRIN.SS.20170404.POM.1",,"2017-04-04T13:05Z","2017-04-04T10:32Z",650,650,
"1a98a3fe-efc7-4776-8d08-e5df32895a8f","D11","PRIN","PRIN.AOS.S2","2017-04-18T10:40Z","PRIN.SS.20170418",,"Sample condition ok","PRIN.SS.20170418.H2O.1",,"Sample condition ok","PRIN.SS.20170418.POM.2",,"Sample condition ok","PRIN.SS.20170418.POM.1",,"2017-04-18T11:39Z","2017-04-18T11:04Z",65,65,
"57ca1018-cbc0-4b19-ae05-1e4c46645c2e","D11","PRIN","PRIN.AOS.S2","2017-04-24T10:35Z","PRIN.SS.20170424",,"Sample condition ok","PRIN.SS.20170424.H2O.1",,"Sample condition ok","PRIN.SS.20170424.POM.2",,"Sample condition ok","PRIN.SS.20170424.POM.1",,"2017-04-24T13:15Z","2017-04-24T10:45Z",550,550,
"0e4b4432-93a6-4612-abeb-9d84d56073eb","D11","PRIN","PRIN.AOS.S2","2017-04-25T17:38Z","PRIN.SS.20170425",,"Sample condition ok","PRIN.SS.20170425.H2O.1",,"Sample condition ok","PRIN.SS.20170425.POM.2",,"Sample condition ok","PRIN.SS.20170425.POM.1",,"2017-04-25T20:30Z","2017-04-25T17:52Z",700,700,
"86b8b7e4-bfc8-443f-893a-f3141cd64ae9","D11","PRIN","PRIN.AOS.S2","2017-04-26T17:13Z","PRIN.SS.20170426",,"Sample condition ok","PRIN.SS.20170426.H2O.1",,"Sample condition ok","PRIN.SS.20170426.POM.2",,"Sample condition ok","PRIN.SS.20170426.POM.1",,"2017-04-26T20:15Z","2017-04-26T17:17Z",850,850,
"b8862f15-69a4-408d-b847-9362081eaaa8","D11","PRIN","PRIN.AOS.S2","2017-04-27T15:34Z","PRIN.SS.20170427",,"Sample condition ok","PRIN.SS.20170427.H2O.1",,"Sample condition ok","PRIN.SS.20170427.POM.2",,"Sample condition ok","PRIN.SS.20170427.POM.1",,"2017-04-27T17:50Z","2017-04-27T15:39Z",750,750,
