uid,domainID,siteID,namedLocation,collectDate,sampleID,sampleCode,sampleCondition,laboratoryName,analysisDate,analyzedBy,sampleType,replicate,sampleVolumeFiltered,filterSize,percentFilterAnalyzed,analyte,analyteConcentration,plantAlgaeLabUnits,method,externalRemarks,externalLabDataQF
"7e06d07d-476a-4443-a76a-4c427a61a97b","D11","BLUE","BLUE.AOS.S2","2018-12-11","BLUE.SS.20181211.POM.1","A00000052741","condition ok","SIRFER Lab at University of Utah","2019-04-23","ElFtGy1kV49xqNP00HfxQA==","POM","1",500,25,100,"d13C",-30.82,"perMill","Revesz & Coplen 2012a",,
"1569c152-af33-4058-9cec-bb8cd6f2bc9f","D11","BLUE","BLUE.AOS.S2","2018-12-11","BLUE.SS.20181211.POM.1","A00000052741","condition ok","SIRFER Lab at University of Utah","2019-04-23","ElFtGy1kV49xqNP00HfxQA==","POM","1",500,25,100,"d15N",-0.37,"perMill","Revesz & Coplen 2012a",,
"3dcb51d9-8c31-4b73-ba01-e8ba714010cf","D11","BLUE","BLUE.AOS.S2","2018-12-11","BLUE.SS.20181211.POM.1","A00000052741","condition ok","SIRFER Lab at University of Utah","2019-04-23","ElFtGy1kV49xqNP00HfxQA==","POM","1",500,25,100,"nitrogen",34.16,"microgramsPerLiter","Revesz & Coplen 2012a",,
"8e9f6d83-15b0-4833-9bc4-3b1ee405b67e","D11","BLUE","BLUE.AOS.S2","2018-12-11","BLUE.SS.20181211.POM.1","A00000052741","condition ok","SIRFER Lab at University of Utah","2019-04-23","ElFtGy1kV49xqNP00HfxQA==","POM","1",500,25,100,"carbon",245.47,"microgramsPerLiter","Revesz & Coplen 2012a",,
"62f0bfa4-5b8b-46d5-b780-c3b8aa721f11","D11","BLUE","BLUE.AOS.S2","2018-12-13","BLUE.SS.20181213.POM.1","A00000052746","condition ok","SIRFER Lab at University of Utah","2019-04-23","ElFtGy1kV49xqNP00HfxQA==","POM","1",500,25,100,"d13C",-31.77,"perMill","Revesz & Coplen 2012a",,
"ca808075-3dac-453f-8995-a5caa400f67e","D11","BLUE","BLUE.AOS.S2","2018-12-13","BLUE.SS.20181213.POM.1","A00000052746","condition ok","SIRFER Lab at University of Utah","2019-04-23","ElFtGy1kV49xqNP00HfxQA==","POM","1",500,25,100,"nitrogen",48.22,"microgramsPerLiter","Revesz & Coplen 2012a",,
"cad37273-eee3-44a5-8c39-8dcf0e4707b1","D11","BLUE","BLUE.AOS.S2","2018-12-13","BLUE.SS.20181213.POM.1","A00000052746","condition ok","SIRFER Lab at University of Utah","2019-04-23","ElFtGy1kV49xqNP00HfxQA==","POM","1",500,25,100,"d15N",5.76,"perMill","Revesz & Coplen 2012a",,
"2f305d6d-c144-43a2-af4e-158ab75a5a25","D11","BLUE","BLUE.AOS.S2","2018-12-13","BLUE.SS.20181213.POM.1","A00000052746","condition ok","SIRFER Lab at University of Utah","2019-04-23","ElFtGy1kV49xqNP00HfxQA==","POM","1",500,25,100,"carbon",323.72,"microgramsPerLiter","Revesz & Coplen 2012a",,
