uid,domainID,siteID,namedLocation,collectDate,sampleID,sampleCode,sampleCondition,laboratoryName,analysisDate,analyzedBy,sampleType,replicate,sampleVolumeFiltered,filterSize,percentFilterAnalyzed,analyte,analyteConcentration,plantAlgaeLabUnits,method,externalRemarks,externalLabDataQF
"711a03fc-da38-4c85-9025-25cd3cfd3ff5","D02","POSE","POSE.AOS.S2","2017-04-18","POSE.SS.20170418.POM.1",,"condition ok","SIRFER Lab at University of Utah","2018-03-08","ElFtGy1kV49xqNP00HfxQA==","POM","1",200,25,100,"carbon",1502.00,"microgramsPerLiter","Revesz & Coplen 2012a",,
"b350f1be-10c8-47f7-aae5-c9c8252388fd","D02","POSE","POSE.AOS.S2","2017-04-18","POSE.SS.20170418.POM.1",,"condition ok","SIRFER Lab at University of Utah","2018-03-08","ElFtGy1kV49xqNP00HfxQA==","POM","1",200,25,100,"d15N",4.40,"perMill","Revesz & Coplen 2012a",,
"7ffad543-519a-4b49-9e48-d721d28dbd25","D02","POSE","POSE.AOS.S2","2017-04-18","POSE.SS.20170418.POM.1",,"condition ok","SIRFER Lab at University of Utah","2018-03-08","ElFtGy1kV49xqNP00HfxQA==","POM","1",200,25,100,"nitrogen",115.70,"microgramsPerLiter","Revesz & Coplen 2012a",,
"a23fe5ce-fb76-49bb-bfc4-576b91eb4dbe","D02","POSE","POSE.AOS.S2","2017-04-18","POSE.SS.20170418.POM.1",,"condition ok","SIRFER Lab at University of Utah","2018-03-08","ElFtGy1kV49xqNP00HfxQA==","POM","1",200,25,100,"d13C",-28.21,"perMill","Revesz & Coplen 2012a",,
"640b6692-d401-4e3e-a053-6ccdc26a8ec5","D02","POSE","POSE.AOS.S2","2017-04-25","POSE.SS.20170425.POM.1",,"condition ok","SIRFER Lab at University of Utah","2018-03-09","ElFtGy1kV49xqNP00HfxQA==","POM","1",100,25,100,"nitrogen",347.64,"microgramsPerLiter","Revesz & Coplen 2012a",,
"cf11f8f5-33d1-4203-b820-90a028d8970f","D02","POSE","POSE.AOS.S2","2017-04-25","POSE.SS.20170425.POM.1",,"condition ok","SIRFER Lab at University of Utah","2018-03-09","ElFtGy1kV49xqNP00HfxQA==","POM","1",100,25,100,"carbon",4704.29,"microgramsPerLiter","Revesz & Coplen 2012a",,
"78f4da07-723e-4a9d-a918-fa729b81878f","D02","POSE","POSE.AOS.S2","2017-04-25","POSE.SS.20170425.POM.1",,"condition ok","SIRFER Lab at University of Utah","2018-03-09","ElFtGy1kV49xqNP00HfxQA==","POM","1",100,25,100,"d13C",-28.11,"perMill","Revesz & Coplen 2012a",,
"03ada2d2-dbaa-4233-bbdd-9f4d54894dc1","D02","POSE","POSE.AOS.S2","2017-04-25","POSE.SS.20170425.POM.1",,"condition ok","SIRFER Lab at University of Utah","2018-03-09","ElFtGy1kV49xqNP00HfxQA==","POM","1",100,25,100,"d15N",4.63,"perMill","Revesz & Coplen 2012a",,
