uid,domainID,siteID,namedLocation,collectDate,sampleID,sampleCode,sampleCondition,laboratoryName,analysisDate,analyzedBy,sampleType,replicate,sampleVolumeFiltered,filterSize,percentFilterAnalyzed,analyte,analyteConcentration,plantAlgaeLabUnits,method,externalRemarks,externalLabDataQF
"478a68dd-377c-4aaf-8548-e37db822d224","D05","CRAM","CRAM.AOS.outlet","2017-07-11","CRAM.OT.20170711.POM.1",,"condition ok","SIRFER Lab at University of Utah","2018-03-28","ElFtGy1kV49xqNP00HfxQA==","POM","1",300,25,100,"nitrogen",57.09,"microgramsPerLiter","Revesz & Coplen 2012a",,
"c28fff3b-0ae5-420c-ba9e-1e29648dcb14","D05","CRAM","CRAM.AOS.outlet","2017-07-11","CRAM.OT.20170711.POM.1",,"condition ok","SIRFER Lab at University of Utah","2018-03-28","ElFtGy1kV49xqNP00HfxQA==","POM","1",300,25,100,"d15N",7.07,"perMill","Revesz & Coplen 2012a",,
"9b016013-8151-43e0-a6d6-e504605bea8d","D05","CRAM","CRAM.AOS.outlet","2017-07-11","CRAM.OT.20170711.POM.1",,"condition ok","SIRFER Lab at University of Utah","2018-03-28","ElFtGy1kV49xqNP00HfxQA==","POM","1",300,25,100,"d13C",-30.33,"perMill","Revesz & Coplen 2012a",,
"9563f86d-6869-41d7-ab8f-88857bf7ea71","D05","CRAM","CRAM.AOS.outlet","2017-07-11","CRAM.OT.20170711.POM.1",,"condition ok","SIRFER Lab at University of Utah","2018-03-28","ElFtGy1kV49xqNP00HfxQA==","POM","1",300,25,100,"carbon",494.42,"microgramsPerLiter","Revesz & Coplen 2012a",,
"0e6ee2ca-7c9a-42d4-9eb5-c68fcb2f89dd","D05","CRAM","CRAM.AOS.inlet","2017-07-11","CRAM.IN.20170711.POM.1",,"condition ok","SIRFER Lab at University of Utah","2018-03-27","ElFtGy1kV49xqNP00HfxQA==","POM","1",250,25,100,"nitrogen",108.87,"microgramsPerLiter","Revesz & Coplen 2012a",,
"f42a808a-12c3-45e2-9941-e6b231b05ab2","D05","CRAM","CRAM.AOS.inlet","2017-07-11","CRAM.IN.20170711.POM.1",,"condition ok","SIRFER Lab at University of Utah","2018-03-27","ElFtGy1kV49xqNP00HfxQA==","POM","1",250,25,100,"d13C",-28.49,"perMill","Revesz & Coplen 2012a",,
"a1a3180e-d73c-48df-b5e2-6ab7c807b234","D05","CRAM","CRAM.AOS.inlet","2017-07-11","CRAM.IN.20170711.POM.1",,"condition ok","SIRFER Lab at University of Utah","2018-03-27","ElFtGy1kV49xqNP00HfxQA==","POM","1",250,25,100,"d15N",8.14,"perMill","Revesz & Coplen 2012a",,
"2b224b18-f11f-46a7-8831-665714c3a7af","D05","CRAM","CRAM.AOS.inlet","2017-07-11","CRAM.IN.20170711.POM.1",,"condition ok","SIRFER Lab at University of Utah","2018-03-27","ElFtGy1kV49xqNP00HfxQA==","POM","1",250,25,100,"carbon",980.34,"microgramsPerLiter","Revesz & Coplen 2012a",,
"0d993fbe-9a5b-44c4-8083-ceec593dcb30","D05","CRAM","CRAM.AOS.buoy.c1","2017-07-11","CRAM.C1.20170711.POM.1",,"condition ok","SIRFER Lab at University of Utah","2018-03-27","ElFtGy1kV49xqNP00HfxQA==","POM","1",250,25,100,"carbon",908.04,"microgramsPerLiter","Revesz & Coplen 2012a",,
"24058056-d33e-4f4a-a4b2-7d644cdaa144","D05","CRAM","CRAM.AOS.buoy.c1","2017-07-11","CRAM.C1.20170711.POM.1",,"condition ok","SIRFER Lab at University of Utah","2018-03-27","ElFtGy1kV49xqNP00HfxQA==","POM","1",250,25,100,"d13C",-31.22,"perMill","Revesz & Coplen 2012a",,
"2bc72475-bb55-4a23-8cb7-7da374fbe846","D05","CRAM","CRAM.AOS.buoy.c1","2017-07-11","CRAM.C1.20170711.POM.1",,"condition ok","SIRFER Lab at University of Utah","2018-03-27","ElFtGy1kV49xqNP00HfxQA==","POM","1",250,25,100,"d15N",2.92,"perMill","Revesz & Coplen 2012a",,
"90890b42-55bc-4403-8770-cf401d56625e","D05","CRAM","CRAM.AOS.buoy.c1","2017-07-11","CRAM.C1.20170711.POM.1",,"condition ok","SIRFER Lab at University of Utah","2018-03-27","ElFtGy1kV49xqNP00HfxQA==","POM","1",250,25,100,"nitrogen",109.97,"microgramsPerLiter","Revesz & Coplen 2012a",,
"82f11292-b672-4139-a1ff-41a9e614d8dc","D05","CRAM","CRAM.AOS.buoy.c2","2017-07-11","CRAM.C2.20170711.POM.1",,"condition ok","SIRFER Lab at University of Utah","2018-03-27","ElFtGy1kV49xqNP00HfxQA==","POM","1",200,25,100,"d13C",-29.99,"perMill","Revesz & Coplen 2012a",,
"8305be96-f991-4f09-90e9-9ff9e4887035","D05","CRAM","CRAM.AOS.buoy.c2","2017-07-11","CRAM.C2.20170711.POM.1",,"condition ok","SIRFER Lab at University of Utah","2018-03-27","ElFtGy1kV49xqNP00HfxQA==","POM","1",200,25,100,"carbon",1105.13,"microgramsPerLiter","Revesz & Coplen 2012a",,
"c33ca8f8-db4e-4985-8081-f19ed34cb819","D05","CRAM","CRAM.AOS.buoy.c2","2017-07-11","CRAM.C2.20170711.POM.1",,"condition ok","SIRFER Lab at University of Utah","2018-03-27","ElFtGy1kV49xqNP00HfxQA==","POM","1",200,25,100,"d15N",4.31,"perMill","Revesz & Coplen 2012a",,
"2b5e3a51-83fe-488d-831f-839fbb314642","D05","CRAM","CRAM.AOS.buoy.c2","2017-07-11","CRAM.C2.20170711.POM.1",,"condition ok","SIRFER Lab at University of Utah","2018-03-27","ElFtGy1kV49xqNP00HfxQA==","POM","1",200,25,100,"nitrogen",111.72,"microgramsPerLiter","Revesz & Coplen 2012a",,
