uid,domainID,siteID,namedLocation,collectDate,parentSampleID,parentSampleCode,isotopeH2OSampleCond,isotopeH2OSampleID,isotopeH2OSampleCode,isotopePOMRep2SampleCond,isotopePOMRep2SampleID,isotopePOMRep2SampleCode,isotopePOMSampleCond,isotopePOMSampleID,isotopePOMSampleCode,processedDateFilters,processedDateH2OIsotopes,sampleVolumeFilteredPOMRep1,sampleVolumeFilteredPOMRep2,fieldDataQF
"653e26de-8ac6-4b3b-9596-8dbab30dd7f6","D05","CRAM","CRAM.AOS.outlet","2017-07-11T14:41Z","CRAM.OT.20170711",,"Sample condition ok","CRAM.OT.20170711.H2O.1",,"Sample condition ok",,,"Sample condition ok","CRAM.OT.20170711.POM.1",,"2017-07-11T19:39Z","2017-07-11T21:30Z",300,,
"46d26864-277f-4258-a994-9dee27162e3b","D05","CRAM","CRAM.AOS.inlet","2017-07-11T15:11Z","CRAM.IN.20170711",,"Sample condition ok","CRAM.IN.20170711.H2O.1",,"Sample condition ok",,,"Sample condition ok","CRAM.IN.20170711.POM.1",,"2017-07-11T20:46Z","2017-07-11T21:33Z",250,,
"aabb729f-17c5-4322-a83e-9f7cdfe00ce8","D05","CRAM","CRAM.AOS.buoy.c1","2017-07-11T16:22Z","CRAM.C1.20170711",,"Sample condition ok","CRAM.C1.20170711.H2O.1",,"Sample condition ok",,,"Sample condition ok","CRAM.C1.20170711.POM.1",,"2017-07-11T20:49Z","2017-07-11T21:36Z",250,,
"ecfbd5b1-d813-4803-9325-566caf6d4891","D05","CRAM","CRAM.AOS.buoy.c2","2017-07-11T16:23Z","CRAM.C2.20170711",,"Sample condition ok","CRAM.C2.20170711.H2O.1",,"Sample condition ok",,,"Sample condition ok","CRAM.C2.20170711.POM.1",,"2017-07-11T21:35Z","2017-07-11T21:39Z",200,,
