uid,domainID,siteID,namedLocation,decimalLatitude,decimalLongitude,coordinateUncertainty,additionalCoordUncertainty,elevation,elevationUncertainty,geodeticDatum,altLocation,altLatitude,altLongitude,altCoordinateUncertainty,altGeodeticDatum,collectDate,aquaticSiteType,samplingImpractical,parentSampleID,parentSampleCode,eventID,samplerType,dissolvedOxygen,dissolvedOxygenSaturation,specificConductance,waterTemp,asiSamplingProtocolVersion,lowerSegmentDepth,upperSegmentDepth,maxDepth,lakeSampleDepth1,lakeSampleDepth2,aCollectedBy,bCollectedBy,remarks,fieldDataQF
"b2a626cd-19e1-4971-88b2-fefbe0b2217c","D05","CRAM","CRAM.AOS.outlet",46.211998,-89.474475,0.1,10.0,511.8,0.1,"WGS84",,,,,,"2017-07-11T14:41Z","lake",,"CRAM.OT.20170711",,"CRAM.20170711","Kemmerer",9.94,105.40,14.10,23.70,"NEON.DOC.001886vE",,,2.3,0.5,,"jhudson@neoninc.org","hbeeler@battelleecology.org",,
"dc5516e4-4dc2-4d7a-9370-a5ece926ee82","D05","CRAM","CRAM.AOS.inlet",46.207952,-89.476174,0.1,10.0,511.7,0.1,"WGS84",,,,,,"2017-07-11T15:11Z","lake",,"CRAM.IN.20170711",,"CRAM.20170711",,9.01,107.90,13.60,24.10,"NEON.DOC.001886vE",,,1.4,0.5,,"hbeeler@battelleecology.org","jhudson@neoninc.org",,
"a9ef4f8c-3b65-4be9-9005-6702c09b3f4f","D05","CRAM","CRAM.AOS.buoy.c1",46.210592,-89.476861,10.0,10.0,509.0,10.0,"WGS84",,,,,,"2017-07-11T16:22Z","lake",,"CRAM.C1.20170711",,"CRAM.20170711","Kemmerer",8.84,104.10,13.90,23.70,"NEON.DOC.001886vE",2.0,0.0,15.6,0.5,,"jhudson@neoninc.org","hbeeler@battelleecology.org",,
"11c9f8e7-8c70-4b8e-9b52-9358fa229bc3","D05","CRAM","CRAM.AOS.buoy.c2",46.210592,-89.476861,10.0,10.0,509.0,10.0,"WGS84",,,,,,"2017-07-11T16:23Z","lake",,"CRAM.C2.20170711",,"CRAM.20170711","Kemmerer",0.92,7.30,18.20,5.50,"NEON.DOC.001886vE",15.6,6.5,15.6,8.8,13.3,"jhudson@neoninc.org","hbeeler@battelleecology.org",,
