uid,domainID,siteID,namedLocation,collectDate,sampleID,sampleCode,sampleCondition,laboratoryName,analysisDate,analyzedBy,sampleType,replicate,sampleVolumeFiltered,filterSize,percentFilterAnalyzed,analyte,analyteConcentration,plantAlgaeLabUnits,method,externalRemarks,externalLabDataQF
"8ea8fdd7-fc30-4b00-8221-619010437a46","D09","PRPO","PRPO.AOS.inlet","2016-11-15","PRPO.IN.20161115.POM.2",,"other","Academy of Natural Sciences of Drexel University","2017-06-01","OKgcKejxXbI=","13C15N","2",,,100,"d13C",-28.82,"perMill",,"filter folded poorly, sample loss",
"dc1aa6c5-4855-4751-959c-0b7381f99f36","D09","PRPO","PRPO.AOS.inlet","2016-11-15","PRPO.IN.20161115.POM.1",,"other","Academy of Natural Sciences of Drexel University","2017-04-12","OKgcKejxXbI=","13C15N","1",,,100,"d15N",5.22,"perMill",,"filter folded poorly, sample loss",
"237f93ff-c18a-4a0a-a366-6c0fce456964","D09","PRPO","PRPO.AOS.inlet","2016-11-15","PRPO.IN.20161115.POM.2",,"other","Academy of Natural Sciences of Drexel University","2017-06-01","OKgcKejxXbI=","13C15N","2",,,100,"d15N",3.90,"perMill",,"filter folded poorly, sample loss",
"336834cf-db04-4587-b864-028fa1b1c211","D09","PRPO","PRPO.AOS.inlet","2016-11-15","PRPO.IN.20161115.POM.1",,"other","Academy of Natural Sciences of Drexel University","2017-04-12","OKgcKejxXbI=","13C15N","1",,,100,"d13C",-27.89,"perMill",,"filter folded poorly, sample loss",
"2fdd2789-f1da-43d5-9e16-746507e9f798","D09","PRPO","PRPO.AOS.buoy.c0","2016-11-15","PRPO.C0.20161115.POM.2",,"other","Academy of Natural Sciences of Drexel University","2017-06-01","OKgcKejxXbI=","13C15N","2",,,100,"d13C",-28.62,"perMill",,"filter folded poorly, sample loss",
"6368c027-99db-4aca-b364-db8e68949ff4","D09","PRPO","PRPO.AOS.buoy.c0","2016-11-15","PRPO.C0.20161115.POM.1",,"other","Academy of Natural Sciences of Drexel University","2017-04-12","OKgcKejxXbI=","13C15N","1",,,100,"d13C",-28.22,"perMill",,"filter folded poorly, sample loss",
"ea937d9c-f5c3-406d-81e3-f8b057ae6515","D09","PRPO","PRPO.AOS.buoy.c0","2016-11-15","PRPO.C0.20161115.POM.2",,"other","Academy of Natural Sciences of Drexel University","2017-06-01","OKgcKejxXbI=","13C15N","2",,,100,"d15N",2.64,"perMill",,"filter folded poorly, sample loss",
"ddd3be11-9b48-48bd-b933-c5d03ecfa8df","D09","PRPO","PRPO.AOS.buoy.c0","2016-11-15","PRPO.C0.20161115.POM.1",,"other","Academy of Natural Sciences of Drexel University","2017-04-12","OKgcKejxXbI=","13C15N","1",,,100,"d15N",5.11,"perMill",,"filter folded poorly, sample loss",
"90e41263-9778-4761-8a63-66f9e2f78b28","D09","PRPO","PRPO.AOS.outlet","2016-11-15","PRPO.OT.20161115.POM.2",,"other","Academy of Natural Sciences of Drexel University","2017-06-01","OKgcKejxXbI=","13C15N","2",,,100,"d15N",3.48,"perMill",,"filter folded poorly, sample loss",
"e90d6e53-09a7-4d9a-9a4e-6125cc958b77","D09","PRPO","PRPO.AOS.outlet","2016-11-15","PRPO.OT.20161115.POM.1",,"other","Academy of Natural Sciences of Drexel University","2017-04-12","OKgcKejxXbI=","13C15N","1",,,100,"d13C",-27.98,"perMill",,"filter folded poorly, sample loss",
"2033a796-7ee5-473d-83f2-43834325b45b","D09","PRPO","PRPO.AOS.outlet","2016-11-15","PRPO.OT.20161115.POM.2",,"other","Academy of Natural Sciences of Drexel University","2017-06-01","OKgcKejxXbI=","13C15N","2",,,100,"d13C",-28.56,"perMill",,"filter folded poorly, sample loss",
"04817217-d733-43d5-b0fe-f158ab2fb64b","D09","PRPO","PRPO.AOS.outlet","2016-11-15","PRPO.OT.20161115.POM.1",,"other","Academy of Natural Sciences of Drexel University","2017-04-12","OKgcKejxXbI=","13C15N","1",,,100,"d15N",5.39,"perMill",,"filter folded poorly, sample loss",
