uid,domainID,siteID,namedLocation,collectDate,sampleID,sampleCode,sampleCondition,laboratoryName,analysisDate,analyzedBy,sampleType,replicate,sampleVolumeFiltered,filterSize,percentFilterAnalyzed,analyte,analyteConcentration,plantAlgaeLabUnits,method,externalRemarks,externalLabDataQF
"cf695489-01fd-4e92-adeb-897118315362","D11","BLUE","BLUE.AOS.S2","2019-02-13","BLUE.SS.20190213.POM.1","A00000052885","condition ok","SIRFER Lab at University of Utah","2019-04-23","ElFtGy1kV49xqNP00HfxQA==","POM","1",400,25,100,"nitrogen",62.63,"microgramsPerLiter","Revesz & Coplen 2012a",,
"62317c3e-9a06-4f2b-bf19-b8c262533703","D11","BLUE","BLUE.AOS.S2","2019-02-13","BLUE.SS.20190213.POM.1","A00000052885","condition ok","SIRFER Lab at University of Utah","2019-04-23","ElFtGy1kV49xqNP00HfxQA==","POM","1",400,25,100,"d13C",-27.60,"perMill","Revesz & Coplen 2012a",,
"e542423f-24ea-4db5-8084-d4dbf214a662","D11","BLUE","BLUE.AOS.S2","2019-02-13","BLUE.SS.20190213.POM.1","A00000052885","condition ok","SIRFER Lab at University of Utah","2019-04-23","ElFtGy1kV49xqNP00HfxQA==","POM","1",400,25,100,"d15N",5.20,"perMill","Revesz & Coplen 2012a",,
"2a6cbbe8-c872-47ab-b8ca-759a7e9a1c10","D11","BLUE","BLUE.AOS.S2","2019-02-13","BLUE.SS.20190213.POM.1","A00000052885","condition ok","SIRFER Lab at University of Utah","2019-04-23","ElFtGy1kV49xqNP00HfxQA==","POM","1",400,25,100,"carbon",509.13,"microgramsPerLiter","Revesz & Coplen 2012a",,
"6ed5c906-d1e8-45dc-b054-af6eb3485014","D11","BLUE","BLUE.AOS.S2","2019-02-19","BLUE.SS.20190219.POM.1","A00000052997","condition ok","SIRFER Lab at University of Utah","2019-04-23","ElFtGy1kV49xqNP00HfxQA==","POM","1",500,25,100,"carbon",252.23,"microgramsPerLiter","Revesz & Coplen 2012a",,
"4f7fe77e-8f4a-4712-910b-211e5df63ce8","D11","BLUE","BLUE.AOS.S2","2019-02-19","BLUE.SS.20190219.POM.1","A00000052997","condition ok","SIRFER Lab at University of Utah","2019-04-23","ElFtGy1kV49xqNP00HfxQA==","POM","1",500,25,100,"nitrogen",39.19,"microgramsPerLiter","Revesz & Coplen 2012a",,
"79c6ff7a-1d2f-4eb7-9282-6a4b11747beb","D11","BLUE","BLUE.AOS.S2","2019-02-19","BLUE.SS.20190219.POM.1","A00000052997","condition ok","SIRFER Lab at University of Utah","2019-04-23","ElFtGy1kV49xqNP00HfxQA==","POM","1",500,25,100,"d13C",-28.86,"perMill","Revesz & Coplen 2012a",,
"cb51d8da-113c-4bbe-88cb-3fec4809d2e3","D11","BLUE","BLUE.AOS.S2","2019-02-19","BLUE.SS.20190219.POM.1","A00000052997","condition ok","SIRFER Lab at University of Utah","2019-04-23","ElFtGy1kV49xqNP00HfxQA==","POM","1",500,25,100,"d15N",4.37,"perMill","Revesz & Coplen 2012a",,
