uid,domainID,siteID,namedLocation,collectDate,parentSampleID,parentSampleCode,isotopeH2OSampleCond,isotopeH2OSampleID,isotopeH2OSampleCode,isotopePOMRep2SampleCond,isotopePOMRep2SampleID,isotopePOMRep2SampleCode,isotopePOMSampleCond,isotopePOMSampleID,isotopePOMSampleCode,processedDateFilters,processedDateH2OIsotopes,sampleVolumeFilteredPOMRep1,sampleVolumeFilteredPOMRep2,fieldDataQF
"c3efe788-1bd4-42c0-9f17-115160603129","D18","OKSR","OKSR.AOS.S2","2018-08-07T22:14Z","OKSR.SS.20180807",,"Sample condition ok","OKSR.SS.20180807.H2O.1","A00000030164","Sample condition ok","OKSR.SS.20180807.POM.2",,"Sample condition ok","OKSR.SS.20180807.POM.1",,"2018-08-08T01:30Z","2018-08-08T01:10Z",750,750,
"3f71d153-23b9-4f71-ab45-a65e1b8295e5","D18","OKSR","OKSR.AOS.S2","2018-08-14T18:35Z","OKSR.SS.20180814",,"Sample condition ok","OKSR.SS.20180814.H2O.1","A00000030183","Sample condition ok","OKSR.SS.20180814.POM.2",,"Sample condition ok","OKSR.SS.20180814.POM.1",,"2018-08-22T21:19Z","2018-08-22T21:19Z",750,750,
"9bf6a82a-8f02-494c-abdc-446e33907303","D18","OKSR","OKSR.AOS.S2","2018-08-21T19:12Z","OKSR.SS.20180821",,"Sample condition ok","OKSR.SS.20180821.H2O.1","A00000028921","Sample condition ok","OKSR.SS.20180821.POM.2",,"Sample condition ok","OKSR.SS.20180821.POM.1",,"2018-08-21T21:43Z","2018-08-21T21:43Z",750,750,
"27594e8e-28d6-4816-9a55-2721666c4dac","D18","OKSR","OKSR.AOS.S2","2018-08-28T18:05Z","OKSR.SS.20180828",,"Sample condition ok","OKSR.SS.20180828.H2O.1","A00000064188","Sample condition ok","OKSR.SS.20180828.POM.2","A00000064193","Sample condition ok","OKSR.SS.20180828.POM.1","A00000064194","2018-08-28T23:05Z","2018-08-28T23:05Z",750,750,
