uid,domainID,siteID,namedLocation,collectDate,analysisDate,isotopeH2OSampleID,isotopeH2OSampleCode,instrumentSN,d18OWater,d2HWater,d18OsdWater,d2HsdWater,isotopeH2OExternalLabQF,laboratoryName,analyzedBy,sampleCondition,externalRemarks,externalLabDataQF
"7fc018bf-4834-4a6c-95a4-315b6ec6de1f","D18","OKSR","OKSR.AOS.S2","2018-08-07","2018-10-25","OKSR.SS.20180807.H2O.1","A00000030164","HIDS2052",-19.61,-152.33,0.03,0.18,0,"SIRFER Lab at University of Utah","OlSmE6RRn5QQH8tvUHmK5i/poYiQr6sd","OK",,
"7756aac3-c027-4a19-ae7d-ecff6d6b4c33","D18","OKSR","OKSR.AOS.S2","2018-08-14","2018-10-25","OKSR.SS.20180814.H2O.1","A00000030183","HIDS2052",-19.11,-150.56,0.03,0.04,0,"SIRFER Lab at University of Utah","OlSmE6RRn5QQH8tvUHmK5i/poYiQr6sd","OK",,
"9b765ab9-97d8-4905-9707-b7db7923878f","D18","OKSR","OKSR.AOS.S2","2018-08-21","2018-10-25","OKSR.SS.20180821.H2O.1","A00000028921","HIDS2052",-19.50,-151.62,0.02,0.23,0,"SIRFER Lab at University of Utah","OlSmE6RRn5QQH8tvUHmK5i/poYiQr6sd","OK",,
"e5fe61c9-4771-4cbe-8022-b0184d9a0b16","D18","OKSR","OKSR.AOS.S2","2018-08-28","2018-10-25","OKSR.SS.20180828.H2O.1","A00000064188","HIDS2052",-19.50,-152.05,0.02,0.17,0,"SIRFER Lab at University of Utah","OlSmE6RRn5QQH8tvUHmK5i/poYiQr6sd","OK",,
