uid,domainID,siteID,namedLocation,decimalLatitude,decimalLongitude,coordinateUncertainty,additionalCoordUncertainty,elevation,elevationUncertainty,geodeticDatum,altLocation,altLatitude,altLongitude,altCoordinateUncertainty,altGeodeticDatum,collectDate,aquaticSiteType,samplingImpractical,parentSampleID,parentSampleCode,eventID,samplerType,dissolvedOxygen,dissolvedOxygenSaturation,specificConductance,waterTemp,asiSamplingProtocolVersion,lowerSegmentDepth,upperSegmentDepth,maxDepth,lakeSampleDepth1,lakeSampleDepth2,aCollectedBy,bCollectedBy,remarks,fieldDataQF
"3dc7cbfa-bdb3-4814-b880-7c56f0c49d91","D18","OKSR","OKSR.AOS.S2",68.669651,-149.143505,0.1,10.0,767.2,0.0,"WGS84",,,,,,"2018-08-07T22:14Z","stream",,"OKSR.SS.20180807",,"OKSR.20180807","Grab",10.90,97.00,38.30,6.20,"NEON.DOC.001886vF",,,,,,"jhill1@battelleecology.org","jhill1@battelleecology.org",,
"97e34411-d6dd-4e1d-a280-8a254fa91232","D18","OKSR","OKSR.AOS.S2",68.669651,-149.143505,0.1,10.0,767.2,0.0,"WGS84",,,,,,"2018-08-14T18:35Z","stream",,"OKSR.SS.20180814",,"OKSR.20180814","Grab",11.82,90.40,48.10,4.40,"NEON.DOC.001886vF",,,,,,"Tsurgener@battelleecology.org","kbroberg@battelleecology.org",,
"c0b4cfc2-1c03-42b7-be3a-e62fb919e252","D18","OKSR","OKSR.AOS.S2",68.669651,-149.143505,0.1,10.0,767.2,0.0,"WGS84",,,,,,"2018-08-21T19:12Z","stream",,"OKSR.SS.20180821",,"OKSR.20180821","Grab",9.83,83.60,44.90,8.40,"NEON.DOC.001886vF",,,,,,"Tsurgener@battelleecology.org","kbroberg@battelleecology.org",,
"1a72bf01-24c1-427c-97cf-63185dec05fb","D18","OKSR","OKSR.AOS.S2",68.669651,-149.143505,0.1,10.0,767.2,0.0,"WGS84",,,,,,"2018-08-28T18:05Z","stream",,"OKSR.SS.20180828",,"OKSR.20180828","Grab",11.96,94.00,50.90,5.60,"NEON.DOC.001886vF",,,,,,"gdukelow@battelleecology.org","kbroberg@battelleecology.org",,
