uid,domainID,siteID,namedLocation,collectDate,sampleID,sampleCode,sampleCondition,laboratoryName,analysisDate,analyzedBy,sampleType,replicate,sampleVolumeFiltered,filterSize,percentFilterAnalyzed,analyte,analyteConcentration,plantAlgaeLabUnits,method,externalRemarks,externalLabDataQF
"6c638e3e-2dfe-4712-a2fa-4838c13236d3","D18","OKSR","OKSR.AOS.S2","2018-08-07","OKSR.SS.20180807.POM.1",,"condition ok","SIRFER Lab at University of Utah","2018-10-18","ElFtGy1kV49xqNP00HfxQA==","POM","1",750,25,100,"d13C",-29.37,"perMill","Revesz & Coplen 2012a",,
"ffda89a9-2c52-45ad-991d-eabfd7abc63c","D18","OKSR","OKSR.AOS.S2","2018-08-07","OKSR.SS.20180807.POM.1",,"condition ok","SIRFER Lab at University of Utah","2018-10-18","ElFtGy1kV49xqNP00HfxQA==","POM","1",750,25,100,"d15N",2.37,"perMill","Revesz & Coplen 2012a",,
"a3a02b0b-9a70-4803-870e-98fa0e344567","D18","OKSR","OKSR.AOS.S2","2018-08-07","OKSR.SS.20180807.POM.1",,"condition ok","SIRFER Lab at University of Utah","2018-10-18","ElFtGy1kV49xqNP00HfxQA==","POM","1",750,25,100,"nitrogen",13.12,"microgramsPerLiter","Revesz & Coplen 2012a",,
"b0aede20-e78e-4c9f-8028-486c90d3a266","D18","OKSR","OKSR.AOS.S2","2018-08-07","OKSR.SS.20180807.POM.1",,"condition ok","SIRFER Lab at University of Utah","2018-10-18","ElFtGy1kV49xqNP00HfxQA==","POM","1",750,25,100,"carbon",131.71,"microgramsPerLiter","Revesz & Coplen 2012a",,
"93dbfa90-d382-4908-8f25-b4c4a44ae866","D18","OKSR","OKSR.AOS.S2","2018-08-14","OKSR.SS.20180814.POM.1",,"condition ok","SIRFER Lab at University of Utah","2018-10-18","ElFtGy1kV49xqNP00HfxQA==","POM","1",750,25,100,"d15N",1.69,"perMill","Revesz & Coplen 2012a",,
"8b34452f-92e0-460e-adf8-2436666a87c6","D18","OKSR","OKSR.AOS.S2","2018-08-14","OKSR.SS.20180814.POM.1",,"condition ok","SIRFER Lab at University of Utah","2018-10-18","ElFtGy1kV49xqNP00HfxQA==","POM","1",750,25,100,"nitrogen",9.64,"microgramsPerLiter","Revesz & Coplen 2012a",,
"108aa4e0-ed55-48e5-8df1-b60b0bdd0fc7","D18","OKSR","OKSR.AOS.S2","2018-08-14","OKSR.SS.20180814.POM.1",,"condition ok","SIRFER Lab at University of Utah","2018-10-18","ElFtGy1kV49xqNP00HfxQA==","POM","1",750,25,100,"d13C",-28.75,"perMill","Revesz & Coplen 2012a",,
"2837e0ee-11b7-41bf-a4e3-b70e3b2800a7","D18","OKSR","OKSR.AOS.S2","2018-08-14","OKSR.SS.20180814.POM.1",,"condition ok","SIRFER Lab at University of Utah","2018-10-18","ElFtGy1kV49xqNP00HfxQA==","POM","1",750,25,100,"carbon",98.84,"microgramsPerLiter","Revesz & Coplen 2012a",,
"c0560adc-d2af-441c-ba70-c55a7ad42234","D18","OKSR","OKSR.AOS.S2","2018-08-21","OKSR.SS.20180821.POM.1",,"condition ok","SIRFER Lab at University of Utah","2018-10-18","ElFtGy1kV49xqNP00HfxQA==","POM","1",750,25,100,"d13C",-28.39,"perMill","Revesz & Coplen 2012a",,
"d8564e7c-29c6-4ec7-be2c-d6f83f7f0926","D18","OKSR","OKSR.AOS.S2","2018-08-21","OKSR.SS.20180821.POM.1",,"condition ok","SIRFER Lab at University of Utah","2018-10-18","ElFtGy1kV49xqNP00HfxQA==","POM","1",750,25,100,"carbon",169.44,"microgramsPerLiter","Revesz & Coplen 2012a",,
"1e2b8c1c-72b1-4247-9e5f-cce866b29c1a","D18","OKSR","OKSR.AOS.S2","2018-08-21","OKSR.SS.20180821.POM.1",,"condition ok","SIRFER Lab at University of Utah","2018-10-18","ElFtGy1kV49xqNP00HfxQA==","POM","1",750,25,100,"d15N",4.03,"perMill","Revesz & Coplen 2012a",,
"2883130e-3ece-47c9-9210-e425c6fb5696","D18","OKSR","OKSR.AOS.S2","2018-08-21","OKSR.SS.20180821.POM.1",,"condition ok","SIRFER Lab at University of Utah","2018-10-18","ElFtGy1kV49xqNP00HfxQA==","POM","1",750,25,100,"nitrogen",17.16,"microgramsPerLiter","Revesz & Coplen 2012a",,
"bbec3188-2627-4c71-b9cf-b9b8e65a9f2f","D18","OKSR","OKSR.AOS.S2","2018-08-28","OKSR.SS.20180828.POM.1","A00000064194","condition ok","SIRFER Lab at University of Utah","2018-11-07","ElFtGy1kV49xqNP00HfxQA==","POM","1",750,25,100,"carbon",76.34,"microgramsPerLiter","Revesz & Coplen 2012a",,
"a0d87579-0870-40e9-92fc-d4aad3f753b9","D18","OKSR","OKSR.AOS.S2","2018-08-28","OKSR.SS.20180828.POM.1","A00000064194","condition ok","SIRFER Lab at University of Utah","2018-11-07","ElFtGy1kV49xqNP00HfxQA==","POM","1",750,25,100,"d15N",3.04,"perMill","Revesz & Coplen 2012a",,
"ea1cef0d-157c-4e70-99fa-2aa9765eaaf0","D18","OKSR","OKSR.AOS.S2","2018-08-28","OKSR.SS.20180828.POM.1","A00000064194","condition ok","SIRFER Lab at University of Utah","2018-11-07","ElFtGy1kV49xqNP00HfxQA==","POM","1",750,25,100,"nitrogen",12.02,"microgramsPerLiter","Revesz & Coplen 2012a",,
"113ee0c6-dbb6-46fb-ae36-84f3c987be0c","D18","OKSR","OKSR.AOS.S2","2018-08-28","OKSR.SS.20180828.POM.1","A00000064194","condition ok","SIRFER Lab at University of Utah","2018-11-07","ElFtGy1kV49xqNP00HfxQA==","POM","1",750,25,100,"d13C",-28.07,"perMill","Revesz & Coplen 2012a",,
