uid,domainID,siteID,namedLocation,collectDate,sampleID,sampleCode,sampleCondition,laboratoryName,analysisDate,analyzedBy,sampleType,replicate,sampleVolumeFiltered,filterSize,percentFilterAnalyzed,analyte,analyteConcentration,plantAlgaeLabUnits,method,externalRemarks,externalLabDataQF
"3f9bf7aa-739f-4746-b792-77f34a2a6092","D03","BARC","BARC.AOS.buoy.c0","2019-04-11","BARC.C0.20190411.POM.1","A00000037468","condition ok","SIRFER Lab at University of Utah","2019-09-19","ElFtGy1kV49xqNP00HfxQA==","POM","1",200,25,100,"d13C",-32.07,"perMill","Revesz & Coplen 2012a",,
"067fb55f-3e70-43a3-9e30-1d22f0a48fec","D03","BARC","BARC.AOS.buoy.c0","2019-04-11","BARC.C0.20190411.POM.1","A00000037468","condition ok","SIRFER Lab at University of Utah","2019-09-19","ElFtGy1kV49xqNP00HfxQA==","POM","1",200,25,100,"nitrogen",75.77,"microgramsPerLiter","Revesz & Coplen 2012a",,
"6675fcbe-e688-4d89-9c41-3239da2980b7","D03","BARC","BARC.AOS.buoy.c0","2019-04-11","BARC.C0.20190411.POM.1","A00000037468","condition ok","SIRFER Lab at University of Utah","2019-09-19","ElFtGy1kV49xqNP00HfxQA==","POM","1",200,25,100,"d15N",3.80,"perMill","Revesz & Coplen 2012a",,
"e6e014c9-d099-42a1-abbb-f829b69a8ea3","D03","BARC","BARC.AOS.buoy.c0","2019-04-11","BARC.C0.20190411.POM.1","A00000037468","condition ok","SIRFER Lab at University of Utah","2019-09-19","ElFtGy1kV49xqNP00HfxQA==","POM","1",200,25,100,"carbon",685.49,"microgramsPerLiter","Revesz & Coplen 2012a",,
