uid,domainID,siteID,namedLocation,collectDate,sampleID,sampleCode,sampleCondition,laboratoryName,analysisDate,analyzedBy,sampleType,replicate,sampleVolumeFiltered,filterSize,percentFilterAnalyzed,analyte,analyteConcentration,plantAlgaeLabUnits,method,externalRemarks,externalLabDataQF
"1497d768-cf7d-4f7c-b457-2460a175203f","D03","BARC","BARC.AOS.outlet","2015-11-20","BARC.OT.20151120.POM.2",,"condition ok","Academy of Natural Sciences of Drexel University","2017-01-17","OKgcKejxXbI=","13C15N","2",,,100,"d15N",2.38,"perMill",,,
"9090b793-fdbd-435a-9190-45651b1f1515","D03","BARC","BARC.AOS.inlet","2015-11-20","BARC.IN.20151120.POM.1",,"condition ok","Academy of Natural Sciences of Drexel University","2016-09-13","OKgcKejxXbI=","13C15N","1",,,100,"d13C",-31.50,"perMill",,,
"e89d06bd-f708-4e4e-8f41-fe2bc3e4a267","D03","BARC","BARC.AOS.outlet","2015-11-20","BARC.OT.20151120.POM.2",,"condition ok","Academy of Natural Sciences of Drexel University","2017-01-17","OKgcKejxXbI=","13C15N","2",,,100,"d13C",-34.15,"perMill",,,
"a14cd9a9-a636-4fb9-9d66-14a513ab0d0f","D03","BARC","BARC.AOS.buoy.c0","2015-11-20","BARC.C0.20151120.POM.2",,"condition ok","Academy of Natural Sciences of Drexel University","2017-01-17","OKgcKejxXbI=","13C15N","2",,,100,"d13C",-30.14,"perMill",,,
"5dc175a8-4df8-4aee-90f4-176aa665bda9","D03","BARC","BARC.AOS.buoy.c0","2015-11-20","BARC.C0.20151120.POM.2",,"condition ok","Academy of Natural Sciences of Drexel University","2017-01-17","OKgcKejxXbI=","13C15N","2",,,100,"d15N",2.67,"perMill",,,
"8e3ccc2b-b48e-4619-bfc2-d8320a0dab09","D03","BARC","BARC.AOS.outlet","2015-11-20","BARC.OT.20151120.POM.1",,"condition ok","Academy of Natural Sciences of Drexel University","2016-09-13","OKgcKejxXbI=","13C15N","1",,,100,"d13C",-29.16,"perMill",,,
"0e8eb0e9-9dc4-4a73-984a-970cc124f5b3","D03","BARC","BARC.AOS.outlet","2015-11-20","BARC.OT.20151120.POM.1",,"condition ok","Academy of Natural Sciences of Drexel University","2016-09-13","OKgcKejxXbI=","13C15N","1",,,100,"d15N",2.01,"perMill",,,
"459ea280-b501-4931-9d3e-7583c40c862c","D03","BARC","BARC.AOS.buoy.c0","2015-11-20","BARC.C0.20151120.POM.1",,"condition ok","Academy of Natural Sciences of Drexel University","2016-09-13","OKgcKejxXbI=","13C15N","1",,,100,"d15N",2.21,"perMill",,,
"b5603d58-3d04-4b71-a0ed-96da9bb8e79d","D03","BARC","BARC.AOS.inlet","2015-11-20","BARC.IN.20151120.POM.2",,"condition ok","Academy of Natural Sciences of Drexel University","2017-01-17","OKgcKejxXbI=","13C15N","2",,,100,"d13C",-29.72,"perMill",,,
"5f393721-55ec-45bb-b9b9-29b95a200f26","D03","BARC","BARC.AOS.inlet","2015-11-20","BARC.IN.20151120.POM.1",,"condition ok","Academy of Natural Sciences of Drexel University","2016-09-13","OKgcKejxXbI=","13C15N","1",,,100,"d15N",3.07,"perMill",,,
"e19aa6c1-f8a3-48c7-a664-4eab2388c0af","D03","BARC","BARC.AOS.buoy.c0","2015-11-20","BARC.C0.20151120.POM.1",,"condition ok","Academy of Natural Sciences of Drexel University","2016-09-13","OKgcKejxXbI=","13C15N","1",,,100,"d13C",-29.98,"perMill",,,
"b95e912e-1ee1-4724-ae4f-673c61b5836f","D03","BARC","BARC.AOS.inlet","2015-11-20","BARC.IN.20151120.POM.2",,"condition ok","Academy of Natural Sciences of Drexel University","2017-01-17","OKgcKejxXbI=","13C15N","2",,,100,"d15N",2.70,"perMill",,,
