uid,domainID,siteID,namedLocation,collectDate,sampleID,sampleCode,sampleCondition,laboratoryName,analysisDate,analyzedBy,sampleType,replicate,sampleVolumeFiltered,filterSize,percentFilterAnalyzed,analyte,analyteConcentration,plantAlgaeLabUnits,method,externalRemarks,externalLabDataQF
"ddfc2217-39a4-490d-b026-eaf9b5bd87ac","D13","COMO","COMO.AOS.S2","2015-10-13","COMO.SS.20151013.POM.1",,"other","Academy of Natural Sciences of Drexel University","2016-09-13","OKgcKejxXbI=","13C15N","1",175,25,100,"d15N",,"perMill",,"Difference in volume filtered, not enough sample to analyze","Audit Failed. Document: A00036_DREX_AlgalChem_DocAudit_20170407.pdf & A00036_DREX_AlgalChem_VisitAudit_20170407.pdf"
"d9f57118-09f8-4484-ae82-0c43695ab0f2","D13","COMO","COMO.AOS.S2","2015-10-13","COMO.SS.20151013.POM.2",,"condition ok","Academy of Natural Sciences of Drexel University","2017-01-17","OKgcKejxXbI=","13C15N","2",,,100,"d15N",2.32,"perMill",,"Difference in volume filtered",
"4d0cd0d4-6358-4a00-a512-7b3282e09996","D13","COMO","COMO.AOS.S2","2015-10-13","COMO.SS.20151013.POM.1",,"condition ok","Academy of Natural Sciences of Drexel University","2016-09-13","OKgcKejxXbI=","13C15N","1",175,25,100,"d13C",-26.59,"perMill",,"Difference in volume filtered","Audit Failed. Document: A00036_DREX_AlgalChem_DocAudit_20170407.pdf & A00036_DREX_AlgalChem_VisitAudit_20170407.pdf"
"5e11fb74-e741-412a-8c8d-6b2fde00d178","D13","COMO","COMO.AOS.S2","2015-10-13","COMO.SS.20151013.POM.2",,"condition ok","Academy of Natural Sciences of Drexel University","2017-01-17","OKgcKejxXbI=","13C15N","2",150,25,100,"d15N",2.32,"perMill",,"Difference in volume filtered","Audit Failed. Document: A00036_DREX_AlgalChem_DocAudit_20170407.pdf & A00036_DREX_AlgalChem_VisitAudit_20170407.pdf"
"23be44b9-d55a-40da-a490-56c20afb544e","D13","COMO","COMO.AOS.S2","2015-10-13","COMO.SS.20151013.POM.2",,"condition ok","Academy of Natural Sciences of Drexel University","2017-01-17","OKgcKejxXbI=","13C15N","2",150,25,100,"d13C",-26.66,"perMill",,"Difference in volume filtered","Audit Failed. Document: A00036_DREX_AlgalChem_DocAudit_20170407.pdf & A00036_DREX_AlgalChem_VisitAudit_20170407.pdf"
"023b754d-2055-4175-94da-d8fc5624fe90","D13","COMO","COMO.AOS.S2","2015-10-13","COMO.SS.20151013.POM.2",,"condition ok","Academy of Natural Sciences of Drexel University","2017-01-17","OKgcKejxXbI=","13C15N","2",,,100,"d13C",-26.66,"perMill",,"Difference in volume filtered",
"e91815b1-4d28-473a-81bb-7ab13bc54d61","D13","COMO","COMO.AOS.S2","2015-10-13","COMO.SS.20151013.POM.1",,"other","Academy of Natural Sciences of Drexel University","2016-09-13","OKgcKejxXbI=","13C15N","1",,,100,"d15N",,"perMill",,"Difference in volume filtered, not enough sample to analyze",
"5ab704aa-be1f-4f1a-ae2a-c51de5dfa0d3","D13","COMO","COMO.AOS.S2","2015-10-13","COMO.SS.20151013.POM.1",,"condition ok","Academy of Natural Sciences of Drexel University","2016-09-13","OKgcKejxXbI=","13C15N","1",,,100,"d13C",-26.59,"perMill",,"Difference in volume filtered",
