uid,domainID,siteID,namedLocation,collectDate,sampleID,sampleCode,sampleCondition,laboratoryName,analysisDate,analyzedBy,sampleType,replicate,sampleVolumeFiltered,filterSize,percentFilterAnalyzed,analyte,analyteConcentration,plantAlgaeLabUnits,method,externalRemarks,externalLabDataQF
"a523305f-9b45-49c7-9f5e-a50f07bc54ea","D02","POSE","POSE.AOS.S2","2015-03-03","POSE.SS.20150303.POM.1",,,"Academy of Natural Sciences of Drexel University","2015-08-28","OKgcKejxXbI=","CN iso","1",700,25,100,"d13C",-30.72,"perMill",,,"Audit Failed. Document: A00036_DREX_AlgalChem_DocAudit_20170407.pdf & A00036_DREX_AlgalChem_VisitAudit_20170407.pdf"
"3d4b9e5b-ae1b-4e58-9929-a81e9f059fdb","D02","POSE","POSE.AOS.S2","2015-03-03","POSE.SS.20150303.POM.1",,,"Academy of Natural Sciences of Drexel University","2015-08-28","OKgcKejxXbI=","CN iso","1",700,25,100,"d15N",7.87,"perMill",,,"Audit Failed. Document: A00036_DREX_AlgalChem_DocAudit_20170407.pdf & A00036_DREX_AlgalChem_VisitAudit_20170407.pdf"
"4d7195d7-9dd0-42c7-bd16-e6e08c1e2e32","D02","POSE","POSE.AOS.S2","2015-03-03","POSE.SS.20150303.POM.2",,,"Academy of Natural Sciences of Drexel University","2015-08-28","OKgcKejxXbI=","CN iso","2",700,25,100,"d13C",-34.06,"perMill",,,"Audit Failed. Document: A00036_DREX_AlgalChem_DocAudit_20170407.pdf & A00036_DREX_AlgalChem_VisitAudit_20170407.pdf"
"4a5207e0-3bd1-48a2-a82c-d4508d73dbaf","D02","POSE","POSE.AOS.S2","2015-03-03","POSE.SS.20150303.POM.2",,,"Academy of Natural Sciences of Drexel University","2015-08-28","OKgcKejxXbI=","CN iso","2",700,25,100,"d15N",4.58,"perMill",,,"Audit Failed. Document: A00036_DREX_AlgalChem_DocAudit_20170407.pdf & A00036_DREX_AlgalChem_VisitAudit_20170407.pdf"
"2380f08a-1929-4f9c-a695-293245065ee2","D02","POSE","POSE.AOS.S2","2015-03-03","POSE.SS.20150303.POM.1",,,"Academy of Natural Sciences of Drexel University","2015-08-28","OKgcKejxXbI=","13C15N","1",,,100,"d15N",7.87,"perMill",,,
"8d973178-9a89-4df7-95f8-bb85dab5b04c","D02","POSE","POSE.AOS.S2","2015-03-03","POSE.SS.20150303.POM.2",,,"Academy of Natural Sciences of Drexel University","2015-08-28","OKgcKejxXbI=","13C15N","2",,,100,"d13C",-34.06,"perMill",,,
"d6da972d-b1c8-4b1e-9ee8-3e49b969781c","D02","POSE","POSE.AOS.S2","2015-03-03","POSE.SS.20150303.POM.2",,,"Academy of Natural Sciences of Drexel University","2015-08-28","OKgcKejxXbI=","13C15N","2",,,100,"d15N",4.58,"perMill",,,
"aa2d3320-04f2-4df6-af3e-375eaccdf62e","D02","POSE","POSE.AOS.S2","2015-03-03","POSE.SS.20150303.POM.1",,,"Academy of Natural Sciences of Drexel University","2015-08-28","OKgcKejxXbI=","13C15N","1",,,100,"d13C",-30.72,"perMill",,,
"cf616150-c666-4730-9be2-67518192fc1d","D02","POSE","POSE.AOS.S2","2015-03-12","POSE.SS.20150312.POM.1",,,"Academy of Natural Sciences of Drexel University","2015-08-28","OKgcKejxXbI=","CN iso","1",600,25,100,"d15N",1.12,"perMill",,,"Audit Failed. Document: A00036_DREX_AlgalChem_DocAudit_20170407.pdf & A00036_DREX_AlgalChem_VisitAudit_20170407.pdf"
"9aee2402-a050-48cb-a33b-60603575abd9","D02","POSE","POSE.AOS.S2","2015-03-12","POSE.SS.20150312.POM.1",,,"Academy of Natural Sciences of Drexel University","2015-08-28","OKgcKejxXbI=","CN iso","1",600,25,100,"d13C",-27.44,"perMill",,,"Audit Failed. Document: A00036_DREX_AlgalChem_DocAudit_20170407.pdf & A00036_DREX_AlgalChem_VisitAudit_20170407.pdf"
"4cb3d365-c5f2-491c-b783-dcdaa2fcc576","D02","POSE","POSE.AOS.S2","2015-03-12","POSE.SS.20150312.POM.2",,,"Academy of Natural Sciences of Drexel University","2015-08-28","OKgcKejxXbI=","CN iso","2",600,25,100,"d13C",-27.45,"perMill",,,"Audit Failed. Document: A00036_DREX_AlgalChem_DocAudit_20170407.pdf & A00036_DREX_AlgalChem_VisitAudit_20170407.pdf"
"2424ca5a-7b3d-45b5-a014-b0f137be1523","D02","POSE","POSE.AOS.S2","2015-03-12","POSE.SS.20150312.POM.2",,,"Academy of Natural Sciences of Drexel University","2015-08-28","OKgcKejxXbI=","CN iso","2",600,25,100,"d15N",2.16,"perMill",,,"Audit Failed. Document: A00036_DREX_AlgalChem_DocAudit_20170407.pdf & A00036_DREX_AlgalChem_VisitAudit_20170407.pdf"
"8ebe8a08-e050-460d-a40c-97adafa71560","D02","POSE","POSE.AOS.S2","2015-03-12","POSE.SS.20150312.POM.2",,,"Academy of Natural Sciences of Drexel University","2015-08-28","OKgcKejxXbI=","13C15N","2",,,100,"d13C",-27.45,"perMill",,,
"316571b9-f011-4708-918a-3efabec62879","D02","POSE","POSE.AOS.S2","2015-03-12","POSE.SS.20150312.POM.1",,,"Academy of Natural Sciences of Drexel University","2015-08-28","OKgcKejxXbI=","13C15N","1",,,100,"d15N",1.12,"perMill",,,
"efbc945f-0b21-4af4-8da7-98f6cc6eae69","D02","POSE","POSE.AOS.S2","2015-03-12","POSE.SS.20150312.POM.2",,,"Academy of Natural Sciences of Drexel University","2015-08-28","OKgcKejxXbI=","13C15N","2",,,100,"d15N",2.16,"perMill",,,
"e9e3592b-2278-456b-8708-be377025d6e9","D02","POSE","POSE.AOS.S2","2015-03-12","POSE.SS.20150312.POM.1",,,"Academy of Natural Sciences of Drexel University","2015-08-28","OKgcKejxXbI=","13C15N","1",,,100,"d13C",-27.44,"perMill",,,
"87a5558c-a2f1-4531-b7b5-d42ba0f61564","D02","POSE","POSE.AOS.S2","2015-03-24","POSE.SS.20150324.POM.1",,,"Academy of Natural Sciences of Drexel University","2015-08-28","OKgcKejxXbI=","13C15N","1",,,100,"d13C",-27.84,"perMill",,,
"6974ddf0-770e-4b72-b266-2affab9a5a8b","D02","POSE","POSE.AOS.S2","2015-03-24","POSE.SS.20150324.POM.2",,,"Academy of Natural Sciences of Drexel University","2015-08-28","OKgcKejxXbI=","13C15N","2",,,100,"d15N",0.60,"perMill",,,
"c90c239f-694d-4e8e-89e8-3ea991272ab0","D02","POSE","POSE.AOS.S2","2015-03-24","POSE.SS.20150324.POM.1",,,"Academy of Natural Sciences of Drexel University","2015-08-28","OKgcKejxXbI=","13C15N","1",,,100,"d15N",1.63,"perMill",,,
"f63c1a69-3150-41b3-a3f8-7f8bc116205f","D02","POSE","POSE.AOS.S2","2015-03-24","POSE.SS.20150324.POM.2",,,"Academy of Natural Sciences of Drexel University","2015-08-28","OKgcKejxXbI=","13C15N","2",,,100,"d13C",-28.34,"perMill",,,
"8cd4f98e-edb2-4e3a-b59c-84305aa75e58","D02","POSE","POSE.AOS.S2","2015-03-24","POSE.SS.20150324.POM.2",,,"Academy of Natural Sciences of Drexel University","2015-08-28","OKgcKejxXbI=","CN iso","2",600,25,100,"d13C",-28.34,"perMill",,,"Audit Failed. Document: A00036_DREX_AlgalChem_DocAudit_20170407.pdf & A00036_DREX_AlgalChem_VisitAudit_20170407.pdf"
"ebbfe482-d5c7-4b18-ae76-29c8892bbe16","D02","POSE","POSE.AOS.S2","2015-03-24","POSE.SS.20150324.POM.2",,,"Academy of Natural Sciences of Drexel University","2015-08-28","OKgcKejxXbI=","CN iso","2",600,25,100,"d15N",0.60,"perMill",,,"Audit Failed. Document: A00036_DREX_AlgalChem_DocAudit_20170407.pdf & A00036_DREX_AlgalChem_VisitAudit_20170407.pdf"
"b1426dd6-441e-4219-965f-bbbfc47690c0","D02","POSE","POSE.AOS.S2","2015-03-24","POSE.SS.20150324.POM.1",,,"Academy of Natural Sciences of Drexel University","2015-08-28","OKgcKejxXbI=","CN iso","1",600,25,100,"d13C",-27.84,"perMill",,,"Audit Failed. Document: A00036_DREX_AlgalChem_DocAudit_20170407.pdf & A00036_DREX_AlgalChem_VisitAudit_20170407.pdf"
"8c4bcf5e-c81f-4120-abb6-75ea0d11d9fc","D02","POSE","POSE.AOS.S2","2015-03-24","POSE.SS.20150324.POM.1",,,"Academy of Natural Sciences of Drexel University","2015-08-28","OKgcKejxXbI=","CN iso","1",600,25,100,"d15N",1.63,"perMill",,,"Audit Failed. Document: A00036_DREX_AlgalChem_DocAudit_20170407.pdf & A00036_DREX_AlgalChem_VisitAudit_20170407.pdf"
