uid,domainID,siteID,namedLocation,collectDate,sampleID,sampleCode,sampleCondition,laboratoryName,analysisDate,analyzedBy,sampleType,replicate,sampleVolumeFiltered,filterSize,percentFilterAnalyzed,analyte,analyteConcentration,plantAlgaeLabUnits,method,externalRemarks,externalLabDataQF
"f4e4d30f-e5d4-473b-85b8-cf8d890d3a07","D02","POSE","POSE.AOS.S2","2017-11-20","POSE.SS.20171120.POM.1",,"condition ok","SIRFER Lab at University of Utah","2018-08-13","ElFtGy1kV49xqNP00HfxQA==","POM","1",200,25,100,"nitrogen",377.24,"microgramsPerLiter","Revesz & Coplen 2012a",,
"f60f985e-afe9-486d-b2a5-465bd7b30895","D02","POSE","POSE.AOS.S2","2017-11-20","POSE.SS.20171120.POM.1",,"condition ok","SIRFER Lab at University of Utah","2018-08-13","ElFtGy1kV49xqNP00HfxQA==","POM","1",200,25,100,"carbon",3152.92,"microgramsPerLiter","Revesz & Coplen 2012a",,
"b9db2d9f-75f8-4270-a9d1-121abf0e9d3d","D02","POSE","POSE.AOS.S2","2017-11-20","POSE.SS.20171120.POM.1",,"condition ok","SIRFER Lab at University of Utah","2018-08-13","ElFtGy1kV49xqNP00HfxQA==","POM","1",200,25,100,"d15N",1.70,"perMill","Revesz & Coplen 2012a",,
"6ae3bd6b-3a95-4c89-ad26-5a5fc49f629e","D02","POSE","POSE.AOS.S2","2017-11-20","POSE.SS.20171120.POM.1",,"condition ok","SIRFER Lab at University of Utah","2018-08-13","ElFtGy1kV49xqNP00HfxQA==","POM","1",200,25,100,"d13C",-27.68,"perMill","Revesz & Coplen 2012a",,
"574cf8dd-5980-49df-baac-972e04ca5d29","D02","POSE","POSE.AOS.S2","2017-11-28","POSE.SS.20171128.POM.1",,"condition ok","SIRFER Lab at University of Utah","2018-08-13","ElFtGy1kV49xqNP00HfxQA==","POM","1",200,25,100,"d15N",2.54,"perMill","Revesz & Coplen 2012a",,
"5609ac08-c55d-4f26-960e-d184f4594664","D02","POSE","POSE.AOS.S2","2017-11-28","POSE.SS.20171128.POM.1",,"condition ok","SIRFER Lab at University of Utah","2018-08-13","ElFtGy1kV49xqNP00HfxQA==","POM","1",200,25,100,"d13C",-28.27,"perMill","Revesz & Coplen 2012a",,
"736b31c9-1283-4b5c-b9c8-2111cdc6f715","D02","POSE","POSE.AOS.S2","2017-11-28","POSE.SS.20171128.POM.1",,"condition ok","SIRFER Lab at University of Utah","2018-08-13","ElFtGy1kV49xqNP00HfxQA==","POM","1",200,25,100,"carbon",2012.87,"microgramsPerLiter","Revesz & Coplen 2012a",,
"5b4d492d-e494-4c08-bc4b-aa76229169c4","D02","POSE","POSE.AOS.S2","2017-11-28","POSE.SS.20171128.POM.1",,"condition ok","SIRFER Lab at University of Utah","2018-08-13","ElFtGy1kV49xqNP00HfxQA==","POM","1",200,25,100,"nitrogen",126.37,"microgramsPerLiter","Revesz & Coplen 2012a",,
