uid,domainID,siteID,namedLocation,collectDate,sampleID,sampleCode,sampleCondition,laboratoryName,analysisDate,analyzedBy,sampleType,replicate,sampleVolumeFiltered,filterSize,percentFilterAnalyzed,analyte,analyteConcentration,plantAlgaeLabUnits,method,externalRemarks,externalLabDataQF
"9aee2b38-8a7c-4297-ac0f-1080843545f5","D06","KING","KING.AOS.S2","2017-01-03","KING.SS.20170103.POM.1",,"condition ok","SIRFER Lab at University of Utah","2018-02-28","ElFtGy1kV49xqNP00HfxQA==","POM","1",800,25,100,"carbon",217.85,"percent","Revesz & Coplen 2012a",,
"c53f4bb2-087e-4c44-a433-07a228f9dd08","D06","KING","KING.AOS.S2","2017-01-03","KING.SS.20170103.POM.1",,"condition ok","SIRFER Lab at University of Utah","2018-02-28","ElFtGy1kV49xqNP00HfxQA==","POM","1",800,25,100,"d15N",7.02,"perMill","Revesz & Coplen 2012a",,
"a384d276-6aa4-4d9b-881c-6265016ce79a","D06","KING","KING.AOS.S2","2017-01-03","KING.SS.20170103.POM.1",,"condition ok","SIRFER Lab at University of Utah","2018-02-28","ElFtGy1kV49xqNP00HfxQA==","POM","1",800,25,100,"nitrogen",33.99,"percent","Revesz & Coplen 2012a",,
"5b09f764-e0ae-4e14-a3be-2a99040b19b0","D06","KING","KING.AOS.S2","2017-01-03","KING.SS.20170103.POM.1",,"condition ok","SIRFER Lab at University of Utah","2018-02-28","ElFtGy1kV49xqNP00HfxQA==","POM","1",800,25,100,"d13C",-35.39,"perMill","Revesz & Coplen 2012a",,
