uid,domainID,siteID,namedLocation,collectDate,sampleID,sampleCode,sampleCondition,laboratoryName,analysisDate,analyzedBy,sampleType,replicate,sampleVolumeFiltered,filterSize,percentFilterAnalyzed,analyte,analyteConcentration,plantAlgaeLabUnits,method,externalRemarks,externalLabDataQF
"dc3ba2ee-a4dd-421c-bb3b-f473c9402373","D09","PRLA","PRLA.AOS.buoy.c0","2018-02-13","PRLA.C0.20180213.POM.1",,"condition ok","SIRFER Lab at University of Utah","2018-10-18","ElFtGy1kV49xqNP00HfxQA==","POM","1",40,25,100,"d13C",,"perMill","Revesz & Coplen 2012a",,
"13fc1b68-e9aa-44fd-b1dd-4a38427d8111","D09","PRLA","PRLA.AOS.buoy.c0","2018-02-13","PRLA.C0.20180213.POM.1",,"condition ok","SIRFER Lab at University of Utah","2018-10-18","ElFtGy1kV49xqNP00HfxQA==","POM","1",40,25,100,"carbon",,"microgramsPerLiter","Revesz & Coplen 2012a",,
"fb2e098f-29cd-4979-8b2c-8b45b446da0e","D09","PRLA","PRLA.AOS.buoy.c0","2018-02-13","PRLA.C0.20180213.POM.1",,"condition ok","SIRFER Lab at University of Utah","2018-10-18","ElFtGy1kV49xqNP00HfxQA==","POM","1",40,25,100,"d15N",,"perMill","Revesz & Coplen 2012a",,
"e4b71b93-9d27-4359-99fd-496f4bfc9f72","D09","PRLA","PRLA.AOS.buoy.c0","2018-02-13","PRLA.C0.20180213.POM.1",,"condition ok","SIRFER Lab at University of Utah","2018-10-18","ElFtGy1kV49xqNP00HfxQA==","POM","1",40,25,100,"nitrogen",,"microgramsPerLiter","Revesz & Coplen 2012a",,
