uid,domainID,siteID,namedLocation,collectDate,sampleID,sampleCode,sampleCondition,laboratoryName,analysisDate,analyzedBy,sampleType,replicate,sampleVolumeFiltered,filterSize,percentFilterAnalyzed,analyte,analyteConcentration,plantAlgaeLabUnits,method,externalRemarks,externalLabDataQF
"cbcb3803-ed19-4086-8c4b-023745283996","D06","MCDI","MCDI.AOS.S2","2017-02-14","MCDI.SS.20170214.POM.1",,"condition ok","SIRFER Lab at University of Utah","2018-03-07","ElFtGy1kV49xqNP00HfxQA==","POM","1",,,100,"nitrogen",13.32,"percent","Revesz & Coplen 2012a",,
"5ddfad46-ff5c-4704-98f3-0c52ddaeac2f","D06","MCDI","MCDI.AOS.S2","2017-02-14","MCDI.SS.20170214.POM.1",,"condition ok","SIRFER Lab at University of Utah","2018-03-07","ElFtGy1kV49xqNP00HfxQA==","POM","1",,,100,"carbon",120.24,"percent","Revesz & Coplen 2012a",,
"591a8607-0684-44b4-8594-5c29a872dcc4","D06","MCDI","MCDI.AOS.S2","2017-02-14","MCDI.SS.20170214.POM.1",,"condition ok","SIRFER Lab at University of Utah","2018-03-07","ElFtGy1kV49xqNP00HfxQA==","POM","1",,,100,"d15N",-0.48,"perMill","Revesz & Coplen 2012a",,
"77915828-7745-4661-95ec-98cf5c0b30b9","D06","MCDI","MCDI.AOS.S2","2017-02-14","MCDI.SS.20170214.POM.1",,"condition ok","SIRFER Lab at University of Utah","2018-03-07","ElFtGy1kV49xqNP00HfxQA==","POM","1",,,100,"d13C",0.46,"perMill","Revesz & Coplen 2012a",,
