uid,domainID,siteID,namedLocation,collectDate,sampleID,sampleCode,sampleCondition,laboratoryName,analysisDate,analyzedBy,sampleType,replicate,sampleVolumeFiltered,filterSize,percentFilterAnalyzed,analyte,analyteConcentration,plantAlgaeLabUnits,method,externalRemarks,externalLabDataQF
"b99b1a9c-6bd9-4dee-a7bb-9f76366542e4","D04","GUIL","GUIL.AOS.S2","2016-05-10","GUIL.SS.20160510.POM.2",,"condition ok","Academy of Natural Sciences of Drexel University","2017-01-24","OKgcKejxXbI=","13C15N","2",,,100,"d13C",-26.46,"perMill",,,
"6a75fe7d-c71d-446a-a65b-997dfb28d985","D04","GUIL","GUIL.AOS.S2","2016-05-10","GUIL.SS.20160510.POM.2",,"condition ok","Academy of Natural Sciences of Drexel University","2017-01-24","OKgcKejxXbI=","13C15N","2",,,100,"d13C",-25.45,"perMill",,,
"eb2896a1-d151-45e2-9f46-0e498f17fb9f","D04","GUIL","GUIL.AOS.S2","2016-05-10","GUIL.SS.20160510.POM.2",,"condition ok","Academy of Natural Sciences of Drexel University","2017-01-24","OKgcKejxXbI=","13C15N","2",,,100,"d15N",3.54,"perMill",,,
"0ecc12d4-f347-47a9-b729-090dfb475057","D04","GUIL","GUIL.AOS.S2","2016-05-10","GUIL.SS.20160510.POM.1",,"condition ok","Academy of Natural Sciences of Drexel University","2017-02-13","OKgcKejxXbI=","13C15N","1",,,100,"d15N",3.11,"perMill",,,
"be754f4f-527f-49f7-9efe-ac1bea5602ce","D04","GUIL","GUIL.AOS.S2","2016-05-10","GUIL.SS.20160510.POM.1",,"condition ok","Academy of Natural Sciences of Drexel University","2017-02-13","OKgcKejxXbI=","13C15N","1",,,100,"d15N",3.89,"perMill",,,
"2cbb4c20-7354-41f2-ae16-18eb9523b489","D04","GUIL","GUIL.AOS.S2","2016-05-10","GUIL.SS.20160510.POM.1",,"condition ok","Academy of Natural Sciences of Drexel University","2017-02-13","OKgcKejxXbI=","13C15N","1",,,100,"d13C",-26.92,"perMill",,,
"a785bfa7-c15d-437a-84bd-bb70e1aa6cb7","D04","GUIL","GUIL.AOS.S2","2016-05-10","GUIL.SS.20160510.POM.2",,"condition ok","Academy of Natural Sciences of Drexel University","2017-01-24","OKgcKejxXbI=","13C15N","2",,,100,"d15N",3.61,"perMill",,,
"ee4ffa21-84c4-44db-a4fb-18a03661252a","D04","GUIL","GUIL.AOS.S2","2016-05-10","GUIL.SS.20160510.POM.1",,"condition ok","Academy of Natural Sciences of Drexel University","2017-02-13","OKgcKejxXbI=","13C15N","1",,,100,"d13C",-25.61,"perMill",,,
"66643bdc-ba37-4249-80d2-db1ff495442f","D04","GUIL","GUIL.AOS.S2","2016-05-31","GUIL.SS.20160531.POM.2",,"condition ok","Academy of Natural Sciences of Drexel University","2017-01-24","OKgcKejxXbI=","13C15N","2",,,100,"d15N",2.47,"perMill",,,
"4ac862fd-3b7a-45e4-b910-830be1631b4f","D04","GUIL","GUIL.AOS.S2","2016-05-31","GUIL.SS.20160531.POM.2",,"condition ok","Academy of Natural Sciences of Drexel University","2017-01-24","OKgcKejxXbI=","13C15N","2",,,100,"d13C",-26.75,"perMill",,,
"5806675e-2759-4923-8fe2-8fe02f3e3062","D04","GUIL","GUIL.AOS.S2","2016-05-31","GUIL.SS.20160531.POM.1",,"condition ok","Academy of Natural Sciences of Drexel University","2017-02-13","OKgcKejxXbI=","13C15N","1",,,100,"d13C",-25.87,"perMill",,,
"9a373e9b-b811-4d53-8a1b-4fecc9bc6f97","D04","GUIL","GUIL.AOS.S2","2016-05-31","GUIL.SS.20160531.POM.1",,"condition ok","Academy of Natural Sciences of Drexel University","2017-02-13","OKgcKejxXbI=","13C15N","1",,,100,"d15N",2.32,"perMill",,,
