uid,domainID,siteID,namedLocation,collectDate,sampleID,sampleCode,sampleCondition,laboratoryName,analysisDate,analyzedBy,sampleType,replicate,sampleVolumeFiltered,filterSize,percentFilterAnalyzed,analyte,analyteConcentration,plantAlgaeLabUnits,method,externalRemarks,externalLabDataQF
"9a5e5ed9-26ae-488f-aa1b-11872c8a0c46","D13","COMO","COMO.AOS.S2","2017-10-12","COMO.SS.20171012.POM.1",,"condition ok","SIRFER Lab at University of Utah","2018-04-06","ElFtGy1kV49xqNP00HfxQA==","POM","1",600,25,100,"d13C",-26.39,"perMill","Revesz & Coplen 2012a",,
"3af5ff1a-37a3-4e90-a3b5-81c317179256","D13","COMO","COMO.AOS.S2","2017-10-12","COMO.SS.20171012.POM.1",,"condition ok","SIRFER Lab at University of Utah","2018-04-06","ElFtGy1kV49xqNP00HfxQA==","POM","1",600,25,100,"carbon",472.46,"microgramsPerLiter","Revesz & Coplen 2012a",,
"8534226b-d942-4ae7-9483-62017de68b96","D13","COMO","COMO.AOS.S2","2017-10-12","COMO.SS.20171012.POM.1",,"condition ok","SIRFER Lab at University of Utah","2018-04-06","ElFtGy1kV49xqNP00HfxQA==","POM","1",600,25,100,"d15N",6.53,"perMill","Revesz & Coplen 2012a",,
"2158f8e2-e394-4780-8540-5c92ea63728d","D13","COMO","COMO.AOS.S2","2017-10-12","COMO.SS.20171012.POM.1",,"condition ok","SIRFER Lab at University of Utah","2018-04-06","ElFtGy1kV49xqNP00HfxQA==","POM","1",600,25,100,"nitrogen",28.44,"microgramsPerLiter","Revesz & Coplen 2012a",,
