uid,domainID,siteID,namedLocation,collectDate,sampleID,sampleCode,sampleCondition,laboratoryName,analysisDate,analyzedBy,sampleType,replicate,sampleVolumeFiltered,filterSize,percentFilterAnalyzed,analyte,analyteConcentration,plantAlgaeLabUnits,method,externalRemarks,externalLabDataQF
"93ffd2a4-b339-4726-808f-bdcd4ede00b8","D10","ARIK","ARIK.AOS.S2","2015-06-02","ARIK.SS.20150602.POM.2",,"condition ok","Academy of Natural Sciences of Drexel University","2017-01-17","OKgcKejxXbI=","13C15N","2",250,25,100,"d13C",-27.86,"perMill",,,"Audit Failed. Document: A00036_DREX_AlgalChem_DocAudit_20170407.pdf & A00036_DREX_AlgalChem_VisitAudit_20170407.pdf"
"8c49a4bd-6b60-47cf-866b-60b2d89fc375","D10","ARIK","ARIK.AOS.S2","2015-06-02","ARIK.SS.20150602.POM.1",,"condition ok","Academy of Natural Sciences of Drexel University","2016-09-13","OKgcKejxXbI=","13C15N","1",,,100,"d13C",-26.11,"perMill",,"*** noted that many filters in this batch had missing rims and leakage, but specific notes on which samples this occurred to were not recorded.",
"b61a87d7-f45b-46cb-96c2-73bb8b09ca36","D10","ARIK","ARIK.AOS.S2","2015-06-02","ARIK.SS.20150602.POM.1",,"condition ok","Academy of Natural Sciences of Drexel University","2016-09-13","OKgcKejxXbI=","13C15N","1",,,100,"d15N",4.90,"perMill",,,
"0b01759f-58b7-49d1-9099-95aa560a6fe8","D10","ARIK","ARIK.AOS.S2","2015-06-02","ARIK.SS.20150602.POM.2",,"condition ok","Academy of Natural Sciences of Drexel University","2017-01-17","OKgcKejxXbI=","13C15N","2",,,100,"d15N",3.94,"perMill",,,
"04ac99cd-7b00-4d87-b469-4b1e58fb3034","D10","ARIK","ARIK.AOS.S2","2015-06-02","ARIK.SS.20150602.POM.2",,"condition ok","Academy of Natural Sciences of Drexel University","2017-01-17","OKgcKejxXbI=","13C15N","2",,,100,"d13C",-27.86,"perMill",,,
"f845bc0d-f241-4b4f-9ee2-92119669192d","D10","ARIK","ARIK.AOS.S2","2015-06-02","ARIK.SS.20150602.POM.1",,"condition ok","Academy of Natural Sciences of Drexel University","2016-09-13","OKgcKejxXbI=","13C15N","1",250,25,100,"d13C",-26.11,"perMill",,"noted that many filters in this batch had missing rims and leakage, but specific notes on which samples this occurred to were not recorded","Audit Failed. Document: A00036_DREX_AlgalChem_DocAudit_20170407.pdf & A00036_DREX_AlgalChem_VisitAudit_20170407.pdf"
"51ee5686-b8fb-4bf1-accb-50ca3defded8","D10","ARIK","ARIK.AOS.S2","2015-06-02","ARIK.SS.20150602.POM.2",,"condition ok","Academy of Natural Sciences of Drexel University","2017-01-17","OKgcKejxXbI=","13C15N","2",250,25,100,"d15N",3.94,"perMill",,,"Audit Failed. Document: A00036_DREX_AlgalChem_DocAudit_20170407.pdf & A00036_DREX_AlgalChem_VisitAudit_20170407.pdf"
"938b15f9-6c49-4e96-a2dc-deef49f468d0","D10","ARIK","ARIK.AOS.S2","2015-06-02","ARIK.SS.20150602.POM.1",,"condition ok","Academy of Natural Sciences of Drexel University","2016-09-13","OKgcKejxXbI=","13C15N","1",250,25,100,"d15N",4.90,"perMill",,,"Audit Failed. Document: A00036_DREX_AlgalChem_DocAudit_20170407.pdf & A00036_DREX_AlgalChem_VisitAudit_20170407.pdf"
"1d1bef49-3327-48ed-8cf9-35aee95eeb57","D10","ARIK","ARIK.AOS.S2","2015-06-10","ARIK.SS.20150610.POM.1",,"condition ok","Academy of Natural Sciences of Drexel University","2016-09-13","OKgcKejxXbI=","13C15N","1",,,100,"d15N",4.61,"perMill",,,
"b9acba22-a265-4022-bce6-e2da3033d545","D10","ARIK","ARIK.AOS.S2","2015-06-10","ARIK.SS.20150610.POM.1",,"condition ok","Academy of Natural Sciences of Drexel University","2016-09-13","OKgcKejxXbI=","13C15N","1",,,100,"d13C",-27.07,"perMill",,,
"74ca5c0f-b3eb-4306-85ee-456d134edeca","D10","ARIK","ARIK.AOS.S2","2015-06-10","ARIK.SS.20150610.POM.2",,"condition ok","Academy of Natural Sciences of Drexel University","2017-01-17","OKgcKejxXbI=","13C15N","2",,,100,"d15N",4.06,"perMill",,,
"7b3de16c-72f4-4dab-8da2-81a2f2dadd5d","D10","ARIK","ARIK.AOS.S2","2015-06-10","ARIK.SS.20150610.POM.2",,"condition ok","Academy of Natural Sciences of Drexel University","2017-01-17","OKgcKejxXbI=","13C15N","2",,,100,"d13C",-26.99,"perMill",,,
"12f08074-967c-489e-8c7e-891b4f6e7054","D10","ARIK","ARIK.AOS.S2","2015-06-10","ARIK.SS.20150610.POM.2",,"condition ok","Academy of Natural Sciences of Drexel University","2017-01-17","OKgcKejxXbI=","13C15N","2",250,25,100,"d15N",4.06,"perMill",,,"Audit Failed. Document: A00036_DREX_AlgalChem_DocAudit_20170407.pdf & A00036_DREX_AlgalChem_VisitAudit_20170407.pdf"
"fd2090d0-b33e-4a31-b931-d92e4cecb9c9","D10","ARIK","ARIK.AOS.S2","2015-06-10","ARIK.SS.20150610.POM.2",,"condition ok","Academy of Natural Sciences of Drexel University","2017-01-17","OKgcKejxXbI=","13C15N","2",250,25,100,"d13C",-26.99,"perMill",,,"Audit Failed. Document: A00036_DREX_AlgalChem_DocAudit_20170407.pdf & A00036_DREX_AlgalChem_VisitAudit_20170407.pdf"
"5411d8ab-d414-43b6-86e5-9db4a9f27b68","D10","ARIK","ARIK.AOS.S2","2015-06-10","ARIK.SS.20150610.POM.1",,"condition ok","Academy of Natural Sciences of Drexel University","2016-09-13","OKgcKejxXbI=","13C15N","1",250,25,100,"d13C",-27.07,"perMill",,,"Audit Failed. Document: A00036_DREX_AlgalChem_DocAudit_20170407.pdf & A00036_DREX_AlgalChem_VisitAudit_20170407.pdf"
"a3cb2cdc-c9b1-4cec-ae6e-bee87a20ea0a","D10","ARIK","ARIK.AOS.S2","2015-06-10","ARIK.SS.20150610.POM.1",,"condition ok","Academy of Natural Sciences of Drexel University","2016-09-13","OKgcKejxXbI=","13C15N","1",250,25,100,"d15N",4.61,"perMill",,,"Audit Failed. Document: A00036_DREX_AlgalChem_DocAudit_20170407.pdf & A00036_DREX_AlgalChem_VisitAudit_20170407.pdf"
