uid,domainID,siteID,namedLocation,collectDate,analysisDate,isotopeH2OSampleID,isotopeH2OSampleCode,instrumentSN,d18OWater,d2HWater,d18OsdWater,d2HsdWater,isotopeH2OExternalLabQF,laboratoryName,analyzedBy,sampleCondition,externalRemarks,externalLabDataQF
"2f694880-e39b-4626-8906-444e19a56327","D06","MCDI","MCDI.AOS.S2","2019-07-01","2019-07-29","MCDI.SS.20190701.H2O.1","A00000079702","HIDS2052",-5.15,-30.99,0.03,0.13,0,"SIRFER Lab at University of Utah","OlSmE6RRn5QQH8tvUHmK5i/poYiQr6sd","OK",,
"12766f12-3011-44e6-9e2f-acd33fc209be","D06","MCDI","MCDI.AOS.S2","2019-07-15","2019-11-08","MCDI.SS.20190715.H2O.1","A00000079753","HIDS2052",-5.62,-35.13,0.03,0.07,0,"SIRFER Lab at University of Utah","OlSmE6RRn5QQH8tvUHmK5i/poYiQr6sd","OK",,
"89a06687-1173-4900-b720-02eda8f711f0","D06","MCDI","MCDI.AOS.S2","2019-07-17","2019-11-08","MCDI.SS.20190717.H2O.2","A00000079773","HIDS2052",-5.78,-36.05,0.02,0.13,0,"SIRFER Lab at University of Utah","OlSmE6RRn5QQH8tvUHmK5i/poYiQr6sd","OK",,
"107016a4-a54e-400b-b32e-5c728adc6103","D06","MCDI","MCDI.AOS.S2","2019-07-17","2019-11-08","MCDI.SS.20190717.H2O.1","A00000079774","HIDS2052",-5.80,-36.14,0.06,0.21,0,"SIRFER Lab at University of Utah","OlSmE6RRn5QQH8tvUHmK5i/poYiQr6sd","OK",,
