uid,domainID,siteID,namedLocation,collectDate,parentSampleID,parentSampleCode,isotopeH2OSampleCond,isotopeH2OSampleID,isotopeH2OSampleCode,isotopePOMRep2SampleCond,isotopePOMRep2SampleID,isotopePOMRep2SampleCode,isotopePOMSampleCond,isotopePOMSampleID,isotopePOMSampleCode,processedDateFilters,processedDateH2OIsotopes,sampleVolumeFilteredPOMRep1,sampleVolumeFilteredPOMRep2,fieldDataQF
"55e5b7ea-4f1e-4626-a550-0596512f7537","D06","MCDI","MCDI.AOS.S2","2019-07-01T15:30Z","MCDI.SS.20190701",,"Sample condition ok","MCDI.SS.20190701.H2O.1","A00000079702","Sample condition ok","MCDI.SS.20190701.POM.2","A00000079708","Sample condition ok","MCDI.SS.20190701.POM.1","A00000079707","2019-07-01T18:19Z","2019-07-01T18:23Z",255,255,
"5af636a1-a2b9-4995-8223-18f10c0a51c5","D06","MCDI","MCDI.AOS.S2","2019-07-15T15:30Z","MCDI.SS.20190715",,"Sample condition ok","MCDI.SS.20190715.H2O.1","A00000079753","Sample condition ok","MCDI.SS.20190715.POM.2","A00000079750","Sample condition ok","MCDI.SS.20190715.POM.1","A00000079751","2019-07-15T17:13Z","2019-07-15T17:18Z",1000,1000,
"3083b363-b538-4e90-986c-6de020235006","D06","MCDI","MCDI.AOS.S2","2019-07-17T14:50Z","MCDI.SS.20190717",,"Sample condition ok","MCDI.SS.20190717.H2O.2","A00000079773",,,,,,,,"2019-07-17T16:15Z",,,
"d84098e3-52b4-4fc4-95a7-f720ccb3c985","D06","MCDI","MCDI.AOS.S2","2019-07-17T14:50Z","MCDI.SS.20190717",,"Sample condition ok","MCDI.SS.20190717.H2O.1","A00000079774","Sample condition ok","MCDI.SS.20190717.POM.2","A00000079796","Sample condition ok","MCDI.SS.20190717.POM.1","A00000079779","2019-07-17T15:58Z","2019-07-17T16:15Z",1000,1000,
