uid,domainID,siteID,namedLocation,collectDate,sampleID,sampleCode,sampleCondition,laboratoryName,analysisDate,analyzedBy,sampleType,replicate,sampleVolumeFiltered,filterSize,percentFilterAnalyzed,analyte,analyteConcentration,plantAlgaeLabUnits,method,externalRemarks,externalLabDataQF
"9e0d873e-f0f0-4518-8ee3-142bf4945fb4","D06","MCDI","MCDI.AOS.S2","2019-07-01","MCDI.SS.20190701.POM.1","A00000079707","condition ok","SIRFER Lab at University of Utah","2019-12-19","ElFtGy1kV49xqNP00HfxQA==","POM","1",255,25,100,"carbon",,"microgramsPerLiter","Revesz & Coplen 2012a",,
"efc3891f-62dc-4233-b47a-ab34c66f3b40","D06","MCDI","MCDI.AOS.S2","2019-07-01","MCDI.SS.20190701.POM.1","A00000079707","condition ok","SIRFER Lab at University of Utah","2019-12-19","ElFtGy1kV49xqNP00HfxQA==","POM","1",255,25,100,"nitrogen",,"microgramsPerLiter","Revesz & Coplen 2012a",,
"186ac425-e880-4bda-a95c-4324900cc34d","D06","MCDI","MCDI.AOS.S2","2019-07-01","MCDI.SS.20190701.POM.1","A00000079707","condition ok","SIRFER Lab at University of Utah","2019-12-19","ElFtGy1kV49xqNP00HfxQA==","POM","1",255,25,100,"d13C",,"perMill","Revesz & Coplen 2012a",,
"8cfc6353-9a48-464f-837a-243eec0a7d6a","D06","MCDI","MCDI.AOS.S2","2019-07-01","MCDI.SS.20190701.POM.1","A00000079707","condition ok","SIRFER Lab at University of Utah","2019-12-19","ElFtGy1kV49xqNP00HfxQA==","POM","1",255,25,100,"d15N",,"perMill","Revesz & Coplen 2012a",,
