uid,domainID,siteID,namedLocation,decimalLatitude,decimalLongitude,coordinateUncertainty,additionalCoordUncertainty,elevation,elevationUncertainty,geodeticDatum,altLocation,altLatitude,altLongitude,altCoordinateUncertainty,altGeodeticDatum,collectDate,aquaticSiteType,samplingImpractical,parentSampleID,parentSampleCode,eventID,samplerType,dissolvedOxygen,dissolvedOxygenSaturation,specificConductance,waterTemp,asiSamplingProtocolVersion,lowerSegmentDepth,upperSegmentDepth,maxDepth,lakeSampleDepth1,lakeSampleDepth2,aCollectedBy,bCollectedBy,remarks,fieldDataQF
"5b1668e4-1e7b-45bc-828e-f7b7aeea13c1","D14","SYCA","SYCA.AOS.S2",33.750886,-111.508124,0.1,10.0,643.1,0.1,"WGS84",,,,,,"2019-02-12T20:34Z","stream",,"SYCA.SS.20190212",,"SYCA.20190212","Grab",9.35,93.10,506.00,15.10,"NEON.DOC.001886vF",,,,,,"Rmore-hla@battelleecology.org","akaram@neoninc.org",,
"1c0b2bd1-9001-4b84-bc7f-69aaa71be87c","D14","SYCA","SYCA.AOS.S2",33.750886,-111.508124,0.1,10.0,643.1,0.1,"WGS84",,,,,,"2019-02-14T16:03Z","stream",,"SYCA.SS.20190214",,"SYCA.20190214","Grab",8.10,76.10,539.00,12.80,"NEON.DOC.001886vF",,,,,,"Rmore-hla@battelleecology.org","Rmore-hla@battelleecology.org",,
"7481b84d-0e37-458f-bef7-53370adef0b0","D14","SYCA","SYCA.AOS.reach",33.750993,-111.508091,10.0,,645.0,10.0,"WGS84","Flood coming",33.753595,-111.505844,3.0,"WGS84","2019-02-21T14:55Z","stream",,"SYCA.RE.20190221",,"SYCA.20190221","Grab",10.42,85.70,278.00,6.90,"NEON.DOC.001886vF",,,,,,"Rmore-hla@battelleecology.org","Rmore-hla@battelleecology.org",,
"3290215b-8690-49de-bf66-a9f9af205db3","D14","SYCA","SYCA.AOS.reach",33.750993,-111.508091,10.0,,645.0,10.0,"WGS84","High flows preventing safe wading to S2.",33.753719,-111.505467,3.0,"WGS84","2019-02-26T16:17Z","stream",,"SYCA.RE.20190226",,"SYCA.20190226","Grab",10.83,86.90,195.00,5.90,"NEON.DOC.001886vF",,,,,,"Rmore-hla@battelleecology.org","kmatthiesen@field-ops.org","Could sample in thalwag due to high flows. Sampled in main channel as far into flow a was safe.",
"9c3873f3-0277-410e-9063-e46a90c6bcbe","D14","SYCA","SYCA.AOS.reach",33.750993,-111.508091,10.0,,645.0,10.0,"WGS84","High flows",33.753719,-111.505467,3.0,"WGS84","2019-02-27T15:29Z","stream",,"SYCA.RE.20190227",,"SYCA.20190227","Grab",10.58,88.00,180.40,7.40,"NEON.DOC.001886vF",,,,,,"Rmore-hla@battelleecology.org","kmatthiesen@field-ops.org",,
