uid,domainID,siteID,namedLocation,collectDate,sampleID,sampleCode,sampleCondition,laboratoryName,analysisDate,analyzedBy,sampleType,replicate,sampleVolumeFiltered,filterSize,percentFilterAnalyzed,analyte,analyteConcentration,plantAlgaeLabUnits,method,externalRemarks,externalLabDataQF
"7fe9bff8-60cf-4d63-afa4-09d63e10c068","D14","SYCA","SYCA.AOS.S2","2019-02-12","SYCA.SS.20190212.POM.1","A00000047497","condition ok","SIRFER Lab at University of Utah","2019-07-11","ElFtGy1kV49xqNP00HfxQA==","POM","1",536,25,100,"d15N",2.74,"perMill","Revesz & Coplen 2012a",,
"73dfacd2-fbd8-45a6-ba74-e3240990b950","D14","SYCA","SYCA.AOS.S2","2019-02-12","SYCA.SS.20190212.POM.1","A00000047497","condition ok","SIRFER Lab at University of Utah","2019-07-11","ElFtGy1kV49xqNP00HfxQA==","POM","1",536,25,100,"carbon",24.20,"microgramsPerLiter","Revesz & Coplen 2012a",,
"25f0e994-07ab-45b6-9e88-99861db0af2a","D14","SYCA","SYCA.AOS.S2","2019-02-12","SYCA.SS.20190212.POM.1","A00000047497","condition ok","SIRFER Lab at University of Utah","2019-07-11","ElFtGy1kV49xqNP00HfxQA==","POM","1",536,25,100,"d13C",-24.09,"perMill","Revesz & Coplen 2012a",,
"45d8688f-82e2-4d56-97b6-80f693aad8c3","D14","SYCA","SYCA.AOS.S2","2019-02-12","SYCA.SS.20190212.POM.1","A00000047497","condition ok","SIRFER Lab at University of Utah","2019-07-11","ElFtGy1kV49xqNP00HfxQA==","POM","1",536,25,100,"nitrogen",2.46,"microgramsPerLiter","Revesz & Coplen 2012a",,
"601d7cfe-7b92-4711-ae92-ee7ed098e982","D14","SYCA","SYCA.AOS.S2","2019-02-14","SYCA.SS.20190214.POM.1","A00000055721","condition ok","SIRFER Lab at University of Utah","2019-07-11","ElFtGy1kV49xqNP00HfxQA==","POM","1",500,25,100,"nitrogen",2.83,"microgramsPerLiter","Revesz & Coplen 2012a",,
"cef961d8-7a74-4ead-9f16-a953cee5ca5f","D14","SYCA","SYCA.AOS.S2","2019-02-14","SYCA.SS.20190214.POM.1","A00000055721","condition ok","SIRFER Lab at University of Utah","2019-07-11","ElFtGy1kV49xqNP00HfxQA==","POM","1",500,25,100,"carbon",27.72,"microgramsPerLiter","Revesz & Coplen 2012a",,
"640c9aeb-7af4-4d6f-a334-8ddfe1a6a071","D14","SYCA","SYCA.AOS.S2","2019-02-14","SYCA.SS.20190214.POM.1","A00000055721","condition ok","SIRFER Lab at University of Utah","2019-07-11","ElFtGy1kV49xqNP00HfxQA==","POM","1",500,25,100,"d15N",4.63,"perMill","Revesz & Coplen 2012a",,
"e85e91c0-de8d-45b8-8d16-b66c2bb3851a","D14","SYCA","SYCA.AOS.S2","2019-02-14","SYCA.SS.20190214.POM.1","A00000055721","condition ok","SIRFER Lab at University of Utah","2019-07-11","ElFtGy1kV49xqNP00HfxQA==","POM","1",500,25,100,"d13C",-24.36,"perMill","Revesz & Coplen 2012a",,
"15599367-c6df-4649-be7e-70e5acec1d4c","D14","SYCA","SYCA.AOS.reach","2019-02-21","SYCA.RE.20190221.POM.1","A00000055196","condition ok","SIRFER Lab at University of Utah","2019-07-11","ElFtGy1kV49xqNP00HfxQA==","POM","1",150,25,100,"nitrogen",7.34,"microgramsPerLiter","Revesz & Coplen 2012a",,
"6596e24b-efd7-4580-a59c-e890cafb303e","D14","SYCA","SYCA.AOS.reach","2019-02-21","SYCA.RE.20190221.POM.1","A00000055196","condition ok","SIRFER Lab at University of Utah","2019-07-11","ElFtGy1kV49xqNP00HfxQA==","POM","1",150,25,100,"d13C",-26.20,"perMill","Revesz & Coplen 2012a",,
"c7f7edfd-9633-4ccf-a898-ec9fef2a78a0","D14","SYCA","SYCA.AOS.reach","2019-02-21","SYCA.RE.20190221.POM.1","A00000055196","condition ok","SIRFER Lab at University of Utah","2019-07-11","ElFtGy1kV49xqNP00HfxQA==","POM","1",150,25,100,"d15N",3.84,"perMill","Revesz & Coplen 2012a",,
"eb2502a7-7db1-49e7-a2b0-d8491c7d2908","D14","SYCA","SYCA.AOS.reach","2019-02-21","SYCA.RE.20190221.POM.1","A00000055196","condition ok","SIRFER Lab at University of Utah","2019-07-11","ElFtGy1kV49xqNP00HfxQA==","POM","1",150,25,100,"carbon",83.65,"microgramsPerLiter","Revesz & Coplen 2012a",,
"daa8aa51-931d-40c4-b609-0fbc56559ec1","D14","SYCA","SYCA.AOS.reach","2019-02-26","SYCA.RE.20190226.POM.1","A00000055706","condition ok","SIRFER Lab at University of Utah","2019-05-13","ElFtGy1kV49xqNP00HfxQA==","POM","1",60,25,100,"d15N",2.11,"perMill","Revesz & Coplen 2012a",,
"1fad2f7e-1ae0-49f8-94c7-e1321b626da5","D14","SYCA","SYCA.AOS.reach","2019-02-26","SYCA.RE.20190226.POM.1","A00000055706","condition ok","SIRFER Lab at University of Utah","2019-05-13","ElFtGy1kV49xqNP00HfxQA==","POM","1",60,25,100,"carbon",4399.41,"microgramsPerLiter","Revesz & Coplen 2012a",,
"8c08dfad-b008-498a-81c9-06a3bc1a36d5","D14","SYCA","SYCA.AOS.reach","2019-02-26","SYCA.RE.20190226.POM.1","A00000055706","condition ok","SIRFER Lab at University of Utah","2019-05-13","ElFtGy1kV49xqNP00HfxQA==","POM","1",60,25,100,"d13C",-22.99,"perMill","Revesz & Coplen 2012a",,
"72505437-46f1-46e9-a7e3-363c3ab71a95","D14","SYCA","SYCA.AOS.reach","2019-02-26","SYCA.RE.20190226.POM.1","A00000055706","condition ok","SIRFER Lab at University of Utah","2019-05-13","ElFtGy1kV49xqNP00HfxQA==","POM","1",60,25,100,"nitrogen",336.73,"microgramsPerLiter","Revesz & Coplen 2012a",,
"eada5bca-ac31-4776-9286-0bb77ce13132","D14","SYCA","SYCA.AOS.reach","2019-02-27","SYCA.RE.20190227.POM.1","A00000055556","condition ok","SIRFER Lab at University of Utah","2019-05-13","ElFtGy1kV49xqNP00HfxQA==","POM","1",50,25,100,"d13C",-22.33,"perMill","Revesz & Coplen 2012a",,
"a2b69e25-7ebf-43f9-a9c1-c8ae7833e5eb","D14","SYCA","SYCA.AOS.reach","2019-02-27","SYCA.RE.20190227.POM.1","A00000055556","condition ok","SIRFER Lab at University of Utah","2019-05-13","ElFtGy1kV49xqNP00HfxQA==","POM","1",50,25,100,"d15N",1.71,"perMill","Revesz & Coplen 2012a",,
"ce599ad9-72be-4a7a-87d4-d95583f18224","D14","SYCA","SYCA.AOS.reach","2019-02-27","SYCA.RE.20190227.POM.1","A00000055556","condition ok","SIRFER Lab at University of Utah","2019-05-13","ElFtGy1kV49xqNP00HfxQA==","POM","1",50,25,100,"nitrogen",348.24,"microgramsPerLiter","Revesz & Coplen 2012a",,
"2e7c01a1-745b-47ba-85b4-d4fee3fcf10d","D14","SYCA","SYCA.AOS.reach","2019-02-27","SYCA.RE.20190227.POM.1","A00000055556","condition ok","SIRFER Lab at University of Utah","2019-05-13","ElFtGy1kV49xqNP00HfxQA==","POM","1",50,25,100,"carbon",4538.25,"microgramsPerLiter","Revesz & Coplen 2012a",,
