uid,domainID,siteID,namedLocation,collectDate,parentSampleID,parentSampleCode,isotopeH2OSampleCond,isotopeH2OSampleID,isotopeH2OSampleCode,isotopePOMRep2SampleCond,isotopePOMRep2SampleID,isotopePOMRep2SampleCode,isotopePOMSampleCond,isotopePOMSampleID,isotopePOMSampleCode,processedDateFilters,processedDateH2OIsotopes,sampleVolumeFilteredPOMRep1,sampleVolumeFilteredPOMRep2,fieldDataQF
"41ac2086-8d3b-40d6-ae9b-1525a3e513ad","D14","SYCA","SYCA.AOS.S2","2019-02-12T20:34Z","SYCA.SS.20190212",,"Sample condition ok","SYCA.SS.20190212.H2O.1","A00000047429","Sample condition ok","SYCA.SS.20190212.POM.2","A00000047514","Sample condition ok","SYCA.SS.20190212.POM.1","A00000047497","2019-02-12T22:01Z","2019-02-12T21:38Z",536,536,
"0c4f0b75-1d27-456f-bdfd-0f3f9727dcb5","D14","SYCA","SYCA.AOS.S2","2019-02-14T16:03Z","SYCA.SS.20190214",,"Sample condition ok","SYCA.SS.20190214.H2O.1","A00000055689","Sample condition ok","SYCA.SS.20190214.POM.2","A00000055722","Sample condition ok","SYCA.SS.20190214.POM.1","A00000055721","2019-02-14T17:18Z","2019-02-14T16:47Z",500,500,
"c82a61e0-343b-45ac-a815-8d896e9b31ec","D14","SYCA","SYCA.AOS.reach","2019-02-21T14:55Z","SYCA.RE.20190221",,"Sample condition ok","SYCA.RE.20190221.H2O.1","A00000055214","Sample condition ok","SYCA.RE.20190221.POM.2","A00000055197","Sample condition ok","SYCA.RE.20190221.POM.1","A00000055196","2019-02-21T15:46Z","2019-02-21T15:26Z",150,150,
"e3c20197-f4f2-445f-851a-4723d0ac10fe","D14","SYCA","SYCA.AOS.reach","2019-02-26T16:17Z","SYCA.RE.20190226",,"Sample condition ok","SYCA.RE.20190226.H2O.2","A00000055621",,,,,,,,"2019-02-26T17:55Z",,,
"8a8bd23a-66cf-47de-be2d-0dc064658fba","D14","SYCA","SYCA.AOS.reach","2019-02-26T16:17Z","SYCA.RE.20190226",,"Sample condition ok","SYCA.RE.20190226.H2O.3","A00000055620",,,,,,,,"2019-02-26T18:11Z",,,
"f49de288-4586-46ed-87dd-8377692dbac5","D14","SYCA","SYCA.AOS.reach","2019-02-26T16:17Z","SYCA.RE.20190226",,"Sample condition ok","SYCA.RE.20190226.H2O.1","A00000055622","Sample condition ok","SYCA.RE.20190226.POM.2","A00000055538","Sample condition ok","SYCA.RE.20190226.POM.1","A00000055706","2019-02-26T18:35Z","2019-02-26T17:15Z",60,60,
"01a5aef5-f868-486b-8098-3855753c98c3","D14","SYCA","SYCA.AOS.reach","2019-02-27T15:29Z","SYCA.RE.20190227",,"Sample condition ok","SYCA.RE.20190227.H2O.1","A00000055542","Sample condition ok","SYCA.RE.20190227.POM.2","A00000055572","Sample condition ok","SYCA.RE.20190227.POM.1","A00000055556","2019-02-27T16:21Z","2019-02-27T15:58Z",50,50,
