uid,domainID,siteID,namedLocation,collectDate,analysisDate,isotopeH2OSampleID,isotopeH2OSampleCode,instrumentSN,d18OWater,d2HWater,d18OsdWater,d2HsdWater,isotopeH2OExternalLabQF,laboratoryName,analyzedBy,sampleCondition,externalRemarks,externalLabDataQF
"c8349a44-6fa4-45aa-889c-299f9f720f1b","D14","SYCA","SYCA.AOS.S2","2019-02-12","2019-05-07","SYCA.SS.20190212.H2O.1","A00000047429","HIDS2052",-8.52,-60.99,0.03,0.20,0,"SIRFER Lab at University of Utah","OlSmE6RRn5QQH8tvUHmK5i/poYiQr6sd","OK",,
"d452e61b-c010-4a58-99d9-2501891ce0de","D14","SYCA","SYCA.AOS.S2","2019-02-14","2019-05-07","SYCA.SS.20190214.H2O.1","A00000055689","HIDS2052",-8.50,-60.52,0.04,0.16,0,"SIRFER Lab at University of Utah","OlSmE6RRn5QQH8tvUHmK5i/poYiQr6sd","OK",,
"fa54c538-3d60-4f55-984a-6f5a947dc711","D14","SYCA","SYCA.AOS.reach","2019-02-21","2019-05-07","SYCA.RE.20190221.H2O.1","A00000055214","HIDS2052",-9.40,-65.92,0.02,0.21,0,"SIRFER Lab at University of Utah","OlSmE6RRn5QQH8tvUHmK5i/poYiQr6sd","OK",,
"f53c7c9f-9c1a-4414-9ac3-abe128f86342","D14","SYCA","SYCA.AOS.reach","2019-02-26","2019-05-07","SYCA.RE.20190226.H2O.3","A00000055620","HIDS2052",-9.87,-69.15,0.02,0.18,0,"SIRFER Lab at University of Utah","OlSmE6RRn5QQH8tvUHmK5i/poYiQr6sd","OK",,
"ae3a0f4b-3eb3-4eb7-a778-71296ff7c8b4","D14","SYCA","SYCA.AOS.reach","2019-02-26","2019-05-07","SYCA.RE.20190226.H2O.2","A00000055621","HIDS2052",-10.25,-70.66,0.03,0.23,0,"SIRFER Lab at University of Utah","OlSmE6RRn5QQH8tvUHmK5i/poYiQr6sd","OK",,
"9d4c018e-2c24-499b-8f7c-6a2a66db2014","D14","SYCA","SYCA.AOS.reach","2019-02-26","2019-05-07","SYCA.RE.20190226.H2O.1","A00000055622","HIDS2052",-10.22,-70.28,0.06,0.32,0,"SIRFER Lab at University of Utah","OlSmE6RRn5QQH8tvUHmK5i/poYiQr6sd","OK",,
"825a4f2b-97ee-4b93-9223-1721b4426825","D14","SYCA","SYCA.AOS.reach","2019-02-27","2019-05-07","SYCA.RE.20190227.H2O.1","A00000055542","HIDS2052",-10.39,-71.28,0.03,0.10,0,"SIRFER Lab at University of Utah","OlSmE6RRn5QQH8tvUHmK5i/poYiQr6sd","OK",,
