uid,domainID,siteID,namedLocation,collectDate,sampleID,sampleCode,sampleCondition,laboratoryName,analysisDate,analyzedBy,sampleType,replicate,sampleVolumeFiltered,filterSize,percentFilterAnalyzed,analyte,analyteConcentration,plantAlgaeLabUnits,method,externalRemarks,externalLabDataQF
"321adb02-d9bd-4679-8c66-d364d279091a","D05","CRAM","CRAM.AOS.buoy.c1","2018-08-07","CRAM.C1.20180807.POM.1","A00000007457","condition ok","SIRFER Lab at University of Utah","2018-09-13","ElFtGy1kV49xqNP00HfxQA==","POM","1",120,25,100,"d15N",2.72,"perMill","Revesz & Coplen 2012a",,
"227360ea-8174-4ed2-9f8d-1db90421af1d","D05","CRAM","CRAM.AOS.buoy.c1","2018-08-07","CRAM.C1.20180807.POM.1","A00000007457","condition ok","SIRFER Lab at University of Utah","2018-09-13","ElFtGy1kV49xqNP00HfxQA==","POM","1",120,25,100,"d13C",-27.63,"perMill","Revesz & Coplen 2012a",,
"9e3ac994-dd4b-41bb-a61e-10cdcd713a7a","D05","CRAM","CRAM.AOS.buoy.c1","2018-08-07","CRAM.C1.20180807.POM.1","A00000007457","condition ok","SIRFER Lab at University of Utah","2018-09-13","ElFtGy1kV49xqNP00HfxQA==","POM","1",120,25,100,"carbon",718.45,"microgramsPerLiter","Revesz & Coplen 2012a",,
"354c8ee4-a0fe-47bf-83e5-194a65135093","D05","CRAM","CRAM.AOS.buoy.c1","2018-08-07","CRAM.C1.20180807.POM.1","A00000007457","condition ok","SIRFER Lab at University of Utah","2018-09-13","ElFtGy1kV49xqNP00HfxQA==","POM","1",120,25,100,"nitrogen",77.05,"microgramsPerLiter","Revesz & Coplen 2012a",,
"2e6435d8-e76d-4320-a147-90d779c42c77","D05","CRAM","CRAM.AOS.buoy.c2","2018-08-07","CRAM.C2.20180807.POM.1","A00000007460","condition ok","SIRFER Lab at University of Utah","2018-09-13","ElFtGy1kV49xqNP00HfxQA==","POM","1",180,25,100,"nitrogen",115.23,"microgramsPerLiter","Revesz & Coplen 2012a",,
"45b2de19-97c6-4ab9-af70-d7ccd80a6d43","D05","CRAM","CRAM.AOS.buoy.c2","2018-08-07","CRAM.C2.20180807.POM.1","A00000007460","condition ok","SIRFER Lab at University of Utah","2018-09-13","ElFtGy1kV49xqNP00HfxQA==","POM","1",180,25,100,"carbon",916.13,"microgramsPerLiter","Revesz & Coplen 2012a",,
"2c00e856-74f8-4938-a10c-4dd6b3a5741f","D05","CRAM","CRAM.AOS.buoy.c2","2018-08-07","CRAM.C2.20180807.POM.1","A00000007460","condition ok","SIRFER Lab at University of Utah","2018-09-13","ElFtGy1kV49xqNP00HfxQA==","POM","1",180,25,100,"d15N",-1.44,"perMill","Revesz & Coplen 2012a",,
"2dcff196-9209-4bbd-8ade-35af798b7a2a","D05","CRAM","CRAM.AOS.buoy.c2","2018-08-07","CRAM.C2.20180807.POM.1","A00000007460","condition ok","SIRFER Lab at University of Utah","2018-09-13","ElFtGy1kV49xqNP00HfxQA==","POM","1",180,25,100,"d13C",-34.32,"perMill","Revesz & Coplen 2012a",,
