uid,domainID,siteID,namedLocation,collectDate,sampleID,sampleCode,sampleCondition,laboratoryName,analysisDate,analyzedBy,sampleType,replicate,sampleVolumeFiltered,filterSize,percentFilterAnalyzed,analyte,analyteConcentration,plantAlgaeLabUnits,method,externalRemarks,externalLabDataQF
"64841c6f-6c97-4a62-aed3-c0a94049e709","D07","LECO","LECO.AOS.S2","2019-03-25","LECO.SS.20190325.POM.1","A00000045126","condition ok","SIRFER Lab at University of Utah","2019-08-12","ElFtGy1kV49xqNP00HfxQA==","POM","1",1000,25,100,"nitrogen",34.09,"microgramsPerLiter","Revesz & Coplen 2012a",,
"be57b734-96ca-4df6-b44f-bde514565a51","D07","LECO","LECO.AOS.S2","2019-03-25","LECO.SS.20190325.POM.1","A00000045126","condition ok","SIRFER Lab at University of Utah","2019-08-12","ElFtGy1kV49xqNP00HfxQA==","POM","1",1000,25,100,"carbon",516.59,"microgramsPerLiter","Revesz & Coplen 2012a",,
"a90ee931-cf6c-4248-b3bc-496cda4a2114","D07","LECO","LECO.AOS.S2","2019-03-25","LECO.SS.20190325.POM.1","A00000045126","condition ok","SIRFER Lab at University of Utah","2019-08-12","ElFtGy1kV49xqNP00HfxQA==","POM","1",1000,25,100,"d15N",3.75,"perMill","Revesz & Coplen 2012a",,
"e76686ae-2390-432c-89a3-88f14420f913","D07","LECO","LECO.AOS.S2","2019-03-25","LECO.SS.20190325.POM.1","A00000045126","condition ok","SIRFER Lab at University of Utah","2019-08-12","ElFtGy1kV49xqNP00HfxQA==","POM","1",1000,25,100,"d13C",-27.56,"perMill","Revesz & Coplen 2012a",,
