uid,domainID,siteID,namedLocation,collectDate,sampleID,sampleCode,sampleCondition,laboratoryName,analysisDate,analyzedBy,sampleType,replicate,sampleVolumeFiltered,filterSize,percentFilterAnalyzed,analyte,analyteConcentration,plantAlgaeLabUnits,method,externalRemarks,externalLabDataQF
"d3e186a6-c217-4036-b727-d438e8526490","D05","CRAM","CRAM.AOS.outlet","2017-06-06","CRAM.OT.20170606.POM.1",,"condition ok","SIRFER Lab at University of Utah","2018-03-27","ElFtGy1kV49xqNP00HfxQA==","POM","1",200,25,100,"d13C",-33.49,"perMill","Revesz & Coplen 2012a",,
"fa948583-7144-4b5b-8430-c186b4c0acb6","D05","CRAM","CRAM.AOS.outlet","2017-06-06","CRAM.OT.20170606.POM.1",,"condition ok","SIRFER Lab at University of Utah","2018-03-27","ElFtGy1kV49xqNP00HfxQA==","POM","1",200,25,100,"nitrogen",121.75,"microgramsPerLiter","Revesz & Coplen 2012a",,
"89dceb53-4b7e-4ef1-9f84-7c7150bf94cb","D05","CRAM","CRAM.AOS.outlet","2017-06-06","CRAM.OT.20170606.POM.1",,"condition ok","SIRFER Lab at University of Utah","2018-03-27","ElFtGy1kV49xqNP00HfxQA==","POM","1",200,25,100,"d15N",4.07,"perMill","Revesz & Coplen 2012a",,
"908aaeb7-2f9d-4b43-bbc4-ce21f5fe1f6b","D05","CRAM","CRAM.AOS.outlet","2017-06-06","CRAM.OT.20170606.POM.1",,"condition ok","SIRFER Lab at University of Utah","2018-03-27","ElFtGy1kV49xqNP00HfxQA==","POM","1",200,25,100,"carbon",786.92,"microgramsPerLiter","Revesz & Coplen 2012a",,
"1c4d4703-39cc-47c7-9b5a-c67b38a949a5","D05","CRAM","CRAM.AOS.inlet","2017-06-06","CRAM.IN.20170606.POM.1",,"condition ok","SIRFER Lab at University of Utah","2018-03-27","ElFtGy1kV49xqNP00HfxQA==","POM","1",200,25,100,"d13C",-29.74,"perMill","Revesz & Coplen 2012a",,
"093fa161-b92e-40d6-b62f-5557edb5c80e","D05","CRAM","CRAM.AOS.inlet","2017-06-06","CRAM.IN.20170606.POM.1",,"condition ok","SIRFER Lab at University of Utah","2018-03-27","ElFtGy1kV49xqNP00HfxQA==","POM","1",200,25,100,"nitrogen",96.62,"microgramsPerLiter","Revesz & Coplen 2012a",,
"52867240-975f-41e8-bd36-75a5b6c93668","D05","CRAM","CRAM.AOS.inlet","2017-06-06","CRAM.IN.20170606.POM.1",,"condition ok","SIRFER Lab at University of Utah","2018-03-27","ElFtGy1kV49xqNP00HfxQA==","POM","1",200,25,100,"carbon",704.19,"microgramsPerLiter","Revesz & Coplen 2012a",,
"4bd0a523-8f6c-46b0-a326-46a434ee460d","D05","CRAM","CRAM.AOS.inlet","2017-06-06","CRAM.IN.20170606.POM.1",,"condition ok","SIRFER Lab at University of Utah","2018-03-27","ElFtGy1kV49xqNP00HfxQA==","POM","1",200,25,100,"d15N",1.30,"perMill","Revesz & Coplen 2012a",,
"f2e12307-be15-49d9-a94f-eb91e6ccf772","D05","CRAM","CRAM.AOS.buoy.c1","2017-06-06","CRAM.C1.20170606.POM.1",,"condition ok","SIRFER Lab at University of Utah","2018-03-27","ElFtGy1kV49xqNP00HfxQA==","POM","1",200,25,100,"carbon",715.56,"microgramsPerLiter","Revesz & Coplen 2012a",,
"6a039a14-1a73-4051-bd58-983a633a08f7","D05","CRAM","CRAM.AOS.buoy.c1","2017-06-06","CRAM.C1.20170606.POM.1",,"condition ok","SIRFER Lab at University of Utah","2018-03-27","ElFtGy1kV49xqNP00HfxQA==","POM","1",200,25,100,"d15N",5.47,"perMill","Revesz & Coplen 2012a",,
"0e514fbf-fceb-478e-b211-05b0f7440a1f","D05","CRAM","CRAM.AOS.buoy.c1","2017-06-06","CRAM.C1.20170606.POM.1",,"condition ok","SIRFER Lab at University of Utah","2018-03-27","ElFtGy1kV49xqNP00HfxQA==","POM","1",200,25,100,"nitrogen",87.78,"microgramsPerLiter","Revesz & Coplen 2012a",,
"7c528508-1445-41be-bb4f-cb3024c7e8a2","D05","CRAM","CRAM.AOS.buoy.c1","2017-06-06","CRAM.C1.20170606.POM.1",,"condition ok","SIRFER Lab at University of Utah","2018-03-27","ElFtGy1kV49xqNP00HfxQA==","POM","1",200,25,100,"d13C",-28.40,"perMill","Revesz & Coplen 2012a",,
"58e20eaf-80b8-45d2-af68-2e00e52a4c42","D05","CRAM","CRAM.AOS.buoy.c2","2017-06-06","CRAM.C2.20170606.POM.1",,"condition ok","SIRFER Lab at University of Utah","2018-03-27","ElFtGy1kV49xqNP00HfxQA==","POM","1",150,25,100,"carbon",992.15,"microgramsPerLiter","Revesz & Coplen 2012a",,
"50a021be-b1d4-4f4b-a35e-7042ff2be9cb","D05","CRAM","CRAM.AOS.buoy.c2","2017-06-06","CRAM.C2.20170606.POM.1",,"condition ok","SIRFER Lab at University of Utah","2018-03-27","ElFtGy1kV49xqNP00HfxQA==","POM","1",150,25,100,"d13C",-32.24,"perMill","Revesz & Coplen 2012a",,
"711b2999-9a83-4d15-8713-702474a07471","D05","CRAM","CRAM.AOS.buoy.c2","2017-06-06","CRAM.C2.20170606.POM.1",,"condition ok","SIRFER Lab at University of Utah","2018-03-27","ElFtGy1kV49xqNP00HfxQA==","POM","1",150,25,100,"nitrogen",111.64,"microgramsPerLiter","Revesz & Coplen 2012a",,
"46c57caa-3155-468f-812e-728e3638fe98","D05","CRAM","CRAM.AOS.buoy.c2","2017-06-06","CRAM.C2.20170606.POM.1",,"condition ok","SIRFER Lab at University of Utah","2018-03-27","ElFtGy1kV49xqNP00HfxQA==","POM","1",150,25,100,"d15N",6.61,"perMill","Revesz & Coplen 2012a",,
