uid,domainID,siteID,namedLocation,collectDate,parentSampleID,parentSampleCode,isotopeH2OSampleCond,isotopeH2OSampleID,isotopeH2OSampleCode,isotopePOMRep2SampleCond,isotopePOMRep2SampleID,isotopePOMRep2SampleCode,isotopePOMSampleCond,isotopePOMSampleID,isotopePOMSampleCode,processedDateFilters,processedDateH2OIsotopes,sampleVolumeFilteredPOMRep1,sampleVolumeFilteredPOMRep2,fieldDataQF
"c2019227-a8e5-4c13-846d-e4d971bbcf33","D05","CRAM","CRAM.AOS.outlet","2017-06-06T14:38Z","CRAM.OT.20170606",,"Sample condition ok","CRAM.OT.20170606.H2O.1",,"Sample condition ok",,,"Cold chain broken","CRAM.OT.20170606.POM.1",,"2017-06-06T18:06Z","2017-06-06T20:40Z",200,,
"ea83f221-d560-41ba-8633-2f3c6f705e69","D05","CRAM","CRAM.AOS.inlet","2017-06-06T15:03Z","CRAM.IN.20170606",,"Sample condition ok","CRAM.IN.20170606.H2O.1",,"Sample condition ok",,,"Cold chain broken","CRAM.IN.20170606.POM.1",,"2017-06-06T18:21Z","2017-06-06T20:07Z",200,,
"585ee6e3-ffa5-482d-8982-3d4ae9890f33","D05","CRAM","CRAM.AOS.buoy.c1","2017-06-06T15:34Z","CRAM.C1.20170606",,"Sample condition ok","CRAM.C1.20170606.H2O.1",,"Sample condition ok",,,"Cold chain broken","CRAM.C1.20170606.POM.1",,"2017-06-06T18:22Z","2017-06-06T20:52Z",200,,
"854096f6-8014-4e3f-9e6c-68699f57d8ac","D05","CRAM","CRAM.AOS.buoy.c2","2017-06-06T16:21Z","CRAM.C2.20170606",,"Sample condition ok","CRAM.C2.20170606.H2O.1",,"Sample condition ok",,,"Cold chain broken","CRAM.C2.20170606.POM.1",,"2017-06-06T18:40Z","2017-06-06T20:56Z",150,,
