uid,domainID,siteID,namedLocation,decimalLatitude,decimalLongitude,coordinateUncertainty,additionalCoordUncertainty,elevation,elevationUncertainty,geodeticDatum,altLocation,altLatitude,altLongitude,altCoordinateUncertainty,altGeodeticDatum,collectDate,aquaticSiteType,samplingImpractical,parentSampleID,parentSampleCode,eventID,samplerType,dissolvedOxygen,dissolvedOxygenSaturation,specificConductance,waterTemp,asiSamplingProtocolVersion,lowerSegmentDepth,upperSegmentDepth,maxDepth,lakeSampleDepth1,lakeSampleDepth2,aCollectedBy,bCollectedBy,remarks,fieldDataQF
"c7d509c1-af59-4a5c-9bc2-aef9fcb2c385","D05","CRAM","CRAM.AOS.outlet",46.211998,-89.474475,0.1,10.0,511.8,0.1,"WGS84",,,,,,"2017-06-06T14:38Z","lake",,"CRAM.OT.20170606",,"CRAM.20170606","Kemmerer",10.80,106.40,14.50,18.00,"NEON.DOC.001886vE",,,1.9,0.5,,"jhudson@neoninc.org","Ahaynes@battelleecology.org",,
"cfe69f35-c1bd-48e9-8c73-50a608228d7a","D05","CRAM","CRAM.AOS.inlet",46.207952,-89.476174,0.1,10.0,511.7,0.1,"WGS84",,,,,,"2017-06-06T15:03Z","lake",,"CRAM.IN.20170606",,"CRAM.20170606","Kemmerer",8.68,95.20,14.20,19.90,"NEON.DOC.001886vE",,,1.4,0.5,,"jhudson@neoninc.org","jhudson@neoninc.org",,
"8a657e32-9048-436f-b6c1-cc7262d01174","D05","CRAM","CRAM.AOS.buoy.c1",46.210592,-89.476861,10.0,10.0,509.0,10.0,"WGS84",,,,,,"2017-06-06T15:34Z","lake",,"CRAM.C1.20170606",,"CRAM.20170606",,9.07,99.90,14.30,20.00,"NEON.DOC.001886vE",1.5,0.0,14.5,0.5,,"jhudson@neoninc.org","Ahaynes@battelleecology.org",,
"95326bc2-f13c-48d7-8fd8-c650c06b8b44","D05","CRAM","CRAM.AOS.buoy.c2",46.210592,-89.476861,10.0,10.0,509.0,10.0,"WGS84",,,,,,"2017-06-06T16:21Z","lake",,"CRAM.C2.20170606",,"CRAM.20170606","Kemmerer",4.70,37.20,16.50,5.50,"NEON.DOC.001886vE",14.5,6.0,14.5,8.1,12.4,"jhudson@neoninc.org","Ahaynes@battelleecology.org",,
