uid,domainID,siteID,namedLocation,collectDate,sampleID,sampleCode,sampleCondition,laboratoryName,analysisDate,analyzedBy,sampleType,replicate,sampleVolumeFiltered,filterSize,percentFilterAnalyzed,analyte,analyteConcentration,plantAlgaeLabUnits,method,externalRemarks,externalLabDataQF
"0166ce89-dd8a-40f8-8a46-299601dff6a5","D01","HOPB","HOPB.AOS.S2","2017-06-20","HOPB.SS.20170620.POM.1",,"condition ok","SIRFER Lab at University of Utah","2018-02-20","ElFtGy1kV49xqNP00HfxQA==","POM","1",250,25,100,"carbon",584.73,"microgramsPerLiter","Revesz & Coplen 2012a",,
"28bbf4fb-7e37-495b-b6de-eac02f63ce4d","D01","HOPB","HOPB.AOS.S2","2017-06-20","HOPB.SS.20170620.POM.1",,"condition ok","SIRFER Lab at University of Utah","2018-02-20","ElFtGy1kV49xqNP00HfxQA==","POM","1",250,25,100,"d15N",3.93,"perMill","Revesz & Coplen 2012a",,
"57566a95-fdb2-4474-82c9-40e69a796cee","D01","HOPB","HOPB.AOS.S2","2017-06-20","HOPB.SS.20170620.POM.1",,"condition ok","SIRFER Lab at University of Utah","2018-02-20","ElFtGy1kV49xqNP00HfxQA==","POM","1",250,25,100,"d13C",-28.30,"perMill","Revesz & Coplen 2012a",,
"58b90678-b007-4abb-9485-b46e71aa335f","D01","HOPB","HOPB.AOS.S2","2017-06-20","HOPB.SS.20170620.POM.1",,"condition ok","SIRFER Lab at University of Utah","2018-02-20","ElFtGy1kV49xqNP00HfxQA==","POM","1",250,25,100,"nitrogen",45.83,"microgramsPerLiter","Revesz & Coplen 2012a",,
