uid,domainID,siteID,namedLocation,collectDate,sampleID,sampleCode,sampleCondition,laboratoryName,analysisDate,analyzedBy,sampleType,replicate,sampleVolumeFiltered,filterSize,percentFilterAnalyzed,analyte,analyteConcentration,plantAlgaeLabUnits,method,externalRemarks,externalLabDataQF
"dd08ad64-35c6-4d12-b56d-5d64c35d9ccb","D03","SUGG","SUGG.AOS.buoy.c0","2016-10-11","SUGG.C0.20161011.POM.2",,"condition ok","Academy of Natural Sciences of Drexel University","2017-05-10","OKgcKejxXbI=","13C15N","2",,,100,"d15N",1.99,"perMill",,,
"9187685c-5a64-4042-800b-dd7ec665bd77","D03","SUGG","SUGG.AOS.buoy.c0","2016-10-11","SUGG.C0.20161011.POM.2",,"condition ok","Academy of Natural Sciences of Drexel University","2017-05-10","OKgcKejxXbI=","13C15N","2",,,100,"d13C",-29.40,"perMill",,,
"c64665d4-dd57-401b-b6e6-63d3fe322e13","D03","SUGG","SUGG.AOS.buoy.c0","2016-10-11","SUGG.C0.20161011.POM.1",,"condition ok","Academy of Natural Sciences of Drexel University","2017-03-29","OKgcKejxXbI=","13C15N","1",,,100,"d13C",-29.92,"perMill",,,
"9af37e7a-feb6-4a54-9119-cf46feac1aa3","D03","SUGG","SUGG.AOS.buoy.c0","2016-10-11","SUGG.C0.20161011.POM.1",,"condition ok","Academy of Natural Sciences of Drexel University","2017-03-29","OKgcKejxXbI=","13C15N","1",,,100,"d15N",1.79,"perMill",,,
"c49c40f7-6cc6-4a89-ba7d-2fcd758c6dea","D03","SUGG","SUGG.AOS.inlet","2016-10-11","SUGG.IN.20161011.POM.2",,"other","Academy of Natural Sciences of Drexel University","2017-05-10","OKgcKejxXbI=","13C15N","2",,,100,"d13C",-29.98,"perMill",,"filter poorly folded, sample loss",
"c4c657d0-3be0-4e6a-98ba-e360f61b78d9","D03","SUGG","SUGG.AOS.inlet","2016-10-11","SUGG.IN.20161011.POM.1",,"other","Academy of Natural Sciences of Drexel University","2017-03-29","OKgcKejxXbI=","13C15N","1",,,100,"d13C",-29.57,"perMill",,"filter poorly folded, sample loss",
"750262f8-b22e-48b2-97c7-065fe5cc181d","D03","SUGG","SUGG.AOS.inlet","2016-10-11","SUGG.IN.20161011.POM.1",,"other","Academy of Natural Sciences of Drexel University","2017-03-29","OKgcKejxXbI=","13C15N","1",,,100,"d15N",2.30,"perMill",,"filter poorly folded, sample loss",
"a3035ea4-50b5-43a5-95d4-35548eaba62c","D03","SUGG","SUGG.AOS.inlet","2016-10-11","SUGG.IN.20161011.POM.2",,"other","Academy of Natural Sciences of Drexel University","2017-05-10","OKgcKejxXbI=","13C15N","2",,,100,"d15N",1.51,"perMill",,"filter poorly folded, sample loss",
"ae5cf3c5-4ba6-4b85-b733-b71646ced45c","D03","SUGG","SUGG.AOS.outlet","2016-10-11","SUGG.OT.20161011.POM.1",,"condition ok","Academy of Natural Sciences of Drexel University","2017-03-29","OKgcKejxXbI=","13C15N","1",,,100,"d13C",-30.36,"perMill",,,
"031e60c3-3703-486d-8bf5-c6d6644ba855","D03","SUGG","SUGG.AOS.outlet","2016-10-11","SUGG.OT.20161011.POM.2",,"condition ok","Academy of Natural Sciences of Drexel University","2017-05-10","OKgcKejxXbI=","13C15N","2",,,100,"d13C",-30.31,"perMill",,,
"34d7e1ae-af6b-4003-a35e-ce5be046adb6","D03","SUGG","SUGG.AOS.outlet","2016-10-11","SUGG.OT.20161011.POM.2",,"condition ok","Academy of Natural Sciences of Drexel University","2017-05-10","OKgcKejxXbI=","13C15N","2",,,100,"d15N",2.35,"perMill",,,
"b580a819-02d2-4fde-940f-6d1725087510","D03","SUGG","SUGG.AOS.outlet","2016-10-11","SUGG.OT.20161011.POM.1",,"condition ok","Academy of Natural Sciences of Drexel University","2017-03-29","OKgcKejxXbI=","13C15N","1",,,100,"d15N",1.05,"perMill",,,
"034faacc-e2e2-4f38-afb6-cf0d479771a6","D03","SUGG","SUGG.AOS.buoy.c0","2016-10-31","SUGG.C0.20161031.POM.2",,"other","Academy of Natural Sciences of Drexel University","2017-06-14","OKgcKejxXbI=","13C15N","2",,,100,"d13C",-31.23,"perMill",,"filter folded poorly, sample loss",
"98c20b47-e596-4516-b074-a3aee898a337","D03","SUGG","SUGG.AOS.buoy.c0","2016-10-31","SUGG.C0.20161031.POM.2",,"other","Academy of Natural Sciences of Drexel University","2017-06-14","OKgcKejxXbI=","13C15N","2",,,100,"d15N",4.23,"perMill",,"filter folded poorly, sample loss",
"fd951c09-bb8b-4254-8ed8-946f1c390a7d","D03","SUGG","SUGG.AOS.buoy.c0","2016-10-31","SUGG.C0.20161031.POM.1",,"condition ok","Academy of Natural Sciences of Drexel University","2017-04-12","OKgcKejxXbI=","13C15N","1",,,100,"d15N",8.37,"perMill",,,
"db36cbe6-c5fc-4483-b930-d3b6a243f92a","D03","SUGG","SUGG.AOS.buoy.c0","2016-10-31","SUGG.C0.20161031.POM.1",,"condition ok","Academy of Natural Sciences of Drexel University","2017-04-12","OKgcKejxXbI=","13C15N","1",,,100,"d13C",-31.18,"perMill",,,
"efd7cf5a-4d0b-4446-9eb0-b08ce338fb0c","D03","SUGG","SUGG.AOS.inlet","2016-10-31","SUGG.IN.20161031.POM.1",,"condition ok","Academy of Natural Sciences of Drexel University","2017-04-12","OKgcKejxXbI=","13C15N","1",,,100,"d15N",3.92,"perMill",,,
"66558632-2751-444e-a089-36b53993d633","D03","SUGG","SUGG.AOS.inlet","2016-10-31","SUGG.IN.20161031.POM.2",,"other","Academy of Natural Sciences of Drexel University","2017-06-14","OKgcKejxXbI=","13C15N","2",,,100,"d15N",3.43,"perMill",,"filter folded poorly, sample loss",
"91bbbe0c-b9e3-498e-a3c2-b939e9796a93","D03","SUGG","SUGG.AOS.inlet","2016-10-31","SUGG.IN.20161031.POM.1",,"condition ok","Academy of Natural Sciences of Drexel University","2017-04-12","OKgcKejxXbI=","13C15N","1",,,100,"d13C",-30.65,"perMill",,,
"24fa7d33-945c-43d8-b2de-639f7a88258d","D03","SUGG","SUGG.AOS.inlet","2016-10-31","SUGG.IN.20161031.POM.2",,"other","Academy of Natural Sciences of Drexel University","2017-06-14","OKgcKejxXbI=","13C15N","2",,,100,"d13C",-30.46,"perMill",,"filter folded poorly, sample loss",
"781a03ce-229b-4b3e-b2c9-83a8d913e6b4","D03","SUGG","SUGG.AOS.outlet","2016-10-31","SUGG.OT.20161031.POM.1",,"other","Academy of Natural Sciences of Drexel University","2017-04-12","OKgcKejxXbI=","13C15N","1",,,100,"d15N",2.32,"perMill",,"filter folded poorly, sample loss",
"a6658397-f26d-4e09-8ace-e4e7b6ffc934","D03","SUGG","SUGG.AOS.outlet","2016-10-31","SUGG.OT.20161031.POM.1",,"other","Academy of Natural Sciences of Drexel University","2017-04-12","OKgcKejxXbI=","13C15N","1",,,100,"d13C",-33.02,"perMill",,"filter folded poorly, sample loss",
"b1414b55-9ec3-4177-91b3-9006193f70a4","D03","SUGG","SUGG.AOS.outlet","2016-10-31","SUGG.OT.20161031.POM.2",,"condition ok","Academy of Natural Sciences of Drexel University","2017-06-14","OKgcKejxXbI=","13C15N","2",,,100,"d15N",2.04,"perMill",,,
"354dbf86-1b90-4bf3-b302-6bd63f937d17","D03","SUGG","SUGG.AOS.outlet","2016-10-31","SUGG.OT.20161031.POM.2",,"condition ok","Academy of Natural Sciences of Drexel University","2017-06-14","OKgcKejxXbI=","13C15N","2",,,100,"d13C",-33.23,"perMill",,,
