uid,domainID,siteID,namedLocation,collectDate,analysisDate,isotopeH2OSampleID,isotopeH2OSampleCode,instrumentSN,d18OWater,d2HWater,d18OsdWater,d2HsdWater,isotopeH2OExternalLabQF,laboratoryName,analyzedBy,sampleCondition,externalRemarks,externalLabDataQF
"80c9260f-b245-487c-b9f5-b8ce280de89c","D03","SUGG","SUGG.AOS.buoy.c0","2016-10-11","2016-11-02","SUGG.C0.20161011.H2O.1",,"HIDS2046",1.65,4.54,0.01,0.13,0,"SIRFER Lab at University of Utah","OlSmE6RRn5QQH8tvUHmK5i/poYiQr6sd","OK",,
"6fd88fe9-a158-4346-aa91-d496a6245486","D03","SUGG","SUGG.AOS.inlet","2016-10-11","2016-11-02","SUGG.IN.20161011.H2O.1",,"HIDS2046",1.69,4.50,0.02,0.17,0,"SIRFER Lab at University of Utah","OlSmE6RRn5QQH8tvUHmK5i/poYiQr6sd","OK",,
"96cc20cd-86ce-4ad4-9636-f3fd7f834c9f","D03","SUGG","SUGG.AOS.outlet","2016-10-11","2016-11-02","SUGG.OT.20161011.H2O.1",,"HIDS2046",1.62,4.45,0.02,0.15,0,"SIRFER Lab at University of Utah","OlSmE6RRn5QQH8tvUHmK5i/poYiQr6sd","OK",,
"d99c7b7e-8112-4755-a7dd-ecb4e0624074","D03","SUGG","SUGG.AOS.buoy.c0","2016-10-31","2017-02-13","SUGG.C0.20161031.H2O.1",,"HIDS2052",1.98,6.36,0.04,0.09,0,"SIRFER Lab at University of Utah","OlSmE6RRn5QQH8tvUHmK5i/poYiQr6sd","OK",,
"2056265d-672a-40d6-9631-a9121a82da1c","D03","SUGG","SUGG.AOS.inlet","2016-10-31","2017-02-13","SUGG.IN.20161031.H2O.1",,"HIDS2052",2.40,6.90,0.04,0.09,0,"SIRFER Lab at University of Utah","OlSmE6RRn5QQH8tvUHmK5i/poYiQr6sd","OK",,
"7ac7a2d5-2dc7-4634-aebd-bf1d51a46f38","D03","SUGG","SUGG.AOS.outlet","2016-10-31","2017-02-13","SUGG.OT.20161031.H2O.1",,"HIDS2052",2.25,6.76,0.03,0.07,0,"SIRFER Lab at University of Utah","OlSmE6RRn5QQH8tvUHmK5i/poYiQr6sd","OK",,
