uid,domainID,siteID,namedLocation,collectDate,parentSampleID,parentSampleCode,isotopeH2OSampleCond,isotopeH2OSampleID,isotopeH2OSampleCode,isotopePOMRep2SampleCond,isotopePOMRep2SampleID,isotopePOMRep2SampleCode,isotopePOMSampleCond,isotopePOMSampleID,isotopePOMSampleCode,processedDateFilters,processedDateH2OIsotopes,sampleVolumeFilteredPOMRep1,sampleVolumeFilteredPOMRep2,fieldDataQF
"56753877-2415-4109-92b0-2fab69004c62","D03","SUGG","SUGG.AOS.buoy.c0","2016-10-11T14:22Z","SUGG.C0.20161011",,,"SUGG.C0.20161011.H2O.1",,,"SUGG.C0.20161011.POM.2",,,"SUGG.C0.20161011.POM.1",,"2016-10-11T17:05Z","2016-10-11T17:07Z",300,300,
"762b6bdf-1a77-4037-90b6-d25d347d5de7","D03","SUGG","SUGG.AOS.inlet","2016-10-11T14:52Z","SUGG.IN.20161011",,,"SUGG.IN.20161011.H2O.1",,,"SUGG.IN.20161011.POM.2",,,"SUGG.IN.20161011.POM.1",,"2016-10-11T17:35Z","2016-10-11T17:35Z",200,200,
"1d3f82b4-6342-45a3-9d71-311f0fcf6c17","D03","SUGG","SUGG.AOS.outlet","2016-10-11T15:30Z","SUGG.OT.20161011",,,"SUGG.OT.20161011.H2O.1",,,"SUGG.OT.20161011.POM.2",,,"SUGG.OT.20161011.POM.1",,"2016-10-11T18:20Z","2016-10-11T18:05Z",200,200,
"c6974652-1adb-4d07-b1b6-9d6a9cee14a6","D03","SUGG","SUGG.AOS.buoy.c0","2016-10-31T13:30Z","SUGG.C0.20161031",,,"SUGG.C0.20161031.H2O.1",,,"SUGG.C0.20161031.POM.2",,,"SUGG.C0.20161031.POM.1",,"2016-10-31T17:39Z","2016-10-31T17:27Z",350,350,
"6ee67f23-2c14-4332-9a57-e3d06e2ebfde","D03","SUGG","SUGG.AOS.inlet","2016-10-31T14:05Z","SUGG.IN.20161031",,,"SUGG.IN.20161031.H2O.1",,"Sample condition ok","SUGG.IN.20161031.POM.2",,"Sample condition ok","SUGG.IN.20161031.POM.1",,"2016-10-31T18:10Z","2016-10-31T17:50Z",225,225,
"7ccc4ecb-f952-4ec9-859c-4d637abda256","D03","SUGG","SUGG.AOS.outlet","2016-10-31T14:50Z","SUGG.OT.20161031",,,"SUGG.OT.20161031.H2O.1",,,"SUGG.OT.20161031.POM.2",,,"SUGG.OT.20161031.POM.1",,"2016-10-31T18:53Z","2016-10-31T18:04Z",175,175,
