uid,domainID,siteID,namedLocation,decimalLatitude,decimalLongitude,coordinateUncertainty,additionalCoordUncertainty,elevation,elevationUncertainty,geodeticDatum,altLocation,altLatitude,altLongitude,altCoordinateUncertainty,altGeodeticDatum,collectDate,aquaticSiteType,samplingImpractical,parentSampleID,parentSampleCode,eventID,samplerType,dissolvedOxygen,dissolvedOxygenSaturation,specificConductance,waterTemp,asiSamplingProtocolVersion,lowerSegmentDepth,upperSegmentDepth,maxDepth,lakeSampleDepth1,lakeSampleDepth2,aCollectedBy,bCollectedBy,remarks,fieldDataQF
"5f419906-d808-4438-8a01-c58cb2322e34","D03","SUGG","SUGG.AOS.buoy.c0",29.688149,-82.017318,10.0,10.0,30.0,10.0,"WGS84",,,,,,"2016-10-11T14:22Z","lake",,"SUGG.C0.20161011",,"SUGG.20161011","Kemmerer",6.93,81.90,72.10,24.20,"NEON.DOC.001886vD",,,,0.5,,"ksandusky@neoninc.org","echartrand@neoninc.org","evacuated vial did not pull in air from syringe as usual. Seal appeared to be okay otherwise.",
"5ea45181-7bc5-479f-a2cd-2a386151b799","D03","SUGG","SUGG.AOS.inlet",29.685093,-82.018412,0.3,10.0,30.2,0.3,"WGS84",,,,,,"2016-10-11T14:52Z","lake",,"SUGG.IN.20161011",,"SUGG.20161011","Kemmerer",6.39,75.40,72.90,24.00,"NEON.DOC.001886vD",,,,0.5,,"ksandusky@neoninc.org","echartrand@neoninc.org",,
"fd3aeeda-bd47-4d1e-a513-219cd167e144","D03","SUGG","SUGG.AOS.outlet",29.687601,-82.020598,0.3,10.0,30.3,0.3,"WGS84",,,,,,"2016-10-11T15:30Z","lake",,"SUGG.OT.20161011",,"SUGG.20161011","Kemmerer",5.64,66.80,73.70,24.50,"NEON.DOC.001886vD",,,,0.5,,"ksandusky@neoninc.org","echartrand@neoninc.org",,
"e0eae92d-67f4-4e79-b84f-e6208d8514fb","D03","SUGG","SUGG.AOS.buoy.c0",29.688149,-82.017318,10.0,10.0,30.0,10.0,"WGS84",,,,,,"2016-10-31T13:30Z","lake",,"SUGG.C0.20161031",,"SUGG.20161031","Kemmerer",8.30,97.40,77.00,23.00,"NEON.DOC.001886vD",,,,0.5,,"ksandusky@neoninc.org","echartrand@neoninc.org",,
"1fd40b38-b86c-4b10-b6df-378d45328726","D03","SUGG","SUGG.AOS.inlet",29.685093,-82.018412,0.3,10.0,30.2,0.3,"WGS84",,,,,,"2016-10-31T14:05Z","lake",,"SUGG.IN.20161031",,"SUGG.20161031","Kemmerer",5.57,64.90,78.10,23.10,"NEON.DOC.001886vD",,,,0.5,,"ksandusky@neoninc.org","echartrand@neoninc.org","Actual Collect time: 09:57",
"51df21c2-c6b4-4a03-8028-61dd3c3f9132","D03","SUGG","SUGG.AOS.outlet",29.687601,-82.020598,0.3,10.0,30.3,0.3,"WGS84",,,,,,"2016-10-31T14:50Z","lake",,"SUGG.OT.20161031",,"SUGG.20161031","Kemmerer",5.24,61.30,78.60,23.10,"NEON.DOC.001886vD",,,,0.5,,"ksandusky@neoninc.org","echartrand@neoninc.org",,
