uid,domainID,siteID,namedLocation,collectDate,parentSampleID,parentSampleCode,isotopeH2OSampleCond,isotopeH2OSampleID,isotopeH2OSampleCode,isotopePOMRep2SampleCond,isotopePOMRep2SampleID,isotopePOMRep2SampleCode,isotopePOMSampleCond,isotopePOMSampleID,isotopePOMSampleCode,processedDateFilters,processedDateH2OIsotopes,sampleVolumeFilteredPOMRep1,sampleVolumeFilteredPOMRep2,fieldDataQF
"b4bb6a55-4083-460e-b76e-515be4201f4a","D07","LECO","LECO.AOS.S2","2019-08-05T15:39Z","LECO.SS.20190805",,"Sample condition ok","LECO.SS.20190805.H2O.1","A00000081136","Sample condition ok","LECO.SS.20190805.POM.2","A00000081152","Sample condition ok","LECO.SS.20190805.POM.1","A00000081153","2019-08-05T20:07Z","2019-08-05T15:39Z",800,800,
"6f9d78b2-6f5e-4e86-b667-dcf1bbd802f2","D07","LECO","LECO.AOS.S2","2019-08-12T15:22Z","LECO.SS.20190812",,"Sample condition ok","LECO.SS.20190812.H2O.2","A00000141822",,,,,,,,"2019-08-12T15:22Z",,,
"feb23051-a616-4719-9a9a-4a5436e223a9","D07","LECO","LECO.AOS.S2","2019-08-12T15:22Z","LECO.SS.20190812",,"Sample condition ok","LECO.SS.20190812.H2O.3","A00000141823",,,,,,,,"2019-08-12T15:22Z",,,
"f95f1f7d-d039-4dad-a9ba-3a49d63b6993","D07","LECO","LECO.AOS.S2","2019-08-12T15:22Z","LECO.SS.20190812",,"Sample condition ok","LECO.SS.20190812.H2O.1","A00000128227","Sample condition ok","LECO.SS.20190812.POM.2","A00000141828","Sample condition ok","LECO.SS.20190812.POM.1","A00000141827","2019-08-12T19:25Z","2019-08-12T15:22Z",900,900,
