uid,domainID,siteID,namedLocation,collectDate,analysisDate,isotopeH2OSampleID,isotopeH2OSampleCode,instrumentSN,d18OWater,d2HWater,d18OsdWater,d2HsdWater,isotopeH2OExternalLabQF,laboratoryName,analyzedBy,sampleCondition,externalRemarks,externalLabDataQF
"52a4193a-d19f-4bad-b952-4168ef07a8d3","D07","LECO","LECO.AOS.S2","2019-08-05","2019-09-12","LECO.SS.20190805.H2O.1","A00000081136","HIDS2052",-6.93,-42.77,0.04,0.15,0,"SIRFER Lab at University of Utah","OlSmE6RRn5QQH8tvUHmK5i/poYiQr6sd","OK",,
"6ffac0d9-5c40-4581-9da2-4b5252c4c522","D07","LECO","LECO.AOS.S2","2019-08-12","2019-09-12","LECO.SS.20190812.H2O.2","A00000141822","HIDS2052",-7.05,-43.48,0.03,0.18,0,"SIRFER Lab at University of Utah","OlSmE6RRn5QQH8tvUHmK5i/poYiQr6sd","OK",,
"51a556b2-1815-49eb-986b-fcf5cfa06a79","D07","LECO","LECO.AOS.S2","2019-08-12","2019-09-12","LECO.SS.20190812.H2O.3","A00000141823","HIDS2052",-7.34,-45.08,0.05,0.20,0,"SIRFER Lab at University of Utah","OlSmE6RRn5QQH8tvUHmK5i/poYiQr6sd","OK",,
"184f347c-3dc2-4569-a586-b0bdf327f384","D07","LECO","LECO.AOS.S2","2019-08-12","2019-09-12","LECO.SS.20190812.H2O.1","A00000128227","HIDS2052",-7.04,-43.48,0.05,0.34,0,"SIRFER Lab at University of Utah","OlSmE6RRn5QQH8tvUHmK5i/poYiQr6sd","OK",,
