uid,domainID,siteID,namedLocation,collectDate,parentSampleID,parentSampleCode,isotopeH2OSampleCond,isotopeH2OSampleID,isotopeH2OSampleCode,isotopePOMRep2SampleCond,isotopePOMRep2SampleID,isotopePOMRep2SampleCode,isotopePOMSampleCond,isotopePOMSampleID,isotopePOMSampleCode,processedDateFilters,processedDateH2OIsotopes,sampleVolumeFilteredPOMRep1,sampleVolumeFilteredPOMRep2,fieldDataQF
"fba0d07c-1e66-4a34-ad59-3a60d25ef3e9","D04","CUPE","CUPE.AOS.S2","2019-10-01T11:43Z","CUPE.SS.20191001",,"Sample condition ok","CUPE.SS.20191001.H2O.1","A00000109707","Sample condition ok","CUPE.SS.20191001.POM.2","A00000109714","Sample condition ok","CUPE.SS.20191001.POM.1","A00000109713","2019-10-01T12:50Z","2019-10-01T12:03Z",1000,1000,
"46336fba-d3fb-4807-903a-d36190d7f2bd","D04","CUPE","CUPE.AOS.S2","2019-10-07T11:28Z","CUPE.SS.20191007",,"Sample condition ok","CUPE.SS.20191007.H2O.1","A00000112470","Sample condition ok","CUPE.SS.20191007.POM.2","A00000112453","Sample condition ok","CUPE.SS.20191007.POM.1","A00000112452","2019-10-07T12:12Z","2019-10-07T11:31Z",1250,1250,
"927bc577-54fd-477d-b5ad-91b5d6ca945c","D04","CUPE","CUPE.AOS.S2","2019-10-16T12:00Z","CUPE.SS.20191016",,"Sample condition ok","CUPE.SS.20191016.H2O.1","A00000112377","Sample condition ok","CUPE.SS.20191016.POM.2","A00000109715","Sample condition ok","CUPE.SS.20191016.POM.1","A00000109716","2019-10-16T12:34Z","2019-10-16T12:13Z",750,750,
"5b1ca8e4-a164-424b-bb05-8b5ac282cedb","D04","CUPE","CUPE.AOS.S2","2019-10-28T11:40Z","CUPE.SS.20191028",,"Sample condition ok","CUPE.SS.20191028.H2O.1","A00000112361","Sample condition ok","CUPE.SS.20191028.POM.2","A00000112364","Sample condition ok","CUPE.SS.20191028.POM.1","A00000112363","2019-10-28T12:33Z","2019-10-28T11:54Z",1250,1250,
