uid,domainID,siteID,namedLocation,decimalLatitude,decimalLongitude,coordinateUncertainty,additionalCoordUncertainty,elevation,elevationUncertainty,geodeticDatum,altLocation,altLatitude,altLongitude,altCoordinateUncertainty,altGeodeticDatum,collectDate,aquaticSiteType,samplingImpractical,parentSampleID,parentSampleCode,eventID,samplerType,dissolvedOxygen,dissolvedOxygenSaturation,specificConductance,waterTemp,asiSamplingProtocolVersion,lowerSegmentDepth,upperSegmentDepth,maxDepth,lakeSampleDepth1,lakeSampleDepth2,aCollectedBy,bCollectedBy,remarks,fieldDataQF
"fda708fe-c228-4547-8845-8c7b9fe78a98","D04","CUPE","CUPE.AOS.S2",18.110163,-66.986319,1.0,10.0,149.3,1.0,"WGS84",,,,,,"2019-10-01T11:43Z","stream",,"CUPE.SS.20191001",,"CUPE.20191001","Grab",7.96,96.40,243.50,24.00,"NEON.DOC.001886vF",,,,,,"0000-0003-3491-5113","0000-0003-1220-2331",,
"665ddd39-8bd5-4bc0-8539-b294889df25d","D04","CUPE","CUPE.AOS.S2",18.110163,-66.986319,1.0,10.0,149.3,1.0,"WGS84",,,,,,"2019-10-07T11:28Z","stream",,"CUPE.SS.20191007",,"CUPE.20191007","Grab",8.00,96.40,271.30,23.90,"NEON.DOC.001886vF",,,,,,"0000-0003-2386-8235","0000-0003-1220-2331",,
"4d2bd0f6-69b9-4043-a0f8-6a5565ee9f98","D04","CUPE","CUPE.AOS.S2",18.110163,-66.986319,1.0,10.0,149.3,1.0,"WGS84",,,,,,"2019-10-16T12:00Z","stream",,"CUPE.SS.20191016",,"CUPE.20191016","Grab",8.27,97.10,199.10,22.50,"NEON.DOC.001886vF",,,,,,"0000-0003-3491-5113","0000-0003-1220-2331",,
"cae29c39-2010-49e7-a81d-196d91209ec1","D04","CUPE","CUPE.AOS.S2",18.110163,-66.986319,1.0,10.0,149.3,1.0,"WGS84",,,,,,"2019-10-28T11:40Z","stream",,"CUPE.SS.20191028",,"CUPE.20191028","Grab",8.10,95.40,248.90,22.70,"NEON.DOC.001886vF",,,,,,"0000-0001-5314-0662","0000-0003-1220-2331",,
