uid,domainID,siteID,namedLocation,collectDate,sampleID,sampleCode,sampleCondition,laboratoryName,analysisDate,analyzedBy,sampleType,replicate,sampleVolumeFiltered,filterSize,percentFilterAnalyzed,analyte,analyteConcentration,plantAlgaeLabUnits,method,externalRemarks,externalLabDataQF
"0bcb13ce-3eac-40e3-9c00-713fb8f2a2f9","D02","LEWI","LEWI.AOS.S2","2018-04-18","LEWI.SS.20180418.POM.1","A00000001991","condition ok","SIRFER Lab at University of Utah","2018-08-10","ElFtGy1kV49xqNP00HfxQA==","POM","1",600,25,100,"d13C",-24.57,"perMill","Revesz & Coplen 2012a",,
"1f57e3fe-0166-45cc-878f-09694535eb78","D02","LEWI","LEWI.AOS.S2","2018-04-18","LEWI.SS.20180418.POM.1","A00000001991","condition ok","SIRFER Lab at University of Utah","2018-08-10","ElFtGy1kV49xqNP00HfxQA==","POM","1",600,25,100,"d15N",7.10,"perMill","Revesz & Coplen 2012a",,
"af78d46c-9c68-43e6-bac7-e4a2b456865b","D02","LEWI","LEWI.AOS.S2","2018-04-18","LEWI.SS.20180418.POM.1","A00000001991","condition ok","SIRFER Lab at University of Utah","2018-08-10","ElFtGy1kV49xqNP00HfxQA==","POM","1",600,25,100,"carbon",351.65,"microgramsPerLiter","Revesz & Coplen 2012a",,
"7fcc0e40-2a1b-4c1f-9f5b-08075b8f6752","D02","LEWI","LEWI.AOS.S2","2018-04-18","LEWI.SS.20180418.POM.1","A00000001991","condition ok","SIRFER Lab at University of Utah","2018-08-10","ElFtGy1kV49xqNP00HfxQA==","POM","1",600,25,100,"nitrogen",33.29,"microgramsPerLiter","Revesz & Coplen 2012a",,
"c063c9fd-0b0b-4eaf-884c-9d808273b0ba","D02","LEWI","LEWI.AOS.S2","2018-04-25","LEWI.SS.20180425.POM.1","A00000002007","condition ok","SIRFER Lab at University of Utah","2018-08-10","ElFtGy1kV49xqNP00HfxQA==","POM","1",600,25,100,"d15N",6.67,"perMill","Revesz & Coplen 2012a",,
"746bd59a-c261-4cf3-a261-1d61ba6aaa7a","D02","LEWI","LEWI.AOS.S2","2018-04-25","LEWI.SS.20180425.POM.1","A00000002007","condition ok","SIRFER Lab at University of Utah","2018-08-10","ElFtGy1kV49xqNP00HfxQA==","POM","1",600,25,100,"carbon",478.78,"microgramsPerLiter","Revesz & Coplen 2012a",,
"fc4e4d4b-58cc-4235-8a52-9d79bfc05ae9","D02","LEWI","LEWI.AOS.S2","2018-04-25","LEWI.SS.20180425.POM.1","A00000002007","condition ok","SIRFER Lab at University of Utah","2018-08-10","ElFtGy1kV49xqNP00HfxQA==","POM","1",600,25,100,"nitrogen",50.64,"microgramsPerLiter","Revesz & Coplen 2012a",,
"a0060dc6-cf77-4a6c-afe1-09ef10d1cb8d","D02","LEWI","LEWI.AOS.S2","2018-04-25","LEWI.SS.20180425.POM.1","A00000002007","condition ok","SIRFER Lab at University of Utah","2018-08-10","ElFtGy1kV49xqNP00HfxQA==","POM","1",600,25,100,"d13C",-24.51,"perMill","Revesz & Coplen 2012a",,
