uid,domainID,siteID,namedLocation,collectDate,sampleID,sampleCode,sampleCondition,laboratoryName,analysisDate,analyzedBy,sampleType,replicate,sampleVolumeFiltered,filterSize,percentFilterAnalyzed,analyte,analyteConcentration,plantAlgaeLabUnits,method,externalRemarks,externalLabDataQF
"97681340-e72c-4cc6-817d-f3a24dc558de","D10","ARIK","ARIK.AOS.S2","2018-08-07","ARIK.SS.20180807.POM.1","A00000032053","condition ok","SIRFER Lab at University of Utah","2018-09-06","ElFtGy1kV49xqNP00HfxQA==","POM","1",100,25,100,"d15N",1.88,"perMill","Revesz & Coplen 2012a",,
"18fc325c-112c-41ef-bfe5-d4063980156b","D10","ARIK","ARIK.AOS.S2","2018-08-07","ARIK.SS.20180807.POM.1","A00000032053","condition ok","SIRFER Lab at University of Utah","2018-09-06","ElFtGy1kV49xqNP00HfxQA==","POM","1",100,25,100,"d13C",-29.86,"perMill","Revesz & Coplen 2012a",,
"b300ec0b-aae8-4adc-845c-8418ab6c6519","D10","ARIK","ARIK.AOS.S2","2018-08-07","ARIK.SS.20180807.POM.1","A00000032053","condition ok","SIRFER Lab at University of Utah","2018-09-06","ElFtGy1kV49xqNP00HfxQA==","POM","1",100,25,100,"nitrogen",935.70,"microgramsPerLiter","Revesz & Coplen 2012a",,
"0546a1fb-a639-479b-9fd7-471b659d33b6","D10","ARIK","ARIK.AOS.S2","2018-08-07","ARIK.SS.20180807.POM.1","A00000032053","condition ok","SIRFER Lab at University of Utah","2018-09-06","ElFtGy1kV49xqNP00HfxQA==","POM","1",100,25,100,"carbon",6975.18,"microgramsPerLiter","Revesz & Coplen 2012a",,
"473eae96-8d31-4c5e-a4bd-8e457e916a46","D10","ARIK","ARIK.AOS.S2","2018-08-20","ARIK.SS.20180820.POM.1","A00000020123","condition ok","SIRFER Lab at University of Utah","2018-11-07","ElFtGy1kV49xqNP00HfxQA==","POM","1",100,25,100,"d13C",-26.61,"perMill","Revesz & Coplen 2012a",,
"a37f568d-91d7-4d9c-95fc-4d355b477f95","D10","ARIK","ARIK.AOS.S2","2018-08-20","ARIK.SS.20180820.POM.1","A00000020123","condition ok","SIRFER Lab at University of Utah","2018-11-07","ElFtGy1kV49xqNP00HfxQA==","POM","1",100,25,100,"nitrogen",422.88,"microgramsPerLiter","Revesz & Coplen 2012a",,
"389f4260-dc24-4be9-8c1d-2fefd15022a9","D10","ARIK","ARIK.AOS.S2","2018-08-20","ARIK.SS.20180820.POM.1","A00000020123","condition ok","SIRFER Lab at University of Utah","2018-11-07","ElFtGy1kV49xqNP00HfxQA==","POM","1",100,25,100,"carbon",4853.39,"microgramsPerLiter","Revesz & Coplen 2012a",,
"6bd9e9fc-3603-4bdb-aecd-a8193d7fff6d","D10","ARIK","ARIK.AOS.S2","2018-08-20","ARIK.SS.20180820.POM.1","A00000020123","condition ok","SIRFER Lab at University of Utah","2018-11-07","ElFtGy1kV49xqNP00HfxQA==","POM","1",100,25,100,"d15N",4.11,"perMill","Revesz & Coplen 2012a",,
