uid,domainID,siteID,namedLocation,collectDate,sampleID,sampleCode,sampleCondition,laboratoryName,analysisDate,analyzedBy,sampleType,replicate,sampleVolumeFiltered,filterSize,percentFilterAnalyzed,analyte,analyteConcentration,plantAlgaeLabUnits,method,externalRemarks,externalLabDataQF
"d80e825d-edf0-447b-86da-c93ed357d49e","D15","REDB","REDB.AOS.S2","2017-07-11","REDB.SS.20170711.POM.1",,"condition ok","SIRFER Lab at University of Utah","2018-07-05","ElFtGy1kV49xqNP00HfxQA==","POM","1",300,25,100,"d13C",-22.95,"perMill","Revesz & Coplen 2012a",,
"4d91b212-e05b-4438-a0e7-c8c4bd21859d","D15","REDB","REDB.AOS.S2","2017-07-11","REDB.SS.20170711.POM.1",,"condition ok","SIRFER Lab at University of Utah","2018-07-05","ElFtGy1kV49xqNP00HfxQA==","POM","1",300,25,100,"d15N",2.59,"perMill","Revesz & Coplen 2012a",,
"c017978c-0f84-4487-9aae-29445a86455b","D15","REDB","REDB.AOS.S2","2017-07-11","REDB.SS.20170711.POM.1",,"condition ok","SIRFER Lab at University of Utah","2018-07-05","ElFtGy1kV49xqNP00HfxQA==","POM","1",300,25,100,"carbon",1105.39,"microgramsPerLiter","Revesz & Coplen 2012a",,
"13542e46-c394-49fe-9705-8021c4cb8725","D15","REDB","REDB.AOS.S2","2017-07-11","REDB.SS.20170711.POM.1",,"condition ok","SIRFER Lab at University of Utah","2018-07-05","ElFtGy1kV49xqNP00HfxQA==","POM","1",300,25,100,"nitrogen",53.75,"microgramsPerLiter","Revesz & Coplen 2012a",,
"34d1f88a-e298-408c-b37a-0e66af0657fa","D15","REDB","REDB.AOS.S2","2017-07-25","REDB.SS.20170725.POM.1",,"condition ok","SIRFER Lab at University of Utah","2018-07-05","ElFtGy1kV49xqNP00HfxQA==","POM","1",100,25,100,"nitrogen",196.51,"microgramsPerLiter","Revesz & Coplen 2012a",,
"d61bcb32-8e7f-4529-8ead-83095a17fbbc","D15","REDB","REDB.AOS.S2","2017-07-25","REDB.SS.20170725.POM.1",,"condition ok","SIRFER Lab at University of Utah","2018-07-05","ElFtGy1kV49xqNP00HfxQA==","POM","1",100,25,100,"carbon",5662.76,"microgramsPerLiter","Revesz & Coplen 2012a",,
"f1fe1acb-5a38-49f0-8680-b18c5078c867","D15","REDB","REDB.AOS.S2","2017-07-25","REDB.SS.20170725.POM.1",,"condition ok","SIRFER Lab at University of Utah","2018-07-05","ElFtGy1kV49xqNP00HfxQA==","POM","1",100,25,100,"d15N",2.93,"perMill","Revesz & Coplen 2012a",,
"741b4575-df50-4ae7-a034-c5ae21aae89d","D15","REDB","REDB.AOS.S2","2017-07-25","REDB.SS.20170725.POM.1",,"condition ok","SIRFER Lab at University of Utah","2018-07-05","ElFtGy1kV49xqNP00HfxQA==","POM","1",100,25,100,"d13C",-22.66,"perMill","Revesz & Coplen 2012a",,
