uid,domainID,siteID,namedLocation,collectDate,sampleID,sampleCode,sampleCondition,laboratoryName,analysisDate,analyzedBy,sampleType,replicate,sampleVolumeFiltered,filterSize,percentFilterAnalyzed,analyte,analyteConcentration,plantAlgaeLabUnits,method,externalRemarks,externalLabDataQF
"edbe5f8b-d620-4b33-926b-c62dbd1e3b73","D06","MCDI","MCDI.AOS.S2","2018-07-10","MCDI.SS.20180710.POM.1",,"condition ok","SIRFER Lab at University of Utah","2018-09-24","ElFtGy1kV49xqNP00HfxQA==","POM","1",225,25,100,"carbon",1259.48,"microgramsPerLiter","Revesz & Coplen 2012a",,
"bd5886ad-6dc0-4e5d-96a1-db84a09f10c7","D06","MCDI","MCDI.AOS.S2","2018-07-10","MCDI.SS.20180710.POM.1",,"condition ok","SIRFER Lab at University of Utah","2018-09-24","ElFtGy1kV49xqNP00HfxQA==","POM","1",225,25,100,"d15N",6.31,"perMill","Revesz & Coplen 2012a",,
"127bb080-8096-4a33-8f0d-6b88e9eb90f1","D06","MCDI","MCDI.AOS.S2","2018-07-10","MCDI.SS.20180710.POM.1",,"condition ok","SIRFER Lab at University of Utah","2018-09-24","ElFtGy1kV49xqNP00HfxQA==","POM","1",225,25,100,"d13C",-27.99,"perMill","Revesz & Coplen 2012a",,
"1e5d4a07-d84c-4b08-b64c-37065a3c821f","D06","MCDI","MCDI.AOS.S2","2018-07-10","MCDI.SS.20180710.POM.1",,"condition ok","SIRFER Lab at University of Utah","2018-09-24","ElFtGy1kV49xqNP00HfxQA==","POM","1",225,25,100,"nitrogen",180.94,"microgramsPerLiter","Revesz & Coplen 2012a",,
"c0630c2a-dadd-43dd-84b3-352a93e295d0","D06","MCDI","MCDI.AOS.S2","2018-07-18","MCDI.SS.20180718.POM.1","A00000010105","condition ok","SIRFER Lab at University of Utah","2018-10-16","ElFtGy1kV49xqNP00HfxQA==","POM","1",90,25,100,"carbon",2775.71,"microgramsPerLiter","Revesz & Coplen 2012a",,
"6d27761b-648c-41ab-9927-4d253416dfb8","D06","MCDI","MCDI.AOS.S2","2018-07-18","MCDI.SS.20180718.POM.1","A00000010105","condition ok","SIRFER Lab at University of Utah","2018-10-16","ElFtGy1kV49xqNP00HfxQA==","POM","1",90,25,100,"d15N",5.26,"perMill","Revesz & Coplen 2012a",,
"765418fc-5881-4b5e-b553-e1dcea450704","D06","MCDI","MCDI.AOS.S2","2018-07-18","MCDI.SS.20180718.POM.1","A00000010105","condition ok","SIRFER Lab at University of Utah","2018-10-16","ElFtGy1kV49xqNP00HfxQA==","POM","1",90,25,100,"nitrogen",423.61,"microgramsPerLiter","Revesz & Coplen 2012a",,
"912dd7d5-c9c2-4cdf-9658-5d44e3da3656","D06","MCDI","MCDI.AOS.S2","2018-07-18","MCDI.SS.20180718.POM.1","A00000010105","condition ok","SIRFER Lab at University of Utah","2018-10-16","ElFtGy1kV49xqNP00HfxQA==","POM","1",90,25,100,"d13C",-20.25,"perMill","Revesz & Coplen 2012a",,
