uid,domainID,siteID,namedLocation,collectDate,sampleID,sampleCode,sampleCondition,laboratoryName,analysisDate,analyzedBy,sampleType,replicate,sampleVolumeFiltered,filterSize,percentFilterAnalyzed,analyte,analyteConcentration,plantAlgaeLabUnits,method,externalRemarks,externalLabDataQF
"f1cc02cc-73d4-483e-9cdf-27b201db3e99","D07","LECO","LECO.AOS.S2","2017-05-01","LECO.SS.20170501.POM.2",,"condition ok","SIRFER Lab at University of Utah","2018-03-12","ElFtGy1kV49xqNP00HfxQA==","POM","1",,,100,"d13C",-27.67,"perMill","Revesz & Coplen 2012a",,
"6a5e6367-67ac-44c3-9197-c26a984feddb","D07","LECO","LECO.AOS.S2","2017-05-01","LECO.SS.20170501.POM.2",,"condition ok","SIRFER Lab at University of Utah","2018-03-12","ElFtGy1kV49xqNP00HfxQA==","POM","1",,,100,"d15N",7.92,"perMill","Revesz & Coplen 2012a",,
"eda3a33f-512e-4e83-ac70-2e6219241ac2","D07","LECO","LECO.AOS.S2","2017-05-01","LECO.SS.20170501.POM.2",,"condition ok","SIRFER Lab at University of Utah","2018-03-12","ElFtGy1kV49xqNP00HfxQA==","POM","1",,,100,"nitrogen",33.51,"microgramsPerLiter","Revesz & Coplen 2012a",,
"33db4b4d-b6f6-44ae-aa23-74d2aa65182c","D07","LECO","LECO.AOS.S2","2017-05-01","LECO.SS.20170501.POM.2",,"condition ok","SIRFER Lab at University of Utah","2018-03-12","ElFtGy1kV49xqNP00HfxQA==","POM","1",,,100,"carbon",491.55,"microgramsPerLiter","Revesz & Coplen 2012a",,
"e2338205-2a30-4ac6-a1ad-6b96d6e01355","D07","LECO","LECO.AOS.S2","2017-05-08","LECO.SS.20170508.POM.2",,"condition ok","SIRFER Lab at University of Utah","2018-03-12","ElFtGy1kV49xqNP00HfxQA==","POM","1",,,100,"nitrogen",22.27,"microgramsPerLiter","Revesz & Coplen 2012a",,
"33d7037f-1f44-48a6-83f7-d5a064ce4ad8","D07","LECO","LECO.AOS.S2","2017-05-08","LECO.SS.20170508.POM.2",,"condition ok","SIRFER Lab at University of Utah","2018-03-12","ElFtGy1kV49xqNP00HfxQA==","POM","1",,,100,"d13C",-27.79,"perMill","Revesz & Coplen 2012a",,
"fac8a92a-bac6-4390-b999-5eaed32d67de","D07","LECO","LECO.AOS.S2","2017-05-08","LECO.SS.20170508.POM.2",,"condition ok","SIRFER Lab at University of Utah","2018-03-12","ElFtGy1kV49xqNP00HfxQA==","POM","1",,,100,"carbon",241.97,"microgramsPerLiter","Revesz & Coplen 2012a",,
"7604d1ae-dfe5-4b6d-93f3-86ed655f0382","D07","LECO","LECO.AOS.S2","2017-05-08","LECO.SS.20170508.POM.2",,"condition ok","SIRFER Lab at University of Utah","2018-03-12","ElFtGy1kV49xqNP00HfxQA==","POM","1",,,100,"d15N",5.87,"perMill","Revesz & Coplen 2012a",,
"df9d1fc3-76fc-4f18-ab75-9d943a3bba04","D07","LECO","LECO.AOS.S2","2017-05-22","LECO.SS.20170522.POM.2",,"condition ok","SIRFER Lab at University of Utah","2018-03-12","ElFtGy1kV49xqNP00HfxQA==","POM","1",,,100,"d15N",2.55,"perMill","Revesz & Coplen 2012a",,
"467137d8-1888-4877-8705-f64a794fe1c6","D07","LECO","LECO.AOS.S2","2017-05-22","LECO.SS.20170522.POM.2",,"condition ok","SIRFER Lab at University of Utah","2018-03-12","ElFtGy1kV49xqNP00HfxQA==","POM","1",,,100,"nitrogen",61.03,"microgramsPerLiter","Revesz & Coplen 2012a",,
"69e3179c-5532-40fd-b385-a8a3bf61d839","D07","LECO","LECO.AOS.S2","2017-05-22","LECO.SS.20170522.POM.2",,"condition ok","SIRFER Lab at University of Utah","2018-03-12","ElFtGy1kV49xqNP00HfxQA==","POM","1",,,100,"carbon",473.44,"microgramsPerLiter","Revesz & Coplen 2012a",,
"1d9ea344-ebbe-4b51-8d80-60f81ca4107f","D07","LECO","LECO.AOS.S2","2017-05-22","LECO.SS.20170522.POM.2",,"condition ok","SIRFER Lab at University of Utah","2018-03-12","ElFtGy1kV49xqNP00HfxQA==","POM","1",,,100,"d13C",-27.73,"perMill","Revesz & Coplen 2012a",,
