uid,domainID,siteID,namedLocation,collectDate,sampleID,sampleCode,sampleCondition,laboratoryName,analysisDate,analyzedBy,sampleType,replicate,sampleVolumeFiltered,filterSize,percentFilterAnalyzed,analyte,analyteConcentration,plantAlgaeLabUnits,method,externalRemarks,externalLabDataQF
"d6e32e66-690e-4369-ac56-62715882ecc8","D08","MAYF","MAYF.AOS.S2","2016-03-02","MAYF.SS.20160302.POM.2",,"condition ok","Academy of Natural Sciences of Drexel University","2016-09-01","OKgcKejxXbI=","13C15N","2",,,100,"d15N",5.66,"perMill",,,
"2db7ac9a-ee34-446d-bfe5-0dcf4204ed3a","D08","MAYF","MAYF.AOS.S2","2016-03-02","MAYF.SS.20160302.POM.1",,"condition ok","Academy of Natural Sciences of Drexel University","2016-08-29","OKgcKejxXbI=","13C15N","1",,,100,"d15N",5.65,"perMill",,,
"672b2807-6a83-4e41-b6e6-9736d5f6633b","D08","MAYF","MAYF.AOS.S2","2016-03-02","MAYF.SS.20160302.POM.1",,"condition ok","Academy of Natural Sciences of Drexel University","2016-08-29","OKgcKejxXbI=","13C15N","1",,,100,"d13C",-29.06,"perMill",,,
"f8562d92-e538-4d61-8f91-1cdbe64471a0","D08","MAYF","MAYF.AOS.S2","2016-03-02","MAYF.SS.20160302.POM.2",,"condition ok","Academy of Natural Sciences of Drexel University","2016-09-01","OKgcKejxXbI=","13C15N","2",,,100,"d13C",-27.30,"perMill",,,
"26be3e12-684f-4652-9a74-f51281738777","D08","MAYF","MAYF.AOS.S2","2016-03-08","MAYF.SS.20160308.POM.1",,"condition ok","Academy of Natural Sciences of Drexel University","2016-08-29","OKgcKejxXbI=","13C15N","1",,,100,"d15N",6.76,"perMill",,"Difference in volume filtered",
"691d17c1-0a65-42a2-9465-4776898bc253","D08","MAYF","MAYF.AOS.S2","2016-03-08","MAYF.SS.20160308.POM.2",,"condition ok","Academy of Natural Sciences of Drexel University","2016-09-01","OKgcKejxXbI=","13C15N","2",,,100,"d15N",6.34,"perMill",,"Difference in volume filtered",
"ae6815ac-33e4-44b8-ac8e-d586de8ba5fd","D08","MAYF","MAYF.AOS.S2","2016-03-08","MAYF.SS.20160308.POM.2",,"condition ok","Academy of Natural Sciences of Drexel University","2016-09-01","OKgcKejxXbI=","13C15N","2",,,100,"d13C",-28.04,"perMill",,"Difference in volume filtered",
"d4a582ca-700e-4d98-bd88-5bd0c517b1dc","D08","MAYF","MAYF.AOS.S2","2016-03-08","MAYF.SS.20160308.POM.1",,"condition ok","Academy of Natural Sciences of Drexel University","2016-08-29","OKgcKejxXbI=","13C15N","1",,,100,"d13C",-30.26,"perMill",,"Difference in volume filtered",
"770da904-82e3-4501-a0cb-f1f3316c5908","D08","MAYF","MAYF.AOS.S2","2016-03-18","MAYF.SS.20160318.POM.1",,"condition ok","Academy of Natural Sciences of Drexel University","2016-08-29","OKgcKejxXbI=","13C15N","1",,,100,"d15N",5.91,"perMill",,,
"2057d0b6-4355-4e3c-bda8-f19a4ceee8d3","D08","MAYF","MAYF.AOS.S2","2016-03-18","MAYF.SS.20160318.POM.2",,"condition ok","Academy of Natural Sciences of Drexel University","2016-09-01","OKgcKejxXbI=","13C15N","2",,,100,"d13C",-28.42,"perMill",,,
"870d3703-0986-4e39-a2fb-4b520bcc0c4d","D08","MAYF","MAYF.AOS.S2","2016-03-18","MAYF.SS.20160318.POM.1",,"condition ok","Academy of Natural Sciences of Drexel University","2016-08-29","OKgcKejxXbI=","13C15N","1",,,100,"d13C",-29.79,"perMill",,,
"d45d81cc-4c6a-41ef-91e0-e64bed8ee930","D08","MAYF","MAYF.AOS.S2","2016-03-18","MAYF.SS.20160318.POM.2",,"condition ok","Academy of Natural Sciences of Drexel University","2016-09-01","OKgcKejxXbI=","13C15N","2",,,100,"d15N",3.44,"perMill",,,
