uid,domainID,siteID,namedLocation,collectDate,sampleID,sampleCode,sampleCondition,laboratoryName,analysisDate,analyzedBy,sampleType,replicate,sampleVolumeFiltered,filterSize,percentFilterAnalyzed,analyte,analyteConcentration,plantAlgaeLabUnits,method,externalRemarks,externalLabDataQF
"860e04c9-9115-4f90-8c23-978468f43b29","D15","REDB","REDB.AOS.S2","2016-12-07","REDB.SS.20161207.POM.2",,"condition ok","Academy of Natural Sciences of Drexel University","2017-05-23","OKgcKejxXbI=","13C15N","2",,,100,"d13C",-25.72,"perMill",,,
"8c4be549-7c3f-4a0f-bd13-1bc3f452c241","D15","REDB","REDB.AOS.S2","2016-12-07","REDB.SS.20161207.POM.1",,"other","Academy of Natural Sciences of Drexel University","2017-04-08","OKgcKejxXbI=","13C15N","1",,,100,"d15N",,"perMill",,"not enough sample for analysis",
"a138d09b-5200-4110-83b7-d46b560acd40","D15","REDB","REDB.AOS.S2","2016-12-07","REDB.SS.20161207.POM.2",,"condition ok","Academy of Natural Sciences of Drexel University","2017-05-23","OKgcKejxXbI=","13C15N","2",,,100,"d15N",3.19,"perMill",,,
"547b29b9-c1bc-4c76-9694-58a760718709","D15","REDB","REDB.AOS.S2","2016-12-07","REDB.SS.20161207.POM.1",,"condition ok","Academy of Natural Sciences of Drexel University","2017-04-08","OKgcKejxXbI=","13C15N","1",,,100,"d13C",-25.04,"perMill",,,
