uid,domainID,siteID,namedLocation,collectDate,sampleID,sampleCode,sampleCondition,laboratoryName,analysisDate,analyzedBy,sampleType,replicate,sampleVolumeFiltered,filterSize,percentFilterAnalyzed,analyte,analyteConcentration,plantAlgaeLabUnits,method,externalRemarks,externalLabDataQF
"d849abeb-6393-4063-980f-fdc0d5d88dfe","D03","FLNT","FLNT.AOS.buoy.c0","2018-03-13","FLNT.C0.20180313.POM.1",,"condition ok","SIRFER Lab at University of Utah","2018-07-27","ElFtGy1kV49xqNP00HfxQA==","POM","1",250,25,100,"nitrogen",39.08,"microgramsPerLiter","Revesz & Coplen 2012a",,
"c34b7d2a-ba5e-4e13-87a4-14f967b19ca5","D03","FLNT","FLNT.AOS.buoy.c0","2018-03-13","FLNT.C0.20180313.POM.1",,"condition ok","SIRFER Lab at University of Utah","2018-07-27","ElFtGy1kV49xqNP00HfxQA==","POM","1",250,25,100,"carbon",472.91,"microgramsPerLiter","Revesz & Coplen 2012a",,
"5f945cbb-f325-44c0-ab72-f5329c9a6c9f","D03","FLNT","FLNT.AOS.buoy.c0","2018-03-13","FLNT.C0.20180313.POM.1",,"condition ok","SIRFER Lab at University of Utah","2018-07-27","ElFtGy1kV49xqNP00HfxQA==","POM","1",250,25,100,"d13C",-29.02,"perMill","Revesz & Coplen 2012a",,
"68267a28-b74d-470c-8af2-120153712952","D03","FLNT","FLNT.AOS.buoy.c0","2018-03-13","FLNT.C0.20180313.POM.1",,"condition ok","SIRFER Lab at University of Utah","2018-07-27","ElFtGy1kV49xqNP00HfxQA==","POM","1",250,25,100,"d15N",9.11,"perMill","Revesz & Coplen 2012a",,
"cf138075-376c-495a-9e0e-aafe5394cd39","D03","FLNT","FLNT.AOS.buoy.c0","2018-03-20","FLNT.C0.20180320.POM.1",,"condition ok","SIRFER Lab at University of Utah","2018-07-28","ElFtGy1kV49xqNP00HfxQA==","POM","1",500,25,100,"nitrogen",41.82,"microgramsPerLiter","Revesz & Coplen 2012a",,
"f3f19513-fc0a-4568-8622-8cc7cc72bf3d","D03","FLNT","FLNT.AOS.buoy.c0","2018-03-20","FLNT.C0.20180320.POM.1",,"condition ok","SIRFER Lab at University of Utah","2018-07-28","ElFtGy1kV49xqNP00HfxQA==","POM","1",500,25,100,"d13C",-28.25,"perMill","Revesz & Coplen 2012a",,
"69e69ae2-8e38-4945-98e1-1d75dd03205b","D03","FLNT","FLNT.AOS.buoy.c0","2018-03-20","FLNT.C0.20180320.POM.1",,"condition ok","SIRFER Lab at University of Utah","2018-07-28","ElFtGy1kV49xqNP00HfxQA==","POM","1",500,25,100,"d15N",6.61,"perMill","Revesz & Coplen 2012a",,
"27021796-2bad-48bc-8774-749bfa7a46a8","D03","FLNT","FLNT.AOS.buoy.c0","2018-03-20","FLNT.C0.20180320.POM.1",,"condition ok","SIRFER Lab at University of Utah","2018-07-28","ElFtGy1kV49xqNP00HfxQA==","POM","1",500,25,100,"carbon",474.23,"microgramsPerLiter","Revesz & Coplen 2012a",,
"e3dd4a57-e820-4069-b1f1-607572c0f350","D03","FLNT","FLNT.AOS.buoy.c0","2018-03-27","FLNT.C0.20180327.POM.1",,"condition ok","SIRFER Lab at University of Utah","2018-07-31","ElFtGy1kV49xqNP00HfxQA==","POM","1",400,25,100,"carbon",543.96,"microgramsPerLiter","Revesz & Coplen 2012a",,
"677c2232-5e5a-47ed-92e1-4eda20d1bc6e","D03","FLNT","FLNT.AOS.buoy.c0","2018-03-27","FLNT.C0.20180327.POM.1",,"condition ok","SIRFER Lab at University of Utah","2018-07-31","ElFtGy1kV49xqNP00HfxQA==","POM","1",400,25,100,"nitrogen",51.56,"microgramsPerLiter","Revesz & Coplen 2012a",,
"31dae951-4b41-458b-94b6-fece9e11e578","D03","FLNT","FLNT.AOS.buoy.c0","2018-03-27","FLNT.C0.20180327.POM.1",,"condition ok","SIRFER Lab at University of Utah","2018-07-31","ElFtGy1kV49xqNP00HfxQA==","POM","1",400,25,100,"d15N",6.14,"perMill","Revesz & Coplen 2012a",,
"5a75ab45-6383-4d54-b864-fae8705eabfc","D03","FLNT","FLNT.AOS.buoy.c0","2018-03-27","FLNT.C0.20180327.POM.1",,"condition ok","SIRFER Lab at University of Utah","2018-07-31","ElFtGy1kV49xqNP00HfxQA==","POM","1",400,25,100,"d13C",-28.71,"perMill","Revesz & Coplen 2012a",,
