uid,domainID,siteID,namedLocation,collectDate,sampleID,sampleCode,sampleCondition,laboratoryName,analysisDate,analyzedBy,sampleType,replicate,sampleVolumeFiltered,filterSize,percentFilterAnalyzed,analyte,analyteConcentration,plantAlgaeLabUnits,method,externalRemarks,externalLabDataQF
"19954e3a-f30b-40c8-bc34-8f7301287578","D12","BLDE","BLDE.AOS.S2","2018-04-03","BLDE.SS.20180403.POM.1",,"condition ok","SIRFER Lab at University of Utah","2018-08-15","ElFtGy1kV49xqNP00HfxQA==","POM","1",900,25,100,"d15N",2.15,"perMill","Revesz & Coplen 2012a",,
"97f2cec1-1040-437f-a8e1-ab0cf128bce3","D12","BLDE","BLDE.AOS.S2","2018-04-03","BLDE.SS.20180403.POM.1",,"condition ok","SIRFER Lab at University of Utah","2018-08-15","ElFtGy1kV49xqNP00HfxQA==","POM","1",900,25,100,"d13C",-27.84,"perMill","Revesz & Coplen 2012a",,
"c2eb833d-779b-439c-9a4c-079f75ae8a30","D12","BLDE","BLDE.AOS.S2","2018-04-03","BLDE.SS.20180403.POM.1",,"condition ok","SIRFER Lab at University of Utah","2018-08-15","ElFtGy1kV49xqNP00HfxQA==","POM","1",900,25,100,"nitrogen",86.28,"microgramsPerLiter","Revesz & Coplen 2012a",,
"20bc02d9-0206-49ac-9845-156bc12cabf6","D12","BLDE","BLDE.AOS.S2","2018-04-03","BLDE.SS.20180403.POM.1",,"condition ok","SIRFER Lab at University of Utah","2018-08-15","ElFtGy1kV49xqNP00HfxQA==","POM","1",900,25,100,"carbon",1062.45,"microgramsPerLiter","Revesz & Coplen 2012a",,
"63c81972-f1d7-4dcf-9985-37040767e209","D12","BLDE","BLDE.AOS.S2","2018-04-17","BLDE.SS.20180417.POM.1","A00000030810","condition ok","SIRFER Lab at University of Utah","2018-08-15","ElFtGy1kV49xqNP00HfxQA==","POM","1",500,25,100,"d13C",-27.56,"perMill","Revesz & Coplen 2012a",,
"3f5c1baa-22b3-420d-9501-2edbfa7f3fe6","D12","BLDE","BLDE.AOS.S2","2018-04-17","BLDE.SS.20180417.POM.1","A00000030810","condition ok","SIRFER Lab at University of Utah","2018-08-15","ElFtGy1kV49xqNP00HfxQA==","POM","1",500,25,100,"carbon",1088.40,"microgramsPerLiter","Revesz & Coplen 2012a",,
"b898cc8f-b66f-4ab6-9a34-6c222fdfada0","D12","BLDE","BLDE.AOS.S2","2018-04-17","BLDE.SS.20180417.POM.1","A00000030810","condition ok","SIRFER Lab at University of Utah","2018-08-15","ElFtGy1kV49xqNP00HfxQA==","POM","1",500,25,100,"d15N",-0.49,"perMill","Revesz & Coplen 2012a",,
"976ac1f7-7869-4df8-9e8f-e39ce731abdc","D12","BLDE","BLDE.AOS.S2","2018-04-17","BLDE.SS.20180417.POM.1","A00000030810","condition ok","SIRFER Lab at University of Utah","2018-08-15","ElFtGy1kV49xqNP00HfxQA==","POM","1",500,25,100,"nitrogen",102.95,"microgramsPerLiter","Revesz & Coplen 2012a",,
