uid,domainID,siteID,namedLocation,decimalLatitude,decimalLongitude,coordinateUncertainty,additionalCoordUncertainty,elevation,elevationUncertainty,geodeticDatum,altLocation,altLatitude,altLongitude,altCoordinateUncertainty,altGeodeticDatum,collectDate,aquaticSiteType,samplingImpractical,parentSampleID,parentSampleCode,eventID,samplerType,dissolvedOxygen,dissolvedOxygenSaturation,specificConductance,waterTemp,asiSamplingProtocolVersion,lowerSegmentDepth,upperSegmentDepth,maxDepth,lakeSampleDepth1,lakeSampleDepth2,aCollectedBy,bCollectedBy,remarks,fieldDataQF
"1ca4d1f5-9586-4a1c-8a74-462373a2df22","D11","PRIN","PRIN.AOS.S2",33.378430,-97.781508,0.1,,251.1,0.1,"WGS84",,,,,,"2017-05-01T12:04Z","stream",,"PRIN.SS.20170501",,"PRIN.20170501",,11.42,119.20,913.00,15.70,"NEON.DOC.001886vE",,,,,,"Lhostert@Battelleecology.org","cburton@battelleecology.org",,
"991318e0-718d-4f2e-9b10-2b56775916c9","D11","PRIN","PRIN.AOS.S2",33.378430,-97.781508,0.1,,251.1,0.1,"WGS84",,,,,,"2017-05-09T10:15Z","stream",,"PRIN.SS.20170509",,"PRIN.20170509",,8.90,101.60,917.00,20.30,"NEON.DOC.001886vE",,,,,,"jbagley@field-ops.org","cburton@battelleecology.org","NEON-7105 directive to increase preservative in microbial cell count samples",
"4a8d9ff3-2114-4fdb-b829-550ad02c1f93","D11","PRIN","PRIN.AOS.S2",33.378430,-97.781508,0.1,,251.1,0.1,"WGS84",,,,,,"2017-05-10T14:10Z","stream",,"PRIN.SS.20170510",,"PRIN.20170510",,6.30,72.90,919.00,21.10,"NEON.DOC.001886vE",,,,,,"cburton@battelleecology.org","Lhostert@Battelleecology.org",,
"3ab00e21-41f6-4281-b71e-2fc5f84882a1","D11","PRIN","PRIN.AOS.S2",33.378430,-97.781508,0.1,,251.1,0.1,"WGS84",,,,,,"2017-05-18T09:59Z","stream",,"PRIN.SS.20170518",,"PRIN.20170518","Grab",7.01,82.50,875.00,22.50,"NEON.DOC.001886vE",,,,,,"cburton@battelleecology.org","szaunbrecher@battelleecology.org",,
"3cb659f9-2972-482c-8733-d5379bb9af49","D11","PRIN","PRIN.AOS.S2",33.378430,-97.781508,0.1,,251.1,0.1,"WGS84",,,,,,"2017-05-23T10:36Z","stream",,"PRIN.SS.20170523",,"PRIN.20170523","Grab",7.20,83.20,879.00,20.60,"NEON.DOC.001886vE",,,,,,"ghenson@battelleecology.org","szaunbrecher@battelleecology.org",,
"ec464057-3f6a-483e-8bc8-869b81d074d1","D11","PRIN","PRIN.AOS.S2",33.378430,-97.781508,0.1,,251.1,0.1,"WGS84",,,,,,"2017-05-25T09:35Z","stream",,"PRIN.SS.20170525",,"PRIN.20170525","Grab",7.28,78.60,889.00,17.30,"NEON.DOC.001886vE",,,,,,"cburton@battelleecology.org","Lhostert@Battelleecology.org",,
"5db843c5-9add-439a-a3c9-d2ffdbbab2a2","D11","PRIN","PRIN.AOS.S2",33.378430,-97.781508,0.1,,251.1,0.1,"WGS84",,,,,,"2017-05-30T22:54Z","stream",,"PRIN.SS.20170530",,"PRIN.20170530","Grab",6.34,75.00,834.00,21.80,"NEON.DOC.001886vE",,,,,,"ghenson@battelleecology.org","cburton@battelleecology.org",,
