uid,domainID,siteID,namedLocation,collectDate,parentSampleID,parentSampleCode,isotopeH2OSampleCond,isotopeH2OSampleID,isotopeH2OSampleCode,isotopePOMRep2SampleCond,isotopePOMRep2SampleID,isotopePOMRep2SampleCode,isotopePOMSampleCond,isotopePOMSampleID,isotopePOMSampleCode,processedDateFilters,processedDateH2OIsotopes,sampleVolumeFilteredPOMRep1,sampleVolumeFilteredPOMRep2,fieldDataQF
"29ededff-daf1-4c05-803c-6df68782ef45","D11","PRIN","PRIN.AOS.S2","2017-05-01T12:04Z","PRIN.SS.20170501",,"Sample condition ok","PRIN.SS.20170501.H2O.1",,"Sample condition ok","PRIN.SS.20170501.POM.2",,"Sample condition ok","PRIN.SS.20170501.POM.1",,"2017-05-01T14:15Z","2017-05-01T12:20Z",800,800,
"364d65ef-a896-48e5-9766-9374b542a04f","D11","PRIN","PRIN.AOS.S2","2017-05-09T10:15Z","PRIN.SS.20170509",,"Sample condition ok","PRIN.SS.20170509.H2O.1",,"Sample condition ok","PRIN.SS.20170509.POM.2",,"Sample condition ok","PRIN.SS.20170509.POM.1",,"2017-05-09T13:44Z","2017-04-04T10:35Z",600,600,
"88ef7ea0-d674-4b59-9cd0-c82eba528228","D11","PRIN","PRIN.AOS.S2","2017-05-10T14:10Z","PRIN.SS.20170510",,"Sample condition ok","PRIN.SS.20170510.H2O.1",,"Sample condition ok","PRIN.SS.20170510.POM.2",,"Sample condition ok","PRIN.SS.20170510.POM.1",,"2017-05-10T15:17Z","2017-05-10T14:40Z",600,600,
"71583963-9f62-41bf-b148-f2919bf8aa49","D11","PRIN","PRIN.AOS.S2","2017-05-18T09:59Z","PRIN.SS.20170518",,"Sample condition ok","PRIN.SS.20170518.H2O.1",,"Sample condition ok","PRIN.SS.20170518.POM.2",,"Sample condition ok","PRIN.SS.20170518.POM.1",,"2017-05-18T12:20Z","2017-05-18T10:03Z",575,575,
"f200d717-e858-4a90-bfc1-b83f9e3a13cc","D11","PRIN","PRIN.AOS.S2","2017-05-23T10:36Z","PRIN.SS.20170523",,"Sample condition ok","PRIN.SS.20170523.H2O.1",,"Sample condition ok","PRIN.SS.20170523.POM.2",,"Sample condition ok","PRIN.SS.20170523.POM.1",,"2017-05-23T13:33Z","2017-05-23T10:40Z",450,450,
"059b0f53-a44c-4d63-899e-b1f4f131e658","D11","PRIN","PRIN.AOS.S2","2017-05-25T09:35Z","PRIN.SS.20170525",,"Sample condition ok","PRIN.SS.20170525.H2O.1",,"Sample condition ok","PRIN.SS.20170525.POM.2",,"Sample condition ok","PRIN.SS.20170525.POM.1",,"2017-05-25T13:41Z","2017-05-25T09:38Z",400,400,
"b5196029-5cd5-4002-83d7-e54c71605068","D11","PRIN","PRIN.AOS.S2","2017-05-30T22:54Z","PRIN.SS.20170530",,"Sample condition ok","PRIN.SS.20170530.H2O.1",,"Sample condition ok","PRIN.SS.20170530.POM.2",,"Sample condition ok","PRIN.SS.20170530.POM.1",,"2017-05-30T12:40Z","2017-05-30T22:45Z",400,400,
