uid,domainID,siteID,namedLocation,collectDate,sampleID,sampleCode,sampleCondition,laboratoryName,analysisDate,analyzedBy,sampleType,replicate,sampleVolumeFiltered,filterSize,percentFilterAnalyzed,analyte,analyteConcentration,plantAlgaeLabUnits,method,externalRemarks,externalLabDataQF
"b07f838b-e402-4cd4-bff5-9ad0ae9ec63e","D11","PRIN","PRIN.AOS.S2","2017-05-01","PRIN.SS.20170501.POM.1",,"condition ok","SIRFER Lab at University of Utah","2018-04-20","ElFtGy1kV49xqNP00HfxQA==","POM","1",800,25,100,"carbon",141.00,"microgramsPerLiter","Revesz & Coplen 2012a",,
"12d4c8a5-0e09-4ad3-bda2-fe1b86312c4e","D11","PRIN","PRIN.AOS.S2","2017-05-01","PRIN.SS.20170501.POM.1",,"condition ok","SIRFER Lab at University of Utah","2018-04-20","ElFtGy1kV49xqNP00HfxQA==","POM","1",800,25,100,"nitrogen",14.65,"microgramsPerLiter","Revesz & Coplen 2012a",,
"b3c241d1-8d69-4969-8f1a-fdcd1737cd03","D11","PRIN","PRIN.AOS.S2","2017-05-01","PRIN.SS.20170501.POM.1",,"condition ok","SIRFER Lab at University of Utah","2018-04-20","ElFtGy1kV49xqNP00HfxQA==","POM","1",800,25,100,"d15N",8.34,"perMill","Revesz & Coplen 2012a",,
"c1f86158-6245-4782-abb9-c2e03a7e5980","D11","PRIN","PRIN.AOS.S2","2017-05-01","PRIN.SS.20170501.POM.1",,"condition ok","SIRFER Lab at University of Utah","2018-04-20","ElFtGy1kV49xqNP00HfxQA==","POM","1",800,25,100,"d13C",-28.08,"perMill","Revesz & Coplen 2012a",,
"a199e651-d6e7-43b2-ab55-a5bd15f9ae35","D11","PRIN","PRIN.AOS.S2","2017-05-09","PRIN.SS.20170509.POM.1",,"condition ok","SIRFER Lab at University of Utah","2018-04-20","ElFtGy1kV49xqNP00HfxQA==","POM","1",600,25,100,"nitrogen",14.88,"microgramsPerLiter","Revesz & Coplen 2012a",,
"c05c98c1-ee11-4d58-89db-8cea4569a27c","D11","PRIN","PRIN.AOS.S2","2017-05-09","PRIN.SS.20170509.POM.1",,"condition ok","SIRFER Lab at University of Utah","2018-04-20","ElFtGy1kV49xqNP00HfxQA==","POM","1",600,25,100,"d13C",-30.65,"perMill","Revesz & Coplen 2012a",,
"c5ceb339-a781-451d-a975-9f6786ef1da6","D11","PRIN","PRIN.AOS.S2","2017-05-09","PRIN.SS.20170509.POM.1",,"condition ok","SIRFER Lab at University of Utah","2018-04-20","ElFtGy1kV49xqNP00HfxQA==","POM","1",600,25,100,"d15N",1.30,"perMill","Revesz & Coplen 2012a",,
"2575465e-b1da-4c78-ad2f-356f96e3e60a","D11","PRIN","PRIN.AOS.S2","2017-05-09","PRIN.SS.20170509.POM.1",,"condition ok","SIRFER Lab at University of Utah","2018-04-20","ElFtGy1kV49xqNP00HfxQA==","POM","1",600,25,100,"carbon",173.31,"microgramsPerLiter","Revesz & Coplen 2012a",,
"84b41567-4fcd-4475-8a95-88f3751e53a3","D11","PRIN","PRIN.AOS.S2","2017-05-10","PRIN.SS.20170510.POM.1",,"condition ok","SIRFER Lab at University of Utah","2018-04-20","ElFtGy1kV49xqNP00HfxQA==","POM","1",600,25,100,"d13C",-28.28,"perMill","Revesz & Coplen 2012a",,
"5ba7cfce-6fef-41ac-a706-13ce4c0e7393","D11","PRIN","PRIN.AOS.S2","2017-05-10","PRIN.SS.20170510.POM.1",,"condition ok","SIRFER Lab at University of Utah","2018-04-20","ElFtGy1kV49xqNP00HfxQA==","POM","1",600,25,100,"d15N",7.99,"perMill","Revesz & Coplen 2012a",,
"6c64e21f-97ae-463b-af12-906d5af10363","D11","PRIN","PRIN.AOS.S2","2017-05-10","PRIN.SS.20170510.POM.1",,"condition ok","SIRFER Lab at University of Utah","2018-04-20","ElFtGy1kV49xqNP00HfxQA==","POM","1",600,25,100,"nitrogen",17.88,"microgramsPerLiter","Revesz & Coplen 2012a",,
"275f7d1d-8be8-43a2-a032-4c37f6ec9b54","D11","PRIN","PRIN.AOS.S2","2017-05-10","PRIN.SS.20170510.POM.1",,"condition ok","SIRFER Lab at University of Utah","2018-04-20","ElFtGy1kV49xqNP00HfxQA==","POM","1",600,25,100,"carbon",190.37,"microgramsPerLiter","Revesz & Coplen 2012a",,
"ae2382bd-c3dd-481f-ab9d-f055cb3e86e0","D11","PRIN","PRIN.AOS.S2","2017-05-18","PRIN.SS.20170518.POM.1",,"condition ok","SIRFER Lab at University of Utah","2018-04-20","ElFtGy1kV49xqNP00HfxQA==","POM","1",575,25,100,"d15N",6.59,"perMill","Revesz & Coplen 2012a",,
"79fe13b6-64cf-496e-8861-e7c02a08a876","D11","PRIN","PRIN.AOS.S2","2017-05-18","PRIN.SS.20170518.POM.1",,"condition ok","SIRFER Lab at University of Utah","2018-04-20","ElFtGy1kV49xqNP00HfxQA==","POM","1",575,25,100,"carbon",188.06,"microgramsPerLiter","Revesz & Coplen 2012a",,
"ee5fb452-1a43-45e1-b086-5c8435f2954b","D11","PRIN","PRIN.AOS.S2","2017-05-18","PRIN.SS.20170518.POM.1",,"condition ok","SIRFER Lab at University of Utah","2018-04-20","ElFtGy1kV49xqNP00HfxQA==","POM","1",575,25,100,"nitrogen",16.71,"microgramsPerLiter","Revesz & Coplen 2012a",,
"be15b5fc-70f2-4531-8aef-7f814fb606d4","D11","PRIN","PRIN.AOS.S2","2017-05-18","PRIN.SS.20170518.POM.1",,"condition ok","SIRFER Lab at University of Utah","2018-04-20","ElFtGy1kV49xqNP00HfxQA==","POM","1",575,25,100,"d13C",-28.46,"perMill","Revesz & Coplen 2012a",,
"6a92c9a5-6b5b-4cc4-babb-e4438bd8da3a","D11","PRIN","PRIN.AOS.S2","2017-05-23","PRIN.SS.20170523.POM.1",,"condition ok","SIRFER Lab at University of Utah","2018-04-20","ElFtGy1kV49xqNP00HfxQA==","POM","1",450,25,100,"d13C",-28.52,"perMill","Revesz & Coplen 2012a",,
"d4cf72c9-ae2e-4ee1-af80-25f108d892ff","D11","PRIN","PRIN.AOS.S2","2017-05-23","PRIN.SS.20170523.POM.1",,"condition ok","SIRFER Lab at University of Utah","2018-04-20","ElFtGy1kV49xqNP00HfxQA==","POM","1",450,25,100,"nitrogen",13.37,"microgramsPerLiter","Revesz & Coplen 2012a",,
"dd209b9e-f7cc-4e91-9554-f2cb1bcca148","D11","PRIN","PRIN.AOS.S2","2017-05-23","PRIN.SS.20170523.POM.1",,"condition ok","SIRFER Lab at University of Utah","2018-04-20","ElFtGy1kV49xqNP00HfxQA==","POM","1",450,25,100,"d15N",6.91,"perMill","Revesz & Coplen 2012a",,
"ef496f22-8eab-4478-87d1-bc70bd03713f","D11","PRIN","PRIN.AOS.S2","2017-05-23","PRIN.SS.20170523.POM.1",,"condition ok","SIRFER Lab at University of Utah","2018-04-20","ElFtGy1kV49xqNP00HfxQA==","POM","1",450,25,100,"carbon",101.07,"microgramsPerLiter","Revesz & Coplen 2012a",,
"32061d55-d9a0-4fcd-91f4-409aac144a61","D11","PRIN","PRIN.AOS.S2","2017-05-25","PRIN.SS.20170525.POM.1",,"condition ok","SIRFER Lab at University of Utah","2018-04-20","ElFtGy1kV49xqNP00HfxQA==","POM","1",400,25,100,"d13C",-28.14,"perMill","Revesz & Coplen 2012a",,
"f4fb200f-7f26-449a-94b6-a676c4fbb128","D11","PRIN","PRIN.AOS.S2","2017-05-25","PRIN.SS.20170525.POM.1",,"condition ok","SIRFER Lab at University of Utah","2018-04-20","ElFtGy1kV49xqNP00HfxQA==","POM","1",400,25,100,"carbon",157.78,"microgramsPerLiter","Revesz & Coplen 2012a",,
"413665c0-0608-4e24-a120-7f6af2c5e7f5","D11","PRIN","PRIN.AOS.S2","2017-05-25","PRIN.SS.20170525.POM.1",,"condition ok","SIRFER Lab at University of Utah","2018-04-20","ElFtGy1kV49xqNP00HfxQA==","POM","1",400,25,100,"d15N",7.79,"perMill","Revesz & Coplen 2012a",,
"fff28128-7d28-49e2-a92c-a6968fd54ab9","D11","PRIN","PRIN.AOS.S2","2017-05-25","PRIN.SS.20170525.POM.1",,"condition ok","SIRFER Lab at University of Utah","2018-04-20","ElFtGy1kV49xqNP00HfxQA==","POM","1",400,25,100,"nitrogen",16.99,"microgramsPerLiter","Revesz & Coplen 2012a",,
"a2b13101-9d24-4cd6-bc6a-1bfa44943cd5","D11","PRIN","PRIN.AOS.S2","2017-05-30","PRIN.SS.20170530.POM.1",,"condition ok","SIRFER Lab at University of Utah","2018-04-20","ElFtGy1kV49xqNP00HfxQA==","POM","1",400,25,100,"nitrogen",13.84,"microgramsPerLiter","Revesz & Coplen 2012a",,
"ffeb7faa-167f-4fb5-842a-a088e5fd8e31","D11","PRIN","PRIN.AOS.S2","2017-05-30","PRIN.SS.20170530.POM.1",,"condition ok","SIRFER Lab at University of Utah","2018-04-20","ElFtGy1kV49xqNP00HfxQA==","POM","1",400,25,100,"carbon",107.16,"microgramsPerLiter","Revesz & Coplen 2012a",,
"38ded363-b6e2-486c-9aa0-e748693ce4eb","D11","PRIN","PRIN.AOS.S2","2017-05-30","PRIN.SS.20170530.POM.1",,"condition ok","SIRFER Lab at University of Utah","2018-04-20","ElFtGy1kV49xqNP00HfxQA==","POM","1",400,25,100,"d13C",-28.45,"perMill","Revesz & Coplen 2012a",,
"fe3f962f-2e0e-4b0e-97e8-317baa8d52fb","D11","PRIN","PRIN.AOS.S2","2017-05-30","PRIN.SS.20170530.POM.1",,"condition ok","SIRFER Lab at University of Utah","2018-04-20","ElFtGy1kV49xqNP00HfxQA==","POM","1",400,25,100,"d15N",9.30,"perMill","Revesz & Coplen 2012a",,
