uid,domainID,siteID,namedLocation,collectDate,sampleID,sampleCode,sampleCondition,laboratoryName,analysisDate,analyzedBy,sampleType,replicate,sampleVolumeFiltered,filterSize,percentFilterAnalyzed,analyte,analyteConcentration,plantAlgaeLabUnits,method,externalRemarks,externalLabDataQF
"ec88ee20-fd2d-4ebd-bc55-7c6d123cfbde","D09","PRLA","PRLA.AOS.buoy.c0","2018-01-04","PRLA.C0.20180104.POM.1",,"condition ok","SIRFER Lab at University of Utah","2018-10-18","ElFtGy1kV49xqNP00HfxQA==","POM","1",100,25,100,"carbon",,"microgramsPerLiter","Revesz & Coplen 2012a",,
"bd5474fb-91a4-42f3-93db-e829aac95942","D09","PRLA","PRLA.AOS.buoy.c0","2018-01-04","PRLA.C0.20180104.POM.1",,"condition ok","SIRFER Lab at University of Utah","2018-10-18","ElFtGy1kV49xqNP00HfxQA==","POM","1",100,25,100,"d13C",,"perMill","Revesz & Coplen 2012a",,
"47839080-329f-41e7-9e54-d075c3899270","D09","PRLA","PRLA.AOS.buoy.c0","2018-01-04","PRLA.C0.20180104.POM.1",,"condition ok","SIRFER Lab at University of Utah","2018-10-18","ElFtGy1kV49xqNP00HfxQA==","POM","1",100,25,100,"nitrogen",,"microgramsPerLiter","Revesz & Coplen 2012a",,
"4d6d5d71-2cd4-4819-85a8-53ce07262c76","D09","PRLA","PRLA.AOS.buoy.c0","2018-01-04","PRLA.C0.20180104.POM.1",,"condition ok","SIRFER Lab at University of Utah","2018-10-18","ElFtGy1kV49xqNP00HfxQA==","POM","1",100,25,100,"d15N",,"perMill","Revesz & Coplen 2012a",,
