uid,domainID,siteID,namedLocation,collectDate,sampleID,sampleCode,sampleCondition,laboratoryName,analysisDate,analyzedBy,sampleType,replicate,sampleVolumeFiltered,filterSize,percentFilterAnalyzed,analyte,analyteConcentration,plantAlgaeLabUnits,method,externalRemarks,externalLabDataQF
"eb279fc5-522e-41af-bde6-e875445dd37e","D09","PRLA","PRLA.AOS.buoy.c1","2019-04-23","PRLA.C1.20190423.POM.1","A00000049965","condition ok","SIRFER Lab at University of Utah","2019-08-06","ElFtGy1kV49xqNP00HfxQA==","POM","1",60,25,100,"nitrogen",1178.13,"microgramsPerLiter","Revesz & Coplen 2012a",,
"ec277688-5ea8-4bed-b5b3-5cd4f738bb80","D09","PRLA","PRLA.AOS.buoy.c1","2019-04-23","PRLA.C1.20190423.POM.1","A00000049965","condition ok","SIRFER Lab at University of Utah","2019-08-06","ElFtGy1kV49xqNP00HfxQA==","POM","1",60,25,100,"carbon",6943.84,"microgramsPerLiter","Revesz & Coplen 2012a",,
"b0898e12-fcb1-46c4-8807-9e4830bb1790","D09","PRLA","PRLA.AOS.buoy.c1","2019-04-23","PRLA.C1.20190423.POM.1","A00000049965","condition ok","SIRFER Lab at University of Utah","2019-08-06","ElFtGy1kV49xqNP00HfxQA==","POM","1",60,25,100,"d15N",-4.58,"perMill","Revesz & Coplen 2012a",,
"d65ff0f1-a84e-4fc2-8238-1d590b52114d","D09","PRLA","PRLA.AOS.buoy.c1","2019-04-23","PRLA.C1.20190423.POM.1","A00000049965","condition ok","SIRFER Lab at University of Utah","2019-08-06","ElFtGy1kV49xqNP00HfxQA==","POM","1",60,25,100,"d13C",-30.29,"perMill","Revesz & Coplen 2012a",,
