uid,domainID,siteID,namedLocation,collectDate,sampleID,sampleCode,sampleCondition,laboratoryName,analysisDate,analyzedBy,sampleType,replicate,sampleVolumeFiltered,filterSize,percentFilterAnalyzed,analyte,analyteConcentration,plantAlgaeLabUnits,method,externalRemarks,externalLabDataQF
"705db588-282a-438e-b2de-dcf0f019cefd","D09","PRPO","PRPO.AOS.inlet","2017-07-05","PRPO.IN.20170705.POM.1",,"condition ok","SIRFER Lab at University of Utah","2018-03-16","ElFtGy1kV49xqNP00HfxQA==","POM","1",25,25,100,"carbon",10989.40,"microgramsPerLiter","Revesz & Coplen 2012a",,
"dc9c7866-0818-4366-9707-6a44e54a4836","D09","PRPO","PRPO.AOS.inlet","2017-07-05","PRPO.IN.20170705.POM.1",,"condition ok","SIRFER Lab at University of Utah","2018-03-16","ElFtGy1kV49xqNP00HfxQA==","POM","1",25,25,100,"d13C",-28.60,"perMill","Revesz & Coplen 2012a",,
"e5f6ed95-f6c0-4839-be11-6d11cbcba3d6","D09","PRPO","PRPO.AOS.inlet","2017-07-05","PRPO.IN.20170705.POM.1",,"condition ok","SIRFER Lab at University of Utah","2018-03-16","ElFtGy1kV49xqNP00HfxQA==","POM","1",25,25,100,"nitrogen",1121.70,"microgramsPerLiter","Revesz & Coplen 2012a",,
"4f18816f-7ba5-4b47-a42b-ba32f1b1b0bd","D09","PRPO","PRPO.AOS.inlet","2017-07-05","PRPO.IN.20170705.POM.1",,"condition ok","SIRFER Lab at University of Utah","2018-03-16","ElFtGy1kV49xqNP00HfxQA==","POM","1",25,25,100,"d15N",7.70,"perMill","Revesz & Coplen 2012a",,
"65262542-1fcf-4b02-9e66-21c8537c0c75","D09","PRPO","PRPO.AOS.buoy.c0","2017-07-05","PRPO.C0.20170705.POM.1",,"condition ok","SIRFER Lab at University of Utah","2018-03-16","ElFtGy1kV49xqNP00HfxQA==","POM","1",25,25,100,"d15N",6.40,"perMill","Revesz & Coplen 2012a",,
"64cf8e8f-3449-41e2-881d-05f21c663db5","D09","PRPO","PRPO.AOS.buoy.c0","2017-07-05","PRPO.C0.20170705.POM.1",,"condition ok","SIRFER Lab at University of Utah","2018-03-16","ElFtGy1kV49xqNP00HfxQA==","POM","1",25,25,100,"nitrogen",2798.20,"microgramsPerLiter","Revesz & Coplen 2012a",,
"523b89c2-cda8-4999-b663-0375dbde2eb0","D09","PRPO","PRPO.AOS.buoy.c0","2017-07-05","PRPO.C0.20170705.POM.1",,"condition ok","SIRFER Lab at University of Utah","2018-03-16","ElFtGy1kV49xqNP00HfxQA==","POM","1",25,25,100,"d13C",-27.80,"perMill","Revesz & Coplen 2012a",,
"0aee82be-569f-42b3-b7ca-944aa9cf9622","D09","PRPO","PRPO.AOS.buoy.c0","2017-07-05","PRPO.C0.20170705.POM.1",,"condition ok","SIRFER Lab at University of Utah","2018-03-16","ElFtGy1kV49xqNP00HfxQA==","POM","1",25,25,100,"carbon",24083.90,"microgramsPerLiter","Revesz & Coplen 2012a",,
"9825e449-950e-460f-84ad-8975810c4f05","D09","PRPO","PRPO.AOS.outlet","2017-07-05","PRPO.OT.20170705.POM.1",,"condition ok","SIRFER Lab at University of Utah","2018-03-16","ElFtGy1kV49xqNP00HfxQA==","POM","1",25,25,100,"d15N",7.60,"perMill","Revesz & Coplen 2012a",,
"537a651e-9f93-4509-927c-3b66a2802ab2","D09","PRPO","PRPO.AOS.outlet","2017-07-05","PRPO.OT.20170705.POM.1",,"condition ok","SIRFER Lab at University of Utah","2018-03-16","ElFtGy1kV49xqNP00HfxQA==","POM","1",25,25,100,"nitrogen",1228.10,"microgramsPerLiter","Revesz & Coplen 2012a",,
"e0e2a096-3243-429d-9699-832147ec3e9c","D09","PRPO","PRPO.AOS.outlet","2017-07-05","PRPO.OT.20170705.POM.1",,"condition ok","SIRFER Lab at University of Utah","2018-03-16","ElFtGy1kV49xqNP00HfxQA==","POM","1",25,25,100,"carbon",12542.00,"microgramsPerLiter","Revesz & Coplen 2012a",,
"3de5afb7-c4cd-43cc-b086-0c3f0b586c62","D09","PRPO","PRPO.AOS.outlet","2017-07-05","PRPO.OT.20170705.POM.1",,"condition ok","SIRFER Lab at University of Utah","2018-03-16","ElFtGy1kV49xqNP00HfxQA==","POM","1",25,25,100,"d13C",-28.70,"perMill","Revesz & Coplen 2012a",,
