uid,domainID,siteID,namedLocation,collectDate,sampleID,sampleCode,sampleCondition,laboratoryName,analysisDate,analyzedBy,sampleType,replicate,sampleVolumeFiltered,filterSize,percentFilterAnalyzed,analyte,analyteConcentration,plantAlgaeLabUnits,method,externalRemarks,externalLabDataQF
"bcf07dae-a16e-4a6f-a747-5c2914b17e21","D10","ARIK","ARIK.AOS.S2","2017-01-04","ARIK.SS.20170104.POM.2",,"other","Academy of Natural Sciences of Drexel University","2017-06-14","OKgcKejxXbI=","13C15N","2",,,100,"d15N",,"perMill",,"analysis corrupted during run",
"cb3665ed-97b9-4962-aee6-1a12dcf4cb2c","D10","ARIK","ARIK.AOS.S2","2017-01-04","ARIK.SS.20170104.POM.1",,"condition ok","Academy of Natural Sciences of Drexel University","2017-04-12","OKgcKejxXbI=","13C15N","1",,,100,"d15N",5.60,"perMill",,,
"dae60d92-3e22-4499-b34d-ffe9322b30df","D10","ARIK","ARIK.AOS.S2","2017-01-04","ARIK.SS.20170104.POM.2",,"other","Academy of Natural Sciences of Drexel University","2017-06-14","OKgcKejxXbI=","13C15N","2",,,100,"d13C",,"perMill",,"analysis corrupted during run",
"d4525d8a-330a-4089-b77a-49c48a84ae24","D10","ARIK","ARIK.AOS.S2","2017-01-04","ARIK.SS.20170104.POM.1",,"condition ok","Academy of Natural Sciences of Drexel University","2017-04-12","OKgcKejxXbI=","13C15N","1",,,100,"d13C",-25.36,"perMill",,,
"2f3a226d-05ea-408c-8af4-f8806b826cb8","D10","ARIK","ARIK.AOS.S2","2017-01-18","ARIK.SS.20170118.POM.1",,"condition ok","Academy of Natural Sciences of Drexel University","2017-04-12","OKgcKejxXbI=","13C15N","1",,,100,"d15N",5.53,"perMill",,,
"4b794355-eb22-45a0-ae37-0cfea643ff4e","D10","ARIK","ARIK.AOS.S2","2017-01-18","ARIK.SS.20170118.POM.2",,"other","Academy of Natural Sciences of Drexel University","2017-06-14","OKgcKejxXbI=","13C15N","2",,,100,"d15N",,"perMill",,"analysis corrupted during run",
"b468adfb-199d-40b0-90c5-a5985f09632e","D10","ARIK","ARIK.AOS.S2","2017-01-18","ARIK.SS.20170118.POM.2",,"other","Academy of Natural Sciences of Drexel University","2017-06-14","OKgcKejxXbI=","13C15N","2",,,100,"d13C",,"perMill",,"analysis corrupted during run",
"45b963e2-9162-45f8-8ada-a47d159c4ed1","D10","ARIK","ARIK.AOS.S2","2017-01-18","ARIK.SS.20170118.POM.1",,"condition ok","Academy of Natural Sciences of Drexel University","2017-04-12","OKgcKejxXbI=","13C15N","1",,,100,"d13C",-28.63,"perMill",,,
