uid,domainID,siteID,namedLocation,collectDate,sampleID,sampleCode,sampleCondition,laboratoryName,analysisDate,analyzedBy,sampleType,replicate,sampleVolumeFiltered,filterSize,percentFilterAnalyzed,analyte,analyteConcentration,plantAlgaeLabUnits,method,externalRemarks,externalLabDataQF
"e75e0b03-4bc7-4a42-afe5-580d143d3ee4","D09","PRPO","PRPO.AOS.inlet","2017-05-02","PRPO.IN.20170502.POM.1",,"condition ok","SIRFER Lab at University of Utah","2018-03-16","ElFtGy1kV49xqNP00HfxQA==","POM","1",30,25,100,"d13C",-30.00,"perMill","Revesz & Coplen 2012a",,
"44321efb-04ea-40a7-8711-41965997250a","D09","PRPO","PRPO.AOS.inlet","2017-05-02","PRPO.IN.20170502.POM.1",,"condition ok","SIRFER Lab at University of Utah","2018-03-16","ElFtGy1kV49xqNP00HfxQA==","POM","1",30,25,100,"carbon",9229.70,"microgramsPerLiter","Revesz & Coplen 2012a",,
"fd2099b0-fd4c-4796-9c16-79852c2c97bf","D09","PRPO","PRPO.AOS.inlet","2017-05-02","PRPO.IN.20170502.POM.1",,"condition ok","SIRFER Lab at University of Utah","2018-03-16","ElFtGy1kV49xqNP00HfxQA==","POM","1",30,25,100,"d15N",7.90,"perMill","Revesz & Coplen 2012a",,
"d5065bcb-9703-4269-aa16-a0d3dcc7f495","D09","PRPO","PRPO.AOS.inlet","2017-05-02","PRPO.IN.20170502.POM.1",,"condition ok","SIRFER Lab at University of Utah","2018-03-16","ElFtGy1kV49xqNP00HfxQA==","POM","1",30,25,100,"nitrogen",1152.50,"microgramsPerLiter","Revesz & Coplen 2012a",,
"483b2311-a43e-421a-8b86-9ac0324363d1","D09","PRPO","PRPO.AOS.buoy.c0","2017-05-02","PRPO.C0.20170502.POM.1",,"condition ok","SIRFER Lab at University of Utah","2018-03-16","ElFtGy1kV49xqNP00HfxQA==","POM","1",35,25,100,"carbon",8319.10,"microgramsPerLiter","Revesz & Coplen 2012a",,
"a8d946cd-eee8-4f22-87fd-4d0fd1873124","D09","PRPO","PRPO.AOS.buoy.c0","2017-05-02","PRPO.C0.20170502.POM.1",,"condition ok","SIRFER Lab at University of Utah","2018-03-16","ElFtGy1kV49xqNP00HfxQA==","POM","1",35,25,100,"d15N",9.50,"perMill","Revesz & Coplen 2012a",,
"f9431b1e-b2d4-4fb9-bb41-dee4d587a008","D09","PRPO","PRPO.AOS.buoy.c0","2017-05-02","PRPO.C0.20170502.POM.1",,"condition ok","SIRFER Lab at University of Utah","2018-03-16","ElFtGy1kV49xqNP00HfxQA==","POM","1",35,25,100,"d13C",-29.60,"perMill","Revesz & Coplen 2012a",,
"5004c49f-35d9-4dcb-8aff-b3de91da5cbb","D09","PRPO","PRPO.AOS.buoy.c0","2017-05-02","PRPO.C0.20170502.POM.1",,"condition ok","SIRFER Lab at University of Utah","2018-03-16","ElFtGy1kV49xqNP00HfxQA==","POM","1",35,25,100,"nitrogen",1086.50,"microgramsPerLiter","Revesz & Coplen 2012a",,
"9f8ba095-97b4-40ff-9ea5-d24b9361360a","D09","PRPO","PRPO.AOS.outlet","2017-05-02","PRPO.OT.20170502.POM.1",,"condition ok","SIRFER Lab at University of Utah","2018-03-16","ElFtGy1kV49xqNP00HfxQA==","POM","1",30,25,100,"nitrogen",1049.00,"microgramsPerLiter","Revesz & Coplen 2012a",,
"d71fc3df-4434-44d9-a3b6-915e8c0ceb78","D09","PRPO","PRPO.AOS.outlet","2017-05-02","PRPO.OT.20170502.POM.1",,"condition ok","SIRFER Lab at University of Utah","2018-03-16","ElFtGy1kV49xqNP00HfxQA==","POM","1",30,25,100,"d15N",9.80,"perMill","Revesz & Coplen 2012a",,
"5bbba36f-bd0f-40e6-8da6-aef8e30d9ab0","D09","PRPO","PRPO.AOS.outlet","2017-05-02","PRPO.OT.20170502.POM.1",,"condition ok","SIRFER Lab at University of Utah","2018-03-16","ElFtGy1kV49xqNP00HfxQA==","POM","1",30,25,100,"d13C",-29.90,"perMill","Revesz & Coplen 2012a",,
"be07baa1-8350-4c46-8738-ac7722125b7f","D09","PRPO","PRPO.AOS.outlet","2017-05-02","PRPO.OT.20170502.POM.1",,"condition ok","SIRFER Lab at University of Utah","2018-03-16","ElFtGy1kV49xqNP00HfxQA==","POM","1",30,25,100,"carbon",8213.90,"microgramsPerLiter","Revesz & Coplen 2012a",,
