uid,domainID,siteID,namedLocation,collectDate,sampleID,sampleCode,sampleCondition,laboratoryName,analysisDate,analyzedBy,sampleType,replicate,sampleVolumeFiltered,filterSize,percentFilterAnalyzed,analyte,analyteConcentration,plantAlgaeLabUnits,method,externalRemarks,externalLabDataQF
"3e5bcb18-dffb-43f2-b8b1-a7d85c834de3","D06","KING","KING.AOS.reach","2018-10-02","KING.RE.20181002.POM.1","A00000041336","condition ok","SIRFER Lab at University of Utah","2019-02-07","ElFtGy1kV49xqNP00HfxQA==","POM","1",130,25,100,"d15N",10.13,"perMill","Revesz & Coplen 2012a",,
"5bf16f12-6a8e-45a4-979c-e61f302ce6b3","D06","KING","KING.AOS.reach","2018-10-02","KING.RE.20181002.POM.1","A00000041336","condition ok","SIRFER Lab at University of Utah","2019-02-07","ElFtGy1kV49xqNP00HfxQA==","POM","1",130,25,100,"nitrogen",491.42,"microgramsPerLiter","Revesz & Coplen 2012a",,
"497d325a-96da-46f4-9b3e-aa3a55ef74fe","D06","KING","KING.AOS.reach","2018-10-02","KING.RE.20181002.POM.1","A00000041336","condition ok","SIRFER Lab at University of Utah","2019-02-07","ElFtGy1kV49xqNP00HfxQA==","POM","1",130,25,100,"carbon",2631.70,"microgramsPerLiter","Revesz & Coplen 2012a",,
"1e7d2f1a-8ba3-4c6e-9b06-6fa281ab0096","D06","KING","KING.AOS.reach","2018-10-02","KING.RE.20181002.POM.1","A00000041336","condition ok","SIRFER Lab at University of Utah","2019-02-07","ElFtGy1kV49xqNP00HfxQA==","POM","1",130,25,100,"d13C",-36.83,"perMill","Revesz & Coplen 2012a",,
