uid,domainID,siteID,namedLocation,collectDate,sampleID,sampleCode,sampleCondition,laboratoryName,analysisDate,analyzedBy,sampleType,replicate,sampleVolumeFiltered,filterSize,percentFilterAnalyzed,analyte,analyteConcentration,plantAlgaeLabUnits,method,externalRemarks,externalLabDataQF
"5a3e4112-2e31-45dd-8ade-859722212ed1","D08","BLWA","BLWA.AOS.buoy.c0","2016-10-04","BLWA.RS.20161004.POM.2",,"other","Academy of Natural Sciences of Drexel University","2017-05-18","OKgcKejxXbI=","13C15N","2",,,100,"d15N",9.92,"perMill",,"poor folding, sample loss",
"eee23a9b-d4bb-46f6-9cc7-2f850888fa97","D08","BLWA","BLWA.AOS.buoy.c0","2016-10-04","BLWA.RS.20161004.POM.1",,"other","Academy of Natural Sciences of Drexel University","2017-04-08","OKgcKejxXbI=","13C15N","1",,,100,"d13C",-30.83,"perMill",,"poor folding, sample loss",
"34c3c337-fc28-4477-88d5-80c36a69f7a1","D08","BLWA","BLWA.AOS.buoy.c0","2016-10-04","BLWA.RS.20161004.POM.1",,"other","Academy of Natural Sciences of Drexel University","2017-04-08","OKgcKejxXbI=","13C15N","1",,,100,"d15N",11.62,"perMill",,"poor folding, sample loss",
"57dd167d-7d9c-49a7-be58-9f59d02d02e2","D08","BLWA","BLWA.AOS.buoy.c0","2016-10-04","BLWA.RS.20161004.POM.2",,"other","Academy of Natural Sciences of Drexel University","2017-05-18","OKgcKejxXbI=","13C15N","2",,,100,"d13C",-30.85,"perMill",,"poor folding, sample loss",
