uid,domainID,siteID,namedLocation,collectDate,sampleID,sampleCode,sampleCondition,laboratoryName,analysisDate,analyzedBy,sampleType,replicate,sampleVolumeFiltered,filterSize,percentFilterAnalyzed,analyte,analyteConcentration,plantAlgaeLabUnits,method,externalRemarks,externalLabDataQF
"d5e13fc2-7497-4eba-884d-75c76aedca89","D05","CRAM","CRAM.AOS.buoy.c0","2018-02-13","CRAM.C0.20180213.POM.1",,"condition ok","SIRFER Lab at University of Utah","2018-08-14","ElFtGy1kV49xqNP00HfxQA==","POM","1",300,25,100,"carbon",299.17,"microgramsPerLiter","Revesz & Coplen 2012a",,
"ea9e6517-06af-4f91-a743-2e90a4808a51","D05","CRAM","CRAM.AOS.buoy.c0","2018-02-13","CRAM.C0.20180213.POM.1",,"condition ok","SIRFER Lab at University of Utah","2018-08-14","ElFtGy1kV49xqNP00HfxQA==","POM","1",300,25,100,"d15N",-1.34,"perMill","Revesz & Coplen 2012a",,
"8b95baf1-169a-4157-9315-27d30166eb88","D05","CRAM","CRAM.AOS.buoy.c0","2018-02-13","CRAM.C0.20180213.POM.1",,"condition ok","SIRFER Lab at University of Utah","2018-08-14","ElFtGy1kV49xqNP00HfxQA==","POM","1",300,25,100,"nitrogen",35.77,"microgramsPerLiter","Revesz & Coplen 2012a",,
"8e74d164-bd83-43f0-8de8-a31d1144b069","D05","CRAM","CRAM.AOS.buoy.c0","2018-02-13","CRAM.C0.20180213.POM.1",,"condition ok","SIRFER Lab at University of Utah","2018-08-14","ElFtGy1kV49xqNP00HfxQA==","POM","1",300,25,100,"d13C",-31.30,"perMill","Revesz & Coplen 2012a",,
