uid,domainID,siteID,namedLocation,decimalLatitude,decimalLongitude,coordinateUncertainty,additionalCoordUncertainty,elevation,elevationUncertainty,geodeticDatum,altLocation,altLatitude,altLongitude,altCoordinateUncertainty,altGeodeticDatum,collectDate,aquaticSiteType,samplingImpractical,parentSampleID,parentSampleCode,eventID,samplerType,dissolvedOxygen,dissolvedOxygenSaturation,specificConductance,waterTemp,asiSamplingProtocolVersion,lowerSegmentDepth,upperSegmentDepth,maxDepth,lakeSampleDepth1,lakeSampleDepth2,aCollectedBy,bCollectedBy,remarks,fieldDataQF
"1a11b418-186f-4bda-b364-d4f42632e974","D16","MCRA","MCRA.AOS.S2",44.258957,-122.165861,0.1,10.0,864.1,0.0,"WGS84",,,,,,"2018-03-08T18:15Z","stream",,"MCRA.SS.20180308",,"MCRA.20180308","Grab",11.15,83.50,22.70,3.30,"NEON.DOC.001886vF",,,,,,"dcrandall@battelleecology.org","sdoak@battelleecology.org",,
"46380768-e2da-4606-b6af-b51fb2699161","D16","MCRA","MCRA.AOS.S2",44.258957,-122.165861,0.1,10.0,864.1,0.0,"WGS84",,,,,,"2018-03-14T18:33Z","stream",,"MCRA.SS.20180314",,"MCRA.20180314","Grab",12.50,94.80,23.10,3.90,"NEON.DOC.001886vF",,,,,,"sdoak@battelleecology.org","Kjones02@battelleecology.org",,
"8901d1cf-b214-4ffb-a6f1-4f9fcea2ca00","D16","MCRA","MCRA.AOS.S2",44.258957,-122.165861,0.1,10.0,864.1,0.0,"WGS84",,,,,,"2018-03-22T16:59Z","stream",,"MCRA.SS.20180322",,"MCRA.20180322","Grab",10.22,76.90,22.10,3.60,"NEON.DOC.001886vF",,,,,,"dstetson@neoninc.org","sdoak@battelleecology.org",,
"13126fb6-1a31-4d8e-bf86-070441bde9fb","D16","MCRA","MCRA.AOS.S2",44.258957,-122.165861,0.1,10.0,864.1,0.0,"WGS84",,,,,,"2018-03-28T15:40Z","stream",,"MCRA.SS.20180328",,"MCRA.20180328","Grab",10.64,80.60,22.40,3.70,"NEON.DOC.001886vF",,,,,,"sdoak@battelleecology.org","dstetson@neoninc.org",,
