uid,domainID,siteID,namedLocation,collectDate,parentSampleID,parentSampleCode,isotopeH2OSampleCond,isotopeH2OSampleID,isotopeH2OSampleCode,isotopePOMRep2SampleCond,isotopePOMRep2SampleID,isotopePOMRep2SampleCode,isotopePOMSampleCond,isotopePOMSampleID,isotopePOMSampleCode,processedDateFilters,processedDateH2OIsotopes,sampleVolumeFilteredPOMRep1,sampleVolumeFilteredPOMRep2,fieldDataQF
"89342253-aba8-431c-99f9-21c4e7602dfd","D16","MCRA","MCRA.AOS.S2","2018-03-08T18:15Z","MCRA.SS.20180308",,"Sample condition ok","MCRA.SS.20180308.H2O.1",,"Sample condition ok","MCRA.SS.20180308.POM.2",,"Sample condition ok","MCRA.SS.20180308.POM.1",,,"2018-03-09T05:40Z",1500,1500,
"5294cc93-687b-4212-888d-4d6b5b4a3f78","D16","MCRA","MCRA.AOS.S2","2018-03-14T18:33Z","MCRA.SS.20180314",,"Sample condition ok","MCRA.SS.20180314.H2O.1",,"Sample condition ok","MCRA.SS.20180314.POM.2",,"Sample condition ok","MCRA.SS.20180314.POM.1",,"2018-03-14T20:20Z","2018-03-14T20:20Z",1500,1500,
"62479883-09db-4a84-8e9a-e7d94246c339","D16","MCRA","MCRA.AOS.S2","2018-03-22T16:59Z","MCRA.SS.20180322",,"Sample condition ok","MCRA.SS.20180322.H2O.1",,"Sample condition ok","MCRA.SS.20180322.POM.2",,"Sample condition ok","MCRA.SS.20180322.POM.1",,"2018-03-22T19:25Z","2018-03-22T17:08Z",1700,1700,
"c7d7f4ed-dd10-4e09-9fea-e672f4951193","D16","MCRA","MCRA.AOS.S2","2018-03-28T15:40Z","MCRA.SS.20180328",,"Sample condition ok","MCRA.SS.20180328.H2O.1",,"Sample condition ok","MCRA.SS.20180328.POM.2",,"Sample condition ok","MCRA.SS.20180328.POM.1",,"2018-03-28T19:45Z","2018-03-28T19:45Z",1500,1500,
