uid,domainID,siteID,namedLocation,collectDate,sampleID,sampleCode,sampleCondition,laboratoryName,analysisDate,analyzedBy,sampleType,replicate,sampleVolumeFiltered,filterSize,percentFilterAnalyzed,analyte,analyteConcentration,plantAlgaeLabUnits,method,externalRemarks,externalLabDataQF
"ddd3ca95-4a37-4c70-8a56-32b0c3b52362","D16","MCRA","MCRA.AOS.S2","2018-03-08","MCRA.SS.20180308.POM.1",,"condition ok","SIRFER Lab at University of Utah","2018-07-20","ElFtGy1kV49xqNP00HfxQA==","POM","1",1500,25,100,"d13C",-26.01,"perMill","Revesz & Coplen 2012a",,
"5655d60e-1119-4579-9be8-f2260f5fa8e2","D16","MCRA","MCRA.AOS.S2","2018-03-08","MCRA.SS.20180308.POM.1",,"condition ok","SIRFER Lab at University of Utah","2018-07-20","ElFtGy1kV49xqNP00HfxQA==","POM","1",1500,25,100,"d15N",4.11,"perMill","Revesz & Coplen 2012a",,
"03410c2d-de99-4df3-9d1b-cc6a5984374e","D16","MCRA","MCRA.AOS.S2","2018-03-08","MCRA.SS.20180308.POM.1",,"condition ok","SIRFER Lab at University of Utah","2018-07-20","ElFtGy1kV49xqNP00HfxQA==","POM","1",1500,25,100,"nitrogen",3.78,"microgramsPerLiter","Revesz & Coplen 2012a",,
"6363ea4e-9fd9-4df1-ac56-2336f862b53a","D16","MCRA","MCRA.AOS.S2","2018-03-08","MCRA.SS.20180308.POM.1",,"condition ok","SIRFER Lab at University of Utah","2018-07-20","ElFtGy1kV49xqNP00HfxQA==","POM","1",1500,25,100,"carbon",55.23,"microgramsPerLiter","Revesz & Coplen 2012a",,
"5103a4f3-7ee5-481a-b8cf-7b342b640860","D16","MCRA","MCRA.AOS.S2","2018-03-14","MCRA.SS.20180314.POM.1",,"condition ok","SIRFER Lab at University of Utah","2018-07-26","ElFtGy1kV49xqNP00HfxQA==","POM","1",1500,25,100,"d13C",-27.48,"perMill","Revesz & Coplen 2012a",,
"6776e468-a052-4299-8a98-b854031a0715","D16","MCRA","MCRA.AOS.S2","2018-03-14","MCRA.SS.20180314.POM.1",,"condition ok","SIRFER Lab at University of Utah","2018-07-26","ElFtGy1kV49xqNP00HfxQA==","POM","1",1500,25,100,"nitrogen",8.50,"microgramsPerLiter","Revesz & Coplen 2012a",,
"f257eddb-e82e-4f21-a3c6-fc4fe1927812","D16","MCRA","MCRA.AOS.S2","2018-03-14","MCRA.SS.20180314.POM.1",,"condition ok","SIRFER Lab at University of Utah","2018-07-26","ElFtGy1kV49xqNP00HfxQA==","POM","1",1500,25,100,"d15N",1.56,"perMill","Revesz & Coplen 2012a",,
"f9cb249c-ed51-4653-b34f-23aa1b6a7ddc","D16","MCRA","MCRA.AOS.S2","2018-03-14","MCRA.SS.20180314.POM.1",,"condition ok","SIRFER Lab at University of Utah","2018-07-26","ElFtGy1kV49xqNP00HfxQA==","POM","1",1500,25,100,"carbon",152.07,"microgramsPerLiter","Revesz & Coplen 2012a",,
"f43dbe80-e456-4681-99c2-360a4cc7508a","D16","MCRA","MCRA.AOS.S2","2018-03-22","MCRA.SS.20180322.POM.1",,"condition ok","SIRFER Lab at University of Utah","2018-07-26","ElFtGy1kV49xqNP00HfxQA==","POM","1",1700,25,100,"d15N",3.29,"perMill","Revesz & Coplen 2012a",,
"f30c03da-0f19-43cb-bc88-88c4879f2851","D16","MCRA","MCRA.AOS.S2","2018-03-22","MCRA.SS.20180322.POM.1",,"condition ok","SIRFER Lab at University of Utah","2018-07-26","ElFtGy1kV49xqNP00HfxQA==","POM","1",1700,25,100,"d13C",-26.88,"perMill","Revesz & Coplen 2012a",,
"901add79-428f-4d22-9918-be89790f546a","D16","MCRA","MCRA.AOS.S2","2018-03-22","MCRA.SS.20180322.POM.1",,"condition ok","SIRFER Lab at University of Utah","2018-07-26","ElFtGy1kV49xqNP00HfxQA==","POM","1",1700,25,100,"carbon",88.53,"microgramsPerLiter","Revesz & Coplen 2012a",,
"bba2b79d-6372-40bc-8b2b-761b08846491","D16","MCRA","MCRA.AOS.S2","2018-03-22","MCRA.SS.20180322.POM.1",,"condition ok","SIRFER Lab at University of Utah","2018-07-26","ElFtGy1kV49xqNP00HfxQA==","POM","1",1700,25,100,"nitrogen",5.59,"microgramsPerLiter","Revesz & Coplen 2012a",,
"85682c40-44df-4f0e-9eb8-ce594020f215","D16","MCRA","MCRA.AOS.S2","2018-03-28","MCRA.SS.20180328.POM.1",,"condition ok","SIRFER Lab at University of Utah","2018-07-26","ElFtGy1kV49xqNP00HfxQA==","POM","1",1500,25,100,"carbon",44.20,"microgramsPerLiter","Revesz & Coplen 2012a",,
"7b705bd9-84f9-4300-8535-4714fdf6c77a","D16","MCRA","MCRA.AOS.S2","2018-03-28","MCRA.SS.20180328.POM.1",,"condition ok","SIRFER Lab at University of Utah","2018-07-26","ElFtGy1kV49xqNP00HfxQA==","POM","1",1500,25,100,"nitrogen",2.22,"microgramsPerLiter","Revesz & Coplen 2012a",,
"7cd89fd7-bc72-4bf1-ae63-9bedb6561c24","D16","MCRA","MCRA.AOS.S2","2018-03-28","MCRA.SS.20180328.POM.1",,"condition ok","SIRFER Lab at University of Utah","2018-07-26","ElFtGy1kV49xqNP00HfxQA==","POM","1",1500,25,100,"d13C",-27.23,"perMill","Revesz & Coplen 2012a",,
"cf0c8b06-b893-46c0-b102-99619a043e88","D16","MCRA","MCRA.AOS.S2","2018-03-28","MCRA.SS.20180328.POM.1",,"condition ok","SIRFER Lab at University of Utah","2018-07-26","ElFtGy1kV49xqNP00HfxQA==","POM","1",1500,25,100,"d15N",1.24,"perMill","Revesz & Coplen 2012a",,
