uid,domainID,siteID,namedLocation,collectDate,sampleID,sampleCode,sampleCondition,laboratoryName,analysisDate,analyzedBy,sampleType,replicate,sampleVolumeFiltered,filterSize,percentFilterAnalyzed,analyte,analyteConcentration,plantAlgaeLabUnits,method,externalRemarks,externalLabDataQF
"d4154fa9-b568-45ed-88f9-d4d7068e5ff9","D14","SYCA","SYCA.AOS.S2","2019-05-01","SYCA.SS.20190501.POM.1","A00000093973","condition ok","SIRFER Lab at University of Utah","2019-10-09","ElFtGy1kV49xqNP00HfxQA==","POM","1",750,25,100,"d13C",-22.58,"perMill","Revesz & Coplen 2012a",,
"cec5c363-1935-446b-b733-735ec05b2e42","D14","SYCA","SYCA.AOS.S2","2019-05-01","SYCA.SS.20190501.POM.1","A00000093973","condition ok","SIRFER Lab at University of Utah","2019-10-09","ElFtGy1kV49xqNP00HfxQA==","POM","1",750,25,100,"nitrogen",33.29,"microgramsPerLiter","Revesz & Coplen 2012a",,
"59bfcf9c-5657-42eb-b279-f1f6b7f200a2","D14","SYCA","SYCA.AOS.S2","2019-05-01","SYCA.SS.20190501.POM.1","A00000093973","condition ok","SIRFER Lab at University of Utah","2019-10-09","ElFtGy1kV49xqNP00HfxQA==","POM","1",750,25,100,"d15N",5.22,"perMill","Revesz & Coplen 2012a",,
"a2564cd1-c432-408e-b1a4-eaa41f478942","D14","SYCA","SYCA.AOS.S2","2019-05-01","SYCA.SS.20190501.POM.1","A00000093973","condition ok","SIRFER Lab at University of Utah","2019-10-09","ElFtGy1kV49xqNP00HfxQA==","POM","1",750,25,100,"carbon",364.93,"microgramsPerLiter","Revesz & Coplen 2012a",,
"5a5ef52d-9871-440f-a98c-c6110904f247","D14","SYCA","SYCA.AOS.S2","2019-05-08","SYCA.SS.20190508.POM.1","A00000055394","condition ok","SIRFER Lab at University of Utah","2019-10-09","ElFtGy1kV49xqNP00HfxQA==","POM","1",1000,25,100,"nitrogen",18.48,"microgramsPerLiter","Revesz & Coplen 2012a",,
"a1fa7d5c-3bb6-4fd4-b2a9-c9ea10fafe0c","D14","SYCA","SYCA.AOS.S2","2019-05-08","SYCA.SS.20190508.POM.1","A00000055394","condition ok","SIRFER Lab at University of Utah","2019-10-09","ElFtGy1kV49xqNP00HfxQA==","POM","1",1000,25,100,"d15N",5.45,"perMill","Revesz & Coplen 2012a",,
"e05e39ea-0de8-487a-8383-d48e26c1768b","D14","SYCA","SYCA.AOS.S2","2019-05-08","SYCA.SS.20190508.POM.1","A00000055394","condition ok","SIRFER Lab at University of Utah","2019-10-09","ElFtGy1kV49xqNP00HfxQA==","POM","1",1000,25,100,"d13C",-27.68,"perMill","Revesz & Coplen 2012a",,
"340a999d-dd47-4be6-a7a4-2820e337a4b4","D14","SYCA","SYCA.AOS.S2","2019-05-08","SYCA.SS.20190508.POM.1","A00000055394","condition ok","SIRFER Lab at University of Utah","2019-10-09","ElFtGy1kV49xqNP00HfxQA==","POM","1",1000,25,100,"carbon",155.76,"microgramsPerLiter","Revesz & Coplen 2012a",,
"dadd1f3f-1047-42b9-a1f8-a366d5526e5e","D14","SYCA","SYCA.AOS.S2","2019-05-28","SYCA.SS.20190528.POM.1","A00000094830","condition ok","SIRFER Lab at University of Utah","2019-10-09","ElFtGy1kV49xqNP00HfxQA==","POM","1",800,25,100,"nitrogen",30.99,"microgramsPerLiter","Revesz & Coplen 2012a",,
"97f1de05-feb1-4447-87e8-52703d9fada3","D14","SYCA","SYCA.AOS.S2","2019-05-28","SYCA.SS.20190528.POM.1","A00000094830","condition ok","SIRFER Lab at University of Utah","2019-10-09","ElFtGy1kV49xqNP00HfxQA==","POM","1",800,25,100,"d15N",5.37,"perMill","Revesz & Coplen 2012a",,
"b23c5c27-d158-4ef1-b465-e54e9648c04c","D14","SYCA","SYCA.AOS.S2","2019-05-28","SYCA.SS.20190528.POM.1","A00000094830","condition ok","SIRFER Lab at University of Utah","2019-10-09","ElFtGy1kV49xqNP00HfxQA==","POM","1",800,25,100,"d13C",-26.20,"perMill","Revesz & Coplen 2012a",,
"8169099f-0f9e-4ad7-8f1b-15eccef53468","D14","SYCA","SYCA.AOS.S2","2019-05-28","SYCA.SS.20190528.POM.1","A00000094830","condition ok","SIRFER Lab at University of Utah","2019-10-09","ElFtGy1kV49xqNP00HfxQA==","POM","1",800,25,100,"carbon",347.65,"microgramsPerLiter","Revesz & Coplen 2012a",,
