uid,domainID,siteID,namedLocation,collectDate,parentSampleID,parentSampleCode,isotopeH2OSampleCond,isotopeH2OSampleID,isotopeH2OSampleCode,isotopePOMRep2SampleCond,isotopePOMRep2SampleID,isotopePOMRep2SampleCode,isotopePOMSampleCond,isotopePOMSampleID,isotopePOMSampleCode,processedDateFilters,processedDateH2OIsotopes,sampleVolumeFilteredPOMRep1,sampleVolumeFilteredPOMRep2,fieldDataQF
"d804bab6-6577-4270-8658-1a079e974d0b","D14","SYCA","SYCA.AOS.S2","2019-05-01T15:46Z","SYCA.SS.20190501",,"Sample condition ok","SYCA.SS.20190501.H2O.1","A00000094007","Sample condition ok","SYCA.SS.20190501.POM.2","A00000093974","Sample condition ok","SYCA.SS.20190501.POM.1","A00000093973","2019-05-01T17:33Z","2019-05-01T16:25Z",750,750,
"4d8a0273-c1cf-40cc-bf01-cf64e2a17b50","D14","SYCA","SYCA.AOS.S2","2019-05-08T16:49Z","SYCA.SS.20190508",,"Sample condition ok","SYCA.SS.20190508.H2O.2","A00000055415",,,,,,,,"2019-05-08T17:40Z",,,
"f47098a1-5123-41cd-8a18-e63d2706c47b","D14","SYCA","SYCA.AOS.S2","2019-05-08T16:49Z","SYCA.SS.20190508",,"Sample condition ok","SYCA.SS.20190508.H2O.3","A00000055417",,,,,,,,"2019-05-08T17:41Z",,,
"a3f96b34-0c08-447a-816c-48766d4e19f1","D14","SYCA","SYCA.AOS.S2","2019-05-08T16:49Z","SYCA.SS.20190508",,"Sample condition ok","SYCA.SS.20190508.H2O.1","A00000055416","Sample condition ok","SYCA.SS.20190508.POM.2","A00000055378","Sample condition ok","SYCA.SS.20190508.POM.1","A00000055394","2019-05-08T20:12Z","2019-05-08T17:39Z",1000,1000,
"fafcb9ea-0192-422f-87af-184479dbe7b1","D14","SYCA","SYCA.AOS.S2","2019-05-28T18:30Z","SYCA.SS.20190528",,"Sample condition ok","SYCA.SS.20190528.H2O.1","A00000094826","Sample condition ok","SYCA.SS.20190528.POM.2","A00000094831","Sample condition ok","SYCA.SS.20190528.POM.1","A00000094830","2019-05-28T20:11Z","2019-05-28T20:14Z",800,800,
