uid,domainID,siteID,namedLocation,collectDate,analysisDate,isotopeH2OSampleID,isotopeH2OSampleCode,instrumentSN,d18OWater,d2HWater,d18OsdWater,d2HsdWater,isotopeH2OExternalLabQF,laboratoryName,analyzedBy,sampleCondition,externalRemarks,externalLabDataQF
"e530f917-f58e-4521-baf7-a52bc20b6cf8","D14","SYCA","SYCA.AOS.S2","2019-05-01","2019-06-07","SYCA.SS.20190501.H2O.1","A00000094007","HIDS2046",-8.73,-62.75,0.01,0.09,0,"SIRFER Lab at University of Utah","OlSmE6RRn5QQH8tvUHmK5i/poYiQr6sd","OK",,
"b4ed2849-a27b-4d40-bbf9-8b021514882f","D14","SYCA","SYCA.AOS.S2","2019-05-08","2019-06-07","SYCA.SS.20190508.H2O.2","A00000055415","HIDS2046",-8.72,-62.52,0.03,0.12,0,"SIRFER Lab at University of Utah","OlSmE6RRn5QQH8tvUHmK5i/poYiQr6sd","OK",,
"e5e26acb-4e81-4eae-b3fb-e5f3a41657c4","D14","SYCA","SYCA.AOS.S2","2019-05-08","2019-06-07","SYCA.SS.20190508.H2O.1","A00000055416","HIDS2046",-8.74,-62.57,0.01,0.08,0,"SIRFER Lab at University of Utah","OlSmE6RRn5QQH8tvUHmK5i/poYiQr6sd","OK",,
"a6b5d1f8-0757-4d1e-af87-3d98eb24d209","D14","SYCA","SYCA.AOS.S2","2019-05-08","2019-06-07","SYCA.SS.20190508.H2O.3","A00000055417","HIDS2046",-8.72,-62.64,0.01,0.12,0,"SIRFER Lab at University of Utah","OlSmE6RRn5QQH8tvUHmK5i/poYiQr6sd","OK",,
"c75591e2-0fac-4038-8abb-28ee04e40604","D14","SYCA","SYCA.AOS.S2","2019-05-28","2019-07-22","SYCA.SS.20190528.H2O.1","A00000094826","HIDS2052",-8.50,-61.52,0.04,0.25,0,"SIRFER Lab at University of Utah","OlSmE6RRn5QQH8tvUHmK5i/poYiQr6sd","OK",,
