uid,domainID,siteID,namedLocation,decimalLatitude,decimalLongitude,coordinateUncertainty,additionalCoordUncertainty,elevation,elevationUncertainty,geodeticDatum,altLocation,altLatitude,altLongitude,altCoordinateUncertainty,altGeodeticDatum,collectDate,aquaticSiteType,samplingImpractical,parentSampleID,parentSampleCode,eventID,samplerType,dissolvedOxygen,dissolvedOxygenSaturation,specificConductance,waterTemp,asiSamplingProtocolVersion,lowerSegmentDepth,upperSegmentDepth,maxDepth,lakeSampleDepth1,lakeSampleDepth2,aCollectedBy,bCollectedBy,remarks,fieldDataQF
"8154b0e9-f426-485e-a321-f4c5ef8cbddb","D13","WLOU","WLOU.AOS.S2",39.890669,-105.911314,0.1,10.0,2899.5,0.0,"WGS84",,,,,,"2017-06-08T16:16Z","stream",,"WLOU.SS.20170608",,"WLOU.20170608","Grab",10.47,107.90,71.70,2.50,"NEON.DOC.001886vE",,,,,,"nsturm@battelleecology.org","nsturm@battelleecology.org",,
"a61b5bdf-6507-4b74-9698-bc8f11f3bd50","D13","WLOU","WLOU.AOS.S2",39.890669,-105.911314,0.1,10.0,2899.5,0.0,"WGS84",,,,,,"2017-06-12T17:45Z","stream",,"WLOU.SS.20170612",,"WLOU.20170612","Grab",10.07,108.50,67.20,3.80,"NEON.DOC.001886vE",,,,,,"nsturm@battelleecology.org","rshowalter@field-ops.org",,
"9977fd39-464e-4fd2-aed0-6dc8e50e0915","D13","WLOU","WLOU.AOS.S2",39.890669,-105.911314,0.1,10.0,2899.5,0.0,"WGS84",,,,,,"2017-06-15T15:15Z","stream",,"WLOU.SS.20170615",,"WLOU.20170615","Grab",9.65,99.60,73.50,2.60,"NEON.DOC.001886vE",,,,,,"rshowalter@field-ops.org","nsturm@battelleecology.org",,
"1ea87a76-ed86-49a4-9cbc-49d144c7f2d2","D13","WLOU","WLOU.AOS.S2",39.890669,-105.911314,0.1,10.0,2899.5,0.0,"WGS84",,,,,,"2017-06-19T16:38Z","stream",,"WLOU.SS.20170619",,"WLOU.20170619","Grab",10.06,106.60,72.50,4.30,"NEON.DOC.001886vE",,,,,,"Hschartel@battelleecology.org","nsturm@battelleecology.org",,
"da6e49a1-bb62-46ac-bf25-d68e758f5c80","D13","WLOU","WLOU.AOS.S2",39.890669,-105.911314,0.1,10.0,2899.5,0.0,"WGS84",,,,,,"2017-06-22T16:14Z","stream",,"WLOU.SS.20170622",,"WLOU.20170622","Grab",10.34,111.90,72.80,5.00,"NEON.DOC.001886vE",,,,,,"Bnance@battelleecology.org","rshowalter@battelleecology.org",,
"083c7e2a-2999-45e3-98db-5271a0fe1fc8","D13","WLOU","WLOU.AOS.S2",39.890669,-105.911314,0.1,10.0,2899.5,0.0,"WGS84",,,,,,"2017-06-26T17:23Z","stream",,"WLOU.SS.20170626",,"WLOU.20170626","Grab",10.55,116.00,77.10,5.40,"NEON.DOC.001886vE",,,,,,"rshowalter@battelleecology.org","nsturm@battelleecology.org",,
"ac6f5cd3-a6de-4263-b8f5-be36274f85f6","D13","WLOU","WLOU.AOS.S2",39.890669,-105.911314,0.1,,2899.5,0.0,"WGS84",,,,,,"2017-06-29T15:39Z","stream",,"WLOU.SS.20170629",,"WLOU.20170629","Grab",9.10,99.10,78.50,4.50,"NEON.DOC.001886vE",,,,,,"Nsturm@battelleecology.org","Hschartel@battelleecology.org",,
