uid,domainID,siteID,namedLocation,collectDate,sampleID,sampleCode,sampleCondition,laboratoryName,analysisDate,analyzedBy,sampleType,replicate,sampleVolumeFiltered,filterSize,percentFilterAnalyzed,analyte,analyteConcentration,plantAlgaeLabUnits,method,externalRemarks,externalLabDataQF
"c2b7a97a-fed2-4cf4-99bf-f04edc79a254","D13","WLOU","WLOU.AOS.S2","2017-06-08","WLOU.SS.20170608.POM.1",,"condition ok","SIRFER Lab at University of Utah","2018-04-16","ElFtGy1kV49xqNP00HfxQA==","POM","1",700,25,100,"d15N",4.31,"perMill","Revesz & Coplen 2012a",,
"ae639e8c-4444-4acb-9b03-4861e02a32be","D13","WLOU","WLOU.AOS.S2","2017-06-08","WLOU.SS.20170608.POM.1",,"condition ok","SIRFER Lab at University of Utah","2018-04-16","ElFtGy1kV49xqNP00HfxQA==","POM","1",700,25,100,"nitrogen",18.10,"microgramsPerLiter","Revesz & Coplen 2012a",,
"5dab6aab-3063-4db3-bcff-12a7ff8e101c","D13","WLOU","WLOU.AOS.S2","2017-06-08","WLOU.SS.20170608.POM.1",,"condition ok","SIRFER Lab at University of Utah","2018-04-16","ElFtGy1kV49xqNP00HfxQA==","POM","1",700,25,100,"carbon",278.30,"microgramsPerLiter","Revesz & Coplen 2012a",,
"a8a512f7-5f7f-40a6-8490-e76e97d065ca","D13","WLOU","WLOU.AOS.S2","2017-06-08","WLOU.SS.20170608.POM.1",,"condition ok","SIRFER Lab at University of Utah","2018-04-16","ElFtGy1kV49xqNP00HfxQA==","POM","1",700,25,100,"d13C",-25.17,"perMill","Revesz & Coplen 2012a",,
"120849ca-6fd9-47b4-b59a-98f7d496bb5c","D13","WLOU","WLOU.AOS.S2","2017-06-12","WLOU.SS.20170612.POM.1",,"condition ok","SIRFER Lab at University of Utah","2018-04-16","ElFtGy1kV49xqNP00HfxQA==","POM","1",750,25,100,"d13C",-25.38,"perMill","Revesz & Coplen 2012a",,
"b776bc1a-7664-46c6-bb69-a5a23432f38f","D13","WLOU","WLOU.AOS.S2","2017-06-12","WLOU.SS.20170612.POM.1",,"condition ok","SIRFER Lab at University of Utah","2018-04-16","ElFtGy1kV49xqNP00HfxQA==","POM","1",750,25,100,"d15N",3.78,"perMill","Revesz & Coplen 2012a",,
"cd18a4c7-02fe-4017-97e6-1912691ddacf","D13","WLOU","WLOU.AOS.S2","2017-06-12","WLOU.SS.20170612.POM.1",,"condition ok","SIRFER Lab at University of Utah","2018-04-16","ElFtGy1kV49xqNP00HfxQA==","POM","1",750,25,100,"carbon",484.56,"microgramsPerLiter","Revesz & Coplen 2012a",,
"fb80d9f5-3a1d-48b5-878c-86accc9dc026","D13","WLOU","WLOU.AOS.S2","2017-06-12","WLOU.SS.20170612.POM.1",,"condition ok","SIRFER Lab at University of Utah","2018-04-16","ElFtGy1kV49xqNP00HfxQA==","POM","1",750,25,100,"nitrogen",27.94,"microgramsPerLiter","Revesz & Coplen 2012a",,
"523d7fc3-112e-49d4-977e-89d476425af7","D13","WLOU","WLOU.AOS.S2","2017-06-15","WLOU.SS.20170615.POM.1",,"condition ok","SIRFER Lab at University of Utah","2018-04-16","ElFtGy1kV49xqNP00HfxQA==","POM","1",700,25,100,"d13C",-24.97,"perMill","Revesz & Coplen 2012a",,
"86ad989e-7596-4bdc-b574-4f7efb3ba286","D13","WLOU","WLOU.AOS.S2","2017-06-15","WLOU.SS.20170615.POM.1",,"condition ok","SIRFER Lab at University of Utah","2018-04-16","ElFtGy1kV49xqNP00HfxQA==","POM","1",700,25,100,"d15N",4.52,"perMill","Revesz & Coplen 2012a",,
"967b640e-0789-4c0b-a1d2-71382449986b","D13","WLOU","WLOU.AOS.S2","2017-06-15","WLOU.SS.20170615.POM.1",,"condition ok","SIRFER Lab at University of Utah","2018-04-16","ElFtGy1kV49xqNP00HfxQA==","POM","1",700,25,100,"carbon",271.52,"microgramsPerLiter","Revesz & Coplen 2012a",,
"d06da2b6-77c5-454c-b1ca-76d7402352cf","D13","WLOU","WLOU.AOS.S2","2017-06-15","WLOU.SS.20170615.POM.1",,"condition ok","SIRFER Lab at University of Utah","2018-04-16","ElFtGy1kV49xqNP00HfxQA==","POM","1",700,25,100,"nitrogen",17.13,"microgramsPerLiter","Revesz & Coplen 2012a",,
"742f3a43-cbd9-4640-8b0b-f5be9ebc3b79","D13","WLOU","WLOU.AOS.S2","2017-06-19","WLOU.SS.20170619.POM.1",,"condition ok","SIRFER Lab at University of Utah","2018-04-16","ElFtGy1kV49xqNP00HfxQA==","POM","1",700,25,100,"d13C",,"perMill","Revesz & Coplen 2012a",,
"3c1f9a9d-60c9-4cad-bba7-801531ba4458","D13","WLOU","WLOU.AOS.S2","2017-06-19","WLOU.SS.20170619.POM.1",,"condition ok","SIRFER Lab at University of Utah","2018-04-16","ElFtGy1kV49xqNP00HfxQA==","POM","1",700,25,100,"carbon",,"microgramsPerLiter","Revesz & Coplen 2012a",,
"797a9c1b-61e7-4abd-9316-d7922e718e9a","D13","WLOU","WLOU.AOS.S2","2017-06-19","WLOU.SS.20170619.POM.1",,"condition ok","SIRFER Lab at University of Utah","2018-04-16","ElFtGy1kV49xqNP00HfxQA==","POM","1",700,25,100,"d15N",,"perMill","Revesz & Coplen 2012a",,
"4ccc0b25-31ec-4173-acaa-48a9f5b47e2b","D13","WLOU","WLOU.AOS.S2","2017-06-19","WLOU.SS.20170619.POM.1",,"condition ok","SIRFER Lab at University of Utah","2018-04-16","ElFtGy1kV49xqNP00HfxQA==","POM","1",700,25,100,"nitrogen",,"microgramsPerLiter","Revesz & Coplen 2012a",,
"c726e801-bbfa-4187-b300-0bf6d3a878a6","D13","WLOU","WLOU.AOS.S2","2017-06-22","WLOU.SS.20170622.POM.1",,"condition ok","SIRFER Lab at University of Utah","2018-04-16","ElFtGy1kV49xqNP00HfxQA==","POM","1",750,25,100,"d13C",-25.52,"perMill","Revesz & Coplen 2012a",,
"b82cbe44-96e5-45f2-b61a-5178f3ff7a96","D13","WLOU","WLOU.AOS.S2","2017-06-22","WLOU.SS.20170622.POM.1",,"condition ok","SIRFER Lab at University of Utah","2018-04-16","ElFtGy1kV49xqNP00HfxQA==","POM","1",750,25,100,"carbon",194.40,"microgramsPerLiter","Revesz & Coplen 2012a",,
"50981734-060e-4dfd-9ef5-09d2bf8c10a8","D13","WLOU","WLOU.AOS.S2","2017-06-22","WLOU.SS.20170622.POM.1",,"condition ok","SIRFER Lab at University of Utah","2018-04-16","ElFtGy1kV49xqNP00HfxQA==","POM","1",750,25,100,"nitrogen",12.42,"microgramsPerLiter","Revesz & Coplen 2012a",,
"673683f1-68c5-44e9-9b26-a74d97ed7bea","D13","WLOU","WLOU.AOS.S2","2017-06-22","WLOU.SS.20170622.POM.1",,"condition ok","SIRFER Lab at University of Utah","2018-04-16","ElFtGy1kV49xqNP00HfxQA==","POM","1",750,25,100,"d15N",6.10,"perMill","Revesz & Coplen 2012a",,
"48c36d1b-af87-43b7-9392-9b8afa756a97","D13","WLOU","WLOU.AOS.S2","2017-06-26","WLOU.SS.20170626.POM.1",,"condition ok","SIRFER Lab at University of Utah","2018-04-16","ElFtGy1kV49xqNP00HfxQA==","POM","1",750,25,100,"nitrogen",10.05,"microgramsPerLiter","Revesz & Coplen 2012a",,
"a42d8eb7-cfc9-42ee-940c-8a870467ac67","D13","WLOU","WLOU.AOS.S2","2017-06-26","WLOU.SS.20170626.POM.1",,"condition ok","SIRFER Lab at University of Utah","2018-04-16","ElFtGy1kV49xqNP00HfxQA==","POM","1",750,25,100,"carbon",158.97,"microgramsPerLiter","Revesz & Coplen 2012a",,
"8c455c2c-ef84-44f1-937b-37d60111723f","D13","WLOU","WLOU.AOS.S2","2017-06-26","WLOU.SS.20170626.POM.1",,"condition ok","SIRFER Lab at University of Utah","2018-04-16","ElFtGy1kV49xqNP00HfxQA==","POM","1",750,25,100,"d15N",6.74,"perMill","Revesz & Coplen 2012a",,
"d9caae39-8d0f-4794-8588-f6b6ae8c7367","D13","WLOU","WLOU.AOS.S2","2017-06-26","WLOU.SS.20170626.POM.1",,"condition ok","SIRFER Lab at University of Utah","2018-04-16","ElFtGy1kV49xqNP00HfxQA==","POM","1",750,25,100,"d13C",-25.66,"perMill","Revesz & Coplen 2012a",,
"79f2c13b-346a-40b3-b3f0-7369171ad03e","D13","WLOU","WLOU.AOS.S2","2017-06-29","WLOU.SS.20170629.POM.1",,"condition ok","SIRFER Lab at University of Utah","2018-04-16","ElFtGy1kV49xqNP00HfxQA==","POM","1",700,25,100,"d15N",6.87,"perMill","Revesz & Coplen 2012a",,
"dbfe5282-e59b-4e4e-9845-6163cc24d497","D13","WLOU","WLOU.AOS.S2","2017-06-29","WLOU.SS.20170629.POM.1",,"condition ok","SIRFER Lab at University of Utah","2018-04-16","ElFtGy1kV49xqNP00HfxQA==","POM","1",700,25,100,"d13C",-25.55,"perMill","Revesz & Coplen 2012a",,
"e2742687-5f39-487e-b010-615065493d6a","D13","WLOU","WLOU.AOS.S2","2017-06-29","WLOU.SS.20170629.POM.1",,"condition ok","SIRFER Lab at University of Utah","2018-04-16","ElFtGy1kV49xqNP00HfxQA==","POM","1",700,25,100,"nitrogen",8.77,"microgramsPerLiter","Revesz & Coplen 2012a",,
"cf5af467-0b86-47bc-9ea5-0b973865908b","D13","WLOU","WLOU.AOS.S2","2017-06-29","WLOU.SS.20170629.POM.1",,"condition ok","SIRFER Lab at University of Utah","2018-04-16","ElFtGy1kV49xqNP00HfxQA==","POM","1",700,25,100,"carbon",131.51,"microgramsPerLiter","Revesz & Coplen 2012a",,
