uid,domainID,siteID,namedLocation,collectDate,parentSampleID,parentSampleCode,isotopeH2OSampleCond,isotopeH2OSampleID,isotopeH2OSampleCode,isotopePOMRep2SampleCond,isotopePOMRep2SampleID,isotopePOMRep2SampleCode,isotopePOMSampleCond,isotopePOMSampleID,isotopePOMSampleCode,processedDateFilters,processedDateH2OIsotopes,sampleVolumeFilteredPOMRep1,sampleVolumeFilteredPOMRep2,fieldDataQF
"9095ebe8-b9af-42b4-ab71-eb83a8e4dca3","D13","WLOU","WLOU.AOS.S2","2017-06-08T16:16Z","WLOU.SS.20170608",,"Sample condition ok","WLOU.SS.20170608.H2O.1",,"Sample condition ok",,,"Sample condition ok","WLOU.SS.20170608.POM.1",,"2017-06-08T17:32Z","2017-06-08T16:13Z",700,,
"b3568d6b-b832-47df-bc8c-6d911cde4027","D13","WLOU","WLOU.AOS.S2","2017-06-12T17:45Z","WLOU.SS.20170612",,"Sample condition ok","WLOU.SS.20170612.H2O.1",,"Sample condition ok",,,"Sample condition ok","WLOU.SS.20170612.POM.1",,"2017-06-12T18:35Z","2017-06-12T17:28Z",750,,
"6c0aa572-677c-42e8-9830-f41353006738","D13","WLOU","WLOU.AOS.S2","2017-06-15T15:15Z","WLOU.SS.20170615",,"Sample condition ok","WLOU.SS.20170615.H2O.1",,"Sample condition ok",,,"Sample condition ok","WLOU.SS.20170615.POM.1",,"2017-06-15T16:35Z","2017-06-15T14:58Z",700,,
"7698f100-417d-4520-a4a2-28ad4a191589","D13","WLOU","WLOU.AOS.S2","2017-06-19T16:38Z","WLOU.SS.20170619",,"Sample condition ok","WLOU.SS.20170619.H2O.1",,"Sample condition ok",,,"Sample condition ok","WLOU.SS.20170619.POM.1",,"2017-06-19T17:22Z","2017-06-19T16:35Z",700,,
"23c87cf8-911d-43af-95f5-42c8eb78bc3c","D13","WLOU","WLOU.AOS.S2","2017-06-22T16:14Z","WLOU.SS.20170622",,"Sample condition ok","WLOU.SS.20170622.H2O.1",,"Sample condition ok",,,"Sample condition ok","WLOU.SS.20170622.POM.1",,"2017-06-26T17:31Z","2017-06-26T16:11Z",750,,
"16694214-3da5-4d0d-8cac-1d49eaabdc7e","D13","WLOU","WLOU.AOS.S2","2017-06-26T17:23Z","WLOU.SS.20170626",,"Sample condition ok","WLOU.SS.20170626.H2O.1",,"Sample condition ok",,,"Sample condition ok","WLOU.SS.20170626.POM.1",,"2017-06-26T18:08Z","2017-06-26T17:16Z",750,,
"cfdbdfce-0945-4af2-9450-d9b91f84925c","D13","WLOU","WLOU.AOS.S2","2017-06-29T15:39Z","WLOU.SS.20170629",,"Sample condition ok","WLOU.SS.20170629.H2O.1",,"Sample condition ok",,,"Sample condition ok","WLOU.SS.20170629.POM.1",,"2017-06-29T16:40Z","2017-06-29T15:33Z",700,,
