uid,domainID,siteID,namedLocation,collectDate,sampleID,sampleCode,sampleCondition,laboratoryName,analysisDate,analyzedBy,sampleType,replicate,sampleVolumeFiltered,filterSize,percentFilterAnalyzed,analyte,analyteConcentration,plantAlgaeLabUnits,method,externalRemarks,externalLabDataQF
"33703c39-1df4-4580-a972-7b4d23fd5e3c","D16","MCRA","MCRA.AOS.S2","2017-12-05","MCRA.SS.20171205.POM.1",,"condition ok","SIRFER Lab at University of Utah","2018-07-23","ElFtGy1kV49xqNP00HfxQA==","POM","1",1500,25,100,"d13C",-26.35,"perMill","Revesz & Coplen 2012a",,
"2595b1f8-9141-4554-88f7-fa64c20dc966","D16","MCRA","MCRA.AOS.S2","2017-12-05","MCRA.SS.20171205.POM.1",,"condition ok","SIRFER Lab at University of Utah","2018-07-23","ElFtGy1kV49xqNP00HfxQA==","POM","1",1500,25,100,"carbon",39.76,"microgramsPerLiter","Revesz & Coplen 2012a",,
"709d8254-bbe8-4f04-b9cb-8aa454126036","D16","MCRA","MCRA.AOS.S2","2017-12-05","MCRA.SS.20171205.POM.1",,"condition ok","SIRFER Lab at University of Utah","2018-07-23","ElFtGy1kV49xqNP00HfxQA==","POM","1",1500,25,100,"d15N",2.45,"perMill","Revesz & Coplen 2012a",,
"9a0d7237-1f78-4d56-9be6-b105e349c822","D16","MCRA","MCRA.AOS.S2","2017-12-05","MCRA.SS.20171205.POM.1",,"condition ok","SIRFER Lab at University of Utah","2018-07-23","ElFtGy1kV49xqNP00HfxQA==","POM","1",1500,25,100,"nitrogen",2.49,"microgramsPerLiter","Revesz & Coplen 2012a",,
"0e5d5427-b47d-49a7-846e-6cd3f178d8a8","D16","MCRA","MCRA.AOS.S2","2017-12-12","MCRA.SS.20171212.POM.1",,"condition ok","SIRFER Lab at University of Utah","2018-07-20","ElFtGy1kV49xqNP00HfxQA==","POM","1",1500,25,100,"carbon",49.83,"microgramsPerLiter","Revesz & Coplen 2012a",,
"ab7c93a2-1266-452d-88b1-2c61357a4b7f","D16","MCRA","MCRA.AOS.S2","2017-12-12","MCRA.SS.20171212.POM.1",,"condition ok","SIRFER Lab at University of Utah","2018-07-20","ElFtGy1kV49xqNP00HfxQA==","POM","1",1500,25,100,"d13C",-26.24,"perMill","Revesz & Coplen 2012a",,
"a9d7453e-ac31-46cd-a194-73628a43697c","D16","MCRA","MCRA.AOS.S2","2017-12-12","MCRA.SS.20171212.POM.1",,"condition ok","SIRFER Lab at University of Utah","2018-07-20","ElFtGy1kV49xqNP00HfxQA==","POM","1",1500,25,100,"nitrogen",3.32,"microgramsPerLiter","Revesz & Coplen 2012a",,
"7c9dd7c5-034d-4dc5-8cd4-ef2e5cb6ad1d","D16","MCRA","MCRA.AOS.S2","2017-12-12","MCRA.SS.20171212.POM.1",,"condition ok","SIRFER Lab at University of Utah","2018-07-20","ElFtGy1kV49xqNP00HfxQA==","POM","1",1500,25,100,"d15N",3.41,"perMill","Revesz & Coplen 2012a",,
"d584da3c-e4c7-4ce1-9a49-3f7177da5822","D16","MCRA","MCRA.AOS.S2","2017-12-18","MCRA.SS.20171218.POM.1",,"condition ok","SIRFER Lab at University of Utah","2018-07-23","ElFtGy1kV49xqNP00HfxQA==","POM","1",1500,25,100,"nitrogen",2.75,"microgramsPerLiter","Revesz & Coplen 2012a",,
"7422ba1e-b0e1-406c-8372-47b4bc0cb8a7","D16","MCRA","MCRA.AOS.S2","2017-12-18","MCRA.SS.20171218.POM.1",,"condition ok","SIRFER Lab at University of Utah","2018-07-23","ElFtGy1kV49xqNP00HfxQA==","POM","1",1500,25,100,"carbon",37.30,"microgramsPerLiter","Revesz & Coplen 2012a",,
"2b8c4fef-5154-441a-bc36-9268231a46ad","D16","MCRA","MCRA.AOS.S2","2017-12-18","MCRA.SS.20171218.POM.1",,"condition ok","SIRFER Lab at University of Utah","2018-07-23","ElFtGy1kV49xqNP00HfxQA==","POM","1",1500,25,100,"d13C",-26.34,"perMill","Revesz & Coplen 2012a",,
"1c90ac84-6f9e-44c5-94f3-a1127cc01192","D16","MCRA","MCRA.AOS.S2","2017-12-18","MCRA.SS.20171218.POM.1",,"condition ok","SIRFER Lab at University of Utah","2018-07-23","ElFtGy1kV49xqNP00HfxQA==","POM","1",1500,25,100,"d15N",-5.05,"perMill","Revesz & Coplen 2012a",,
