uid,domainID,siteID,namedLocation,collectDate,sampleID,sampleCode,sampleCondition,laboratoryName,analysisDate,analyzedBy,sampleType,replicate,sampleVolumeFiltered,filterSize,percentFilterAnalyzed,analyte,analyteConcentration,plantAlgaeLabUnits,method,externalRemarks,externalLabDataQF
"141c819e-eaa1-43bd-a856-514c80dce944","D07","LECO","LECO.AOS.S2","2017-10-02","LECO.SS.20171002.POM.2",,"condition ok","SIRFER Lab at University of Utah","2018-03-12","ElFtGy1kV49xqNP00HfxQA==","POM","1",,,100,"nitrogen",20.13,"microgramsPerLiter","Revesz & Coplen 2012a",,
"ab1676c0-597e-47ba-8bcb-a95494d84e77","D07","LECO","LECO.AOS.S2","2017-10-02","LECO.SS.20171002.POM.2",,"condition ok","SIRFER Lab at University of Utah","2018-03-12","ElFtGy1kV49xqNP00HfxQA==","POM","1",,,100,"carbon",273.15,"microgramsPerLiter","Revesz & Coplen 2012a",,
"d696f96d-698b-4c72-bc67-e6ec5ab76450","D07","LECO","LECO.AOS.S2","2017-10-02","LECO.SS.20171002.POM.2",,"condition ok","SIRFER Lab at University of Utah","2018-03-12","ElFtGy1kV49xqNP00HfxQA==","POM","1",,,100,"d15N",2.89,"perMill","Revesz & Coplen 2012a",,
"220830b3-6f39-4331-8d88-e67b3507dd24","D07","LECO","LECO.AOS.S2","2017-10-02","LECO.SS.20171002.POM.2",,"condition ok","SIRFER Lab at University of Utah","2018-03-12","ElFtGy1kV49xqNP00HfxQA==","POM","1",,,100,"d13C",-27.93,"perMill","Revesz & Coplen 2012a",,
"29458c41-8185-42a7-8319-32631d48e679","D07","LECO","LECO.AOS.S2","2017-10-24","LECO.SS.20171024.POM.2",,"condition ok","SIRFER Lab at University of Utah","2018-03-12","ElFtGy1kV49xqNP00HfxQA==","POM","1",,,100,"d13C",-27.84,"perMill","Revesz & Coplen 2012a",,
"317ea07e-b193-4158-a47b-df83190d9bae","D07","LECO","LECO.AOS.S2","2017-10-24","LECO.SS.20171024.POM.2",,"condition ok","SIRFER Lab at University of Utah","2018-03-12","ElFtGy1kV49xqNP00HfxQA==","POM","1",,,100,"nitrogen",44.93,"microgramsPerLiter","Revesz & Coplen 2012a",,
"921a0cf2-56c7-43a3-bf49-af742cbb4e50","D07","LECO","LECO.AOS.S2","2017-10-24","LECO.SS.20171024.POM.2",,"condition ok","SIRFER Lab at University of Utah","2018-03-12","ElFtGy1kV49xqNP00HfxQA==","POM","1",,,100,"d15N",1.63,"perMill","Revesz & Coplen 2012a",,
"cc034710-ad35-49f0-abde-d96522b3cfc6","D07","LECO","LECO.AOS.S2","2017-10-24","LECO.SS.20171024.POM.2",,"condition ok","SIRFER Lab at University of Utah","2018-03-12","ElFtGy1kV49xqNP00HfxQA==","POM","1",,,100,"carbon",552.56,"microgramsPerLiter","Revesz & Coplen 2012a",,
