uid,domainID,siteID,namedLocation,collectDate,parentSampleID,parentSampleCode,isotopeH2OSampleCond,isotopeH2OSampleID,isotopeH2OSampleCode,isotopePOMRep2SampleCond,isotopePOMRep2SampleID,isotopePOMRep2SampleCode,isotopePOMSampleCond,isotopePOMSampleID,isotopePOMSampleCode,processedDateFilters,processedDateH2OIsotopes,sampleVolumeFilteredPOMRep1,sampleVolumeFilteredPOMRep2,fieldDataQF
"24f3c487-1ca9-405b-bce7-d67f0f7523f7","D09","PRLA","PRLA.AOS.inlet","2016-03-02T15:45Z","PRLA.IN.20160302",,,"PRLA.IN.20160302.H2O.1",,,"PRLA.IN.20160302.POM.2",,,"PRLA.IN.20160302.POM.1",,"2016-03-02T18:01Z","2016-03-02T18:25Z",130,130,
"a2dc0665-dca8-4fbb-b4c0-88e33fb9628f","D09","PRLA","PRLA.AOS.buoy.c0","2016-03-02T16:25Z","PRLA.C0.20160302",,,"PRLA.C0.20160302.H2O.1",,,"PRLA.C0.20160302.POM.2",,,"PRLA.C0.20160302.POM.1",,"2016-03-02T18:25Z","2016-03-02T18:30Z",160,160,
"f10897a4-5e43-4168-8d3d-a2490e1f3012","D09","PRLA","PRLA.AOS.outlet","2016-03-02T16:45Z","PRLA.OT.20160302",,,"PRLA.OT.20160302.H2O.1",,,"PRLA.OT.20160302.POM.2",,,"PRLA.OT.20160302.POM.1",,"2016-03-02T18:04Z","2016-03-02T18:35Z",130,130,
"a0696324-d99a-4300-be2b-4bfdcaa5d13f","D09","PRLA","PRLA.AOS.inlet","2016-03-22T15:40Z","PRLA.IN.20160322",,,"PRLA.IN.20160322.H2O.1",,,"PRLA.IN.20160322.POM.2",,,"PRLA.IN.20160322.POM.1",,"2016-03-22T18:25Z","2016-03-22T18:30Z",100,100,
"1acbcd36-9fea-4ef2-9988-f85c5d4c41fc","D09","PRLA","PRLA.AOS.buoy.c0","2016-03-22T16:15Z","PRLA.C0.20160322",,,"PRLA.C0.20160322.H2O.1",,,"PRLA.C0.20160322.POM.2",,,"PRLA.C0.20160322.POM.1",,"2016-03-22T18:45Z","2016-03-22T18:50Z",100,100,
"4abf7582-a463-400e-9a4d-03264dd1470f","D09","PRLA","PRLA.AOS.outlet","2016-03-22T16:30Z","PRLA.OT.20160322",,,"PRLA.OT.20160322.H2O.1",,,"PRLA.OT.20160322.POM.2",,,"PRLA.OT.20160322.POM.1",,"2016-03-22T19:05Z","2016-03-22T19:10Z",100,100,
