uid,domainID,siteID,namedLocation,decimalLatitude,decimalLongitude,coordinateUncertainty,additionalCoordUncertainty,elevation,elevationUncertainty,geodeticDatum,altLocation,altLatitude,altLongitude,altCoordinateUncertainty,altGeodeticDatum,collectDate,aquaticSiteType,samplingImpractical,parentSampleID,parentSampleCode,eventID,samplerType,dissolvedOxygen,dissolvedOxygenSaturation,specificConductance,waterTemp,asiSamplingProtocolVersion,lowerSegmentDepth,upperSegmentDepth,maxDepth,lakeSampleDepth1,lakeSampleDepth2,aCollectedBy,bCollectedBy,remarks,fieldDataQF
"711263d5-4c7f-4d17-95d0-8ef6208a7cd4","D09","PRLA","PRLA.AOS.inlet",47.158845,-99.114183,0.3,10.0,562.9,0.3,"WGS84",,,,,,"2016-03-02T15:45Z","lake",,"PRLA.IN.20160302",,"PRLA.20160302","Kemmerer",3.71,29.40,1143.00,2.90,"NEON.DOC.001886vD",0.7,0.0,0.7,0.5,0.5,"jeldridge@neoninc.org","totto@neoninc.org","No lab processing| collected for isotopes only| ice 0.4 m. thick| water dark brown and murky",
"bb8b6c47-0e6f-47a8-8377-1798df1464ba","D09","PRLA","PRLA.AOS.buoy.c0",47.159718,-99.118723,10.0,10.0,561.0,10.0,"WGS84",,,,,,"2016-03-02T16:25Z","lake",,"PRLA.C0.20160302",,"PRLA.20160302","Kemmerer",28.00,232.00,1034.00,4.40,"NEON.DOC.001886vD",2.8,0.0,2.8,0.5,0.5,"jeldridge@neoninc.org","totto@neoninc.org","no external lab processing",
"9d599150-fa2c-45b6-8f08-fb5797adc0cf","D09","PRLA","PRLA.AOS.outlet",47.160881,-99.120245,0.3,10.0,562.9,0.3,"WGS84",,,,,,"2016-03-02T16:45Z","lake",,"PRLA.OT.20160302",,"PRLA.20160302","Kemmerer",20.15,169.70,1104.00,4.80,"NEON.DOC.001886vD",1.0,0.0,1.0,0.5,0.5,"jeldridge@neoninc.org","totto@neoninc.org","No processing for lab| collected for isotopes only",
"76c31e43-df9c-436a-91ed-68af574eddd3","D09","PRLA","PRLA.AOS.inlet",47.158845,-99.114183,0.3,10.0,562.9,0.3,"WGS84",,,,,,"2016-03-22T15:40Z","lake",,"PRLA.IN.20160322",,"PRLA.20160322","Kemmerer",13.77,109.80,965.00,2.70,"NEON.DOC.001886vD",0.9,0.0,0.9,0.5,,"jeldridge@neoninc.org","gcain@neoninc.org","Sample for isotopes only| no external lab processing",
"1bd57ab9-43a6-4d2d-9a16-2fc8a7e15ede","D09","PRLA","PRLA.AOS.buoy.c0",47.159718,-99.118723,10.0,10.0,561.0,10.0,"WGS84",,,,,,"2016-03-22T16:15Z","lake",,"PRLA.C0.20160322",,"PRLA.20160322","Kemmerer",13.48,107.10,966.00,2.60,"NEON.DOC.001886vD",3.2,0.0,3.2,0.5,,"jeldridge@neoninc.org","gcain@neoninc.org","ALK and ANC only| no external lab processing",
"e29c998a-f7ec-408f-9371-5a0a4876e7db","D09","PRLA","PRLA.AOS.outlet",47.160881,-99.120245,0.3,10.0,562.9,0.3,"WGS84",,,,,,"2016-03-22T16:30Z","lake",,"PRLA.OT.20160322",,"PRLA.20160322","Kemmerer",13.88,111.00,966.00,2.90,"NEON.DOC.001886vD",1.2,0.0,1.2,0.5,,"jeldridge@neoninc.org","gcain@neoninc.org","Collected for isotopes only| no external lab processing",
