uid,domainID,siteID,namedLocation,collectDate,sampleID,sampleCode,sampleCondition,laboratoryName,analysisDate,analyzedBy,sampleType,replicate,sampleVolumeFiltered,filterSize,percentFilterAnalyzed,analyte,analyteConcentration,plantAlgaeLabUnits,method,externalRemarks,externalLabDataQF
"7a0fca7d-6643-4293-a267-21d9a9077ed4","D09","PRLA","PRLA.AOS.inlet","2016-03-02","PRLA.IN.20160302.POM.2",,"condition ok","Academy of Natural Sciences of Drexel University","2017-02-15","OKgcKejxXbI=","13C15N","2",,,100,"d15N",-0.04,"perMill",,,
"8956fafd-56ae-4350-b571-2bbaf1c34b07","D09","PRLA","PRLA.AOS.inlet","2016-03-02","PRLA.IN.20160302.POM.1",,"condition ok","Academy of Natural Sciences of Drexel University","2017-01-31","OKgcKejxXbI=","13C15N","1",,,100,"d13C",-30.76,"perMill",,,
"34616d2d-fe3e-4371-b818-cc96721fa7d8","D09","PRLA","PRLA.AOS.inlet","2016-03-02","PRLA.IN.20160302.POM.1",,"condition ok","Academy of Natural Sciences of Drexel University","2017-01-31","OKgcKejxXbI=","13C15N","1",,,100,"d15N",2.17,"perMill",,,
"f9afcd12-5956-4be9-98fd-99560ad12904","D09","PRLA","PRLA.AOS.inlet","2016-03-02","PRLA.IN.20160302.POM.2",,"condition ok","Academy of Natural Sciences of Drexel University","2017-02-15","OKgcKejxXbI=","13C15N","2",,,100,"d13C",-30.29,"perMill",,,
"4d09de43-2196-465e-93dd-7c1bda4609c8","D09","PRLA","PRLA.AOS.buoy.c0","2016-03-02","PRLA.C0.20160302.POM.1",,"condition ok","Academy of Natural Sciences of Drexel University","2017-01-31","OKgcKejxXbI=","13C15N","1",,,100,"d13C",-30.57,"perMill",,,
"8d03f008-7298-4e94-8ed3-0398acf2b424","D09","PRLA","PRLA.AOS.buoy.c0","2016-03-02","PRLA.C0.20160302.POM.2",,"condition ok","Academy of Natural Sciences of Drexel University","2017-02-15","OKgcKejxXbI=","13C15N","2",,,100,"d13C",-33.11,"perMill",,,
"e6a9abb4-9d23-48c2-a0d1-59d9eddf5552","D09","PRLA","PRLA.AOS.buoy.c0","2016-03-02","PRLA.C0.20160302.POM.2",,"condition ok","Academy of Natural Sciences of Drexel University","2017-02-15","OKgcKejxXbI=","13C15N","2",,,100,"d15N",13.08,"perMill",,,
"58099755-27cc-4d03-ab4f-ccfed6012659","D09","PRLA","PRLA.AOS.buoy.c0","2016-03-02","PRLA.C0.20160302.POM.1",,"condition ok","Academy of Natural Sciences of Drexel University","2017-01-31","OKgcKejxXbI=","13C15N","1",,,100,"d15N",6.50,"perMill",,,
"6b951bf6-cf88-4ae9-9e21-095cc112d4c5","D09","PRLA","PRLA.AOS.outlet","2016-03-02","PRLA.OT.20160302.POM.2",,"condition ok","Academy of Natural Sciences of Drexel University","2017-02-15","OKgcKejxXbI=","13C15N","2",,,100,"d15N",7.00,"perMill",,,
"efbde3b5-e9ec-4725-a36c-1100870c3ba5","D09","PRLA","PRLA.AOS.outlet","2016-03-02","PRLA.OT.20160302.POM.1",,"condition ok","Academy of Natural Sciences of Drexel University","2017-01-31","OKgcKejxXbI=","13C15N","1",,,100,"d13C",-29.39,"perMill",,,
"b5a722f1-fada-40dc-8120-72516d3e1c86","D09","PRLA","PRLA.AOS.outlet","2016-03-02","PRLA.OT.20160302.POM.2",,"condition ok","Academy of Natural Sciences of Drexel University","2017-02-15","OKgcKejxXbI=","13C15N","2",,,100,"d13C",-29.11,"perMill",,,
"34f7e6fb-3a7e-4f6e-9465-9e3c968e431f","D09","PRLA","PRLA.AOS.outlet","2016-03-02","PRLA.OT.20160302.POM.1",,"condition ok","Academy of Natural Sciences of Drexel University","2017-01-31","OKgcKejxXbI=","13C15N","1",,,100,"d15N",11.66,"perMill",,,
"6c95e88a-54d0-4ff5-b2ac-afc7efb13694","D09","PRLA","PRLA.AOS.inlet","2016-03-22","PRLA.IN.20160322.POM.1",,"condition ok","Academy of Natural Sciences of Drexel University","2017-01-31","OKgcKejxXbI=","13C15N","1",,,100,"d15N",3.71,"perMill",,,
"f0e9368b-d269-4244-9dae-43ff463a609d","D09","PRLA","PRLA.AOS.inlet","2016-03-22","PRLA.IN.20160322.POM.2",,"other","Academy of Natural Sciences of Drexel University","2017-02-15","OKgcKejxXbI=","13C15N","2",,,100,"d13C",,"perMill",,"sample maxed out collector",
"1c9e95d8-ab8e-4485-8699-c1f038b3724d","D09","PRLA","PRLA.AOS.inlet","2016-03-22","PRLA.IN.20160322.POM.2",,"condition ok","Academy of Natural Sciences of Drexel University","2017-02-15","OKgcKejxXbI=","13C15N","2",,,100,"d15N",2.25,"perMill",,,
"71e69961-0d70-4b82-8d33-e8293465e92e","D09","PRLA","PRLA.AOS.inlet","2016-03-22","PRLA.IN.20160322.POM.1",,"condition ok","Academy of Natural Sciences of Drexel University","2017-01-31","OKgcKejxXbI=","13C15N","1",,,100,"d13C",-28.61,"perMill",,,
"eac747b1-f91b-4333-9870-41a9c7372dd5","D09","PRLA","PRLA.AOS.buoy.c0","2016-03-22","PRLA.C0.20160322.POM.2",,"condition ok","Academy of Natural Sciences of Drexel University","2017-02-15","OKgcKejxXbI=","13C15N","2",,,100,"d15N",2.00,"perMill",,,
"474f744c-04f7-4b4c-b4e9-9c4936087119","D09","PRLA","PRLA.AOS.buoy.c0","2016-03-22","PRLA.C0.20160322.POM.1",,"condition ok","Academy of Natural Sciences of Drexel University","2017-01-31","OKgcKejxXbI=","13C15N","1",,,100,"d15N",2.44,"perMill",,,
"489ad39e-4a25-4141-a2ac-d1cf4a663af3","D09","PRLA","PRLA.AOS.buoy.c0","2016-03-22","PRLA.C0.20160322.POM.1",,"condition ok","Academy of Natural Sciences of Drexel University","2017-01-31","OKgcKejxXbI=","13C15N","1",,,100,"d13C",-28.49,"perMill",,,
"5b698315-9f6e-4584-b33f-19fa944d87ab","D09","PRLA","PRLA.AOS.buoy.c0","2016-03-22","PRLA.C0.20160322.POM.2",,"condition ok","Academy of Natural Sciences of Drexel University","2017-02-15","OKgcKejxXbI=","13C15N","2",,,100,"d13C",-28.52,"perMill",,,
"7e120e6c-9e22-41c2-8fe7-9e83901a97ec","D09","PRLA","PRLA.AOS.outlet","2016-03-22","PRLA.OT.20160322.POM.1",,"other","Academy of Natural Sciences of Drexel University","2017-01-31","OKgcKejxXbI=","13C15N","1",,,100,"d15N",4.07,"perMill",,"Filter folded poorly which led to spillage",
"945e77cc-60c2-46ab-bc1e-cc12df0bc28a","D09","PRLA","PRLA.AOS.outlet","2016-03-22","PRLA.OT.20160322.POM.2",,"other","Academy of Natural Sciences of Drexel University","2017-02-15","OKgcKejxXbI=","13C15N","2",,,100,"d15N",2.54,"perMill",,"Filter folded poorly which led to spillage",
"3ec015d4-d982-43d9-acab-88871ba93e25","D09","PRLA","PRLA.AOS.outlet","2016-03-22","PRLA.OT.20160322.POM.1",,"other","Academy of Natural Sciences of Drexel University","2017-01-31","OKgcKejxXbI=","13C15N","1",,,100,"d13C",-28.75,"perMill",,"Filter folded poorly which led to spillage",
"e09f9fb5-4927-4b9f-96f5-25cf0ada9834","D09","PRLA","PRLA.AOS.outlet","2016-03-22","PRLA.OT.20160322.POM.2",,"other","Academy of Natural Sciences of Drexel University","2017-02-15","OKgcKejxXbI=","13C15N","2",,,100,"d13C",-28.83,"perMill",,"Filter folded poorly which led to spillage",
