uid,domainID,siteID,namedLocation,collectDate,analysisDate,isotopeH2OSampleID,isotopeH2OSampleCode,instrumentSN,d18OWater,d2HWater,d18OsdWater,d2HsdWater,isotopeH2OExternalLabQF,laboratoryName,analyzedBy,sampleCondition,externalRemarks,externalLabDataQF
"845ae565-00d1-4167-8051-4cef7cb0fa7c","D09","PRLA","PRLA.AOS.inlet","2016-03-02","2016-09-02","PRLA.IN.20160302.H2O.1",,"HIDS2052",-4.16,-47.87,0.04,0.06,0,"SIRFER Lab at University of Utah","OlSmE6RRn5QQH8tvUHmK5i/poYiQr6sd","OK",,
"21b6c45e-fff4-44b6-b521-a1e857d5ef34","D09","PRLA","PRLA.AOS.buoy.c0","2016-03-02","2016-09-02","PRLA.C0.20160302.H2O.1",,"HIDS2052",-3.97,-46.64,0.01,0.04,0,"SIRFER Lab at University of Utah","OlSmE6RRn5QQH8tvUHmK5i/poYiQr6sd","OK",,
"c5bbbe0e-1ddf-4ee7-830f-63877a224a0e","D09","PRLA","PRLA.AOS.outlet","2016-03-02","2016-09-02","PRLA.OT.20160302.H2O.1",,"HIDS2052",-5.07,-53.59,0.10,0.21,0,"SIRFER Lab at University of Utah","OlSmE6RRn5QQH8tvUHmK5i/poYiQr6sd","OK",,
"a132f72e-dd5d-41c8-a03c-524c804c165c","D09","PRLA","PRLA.AOS.inlet","2016-03-22","2016-09-02","PRLA.IN.20160322.H2O.1",,"HIDS2052",-2.94,-43.19,0.03,0.14,0,"SIRFER Lab at University of Utah","OlSmE6RRn5QQH8tvUHmK5i/poYiQr6sd","OK",,
"d97f4954-45f6-48bc-9fc1-cd3f3e3569f8","D09","PRLA","PRLA.AOS.buoy.c0","2016-03-22","2016-09-02","PRLA.C0.20160322.H2O.1",,"HIDS2052",-3.15,-43.51,0.08,0.15,0,"SIRFER Lab at University of Utah","OlSmE6RRn5QQH8tvUHmK5i/poYiQr6sd","OK",,
"7af14cee-a1f6-40ea-9521-4ce5b04d9023","D09","PRLA","PRLA.AOS.outlet","2016-03-22","2016-09-02","PRLA.OT.20160322.H2O.1",,"HIDS2052",-2.93,-42.83,0.12,0.30,0,"SIRFER Lab at University of Utah","OlSmE6RRn5QQH8tvUHmK5i/poYiQr6sd","OK",,
