uid,domainID,siteID,namedLocation,collectDate,sampleID,sampleCode,sampleCondition,laboratoryName,analysisDate,analyzedBy,sampleType,replicate,sampleVolumeFiltered,filterSize,percentFilterAnalyzed,analyte,analyteConcentration,plantAlgaeLabUnits,method,externalRemarks,externalLabDataQF
"f7ee748c-f162-4ae6-a4bf-f53b0aa06ff7","D19","CARI","CARI.AOS.reach","2018-04-24","CARI.RE.20180424.POM.1","A00000027805","condition ok","SIRFER Lab at University of Utah","2018-07-16","ElFtGy1kV49xqNP00HfxQA==","POM","1",750,25,100,"carbon",547.06,"microgramsPerLiter","Revesz & Coplen 2012a",,
"e31bd4a1-f538-45b2-a4ca-3292e16965e4","D19","CARI","CARI.AOS.reach","2018-04-24","CARI.RE.20180424.POM.1","A00000027805","condition ok","SIRFER Lab at University of Utah","2018-07-16","ElFtGy1kV49xqNP00HfxQA==","POM","1",750,25,100,"d13C",-27.43,"perMill","Revesz & Coplen 2012a",,
"b5f9df42-ddae-40d4-9d2b-eb2ed55fa7b3","D19","CARI","CARI.AOS.reach","2018-04-24","CARI.RE.20180424.POM.1","A00000027805","condition ok","SIRFER Lab at University of Utah","2018-07-16","ElFtGy1kV49xqNP00HfxQA==","POM","1",750,25,100,"d15N",3.33,"perMill","Revesz & Coplen 2012a",,
"663da3e5-e7e6-4187-81bf-0a6001a4e37e","D19","CARI","CARI.AOS.reach","2018-04-24","CARI.RE.20180424.POM.1","A00000027805","condition ok","SIRFER Lab at University of Utah","2018-07-16","ElFtGy1kV49xqNP00HfxQA==","POM","1",750,25,100,"nitrogen",29.45,"microgramsPerLiter","Revesz & Coplen 2012a",,
