uid,domainID,siteID,namedLocation,collectDate,sampleID,sampleCode,sampleCondition,laboratoryName,analysisDate,analyzedBy,sampleType,replicate,sampleVolumeFiltered,filterSize,percentFilterAnalyzed,analyte,analyteConcentration,plantAlgaeLabUnits,method,externalRemarks,externalLabDataQF
"5014a569-fad3-446a-aac9-a69962e8964a","D04","GUIL","GUIL.AOS.S2","2018-01-23","GUIL.SS.20180123.POM.1",,"condition ok","SIRFER Lab at University of Utah","2018-08-10","ElFtGy1kV49xqNP00HfxQA==","POM","1",1500,25,100,"nitrogen",5.22,"microgramsPerLiter","Revesz & Coplen 2012a",,
"cb504f02-88bd-4717-b658-8da4516b3ecb","D04","GUIL","GUIL.AOS.S2","2018-01-23","GUIL.SS.20180123.POM.1",,"condition ok","SIRFER Lab at University of Utah","2018-08-10","ElFtGy1kV49xqNP00HfxQA==","POM","1",1500,25,100,"d13C",-27.41,"perMill","Revesz & Coplen 2012a",,
"12a4d13b-cf83-4c5e-9e66-ff4fdb1871ea","D04","GUIL","GUIL.AOS.S2","2018-01-23","GUIL.SS.20180123.POM.1",,"condition ok","SIRFER Lab at University of Utah","2018-08-10","ElFtGy1kV49xqNP00HfxQA==","POM","1",1500,25,100,"d15N",0.02,"perMill","Revesz & Coplen 2012a",,
"b201b2c3-0e62-449e-bdfd-43e1374b9c76","D04","GUIL","GUIL.AOS.S2","2018-01-23","GUIL.SS.20180123.POM.1",,"condition ok","SIRFER Lab at University of Utah","2018-08-10","ElFtGy1kV49xqNP00HfxQA==","POM","1",1500,25,100,"carbon",44.85,"microgramsPerLiter","Revesz & Coplen 2012a",,
