uid,domainID,siteID,namedLocation,collectDate,sampleID,sampleCode,sampleCondition,laboratoryName,analysisDate,analyzedBy,sampleType,replicate,sampleVolumeFiltered,filterSize,percentFilterAnalyzed,analyte,analyteConcentration,plantAlgaeLabUnits,method,externalRemarks,externalLabDataQF
"237c05bc-654d-4a30-aa7e-a28ae634b191","D01","HOPB","HOPB.AOS.S2","2018-02-14","HOPB.SS.20180214.POM.1",,"condition ok","SIRFER Lab at University of Utah","2018-07-25","ElFtGy1kV49xqNP00HfxQA==","POM","1",500,25,100,"nitrogen",458.28,"microgramsPerLiter","Revesz & Coplen 2012a",,
"7bc1c989-bb57-4007-9c9f-8398d905479e","D01","HOPB","HOPB.AOS.S2","2018-02-14","HOPB.SS.20180214.POM.1",,"condition ok","SIRFER Lab at University of Utah","2018-07-25","ElFtGy1kV49xqNP00HfxQA==","POM","1",500,25,100,"d15N",-3.25,"perMill","Revesz & Coplen 2012a",,
"639fdc28-23d8-4aa4-9dba-7ac412973127","D01","HOPB","HOPB.AOS.S2","2018-02-14","HOPB.SS.20180214.POM.1",,"condition ok","SIRFER Lab at University of Utah","2018-07-25","ElFtGy1kV49xqNP00HfxQA==","POM","1",500,25,100,"carbon",219.20,"microgramsPerLiter","Revesz & Coplen 2012a",,
"d52401c1-3856-4788-b4d9-40bbda99ef25","D01","HOPB","HOPB.AOS.S2","2018-02-14","HOPB.SS.20180214.POM.1",,"condition ok","SIRFER Lab at University of Utah","2018-07-25","ElFtGy1kV49xqNP00HfxQA==","POM","1",500,25,100,"d13C",-27.79,"perMill","Revesz & Coplen 2012a",,
"1d91acfa-f166-47a9-a4b0-07104cbaf883","D01","HOPB","HOPB.AOS.S2","2018-02-20","HOPB.SS.20180220.POM.1",,"condition ok","SIRFER Lab at University of Utah","2018-07-25","ElFtGy1kV49xqNP00HfxQA==","POM","1",550,25,100,"nitrogen",25.51,"microgramsPerLiter","Revesz & Coplen 2012a",,
"1e2b37ed-a0a6-4a8c-a30d-b4e64545046e","D01","HOPB","HOPB.AOS.S2","2018-02-20","HOPB.SS.20180220.POM.1",,"condition ok","SIRFER Lab at University of Utah","2018-07-25","ElFtGy1kV49xqNP00HfxQA==","POM","1",550,25,100,"d13C",-27.71,"perMill","Revesz & Coplen 2012a",,
"f759fcef-aae5-4703-ba7e-73a95f4e8c49","D01","HOPB","HOPB.AOS.S2","2018-02-20","HOPB.SS.20180220.POM.1",,"condition ok","SIRFER Lab at University of Utah","2018-07-25","ElFtGy1kV49xqNP00HfxQA==","POM","1",550,25,100,"d15N",9.60,"perMill","Revesz & Coplen 2012a",,
"52f81e7a-950d-4020-8893-30ee0059419e","D01","HOPB","HOPB.AOS.S2","2018-02-20","HOPB.SS.20180220.POM.1",,"condition ok","SIRFER Lab at University of Utah","2018-07-25","ElFtGy1kV49xqNP00HfxQA==","POM","1",550,25,100,"carbon",339.64,"microgramsPerLiter","Revesz & Coplen 2012a",,
"41404221-4991-4d55-a23d-dda6644d3010","D01","HOPB","HOPB.AOS.S2","2018-02-28","HOPB.SS.20180228.POM.1",,"condition ok","SIRFER Lab at University of Utah","2018-07-25","ElFtGy1kV49xqNP00HfxQA==","POM","1",650,25,100,"carbon",146.28,"microgramsPerLiter","Revesz & Coplen 2012a",,
"26137fa2-f7ec-48b1-99ea-3ec7a3512d7c","D01","HOPB","HOPB.AOS.S2","2018-02-28","HOPB.SS.20180228.POM.1",,"condition ok","SIRFER Lab at University of Utah","2018-07-25","ElFtGy1kV49xqNP00HfxQA==","POM","1",650,25,100,"nitrogen",11.86,"microgramsPerLiter","Revesz & Coplen 2012a",,
"e104aea5-b332-4c2c-8de6-b3e2756795af","D01","HOPB","HOPB.AOS.S2","2018-02-28","HOPB.SS.20180228.POM.1",,"condition ok","SIRFER Lab at University of Utah","2018-07-25","ElFtGy1kV49xqNP00HfxQA==","POM","1",650,25,100,"d15N",-2.95,"perMill","Revesz & Coplen 2012a",,
"ece55b01-6d7d-429f-b11c-af507b6c6ed4","D01","HOPB","HOPB.AOS.S2","2018-02-28","HOPB.SS.20180228.POM.1",,"condition ok","SIRFER Lab at University of Utah","2018-07-25","ElFtGy1kV49xqNP00HfxQA==","POM","1",650,25,100,"d13C",-28.07,"perMill","Revesz & Coplen 2012a",,
