uid,domainID,siteID,namedLocation,collectDate,sampleID,sampleCode,sampleCondition,laboratoryName,analysisDate,analyzedBy,sampleType,replicate,sampleVolumeFiltered,filterSize,percentFilterAnalyzed,analyte,analyteConcentration,plantAlgaeLabUnits,method,externalRemarks,externalLabDataQF
"27d85eed-128c-4f79-a0bb-116a9114b316","D13","WLOU","WLOU.AOS.S2","2017-07-13","WLOU.SS.20170713.POM.1",,"condition ok","SIRFER Lab at University of Utah","2018-04-16","ElFtGy1kV49xqNP00HfxQA==","POM","1",750,25,100,"carbon",118.96,"microgramsPerLiter","Revesz & Coplen 2012a",,
"9b401a36-fd18-471f-9b38-3aa843e5f96d","D13","WLOU","WLOU.AOS.S2","2017-07-13","WLOU.SS.20170713.POM.1",,"condition ok","SIRFER Lab at University of Utah","2018-04-16","ElFtGy1kV49xqNP00HfxQA==","POM","1",750,25,100,"nitrogen",8.50,"microgramsPerLiter","Revesz & Coplen 2012a",,
"6a326b22-0427-40b5-8d5c-96d37056628c","D13","WLOU","WLOU.AOS.S2","2017-07-13","WLOU.SS.20170713.POM.1",,"condition ok","SIRFER Lab at University of Utah","2018-04-16","ElFtGy1kV49xqNP00HfxQA==","POM","1",750,25,100,"d13C",-25.72,"perMill","Revesz & Coplen 2012a",,
"cbac6e89-db21-4cd9-8e24-afceb597409f","D13","WLOU","WLOU.AOS.S2","2017-07-13","WLOU.SS.20170713.POM.1",,"condition ok","SIRFER Lab at University of Utah","2018-04-16","ElFtGy1kV49xqNP00HfxQA==","POM","1",750,25,100,"d15N",7.62,"perMill","Revesz & Coplen 2012a",,
"4b409bcb-e00d-4e53-b0a0-16faed893c75","D13","WLOU","WLOU.AOS.S2","2017-07-31","WLOU.SS.20170731.POM.1",,"condition ok","SIRFER Lab at University of Utah","2018-04-16","ElFtGy1kV49xqNP00HfxQA==","POM","1",750,25,100,"d13C",-26.01,"perMill","Revesz & Coplen 2012a",,
"42922bc3-2701-4cf8-8d1c-4d6de85f9a9f","D13","WLOU","WLOU.AOS.S2","2017-07-31","WLOU.SS.20170731.POM.1",,"condition ok","SIRFER Lab at University of Utah","2018-04-16","ElFtGy1kV49xqNP00HfxQA==","POM","1",750,25,100,"carbon",105.07,"microgramsPerLiter","Revesz & Coplen 2012a",,
"f9c5201d-9da4-4b93-944b-347585cc74b3","D13","WLOU","WLOU.AOS.S2","2017-07-31","WLOU.SS.20170731.POM.1",,"condition ok","SIRFER Lab at University of Utah","2018-04-16","ElFtGy1kV49xqNP00HfxQA==","POM","1",750,25,100,"d15N",8.32,"perMill","Revesz & Coplen 2012a",,
"dbafb0ca-6bcf-4698-8568-eed51aca0b3e","D13","WLOU","WLOU.AOS.S2","2017-07-31","WLOU.SS.20170731.POM.1",,"condition ok","SIRFER Lab at University of Utah","2018-04-16","ElFtGy1kV49xqNP00HfxQA==","POM","1",750,25,100,"nitrogen",8.01,"microgramsPerLiter","Revesz & Coplen 2012a",,
