uid,domainID,siteID,namedLocation,collectDate,sampleID,sampleCode,sampleCondition,laboratoryName,analysisDate,analyzedBy,sampleType,replicate,sampleVolumeFiltered,filterSize,percentFilterAnalyzed,analyte,analyteConcentration,plantAlgaeLabUnits,method,externalRemarks,externalLabDataQF
"9229e425-fe4b-4131-ad44-6f0e0f984ad9","D15","REDB","REDB.AOS.S2","2017-06-06","REDB.SS.20170606.POM.1",,"condition ok","SIRFER Lab at University of Utah","2018-07-05","ElFtGy1kV49xqNP00HfxQA==","POM","1",100,25,100,"d15N",6.01,"perMill","Revesz & Coplen 2012a",,
"8400aab4-fb7e-4ec8-8c98-6b259e9d8a9f","D15","REDB","REDB.AOS.S2","2017-06-06","REDB.SS.20170606.POM.1",,"condition ok","SIRFER Lab at University of Utah","2018-07-05","ElFtGy1kV49xqNP00HfxQA==","POM","1",100,25,100,"nitrogen",70.11,"microgramsPerLiter","Revesz & Coplen 2012a",,
"acfa8637-9a47-4e22-a4d6-e332ed63e419","D15","REDB","REDB.AOS.S2","2017-06-06","REDB.SS.20170606.POM.1",,"condition ok","SIRFER Lab at University of Utah","2018-07-05","ElFtGy1kV49xqNP00HfxQA==","POM","1",100,25,100,"carbon",1052.13,"microgramsPerLiter","Revesz & Coplen 2012a",,
"534510d8-d2c5-499b-b0bb-899f7b0120ed","D15","REDB","REDB.AOS.S2","2017-06-06","REDB.SS.20170606.POM.1",,"condition ok","SIRFER Lab at University of Utah","2018-07-05","ElFtGy1kV49xqNP00HfxQA==","POM","1",100,25,100,"d13C",-24.54,"perMill","Revesz & Coplen 2012a",,
"8785f761-2d62-4c10-94e5-29a70f00d283","D15","REDB","REDB.AOS.S2","2017-06-13","REDB.SS.20170613.POM.1",,"condition ok","SIRFER Lab at University of Utah","2018-07-05","ElFtGy1kV49xqNP00HfxQA==","POM","1",100,25,100,"nitrogen",490.33,"microgramsPerLiter","Revesz & Coplen 2012a",,
"0c7200c6-c157-438b-affb-5a52b2ef6e68","D15","REDB","REDB.AOS.S2","2017-06-13","REDB.SS.20170613.POM.1",,"condition ok","SIRFER Lab at University of Utah","2018-07-05","ElFtGy1kV49xqNP00HfxQA==","POM","1",100,25,100,"d15N",3.39,"perMill","Revesz & Coplen 2012a",,
"9a90f88f-cf16-4444-9323-1c5e8caa852e","D15","REDB","REDB.AOS.S2","2017-06-13","REDB.SS.20170613.POM.1",,"condition ok","SIRFER Lab at University of Utah","2018-07-05","ElFtGy1kV49xqNP00HfxQA==","POM","1",100,25,100,"d13C",-21.75,"perMill","Revesz & Coplen 2012a",,
"75207e77-72b6-4854-8328-8e2e4e732272","D15","REDB","REDB.AOS.S2","2017-06-13","REDB.SS.20170613.POM.1",,"condition ok","SIRFER Lab at University of Utah","2018-07-05","ElFtGy1kV49xqNP00HfxQA==","POM","1",100,25,100,"carbon",5066.98,"microgramsPerLiter","Revesz & Coplen 2012a",,
"17e2507d-b351-486a-a113-1ecd43bb7d9c","D15","REDB","REDB.AOS.S2","2017-06-27","REDB.SS.20170627.POM.1",,"condition ok","SIRFER Lab at University of Utah","2018-07-05","ElFtGy1kV49xqNP00HfxQA==","POM","1",200,25,100,"d15N",-3.58,"perMill","Revesz & Coplen 2012a",,
"7f039d02-6c8a-47e9-9450-e9e8462414c2","D15","REDB","REDB.AOS.S2","2017-06-27","REDB.SS.20170627.POM.1",,"condition ok","SIRFER Lab at University of Utah","2018-07-05","ElFtGy1kV49xqNP00HfxQA==","POM","1",200,25,100,"d13C",-23.18,"perMill","Revesz & Coplen 2012a",,
"d9b3189d-86c2-462c-9aaa-14be57a452a7","D15","REDB","REDB.AOS.S2","2017-06-27","REDB.SS.20170627.POM.1",,"condition ok","SIRFER Lab at University of Utah","2018-07-05","ElFtGy1kV49xqNP00HfxQA==","POM","1",200,25,100,"nitrogen",75.19,"microgramsPerLiter","Revesz & Coplen 2012a",,
"cc196605-2767-45b3-b2ed-484539ef0cd8","D15","REDB","REDB.AOS.S2","2017-06-27","REDB.SS.20170627.POM.1",,"condition ok","SIRFER Lab at University of Utah","2018-07-05","ElFtGy1kV49xqNP00HfxQA==","POM","1",200,25,100,"carbon",1585.64,"microgramsPerLiter","Revesz & Coplen 2012a",,
