uid,domainID,siteID,namedLocation,collectDate,sampleID,sampleCode,sampleCondition,laboratoryName,analysisDate,analyzedBy,sampleType,replicate,sampleVolumeFiltered,filterSize,percentFilterAnalyzed,analyte,analyteConcentration,plantAlgaeLabUnits,method,externalRemarks,externalLabDataQF
"9cd7b414-483d-41b2-9066-cae3221f1c88","D04","GUIL","GUIL.AOS.S2","2019-01-22","GUIL.SS.20190122.POM.1","A00000038987","condition ok","SIRFER Lab at University of Utah","2019-07-22","ElFtGy1kV49xqNP00HfxQA==","POM","1",1000,25,100,"d15N",3.73,"perMill","Revesz & Coplen 2012a",,
"64816873-33a9-4a8b-bf40-4d647a735ef6","D04","GUIL","GUIL.AOS.S2","2019-01-22","GUIL.SS.20190122.POM.1","A00000038987","condition ok","SIRFER Lab at University of Utah","2019-07-22","ElFtGy1kV49xqNP00HfxQA==","POM","1",1000,25,100,"carbon",104.83,"microgramsPerLiter","Revesz & Coplen 2012a",,
"81d6a0bb-eab3-45df-ae70-874eeb8021b4","D04","GUIL","GUIL.AOS.S2","2019-01-22","GUIL.SS.20190122.POM.1","A00000038987","condition ok","SIRFER Lab at University of Utah","2019-07-22","ElFtGy1kV49xqNP00HfxQA==","POM","1",1000,25,100,"d13C",-25.42,"perMill","Revesz & Coplen 2012a",,
"4dab66d9-bcc4-4a9d-b2c3-04daef2619c3","D04","GUIL","GUIL.AOS.S2","2019-01-22","GUIL.SS.20190122.POM.1","A00000038987","condition ok","SIRFER Lab at University of Utah","2019-07-22","ElFtGy1kV49xqNP00HfxQA==","POM","1",1000,25,100,"nitrogen",12.22,"microgramsPerLiter","Revesz & Coplen 2012a",,
