uid,domainID,siteID,namedLocation,collectDate,sampleID,sampleCode,sampleCondition,laboratoryName,analysisDate,analyzedBy,sampleType,replicate,sampleVolumeFiltered,filterSize,percentFilterAnalyzed,analyte,analyteConcentration,plantAlgaeLabUnits,method,externalRemarks,externalLabDataQF
"1193aae7-c74b-4db4-a285-7e0dd616b65f","D03","BARC","BARC.AOS.buoy.c0","2017-05-02","BARC.C0.20170502.POM.2",,"condition ok","SIRFER Lab at University of Utah","2018-05-08","ElFtGy1kV49xqNP00HfxQA==","POM","1",,,100,"carbon",316.84,"microgramsPerLiter","Revesz & Coplen 2012a",,
"38bee025-e2ac-46d0-91ce-0c3d944b7467","D03","BARC","BARC.AOS.buoy.c0","2017-05-02","BARC.C0.20170502.POM.2",,"condition ok","SIRFER Lab at University of Utah","2018-05-08","ElFtGy1kV49xqNP00HfxQA==","POM","1",,,100,"nitrogen",26.99,"microgramsPerLiter","Revesz & Coplen 2012a",,
"d9ab26a7-b61d-46b8-9957-5e325f7983bc","D03","BARC","BARC.AOS.buoy.c0","2017-05-02","BARC.C0.20170502.POM.2",,"condition ok","SIRFER Lab at University of Utah","2018-05-08","ElFtGy1kV49xqNP00HfxQA==","POM","1",,,100,"d13C",-28.90,"perMill","Revesz & Coplen 2012a",,
"4634ae08-2e7d-41b5-87f0-c7a869d55b95","D03","BARC","BARC.AOS.buoy.c0","2017-05-02","BARC.C0.20170502.POM.2",,"condition ok","SIRFER Lab at University of Utah","2018-05-08","ElFtGy1kV49xqNP00HfxQA==","POM","1",,,100,"d15N",6.97,"perMill","Revesz & Coplen 2012a",,
"6d9bacf4-2aec-4218-8abd-d3821e583bb9","D03","BARC","BARC.AOS.inlet","2017-05-02","BARC.IN.20170502.POM.2",,"condition ok","SIRFER Lab at University of Utah","2018-05-08","ElFtGy1kV49xqNP00HfxQA==","POM","1",,,100,"carbon",546.55,"microgramsPerLiter","Revesz & Coplen 2012a",,
"d4b50520-36b2-4079-a7a7-0e27e9a7ef25","D03","BARC","BARC.AOS.inlet","2017-05-02","BARC.IN.20170502.POM.2",,"condition ok","SIRFER Lab at University of Utah","2018-05-08","ElFtGy1kV49xqNP00HfxQA==","POM","1",,,100,"d13C",-27.08,"perMill","Revesz & Coplen 2012a",,
"c8d47c47-0a27-4d38-820a-c4c76ec6e0e6","D03","BARC","BARC.AOS.inlet","2017-05-02","BARC.IN.20170502.POM.2",,"condition ok","SIRFER Lab at University of Utah","2018-05-08","ElFtGy1kV49xqNP00HfxQA==","POM","1",,,100,"d15N",5.07,"perMill","Revesz & Coplen 2012a",,
"4e14458e-7aa9-4cb3-a74f-3c053d719551","D03","BARC","BARC.AOS.inlet","2017-05-02","BARC.IN.20170502.POM.2",,"condition ok","SIRFER Lab at University of Utah","2018-05-08","ElFtGy1kV49xqNP00HfxQA==","POM","1",,,100,"nitrogen",45.61,"microgramsPerLiter","Revesz & Coplen 2012a",,
"12a0f879-57bb-4737-acff-4a6595f77abb","D03","BARC","BARC.AOS.outlet","2017-05-02","BARC.OT.20170502.POM.2",,"condition ok","SIRFER Lab at University of Utah","2018-05-22","ElFtGy1kV49xqNP00HfxQA==","POM","1",,,100,"d13C",-28.17,"perMill","Revesz & Coplen 2012a",,
"a2d0f453-2b5e-4b12-b441-27f2317b444d","D03","BARC","BARC.AOS.outlet","2017-05-02","BARC.OT.20170502.POM.2",,"condition ok","SIRFER Lab at University of Utah","2018-05-22","ElFtGy1kV49xqNP00HfxQA==","POM","1",,,100,"nitrogen",35.08,"microgramsPerLiter","Revesz & Coplen 2012a",,
"461a59bb-665c-4f5e-99c7-71e56560877e","D03","BARC","BARC.AOS.outlet","2017-05-02","BARC.OT.20170502.POM.2",,"condition ok","SIRFER Lab at University of Utah","2018-05-22","ElFtGy1kV49xqNP00HfxQA==","POM","1",,,100,"d15N",7.84,"perMill","Revesz & Coplen 2012a",,
"fcb6af3c-9b01-411d-aa83-e66a55bf17f8","D03","BARC","BARC.AOS.outlet","2017-05-02","BARC.OT.20170502.POM.2",,"condition ok","SIRFER Lab at University of Utah","2018-05-22","ElFtGy1kV49xqNP00HfxQA==","POM","1",,,100,"carbon",379.03,"microgramsPerLiter","Revesz & Coplen 2012a",,
