uid,domainID,siteID,namedLocation,collectDate,sampleID,sampleCode,sampleCondition,laboratoryName,analysisDate,analyzedBy,sampleType,replicate,sampleVolumeFiltered,filterSize,percentFilterAnalyzed,analyte,analyteConcentration,plantAlgaeLabUnits,method,externalRemarks,externalLabDataQF
"519969c2-3f4b-4559-b308-88a4d80673da","D08","TOMB","TOMB.AOS.buoy.c0","2017-12-05","TOMB.C0.20171205.POM.1",,"condition ok","SIRFER Lab at University of Utah","2018-08-28","ElFtGy1kV49xqNP00HfxQA==","POM","1",100,25,100,"nitrogen",74.33,"microgramsPerLiter","Revesz & Coplen 2012a",,
"06af82ef-3677-4b44-ae17-16fd5e588671","D08","TOMB","TOMB.AOS.buoy.c0","2017-12-05","TOMB.C0.20171205.POM.1",,"condition ok","SIRFER Lab at University of Utah","2018-08-28","ElFtGy1kV49xqNP00HfxQA==","POM","1",100,25,100,"carbon",636.45,"microgramsPerLiter","Revesz & Coplen 2012a",,
"86db4d01-dc17-480f-a4f9-aa7caf68c925","D08","TOMB","TOMB.AOS.buoy.c0","2017-12-05","TOMB.C0.20171205.POM.1",,"condition ok","SIRFER Lab at University of Utah","2018-08-28","ElFtGy1kV49xqNP00HfxQA==","POM","1",100,25,100,"d15N",8.09,"perMill","Revesz & Coplen 2012a",,
"58b236cf-9840-4438-9295-36db28d6b9bf","D08","TOMB","TOMB.AOS.buoy.c0","2017-12-05","TOMB.C0.20171205.POM.1",,"condition ok","SIRFER Lab at University of Utah","2018-08-28","ElFtGy1kV49xqNP00HfxQA==","POM","1",100,25,100,"d13C",-29.72,"perMill","Revesz & Coplen 2012a",,
"acf712c4-41bc-4e95-9dfb-741660ffb65e","D08","TOMB","TOMB.AOS.buoy.c0","2017-12-13","TOMB.C0.20171213.POM.1",,"condition ok","SIRFER Lab at University of Utah","2018-08-28","ElFtGy1kV49xqNP00HfxQA==","POM","1",100,25,100,"carbon",862.11,"microgramsPerLiter","Revesz & Coplen 2012a",,
"5d739b5f-7bb0-4295-b316-5bb46a26a4d6","D08","TOMB","TOMB.AOS.buoy.c0","2017-12-13","TOMB.C0.20171213.POM.1",,"condition ok","SIRFER Lab at University of Utah","2018-08-28","ElFtGy1kV49xqNP00HfxQA==","POM","1",100,25,100,"d15N",7.23,"perMill","Revesz & Coplen 2012a",,
"64733e88-eb04-4618-ae77-117ba6b7096d","D08","TOMB","TOMB.AOS.buoy.c0","2017-12-13","TOMB.C0.20171213.POM.1",,"condition ok","SIRFER Lab at University of Utah","2018-08-28","ElFtGy1kV49xqNP00HfxQA==","POM","1",100,25,100,"nitrogen",102.55,"microgramsPerLiter","Revesz & Coplen 2012a",,
"f3bc4838-3167-4101-92e9-d0f36a0d52eb","D08","TOMB","TOMB.AOS.buoy.c0","2017-12-13","TOMB.C0.20171213.POM.1",,"condition ok","SIRFER Lab at University of Utah","2018-08-28","ElFtGy1kV49xqNP00HfxQA==","POM","1",100,25,100,"d13C",-28.82,"perMill","Revesz & Coplen 2012a",,
