uid,domainID,siteID,namedLocation,collectDate,parentSampleID,parentSampleCode,isotopeH2OSampleCond,isotopeH2OSampleID,isotopeH2OSampleCode,isotopePOMRep2SampleCond,isotopePOMRep2SampleID,isotopePOMRep2SampleCode,isotopePOMSampleCond,isotopePOMSampleID,isotopePOMSampleCode,processedDateFilters,processedDateH2OIsotopes,sampleVolumeFilteredPOMRep1,sampleVolumeFilteredPOMRep2,fieldDataQF
"4b2ca390-c128-4664-8906-6c36b4dc7086","D06","MCDI","MCDI.AOS.S2","2018-05-08T14:58Z","MCDI.SS.20180508",,"Sample condition ok","MCDI.SS.20180508.H2O.1","A00000009526","Sample condition ok","MCDI.SS.20180508.POM.2","A00000009529","Sample condition ok","MCDI.SS.20180508.POM.1","A00000009528","2018-05-08T16:12Z","2018-05-08T14:49Z",860,865,
"65d652b3-7085-40b7-bc36-ee368f1a7a71","D06","MCDI","MCDI.AOS.S2","2018-05-14T15:35Z","MCDI.SS.20180514",,"Sample condition ok","MCDI.SS.20180514.H2O.1","A00000010396","Sample condition ok","MCDI.SS.20180514.POM.2","A00000010393","Sample condition ok","MCDI.SS.20180514.POM.1","A00000010394","2018-05-14T17:06Z","2018-05-14T15:25Z",266,275,
"1620b79f-d7ae-449f-8540-645dbd0582ba","D06","MCDI","MCDI.AOS.S2","2018-05-16T16:53Z","MCDI.SS.20180516",,"Sample condition ok","MCDI.SS.20180516.H2O.1","A00000010475","Sample condition ok","MCDI.SS.20180516.POM.2","A00000010468","Sample condition ok","MCDI.SS.20180516.POM.1","A00000010467","2018-05-16T18:15Z","2018-05-16T18:04Z",300,303,
"e1238745-2e1f-41f5-b9ef-3ca3cf972a4f","D06","MCDI","MCDI.AOS.S2","2018-05-22T16:13Z","MCDI.SS.20180522",,"Sample condition ok","MCDI.SS.20180522.H2O.1","A00000010490","Sample condition ok","MCDI.SS.20180522.POM.2","A00000010497","Sample condition ok","MCDI.SS.20180522.POM.1","A00000010496","2018-05-22T17:35Z","2018-05-22T16:10Z",380,384,
