uid,domainID,siteID,namedLocation,collectDate,analysisDate,isotopeH2OSampleID,isotopeH2OSampleCode,instrumentSN,d18OWater,d2HWater,d18OsdWater,d2HsdWater,isotopeH2OExternalLabQF,laboratoryName,analyzedBy,sampleCondition,externalRemarks,externalLabDataQF
"128f2d45-0e7a-46e3-824a-b11111c95de1","D06","MCDI","MCDI.AOS.S2","2018-05-08","2018-05-24","MCDI.SS.20180508.H2O.1","A00000009526","HIDS2046",-5.24,-33.87,0.04,0.06,0,"SIRFER Lab at University of Utah","OlSmE6RRn5QQH8tvUHmK5i/poYiQr6sd","OK",,
"8f18f30e-daaf-4fe8-b7e5-c831d04d3394","D06","MCDI","MCDI.AOS.S2","2018-05-14","2018-08-13","MCDI.SS.20180514.H2O.1","A00000010396","HIDS2052",-5.19,-33.87,0.04,0.22,0,"SIRFER Lab at University of Utah","OlSmE6RRn5QQH8tvUHmK5i/poYiQr6sd","OK",,
"85ac4ff9-be78-4dcb-ac2d-8442a28c9165","D06","MCDI","MCDI.AOS.S2","2018-05-16","2018-08-13","MCDI.SS.20180516.H2O.1","A00000010475","HIDS2052",-5.03,-33.61,0.05,0.18,0,"SIRFER Lab at University of Utah","OlSmE6RRn5QQH8tvUHmK5i/poYiQr6sd","OK",,
"7036b4ae-a761-4bb6-8b74-a106195e2520","D06","MCDI","MCDI.AOS.S2","2018-05-22","2018-08-13","MCDI.SS.20180522.H2O.1","A00000010490","HIDS2052",-5.31,-34.12,0.06,0.19,0,"SIRFER Lab at University of Utah","OlSmE6RRn5QQH8tvUHmK5i/poYiQr6sd","OK",,
