uid,domainID,siteID,namedLocation,decimalLatitude,decimalLongitude,coordinateUncertainty,additionalCoordUncertainty,elevation,elevationUncertainty,geodeticDatum,altLocation,altLatitude,altLongitude,altCoordinateUncertainty,altGeodeticDatum,collectDate,aquaticSiteType,samplingImpractical,parentSampleID,parentSampleCode,eventID,samplerType,dissolvedOxygen,dissolvedOxygenSaturation,specificConductance,waterTemp,asiSamplingProtocolVersion,lowerSegmentDepth,upperSegmentDepth,maxDepth,lakeSampleDepth1,lakeSampleDepth2,aCollectedBy,bCollectedBy,remarks,fieldDataQF
"f771ff46-716c-4221-a17f-3984068c70db","D06","MCDI","MCDI.AOS.S2",38.946553,-96.442948,0.1,10.0,371.2,0.1,"WGS84",,,,,,"2018-05-08T14:58Z","stream",,"MCDI.SS.20180508",,"MCDI.20180508","Grab",3.73,41.50,593.00,18.00,"NEON.DOC.001886vF",,,,,,"jkukulski@battelleecology.org","egawanda@battelleecology.org",,
"3330b5e9-7ac4-4b7e-9c21-1a7bb55a82cd","D06","MCDI","MCDI.AOS.S2",38.946553,-96.442948,0.1,10.0,371.2,0.1,"WGS84",,,,,,"2018-05-14T15:35Z","stream",,"MCDI.SS.20180514",,"MCDI.20180514","Grab",1.83,19.60,606.00,16.90,"NEON.DOC.001886vF",,,,,,"jkukulski@battelleecology.org","egawanda@battelleecology.org",,
"ea32a544-9a91-4c37-bb94-8689d3b204d5","D06","MCDI","MCDI.AOS.S2",38.946553,-96.442948,0.1,10.0,371.2,0.1,"WGS84",,,,,,"2018-05-16T16:53Z","stream",,"MCDI.SS.20180516",,"MCDI.20180516","Grab",1.61,17.40,615.00,17.20,"NEON.DOC.001886vF",,,,,,"egawanda@battelleecology.org","jkukulski@battelleecology.org",,
"2114bdb7-5c48-4148-b41a-2c3e0881fc79","D06","MCDI","MCDI.AOS.S2",38.946553,-96.442948,0.1,10.0,371.2,0.1,"WGS84",,,,,,"2018-05-22T16:13Z","stream",,"MCDI.SS.20180522",,"MCDI.20180522","Grab",2.28,25.10,590.00,18.00,"NEON.DOC.001886vF",,,,,,"egawanda@battelleecology.org","jkukulski@battelleecology.org",,
