uid,domainID,siteID,namedLocation,collectDate,sampleID,sampleCode,sampleCondition,laboratoryName,analysisDate,analyzedBy,sampleType,replicate,sampleVolumeFiltered,filterSize,percentFilterAnalyzed,analyte,analyteConcentration,plantAlgaeLabUnits,method,externalRemarks,externalLabDataQF
"033ec349-cc72-44cf-871e-210a188de227","D06","MCDI","MCDI.AOS.S2","2018-05-08","MCDI.SS.20180508.POM.1","A00000009528","condition ok","SIRFER Lab at University of Utah","2018-08-07","ElFtGy1kV49xqNP00HfxQA==","POM","1",860,25,100,"d13C",-25.20,"perMill","Revesz & Coplen 2012a",,
"1e57208b-c789-4d99-9259-9840242a8dc9","D06","MCDI","MCDI.AOS.S2","2018-05-08","MCDI.SS.20180508.POM.1","A00000009528","condition ok","SIRFER Lab at University of Utah","2018-08-07","ElFtGy1kV49xqNP00HfxQA==","POM","1",860,25,100,"d15N",8.03,"perMill","Revesz & Coplen 2012a",,
"bd332985-ec26-4a2a-96ea-ab24416e1aaa","D06","MCDI","MCDI.AOS.S2","2018-05-08","MCDI.SS.20180508.POM.1","A00000009528","condition ok","SIRFER Lab at University of Utah","2018-08-07","ElFtGy1kV49xqNP00HfxQA==","POM","1",860,25,100,"carbon",247.01,"microgramsPerLiter","Revesz & Coplen 2012a",,
"657f82e5-afb6-454a-97e0-9f395c2570f2","D06","MCDI","MCDI.AOS.S2","2018-05-08","MCDI.SS.20180508.POM.1","A00000009528","condition ok","SIRFER Lab at University of Utah","2018-08-07","ElFtGy1kV49xqNP00HfxQA==","POM","1",860,25,100,"nitrogen",14.80,"microgramsPerLiter","Revesz & Coplen 2012a",,
"56f34e8a-384e-47fc-a9f3-1cc11a0155c5","D06","MCDI","MCDI.AOS.S2","2018-05-14","MCDI.SS.20180514.POM.1","A00000010394","condition ok","SIRFER Lab at University of Utah","2018-08-07","ElFtGy1kV49xqNP00HfxQA==","POM","1",266,25,100,"d15N",6.60,"perMill","Revesz & Coplen 2012a",,
"64976674-3344-4467-8191-aa991c699abe","D06","MCDI","MCDI.AOS.S2","2018-05-14","MCDI.SS.20180514.POM.1","A00000010394","condition ok","SIRFER Lab at University of Utah","2018-08-07","ElFtGy1kV49xqNP00HfxQA==","POM","1",266,25,100,"nitrogen",81.30,"microgramsPerLiter","Revesz & Coplen 2012a",,
"b2c0a9c7-c35f-4825-bfee-f945916ddb6a","D06","MCDI","MCDI.AOS.S2","2018-05-14","MCDI.SS.20180514.POM.1","A00000010394","condition ok","SIRFER Lab at University of Utah","2018-08-07","ElFtGy1kV49xqNP00HfxQA==","POM","1",266,25,100,"carbon",307.81,"microgramsPerLiter","Revesz & Coplen 2012a",,
"b2017996-48b8-43eb-bce7-ed159d7c332e","D06","MCDI","MCDI.AOS.S2","2018-05-14","MCDI.SS.20180514.POM.1","A00000010394","condition ok","SIRFER Lab at University of Utah","2018-08-07","ElFtGy1kV49xqNP00HfxQA==","POM","1",266,25,100,"d13C",-24.47,"perMill","Revesz & Coplen 2012a",,
"29236c4a-045c-4132-a834-46c342f3453f","D06","MCDI","MCDI.AOS.S2","2018-05-16","MCDI.SS.20180516.POM.1","A00000010467","condition ok","SIRFER Lab at University of Utah","2018-08-07","ElFtGy1kV49xqNP00HfxQA==","POM","1",300,25,100,"nitrogen",72.23,"microgramsPerLiter","Revesz & Coplen 2012a",,
"6f20367f-4988-4ef5-bae8-078740df4e3a","D06","MCDI","MCDI.AOS.S2","2018-05-16","MCDI.SS.20180516.POM.1","A00000010467","condition ok","SIRFER Lab at University of Utah","2018-08-07","ElFtGy1kV49xqNP00HfxQA==","POM","1",300,25,100,"d13C",-32.91,"perMill","Revesz & Coplen 2012a",,
"908c7e0d-31f4-45e9-8af4-3ae39a239d13","D06","MCDI","MCDI.AOS.S2","2018-05-16","MCDI.SS.20180516.POM.1","A00000010467","condition ok","SIRFER Lab at University of Utah","2018-08-07","ElFtGy1kV49xqNP00HfxQA==","POM","1",300,25,100,"d15N",3.78,"perMill","Revesz & Coplen 2012a",,
"65361c59-eb60-4bad-bff1-0e58a77c9dd6","D06","MCDI","MCDI.AOS.S2","2018-05-16","MCDI.SS.20180516.POM.1","A00000010467","condition ok","SIRFER Lab at University of Utah","2018-08-07","ElFtGy1kV49xqNP00HfxQA==","POM","1",300,25,100,"carbon",552.80,"microgramsPerLiter","Revesz & Coplen 2012a",,
"a550a6ac-d5c1-460d-9c54-6641afa302e3","D06","MCDI","MCDI.AOS.S2","2018-05-22","MCDI.SS.20180522.POM.1","A00000010496","condition ok","SIRFER Lab at University of Utah","2018-08-07","ElFtGy1kV49xqNP00HfxQA==","POM","1",380,25,100,"d13C",-26.41,"perMill","Revesz & Coplen 2012a",,
"b37d5e73-0755-436c-812d-82bc1bff8336","D06","MCDI","MCDI.AOS.S2","2018-05-22","MCDI.SS.20180522.POM.1","A00000010496","condition ok","SIRFER Lab at University of Utah","2018-08-07","ElFtGy1kV49xqNP00HfxQA==","POM","1",380,25,100,"carbon",317.36,"microgramsPerLiter","Revesz & Coplen 2012a",,
"3ebf87f1-7235-4dbe-b866-c13612a94ef7","D06","MCDI","MCDI.AOS.S2","2018-05-22","MCDI.SS.20180522.POM.1","A00000010496","condition ok","SIRFER Lab at University of Utah","2018-08-07","ElFtGy1kV49xqNP00HfxQA==","POM","1",380,25,100,"d15N",8.46,"perMill","Revesz & Coplen 2012a",,
"79b7eda0-3728-4e40-a31d-1df56a2dc060","D06","MCDI","MCDI.AOS.S2","2018-05-22","MCDI.SS.20180522.POM.1","A00000010496","condition ok","SIRFER Lab at University of Utah","2018-08-07","ElFtGy1kV49xqNP00HfxQA==","POM","1",380,25,100,"nitrogen",50.74,"microgramsPerLiter","Revesz & Coplen 2012a",,
