uid,domainID,siteID,namedLocation,collectDate,sampleID,sampleCode,sampleCondition,laboratoryName,analysisDate,analyzedBy,sampleType,replicate,sampleVolumeFiltered,filterSize,percentFilterAnalyzed,analyte,analyteConcentration,plantAlgaeLabUnits,method,externalRemarks,externalLabDataQF
"adb544ce-de9e-4e3e-8a90-df526816e829","D03","BARC","BARC.AOS.buoy.c0","2016-08-10","BARC.C0.20160810.POM.2",,"condition ok","Academy of Natural Sciences of Drexel University","2017-05-18","OKgcKejxXbI=","13C15N","2",,,100,"d13C",-34.97,"perMill",,,
"cec271b9-c9e8-4a09-a262-cbc59ef4401a","D03","BARC","BARC.AOS.buoy.c0","2016-08-10","BARC.C0.20160810.POM.1",,"condition ok","Academy of Natural Sciences of Drexel University","2017-03-03","OKgcKejxXbI=","13C15N","1",,,100,"d13C",-33.85,"perMill",,,
"b6648c47-cbec-46e3-b604-2a5f34ee110e","D03","BARC","BARC.AOS.buoy.c0","2016-08-10","BARC.C0.20160810.POM.2",,"condition ok","Academy of Natural Sciences of Drexel University","2017-05-18","OKgcKejxXbI=","13C15N","2",,,100,"d15N",2.42,"perMill",,,
"cb929995-d35e-4ede-89ff-2c708e649f70","D03","BARC","BARC.AOS.buoy.c0","2016-08-10","BARC.C0.20160810.POM.1",,"condition ok","Academy of Natural Sciences of Drexel University","2017-03-03","OKgcKejxXbI=","13C15N","1",,,100,"d15N",2.62,"perMill",,,
"c990b5aa-aee3-4024-801a-aa2383fd71c8","D03","BARC","BARC.AOS.inlet","2016-08-10","BARC.IN.20160810.POM.1",,"condition ok","Academy of Natural Sciences of Drexel University","2017-03-03","OKgcKejxXbI=","13C15N","1",,,100,"d15N",1.62,"perMill",,,
"d47bb60f-cf8e-4541-a375-ab95588b77b1","D03","BARC","BARC.AOS.inlet","2016-08-10","BARC.IN.20160810.POM.2",,"condition ok","Academy of Natural Sciences of Drexel University","2017-05-18","OKgcKejxXbI=","13C15N","2",,,100,"d15N",1.95,"perMill",,,
"cb6e82d2-3ab8-421d-ba4e-00a59215b9d3","D03","BARC","BARC.AOS.inlet","2016-08-10","BARC.IN.20160810.POM.1",,"condition ok","Academy of Natural Sciences of Drexel University","2017-03-03","OKgcKejxXbI=","13C15N","1",,,100,"d13C",-33.26,"perMill",,,
"5a890ea6-5ec5-4a94-9caa-1fdfb693007f","D03","BARC","BARC.AOS.inlet","2016-08-10","BARC.IN.20160810.POM.2",,"condition ok","Academy of Natural Sciences of Drexel University","2017-05-18","OKgcKejxXbI=","13C15N","2",,,100,"d13C",-33.26,"perMill",,,
"372a104e-2099-4964-be04-bc63e8338f04","D03","BARC","BARC.AOS.outlet","2016-08-10","BARC.OT.20160810.POM.1",,"condition ok","Academy of Natural Sciences of Drexel University","2017-03-03","OKgcKejxXbI=","13C15N","1",,,100,"d15N",1.46,"perMill",,,
"84583134-5543-4a28-9281-87c0d60d616d","D03","BARC","BARC.AOS.outlet","2016-08-10","BARC.OT.20160810.POM.2",,"condition ok","Academy of Natural Sciences of Drexel University","2017-05-18","OKgcKejxXbI=","13C15N","2",,,100,"d13C",-31.79,"perMill",,,
"72be4b4f-ad11-4aa1-b9a5-e507b2eae788","D03","BARC","BARC.AOS.outlet","2016-08-10","BARC.OT.20160810.POM.2",,"condition ok","Academy of Natural Sciences of Drexel University","2017-05-18","OKgcKejxXbI=","13C15N","2",,,100,"d15N",1.57,"perMill",,,
"606a69b6-0183-4f66-bb3b-c71f9e407cfa","D03","BARC","BARC.AOS.outlet","2016-08-10","BARC.OT.20160810.POM.1",,"condition ok","Academy of Natural Sciences of Drexel University","2017-03-03","OKgcKejxXbI=","13C15N","1",,,100,"d13C",-31.64,"perMill",,,
