uid,domainID,siteID,namedLocation,collectDate,sampleID,sampleCode,sampleCondition,laboratoryName,analysisDate,analyzedBy,sampleType,replicate,sampleVolumeFiltered,filterSize,percentFilterAnalyzed,analyte,analyteConcentration,plantAlgaeLabUnits,method,externalRemarks,externalLabDataQF
"07a144ed-0255-4c7a-ac23-c639a3399a86","D06","KING","KING.AOS.S2","2017-08-01","KING.SS.20170801.POM.1",,"condition ok","SIRFER Lab at University of Utah","2018-02-28","ElFtGy1kV49xqNP00HfxQA==","POM","1",1150,25,100,"d13C",-24.67,"perMill","Revesz & Coplen 2012a",,
"07c1bac2-750a-46e1-8fea-30ea2d117c0a","D06","KING","KING.AOS.S2","2017-08-01","KING.SS.20170801.POM.1",,"condition ok","SIRFER Lab at University of Utah","2018-02-28","ElFtGy1kV49xqNP00HfxQA==","POM","1",1150,25,100,"d15N",9.29,"perMill","Revesz & Coplen 2012a",,
"e3143a67-0173-46c1-88dc-1155f56fae9c","D06","KING","KING.AOS.S2","2017-08-01","KING.SS.20170801.POM.1",,"condition ok","SIRFER Lab at University of Utah","2018-02-28","ElFtGy1kV49xqNP00HfxQA==","POM","1",1150,25,100,"nitrogen",15.71,"microgramsPerLiter","Revesz & Coplen 2012a",,
"1e0486fb-b447-4739-a306-302d9ac5135b","D06","KING","KING.AOS.S2","2017-08-01","KING.SS.20170801.POM.1",,"condition ok","SIRFER Lab at University of Utah","2018-02-28","ElFtGy1kV49xqNP00HfxQA==","POM","1",1150,25,100,"carbon",153.87,"microgramsPerLiter","Revesz & Coplen 2012a",,
"fa3a1e15-9442-420c-9360-93fa8d9a38e0","D06","KING","KING.AOS.S2","2017-08-09","KING.SS.20170809.POM.1",,"condition ok","SIRFER Lab at University of Utah","2018-03-01","ElFtGy1kV49xqNP00HfxQA==","POM","1",1165,25,100,"carbon",164.64,"percent","Revesz & Coplen 2012a",,
"7738dde5-e254-4d69-87f9-60fab197cf2e","D06","KING","KING.AOS.S2","2017-08-09","KING.SS.20170809.POM.1",,"condition ok","SIRFER Lab at University of Utah","2018-03-01","ElFtGy1kV49xqNP00HfxQA==","POM","1",1165,25,100,"d15N",7.11,"perMill","Revesz & Coplen 2012a",,
"442ce1cf-fe3d-4e46-9b9a-79fe0a1c915b","D06","KING","KING.AOS.S2","2017-08-09","KING.SS.20170809.POM.1",,"condition ok","SIRFER Lab at University of Utah","2018-03-01","ElFtGy1kV49xqNP00HfxQA==","POM","1",1165,25,100,"d13C",-25.95,"perMill","Revesz & Coplen 2012a",,
"15963023-e6a5-4e81-acbd-30cc34872cc3","D06","KING","KING.AOS.S2","2017-08-09","KING.SS.20170809.POM.1",,"condition ok","SIRFER Lab at University of Utah","2018-03-01","ElFtGy1kV49xqNP00HfxQA==","POM","1",1165,25,100,"nitrogen",17.43,"percent","Revesz & Coplen 2012a",,
