uid,domainID,siteID,namedLocation,collectDate,sampleID,sampleCode,sampleCondition,laboratoryName,analysisDate,analyzedBy,sampleType,replicate,sampleVolumeFiltered,filterSize,percentFilterAnalyzed,analyte,analyteConcentration,plantAlgaeLabUnits,method,externalRemarks,externalLabDataQF
"47078dcc-2e88-4a49-b111-c1122f31b8a7","D09","PRLA","PRLA.AOS.inlet","2015-10-22","PRLA.IN.20151022.POM.1",,"other","Academy of Natural Sciences of Drexel University","2017-01-31","OKgcKejxXbI=","13C15N","1",,,100,"d15N",7.26,"perMill",,"Filter stained blue and folded poorly which led to spillage",
"fb86b011-7166-45a4-9b7b-dcb6d9cb664f","D09","PRLA","PRLA.AOS.inlet","2015-10-22","PRLA.IN.20151022.POM.2",,"other","Academy of Natural Sciences of Drexel University","2017-05-17","OKgcKejxXbI=","13C15N","2",,,50,"d13C",-29.23,"perMill",,"Filter stained blue and folded poorly which led to spillage",
"1f8fd285-000b-478d-8a43-f6d479151820","D09","PRLA","PRLA.AOS.inlet","2015-10-22","PRLA.IN.20151022.POM.2",,"other","Academy of Natural Sciences of Drexel University","2017-05-17","OKgcKejxXbI=","13C15N","2",,,50,"d15N",9.14,"perMill",,"Filter stained blue and folded poorly which led to spillage",
"d51bdbe9-9293-4023-b5e4-019ce563f470","D09","PRLA","PRLA.AOS.inlet","2015-10-22","PRLA.IN.20151022.POM.1",,"other","Academy of Natural Sciences of Drexel University","2017-01-31","OKgcKejxXbI=","13C15N","1",,,100,"d13C",,"perMill",,"Filter stained blue, sample maxed out collector",
"9e8ed49c-2575-4c0f-8b06-f1407d257be5","D09","PRLA","PRLA.AOS.buoy.c0","2015-10-22","PRLA.C0.20151022.POM.1",,"other","Academy of Natural Sciences of Drexel University","2017-01-31","OKgcKejxXbI=","13C15N","1",,,100,"d15N",5.97,"perMill",,"Filter stained blue and folded poorly which led to spillage",
"64c1b81e-a8a4-409d-86c4-941047f41e7e","D09","PRLA","PRLA.AOS.buoy.c0","2015-10-22","PRLA.C0.20151022.POM.1",,"other","Academy of Natural Sciences of Drexel University","2017-01-31","OKgcKejxXbI=","13C15N","1",,,100,"d13C",,"perMill",,"Filter stained blue, sample maxed out collector",
"71329652-f8d6-4798-b041-0e8c0908381a","D09","PRLA","PRLA.AOS.buoy.c0","2015-10-22","PRLA.C0.20151022.POM.2",,"other","Academy of Natural Sciences of Drexel University","2017-05-17","OKgcKejxXbI=","13C15N","2",,,50,"d13C",-29.06,"perMill",,"Filter stained blue",
"f94764fa-7b75-4437-a29f-43916546405b","D09","PRLA","PRLA.AOS.buoy.c0","2015-10-22","PRLA.C0.20151022.POM.2",,"other","Academy of Natural Sciences of Drexel University","2017-05-17","OKgcKejxXbI=","13C15N","2",,,50,"d15N",5.36,"perMill",,"Filter stained blue",
"6e2916d5-30a6-4ae7-bdab-44c2bfd9857e","D09","PRLA","PRLA.AOS.outlet","2015-10-22","PRLA.OT.20151022.POM.2",,"other","Academy of Natural Sciences of Drexel University","2017-05-17","OKgcKejxXbI=","13C15N","2",,,50,"d13C",-29.36,"perMill",,"Filter stained blue",
"5ad452bc-5f4a-4d0f-a1cf-93f452723c08","D09","PRLA","PRLA.AOS.outlet","2015-10-22","PRLA.OT.20151022.POM.1",,"other","Academy of Natural Sciences of Drexel University","2017-01-31","OKgcKejxXbI=","13C15N","1",,,100,"d13C",,"perMill",,"Filter stained blue, sample maxed out collector",
"501c68f0-961b-4cb8-a9dd-f2a5ad5f3008","D09","PRLA","PRLA.AOS.outlet","2015-10-22","PRLA.OT.20151022.POM.1",,"other","Academy of Natural Sciences of Drexel University","2017-01-31","OKgcKejxXbI=","13C15N","1",,,100,"d15N",7.10,"perMill",,"Filter stained blue",
"a27ea944-0626-4fdc-8645-0addf5037021","D09","PRLA","PRLA.AOS.outlet","2015-10-22","PRLA.OT.20151022.POM.2",,"other","Academy of Natural Sciences of Drexel University","2017-05-17","OKgcKejxXbI=","13C15N","2",,,50,"d15N",5.56,"perMill",,"Filter stained blue",
