uid,domainID,siteID,namedLocation,collectDate,sampleID,sampleCode,sampleCondition,laboratoryName,analysisDate,analyzedBy,sampleType,replicate,sampleVolumeFiltered,filterSize,percentFilterAnalyzed,analyte,analyteConcentration,plantAlgaeLabUnits,method,externalRemarks,externalLabDataQF
"32bec024-2816-4d0b-b678-85c1a4364eba","D01","HOPB","HOPB.AOS.S2","2017-02-14","HOPB.SS.20170214.POM.1",,"other","Academy of Natural Sciences of Drexel University","2017-05-25","OKgcKejxXbI=","13C15N","1",,,100,"d15N",,"perMill",,"sample too small for analysis",
"4ed6e47f-5779-4002-9d43-a4edc704945d","D01","HOPB","HOPB.AOS.S2","2017-02-14","HOPB.SS.20170214.POM.2",,"other","Academy of Natural Sciences of Drexel University","2017-06-14","OKgcKejxXbI=","13C15N","2",,,100,"d13C",,"perMill",,"analysis corrupted during run",
"3082a3fd-5c37-4390-8cd4-56fa01a898d3","D01","HOPB","HOPB.AOS.S2","2017-02-14","HOPB.SS.20170214.POM.1",,"condition ok","Academy of Natural Sciences of Drexel University","2017-05-25","OKgcKejxXbI=","13C15N","1",,,100,"d13C",-27.05,"perMill",,,
"d99d0af9-0702-4add-9fb2-2f00baa01741","D01","HOPB","HOPB.AOS.S2","2017-02-14","HOPB.SS.20170214.POM.2",,"other","Academy of Natural Sciences of Drexel University","2017-06-14","OKgcKejxXbI=","13C15N","2",,,100,"d15N",,"perMill",,"sample too small for analysis",
"35984342-f714-4d7b-8f04-1b84f7b65206","D01","HOPB","HOPB.AOS.S2","2017-02-21","HOPB.SS.20170221.POM.2",,"other","Academy of Natural Sciences of Drexel University","2017-06-14","OKgcKejxXbI=","13C15N","2",,,100,"d15N",,"perMill",,"sample too small for analysis",
"d632676d-f09b-4660-b2aa-f3f0a007af47","D01","HOPB","HOPB.AOS.S2","2017-02-21","HOPB.SS.20170221.POM.1",,"condition ok","Academy of Natural Sciences of Drexel University","2017-05-25","OKgcKejxXbI=","13C15N","1",,,100,"d13C",-29.19,"perMill",,,
"30c73b88-19dd-4427-8f5d-36623684d963","D01","HOPB","HOPB.AOS.S2","2017-02-21","HOPB.SS.20170221.POM.1",,"other","Academy of Natural Sciences of Drexel University","2017-05-25","OKgcKejxXbI=","13C15N","1",,,100,"d15N",,"perMill",,"sample too small for analysis",
"81e73c12-0552-49e9-b496-c436b9ebcd8e","D01","HOPB","HOPB.AOS.S2","2017-02-21","HOPB.SS.20170221.POM.2",,"other","Academy of Natural Sciences of Drexel University","2017-06-14","OKgcKejxXbI=","13C15N","2",,,100,"d13C",,"perMill",,"analysis corrupted during run",
