uid,domainID,siteID,namedLocation,collectDate,sampleID,sampleCode,sampleCondition,laboratoryName,analysisDate,analyzedBy,sampleType,replicate,sampleVolumeFiltered,filterSize,percentFilterAnalyzed,analyte,analyteConcentration,plantAlgaeLabUnits,method,externalRemarks,externalLabDataQF
"6377227c-7cdf-4403-8d0e-f0bc93996d39","D04","CUPE","CUPE.AOS.S2","2016-11-07","CUPE.SS.20161107.POM.1",,"other","Academy of Natural Sciences of Drexel University","2017-04-08","OKgcKejxXbI=","13C15N","1",,,100,"d15N",,"perMill",,"sample too small for analysis",
"980c9a62-7826-491c-8261-e5095e221548","D04","CUPE","CUPE.AOS.S2","2016-11-07","CUPE.SS.20161107.POM.2",,"other","Academy of Natural Sciences of Drexel University","2017-05-23","OKgcKejxXbI=","13C15N","2",,,100,"d15N",,"perMill",,"sample too small for analysis",
"64a1d206-e432-456a-bfdd-ccbf244c81c0","D04","CUPE","CUPE.AOS.S2","2016-11-07","CUPE.SS.20161107.POM.1",,"condition ok","Academy of Natural Sciences of Drexel University","2017-04-08","OKgcKejxXbI=","13C15N","1",,,100,"d13C",-27.38,"perMill",,,
"031d3c69-6d37-47ea-8c68-c18171e9bee8","D04","CUPE","CUPE.AOS.S2","2016-11-07","CUPE.SS.20161107.POM.2",,"condition ok","Academy of Natural Sciences of Drexel University","2017-05-23","OKgcKejxXbI=","13C15N","2",,,100,"d13C",-27.65,"perMill",,,
"5ac6d8fa-5544-4b0f-aae4-0c07f6d7253a","D04","CUPE","CUPE.AOS.S2","2016-11-21","CUPE.SS.20161121.POM.1",,"other","Academy of Natural Sciences of Drexel University","2017-04-08","OKgcKejxXbI=","13C15N","1",,,100,"d15N",,"perMill",,"sample too small for analysis",
"a677dc63-6310-45d4-b692-35841b474887","D04","CUPE","CUPE.AOS.S2","2016-11-21","CUPE.SS.20161121.POM.2",,"condition ok","Academy of Natural Sciences of Drexel University","2017-05-23","OKgcKejxXbI=","13C15N","2",,,100,"d13C",-28.03,"perMill",,,
"ecdaeed0-c289-4aa7-8f11-466085831600","D04","CUPE","CUPE.AOS.S2","2016-11-21","CUPE.SS.20161121.POM.1",,"condition ok","Academy of Natural Sciences of Drexel University","2017-04-08","OKgcKejxXbI=","13C15N","1",,,100,"d13C",-27.60,"perMill",,,
"18ca8850-f799-4549-b8ea-6f23847d4235","D04","CUPE","CUPE.AOS.S2","2016-11-21","CUPE.SS.20161121.POM.2",,"other","Academy of Natural Sciences of Drexel University","2017-05-23","OKgcKejxXbI=","13C15N","2",,,100,"d15N",,"perMill",,"sample too small for analysis",
