uid,domainID,siteID,namedLocation,collectDate,sampleID,sampleCode,sampleCondition,laboratoryName,analysisDate,analyzedBy,sampleType,replicate,sampleVolumeFiltered,filterSize,percentFilterAnalyzed,analyte,analyteConcentration,plantAlgaeLabUnits,method,externalRemarks,externalLabDataQF
"0ec3e353-e71e-49de-9237-23d6936023ba","D08","MAYF","MAYF.AOS.S2","2018-01-02","MAYF.SS.20180102.POM.1",,"condition ok","SIRFER Lab at University of Utah","2018-08-28","ElFtGy1kV49xqNP00HfxQA==","POM","1",50,25,100,"d13C",-27.82,"perMill","Revesz & Coplen 2012a",,
"f4a9ec7c-9a17-40a3-8ec0-8fa03b2414a5","D08","MAYF","MAYF.AOS.S2","2018-01-02","MAYF.SS.20180102.POM.1",,"condition ok","SIRFER Lab at University of Utah","2018-08-28","ElFtGy1kV49xqNP00HfxQA==","POM","1",50,25,100,"carbon",784.24,"microgramsPerLiter","Revesz & Coplen 2012a",,
"d57d2c79-da82-47e6-a8c4-17f39fc553e2","D08","MAYF","MAYF.AOS.S2","2018-01-02","MAYF.SS.20180102.POM.1",,"condition ok","SIRFER Lab at University of Utah","2018-08-28","ElFtGy1kV49xqNP00HfxQA==","POM","1",50,25,100,"nitrogen",46.20,"microgramsPerLiter","Revesz & Coplen 2012a",,
"c182c6dd-31f4-4a8c-89b9-b43336905f0b","D08","MAYF","MAYF.AOS.S2","2018-01-02","MAYF.SS.20180102.POM.1",,"condition ok","SIRFER Lab at University of Utah","2018-08-28","ElFtGy1kV49xqNP00HfxQA==","POM","1",50,25,100,"d15N",1.04,"perMill","Revesz & Coplen 2012a",,
"8665fc7a-943f-4645-8402-03d85f993488","D08","MAYF","MAYF.AOS.S2","2018-01-22","MAYF.SS.20180122.POM.1",,"condition ok","SIRFER Lab at University of Utah","2018-08-28","ElFtGy1kV49xqNP00HfxQA==","POM","1",50,25,100,"carbon",589.83,"microgramsPerLiter","Revesz & Coplen 2012a",,
"a242a91b-963e-4198-8f6c-3a064db114c3","D08","MAYF","MAYF.AOS.S2","2018-01-22","MAYF.SS.20180122.POM.1",,"condition ok","SIRFER Lab at University of Utah","2018-08-28","ElFtGy1kV49xqNP00HfxQA==","POM","1",50,25,100,"nitrogen",34.43,"microgramsPerLiter","Revesz & Coplen 2012a",,
"84530c8c-0ac0-4187-89ba-e3ce16b206ae","D08","MAYF","MAYF.AOS.S2","2018-01-22","MAYF.SS.20180122.POM.1",,"condition ok","SIRFER Lab at University of Utah","2018-08-28","ElFtGy1kV49xqNP00HfxQA==","POM","1",50,25,100,"d13C",-27.87,"perMill","Revesz & Coplen 2012a",,
"a8fca546-caa9-4a98-bc3a-d8831dafc04d","D08","MAYF","MAYF.AOS.S2","2018-01-22","MAYF.SS.20180122.POM.1",,"condition ok","SIRFER Lab at University of Utah","2018-08-28","ElFtGy1kV49xqNP00HfxQA==","POM","1",50,25,100,"d15N",-0.83,"perMill","Revesz & Coplen 2012a",,
