uid,domainID,siteID,namedLocation,collectDate,sampleID,sampleCode,sampleCondition,laboratoryName,analysisDate,analyzedBy,sampleType,replicate,sampleVolumeFiltered,filterSize,percentFilterAnalyzed,analyte,analyteConcentration,plantAlgaeLabUnits,method,externalRemarks,externalLabDataQF
"27fd5b24-5796-4fa4-b314-37abc5402095","D09","PRPO","PRPO.AOS.inlet","2015-07-07","PRPO.IN.20150707.POM.1",,"other","Academy of Natural Sciences of Drexel University","2017-01-31","OKgcKejxXbI=","13C15N","1",,,100,"d15N",1.80,"perMill",,"Difference in volume filtered, filter stained blue and folded poorly which led to spillage",
"e98405e5-4b9c-4e10-b07a-e0c01fea4e6d","D09","PRPO","PRPO.AOS.inlet","2015-07-07","PRPO.IN.20150707.POM.2",,"other","Academy of Natural Sciences of Drexel University","2017-05-17","OKgcKejxXbI=","13C15N","2",,,100,"d15N",1.01,"perMill",,"Difference in volume filtered, filter stained blue and folded poorly which led to spillage",
"0a748ed8-58ab-42e9-bbb3-be7e9e4f7a3e","D09","PRPO","PRPO.AOS.inlet","2015-07-07","PRPO.IN.20150707.POM.1",,"other","Academy of Natural Sciences of Drexel University","2017-01-31","OKgcKejxXbI=","13C15N","1",,,100,"d13C",-28.01,"perMill",,"Difference in volume filtered, filter stained blue and folded poorly which led to spillage",
"8ed4e85a-6474-41ac-8521-8a110fad11ce","D09","PRPO","PRPO.AOS.inlet","2015-07-07","PRPO.IN.20150707.POM.2",,"other","Academy of Natural Sciences of Drexel University","2017-05-17","OKgcKejxXbI=","13C15N","2",,,100,"d13C",-28.31,"perMill",,"Difference in volume filtered, filter stained blue and folded poorly which led to spillage",
"8ae9207d-1385-456a-a01d-b6c53ec98f74","D09","PRPO","PRPO.AOS.buoy.c0","2015-07-07","PRPO.C0.20150707.POM.1",,"other","Academy of Natural Sciences of Drexel University","2017-01-31","OKgcKejxXbI=","13C15N","1",,,100,"d13C",-27.54,"perMill",,"Difference in volume filtered, filter stained blue and folded poorly which led to spillage",
"23cea108-62f8-421f-a2d1-8c014b2e9369","D09","PRPO","PRPO.AOS.buoy.c0","2015-07-07","PRPO.C0.20150707.POM.2",,"other","Academy of Natural Sciences of Drexel University","2017-05-17","OKgcKejxXbI=","13C15N","2",,,100,"d15N",2.94,"perMill",,"Difference in volume filtered, filter stained blue and folded poorly which led to spillage",
"9db11499-6ed1-4c8a-a4b0-3fcdb763cc6b","D09","PRPO","PRPO.AOS.buoy.c0","2015-07-07","PRPO.C0.20150707.POM.2",,"other","Academy of Natural Sciences of Drexel University","2017-05-17","OKgcKejxXbI=","13C15N","2",,,100,"d13C",-28.44,"perMill",,"Difference in volume filtered, filter stained blue and folded poorly which led to spillage",
"61204131-5965-4d49-a88a-eca4ceabe6a5","D09","PRPO","PRPO.AOS.buoy.c0","2015-07-07","PRPO.C0.20150707.POM.1",,"other","Academy of Natural Sciences of Drexel University","2017-01-31","OKgcKejxXbI=","13C15N","1",,,100,"d15N",3.74,"perMill",,"Difference in volume filtered, filter stained blue and folded poorly which led to spillage",
"f96aeefe-3996-47b6-b984-843ec682066d","D09","PRPO","PRPO.AOS.outlet","2015-07-07","PRPO.OT.20150707.POM.1",,"other","Academy of Natural Sciences of Drexel University","2017-01-31","OKgcKejxXbI=","13C15N","1",,,100,"d15N",0.48,"perMill",,"Difference in volume filtered, filter stained blue and folded poorly which led to spillage",
"82e60826-b2fd-4a14-bbf6-407970d9a341","D09","PRPO","PRPO.AOS.outlet","2015-07-07","PRPO.OT.20150707.POM.1",,"other","Academy of Natural Sciences of Drexel University","2017-01-31","OKgcKejxXbI=","13C15N","1",,,100,"d13C",-29.13,"perMill",,"Difference in volume filtered, filter stained blue and folded poorly which led to spillage",
"0c2a2729-7f57-4d5e-85a6-251746452888","D09","PRPO","PRPO.AOS.outlet","2015-07-07","PRPO.OT.20150707.POM.2",,"other","Academy of Natural Sciences of Drexel University","2017-05-17","OKgcKejxXbI=","13C15N","2",,,100,"d15N",-1.96,"perMill",,"Difference in volume filtered, filter stained blue and folded poorly which led to spillage",
"272fb8ea-47e6-49e8-896c-64573ed39d8b","D09","PRPO","PRPO.AOS.outlet","2015-07-07","PRPO.OT.20150707.POM.2",,"other","Academy of Natural Sciences of Drexel University","2017-05-17","OKgcKejxXbI=","13C15N","2",,,100,"d13C",-28.80,"perMill",,"Difference in volume filtered, filter stained blue and folded poorly which led to spillage",
