uid,domainID,siteID,namedLocation,collectDate,sampleID,sampleCode,sampleCondition,laboratoryName,analysisDate,analyzedBy,sampleType,replicate,sampleVolumeFiltered,filterSize,percentFilterAnalyzed,analyte,analyteConcentration,plantAlgaeLabUnits,method,externalRemarks,externalLabDataQF
"626ff3db-f0f3-46a6-86c0-d4e8edb32387","D07","WALK","WALK.AOS.S2","2016-09-06","WALK.SS.20160906.POM.1",,"condition ok","Academy of Natural Sciences of Drexel University","2017-04-03","OKgcKejxXbI=","13C15N","1",,,100,"d13C",-28.39,"perMill",,,
"bede0b1b-6dbf-4058-b906-4b0ba4cf4602","D07","WALK","WALK.AOS.S2","2016-09-06","WALK.SS.20160906.POM.2",,"condition ok","Academy of Natural Sciences of Drexel University","2017-05-10","OKgcKejxXbI=","13C15N","2",,,100,"d13C",-28.48,"perMill",,,
"f7aeebac-0308-427c-9b82-92b61400aaff","D07","WALK","WALK.AOS.S2","2016-09-06","WALK.SS.20160906.POM.2",,"condition ok","Academy of Natural Sciences of Drexel University","2017-05-10","OKgcKejxXbI=","13C15N","2",,,100,"d15N",2.26,"perMill",,,
"22dffa73-ce4c-4263-a136-b32a37916051","D07","WALK","WALK.AOS.S2","2016-09-06","WALK.SS.20160906.POM.1",,"condition ok","Academy of Natural Sciences of Drexel University","2017-04-03","OKgcKejxXbI=","13C15N","1",,,100,"d15N",2.35,"perMill",,,
"b195e920-85db-4ce5-9c86-428b06acb238","D07","WALK","WALK.AOS.S2","2016-09-23","WALK.SS.20160923.POM.1",,"condition ok","Academy of Natural Sciences of Drexel University","2017-04-03","OKgcKejxXbI=","13C15N","1",,,100,"d15N",1.72,"perMill",,,
"532e25c2-2044-4aac-ab68-4beb91fcf2e2","D07","WALK","WALK.AOS.S2","2016-09-23","WALK.SS.20160923.POM.1",,"condition ok","Academy of Natural Sciences of Drexel University","2017-04-03","OKgcKejxXbI=","13C15N","1",,,100,"d13C",-28.59,"perMill",,,
"32c461d6-d3d1-46a3-a594-be670a106b38","D07","WALK","WALK.AOS.S2","2016-09-23","WALK.SS.20160923.POM.2",,"condition ok","Academy of Natural Sciences of Drexel University","2017-05-10","OKgcKejxXbI=","13C15N","2",,,100,"d15N",1.80,"perMill",,,
"432e0e50-4a52-4120-b8f9-2e45fc37b7e7","D07","WALK","WALK.AOS.S2","2016-09-23","WALK.SS.20160923.POM.2",,"other","Academy of Natural Sciences of Drexel University","2017-05-10","OKgcKejxXbI=","13C15N","2",,,100,"d13C",,"perMill",,"sample maxed out collector",
