uid,domainID,siteID,namedLocation,collectDate,sampleID,sampleCode,sampleCondition,laboratoryName,analysisDate,analyzedBy,sampleType,replicate,sampleVolumeFiltered,filterSize,percentFilterAnalyzed,analyte,analyteConcentration,plantAlgaeLabUnits,method,externalRemarks,externalLabDataQF
"be8411ac-7905-44d0-9894-6589b863dfd8","D11","BLUE","BLUE.AOS.S2","2017-01-31","BLUE.SS.20170131.POM.1",,"condition ok","SIRFER Lab at University of Utah","2018-04-17","ElFtGy1kV49xqNP00HfxQA==","POM","1",450,25,100,"d13C",-23.65,"perMill","Revesz & Coplen 2012a",,
"a645d197-3185-4d2d-9942-dc7ab2619442","D11","BLUE","BLUE.AOS.S2","2017-01-31","BLUE.SS.20170131.POM.1",,"condition ok","SIRFER Lab at University of Utah","2018-04-17","ElFtGy1kV49xqNP00HfxQA==","POM","1",450,25,100,"d15N",3.86,"perMill","Revesz & Coplen 2012a",,
"cca493d8-cb34-4895-9cd4-eaf9ac112033","D11","BLUE","BLUE.AOS.S2","2017-01-31","BLUE.SS.20170131.POM.1",,"condition ok","SIRFER Lab at University of Utah","2018-04-17","ElFtGy1kV49xqNP00HfxQA==","POM","1",450,25,100,"nitrogen",43.19,"microgramsPerLiter","Revesz & Coplen 2012a",,
"8f53913a-896f-4d0a-8617-1d6d0bb6cdd8","D11","BLUE","BLUE.AOS.S2","2017-01-31","BLUE.SS.20170131.POM.1",,"condition ok","SIRFER Lab at University of Utah","2018-04-17","ElFtGy1kV49xqNP00HfxQA==","POM","1",450,25,100,"carbon",334.06,"microgramsPerLiter","Revesz & Coplen 2012a",,
