uid,domainID,siteID,namedLocation,collectDate,sampleID,sampleCode,sampleCondition,laboratoryName,analysisDate,analyzedBy,sampleType,replicate,sampleVolumeFiltered,filterSize,percentFilterAnalyzed,analyte,analyteConcentration,plantAlgaeLabUnits,method,externalRemarks,externalLabDataQF
"55c44720-c32f-442e-b4c4-056db5c7ecc1","D11","BLUE","BLUE.AOS.S2","2018-06-12","BLUE.SS.20180612.POM.1","A00000021364","condition ok","SIRFER Lab at University of Utah","2018-08-16","ElFtGy1kV49xqNP00HfxQA==","POM","1",500,25,100,"d13C",-24.57,"perMill","Revesz & Coplen 2012a",,
"f80f4d59-a035-4081-bb38-3eec1a45d3d2","D11","BLUE","BLUE.AOS.S2","2018-06-12","BLUE.SS.20180612.POM.1","A00000021364","condition ok","SIRFER Lab at University of Utah","2018-08-16","ElFtGy1kV49xqNP00HfxQA==","POM","1",500,25,100,"carbon",400.60,"microgramsPerLiter","Revesz & Coplen 2012a",,
"79c4b286-50b1-41d0-a4d7-9c9e73bc65c7","D11","BLUE","BLUE.AOS.S2","2018-06-12","BLUE.SS.20180612.POM.1","A00000021364","condition ok","SIRFER Lab at University of Utah","2018-08-16","ElFtGy1kV49xqNP00HfxQA==","POM","1",500,25,100,"d15N",5.52,"perMill","Revesz & Coplen 2012a",,
"ea54d687-19dc-4abd-8f48-ab0b07cc86c7","D11","BLUE","BLUE.AOS.S2","2018-06-12","BLUE.SS.20180612.POM.1","A00000021364","condition ok","SIRFER Lab at University of Utah","2018-08-16","ElFtGy1kV49xqNP00HfxQA==","POM","1",500,25,100,"nitrogen",43.22,"microgramsPerLiter","Revesz & Coplen 2012a",,
"f93bafc4-99d6-4c32-8df7-767f2da27f3a","D11","BLUE","BLUE.AOS.S2","2018-06-19","BLUE.SS.20180619.POM.1","A00000021356","condition ok","SIRFER Lab at University of Utah","2018-08-16","ElFtGy1kV49xqNP00HfxQA==","POM","1",500,25,100,"nitrogen",44.79,"microgramsPerLiter","Revesz & Coplen 2012a",,
"98a2d617-2619-41fc-b20d-c5d0d4cb068f","D11","BLUE","BLUE.AOS.S2","2018-06-19","BLUE.SS.20180619.POM.1","A00000021356","condition ok","SIRFER Lab at University of Utah","2018-08-16","ElFtGy1kV49xqNP00HfxQA==","POM","1",500,25,100,"d13C",-23.96,"perMill","Revesz & Coplen 2012a",,
"f7836f1f-c69a-43cf-9784-019d06f81349","D11","BLUE","BLUE.AOS.S2","2018-06-19","BLUE.SS.20180619.POM.1","A00000021356","condition ok","SIRFER Lab at University of Utah","2018-08-16","ElFtGy1kV49xqNP00HfxQA==","POM","1",500,25,100,"d15N",4.53,"perMill","Revesz & Coplen 2012a",,
"5ba977f7-73d0-4e14-972b-7e4d69c83fc1","D11","BLUE","BLUE.AOS.S2","2018-06-19","BLUE.SS.20180619.POM.1","A00000021356","condition ok","SIRFER Lab at University of Utah","2018-08-16","ElFtGy1kV49xqNP00HfxQA==","POM","1",500,25,100,"carbon",490.73,"microgramsPerLiter","Revesz & Coplen 2012a",,
"3503b085-a513-4cb5-bf68-1950548ee86d","D11","BLUE","BLUE.AOS.S2","2018-06-27","BLUE.SS.20180627.POM.1","A00000021380","condition ok","SIRFER Lab at University of Utah","2018-08-16","ElFtGy1kV49xqNP00HfxQA==","POM","1",500,25,100,"d15N",5.00,"perMill","Revesz & Coplen 2012a",,
"723e0efb-5fc1-461a-b7b8-32d601ad35b0","D11","BLUE","BLUE.AOS.S2","2018-06-27","BLUE.SS.20180627.POM.1","A00000021380","condition ok","SIRFER Lab at University of Utah","2018-08-16","ElFtGy1kV49xqNP00HfxQA==","POM","1",500,25,100,"nitrogen",45.77,"microgramsPerLiter","Revesz & Coplen 2012a",,
"1a3602d1-c5dd-4439-83a1-98840c94fe70","D11","BLUE","BLUE.AOS.S2","2018-06-27","BLUE.SS.20180627.POM.1","A00000021380","condition ok","SIRFER Lab at University of Utah","2018-08-16","ElFtGy1kV49xqNP00HfxQA==","POM","1",500,25,100,"d13C",-23.50,"perMill","Revesz & Coplen 2012a",,
"66d19810-6c5a-4132-a69d-44236b5e2bcf","D11","BLUE","BLUE.AOS.S2","2018-06-27","BLUE.SS.20180627.POM.1","A00000021380","condition ok","SIRFER Lab at University of Utah","2018-08-16","ElFtGy1kV49xqNP00HfxQA==","POM","1",500,25,100,"carbon",461.36,"microgramsPerLiter","Revesz & Coplen 2012a",,
