uid,domainID,siteID,namedLocation,collectDate,sampleID,sampleCode,sampleCondition,laboratoryName,analysisDate,analyzedBy,sampleType,replicate,sampleVolumeFiltered,filterSize,percentFilterAnalyzed,analyte,analyteConcentration,plantAlgaeLabUnits,method,externalRemarks,externalLabDataQF
"46fdf4e9-4c7d-4a5a-8f96-e54c1b4b887c","D02","LEWI","LEWI.AOS.S2","2017-08-09","LEWI.SS.20170809.POM.1",,"condition ok","SIRFER Lab at University of Utah","2018-03-05","ElFtGy1kV49xqNP00HfxQA==","POM","1",600,25,100,"d15N",6.71,"perMill","Revesz & Coplen 2012a",,
"c26e5f2b-cbed-4873-961d-b0a5897417cb","D02","LEWI","LEWI.AOS.S2","2017-08-09","LEWI.SS.20170809.POM.1",,"condition ok","SIRFER Lab at University of Utah","2018-03-05","ElFtGy1kV49xqNP00HfxQA==","POM","1",600,25,100,"nitrogen",42.17,"percent","Revesz & Coplen 2012a",,
"ae2733ea-6b93-4738-baea-06014b34f5c8","D02","LEWI","LEWI.AOS.S2","2017-08-09","LEWI.SS.20170809.POM.1",,"condition ok","SIRFER Lab at University of Utah","2018-03-05","ElFtGy1kV49xqNP00HfxQA==","POM","1",600,25,100,"carbon",632.31,"percent","Revesz & Coplen 2012a",,
"caf94019-0c28-4752-9dc3-4add7db639f7","D02","LEWI","LEWI.AOS.S2","2017-08-09","LEWI.SS.20170809.POM.1",,"condition ok","SIRFER Lab at University of Utah","2018-03-05","ElFtGy1kV49xqNP00HfxQA==","POM","1",600,25,100,"d13C",-22.59,"perMill","Revesz & Coplen 2012a",,
"0db1332a-88e6-4a81-bb54-9f195fdc394a","D02","LEWI","LEWI.AOS.S2","2017-08-22","LEWI.SS.20170822.POM.1",,"condition ok","SIRFER Lab at University of Utah","2018-03-05","ElFtGy1kV49xqNP00HfxQA==","POM","1",500,25,100,"d13C",-20.36,"perMill","Revesz & Coplen 2012a",,
"dd2131ce-380f-4d93-bb5b-4d6dde25a0c6","D02","LEWI","LEWI.AOS.S2","2017-08-22","LEWI.SS.20170822.POM.1",,"condition ok","SIRFER Lab at University of Utah","2018-03-05","ElFtGy1kV49xqNP00HfxQA==","POM","1",500,25,100,"nitrogen",61.19,"percent","Revesz & Coplen 2012a",,
"88859976-42ce-4d64-9fde-ca8574acf30c","D02","LEWI","LEWI.AOS.S2","2017-08-22","LEWI.SS.20170822.POM.1",,"condition ok","SIRFER Lab at University of Utah","2018-03-05","ElFtGy1kV49xqNP00HfxQA==","POM","1",500,25,100,"d15N",3.37,"perMill","Revesz & Coplen 2012a",,
"917fbeb3-256f-444a-aa20-61f6b50317fa","D02","LEWI","LEWI.AOS.S2","2017-08-22","LEWI.SS.20170822.POM.1",,"condition ok","SIRFER Lab at University of Utah","2018-03-05","ElFtGy1kV49xqNP00HfxQA==","POM","1",500,25,100,"carbon",742.83,"percent","Revesz & Coplen 2012a",,
