uid,domainID,siteID,namedLocation,collectDate,sampleID,sampleCode,sampleCondition,laboratoryName,analysisDate,analyzedBy,sampleType,replicate,sampleVolumeFiltered,filterSize,percentFilterAnalyzed,analyte,analyteConcentration,plantAlgaeLabUnits,method,externalRemarks,externalLabDataQF
"e1d930d9-0d74-42b5-939d-7678775621a1","D08","TOMB","TOMB.AOS.buoy.c0","2017-09-14","TOMB.C0.20170914.POM.1",,"condition ok","SIRFER Lab at University of Utah","2018-03-26","ElFtGy1kV49xqNP00HfxQA==","POM","1",100,25,100,"nitrogen",91.56,"microgramsPerLiter","Revesz & Coplen 2012a",,
"7c0c7772-174d-4d6e-8028-36cf55ba7a41","D08","TOMB","TOMB.AOS.buoy.c0","2017-09-14","TOMB.C0.20170914.POM.1",,"condition ok","SIRFER Lab at University of Utah","2018-03-26","ElFtGy1kV49xqNP00HfxQA==","POM","1",100,25,100,"d15N",13.83,"perMill","Revesz & Coplen 2012a",,
"bc2f507e-5cb1-482b-ae45-93cb4b8f77b8","D08","TOMB","TOMB.AOS.buoy.c0","2017-09-14","TOMB.C0.20170914.POM.1",,"condition ok","SIRFER Lab at University of Utah","2018-03-26","ElFtGy1kV49xqNP00HfxQA==","POM","1",100,25,100,"d13C",-29.38,"perMill","Revesz & Coplen 2012a",,
"6493bc89-c939-4365-babb-67569bf474e6","D08","TOMB","TOMB.AOS.buoy.c0","2017-09-14","TOMB.C0.20170914.POM.1",,"condition ok","SIRFER Lab at University of Utah","2018-03-26","ElFtGy1kV49xqNP00HfxQA==","POM","1",100,25,100,"carbon",762.63,"microgramsPerLiter","Revesz & Coplen 2012a",,
