uid,domainID,siteID,namedLocation,collectDate,sampleID,sampleCode,sampleCondition,laboratoryName,analysisDate,analyzedBy,sampleType,replicate,sampleVolumeFiltered,filterSize,percentFilterAnalyzed,analyte,analyteConcentration,plantAlgaeLabUnits,method,externalRemarks,externalLabDataQF
"7685e7ec-f6b2-4193-b5de-8c88aeebbd96","D11","PRIN","PRIN.AOS.S2","2018-11-27","PRIN.SS.20181127.POM.1","A00000052582","condition ok","SIRFER Lab at University of Utah","2019-04-23","ElFtGy1kV49xqNP00HfxQA==","POM","1",400,25,100,"carbon",593.30,"microgramsPerLiter","Revesz & Coplen 2012a",,
"aab550bf-2ec8-4f88-b953-9e8a16471469","D11","PRIN","PRIN.AOS.S2","2018-11-27","PRIN.SS.20181127.POM.1","A00000052582","condition ok","SIRFER Lab at University of Utah","2019-04-23","ElFtGy1kV49xqNP00HfxQA==","POM","1",400,25,100,"nitrogen",68.56,"microgramsPerLiter","Revesz & Coplen 2012a",,
"3c3d66ef-b95d-4e0c-aab8-86d177feb909","D11","PRIN","PRIN.AOS.S2","2018-11-27","PRIN.SS.20181127.POM.1","A00000052582","condition ok","SIRFER Lab at University of Utah","2019-04-23","ElFtGy1kV49xqNP00HfxQA==","POM","1",400,25,100,"d13C",-28.82,"perMill","Revesz & Coplen 2012a",,
"ee75a911-c65a-4d01-8358-af837b1341f1","D11","PRIN","PRIN.AOS.S2","2018-11-27","PRIN.SS.20181127.POM.1","A00000052582","condition ok","SIRFER Lab at University of Utah","2019-04-23","ElFtGy1kV49xqNP00HfxQA==","POM","1",400,25,100,"d15N",7.30,"perMill","Revesz & Coplen 2012a",,
