uid,domainID,siteID,namedLocation,collectDate,sampleID,sampleCode,sampleCondition,laboratoryName,analysisDate,analyzedBy,sampleType,replicate,sampleVolumeFiltered,filterSize,percentFilterAnalyzed,analyte,analyteConcentration,plantAlgaeLabUnits,method,externalRemarks,externalLabDataQF
"8cdb9c15-c7f1-40b7-b9b0-7d3021f89961","D07","WALK","WALK.AOS.S2","2016-05-03","WALK.SS.20160503.POM.2",,"condition ok","Academy of Natural Sciences of Drexel University","2016-08-29","OKgcKejxXbI=","13C15N","2",,,100,"d15N",2.31,"perMill",,,
"260bedbe-7ff9-4ca1-9aeb-b744d5e8f8ca","D07","WALK","WALK.AOS.S2","2016-05-03","WALK.SS.20160503.POM.1",,"condition ok","Academy of Natural Sciences of Drexel University","2016-08-29","OKgcKejxXbI=","13C15N","1",,,100,"d15N",1.47,"perMill",,,
"ae8b0858-a3fa-4501-91be-3b90d85efe62","D07","WALK","WALK.AOS.S2","2016-05-03","WALK.SS.20160503.POM.1",,"condition ok","Academy of Natural Sciences of Drexel University","2016-08-29","OKgcKejxXbI=","13C15N","1",,,100,"d13C",-30.19,"perMill",,,
"adb97df1-0fc7-4ec1-b6aa-c45f917c9202","D07","WALK","WALK.AOS.S2","2016-05-03","WALK.SS.20160503.POM.2",,"condition ok","Academy of Natural Sciences of Drexel University","2016-08-29","OKgcKejxXbI=","13C15N","2",,,100,"d13C",-28.86,"perMill",,,
"4cb8feb2-a2a4-44d2-aafa-5231a621748c","D07","WALK","WALK.AOS.S2","2016-05-23","WALK.SS.20160523.POM.2",,"other","Academy of Natural Sciences of Drexel University","2017-06-01","OKgcKejxXbI=","13C15N","2",,,100,"d13C",-28.93,"perMill",,"filter poorly folded, sample loss",
"b46cb9dc-c2a9-4366-bed0-6d023267ae05","D07","WALK","WALK.AOS.S2","2016-05-23","WALK.SS.20160523.POM.1",,"other","Academy of Natural Sciences of Drexel University","2017-02-23","OKgcKejxXbI=","13C15N","1",,,100,"d13C",-28.14,"perMill",,"filter poorly folded, sample loss",
"b1d62a9e-515b-45c0-916e-c14b035341b8","D07","WALK","WALK.AOS.S2","2016-05-23","WALK.SS.20160523.POM.2",,"other","Academy of Natural Sciences of Drexel University","2017-06-01","OKgcKejxXbI=","13C15N","2",,,100,"d15N",1.66,"perMill",,"filter poorly folded, sample loss",
"7cbb060a-bb2b-436a-b764-f00199204494","D07","WALK","WALK.AOS.S2","2016-05-23","WALK.SS.20160523.POM.1",,"other","Academy of Natural Sciences of Drexel University","2017-02-23","OKgcKejxXbI=","13C15N","1",,,100,"d15N",1.84,"perMill",,"filter poorly folded, sample loss",
