uid,domainID,siteID,namedLocation,collectDate,sampleID,sampleCode,sampleCondition,laboratoryName,analysisDate,analyzedBy,sampleType,replicate,sampleVolumeFiltered,filterSize,percentFilterAnalyzed,analyte,analyteConcentration,plantAlgaeLabUnits,method,externalRemarks,externalLabDataQF
"8f3ae68b-7c4e-4fdd-a636-46d1cfd80b01","D13","WLOU","WLOU.AOS.S2","2017-12-13","WLOU.SS.20171213.POM.1",,"condition ok","SIRFER Lab at University of Utah","2018-08-08","ElFtGy1kV49xqNP00HfxQA==","POM","1",3000,25,100,"carbon",47.88,"microgramsPerLiter","Revesz & Coplen 2012a",,
"7eb60568-a489-4a20-959f-52cbc51bc866","D13","WLOU","WLOU.AOS.S2","2017-12-13","WLOU.SS.20171213.POM.1",,"condition ok","SIRFER Lab at University of Utah","2018-08-08","ElFtGy1kV49xqNP00HfxQA==","POM","1",3000,25,100,"d13C",-26.88,"perMill","Revesz & Coplen 2012a",,
"3f5a721e-900c-49bf-afe8-6e8a46bdc569","D13","WLOU","WLOU.AOS.S2","2017-12-13","WLOU.SS.20171213.POM.1",,"condition ok","SIRFER Lab at University of Utah","2018-08-08","ElFtGy1kV49xqNP00HfxQA==","POM","1",3000,25,100,"d15N",2.43,"perMill","Revesz & Coplen 2012a",,
"e7e1dae9-e267-4bba-b0a5-81ffdc6af3e2","D13","WLOU","WLOU.AOS.S2","2017-12-13","WLOU.SS.20171213.POM.1",,"condition ok","SIRFER Lab at University of Utah","2018-08-08","ElFtGy1kV49xqNP00HfxQA==","POM","1",3000,25,100,"nitrogen",3.51,"microgramsPerLiter","Revesz & Coplen 2012a",,
