uid,domainID,siteID,namedLocation,decimalLatitude,decimalLongitude,coordinateUncertainty,additionalCoordUncertainty,elevation,elevationUncertainty,geodeticDatum,altLocation,altLatitude,altLongitude,altCoordinateUncertainty,altGeodeticDatum,collectDate,aquaticSiteType,samplingImpractical,parentSampleID,parentSampleCode,eventID,samplerType,dissolvedOxygen,dissolvedOxygenSaturation,specificConductance,waterTemp,asiSamplingProtocolVersion,lowerSegmentDepth,upperSegmentDepth,maxDepth,lakeSampleDepth1,lakeSampleDepth2,aCollectedBy,bCollectedBy,remarks,fieldDataQF
"4792b9d3-5fa1-457c-9733-630bc7aa4df9","D05","CRAM","CRAM.AOS.outlet",46.211998,-89.474475,0.1,10.0,511.8,0.1,"WGS84",,,,,,"2016-08-09T15:40Z","lake",,"CRAM.OT.20160809",,"CRAM.20160809","Kemmerer",7.50,95.00,15.10,24.50,"NEON.DOC.001886vD",1.0,0.0,1.0,0.5,,"jhudson@neoninc.org","ekrulc@field-ops.org","PCN not filtered|ot vial possibly not fully evacuated, did not immediately draw in gas from syringe",
"0ba0bfe2-1c84-4699-b941-7c06bd4e06dd","D05","CRAM","CRAM.AOS.inlet",46.207952,-89.476174,0.1,10.0,511.7,0.1,"WGS84",,,,,,"2016-08-09T16:40Z","lake",,"CRAM.IN.20160809",,"CRAM.20160809","Kemmerer",7.70,97.00,14.90,24.90,"NEON.DOC.001886vD",1.3,0.0,1.3,0.5,,"jhudson@neoninc.org","ekrulc@field-ops.org","PCN not filtered|ot vial possibly not fully evacuated, did not immediately draw in gas from syringe",
"ad012778-f6a7-4161-bbce-55308391dcbd","D05","CRAM","CRAM.AOS.buoy.c1",46.210592,-89.476861,10.0,10.0,509.0,10.0,"WGS84",,,,,,"2016-08-09T18:20Z","lake",,"CRAM.C1.20160809",,"CRAM.20160809","Kemmerer",7.80,100.00,15.10,24.90,"NEON.DOC.001886vD",3.0,0.0,17.8,0.5,,"jhudson@neoninc.org","ekrulc@field-ops.org","PCN volume not filtered|Short on luer lock closures - filtered only DNA from c1 and c2|ot vial possibly not fully evacuated, did not immediately draw in gas from syringe",
"389d9092-5329-4262-810a-7a1728af7576","D05","CRAM","CRAM.AOS.buoy.c2",46.210592,-89.476861,10.0,10.0,509.0,10.0,"WGS84",,,,,,"2016-08-09T19:30Z","lake",,"CRAM.C2.20160809",,"CRAM.20160809","Kemmerer",1.00,0.10,20.30,5.40,"NEON.DOC.001886vD",17.8,8.5,17.8,10.3,13.8,"jhudson@neoninc.org","ekrulc@field-ops.org","PCN not filtered|Short on luer lock closures - filtered only DNA from c1 and c2|Miscalculated sample depths, should have been taken at 10.75 m and 15.5 m.|Miscalculated sample depths, should have been taken at 10.75 m and 15.5 m.|Miscalculated sample depths, should have been taken at 10.75 m and 15.5 m.|ot vial possibly not fully evacuated, did not immediately draw in gas from syringe",
