uid,domainID,siteID,namedLocation,collectDate,sampleID,sampleCode,sampleCondition,laboratoryName,analysisDate,analyzedBy,sampleType,replicate,sampleVolumeFiltered,filterSize,percentFilterAnalyzed,analyte,analyteConcentration,plantAlgaeLabUnits,method,externalRemarks,externalLabDataQF
"45ae2dd0-3fdc-4b4d-860a-fd75f2e0052a","D05","CRAM","CRAM.AOS.outlet","2016-08-09","CRAM.OT.20160809.POM.2",,"condition ok","Academy of Natural Sciences of Drexel University","2017-02-22","OKgcKejxXbI=","13C15N","2",,,100,"d15N",0.20,"perMill",,,
"27350eda-c71d-42ef-8fb9-b77aea70ffbf","D05","CRAM","CRAM.AOS.outlet","2016-08-09","CRAM.OT.20160809.POM.2",,"condition ok","Academy of Natural Sciences of Drexel University","2017-02-22","OKgcKejxXbI=","13C15N","2",,,100,"d13C",-28.48,"perMill",,,
"e54d765f-8615-4345-aabd-4dccd4b6e9ea","D05","CRAM","CRAM.AOS.outlet","2016-08-09","CRAM.OT.20160809.POM.1",,"condition ok","Academy of Natural Sciences of Drexel University","2017-02-10","OKgcKejxXbI=","13C15N","1",,,100,"d13C",-28.56,"perMill",,,
"9466af8e-2d39-4a30-bc8a-e7df9932df6e","D05","CRAM","CRAM.AOS.outlet","2016-08-09","CRAM.OT.20160809.POM.1",,"condition ok","Academy of Natural Sciences of Drexel University","2017-02-10","OKgcKejxXbI=","13C15N","1",,,100,"d15N",0.92,"perMill",,,
"a65c1286-7ced-4e32-9279-d192aee5b1ec","D05","CRAM","CRAM.AOS.inlet","2016-08-09","CRAM.IN.20160809.POM.1",,"condition ok","Academy of Natural Sciences of Drexel University","2017-02-10","OKgcKejxXbI=","13C15N","1",,,100,"d13C",-29.44,"perMill",,,
"f8e90a96-c239-46d6-9e62-24742338c67a","D05","CRAM","CRAM.AOS.inlet","2016-08-09","CRAM.IN.20160809.POM.1",,"condition ok","Academy of Natural Sciences of Drexel University","2017-02-10","OKgcKejxXbI=","13C15N","1",,,100,"d15N",0.10,"perMill",,,
"b61f4dda-fe2b-4856-8cb7-061138b9a6c4","D05","CRAM","CRAM.AOS.inlet","2016-08-09","CRAM.IN.20160809.POM.2",,"condition ok","Academy of Natural Sciences of Drexel University","2017-02-22","OKgcKejxXbI=","13C15N","2",,,100,"d15N",0.44,"perMill",,,
"7c79c20c-8780-423b-bcee-c16e6b597394","D05","CRAM","CRAM.AOS.inlet","2016-08-09","CRAM.IN.20160809.POM.2",,"condition ok","Academy of Natural Sciences of Drexel University","2017-02-22","OKgcKejxXbI=","13C15N","2",,,100,"d13C",-28.89,"perMill",,,
"cfcdbe86-374b-4de9-aad3-4f462f7f2dd4","D05","CRAM","CRAM.AOS.buoy.c1","2016-08-09","CRAM.C1.20160809.POM.1",,"condition ok","Academy of Natural Sciences of Drexel University","2017-02-10","OKgcKejxXbI=","13C15N","1",,,100,"d13C",-27.68,"perMill",,,
"b78aab22-3207-4be9-919e-fc02a2c7d32d","D05","CRAM","CRAM.AOS.buoy.c1","2016-08-09","CRAM.C1.20160809.POM.1",,"condition ok","Academy of Natural Sciences of Drexel University","2017-02-10","OKgcKejxXbI=","13C15N","1",,,100,"d15N",0.84,"perMill",,,
"47b31e79-bccd-4c60-b276-7630011ab8ae","D05","CRAM","CRAM.AOS.buoy.c1","2016-08-09","CRAM.C1.20160809.POM.2",,"condition ok","Academy of Natural Sciences of Drexel University","2017-02-22","OKgcKejxXbI=","13C15N","2",,,100,"d13C",-28.36,"perMill",,,
"91c6518c-4e0f-4b39-822a-555ec38a5caa","D05","CRAM","CRAM.AOS.buoy.c1","2016-08-09","CRAM.C1.20160809.POM.2",,"condition ok","Academy of Natural Sciences of Drexel University","2017-02-22","OKgcKejxXbI=","13C15N","2",,,100,"d15N",0.28,"perMill",,,
"f07c6b8a-8584-4b07-a14e-e0ea4a96ad52","D05","CRAM","CRAM.AOS.buoy.c2","2016-08-09","CRAM.C2.20160809.POM.2",,"condition ok","Academy of Natural Sciences of Drexel University","2017-02-22","OKgcKejxXbI=","13C15N","2",,,100,"d15N",-0.08,"perMill",,,
"b0230a14-7656-4f2c-b204-fd1274b59fe3","D05","CRAM","CRAM.AOS.buoy.c2","2016-08-09","CRAM.C2.20160809.POM.2",,"condition ok","Academy of Natural Sciences of Drexel University","2017-02-22","OKgcKejxXbI=","13C15N","2",,,100,"d13C",-34.82,"perMill",,,
"f730b5ac-d6b8-42d6-8292-e987368e8c38","D05","CRAM","CRAM.AOS.buoy.c2","2016-08-09","CRAM.C2.20160809.POM.1",,"condition ok","Academy of Natural Sciences of Drexel University","2017-02-10","OKgcKejxXbI=","13C15N","1",,,100,"d13C",-34.57,"perMill",,,
"7d8ddecd-95db-4f4c-a494-1d3a25e6d15f","D05","CRAM","CRAM.AOS.buoy.c2","2016-08-09","CRAM.C2.20160809.POM.1",,"condition ok","Academy of Natural Sciences of Drexel University","2017-02-10","OKgcKejxXbI=","13C15N","1",,,100,"d15N",-1.62,"perMill",,,
