uid,domainID,siteID,namedLocation,collectDate,parentSampleID,parentSampleCode,isotopeH2OSampleCond,isotopeH2OSampleID,isotopeH2OSampleCode,isotopePOMRep2SampleCond,isotopePOMRep2SampleID,isotopePOMRep2SampleCode,isotopePOMSampleCond,isotopePOMSampleID,isotopePOMSampleCode,processedDateFilters,processedDateH2OIsotopes,sampleVolumeFilteredPOMRep1,sampleVolumeFilteredPOMRep2,fieldDataQF
"05070c0f-6a6e-4e55-ab99-6598072b3540","D05","CRAM","CRAM.AOS.outlet","2016-08-09T15:40Z","CRAM.OT.20160809",,,"CRAM.OT.20160809.H2O.1",,,"CRAM.OT.20160809.POM.2",,,"CRAM.OT.20160809.POM.1",,"2016-08-09T21:00Z","2016-08-09T23:15Z",200,200,
"72626f7b-64b8-4042-8e99-64ef4f60cf14","D05","CRAM","CRAM.AOS.inlet","2016-08-09T16:40Z","CRAM.IN.20160809",,,"CRAM.IN.20160809.H2O.1",,,"CRAM.IN.20160809.POM.2",,,"CRAM.IN.20160809.POM.1",,"2016-08-09T21:00Z","2016-08-09T23:20Z",200,200,
"8a6c9b33-4b20-443f-a1ea-d6dcd15d321c","D05","CRAM","CRAM.AOS.buoy.c1","2016-08-09T18:20Z","CRAM.C1.20160809",,,"CRAM.C1.20160809.H2O.1",,,"CRAM.C1.20160809.POM.2",,,"CRAM.C1.20160809.POM.1",,"2016-08-09T22:00Z","2016-08-09T23:25Z",200,200,
"d746ed3f-ec7c-4d60-a225-82256106cb2b","D05","CRAM","CRAM.AOS.buoy.c2","2016-08-09T19:30Z","CRAM.C2.20160809",,,"CRAM.C2.20160809.H2O.1",,,"CRAM.C2.20160809.POM.2",,,"CRAM.C2.20160809.POM.1",,"2016-08-09T23:00Z","2016-08-09T23:30Z",200,200,
