uid,domainID,siteID,namedLocation,collectDate,sampleID,sampleCode,sampleCondition,laboratoryName,analysisDate,analyzedBy,sampleType,replicate,sampleVolumeFiltered,filterSize,percentFilterAnalyzed,analyte,analyteConcentration,plantAlgaeLabUnits,method,externalRemarks,externalLabDataQF
"cc910166-0013-4f43-8617-937e27b1bdff","D03","BARC","BARC.AOS.buoy.c0","2018-02-06","BARC.C0.20180206.POM.1",,"condition ok","SIRFER Lab at University of Utah","2018-07-31","ElFtGy1kV49xqNP00HfxQA==","POM","1",400,25,100,"d15N",1.97,"perMill","Revesz & Coplen 2012a",,
"ca7c3428-37dc-44c8-a439-52510ed5dc15","D03","BARC","BARC.AOS.buoy.c0","2018-02-06","BARC.C0.20180206.POM.1",,"condition ok","SIRFER Lab at University of Utah","2018-07-31","ElFtGy1kV49xqNP00HfxQA==","POM","1",400,25,100,"carbon",220.50,"microgramsPerLiter","Revesz & Coplen 2012a",,
"b2dfcfd4-124d-4292-a38d-6d189e394448","D03","BARC","BARC.AOS.buoy.c0","2018-02-06","BARC.C0.20180206.POM.1",,"condition ok","SIRFER Lab at University of Utah","2018-07-31","ElFtGy1kV49xqNP00HfxQA==","POM","1",400,25,100,"d13C",-31.84,"perMill","Revesz & Coplen 2012a",,
"0e3ed51b-eeb0-4a2a-b306-e6258bf33701","D03","BARC","BARC.AOS.buoy.c0","2018-02-06","BARC.C0.20180206.POM.1",,"condition ok","SIRFER Lab at University of Utah","2018-07-31","ElFtGy1kV49xqNP00HfxQA==","POM","1",400,25,100,"nitrogen",27.35,"microgramsPerLiter","Revesz & Coplen 2012a",,
