uid,domainID,siteID,namedLocation,decimalLatitude,decimalLongitude,coordinateUncertainty,additionalCoordUncertainty,elevation,elevationUncertainty,geodeticDatum,altLocation,altLatitude,altLongitude,altCoordinateUncertainty,altGeodeticDatum,collectDate,aquaticSiteType,samplingImpractical,parentSampleID,parentSampleCode,eventID,samplerType,dissolvedOxygen,dissolvedOxygenSaturation,specificConductance,waterTemp,asiSamplingProtocolVersion,lowerSegmentDepth,upperSegmentDepth,maxDepth,lakeSampleDepth1,lakeSampleDepth2,aCollectedBy,bCollectedBy,remarks,fieldDataQF
"fff7a7a0-8ee8-44ad-b648-63a903b32696","D10","ARIK","ARIK.AOS.S2",39.758363,-102.448598,0.1,10.0,1176.4,0.1,"WGS84",,,,,,"2017-04-06T15:40Z","stream",,"ARIK.SS.20170406",,"ARIK.20170406","Grab",8.41,83.30,476.00,9.00,"NEON.DOC.001886vE",,,,,,"hschartel@neoninc.org","bnance@neoninc.org",,
"53c3ddf6-595b-4133-a47c-53b253e2c900","D10","ARIK","ARIK.AOS.S2",39.758363,-102.448598,0.1,10.0,1176.4,0.1,"WGS84",,,,,,"2017-04-12T14:50Z","stream",,"ARIK.SS.20170412",,"ARIK.20170412","Grab",6.37,67.00,469.00,11.30,"NEON.DOC.001886vE",,,,,,"hschartel@neoninc.org","rshowalter@neoninc.org","1L filtered sample processed at 20:30",
"7716efb9-028e-44b0-809b-f72f1a86ceb9","D10","ARIK","ARIK.AOS.S2",39.758363,-102.448598,0.1,10.0,1176.4,0.1,"WGS84",,,,,,"2017-04-18T15:20Z","stream",,"ARIK.SS.20170418",,"ARIK.20170418","Grab",6.68,73.50,441.40,13.50,"NEON.DOC.001886vE",,,,,,"hschartel@neoninc.org","rshowalter@neoninc.org",,
"e0a2344b-da65-457b-9719-61931ea0e2e2","D10","ARIK","ARIK.AOS.S2",39.758363,-102.448598,0.1,,1176.4,0.1,"WGS84",,,,,,"2017-04-26T17:37Z","stream",,"ARIK.SS.20170426",,"ARIK.20170426","Grab",7.59,82.00,449.90,12.10,"NEON.DOC.001886vE",,,,,,"rshowalter@battelleecology.org","nsturm@battelleecology.org",,
