uid,domainID,siteID,namedLocation,collectDate,sampleID,sampleCode,sampleCondition,laboratoryName,analysisDate,analyzedBy,sampleType,replicate,sampleVolumeFiltered,filterSize,percentFilterAnalyzed,analyte,analyteConcentration,plantAlgaeLabUnits,method,externalRemarks,externalLabDataQF
"ba9ce532-0ae2-4520-ba85-e58ac245dcca","D10","ARIK","ARIK.AOS.S2","2017-04-06","ARIK.SS.20170406.POM.1",,"condition ok","SIRFER Lab at University of Utah","2018-04-04","ElFtGy1kV49xqNP00HfxQA==","POM","1",350,25,100,"nitrogen",68.97,"microgramsPerLiter","Revesz & Coplen 2012a",,
"2aff9bcc-57e0-48ec-b37d-2f6a5049a63f","D10","ARIK","ARIK.AOS.S2","2017-04-06","ARIK.SS.20170406.POM.1",,"condition ok","SIRFER Lab at University of Utah","2018-04-04","ElFtGy1kV49xqNP00HfxQA==","POM","1",350,25,100,"carbon",619.43,"microgramsPerLiter","Revesz & Coplen 2012a",,
"e41ceb50-2750-482e-8a7e-3784716f6fb3","D10","ARIK","ARIK.AOS.S2","2017-04-06","ARIK.SS.20170406.POM.1",,"condition ok","SIRFER Lab at University of Utah","2018-04-04","ElFtGy1kV49xqNP00HfxQA==","POM","1",350,25,100,"d13C",-28.56,"perMill","Revesz & Coplen 2012a",,
"971a7807-f7b9-4b7e-a9dc-2a71f37292c5","D10","ARIK","ARIK.AOS.S2","2017-04-06","ARIK.SS.20170406.POM.1",,"condition ok","SIRFER Lab at University of Utah","2018-04-04","ElFtGy1kV49xqNP00HfxQA==","POM","1",350,25,100,"d15N",4.15,"perMill","Revesz & Coplen 2012a",,
"680f0b57-18b4-4858-8338-6f780d412699","D10","ARIK","ARIK.AOS.S2","2017-04-12","ARIK.SS.20170412.POM.2",,"condition ok","SIRFER Lab at University of Utah","2018-04-04","ElFtGy1kV49xqNP00HfxQA==","POM","1",300,25,100,"nitrogen",80.23,"microgramsPerLiter","Revesz & Coplen 2012a",,
"c4fcb1a6-431e-4e6e-bd0d-c335ba01cfe1","D10","ARIK","ARIK.AOS.S2","2017-04-12","ARIK.SS.20170412.POM.2",,"condition ok","SIRFER Lab at University of Utah","2018-04-04","ElFtGy1kV49xqNP00HfxQA==","POM","1",300,25,100,"d15N",4.48,"perMill","Revesz & Coplen 2012a",,
"3e107162-1642-4a60-8581-134abb97ddb1","D10","ARIK","ARIK.AOS.S2","2017-04-12","ARIK.SS.20170412.POM.2",,"condition ok","SIRFER Lab at University of Utah","2018-04-04","ElFtGy1kV49xqNP00HfxQA==","POM","1",300,25,100,"carbon",659.71,"microgramsPerLiter","Revesz & Coplen 2012a",,
"21422c0c-16e2-438b-a51b-3d522db2ab73","D10","ARIK","ARIK.AOS.S2","2017-04-12","ARIK.SS.20170412.POM.2",,"condition ok","SIRFER Lab at University of Utah","2018-04-04","ElFtGy1kV49xqNP00HfxQA==","POM","1",300,25,100,"d13C",-28.69,"perMill","Revesz & Coplen 2012a",,
"2a220eb6-6481-4dca-a0f5-0ba1e1cab9ac","D10","ARIK","ARIK.AOS.S2","2017-04-18","ARIK.SS.20170418.POM.2",,"condition ok","SIRFER Lab at University of Utah","2018-04-04","ElFtGy1kV49xqNP00HfxQA==","POM","1",300,25,100,"carbon",829.34,"microgramsPerLiter","Revesz & Coplen 2012a",,
"f597d4c3-de42-4111-984b-3c089508a977","D10","ARIK","ARIK.AOS.S2","2017-04-18","ARIK.SS.20170418.POM.2",,"condition ok","SIRFER Lab at University of Utah","2018-04-04","ElFtGy1kV49xqNP00HfxQA==","POM","1",300,25,100,"d13C",-28.75,"perMill","Revesz & Coplen 2012a",,
"ca01b59b-0048-4cc4-b17a-5094d1727904","D10","ARIK","ARIK.AOS.S2","2017-04-18","ARIK.SS.20170418.POM.2",,"condition ok","SIRFER Lab at University of Utah","2018-04-04","ElFtGy1kV49xqNP00HfxQA==","POM","1",300,25,100,"nitrogen",97.48,"microgramsPerLiter","Revesz & Coplen 2012a",,
"53cecda6-fadb-4400-9b12-7b22373d35ba","D10","ARIK","ARIK.AOS.S2","2017-04-18","ARIK.SS.20170418.POM.2",,"condition ok","SIRFER Lab at University of Utah","2018-04-04","ElFtGy1kV49xqNP00HfxQA==","POM","1",300,25,100,"d15N",4.43,"perMill","Revesz & Coplen 2012a",,
"3408b807-202e-4fbf-8ebc-390a200fcba8","D10","ARIK","ARIK.AOS.S2","2017-04-26","ARIK.SS.20170426.POM.2",,"condition ok","SIRFER Lab at University of Utah","2018-04-04","ElFtGy1kV49xqNP00HfxQA==","POM","1",250,25,100,"d15N",-1.50,"perMill","Revesz & Coplen 2012a",,
"07a99c96-1ca8-423a-b5ea-57bed0570f9d","D10","ARIK","ARIK.AOS.S2","2017-04-26","ARIK.SS.20170426.POM.2",,"condition ok","SIRFER Lab at University of Utah","2018-04-04","ElFtGy1kV49xqNP00HfxQA==","POM","1",250,25,100,"nitrogen",61.42,"microgramsPerLiter","Revesz & Coplen 2012a",,
"d4840240-3210-42eb-ac5a-c7d767f55edb","D10","ARIK","ARIK.AOS.S2","2017-04-26","ARIK.SS.20170426.POM.2",,"condition ok","SIRFER Lab at University of Utah","2018-04-04","ElFtGy1kV49xqNP00HfxQA==","POM","1",250,25,100,"d13C",-29.21,"perMill","Revesz & Coplen 2012a",,
"d4f92e5c-d1e5-4229-8f38-d492025b1e52","D10","ARIK","ARIK.AOS.S2","2017-04-26","ARIK.SS.20170426.POM.2",,"condition ok","SIRFER Lab at University of Utah","2018-04-04","ElFtGy1kV49xqNP00HfxQA==","POM","1",250,25,100,"carbon",541.88,"microgramsPerLiter","Revesz & Coplen 2012a",,
