uid,domainID,siteID,namedLocation,collectDate,parentSampleID,parentSampleCode,isotopeH2OSampleCond,isotopeH2OSampleID,isotopeH2OSampleCode,isotopePOMRep2SampleCond,isotopePOMRep2SampleID,isotopePOMRep2SampleCode,isotopePOMSampleCond,isotopePOMSampleID,isotopePOMSampleCode,processedDateFilters,processedDateH2OIsotopes,sampleVolumeFilteredPOMRep1,sampleVolumeFilteredPOMRep2,fieldDataQF
"f7bf4fb6-e0d5-4b65-88da-0a9837b9d037","D10","ARIK","ARIK.AOS.S2","2017-04-06T15:40Z","ARIK.SS.20170406",,,"ARIK.SS.20170406.H2O.1",,,,,,"ARIK.SS.20170406.POM.1",,"2017-04-06T16:16Z","2017-04-06T15:27Z",350,,
"c43c59a6-1f5f-4be2-9df0-e3f0470abdcb","D10","ARIK","ARIK.AOS.S2","2017-04-12T14:50Z","ARIK.SS.20170412",,,"ARIK.SS.20170412.H2O.1",,,"ARIK.SS.20170412.POM.2",,,"ARIK.SS.20170412.POM.1",,"2017-04-12T15:30Z","2017-04-12T14:42Z",300,300,
"12434a6e-ffba-4957-b516-7e0d3b3bf16b","D10","ARIK","ARIK.AOS.S2","2017-04-18T15:20Z","ARIK.SS.20170418",,,"ARIK.SS.20170418.H2O.1",,,"ARIK.SS.20170418.POM.2",,,"ARIK.SS.20170418.POM.1",,"2017-04-18T16:24Z","2017-04-18T15:15Z",300,300,
"a13bb8f2-f6c1-4bbe-9396-d15525706dea","D10","ARIK","ARIK.AOS.S2","2017-04-26T17:37Z","ARIK.SS.20170426",,"Sample condition ok","ARIK.SS.20170426.H2O.1",,"Sample condition ok","ARIK.SS.20170426.POM.2",,"Sample condition ok","ARIK.SS.20170426.POM.1",,"2017-04-26T18:45Z","2017-04-26T18:45Z",250,250,
