"siteID","sampleID","collectDate","Br","Ca","Cl","DIC","DOC","F","Fe","K","Mg","Mn","Na","NH4 - N","NO3+NO2 - N","pH","Si","SO4","TDP","TDS"
"HOPB","HOPB.W4.20180319",2018-03-19 15:05:00,0.005,4.263,9.62,2.922,1.158,0.005,0.009,0.112,0.887,0.006,2.508,0.0018,0.0045,5.15,3.6,1.05,0.002,25.14
"HOPB","HOPB.W4.20180814",2018-08-14 14:01:00,0.005,2.4489,0.28,5.105,1.721,0.005,5e-04,5e-04,0.998,0.009,1.906,0.0192,0.0135,5.95,5.1898,5.586,0.0257,20.96
"HOPB","HOPB.W4.20190312",2019-03-12 17:04:00,0.005,2.806,1.5948,7.127,0.8952,0.005,5e-04,0.064,0.806,0.005,1.569,0.0923,0.0135,6.57,3.8995,4.308,5e-04,20.56
"LEWI","LEWI.W1.20170308",2017-03-08 14:56:00,0.005,102.119,14.4123,81.78,0.7523,0.2376,0.0024,1.921,24.5921,0.0089,5.9971,0.041,1.575,7.38,5.8513,21.9336,0.0025,490.5
"LEWI","LEWI.W8.20170308",2017-03-08 16:12:00,0.005,145.4885,13.4723,105.72,1.469,0.1497,1.7373,1.1432,15.8976,0.3335,3.0096,0.175,0.028,7.21,3.9958,15.7701,0.0025,579.3
"LEWI","LEWI.W6.20170308",2017-03-08 17:20:00,0.005,113.2775,14.9692,95.28,0.9726,0.2804,0.8097,0.8912,27.2204,1.3328,4.3638,0.004,0.008,7.31,5.8787,17.5751,0.005,564.3
"LEWI","LEWI.W3.20170308",2017-03-08 18:49:00,0.005,97.8087,8.4028,79.64,0.8035,0.1762,0.0206,1.2907,21.1906,1.981,2.5733,0.041,0.179,7.36,5.3403,15.0478,0.0025,441.1
"LEWI","LEWI.W1.20170823",2017-08-23 14:36:00,0.005,39.65,12.4022,81.01,0.4189,0.275,0.0047,3.4363,26.332,9e-04,7.6112,0.0488,1.5472,8.09,2.512,21.0727,5e-04,329.8
"LEWI","LEWI.W8.20170823",2017-08-23 15:17:00,0.005,38.33,8.1968,95.36,1.076,0.2441,0.0026,2.3259,21.976,5e-04,5.9169,0.3919,0.0317,7.86,1.9866,16.0037,5e-04,286.5
"LEWI","LEWI.W6.20170823",2017-08-23 17:05:00,0.005,43.704,8.2188,96.37,0.9184,0.3045,0.0051,1.5539,27.655,5e-04,4.0715,0.1334,0.0322,7.76,2.2497,15.9911,5e-04,331.2
"LEWI","LEWI.W3.20170823",2017-08-23 17:48:00,0.005,41.173,7.7561,81.78,0.3954,0.2223,0.0051,2.1628,23.468,5e-04,3.3951,0.1997,0.1881,7.76,2.1822,15.3322,0.0078,306.7
"LEWI","LEWI.W1.20180308",2018-03-08 16:15:00,0.005,101.871,13.53,89.15,0.8393,0.005,5e-04,2.717,24.435,5e-04,6.55,0.01,1.2514,7.27,5.85,21.43,0.033,535.1
"LEWI","LEWI.W2.20180308",2018-03-08 19:02:00,0.005,97.415,13.18,95.63,0.6813,0.005,5e-04,1.368,18.477,5e-04,4.786,0.01,0.2748,7.01,5.44,13.09,0.029,525.8
"LEWI","LEWI.W2.20190305",2019-03-05 14:08:00,0.005,100.003,4.4201,86.91,1.171,0.6799,5e-04,0.25,7.721,5e-04,1.864,0.1251,0.3562,7.52,4.3328,5.676,5e-04,410.29
"LEWI","LEWI.W6.20190305",2019-03-05 15:45:00,0.005,91.9444,4.3648,91.22,0.9188,1.2706,0.0145,0.898,25.61,0.197,2.386,0.1061,0.0576,7.2,5.6549,14.493,5e-04,481.29
"LEWI","LEWI.W8.20190305",2019-03-05 16:56:00,0.005,87.6903,7.6604,89.4,1.007,1.0045,2.8763,1.343,22.7,0.018,2.831,0.3061,0.0135,7.42,5.0459,15.963,0.0181,450.27
"LEWI","LEWI.W1.20190305",2019-03-05 18:41:00,0.005,105.796,4.4433,95.45,1.436,1.1125,5e-04,1.945,26.26,5e-04,3.355,0.0685,0.8467,7.44,6.0599,17.889,5e-04,538.17
"LEWI","LEWI.W1.20190910",2019-09-10 13:19:00,0.005,101.35,9.44,90.8,1.196,0.005,5e-04,2.506,25.28,5e-04,4.788,0.011,1.8609,7.32,9.927,0.005,0.0041,535.67
"LEWI","LEWI.W8.20190910",2019-09-10 14:49:00,0.005,107.689,5.7056,95.73,1.331,0.005,1.5102,1.596,24.7,0.114,3.089,0.3197,0.0187,7.42,8.0445,0.005,0.0316,562.12
"LEWI","LEWI.W6.20190910",2019-09-10 16:30:00,0.005,108.146,6.3862,96.78,1.16,0.005,0.1021,1.129,29.17,1.038,2.967,0.0717,0.03,7.47,9.5823,0.005,0.0062,570.25
"LEWI","LEWI.W2.20190910",2019-09-10 17:52:00,0.04,104.209,6.0917,97.42,1.328,0.005,5e-04,1.196,18.15,0.034,3.111,0.0541,0.8098,7.52,9.3657,0.005,0.009,480.25
"POSE","POSE.W1.20170313",2017-03-13 13:46:00,0.005,10.3652,2.6388,16.34,0.6869,0.005,0.2362,0.0819,4.4982,1.6207,4.4743,0.087,0.009,7.14,10.3632,3.4668,0.004,74.63
"POSE","POSE.W6.20170313",2017-03-13 16:12:00,0.005,10.4463,2.7257,15.43,1.156,0.005,6.6959,0.1866,4.4608,0.0417,7.6879,0.01,0.154,6.88,12.8226,6.1962,0.002,84.56
"POSE","POSE.W8.20170313",2017-03-13 17:30:00,0.005,13.0039,2.3625,15.83,0.8372,0.005,0.492,0.1478,4.5743,0.0503,6.2863,0.01,1.01,7.12,13.231,1.5451,0.032,90.23
"POSE","POSE.W3.20170320",2017-03-20 13:40:00,0.005,6.5242,2.0479,7.897,1.502,0.005,0.4838,0.1474,3.1824,0.0211,3.8216,0.05,0.032,6.92,9.858,8.1503,0.0175,53.29
"POSE","POSE.W1.20170918",2017-09-18 12:14:00,0.005,13.188,2.5922,17.37,0.6171,0.005,0.3891,0.2376,5.2551,1.7476,4.3142,0.1663,0.0357,6.74,10.404,1.9409,0.0085,92.6
"POSE","POSE.W3.20170918",2017-09-18 13:39:00,0.005,9.7939,1.6636,12.33,0.764,0.005,0.0828,0.4134,4.3298,0.2105,4.0862,0.135,0.1305,6.65,9.7889,7.245,0.0178,75.4
"POSE","POSE.W6.20170918",2017-09-18 15:29:00,0.005,12.308,2.5125,15.73,1.116,0.005,0.005,0.2518,4.779,0.0228,5.7192,0.1127,0.1366,6.67,10.493,4.9728,0.0085,91.7
"POSE","POSE.W1.20180305",2018-03-05 14:23:00,0.005,12.968,12.64,14.24,0.839,0.005,0.071,0.236,5.411,0.856,6.448,0.0055,0.0206,6.28,8.55,2.01,5e-04,88.7
"POSE","POSE.W6.20180305",2018-03-05 16:40:00,0.005,8.665,9.41,12.4,1.159,0.005,0.846,0.195,3.639,0.008,7.565,0.01,0.2572,6.36,11.28,9.18,5e-04,94.7
"POSE","POSE.W8.20180305",2018-03-05 18:25:00,0.005,15.426,9.03,15.5,0.4245,0.005,5e-04,0.178,4.995,0.028,6.509,0.01,0.8869,6.72,13.14,1.52,5e-04,101.2
"POSE","POSE.W1.20180917",2018-09-17 13:49:00,0.005,12.0216,3.22,16.4,0.9341,0.005,0.0815,0.163,6.116,1.629,4.822,0.0656,0.0459,6.74,13.1568,1.89,5e-04,92.79
"POSE","POSE.W3.20180917",2018-09-17 14:28:00,0.005,6.0673,2.3,8.671,1.211,0.005,5e-04,0.097,3.499,0.136,3.022,0.0285,0.1145,6.35,11.1382,6.153,0.0168,49.61
"POSE","POSE.W6.20180917",2018-09-17 15:20:00,0.005,14.5891,2.6,17.57,1.233,0.005,5e-04,0.243,6.095,0.024,5.678,0.2693,0.1355,6.45,14.9809,0.876,0.0447,102.11
"POSE","POSE.W1.20190227",2019-02-27 13:56:00,0.005,11.9576,1.25,18.92,0.852,1.63,1.7794,0.176,5.236,1.735,3.802,0.1622,0.0135,6.89,11.9699,2.028,0.0184,83.27
"POSE","POSE.W3.20190227",2019-02-27 14:38:00,0.005,6.7302,0.38,8.636,0.8932,0.87,2.0075,0.173,3.891,0.063,2.689,0.0896,0.3343,6.85,13.8006,5.805,0.0498,56.33
"POSE","POSE.W6.20190227",2019-02-27 15:21:00,0.005,10.1717,1.04,13.88,0.9211,0.62,5e-04,0.093,4.399,0.031,3.525,0.0967,0.0134,6.58,11.0141,4.485,0.037,73.69
"POSE","POSE.W8.20190227",2019-02-27 16:10:00,0.005,12.9242,2.61,15.71,1.013,1.22,5e-04,0.223,7.29,0.004,6.475,0.1161,1.1097,7.21,4.9682,2.493,0.077,108.43
"POSE","POSE.W8.20190923",2019-09-23 13:40:00,0.005,10.5,2.5281,18.36,0.8161,0.005,0.7374,0.113,4.529,0.004,4.819,0.0408,1.0922,7.04,13.67,5.508,0.3076,79.92
"POSE","POSE.W6.20190923",2019-09-23 15:37:00,0.12,16.16,2.18,16.04,1.268,0.005,5e-04,0.1,4.896,5e-04,5.018,0.0232,0.1368,7.15,12.54,1.329,0.0555,102.47
"POSE","POSE.W1.20190923",2019-09-23 18:07:00,0.005,10.84,4.0338,21.63,1.048,0.005,0.0023,0.101,4.721,1.512,4.347,0.0696,0.0069,6.73,11.02,2.352,0.0217,78.98
"FLNT","FLNT.W1.20170815",2017-08-15 14:52:00,0.005,93.471,3.0306,62.11,0.2459,0.005,0.0031,0.1972,0.6837,2.846,1.5897,0.0529,0.5076,7.8,4.3708,32.9854,5e-04,338.9
"FLNT","FLNT.W7.20170815",2017-08-15 16:06:00,0.005,69.327,3.0798,47.2,0.0792,0.005,0.018,0.2191,0.6482,0.0028,1.5734,0.0411,1.4615,7.88,3.8798,1.7416,9e-04,245.3
"FLNT","FLNT.W2.20170817",2017-08-17 13:28:00,0.005,7.1975,2.1415,8.197,0.5683,0.005,0.0018,0.5952,1.0815,0.1663,1.5923,0.0533,0.0531,7.15,8.9054,0.7486,0.0193,37.4
"FLNT","FLNT.W6.20170817",2017-08-17 14:36:00,0.005,2.5319,3.4101,8.733,0.2718,0.005,5e-04,0.1491,0.1552,0.0621,2.5151,0.052,0.5113,7.16,9.0544,0.4753,5e-04,16.91
"FLNT","FLNT.W3.20180228",2018-02-28 16:10:00,0.005,95.498,0.9,36.04,0.4788,0.005,5e-04,0.291,0.846,5e-04,2.852,0.01,0.5076,6.6,4.17,47.4,0.002,211.3
"FLNT","FLNT.W1.20180228",2018-02-28 17:53:00,0.005,47.658,11.06,60.67,0.482,0.005,5e-04,0.26,0.538,5e-04,3.024,0.0092,0.0859,6.86,4.93,6.27,0.003,414.3
"FLNT","FLNT.W7.20180301",2018-03-01 14:54:00,0.005,64.608,3.42,43.31,0.5686,0.55,5e-04,0.613,1.473,5e-04,3.837,0.01,0.0124,7.14,7.3,25.72,0.004,291.1
"FLNT","FLNT.W6.20180301",2018-03-01 16:13:00,0.005,69.339,7.64,52.89,0.4295,0.005,5e-04,0.337,0.708,5e-04,2.395,0.01,1.3454,7.12,4.13,1.28,0.005,317.9
"FLNT","FLNT.W1.20180724",2018-07-24 13:23:00,0.005,46.259,10.2077,35.87,0.4575,0.005,5e-04,0.165,0.823,5e-04,1.508,0.042,1.5402,7.61,4.28,3.345,5e-04,174.8
"FLNT","FLNT.W3.20180724",2018-07-24 17:36:00,0.005,55.69,11.1886,36.02,0.6268,0.005,5e-04,0.202,0.821,5e-04,2.955,0.0385,0.2076,6.75,6.47,11.229,5e-04,211.5
"FLNT","FLNT.W7.20180725",2018-07-25 13:06:00,0.005,54.705,15.7758,35.51,1.578,0.005,5e-04,0.74,1.421,5e-04,3.973,0.0556,0.1491,7.55,6.25,15.222,5e-04,213.7
"FLNT","FLNT.W6.20180725",2018-07-25 15:04:00,0.005,60.388,14.2923,42.84,0.7434,0.005,5e-04,0.275,0.823,5e-04,2.123,0.0356,1.2938,7.69,4.79,2.085,5e-04,223.1
"FLNT","FLNT.W7.20190226",2019-02-26 17:45:00,0.005,80.9689,7.41,49.92,0.7096,0.56,0.015,0.464,0.852,0.186,2.485,0.0801,0.45,7.57,5.3823,6.378,0.036,298.63
"FLNT","FLNT.W6.20190227",2019-02-27 13:56:00,0.005,62.018,2.81,36.95,0.5315,0.28,5e-04,0.264,0.566,5e-04,1.555,0.0681,1.7344,7.77,3.7955,0.885,0.053,226.19
"FLNT","FLNT.W1.20190227",2019-02-27 15:45:00,0.005,55.216,2.99,33.08,0.5374,0.43,5e-04,0.224,0.632,0.032,1.43,0.0813,1.4919,7.9,4.0541,1.566,0.034,201.28
"FLNT","FLNT.W3.20190227",2019-02-27 17:05:00,0.005,56.4935,2.87,33.87,0.8176,0.95,5e-04,0.253,0.638,5e-04,1.446,0.0775,1.5331,7.93,4.1627,1.137,0.026,209.63
"FLNT","FLNT.W1.20190807",2019-08-07 13:23:00,0.005,101.886,1.29,72.2,0.671,0.005,1.116,0.293,1.129,0.027,1.028,0.002,0.1223,7.36,8.72,29.76,0.022,333.6
"FLNT","FLNT.W3.20190807",2019-08-07 16:06:00,0.005,61.371,6.7,43.82,0.6826,0.005,0.101,0.222,0.715,0.003,0.881,0.002,0.6632,7.33,6.88,4.81,0.009,214.7
"FLNT","FLNT.W6.20190808",2019-08-08 11:55:00,0.005,60.525,6.06,40.5,0.5459,2.14,0.036,0.203,0.553,0.005,0.649,0.0943,1.6818,7.62,5.39,0.99,0.009,214.6
"FLNT","FLNT.W7.20190808",2019-08-08 13:39:00,0.005,56.909,6.54,36.93,1.182,2.08,0.018,0.479,0.829,0.354,2.357,0.0376,0.0083,7.56,9.89,13.23,0.009,205.5
"GUIL","GUIL.W5.20170531",2017-05-31 12:46:00,0.005,37.315,3.22,38.4,0.6703,0.18,5e-04,0.562,9.235,0.093,8.123,0.085,0.847,6.51,16.8,17.45,0.085,212.9
"GUIL","GUIL.W6.20170531",2017-05-31 14:40:00,0.005,51.697,20.12,43.31,0.454,0.15,5e-04,1.923,18.225,0.125,20.388,0.075,4.919,6.91,19.22,29.91,0.153,358.8
"GUIL","GUIL.W1.20170601",2017-06-01 13:43:00,0.005,41.83,6.8,37.84,0.6519,0.005,5e-04,1.369,12.355,5e-04,11.567,0.083,1.099,6.81,15.13,14.43,0.052,265.4
"GUIL","GUIL.W3.20170601",2017-06-01 15:10:00,0.005,71.085,8.09,56.17,0.5967,0.005,5e-04,2.586,16.977,0.043,16.903,0.069,2.195,7.61,19.46,15.55,0.065,391.1
"GUIL","GUIL.W5.20180531",2018-05-31 13:03:00,0.005,49.056,25.2409,42.76,0.9221,2.2405,5e-04,1.425,20.59,0.004,15.88,0.0069,5.2688,6.9,20.7374,27.297,0.1321,301.25
"GUIL","GUIL.W5.20181009",2018-10-09 13:35:00,0.005,47.253,15.37,42.34,0.6407,2.67,5e-04,1.554,20.21,5e-04,18.27,0.0673,5.1551,6.96,20.2189,26.985,0.0347,301.63
"GUIL","GUIL.W6.20181009",2018-10-09 14:56:00,0.005,38.2295,13.49,35.56,0.6404,1.27,5e-04,2.312,16.08,5e-04,13.96,0.0497,5.2738,6.8,23.337,8.628,0.0506,232.62
"GUIL","GUIL.W6.20190520",2019-05-20 13:20:00,0.005,31.8143,1.4085,49.28,1.145,0.005,5e-04,1.786,11.53,0.003,11.01,0.0375,4.935,6.78,20.3176,60.9528,0.1095,217.66
"GUIL","GUIL.W5.20190520",2019-05-20 15:30:00,0.005,38.5815,8.5488,55.27,1.54,0.005,0.1044,1.277,14.17,0.072,13.8,0.0411,4.836,6.98,17.2886,51.8658,0.0901,263.52
"GUIL","GUIL.W3.20190521",2019-05-21 13:21:00,0.005,59.318,3.8369,68.49,0.8635,2.2942,0.0254,1.777,14.61,0.001,12.05,0.0617,0.2511,7.37,17.8485,53.5455,0.0595,335.61
"GUIL","GUIL.W1.20190521",2019-05-21 14:57:00,0.005,36.41,3.2378,63.73,0.6037,0.005,0.1559,0.998,11.23,0.027,8.812,0.0503,0.01,6.66,14.7014,44.1042,0.0737,223.15
"GUIL","GUIL.W6.20191008",2019-10-08 11:41:00,0.005,34.81,13.09,44.09,1.3,0.005,5e-04,2.46,11.72,5e-04,11.76,0.0423,4.116,6.75,26.22,9.915,0.012,231.56
"GUIL","GUIL.W5.20191008",2019-10-08 13:26:00,0.005,44.77,16.63,44.1,1.005,0.005,5e-04,1.507,15.45,0.054,16.04,0.0466,5.393,6.98,24.17,25.713,0.012,311.24
"GUIL","GUIL.W1.20191009",2019-10-09 12:12:00,0.005,31.51,4.93,39,0.8998,0.005,5e-04,1.21,10.43,5e-04,9.228,0.0607,1.2898,6.55,20.19,13.5507,0.007,203.17
"GUIL","GUIL.W3.20191009",2019-10-09 13:51:00,0.005,54.73,6.67,69.45,1.054,0.005,5e-04,2.196,15.93,5e-04,13.92,0.0412,2.562,6.79,25.67,14.0439,0.02,342.56
"KING","KING.W1.20170419",2017-04-19 13:30:00,0.005,42.028,2.52,77.1,1.195,0.41,5e-04,1.257,20.843,5e-04,6.239,0.01,0.178,7.61,6.54,78.1,0.062,286.4
"KING","KING.W6.20170419",2017-04-19 14:15:00,0.005,46.245,2.96,91.45,0.9316,0.33,5e-04,1.158,25.491,5e-04,8.208,0.015,0.35,7.35,1.4,53.65,0.071,331.1
"KING","KING.W8.20170420",2017-04-20 11:45:00,0.005,109.77,2.0392,91.61,1.107,0.3592,5e-04,1.1305,23.373,0.002,6.546,0.032,0.101,7.23,6.6413,39.7905,0.026,535.26
"KING","KING.W3.20170420",2017-04-20 12:50:00,0.005,122.63,2.6468,98.72,1.066,0.3257,5e-04,1.4075,26.83,0.0031,7.8018,0.049,0.084,7.2,7.5776,44.9032,0.047,600.89
"KING","KING.W1.20170626",2017-06-26 14:15:00,0.005,106.31,1.7859,81.72,0.8684,0.3877,5e-04,1.5087,20.996,5e-04,5.9453,0.068,0.102,7.77,8.1613,35.0047,0.022,510.9
"KING","KING.W6.20170626",2017-06-26 15:33:00,0.005,125.73,2.7248,95.53,0.7981,0.3811,5e-04,1.2589,25.712,5e-04,8.4824,0.083,0.207,7.5,9.0001,62.3488,0.0604,600.9
"KING","KING.W8.20170626",2017-06-26 16:28:00,0.005,77.717,1.6623,95.91,0.8093,0.3578,5e-04,1.1112,24.522,5e-04,6.3004,0.096,0.073,7.61,7.1734,29.1651,0.0273,436.1
"KING","KING.W3.20170626",2017-06-26 17:25:00,0.005,115.55,1.714,93.68,0.7646,0.3822,5e-04,1.3267,24.038,5e-04,6.7901,0.107,0.094,7.5,7.5508,34.3462,0.0166,557.3
"KING","KING.W4.20180424",2018-04-24 14:32:00,0.005,52.7668,3.1873,91.8,1.11,0.005,5e-04,1.2522,21.225,5e-04,0.117,0.0046,0.1652,6.99,7.3023,41.0049,0.0241,526.4
"KING","KING.W1.20180424",2018-04-24 15:50:00,0.005,63.9759,5e-04,92.74,0.887,0.005,5e-04,1.2825,21.6101,5e-04,0.332,0.0143,0.157,6.99,7.2331,41.892,5e-04,531.9
"KING","KING.W2.20180424",2018-04-24 16:59:00,0.005,58.6699,5e-04,93.63,0.8401,0.005,5e-04,1.1805,21.0511,5e-04,0.205,0.0455,0.1433,6.9,6.8895,43.5936,0.0528,533.7
"KING","KING.W8.20180424",2018-04-24 18:04:00,0.005,49.4283,3.6005,89.97,0.9813,0.005,5e-04,0.9563,21.6572,5e-04,0.098,0.0321,0.0784,6.86,6.4701,42.0129,0.0177,533.2
"KING","KING.W4.20180702",2018-07-02 14:03:00,0.005,30.536,4.1145,67.12,1.386,0.005,5e-04,1.02,27.03,5e-04,5.846,0.0353,0.1706,7.59,9.77,48.84,5e-04,408.7
"KING","KING.W1.20180702",2018-07-02 15:11:00,0.005,53.433,2.3534,47.21,0.8276,0.005,5e-04,1.078,27.58,5e-04,5.631,0.0323,0.2604,7.6,9.35,49.92,0.011,469.8
"KING","KING.W2.20180702",2018-07-02 17:15:00,0.005,56.225,2.5877,84.07,0.64,0.005,5e-04,0.981,27.321,5e-04,5.51,0.0187,0.1657,8.03,8.87,51.99,0.026,466.4
"KING","KING.W8.20180702",2018-07-02 19:15:00,0.005,22.505,4.9538,78.05,0.8865,0.005,5e-04,0.812,27.22,5e-04,5.831,0.1845,0.1042,7.34,9.05,49.44,0.013,266.3
"KING","KING.W4.20190501",2019-05-01 14:21:00,0.005,43.8688,3.9742,69.75,1.048,1.429,5e-04,1.14,27.36,5e-04,6.964,0.0172,0.0852,7.35,8.9974,63.51,0.0336,336.74
"KING","KING.W1.20190501",2019-05-01 15:39:00,0.005,42.6834,1.7957,78.39,1.142,1.0011,5e-04,1.108,20.87,5e-04,5.427,0.0164,0.0134,7.73,7.2482,35.82,0.0321,291.41
"KING","KING.W2.20190501",2019-05-01 16:57:00,0.005,40.5234,3.5229,99.99,0.9691,1.1711,5e-04,1.136,24.76,5e-04,5.946,0.014,0.0135,7.27,8.1637,34.68,0.0306,306.47
"KING","KING.W8.20190501",2019-05-01 17:58:00,0.005,34.3194,3.6904,96.87,0.8747,1.1591,5e-04,0.925,25.66,5e-04,6.225,0.0327,0.0015,7.36,7.2009,31.17,0.0269,290.63
"KING","KING.W4.20190619",2019-06-19 14:10:00,0.005,140.481,3.8121,106.4,1.053,1.7793,0.0011,1.386,27.11,5e-04,6.867,0.0514,0.8373,7.01,9.3302,75.06,0.0533,673.65
"KING","KING.W1.20190619",2019-06-19 15:11:00,0.005,99.1768,2.541,83.22,1.188,1.2094,5e-04,1.246,18.54,5e-04,4.722,0.0406,0.1063,7.21,7.5535,27.987,0.0583,476.14
"KING","KING.W2.20190619",2019-06-19 16:42:00,0.005,116.352,2.7773,95.16,0.9048,1.4279,5e-04,1.114,22.68,5e-04,4.582,0.0386,0.0569,6.93,7.563,22.191,0.0461,555.17
"KING","KING.W8.20190619",2019-06-19 17:48:00,0.005,116.026,2.2141,91.54,0.8513,1.5677,0.0083,0.974,23.7,0.004,5.287,0.0278,0.0864,7.05,7.1367,27.237,0.039,564.92
"MCDI","MCDI.W3.20170418",2017-04-18 07:36:00,0.005,65.622,6.35,86.88,1.01,0.26,5e-04,2.262,18.758,0.004,15.196,0.082,5.094,7.42,2.68,64.37,0.034,385.5
"MCDI","MCDI.W6.20170418",2017-04-18 09:05:00,0.005,60.027,8.73,66.03,0.9403,0.31,5e-04,1.534,18.96,5e-04,12.729,0.038,9.823,7.37,1,82.85,0.048,363.2
"MCDI","MCDI.W1.20170418",2017-04-18 10:50:00,0.005,100.49,21.53,84.95,1.16,0.28,5e-04,2.696,21.669,0.003,14.68,0.037,7.608,7.51,1.95,118.25,0.041,521.3
"MCDI","MCDI.W3.20170627",2017-06-27 14:45:00,0.005,103.81,4.9363,79.65,1.361,0.2782,5e-04,2.3691,18.056,0.0339,9.0802,0.057,2.233,7.92,7.5403,20.8944,0.0352,504.1
"MCDI","MCDI.W6.20170627",2017-06-27 16:00:00,0.005,109.17,6.0677,79.05,0.9001,0.3503,5e-04,1.5024,16.537,5e-04,11.378,0.137,3.923,7.98,6.8314,29.1128,0.0431,521.3
"MCDI","MCDI.W1.20170627",2017-06-27 17:16:00,0.005,99.278,6.5739,70.78,1.422,0.2898,5e-04,2.8097,21.529,5e-04,13.056,0.084,7.655,8,6.9676,42.0177,0.032,520.4
"MCDI","MCDI.W5.20170627",2017-06-27 18:10:00,0.005,88.904,6.7911,63.8,1.011,0.3564,5e-04,1.8388,16.256,0.0031,13.274,0.055,5.357,7.7,7.0549,25.1117,0.0336,457.1
"MCDI","MCDI.W3.20180425",2018-04-25 15:28:00,0.005,53.13,5.1088,72.62,1.465,0.005,5e-04,2.0824,15.4386,5e-04,0.114,0.0276,0.1046,7.03,5.2531,39.1032,0.0393,471.7
"MCDI","MCDI.W6.20180425",2018-04-25 16:31:00,0.005,68.2763,6.6943,86.59,0.913,0.005,5e-04,1.2016,15.3832,5e-04,0.217,0.0203,0.8759,6.84,5.9281,29.8272,5e-04,502.1
"MCDI","MCDI.W5.20180425",2018-04-25 17:42:00,0.005,93.6204,11.8733,71.23,0.8387,0.005,5e-04,1.5716,15.6177,5e-04,0.056,0.015,0.6509,6.94,6.1557,32.0871,0.0297,441.8
"MCDI","MCDI.W4.20180425",2018-04-25 19:12:00,0.005,52.1761,14.1569,75.58,1.058,0.005,5e-04,3.9884,20.0648,5e-04,7.2456,0.0321,0.0793,6.91,6.7194,71.25,0.0049,532.6
"MCDI","MCDI.W3.20180628",2018-06-28 14:42:00,0.005,53.4827,9.1175,65.04,0.9534,0.005,5e-04,1.886,18.5,5e-04,11.84,0.0263,0.0617,7.51,6.6015,0.61,0.0196,334.705
"MCDI","MCDI.W6.20180628",2018-06-28 16:11:00,0.005,85.6656,5.8456,77.54,0.9297,0.005,5e-04,1.156,19.25,5e-04,9.689,0.0071,0.7278,7.45,7.4161,0.28,0.0445,444.878
"MCDI","MCDI.W5.20180628",2018-06-28 17:29:00,0.005,47.3988,8.8145,64.54,0.898,0.005,5e-04,1.33,18.96,5e-04,11.6,0.0149,0.4304,7.7,7.3503,0.17,5e-04,316.883
"MCDI","MCDI.W4.20180628",2018-06-28 18:25:00,0.005,102.404,41.9396,65.25,0.7754,0.2736,5e-04,3.826,28.45,0.051,42.76,0.0179,0.0135,7.52,7.1477,0.54,5e-04,661.955
"MCDI","MCDI.W2.20190502",2019-05-02 14:23:00,0.005,34.6957,4.6724,82.42,1.275,0.9756,0.0329,1.28,15.18,0.039,6.099,0.0277,0.4446,7.31,8.1188,19.026,0.0403,231.47
"MCDI","MCDI.W6.20190502",2019-05-02 15:39:00,0.005,61.4232,6.5615,78.46,1.172,1.1765,5e-04,1.282,17.39,5e-04,9.139,0.0202,3.243,7.41,7.4063,33.39,0.0321,346.68
"MCDI","MCDI.W5.20190502",2019-05-02 17:12:00,0.005,64.9232,4.5055,63.85,1.285,1.0044,5e-04,1.392,15.99,5e-04,9.549,0.0183,0.6261,7.6,6.9257,25.062,0.0425,351.13
"MCDI","MCDI.W4.20190502",2019-05-02 18:35:00,0.005,70.8038,8.8792,72.22,1.224,1.2762,5e-04,2.851,22.68,0.003,15.71,0.0223,4.24,7.55,7.3685,55.32,0.0231,431.03
"MCDI","MCDI.W5.20190620",2019-06-20 17:40:00,0.005,81.6036,6.3274,72.38,0.9714,1.3718,5e-04,1.343,14.33,5e-04,9.347,0.028,5.02,7.24,6.4643,21.831,0.0526,422.63
"MCDI","MCDI.W4.20190620",2019-06-20 19:15:00,0.005,95.4081,12.5119,79.98,1.281,2.031,5e-04,2.303,22.39,0.003,14.78,0.0624,14.804,7.03,6.8516,50.82,0.0155,514.29
"WALK","WALK.W1.20170221",2017-02-21 15:15:00,0.005,39.222,1.2849,40.82,0.574,0.4259,0.0393,0.8217,17.5255,0.0023,0.6783,0.015,0.091,7.72,3.9011,6.6618,0.0065,220.64
"WALK","WALK.W2.20170221",2017-02-21 16:15:00,0.005,26.702,1.0877,28.17,0.7215,0.005,0.0113,0.636,11.2495,0.1921,0.649,0.052,0.035,7.55,3.5656,2.9364,0.0175,148.69
"WALK","WALK.W3.20170706",2017-07-06 14:35:00,0.005,26.997,0.9333,31.21,0.5412,0.005,5e-04,0.6713,13.261,5e-04,0.5827,0.08,0.053,8.52,4.1735,2.3782,5e-04,172.57
"WALK","WALK.W1.20180221",2018-02-21 16:24:00,0.005,34.549,0.15,41.37,0.3878,0.56,5e-04,0.729,15.662,5e-04,0.866,0.1247,0.1124,7.74,3.4,5.95,0.002,243.4
"WALK","WALK.W2.20180221",2018-02-21 17:08:00,0.005,16.227,2.15,18.23,0.5641,0.005,5e-04,0.434,6.588,0.003,0.8,0.1144,0.0309,7.38,3.2,3.25,0.001,114.1
"WALK","WALK.W3.20180807",2018-08-07 13:00:00,0.005,27.5143,2.1298,35.81,1.045,0.005,5e-04,5e-04,17.89,5e-04,0.693,0.0342,0.0793,7.62,5.4473,2.067,5e-04,177.35
"WALK","WALK.W1.20180807",2018-08-07 14:15:00,0.005,38.4374,2.2769,43,0.7794,0.8049,5e-04,0.773,21.42,5e-04,0.834,0.01,0.1003,7.85,4.3732,6.921,5e-04,256.18
"WALK","WALK.W2.20180807",2018-08-07 15:20:00,0.005,24.4982,3.4078,37.98,0.7366,0.005,5e-04,5e-04,16.37,5e-04,1.061,0.0356,0.0444,7.54,5.4569,2.556,0.0015,181.11
"WALK","WALK.W3.20190219",2019-02-19 14:47:00,0.005,11.9211,4.176,12.27,0.6847,0.46,0.0219,0.364,5.642,5e-04,0.434,0.1109,0.0135,7.72,4.2277,5.049,0.0315,76.19
"WALK","WALK.W1.20190219",2019-02-19 16:04:00,0.005,36.6877,7.1197,40.81,0.6531,0.6954,5e-04,0.769,17.83,5e-04,0.674,0.1026,0.0212,7.93,4.203,6.078,0.0017,233.42
"WALK","WALK.W2.20190219",2019-02-19 17:06:00,0.005,14.4242,4.2154,14.33,0.7269,0.68,0.0028,0.368,6.073,0.008,0.488,0.0585,0.0135,7.61,3.6767,3.216,0.0224,89.56
"WALK","WALK.W3.20190619",2019-06-19 13:18:00,0.005,29.1642,1.3671,37.91,1.245,1.3722,5e-04,0.66,14.35,5e-04,0.557,0.0237,0.0769,7.34,4.4913,4.164,0.0333,190.39
"WALK","WALK.W1.20190619",2019-06-19 14:57:00,0.005,38.2369,6.0158,44.68,0.7131,0.5847,0.01,0.749,17.03,5e-04,0.651,0.0312,0.0997,7.44,3.9924,8.376,0.0155,238.69
"WALK","WALK.W2.20190619",2019-06-19 16:23:00,0.005,36.0341,2.4551,40.2,0.6276,1.0626,5e-04,0.624,12.77,5e-04,0.63,0.0299,0.0613,7.35,4.2276,4.707,0.0212,203.26
"BLWA","BLWA.W1.20190214",2019-02-14 17:39:00,0.005,5.1715,8.0529,12.14,0.6613,0.025,1.5551,0.528,1.158,0.148,5.452,0.0825,0.0135,5.88,11.5628,1.728,0.0418,43.08
"BLWA","BLWA.W2.20190214",2019-02-14 18:35:00,0.005,27.8763,285.9195,32.7,1.352,2.323,4.1507,0.645,7.385,0.19,234.5,0.1431,0.0135,6.67,19.202,50.46,0.6986,858.15
"BLWA","BLWA.W3.20190214",2019-02-14 19:39:00,0.005,1.985,9.36,7.105,0.6401,0.5,0.3612,0.327,0.563,5e-04,8.692,0.0735,0.0135,5.57,9.7422,4.23,0.139,39.11
"BLWA","BLWA.W1.20190617",2019-06-17 16:07:00,0.005,5.1326,10.0838,12.88,0.5606,3.8401,2.7469,0.496,1.194,0.204,4.847,0.1108,0.0499,6.43,10.8938,2.304,0.0877,42.39
"BLWA","BLWA.W2.20190617",2019-06-17 18:15:00,0.18,18.7782,144.6332,26.54,0.9014,2.2951,8.1137,1.098,3.96,0.148,113.4,0.1412,0.0108,6.66,20.6542,23.793,1.0204,437.18
"BLWA","BLWA.W3.20190617",2019-06-17 19:11:00,0.005,1.332,4.56,8.79,0.5516,0.371,0.1834,0.267,0.477,0.046,9.312,0.0687,0.0137,5.86,7.9319,6.99,0.0627,13.06
"MAYF","MAYF.W1.20170313",2017-03-13 16:00:00,0.124,1.213,1.8256,9.106,2.399,0.005,5.1531,1.507,0.651,0.0212,1.712,0.056,0.0135,5.61,5.7874,2.34,0.003,15.87
"MAYF","MAYF.W3.20170313",2017-03-13 17:27:00,0.005,1.0569,1.5154,5.757,0.3469,0.005,0.343,2.3298,0.567,0.0041,1.0689,0.01,0.019,5.85,7.5526,1.9378,0.017,14.29
"MAYF","MAYF.W8.20170313",2017-03-13 17:55:00,0.005,0.5714,1.899,4.795,1.156,0.005,1.2935,0.1279,0.5223,0.0649,1.9446,0.01,0.001,5.21,7.5312,3.1688,0.001,12.04
"MAYF","MAYF.W6.20170313",2017-03-13 19:24:00,0.005,0.5613,1.8412,4.258,0.958,0.005,9.2299,0.3875,0.5739,0.1498,1.0447,0.074,0.001,5.63,6.7686,1.7303,0.014,10.12
"MAYF","MAYF.W1.20170830",2017-08-30 15:29:00,0.005,1.212,2.0538,10.04,1.786,0.005,1.7263,1.9335,0.7906,0.0266,1.4492,0.0625,0.0319,5.6,2.5386,0.8519,0.0155,16.1
"MAYF","MAYF.W3.20170830",2017-08-30 17:12:00,0.005,1.6571,1.3984,5.469,0.312,0.005,0.0174,3.4834,0.8774,0.0076,1.1719,0.0751,0.0479,5.96,2.8981,1.4953,0.017,20.1
"MAYF","MAYF.W1.20180314",2018-03-14 15:54:00,0.005,1.265,6.21,5.27,1.955,0.005,0.316,1.335,0.533,0.014,1.586,0.0515,0.004,5.24,5.34,1.02,5e-04,19.68
"MAYF","MAYF.W2.20180314",2018-03-14 16:35:00,0.005,0.857,5.62,2.87,3.508,0.005,0.292,0.592,0.553,0.025,2.227,0.0078,9e-04,4.78,4.36,1.26,0.002,13.627
"MAYF","MAYF.W7.20180314",2018-03-14 17:38:00,0.005,3.201,8.52,4.125,0.5897,0.005,0.001,1.563,0.752,0.003,2.384,0.0079,0.0239,5.21,5.38,1.01,0.001,20.69
"MAYF","MAYF.W8.20180314",2018-03-14 18:20:00,0.005,2.564,5.99,4.687,1.468,0.005,0.014,0.211,2.451,0.042,2.247,0.01,0.0038,4.57,5.7,1.21,0.003,16.54
"MAYF","MAYF.W1.20180904",2018-09-04 15:07:00,0.005,0.9225,0.6958,11.73,2.208,0.005,2.0014,0.414,0.768,0.013,0.851,0.019,0.0135,5.41,7.4657,0.708,0.0072,11.41
"MAYF","MAYF.W2.20180904",2018-09-04 16:28:00,0.005,0.5935,0.198,7.981,3.943,0.005,0.4022,0.724,0.458,0.024,0.965,0.0272,0.0099,5.12,6.9295,1.737,0.0109,9.21
"MAYF","MAYF.W7.20180904",2018-09-04 17:59:00,0.005,1.004,0.0445,5.25,0.3276,0.005,0.0076,0.68,0.733,5e-04,0.662,0.0187,0.0221,5.8,6.3007,0.702,0.002,11.28
"MAYF","MAYF.W8.20180904",2018-09-04 19:46:00,0.005,0.8816,0.5719,12.13,2.006,0.005,0.0735,0.108,0.781,0.043,0.877,0.0211,0.029,5.09,6.4181,1.374,0.0131,10.63
"MAYF","MAYF.W8.20190306",2019-03-06 17:11:00,0.005,0.6138,1.69,6.747,1.142,0.005,0.0165,0.059,0.427,0.037,0.758,0.0936,0.0135,5.45,5.8341,0.45,5e-04,8.25
"MAYF","MAYF.W7.20190306",2019-03-06 17:56:00,0.005,0.9047,2.2107,4.267,0.2235,0.005,0.0255,1.307,0.521,0.004,1.005,0.0876,0.0135,5.89,5.6272,1.434,5e-04,7.09
"MAYF","MAYF.W2.20191001",2019-10-01 15:27:00,0.005,0.452,1.21,9.159,5.805,0.005,4.65,1.197,0.297,0.026,0.81,0.088,0.0044,6.84,6.192,0.765,0.149,7.21
"MAYF","MAYF.W7.20191001",2019-10-01 16:55:00,0.005,0.751,0.005,6.228,0.5342,0.005,0.004,1.961,0.508,0.002,0.858,0.0395,0.0246,6.52,4.897,0.993,0.01,12.35
"MAYF","MAYF.W8.20191001",2019-10-01 18:14:00,0.005,1.925,3.42,9.996,3.146,0.005,1.457,0.414,0.414,0.049,1.128,0.0917,0.0302,5.3,7.269,0.426,0.02,14.42
"TOMB","TOMB.W2.20190212",2019-02-12 18:34:00,0.005,1.9566,6.465,12.67,1.071,0.39,0.9046,0.307,0.538,0.047,5.927,0.0348,0.0135,5.45,17.8047,6.414,0.0833,30.28
"TOMB","TOMB.W1.20190813",2019-08-13 17:15:00,0.005,4.955,3.07,19.47,0.6938,2.64,1.927,0.299,0.532,0.18,3.168,0.0395,0.0069,5.91,21.59,6.87,0.053,50.9
"TOMB","TOMB.W2.20190813",2019-08-13 18:34:00,0.005,1.953,4.8,25.02,0.5653,0.12,1.01,0.265,0.498,0.055,4.194,0.0047,0.0054,5.5,28,4.95,0.054,36.4
"TOMB","TOMB.W3.20190813",2019-08-13 19:38:00,0.005,5.755,3.23,30.38,0.6003,3.53,1.18,0.833,0.76,0.052,5.251,0.0389,0.0054,6,28.67,4.05,0.067,55.4
"ARIK","ARIK.W2.20170406",2017-04-06 17:55:00,0.005,47.243,7.48,44.48,0.9885,1.15,5e-04,6.702,15.539,5e-04,24.19,0.001,2.07,7.76,1.11,13.36,0.008,301.3
"ARIK","ARIK.W5.20170406",2017-04-06 19:28:00,0.005,63.77,9.85,72.96,3.097,1.11,0.006,8.12,18.14,0.066,32.085,0.06,0.0135,7.5,2.16,4.75,0.062,435.7
"ARIK","ARIK.W4.20170406",2017-04-06 20:37:00,0.005,56.148,7.3,81.02,3.763,1.28,0.039,8.429,20.419,0.098,34.607,0.172,0.003,7.66,1.28,0.77,0.032,431.4
"ARIK","ARIK.W1.20170406",2017-04-06 21:45:00,0.005,46.54,5.88,45.36,1.054,1.11,5e-04,7.375,15.24,0.003,26.103,0.008,1.722,7.88,4.12,15.27,0.013,304.9
"ARIK","ARIK.W2.20180419",2018-04-19 15:03:00,0.005,43.5673,9.7024,46.3,1.121,0.005,5e-04,5.6482,13.1331,5e-04,16.4495,0.0151,1.9016,7.57,25.2564,14.9789,0.0225,310.8
"ARIK","ARIK.W5.20180419",2018-04-19 16:02:00,0.005,75.0327,11.5322,78.65,3.049,0.005,0.0497,7.0356,16.1214,0.142,22.4984,0.0699,0.0155,7.29,26.4053,5.288,0.0073,449.2
"ARIK","ARIK.W4.20180419",2018-04-19 16:47:00,0.005,77.0937,9.6334,84.19,4.012,0.005,0.3176,7.4329,18.758,0.3413,24.83,0.1624,0.0117,7.28,26.228,1.0875,0.0417,467.4
"ARIK","ARIK.W1.20180419",2018-04-19 17:41:00,0.005,44.2006,7.3065,46.61,1.126,0.005,5e-04,6.313,13.0623,5e-04,17.8779,0.0077,1.6617,7.66,26.4415,15.8035,0.016,304.6
"ARIK","ARIK.W2.20180807",2018-08-07 14:44:00,0.005,40.1768,7.7427,45.6,0.5189,0.4983,5e-04,5.728,17.02,0.001,19.34,0.0043,1.6376,7.91,29.4864,15.657,5e-04,282.47
"ARIK","ARIK.W5.20180807",2018-08-07 15:34:00,0.005,61.819,9.9832,74.83,2.746,0.005,0.0099,6.516,20.25,0.089,25.84,0.059,0.0119,7.55,29.5847,7.422,0.0551,367.98
"ARIK","ARIK.W4.20180807",2018-08-07 16:29:00,0.005,71.717,14.2979,87.88,4.157,0.005,0.1086,8.189,23.93,0.323,30.46,0.1833,0.0152,7.68,32.0287,1.656,0.0276,421.63
"ARIK","ARIK.W1.20180807",2018-08-07 17:20:00,0.005,43.7639,6.3425,49.43,0.6702,0.4352,0.0021,6.01,17.74,0.018,20.87,0.027,0.9735,7.94,29.0001,17.835,5e-04,285.41
"ARIK","ARIK.W2.20190402",2019-04-02 15:00:00,0.005,40.7277,10.1221,47.82,0.9562,2.8745,0.003,5.066,13.72,5e-04,18.25,0.0762,2.3626,7.63,27.7531,14.406,0.0112,288.73
"ARIK","ARIK.W1.20190402",2019-04-02 16:25:00,0.005,41.7643,4.4024,49.57,0.7679,2.9164,5e-04,5.585,13.7,5e-04,19.14,0.0112,1.9199,7.74,29.0689,15.465,0.0171,293.64
"ARIK","ARIK.W4.20190402",2019-04-02 17:45:00,0.005,64.1444,5.8668,89.99,4.151,2.8672,0.4662,6.515,19.09,0.215,26.36,0.1812,0.0135,7.5,27.7778,1.257,0.0711,425.95
"ARIK","ARIK.W5.20190402",2019-04-02 18:55:00,0.005,70.5778,4.9027,88.4,3.522,0.5695,0.0622,6.211,17.3,0.09,26.26,0.1282,0.0135,7.43,30.5181,4.029,0.0608,436.72
"ARIK","ARIK.W1.20190806",2019-08-06 13:19:00,0.005,40.319,8.43,48.89,0.9662,2.89,0.013,5.803,13.49,0.001,17.38,0.0152,1.4681,7.55,41.32,15.35,0.016,271.7
"ARIK","ARIK.W2.20190806",2019-08-06 14:25:00,0.005,37.593,10.28,45.46,0.8611,2.84,0.013,5.613,12.98,0.006,16.84,0.627,2.09,7.59,43.88,13.94,0.016,260.2
"ARIK","ARIK.W5.20190806",2019-08-06 15:55:00,0.005,65.685,9.31,78.44,3.014,1.16,0.094,6.348,15.78,0.113,22.62,0.1055,0.0119,7.41,43.2,5.33,0.047,367
"ARIK","ARIK.W4.20190806",2019-08-06 16:39:00,0.005,67.789,10.13,84.05,4.27,1.04,1.026,7.704,18.39,0.295,25.84,0.1962,0.0196,7.37,44.44,4.87,0.085,406.5
"BLUE","BLUE.W1.20170508",2017-05-08 16:36:00,0.005,122.83,27.1353,76.09,0.5624,0.0717,5e-04,1.2387,19.903,5e-04,15.787,0.008,3.404,7.33,7.448,78.3017,0.004,598.43
"BLUE","BLUE.W3.20170508",2017-05-08 18:26:00,0.005,121.74,8.339,95.46,1.035,0.2007,5e-04,1.3473,42.144,5e-04,9.983,0.02,0.0135,7.28,15.657,62.739,0.0395,702.46
"BLUE","BLUE.W8.20170508",2017-05-08 20:39:00,0.005,74.025,4.3024,109,0.8264,0.0354,5e-04,1.2254,23.992,5e-04,4.7633,0.024,0.035,7.53,12.583,15.6424,0.03,427.69
"BLUE","BLUE.W6.20170508",2017-05-08 22:49:00,0.005,69.3,6.0232,91.19,0.5892,0.056,0.0015,1.8024,38.757,5e-04,6.0596,0.015,0.118,7.7,5.8769,9.6304,0.013,501.26
"BLUE","BLUE.W6.20170911",2017-09-11 18:09:00,0.005,22.029,5.5457,94.31,0.6749,0.005,0.0041,1.998,36.323,5e-04,6.5843,0.1158,0.1165,7.35,2.3564,9.7823,0.0093,312.9
"BLUE","BLUE.W3.20170913",2017-09-13 16:13:00,0.005,45.424,3.3209,94.29,0.8315,0.2972,0.0047,1.1853,27.602,5e-04,4.37,0.1048,0.0292,7.45,4.8787,5.0285,0.0162,342.1
"BLUE","BLUE.W8.20170913",2017-09-13 18:22:00,0.005,51.428,4.7548,102.6,1.245,0.1673,0.0017,2.4027,26.636,5e-04,5.265,0.1255,0.0205,7.63,4.74,13.549,0.0293,363.2
"BLUE","BLUE.W7.20181015",2018-10-15 19:28:00,0.005,87.8585,11.49,159,2.272,0.005,5e-04,2.613,37.13,0.104,17.65,0.0551,0.0552,7.25,10.9667,13.809,0.0123,603.12
"BLUE","BLUE.W4.20181015",2018-10-15 21:14:00,0.005,22.7042,9.36,105.8,1.23,0.005,5e-04,0.345,40.22,5e-04,4.873,0.0111,0.355,7.27,13.1555,7.767,0.0238,306.52
"BLUE","BLUE.W8.20190408",2019-04-08 19:06:00,0.005,90.3229,5.3952,105,1.141,2.3875,5e-04,0.642,23.2,5e-04,3.854,0.0443,0.0282,7.29,13.2645,10.947,0.0276,463.14
"BLUE","BLUE.W2.20190409",2019-04-09 17:10:00,0.005,130.359,3.7203,96.91,2.015,0.7292,0.2446,0.689,28.78,0.083,13.24,0.0591,0.0135,7.32,8.8423,84.99,0.012,666.47
"BLUE","BLUE.W4.20190409",2019-04-09 19:25:00,0.005,102.627,4.4201,90.37,0.9104,0.6799,5e-04,0.194,41.66,0.01,5.291,0.0978,0.018,7.33,9.2803,9.138,0.0418,621.43
"BLUE","BLUE.W7.20190410",2019-04-10 17:30:00,0.005,100.607,4.3648,109.3,1.19,1.2706,0.0035,0.487,46.23,0.191,7.203,0.0433,0.0135,7.48,8.089,8.943,0.012,646.94
"BLUE","BLUE.W2.20190812",2019-08-12 17:25:00,0.005,121.828,11.34,106,1.934,1.76,0.543,0.973,26.05,0.145,8.212,0.0354,0.0061,7.19,14.14,57.84,0.039,552.2
"BLUE","BLUE.W8.20190812",2019-08-12 19:16:00,0.005,115.97,0.69,110.7,1.323,2.41,0.013,0.871,21.44,0.035,2.448,0.002,0.0088,7.33,19.9,7.62,0.022,487.6
"BLUE","BLUE.W4.20190814",2019-08-14 17:49:00,0.005,107.855,0.01,123.1,1.449,2.68,0.019,0.375,38.29,0.209,4.404,0.0099,0.0063,7.26,13.79,5.91,0.024,557.1
"PRIN","PRIN.W2.20170425",2017-04-25 16:30:00,0.005,74.043,20.8365,60.42,1.543,0.2299,5e-04,1.5514,7.5434,0.1112,35.539,0.064,0.029,7.32,18.893,25.9936,0.062,421.11
"PRIN","PRIN.W3.20170426",2017-04-26 17:01:00,1.071,143.99,144.7107,69.52,1.807,0.428,0.003,6.3213,42.416,0.6721,152.97,0.123,0.032,6.79,11.68,395.661,0.012,1217.95
"PRIN","PRIN.W6.20170427",2017-04-27 15:24:00,0.4068,139.52,29.9133,71.35,0.8546,0.2983,0.0018,4.694,49.517,0.4605,122.97,0.074,0.025,7.29,9.3108,465.642,0.018,1175.69
"PRIN","PRIN.W3.20170906",2017-09-06 15:59:00,0.7388,130.73,134.52,72.2,1.17,0.425,0.0112,5.4859,39.637,0.1519,124.83,0.1683,0.0215,6.95,4.1142,421.65,0.0016,1075.2
"PRIN","PRIN.W2.20170906",2017-09-06 18:22:00,0.6885,135.82,139.5742,97.96,2.074,0.2803,0.0069,1.795,18.077,0.3543,48.941,0.0898,0.0518,7.34,8.405,48.8342,0.0378,737.8
"PRIN","PRIN.W6.20170907",2017-09-07 15:48:00,0.005,97.998,27.7289,67.05,1.099,0.4705,0.0065,4.3254,41.568,0.0051,96.762,0.0425,0.0673,7.25,3.3306,279.3609,0.0331,121.8
"PRIN","PRIN.W1.20180404",2018-04-04 16:48:00,0.005,55.924,19.5694,39.08,5.118,0.005,5e-04,1.18,7.4083,0.1703,8.614,0.1147,0.0371,7.01,12.4398,31.008,0.0363,298.7
"PRIN","PRIN.W6.20180405",2018-04-05 17:37:00,0.005,133.894,23.4097,69.99,1.046,0.005,5e-04,3.1225,53.5341,5e-04,86.5359,0.007,0.0435,7.05,8.3165,449.121,0.0305,1024.6
"PRIN","PRIN.W4.20180405",2018-04-05 19:38:00,0.005,98.466,128.0824,66.88,1.089,0.005,5e-04,1.8294,17.0478,0.0119,29.4974,0.0069,0.0228,7.16,15.8583,25.009,0.0827,603.4
"PRIN","PRIN.W1.20180806",2018-08-06 16:25:00,0.005,55.9197,23.3795,40.51,1.265,0.005,5e-04,1.203,10.42,0.231,11.59,0.1679,0.0301,7.23,13.9494,35.64,0.0174,272.56
"PRIN","PRIN.W2.20180806",2018-08-06 17:52:00,0.005,83.2702,87.3866,90.56,1.592,0.005,5e-04,1.227,15.47,0.091,44.91,0.2135,0.0123,7.28,22.3355,19.866,0.0015,573.96
"PRIN","PRIN.W6.20180905",2018-09-05 15:18:00,0.005,117.525,16.3128,66.08,1.082,3.56,5e-04,3.064,52.68,0.337,92.45,0.0164,0.0912,7.13,10.1273,438.3,0.0354,1007.56
"PRIN","PRIN.W1.20190401",2019-04-01 17:15:00,0.005,55.645,12.7208,45.67,0.7766,0.6679,0.0072,1.059,8.123,0.185,10.8,0.0334,0.0135,7.14,14.2899,30.03,0.0697,279.85
"PRIN","PRIN.W2.20190401",2019-04-01 19:49:00,0.005,144.541,105.8477,83.47,2.526,2.1473,0.0999,1.268,15.65,0.383,54.34,0.0745,0.1476,7.11,21.3363,33.06,0.0474,766.41
"PRIN","PRIN.W4.20190403",2019-04-03 15:20:00,0.005,115.873,115.8271,81.77,1.174,2.3462,5e-04,1.973,21.02,0.006,42.79,0.0138,0.0135,7.21,18.9232,37.17,0.1386,661.47
"PRIN","PRIN.W6.20190403",2019-04-03 17:38:00,0.005,123.542,16.25,74.36,1.063,3.1347,5e-04,2.912,49.9,0.239,74.2,0.0073,0.0135,7.2,9.4923,407.1,0.0297,953.54
"PRIN","PRIN.W1.20190805",2019-08-05 16:06:00,0.005,49.586,13.82,42.74,1.148,1.37,0.578,1.144,7.465,0.14,7.601,0.204,0.0173,6.93,22.04,29.51,0.267,242.7
"PRIN","PRIN.W2.20190805",2019-08-05 18:15:00,0.005,102.079,30.95,82.77,1.54,2.42,0.527,1.083,8.515,0.022,21.45,0.0724,0.0273,7.03,31.54,23.91,0.07,451.4
"PRIN","PRIN.W6.20190807",2019-08-07 15:57:00,0.005,132.89,30.3,81.22,1.076,2.47,0.025,3.345,51.68,0.334,97.57,0.0156,0.0122,7.28,13.65,447.3,0.025,927.1
"BLDE","BLDE.W1.20190528",2019-05-28 18:01:00,0.21,23.694,1.2115,30.78,6.443,0.1067,0.443,0.912,13.547,0.001,7.589,0.0539,0.0352,6.9,34.8,113.96,0.4078,190.62
"BLDE","BLDE.W1.20190715",2019-07-15 16:27:00,0.005,20.9492,7.7958,33.28,7.428,3.3648,1.2044,1.347,8.773,0.026,6.294,0.0857,0.0206,6.89,45.0323,0.453,0.1373,146.21
"BLDE","BLDE.W2.20190715",2019-07-15 17:18:00,0.005,10.6812,2.5334,14.65,4.685,0.005,4.8762,1.758,5.016,0.062,5.443,0.0809,0.0217,6.71,63.0933,14.502,0.501,85.42
"BLDE","BLDE.W7.20190715",2019-07-15 18:04:00,0.005,22.4459,2.696,34.52,4.846,1.5783,0.8636,1.13,7.814,0.008,6.945,0.0751,0.0167,6.83,37.2861,0.489,0.147,148.97
"BLDE","BLDE.W8.20190715",2019-07-15 18:32:00,0.005,11.5609,3.216,24.95,3.637,1.1649,2.5767,1.07,4.819,0.126,4.291,0.1139,0.0217,6.79,34.1659,0.005,0.1763,83.24
"COMO","COMO.W3.20170612",2017-06-12 19:23:00,0.005,1.18,0.39,4.017,9.967,0.005,0.573,0.143,0.17,0.009,7.004,0.01,0.034,6.69,4.56,2.51,0.02,27.1
"COMO","COMO.W4.20170612",2017-06-12 20:42:00,0.005,2.377,0.72,4.616,4.388,0.005,0.065,0.134,0.649,0.002,2.238,0.013,0.032,6.58,5.43,3.3,0.025,18.4
"COMO","COMO.W1.20170726",2017-07-26 14:44:00,0.005,2.4928,0.3721,4.118,3.168,0.005,0.6688,0.1133,0.5795,0.0051,1.2382,0.0247,0.046,7.48,5.1071,0.8636,0.0101,15.61
"COMO","COMO.W2.20170726",2017-07-26 16:14:00,0.005,2.2969,0.3513,4.526,3.207,0.005,0.1163,0.181,0.437,0.0611,2.037,0.0275,0.0477,6.66,4.7464,1.7435,0.0055,17.43
"COMO","COMO.W4.20170726",2017-07-26 18:10:00,0.005,3.0276,0.6055,4.508,3.464,0.005,0.0152,0.2218,0.7005,0.0402,1.4604,0.0346,0.0478,6.36,5.6833,1.6824,0.0089,18.1
"COMO","COMO.W2.20180724",2018-07-24 15:57:00,0.005,2.226,0.4561,4.59,2.945,0.005,0.3716,0.207,0.816,0.025,1.147,0.0393,0.0131,6.01,5.95,1.389,0.006,15.9
"COMO","COMO.W3.20180724",2018-07-24 17:10:00,0.005,6.445,5.3238,17.21,8.413,0.005,3.3254,0.482,1.875,0.022,15.44,0.1469,0.013,6.65,9.9,1.818,0.111,81.7
"COMO","COMO.W4.20180724",2018-07-24 18:12:00,0.005,3.282,0.1212,6.902,3.383,0.005,0.023,0.251,1.083,0.012,1.345,0.028,0.018,6.05,5.78,2.067,5e-04,20.3
"COMO","COMO.W1.20190528",2019-05-28 16:45:00,0.005,2.0315,1.65,4.038,5.625,0.005,0.3811,0.255,0.557,0.067,0.832,0.156,0.036,6.33,4.8811,5.94,5e-04,14.94
"COMO","COMO.W2.20190528",2019-05-28 18:10:00,0.005,2.587,1.64,4.093,4.95,0.005,0.7877,0.258,0.959,0.038,0.984,0.0601,0.0086,6.18,6.9208,6.51,0.017,18.24
"COMO","COMO.W3.20190528",2019-05-28 19:25:00,0.005,5.3479,1.4,10.96,4.719,0.005,7.6001,1.181,2.282,0.56,9.654,0.1307,0.0118,6.5,29.1589,25.7,0.2184,65.77
"COMO","COMO.W4.20190528",2019-05-28 21:21:00,0.005,3.239,0.1516,5.675,3.469,0.005,1.1427,0.208,0.956,0.005,1.827,0.0495,0.0097,6.07,7.6607,12.38,5e-04,24.56
"COMO","COMO.W1.20190723",2019-07-23 16:15:00,0.005,2.2516,2.7628,7.505,3.388,0.947,0.4228,0.173,0.581,0.007,1.401,0.121,0.0106,6.44,7.5484,0.483,0.0186,16.98
"COMO","COMO.W2.20190723",2019-07-23 17:29:00,0.005,1.84,0.38,7.372,3.525,1.21,0.0665,0.215,0.487,0.005,1.125,0.0992,0.0101,6.2,6.1835,0.984,0.0253,14.08
"COMO","COMO.W4.20190723",2019-07-23 19:34:00,0.005,3.2258,3.3291,10.91,3.696,0.5819,0.0426,0.309,0.923,0.005,1.732,0.0766,0.0103,6.2,8.9853,2.055,0.0112,24.18
"WLOU","WLOU.W1.20170503",2017-05-03 13:25:00,0.005,16.068,0.3865,12.51,1.839,0.005,0.0022,0.8553,2.6065,5e-04,1.8411,0.049,0.0135,7.27,4.3268,2.3729,0.0045,80.62
"WLOU","WLOU.W2.20170503",2017-05-03 14:30:00,0.005,15.288,0.2521,11.89,1.634,0.005,0.0016,0.8461,2.6019,8e-04,1.5637,0.027,0.0135,7.13,4.2069,2.5822,0.001,75.4
"WLOU","WLOU.W3.20170503",2017-05-03 15:45:00,0.005,21.1,0.3917,18.39,0.8763,0.005,0.0659,1.4561,5.3166,0.0031,1.8727,0.049,0.004,7.24,4.4914,3.6261,0.0075,121.3
"WLOU","WLOU.W4.20170503",2017-05-03 16:40:00,0.005,11.494,0.3736,10.28,6.382,0.005,0.3102,0.5244,1.8777,0.0427,1.4408,0.03,0.0135,6.58,4.7655,3.5956,0.005,60.21
"WLOU","WLOU.W1.20170906",2017-09-06 15:12:00,0.005,20.903,0.3745,13.03,1.779,0.005,0.0495,1.2756,3.1422,0.113,2.0309,0.1154,0.0472,7.12,1.5473,2.2803,8e-04,98.7
"WLOU","WLOU.W2.20170906",2017-09-06 16:13:00,0.005,21.549,0.2728,14.2,1.462,0.005,0.0117,1.4087,3.9819,0.019,1.8799,0.0293,0.03,7.3,1.6713,2.4345,0.0016,108.9
"WLOU","WLOU.W7.20170906",2017-09-06 18:00:00,0.005,16.821,0.4711,13.56,1.606,0.005,0.0217,1.4599,3.6662,0.0157,2.8622,0.0626,0.0196,7.05,2.0317,2.8988,0.0016,91.4
"WLOU","WLOU.W8.20170906",2017-09-06 19:29:00,0.005,32.012,0.4903,23.76,1.646,0.005,0.0015,2.4396,9.3284,0.0056,2.6184,0.0439,0.0233,7.37,1.6012,3.7875,1e-04,177.3
"WLOU","WLOU.W1.20180508",2018-05-08 18:12:00,0.005,19.684,7.9367,16.27,2.067,0.005,5e-04,0.764,2.7293,5e-04,1.134,0.0271,0.004,7.23,4.0099,2.34,0.0046,87.42
"WLOU","WLOU.W2.20180508",2018-05-08 19:05:00,0.005,14.3123,7.3813,12.18,2.849,0.005,5e-04,0.5923,2.2914,0.0116,1.32,0.129,0.0135,7,3.6067,2.5754,0.0039,66.38
"WLOU","WLOU.W5.20180508",2018-05-08 20:10:00,0.005,7.7426,8.562,7.175,4.814,0.005,5e-04,0.481,1.092,5e-04,0.598,0.044,0.0135,6.69,3.3998,1.6325,0.0017,39.48
"WLOU","WLOU.W8.20180508",2018-05-08 21:08:00,0.005,20.6113,0.28,20.81,1.423,0.005,5e-04,1.4342,5.7859,5e-04,1.324,0.0845,0.0135,7.23,3.543,4.4901,5e-04,110.17
"WLOU","WLOU.W1.20180816",2018-08-16 15:19:00,0.005,13.6191,0.14,12.86,1.779,0.005,5e-04,0.128,3,5e-04,1.547,0.0034,0.0109,7.02,5.1576,2.082,0.0029,68.45
"WLOU","WLOU.W2.20180816",2018-08-16 16:08:00,0.005,13.973,0.1,13.9,1.476,0.005,5e-04,0.064,3.54,0.002,1.348,0.0219,0.0131,7.01,4.8377,2.208,5e-04,75.65
"WLOU","WLOU.W8.20180816",2018-08-16 17:44:00,0.005,22.8667,0.23,23.18,1.972,0.005,5e-04,0.94,9.671,5e-04,2.218,0.0208,0.0135,7.26,5.2475,4.035,5e-04,144.25
"WLOU","WLOU.W2.20190507",2019-05-07 16:00:00,0.005,14.8808,2.0414,12.23,2.823,0.005,5e-04,0.663,2.633,5e-04,1.178,0.036,0.017,7.79,3.9645,2.838,5e-04,72.95
"WLOU","WLOU.W5.20190507",2019-05-07 17:11:00,0.005,6.3608,2.2109,5.787,5.409,0.005,0.0803,0.451,1.174,5e-04,1.184,0.2481,0.0104,7.03,3.8364,1.959,0.0286,34.06
"WLOU","WLOU.W8.20190507",2019-05-07 18:21:00,0.35,18.0201,0.07,22.93,1.99,0.2898,0.0042,1.222,6.054,0.002,1.652,0.0282,0.0193,7.34,3.6974,4.584,0.0212,106.54
"WLOU","WLOU.W2.20190813",2019-08-13 14:37:00,0.005,13.07,1.4,15.4,1.799,0.005,0.252,0.827,2.36,0.074,0.6,0.0159,0.0088,6.98,7.24,1.9,0.022,68.5
"WLOU","WLOU.W5.20190813",2019-08-13 15:30:00,0.005,12.606,1.76,17.34,1.412,0.005,0.012,0.94,2.087,0.001,0.559,6e-04,0.006,6.7,6.65,1.94,0.009,64.3
"WLOU","WLOU.W8.20190813",2019-08-13 16:38:00,0.005,20.106,6.04,23.71,1.971,0.78,0.005,1.58,6.53,0.001,0.916,0.0159,0.01,7.31,6.1,3.41,0.005,115.9
"SYCA","SYCA.W3.20171004",2017-10-04 17:00:00,0.005,64.676,12.03,65.11,1.545,0.76,0.003,1.948,21.352,5e-04,21.3,0.1023,0.0269,7.36,6.37,19.03,0.06,423
"SYCA","SYCA.W4.20171004",2017-10-04 18:41:00,0.005,64.082,11.92,65.49,1.555,0.69,0.006,1.841,21.196,5e-04,21.349,0.0891,0.0325,7.26,6.52,19.13,0.057,423.6
"SYCA","SYCA.W2.20171004",2017-10-04 21:27:00,0.005,64.43,11.92,65.99,1.509,0.69,0.007,2.059,21.176,5e-04,21.338,0.0983,0.0301,7.34,6.49,19.23,0.033,422.4
"SYCA","SYCA.W1.20171004",2017-10-04 22:42:00,0.005,60.309,11.92,65.5,1.625,0.65,0.006,2.119,20.421,0.009,20.818,0.0981,0.0301,7.25,5.98,19.25,0.063,401.2
"SYCA","SYCA.W2.20180212",2018-02-12 16:56:00,0.005,57.877,22.05,72.91,1.388,2.01,5e-04,1.553,21.996,0.001,25.662,0.0827,0.1996,7.39,15.46,18.7,0.003,441.7
"SYCA","SYCA.W1.20180212",2018-02-12 21:29:00,0.005,41.139,23.5,72.2,1.294,1.8,5e-04,1.565,21.342,5e-04,25.224,0.0857,0.1995,7.31,16.3,19.3,0.003,439.6
"SYCA","SYCA.W2.20180503",2018-05-03 17:30:00,0.005,62.8752,1.25,69.62,4.949,1.5946,5e-04,1.5507,22.603,0.1884,25.82,0.1256,0.3429,7.59,15.0981,21.2177,5e-04,380.27
"SYCA","SYCA.W3.20190529",2019-05-29 17:43:00,0.005,50.491,8.4546,65.36,2.651,1.0733,5e-04,1.291,19.73,5e-04,19.4,0.0269,0.0638,8.25,14.5458,43.6374,0.0449,355.47
"SYCA","SYCA.W4.20190529",2019-05-29 20:42:00,0.005,52.571,7.8913,76.86,2.519,1.067,5e-04,1.023,22.07,0.001,24.43,0.0464,0.3173,7.5,17.9975,53.9925,0.0427,390.28
"SYCA","SYCA.W2.20190529",2019-05-29 22:17:00,0.005,50.1069,8.6196,67.75,2.583,1.0668,5e-04,0.96,20.01,5e-04,18.87,0.0091,0.1573,7.73,15.4345,46.3035,0.0427,352.74
"SYCA","SYCA.W1.20190529",2019-05-30 00:01:00,0.005,51.7906,8.9949,69.57,2.254,1.0817,5e-04,1.122,20.24,5e-04,23.02,0.0389,0.2814,7.63,16.7854,50.3562,0.0405,373.64
"REDB","REDB.W2.20190416",2019-04-16 16:52:00,0.005,76.2255,1.9701,91.86,2.943,0.005,0.0209,1.085,37.67,5e-04,28.16,0.0958,0.0135,7.55,8.1388,145.47,0.0757,578.61
"REDB","REDB.W3.20190416",2019-04-16 18:12:00,0.005,69.2045,13.705,87.44,1.672,0.005,0.0025,1.098,42.11,5e-04,33.68,0.0772,0.0135,7.46,9.2637,191.67,0.0675,597.43
"REDB","REDB.W4.20190417",2019-04-17 19:13:00,0.005,56.0998,16.2812,78.21,2.493,1.0445,5e-04,1.149,21.05,5e-04,20.79,0.106,0.0135,7.5,8.8561,36.09,0.0705,386.14
"REDB","REDB.W5.20190417",2019-04-17 21:54:00,0.005,68.0775,20.1658,97.41,2.625,1.3589,5e-04,0.725,24.91,5e-04,19.86,0.0575,0.0135,7.56,7.2847,55.71,0.0397,447.89
"REDB","REDB.W2.20190919",2019-09-19 17:21:00,0.005,98.824,16.5081,81.73,4.591,0.005,5e-04,1.253,29.69,5e-04,23.89,0.0257,0.0019,7.62,8.225,138.06,0.2639,605.28
"REDB","REDB.W4.20190919",2019-09-19 18:32:00,0.005,43.94,12.9275,79.42,1.882,0.005,5e-04,1.649,21.22,5e-04,19.29,0.0241,0.0085,7.61,7.892,100.5,0.078,345.17
"MART","MART.W1.20180301",2018-03-01 18:12:00,0.005,4.982,10.25,3.932,0.7485,0.005,0.005,0.089,0.625,5e-04,2.933,0.0101,0.0195,6.47,7.02,0.4,5e-04,25.2
"MART","MART.W2.20180301",2018-03-01 18:35:00,0.005,3.006,1.12,5.117,1.167,0.005,0.238,0.163,0.615,0.002,2.948,0.0014,0.157,6.77,7.44,0.35,5e-04,25.9
"MART","MART.W5.20180301",2018-03-01 18:51:00,0.005,1.526,5.26,5.015,1.963,0.005,0.911,0.221,0.366,0.007,1.79,0.0894,0.0098,5.71,7.53,0.31,5e-04,16.2
"MART","MART.W6.20180301",2018-03-01 19:11:00,0.005,2.964,2.48,5.818,1.557,0.005,0.989,0.496,0.641,0.014,2.572,0.1332,0.2572,6.1,8.36,1.07,5e-04,31.3
"MART","MART.W3.20181115",2018-11-15 19:29:00,0.02,5.822,1.43,9.636,2.211,1.5,2.39,5e-04,2.189,0.02,3.143,0.1235,0.0135,6.29,19.21,0.18,0.055,43.69
"MART","MART.W2.20190228",2019-02-28 17:29:00,0.005,6.5937,1.01,8.276,1.17,0.63,0.5601,1.058,1.403,0.074,2.697,0.1022,0.0135,6.73,10.1724,0.117,0.0226,43.9
"MART","MART.W3.20190228",2019-02-28 18:29:00,0.005,4.2692,1.06,6.501,1.84,0.85,5.516,1.632,1.642,0.055,2.604,0.0815,0.0135,6.37,24.6294,0.192,0.2111,35.25
"MART","MART.W6.20190228",2019-02-28 19:22:00,0.005,20.1581,1.85,15.14,1.821,0.52,0.1681,3.507,3.703,1.105,4.221,0.103,0.0135,7.01,6.9084,18.465,5e-04,113.1
"BIGC","BIGC.W6.20180703",2018-07-03 19:24:00,0.005,13.858,22.9478,16.94,2.926,0.4857,0.303,1.175,2.271,0.001,13.59,0.0501,0.0028,6.59,18.83,2.991,0.06,106.4
"BIGC","BIGC.W5.20180703",2018-07-03 20:26:00,0.005,7.531,20.1758,7.883,0.9969,0.005,5e-04,1.367,1.454,0.024,6.045,0.003,0.0467,6.74,14,2.205,0.015,58.7
"BIGC","BIGC.W1.20190402",2019-04-02 20:50:00,0.005,18.0373,1.808,34.78,0.685,0.005,5e-04,2.671,2.136,0.007,11.27,0.0789,0.0135,6.7,20.4375,0.528,0.0193,112.98
"BIGC","BIGC.W5.20190603",2019-06-03 20:08:00,0.005,7.9785,9.9381,13.25,1.062,2.0125,0.0023,1.071,1.251,0.002,5.483,0.1,0.0135,6.63,11.3555,1.827,0.029,54.27
"BIGC","BIGC.W6.20190603",2019-06-03 21:38:00,0.05,9.451,7.82,25.6,10.03,0.005,2.3651,0.965,1.415,0.126,20.93,0.0508,0.0135,6.52,31.1255,56.98,0.0623,106.57
"BIGC","BIGC.W2.20190603",2019-06-03 22:59:00,0.005,6.1631,3.5369,11.83,1.543,0.005,0.3719,1.128,1.605,0.058,3.296,0.0525,0.0135,6.47,12.0582,0.447,0.0637,41.18
"BIGC","BIGC.W1.20190603",2019-06-04 00:25:00,0.005,15.9809,0.2208,26.05,0.5521,2.0359,0.0535,2.034,2.059,0.005,9.028,0.0488,0.0135,6.63,18.4203,0.645,0.0253,99.85
"OKSR","OKSR.W8.20180724",2018-07-24 18:26:00,0.005,1.915,7.28,5.565,12.94,0.005,1.7377,0.062,1.905,1.153,0.569,0.0541,0.1903,5.54,2.69,0.82,5e-04,19.7
"OKSR","OKSR.W7.20180724",2018-07-24 19:24:00,0.005,2.096,1.61,6.922,20.25,1.3219,0.4455,0.144,0.888,0.018,0.236,1.2162,0.1914,5.75,1.82,2.39,0.008,13.6
"OKSR","OKSR.W8.20190827",2019-08-27 18:30:00,0.005,9.111,2.93,30.76,45.75,0.005,61.691,0.082,0.961,6.634,2.276,1.6927,0.0053,5.92,6.6,15.59,0.089,70.5
"OKSR","OKSR.W7.20190827",2019-08-27 19:19:00,0.005,1.712,3.06,8.25,13.36,0.005,0.851,0.094,0.278,2.083,0.282,0.4383,0.0116,6,1.68,1.37,0.005,16.3
"OKSR","OKSR.W3.20190827",2019-08-27 20:07:00,0.005,3.588,2.88,11.18,23.75,0.005,4.79,0.119,0.597,0.754,0.219,3.243,0.0636,6.1,4.3,3.25,0.0347,35.1
"OKSR","OKSR.W5.20190827",2019-08-27 21:35:00,0.005,1.521,1.85,9.088,21.16,0.005,15.052,0.197,0.459,0.527,0.135,0.1275,0.0044,5.67,2.55,1.57,0.0442,9.7
