"siteID","collectDate","sampleID","TSS","UV Absorbance (280 nm)","TDP","TDS","SO4","Na","TOC","DOC","NO3+NO2 - N","Ortho - P","HCO3","Mn","DIC","Si","TP","CO3","Ca","conductivity","NO2 - N","Fe","F","TPC","TPN","ANC","Br","UV Absorbance (250 nm)","TDN","TN","Mg","Cl","TSS - Dry Mass","K","NH4 - N","pH"
"HOPB",2017-10-19 12:40:00,"HOPB.W2.20171019",1474,NA,NA,NA,NA,NA,1.465,NA,NA,NA,NA,NA,NA,NA,0.059,NA,NA,112.7,NA,NA,NA,0.2507,0.013,NA,NA,NA,NA,0.1983,NA,NA,73700,NA,NA,7.08
"HOPB",2017-10-19 12:45:00,"HOPB.W4.20171019",120,NA,NA,NA,NA,NA,2.659,NA,NA,NA,NA,NA,NA,NA,0.092,NA,NA,130.5,NA,NA,NA,0.2664,0.0929,NA,NA,NA,NA,0.2635,NA,NA,6000,NA,NA,6.85
"HOPB",2018-03-19 15:05:00,"HOPB.W4.20180319",24,0.0121,0.002,25.14,1.05,2.508,1.087,1.158,0.0045,4.733,6.112,0.006,2.922,3.6,0.007,0.005,4.263,34.58,0.0164,0.009,0.005,0.4668,0.1214,0.15,0.005,0.0196,0,0,0.887,9.62,1200,0.112,0.0018,5.15
"HOPB",2018-03-19 16:02:00,"HOPB.W2.20180319",150,0.0435,0.003,57.89,NA,NA,4.349,2.784,0.0168,0.093,NA,NA,5.855,NA,0.01,0.005,NA,78.89,0.0161,NA,NA,0.3614,0.124,0.18,NA,0.0639,0.0677,0.1659,NA,NA,7500,NA,0.0311,5.71
"HOPB",2018-03-19 16:35:00,"HOPB.W3.20180319",72,0.0124,0.007,41.27,NA,NA,1.486,1.032,0.0062,0.118,NA,NA,3.328,NA,0.02,0.005,NA,56.32,0.0167,NA,NA,0.3614,0.124,0.17,NA,0.0182,0,0,NA,NA,3600,NA,0.0082,5.77
"HOPB",2018-08-14 14:01:00,"HOPB.W4.20180814",34,0.0162,0.0257,20.96,5.586,1.906,3.085,1.721,0.0135,0.126,9.99,0.009,5.105,5.1898,0.0703,0.005,2.4489,29.41,0.0218,5e-04,0.005,0.5949,0.1281,0.18,0.005,0.032,0.1031,0.1782,0.998,0.28,1700,5e-04,0.0192,5.95
"HOPB",2019-03-12 15:39:00,"HOPB.W2.20190312",154,0.0524,NA,NA,NA,NA,5.713,3.111,0.0837,0.037,NA,NA,7.742,NA,1.122,NA,NA,72.14,0,NA,NA,NA,NA,0.73,NA,0.0743,0.3556,0.5712,NA,NA,7700,NA,0.1415,6.71
"HOPB",2019-03-12 16:14:00,"HOPB.W3.20190312",508,0.0187,NA,NA,NA,NA,2.901,1.161,0,0.057,NA,NA,4.883,NA,2.139,NA,NA,56.21,0.0394,NA,NA,0.365,0.0667,0.62,NA,0.0245,0.1491,0.271,NA,NA,25400,NA,0.1012,6.9
"HOPB",2019-03-12 17:04:00,"HOPB.W4.20190312",118,0.0078,5e-04,20.56,4.308,1.569,2.232,0.8952,0,0.037,8.42,0.005,7.127,3.8995,0.347,0.005,2.806,28.41,0.0388,5e-04,0.005,0.3654,0.1077,0.15,0.005,0.0128,0.153,0.2651,0.806,1.5948,5900,0.064,0.0923,6.57
"HOPB",2019-08-13 15:11:00,"HOPB.W2.20190813",NA,0.0785,NA,NA,NA,NA,NA,3.562,0.0492,0,NA,NA,10.27,NA,NA,NA,NA,NA,0,NA,NA,NA,NA,NA,NA,0.1158,0.3364,NA,NA,NA,NA,NA,0.1443,NA
"POSE",2017-03-13 13:46:00,"POSE.W1.20170313",524,0.0547,0.004,74.63,3.4668,4.4743,0.9832,0.6869,0.009,0.023,58.473,1.6207,16.34,10.3632,0.4208,0.005,10.3652,107.28,0.009,0.2362,0.005,0.281,0.1175,1.039,0.005,0.0575,0.1069,0.1313,4.4982,2.6388,13100,0.0819,0.087,7.14
"POSE",2017-03-13 16:12:00,"POSE.W6.20170313",784,0.2317,0.002,84.56,6.1962,7.6879,2.623,1.156,0.154,0.029,61.824,0.0417,15.43,12.8226,0.2833,0.005,10.4463,122.59,0.008,6.6959,0.005,0.2751,0.1133,1.172,0.005,0.2892,0.3653,0.4892,4.4608,2.7257,19600,0.1866,0,6.88
"POSE",2017-03-13 17:30:00,"POSE.W8.20170313",116,0.0272,0.032,90.23,1.5451,6.2863,0.7409,0.8372,1.01,0.045,70.158,0.0503,15.83,13.231,0.042,0.005,13.0039,131.27,0.008,0.492,0.005,0.2455,0.0967,1.205,0.005,0.0303,1.1,1.116,4.5743,2.3625,2900,0.1478,0,7.12
"POSE",2017-03-20 13:40:00,"POSE.W3.20170320",276,0.0362,0.0175,53.29,8.1503,3.8216,1.703,1.502,0.032,0.052,33.961,0.0211,7.897,9.858,0.021,0.005,6.5242,77.62,0.01,0.4838,0.005,0.2662,0.1035,0.634,0.005,0.0488,0.3545,0.2836,3.1824,2.0479,6900,0.1474,0.05,6.92
"POSE",2017-09-18 12:14:00,"POSE.W1.20170918",312,0.0406,0.0085,92.6,1.9409,4.3142,1.11,0.6171,0.0357,0.004,72.51,1.7476,17.37,10.404,0.396,0,13.188,131.1,0.0117,0.3891,0.005,0.2569,0.1154,1.209,0.005,0.0459,0,0.05,5.2551,2.5922,7800,0.2376,0.1663,6.74
"POSE",2017-09-18 13:39:00,"POSE.W3.20170918",758,0.0546,0.0178,75.4,7.245,4.0862,1.318,0.764,0.1305,0.018,51.21,0.2105,12.33,9.7889,0.021,0,9.7939,105.6,0.0113,0.0828,0.005,0.2701,0.1363,0.951,0.005,0.066,0,0.1787,4.3298,1.6636,37900,0.4134,0.135,6.65
"POSE",2017-09-18 15:29:00,"POSE.W6.20170918",178,0.0287,0.0085,91.7,4.9728,5.7192,0.7738,1.116,0.1366,0.008,67.18,0.0228,15.73,10.493,0.012,0,12.308,128.9,0.0106,0.005,0.005,0.243,0.1142,1.122,0.005,0.0321,0.059,0.0511,4.779,2.5125,8900,0.2518,0.1127,6.67
"POSE",2017-09-18 17:00:00,"POSE.W8.20170918",NA,0.0056,0.0516,102.3,1.1204,5.1016,NA,0.6267,0.9443,0.058,77.69,0.0262,16.36,12.091,NA,0,15.423,NA,0.0102,0.0123,0.005,0.293,0.1242,NA,0.005,0.0066,0.8374,NA,5.1951,2.1328,NA,0.2476,0.1151,NA
"POSE",2018-03-05 14:23:00,"POSE.W1.20180305",74,0.0172,5e-04,88.7,2.01,6.448,0.5112,0.839,0.0206,0.003,54.85,0.856,14.24,8.55,0.001,0.005,12.968,125.1,0.0164,0.071,0.005,0.2722,0.1312,0.93,0.005,0.0236,0,0,5.411,12.64,3700,0.236,0.0055,6.28
"POSE",2018-03-05 15:31:00,"POSE.W3.20180305",108,NA,NA,63.2,NA,NA,0.6564,NA,NA,NA,NA,NA,NA,NA,0.002,0.005,NA,92.49,NA,NA,NA,0.2775,0.1219,1.02,NA,NA,NA,0.0014,NA,NA,5400,NA,NA,6.31
"POSE",2018-03-05 16:40:00,"POSE.W6.20180305",202,0.3113,5e-04,94.7,9.18,7.565,1.859,1.159,0.2572,0.025,53.74,0.008,12.4,11.28,0.001,0.005,8.665,133.5,0.0161,0.846,0.005,0.2957,0.1193,0.92,0.005,0.3822,0.3014,0.4018,3.639,9.41,10100,0.195,0,6.36
"POSE",2018-03-05 18:25:00,"POSE.W8.20180305",44,0.0044,5e-04,101.2,1.52,6.509,1.412,0.4245,0.8869,0.041,73.25,0.028,15.5,13.14,0.001,0.005,15.426,146.8,0.0158,5e-04,0.005,0.2925,0.1181,1.31,0.005,0.0075,1.095,1.13,4.995,9.03,2200,0.178,0,6.72
"POSE",2018-09-17 13:49:00,"POSE.W1.20180917",150,0.0146,5e-04,92.79,1.89,4.822,0.6601,0.9341,0.0459,0.076,71.56,1.629,16.4,13.1568,0.003,0.005,12.0216,133.64,0.0226,0.0815,0.005,0.2617,0.0834,1.25,0.005,0.0172,0.2038,0.1066,6.116,3.22,7500,0.163,0.0656,6.74
"POSE",2018-09-17 14:28:00,"POSE.W3.20180917",154,0,0.0168,49.61,6.153,3.022,1.037,1.211,0.1145,0.044,31.62,0.136,8.671,11.1382,0.021,0.005,6.0673,71.46,0.0247,5e-04,0.005,0.3851,0.0367,0.53,0.005,0,0.2047,0.2267,3.499,2.3,7700,0.097,0.0285,6.35
"POSE",2018-09-17 15:20:00,"POSE.W6.20180917",458,0.0585,0.0447,102.11,0.876,5.678,0.7419,1.233,0.1355,0.069,84.61,0.024,17.57,14.9809,0.052,0.005,14.5891,148.15,0.0298,5e-04,0.005,0.284,0.0991,1.45,0.005,0.0641,0.4825,0.2875,6.095,2.6,22900,0.243,0.2693,6.45
"POSE",2018-09-17 16:42:00,"POSE.W8.20180917",NA,0,0.0138,88.27,4.425,3.942,NA,0.667,1.0642,0.104,65.45,0.416,16.68,12.1813,NA,0.005,12.0439,NA,0.0213,5e-04,0.005,0.2593,0.0925,NA,0.005,0,1.036,NA,5.842,2.94,NA,0.272,0.0178,NA
"POSE",2019-02-27 13:56:00,"POSE.W1.20190227",372,0.0774,0.0184,83.27,2.028,3.802,1.42,0.852,0,0.07,64.59,1.735,18.92,11.9699,1.647,0.005,11.9576,121.18,0.0405,1.7794,1.63,0.3032,0.1113,1.16,0.005,0.0884,0.168,0.2238,5.236,1.25,18600,0.176,0.1622,6.89
"POSE",2019-02-27 14:38:00,"POSE.W3.20190227",1194,0.1505,0.0498,56.33,5.805,2.689,1.487,0.8932,0.3343,0.086,37.92,0.063,8.636,13.8006,1.907,0.005,6.7302,79.24,0.0406,2.0075,0.87,0.3376,0.0989,0.73,0.005,0.1678,0.4938,0.5374,3.891,0.38,59700,0.173,0.0896,6.85
"POSE",2019-02-27 15:21:00,"POSE.W6.20190227",318,0.0148,0.037,73.69,4.485,3.525,0.6668,0.9211,0.0134,0.077,52.64,0.031,13.88,11.0141,0.817,0.005,10.1717,104.11,0.04,5e-04,0.62,0.3006,0.0813,0.95,0.005,0.0197,0.2078,0.1597,4.399,1.04,15900,0.093,0.0967,6.58
"POSE",2019-02-27 16:10:00,"POSE.W8.20190227",358,0.0294,0.077,108.43,2.493,6.475,1.353,1.013,1.1097,0.069,81.41,0.004,15.71,4.9682,2.605,0.005,12.9242,153.61,0.0399,5e-04,1.22,0.4776,0.0759,1.62,0.005,0.0371,1.267,1.307,7.29,2.61,17900,0.223,0.1161,7.21
"GUIL",2017-05-31 12:46:00,"GUIL.W5.20170531",2556,NA,0.085,212.9,17.45,8.123,0.8044,0.6703,0.847,0.07,152.28,0.093,38.4,16.8,0.496,0,37.315,301.8,0.012,5e-04,0.18,0.2506,0.1277,2.52,0.005,NA,0.8915,0.9458,9.235,3.22,63900,0.562,0.085,6.51
"GUIL",2017-05-31 14:40:00,"GUIL.W6.20170531",1080,NA,0.153,358.8,29.91,20.388,0.5291,0.454,4.919,0.037,212.41,0.125,43.31,19.22,0.271,0,51.697,510.9,0.013,5e-04,0.15,0.2591,0.0997,3.5,0.005,NA,4.919,5.011,18.225,20.12,27000,1.923,0.075,6.91
"GUIL",2017-06-01 13:43:00,"GUIL.W1.20170601",4800,0.3441,0.052,265.4,14.43,11.567,2.216,0.6519,1.099,0.027,188.35,5e-04,37.84,15.13,0.842,0,41.83,374.1,0.007,5e-04,0.005,0.3195,0.1645,3.1,0.005,0.3856,1.179,1.368,12.355,6.8,120000,1.369,0.083,6.81
"GUIL",2017-06-01 15:10:00,"GUIL.W3.20170601",636,0.0145,0.065,391.1,15.55,16.903,0.475,0.5967,2.195,0.008,309.41,0.043,56.17,19.46,0.132,0,71.085,558.2,0.01,5e-04,0.005,0.264,0.1552,5.09,0.005,0.0187,2.233,2.295,16.977,8.09,15900,2.586,0.069,7.61
"GUIL",2018-05-30 12:08:00,"GUIL.W1.20180530",NA,0.1771,0.4473,325.47,14.766,8.711,NA,0.5912,1.8476,0.051,152.16,0.002,36.44,16.507,NA,0.005,33.8684,NA,0.0139,5e-04,3.5964,0.2313,0.1363,NA,0.005,0.205,1.636,NA,13.28,10.3022,NA,0.964,0.007,NA
"GUIL",2018-05-30 13:24:00,"GUIL.W3.20180530",NA,0.0032,0.0685,439.87,16.041,12.26,NA,0.5346,2.3914,0.023,230.25,5e-04,58.8,20.2477,NA,0.005,46.6566,NA,0.0134,5e-04,1.863,0.2504,0.0671,NA,0.005,0.0097,2.047,NA,18.36,8.7926,NA,1.821,0.0091,NA
"GUIL",2018-05-30 14:28:00,"GUIL.W6.20180530",NA,0.0136,0.1144,362.41,8.016,11.23,NA,0.5721,5.8889,0.084,167.15,5e-04,34.01,22.7425,NA,0.005,36.5111,NA,0.0136,5e-04,1.8642,0.2617,0.0136,NA,0.005,0.0206,5.137,NA,15.26,22.0829,NA,1.795,0.002,NA
"GUIL",2018-05-31 13:03:00,"GUIL.W5.20180531",72,0,0.1321,301.25,27.297,15.88,0.3273,0.9221,5.2688,0.092,213.61,0.004,42.76,20.7374,0.145,0.005,49.056,426.31,0.0146,5e-04,2.2405,0.2794,0.0186,3.942,0.005,0.007,4.385,4.294,20.59,25.2409,3600,1.425,0.0069,6.9
"GUIL",2018-10-09 13:35:00,"GUIL.W5.20181009",48,0.0206,0.0347,301.63,26.985,18.27,0.6399,0.6407,5.1551,0.079,229.42,5e-04,42.34,20.2189,0.4876,0.005,47.253,423.2,0.0299,5e-04,2.67,0.2287,0.0615,3.82,0.005,0.0252,5.097,5.039,20.21,15.37,2400,1.554,0.0673,6.96
"GUIL",2018-10-09 14:56:00,"GUIL.W6.20181009",6,0.0041,0.0506,232.62,8.628,13.96,0.357,0.6404,5.2738,0.125,201.23,5e-04,35.56,23.337,0.3488,0.005,38.2295,325.4,0.0231,5e-04,1.27,0.2308,0.1121,3.45,0.005,0.008,5.285,5.32,16.08,13.49,300,2.312,0.0497,6.8
"GUIL",2019-05-20 13:20:00,"GUIL.W6.20190520",2,0.0044,0.1095,217.66,60.9528,11.01,0.4618,1.145,4.935,0.105,108.51,0.003,49.28,20.3176,0.2844,0.005,31.8143,308.62,0,5e-04,0.005,0.2532,0.1524,1.87,0.005,0.0082,4.627,4.659,11.53,1.4085,100,1.786,0.0375,6.78
"GUIL",2019-05-20 15:30:00,"GUIL.W5.20190520",34,0.0099,0.0901,263.52,51.8658,13.8,1.521,1.54,4.836,0.1,148.12,0.072,55.27,17.2886,0.1893,0.005,38.5815,375.41,0.0161,0.1044,0.005,0.2555,0.1069,2.86,0.005,0.0163,4.51,4.483,14.17,8.5488,1700,1.277,0.0411,6.98
"GUIL",2019-05-21 13:21:00,"GUIL.W3.20190521",22,0.0056,0.0595,335.61,53.5455,12.05,0.6219,0.8635,0.2511,0.051,208.52,0.001,68.49,17.8485,0.4612,0.005,59.318,476.54,0,0.0254,2.2942,0.2348,0.1002,3.91,0.005,0.0077,2.194,2.283,14.61,3.8369,1100,1.777,0.0617,7.37
"GUIL",2019-05-21 14:57:00,"GUIL.W1.20190521",254,0.0192,0.0737,223.15,44.1042,8.812,1.393,0.6037,0.01,0.071,130.21,0.027,63.73,14.7014,0.5009,0.005,36.41,317.41,0,0.1559,0.005,0.2393,0.0828,2.33,0.005,0.0228,1.423,1.537,11.23,3.2378,12700,0.998,0.0503,6.66
"KING",2017-04-19 13:30:00,"KING.W1.20170419",4,0.0437,0.062,286.4,78.1,6.239,1.213,1.195,0.178,0.02,145.96,5e-04,77.1,6.54,0.071,0,42.028,410.4,0.007,5e-04,0.41,0.2953,0.1089,2.43,0.005,0.052,0.2177,0.2655,20.843,2.52,100,1.257,0,7.61
"KING",2017-04-19 14:15:00,"KING.W6.20170419",12,0.0146,0.071,331.1,53.65,8.208,0.8824,0.9316,0.35,0.023,221.41,5e-04,91.45,1.4,0.075,0,46.245,475.7,0.008,5e-04,0.33,0.2674,0.0991,3.74,0.005,0.019,0.3566,0.3574,25.491,2.96,300,1.158,0.015,7.35
"KING",2017-04-20 11:45:00,"KING.W8.20170420",36,0.0247,0.026,535.26,39.7905,6.546,1.33,1.107,0.101,0.021,414.961,0.002,91.61,6.6413,0.027,0,109.77,773.69,0.006,5e-04,0.3592,0.2617,0.0918,6.903,0.005,0.027,0.2262,0.1786,23.373,2.0392,900,1.1305,0.032,7.23
"KING",2017-04-20 12:50:00,"KING.W3.20170420",72,0.0162,0.047,600.89,44.9032,7.8018,1.289,1.066,0.084,0.022,472.634,0.0031,98.72,7.5776,0.053,0,122.63,871.21,0.01,5e-04,0.3257,0.2564,0.1,7.795,0.005,0.0172,0.1516,0.1586,26.83,2.6468,1800,1.4075,0.049,7.2
"KING",2017-06-26 14:15:00,"KING.W1.20170626",85,0.0054,0.022,510.9,35.0047,5.9453,0.9489,0.8684,0.102,0.028,401.29,5e-04,81.72,8.1613,0.0807,0,106.31,732.8,0,5e-04,0.3877,0.4213,0.0654,6.87,0.005,0.0092,0.2039,0.2178,20.996,1.7859,8500,1.5087,0.068,7.77
"KING",2017-06-26 15:33:00,"KING.W6.20170626",32,0.0054,0.0604,600.9,62.3488,8.4824,0.9379,0.7981,0.207,0.036,453.71,5e-04,95.53,9.0001,0.075,0,125.73,861.4,0.001,5e-04,0.3811,0.3141,0.0136,7.86,0.005,0.0119,0.3345,0.3517,25.712,2.7248,3200,1.2589,0.083,7.5
"KING",2017-06-26 16:28:00,"KING.W8.20170626",78,0.0054,0.0273,436.1,29.1651,6.3004,1.098,0.8093,0.073,0.029,381.24,5e-04,95.91,7.1734,0.029,0,77.717,621.8,0,5e-04,0.3578,0.3503,0,6.71,0.005,0.0102,0.1264,0.1847,24.522,1.6623,7800,1.1112,0.096,7.61
"KING",2017-06-26 17:25:00,"KING.W3.20170626",51,0.0117,0.0166,557.3,34.3462,6.7901,0.9193,0.7646,0.094,0.03,449.52,5e-04,93.68,7.5508,0.021,0,115.55,798.5,0.001,5e-04,0.3822,0.4868,0.0221,7.94,0.005,0.0177,0.1507,0.1607,24.038,1.714,5100,1.3267,0.107,7.5
"KING",2018-04-24 14:32:00,"KING.W4.20180424",2098,0.0192,0.0241,526.4,41.0049,0.117,0.6342,1.11,0.1652,0.066,215.42,5e-04,91.8,7.3023,0.6163,0.005,52.7668,742.5,0.0119,5e-04,0.005,0.3639,0.1299,3.86,0.005,0.0282,0.2718,0.2613,21.225,3.1873,104900,1.2522,0.0046,6.99
"KING",2018-04-24 15:50:00,"KING.W1.20180424",1742,0.0099,5e-04,531.9,41.892,0.332,0.7537,0.887,0.157,0.065,254.27,5e-04,92.74,7.2331,5e-04,0.005,63.9759,755.7,0.0143,5e-04,0.005,0.3601,0.0963,5.28,0.005,0.019,0.2217,0.233,21.6101,5e-04,87100,1.2825,0.0143,6.99
"KING",2018-04-24 16:59:00,"KING.W2.20180424",72,0.0112,0.0528,533.7,43.5936,0.205,0.6802,0.8401,0.1433,0.066,235.62,5e-04,93.63,6.8895,0.066,0.005,58.6699,760.4,0.0153,5e-04,0.005,0.4291,0.1115,3.92,0.005,0.0187,0.2558,0.2016,21.0511,5e-04,3600,1.1805,0.0455,6.9
"KING",2018-04-24 18:04:00,"KING.W8.20180424",164,0.0168,0.0177,533.2,42.0129,0.098,0.5767,0.9813,0.0784,0.065,205.63,5e-04,89.97,6.4701,0.0411,0.005,49.4283,757.1,0.0134,5e-04,0.005,0.381,0.0177,3.43,0.005,0.0265,0.1927,0.1531,21.6572,3.6005,8200,0.9563,0.0321,6.86
"KING",2018-07-02 14:03:00,"KING.W4.20180702",2518,0.0095,5e-04,408.7,48.84,5.846,0.9091,1.386,0.1706,0.024,179.12,5e-04,67.12,9.77,0.102,0.005,30.536,582.33,0.0161,5e-04,0.005,0.6729,0.0333,3.69,0.005,0.0133,0.596,0.5982,27.03,4.1145,125900,1.02,0.0353,7.59
"KING",2018-07-02 15:11:00,"KING.W1.20180702",1954,0.0258,0.011,469.8,49.92,5.631,0.6919,0.8276,0.2604,0.013,251.34,5e-04,47.21,9.35,0.017,0.005,53.433,673.11,0.0135,5e-04,0.005,0.7098,0.053,4.75,0.005,0.0354,0.4304,0.4697,27.58,2.3534,97700,1.078,0.0323,7.6
"KING",2018-07-02 17:15:00,"KING.W2.20180702",42,0.0148,0.026,466.4,51.99,5.51,0.6006,0.64,0.1657,0.025,256.42,5e-04,84.07,8.87,0.115,0.005,56.225,665.28,0.0129,5e-04,0.005,0.4589,0.0268,4.87,0.005,0.0233,0.2926,0.3282,27.321,2.5877,2100,0.981,0.0187,8.03
"KING",2018-07-02 19:15:00,"KING.W8.20180702",418,0.0044,0.013,266.3,49.44,5.831,0.5068,0.8865,0.1042,0.011,153.14,5e-04,78.05,9.05,0.114,0.005,22.505,382.24,0.0179,5e-04,0.005,0.3311,0.0606,3.62,0.005,0.01,0.2779,0.2344,27.22,4.9538,20900,0.812,0.1845,7.34
"KING",2019-05-01 14:21:00,"KING.W4.20190501",12,0.0044,0.0336,336.74,63.51,6.964,0.9404,1.048,0.0852,0.038,199.56,5e-04,69.75,8.9974,0.092,0.005,43.8688,479.25,0,5e-04,1.429,0.4608,0.1099,3.48,0.005,0.0109,0.1788,0.1905,27.36,3.9742,600,1.14,0.0172,7.35
"KING",2019-05-01 15:39:00,"KING.W1.20190501",36,0.0054,0.0321,291.41,35.82,5.427,1.021,1.142,0.0134,0.034,201.41,5e-04,78.39,7.2482,0.0948,0.005,42.6834,414.28,0,5e-04,1.0011,0.522,0.0368,3.59,0.005,0.0114,0.1507,0.131,20.87,1.7957,1800,1.108,0.0164,7.73
"KING",2019-05-01 16:57:00,"KING.W2.20190501",60,0.0066,0.0306,306.47,34.68,5.946,1.079,0.9691,0,0.036,212.31,5e-04,99.99,8.1637,0.1482,0.005,40.5234,436.11,0,5e-04,1.1711,0.5145,0.0621,3.59,0.005,0.0112,0.0817,0.09,24.76,3.5229,3000,1.136,0.014,7.27
"KING",2019-05-01 17:58:00,"KING.W8.20190501",14,0.0068,0.0269,290.63,31.17,6.225,0.8145,0.8747,0.0015,0.035,203.69,5e-04,96.87,7.2009,0.0451,0.005,34.3194,413.68,0,5e-04,1.1591,0.409,0.1358,3.65,0.005,0.0109,0.1066,0.1274,25.66,3.6904,700,0.925,0.0327,7.36
"KING",2019-06-19 14:10:00,"KING.W4.20190619",10,0.0141,0.0533,673.65,75.06,6.867,1.196,1.053,0.8373,0.039,477.68,5e-04,106.4,9.3302,0.0734,0.005,140.481,960.25,0,0.0011,1.7793,0.2911,0.1188,7.92,0.005,0.0213,0.7806,0.6798,27.11,3.8121,500,1.386,0.0514,7.01
"KING",2019-06-19 15:11:00,"KING.W1.20190619",4,0.0143,0.0583,476.14,27.987,4.722,1.206,1.188,0.1063,0.036,368.42,5e-04,83.22,7.5535,0.077,0.005,99.1768,675.08,0,5e-04,1.2094,0.2351,0.1296,6.75,0.005,0.0231,0.1721,0.1525,18.54,2.541,200,1.246,0.0406,7.21
"KING",2019-06-19 16:42:00,"KING.W2.20190619",8,0.0031,0.0461,555.17,22.191,4.582,0.9739,0.9048,0.0569,0.805,447.64,5e-04,95.16,7.563,0.072,0.005,116.352,792.16,0,5e-04,1.4279,0.3914,0.1421,7.86,0.005,0.0107,0.0845,0.0582,22.68,2.7773,400,1.114,0.0386,6.93
"KING",2019-06-19 17:48:00,"KING.W8.20190619",10,0.0102,0.039,564.92,27.237,5.287,0.956,0.8513,0.0864,0.031,452.69,0.004,91.54,7.1367,0.1418,0.005,116.026,804.11,0,0.0083,1.5677,0.5487,0.141,7.73,0.005,0.0128,0.0993,0.1218,23.7,2.2141,500,0.974,0.0278,7.05
"WALK",2017-02-21 15:15:00,"WALK.W1.20170221",96,0.0281,0.0065,220.64,6.6618,0.6783,0.639,0.574,0.091,0.035,195.21,0.0023,40.82,3.9011,0.012,0.005,39.222,324.9,0.041,0.0393,0.4259,0.2635,0.0909,3.357,0.005,0.0289,0.1077,0.1005,17.5255,1.2849,96000,0.8217,0.015,7.72
"WALK",2017-02-21 16:15:00,"WALK.W2.20170221",28,0.0292,0.0175,148.69,2.9364,0.649,0.8156,0.7215,0.035,0.031,132.35,0.1921,28.17,3.5656,0.021,0.005,26.702,215.4,0.022,0.0113,0.005,0.2534,0.12,2.369,0.005,0.0323,0.1043,0.1181,11.2495,1.0877,28000,0.636,0.052,7.55
"WALK",2017-07-06 14:35:00,"WALK.W3.20170706",21,0.0077,5e-04,172.57,2.3782,0.5827,0.6186,0.5412,0.053,0.044,131.29,5e-04,31.21,4.1735,0.004,8.57,26.997,268.6,0.004,5e-04,0.005,0.2555,0.0738,2.358,0.005,0.0128,0.0755,0.1055,13.261,0.9333,2100,0.6713,0.08,8.52
"WALK",2018-02-21 16:24:00,"WALK.W1.20180221",54,0.1003,0.002,243.4,5.95,0.866,0.4562,0.3878,0.1124,0.06,177.28,5e-04,41.37,3.4,0.003,0.005,34.549,346.1,0.013,5e-04,0.56,0.2717,0.0681,5.97,0.005,0.1068,0.1355,0.1569,15.662,0.15,2700,0.729,0.1247,7.74
"WALK",2018-02-21 17:08:00,"WALK.W2.20180221",8,0.0114,0.001,114.1,3.25,0.8,0.4857,0.5641,0.0309,0.071,76.54,0.003,18.23,3.2,0.002,0.005,16.227,161.8,0.0119,5e-04,0.005,0.27,0.0146,1.37,0.005,0.0163,0.0544,0.0577,6.588,2.15,400,0.434,0.1144,7.38
"WALK",2018-08-07 13:00:00,"WALK.W3.20180807",16,0.001,5e-04,177.35,2.067,0.693,0.6922,1.045,0.0793,0.013,172.54,5e-04,35.81,5.4473,0.003,0.005,27.5143,252.61,0.0198,5e-04,0.005,0.33,0.0971,2.97,0.005,0.0024,0.1682,0.1121,17.89,2.1298,800,5e-04,0.0342,7.62
"WALK",2018-08-07 14:15:00,"WALK.W1.20180807",46,0,5e-04,256.18,6.921,0.834,0.6112,0.7794,0.1003,0.01,220.7446,5e-04,43,4.3732,0.004,0.005,38.4374,365.29,0.0178,5e-04,0.8049,0.3887,0.1182,3.98,0.005,0,0.1316,0.1277,21.42,2.2769,2300,0.773,0,7.85
"WALK",2018-08-07 15:20:00,"WALK.W2.20180807",8,0.0048,0.0015,181.11,2.556,1.061,0.681,0.7366,0.0444,0.013,152.24,5e-04,37.98,5.4569,0.0352,0.005,24.4982,257.7,0.0182,5e-04,0.005,0.3072,0.0993,2.63,0.005,0.0053,0.1018,0.0778,16.37,3.4078,400,5e-04,0.0356,7.54
"WALK",2019-02-19 14:47:00,"WALK.W3.20190219",16,0.0054,0.0315,76.19,5.049,0.434,0.5025,0.6847,0,0.146,52.17,5e-04,12.27,4.2277,0.429,0.005,11.9211,110.19,0.0572,0.0219,0.46,0.282,0.07,0.97,0.005,0.0056,0.1275,0.0539,5.642,4.176,800,0.364,0.1109,7.72
"WALK",2019-02-19 16:04:00,"WALK.W1.20190219",16,0,0.0017,233.42,6.078,0.674,0.6241,0.6531,0.0212,0.182,184.21,5e-04,40.81,4.203,0.511,0.005,36.6877,335.42,0.0571,5e-04,0.6954,0.2559,0.1238,3.08,0.005,0,0.1541,0.1589,17.83,7.1197,800,0.769,0.1026,7.93
"WALK",2019-02-19 17:06:00,"WALK.W2.20190219",0,0.0068,0.0224,89.56,3.216,0.488,0.7372,0.7269,0,0.154,64.58,0.008,14.33,3.6767,0.423,0.005,14.4242,126.27,0.057,0.0028,0.68,0.2748,0.1355,1.59,0.005,0.008,0.1006,0.1216,6.073,4.2154,0,0.368,0.0585,7.61
"WALK",2019-06-19 13:18:00,"WALK.W3.20190619",16,0.0114,0.0333,190.39,4.164,0.557,0.775,1.245,0.0769,0.033,153.64,5e-04,37.91,4.4913,0.044,0.005,29.1642,270.11,0,5e-04,1.3722,0.4138,0.1348,2.75,0.005,0.0116,0.1049,0.0365,14.35,1.3671,800,0.66,0.0237,7.34
"WALK",2019-06-19 14:57:00,"WALK.W1.20190619",8,0.0139,0.0155,238.69,8.376,0.651,0.4503,0.7131,0.0997,0.029,184.17,5e-04,44.68,3.9924,0.041,0.005,38.2369,338.99,0,0.01,0.5847,0.2514,0.1351,3.24,0.005,0.0156,0.1035,0.0864,17.03,6.0158,400,0.749,0.0312,7.44
"WALK",2019-06-19 16:23:00,"WALK.W2.20190619",4,0.0068,0.0212,203.26,4.707,0.63,0.5909,0.6276,0.0613,0.029,164.53,5e-04,40.2,4.2276,0.0901,0.005,36.0341,289.43,0,5e-04,1.0626,0.2493,0.1185,2.79,0.005,0.0082,0.0815,0.0419,12.77,2.4551,200,0.624,0.0299,7.35
"BLWA",2019-02-14 17:39:00,"BLWA.W1.20190214",556,0.015,0.0418,43.08,1.728,5.452,4.245,0.6613,0,0.08,21.54,0.148,12.14,11.5628,1.1805,0.005,5.1715,61.28,0.0534,1.5551,0.025,0.3538,0.1181,0.53,0.005,0.0199,0.167,0.4057,1.158,8.0529,27800,0.528,0.0825,5.88
"BLWA",2019-02-14 18:35:00,"BLWA.W2.20190214",54,0.1646,0.6986,858.15,50.46,234.5,1.776,1.352,0,0.237,175.17,0.19,32.7,19.202,1.2779,0.005,27.8763,1225.38,0.0571,4.1507,2.323,0.3116,0.0962,2.98,0.005,0.1768,0.1842,0.2198,7.385,285.9195,2700,0.645,0.1431,6.67
"BLWA",2019-02-14 19:39:00,"BLWA.W3.20190214",36,0.0554,0.139,39.11,4.23,8.692,0.9755,0.6401,0,0.056,9.28,5e-04,7.105,9.7422,0.843,0.005,1.985,55.61,0.0531,0.3612,0.5,0.3255,0.0899,0.18,0.005,0.0576,0.0945,0.1151,0.563,9.36,1800,0.327,0.0735,5.57
"BLWA",2019-06-17 16:07:00,"BLWA.W1.20190617",62,0.053,0.0877,42.39,2.304,4.847,0.9279,0.5606,0.0499,0.029,2.62,0.204,12.88,10.8938,0.7476,0.005,5.1326,58.64,0,2.7469,3.8401,0.2585,0.1237,0.05,0.005,0.0602,0.1641,0.1856,1.194,10.0838,3100,0.496,0.1108,6.43
"BLWA",2019-06-17 18:15:00,"BLWA.W2.20190617",144,0.1331,1.0204,437.18,23.793,113.4,1.566,0.9014,0.0108,0.03,89.41,0.148,26.54,20.6542,2.2681,0.005,18.7782,623.52,0,8.1137,2.2951,0.2662,0.1039,1.61,0.18,0.153,0.1602,0.2555,3.96,144.6332,7200,1.098,0.1412,6.66
"BLWA",2019-06-17 19:11:00,"BLWA.W3.20190617",10,0.0309,0.0627,13.06,6.99,9.312,1.248,0.5516,0.0137,0.048,13.29,0.046,8.79,7.9319,0.0673,0.005,1.332,52.17,0,0.1834,0.371,0.2384,0.1344,0.28,0.005,0.0366,0.1189,0.1198,0.477,4.56,500,0.267,0.0687,5.86
"MAYF",2017-03-13 16:00:00,"MAYF.W1.20170313",72,0.0757,0.003,15.87,2.34,1.712,3.104,2.399,0,0.025,7.752,0.0212,9.106,5.7874,0.004,0.005,1.213,23.45,0.009,5.1531,0.005,0.2989,0.0895,0.137,0.124,0.1034,0.2049,0.2633,0.651,1.8256,1800,1.507,0.056,5.61
"MAYF",2017-03-13 17:27:00,"MAYF.W3.20170313",44,0.0495,0.017,14.29,1.9378,1.0689,1.927,0.3469,0.019,0.025,7.358,0.0041,5.757,7.5526,0.019,0.005,1.0569,21.43,0.013,0.343,0.005,0.3047,0.1114,0.135,0.005,0.0559,0.0765,0.0276,0.567,1.5154,1100,2.3298,0,5.85
"MAYF",2017-03-13 17:55:00,"MAYF.W8.20170313",140,0.1108,0.001,12.04,3.1688,1.9446,2.323,1.156,0.001,0.029,2.525,0.0649,4.795,7.5312,0.003,0.005,0.5714,16.01,0.01,1.2935,0.005,0.3927,0.1364,0.052,0.005,0.1302,0.0276,0.2258,0.5223,1.899,3500,0.1279,0,5.21
"MAYF",2017-03-13 19:24:00,"MAYF.W6.20170313",148,0.4553,0.014,10.12,1.7303,1.0447,1.888,0.958,0.001,0.068,2.419,0.1498,4.258,6.7686,0.017,0.005,0.5613,12.98,0.013,9.2299,0.005,0.2815,0.1128,0.058,0.005,0.5272,0.0276,0.2533,0.5739,1.8412,3700,0.3875,0.074,5.63
"MAYF",2017-08-30 15:29:00,"MAYF.W1.20170830",34,0.0989,0.0155,16.1,0.8519,1.4492,1.291,1.786,0.0319,0.029,9.91,0.0266,10.04,2.5386,0.017,0,1.212,22.7,0.0037,1.7263,0.005,0.3501,0.079,0.174,0.005,0.134,0.1076,0.1075,0.7906,2.0538,1700,1.9335,0.0625,5.6
"MAYF",2017-08-30 17:12:00,"MAYF.W3.20170830",30,0.0112,0.017,20.1,1.4953,1.1719,1.466,0.312,0.0479,0.029,13.75,0.0076,5.469,2.8981,0.021,0,1.6571,28.4,0.004,0.0174,0.005,0.3217,0.0262,0.234,0.005,0.0156,0.0581,0.1339,0.8774,1.3984,1500,3.4834,0.0751,5.96
"MAYF",2018-03-14 15:54:00,"MAYF.W1.20180314",498,0.1394,5e-04,19.68,1.02,1.586,4.256,1.955,0.004,0.073,0.721,0.014,5.27,5.34,0.009,0.005,1.265,29.17,0.0164,0.316,0.005,0.3905,0.1004,0.02,0.005,0.1675,0,0.1549,0.533,6.21,24900,1.335,0.0515,5.24
"MAYF",2018-03-14 16:35:00,"MAYF.W2.20180314",26,0.1222,0.002,13.627,1.26,2.227,4.337,3.508,9e-04,0.09,0.835,0.025,2.87,4.36,0.008,0.005,0.857,17.91,0.0166,0.292,0.005,0.3298,0.0657,0.02,0.005,0.178,0.0075,0.0512,0.553,5.62,1300,0.592,0.0078,4.78
"MAYF",2018-03-14 17:38:00,"MAYF.W7.20180314",14,0.0107,0.001,20.69,1.01,2.384,0.6963,0.5897,0.0239,0.083,6.21,0.003,4.125,5.38,0.005,0.005,3.201,27.28,0.0163,0.001,0.005,0.2612,0.1165,0.13,0.005,0.0146,0,0,0.752,8.52,700,1.563,0.0079,5.21
"MAYF",2018-03-14 18:20:00,"MAYF.W8.20180314",150,0.0253,0.003,16.54,1.21,2.247,3.649,1.468,0.0038,0.119,14.28,0.042,4.687,5.7,0.01,0.005,2.564,21.87,0.0159,0.014,0.005,0.3397,0.0626,0.28,0.005,0.0372,0,0.0622,2.451,5.99,7500,0.211,0,4.57
"MAYF",2018-09-04 15:07:00,"MAYF.W1.20180904",54,0.1681,0.0072,11.41,0.708,0.851,2.326,2.208,0,0.016,7.53,0.013,11.73,7.4657,0.009,0.005,0.9225,16.21,0.021,2.0014,0.005,0.2898,0.0814,0.129,0.005,0.2169,0.1311,0.1451,0.768,0.6958,2700,0.414,0.019,5.41
"MAYF",2018-09-04 16:28:00,"MAYF.W2.20180904",80,0.0996,0.0109,9.21,1.737,0.965,4.355,3.943,0.0099,0.014,5.33,0.024,7.981,6.9295,0.015,0.005,0.5935,13.02,0.0187,0.4022,0.005,0.7946,0.0947,0.092,0.005,0.1496,0.1454,0.203,0.458,0.198,4000,0.724,0.0272,5.12
"MAYF",2018-09-04 17:59:00,"MAYF.W7.20180904",16,0.0131,0.002,11.28,0.702,0.662,0.3822,0.3276,0.0221,0.013,8.72,5e-04,5.25,6.3007,0.003,0.005,1.004,16.02,0.0175,0.0076,0.005,0.2794,0.0802,0.157,0.005,0.0165,0.0778,0.0578,0.733,0.0445,800,0.68,0.0187,5.8
"MAYF",2018-09-04 19:46:00,"MAYF.W8.20180904",34,0.0451,0.0131,10.63,1.374,0.877,2.234,2.006,0.029,0.056,6.42,0.043,12.13,6.4181,0.017,0.005,0.8816,16.01,0.0245,0.0735,0.005,0.4545,0.1201,0.118,0.005,0.0631,0,0,0.781,0.5719,1700,0.108,0.0211,5.09
"MAYF",2019-03-06 15:40:00,"MAYF.W1.20190306",44,NA,NA,NA,NA,NA,2.455,NA,NA,NA,NA,NA,NA,NA,0.315,NA,NA,8.81,NA,NA,NA,0.4007,0.1024,0.03,NA,NA,NA,0.119,NA,NA,2200,NA,NA,5.78
"MAYF",2019-03-06 16:28:00,"MAYF.W2.20190306",NA,0.0094,5e-04,5.98,1.4,0.714,NA,2.391,0,0.07,1.52,0.019,2.566,3.87,NA,0.005,0.443,NA,0.0395,0.061,0.005,0.3616,0.0879,NA,0.005,0.0155,0.0705,NA,0.296,1.22,NA,0.433,0.0786,NA
"MAYF",2019-03-06 17:11:00,"MAYF.W8.20190306",198,0.0464,5e-04,8.25,0.45,0.758,4.019,1.142,0,0.039,2.45,0.037,6.747,5.8341,0,0.005,0.6138,11.53,0.0418,0.0165,0.005,0.5535,0.1202,0.06,0.005,0.0568,0.0364,0.1789,0.427,1.69,9900,0.059,0.0936,5.45
"MAYF",2019-03-06 17:56:00,"MAYF.W7.20190306",20,0.0366,5e-04,7.09,1.434,1.005,0.9096,0.2235,0,0,4.39,0.004,4.267,5.6272,0.001,0.005,0.9047,17.46,0.0394,0.0255,0.005,0.3707,0.0786,0.09,0.005,0.0452,0.009,0.0309,0.521,2.2107,1000,1.307,0.0876,5.89
"TOMB",2019-02-12 17:24:00,"TOMB.W1.20190212",12,NA,0.022,35.69,5.397,5.28,3.227,NA,NA,NA,7.95,0.023,NA,20.1288,0.0265,0.005,3.4739,48.56,NA,1.3053,0.56,0.3035,0.1123,0.19,0.005,NA,NA,0.102,0.759,6.9095,600,0.509,NA,5.97
"TOMB",2019-02-12 18:34:00,"TOMB.W2.20190212",126,0.0915,0.0833,30.28,6.414,5.927,2.611,1.071,0,0.355,4.18,0.047,12.67,17.8047,0.1864,0.005,1.9566,41.82,0.0528,0.9046,0.39,0.2897,0.0746,0.09,0.005,0.1129,0.1176,0.2698,0.538,6.465,6300,0.307,0.0348,5.45
"TOMB",2019-02-12 19:40:00,"TOMB.W3.20190212",50,0.1294,NA,NA,NA,NA,1.424,0.5702,0,0.315,NA,NA,10.67,NA,0.1099,NA,NA,35.72,0.0524,NA,NA,0.2931,0.0789,0.25,NA,0.1557,0.0658,0.1844,NA,NA,2500,NA,0.0945,5.3
"TOMB",2019-08-13 17:15:00,"TOMB.W1.20190813",12,0.008,0.053,50.9,NA,3.168,0.6064,0.6938,0.0069,0,4.45,0.18,19.47,21.59,0.078,0.005,4.955,71.15,0,1.927,2.64,NA,NA,0.08,0.005,0.0044,0.0482,0.0306,0.532,3.07,600,0.299,0.0395,5.91
"TOMB",2019-08-13 18:34:00,"TOMB.W2.20190813",68,0.0986,0.054,36.4,NA,4.194,0.9144,0.5653,0.0054,0.025,4.85,0.055,25.02,28,0.065,0.005,1.953,54.24,0,1.01,0.12,NA,NA,0.09,0.005,0.1142,0.045,0.052,0.498,4.8,3400,0.265,0.0047,5.5
"TOMB",2019-08-13 19:38:00,"TOMB.W3.20190813",248,0.1187,0.067,55.4,NA,5.251,0.854,0.6003,0.0054,0.016,14.62,0.052,30.38,28.67,0.077,0.005,5.755,81.28,0,1.18,3.53,NA,NA,0.28,0.005,0.1214,0.0852,0.0663,0.76,3.23,12400,0.833,0.0389,6
"ARIK",2017-04-06 17:55:00,"ARIK.W2.20170406",28,0.0211,0.008,301.3,13.36,24.19,0.7513,0.9885,2.07,0.026,251.36,5e-04,44.48,1.11,0.012,0,47.243,433.7,0.012,5e-04,1.15,0.7425,0.2349,4.21,0.005,0.0255,2.091,2.086,15.539,7.48,700,6.702,0.001,7.76
"ARIK",2017-04-06 19:28:00,"ARIK.W5.20170406",12,0.0706,0.062,435.7,4.75,32.085,2.984,3.097,0,0.032,345.21,0.066,72.96,2.16,0.065,0,63.77,625.3,0.011,0.006,1.11,0.7453,0.1849,5.75,0.005,0.0984,0.261,0.2499,18.14,9.85,300,8.12,0.06,7.5
"ARIK",2017-04-06 20:37:00,"ARIK.W4.20170406",8,0.153,0.032,431.4,0.77,34.607,3.88,3.763,0.003,0.032,358.72,0.098,81.02,1.28,0.038,0,56.148,619.3,0.011,0.039,1.28,0.2995,0.0306,5.91,0.005,0.2021,0.324,0.3817,20.419,7.3,200,8.429,0.172,7.66
"ARIK",2017-04-06 21:45:00,"ARIK.W1.20170406",8,0.0204,0.013,304.9,15.27,26.103,1.003,1.054,1.722,0.024,252.32,0.003,45.36,4.12,0.015,0,46.54,435.9,0.033,5e-04,1.11,0.7567,0.0923,4.24,0.005,0.0248,1.725,1.726,15.24,5.88,200,7.375,0.008,7.88
"ARIK",2018-04-19 15:03:00,"ARIK.W2.20180419",12,0.0073,0.0225,310.8,14.9789,16.4495,0.831,1.121,1.9016,0.03,232.37,5e-04,46.3,25.2564,0.025,0.005,43.5673,441.9,0.0131,5e-04,0.005,0.2971,0.0385,4.15,0.005,0.0173,1.957,1.967,13.1331,9.7024,600,5.6482,0.0151,7.57
"ARIK",2018-04-19 16:02:00,"ARIK.W5.20180419",6,0.0615,0.0073,449.2,5.288,22.4984,2.972,3.049,0.0155,0.068,375.49,0.142,78.65,26.4053,0.0204,0.005,75.0327,635.2,0.0135,0.0497,0.005,0.3005,0.0494,0.56,0.005,0.0967,0.4411,0.4301,16.1214,11.5322,300,7.0356,0.0699,7.29
"ARIK",2018-04-19 16:47:00,"ARIK.W4.20180419",6,0.146,0.0417,467.4,1.0875,24.83,3.82,4.012,0.0117,0.068,407.69,0.3413,84.19,26.228,0.0599,0.005,77.0937,665.6,0.0135,0.3176,0.005,0.2653,0.0598,6.93,0.005,0.2003,0.0631,0.4035,18.758,9.6334,300,7.4329,0.1624,7.28
"ARIK",2018-04-19 17:41:00,"ARIK.W1.20180419",16,0.0138,0.016,304.6,15.8035,17.8779,0.9427,1.126,1.6617,0.064,241.69,5e-04,46.61,26.4415,0.0374,0.005,44.2006,432.9,0.0127,5e-04,0.005,0.3187,0.0487,4.02,0.005,0.0207,1.742,0.0631,13.0623,7.3065,800,6.313,0.0077,7.66
"ARIK",2018-08-07 14:44:00,"ARIK.W2.20180807",20,0.0041,5e-04,282.47,15.657,19.34,0.4807,0.5189,1.6376,1.649,249.4124,0.001,45.6,29.4864,0.004,0.005,40.1768,393,0.0262,5e-04,0.4983,0.4116,0.052,4.91,0.005,0.0065,2.058,1.977,17.02,7.7427,1000,5.728,0.0043,7.91
"ARIK",2018-08-07 15:34:00,"ARIK.W5.20180807",14,0.0542,0.0551,367.98,7.422,25.84,2.964,2.746,0.0119,0.082,360.7772,0.089,74.83,29.5847,0.078,0.005,61.819,553.5,0.0165,0.0099,0.005,0.3887,0.091,6.35,0.005,0.0787,0.2864,0.3701,20.25,9.9832,700,6.516,0.059,7.55
"ARIK",2018-08-07 16:29:00,"ARIK.W4.20180807",2,0.1588,0.0276,421.63,1.656,30.46,3.81,4.157,0.0152,0.019,431.8702,0.323,87.88,32.0287,0.0831,0.005,71.717,600.6,0.0181,0.1086,0.005,0.3982,0.0824,7.84,0.005,0.2108,0.4754,0.443,23.93,14.2979,100,8.189,0.1833,7.68
"ARIK",2018-08-07 17:20:00,"ARIK.W1.20180807",10,0.0122,5e-04,285.41,17.835,20.87,0.6186,0.6702,0.9735,0.015,265.744,0.018,49.43,29.0001,0.002,0.005,43.7639,403.1,0.0154,0.0021,0.4352,0.3628,0.0573,4.58,0.005,0.019,1.463,1.486,17.74,6.3425,500,6.01,0.027,7.94
"ARIK",2019-04-02 15:00:00,"ARIK.W2.20190402",30,0.0158,0.0112,288.73,14.406,18.25,0.8035,0.9562,2.3626,0.034,203.19,5e-04,47.82,27.7531,0.296,0.005,40.7277,411.12,0,0.003,2.8745,0.4594,0.0983,3.84,0.005,0.0182,2.091,2.106,13.72,10.1221,1500,5.066,0.0762,7.63
"ARIK",2019-04-02 16:25:00,"ARIK.W1.20190402",10,0.0088,0.0171,293.64,15.465,19.14,0.7284,0.7679,1.9199,0.041,218.38,5e-04,49.57,29.0689,0.106,0.005,41.7643,421.27,0,5e-04,2.9164,0.3666,0.0838,3.78,0.005,0.0131,1.677,1.674,13.7,4.4024,500,5.585,0.0112,7.74
"ARIK",2019-04-02 17:45:00,"ARIK.W4.20190402",8,0.1544,0.0711,425.95,1.257,26.36,4.164,4.151,0,0.039,352.69,0.215,89.99,27.7778,0.3,0.005,64.1444,610.58,0,0.4662,2.8672,0.3534,0.0804,5.92,0.005,0.203,0.4157,0.4037,19.09,5.8668,400,6.515,0.1812,7.5
"ARIK",2019-04-02 18:55:00,"ARIK.W5.20190402",32,0.0061,0.0608,436.72,4.029,26.26,3.591,3.522,0,0.046,367.41,0.09,88.4,30.5181,0.309,0.005,70.5778,625.41,0,0.0622,0.5695,0.3303,0.0409,6.58,0.005,0.0087,0.342,0.3242,17.3,4.9027,1600,6.211,0.1282,7.43
"ARIK",2019-08-06 13:19:00,"ARIK.W1.20190806",50,0.1584,0.016,271.7,NA,17.38,0.8787,0.9662,1.4681,0.035,204.04,0.001,48.89,41.32,0.067,0.005,40.319,389.1,0.0015,0.013,2.89,NA,NA,3.58,0.005,0.236,1.339,1.364,13.49,8.43,2500,5.803,0.0152,7.55
"ARIK",2019-08-06 14:25:00,"ARIK.W2.20190806",42,0.0044,0.016,260.2,NA,16.84,0.9624,0.8611,2.09,0.031,190.52,0.006,45.46,43.88,0.091,0.005,37.593,373.1,2e-04,0.013,2.84,NA,NA,3.33,0.005,0.0114,1.826,1.818,12.98,10.28,2100,5.613,0.627,7.59
"ARIK",2019-08-06 15:55:00,"ARIK.W5.20190806",14,0.074,0.047,367,NA,22.62,2.984,3.014,0.0119,0.042,324.56,0.113,78.44,43.2,0.074,0.005,65.685,522.7,0,0.094,1.16,NA,NA,5.95,0.005,0.117,0.2164,0.1837,15.78,9.31,700,6.348,0.1055,7.41
"ARIK",2019-08-06 16:39:00,"ARIK.W4.20190806",4,0.178,0.085,406.5,NA,25.84,4.534,4.27,0.0196,0.043,353.88,0.295,84.05,44.44,0.102,0.005,67.789,579.7,7e-04,1.026,1.04,NA,NA,5.92,0.005,0.2426,0.4015,0.3893,18.39,10.13,200,7.704,0.1962,7.37
"BLUE",2017-05-08 16:36:00,"BLUE.W1.20170508",212,0,0.004,598.43,78.3017,15.787,2.356,0.5624,3.404,0.016,356.112,5e-04,76.09,7.448,0.005,0,122.83,847.25,0.006,5e-04,0.0717,0.3136,0.1337,5.964,0.005,0.0049,3.657,3.81,19.903,27.1353,5300,1.2387,0.008,7.33
"BLUE",2017-05-08 18:26:00,"BLUE.W3.20170508",12,0.0136,0.0395,702.46,62.739,9.983,1.345,1.035,0,0.014,521.394,5e-04,95.46,15.657,0.042,0,121.74,998.24,0.006,5e-04,0.2007,0.4533,0.1097,8.623,0.005,0.023,0.0987,0.2316,42.144,8.339,300,1.3473,0.02,7.28
"BLUE",2017-05-08 20:39:00,"BLUE.W8.20170508",44,0.0119,0.03,427.69,15.6424,4.7633,1.836,0.8264,0.035,0.015,335.363,5e-04,109,12.583,0.032,0,74.025,607.99,0.008,5e-04,0.0354,1.0586,0.0149,5.594,0.005,0.0199,0.1343,0.1356,23.992,4.3024,1100,1.2254,0.024,7.53
"BLUE",2017-05-08 22:49:00,"BLUE.W6.20170508",316,0.017,0.013,501.26,9.6304,6.0596,3.883,0.5892,0.118,0.014,404.296,5e-04,91.19,5.8769,0.015,0,69.3,702.54,0.006,0.0015,0.056,0.282,0.1108,6.741,0.005,0.0241,0.2058,0.3715,38.757,6.0232,7900,1.8024,0.015,7.7
"BLUE",2017-09-11 18:09:00,"BLUE.W6.20170911",46,0.0037,0.0093,312.9,9.7823,6.5843,0.6005,0.6749,0.1165,0.012,250.18,5e-04,94.31,2.3564,0.012,0,22.029,447.8,0.0096,0.0041,0.005,0.3377,0.1015,4.531,0.005,0.0083,0.0656,0.0963,36.323,5.5457,2300,1.998,0.1158,7.35
"BLUE",2017-09-13 16:13:00,"BLUE.W3.20170913",10,0.0104,0.0162,342.1,5.0285,4.37,0.8168,0.8315,0.0292,0.009,280.19,5e-04,94.29,4.8787,0.018,0,45.424,482.6,0.0091,0.0047,0.2972,0.316,0.0798,4.619,0.005,0.0141,0.009,0.0204,27.602,3.3209,500,1.1853,0.1048,7.45
"BLUE",2017-09-13 18:22:00,"BLUE.W8.20170913",54,0.0185,0.0293,363.2,13.549,5.265,1.12,1.245,0.0205,0.013,282.56,5e-04,102.6,4.74,0.031,0,51.428,510.3,0.0083,0.0017,0.1673,0.4421,0.1279,4.71,0.005,0.0255,0.045,0.0282,26.636,4.7548,2700,2.4027,0.1255,7.63
"BLUE",2018-10-15 19:28:00,"BLUE.W7.20181015",2,0.1693,0.0123,603.12,13.809,17.65,2.423,2.272,0.0552,0.069,490.0475,0.104,159,10.9667,0.4587,0.005,87.8585,861.42,0.0231,5e-04,0.005,0.2958,0.0482,8.23,0.005,0.1345,0.2399,0.2514,37.13,11.49,100,2.613,0.0551,7.25
"BLUE",2018-10-15 21:14:00,"BLUE.W4.20181015",2,0.015,0.0238,306.52,7.767,4.873,1.366,1.23,0.355,0.094,277.2786,5e-04,105.8,13.1555,0.0949,0.005,22.7042,436.92,0.0213,5e-04,0.005,0.2987,0.1023,4.65,0.005,0.0269,0.4637,0.4839,40.22,9.36,100,0.345,0.0111,7.27
"BLUE",2019-04-08 19:06:00,"BLUE.W8.20190408",24,0.0172,0.0276,463.14,10.947,3.854,2.443,1.141,0.0282,0.036,374.61,5e-04,105,13.2645,0.254,0.005,90.3229,664.23,0,5e-04,2.3875,1.4021,0.0996,6.33,0.005,0.0281,0.1383,0.1398,23.2,5.3952,1200,0.642,0.0443,7.29
"BLUE",2019-04-09 17:10:00,"BLUE.W2.20190409",4,0.0345,0.012,666.47,84.99,13.24,2.078,2.015,0,0.029,461.15,0.083,96.91,8.8423,0.0255,0.005,130.359,951.15,0,0.2446,0.7292,0.3403,0.0715,7.72,0.005,0.0515,0.1239,0.13,28.78,3.7203,200,0.689,0.0591,7.32
"BLUE",2019-04-09 19:25:00,"BLUE.W4.20190409",18,0.0082,0.0418,621.43,9.138,5.291,1.04,0.9104,0.018,0.031,518.72,0.01,90.37,9.2803,0.0871,0.005,102.627,886.41,0,5e-04,0.6799,0.3632,0.114,8.71,0.005,0.016,0.127,0.1404,41.66,4.4201,900,0.194,0.0978,7.33
"BLUE",2019-04-10 17:30:00,"BLUE.W7.20190410",20,0.0257,0.012,646.94,8.943,7.203,1.386,1.19,0,0.034,539.54,0.191,109.3,8.089,0.167,0.005,100.607,922.64,0,0.0035,1.2706,0.3502,0.0994,8.94,0.005,0.0281,0.0622,0.102,46.23,4.3648,1000,0.487,0.0433,7.48
"BLUE",2019-08-12 17:25:00,"BLUE.W2.20190812",8,NA,NA,NA,NA,NA,1.482,NA,NA,NA,NA,NA,NA,NA,0.092,NA,NA,788.5,NA,NA,NA,NA,NA,7.25,NA,NA,NA,0.1211,NA,NA,400,NA,NA,7.19
"BLUE",2019-08-12 19:16:00,"BLUE.W8.20190812",48,NA,NA,NA,NA,NA,1.109,NA,NA,NA,NA,NA,NA,NA,0.087,NA,NA,695.1,NA,NA,NA,NA,NA,7.82,NA,NA,NA,0.0771,NA,NA,2400,NA,NA,7.33
"BLUE",2019-08-14 17:49:00,"BLUE.W4.20190814",80,NA,NA,NA,NA,NA,1.676,NA,NA,NA,NA,NA,NA,NA,0.166,NA,NA,794.3,NA,NA,NA,NA,NA,8.75,NA,NA,NA,0.1025,NA,NA,4000,NA,NA,7.26
"BLUE",2019-08-15 16:30:00,"BLUE.W7.20190815",5454,1.5047,NA,NA,NA,NA,4.345,5.306,0.0111,0,NA,NA,99.42,NA,2.389,NA,NA,666.7,0,NA,NA,NA,NA,12.11,NA,1.8828,0.406,0.3394,NA,NA,272700,NA,0.0483,7.6
"COMO",2017-06-12 17:12:00,"COMO.W1.20170612",NA,NA,NA,NA,NA,NA,4.546,NA,NA,NA,NA,NA,NA,NA,NA,NA,NA,NA,NA,NA,NA,0.2897,0.0037,NA,NA,NA,NA,0.1531,NA,NA,NA,NA,NA,NA
"COMO",2017-06-12 19:23:00,"COMO.W3.20170612",888,0.4752,0.02,27.1,2.51,7.004,11.54,9.967,0.034,0.031,18.35,0.009,4.017,4.56,0.023,0,1.18,37.6,0.01,0.573,0.005,0.408,0.0038,0.32,0.005,0.6392,0.4081,0.543,0.17,0.39,22200,0.143,0,6.69
"COMO",2017-06-12 20:42:00,"COMO.W4.20170612",620,0.0648,0.025,18.4,3.3,2.238,4.548,4.388,0.032,0.008,10.95,0.002,4.616,5.43,0.028,0,2.377,26.9,0.008,0.065,0.005,0.2441,0.032,0.18,0.005,0.1008,0.1526,0.1684,0.649,0.72,15500,0.134,0.013,6.58
"COMO",2017-07-26 14:44:00,"COMO.W1.20170726",14,0.1391,0.0101,15.61,0.8636,1.2382,3.608,3.168,0.046,0.036,12.26,0.0051,4.118,5.1071,0.0799,0,2.4928,30.32,0.0256,0.6688,0.005,0.2367,0.0992,0.21,0.005,0.1884,0.1552,0.2072,0.5795,0.3721,700,0.1133,0.0247,7.48
"COMO",2017-07-26 16:14:00,"COMO.W2.20170726",48,0.0768,0.0055,17.43,1.7435,2.037,3.973,3.207,0.0477,0.043,12.08,0.0611,4.526,4.7464,0.0165,0,2.2969,35.77,0.0442,0.1163,0.005,0.2483,0.0747,0.25,0.005,0.1199,0.1402,0.2108,0.437,0.3513,2400,0.181,0.0275,6.66
"COMO",2017-07-26 18:10:00,"COMO.W4.20170726",72,0.0512,0.0089,18.1,1.6824,1.4604,5.055,3.464,0.0478,0.045,13.82,0.0402,4.508,5.6833,0.0812,0,3.0276,40.41,0.0412,0.0152,0.005,0.3032,0.0507,0.24,0.005,0.0845,0.1616,0.1928,0.7005,0.6055,3600,0.2218,0.0346,6.36
"COMO",2018-07-24 15:57:00,"COMO.W2.20180724",32,0.1261,0.006,15.9,1.389,1.147,3.58,2.945,0.0131,0.015,12.62,0.025,4.59,5.95,0.022,0.005,2.226,24.19,0.0159,0.3716,0.005,0.2607,0.089,0.31,0.005,0.1783,0.1124,0.1319,0.816,0.4561,1600,0.207,0.0393,6.01
"COMO",2018-07-24 17:10:00,"COMO.W3.20180724",236,0.7364,0.111,81.7,1.818,15.44,15.71,8.413,0.013,0.205,58.47,0.022,17.21,9.9,0.285,0.005,6.445,117.62,0.0179,3.3254,0.005,0.3782,0.0977,1.02,0.005,0.9901,0.4254,0.8045,1.875,5.3238,11800,0.482,0.1469,6.65
"COMO",2018-07-24 18:12:00,"COMO.W4.20180724",26,0.0413,5e-04,20.3,2.067,1.345,3.103,3.383,0.018,0.014,16.54,0.012,6.902,5.78,0.016,0.005,3.282,30.64,0.0196,0.023,0.005,0.2619,0.0969,0.35,0.005,0.0711,0.113,0.0776,1.083,0.1212,1300,0.251,0.028,6.05
"COMO",2019-05-28 16:45:00,"COMO.W1.20190528",90,0.1683,5e-04,14.94,5.94,0.832,6.008,5.625,0.036,0.044,1.14,0.067,4.038,4.8811,0.1767,0.005,2.0315,20.08,0,0.3811,0.005,0.3186,0.1252,0.03,0.005,0.2411,0.1595,0.1881,0.557,1.65,4500,0.255,0.156,6.33
"COMO",2019-05-28 18:10:00,"COMO.W2.20190528",426,0.1739,0.017,18.24,6.51,0.984,6.027,4.95,0.0086,0.048,4.75,0.038,4.093,6.9208,0.4541,0.005,2.587,26.08,0,0.7877,0.005,0.2884,0.091,0.09,0.005,0.24,0.1821,0.2665,0.959,1.64,21300,0.258,0.0601,6.18
"COMO",2019-05-28 19:25:00,"COMO.W3.20190528",212,0.6552,0.2184,65.77,25.7,9.654,6.68,4.719,0.0118,0.045,19.89,0.56,10.96,29.1589,0.3036,0.005,5.3479,91.54,0,7.6001,0.005,0.3125,0.0937,0.42,0.005,0.8594,0.2357,0.3673,2.282,1.4,10600,1.181,0.1307,6.5
"COMO",2019-05-28 21:21:00,"COMO.W4.20190528",76,0.1251,5e-04,24.56,12.38,1.827,5.176,3.469,0.0097,0.047,3.74,0.005,5.675,7.6607,0.2951,0.005,3.239,33.63,0,1.1427,0.005,0.2609,0.1243,0.07,0.005,0.1811,0.1075,0.2208,0.956,0.1516,3800,0.208,0.0495,6.07
"COMO",2019-07-23 16:15:00,"COMO.W1.20190723",48,0.1295,0.0186,16.98,0.483,1.401,3.769,3.388,0.0106,0.039,5.47,0.007,7.505,7.5484,0.2839,0.005,2.2516,23.57,9e-04,0.4228,0.947,0.294,0.0946,0.11,0.005,0.1824,0.1241,0.1237,0.581,2.7628,2400,0.173,0.121,6.44
"COMO",2019-07-23 17:29:00,"COMO.W2.20190723",30,0.1216,0.0253,14.08,0.984,1.125,4.276,3.525,0.0101,0.042,5.98,0.005,7.372,6.1835,0.379,0.005,1.84,19.85,9e-04,0.0665,1.21,0.2849,0.0547,0.12,0.005,0.1777,0.1419,0.1146,0.487,0.38,1500,0.215,0.0992,6.2
"COMO",2019-07-23 18:38:00,"COMO.W3.20190723",262,NA,NA,NA,NA,NA,9.082,NA,NA,NA,NA,NA,NA,NA,0.4259,NA,NA,68.54,NA,NA,NA,0.2997,0.1675,0.4,NA,NA,NA,0.3787,NA,NA,13100,NA,NA,6.48
"COMO",2019-07-23 19:34:00,"COMO.W4.20190723",22,0.0602,0.0112,24.18,2.055,1.732,3.796,3.696,0.0103,0.035,9.43,0.005,10.91,8.9853,0.3264,0.005,3.2258,33.66,0,0.0426,0.5819,0.2831,0.1153,0.18,0.005,0.0835,0.1136,0.102,0.923,3.3291,1100,0.309,0.0766,6.2
"MART",2018-03-01 18:12:00,"MART.W1.20180301",900,0.0449,5e-04,25.2,0.4,2.933,14.47,0.7485,0.0195,0.029,7.92,5e-04,3.932,7.02,0.001,0.005,4.982,37.08,0.015,0.005,0.005,1.4006,0.2561,0.15,0.005,0.0561,0.0559,0.8588,0.625,10.25,45000,0.089,0.0101,6.47
"MART",2018-03-01 18:35:00,"MART.W2.20180301",2548,0.8051,5e-04,25.9,0.35,2.948,3.609,1.167,0.157,0.067,17.97,0.002,5.117,7.44,0.001,0.005,3.006,37.44,0.0154,0.238,0.005,1.0876,0.1748,0.33,0.005,0.8832,0.2406,0.447,0.615,1.12,127400,0.163,0.0014,6.77
"MART",2018-03-01 18:51:00,"MART.W5.20180301",5490,4.0441,5e-04,16.2,0.31,1.79,3.224,1.963,0.0098,0.405,20.5,0.007,5.015,7.53,0.002,0.005,1.526,22.62,0.0229,0.911,0.005,0.8163,0.2073,0.38,0.005,4.5461,0.1538,0.2677,0.366,5.26,274500,0.221,0.0894,5.71
"MART",2018-03-01 19:11:00,"MART.W6.20180301",6430,6.5538,5e-04,31.3,1.07,2.572,2.919,1.557,0.2572,0.229,14.27,0.014,5.818,8.36,0.001,0.005,2.964,43.2,0.0201,0.989,0.005,5.1578,0.4483,0.26,0.005,7.2277,0.5231,0.6286,0.641,2.48,321500,0.496,0.1332,6.1
"MART",2018-11-15 18:51:00,"MART.W2.20181115",NA,NA,NA,NA,NA,NA,NA,NA,NA,NA,NA,NA,NA,NA,NA,NA,NA,NA,NA,NA,NA,0.4263,0.1201,NA,NA,NA,NA,NA,NA,NA,NA,NA,NA,NA
"MART",2018-11-15 19:29:00,"MART.W3.20181115",1502,1.5632,0.055,43.69,0.18,3.143,41.15,2.211,0,0.192,22.17,0.02,9.636,19.21,1.3643,0.005,5.822,63.27,0.0536,2.39,1.5,0.6401,0.1544,0.42,0.02,1.8556,0.2311,3.879,2.189,1.43,75100,5e-04,0.1235,6.29
"MART",2018-11-15 20:41:00,"MART.W6.20181115",NA,0.0615,NA,NA,NA,NA,NA,2.464,0.046,0.21,NA,NA,22.46,NA,NA,NA,NA,NA,0.0543,NA,NA,0.7354,0.1231,NA,NA,0.0787,0.4543,NA,NA,NA,NA,NA,0.1394,NA
"MART",2019-02-28 17:29:00,"MART.W2.20190228",1014,0.0119,0.0226,43.9,0.117,2.697,19.27,1.17,0,0.044,33.69,0.074,8.276,10.1724,2.504,0.005,6.5937,60.25,0.0397,0.5601,0.63,0.5099,0.0821,0.64,0.005,0.0162,0.1104,1.755,1.403,1.01,50700,1.058,0.1022,6.73
"MART",2019-02-28 18:29:00,"MART.W3.20190228",1634,0.0547,0.2111,35.25,0.192,2.604,43.54,1.84,0,0.021,26.34,0.055,6.501,24.6294,4.172,0.005,4.2692,51.83,0.0402,5.516,0.85,0.3858,0.0698,0.45,0.005,0.0638,0.1353,2.872,1.642,1.06,81700,1.632,0.0815,6.37
"MART",2019-02-28 19:22:00,"MART.W6.20190228",792,0.0066,5e-04,113.1,18.465,4.221,28.98,1.821,0,0.091,67.58,1.105,15.14,6.9084,3.127,0.005,20.1581,159.47,0.0409,0.1681,0.52,0.6618,0.1043,1.22,0.005,0.0117,0.1962,2.456,3.703,1.85,39600,3.507,0.103,7.01
