uid,domainID,siteID,namedLocation,collectDate,sampleID,sampleCode,sampleCondition,laboratoryName,analysisDate,analyzedBy,sampleType,replicate,sampleVolumeFiltered,filterSize,percentFilterAnalyzed,analyte,analyteConcentration,plantAlgaeLabUnits,method,externalRemarks,externalLabDataQF
"9b119094-39f5-41be-a1fa-8851704fdc74","D11","PRIN","PRIN.AOS.S2","2018-12-04","PRIN.SS.20181204.POM.1","A00000052728","condition ok","SIRFER Lab at University of Utah","2019-04-23","ElFtGy1kV49xqNP00HfxQA==","POM","1",500,25,100,"d15N",8.42,"perMill","Revesz & Coplen 2012a",,
"56d92286-8a39-4e5f-8df6-bb96ddd2f3d3","D11","PRIN","PRIN.AOS.S2","2018-12-04","PRIN.SS.20181204.POM.1","A00000052728","condition ok","SIRFER Lab at University of Utah","2019-04-23","ElFtGy1kV49xqNP00HfxQA==","POM","1",500,25,100,"carbon",491.59,"microgramsPerLiter","Revesz & Coplen 2012a",,
"bb7e6fdc-2cad-4c71-bf33-0c7e0ff311fd","D11","PRIN","PRIN.AOS.S2","2018-12-04","PRIN.SS.20181204.POM.1","A00000052728","condition ok","SIRFER Lab at University of Utah","2019-04-23","ElFtGy1kV49xqNP00HfxQA==","POM","1",500,25,100,"nitrogen",56.91,"microgramsPerLiter","Revesz & Coplen 2012a",,
"50bcfe21-deb6-4d87-a5a1-141956081a17","D11","PRIN","PRIN.AOS.S2","2018-12-04","PRIN.SS.20181204.POM.1","A00000052728","condition ok","SIRFER Lab at University of Utah","2019-04-23","ElFtGy1kV49xqNP00HfxQA==","POM","1",500,25,100,"d13C",-30.07,"perMill","Revesz & Coplen 2012a",,
