uid,domainID,siteID,namedLocation,collectDate,sampleID,sampleCode,sampleCondition,laboratoryName,analysisDate,analyzedBy,sampleType,replicate,sampleVolumeFiltered,filterSize,percentFilterAnalyzed,analyte,analyteConcentration,plantAlgaeLabUnits,method,externalRemarks,externalLabDataQF
"1076f19f-8614-4be6-aebb-f2a09cfaf728","D09","PRPO","PRPO.AOS.buoy.c0","2019-03-26","PRPO.C0.20190326.POM.1","A00000049941","condition ok","SIRFER Lab at University of Utah","2019-08-06","ElFtGy1kV49xqNP00HfxQA==","POM","1",40,25,100,"d13C",-31.47,"perMill","Revesz & Coplen 2012a",,
"ea5bb542-67bc-4125-b493-553ca3746f96","D09","PRPO","PRPO.AOS.buoy.c0","2019-03-26","PRPO.C0.20190326.POM.1","A00000049941","condition ok","SIRFER Lab at University of Utah","2019-08-06","ElFtGy1kV49xqNP00HfxQA==","POM","1",40,25,100,"carbon",6575.46,"microgramsPerLiter","Revesz & Coplen 2012a",,
"4c7662a1-213d-443b-9e82-15ddbde766ed","D09","PRPO","PRPO.AOS.buoy.c0","2019-03-26","PRPO.C0.20190326.POM.1","A00000049941","condition ok","SIRFER Lab at University of Utah","2019-08-06","ElFtGy1kV49xqNP00HfxQA==","POM","1",40,25,100,"d15N",4.79,"perMill","Revesz & Coplen 2012a",,
"8af081a8-1a43-48af-a40e-219d388b2984","D09","PRPO","PRPO.AOS.buoy.c0","2019-03-26","PRPO.C0.20190326.POM.1","A00000049941","condition ok","SIRFER Lab at University of Utah","2019-08-06","ElFtGy1kV49xqNP00HfxQA==","POM","1",40,25,100,"nitrogen",694.63,"microgramsPerLiter","Revesz & Coplen 2012a",,
