uid,domainID,siteID,namedLocation,collectDate,sampleID,sampleCode,sampleCondition,laboratoryName,analysisDate,analyzedBy,sampleType,replicate,sampleVolumeFiltered,filterSize,percentFilterAnalyzed,analyte,analyteConcentration,plantAlgaeLabUnits,method,externalRemarks,externalLabDataQF
"3410f61a-bb4a-45a0-9df0-35f09167de6f","D11","BLUE","BLUE.AOS.S2","2018-07-10","BLUE.SS.20180710.POM.1","A00000021373","condition ok","SIRFER Lab at University of Utah","2018-08-16","ElFtGy1kV49xqNP00HfxQA==","POM","1",500,25,100,"d13C",-22.50,"perMill","Revesz & Coplen 2012a",,
"a2b49806-57a6-4dac-b190-3ca4bfee4b63","D11","BLUE","BLUE.AOS.S2","2018-07-10","BLUE.SS.20180710.POM.1","A00000021373","condition ok","SIRFER Lab at University of Utah","2018-08-16","ElFtGy1kV49xqNP00HfxQA==","POM","1",500,25,100,"carbon",479.86,"microgramsPerLiter","Revesz & Coplen 2012a",,
"b9892be6-3263-430a-bebd-f37edb5c35a2","D11","BLUE","BLUE.AOS.S2","2018-07-10","BLUE.SS.20180710.POM.1","A00000021373","condition ok","SIRFER Lab at University of Utah","2018-08-16","ElFtGy1kV49xqNP00HfxQA==","POM","1",500,25,100,"nitrogen",43.54,"microgramsPerLiter","Revesz & Coplen 2012a",,
"2c156da8-e105-4f05-a06e-303b3d843c3c","D11","BLUE","BLUE.AOS.S2","2018-07-10","BLUE.SS.20180710.POM.1","A00000021373","condition ok","SIRFER Lab at University of Utah","2018-08-16","ElFtGy1kV49xqNP00HfxQA==","POM","1",500,25,100,"d15N",6.43,"perMill","Revesz & Coplen 2012a",,
"7ca5afa0-700c-4ec6-ae00-32217de348dc","D11","BLUE","BLUE.AOS.S2","2018-07-17","BLUE.SS.20180717.POM.1",,"condition ok","SIRFER Lab at University of Utah","2018-08-16","ElFtGy1kV49xqNP00HfxQA==","POM","1",400,25,100,"d15N",5.46,"perMill","Revesz & Coplen 2012a",,
"b58fbe69-b209-46c7-8d2e-726666912852","D11","BLUE","BLUE.AOS.S2","2018-07-17","BLUE.SS.20180717.POM.1",,"condition ok","SIRFER Lab at University of Utah","2018-08-16","ElFtGy1kV49xqNP00HfxQA==","POM","1",400,25,100,"d13C",-25.22,"perMill","Revesz & Coplen 2012a",,
"df20d69d-0d00-4823-93fb-a0c472d82769","D11","BLUE","BLUE.AOS.S2","2018-07-17","BLUE.SS.20180717.POM.1",,"condition ok","SIRFER Lab at University of Utah","2018-08-16","ElFtGy1kV49xqNP00HfxQA==","POM","1",400,25,100,"carbon",342.24,"microgramsPerLiter","Revesz & Coplen 2012a",,
"a4b70bab-82d8-45fa-86ac-1aa4c54722a6","D11","BLUE","BLUE.AOS.S2","2018-07-17","BLUE.SS.20180717.POM.1",,"condition ok","SIRFER Lab at University of Utah","2018-08-16","ElFtGy1kV49xqNP00HfxQA==","POM","1",400,25,100,"nitrogen",37.14,"microgramsPerLiter","Revesz & Coplen 2012a",,
