uid,domainID,siteID,namedLocation,decimalLatitude,decimalLongitude,coordinateUncertainty,additionalCoordUncertainty,elevation,elevationUncertainty,geodeticDatum,altLocation,altLatitude,altLongitude,altCoordinateUncertainty,altGeodeticDatum,collectDate,aquaticSiteType,samplingImpractical,parentSampleID,parentSampleCode,eventID,samplerType,dissolvedOxygen,dissolvedOxygenSaturation,specificConductance,waterTemp,asiSamplingProtocolVersion,lowerSegmentDepth,upperSegmentDepth,maxDepth,lakeSampleDepth1,lakeSampleDepth2,aCollectedBy,bCollectedBy,remarks,fieldDataQF
"9c59e9a4-4b5d-4241-a630-1e00438a8c56","D10","ARIK","ARIK.AOS.S2",39.758363,-102.448598,0.1,10.0,1176.4,0.1,"WGS84",,,,,,"2018-05-01T14:20Z","stream",,"ARIK.SS.20180501",,"ARIK.20180501","Grab",6.33,68.40,513.00,12.20,"NEON.DOC.001886vF",,,,,,"rlehrter@battelleecology.org","Jswenson@battelleecology.org","Microbe cold chain broken. DNA and arc samples filtered at 9:05 placed on regular ice packs; samples placed in -80C at 13:00",
"4d30a2c6-ae79-463b-b068-01e79c16a465","D10","ARIK","ARIK.AOS.S2",39.758363,-102.448598,0.1,10.0,1176.4,0.1,"WGS84",,,,,,"2018-05-09T15:34Z","stream",,"ARIK.SS.20180509",,"ARIK.20180509","Grab",8.88,103.30,527.00,17.30,"NEON.DOC.001886vF",,,,,,"Jswenson@battelleecology.org","rlehrter@battelleecology.org",,
"f74ec4e7-d9a1-4325-9459-28736d7548ff","D10","ARIK","ARIK.AOS.S2",39.758363,-102.448598,0.1,10.0,1176.4,0.1,"WGS84",,,,,,"2018-05-15T17:57Z","stream",,"ARIK.SS.20180515",,"ARIK.20180515","Grab",8.89,111.30,509.00,20.00,"NEON.DOC.001886vF",,,,,,"Jroquemore@battelleecology.org","Jswenson@battelleecology.org",,
"ff776609-02c2-4e98-810c-36cce519297b","D10","ARIK","ARIK.AOS.S2",39.758363,-102.448598,0.1,10.0,1176.4,0.1,"WGS84",,,,,,"2018-05-30T17:15Z","stream",,"ARIK.SS.20180530",,"ARIK.20180530","Grab",7.67,100.30,512.00,22.00,"NEON.DOC.001886vF",,,,,,"Jroquemore@battelleecology.org","Jswenson@battelleecology.org",,
