uid,domainID,siteID,namedLocation,collectDate,parentSampleID,parentSampleCode,isotopeH2OSampleCond,isotopeH2OSampleID,isotopeH2OSampleCode,isotopePOMRep2SampleCond,isotopePOMRep2SampleID,isotopePOMRep2SampleCode,isotopePOMSampleCond,isotopePOMSampleID,isotopePOMSampleCode,processedDateFilters,processedDateH2OIsotopes,sampleVolumeFilteredPOMRep1,sampleVolumeFilteredPOMRep2,fieldDataQF
"c514e057-237c-4ff7-8816-4749b4111d78","D10","ARIK","ARIK.AOS.S2","2018-05-01T14:20Z","ARIK.SS.20180501",,"Sample condition ok","ARIK.SS.20180501.H2O.1","A00000017665","Sample condition ok","ARIK.SS.20180501.POM.2","A00000017672","Sample condition ok","ARIK.SS.20180501.POM.1","A00000017671","2018-05-01T15:05Z","2018-05-01T14:20Z",350,350,
"cd52bf86-a109-4715-be5e-ae9568555265","D10","ARIK","ARIK.AOS.S2","2018-05-09T15:34Z","ARIK.SS.20180509",,"Sample condition ok","ARIK.SS.20180509.H2O.1","A00000017702","Sample condition ok","ARIK.SS.20180509.POM.2","A00000017723","Sample condition ok","ARIK.SS.20180509.POM.1","A00000017721","2018-05-09T16:20Z","2018-05-09T15:21Z",350,350,
"a3c0b6a1-a901-4fea-83ed-c3fe50d546ec","D10","ARIK","ARIK.AOS.S2","2018-05-15T17:57Z","ARIK.SS.20180515",,"Sample condition ok","ARIK.SS.20180515.H2O.1","A00000017720","Sample condition ok","ARIK.SS.20180515.POM.2","A00000017736","Sample condition ok","ARIK.SS.20180515.POM.1","A00000017734","2018-05-15T18:39Z","2018-05-15T17:47Z",600,600,
"3a7d57c9-8bff-4290-875d-a46dde92b4b0","D10","ARIK","ARIK.AOS.S2","2018-05-30T17:15Z","ARIK.SS.20180530",,"Sample condition ok","ARIK.SS.20180530.H2O.1","A00000018354","Sample condition ok","ARIK.SS.20180530.POM.2","A00000018486","Sample condition ok","ARIK.SS.20180530.POM.1","A00000018487","2018-05-30T18:00Z","2018-05-30T17:10Z",500,500,
