uid,domainID,siteID,namedLocation,collectDate,sampleID,sampleCode,sampleCondition,laboratoryName,analysisDate,analyzedBy,sampleType,replicate,sampleVolumeFiltered,filterSize,percentFilterAnalyzed,analyte,analyteConcentration,plantAlgaeLabUnits,method,externalRemarks,externalLabDataQF
"563f675a-6e92-4bc7-9ebe-9dfe7acd5784","D10","ARIK","ARIK.AOS.S2","2018-05-01","ARIK.SS.20180501.POM.1","A00000017671","condition ok","SIRFER Lab at University of Utah","2018-08-08","ElFtGy1kV49xqNP00HfxQA==","POM","1",350,25,100,"nitrogen",53.71,"microgramsPerLiter","Revesz & Coplen 2012a",,
"3f0bf3be-6f2f-4d02-a86b-8943509f0961","D10","ARIK","ARIK.AOS.S2","2018-05-01","ARIK.SS.20180501.POM.1","A00000017671","condition ok","SIRFER Lab at University of Utah","2018-08-08","ElFtGy1kV49xqNP00HfxQA==","POM","1",350,25,100,"carbon",438.97,"microgramsPerLiter","Revesz & Coplen 2012a",,
"9a0406e7-11c9-48c3-86f0-c081488e5e9a","D10","ARIK","ARIK.AOS.S2","2018-05-01","ARIK.SS.20180501.POM.1","A00000017671","condition ok","SIRFER Lab at University of Utah","2018-08-08","ElFtGy1kV49xqNP00HfxQA==","POM","1",350,25,100,"d13C",-30.00,"perMill","Revesz & Coplen 2012a",,
"391e1353-1604-452a-9f70-58c6609460a7","D10","ARIK","ARIK.AOS.S2","2018-05-01","ARIK.SS.20180501.POM.1","A00000017671","condition ok","SIRFER Lab at University of Utah","2018-08-08","ElFtGy1kV49xqNP00HfxQA==","POM","1",350,25,100,"d15N",4.38,"perMill","Revesz & Coplen 2012a",,
"6f303e75-fa3d-487d-925c-f30b4005b231","D10","ARIK","ARIK.AOS.S2","2018-05-09","ARIK.SS.20180509.POM.1","A00000017721","condition ok","SIRFER Lab at University of Utah","2018-08-08","ElFtGy1kV49xqNP00HfxQA==","POM","1",350,25,100,"nitrogen",54.00,"microgramsPerLiter","Revesz & Coplen 2012a",,
"0771e727-f600-44b0-8438-b7155c0a5da1","D10","ARIK","ARIK.AOS.S2","2018-05-09","ARIK.SS.20180509.POM.1","A00000017721","condition ok","SIRFER Lab at University of Utah","2018-08-08","ElFtGy1kV49xqNP00HfxQA==","POM","1",350,25,100,"d13C",-29.37,"perMill","Revesz & Coplen 2012a",,
"497a35d5-f6fb-4e5f-90fa-1bbdc8ce6cc5","D10","ARIK","ARIK.AOS.S2","2018-05-09","ARIK.SS.20180509.POM.1","A00000017721","condition ok","SIRFER Lab at University of Utah","2018-08-08","ElFtGy1kV49xqNP00HfxQA==","POM","1",350,25,100,"d15N",4.82,"perMill","Revesz & Coplen 2012a",,
"7538a39b-b787-4e57-8943-a1abce2e32af","D10","ARIK","ARIK.AOS.S2","2018-05-09","ARIK.SS.20180509.POM.1","A00000017721","condition ok","SIRFER Lab at University of Utah","2018-08-08","ElFtGy1kV49xqNP00HfxQA==","POM","1",350,25,100,"carbon",445.20,"microgramsPerLiter","Revesz & Coplen 2012a",,
"9b8da5ee-42a2-4d09-bd75-7f33ded5af69","D10","ARIK","ARIK.AOS.S2","2018-05-15","ARIK.SS.20180515.POM.1","A00000017734","condition ok","SIRFER Lab at University of Utah","2018-08-08","ElFtGy1kV49xqNP00HfxQA==","POM","1",600,25,100,"d15N",4.28,"perMill","Revesz & Coplen 2012a",,
"7515e128-b9f0-48fd-bd0f-04ec96e748b8","D10","ARIK","ARIK.AOS.S2","2018-05-15","ARIK.SS.20180515.POM.1","A00000017734","condition ok","SIRFER Lab at University of Utah","2018-08-08","ElFtGy1kV49xqNP00HfxQA==","POM","1",600,25,100,"d13C",-30.79,"perMill","Revesz & Coplen 2012a",,
"6b366c26-ad19-4d9a-aee1-a38f4a6af174","D10","ARIK","ARIK.AOS.S2","2018-05-15","ARIK.SS.20180515.POM.1","A00000017734","condition ok","SIRFER Lab at University of Utah","2018-08-08","ElFtGy1kV49xqNP00HfxQA==","POM","1",600,25,100,"carbon",236.02,"microgramsPerLiter","Revesz & Coplen 2012a",,
"af0e912b-4c59-4183-84f3-49dea0d93c8f","D10","ARIK","ARIK.AOS.S2","2018-05-15","ARIK.SS.20180515.POM.1","A00000017734","condition ok","SIRFER Lab at University of Utah","2018-08-08","ElFtGy1kV49xqNP00HfxQA==","POM","1",600,25,100,"nitrogen",27.24,"microgramsPerLiter","Revesz & Coplen 2012a",,
"2aadfed5-7f96-4069-a43b-75a77d6881a1","D10","ARIK","ARIK.AOS.S2","2018-05-30","ARIK.SS.20180530.POM.1","A00000018487","condition ok","SIRFER Lab at University of Utah","2018-08-08","ElFtGy1kV49xqNP00HfxQA==","POM","1",500,25,100,"d13C",-30.12,"perMill","Revesz & Coplen 2012a",,
"9e1ee24e-049f-472c-b6b1-fc3f58fdd693","D10","ARIK","ARIK.AOS.S2","2018-05-30","ARIK.SS.20180530.POM.1","A00000018487","condition ok","SIRFER Lab at University of Utah","2018-08-08","ElFtGy1kV49xqNP00HfxQA==","POM","1",500,25,100,"carbon",318.88,"microgramsPerLiter","Revesz & Coplen 2012a",,
"7034c600-9fc4-436e-b2a9-bf6faf8a6168","D10","ARIK","ARIK.AOS.S2","2018-05-30","ARIK.SS.20180530.POM.1","A00000018487","condition ok","SIRFER Lab at University of Utah","2018-08-08","ElFtGy1kV49xqNP00HfxQA==","POM","1",500,25,100,"nitrogen",40.26,"microgramsPerLiter","Revesz & Coplen 2012a",,
"46c48351-f5a5-43ae-aabe-1c1d93ec0fe7","D10","ARIK","ARIK.AOS.S2","2018-05-30","ARIK.SS.20180530.POM.1","A00000018487","condition ok","SIRFER Lab at University of Utah","2018-08-08","ElFtGy1kV49xqNP00HfxQA==","POM","1",500,25,100,"d15N",3.94,"perMill","Revesz & Coplen 2012a",,
