uid,domainID,siteID,namedLocation,collectDate,analysisDate,isotopeH2OSampleID,isotopeH2OSampleCode,instrumentSN,d18OWater,d2HWater,d18OsdWater,d2HsdWater,isotopeH2OExternalLabQF,laboratoryName,analyzedBy,sampleCondition,externalRemarks,externalLabDataQF
"e419d2a9-dedb-43a2-a47f-257753212708","D10","ARIK","ARIK.AOS.S2","2018-05-01","2018-05-16","ARIK.SS.20180501.H2O.1","A00000017665","HIDS2046",-9.80,-74.32,0.05,0.11,0,"SIRFER Lab at University of Utah","OlSmE6RRn5QQH8tvUHmK5i/poYiQr6sd","OK",,
"5a945fc9-7c8a-4f12-8cc7-21381d11e0e1","D10","ARIK","ARIK.AOS.S2","2018-05-09","2018-08-08","ARIK.SS.20180509.H2O.1","A00000017702","HIDS2052",-9.90,-75.54,0.01,0.13,0,"SIRFER Lab at University of Utah","OlSmE6RRn5QQH8tvUHmK5i/poYiQr6sd","OK",,
"cffd0bfc-284d-4ea6-af9c-bbad73c7d787","D10","ARIK","ARIK.AOS.S2","2018-05-15","2018-08-08","ARIK.SS.20180515.H2O.1","A00000017720","HIDS2052",-9.64,-73.05,0.07,0.22,0,"SIRFER Lab at University of Utah","OlSmE6RRn5QQH8tvUHmK5i/poYiQr6sd","OK",,
"bd7412f7-5480-4463-bdc7-ea2d0629d578","D10","ARIK","ARIK.AOS.S2","2018-05-30","2018-08-08","ARIK.SS.20180530.H2O.1","A00000018354","HIDS2052",-9.00,-68.62,0.03,0.22,0,"SIRFER Lab at University of Utah","OlSmE6RRn5QQH8tvUHmK5i/poYiQr6sd","OK",,
