uid,domainID,siteID,namedLocation,collectDate,sampleID,sampleCode,sampleCondition,laboratoryName,analysisDate,analyzedBy,sampleType,replicate,sampleVolumeFiltered,filterSize,percentFilterAnalyzed,analyte,analyteConcentration,plantAlgaeLabUnits,method,externalRemarks,externalLabDataQF
"57508038-ead3-460a-95fb-36b4e5ffe1b7","D09","PRLA","PRLA.AOS.reach","2017-11-01","PRLA.RE.20171101.POM.1",,"condition ok","SIRFER Lab at University of Utah","2018-10-18","ElFtGy1kV49xqNP00HfxQA==","POM","1",80,25,100,"nitrogen",,"microgramsPerLiter","Revesz & Coplen 2012a",,
"1a7a9331-5fa7-44c1-95db-7c9902150ef7","D09","PRLA","PRLA.AOS.reach","2017-11-01","PRLA.RE.20171101.POM.1",,"condition ok","SIRFER Lab at University of Utah","2018-10-18","ElFtGy1kV49xqNP00HfxQA==","POM","1",80,25,100,"d15N",,"perMill","Revesz & Coplen 2012a",,
"1fdc0942-a188-4719-ab02-80738fa90a0b","D09","PRLA","PRLA.AOS.reach","2017-11-01","PRLA.RE.20171101.POM.1",,"condition ok","SIRFER Lab at University of Utah","2018-10-18","ElFtGy1kV49xqNP00HfxQA==","POM","1",80,25,100,"carbon",,"microgramsPerLiter","Revesz & Coplen 2012a",,
"6b95e407-5196-43b8-9632-4b85d63dbb8c","D09","PRLA","PRLA.AOS.reach","2017-11-01","PRLA.RE.20171101.POM.1",,"condition ok","SIRFER Lab at University of Utah","2018-10-18","ElFtGy1kV49xqNP00HfxQA==","POM","1",80,25,100,"d13C",,"perMill","Revesz & Coplen 2012a",,
"00967b1a-7e1f-4601-b270-b22b987b8968","D09","PRLA","PRLA.AOS.buoy.c0","2017-11-01","PRLA.C0.20171101.POM.1",,"condition ok","SIRFER Lab at University of Utah","2018-10-18","ElFtGy1kV49xqNP00HfxQA==","POM","1",80,25,100,"d13C",,"perMill","Revesz & Coplen 2012a",,
"4d4c8d3e-b0cd-4de4-b519-0d887daf2f95","D09","PRLA","PRLA.AOS.buoy.c0","2017-11-01","PRLA.C0.20171101.POM.1",,"condition ok","SIRFER Lab at University of Utah","2018-10-18","ElFtGy1kV49xqNP00HfxQA==","POM","1",80,25,100,"d15N",,"perMill","Revesz & Coplen 2012a",,
"3bd4c967-5411-4399-aae3-e0165c0307d4","D09","PRLA","PRLA.AOS.buoy.c0","2017-11-01","PRLA.C0.20171101.POM.1",,"condition ok","SIRFER Lab at University of Utah","2018-10-18","ElFtGy1kV49xqNP00HfxQA==","POM","1",80,25,100,"carbon",,"microgramsPerLiter","Revesz & Coplen 2012a",,
"d7d457b2-db2a-4eaf-9881-25ea4dce26b2","D09","PRLA","PRLA.AOS.buoy.c0","2017-11-01","PRLA.C0.20171101.POM.1",,"condition ok","SIRFER Lab at University of Utah","2018-10-18","ElFtGy1kV49xqNP00HfxQA==","POM","1",80,25,100,"nitrogen",,"microgramsPerLiter","Revesz & Coplen 2012a",,
"d1e9b43a-86f9-4cd3-b657-504ff7c114ea","D09","PRLA","PRLA.AOS.outlet","2017-11-01","PRLA.OT.20171101.POM.1",,"condition ok","SIRFER Lab at University of Utah","2018-10-18","ElFtGy1kV49xqNP00HfxQA==","POM","1",80,25,100,"d15N",,"perMill","Revesz & Coplen 2012a",,
"03c7e35a-9699-4f54-91f5-adca212a1724","D09","PRLA","PRLA.AOS.outlet","2017-11-01","PRLA.OT.20171101.POM.1",,"condition ok","SIRFER Lab at University of Utah","2018-10-18","ElFtGy1kV49xqNP00HfxQA==","POM","1",80,25,100,"d13C",,"perMill","Revesz & Coplen 2012a",,
"98ef81bb-de0e-45a4-bd57-0a569517f539","D09","PRLA","PRLA.AOS.outlet","2017-11-01","PRLA.OT.20171101.POM.1",,"condition ok","SIRFER Lab at University of Utah","2018-10-18","ElFtGy1kV49xqNP00HfxQA==","POM","1",80,25,100,"carbon",,"microgramsPerLiter","Revesz & Coplen 2012a",,
"d9aa12d1-d907-4c9b-a637-7401a5f1e4eb","D09","PRLA","PRLA.AOS.outlet","2017-11-01","PRLA.OT.20171101.POM.1",,"condition ok","SIRFER Lab at University of Utah","2018-10-18","ElFtGy1kV49xqNP00HfxQA==","POM","1",80,25,100,"nitrogen",,"microgramsPerLiter","Revesz & Coplen 2012a",,
