uid,domainID,siteID,namedLocation,collectDate,sampleID,sampleCode,sampleCondition,laboratoryName,analysisDate,analyzedBy,sampleType,replicate,sampleVolumeFiltered,filterSize,percentFilterAnalyzed,analyte,analyteConcentration,plantAlgaeLabUnits,method,externalRemarks,externalLabDataQF
"b0862ba4-14d9-482d-9a82-8cea168efcf5","D09","PRLA","PRLA.AOS.buoy.c0","2019-06-04","PRLA.C0.20190604.POM.1","A00000086775","condition ok","SIRFER Lab at University of Utah","2019-11-21","ElFtGy1kV49xqNP00HfxQA==","POM","1",70,25,100,"carbon",5778.94,"microgramsPerLiter","Revesz & Coplen 2012a",,
"a6a4f1d3-5ea9-4ab5-8625-55b047e60f28","D09","PRLA","PRLA.AOS.buoy.c0","2019-06-04","PRLA.C0.20190604.POM.1","A00000086775","condition ok","SIRFER Lab at University of Utah","2019-11-21","ElFtGy1kV49xqNP00HfxQA==","POM","1",70,25,100,"nitrogen",1035.26,"microgramsPerLiter","Revesz & Coplen 2012a",,
"05388fc2-ef1e-41e0-a461-cfd0108c77bb","D09","PRLA","PRLA.AOS.buoy.c0","2019-06-04","PRLA.C0.20190604.POM.1","A00000086775","condition ok","SIRFER Lab at University of Utah","2019-11-21","ElFtGy1kV49xqNP00HfxQA==","POM","1",70,25,100,"d13C",-25.35,"perMill","Revesz & Coplen 2012a",,
"2903a8d2-d7d2-4ecf-82f8-4e29fcf3bf14","D09","PRLA","PRLA.AOS.buoy.c0","2019-06-04","PRLA.C0.20190604.POM.1","A00000086775","condition ok","SIRFER Lab at University of Utah","2019-11-21","ElFtGy1kV49xqNP00HfxQA==","POM","1",70,25,100,"d15N",8.57,"perMill","Revesz & Coplen 2012a",,
