uid,domainID,siteID,namedLocation,collectDate,parentSampleID,parentSampleCode,isotopeH2OSampleCond,isotopeH2OSampleID,isotopeH2OSampleCode,isotopePOMRep2SampleCond,isotopePOMRep2SampleID,isotopePOMRep2SampleCode,isotopePOMSampleCond,isotopePOMSampleID,isotopePOMSampleCode,processedDateFilters,processedDateH2OIsotopes,sampleVolumeFilteredPOMRep1,sampleVolumeFilteredPOMRep2,fieldDataQF
"495d55af-a5cf-48d8-9a3c-b1351854ff39","D11","PRIN","PRIN.AOS.S2","2019-05-01T14:25Z","PRIN.SS.20190501",,"Sample condition ok","PRIN.SS.20190501.H2O.1","A00000104267","Sample condition ok","PRIN.SS.20190501.POM.2","A00000104272","Sample condition ok","PRIN.SS.20190501.POM.1","A00000104271","2019-05-01T16:09Z","2019-05-01T14:33Z",500,500,
"47072b46-4591-4c12-8cbb-d7571646be36","D11","PRIN","PRIN.AOS.S2","2019-05-09T19:46Z","PRIN.SS.20190509",,"Sample condition ok","PRIN.SS.20190509.H2O.1","A00000104250","Sample condition ok","PRIN.SS.20190509.POM.2","A00000104210","Sample condition ok","PRIN.SS.20190509.POM.1","A00000104211","2019-05-09T21:50Z","2019-05-09T19:53Z",100,100,
"70a2da58-1cb7-483f-beac-020b6820023d","D11","PRIN","PRIN.AOS.S2","2019-05-14T14:20Z","PRIN.SS.20190514",,"Sample condition ok","PRIN.SS.20190514.H2O.1","A00000104251","Sample condition ok","PRIN.SS.20190514.POM.2","A00000104393","Sample condition ok","PRIN.SS.20190514.POM.1","A00000104392","2019-05-14T16:05Z","2019-05-14T14:23Z",300,300,
"0122996b-610d-4fb3-bd4e-1398b3e3995a","D11","PRIN","PRIN.AOS.S2","2019-05-16T14:56Z","PRIN.SS.20190516",,"Sample condition ok","PRIN.SS.20190516.H2O.1","A00000104365","Sample condition ok","PRIN.SS.20190516.POM.2","A00000104551","Sample condition ok","PRIN.SS.20190516.POM.1","A00000104550","2019-05-16T17:05Z","2019-05-16T15:11Z",500,500,
"14ef383c-dc49-49db-a96d-7c999c53134a","D11","PRIN","PRIN.AOS.S2","2019-05-28T15:40Z","PRIN.SS.20190528",,"Sample condition ok","PRIN.SS.20190528.H2O.1","A00000104359","Sample condition ok","PRIN.SS.20190528.POM.2","A00000104361","Sample condition ok","PRIN.SS.20190528.POM.1","A00000104360",,"2019-05-28T15:50Z",500,500,
