uid,domainID,siteID,namedLocation,collectDate,analysisDate,isotopeH2OSampleID,isotopeH2OSampleCode,instrumentSN,d18OWater,d2HWater,d18OsdWater,d2HsdWater,isotopeH2OExternalLabQF,laboratoryName,analyzedBy,sampleCondition,externalRemarks,externalLabDataQF
"352111cc-68a0-4c84-bf34-0bc730ec9841","D11","PRIN","PRIN.AOS.S2","2019-05-01","2019-06-24","PRIN.SS.20190501.H2O.1","A00000104267","HIDS2046",-4.47,-27.04,0.02,0.25,0,"SIRFER Lab at University of Utah","OlSmE6RRn5QQH8tvUHmK5i/poYiQr6sd","OK",,
"e9914cfa-01b0-486a-bc9a-25056f3ddb0f","D11","PRIN","PRIN.AOS.S2","2019-05-09","2019-07-18","PRIN.SS.20190509.H2O.1","A00000104250","HIDS2052",-3.52,-18.08,0.03,0.06,0,"SIRFER Lab at University of Utah","OlSmE6RRn5QQH8tvUHmK5i/poYiQr6sd","OK",,
"a15bae4f-8715-494c-b824-9572c00722c0","D11","PRIN","PRIN.AOS.S2","2019-05-14","2019-07-18","PRIN.SS.20190514.H2O.1","A00000104251","HIDS2052",-4.78,-28.00,0.07,0.42,0,"SIRFER Lab at University of Utah","OlSmE6RRn5QQH8tvUHmK5i/poYiQr6sd","OK",,
"83cec185-5199-42ad-9720-34589817c126","D11","PRIN","PRIN.AOS.S2","2019-05-16","2019-07-18","PRIN.SS.20190516.H2O.1","A00000104365","HIDS2052",-4.72,-27.62,0.01,0.10,0,"SIRFER Lab at University of Utah","OlSmE6RRn5QQH8tvUHmK5i/poYiQr6sd","OK",,
"8978a722-5d6f-4a33-b736-17b388801a7f","D11","PRIN","PRIN.AOS.S2","2019-05-28","2019-07-18","PRIN.SS.20190528.H2O.1","A00000104359","HIDS2052",-4.60,-26.25,0.02,0.12,0,"SIRFER Lab at University of Utah","OlSmE6RRn5QQH8tvUHmK5i/poYiQr6sd","OK",,
