uid,domainID,siteID,namedLocation,decimalLatitude,decimalLongitude,coordinateUncertainty,additionalCoordUncertainty,elevation,elevationUncertainty,geodeticDatum,altLocation,altLatitude,altLongitude,altCoordinateUncertainty,altGeodeticDatum,collectDate,aquaticSiteType,samplingImpractical,parentSampleID,parentSampleCode,eventID,samplerType,dissolvedOxygen,dissolvedOxygenSaturation,specificConductance,waterTemp,asiSamplingProtocolVersion,lowerSegmentDepth,upperSegmentDepth,maxDepth,lakeSampleDepth1,lakeSampleDepth2,aCollectedBy,bCollectedBy,remarks,fieldDataQF
"d2aedf52-00f8-4417-baee-3ef06d341bd9","D11","PRIN","PRIN.AOS.S2",33.378430,-97.781508,0.1,10.0,251.1,0.1,"WGS84",,,,,,"2019-05-01T14:25Z","stream",,"PRIN.SS.20190501",,"PRIN.20190501","Grab",7.17,80.00,896.00,20.10,"NEON.DOC.001886vG",,,,,,"0000-0002-1844-4553","0000-0003-2362-0002",,
"44674ee7-7d8a-45b3-ae78-d030817a941d","D11","PRIN","PRIN.AOS.S2",33.378430,-97.781508,0.1,10.0,251.1,0.1,"WGS84",,,,,,"2019-05-09T19:46Z","stream",,"PRIN.SS.20190509",,"PRIN.20190509","Grab",8.22,88.50,456.00,18.90,"NEON.DOC.001886vF",,,,,,"0000-0003-2362-0002","0000-0002-2086-5736",,
"805ef0c2-d668-4b0c-8960-c178dad024bd","D11","PRIN","PRIN.AOS.S2",33.378430,-97.781508,0.1,10.0,251.1,0.1,"WGS84",,,,,,"2019-05-14T14:20Z","stream",,"PRIN.SS.20190514",,"PRIN.20190514","Grab",8.37,88.10,810.00,17.70,"NEON.DOC.001886vG",,,,,,"0000-0003-2362-0002","0000-0002-1844-4553",,
"1f82de7c-9ab0-4429-9935-b4b2c1d3c17a","D11","PRIN","PRIN.AOS.S2",33.378430,-97.781508,0.1,10.0,251.1,0.1,"WGS84",,,,,,"2019-05-16T14:56Z","stream",,"PRIN.SS.20190516",,"PRIN.20190516","Grab",9.01,99.90,916.00,20.30,"NEON.DOC.001886vG",,,,,,"0000-0002-2086-5736","0000-0002-1602-2154",,
"2abbcd40-f446-4943-aa7c-b895101ea5b0","D11","PRIN","PRIN.AOS.S2",33.378430,-97.781508,0.1,10.0,251.1,0.1,"WGS84",,,,,,"2019-05-28T15:40Z","stream",,"PRIN.SS.20190528",,"PRIN.20190528","Grab",7.85,91.90,905.00,23.40,"NEON.DOC.001886vG",,,,,,"0000-0003-2362-0002","0000-0002-1844-4553",,
