uid,domainID,siteID,namedLocation,collectDate,sampleID,sampleCode,sampleCondition,laboratoryName,analysisDate,analyzedBy,sampleType,replicate,sampleVolumeFiltered,filterSize,percentFilterAnalyzed,analyte,analyteConcentration,plantAlgaeLabUnits,method,externalRemarks,externalLabDataQF
"20be10d8-610f-46cb-a12d-3fa301b990b4","D11","PRIN","PRIN.AOS.S2","2019-05-01","PRIN.SS.20190501.POM.1","A00000104271","condition ok","SIRFER Lab at University of Utah","2019-09-17","ElFtGy1kV49xqNP00HfxQA==","POM","1",500,25,100,"d15N",6.41,"perMill","Revesz & Coplen 2012a",,
"80daef57-f805-4792-8104-17aa5b6536ab","D11","PRIN","PRIN.AOS.S2","2019-05-01","PRIN.SS.20190501.POM.1","A00000104271","condition ok","SIRFER Lab at University of Utah","2019-09-17","ElFtGy1kV49xqNP00HfxQA==","POM","1",500,25,100,"nitrogen",72.86,"microgramsPerLiter","Revesz & Coplen 2012a",,
"202b1ff9-6866-47f6-b8ac-f1655caab4b6","D11","PRIN","PRIN.AOS.S2","2019-05-01","PRIN.SS.20190501.POM.1","A00000104271","condition ok","SIRFER Lab at University of Utah","2019-09-17","ElFtGy1kV49xqNP00HfxQA==","POM","1",500,25,100,"carbon",710.86,"microgramsPerLiter","Revesz & Coplen 2012a",,
"79936842-d0c4-47ab-a0cb-0ac78dd5b048","D11","PRIN","PRIN.AOS.S2","2019-05-01","PRIN.SS.20190501.POM.1","A00000104271","condition ok","SIRFER Lab at University of Utah","2019-09-17","ElFtGy1kV49xqNP00HfxQA==","POM","1",500,25,100,"d13C",-24.91,"perMill","Revesz & Coplen 2012a",,
"66c31606-bc7d-46a0-8b36-b9367f782ac3","D11","PRIN","PRIN.AOS.S2","2019-05-09","PRIN.SS.20190509.POM.1","A00000104211","condition ok","SIRFER Lab at University of Utah","2019-09-17","ElFtGy1kV49xqNP00HfxQA==","POM","1",100,25,100,"d13C",-26.19,"perMill","Revesz & Coplen 2012a",,
"763cee7a-3de0-4d3c-b628-3736fba8158c","D11","PRIN","PRIN.AOS.S2","2019-05-09","PRIN.SS.20190509.POM.1","A00000104211","condition ok","SIRFER Lab at University of Utah","2019-09-17","ElFtGy1kV49xqNP00HfxQA==","POM","1",100,25,100,"d15N",4.16,"perMill","Revesz & Coplen 2012a",,
"cb8c3e4c-844d-4a1e-8f37-f44efe5f378d","D11","PRIN","PRIN.AOS.S2","2019-05-09","PRIN.SS.20190509.POM.1","A00000104211","condition ok","SIRFER Lab at University of Utah","2019-09-17","ElFtGy1kV49xqNP00HfxQA==","POM","1",100,25,100,"nitrogen",180.83,"microgramsPerLiter","Revesz & Coplen 2012a",,
"40e35b65-d594-40c6-b189-540c7766f199","D11","PRIN","PRIN.AOS.S2","2019-05-09","PRIN.SS.20190509.POM.1","A00000104211","condition ok","SIRFER Lab at University of Utah","2019-09-17","ElFtGy1kV49xqNP00HfxQA==","POM","1",100,25,100,"carbon",1462.30,"microgramsPerLiter","Revesz & Coplen 2012a",,
"ff990397-26cc-4046-94f7-7deeedea9f33","D11","PRIN","PRIN.AOS.S2","2019-05-14","PRIN.SS.20190514.POM.1","A00000104392","condition ok","SIRFER Lab at University of Utah","2019-09-17","ElFtGy1kV49xqNP00HfxQA==","POM","1",300,25,100,"d15N",3.96,"perMill","Revesz & Coplen 2012a",,
"9abdda16-31ea-48de-9908-f28f740bc700","D11","PRIN","PRIN.AOS.S2","2019-05-14","PRIN.SS.20190514.POM.1","A00000104392","condition ok","SIRFER Lab at University of Utah","2019-09-17","ElFtGy1kV49xqNP00HfxQA==","POM","1",300,25,100,"nitrogen",53.95,"microgramsPerLiter","Revesz & Coplen 2012a",,
"757ff9d3-7d03-4220-b441-37c68a67690c","D11","PRIN","PRIN.AOS.S2","2019-05-14","PRIN.SS.20190514.POM.1","A00000104392","condition ok","SIRFER Lab at University of Utah","2019-09-17","ElFtGy1kV49xqNP00HfxQA==","POM","1",300,25,100,"carbon",443.15,"microgramsPerLiter","Revesz & Coplen 2012a",,
"82fcd304-d825-49f8-9d85-5cb00d0b55ea","D11","PRIN","PRIN.AOS.S2","2019-05-14","PRIN.SS.20190514.POM.1","A00000104392","condition ok","SIRFER Lab at University of Utah","2019-09-17","ElFtGy1kV49xqNP00HfxQA==","POM","1",300,25,100,"d13C",-27.16,"perMill","Revesz & Coplen 2012a",,
"cf3b6b2b-a8fa-46b1-853e-26342050a5ad","D11","PRIN","PRIN.AOS.S2","2019-05-16","PRIN.SS.20190516.POM.1","A00000104550","condition ok","SIRFER Lab at University of Utah","2019-09-17","ElFtGy1kV49xqNP00HfxQA==","POM","1",500,25,100,"d15N",6.09,"perMill","Revesz & Coplen 2012a",,
"dcf667b7-a47b-4d9d-8e7d-aaaeb3b74fa9","D11","PRIN","PRIN.AOS.S2","2019-05-16","PRIN.SS.20190516.POM.1","A00000104550","condition ok","SIRFER Lab at University of Utah","2019-09-17","ElFtGy1kV49xqNP00HfxQA==","POM","1",500,25,100,"nitrogen",35.77,"microgramsPerLiter","Revesz & Coplen 2012a",,
"942fb395-6dba-454b-b769-5e5bd6f518c2","D11","PRIN","PRIN.AOS.S2","2019-05-16","PRIN.SS.20190516.POM.1","A00000104550","condition ok","SIRFER Lab at University of Utah","2019-09-17","ElFtGy1kV49xqNP00HfxQA==","POM","1",500,25,100,"d13C",-28.45,"perMill","Revesz & Coplen 2012a",,
"3e925150-d260-4950-b6bc-f5049685e2fa","D11","PRIN","PRIN.AOS.S2","2019-05-16","PRIN.SS.20190516.POM.1","A00000104550","condition ok","SIRFER Lab at University of Utah","2019-09-17","ElFtGy1kV49xqNP00HfxQA==","POM","1",500,25,100,"carbon",240.28,"microgramsPerLiter","Revesz & Coplen 2012a",,
