uid,domainID,siteID,namedLocation,collectDate,sampleID,sampleCode,sampleCondition,laboratoryName,analysisDate,analyzedBy,sampleType,replicate,sampleVolumeFiltered,filterSize,percentFilterAnalyzed,analyte,analyteConcentration,plantAlgaeLabUnits,method,externalRemarks,externalLabDataQF
"e18e2d64-9e07-4551-8c9e-3e39f0e8b599","D01","HOPB","HOPB.AOS.S2","2017-09-06","HOPB.SS.20170906.POM.1",,"condition ok","SIRFER Lab at University of Utah","2018-02-20","ElFtGy1kV49xqNP00HfxQA==","POM","1",500,25,100,"d15N",4.20,"perMill","Revesz & Coplen 2012a",,
"570b194a-52d0-4571-86d7-38fffc9e8f5e","D01","HOPB","HOPB.AOS.S2","2017-09-06","HOPB.SS.20170906.POM.1",,"condition ok","SIRFER Lab at University of Utah","2018-02-20","ElFtGy1kV49xqNP00HfxQA==","POM","1",500,25,100,"carbon",288.61,"microgramsPerLiter","Revesz & Coplen 2012a",,
"96aedb10-5cf8-420f-b6c6-c29e5d944071","D01","HOPB","HOPB.AOS.S2","2017-09-06","HOPB.SS.20170906.POM.1",,"condition ok","SIRFER Lab at University of Utah","2018-02-20","ElFtGy1kV49xqNP00HfxQA==","POM","1",500,25,100,"nitrogen",27.03,"microgramsPerLiter","Revesz & Coplen 2012a",,
"44db7b7a-3e77-436a-84b2-ae06c8cec9dc","D01","HOPB","HOPB.AOS.S2","2017-09-06","HOPB.SS.20170906.POM.1",,"condition ok","SIRFER Lab at University of Utah","2018-02-20","ElFtGy1kV49xqNP00HfxQA==","POM","1",500,25,100,"d13C",-28.28,"perMill","Revesz & Coplen 2012a",,
"ca34b6c5-59ba-4dd3-93a9-effa14c438f5","D01","HOPB","HOPB.AOS.S2","2017-09-12","HOPB.SS.20170912.POM.1",,"condition ok","SIRFER Lab at University of Utah","2018-02-20","ElFtGy1kV49xqNP00HfxQA==","POM","1",600,25,100,"d13C",-27.56,"perMill","Revesz & Coplen 2012a",,
"46702994-535d-48d4-b4dc-e97a3ce49035","D01","HOPB","HOPB.AOS.S2","2017-09-12","HOPB.SS.20170912.POM.1",,"condition ok","SIRFER Lab at University of Utah","2018-02-20","ElFtGy1kV49xqNP00HfxQA==","POM","1",600,25,100,"d15N",5.37,"perMill","Revesz & Coplen 2012a",,
"9cf44b0c-cd8d-430f-b78a-dd7c4e8e297e","D01","HOPB","HOPB.AOS.S2","2017-09-12","HOPB.SS.20170912.POM.1",,"condition ok","SIRFER Lab at University of Utah","2018-02-20","ElFtGy1kV49xqNP00HfxQA==","POM","1",600,25,100,"nitrogen",20.42,"microgramsPerLiter","Revesz & Coplen 2012a",,
"607e53e8-ccba-4432-8f34-22e727f3aa81","D01","HOPB","HOPB.AOS.S2","2017-09-12","HOPB.SS.20170912.POM.1",,"condition ok","SIRFER Lab at University of Utah","2018-02-20","ElFtGy1kV49xqNP00HfxQA==","POM","1",600,25,100,"carbon",207.46,"microgramsPerLiter","Revesz & Coplen 2012a",,
