uid,domainID,siteID,namedLocation,collectDate,sampleID,sampleCode,sampleCondition,laboratoryName,analysisDate,analyzedBy,sampleType,replicate,sampleVolumeFiltered,filterSize,percentFilterAnalyzed,analyte,analyteConcentration,plantAlgaeLabUnits,method,externalRemarks,externalLabDataQF
"51437c11-3a60-4f12-aa9b-838ff798f563","D13","COMO","COMO.AOS.S2","2018-03-20","COMO.SS.20180320.POM.1",,"condition ok","SIRFER Lab at University of Utah","2018-08-09","ElFtGy1kV49xqNP00HfxQA==","POM","1",1200,25,100,"nitrogen",7.80,"microgramsPerLiter","Revesz & Coplen 2012a",,
"47a68410-1d99-4821-9cfb-84c6575fc0eb","D13","COMO","COMO.AOS.S2","2018-03-20","COMO.SS.20180320.POM.1",,"condition ok","SIRFER Lab at University of Utah","2018-08-09","ElFtGy1kV49xqNP00HfxQA==","POM","1",1200,25,100,"d13C",-30.28,"perMill","Revesz & Coplen 2012a",,
"8d35f9e5-0b07-430a-be27-d5b59617f2a1","D13","COMO","COMO.AOS.S2","2018-03-20","COMO.SS.20180320.POM.1",,"condition ok","SIRFER Lab at University of Utah","2018-08-09","ElFtGy1kV49xqNP00HfxQA==","POM","1",1200,25,100,"carbon",117.17,"microgramsPerLiter","Revesz & Coplen 2012a",,
"be87a5ff-e2ea-41a0-b37c-b03ac5d93f3e","D13","COMO","COMO.AOS.S2","2018-03-20","COMO.SS.20180320.POM.1",,"condition ok","SIRFER Lab at University of Utah","2018-08-09","ElFtGy1kV49xqNP00HfxQA==","POM","1",1200,25,100,"d15N",3.28,"perMill","Revesz & Coplen 2012a",,
