uid,domainID,siteID,namedLocation,collectDate,sampleID,sampleCode,sampleCondition,laboratoryName,analysisDate,analyzedBy,sampleType,replicate,sampleVolumeFiltered,filterSize,percentFilterAnalyzed,analyte,analyteConcentration,plantAlgaeLabUnits,method,externalRemarks,externalLabDataQF
"3810d047-fc1e-4f0f-8587-a3b5c94e4984","D17","BIGC","BIGC.AOS.S2","2018-09-11","BIGC.SS.20180911.POM.1","A00000064053","condition ok","SIRFER Lab at University of Utah","2018-12-13","ElFtGy1kV49xqNP00HfxQA==","POM","1",1500,25,100,"carbon",,"microgramsPerLiter","Revesz & Coplen 2012a",,
"a6a403c8-7fa3-44fb-b8aa-96a4a4ca1ed3","D17","BIGC","BIGC.AOS.S2","2018-09-11","BIGC.SS.20180911.POM.1","A00000064053","condition ok","SIRFER Lab at University of Utah","2018-12-13","ElFtGy1kV49xqNP00HfxQA==","POM","1",1500,25,100,"nitrogen",,"microgramsPerLiter","Revesz & Coplen 2012a",,
"c96178c0-bab0-4953-a221-a34a4a69a827","D17","BIGC","BIGC.AOS.S2","2018-09-11","BIGC.SS.20180911.POM.1","A00000064053","condition ok","SIRFER Lab at University of Utah","2018-12-13","ElFtGy1kV49xqNP00HfxQA==","POM","1",1500,25,100,"d15N",,"perMill","Revesz & Coplen 2012a",,
"df42e179-a610-4485-bf04-976081a1d00a","D17","BIGC","BIGC.AOS.S2","2018-09-11","BIGC.SS.20180911.POM.1","A00000064053","condition ok","SIRFER Lab at University of Utah","2018-12-13","ElFtGy1kV49xqNP00HfxQA==","POM","1",1500,25,100,"d13C",,"perMill","Revesz & Coplen 2012a",,
"8dbb3bde-4a07-42b0-ac31-383ce509a112","D17","BIGC","BIGC.AOS.S2","2018-09-18","BIGC.SS.20180918.POM.1","A00000064050","condition ok","SIRFER Lab at University of Utah","2018-12-13","ElFtGy1kV49xqNP00HfxQA==","POM","1",1250,25,100,"nitrogen",,"microgramsPerLiter","Revesz & Coplen 2012a",,
"56777c60-84f0-43f4-98b3-4d9106784dbe","D17","BIGC","BIGC.AOS.S2","2018-09-18","BIGC.SS.20180918.POM.1","A00000064050","condition ok","SIRFER Lab at University of Utah","2018-12-13","ElFtGy1kV49xqNP00HfxQA==","POM","1",1250,25,100,"d13C",,"perMill","Revesz & Coplen 2012a",,
"d7231f53-3961-4594-9ef0-6034cb80b5f5","D17","BIGC","BIGC.AOS.S2","2018-09-18","BIGC.SS.20180918.POM.1","A00000064050","condition ok","SIRFER Lab at University of Utah","2018-12-13","ElFtGy1kV49xqNP00HfxQA==","POM","1",1250,25,100,"carbon",,"microgramsPerLiter","Revesz & Coplen 2012a",,
"39d56c8f-1b46-4721-98ce-f5dfbb9dbfaa","D17","BIGC","BIGC.AOS.S2","2018-09-18","BIGC.SS.20180918.POM.1","A00000064050","condition ok","SIRFER Lab at University of Utah","2018-12-13","ElFtGy1kV49xqNP00HfxQA==","POM","1",1250,25,100,"d15N",,"perMill","Revesz & Coplen 2012a",,
