uid,domainID,siteID,namedLocation,collectDate,sampleID,sampleCode,sampleCondition,laboratoryName,analysisDate,analyzedBy,sampleType,replicate,sampleVolumeFiltered,filterSize,percentFilterAnalyzed,analyte,analyteConcentration,plantAlgaeLabUnits,method,externalRemarks,externalLabDataQF
"c9b32b20-ce31-4c4b-8372-70d21aebe8bd","D08","MAYF","MAYF.AOS.S2","2016-01-12","MAYF.SS.20160112.POM.1",,"other","Academy of Natural Sciences of Drexel University","2016-08-29","OKgcKejxXbI=","13C15N","1",,,100,"d15N",,"perMill",,"not enough sample for analysis",
"2ac26f81-51d0-4f93-8641-13abea23a0c1","D08","MAYF","MAYF.AOS.S2","2016-01-12","MAYF.SS.20160112.POM.2",,"other","Academy of Natural Sciences of Drexel University","2016-09-01","OKgcKejxXbI=","13C15N","2",,,100,"d15N",,"perMill",,"not enough sample for analysis",
"b2a6ed8b-ee04-452a-9643-ed778b2cafac","D08","MAYF","MAYF.AOS.S2","2016-01-12","MAYF.SS.20160112.POM.2",,"condition ok","Academy of Natural Sciences of Drexel University","2016-09-01","OKgcKejxXbI=","13C15N","2",,,100,"d13C",-27.57,"perMill",,,
"4fb6ef87-f3cb-4d94-ac04-5e1ad3f3be74","D08","MAYF","MAYF.AOS.S2","2016-01-12","MAYF.SS.20160112.POM.1",,"condition ok","Academy of Natural Sciences of Drexel University","2016-08-29","OKgcKejxXbI=","13C15N","1",,,100,"d13C",-29.13,"perMill",,,
"fcc8b6d0-4bb1-4579-aecd-933c39403685","D08","MAYF","MAYF.AOS.S2","2016-01-22","MAYF.SS.20160122.POM.2",,"condition ok","Academy of Natural Sciences of Drexel University","2016-09-01","OKgcKejxXbI=","13C15N","2",,,100,"d13C",-28.03,"perMill",,,
"750722b8-9085-4bef-9336-6901c4cceee0","D08","MAYF","MAYF.AOS.S2","2016-01-22","MAYF.SS.20160122.POM.1",,"condition ok","Academy of Natural Sciences of Drexel University","2016-08-29","OKgcKejxXbI=","13C15N","1",,,100,"d15N",5.29,"perMill",,,
"f2712aca-2480-4b34-8caf-72e97e684595","D08","MAYF","MAYF.AOS.S2","2016-01-22","MAYF.SS.20160122.POM.1",,"condition ok","Academy of Natural Sciences of Drexel University","2016-08-29","OKgcKejxXbI=","13C15N","1",,,100,"d13C",-29.36,"perMill",,,
"dca395df-819a-47de-9ebe-c91c2e19b6df","D08","MAYF","MAYF.AOS.S2","2016-01-22","MAYF.SS.20160122.POM.2",,"condition ok","Academy of Natural Sciences of Drexel University","2016-09-01","OKgcKejxXbI=","13C15N","2",,,100,"d15N",4.94,"perMill",,,
