uid,domainID,siteID,namedLocation,collectDate,sampleID,sampleCode,sampleCondition,laboratoryName,analysisDate,analyzedBy,sampleType,replicate,sampleVolumeFiltered,filterSize,percentFilterAnalyzed,analyte,analyteConcentration,plantAlgaeLabUnits,method,externalRemarks,externalLabDataQF
"dad223ea-4a49-4c57-9bc1-c41c96ec292c","D08","BLWA","BLWA.AOS.buoy.c0","2018-01-09","BLWA.C0.20180109.POM.1",,"condition ok","SIRFER Lab at University of Utah","2018-08-28","ElFtGy1kV49xqNP00HfxQA==","POM","1",100,25,100,"d15N",8.43,"perMill","Revesz & Coplen 2012a",,
"3f23ee27-767b-4270-93d7-c63171a307f3","D08","BLWA","BLWA.AOS.buoy.c0","2018-01-09","BLWA.C0.20180109.POM.1",,"condition ok","SIRFER Lab at University of Utah","2018-08-28","ElFtGy1kV49xqNP00HfxQA==","POM","1",100,25,100,"nitrogen",93.50,"microgramsPerLiter","Revesz & Coplen 2012a",,
"4278cc6f-d55c-476c-a583-8bf543841d47","D08","BLWA","BLWA.AOS.buoy.c0","2018-01-09","BLWA.C0.20180109.POM.1",,"condition ok","SIRFER Lab at University of Utah","2018-08-28","ElFtGy1kV49xqNP00HfxQA==","POM","1",100,25,100,"carbon",746.94,"microgramsPerLiter","Revesz & Coplen 2012a",,
"3e8ea9dc-c33d-405a-b01d-674a298a9e93","D08","BLWA","BLWA.AOS.buoy.c0","2018-01-09","BLWA.C0.20180109.POM.1",,"condition ok","SIRFER Lab at University of Utah","2018-08-28","ElFtGy1kV49xqNP00HfxQA==","POM","1",100,25,100,"d13C",-30.52,"perMill","Revesz & Coplen 2012a",,
"6bec2156-77fe-44e0-ac97-f726da0c6b57","D08","BLWA","BLWA.AOS.buoy.c0","2018-01-24","BLWA.C0.20180124.POM.1",,"condition ok","SIRFER Lab at University of Utah","2018-08-28","ElFtGy1kV49xqNP00HfxQA==","POM","1",100,25,100,"d15N",6.80,"perMill","Revesz & Coplen 2012a",,
"38df33f0-bf4f-4b80-9acd-c8e78634d459","D08","BLWA","BLWA.AOS.buoy.c0","2018-01-24","BLWA.C0.20180124.POM.1",,"condition ok","SIRFER Lab at University of Utah","2018-08-28","ElFtGy1kV49xqNP00HfxQA==","POM","1",100,25,100,"nitrogen",68.30,"microgramsPerLiter","Revesz & Coplen 2012a",,
"90f400ab-ff5a-4fe2-b7a5-6c44a3e219f5","D08","BLWA","BLWA.AOS.buoy.c0","2018-01-24","BLWA.C0.20180124.POM.1",,"condition ok","SIRFER Lab at University of Utah","2018-08-28","ElFtGy1kV49xqNP00HfxQA==","POM","1",100,25,100,"d13C",-30.89,"perMill","Revesz & Coplen 2012a",,
"5ea2a960-b057-4f2c-81c5-bead0ccca44c","D08","BLWA","BLWA.AOS.buoy.c0","2018-01-24","BLWA.C0.20180124.POM.1",,"condition ok","SIRFER Lab at University of Utah","2018-08-28","ElFtGy1kV49xqNP00HfxQA==","POM","1",100,25,100,"carbon",525.74,"microgramsPerLiter","Revesz & Coplen 2012a",,
"7f589a86-2844-47b8-9c23-d9131228e15a","D08","BLWA","BLWA.AOS.buoy.c0","2018-01-31","BLWA.C0.20180131.POM.1",,"condition ok","SIRFER Lab at University of Utah","2018-08-28","ElFtGy1kV49xqNP00HfxQA==","POM","1",100,25,100,"d13C",-27.22,"perMill","Revesz & Coplen 2012a",,
"64957624-3766-4cce-b3d1-f8d4679282cd","D08","BLWA","BLWA.AOS.buoy.c0","2018-01-31","BLWA.C0.20180131.POM.1",,"condition ok","SIRFER Lab at University of Utah","2018-08-28","ElFtGy1kV49xqNP00HfxQA==","POM","1",100,25,100,"d15N",6.96,"perMill","Revesz & Coplen 2012a",,
"dea307b3-0234-4904-8093-96968c47db50","D08","BLWA","BLWA.AOS.buoy.c0","2018-01-31","BLWA.C0.20180131.POM.1",,"condition ok","SIRFER Lab at University of Utah","2018-08-28","ElFtGy1kV49xqNP00HfxQA==","POM","1",100,25,100,"carbon",1290.96,"microgramsPerLiter","Revesz & Coplen 2012a",,
"a02dede7-5d87-4f51-903e-c637d5c6807b","D08","BLWA","BLWA.AOS.buoy.c0","2018-01-31","BLWA.C0.20180131.POM.1",,"condition ok","SIRFER Lab at University of Utah","2018-08-28","ElFtGy1kV49xqNP00HfxQA==","POM","1",100,25,100,"nitrogen",185.61,"microgramsPerLiter","Revesz & Coplen 2012a",,
