uid,domainID,siteID,namedLocation,decimalLatitude,decimalLongitude,coordinateUncertainty,additionalCoordUncertainty,elevation,elevationUncertainty,geodeticDatum,altLocation,altLatitude,altLongitude,altCoordinateUncertainty,altGeodeticDatum,collectDate,aquaticSiteType,samplingImpractical,parentSampleID,parentSampleCode,eventID,samplerType,dissolvedOxygen,dissolvedOxygenSaturation,specificConductance,waterTemp,asiSamplingProtocolVersion,lowerSegmentDepth,upperSegmentDepth,maxDepth,lakeSampleDepth1,lakeSampleDepth2,aCollectedBy,bCollectedBy,remarks,fieldDataQF
"f7a90a98-ec31-4066-a04f-396fac82402f","D02","LEWI","LEWI.AOS.S2",39.094219,-77.981447,0.1,10.0,122.8,0.0,"WGS84",,,,,,"2017-03-01T14:50Z","stream",,"LEWI.SS.20170301",,"LEWI.20170301","Grab",11.57,105.00,568.00,10.90,"NEON.DOC.001886vE",,,,,,"jcoloso@neoninc.org","lcard@neoninc.org",,
"c454cd6e-9285-48d0-819f-66861fd9868c","D02","LEWI","LEWI.AOS.S2",39.094219,-77.981447,0.1,10.0,122.8,0.0,"WGS84",,,,,,"2017-03-07T16:15Z","stream",,"LEWI.SS.20170307",,"LEWI.20170307","Grab",11.81,104.40,523.00,9.80,"NEON.DOC.001886vE",,,,,,"jcoloso@neoninc.org","kgeiger@neoninc.org",,
"a8e5ff69-ac3b-4a09-b02c-90cb6e7135a2","D02","LEWI","LEWI.AOS.S2",39.094219,-77.981447,0.1,10.0,122.8,0.0,"WGS84",,,,,,"2017-03-15T13:45Z","stream",,"LEWI.SS.20170315",,"LEWI.20170315","Grab",11.78,87.30,563.00,2.90,"NEON.DOC.001886vE",,,,,,"kgeiger@neoninc.org","hmiller@neoninc.org",,
"c6b26e4b-1ed3-440e-a65d-4f743d113e96","D02","LEWI","LEWI.AOS.S2",39.094219,-77.981447,0.1,10.0,122.8,0.0,"WGS84",,,,,,"2017-03-27T13:46Z","stream",,"LEWI.SS.20170327",,"LEWI.20170327","Grab",11.59,105.90,550.00,11.30,"NEON.DOC.001886vE",,,,,,"jcoloso@neoninc.org","kgeiger@neoninc.org",,
