uid,domainID,siteID,namedLocation,collectDate,analysisDate,isotopeH2OSampleID,isotopeH2OSampleCode,instrumentSN,d18OWater,d2HWater,d18OsdWater,d2HsdWater,isotopeH2OExternalLabQF,laboratoryName,analyzedBy,sampleCondition,externalRemarks,externalLabDataQF
"f65820f0-5dcf-4eec-bb7e-0c0ac5f8b4e3","D02","LEWI","LEWI.AOS.S2","2017-03-01","2017-03-29","LEWI.SS.20170301.H2O.1",,"HIDS2046",-8.10,-50.62,0.02,0.11,0,"SIRFER Lab at University of Utah","OlSmE6RRn5QQH8tvUHmK5i/poYiQr6sd","OK",,
"498ae75d-9197-4ccf-965e-2cb1237c5462","D02","LEWI","LEWI.AOS.S2","2017-03-07","2017-04-17","LEWI.SS.20170307.H2O.1",,"HIDS2046",-7.37,-48.56,0.04,0.30,0,"SIRFER Lab at University of Utah","OlSmE6RRn5QQH8tvUHmK5i/poYiQr6sd","OK",,
"ea68c307-11b0-410b-b229-2259a9bde376","D02","LEWI","LEWI.AOS.S2","2017-03-15","2017-04-17","LEWI.SS.20170315.H2O.1",,"HIDS2046",-8.00,-51.17,0.02,0.07,0,"SIRFER Lab at University of Utah","OlSmE6RRn5QQH8tvUHmK5i/poYiQr6sd","OK",,
"aea10b39-1589-4ffa-b697-1e15300d64fd","D02","LEWI","LEWI.AOS.S2","2017-03-27","2017-04-17","LEWI.SS.20170327.H2O.1",,"HIDS2046",-8.09,-52.17,0.02,0.03,0,"SIRFER Lab at University of Utah","OlSmE6RRn5QQH8tvUHmK5i/poYiQr6sd","OK",,
