uid,domainID,siteID,namedLocation,collectDate,sampleID,sampleCode,sampleCondition,laboratoryName,analysisDate,analyzedBy,sampleType,replicate,sampleVolumeFiltered,filterSize,percentFilterAnalyzed,analyte,analyteConcentration,plantAlgaeLabUnits,method,externalRemarks,externalLabDataQF
"dd2159bc-7859-44ea-93aa-03f970d0c003","D02","LEWI","LEWI.AOS.S2","2017-03-01","LEWI.SS.20170301.POM.1",,"condition ok","SIRFER Lab at University of Utah","2018-03-05","ElFtGy1kV49xqNP00HfxQA==","POM","1",800,25,100,"carbon",219.35,"microgramsPerLiter","Revesz & Coplen 2012a",,
"b0b51eac-64cd-4c2c-aa7b-3f6dab48dddf","D02","LEWI","LEWI.AOS.S2","2017-03-01","LEWI.SS.20170301.POM.1",,"condition ok","SIRFER Lab at University of Utah","2018-03-05","ElFtGy1kV49xqNP00HfxQA==","POM","1",800,25,100,"nitrogen",21.46,"microgramsPerLiter","Revesz & Coplen 2012a",,
"4650428d-28cd-4ed9-9a76-75b7f33e2f62","D02","LEWI","LEWI.AOS.S2","2017-03-01","LEWI.SS.20170301.POM.1",,"condition ok","SIRFER Lab at University of Utah","2018-03-05","ElFtGy1kV49xqNP00HfxQA==","POM","1",800,25,100,"d15N",7.18,"perMill","Revesz & Coplen 2012a",,
"9d755e28-90b4-4a4d-843f-97d26a467a9a","D02","LEWI","LEWI.AOS.S2","2017-03-01","LEWI.SS.20170301.POM.1",,"condition ok","SIRFER Lab at University of Utah","2018-03-05","ElFtGy1kV49xqNP00HfxQA==","POM","1",800,25,100,"d13C",-26.04,"perMill","Revesz & Coplen 2012a",,
"ab66e914-c5d1-4044-ba49-dcf8098c462c","D02","LEWI","LEWI.AOS.S2","2017-03-07","LEWI.SS.20170307.POM.1",,"condition ok","SIRFER Lab at University of Utah","2018-03-05","ElFtGy1kV49xqNP00HfxQA==","POM","1",1000,25,100,"d15N",5.93,"perMill","Revesz & Coplen 2012a",,
"ba1d21c4-1574-48b8-8ec6-b69bd268b419","D02","LEWI","LEWI.AOS.S2","2017-03-07","LEWI.SS.20170307.POM.1",,"condition ok","SIRFER Lab at University of Utah","2018-03-05","ElFtGy1kV49xqNP00HfxQA==","POM","1",1000,25,100,"nitrogen",26.83,"microgramsPerLiter","Revesz & Coplen 2012a",,
"aa4a3a90-da66-4ec4-8c14-d33bee477265","D02","LEWI","LEWI.AOS.S2","2017-03-07","LEWI.SS.20170307.POM.1",,"condition ok","SIRFER Lab at University of Utah","2018-03-05","ElFtGy1kV49xqNP00HfxQA==","POM","1",1000,25,100,"d13C",-25.76,"perMill","Revesz & Coplen 2012a",,
"24d712ab-1c1d-469c-b7e9-fd15e50f6c6e","D02","LEWI","LEWI.AOS.S2","2017-03-07","LEWI.SS.20170307.POM.1",,"condition ok","SIRFER Lab at University of Utah","2018-03-05","ElFtGy1kV49xqNP00HfxQA==","POM","1",1000,25,100,"carbon",235.75,"microgramsPerLiter","Revesz & Coplen 2012a",,
"d5083e72-8086-460f-a86b-d8fb75fe435a","D02","LEWI","LEWI.AOS.S2","2017-03-15","LEWI.SS.20170315.POM.1",,"condition ok","SIRFER Lab at University of Utah","2018-03-05","ElFtGy1kV49xqNP00HfxQA==","POM","1",800,25,100,"d13C",-24.47,"perMill","Revesz & Coplen 2012a",,
"35ce23c1-090c-43e1-9fcf-d3285ab27313","D02","LEWI","LEWI.AOS.S2","2017-03-15","LEWI.SS.20170315.POM.1",,"condition ok","SIRFER Lab at University of Utah","2018-03-05","ElFtGy1kV49xqNP00HfxQA==","POM","1",800,25,100,"carbon",185.95,"microgramsPerLiter","Revesz & Coplen 2012a",,
"e3bbe258-6c68-4118-8c71-af33d34939e3","D02","LEWI","LEWI.AOS.S2","2017-03-15","LEWI.SS.20170315.POM.1",,"condition ok","SIRFER Lab at University of Utah","2018-03-05","ElFtGy1kV49xqNP00HfxQA==","POM","1",800,25,100,"nitrogen",16.97,"microgramsPerLiter","Revesz & Coplen 2012a",,
"9922cbb9-3076-44e2-acb9-9600575e6259","D02","LEWI","LEWI.AOS.S2","2017-03-15","LEWI.SS.20170315.POM.1",,"condition ok","SIRFER Lab at University of Utah","2018-03-05","ElFtGy1kV49xqNP00HfxQA==","POM","1",800,25,100,"d15N",6.82,"perMill","Revesz & Coplen 2012a",,
"88e5fe14-777f-4b6e-817d-f3ca67c72774","D02","LEWI","LEWI.AOS.S2","2017-03-27","LEWI.SS.20170327.POM.1",,"condition ok","SIRFER Lab at University of Utah","2018-03-05","ElFtGy1kV49xqNP00HfxQA==","POM","1",1000,25,100,"carbon",229.40,"microgramsPerLiter","Revesz & Coplen 2012a",,
"095e9bb5-1a8c-474a-8787-58c678408d1a","D02","LEWI","LEWI.AOS.S2","2017-03-27","LEWI.SS.20170327.POM.1",,"condition ok","SIRFER Lab at University of Utah","2018-03-05","ElFtGy1kV49xqNP00HfxQA==","POM","1",1000,25,100,"d13C",-25.81,"perMill","Revesz & Coplen 2012a",,
"3100f347-ad6a-4eaa-b1ba-0aa9583bf22d","D02","LEWI","LEWI.AOS.S2","2017-03-27","LEWI.SS.20170327.POM.1",,"condition ok","SIRFER Lab at University of Utah","2018-03-05","ElFtGy1kV49xqNP00HfxQA==","POM","1",1000,25,100,"d15N",6.44,"perMill","Revesz & Coplen 2012a",,
"59ad2a43-907e-4deb-813f-70f61c346079","D02","LEWI","LEWI.AOS.S2","2017-03-27","LEWI.SS.20170327.POM.1",,"condition ok","SIRFER Lab at University of Utah","2018-03-05","ElFtGy1kV49xqNP00HfxQA==","POM","1",1000,25,100,"nitrogen",26.00,"microgramsPerLiter","Revesz & Coplen 2012a",,
