uid,domainID,siteID,namedLocation,collectDate,parentSampleID,parentSampleCode,isotopeH2OSampleCond,isotopeH2OSampleID,isotopeH2OSampleCode,isotopePOMRep2SampleCond,isotopePOMRep2SampleID,isotopePOMRep2SampleCode,isotopePOMSampleCond,isotopePOMSampleID,isotopePOMSampleCode,processedDateFilters,processedDateH2OIsotopes,sampleVolumeFilteredPOMRep1,sampleVolumeFilteredPOMRep2,fieldDataQF
"217da7c0-f0dd-4412-8bbf-cdd15d4740d1","D02","LEWI","LEWI.AOS.S2","2017-03-01T14:50Z","LEWI.SS.20170301",,,"LEWI.SS.20170301.H2O.1",,,"LEWI.SS.20170301.POM.2",,,"LEWI.SS.20170301.POM.1",,"2017-03-01T11:51Z","2017-03-01T12:10Z",800,800,
"74d2702f-5fdc-4113-ab59-690b000a8c4a","D02","LEWI","LEWI.AOS.S2","2017-03-07T16:15Z","LEWI.SS.20170307",,,"LEWI.SS.20170307.H2O.1",,,"LEWI.SS.20170307.POM.2",,,"LEWI.SS.20170307.POM.1",,"2017-03-07T13:15Z","2017-03-07T13:01Z",1000,1000,
"d27aa779-414b-4119-be40-8b5859ba3ee7","D02","LEWI","LEWI.AOS.S2","2017-03-15T13:45Z","LEWI.SS.20170315",,,"LEWI.SS.20170315.H2O.1",,,"LEWI.SS.20170315.POM.2",,,"LEWI.SS.20170315.POM.1",,"2017-03-15T12:50Z","2017-03-15T12:45Z",800,800,
"8e27d90c-200e-4339-bff2-d3093f9fbd40","D02","LEWI","LEWI.AOS.S2","2017-03-27T13:46Z","LEWI.SS.20170327",,,"LEWI.SS.20170327.H2O.1",,,"LEWI.SS.20170327.POM.2",,,"LEWI.SS.20170327.POM.1",,"2017-03-27T11:51Z","2017-03-27T11:45Z",1000,1000,
