uid,domainID,siteID,namedLocation,collectDate,sampleID,sampleCode,sampleCondition,laboratoryName,analysisDate,analyzedBy,sampleType,replicate,sampleVolumeFiltered,filterSize,percentFilterAnalyzed,analyte,analyteConcentration,plantAlgaeLabUnits,method,externalRemarks,externalLabDataQF
"d88be1d4-aec8-440c-b79e-34c8697c24d9","D02","LEWI","LEWI.AOS.S2","2017-07-05","LEWI.SS.20170705.POM.1",,"condition ok","SIRFER Lab at University of Utah","2018-03-05","ElFtGy1kV49xqNP00HfxQA==","POM","1",250,25,100,"d15N",4.31,"perMill","Revesz & Coplen 2012a",,
"c68e4077-5b90-4cdd-96b5-c8a402099206","D02","LEWI","LEWI.AOS.S2","2017-07-05","LEWI.SS.20170705.POM.1",,"condition ok","SIRFER Lab at University of Utah","2018-03-05","ElFtGy1kV49xqNP00HfxQA==","POM","1",250,25,100,"d13C",-23.28,"perMill","Revesz & Coplen 2012a",,
"ccaa698e-b71e-4e69-869a-d0e4dc77e040","D02","LEWI","LEWI.AOS.S2","2017-07-05","LEWI.SS.20170705.POM.1",,"condition ok","SIRFER Lab at University of Utah","2018-03-05","ElFtGy1kV49xqNP00HfxQA==","POM","1",250,25,100,"carbon",1561.43,"microgramsPerLiter","Revesz & Coplen 2012a",,
"4b423d9c-ee92-4377-9c03-aa05696abae9","D02","LEWI","LEWI.AOS.S2","2017-07-05","LEWI.SS.20170705.POM.1",,"condition ok","SIRFER Lab at University of Utah","2018-03-05","ElFtGy1kV49xqNP00HfxQA==","POM","1",250,25,100,"nitrogen",112.97,"microgramsPerLiter","Revesz & Coplen 2012a",,
"7e95fdb1-effc-4e97-a94b-8efbea60c853","D02","LEWI","LEWI.AOS.S2","2017-07-25","LEWI.SS.20170725.POM.1",,"condition ok","SIRFER Lab at University of Utah","2018-03-05","ElFtGy1kV49xqNP00HfxQA==","POM","1",500,25,100,"d13C",-23.18,"perMill","Revesz & Coplen 2012a",,
"e8865a38-f3f1-400c-8fea-399a83da92a5","D02","LEWI","LEWI.AOS.S2","2017-07-25","LEWI.SS.20170725.POM.1",,"condition ok","SIRFER Lab at University of Utah","2018-03-05","ElFtGy1kV49xqNP00HfxQA==","POM","1",500,25,100,"carbon",690.06,"microgramsPerLiter","Revesz & Coplen 2012a",,
"50dcd3d2-fa03-4184-8506-bfb83f56b738","D02","LEWI","LEWI.AOS.S2","2017-07-25","LEWI.SS.20170725.POM.1",,"condition ok","SIRFER Lab at University of Utah","2018-03-05","ElFtGy1kV49xqNP00HfxQA==","POM","1",500,25,100,"d15N",2.52,"perMill","Revesz & Coplen 2012a",,
"42dcbe42-3c43-48f9-ad49-34ceb5671a2e","D02","LEWI","LEWI.AOS.S2","2017-07-25","LEWI.SS.20170725.POM.1",,"condition ok","SIRFER Lab at University of Utah","2018-03-05","ElFtGy1kV49xqNP00HfxQA==","POM","1",500,25,100,"nitrogen",55.93,"microgramsPerLiter","Revesz & Coplen 2012a",,
