uid,domainID,siteID,namedLocation,collectDate,parentSampleID,parentSampleCode,isotopeH2OSampleCond,isotopeH2OSampleID,isotopeH2OSampleCode,isotopePOMRep2SampleCond,isotopePOMRep2SampleID,isotopePOMRep2SampleCode,isotopePOMSampleCond,isotopePOMSampleID,isotopePOMSampleCode,processedDateFilters,processedDateH2OIsotopes,sampleVolumeFilteredPOMRep1,sampleVolumeFilteredPOMRep2,fieldDataQF
"ca0d01fc-590e-4ecb-985b-98545fb0d76a","D03","FLNT","FLNT.AOS.buoy.c0","2018-06-19T15:53Z","FLNT.C0.20180619",,"Sample condition ok","FLNT.C0.20180619.H2O.1","A00000003761","Sample condition ok","FLNT.C0.20180619.POM.2","A00000003765","Sample condition ok","FLNT.C0.20180619.POM.1","A00000003764","2018-06-19T19:12Z","2018-06-19T15:53Z",400,350,
"1788bcf6-6d0c-4bf2-b410-acc1b54f8013","D03","FLNT","FLNT.AOS.buoy.c0","2018-06-26T17:19Z","FLNT.C0.20180626",,"Sample condition ok","FLNT.C0.20180626.H2O.2","A00000003776",,,,,,,,"2018-06-26T19:45Z",,,
"aedb8fb3-9797-4118-86c3-c9b40d9e37ec","D03","FLNT","FLNT.AOS.buoy.c0","2018-06-26T17:19Z","FLNT.C0.20180626",,"Sample condition ok","FLNT.C0.20180626.H2O.3","A00000003777",,,,,,,,"2018-06-26T19:45Z",,,
"6948cc1b-faa3-41d5-ae3e-84cbb2f0ad28","D03","FLNT","FLNT.AOS.buoy.c0","2018-06-26T17:19Z","FLNT.C0.20180626",,"Sample condition ok","FLNT.C0.20180626.H2O.1","A00000003775","Sample condition ok","FLNT.C0.20180626.POM.2","A00000003774","Sample condition ok","FLNT.C0.20180626.POM.1","A00000003773","2018-06-26T19:40Z","2018-06-26T19:45Z",500,500,
