uid,domainID,siteID,namedLocation,collectDate,analysisDate,isotopeH2OSampleID,isotopeH2OSampleCode,instrumentSN,d18OWater,d2HWater,d18OsdWater,d2HsdWater,isotopeH2OExternalLabQF,laboratoryName,analyzedBy,sampleCondition,externalRemarks,externalLabDataQF
"98ac7f0f-7043-4cc9-a4a2-9de07d5d80e9","D03","FLNT","FLNT.AOS.buoy.c0","2018-06-19","2018-09-07","FLNT.C0.20180619.H2O.1","A00000003761","HIDS2052",-4.26,-23.65,0.06,0.17,0,"SIRFER Lab at University of Utah","OlSmE6RRn5QQH8tvUHmK5i/poYiQr6sd","OK",,
"5e137d3d-0344-4c54-976d-b6a5431a49c4","D03","FLNT","FLNT.AOS.buoy.c0","2018-06-26","2018-09-07","FLNT.C0.20180626.H2O.3","A00000003777","HIDS2052",-3.96,-22.07,0.04,0.19,0,"SIRFER Lab at University of Utah","OlSmE6RRn5QQH8tvUHmK5i/poYiQr6sd","OK",,
"06668de2-0c63-4ba5-a0c2-b17c3f28c9ba","D03","FLNT","FLNT.AOS.buoy.c0","2018-06-26","2018-09-07","FLNT.C0.20180626.H2O.2","A00000003776","HIDS2052",-3.96,-22.06,0.04,0.10,0,"SIRFER Lab at University of Utah","OlSmE6RRn5QQH8tvUHmK5i/poYiQr6sd","OK",,
"4fb6fec9-68db-44de-8c13-cc20f22c84a6","D03","FLNT","FLNT.AOS.buoy.c0","2018-06-26","2018-09-07","FLNT.C0.20180626.H2O.1","A00000003775","HIDS2052",-3.97,-22.10,0.01,0.10,0,"SIRFER Lab at University of Utah","OlSmE6RRn5QQH8tvUHmK5i/poYiQr6sd","OK",,
