uid,domainID,siteID,namedLocation,collectDate,sampleID,sampleCode,sampleCondition,laboratoryName,analysisDate,analyzedBy,sampleType,replicate,sampleVolumeFiltered,filterSize,percentFilterAnalyzed,analyte,analyteConcentration,plantAlgaeLabUnits,method,externalRemarks,externalLabDataQF
"39387463-2624-40ae-84a6-77da4931aec6","D03","FLNT","FLNT.AOS.buoy.c0","2018-06-19","FLNT.C0.20180619.POM.1","A00000003764","condition ok","SIRFER Lab at University of Utah","2018-07-31","ElFtGy1kV49xqNP00HfxQA==","POM","1",400,25,100,"d13C",-29.12,"perMill","Revesz & Coplen 2012a",,
"24c4b7ef-9057-4fbe-8d5e-32272c00ef50","D03","FLNT","FLNT.AOS.buoy.c0","2018-06-19","FLNT.C0.20180619.POM.1","A00000003764","condition ok","SIRFER Lab at University of Utah","2018-07-31","ElFtGy1kV49xqNP00HfxQA==","POM","1",400,25,100,"d15N",6.67,"perMill","Revesz & Coplen 2012a",,
"95e57df5-2faa-4d09-a5b1-732cca402331","D03","FLNT","FLNT.AOS.buoy.c0","2018-06-19","FLNT.C0.20180619.POM.1","A00000003764","condition ok","SIRFER Lab at University of Utah","2018-07-31","ElFtGy1kV49xqNP00HfxQA==","POM","1",400,25,100,"carbon",566.84,"microgramsPerLiter","Revesz & Coplen 2012a",,
"3b3aebb4-1d47-439a-b20e-6bec6aa2156c","D03","FLNT","FLNT.AOS.buoy.c0","2018-06-19","FLNT.C0.20180619.POM.1","A00000003764","condition ok","SIRFER Lab at University of Utah","2018-07-31","ElFtGy1kV49xqNP00HfxQA==","POM","1",400,25,100,"nitrogen",58.77,"microgramsPerLiter","Revesz & Coplen 2012a",,
"5e0d7b77-b1b5-43fe-bc8e-0daad29a5b4e","D03","FLNT","FLNT.AOS.buoy.c0","2018-06-26","FLNT.C0.20180626.POM.1","A00000003773","condition ok","SIRFER Lab at University of Utah","2018-08-22","ElFtGy1kV49xqNP00HfxQA==","POM","1",500,25,100,"carbon",366.65,"microgramsPerLiter","Revesz & Coplen 2012a",,
"3835cf13-665a-4602-9be0-02429ebc0e3b","D03","FLNT","FLNT.AOS.buoy.c0","2018-06-26","FLNT.C0.20180626.POM.1","A00000003773","condition ok","SIRFER Lab at University of Utah","2018-08-22","ElFtGy1kV49xqNP00HfxQA==","POM","1",500,25,100,"d13C",-29.19,"perMill","Revesz & Coplen 2012a",,
"50df44f4-2453-4856-8eff-b751d4d98c00","D03","FLNT","FLNT.AOS.buoy.c0","2018-06-26","FLNT.C0.20180626.POM.1","A00000003773","condition ok","SIRFER Lab at University of Utah","2018-08-22","ElFtGy1kV49xqNP00HfxQA==","POM","1",500,25,100,"nitrogen",41.67,"microgramsPerLiter","Revesz & Coplen 2012a",,
"36b672be-3a43-4a74-8816-6a29e625adb3","D03","FLNT","FLNT.AOS.buoy.c0","2018-06-26","FLNT.C0.20180626.POM.1","A00000003773","condition ok","SIRFER Lab at University of Utah","2018-08-22","ElFtGy1kV49xqNP00HfxQA==","POM","1",500,25,100,"d15N",8.71,"perMill","Revesz & Coplen 2012a",,
