uid,domainID,siteID,namedLocation,collectDate,sampleID,sampleCode,sampleCondition,laboratoryName,analysisDate,analyzedBy,sampleType,replicate,sampleVolumeFiltered,filterSize,percentFilterAnalyzed,analyte,analyteConcentration,plantAlgaeLabUnits,method,externalRemarks,externalLabDataQF
"0a634bcb-5e6d-4977-b8a3-7c19fb9117ba","D08","TOMB","TOMB.AOS.buoy.c0","2017-01-12","TOMB.C0.20170112.POM.2",,"other","Academy of Natural Sciences of Drexel University","2017-05-23","OKgcKejxXbI=","13C15N","2",,,100,"d15N",9.13,"perMill",,"filter poorly folded, sample loss",
"513207e3-4996-4414-a46b-0b6b6da15252","D08","TOMB","TOMB.AOS.buoy.c0","2017-01-12","TOMB.C0.20170112.POM.1",,"other","Academy of Natural Sciences of Drexel University","2017-04-08","OKgcKejxXbI=","13C15N","1",,,100,"d13C",-28.12,"perMill",,"filter poorly folded, sample loss",
"5add6cb2-ad00-4e04-877a-5a53297c60de","D08","TOMB","TOMB.AOS.buoy.c0","2017-01-12","TOMB.C0.20170112.POM.1",,"other","Academy of Natural Sciences of Drexel University","2017-04-08","OKgcKejxXbI=","13C15N","1",,,100,"d15N",5.75,"perMill",,"filter poorly folded, sample loss",
"05393f7e-cd72-42c2-8e60-92b04c4e3c54","D08","TOMB","TOMB.AOS.buoy.c0","2017-01-12","TOMB.C0.20170112.POM.2",,"other","Academy of Natural Sciences of Drexel University","2017-05-23","OKgcKejxXbI=","13C15N","2",,,100,"d13C",-28.17,"perMill",,"filter poorly folded, sample loss",
"2302a040-ea9b-45be-b99d-6a44c1d082e2","D08","TOMB","TOMB.AOS.buoy.c0","2017-01-24","TOMB.C0.20170124.POM.1",,"condition ok","SIRFER Lab at University of Utah","2018-03-26","ElFtGy1kV49xqNP00HfxQA==","POM","1",30,25,100,"d13C",-27.13,"perMill","Revesz & Coplen 2012a",,
"02043eae-f073-4095-ba81-3e7f9334f160","D08","TOMB","TOMB.AOS.buoy.c0","2017-01-24","TOMB.C0.20170124.POM.1",,"condition ok","SIRFER Lab at University of Utah","2018-03-26","ElFtGy1kV49xqNP00HfxQA==","POM","1",30,25,100,"carbon",2955.20,"microgramsPerLiter","Revesz & Coplen 2012a",,
"c845df3b-a537-4acb-948d-e4e063f92169","D08","TOMB","TOMB.AOS.buoy.c0","2017-01-24","TOMB.C0.20170124.POM.1",,"condition ok","SIRFER Lab at University of Utah","2018-03-26","ElFtGy1kV49xqNP00HfxQA==","POM","1",30,25,100,"nitrogen",376.80,"microgramsPerLiter","Revesz & Coplen 2012a",,
"fc1d03a6-b3a9-4d47-9a40-52f895ff83fe","D08","TOMB","TOMB.AOS.buoy.c0","2017-01-24","TOMB.C0.20170124.POM.1",,"condition ok","SIRFER Lab at University of Utah","2018-03-26","ElFtGy1kV49xqNP00HfxQA==","POM","1",30,25,100,"d15N",9.54,"perMill","Revesz & Coplen 2012a",,
