uid,domainID,siteID,namedLocation,collectDate,sampleID,sampleCode,sampleCondition,laboratoryName,analysisDate,analyzedBy,sampleType,replicate,sampleVolumeFiltered,filterSize,percentFilterAnalyzed,analyte,analyteConcentration,plantAlgaeLabUnits,method,externalRemarks,externalLabDataQF
"10dc213f-1afe-483e-9dd1-b3138f5153bb","D13","COMO","COMO.AOS.S2","2016-10-18","COMO.SS.20161018.POM.2",,"other","Academy of Natural Sciences of Drexel University","2015-05-10","OKgcKejxXbI=","13C15N","2",,,100,"d15N",,"perMill",,"sample corrupted during analysis",
"663094d7-7712-4472-ac97-f567327affd9","D13","COMO","COMO.AOS.S2","2016-10-18","COMO.SS.20161018.POM.1",,"condition ok","Academy of Natural Sciences of Drexel University","2017-03-29","OKgcKejxXbI=","13C15N","1",,,100,"d13C",-29.57,"perMill",,,
"8a6c8b26-d67b-48fb-ab6b-d6f8f9c888e8","D13","COMO","COMO.AOS.S2","2016-10-18","COMO.SS.20161018.POM.1",,"condition ok","Academy of Natural Sciences of Drexel University","2017-03-29","OKgcKejxXbI=","13C15N","1",,,100,"d15N",1.92,"perMill",,,
"a24811bd-c05e-48c9-a784-7b7f4a49c2b6","D13","COMO","COMO.AOS.S2","2016-10-18","COMO.SS.20161018.POM.2",,"other","Academy of Natural Sciences of Drexel University","2015-05-10","OKgcKejxXbI=","13C15N","2",,,100,"d13C",,"perMill",,"sample corrupted during analysis",
