uid,domainID,siteID,namedLocation,collectDate,sampleID,sampleCode,sampleCondition,laboratoryName,analysisDate,analyzedBy,sampleType,replicate,sampleVolumeFiltered,filterSize,percentFilterAnalyzed,analyte,analyteConcentration,plantAlgaeLabUnits,method,externalRemarks,externalLabDataQF
"3a31a625-ccb4-4175-8359-4de4e34673cf","D08","MAYF","MAYF.AOS.S2","2017-01-09","MAYF.SS.20170109.POM.2",,"other","Academy of Natural Sciences of Drexel University","2017-05-23","OKgcKejxXbI=","13C15N","2",,,100,"d13C",-27.61,"perMill",,"Sample ID not listed on label",
"e26c75ee-df85-4ecf-934f-f9b6c646de0f","D08","MAYF","MAYF.AOS.S2","2017-01-09","MAYF.SS.20170109.POM.2",,"other","Academy of Natural Sciences of Drexel University","2017-05-23","OKgcKejxXbI=","13C15N","2",,,100,"d15N",,"perMill",,"Sample ID not listed on label, sample too small for analysis",
"c028d952-fa1b-4236-ac94-49f947cbd729","D08","MAYF","MAYF.AOS.S2","2017-01-09","MAYF.SS.20170109.POM.1",,"other","Academy of Natural Sciences of Drexel University","2017-04-08","OKgcKejxXbI=","13C15N","1",,,100,"d15N",,"perMill",,"Sample ID not listed on label, sample too small for analysis",
"462612f2-00aa-410c-949f-5f04cb984dab","D08","MAYF","MAYF.AOS.S2","2017-01-09","MAYF.SS.20170109.POM.1",,"other","Academy of Natural Sciences of Drexel University","2017-04-08","OKgcKejxXbI=","13C15N","1",,,100,"d13C",-28.02,"perMill",,"Sample ID not listed on label",
"d10d855b-409f-4e3f-b461-9b8a0d6f2438","D08","MAYF","MAYF.AOS.S2","2017-01-23","MAYF.SS.20170123.POM.1",,"condition ok","SIRFER Lab at University of Utah","2018-03-14","ElFtGy1kV49xqNP00HfxQA==","POM","1",50,25,100,"nitrogen",77.98,"microgramsPerLiter","Revesz & Coplen 2012a",,
"6c30d683-cdaa-484f-9759-d83b4274ad63","D08","MAYF","MAYF.AOS.S2","2017-01-23","MAYF.SS.20170123.POM.1",,"condition ok","SIRFER Lab at University of Utah","2018-03-14","ElFtGy1kV49xqNP00HfxQA==","POM","1",50,25,100,"carbon",1242.16,"microgramsPerLiter","Revesz & Coplen 2012a",,
"c1e50285-1a2f-496d-aafc-2d4bab535495","D08","MAYF","MAYF.AOS.S2","2017-01-23","MAYF.SS.20170123.POM.1",,"condition ok","SIRFER Lab at University of Utah","2018-03-14","ElFtGy1kV49xqNP00HfxQA==","POM","1",50,25,100,"d13C",-27.43,"perMill","Revesz & Coplen 2012a",,
"1e4645ed-47ca-402e-b610-94ecc576b680","D08","MAYF","MAYF.AOS.S2","2017-01-23","MAYF.SS.20170123.POM.1",,"condition ok","SIRFER Lab at University of Utah","2018-03-14","ElFtGy1kV49xqNP00HfxQA==","POM","1",50,25,100,"d15N",19.79,"perMill","Revesz & Coplen 2012a",,
