uid,domainID,siteID,namedLocation,collectDate,sampleID,sampleCode,sampleCondition,laboratoryName,analysisDate,analyzedBy,sampleType,replicate,sampleVolumeFiltered,filterSize,percentFilterAnalyzed,analyte,analyteConcentration,plantAlgaeLabUnits,method,externalRemarks,externalLabDataQF
"d73bd283-d700-42c1-9701-9861b262c269","D01","HOPB","HOPB.AOS.S2","2019-07-11","HOPB.SS.20190711.POM.1","A00000067577","condition ok","SIRFER Lab at University of Utah","2019-11-25","ElFtGy1kV49xqNP00HfxQA==","POM","1",700,25,100,"d15N",,"perMill","Revesz & Coplen 2012a",,
"c216035e-0dfd-474f-9782-8726edca7eb8","D01","HOPB","HOPB.AOS.S2","2019-07-11","HOPB.SS.20190711.POM.1","A00000067577","condition ok","SIRFER Lab at University of Utah","2019-11-25","ElFtGy1kV49xqNP00HfxQA==","POM","1",700,25,100,"d13C",,"perMill","Revesz & Coplen 2012a",,
"532fd101-dcdb-4e89-9bf9-caf49a68e30d","D01","HOPB","HOPB.AOS.S2","2019-07-11","HOPB.SS.20190711.POM.1","A00000067577","condition ok","SIRFER Lab at University of Utah","2019-11-25","ElFtGy1kV49xqNP00HfxQA==","POM","1",700,25,100,"nitrogen",,"microgramsPerLiter","Revesz & Coplen 2012a",,
"d8caa64f-57cc-4e7a-9696-bd66acd4bc2d","D01","HOPB","HOPB.AOS.S2","2019-07-11","HOPB.SS.20190711.POM.1","A00000067577","condition ok","SIRFER Lab at University of Utah","2019-11-25","ElFtGy1kV49xqNP00HfxQA==","POM","1",700,25,100,"carbon",,"microgramsPerLiter","Revesz & Coplen 2012a",,
