uid,domainID,siteID,namedLocation,collectDate,sampleID,sampleCode,sampleCondition,laboratoryName,analysisDate,analyzedBy,sampleType,replicate,sampleVolumeFiltered,filterSize,percentFilterAnalyzed,analyte,analyteConcentration,plantAlgaeLabUnits,method,externalRemarks,externalLabDataQF
"ee2e2c0d-2dc9-40ca-b7d9-b33724f4f15d","D07","WALK","WALK.AOS.S2","2018-03-06","WALK.SS.20180306.POM.1",,"condition ok","SIRFER Lab at University of Utah","2018-08-31","ElFtGy1kV49xqNP00HfxQA==","POM","1",1000,25,100,"d15N",3.16,"perMill","Revesz & Coplen 2012a",,
"f169cbd8-404f-49c2-b317-13f166cecacd","D07","WALK","WALK.AOS.S2","2018-03-06","WALK.SS.20180306.POM.1",,"condition ok","SIRFER Lab at University of Utah","2018-08-31","ElFtGy1kV49xqNP00HfxQA==","POM","1",1000,25,100,"nitrogen",9.46,"microgramsPerLiter","Revesz & Coplen 2012a",,
"a6cceec4-e9b8-4086-bfd1-7d7f40c4bc9f","D07","WALK","WALK.AOS.S2","2018-03-06","WALK.SS.20180306.POM.1",,"condition ok","SIRFER Lab at University of Utah","2018-08-31","ElFtGy1kV49xqNP00HfxQA==","POM","1",1000,25,100,"d13C",-29.08,"perMill","Revesz & Coplen 2012a",,
"2380960c-1b82-48ba-b40d-bba233275f1f","D07","WALK","WALK.AOS.S2","2018-03-06","WALK.SS.20180306.POM.1",,"condition ok","SIRFER Lab at University of Utah","2018-08-31","ElFtGy1kV49xqNP00HfxQA==","POM","1",1000,25,100,"carbon",117.10,"microgramsPerLiter","Revesz & Coplen 2012a",,
"6fe8e843-22ab-4f94-8e8f-2421fa19d5f6","D07","WALK","WALK.AOS.S2","2018-03-19","WALK.SS.20180319.POM.1",,"condition ok","SIRFER Lab at University of Utah","2018-08-31","ElFtGy1kV49xqNP00HfxQA==","POM","1",1000,25,100,"carbon",187.54,"microgramsPerLiter","Revesz & Coplen 2012a",,
"7abce461-c7de-4650-a15c-afbb437144c5","D07","WALK","WALK.AOS.S2","2018-03-19","WALK.SS.20180319.POM.1",,"condition ok","SIRFER Lab at University of Utah","2018-08-31","ElFtGy1kV49xqNP00HfxQA==","POM","1",1000,25,100,"d15N",4.48,"perMill","Revesz & Coplen 2012a",,
"0ae2071a-f230-4b85-9d7f-76eecb53ce4e","D07","WALK","WALK.AOS.S2","2018-03-19","WALK.SS.20180319.POM.1",,"condition ok","SIRFER Lab at University of Utah","2018-08-31","ElFtGy1kV49xqNP00HfxQA==","POM","1",1000,25,100,"nitrogen",14.26,"microgramsPerLiter","Revesz & Coplen 2012a",,
"0a8a36c8-e9ae-4b42-9b77-cf210143a97f","D07","WALK","WALK.AOS.S2","2018-03-19","WALK.SS.20180319.POM.1",,"condition ok","SIRFER Lab at University of Utah","2018-08-31","ElFtGy1kV49xqNP00HfxQA==","POM","1",1000,25,100,"d13C",-29.09,"perMill","Revesz & Coplen 2012a",,
"dd2d4968-51a1-45da-95b1-21008f2778c2","D07","WALK","WALK.AOS.S2","2018-03-27","WALK.SS.20180327.POM.1","A00000011170","condition ok","SIRFER Lab at University of Utah","2018-08-31","ElFtGy1kV49xqNP00HfxQA==","POM","1",1000,25,100,"carbon",120.23,"microgramsPerLiter","Revesz & Coplen 2012a",,
"a74989ab-cc4c-492a-b6ec-eece216ebd32","D07","WALK","WALK.AOS.S2","2018-03-27","WALK.SS.20180327.POM.1","A00000011170","condition ok","SIRFER Lab at University of Utah","2018-08-31","ElFtGy1kV49xqNP00HfxQA==","POM","1",1000,25,100,"d13C",-29.17,"perMill","Revesz & Coplen 2012a",,
"d0105cd6-f904-4823-9fbb-0922a39afe16","D07","WALK","WALK.AOS.S2","2018-03-27","WALK.SS.20180327.POM.1","A00000011170","condition ok","SIRFER Lab at University of Utah","2018-08-31","ElFtGy1kV49xqNP00HfxQA==","POM","1",1000,25,100,"nitrogen",9.40,"microgramsPerLiter","Revesz & Coplen 2012a",,
"66508d0c-a42d-428c-a1d4-2895f129ab8f","D07","WALK","WALK.AOS.S2","2018-03-27","WALK.SS.20180327.POM.1","A00000011170","condition ok","SIRFER Lab at University of Utah","2018-08-31","ElFtGy1kV49xqNP00HfxQA==","POM","1",1000,25,100,"d15N",2.73,"perMill","Revesz & Coplen 2012a",,
