uid,domainID,siteID,namedLocation,collectDate,sampleID,sampleCode,sampleCondition,laboratoryName,analysisDate,analyzedBy,sampleType,replicate,sampleVolumeFiltered,filterSize,percentFilterAnalyzed,analyte,analyteConcentration,plantAlgaeLabUnits,method,externalRemarks,externalLabDataQF
"60a5e5f4-ec04-4823-85bf-028123801266","D02","POSE","POSE.AOS.S2","2019-02-12","POSE.SS.20190212.POM.1","A00000034107","condition ok","SIRFER Lab at University of Utah","2019-07-16","ElFtGy1kV49xqNP00HfxQA==","POM","1",300,25,100,"d15N",2.12,"perMill","Revesz & Coplen 2012a",,
"b489d225-b31a-44fb-8b6a-1fee22996ab2","D02","POSE","POSE.AOS.S2","2019-02-12","POSE.SS.20190212.POM.1","A00000034107","condition ok","SIRFER Lab at University of Utah","2019-07-16","ElFtGy1kV49xqNP00HfxQA==","POM","1",300,25,100,"carbon",1109.13,"microgramsPerLiter","Revesz & Coplen 2012a",,
"e570ca8a-fae4-4cdb-91eb-2fc04f8b584b","D02","POSE","POSE.AOS.S2","2019-02-12","POSE.SS.20190212.POM.1","A00000034107","condition ok","SIRFER Lab at University of Utah","2019-07-16","ElFtGy1kV49xqNP00HfxQA==","POM","1",300,25,100,"d13C",-28.05,"perMill","Revesz & Coplen 2012a",,
"bea043e0-9225-4c51-afd3-4be6c80b0cb4","D02","POSE","POSE.AOS.S2","2019-02-12","POSE.SS.20190212.POM.1","A00000034107","condition ok","SIRFER Lab at University of Utah","2019-07-16","ElFtGy1kV49xqNP00HfxQA==","POM","1",300,25,100,"nitrogen",92.43,"microgramsPerLiter","Revesz & Coplen 2012a",,
"003193bd-c5c3-47ac-af7d-97945c85a40a","D02","POSE","POSE.AOS.S2","2019-02-19","POSE.SS.20190219.POM.1","A00000034124","condition ok","SIRFER Lab at University of Utah","2019-07-16","ElFtGy1kV49xqNP00HfxQA==","POM","1",700,25,100,"carbon",355.62,"microgramsPerLiter","Revesz & Coplen 2012a",,
"b77b29cb-8c6b-49cf-9785-bcdd6c0d1f07","D02","POSE","POSE.AOS.S2","2019-02-19","POSE.SS.20190219.POM.1","A00000034124","condition ok","SIRFER Lab at University of Utah","2019-07-16","ElFtGy1kV49xqNP00HfxQA==","POM","1",700,25,100,"nitrogen",26.87,"microgramsPerLiter","Revesz & Coplen 2012a",,
"864ada0c-b98c-4a14-a5c1-9026c5871a51","D02","POSE","POSE.AOS.S2","2019-02-19","POSE.SS.20190219.POM.1","A00000034124","condition ok","SIRFER Lab at University of Utah","2019-07-16","ElFtGy1kV49xqNP00HfxQA==","POM","1",700,25,100,"d15N",2.30,"perMill","Revesz & Coplen 2012a",,
"7b995806-2a7f-4d42-9859-29e079ccb8f2","D02","POSE","POSE.AOS.S2","2019-02-19","POSE.SS.20190219.POM.1","A00000034124","condition ok","SIRFER Lab at University of Utah","2019-07-16","ElFtGy1kV49xqNP00HfxQA==","POM","1",700,25,100,"d13C",-27.88,"perMill","Revesz & Coplen 2012a",,
