uid,domainID,siteID,namedLocation,collectDate,sampleID,sampleCode,sampleCondition,laboratoryName,analysisDate,analyzedBy,sampleType,replicate,sampleVolumeFiltered,filterSize,percentFilterAnalyzed,analyte,analyteConcentration,plantAlgaeLabUnits,method,externalRemarks,externalLabDataQF
"f68370b4-eeeb-49c8-80df-ee716ef73c56","D03","BARC","BARC.AOS.outlet","2015-08-27","BARC.OT.20150827.POM.1",,"condition ok","Academy of Natural Sciences of Drexel University","2016-09-13","OKgcKejxXbI=","13C15N","1",,,100,"d15N",0.78,"perMill",,,
"f8fcacda-2fd2-46f6-b4a2-497032d59be3","D03","BARC","BARC.AOS.buoy.c0","2015-08-27","BARC.C0.20150827.POM.1",,"condition ok","Academy of Natural Sciences of Drexel University","2016-09-13","OKgcKejxXbI=","13C15N","1",,,100,"d13C",-33.07,"perMill",,,
"d7350381-8cee-4071-8323-865ddb29581c","D03","BARC","BARC.AOS.inlet","2015-08-27","BARC.IN.20150827.POM.2",,"condition ok","Academy of Natural Sciences of Drexel University","2017-01-17","OKgcKejxXbI=","13C15N","2",,,100,"d15N",1.85,"perMill",,,
"1f56390b-80d7-4512-aeee-6941440eb627","D03","BARC","BARC.AOS.outlet","2015-08-27","BARC.OT.20150827.POM.2",,"condition ok","Academy of Natural Sciences of Drexel University","2017-01-17","OKgcKejxXbI=","13C15N","2",,,100,"d13C",-29.22,"perMill",,,
"b8a3135f-3839-401c-91d8-5abc67b56f08","D03","BARC","BARC.AOS.outlet","2015-08-27","BARC.OT.20150827.POM.1",,"condition ok","Academy of Natural Sciences of Drexel University","2016-09-13","OKgcKejxXbI=","13C15N","1",,,100,"d13C",-27.90,"perMill",,,
"2f227290-716f-47af-a735-137011f129fd","D03","BARC","BARC.AOS.inlet","2015-08-27","BARC.IN.20150827.POM.1",,"condition ok","Academy of Natural Sciences of Drexel University","2016-09-13","OKgcKejxXbI=","13C15N","1",,,100,"d13C",-29.86,"perMill",,,
"5e094eaa-32ff-4fb0-826b-e17894a86cc7","D03","BARC","BARC.AOS.inlet","2015-08-27","BARC.IN.20150827.POM.2",,"condition ok","Academy of Natural Sciences of Drexel University","2017-01-17","OKgcKejxXbI=","13C15N","2",,,100,"d13C",-30.53,"perMill",,,
"f39a3582-c380-4e7e-bf51-516f275848db","D03","BARC","BARC.AOS.buoy.c0","2015-08-27","BARC.C0.20150827.POM.2",,"condition ok","Academy of Natural Sciences of Drexel University","2017-01-17","OKgcKejxXbI=","13C15N","2",,,100,"d15N",1.79,"perMill",,,
"d10551d6-66d8-488d-8fb1-43ee82892d5d","D03","BARC","BARC.AOS.inlet","2015-08-27","BARC.IN.20150827.POM.1",,"condition ok","Academy of Natural Sciences of Drexel University","2016-09-13","OKgcKejxXbI=","13C15N","1",,,100,"d15N",1.32,"perMill",,,
"9258a3a8-cc59-4bb4-b0e5-d191042e97ca","D03","BARC","BARC.AOS.buoy.c0","2015-08-27","BARC.C0.20150827.POM.2",,"condition ok","Academy of Natural Sciences of Drexel University","2017-01-17","OKgcKejxXbI=","13C15N","2",,,100,"d13C",-30.88,"perMill",,,
"426ead1c-9dd6-44f2-a1c0-2267d06daaa2","D03","BARC","BARC.AOS.outlet","2015-08-27","BARC.OT.20150827.POM.2",,"condition ok","Academy of Natural Sciences of Drexel University","2017-01-17","OKgcKejxXbI=","13C15N","2",,,100,"d15N",1.45,"perMill",,,
"ecd8f321-d676-4388-87d0-b8f496744ecf","D03","BARC","BARC.AOS.buoy.c0","2015-08-27","BARC.C0.20150827.POM.1",,"condition ok","Academy of Natural Sciences of Drexel University","2016-09-13","OKgcKejxXbI=","13C15N","1",,,100,"d15N",1.89,"perMill",,,
