uid,domainID,siteID,namedLocation,collectDate,sampleID,sampleCode,sampleCondition,laboratoryName,analysisDate,analyzedBy,sampleType,replicate,sampleVolumeFiltered,filterSize,percentFilterAnalyzed,analyte,analyteConcentration,plantAlgaeLabUnits,method,externalRemarks,externalLabDataQF
"4c3bad1f-072a-4b0f-bc41-0e14bf5bde17","D07","LECO","LECO.AOS.S2","2017-12-12","LECO.SS.20171212.POM.1",,"condition ok","SIRFER Lab at University of Utah","2018-08-30","ElFtGy1kV49xqNP00HfxQA==","POM","1",1000,25,100,"carbon",248.87,"microgramsPerLiter","Revesz & Coplen 2012a",,
"d2d3f325-a669-498c-a950-5a374e0c058f","D07","LECO","LECO.AOS.S2","2017-12-12","LECO.SS.20171212.POM.1",,"condition ok","SIRFER Lab at University of Utah","2018-08-30","ElFtGy1kV49xqNP00HfxQA==","POM","1",1000,25,100,"nitrogen",14.49,"microgramsPerLiter","Revesz & Coplen 2012a",,
"dad34296-a11e-48f3-a2fc-ec50dfd6acca","D07","LECO","LECO.AOS.S2","2017-12-12","LECO.SS.20171212.POM.1",,"condition ok","SIRFER Lab at University of Utah","2018-08-30","ElFtGy1kV49xqNP00HfxQA==","POM","1",1000,25,100,"d15N",1.54,"perMill","Revesz & Coplen 2012a",,
"1d3630eb-e386-43d1-87ca-f87fe515ee15","D07","LECO","LECO.AOS.S2","2017-12-12","LECO.SS.20171212.POM.1",,"condition ok","SIRFER Lab at University of Utah","2018-08-30","ElFtGy1kV49xqNP00HfxQA==","POM","1",1000,25,100,"d13C",-28.71,"perMill","Revesz & Coplen 2012a",,
