uid,domainID,siteID,namedLocation,collectDate,sampleID,sampleCode,sampleCondition,laboratoryName,analysisDate,analyzedBy,sampleType,replicate,sampleVolumeFiltered,filterSize,percentFilterAnalyzed,analyte,analyteConcentration,plantAlgaeLabUnits,method,externalRemarks,externalLabDataQF
"27376abf-a034-422a-a395-f33931d2a959","D12","BLDE","BLDE.AOS.S2","2018-12-04","BLDE.SS.20181204.POM.1","A00000054055","condition ok","SIRFER Lab at University of Utah","2019-04-17","ElFtGy1kV49xqNP00HfxQA==","POM","1",600,25,100,"nitrogen",24.21,"microgramsPerLiter","Revesz & Coplen 2012a",,
"e3f76957-c277-45a7-8c91-21d68fd47d02","D12","BLDE","BLDE.AOS.S2","2018-12-04","BLDE.SS.20181204.POM.1","A00000054055","condition ok","SIRFER Lab at University of Utah","2019-04-17","ElFtGy1kV49xqNP00HfxQA==","POM","1",600,25,100,"d15N",2.09,"perMill","Revesz & Coplen 2012a",,
"432bdd2d-6a30-42ed-9d5d-a7823fbd937b","D12","BLDE","BLDE.AOS.S2","2018-12-04","BLDE.SS.20181204.POM.1","A00000054055","condition ok","SIRFER Lab at University of Utah","2019-04-17","ElFtGy1kV49xqNP00HfxQA==","POM","1",600,25,100,"d13C",-27.87,"perMill","Revesz & Coplen 2012a",,
"78101eeb-1d74-4c7b-a145-cd9a5747b350","D12","BLDE","BLDE.AOS.S2","2018-12-04","BLDE.SS.20181204.POM.1","A00000054055","condition ok","SIRFER Lab at University of Utah","2019-04-17","ElFtGy1kV49xqNP00HfxQA==","POM","1",600,25,100,"carbon",247.98,"microgramsPerLiter","Revesz & Coplen 2012a",,
