uid,domainID,siteID,namedLocation,collectDate,sampleID,sampleCode,sampleCondition,laboratoryName,analysisDate,analyzedBy,sampleType,replicate,sampleVolumeFiltered,filterSize,percentFilterAnalyzed,analyte,analyteConcentration,plantAlgaeLabUnits,method,externalRemarks,externalLabDataQF
"e331a5b5-4f09-426a-97ca-44685c3b4752","D04","GUIL","GUIL.AOS.S2","2017-02-14","GUIL.SS.20170214.POM.2",,"other","Academy of Natural Sciences of Drexel University","2017-06-14","OKgcKejxXbI=","13C15N","2",,,100,"d13C",,"perMill",,"analysis corrupted during run",
"8d64aaec-db06-4ab3-a443-e83a6801e049","D04","GUIL","GUIL.AOS.S2","2017-02-14","GUIL.SS.20170214.POM.1",,"condition ok","Academy of Natural Sciences of Drexel University","2017-05-25","OKgcKejxXbI=","13C15N","1",,,100,"d13C",-27.28,"perMill",,,
"d3362d8a-1b5f-451e-b677-264358a2e60b","D04","GUIL","GUIL.AOS.S2","2017-02-14","GUIL.SS.20170214.POM.2",,"other","Academy of Natural Sciences of Drexel University","2017-06-14","OKgcKejxXbI=","13C15N","2",,,100,"d15N",,"perMill",,"analysis corrupted during run",
"69b0c769-e5ff-4493-b811-4d8d98781a67","D04","GUIL","GUIL.AOS.S2","2017-02-14","GUIL.SS.20170214.POM.1",,"condition ok","Academy of Natural Sciences of Drexel University","2017-05-25","OKgcKejxXbI=","13C15N","1",,,100,"d15N",6.23,"perMill",,,
"6ef7b70e-1787-45c9-8c86-b661970bfbf1","D04","GUIL","GUIL.AOS.S2","2017-02-28","GUIL.SS.20170228.POM.2",,"condition ok","SIRFER Lab at University of Utah","2018-05-29","ElFtGy1kV49xqNP00HfxQA==","POM","1",750,25,100,"d13C",-24.96,"perMill","Revesz & Coplen 2012a",,
"63ac8f43-2c5a-4979-b1e7-787b60a9e81b","D04","GUIL","GUIL.AOS.S2","2017-02-28","GUIL.SS.20170228.POM.2",,"condition ok","SIRFER Lab at University of Utah","2018-05-29","ElFtGy1kV49xqNP00HfxQA==","POM","1",750,25,100,"nitrogen",11.06,"microgramsPerLiter","Revesz & Coplen 2012a",,
"ee2d6248-fb60-4b3a-94bf-57e788288153","D04","GUIL","GUIL.AOS.S2","2017-02-28","GUIL.SS.20170228.POM.2",,"condition ok","SIRFER Lab at University of Utah","2018-05-29","ElFtGy1kV49xqNP00HfxQA==","POM","1",750,25,100,"d15N",14.84,"perMill","Revesz & Coplen 2012a",,
"3f8d6438-776e-43a6-b7d4-11bca7db3b40","D04","GUIL","GUIL.AOS.S2","2017-02-28","GUIL.SS.20170228.POM.2",,"condition ok","SIRFER Lab at University of Utah","2018-05-29","ElFtGy1kV49xqNP00HfxQA==","POM","1",750,25,100,"carbon",105.60,"microgramsPerLiter","Revesz & Coplen 2012a",,
