uid,domainID,siteID,namedLocation,collectDate,sampleID,sampleCode,sampleCondition,laboratoryName,analysisDate,analyzedBy,sampleType,replicate,sampleVolumeFiltered,filterSize,percentFilterAnalyzed,analyte,analyteConcentration,plantAlgaeLabUnits,method,externalRemarks,externalLabDataQF
"ffecc8a2-97c5-435e-bda5-4a72c40d580b","D18","OKSR","OKSR.AOS.S2","2016-08-09","OKSR.SS.20160809.POM.1",,"condition ok","Academy of Natural Sciences of Drexel University","2017-04-03","OKgcKejxXbI=","13C15N","1",,,100,"d13C",-28.08,"perMill",,,
"4ad83da6-3c6d-445e-82e9-7cd3419c1476","D18","OKSR","OKSR.AOS.S2","2016-08-09","OKSR.SS.20160809.POM.1",,"condition ok","Academy of Natural Sciences of Drexel University","2017-04-03","OKgcKejxXbI=","13C15N","1",,,100,"d15N",4.83,"perMill",,,
"c2bf382c-3c87-4645-9c1a-7bc8cfc3ff8b","D18","OKSR","OKSR.AOS.S2","2016-08-09","OKSR.SS.20160809.POM.2",,"condition ok","Academy of Natural Sciences of Drexel University","2017-05-23","OKgcKejxXbI=","13C15N","2",,,100,"d13C",-28.80,"perMill",,,
"ddf56074-40a3-4a4e-aab5-247bf777e6d1","D18","OKSR","OKSR.AOS.S2","2016-08-09","OKSR.SS.20160809.POM.2",,"other","Academy of Natural Sciences of Drexel University","2017-05-23","OKgcKejxXbI=","13C15N","2",,,100,"d15N",,"perMill",,"analysis corrupted during analysis, not enough sample for analysis",
"83ad06f7-cd50-4d7c-b4ec-8e628ea57463","D18","OKSR","OKSR.AOS.S2","2016-08-15","OKSR.SS.20160815.POM.2",,"other","Academy of Natural Sciences of Drexel University","2017-05-23","OKgcKejxXbI=","13C15N","2",,,100,"d15N",,"perMill",,"analysis corrupted during analysis, not enough sample for analysis",
"8729c83a-9e6a-40bd-82a8-22abd9e751b4","D18","OKSR","OKSR.AOS.S2","2016-08-15","OKSR.SS.20160815.POM.1",,"condition ok","Academy of Natural Sciences of Drexel University","2017-04-03","OKgcKejxXbI=","13C15N","1",,,100,"d15N",6.38,"perMill",,,
"c0566e9e-c9a0-4aec-a29f-d5a2d898d5cc","D18","OKSR","OKSR.AOS.S2","2016-08-15","OKSR.SS.20160815.POM.2",,"condition ok","Academy of Natural Sciences of Drexel University","2017-05-23","OKgcKejxXbI=","13C15N","2",,,100,"d13C",-26.82,"perMill",,,
"6c0d1792-66cf-44b3-aa15-63e773ef0016","D18","OKSR","OKSR.AOS.S2","2016-08-15","OKSR.SS.20160815.POM.1",,"condition ok","Academy of Natural Sciences of Drexel University","2017-04-03","OKgcKejxXbI=","13C15N","1",,,100,"d13C",-26.60,"perMill",,,
"8dde3b39-76b9-4e05-96fa-3b7e7f0c7aa2","D18","OKSR","OKSR.AOS.S2","2016-08-23","OKSR.SS.20160823.POM.2",,"condition ok","Academy of Natural Sciences of Drexel University","2017-05-23","OKgcKejxXbI=","13C15N","2",,,100,"d13C",-27.82,"perMill",,,
"12d416bd-0390-424b-8908-cfd65c051d0c","D18","OKSR","OKSR.AOS.S2","2016-08-23","OKSR.SS.20160823.POM.1",,"condition ok","Academy of Natural Sciences of Drexel University","2017-04-03","OKgcKejxXbI=","13C15N","1",,,100,"d15N",5.54,"perMill",,,
"f7d0693b-f043-4c77-ab7f-ac9762870bdf","D18","OKSR","OKSR.AOS.S2","2016-08-23","OKSR.SS.20160823.POM.1",,"condition ok","Academy of Natural Sciences of Drexel University","2017-04-03","OKgcKejxXbI=","13C15N","1",,,100,"d13C",-27.12,"perMill",,,
"face2ce3-c29b-4fc9-9f9a-2c25ad843de0","D18","OKSR","OKSR.AOS.S2","2016-08-23","OKSR.SS.20160823.POM.2",,"other","Academy of Natural Sciences of Drexel University","2017-05-23","OKgcKejxXbI=","13C15N","2",,,100,"d15N",,"perMill",,"analysis corrupted during analysis, not enough sample for analysis",
