uid,domainID,siteID,namedLocation,collectDate,sampleID,sampleCode,sampleCondition,laboratoryName,analysisDate,analyzedBy,sampleType,replicate,sampleVolumeFiltered,filterSize,percentFilterAnalyzed,analyte,analyteConcentration,plantAlgaeLabUnits,method,externalRemarks,externalLabDataQF
"b1b84a87-f539-40f0-b706-9433faedb3e0","D15","REDB","REDB.AOS.S2","2018-09-04","REDB.SS.20180904.POM.1","A00000055971","condition ok","SIRFER Lab at University of Utah","2018-10-17","ElFtGy1kV49xqNP00HfxQA==","POM","1",600,25,100,"d13C",-25.52,"perMill","Revesz & Coplen 2012a",,
"37291a6b-a73a-4c8d-afa4-fbcd14bdb013","D15","REDB","REDB.AOS.S2","2018-09-04","REDB.SS.20180904.POM.1","A00000055971","condition ok","SIRFER Lab at University of Utah","2018-10-17","ElFtGy1kV49xqNP00HfxQA==","POM","1",600,25,100,"d15N",1.90,"perMill","Revesz & Coplen 2012a",,
"0306071a-afb5-4685-bfcc-b570283323a7","D15","REDB","REDB.AOS.S2","2018-09-04","REDB.SS.20180904.POM.1","A00000055971","condition ok","SIRFER Lab at University of Utah","2018-10-17","ElFtGy1kV49xqNP00HfxQA==","POM","1",600,25,100,"nitrogen",15.50,"microgramsPerLiter","Revesz & Coplen 2012a",,
"c0e377c6-51ce-498d-bf62-b4324876ca0e","D15","REDB","REDB.AOS.S2","2018-09-04","REDB.SS.20180904.POM.1","A00000055971","condition ok","SIRFER Lab at University of Utah","2018-10-17","ElFtGy1kV49xqNP00HfxQA==","POM","1",600,25,100,"carbon",209.67,"microgramsPerLiter","Revesz & Coplen 2012a",,
"19c76025-c3ec-4e2c-8d34-234fd73bf07c","D15","REDB","REDB.AOS.S2","2018-09-11","REDB.SS.20180911.POM.1","A00000055959","condition ok","SIRFER Lab at University of Utah","2018-10-17","ElFtGy1kV49xqNP00HfxQA==","POM","1",500,25,100,"d13C",-23.50,"perMill","Revesz & Coplen 2012a",,
"f680e8ed-b6f6-43f2-92b4-8330d5b6c3cf","D15","REDB","REDB.AOS.S2","2018-09-11","REDB.SS.20180911.POM.1","A00000055959","condition ok","SIRFER Lab at University of Utah","2018-10-17","ElFtGy1kV49xqNP00HfxQA==","POM","1",500,25,100,"carbon",567.37,"microgramsPerLiter","Revesz & Coplen 2012a",,
"262ef7e4-ce9a-4fd0-8fc8-79260be5b8c4","D15","REDB","REDB.AOS.S2","2018-09-11","REDB.SS.20180911.POM.1","A00000055959","condition ok","SIRFER Lab at University of Utah","2018-10-17","ElFtGy1kV49xqNP00HfxQA==","POM","1",500,25,100,"d15N",2.12,"perMill","Revesz & Coplen 2012a",,
"0b848ad8-921b-4210-a268-a4bfef25a438","D15","REDB","REDB.AOS.S2","2018-09-11","REDB.SS.20180911.POM.1","A00000055959","condition ok","SIRFER Lab at University of Utah","2018-10-17","ElFtGy1kV49xqNP00HfxQA==","POM","1",500,25,100,"nitrogen",29.80,"microgramsPerLiter","Revesz & Coplen 2012a",,
