uid,domainID,siteID,namedLocation,collectDate,sampleID,sampleCode,sampleCondition,laboratoryName,analysisDate,analyzedBy,sampleType,replicate,sampleVolumeFiltered,filterSize,percentFilterAnalyzed,analyte,analyteConcentration,plantAlgaeLabUnits,method,externalRemarks,externalLabDataQF
"023d25b6-1e84-47c7-8647-87598664f710","D04","CUPE","CUPE.AOS.S2","2019-05-07","CUPE.SS.20190507.POM.1","A00000040190","condition ok","SIRFER Lab at University of Utah","2019-10-09","ElFtGy1kV49xqNP00HfxQA==","POM","1",1000,25,100,"carbon",80.30,"microgramsPerLiter","Revesz & Coplen 2012a",,
"85946fb5-fd35-4252-9c66-d360db387af0","D04","CUPE","CUPE.AOS.S2","2019-05-07","CUPE.SS.20190507.POM.1","A00000040190","condition ok","SIRFER Lab at University of Utah","2019-10-09","ElFtGy1kV49xqNP00HfxQA==","POM","1",1000,25,100,"d15N",3.59,"perMill","Revesz & Coplen 2012a",,
"beed658c-0afb-4234-b2de-7bca39e68a45","D04","CUPE","CUPE.AOS.S2","2019-05-07","CUPE.SS.20190507.POM.1","A00000040190","condition ok","SIRFER Lab at University of Utah","2019-10-09","ElFtGy1kV49xqNP00HfxQA==","POM","1",1000,25,100,"nitrogen",6.81,"microgramsPerLiter","Revesz & Coplen 2012a",,
"9b08e1cb-062d-4cad-a31a-06ea1680fec7","D04","CUPE","CUPE.AOS.S2","2019-05-07","CUPE.SS.20190507.POM.1","A00000040190","condition ok","SIRFER Lab at University of Utah","2019-10-09","ElFtGy1kV49xqNP00HfxQA==","POM","1",1000,25,100,"d13C",-27.85,"perMill","Revesz & Coplen 2012a",,
"96f018d0-b0cb-4db3-8d9b-bc0d271f8b84","D04","CUPE","CUPE.AOS.S2","2019-05-23","CUPE.SS.20190523.POM.1","A00000113605","condition ok","SIRFER Lab at University of Utah","2019-10-09","ElFtGy1kV49xqNP00HfxQA==","POM","1",1000,25,100,"carbon",103.07,"microgramsPerLiter","Revesz & Coplen 2012a",,
"9fa3e299-bff8-459c-9125-f070aeb24138","D04","CUPE","CUPE.AOS.S2","2019-05-23","CUPE.SS.20190523.POM.1","A00000113605","condition ok","SIRFER Lab at University of Utah","2019-10-09","ElFtGy1kV49xqNP00HfxQA==","POM","1",1000,25,100,"nitrogen",8.31,"microgramsPerLiter","Revesz & Coplen 2012a",,
"f303f2f6-cb5b-4c65-b2cb-72fbba7a26ff","D04","CUPE","CUPE.AOS.S2","2019-05-23","CUPE.SS.20190523.POM.1","A00000113605","condition ok","SIRFER Lab at University of Utah","2019-10-09","ElFtGy1kV49xqNP00HfxQA==","POM","1",1000,25,100,"d13C",-29.20,"perMill","Revesz & Coplen 2012a",,
"6f400947-c7bd-4f17-98e8-3e536b1dd775","D04","CUPE","CUPE.AOS.S2","2019-05-23","CUPE.SS.20190523.POM.1","A00000113605","condition ok","SIRFER Lab at University of Utah","2019-10-09","ElFtGy1kV49xqNP00HfxQA==","POM","1",1000,25,100,"d15N",1.68,"perMill","Revesz & Coplen 2012a",,
