uid,domainID,siteID,namedLocation,collectDate,sampleID,sampleCode,sampleCondition,laboratoryName,analysisDate,analyzedBy,sampleType,replicate,sampleVolumeFiltered,filterSize,percentFilterAnalyzed,analyte,analyteConcentration,plantAlgaeLabUnits,method,externalRemarks,externalLabDataQF
"858010b2-b2be-44a5-8d1b-0c213aee03ce","D12","BLDE","BLDE.AOS.S2","2018-07-02","BLDE.SS.20180702.POM.1","A00000031083","condition ok","SIRFER Lab at University of Utah","2018-08-15","ElFtGy1kV49xqNP00HfxQA==","POM","1",650,25,100,"d13C",-27.01,"perMill","Revesz & Coplen 2012a",,
"205b2ac0-f96e-4f12-9025-c2c720a45ca2","D12","BLDE","BLDE.AOS.S2","2018-07-02","BLDE.SS.20180702.POM.1","A00000031083","condition ok","SIRFER Lab at University of Utah","2018-08-15","ElFtGy1kV49xqNP00HfxQA==","POM","1",650,25,100,"carbon",457.28,"microgramsPerLiter","Revesz & Coplen 2012a",,
"c2bd59d2-6e83-4dd6-846c-76858a72aaa6","D12","BLDE","BLDE.AOS.S2","2018-07-02","BLDE.SS.20180702.POM.1","A00000031083","condition ok","SIRFER Lab at University of Utah","2018-08-15","ElFtGy1kV49xqNP00HfxQA==","POM","1",650,25,100,"nitrogen",38.74,"microgramsPerLiter","Revesz & Coplen 2012a",,
"12996cdd-52b5-472b-8e31-86a87018f6f6","D12","BLDE","BLDE.AOS.S2","2018-07-02","BLDE.SS.20180702.POM.1","A00000031083","condition ok","SIRFER Lab at University of Utah","2018-08-15","ElFtGy1kV49xqNP00HfxQA==","POM","1",650,25,100,"d15N",1.86,"perMill","Revesz & Coplen 2012a",,
"6ecf9490-3457-4e58-901f-9811043694f0","D12","BLDE","BLDE.AOS.S2","2018-07-10","BLDE.SS.20180710.POM.1","A00000031472","condition ok","SIRFER Lab at University of Utah","2018-08-15","ElFtGy1kV49xqNP00HfxQA==","POM","1",650,25,100,"d15N",2.35,"perMill","Revesz & Coplen 2012a",,
"ffc9aeb3-facd-43f8-90a9-45c155aa9947","D12","BLDE","BLDE.AOS.S2","2018-07-10","BLDE.SS.20180710.POM.1","A00000031472","condition ok","SIRFER Lab at University of Utah","2018-08-15","ElFtGy1kV49xqNP00HfxQA==","POM","1",650,25,100,"carbon",339.45,"microgramsPerLiter","Revesz & Coplen 2012a",,
"9adea07c-63b5-4909-a6d7-d3f61872173a","D12","BLDE","BLDE.AOS.S2","2018-07-10","BLDE.SS.20180710.POM.1","A00000031472","condition ok","SIRFER Lab at University of Utah","2018-08-15","ElFtGy1kV49xqNP00HfxQA==","POM","1",650,25,100,"d13C",-27.79,"perMill","Revesz & Coplen 2012a",,
"cef242cb-cc43-4708-898e-3e24f96d2073","D12","BLDE","BLDE.AOS.S2","2018-07-10","BLDE.SS.20180710.POM.1","A00000031472","condition ok","SIRFER Lab at University of Utah","2018-08-15","ElFtGy1kV49xqNP00HfxQA==","POM","1",650,25,100,"nitrogen",165.26,"microgramsPerLiter","Revesz & Coplen 2012a",,
"fc7001ec-7a67-49fe-b38f-671c43da58ba","D12","BLDE","BLDE.AOS.S2","2018-07-17","BLDE.SS.20180717.POM.1","A00000031202","condition ok","SIRFER Lab at University of Utah","2018-08-15","ElFtGy1kV49xqNP00HfxQA==","POM","1",650,25,100,"d15N",1.44,"perMill","Revesz & Coplen 2012a",,
"c0dd41b5-c837-43ee-bf6c-361606c616ca","D12","BLDE","BLDE.AOS.S2","2018-07-17","BLDE.SS.20180717.POM.1","A00000031202","condition ok","SIRFER Lab at University of Utah","2018-08-15","ElFtGy1kV49xqNP00HfxQA==","POM","1",650,25,100,"carbon",535.66,"microgramsPerLiter","Revesz & Coplen 2012a",,
"e4810870-4bf3-4374-9bf6-85b9e104c169","D12","BLDE","BLDE.AOS.S2","2018-07-17","BLDE.SS.20180717.POM.1","A00000031202","condition ok","SIRFER Lab at University of Utah","2018-08-15","ElFtGy1kV49xqNP00HfxQA==","POM","1",650,25,100,"d13C",-27.38,"perMill","Revesz & Coplen 2012a",,
"32b0eb9e-4461-474c-8386-c22f2b5d4df9","D12","BLDE","BLDE.AOS.S2","2018-07-17","BLDE.SS.20180717.POM.1","A00000031202","condition ok","SIRFER Lab at University of Utah","2018-08-15","ElFtGy1kV49xqNP00HfxQA==","POM","1",650,25,100,"nitrogen",180.02,"microgramsPerLiter","Revesz & Coplen 2012a",,
