uid,domainID,siteID,namedLocation,collectDate,sampleID,sampleCode,sampleCondition,laboratoryName,analysisDate,analyzedBy,sampleType,replicate,sampleVolumeFiltered,filterSize,percentFilterAnalyzed,analyte,analyteConcentration,plantAlgaeLabUnits,method,externalRemarks,externalLabDataQF
"9da84ca7-09d0-4732-814d-8f187a748782","D08","BLWA","BLWA.AOS.buoy.c0","2016-11-16","BLWA.RS.20161116.POM.1",,"other","Academy of Natural Sciences of Drexel University","2017-04-08","OKgcKejxXbI=","13C15N","1",,,100,"d13C",-30.80,"perMill",,"poor folding, sample loss",
"a94274d7-a8f5-4895-9f40-7d66045cbe18","D08","BLWA","BLWA.AOS.buoy.c0","2016-11-16","BLWA.RS.20161116.POM.1",,"other","Academy of Natural Sciences of Drexel University","2017-04-08","OKgcKejxXbI=","13C15N","1",,,100,"d15N",10.03,"perMill",,"poor folding, sample loss",
"3e23a67b-b205-4799-8dcf-c051ae43cfc2","D08","BLWA","BLWA.AOS.buoy.c0","2016-11-16","BLWA.RS.20161116.POM.2",,"other","Academy of Natural Sciences of Drexel University","2017-05-18","OKgcKejxXbI=","13C15N","2",,,100,"d13C",-29.86,"perMill",,"poor folding, sample loss",
"6c447fc6-d40e-40ce-b353-191aaa2977f8","D08","BLWA","BLWA.AOS.buoy.c0","2016-11-16","BLWA.RS.20161116.POM.2",,"other","Academy of Natural Sciences of Drexel University","2017-05-18","OKgcKejxXbI=","13C15N","2",,,100,"d15N",9.89,"perMill",,"poor folding, sample loss",
"ef670acc-a808-491c-ab1c-d564c04ed420","D08","BLWA","BLWA.AOS.buoy.c0","2016-11-22","BLWA.RS.20161122.POM.1",,"condition ok","Academy of Natural Sciences of Drexel University","2017-04-08","OKgcKejxXbI=","13C15N","1",,,100,"d15N",10.42,"perMill",,,
"3742690e-7322-4b72-93ea-d7c9ecf6bb63","D08","BLWA","BLWA.AOS.buoy.c0","2016-11-22","BLWA.RS.20161122.POM.1",,"condition ok","Academy of Natural Sciences of Drexel University","2017-04-08","OKgcKejxXbI=","13C15N","1",,,100,"d13C",-31.25,"perMill",,,
"a22d77eb-03fd-4814-96bf-b7a5c331e007","D08","BLWA","BLWA.AOS.buoy.c0","2016-11-22","BLWA.RS.20161122.POM.2",,"other","Academy of Natural Sciences of Drexel University","2017-05-18","OKgcKejxXbI=","13C15N","2",,,100,"d15N",7.38,"perMill",,"poor folding, sample loss",
"ffa0a53a-3678-444b-8229-d15c5cbdc0ba","D08","BLWA","BLWA.AOS.buoy.c0","2016-11-22","BLWA.RS.20161122.POM.2",,"other","Academy of Natural Sciences of Drexel University","2017-05-18","OKgcKejxXbI=","13C15N","2",,,100,"d13C",-32.61,"perMill",,"poor folding, sample loss",
