uid,domainID,siteID,namedLocation,collectDate,sampleID,sampleCode,sampleCondition,laboratoryName,analysisDate,analyzedBy,sampleType,replicate,sampleVolumeFiltered,filterSize,percentFilterAnalyzed,analyte,analyteConcentration,plantAlgaeLabUnits,method,externalRemarks,externalLabDataQF
"55466954-270b-4c2f-92a2-d0cac5fed8e7","D01","HOPB","HOPB.AOS.S2","2017-12-06","HOPB.SS.20171206.POM.1",,"condition ok","SIRFER Lab at University of Utah","2018-07-23","ElFtGy1kV49xqNP00HfxQA==","POM","1",400,25,100,"nitrogen",52.95,"microgramsPerLiter","Revesz & Coplen 2012a",,
"9cf168d1-87cb-48b5-82e3-08151d983b11","D01","HOPB","HOPB.AOS.S2","2017-12-06","HOPB.SS.20171206.POM.1",,"condition ok","SIRFER Lab at University of Utah","2018-07-23","ElFtGy1kV49xqNP00HfxQA==","POM","1",400,25,100,"d15N",1.30,"perMill","Revesz & Coplen 2012a",,
"c50817a6-fd77-4dcb-b605-496b7f1d7303","D01","HOPB","HOPB.AOS.S2","2017-12-06","HOPB.SS.20171206.POM.1",,"condition ok","SIRFER Lab at University of Utah","2018-07-23","ElFtGy1kV49xqNP00HfxQA==","POM","1",400,25,100,"carbon",767.06,"microgramsPerLiter","Revesz & Coplen 2012a",,
"870f5ec8-acde-41de-bae3-75d09fe1bef7","D01","HOPB","HOPB.AOS.S2","2017-12-06","HOPB.SS.20171206.POM.1",,"condition ok","SIRFER Lab at University of Utah","2018-07-23","ElFtGy1kV49xqNP00HfxQA==","POM","1",400,25,100,"d13C",-27.93,"perMill","Revesz & Coplen 2012a",,
"0396cd10-e12b-4442-88a6-ab09d60ff02b","D01","HOPB","HOPB.AOS.S2","2017-12-12","HOPB.SS.20171212.POM.1",,"condition ok","SIRFER Lab at University of Utah","2018-07-23","ElFtGy1kV49xqNP00HfxQA==","POM","1",700,25,100,"d13C",-28.50,"perMill","Revesz & Coplen 2012a",,
"7781eb33-9a13-4a09-875c-b57cd4bd99eb","D01","HOPB","HOPB.AOS.S2","2017-12-12","HOPB.SS.20171212.POM.1",,"condition ok","SIRFER Lab at University of Utah","2018-07-23","ElFtGy1kV49xqNP00HfxQA==","POM","1",700,25,100,"d15N",-3.26,"perMill","Revesz & Coplen 2012a",,
"3ed25b6e-8325-410d-8b6a-59ede65f01db","D01","HOPB","HOPB.AOS.S2","2017-12-12","HOPB.SS.20171212.POM.1",,"condition ok","SIRFER Lab at University of Utah","2018-07-23","ElFtGy1kV49xqNP00HfxQA==","POM","1",700,25,100,"nitrogen",8.16,"microgramsPerLiter","Revesz & Coplen 2012a",,
"4acce860-83da-4c1c-81ce-2d9b21041207","D01","HOPB","HOPB.AOS.S2","2017-12-12","HOPB.SS.20171212.POM.1",,"condition ok","SIRFER Lab at University of Utah","2018-07-23","ElFtGy1kV49xqNP00HfxQA==","POM","1",700,25,100,"carbon",144.01,"microgramsPerLiter","Revesz & Coplen 2012a",,
