uid,domainID,siteID,namedLocation,collectDate,sampleID,sampleCode,sampleCondition,laboratoryName,analysisDate,analyzedBy,sampleType,replicate,sampleVolumeFiltered,filterSize,percentFilterAnalyzed,analyte,analyteConcentration,plantAlgaeLabUnits,method,externalRemarks,externalLabDataQF
"bbaf77de-eb83-45a5-8183-168f0a8c8dfe","D13","WLOU","WLOU.AOS.S2","2019-04-16","WLOU.SS.20190416.POM.1","A00000089624","condition ok","SIRFER Lab at University of Utah","2019-09-23","ElFtGy1kV49xqNP00HfxQA==","POM","1",1000,25,100,"d15N",-1.13,"perMill","Revesz & Coplen 2012a",,
"f7ddadcf-ae49-4e63-bee8-b461a6f5acea","D13","WLOU","WLOU.AOS.S2","2019-04-16","WLOU.SS.20190416.POM.1","A00000089624","condition ok","SIRFER Lab at University of Utah","2019-09-23","ElFtGy1kV49xqNP00HfxQA==","POM","1",1000,25,100,"nitrogen",41.18,"microgramsPerLiter","Revesz & Coplen 2012a",,
"df09d4e2-2a5e-4ab3-b28b-13e82dc9bdeb","D13","WLOU","WLOU.AOS.S2","2019-04-16","WLOU.SS.20190416.POM.1","A00000089624","condition ok","SIRFER Lab at University of Utah","2019-09-23","ElFtGy1kV49xqNP00HfxQA==","POM","1",1000,25,100,"carbon",710.27,"microgramsPerLiter","Revesz & Coplen 2012a",,
"5e1ace1f-3041-4902-9bfa-64d71894ee86","D13","WLOU","WLOU.AOS.S2","2019-04-16","WLOU.SS.20190416.POM.1","A00000089624","condition ok","SIRFER Lab at University of Utah","2019-09-23","ElFtGy1kV49xqNP00HfxQA==","POM","1",1000,25,100,"d13C",-26.52,"perMill","Revesz & Coplen 2012a",,
