uid,domainID,siteID,namedLocation,collectDate,parentSampleID,parentSampleCode,isotopeH2OSampleCond,isotopeH2OSampleID,isotopeH2OSampleCode,isotopePOMRep2SampleCond,isotopePOMRep2SampleID,isotopePOMRep2SampleCode,isotopePOMSampleCond,isotopePOMSampleID,isotopePOMSampleCode,processedDateFilters,processedDateH2OIsotopes,sampleVolumeFilteredPOMRep1,sampleVolumeFilteredPOMRep2,fieldDataQF
"7c960302-ac70-45dc-8a0a-160ba6a5e66b","D19","CARI","CARI.AOS.S2","2017-05-08T11:53Z","CARI.SS.20170508",,"Sample condition ok","CARI.SS.20170508.H2O.1",,"Sample condition ok","CARI.SS.20170508.POM.2",,"Sample condition ok","CARI.SS.20170508.POM.1",,"2017-05-08T14:05Z","2017-05-08T14:05Z",300,300,
"c4bf899b-d9b0-4427-a0a1-7e86ec738695","D19","CARI","CARI.AOS.S2","2017-05-16T12:48Z","CARI.SS.20170516",,"Sample condition ok","CARI.SS.20170516.H2O.1",,"Sample condition ok","CARI.SS.20170516.POM.2",,"Sample condition ok","CARI.SS.20170516.POM.1",,"2017-05-16T16:12Z","2017-05-16T16:12Z",250,250,
"f4bbd1de-682f-49dc-a9ca-dca5e87b734d","D19","CARI","CARI.AOS.S2","2017-05-21T21:39Z","CARI.SS.20170521",,"Sample condition ok","CARI.SS.20170521.H2O.1",,"Sample condition ok","CARI.SS.20170521.POM.2",,"Sample condition ok","CARI.SS.20170521.POM.1",,"2017-05-21T23:00Z","2017-05-25T21:00Z",550,550,
"b584f08d-93d6-444d-a651-54d6aed3b1a3","D19","CARI","CARI.AOS.S2","2017-05-31T12:31Z","CARI.SS.20170531",,"Sample condition ok","CARI.SS.20170531.H2O.1",,"Sample condition ok","CARI.SS.20170531.POM.2",,"Sample condition ok","CARI.SS.20170531.POM.1",,"2017-05-31T15:26Z","2017-05-31T15:26Z",600,600,
