uid,domainID,siteID,namedLocation,collectDate,sampleID,sampleCode,sampleCondition,laboratoryName,analysisDate,analyzedBy,sampleType,replicate,sampleVolumeFiltered,filterSize,percentFilterAnalyzed,analyte,analyteConcentration,plantAlgaeLabUnits,method,externalRemarks,externalLabDataQF
"994795c3-0d61-44ee-9868-32f945cfc0df","D19","CARI","CARI.AOS.S2","2017-05-08","CARI.SS.20170508.POM.2",,"condition ok","SIRFER Lab at University of Utah","2018-05-09","ElFtGy1kV49xqNP00HfxQA==","POM","1",300,25,100,"nitrogen",92.03,"microgramsPerLiter","Revesz & Coplen 2012a",,
"612719b4-70e7-433d-92b9-b18558566ecb","D19","CARI","CARI.AOS.S2","2017-05-08","CARI.SS.20170508.POM.2",,"condition ok","SIRFER Lab at University of Utah","2018-05-09","ElFtGy1kV49xqNP00HfxQA==","POM","1",300,25,100,"carbon",1492.52,"microgramsPerLiter","Revesz & Coplen 2012a",,
"9bf2bcbe-9add-461a-a6ea-4f314bd148c6","D19","CARI","CARI.AOS.S2","2017-05-08","CARI.SS.20170508.POM.2",,"condition ok","SIRFER Lab at University of Utah","2018-05-09","ElFtGy1kV49xqNP00HfxQA==","POM","1",300,25,100,"d13C",-25.85,"perMill","Revesz & Coplen 2012a",,
"82eafe81-1ba8-4410-ad55-3852b7aa04ec","D19","CARI","CARI.AOS.S2","2017-05-08","CARI.SS.20170508.POM.2",,"condition ok","SIRFER Lab at University of Utah","2018-05-09","ElFtGy1kV49xqNP00HfxQA==","POM","1",300,25,100,"d15N",2.57,"perMill","Revesz & Coplen 2012a",,
"48004f63-1b36-49d4-a122-f6b24b3d63ce","D19","CARI","CARI.AOS.S2","2017-05-16","CARI.SS.20170516.POM.2",,"condition ok","SIRFER Lab at University of Utah","2018-05-09","ElFtGy1kV49xqNP00HfxQA==","POM","1",250,25,100,"carbon",1982.81,"microgramsPerLiter","Revesz & Coplen 2012a",,
"1f1a8755-bc6b-4331-861d-c03a091a51e2","D19","CARI","CARI.AOS.S2","2017-05-16","CARI.SS.20170516.POM.2",,"condition ok","SIRFER Lab at University of Utah","2018-05-09","ElFtGy1kV49xqNP00HfxQA==","POM","1",250,25,100,"nitrogen",123.88,"microgramsPerLiter","Revesz & Coplen 2012a",,
"d53da0d6-a22f-4989-b426-1df5dca9e5e8","D19","CARI","CARI.AOS.S2","2017-05-16","CARI.SS.20170516.POM.2",,"condition ok","SIRFER Lab at University of Utah","2018-05-09","ElFtGy1kV49xqNP00HfxQA==","POM","1",250,25,100,"d15N",3.43,"perMill","Revesz & Coplen 2012a",,
"f916b50b-ab74-4b3f-8b4f-4edec20d63f4","D19","CARI","CARI.AOS.S2","2017-05-16","CARI.SS.20170516.POM.2",,"condition ok","SIRFER Lab at University of Utah","2018-05-09","ElFtGy1kV49xqNP00HfxQA==","POM","1",250,25,100,"d13C",-25.98,"perMill","Revesz & Coplen 2012a",,
"7e51f758-3f3a-4f6d-942b-55059515afd0","D19","CARI","CARI.AOS.S2","2017-05-21","CARI.SS.20170521.POM.2",,"condition ok","SIRFER Lab at University of Utah","2018-05-09","ElFtGy1kV49xqNP00HfxQA==","POM","1",550,25,100,"d13C",-26.44,"perMill","Revesz & Coplen 2012a",,
"510d35e2-c0b5-4420-b250-35f20d0f77c6","D19","CARI","CARI.AOS.S2","2017-05-21","CARI.SS.20170521.POM.2",,"condition ok","SIRFER Lab at University of Utah","2018-05-09","ElFtGy1kV49xqNP00HfxQA==","POM","1",550,25,100,"nitrogen",28.36,"microgramsPerLiter","Revesz & Coplen 2012a",,
"baae37c2-a211-4412-9492-f99b9921d21f","D19","CARI","CARI.AOS.S2","2017-05-21","CARI.SS.20170521.POM.2",,"condition ok","SIRFER Lab at University of Utah","2018-05-09","ElFtGy1kV49xqNP00HfxQA==","POM","1",550,25,100,"d15N",8.50,"perMill","Revesz & Coplen 2012a",,
"05a77aff-0721-44e5-ab47-560259d58e0b","D19","CARI","CARI.AOS.S2","2017-05-21","CARI.SS.20170521.POM.2",,"condition ok","SIRFER Lab at University of Utah","2018-05-09","ElFtGy1kV49xqNP00HfxQA==","POM","1",550,25,100,"carbon",397.45,"microgramsPerLiter","Revesz & Coplen 2012a",,
"d818936d-7ab4-4607-8f0b-5e3db370475e","D19","CARI","CARI.AOS.S2","2017-05-31","CARI.SS.20170531.POM.2",,"condition ok","SIRFER Lab at University of Utah","2018-05-09","ElFtGy1kV49xqNP00HfxQA==","POM","1",600,25,100,"d15N",6.36,"perMill","Revesz & Coplen 2012a",,
"90ad9357-74ec-4512-91a1-cdd9ec381b23","D19","CARI","CARI.AOS.S2","2017-05-31","CARI.SS.20170531.POM.2",,"condition ok","SIRFER Lab at University of Utah","2018-05-09","ElFtGy1kV49xqNP00HfxQA==","POM","1",600,25,100,"carbon",329.18,"microgramsPerLiter","Revesz & Coplen 2012a",,
"ce00d495-d7e7-4368-83cf-c53303e28060","D19","CARI","CARI.AOS.S2","2017-05-31","CARI.SS.20170531.POM.2",,"condition ok","SIRFER Lab at University of Utah","2018-05-09","ElFtGy1kV49xqNP00HfxQA==","POM","1",600,25,100,"d13C",-26.60,"perMill","Revesz & Coplen 2012a",,
"c47d580c-c339-4d47-9a8c-4ec683f8dcef","D19","CARI","CARI.AOS.S2","2017-05-31","CARI.SS.20170531.POM.2",,"condition ok","SIRFER Lab at University of Utah","2018-05-09","ElFtGy1kV49xqNP00HfxQA==","POM","1",600,25,100,"nitrogen",22.66,"microgramsPerLiter","Revesz & Coplen 2012a",,
