uid,domainID,siteID,namedLocation,decimalLatitude,decimalLongitude,coordinateUncertainty,additionalCoordUncertainty,elevation,elevationUncertainty,geodeticDatum,altLocation,altLatitude,altLongitude,altCoordinateUncertainty,altGeodeticDatum,collectDate,aquaticSiteType,samplingImpractical,parentSampleID,parentSampleCode,eventID,samplerType,dissolvedOxygen,dissolvedOxygenSaturation,specificConductance,waterTemp,asiSamplingProtocolVersion,lowerSegmentDepth,upperSegmentDepth,maxDepth,lakeSampleDepth1,lakeSampleDepth2,aCollectedBy,bCollectedBy,remarks,fieldDataQF
"63ff1da3-3adc-435f-98e7-df87d28cc5f5","D19","CARI","CARI.AOS.S2",65.153073,-147.501999,0.1,,225.4,0.0,"WGS84",,,,,,"2017-05-08T11:53Z","stream",,"CARI.SS.20170508",,"CARI.20170508","Grab",14.00,102.00,22.80,0.80,"NEON.DOC.001886vE",,,,,,"jbuza@battelleecology.org","aedwards@battelleecology.org",,
"a65b140c-47ae-4bfb-a54b-7e5bf3e90fd2","D19","CARI","CARI.AOS.S2",65.153073,-147.501999,0.1,,225.4,0.0,"WGS84",,,,,,"2017-05-16T12:48Z","stream",,"CARI.SS.20170516",,"CARI.20170516","Grab",18.20,139.00,78.70,3.10,"NEON.DOC.001886vE",,,,,,"jbuza@battelleecology.org","Jmorella@battelleecology.org",,
"b7567b44-90fd-4c43-976e-c50945b36e0f","D19","CARI","CARI.AOS.S2",65.153073,-147.501999,0.1,10.0,225.4,0.0,"WGS84",,,,,,"2017-05-21T21:39Z","stream",,"CARI.SS.20170521",,"CARI.20170521",,14.30,11.30,95.20,4.10,"NEON.DOC.001886vE",,,,,,"jmorella@battelleecology.org","jbuza@battelleecology.org",,
"6bef4139-54b2-4e37-ab05-64b6772866d6","D19","CARI","CARI.AOS.S2",65.153073,-147.501999,0.1,,225.4,0.0,"WGS84",,,,,,"2017-05-31T12:31Z","stream",,"CARI.SS.20170531",,"CARI.20170531","Grab",14.70,113.00,96.60,3.30,"NEON.DOC.001886vE",,,,,,"aedwards@battelleecology.org","jbuza@battelleecology.org",,
