uid,domainID,siteID,namedLocation,collectDate,sampleID,sampleCode,sampleCondition,laboratoryName,analysisDate,analyzedBy,sampleType,replicate,sampleVolumeFiltered,filterSize,percentFilterAnalyzed,analyte,analyteConcentration,plantAlgaeLabUnits,method,externalRemarks,externalLabDataQF
"226f0f7c-6d9b-44b4-9001-82ddee8c4728","D02","POSE","POSE.AOS.S2","2016-10-04","POSE.SS.20161004.POM.2",,"condition ok","Academy of Natural Sciences of Drexel University","2017-05-18","OKgcKejxXbI=","13C15N","2",,,100,"d13C",-27.59,"perMill",,,
"76a407fe-6b5d-42d8-b72d-c5ac62afaea9","D02","POSE","POSE.AOS.S2","2016-10-04","POSE.SS.20161004.POM.2",,"condition ok","Academy of Natural Sciences of Drexel University","2017-05-18","OKgcKejxXbI=","13C15N","2",,,100,"d15N",3.92,"perMill",,,
"85eebde4-b347-4289-8f08-8c1147c9ede5","D02","POSE","POSE.AOS.S2","2016-10-04","POSE.SS.20161004.POM.1",,"condition ok","Academy of Natural Sciences of Drexel University","2017-04-03","OKgcKejxXbI=","13C15N","1",,,100,"d15N",3.91,"perMill",,,
"e645bb14-71ae-4367-93fd-05408f7e180e","D02","POSE","POSE.AOS.S2","2016-10-04","POSE.SS.20161004.POM.1",,"condition ok","Academy of Natural Sciences of Drexel University","2017-04-03","OKgcKejxXbI=","13C15N","1",,,100,"d13C",-27.44,"perMill",,,
"b902b9b8-d365-447d-884d-a03805071030","D02","POSE","POSE.AOS.S2","2016-10-18","POSE.SS.20161018.POM.2",,"condition ok","Academy of Natural Sciences of Drexel University","2017-05-18","OKgcKejxXbI=","13C15N","2",,,100,"d15N",3.10,"perMill",,,
"6ca586ab-f518-4091-ad6f-81a9a272215f","D02","POSE","POSE.AOS.S2","2016-10-18","POSE.SS.20161018.POM.2",,"condition ok","Academy of Natural Sciences of Drexel University","2017-05-18","OKgcKejxXbI=","13C15N","2",,,100,"d13C",-27.32,"perMill",,,
"3a7af1e2-c85f-4d45-8a66-def687655fe5","D02","POSE","POSE.AOS.S2","2016-10-18","POSE.SS.20161018.POM.1",,"condition ok","Academy of Natural Sciences of Drexel University","2017-04-03","OKgcKejxXbI=","13C15N","1",,,100,"d15N",3.49,"perMill",,,
"893aa0be-7372-4226-834e-0910a88e2f53","D02","POSE","POSE.AOS.S2","2016-10-18","POSE.SS.20161018.POM.1",,"condition ok","Academy of Natural Sciences of Drexel University","2017-04-03","OKgcKejxXbI=","13C15N","1",,,100,"d13C",-27.67,"perMill",,,
