uid,domainID,siteID,namedLocation,collectDate,sampleID,sampleCode,sampleCondition,laboratoryName,analysisDate,analyzedBy,sampleType,replicate,sampleVolumeFiltered,filterSize,percentFilterAnalyzed,analyte,analyteConcentration,plantAlgaeLabUnits,method,externalRemarks,externalLabDataQF
"7b4f7166-f58d-4c4e-ba83-eaed81ec136f","D08","BLWA","BLWA.AOS.buoy.c0","2016-12-01","BLWA.RS.20161201.POM.2",,"condition ok","Academy of Natural Sciences of Drexel University","2017-05-23","OKgcKejxXbI=","13C15N","2",,,100,"d13C",-31.92,"perMill",,,
"f2eeb716-9867-43af-a056-74df34df01be","D08","BLWA","BLWA.AOS.buoy.c0","2016-12-01","BLWA.RS.20161201.POM.1",,"condition ok","Academy of Natural Sciences of Drexel University","2017-04-08","OKgcKejxXbI=","13C15N","1",,,100,"d13C",-31.00,"perMill",,,
"9cf550c4-fbc1-43fa-ba6f-a7eda9da9701","D08","BLWA","BLWA.AOS.buoy.c0","2016-12-01","BLWA.RS.20161201.POM.1",,"condition ok","Academy of Natural Sciences of Drexel University","2017-04-08","OKgcKejxXbI=","13C15N","1",,,100,"d15N",9.85,"perMill",,,
"9dc4def4-79b7-4264-8f3a-108cc5fc4159","D08","BLWA","BLWA.AOS.buoy.c0","2016-12-01","BLWA.RS.20161201.POM.2",,"condition ok","Academy of Natural Sciences of Drexel University","2017-05-23","OKgcKejxXbI=","13C15N","2",,,100,"d15N",9.64,"perMill",,,
"99268961-ffd8-4fca-989a-12970f92f72d","D08","BLWA","BLWA.AOS.buoy.c0","2016-12-13","BLWA.C0.20161213.POM.1",,"condition ok","Academy of Natural Sciences of Drexel University","2017-04-08","OKgcKejxXbI=","13C15N","1",,,100,"d15N",11.55,"perMill",,,
"bed6be93-f8d5-4c2e-97e5-fc4b388de43c","D08","BLWA","BLWA.AOS.buoy.c0","2016-12-13","BLWA.C0.20161213.POM.2",,"condition ok","Academy of Natural Sciences of Drexel University","2017-05-23","OKgcKejxXbI=","13C15N","2",,,100,"d15N",10.58,"perMill",,,
"bcbd07b0-1145-4660-a5f8-6da9a266b944","D08","BLWA","BLWA.AOS.buoy.c0","2016-12-13","BLWA.C0.20161213.POM.1",,"condition ok","Academy of Natural Sciences of Drexel University","2017-04-08","OKgcKejxXbI=","13C15N","1",,,100,"d13C",-33.02,"perMill",,,
"c2f717d0-28dd-481c-9607-5a98243bf854","D08","BLWA","BLWA.AOS.buoy.c0","2016-12-13","BLWA.C0.20161213.POM.2",,"condition ok","Academy of Natural Sciences of Drexel University","2017-05-23","OKgcKejxXbI=","13C15N","2",,,100,"d13C",-33.83,"perMill",,,
