uid,domainID,siteID,namedLocation,collectDate,sampleID,sampleCode,sampleCondition,laboratoryName,analysisDate,analyzedBy,sampleType,replicate,sampleVolumeFiltered,filterSize,percentFilterAnalyzed,analyte,analyteConcentration,plantAlgaeLabUnits,method,externalRemarks,externalLabDataQF
"1525d8dc-1686-49ea-aac8-f369998dc61f","D04","CUPE","CUPE.AOS.S2","2016-10-04","CUPE.SS.20161004.POM.2",,"other","Academy of Natural Sciences of Drexel University","2017-05-23","OKgcKejxXbI=","13C15N","2",,,100,"d15N",,"perMill",,"sample too small for analysis",
"876ac073-a71b-4045-a8ca-761b4086418f","D04","CUPE","CUPE.AOS.S2","2016-10-04","CUPE.SS.20161004.POM.1",,"condition ok","Academy of Natural Sciences of Drexel University","2017-04-08","OKgcKejxXbI=","13C15N","1",,,100,"d13C",-27.40,"perMill",,,
"24bb11ed-fea6-46f6-a932-66b5deebf0d2","D04","CUPE","CUPE.AOS.S2","2016-10-04","CUPE.SS.20161004.POM.1",,"other","Academy of Natural Sciences of Drexel University","2017-04-08","OKgcKejxXbI=","13C15N","1",,,100,"d15N",,"perMill",,"sample too small for analysis",
"5280e51e-7620-4c07-b04b-d17d509996dc","D04","CUPE","CUPE.AOS.S2","2016-10-04","CUPE.SS.20161004.POM.2",,"condition ok","Academy of Natural Sciences of Drexel University","2017-05-23","OKgcKejxXbI=","13C15N","2",,,100,"d13C",-28.06,"perMill",,,
"9b314401-56da-4fb9-8651-dbc0126811d7","D04","CUPE","CUPE.AOS.S2","2016-10-17","CUPE.SS.20161017.POM.2",,"other","Academy of Natural Sciences of Drexel University","2017-05-23","OKgcKejxXbI=","13C15N","2",,,100,"d15N",,"perMill",,"sample too small for analysis",
"b2314d15-7261-4df6-82cf-3f2071b60926","D04","CUPE","CUPE.AOS.S2","2016-10-17","CUPE.SS.20161017.POM.1",,"other","Academy of Natural Sciences of Drexel University","2017-04-08","OKgcKejxXbI=","13C15N","1",,,100,"d15N",,"perMill",,"sample too small for analysis",
"59e81ba2-6956-4075-a103-2d8040371b1b","D04","CUPE","CUPE.AOS.S2","2016-10-17","CUPE.SS.20161017.POM.1",,"condition ok","Academy of Natural Sciences of Drexel University","2017-04-08","OKgcKejxXbI=","13C15N","1",,,100,"d13C",-27.40,"perMill",,,
"26da2b70-9740-4a8d-b60e-618d24ac4d43","D04","CUPE","CUPE.AOS.S2","2016-10-17","CUPE.SS.20161017.POM.2",,"condition ok","Academy of Natural Sciences of Drexel University","2017-05-23","OKgcKejxXbI=","13C15N","2",,,100,"d13C",-27.73,"perMill",,,
"12f01abd-3f1e-4dfb-84fd-6f8e2f999932","D04","CUPE","CUPE.AOS.S2","2016-10-25","CUPE.SS.20161025.POM.2",,"other","Academy of Natural Sciences of Drexel University","2017-05-23","OKgcKejxXbI=","13C15N","2",,,100,"d15N",,"perMill",,"sample too small for analysis",
"cbfe7a2b-f85d-4784-b0a0-cf249ecd10cb","D04","CUPE","CUPE.AOS.S2","2016-10-25","CUPE.SS.20161025.POM.2",,"condition ok","Academy of Natural Sciences of Drexel University","2017-05-23","OKgcKejxXbI=","13C15N","2",,,100,"d13C",-27.43,"perMill",,,
"e9c71b22-eea0-431c-9526-7e3eed645b47","D04","CUPE","CUPE.AOS.S2","2016-10-25","CUPE.SS.20161025.POM.1",,"other","Academy of Natural Sciences of Drexel University","2017-04-08","OKgcKejxXbI=","13C15N","1",,,100,"d15N",,"perMill",,"sample too small for analysis",
"b843039a-4207-4335-a6d5-7633031d9eda","D04","CUPE","CUPE.AOS.S2","2016-10-25","CUPE.SS.20161025.POM.1",,"condition ok","Academy of Natural Sciences of Drexel University","2017-04-08","OKgcKejxXbI=","13C15N","1",,,100,"d13C",-27.41,"perMill",,,
"263a0fbd-c11e-4e1a-86d6-58bf65907272","D04","CUPE","CUPE.AOS.S2","2016-10-31","CUPE.SS.20161031.POM.2",,"other","Academy of Natural Sciences of Drexel University","2017-05-23","OKgcKejxXbI=","13C15N","2",,,100,"d15N",,"perMill",,"sample too small for analysis",
"40ca7aee-1bfc-47c4-b5e9-05e84760a1a3","D04","CUPE","CUPE.AOS.S2","2016-10-31","CUPE.SS.20161031.POM.1",,"other","Academy of Natural Sciences of Drexel University","2017-04-08","OKgcKejxXbI=","13C15N","1",,,100,"d15N",,"perMill",,"sample too small for analysis",
"770a9572-488a-46d4-bdb8-208387485f71","D04","CUPE","CUPE.AOS.S2","2016-10-31","CUPE.SS.20161031.POM.1",,"condition ok","Academy of Natural Sciences of Drexel University","2017-04-08","OKgcKejxXbI=","13C15N","1",,,100,"d13C",-26.45,"perMill",,,
"5138f31d-c7e6-4724-a1b9-eeed5236fbfd","D04","CUPE","CUPE.AOS.S2","2016-10-31","CUPE.SS.20161031.POM.2",,"condition ok","Academy of Natural Sciences of Drexel University","2017-05-23","OKgcKejxXbI=","13C15N","2",,,100,"d13C",-27.22,"perMill",,,
