uid,domainID,siteID,namedLocation,collectDate,parentSampleID,parentSampleCode,isotopeH2OSampleCond,isotopeH2OSampleID,isotopeH2OSampleCode,isotopePOMRep2SampleCond,isotopePOMRep2SampleID,isotopePOMRep2SampleCode,isotopePOMSampleCond,isotopePOMSampleID,isotopePOMSampleCode,processedDateFilters,processedDateH2OIsotopes,sampleVolumeFilteredPOMRep1,sampleVolumeFilteredPOMRep2,fieldDataQF
"f3473504-7b9c-4604-b503-d1aac1dfdc9c","D04","CUPE","CUPE.AOS.S2","2016-10-04T12:35Z","CUPE.SS.20161004",,,"CUPE.SS.20161004.H2O.1",,,"CUPE.SS.20161004.POM.2",,,"CUPE.SS.20161004.POM.1",,"2016-10-04T13:31Z","2016-10-04T13:23Z",1500,1500,
"b6e90648-03e1-49c7-810b-7dc479da2a40","D04","CUPE","CUPE.AOS.S2","2016-10-17T11:25Z","CUPE.SS.20161017",,,"CUPE.SS.20161017.H2O.1",,,"CUPE.SS.20161017.POM.2",,,"CUPE.SS.20161017.POM.1",,"2016-10-17T13:15Z","2016-10-17T11:42Z",1500,1500,
"dc7b61b7-1d79-48ae-bdf6-f624745b8d9d","D04","CUPE","CUPE.AOS.S2","2016-10-25T12:57Z","CUPE.SS.20161025",,,"CUPE.SS.20161025.H2O.1",,,"CUPE.SS.20161025.POM.2",,,"CUPE.SS.20161025.POM.1",,"2016-10-25T13:50Z","2016-10-25T13:04Z",750,750,
"2869ef75-b5f1-484d-82d8-f90e9431fef6","D04","CUPE","CUPE.AOS.S2","2016-10-31T11:35Z","CUPE.SS.20161031",,,"CUPE.SS.20161031.H2O.1",,,"CUPE.SS.20161031.POM.2",,,"CUPE.SS.20161031.POM.1",,"2016-10-31T12:50Z","2016-10-31T11:43Z",1000,1000,
