uid,domainID,siteID,namedLocation,collectDate,analysisDate,isotopeH2OSampleID,isotopeH2OSampleCode,instrumentSN,d18OWater,d2HWater,d18OsdWater,d2HsdWater,isotopeH2OExternalLabQF,laboratoryName,analyzedBy,sampleCondition,externalRemarks,externalLabDataQF
"738ae1e0-6925-4cde-82b1-9baf9627017f","D04","CUPE","CUPE.AOS.S2","2016-10-04","2016-10-20","CUPE.SS.20161004.H2O.1",,"HIDS2052",-2.47,-6.42,0.03,0.13,0,"SIRFER Lab at University of Utah","OlSmE6RRn5QQH8tvUHmK5i/poYiQr6sd","OK",,
"fb749b61-3aad-4736-af00-e1fd556b49dd","D04","CUPE","CUPE.AOS.S2","2016-10-17","2016-12-14","CUPE.SS.20161017.H2O.1",,"HIDS2052",-2.39,-7.19,0.02,0.16,0,"SIRFER Lab at University of Utah","OlSmE6RRn5QQH8tvUHmK5i/poYiQr6sd","OK",,
"f39b81ac-bcd4-4d72-b8b9-0bb4ca0c1c48","D04","CUPE","CUPE.AOS.S2","2016-10-25","2016-12-14","CUPE.SS.20161025.H2O.1",,"HIDS2052",-2.48,-6.07,0.01,0.04,0,"SIRFER Lab at University of Utah","OlSmE6RRn5QQH8tvUHmK5i/poYiQr6sd","OK",,
"a8acc7b9-b884-4f40-beed-8b59e4b6a2bf","D04","CUPE","CUPE.AOS.S2","2016-10-31","2016-12-14","CUPE.SS.20161031.H2O.1",,"HIDS2052",-2.66,-7.36,0.02,0.02,0,"SIRFER Lab at University of Utah","OlSmE6RRn5QQH8tvUHmK5i/poYiQr6sd","OK",,
