uid,domainID,siteID,namedLocation,decimalLatitude,decimalLongitude,coordinateUncertainty,additionalCoordUncertainty,elevation,elevationUncertainty,geodeticDatum,altLocation,altLatitude,altLongitude,altCoordinateUncertainty,altGeodeticDatum,collectDate,aquaticSiteType,samplingImpractical,parentSampleID,parentSampleCode,eventID,samplerType,dissolvedOxygen,dissolvedOxygenSaturation,specificConductance,waterTemp,asiSamplingProtocolVersion,lowerSegmentDepth,upperSegmentDepth,maxDepth,lakeSampleDepth1,lakeSampleDepth2,aCollectedBy,bCollectedBy,remarks,fieldDataQF
"81213fd0-e7b2-4772-99b2-d092588cd7c6","D04","CUPE","CUPE.AOS.S2",,,,10.0,,,,,,,,,"2016-10-04T12:35Z","stream",,"CUPE.SS.20161004",,"CUPE.20161004","Grab",7.98,96.50,272.10,23.90,"NEON.DOC.001886vD",,,,,,"mviggiano@neoninc.org","mpagan@neoninc.org","The real volume of gas injected was 24 mL.",
"c70f5f18-64eb-483f-bf0a-5295c9a16d4f","D04","CUPE","CUPE.AOS.S2",,,,10.0,,,,,,,,,"2016-10-17T11:25Z","stream",,"CUPE.SS.20161017",,"CUPE.20161017","Grab",8.04,96.30,274.80,23.20,"NEON.DOC.001886vD",,,,,,"mpagan@neoninc.org","kricks@field-ops.org",,
"72ce386c-3b67-4660-851c-e7869e36dc61","D04","CUPE","CUPE.AOS.S2",,,,10.0,,,,,,,,,"2016-10-25T12:57Z","stream",,"CUPE.SS.20161025",,"CUPE.20161025","Grab",8.36,99.50,233.20,22.90,"NEON.DOC.001886vD",,,,,,"mviggiano@neoninc.org","clopez@field-ops.org",,
"581da3bd-b92f-4850-9a22-b842109a871a","D04","CUPE","CUPE.AOS.S2",,,,10.0,,,,,,,,,"2016-10-31T11:35Z","stream",,"CUPE.SS.20161031",,"CUPE.20161031","Grab",8.35,99.40,259.80,23.00,"NEON.DOC.001886vD",,,,,,"mviggiano@neoninc.org","kricks@field-ops.org",,
