uid,domainID,siteID,namedLocation,collectDate,sampleID,sampleCode,sampleCondition,laboratoryName,analysisDate,analyzedBy,sampleType,replicate,sampleVolumeFiltered,filterSize,percentFilterAnalyzed,analyte,analyteConcentration,plantAlgaeLabUnits,method,externalRemarks,externalLabDataQF
"75d5433e-3d88-4eef-acb9-251e1c0b5809","D03","FLNT","FLNT.AOS.buoy.c0","2017-07-11","FLNT.C0.20170711.POM.1",,"condition ok","SIRFER Lab at University of Utah","2018-05-26","ElFtGy1kV49xqNP00HfxQA==","POM","1",,,100,"d13C",-28.90,"perMill","Revesz & Coplen 2012a",,
"0b326c91-9c60-43c3-b64d-1125ddb36955","D03","FLNT","FLNT.AOS.buoy.c0","2017-07-11","FLNT.C0.20170711.POM.1",,"condition ok","SIRFER Lab at University of Utah","2018-05-26","ElFtGy1kV49xqNP00HfxQA==","POM","1",,,100,"nitrogen",39.91,"microgramsPerLiter","Revesz & Coplen 2012a",,
"e60c8449-f0bb-4f3c-a65e-2e8e9bc5299a","D03","FLNT","FLNT.AOS.buoy.c0","2017-07-11","FLNT.C0.20170711.POM.1",,"condition ok","SIRFER Lab at University of Utah","2018-05-26","ElFtGy1kV49xqNP00HfxQA==","POM","1",,,100,"d15N",17.21,"perMill","Revesz & Coplen 2012a",,
"88ed9191-bc65-4ab6-9730-e67e0798ecc5","D03","FLNT","FLNT.AOS.buoy.c0","2017-07-11","FLNT.C0.20170711.POM.1",,"condition ok","SIRFER Lab at University of Utah","2018-05-26","ElFtGy1kV49xqNP00HfxQA==","POM","1",,,100,"carbon",388.02,"microgramsPerLiter","Revesz & Coplen 2012a",,
