uid,domainID,siteID,namedLocation,collectDate,sampleID,sampleCode,sampleCondition,laboratoryName,analysisDate,analyzedBy,sampleType,replicate,sampleVolumeFiltered,filterSize,percentFilterAnalyzed,analyte,analyteConcentration,plantAlgaeLabUnits,method,externalRemarks,externalLabDataQF
"14b74dc6-af0a-48d2-84d1-874bbe91c03c","D09","PRLA","PRLA.AOS.inlet","2017-04-12","PRLA.IN.20170412.POM.1",,"condition ok","SIRFER Lab at University of Utah","2018-03-14","ElFtGy1kV49xqNP00HfxQA==","POM","1",50,25,100,"nitrogen",1309.80,"microgramsPerLiter","Revesz & Coplen 2012a",,
"8d4a803f-8f92-4e1d-816f-a78b6915da6a","D09","PRLA","PRLA.AOS.inlet","2017-04-12","PRLA.IN.20170412.POM.1",,"condition ok","SIRFER Lab at University of Utah","2018-03-14","ElFtGy1kV49xqNP00HfxQA==","POM","1",50,25,100,"carbon",7544.20,"microgramsPerLiter","Revesz & Coplen 2012a",,
"e2058afb-3af8-441a-af2a-4f2f66db837f","D09","PRLA","PRLA.AOS.inlet","2017-04-12","PRLA.IN.20170412.POM.1",,"condition ok","SIRFER Lab at University of Utah","2018-03-14","ElFtGy1kV49xqNP00HfxQA==","POM","1",50,25,100,"d15N",5.10,"perMill","Revesz & Coplen 2012a",,
"cf744d45-ae6b-4d64-981d-7737a41b4ab0","D09","PRLA","PRLA.AOS.inlet","2017-04-12","PRLA.IN.20170412.POM.1",,"condition ok","SIRFER Lab at University of Utah","2018-03-14","ElFtGy1kV49xqNP00HfxQA==","POM","1",50,25,100,"d13C",-27.90,"perMill","Revesz & Coplen 2012a",,
"66f0de4b-09a3-4c39-8bdb-e8b29e46facd","D09","PRLA","PRLA.AOS.buoy.c0","2017-04-12","PRLA.C0.20170412.POM.1",,"condition ok","SIRFER Lab at University of Utah","2018-03-14","ElFtGy1kV49xqNP00HfxQA==","POM","1",50,25,100,"d13C",-27.70,"perMill","Revesz & Coplen 2012a",,
"2b78d2dd-7813-44c9-97bd-85fbd6005cfa","D09","PRLA","PRLA.AOS.buoy.c0","2017-04-12","PRLA.C0.20170412.POM.1",,"condition ok","SIRFER Lab at University of Utah","2018-03-14","ElFtGy1kV49xqNP00HfxQA==","POM","1",50,25,100,"d15N",4.00,"perMill","Revesz & Coplen 2012a",,
"306d6fd0-d146-4bec-b47d-a72fb489e645","D09","PRLA","PRLA.AOS.buoy.c0","2017-04-12","PRLA.C0.20170412.POM.1",,"condition ok","SIRFER Lab at University of Utah","2018-03-14","ElFtGy1kV49xqNP00HfxQA==","POM","1",50,25,100,"nitrogen",1258.00,"microgramsPerLiter","Revesz & Coplen 2012a",,
"3149ce51-0bd1-43e6-a6b8-7f55a709844c","D09","PRLA","PRLA.AOS.buoy.c0","2017-04-12","PRLA.C0.20170412.POM.1",,"condition ok","SIRFER Lab at University of Utah","2018-03-14","ElFtGy1kV49xqNP00HfxQA==","POM","1",50,25,100,"carbon",6407.10,"microgramsPerLiter","Revesz & Coplen 2012a",,
"ab76fdb6-7d29-48b3-8e7a-1edd10ad5196","D09","PRLA","PRLA.AOS.outlet","2017-04-12","PRLA.OT.20170412.POM.1",,"condition ok","SIRFER Lab at University of Utah","2018-03-14","ElFtGy1kV49xqNP00HfxQA==","POM","1",50,25,100,"d15N",1.00,"perMill","Revesz & Coplen 2012a",,
"3bf23689-7adb-45c8-90e2-9940b883629b","D09","PRLA","PRLA.AOS.outlet","2017-04-12","PRLA.OT.20170412.POM.1",,"condition ok","SIRFER Lab at University of Utah","2018-03-14","ElFtGy1kV49xqNP00HfxQA==","POM","1",50,25,100,"nitrogen",2215.80,"microgramsPerLiter","Revesz & Coplen 2012a",,
"72ee66c0-f40e-4f0a-84e6-b14f23fca29c","D09","PRLA","PRLA.AOS.outlet","2017-04-12","PRLA.OT.20170412.POM.1",,"condition ok","SIRFER Lab at University of Utah","2018-03-14","ElFtGy1kV49xqNP00HfxQA==","POM","1",50,25,100,"d13C",-27.50,"perMill","Revesz & Coplen 2012a",,
"fe884e8e-b0a7-47ea-8cef-5fc594ea1d54","D09","PRLA","PRLA.AOS.outlet","2017-04-12","PRLA.OT.20170412.POM.1",,"condition ok","SIRFER Lab at University of Utah","2018-03-14","ElFtGy1kV49xqNP00HfxQA==","POM","1",50,25,100,"carbon",11995.60,"microgramsPerLiter","Revesz & Coplen 2012a",,
