uid,domainID,siteID,namedLocation,collectDate,sampleID,sampleCode,sampleCondition,laboratoryName,analysisDate,analyzedBy,sampleType,replicate,sampleVolumeFiltered,filterSize,percentFilterAnalyzed,analyte,analyteConcentration,plantAlgaeLabUnits,method,externalRemarks,externalLabDataQF
"2cd96a9f-7046-447c-9ac2-d36300860a2f","D11","BLUE","BLUE.AOS.S2","2018-01-09","BLUE.SS.20180109.POM.1",,"condition ok","SIRFER Lab at University of Utah","2018-08-24","ElFtGy1kV49xqNP00HfxQA==","POM","1",600,25,100,"nitrogen",26.63,"microgramsPerLiter","Revesz & Coplen 2012a",,
"1726406a-0c75-4292-b206-b77002b72e13","D11","BLUE","BLUE.AOS.S2","2018-01-09","BLUE.SS.20180109.POM.1",,"condition ok","SIRFER Lab at University of Utah","2018-08-24","ElFtGy1kV49xqNP00HfxQA==","POM","1",600,25,100,"d13C",-25.55,"perMill","Revesz & Coplen 2012a",,
"0011260f-3400-4762-8390-3d65e8b1cfae","D11","BLUE","BLUE.AOS.S2","2018-01-09","BLUE.SS.20180109.POM.1",,"condition ok","SIRFER Lab at University of Utah","2018-08-24","ElFtGy1kV49xqNP00HfxQA==","POM","1",600,25,100,"d15N",6.43,"perMill","Revesz & Coplen 2012a",,
"2f02854a-ec2a-4cd5-9743-6f335adf3283","D11","BLUE","BLUE.AOS.S2","2018-01-09","BLUE.SS.20180109.POM.1",,"condition ok","SIRFER Lab at University of Utah","2018-08-24","ElFtGy1kV49xqNP00HfxQA==","POM","1",600,25,100,"carbon",246.92,"microgramsPerLiter","Revesz & Coplen 2012a",,
