uid,domainID,siteID,namedLocation,collectDate,sampleID,sampleCode,sampleCondition,laboratoryName,analysisDate,analyzedBy,sampleType,replicate,sampleVolumeFiltered,filterSize,percentFilterAnalyzed,analyte,analyteConcentration,plantAlgaeLabUnits,method,externalRemarks,externalLabDataQF
"b0904eac-eb20-4bd6-9768-4ffe2606aac8","D15","REDB","REDB.AOS.S2","2017-03-21","REDB.SS.20170321.POM.1",,"condition ok","SIRFER Lab at University of Utah","2018-07-05","ElFtGy1kV49xqNP00HfxQA==","POM","1",100,25,100,"d13C",-24.04,"perMill","Revesz & Coplen 2012a",,
"6f6e9989-46af-486b-b43d-b494b8dbebb3","D15","REDB","REDB.AOS.S2","2017-03-21","REDB.SS.20170321.POM.1",,"condition ok","SIRFER Lab at University of Utah","2018-07-05","ElFtGy1kV49xqNP00HfxQA==","POM","1",100,25,100,"nitrogen",369.40,"microgramsPerLiter","Revesz & Coplen 2012a",,
"30eb0c7a-98de-4e0f-a96b-3337dad1e3f8","D15","REDB","REDB.AOS.S2","2017-03-21","REDB.SS.20170321.POM.1",,"condition ok","SIRFER Lab at University of Utah","2018-07-05","ElFtGy1kV49xqNP00HfxQA==","POM","1",100,25,100,"d15N",2.11,"perMill","Revesz & Coplen 2012a",,
"7ac9dd83-59e9-46d3-bbc5-580a6fc7bd00","D15","REDB","REDB.AOS.S2","2017-03-21","REDB.SS.20170321.POM.1",,"condition ok","SIRFER Lab at University of Utah","2018-07-05","ElFtGy1kV49xqNP00HfxQA==","POM","1",100,25,100,"carbon",6834.37,"microgramsPerLiter","Revesz & Coplen 2012a",,
"7873e441-c3d9-41a6-a2a4-e69088190a3d","D15","REDB","REDB.AOS.S2","2017-03-28","REDB.SS.20170328.POM.1",,"condition ok","SIRFER Lab at University of Utah","2018-07-05","ElFtGy1kV49xqNP00HfxQA==","POM","1",100,25,100,"d13C",-24.12,"perMill","Revesz & Coplen 2012a",,
"9b18e451-5c9f-4f5a-b98c-d1788d92a185","D15","REDB","REDB.AOS.S2","2017-03-28","REDB.SS.20170328.POM.1",,"condition ok","SIRFER Lab at University of Utah","2018-07-05","ElFtGy1kV49xqNP00HfxQA==","POM","1",100,25,100,"nitrogen",147.34,"microgramsPerLiter","Revesz & Coplen 2012a",,
"c771cd31-351c-4380-be1e-580dfb5784a7","D15","REDB","REDB.AOS.S2","2017-03-28","REDB.SS.20170328.POM.1",,"condition ok","SIRFER Lab at University of Utah","2018-07-05","ElFtGy1kV49xqNP00HfxQA==","POM","1",100,25,100,"carbon",2305.28,"microgramsPerLiter","Revesz & Coplen 2012a",,
"7fc9cba0-a22b-4224-9c4b-a8135ff89016","D15","REDB","REDB.AOS.S2","2017-03-28","REDB.SS.20170328.POM.1",,"condition ok","SIRFER Lab at University of Utah","2018-07-05","ElFtGy1kV49xqNP00HfxQA==","POM","1",100,25,100,"d15N",4.82,"perMill","Revesz & Coplen 2012a",,
