uid,domainID,siteID,namedLocation,collectDate,sampleID,sampleCode,sampleCondition,laboratoryName,analysisDate,analyzedBy,sampleType,replicate,sampleVolumeFiltered,filterSize,percentFilterAnalyzed,analyte,analyteConcentration,plantAlgaeLabUnits,method,externalRemarks,externalLabDataQF
"0ffb1bd6-74e6-47f4-98ca-3641c5f192f9","D11","BLUE","BLUE.AOS.S2","2017-02-06","BLUE.SS.20170206.POM.1",,"condition ok","SIRFER Lab at University of Utah","2018-04-17","ElFtGy1kV49xqNP00HfxQA==","POM","1",400,25,100,"carbon",351.72,"microgramsPerLiter","Revesz & Coplen 2012a",,
"5f5ce08f-bc25-4a20-b32f-f15885fbd012","D11","BLUE","BLUE.AOS.S2","2017-02-06","BLUE.SS.20170206.POM.1",,"condition ok","SIRFER Lab at University of Utah","2018-04-17","ElFtGy1kV49xqNP00HfxQA==","POM","1",400,25,100,"nitrogen",32.31,"microgramsPerLiter","Revesz & Coplen 2012a",,
"f6d072e4-bd39-44dd-8b02-bd9e230156b7","D11","BLUE","BLUE.AOS.S2","2017-02-06","BLUE.SS.20170206.POM.1",,"condition ok","SIRFER Lab at University of Utah","2018-04-17","ElFtGy1kV49xqNP00HfxQA==","POM","1",400,25,100,"d15N",-2.19,"perMill","Revesz & Coplen 2012a",,
"f4a8e812-5b52-4592-ba40-dd0fbab029d5","D11","BLUE","BLUE.AOS.S2","2017-02-06","BLUE.SS.20170206.POM.1",,"condition ok","SIRFER Lab at University of Utah","2018-04-17","ElFtGy1kV49xqNP00HfxQA==","POM","1",400,25,100,"d13C",-21.98,"perMill","Revesz & Coplen 2012a",,
"5fada22a-9a06-4418-9268-bf41aad41ffd","D11","BLUE","BLUE.AOS.S2","2017-02-14","BLUE.SS.20170214.POM.1",,"condition ok","SIRFER Lab at University of Utah","2018-04-17","ElFtGy1kV49xqNP00HfxQA==","POM","1",175,25,100,"carbon",815.75,"microgramsPerLiter","Revesz & Coplen 2012a",,
"f0143f8c-f26a-41c6-b34b-5751580b049d","D11","BLUE","BLUE.AOS.S2","2017-02-14","BLUE.SS.20170214.POM.1",,"condition ok","SIRFER Lab at University of Utah","2018-04-17","ElFtGy1kV49xqNP00HfxQA==","POM","1",175,25,100,"d15N",-6.73,"perMill","Revesz & Coplen 2012a",,
"354c5ee5-3d7d-4067-8636-54fb9148d61e","D11","BLUE","BLUE.AOS.S2","2017-02-14","BLUE.SS.20170214.POM.1",,"condition ok","SIRFER Lab at University of Utah","2018-04-17","ElFtGy1kV49xqNP00HfxQA==","POM","1",175,25,100,"d13C",-21.46,"perMill","Revesz & Coplen 2012a",,
"b3a010e1-9d9e-4e74-bae1-124d8bfe719b","D11","BLUE","BLUE.AOS.S2","2017-02-14","BLUE.SS.20170214.POM.1",,"condition ok","SIRFER Lab at University of Utah","2018-04-17","ElFtGy1kV49xqNP00HfxQA==","POM","1",175,25,100,"nitrogen",80.54,"microgramsPerLiter","Revesz & Coplen 2012a",,
