uid,domainID,siteID,namedLocation,collectDate,sampleID,sampleCode,sampleCondition,laboratoryName,analysisDate,analyzedBy,sampleType,replicate,sampleVolumeFiltered,filterSize,percentFilterAnalyzed,analyte,analyteConcentration,plantAlgaeLabUnits,method,externalRemarks,externalLabDataQF
"c4d93ac4-0fec-486b-9bc5-3080ee822aa3","D07","WALK","WALK.AOS.S2","2018-02-05","WALK.SS.20180205.POM.1",,"condition ok","SIRFER Lab at University of Utah","2018-08-31","ElFtGy1kV49xqNP00HfxQA==","POM","1",800,25,100,"carbon",414.14,"microgramsPerLiter","Revesz & Coplen 2012a",,
"0deb2845-e751-44c0-88d0-c840c9ade311","D07","WALK","WALK.AOS.S2","2018-02-05","WALK.SS.20180205.POM.1",,"condition ok","SIRFER Lab at University of Utah","2018-08-31","ElFtGy1kV49xqNP00HfxQA==","POM","1",800,25,100,"nitrogen",27.87,"microgramsPerLiter","Revesz & Coplen 2012a",,
"78f1b063-311a-473a-b275-a1c51f9cdf71","D07","WALK","WALK.AOS.S2","2018-02-05","WALK.SS.20180205.POM.1",,"condition ok","SIRFER Lab at University of Utah","2018-08-31","ElFtGy1kV49xqNP00HfxQA==","POM","1",800,25,100,"d13C",-28.52,"perMill","Revesz & Coplen 2012a",,
"ef724ccb-2ae2-4349-8202-0ec63aa08b2d","D07","WALK","WALK.AOS.S2","2018-02-05","WALK.SS.20180205.POM.1",,"condition ok","SIRFER Lab at University of Utah","2018-08-31","ElFtGy1kV49xqNP00HfxQA==","POM","1",800,25,100,"d15N",2.09,"perMill","Revesz & Coplen 2012a",,
"8f906454-5646-4766-9453-c55ac7f165d0","D07","WALK","WALK.AOS.S2","2018-02-13","WALK.SS.20180213.POM.1",,"condition ok","SIRFER Lab at University of Utah","2018-08-31","ElFtGy1kV49xqNP00HfxQA==","POM","1",1000,25,100,"d13C",-28.22,"perMill","Revesz & Coplen 2012a",,
"5c30ffd0-4c4a-4798-ad47-84030d1a0a0f","D07","WALK","WALK.AOS.S2","2018-02-13","WALK.SS.20180213.POM.1",,"condition ok","SIRFER Lab at University of Utah","2018-08-31","ElFtGy1kV49xqNP00HfxQA==","POM","1",1000,25,100,"nitrogen",13.94,"microgramsPerLiter","Revesz & Coplen 2012a",,
"34993e65-6184-4e56-a086-7441e72c73db","D07","WALK","WALK.AOS.S2","2018-02-13","WALK.SS.20180213.POM.1",,"condition ok","SIRFER Lab at University of Utah","2018-08-31","ElFtGy1kV49xqNP00HfxQA==","POM","1",1000,25,100,"d15N",3.41,"perMill","Revesz & Coplen 2012a",,
"9b39837f-6527-4059-a8ea-ef4553e6f2e2","D07","WALK","WALK.AOS.S2","2018-02-13","WALK.SS.20180213.POM.1",,"condition ok","SIRFER Lab at University of Utah","2018-08-31","ElFtGy1kV49xqNP00HfxQA==","POM","1",1000,25,100,"carbon",179.23,"microgramsPerLiter","Revesz & Coplen 2012a",,
"da864752-5fcc-4557-aba5-2c63b52e19f4","D07","WALK","WALK.AOS.S2","2018-02-20","WALK.SS.20180220.POM.1",,"condition ok","SIRFER Lab at University of Utah","2018-08-31","ElFtGy1kV49xqNP00HfxQA==","POM","1",1000,25,100,"nitrogen",17.67,"microgramsPerLiter","Revesz & Coplen 2012a",,
"fdeb5685-184e-41fb-bcfb-6cc263f01277","D07","WALK","WALK.AOS.S2","2018-02-20","WALK.SS.20180220.POM.1",,"condition ok","SIRFER Lab at University of Utah","2018-08-31","ElFtGy1kV49xqNP00HfxQA==","POM","1",1000,25,100,"d15N",5.14,"perMill","Revesz & Coplen 2012a",,
"b90663d3-23a5-439a-9fbf-f60a522f4716","D07","WALK","WALK.AOS.S2","2018-02-20","WALK.SS.20180220.POM.1",,"condition ok","SIRFER Lab at University of Utah","2018-08-31","ElFtGy1kV49xqNP00HfxQA==","POM","1",1000,25,100,"d13C",-28.50,"perMill","Revesz & Coplen 2012a",,
"9abb9ceb-e0d5-4ddf-8714-225ccff99ef5","D07","WALK","WALK.AOS.S2","2018-02-20","WALK.SS.20180220.POM.1",,"condition ok","SIRFER Lab at University of Utah","2018-08-31","ElFtGy1kV49xqNP00HfxQA==","POM","1",1000,25,100,"carbon",184.67,"microgramsPerLiter","Revesz & Coplen 2012a",,
