uid,domainID,siteID,namedLocation,collectDate,sampleID,sampleCode,sampleCondition,laboratoryName,analysisDate,analyzedBy,sampleType,replicate,sampleVolumeFiltered,filterSize,percentFilterAnalyzed,analyte,analyteConcentration,plantAlgaeLabUnits,method,externalRemarks,externalLabDataQF
"0860f2e2-7161-450d-9b4d-60d48b906777","D13","COMO","COMO.AOS.S2","2019-02-19","COMO.SS.20190219.POM.1","A00000051499","condition ok","SIRFER Lab at University of Utah","2019-04-26","ElFtGy1kV49xqNP00HfxQA==","POM","1",1000,25,100,"carbon",123.99,"microgramsPerLiter","Revesz & Coplen 2012a",,
"960ebd89-1f1d-4740-a7c0-e0daa114b4ac","D13","COMO","COMO.AOS.S2","2019-02-19","COMO.SS.20190219.POM.1","A00000051499","condition ok","SIRFER Lab at University of Utah","2019-04-26","ElFtGy1kV49xqNP00HfxQA==","POM","1",1000,25,100,"nitrogen",10.01,"microgramsPerLiter","Revesz & Coplen 2012a",,
"81336e7a-4adf-442a-83e0-809aa7a3cee9","D13","COMO","COMO.AOS.S2","2019-02-19","COMO.SS.20190219.POM.1","A00000051499","condition ok","SIRFER Lab at University of Utah","2019-04-26","ElFtGy1kV49xqNP00HfxQA==","POM","1",1000,25,100,"d15N",4.76,"perMill","Revesz & Coplen 2012a",,
"cf53ee2f-77f4-412c-95fa-be24c3c343f9","D13","COMO","COMO.AOS.S2","2019-02-19","COMO.SS.20190219.POM.1","A00000051499","condition ok","SIRFER Lab at University of Utah","2019-04-26","ElFtGy1kV49xqNP00HfxQA==","POM","1",1000,25,100,"d13C",-26.61,"perMill","Revesz & Coplen 2012a",,
