uid,domainID,siteID,namedLocation,collectDate,sampleID,sampleCode,sampleCondition,laboratoryName,analysisDate,analyzedBy,sampleType,replicate,sampleVolumeFiltered,filterSize,percentFilterAnalyzed,analyte,analyteConcentration,plantAlgaeLabUnits,method,externalRemarks,externalLabDataQF
"b4e07d1b-29a1-44ee-af26-e3e5568df15c","D13","COMO","COMO.AOS.S2","2016-12-13","COMO.SS.20161213.POM.1",,"condition ok","Academy of Natural Sciences of Drexel University","2017-04-12","OKgcKejxXbI=","13C15N","1",,,100,"d13C",-26.95,"perMill",,,
"28a729a6-843d-4dbe-8133-b2f4618aad77","D13","COMO","COMO.AOS.S2","2016-12-13","COMO.SS.20161213.POM.2",,"other","Academy of Natural Sciences of Drexel University","2017-06-14","OKgcKejxXbI=","13C15N","2",,,100,"d13C",,"perMill",,"analysis corrupted during run",
"61eb74fa-0aa9-4812-8d9a-cff59844004f","D13","COMO","COMO.AOS.S2","2016-12-13","COMO.SS.20161213.POM.2",,"other","Academy of Natural Sciences of Drexel University","2017-06-14","OKgcKejxXbI=","13C15N","2",,,100,"d15N",,"perMill",,"analysis corrupted during run",
"555be2fd-10d1-4d0e-9c66-6b0a9400550c","D13","COMO","COMO.AOS.S2","2016-12-13","COMO.SS.20161213.POM.1",,"condition ok","Academy of Natural Sciences of Drexel University","2017-04-12","OKgcKejxXbI=","13C15N","1",,,100,"d15N",5.13,"perMill",,,
