uid,domainID,siteID,namedLocation,collectDate,sampleID,sampleCode,sampleCondition,laboratoryName,analysisDate,analyzedBy,sampleType,replicate,sampleVolumeFiltered,filterSize,percentFilterAnalyzed,analyte,analyteConcentration,plantAlgaeLabUnits,method,externalRemarks,externalLabDataQF
"a0995ab0-cc88-405e-8a37-dba0a9a55d94","D15","REDB","REDB.AOS.S2","2018-01-02","REDB.SS.20180102.POM.1",,"condition ok","SIRFER Lab at University of Utah","2018-07-19","ElFtGy1kV49xqNP00HfxQA==","POM","1",242,25,100,"d15N",3.86,"perMill","Revesz & Coplen 2012a",,
"9e31f539-8d60-46c6-8cb6-1773832fdec7","D15","REDB","REDB.AOS.S2","2018-01-02","REDB.SS.20180102.POM.1",,"condition ok","SIRFER Lab at University of Utah","2018-07-19","ElFtGy1kV49xqNP00HfxQA==","POM","1",242,25,100,"carbon",427.92,"microgramsPerLiter","Revesz & Coplen 2012a",,
"a222fcfc-85b9-40ec-94b0-a52f801acf67","D15","REDB","REDB.AOS.S2","2018-01-02","REDB.SS.20180102.POM.1",,"condition ok","SIRFER Lab at University of Utah","2018-07-19","ElFtGy1kV49xqNP00HfxQA==","POM","1",242,25,100,"d13C",-24.78,"perMill","Revesz & Coplen 2012a",,
"7ad377b5-4eda-44b7-b460-ad2a91399eb7","D15","REDB","REDB.AOS.S2","2018-01-02","REDB.SS.20180102.POM.1",,"condition ok","SIRFER Lab at University of Utah","2018-07-19","ElFtGy1kV49xqNP00HfxQA==","POM","1",242,25,100,"nitrogen",15.58,"microgramsPerLiter","Revesz & Coplen 2012a",,
