uid,domainID,siteID,namedLocation,collectDate,sampleID,sampleCode,sampleCondition,laboratoryName,analysisDate,analyzedBy,sampleType,replicate,sampleVolumeFiltered,filterSize,percentFilterAnalyzed,analyte,analyteConcentration,plantAlgaeLabUnits,method,externalRemarks,externalLabDataQF
"a051444a-90f9-4f39-a5c2-e0ebdd470e33","D14","SYCA","SYCA.AOS.S2","2018-10-02","SYCA.SS.20181002.POM.1","A00000055183","condition ok","SIRFER Lab at University of Utah","2018-12-13","ElFtGy1kV49xqNP00HfxQA==","POM","1",20,25,100,"nitrogen",1398.53,"microgramsPerLiter","Revesz & Coplen 2012a",,
"92e0c873-db80-4e12-afbf-880ed7a8786e","D14","SYCA","SYCA.AOS.S2","2018-10-02","SYCA.SS.20181002.POM.1","A00000055183","condition ok","SIRFER Lab at University of Utah","2018-12-13","ElFtGy1kV49xqNP00HfxQA==","POM","1",20,25,100,"d13C",-29.86,"perMill","Revesz & Coplen 2012a",,
"eb0f398c-acdd-4c86-9ba4-305760396e94","D14","SYCA","SYCA.AOS.S2","2018-10-02","SYCA.SS.20181002.POM.1","A00000055183","condition ok","SIRFER Lab at University of Utah","2018-12-13","ElFtGy1kV49xqNP00HfxQA==","POM","1",20,25,100,"d15N",-0.55,"perMill","Revesz & Coplen 2012a",,
"4e40cac6-570f-445a-ada2-e8900733e7af","D14","SYCA","SYCA.AOS.S2","2018-10-02","SYCA.SS.20181002.POM.1","A00000055183","condition ok","SIRFER Lab at University of Utah","2018-12-13","ElFtGy1kV49xqNP00HfxQA==","POM","1",20,25,100,"carbon",8755.47,"microgramsPerLiter","Revesz & Coplen 2012a",,
"63708ff4-6307-494a-be63-2104d178df98","D14","SYCA","SYCA.AOS.reach","2018-10-17","SYCA.RE.20181017.POM.1","A00000055205","condition ok","SIRFER Lab at University of Utah","2018-12-13","ElFtGy1kV49xqNP00HfxQA==","POM","1",49,25,100,"nitrogen",661.98,"microgramsPerLiter","Revesz & Coplen 2012a",,
"8d49a716-2262-4042-9d37-335f6ffc3fab","D14","SYCA","SYCA.AOS.reach","2018-10-17","SYCA.RE.20181017.POM.1","A00000055205","condition ok","SIRFER Lab at University of Utah","2018-12-13","ElFtGy1kV49xqNP00HfxQA==","POM","1",49,25,100,"d13C",-31.95,"perMill","Revesz & Coplen 2012a",,
"705eb194-5086-4468-9559-3304ff5a5aeb","D14","SYCA","SYCA.AOS.reach","2018-10-17","SYCA.RE.20181017.POM.1","A00000055205","condition ok","SIRFER Lab at University of Utah","2018-12-13","ElFtGy1kV49xqNP00HfxQA==","POM","1",49,25,100,"d15N",3.04,"perMill","Revesz & Coplen 2012a",,
"6077c539-9204-4f72-b17f-1149ef13b088","D14","SYCA","SYCA.AOS.reach","2018-10-17","SYCA.RE.20181017.POM.1","A00000055205","condition ok","SIRFER Lab at University of Utah","2018-12-13","ElFtGy1kV49xqNP00HfxQA==","POM","1",49,25,100,"carbon",4187.23,"microgramsPerLiter","Revesz & Coplen 2012a",,
