uid,domainID,siteID,namedLocation,collectDate,sampleID,sampleCode,sampleCondition,laboratoryName,analysisDate,analyzedBy,sampleType,replicate,sampleVolumeFiltered,filterSize,percentFilterAnalyzed,analyte,analyteConcentration,plantAlgaeLabUnits,method,externalRemarks,externalLabDataQF
"073ddd58-4df7-4c25-a304-b301a4efe214","D11","PRIN","PRIN.AOS.S2","2017-01-10","PRIN.SS.20170110.POM.1",,"condition ok","SIRFER Lab at University of Utah","2018-04-17","ElFtGy1kV49xqNP00HfxQA==","POM","1",500,25,100,"d13C",-37.93,"perMill","Revesz & Coplen 2012a",,
"34e73f57-e5a5-422c-86de-729230bb06f9","D11","PRIN","PRIN.AOS.S2","2017-01-10","PRIN.SS.20170110.POM.1",,"condition ok","SIRFER Lab at University of Utah","2018-04-17","ElFtGy1kV49xqNP00HfxQA==","POM","1",500,25,100,"d15N",11.89,"perMill","Revesz & Coplen 2012a",,
"46530e26-bfe7-437e-8c22-2166377e0c7b","D11","PRIN","PRIN.AOS.S2","2017-01-10","PRIN.SS.20170110.POM.1",,"condition ok","SIRFER Lab at University of Utah","2018-04-17","ElFtGy1kV49xqNP00HfxQA==","POM","1",500,25,100,"nitrogen",43.70,"microgramsPerLiter","Revesz & Coplen 2012a",,
"a89d710b-a462-45a8-ab0e-eddaec12d88c","D11","PRIN","PRIN.AOS.S2","2017-01-10","PRIN.SS.20170110.POM.1",,"condition ok","SIRFER Lab at University of Utah","2018-04-17","ElFtGy1kV49xqNP00HfxQA==","POM","1",500,25,100,"carbon",248.65,"microgramsPerLiter","Revesz & Coplen 2012a",,
