uid,domainID,siteID,namedLocation,collectDate,sampleID,sampleCode,sampleCondition,laboratoryName,analysisDate,analyzedBy,sampleType,replicate,sampleVolumeFiltered,filterSize,percentFilterAnalyzed,analyte,analyteConcentration,plantAlgaeLabUnits,method,externalRemarks,externalLabDataQF
"bb8e7390-0415-4c71-8bd3-3a4a49e773dc","D05","CRAM","CRAM.AOS.buoy.c1","2018-07-10","CRAM.C1.20180710.POM.1","A00000007575","condition ok","SIRFER Lab at University of Utah","2018-09-13","ElFtGy1kV49xqNP00HfxQA==","POM","1",200,25,100,"nitrogen",89.32,"microgramsPerLiter","Revesz & Coplen 2012a",,
"a9e6e7b5-2c7f-4114-abd8-bda4bdea3692","D05","CRAM","CRAM.AOS.buoy.c1","2018-07-10","CRAM.C1.20180710.POM.1","A00000007575","condition ok","SIRFER Lab at University of Utah","2018-09-13","ElFtGy1kV49xqNP00HfxQA==","POM","1",200,25,100,"d13C",-28.98,"perMill","Revesz & Coplen 2012a",,
"24959f3d-6f4f-4fd2-8551-3ab690e1e04c","D05","CRAM","CRAM.AOS.buoy.c1","2018-07-10","CRAM.C1.20180710.POM.1","A00000007575","condition ok","SIRFER Lab at University of Utah","2018-09-13","ElFtGy1kV49xqNP00HfxQA==","POM","1",200,25,100,"carbon",961.13,"microgramsPerLiter","Revesz & Coplen 2012a",,
"059b7e2a-2568-489b-8a42-1a490e2e812d","D05","CRAM","CRAM.AOS.buoy.c1","2018-07-10","CRAM.C1.20180710.POM.1","A00000007575","condition ok","SIRFER Lab at University of Utah","2018-09-13","ElFtGy1kV49xqNP00HfxQA==","POM","1",200,25,100,"d15N",1.00,"perMill","Revesz & Coplen 2012a",,
"8c8915b6-63be-4166-a7aa-af1c752d2104","D05","CRAM","CRAM.AOS.buoy.c2","2018-07-10","CRAM.C2.20180710.POM.1","A00000007578","condition ok","SIRFER Lab at University of Utah","2018-09-13","ElFtGy1kV49xqNP00HfxQA==","POM","1",150,25,100,"carbon",805.07,"microgramsPerLiter","Revesz & Coplen 2012a",,
"02f9ad58-ea96-4933-8eb3-4ab6b07ed330","D05","CRAM","CRAM.AOS.buoy.c2","2018-07-10","CRAM.C2.20180710.POM.1","A00000007578","condition ok","SIRFER Lab at University of Utah","2018-09-13","ElFtGy1kV49xqNP00HfxQA==","POM","1",150,25,100,"d13C",-33.74,"perMill","Revesz & Coplen 2012a",,
"7004441d-f6d6-49e2-a6eb-b11012edcd8d","D05","CRAM","CRAM.AOS.buoy.c2","2018-07-10","CRAM.C2.20180710.POM.1","A00000007578","condition ok","SIRFER Lab at University of Utah","2018-09-13","ElFtGy1kV49xqNP00HfxQA==","POM","1",150,25,100,"nitrogen",86.87,"microgramsPerLiter","Revesz & Coplen 2012a",,
"8ed4745e-c33b-4c01-8ae5-3928f69ba85f","D05","CRAM","CRAM.AOS.buoy.c2","2018-07-10","CRAM.C2.20180710.POM.1","A00000007578","condition ok","SIRFER Lab at University of Utah","2018-09-13","ElFtGy1kV49xqNP00HfxQA==","POM","1",150,25,100,"d15N",0.72,"perMill","Revesz & Coplen 2012a",,
