uid,domainID,siteID,namedLocation,collectDate,sampleID,sampleCode,sampleCondition,laboratoryName,analysisDate,analyzedBy,sampleType,replicate,sampleVolumeFiltered,filterSize,percentFilterAnalyzed,analyte,analyteConcentration,plantAlgaeLabUnits,method,externalRemarks,externalLabDataQF
"5c16c180-31b3-4a3b-8522-bb8f38667d07","D09","PRPO","PRPO.AOS.buoy.c0","2019-06-04","PRPO.C0.20190604.POM.1","A00000084962","condition ok","SIRFER Lab at University of Utah","2019-11-21","ElFtGy1kV49xqNP00HfxQA==","POM","1",30,25,100,"d15N",8.63,"perMill","Revesz & Coplen 2012a",,
"d498d99e-6a5a-4661-b10f-1fb49d35bbaa","D09","PRPO","PRPO.AOS.buoy.c0","2019-06-04","PRPO.C0.20190604.POM.1","A00000084962","condition ok","SIRFER Lab at University of Utah","2019-11-21","ElFtGy1kV49xqNP00HfxQA==","POM","1",30,25,100,"d13C",-29.31,"perMill","Revesz & Coplen 2012a",,
"ce4c3c7c-02cc-405f-a9db-d1d68a6b596b","D09","PRPO","PRPO.AOS.buoy.c0","2019-06-04","PRPO.C0.20190604.POM.1","A00000084962","condition ok","SIRFER Lab at University of Utah","2019-11-21","ElFtGy1kV49xqNP00HfxQA==","POM","1",30,25,100,"nitrogen",1135.38,"microgramsPerLiter","Revesz & Coplen 2012a",,
"f720f309-4d59-4b50-93fe-2d769b28bed3","D09","PRPO","PRPO.AOS.buoy.c0","2019-06-04","PRPO.C0.20190604.POM.1","A00000084962","condition ok","SIRFER Lab at University of Utah","2019-11-21","ElFtGy1kV49xqNP00HfxQA==","POM","1",30,25,100,"carbon",8865.72,"microgramsPerLiter","Revesz & Coplen 2012a",,
