uid,domainID,siteID,namedLocation,collectDate,sampleID,sampleCode,sampleCondition,laboratoryName,analysisDate,analyzedBy,sampleType,replicate,sampleVolumeFiltered,filterSize,percentFilterAnalyzed,analyte,analyteConcentration,plantAlgaeLabUnits,method,externalRemarks,externalLabDataQF
"e474fd14-ae44-4df1-859b-ecd11d8e05c8","D11","BLUE","BLUE.AOS.S2","2017-04-03","BLUE.SS.20170403.POM.1",,"condition ok","SIRFER Lab at University of Utah","2018-04-17","ElFtGy1kV49xqNP00HfxQA==","POM","1",350,25,100,"carbon",272.26,"microgramsPerLiter","Revesz & Coplen 2012a",,
"2278726a-9ae6-49a8-9b43-aad17dba9275","D11","BLUE","BLUE.AOS.S2","2017-04-03","BLUE.SS.20170403.POM.1",,"condition ok","SIRFER Lab at University of Utah","2018-04-17","ElFtGy1kV49xqNP00HfxQA==","POM","1",350,25,100,"d13C",-21.17,"perMill","Revesz & Coplen 2012a",,
"a20b7c79-c8bf-4d92-a2e0-66de97356df7","D11","BLUE","BLUE.AOS.S2","2017-04-03","BLUE.SS.20170403.POM.1",,"condition ok","SIRFER Lab at University of Utah","2018-04-17","ElFtGy1kV49xqNP00HfxQA==","POM","1",350,25,100,"nitrogen",20.58,"microgramsPerLiter","Revesz & Coplen 2012a",,
"d057acaf-c25d-4587-aef7-e7fa255ea31b","D11","BLUE","BLUE.AOS.S2","2017-04-03","BLUE.SS.20170403.POM.1",,"condition ok","SIRFER Lab at University of Utah","2018-04-17","ElFtGy1kV49xqNP00HfxQA==","POM","1",350,25,100,"d15N",14.52,"perMill","Revesz & Coplen 2012a",,
"f2a22d1f-76aa-44ba-bf34-887af6c61c17","D11","BLUE","BLUE.AOS.S2","2017-04-11","BLUE.SS.20170411.POM.1",,"condition ok","SIRFER Lab at University of Utah","2018-04-17","ElFtGy1kV49xqNP00HfxQA==","POM","1",275,25,100,"d15N",2.02,"perMill","Revesz & Coplen 2012a",,
"0019b861-635a-4bd6-98b6-6f3346c8ab67","D11","BLUE","BLUE.AOS.S2","2017-04-11","BLUE.SS.20170411.POM.1",,"condition ok","SIRFER Lab at University of Utah","2018-04-17","ElFtGy1kV49xqNP00HfxQA==","POM","1",275,25,100,"nitrogen",141.43,"microgramsPerLiter","Revesz & Coplen 2012a",,
"d6c4cd94-ab49-4204-a398-afb9989e7a2c","D11","BLUE","BLUE.AOS.S2","2017-04-11","BLUE.SS.20170411.POM.1",,"condition ok","SIRFER Lab at University of Utah","2018-04-17","ElFtGy1kV49xqNP00HfxQA==","POM","1",275,25,100,"d13C",-27.46,"perMill","Revesz & Coplen 2012a",,
"ee3e9541-6e2c-4af3-8bdf-7fdbd3dac4a3","D11","BLUE","BLUE.AOS.S2","2017-04-11","BLUE.SS.20170411.POM.1",,"condition ok","SIRFER Lab at University of Utah","2018-04-17","ElFtGy1kV49xqNP00HfxQA==","POM","1",275,25,100,"carbon",408.36,"microgramsPerLiter","Revesz & Coplen 2012a",,
