uid,domainID,siteID,namedLocation,collectDate,sampleID,sampleCode,sampleCondition,laboratoryName,analysisDate,analyzedBy,sampleType,replicate,sampleVolumeFiltered,filterSize,percentFilterAnalyzed,analyte,analyteConcentration,plantAlgaeLabUnits,method,externalRemarks,externalLabDataQF
"13bf9287-955b-4783-a2e8-515ee4605849","D04","CUPE","CUPE.AOS.S2","2019-06-04","CUPE.SS.20190604.POM.1","A00000113515","condition ok","SIRFER Lab at University of Utah","2019-10-09","ElFtGy1kV49xqNP00HfxQA==","POM","1",1000,25,100,"d15N",1.58,"perMill","Revesz & Coplen 2012a",,
"ef499b6a-153a-44fc-9392-2989f4e9e1c5","D04","CUPE","CUPE.AOS.S2","2019-06-04","CUPE.SS.20190604.POM.1","A00000113515","condition ok","SIRFER Lab at University of Utah","2019-10-09","ElFtGy1kV49xqNP00HfxQA==","POM","1",1000,25,100,"nitrogen",6.42,"microgramsPerLiter","Revesz & Coplen 2012a",,
"2b74bba9-b15c-4212-96f9-f04091f376d4","D04","CUPE","CUPE.AOS.S2","2019-06-04","CUPE.SS.20190604.POM.1","A00000113515","condition ok","SIRFER Lab at University of Utah","2019-10-09","ElFtGy1kV49xqNP00HfxQA==","POM","1",1000,25,100,"d13C",-28.76,"perMill","Revesz & Coplen 2012a",,
"8b13d210-e0ee-4f94-86f5-761df1088ccb","D04","CUPE","CUPE.AOS.S2","2019-06-04","CUPE.SS.20190604.POM.1","A00000113515","condition ok","SIRFER Lab at University of Utah","2019-10-09","ElFtGy1kV49xqNP00HfxQA==","POM","1",1000,25,100,"carbon",111.02,"microgramsPerLiter","Revesz & Coplen 2012a",,
"ff68ac4b-220e-48df-b689-3807f8b30423","D04","CUPE","CUPE.AOS.S2","2019-06-24","CUPE.SS.20190624.POM.1","A00000113333","condition ok","SIRFER Lab at University of Utah","2019-10-09","ElFtGy1kV49xqNP00HfxQA==","POM","1",1750,25,100,"d13C",-28.94,"perMill","Revesz & Coplen 2012a",,
"e29045bf-0d1f-4c86-8ff5-253bb482a681","D04","CUPE","CUPE.AOS.S2","2019-06-24","CUPE.SS.20190624.POM.1","A00000113333","condition ok","SIRFER Lab at University of Utah","2019-10-09","ElFtGy1kV49xqNP00HfxQA==","POM","1",1750,25,100,"carbon",115.34,"microgramsPerLiter","Revesz & Coplen 2012a",,
"5a99935a-234f-42da-a11e-1e40339bb28b","D04","CUPE","CUPE.AOS.S2","2019-06-24","CUPE.SS.20190624.POM.1","A00000113333","condition ok","SIRFER Lab at University of Utah","2019-10-09","ElFtGy1kV49xqNP00HfxQA==","POM","1",1750,25,100,"nitrogen",9.71,"microgramsPerLiter","Revesz & Coplen 2012a",,
"9139ef24-4dc2-4872-bd8c-aca16e47931e","D04","CUPE","CUPE.AOS.S2","2019-06-24","CUPE.SS.20190624.POM.1","A00000113333","condition ok","SIRFER Lab at University of Utah","2019-10-09","ElFtGy1kV49xqNP00HfxQA==","POM","1",1750,25,100,"d15N",0.09,"perMill","Revesz & Coplen 2012a",,
