uid,domainID,siteID,namedLocation,collectDate,sampleID,sampleCode,sampleCondition,laboratoryName,analysisDate,analyzedBy,sampleType,replicate,sampleVolumeFiltered,filterSize,percentFilterAnalyzed,analyte,analyteConcentration,plantAlgaeLabUnits,method,externalRemarks,externalLabDataQF
"2950b8a5-4d9a-4c01-8393-7fe39523f8ad","D08","MAYF","MAYF.AOS.S2","2015-12-01","MAYF.SS.20151201.POM.2",,"condition ok","Academy of Natural Sciences of Drexel University","2017-01-17","OKgcKejxXbI=","13C15N","2",,,100,"d15N",4.52,"perMill",,,
"bd0b1e73-3844-4e07-a3a2-f430bce24e4a","D08","MAYF","MAYF.AOS.S2","2015-12-01","MAYF.SS.20151201.POM.1",,"condition ok","Academy of Natural Sciences of Drexel University","2016-09-13","OKgcKejxXbI=","13C15N","1",,,100,"d13C",-27.10,"perMill",,,
"47714cd9-a223-4b5e-a805-6fffd53bd032","D08","MAYF","MAYF.AOS.S2","2015-12-01","MAYF.SS.20151201.POM.2",,"condition ok","Academy of Natural Sciences of Drexel University","2017-01-17","OKgcKejxXbI=","13C15N","2",,,100,"d13C",-28.26,"perMill",,,
"7b0c7f1b-68c6-456e-bca2-f96c69547b94","D08","MAYF","MAYF.AOS.S2","2015-12-01","MAYF.SS.20151201.POM.1",,"condition ok","Academy of Natural Sciences of Drexel University","2016-09-13","OKgcKejxXbI=","13C15N","1",,,100,"d15N",3.12,"perMill",,,
"5cec5e18-0464-48ac-9a12-bebf81d37b7f","D08","MAYF","MAYF.AOS.S2","2015-12-01","MAYF.SS.20151201.POM.1",,"condition ok","Academy of Natural Sciences of Drexel University","2016-09-13","OKgcKejxXbI=","13C15N","1",20,25,100,"d15N",3.12,"perMill",,,"Audit Failed. Document: A00036_DREX_AlgalChem_DocAudit_20170407.pdf & A00036_DREX_AlgalChem_VisitAudit_20170407.pdf"
"90f09f54-8551-42ae-8129-5e6c6174a5e1","D08","MAYF","MAYF.AOS.S2","2015-12-01","MAYF.SS.20151201.POM.2",,"condition ok","Academy of Natural Sciences of Drexel University","2017-01-17","OKgcKejxXbI=","13C15N","2",20,25,100,"d15N",4.52,"perMill",,,"Audit Failed. Document: A00036_DREX_AlgalChem_DocAudit_20170407.pdf & A00036_DREX_AlgalChem_VisitAudit_20170407.pdf"
"81db23b1-22d2-4f1f-9e0a-50215763eff3","D08","MAYF","MAYF.AOS.S2","2015-12-01","MAYF.SS.20151201.POM.2",,"condition ok","Academy of Natural Sciences of Drexel University","2017-01-17","OKgcKejxXbI=","13C15N","2",20,25,100,"d13C",-28.26,"perMill",,,"Audit Failed. Document: A00036_DREX_AlgalChem_DocAudit_20170407.pdf & A00036_DREX_AlgalChem_VisitAudit_20170407.pdf"
"42fdaf20-dda1-437d-a651-7004dfaf0eb6","D08","MAYF","MAYF.AOS.S2","2015-12-01","MAYF.SS.20151201.POM.1",,"condition ok","Academy of Natural Sciences of Drexel University","2016-09-13","OKgcKejxXbI=","13C15N","1",20,25,100,"d13C",-27.10,"perMill",,,"Audit Failed. Document: A00036_DREX_AlgalChem_DocAudit_20170407.pdf & A00036_DREX_AlgalChem_VisitAudit_20170407.pdf"
"acc31a45-f1ad-4f0e-aec3-13c0acd0edd2","D08","MAYF","MAYF.AOS.S2","2015-12-15","MAYF.SS.20151215.POM.1",,"condition ok","Academy of Natural Sciences of Drexel University","2016-09-13","OKgcKejxXbI=","13C15N","1",,,100,"d13C",-28.13,"perMill",,,
"5ec998e4-790b-4748-8a6a-9ac3cb33e5a1","D08","MAYF","MAYF.AOS.S2","2015-12-15","MAYF.SS.20151215.POM.2",,"condition ok","Academy of Natural Sciences of Drexel University","2017-01-17","OKgcKejxXbI=","13C15N","2",,,100,"d15N",,"perMill",,,
"5228ab26-2c6a-4495-9e10-3fd97b6a1023","D08","MAYF","MAYF.AOS.S2","2015-12-15","MAYF.SS.20151215.POM.1",,"condition ok","Academy of Natural Sciences of Drexel University","2016-09-13","OKgcKejxXbI=","13C15N","1",,,100,"d15N",4.07,"perMill",,,
"23b7d0ae-99fa-4615-bf1a-7f1663615d74","D08","MAYF","MAYF.AOS.S2","2015-12-15","MAYF.SS.20151215.POM.2",,"condition ok","Academy of Natural Sciences of Drexel University","2017-01-17","OKgcKejxXbI=","13C15N","2",,,100,"d13C",,"perMill",,"not enough sample for analysis",
"cfe25dca-267c-4698-afe8-b57ef90eaed3","D08","MAYF","MAYF.AOS.S2","2015-12-15","MAYF.SS.20151215.POM.1",,"condition ok","Academy of Natural Sciences of Drexel University","2016-09-13","OKgcKejxXbI=","13C15N","1",40,25,100,"d13C",-28.13,"perMill",,,"Audit Failed. Document: A00036_DREX_AlgalChem_DocAudit_20170407.pdf & A00036_DREX_AlgalChem_VisitAudit_20170407.pdf"
"960c663e-99d3-43b0-9024-211d51c4aa30","D08","MAYF","MAYF.AOS.S2","2015-12-15","MAYF.SS.20151215.POM.1",,"condition ok","Academy of Natural Sciences of Drexel University","2016-09-13","OKgcKejxXbI=","13C15N","1",40,25,100,"d15N",4.07,"perMill",,,"Audit Failed. Document: A00036_DREX_AlgalChem_DocAudit_20170407.pdf & A00036_DREX_AlgalChem_VisitAudit_20170407.pdf"
"0caebba8-a414-440b-a078-82e708d47852","D08","MAYF","MAYF.AOS.S2","2015-12-15","MAYF.SS.20151215.POM.2",,"condition ok","Academy of Natural Sciences of Drexel University","2017-01-17","OKgcKejxXbI=","13C15N","2",40,25,100,"d13C",,"perMill",,"not enough sample for analysis","Audit Failed. Document: A00036_DREX_AlgalChem_DocAudit_20170407.pdf & A00036_DREX_AlgalChem_VisitAudit_20170407.pdf"
"55785f62-030e-4f10-946a-89861c42196e","D08","MAYF","MAYF.AOS.S2","2015-12-15","MAYF.SS.20151215.POM.2",,"condition ok","Academy of Natural Sciences of Drexel University","2017-01-17","OKgcKejxXbI=","13C15N","2",40,25,100,"d15N",,"perMill",,,"Audit Failed. Document: A00036_DREX_AlgalChem_DocAudit_20170407.pdf & A00036_DREX_AlgalChem_VisitAudit_20170407.pdf"
