uid,domainID,siteID,namedLocation,collectDate,sampleID,sampleCode,sampleCondition,laboratoryName,analysisDate,analyzedBy,sampleType,replicate,sampleVolumeFiltered,filterSize,percentFilterAnalyzed,analyte,analyteConcentration,plantAlgaeLabUnits,method,externalRemarks,externalLabDataQF
"1ec98bb7-001c-4cb6-a575-ddaae68fc523","D11","PRIN","PRIN.AOS.S2","2017-02-21","PRIN.SS.20170221.POM.1",,"condition ok","SIRFER Lab at University of Utah","2018-04-20","ElFtGy1kV49xqNP00HfxQA==","POM","1",100,25,100,"d13C",-24.55,"perMill","Revesz & Coplen 2012a",,
"b7b30f9d-8625-4f69-a8b3-a7f8bde7cd77","D11","PRIN","PRIN.AOS.S2","2017-02-21","PRIN.SS.20170221.POM.1",,"condition ok","SIRFER Lab at University of Utah","2018-04-20","ElFtGy1kV49xqNP00HfxQA==","POM","1",100,25,100,"d15N",6.63,"perMill","Revesz & Coplen 2012a",,
"c2053a91-0c22-4958-96de-5edea9efa891","D11","PRIN","PRIN.AOS.S2","2017-02-21","PRIN.SS.20170221.POM.1",,"condition ok","SIRFER Lab at University of Utah","2018-04-20","ElFtGy1kV49xqNP00HfxQA==","POM","1",100,25,100,"carbon",1250.49,"microgramsPerLiter","Revesz & Coplen 2012a",,
"b25298a5-5dc4-4ca6-819b-64bd3ebc6611","D11","PRIN","PRIN.AOS.S2","2017-02-21","PRIN.SS.20170221.POM.1",,"condition ok","SIRFER Lab at University of Utah","2018-04-20","ElFtGy1kV49xqNP00HfxQA==","POM","1",100,25,100,"nitrogen",124.42,"microgramsPerLiter","Revesz & Coplen 2012a",,
