uid,domainID,siteID,namedLocation,collectDate,parentSampleID,parentSampleCode,isotopeH2OSampleCond,isotopeH2OSampleID,isotopeH2OSampleCode,isotopePOMRep2SampleCond,isotopePOMRep2SampleID,isotopePOMRep2SampleCode,isotopePOMSampleCond,isotopePOMSampleID,isotopePOMSampleCode,processedDateFilters,processedDateH2OIsotopes,sampleVolumeFilteredPOMRep1,sampleVolumeFilteredPOMRep2,fieldDataQF
"2dbcd4a4-a231-4527-9a23-0e5d7bcf11aa","D05","CRAM","CRAM.AOS.buoy.c1","2019-09-09T14:53Z","CRAM.C1.20190909",,"Sample condition ok","CRAM.C1.20190909.H2O.2","A00000077414",,,,,,,,"2019-09-09T14:53Z",,,
"2ade5161-f352-4814-bf42-9ae8530a8595","D05","CRAM","CRAM.AOS.buoy.c1","2019-09-09T14:53Z","CRAM.C1.20190909",,"Sample condition ok","CRAM.C1.20190909.H2O.1","A00000077413","Sample condition ok","CRAM.C1.20190909.POM.2","A00000077685","Sample condition ok","CRAM.C1.20190909.POM.1","A00000077683","2019-09-09T17:31Z","2019-09-09T14:53Z",175,175,
"8ef31842-bee0-4c92-bc7e-8d4c3f909f3f","D05","CRAM","CRAM.AOS.buoy.c1","2019-09-09T14:53Z","CRAM.C1.20190909",,"Sample condition ok","CRAM.C1.20190909.H2O.3","A00000077415",,,,,,,,"2019-09-09T14:53Z",,,
"4a195394-41d5-43b3-9cc0-b657cdb86123","D05","CRAM","CRAM.AOS.buoy.c2","2019-09-09T15:43Z","CRAM.C2.20190909",,"Sample condition ok","CRAM.C2.20190909.H2O.1","A00000077416","Sample condition ok","CRAM.C2.20190909.POM.2","A00000077399","Sample condition ok","CRAM.C2.20190909.POM.1","A00000077398","2019-09-09T18:22Z","2019-09-09T18:15Z",175,175,
"19305f8a-1651-470e-bbb4-5a797c6305f1","D05","CRAM","CRAM.AOS.buoy.c2","2019-09-09T15:43Z","CRAM.C2.20190909",,"Sample condition ok","CRAM.C2.20190909.H2O.3","A00000077434",,,,,,,,"2019-09-09T18:15Z",,,
"39c6809d-81d7-4ff5-af59-cea827a20077","D05","CRAM","CRAM.AOS.buoy.c2","2019-09-09T15:43Z","CRAM.C2.20190909",,"Sample condition ok","CRAM.C2.20190909.H2O.2","A00000077433",,,,,,,,"2019-09-09T18:15Z",,,
