uid,domainID,siteID,namedLocation,collectDate,parentSampleID,parentSampleCode,isotopeH2OSampleCond,isotopeH2OSampleID,isotopeH2OSampleCode,isotopePOMRep2SampleCond,isotopePOMRep2SampleID,isotopePOMRep2SampleCode,isotopePOMSampleCond,isotopePOMSampleID,isotopePOMSampleCode,processedDateFilters,processedDateH2OIsotopes,sampleVolumeFilteredPOMRep1,sampleVolumeFilteredPOMRep2,fieldDataQF
"7651b779-ae60-47cc-9843-8b7dfe81372d","D06","MCDI","MCDI.AOS.S2","2017-05-01T01:00Z","MCDI.SS.20170501",,"Sample condition ok","MCDI.SS.20170501.H2O.1",,"Sample condition ok","MCDI.SS.20170501.POM.2",,"Sample condition ok","MCDI.SS.20170501.POM.1",,"2017-05-01T01:00Z","2017-05-01T01:00Z",50,50,
"151f5232-e472-4852-907f-8988cc135ca2","D06","MCDI","MCDI.AOS.S2","2017-05-04T09:41Z","MCDI.SS.20170504",,"Sample condition ok","MCDI.SS.20170504.H2O.1",,"Sample condition ok","MCDI.SS.20170504.POM.2",,"Sample condition ok","MCDI.SS.20170504.POM.1",,"2017-05-04T11:25Z","2017-05-04T11:25Z",300,300,
"adbafad4-981e-4295-833b-c8596b1c4627","D06","MCDI","MCDI.AOS.S2","2017-05-08T11:00Z","MCDI.SS.20170508",,"Sample condition ok","MCDI.SS.20170508.H2O.1",,"Sample condition ok","MCDI.SS.20170508.POM.2",,"Sample condition ok","MCDI.SS.20170508.POM.1",,"2017-05-09T12:50Z","2017-05-08T12:35Z",10,10,
"8d205fdb-8e4d-444a-bd48-3c5c5501bd3d","D06","MCDI","MCDI.AOS.S2","2017-05-15T10:49Z","MCDI.SS.20170515",,"Sample condition ok","MCDI.SS.20170515.H2O.1",,"Sample condition ok","MCDI.SS.20170515.POM.2",,"Sample condition ok","MCDI.SS.20170515.POM.1",,"2017-05-15T12:10Z","2017-05-15T12:10Z",225,245,
"cbcc12ef-04dd-4157-826f-a68794dae3b6","D06","MCDI","MCDI.AOS.S2","2017-05-22T09:30Z","MCDI.SS.20170522",,"Sample condition ok","MCDI.SS.20170522.H2O.1",,"Sample condition ok","MCDI.SS.20170522.POM.2",,"Sample condition ok","MCDI.SS.20170522.POM.1",,"2017-05-22T10:15Z","2017-05-22T10:00Z",305,308,
"648a008f-e8e4-4fbe-9ea9-50fb36b0bb09","D06","MCDI","MCDI.AOS.S2","2017-05-31T10:15Z","MCDI.SS.20170531",,"Sample condition ok","MCDI.SS.20170531.H2O.1",,"Sample condition ok","MCDI.SS.20170531.POM.2",,"Sample condition ok","MCDI.SS.20170531.POM.1",,"2017-05-31T11:45Z","2017-05-31T11:40Z",400,410,
