uid,domainID,siteID,namedLocation,collectDate,sampleID,sampleCode,sampleCondition,laboratoryName,analysisDate,analyzedBy,sampleType,replicate,sampleVolumeFiltered,filterSize,percentFilterAnalyzed,analyte,analyteConcentration,plantAlgaeLabUnits,method,externalRemarks,externalLabDataQF
"c967515b-8ec7-46e9-aa0a-8de2188ae705","D06","MCDI","MCDI.AOS.S2","2017-05-01","MCDI.SS.20170501.POM.1",,"condition ok","SIRFER Lab at University of Utah","2018-03-07","ElFtGy1kV49xqNP00HfxQA==","POM","1",,,100,"nitrogen",156.58,"microgramsPerLiter","Revesz & Coplen 2012a",,
"1bd8751d-0ea5-47e4-aa97-44ec01c31b70","D06","MCDI","MCDI.AOS.S2","2017-05-01","MCDI.SS.20170501.POM.1",,"condition ok","SIRFER Lab at University of Utah","2018-03-07","ElFtGy1kV49xqNP00HfxQA==","POM","1",,,100,"carbon",1302.93,"microgramsPerLiter","Revesz & Coplen 2012a",,
"eba61fec-5163-4582-b1c1-dbe684cd6796","D06","MCDI","MCDI.AOS.S2","2017-05-01","MCDI.SS.20170501.POM.1",,"condition ok","SIRFER Lab at University of Utah","2018-03-07","ElFtGy1kV49xqNP00HfxQA==","POM","1",,,100,"d15N",13.44,"perMill","Revesz & Coplen 2012a",,
"f908f7bc-120f-4a0a-8437-d43972c8a7b6","D06","MCDI","MCDI.AOS.S2","2017-05-01","MCDI.SS.20170501.POM.1",,"condition ok","SIRFER Lab at University of Utah","2018-03-07","ElFtGy1kV49xqNP00HfxQA==","POM","1",,,100,"d13C",-21.06,"perMill","Revesz & Coplen 2012a",,
"bd6c0a28-f875-4381-8373-a84b12fad6a7","D06","MCDI","MCDI.AOS.S2","2017-05-04","MCDI.SS.20170504.POM.1",,"condition ok","SIRFER Lab at University of Utah","2018-03-07","ElFtGy1kV49xqNP00HfxQA==","POM","1",,,100,"carbon",377.04,"microgramsPerLiter","Revesz & Coplen 2012a",,
"40ff9136-efe7-45d4-a0ec-caf447540e1b","D06","MCDI","MCDI.AOS.S2","2017-05-04","MCDI.SS.20170504.POM.1",,"condition ok","SIRFER Lab at University of Utah","2018-03-07","ElFtGy1kV49xqNP00HfxQA==","POM","1",,,100,"nitrogen",48.45,"microgramsPerLiter","Revesz & Coplen 2012a",,
"335e4220-414e-4ad7-9de9-541468e95e34","D06","MCDI","MCDI.AOS.S2","2017-05-04","MCDI.SS.20170504.POM.1",,"condition ok","SIRFER Lab at University of Utah","2018-03-07","ElFtGy1kV49xqNP00HfxQA==","POM","1",,,100,"d15N",0.83,"perMill","Revesz & Coplen 2012a",,
"7744d353-1e85-4fb5-a082-2884b6dd4185","D06","MCDI","MCDI.AOS.S2","2017-05-04","MCDI.SS.20170504.POM.1",,"condition ok","SIRFER Lab at University of Utah","2018-03-07","ElFtGy1kV49xqNP00HfxQA==","POM","1",,,100,"d13C",-24.50,"perMill","Revesz & Coplen 2012a",,
"d8dfdab1-e40a-4a04-beed-53eb5491eb8a","D06","MCDI","MCDI.AOS.S2","2017-05-08","MCDI.SS.20170508.POM.1",,"condition ok","SIRFER Lab at University of Utah","2018-03-07","ElFtGy1kV49xqNP00HfxQA==","POM","1",,,100,"d13C",-13.63,"perMill","Revesz & Coplen 2012a",,
"d7f6356b-9f09-41a4-a63f-3aac4a3763ac","D06","MCDI","MCDI.AOS.S2","2017-05-08","MCDI.SS.20170508.POM.1",,"condition ok","SIRFER Lab at University of Utah","2018-03-07","ElFtGy1kV49xqNP00HfxQA==","POM","1",,,100,"d15N",6.87,"perMill","Revesz & Coplen 2012a",,
"e191775b-b7a3-449d-9d56-6612393a0125","D06","MCDI","MCDI.AOS.S2","2017-05-08","MCDI.SS.20170508.POM.1",,"condition ok","SIRFER Lab at University of Utah","2018-03-07","ElFtGy1kV49xqNP00HfxQA==","POM","1",,,100,"nitrogen",4116.16,"microgramsPerLiter","Revesz & Coplen 2012a",,
"9eba6888-d859-4790-868e-b4bf6e981600","D06","MCDI","MCDI.AOS.S2","2017-05-08","MCDI.SS.20170508.POM.1",,"condition ok","SIRFER Lab at University of Utah","2018-03-07","ElFtGy1kV49xqNP00HfxQA==","POM","1",,,100,"carbon",60316.38,"microgramsPerLiter","Revesz & Coplen 2012a",,
"e27150cd-38f9-4183-a346-a8008d6928d4","D06","MCDI","MCDI.AOS.S2","2017-05-15","MCDI.SS.20170515.POM.1",,"condition ok","SIRFER Lab at University of Utah","2018-03-07","ElFtGy1kV49xqNP00HfxQA==","POM","1",,,100,"d13C",-18.79,"perMill","Revesz & Coplen 2012a",,
"df916997-3472-45e3-a34c-43561e0c487c","D06","MCDI","MCDI.AOS.S2","2017-05-15","MCDI.SS.20170515.POM.1",,"condition ok","SIRFER Lab at University of Utah","2018-03-07","ElFtGy1kV49xqNP00HfxQA==","POM","1",,,100,"carbon",623.72,"microgramsPerLiter","Revesz & Coplen 2012a",,
"601ec536-affd-47d0-a83d-a8a41f43f3b4","D06","MCDI","MCDI.AOS.S2","2017-05-15","MCDI.SS.20170515.POM.1",,"condition ok","SIRFER Lab at University of Utah","2018-03-07","ElFtGy1kV49xqNP00HfxQA==","POM","1",,,100,"d15N",-2.63,"perMill","Revesz & Coplen 2012a",,
"f328eaa9-ea8b-4883-8b60-d8fc91bb576f","D06","MCDI","MCDI.AOS.S2","2017-05-15","MCDI.SS.20170515.POM.1",,"condition ok","SIRFER Lab at University of Utah","2018-03-07","ElFtGy1kV49xqNP00HfxQA==","POM","1",,,100,"nitrogen",59.09,"microgramsPerLiter","Revesz & Coplen 2012a",,
"447772f0-bc0c-409a-a4d4-29955dfba9a6","D06","MCDI","MCDI.AOS.S2","2017-05-22","MCDI.SS.20170522.POM.1",,"condition ok","SIRFER Lab at University of Utah","2018-03-07","ElFtGy1kV49xqNP00HfxQA==","POM","1",,,100,"carbon",426.28,"microgramsPerLiter","Revesz & Coplen 2012a",,
"ebdfca52-60e6-4d8d-bbff-72484ea9d34b","D06","MCDI","MCDI.AOS.S2","2017-05-22","MCDI.SS.20170522.POM.1",,"condition ok","SIRFER Lab at University of Utah","2018-03-07","ElFtGy1kV49xqNP00HfxQA==","POM","1",,,100,"d15N",-0.29,"perMill","Revesz & Coplen 2012a",,
"cdded64b-0a43-463f-988b-91f6fe1d23d7","D06","MCDI","MCDI.AOS.S2","2017-05-22","MCDI.SS.20170522.POM.1",,"condition ok","SIRFER Lab at University of Utah","2018-03-07","ElFtGy1kV49xqNP00HfxQA==","POM","1",,,100,"d13C",-23.40,"perMill","Revesz & Coplen 2012a",,
"0e191ccf-1564-49ad-a228-f93c5ec0a88d","D06","MCDI","MCDI.AOS.S2","2017-05-22","MCDI.SS.20170522.POM.1",,"condition ok","SIRFER Lab at University of Utah","2018-03-07","ElFtGy1kV49xqNP00HfxQA==","POM","1",,,100,"nitrogen",51.08,"microgramsPerLiter","Revesz & Coplen 2012a",,
"c847f64c-03fd-4563-a420-f7c32503d5a2","D06","MCDI","MCDI.AOS.S2","2017-05-31","MCDI.SS.20170531.POM.1",,"condition ok","SIRFER Lab at University of Utah","2018-03-07","ElFtGy1kV49xqNP00HfxQA==","POM","1",,,100,"d13C",-21.13,"perMill","Revesz & Coplen 2012a",,
"774cbdb3-8a34-4b91-99ee-47638fbc6565","D06","MCDI","MCDI.AOS.S2","2017-05-31","MCDI.SS.20170531.POM.1",,"condition ok","SIRFER Lab at University of Utah","2018-03-07","ElFtGy1kV49xqNP00HfxQA==","POM","1",,,100,"nitrogen",50.97,"microgramsPerLiter","Revesz & Coplen 2012a",,
"18725993-f59d-4811-8a29-b6e78c3b0665","D06","MCDI","MCDI.AOS.S2","2017-05-31","MCDI.SS.20170531.POM.1",,"condition ok","SIRFER Lab at University of Utah","2018-03-07","ElFtGy1kV49xqNP00HfxQA==","POM","1",,,100,"carbon",408.66,"microgramsPerLiter","Revesz & Coplen 2012a",,
"293ca474-4da7-4dd7-9719-18482011be9e","D06","MCDI","MCDI.AOS.S2","2017-05-31","MCDI.SS.20170531.POM.1",,"condition ok","SIRFER Lab at University of Utah","2018-03-07","ElFtGy1kV49xqNP00HfxQA==","POM","1",,,100,"d15N",5.43,"perMill","Revesz & Coplen 2012a",,
