uid,domainID,siteID,namedLocation,decimalLatitude,decimalLongitude,coordinateUncertainty,additionalCoordUncertainty,elevation,elevationUncertainty,geodeticDatum,altLocation,altLatitude,altLongitude,altCoordinateUncertainty,altGeodeticDatum,collectDate,aquaticSiteType,samplingImpractical,parentSampleID,parentSampleCode,eventID,samplerType,dissolvedOxygen,dissolvedOxygenSaturation,specificConductance,waterTemp,asiSamplingProtocolVersion,lowerSegmentDepth,upperSegmentDepth,maxDepth,lakeSampleDepth1,lakeSampleDepth2,aCollectedBy,bCollectedBy,remarks,fieldDataQF
"3bf44a14-c71b-4eca-83d3-749eb689937e","D06","MCDI","MCDI.AOS.S2",38.946553,-96.442948,0.1,,371.2,0.1,"WGS84",,,,,,"2017-05-01T01:00Z","stream",,"MCDI.SS.20170501",,"MCDI.20170501","Grab",11.84,117.00,300.40,12.50,"NEON.DOC.001886vE",,,,,,"egawanda@battelleecology.org","kkelly@battelleecology.org",,
"1d7f0c0b-ca16-4867-9820-7c2ff87bff45","D06","MCDI","MCDI.AOS.S2",38.946553,-96.442948,0.1,,371.2,0.1,"WGS84",,,,,,"2017-05-04T09:41Z","stream",,"MCDI.SS.20170504",,"MCDI.20170504","Grab",10.86,106.20,460.00,12.50,"NEON.DOC.001886vE",,,,,,"jkukulski@battelleecology.org","Jhadle@battelleecology.org",,
"a7a10d99-ed34-4bee-a2f5-43f056a47158","D06","MCDI","MCDI.AOS.S2",38.946553,-96.442948,0.1,,371.2,0.1,"WGS84",,,,,,"2017-05-08T11:00Z","stream",,"MCDI.SS.20170508",,"MCDI.20170508","Grab",8.31,88.80,503.00,16.80,"NEON.DOC.001886vE",,,,,,"jkukulski@battelleecology.org","jkukulski@battelleecology.org",,
"614080ad-2a45-4bb8-bf79-42de3d63c231","D06","MCDI","MCDI.AOS.S2",38.946553,-96.442948,0.1,,371.2,0.1,"WGS84",,,,,,"2017-05-15T10:49Z","stream",,"MCDI.SS.20170515",,"MCDI.20170515","Grab",9.06,100.30,535.00,18.30,"NEON.DOC.001886vE",,,,,,"egawanda@battelleecology.org","jkukulski@battelleecology.org",,
"a234fe27-53d6-4ed7-9d7a-f82b0ad381dc","D06","MCDI","MCDI.AOS.S2",38.946553,-96.442948,0.1,,371.2,0.1,"WGS84",,,,,,"2017-05-22T09:30Z","stream",,"MCDI.SS.20170522",,"MCDI.20170522","Grab",8.61,88.50,448.00,14.70,"NEON.DOC.001886vE",,,,,,"jkukulski@battelleecology.org","egawanda@battelleecology.org",,
"c16adc30-b62a-4100-8a1d-963c725ee7d2","D06","MCDI","MCDI.AOS.S2",38.946553,-96.442948,0.1,,371.2,0.1,"WGS84",,,,,,"2017-05-31T10:15Z","stream",,"MCDI.SS.20170531",,"MCDI.20170531","Grab",9.63,104.50,554.00,17.50,"NEON.DOC.001886vE",,,,,,"egawanda@battelleecology.org","jkukulski@battelleecology.org",,
