uid,domainID,siteID,namedLocation,decimalLatitude,decimalLongitude,coordinateUncertainty,additionalCoordUncertainty,elevation,elevationUncertainty,geodeticDatum,altLocation,altLatitude,altLongitude,altCoordinateUncertainty,altGeodeticDatum,collectDate,aquaticSiteType,samplingImpractical,parentSampleID,parentSampleCode,eventID,samplerType,dissolvedOxygen,dissolvedOxygenSaturation,specificConductance,waterTemp,asiSamplingProtocolVersion,lowerSegmentDepth,upperSegmentDepth,maxDepth,lakeSampleDepth1,lakeSampleDepth2,aCollectedBy,bCollectedBy,remarks,fieldDataQF
"cb87c950-03f1-467b-884a-4b8bc2748ce1","D08","BLWA","BLWA.AOS.buoy.c0",32.540670,-87.798060,1.0,10.0,20.0,10.0,"WGS84",,,,,,"2018-03-05T15:10Z","river",,"BLWA.C0.20180305",,"BLWA.20180305","Kemmerer",8.89,90.20,178.60,15.90,"NEON.DOC.001886vF",,,5.0,0.5,,"kmiller@battelleecology.org","churak@battelleecology.org",,
"30ba6d39-047b-4391-8af5-3fd63bca9ac6","D08","BLWA","BLWA.AOS.buoy.c0",32.540670,-87.798060,1.0,10.0,20.0,10.0,"WGS84",,,,,,"2018-03-08T16:40Z","river",,"BLWA.C0.20180308",,"BLWA.20180308","Kemmerer",9.31,93.90,203.30,16.00,"NEON.DOC.001886vF",,,3.4,0.5,,"churak@battelleecology.org","dshipman@battelleecology.org",,
"87a61a35-4f89-41a1-b5fd-aa0b179f0dab","D08","BLWA","BLWA.AOS.buoy.c0",32.540670,-87.798060,1.0,10.0,20.0,10.0,"WGS84",,,,,,"2018-03-22T14:40Z","river",,"BLWA.C0.20180322",,"BLWA.20180322","Kemmerer",10.69,106.10,167.50,15.00,"NEON.DOC.001886vF",,,2.2,0.5,,"churak@battelleecology.org","kmiller@battelleecology.org",,
"f98327cc-890b-4c2d-9c79-844ee9e2ad80","D08","BLWA","BLWA.AOS.buoy.c0",32.540670,-87.798060,1.0,10.0,20.0,10.0,"WGS84",,,,,,"2018-03-27T19:23Z","river",,"BLWA.C0.20180327",,"BLWA.20180327","Kemmerer",9.96,99.80,201.80,15.90,"NEON.DOC.001886vF",,,4.3,0.5,,"churak@battelleecology.org","kmiller@battelleecology.org",,
