uid,domainID,siteID,namedLocation,collectDate,sampleID,sampleCode,sampleCondition,laboratoryName,analysisDate,analyzedBy,sampleType,replicate,sampleVolumeFiltered,filterSize,percentFilterAnalyzed,analyte,analyteConcentration,plantAlgaeLabUnits,method,externalRemarks,externalLabDataQF
"14529184-afa1-4f22-9e2b-c8f335323a6a","D08","BLWA","BLWA.AOS.buoy.c0","2018-03-05","BLWA.C0.20180305.POM.1",,"condition ok","SIRFER Lab at University of Utah","2018-08-28","ElFtGy1kV49xqNP00HfxQA==","POM","1",100,25,100,"nitrogen",183.46,"microgramsPerLiter","Revesz & Coplen 2012a",,
"48b3d9c1-04ca-491c-85a7-f04bde108095","D08","BLWA","BLWA.AOS.buoy.c0","2018-03-05","BLWA.C0.20180305.POM.1",,"condition ok","SIRFER Lab at University of Utah","2018-08-28","ElFtGy1kV49xqNP00HfxQA==","POM","1",100,25,100,"d13C",-29.35,"perMill","Revesz & Coplen 2012a",,
"af2ebe85-d63c-4ee1-ab69-a125219d0aba","D08","BLWA","BLWA.AOS.buoy.c0","2018-03-05","BLWA.C0.20180305.POM.1",,"condition ok","SIRFER Lab at University of Utah","2018-08-28","ElFtGy1kV49xqNP00HfxQA==","POM","1",100,25,100,"d15N",7.61,"perMill","Revesz & Coplen 2012a",,
"a713911f-b425-4d20-95c1-ed80fedf69e6","D08","BLWA","BLWA.AOS.buoy.c0","2018-03-05","BLWA.C0.20180305.POM.1",,"condition ok","SIRFER Lab at University of Utah","2018-08-28","ElFtGy1kV49xqNP00HfxQA==","POM","1",100,25,100,"carbon",1737.88,"microgramsPerLiter","Revesz & Coplen 2012a",,
"c00174ea-95b9-4c39-9188-d3f8e6b8cedd","D08","BLWA","BLWA.AOS.buoy.c0","2018-03-08","BLWA.C0.20180308.POM.1",,"condition ok","SIRFER Lab at University of Utah","2018-08-28","ElFtGy1kV49xqNP00HfxQA==","POM","1",100,25,100,"nitrogen",126.24,"microgramsPerLiter","Revesz & Coplen 2012a",,
"76c33863-71a1-4ad0-a503-1accb17f44aa","D08","BLWA","BLWA.AOS.buoy.c0","2018-03-08","BLWA.C0.20180308.POM.1",,"condition ok","SIRFER Lab at University of Utah","2018-08-28","ElFtGy1kV49xqNP00HfxQA==","POM","1",100,25,100,"d15N",10.39,"perMill","Revesz & Coplen 2012a",,
"3884373d-9cd6-4b1d-89b4-d66b802df200","D08","BLWA","BLWA.AOS.buoy.c0","2018-03-08","BLWA.C0.20180308.POM.1",,"condition ok","SIRFER Lab at University of Utah","2018-08-28","ElFtGy1kV49xqNP00HfxQA==","POM","1",100,25,100,"carbon",928.00,"microgramsPerLiter","Revesz & Coplen 2012a",,
"7bb13788-5e91-46dd-81b8-c6246b0f6917","D08","BLWA","BLWA.AOS.buoy.c0","2018-03-08","BLWA.C0.20180308.POM.1",,"condition ok","SIRFER Lab at University of Utah","2018-08-28","ElFtGy1kV49xqNP00HfxQA==","POM","1",100,25,100,"d13C",-28.87,"perMill","Revesz & Coplen 2012a",,
"39a2b75d-91fb-4a95-99ec-88ee6b7f9feb","D08","BLWA","BLWA.AOS.buoy.c0","2018-03-22","BLWA.C0.20180322.POM.1",,"condition ok","SIRFER Lab at University of Utah","2018-08-28","ElFtGy1kV49xqNP00HfxQA==","POM","1",100,25,100,"nitrogen",90.99,"microgramsPerLiter","Revesz & Coplen 2012a",,
"d79461ca-8b1a-48e9-89b0-9f1215163115","D08","BLWA","BLWA.AOS.buoy.c0","2018-03-22","BLWA.C0.20180322.POM.1",,"condition ok","SIRFER Lab at University of Utah","2018-08-28","ElFtGy1kV49xqNP00HfxQA==","POM","1",100,25,100,"d15N",6.12,"perMill","Revesz & Coplen 2012a",,
"9aa5e074-343e-4ad0-987b-a49b5c411254","D08","BLWA","BLWA.AOS.buoy.c0","2018-03-22","BLWA.C0.20180322.POM.1",,"condition ok","SIRFER Lab at University of Utah","2018-08-28","ElFtGy1kV49xqNP00HfxQA==","POM","1",100,25,100,"d13C",-29.35,"perMill","Revesz & Coplen 2012a",,
"6837ab8c-9cfb-456c-951c-cad145b35c14","D08","BLWA","BLWA.AOS.buoy.c0","2018-03-22","BLWA.C0.20180322.POM.1",,"condition ok","SIRFER Lab at University of Utah","2018-08-28","ElFtGy1kV49xqNP00HfxQA==","POM","1",100,25,100,"carbon",815.26,"microgramsPerLiter","Revesz & Coplen 2012a",,
"334c8cbb-a445-4c39-b70e-7d1ee5c4e36d","D08","BLWA","BLWA.AOS.buoy.c0","2018-03-27","BLWA.C0.20180327.POM.1","A00000013281","condition ok","SIRFER Lab at University of Utah","2018-08-28","ElFtGy1kV49xqNP00HfxQA==","POM","1",100,25,100,"nitrogen",141.56,"microgramsPerLiter","Revesz & Coplen 2012a",,
"19519ecf-6cca-40d2-ba39-894bd68c8535","D08","BLWA","BLWA.AOS.buoy.c0","2018-03-27","BLWA.C0.20180327.POM.1","A00000013281","condition ok","SIRFER Lab at University of Utah","2018-08-28","ElFtGy1kV49xqNP00HfxQA==","POM","1",100,25,100,"d15N",7.89,"perMill","Revesz & Coplen 2012a",,
"06d428af-eb5e-4b18-a12a-48760e2cf575","D08","BLWA","BLWA.AOS.buoy.c0","2018-03-27","BLWA.C0.20180327.POM.1","A00000013281","condition ok","SIRFER Lab at University of Utah","2018-08-28","ElFtGy1kV49xqNP00HfxQA==","POM","1",100,25,100,"carbon",1077.82,"microgramsPerLiter","Revesz & Coplen 2012a",,
"22e6c9cb-b4ba-4a61-b8d5-58a536b59011","D08","BLWA","BLWA.AOS.buoy.c0","2018-03-27","BLWA.C0.20180327.POM.1","A00000013281","condition ok","SIRFER Lab at University of Utah","2018-08-28","ElFtGy1kV49xqNP00HfxQA==","POM","1",100,25,100,"d13C",-29.01,"perMill","Revesz & Coplen 2012a",,
