uid,domainID,siteID,namedLocation,collectDate,parentSampleID,parentSampleCode,isotopeH2OSampleCond,isotopeH2OSampleID,isotopeH2OSampleCode,isotopePOMRep2SampleCond,isotopePOMRep2SampleID,isotopePOMRep2SampleCode,isotopePOMSampleCond,isotopePOMSampleID,isotopePOMSampleCode,processedDateFilters,processedDateH2OIsotopes,sampleVolumeFilteredPOMRep1,sampleVolumeFilteredPOMRep2,fieldDataQF
"1b641351-db46-43d0-8f6d-b2ff758f9d1b","D08","BLWA","BLWA.AOS.buoy.c0","2018-03-05T15:10Z","BLWA.C0.20180305",,"Sample condition ok","BLWA.C0.20180305.H2O.1",,"Sample condition ok","BLWA.C0.20180305.POM.2",,"Sample condition ok","BLWA.C0.20180305.POM.1",,"2018-03-05T15:10Z","2018-03-05T15:10Z",100,100,
"746a2a50-f5f1-4ee7-ad6c-1a7fd2706a64","D08","BLWA","BLWA.AOS.buoy.c0","2018-03-08T16:40Z","BLWA.C0.20180308",,"Sample condition ok","BLWA.C0.20180308.H2O.1",,"Sample condition ok","BLWA.C0.20180308.POM.2",,"Sample condition ok","BLWA.C0.20180308.POM.1",,"2018-03-08T16:40Z","2018-03-08T16:40Z",100,100,
"bc59f421-5169-41cf-9413-cbecdb250aca","D08","BLWA","BLWA.AOS.buoy.c0","2018-03-22T14:40Z","BLWA.C0.20180322",,"Sample condition ok","BLWA.C0.20180322.H2O.1",,"Sample condition ok","BLWA.C0.20180322.POM.2",,"Sample condition ok","BLWA.C0.20180322.POM.1",,"2018-03-22T14:40Z","2018-03-22T14:40Z",100,100,
"c149ee9f-14ce-41fe-acf5-6ead554ac4b1","D08","BLWA","BLWA.AOS.buoy.c0","2018-03-27T19:23Z","BLWA.C0.20180327",,"Sample condition ok","BLWA.C0.20180327.H2O.1","A00000013290","Sample condition ok","BLWA.C0.20180327.POM.2","A00000013267","Sample condition ok","BLWA.C0.20180327.POM.1","A00000013281","2018-03-27T19:23Z","2018-03-27T19:23Z",100,100,
