uid,domainID,siteID,namedLocation,collectDate,sampleID,sampleCode,sampleCondition,laboratoryName,analysisDate,analyzedBy,sampleType,replicate,sampleVolumeFiltered,filterSize,percentFilterAnalyzed,analyte,analyteConcentration,plantAlgaeLabUnits,method,externalRemarks,externalLabDataQF
"bd27968e-22b0-4730-8edf-a6bfce89bc90","D04","CUPE","CUPE.AOS.S2","2016-08-02","CUPE.SS.20160802.POM.1",,"other","Academy of Natural Sciences of Drexel University","2017-03-28","OKgcKejxXbI=","13C15N","1",,,100,"d15N",-0.20,"perMill",,"Samples delivered over the weekend - not processed until 9/26/16 - dry ice melted",
"9e05426a-17b7-40b1-8e8a-ba97d47837a0","D04","CUPE","CUPE.AOS.S2","2016-08-02","CUPE.SS.20160802.POM.2",,"other","Academy of Natural Sciences of Drexel University","2017-05-10","OKgcKejxXbI=","13C15N","2",,,100,"d15N",-1.03,"perMill",,"Samples delivered over the weekend - not processed until 9/26/16 - dry ice melted",
"50069bb6-3216-4c09-a243-77346fe41802","D04","CUPE","CUPE.AOS.S2","2016-08-02","CUPE.SS.20160802.POM.1",,"other","Academy of Natural Sciences of Drexel University","2017-03-28","OKgcKejxXbI=","13C15N","1",,,100,"d13C",-28.71,"perMill",,"Samples delivered over the weekend - not processed until 9/26/16 - dry ice melted",
"acb6d214-d335-4df3-ab05-fbd55b17cd3d","D04","CUPE","CUPE.AOS.S2","2016-08-02","CUPE.SS.20160802.POM.2",,"other","Academy of Natural Sciences of Drexel University","2017-05-10","OKgcKejxXbI=","13C15N","2",,,100,"d13C",-29.21,"perMill",,"Samples delivered over the weekend - not processed until 9/26/16 - dry ice melted",
"5e21cca7-6e4f-4d6f-bae1-0d8bc77aaa20","D04","CUPE","CUPE.AOS.S2","2016-08-16","CUPE.SS.20160816.POM.1",,"other","Academy of Natural Sciences of Drexel University","2017-03-28","OKgcKejxXbI=","13C15N","1",,,100,"d13C",-33.82,"perMill",,"Samples delivered over the weekend - not processed until 9/26/16 - dry ice melted",
"6708c8cc-6bb6-4bd0-aa2e-52e672d7595f","D04","CUPE","CUPE.AOS.S2","2016-08-16","CUPE.SS.20160816.POM.2",,"other","Academy of Natural Sciences of Drexel University","2017-05-10","OKgcKejxXbI=","13C15N","2",,,100,"d15N",-0.19,"perMill",,"Samples delivered over the weekend - not processed until 9/26/16 - dry ice melted",
"d662d767-2650-4b29-bd2e-e5cddff259a0","D04","CUPE","CUPE.AOS.S2","2016-08-16","CUPE.SS.20160816.POM.1",,"other","Academy of Natural Sciences of Drexel University","2017-03-28","OKgcKejxXbI=","13C15N","1",,,100,"d15N",1.68,"perMill",,"Samples delivered over the weekend - not processed until 9/26/16 - dry ice melted",
"528320e3-6119-464b-b2c2-a01938247250","D04","CUPE","CUPE.AOS.S2","2016-08-16","CUPE.SS.20160816.POM.2",,"other","Academy of Natural Sciences of Drexel University","2017-05-10","OKgcKejxXbI=","13C15N","2",,,100,"d13C",-31.76,"perMill",,"Samples delivered over the weekend - not processed until 9/26/16 - dry ice melted",
"b641df20-39a5-41cb-8c25-f7ccdae398bf","D04","CUPE","CUPE.AOS.S2","2016-08-30","CUPE.SS.20160830.POM.2",,"other","Academy of Natural Sciences of Drexel University","2017-05-10","OKgcKejxXbI=","13C15N","2",,,100,"d13C",-28.13,"perMill",,"Samples delivered over the weekend - not processed until 9/26/16 - dry ice melted",
"a109557d-db0a-448c-9c25-35dfef1ff342","D04","CUPE","CUPE.AOS.S2","2016-08-30","CUPE.SS.20160830.POM.1",,"other","Academy of Natural Sciences of Drexel University","2017-03-28","OKgcKejxXbI=","13C15N","1",,,100,"d15N",0.43,"perMill",,"Samples delivered over the weekend - not processed until 9/26/16 - dry ice melted",
"a780c064-9e7b-4824-90a2-eaa5ad218e36","D04","CUPE","CUPE.AOS.S2","2016-08-30","CUPE.SS.20160830.POM.2",,"other","Academy of Natural Sciences of Drexel University","2017-05-10","OKgcKejxXbI=","13C15N","2",,,100,"d15N",-0.20,"perMill",,"Samples delivered over the weekend - not processed until 9/26/16 - dry ice melted",
"67214b9a-87c1-438b-bf48-56633cd2a357","D04","CUPE","CUPE.AOS.S2","2016-08-30","CUPE.SS.20160830.POM.1",,"other","Academy of Natural Sciences of Drexel University","2017-03-28","OKgcKejxXbI=","13C15N","1",,,100,"d13C",-28.44,"perMill",,"Samples delivered over the weekend - not processed until 9/26/16 - dry ice melted",
