uid,domainID,siteID,namedLocation,collectDate,sampleID,sampleCode,sampleCondition,laboratoryName,analysisDate,analyzedBy,sampleType,replicate,sampleVolumeFiltered,filterSize,percentFilterAnalyzed,analyte,analyteConcentration,plantAlgaeLabUnits,method,externalRemarks,externalLabDataQF
"b356a3f1-ed9f-4eac-9651-7b0d29638f2e","D11","PRIN","PRIN.AOS.S2","2016-10-04","PRIN.SS.20161004.POM.2",,"condition ok","Academy of Natural Sciences of Drexel University","2017-05-18","OKgcKejxXbI=","13C15N","2",,,100,"d13C",-27.52,"perMill",,,
"b0f80da2-18c9-49f5-94af-7356ba8dc438","D11","PRIN","PRIN.AOS.S2","2016-10-04","PRIN.SS.20161004.POM.1",,"other","Academy of Natural Sciences of Drexel University","2017-04-08","OKgcKejxXbI=","13C15N","1",,,100,"d15N",,"perMill",,"not enough sample for analysis",
"2be297cc-eb72-491e-adcb-4d3e49b42b46","D11","PRIN","PRIN.AOS.S2","2016-10-04","PRIN.SS.20161004.POM.2",,"other","Academy of Natural Sciences of Drexel University","2017-05-18","OKgcKejxXbI=","13C15N","2",,,100,"d15N",,"perMill",,"not enough sample for analysis",
"e36d080d-b832-467e-87a6-217ba1b86f96","D11","PRIN","PRIN.AOS.S2","2016-10-04","PRIN.SS.20161004.POM.1",,"condition ok","Academy of Natural Sciences of Drexel University","2017-04-08","OKgcKejxXbI=","13C15N","1",,,100,"d13C",-27.56,"perMill",,,
"079268fd-fba1-40d5-84e6-6a6366cc7301","D11","PRIN","PRIN.AOS.S2","2016-10-11","PRIN.SS.20161011.POM.2",,"condition ok","Academy of Natural Sciences of Drexel University","2017-05-18","OKgcKejxXbI=","13C15N","2",,,100,"d13C",-28.40,"perMill",,,
"e2b0e953-4bed-450f-98e2-bd44c01b25cd","D11","PRIN","PRIN.AOS.S2","2016-10-11","PRIN.SS.20161011.POM.1",,"other","Academy of Natural Sciences of Drexel University","2017-04-08","OKgcKejxXbI=","13C15N","1",,,100,"d15N",,"perMill",,"not enough sample for analysis",
"7e5ca965-8b49-4c91-9e33-41adf9455d8d","D11","PRIN","PRIN.AOS.S2","2016-10-11","PRIN.SS.20161011.POM.2",,"other","Academy of Natural Sciences of Drexel University","2017-05-18","OKgcKejxXbI=","13C15N","2",,,100,"d15N",,"perMill",,"not enough sample for analysis",
"115c5952-34dc-48dd-9a19-ce3bd95b9f2e","D11","PRIN","PRIN.AOS.S2","2016-10-11","PRIN.SS.20161011.POM.1",,"other","Academy of Natural Sciences of Drexel University","2017-04-08","OKgcKejxXbI=","13C15N","1",,,100,"d13C",-28.10,"perMill",,"poor folding, sample loss",
