uid,domainID,siteID,namedLocation,collectDate,sampleID,sampleCode,sampleCondition,laboratoryName,analysisDate,analyzedBy,sampleType,replicate,sampleVolumeFiltered,filterSize,percentFilterAnalyzed,analyte,analyteConcentration,plantAlgaeLabUnits,method,externalRemarks,externalLabDataQF
"ac80805b-a74d-4648-b3c9-3780c3847f63","D03","BARC","BARC.AOS.buoy.c0","2019-02-05","BARC.C0.20190205.POM.1","A00000037152","condition ok","SIRFER Lab at University of Utah","2019-04-30","ElFtGy1kV49xqNP00HfxQA==","POM","1",300,25,100,"d13C",-32.92,"perMill","Revesz & Coplen 2012a",,
"27581a5a-f5ed-4713-befe-36eb28658820","D03","BARC","BARC.AOS.buoy.c0","2019-02-05","BARC.C0.20190205.POM.1","A00000037152","condition ok","SIRFER Lab at University of Utah","2019-04-30","ElFtGy1kV49xqNP00HfxQA==","POM","1",300,25,100,"nitrogen",29.17,"microgramsPerLiter","Revesz & Coplen 2012a",,
"a7fd5c3b-dd3b-4dfb-bf24-e3288f41a95d","D03","BARC","BARC.AOS.buoy.c0","2019-02-05","BARC.C0.20190205.POM.1","A00000037152","condition ok","SIRFER Lab at University of Utah","2019-04-30","ElFtGy1kV49xqNP00HfxQA==","POM","1",300,25,100,"d15N",1.39,"perMill","Revesz & Coplen 2012a",,
"527943f9-8487-427d-80d8-239cb0b0f2fb","D03","BARC","BARC.AOS.buoy.c0","2019-02-05","BARC.C0.20190205.POM.1","A00000037152","condition ok","SIRFER Lab at University of Utah","2019-04-30","ElFtGy1kV49xqNP00HfxQA==","POM","1",300,25,100,"carbon",266.63,"microgramsPerLiter","Revesz & Coplen 2012a",,
