uid,domainID,siteID,namedLocation,collectDate,sampleID,sampleCode,sampleCondition,laboratoryName,analysisDate,analyzedBy,sampleType,replicate,sampleVolumeFiltered,filterSize,percentFilterAnalyzed,analyte,analyteConcentration,plantAlgaeLabUnits,method,externalRemarks,externalLabDataQF
"77b3ab32-deb2-466a-8053-c967b7a7d404","D08","MAYF","MAYF.AOS.S2","2017-11-14","MAYF.SS.20171114.POM.1",,"condition ok","SIRFER Lab at University of Utah","2018-08-28","ElFtGy1kV49xqNP00HfxQA==","POM","1",50,25,100,"nitrogen",102.37,"microgramsPerLiter","Revesz & Coplen 2012a",,
"0d3ab8a9-71ea-4ef7-8560-bfdf769646e5","D08","MAYF","MAYF.AOS.S2","2017-11-14","MAYF.SS.20171114.POM.1",,"condition ok","SIRFER Lab at University of Utah","2018-08-28","ElFtGy1kV49xqNP00HfxQA==","POM","1",50,25,100,"d13C",-28.89,"perMill","Revesz & Coplen 2012a",,
"f46baee1-a792-47ff-890a-8b946d2cf70c","D08","MAYF","MAYF.AOS.S2","2017-11-14","MAYF.SS.20171114.POM.1",,"condition ok","SIRFER Lab at University of Utah","2018-08-28","ElFtGy1kV49xqNP00HfxQA==","POM","1",50,25,100,"carbon",1973.67,"microgramsPerLiter","Revesz & Coplen 2012a",,
"5782585e-569f-4d4a-aafe-a8aec3048928","D08","MAYF","MAYF.AOS.S2","2017-11-14","MAYF.SS.20171114.POM.1",,"condition ok","SIRFER Lab at University of Utah","2018-08-28","ElFtGy1kV49xqNP00HfxQA==","POM","1",50,25,100,"d15N",2.92,"perMill","Revesz & Coplen 2012a",,
