uid,domainID,siteID,namedLocation,collectDate,sampleID,sampleCode,sampleCondition,laboratoryName,analysisDate,analyzedBy,sampleType,replicate,sampleVolumeFiltered,filterSize,percentFilterAnalyzed,analyte,analyteConcentration,plantAlgaeLabUnits,method,externalRemarks,externalLabDataQF
"e5e93435-a3e8-4f7c-8262-006b41547d55","D11","PRIN","PRIN.AOS.S2","2017-08-01","PRIN.SS.20170801.POM.1",,"condition ok","SIRFER Lab at University of Utah","2018-04-20","ElFtGy1kV49xqNP00HfxQA==","POM","1",500,25,100,"nitrogen",23.23,"microgramsPerLiter","Revesz & Coplen 2012a",,
"51f60340-f729-4bcb-8541-3409d5b9135d","D11","PRIN","PRIN.AOS.S2","2017-08-01","PRIN.SS.20170801.POM.1",,"condition ok","SIRFER Lab at University of Utah","2018-04-20","ElFtGy1kV49xqNP00HfxQA==","POM","1",500,25,100,"d15N",13.92,"perMill","Revesz & Coplen 2012a",,
"fa04395a-546a-4a23-9f4e-985b8334945a","D11","PRIN","PRIN.AOS.S2","2017-08-01","PRIN.SS.20170801.POM.1",,"condition ok","SIRFER Lab at University of Utah","2018-04-20","ElFtGy1kV49xqNP00HfxQA==","POM","1",500,25,100,"d13C",-22.35,"perMill","Revesz & Coplen 2012a",,
"d6e7afa1-2033-44cc-8ab7-b561b03784c2","D11","PRIN","PRIN.AOS.S2","2017-08-01","PRIN.SS.20170801.POM.1",,"condition ok","SIRFER Lab at University of Utah","2018-04-20","ElFtGy1kV49xqNP00HfxQA==","POM","1",500,25,100,"carbon",191.04,"microgramsPerLiter","Revesz & Coplen 2012a",,
