uid,domainID,siteID,namedLocation,collectDate,sampleID,sampleCode,sampleCondition,laboratoryName,analysisDate,analyzedBy,sampleType,replicate,sampleVolumeFiltered,filterSize,percentFilterAnalyzed,analyte,analyteConcentration,plantAlgaeLabUnits,method,externalRemarks,externalLabDataQF
"a9fa63eb-70c8-40ed-aff1-bc02a6831569","D14","SYCA","SYCA.AOS.S2","2017-09-05","SYCA.SS.20170905.POM.1",,"condition ok","SIRFER Lab at University of Utah","2018-03-26","ElFtGy1kV49xqNP00HfxQA==","CNS","1",,,100,"d13C",-32.08,"perMill","Revesz & Coplen 2012a",,
"2b688a04-2ac6-43f1-87d7-e80d49b8d9f6","D14","SYCA","SYCA.AOS.S2","2017-09-05","SYCA.SS.20170905.POM.1",,"condition ok","SIRFER Lab at University of Utah","2018-03-26","ElFtGy1kV49xqNP00HfxQA==","CNS","1",,,100,"carbon",321.06,"microgramsPerLiter","Revesz & Coplen 2012a",,
"d1505a05-d893-4c66-8d15-cff9a6b83c2c","D14","SYCA","SYCA.AOS.S2","2017-09-05","SYCA.SS.20170905.POM.1",,"condition ok","SIRFER Lab at University of Utah","2018-03-26","ElFtGy1kV49xqNP00HfxQA==","CNS","1",,,100,"d15N",5.67,"perMill","Revesz & Coplen 2012a",,
"3c021289-844d-488c-aed1-02c0001f7523","D14","SYCA","SYCA.AOS.S2","2017-09-05","SYCA.SS.20170905.POM.1",,"condition ok","SIRFER Lab at University of Utah","2018-03-26","ElFtGy1kV49xqNP00HfxQA==","CNS","1",,,100,"nitrogen",37.40,"microgramsPerLiter","Revesz & Coplen 2012a",,
