uid,domainID,siteID,namedLocation,collectDate,sampleID,sampleCode,sampleCondition,laboratoryName,analysisDate,analyzedBy,sampleType,replicate,sampleVolumeFiltered,filterSize,percentFilterAnalyzed,analyte,analyteConcentration,plantAlgaeLabUnits,method,externalRemarks,externalLabDataQF
"e280b8e8-efad-45ef-aabd-b23e6bfe4056","D08","MAYF","MAYF.AOS.S2","2016-11-03","MAYF.SS.20161103.POM.1",,"other","Academy of Natural Sciences of Drexel University","2017-04-08","OKgcKejxXbI=","13C15N","1",,,100,"d13C",-28.40,"perMill",,"poor folding, sample loss",
"886ad30e-e76c-4c1f-b0ba-8d1d8834e0cf","D08","MAYF","MAYF.AOS.S2","2016-11-03","MAYF.SS.20161103.POM.2",,"other","Academy of Natural Sciences of Drexel University","2017-05-18","OKgcKejxXbI=","13C15N","2",,,100,"d15N",3.08,"perMill",,"poor folding, sample loss",
"db9494b8-b1fa-46db-bdf1-3e63eb9e70f9","D08","MAYF","MAYF.AOS.S2","2016-11-03","MAYF.SS.20161103.POM.1",,"other","Academy of Natural Sciences of Drexel University","2017-04-08","OKgcKejxXbI=","13C15N","1",,,100,"d15N",3.57,"perMill",,"poor folding, sample loss",
"574deb38-e2df-4cf0-9b5f-5d7c0e498dbf","D08","MAYF","MAYF.AOS.S2","2016-11-03","MAYF.SS.20161103.POM.2",,"other","Academy of Natural Sciences of Drexel University","2017-05-18","OKgcKejxXbI=","13C15N","2",,,100,"d13C",-28.46,"perMill",,"poor folding, sample loss",
"7d8554b3-bed0-42f4-ab10-6d50f8cc775d","D08","MAYF","MAYF.AOS.S2","2016-11-15","MAYF.SS.20161115.POM.2",,"condition ok","Academy of Natural Sciences of Drexel University","2017-05-18","OKgcKejxXbI=","13C15N","2",,,100,"d15N",4.83,"perMill",,,
"594c914e-9ffb-4752-a363-6ecd07fdc9a0","D08","MAYF","MAYF.AOS.S2","2016-11-15","MAYF.SS.20161115.POM.2",,"condition ok","Academy of Natural Sciences of Drexel University","2017-05-18","OKgcKejxXbI=","13C15N","2",,,100,"d13C",-27.46,"perMill",,,
"4464c4df-cd4c-461f-a5b5-115db97f4c52","D08","MAYF","MAYF.AOS.S2","2016-11-15","MAYF.SS.20161115.POM.1",,"other","Academy of Natural Sciences of Drexel University","2017-04-08","OKgcKejxXbI=","13C15N","1",,,100,"d13C",-27.69,"perMill",,"poor folding, sample loss",
"6d31f252-86a5-4be3-84e8-97885c681133","D08","MAYF","MAYF.AOS.S2","2016-11-15","MAYF.SS.20161115.POM.1",,"other","Academy of Natural Sciences of Drexel University","2017-04-08","OKgcKejxXbI=","13C15N","1",,,100,"d15N",4.68,"perMill",,"poor folding, sample loss",
"34714051-dd4a-4f86-a4e7-828f7fccc81a","D08","MAYF","MAYF.AOS.S2","2016-11-29","MAYF.SS.20161129.POM.2",,"condition ok","Academy of Natural Sciences of Drexel University","2017-05-23","OKgcKejxXbI=","13C15N","2",,,100,"d15N",3.43,"perMill",,,
"97395d0a-1a72-42b7-b612-7951b2b9b028","D08","MAYF","MAYF.AOS.S2","2016-11-29","MAYF.SS.20161129.POM.2",,"condition ok","Academy of Natural Sciences of Drexel University","2017-05-23","OKgcKejxXbI=","13C15N","2",,,100,"d13C",-28.69,"perMill",,,
"918fec88-d9c6-48ef-9d2e-dfa826ba0d77","D08","MAYF","MAYF.AOS.S2","2016-11-29","MAYF.SS.20161129.POM.1",,"condition ok","Academy of Natural Sciences of Drexel University","2017-04-08","OKgcKejxXbI=","13C15N","1",,,100,"d15N",2.31,"perMill",,,
"73cd7ad7-bb91-460e-82d4-1a80303c4cc1","D08","MAYF","MAYF.AOS.S2","2016-11-29","MAYF.SS.20161129.POM.1",,"condition ok","Academy of Natural Sciences of Drexel University","2017-04-08","OKgcKejxXbI=","13C15N","1",,,100,"d13C",-28.05,"perMill",,,
