uid,domainID,siteID,namedLocation,collectDate,sampleID,sampleCode,sampleCondition,laboratoryName,analysisDate,analyzedBy,sampleType,replicate,sampleVolumeFiltered,filterSize,percentFilterAnalyzed,analyte,analyteConcentration,plantAlgaeLabUnits,method,externalRemarks,externalLabDataQF
"9e3d94ec-c38f-452b-a894-991a957676c7","D06","KING","KING.AOS.S2","2016-02-01","KING.SS.20160201.POM.2",,"other","Academy of Natural Sciences of Drexel University","2016-08-29","OKgcKejxXbI=","13C15N","2",,,100,"d13C",-26.29,"perMill",,"Difference in volume filtered, poor folding, sample loss",
"7c7ccf04-f43d-4a23-93b4-990955e2df5e","D06","KING","KING.AOS.S2","2016-02-01","KING.SS.20160201.POM.2",,"other","Academy of Natural Sciences of Drexel University","2016-08-29","OKgcKejxXbI=","13C15N","2",,,100,"d15N",4.87,"perMill",,"Difference in volume filtered, poor folding, sample loss",
"b3cbce5f-e2cd-463c-a2c7-4df59d2d82f0","D06","KING","KING.AOS.S2","2016-02-01","KING.SS.20160201.POM.1",,"other","Academy of Natural Sciences of Drexel University","2016-08-29","OKgcKejxXbI=","13C15N","1",,,100,"d15N",2.54,"perMill",,"Difference in volume filtered, poor folding, sample loss",
"39468c6a-5da0-4f60-af95-6e034818c4b9","D06","KING","KING.AOS.S2","2016-02-01","KING.SS.20160201.POM.1",,"other","Academy of Natural Sciences of Drexel University","2016-08-29","OKgcKejxXbI=","13C15N","1",,,100,"d13C",-29.27,"perMill",,"Difference in volume filtered, poor folding, sample loss",
