uid,domainID,siteID,namedLocation,collectDate,sampleID,sampleCode,sampleCondition,laboratoryName,analysisDate,analyzedBy,sampleType,replicate,sampleVolumeFiltered,filterSize,percentFilterAnalyzed,analyte,analyteConcentration,plantAlgaeLabUnits,method,externalRemarks,externalLabDataQF
"3a8e01b8-b32f-48cf-8723-8d2be74eb0bc","D06","KING","KING.AOS.S2","2017-02-07","KING.SS.20170207.POM.1",,"condition ok","SIRFER Lab at University of Utah","2018-03-01","ElFtGy1kV49xqNP00HfxQA==","POM","1",400,25,100,"carbon",417.56,"percent","Revesz & Coplen 2012a",,
"f3fae601-e067-4f73-848d-83dfa6f24380","D06","KING","KING.AOS.S2","2017-02-07","KING.SS.20170207.POM.1",,"condition ok","SIRFER Lab at University of Utah","2018-03-01","ElFtGy1kV49xqNP00HfxQA==","POM","1",400,25,100,"d13C",-27.91,"perMill","Revesz & Coplen 2012a",,
"b28256ef-1411-43bd-8815-959158b5655a","D06","KING","KING.AOS.S2","2017-02-07","KING.SS.20170207.POM.1",,"condition ok","SIRFER Lab at University of Utah","2018-03-01","ElFtGy1kV49xqNP00HfxQA==","POM","1",400,25,100,"d15N",9.67,"perMill","Revesz & Coplen 2012a",,
"849f5327-1b42-4577-b683-8ff444890710","D06","KING","KING.AOS.S2","2017-02-07","KING.SS.20170207.POM.1",,"condition ok","SIRFER Lab at University of Utah","2018-03-01","ElFtGy1kV49xqNP00HfxQA==","POM","1",400,25,100,"nitrogen",37.15,"percent","Revesz & Coplen 2012a",,
