uid,domainID,siteID,namedLocation,collectDate,sampleID,sampleCode,sampleCondition,laboratoryName,analysisDate,analyzedBy,sampleType,replicate,sampleVolumeFiltered,filterSize,percentFilterAnalyzed,analyte,analyteConcentration,plantAlgaeLabUnits,method,externalRemarks,externalLabDataQF
"fe0f9dd9-04e8-40c4-8fc2-2daed199d541","D03","FLNT","FLNT.AOS.buoy.c0","2018-09-19","FLNT.C0.20180919.POM.1","A00000005297","condition ok","SIRFER Lab at University of Utah","2019-02-12","ElFtGy1kV49xqNP00HfxQA==","POM","1",400,25,100,"d15N",2.64,"perMill","Revesz & Coplen 2012a",,
"239b084c-60ff-4877-8572-5ccf40b16575","D03","FLNT","FLNT.AOS.buoy.c0","2018-09-19","FLNT.C0.20180919.POM.1","A00000005297","condition ok","SIRFER Lab at University of Utah","2019-02-12","ElFtGy1kV49xqNP00HfxQA==","POM","1",400,25,100,"d13C",-29.82,"perMill","Revesz & Coplen 2012a",,
"142c07ca-ee2a-4a51-9392-132351086fd9","D03","FLNT","FLNT.AOS.buoy.c0","2018-09-19","FLNT.C0.20180919.POM.1","A00000005297","condition ok","SIRFER Lab at University of Utah","2019-02-12","ElFtGy1kV49xqNP00HfxQA==","POM","1",400,25,100,"nitrogen",35.20,"microgramsPerLiter","Revesz & Coplen 2012a",,
"ec5fdbd3-2694-42a7-b93f-0d96833d2b1d","D03","FLNT","FLNT.AOS.buoy.c0","2018-09-19","FLNT.C0.20180919.POM.1","A00000005297","condition ok","SIRFER Lab at University of Utah","2019-02-12","ElFtGy1kV49xqNP00HfxQA==","POM","1",400,25,100,"carbon",212.42,"microgramsPerLiter","Revesz & Coplen 2012a",,
"9e5eb5d5-74b3-4011-9ec1-a0fe754474aa","D03","FLNT","FLNT.AOS.buoy.c0","2018-09-25","FLNT.C0.20180925.POM.1","A00000005337","condition ok","SIRFER Lab at University of Utah","2019-02-12","ElFtGy1kV49xqNP00HfxQA==","POM","1",500,25,100,"nitrogen",57.76,"microgramsPerLiter","Revesz & Coplen 2012a",,
"37e8df3f-b554-4901-b04d-dd46d0638e00","D03","FLNT","FLNT.AOS.buoy.c0","2018-09-25","FLNT.C0.20180925.POM.1","A00000005337","condition ok","SIRFER Lab at University of Utah","2019-02-12","ElFtGy1kV49xqNP00HfxQA==","POM","1",500,25,100,"d15N",4.44,"perMill","Revesz & Coplen 2012a",,
"6a32644f-6267-4939-99c7-7d78d3b76d9c","D03","FLNT","FLNT.AOS.buoy.c0","2018-09-25","FLNT.C0.20180925.POM.1","A00000005337","condition ok","SIRFER Lab at University of Utah","2019-02-12","ElFtGy1kV49xqNP00HfxQA==","POM","1",500,25,100,"carbon",340.19,"microgramsPerLiter","Revesz & Coplen 2012a",,
"e9c671ec-9d1d-4982-8f85-f244e30afcab","D03","FLNT","FLNT.AOS.buoy.c0","2018-09-25","FLNT.C0.20180925.POM.1","A00000005337","condition ok","SIRFER Lab at University of Utah","2019-02-12","ElFtGy1kV49xqNP00HfxQA==","POM","1",500,25,100,"d13C",-31.07,"perMill","Revesz & Coplen 2012a",,
