uid,domainID,siteID,namedLocation,collectDate,sampleID,sampleCode,sampleCondition,laboratoryName,analysisDate,analyzedBy,sampleType,replicate,sampleVolumeFiltered,filterSize,percentFilterAnalyzed,analyte,analyteConcentration,plantAlgaeLabUnits,method,externalRemarks,externalLabDataQF
"b0b67600-6888-4fa8-a4a1-71f0af1f980a","D01","HOPB","HOPB.AOS.S2","2019-06-24","HOPB.SS.20190624.POM.1","A00000033439","condition ok","SIRFER Lab at University of Utah","2019-11-25","ElFtGy1kV49xqNP00HfxQA==","POM","1",600,25,100,"d15N",,"perMill","Revesz & Coplen 2012a",,
"4794bacc-d867-4153-a5aa-164ce1efafef","D01","HOPB","HOPB.AOS.S2","2019-06-24","HOPB.SS.20190624.POM.1","A00000033439","condition ok","SIRFER Lab at University of Utah","2019-11-25","ElFtGy1kV49xqNP00HfxQA==","POM","1",600,25,100,"d13C",,"perMill","Revesz & Coplen 2012a",,
"d8f10af8-2947-494a-85bf-ab6a2af2930d","D01","HOPB","HOPB.AOS.S2","2019-06-24","HOPB.SS.20190624.POM.1","A00000033439","condition ok","SIRFER Lab at University of Utah","2019-11-25","ElFtGy1kV49xqNP00HfxQA==","POM","1",600,25,100,"carbon",,"microgramsPerLiter","Revesz & Coplen 2012a",,
"95316043-5a4e-4c4b-87dd-5428dd471f7a","D01","HOPB","HOPB.AOS.S2","2019-06-24","HOPB.SS.20190624.POM.1","A00000033439","condition ok","SIRFER Lab at University of Utah","2019-11-25","ElFtGy1kV49xqNP00HfxQA==","POM","1",600,25,100,"nitrogen",,"microgramsPerLiter","Revesz & Coplen 2012a",,
