uid,domainID,siteID,namedLocation,collectDate,parentSampleID,parentSampleCode,isotopeH2OSampleCond,isotopeH2OSampleID,isotopeH2OSampleCode,isotopePOMRep2SampleCond,isotopePOMRep2SampleID,isotopePOMRep2SampleCode,isotopePOMSampleCond,isotopePOMSampleID,isotopePOMSampleCode,processedDateFilters,processedDateH2OIsotopes,sampleVolumeFilteredPOMRep1,sampleVolumeFilteredPOMRep2,fieldDataQF
"a4004ced-bfa3-4a4a-b8e9-2adca4e227b7","D01","HOPB","HOPB.AOS.S2","2019-06-03T14:01Z","HOPB.SS.20190603",,"Sample condition ok","HOPB.SS.20190603.H2O.1","A00000033479","Sample condition ok","HOPB.SS.20190603.POM.2","A00000033483","Sample condition ok","HOPB.SS.20190603.POM.1","A00000033482","2019-06-03T17:06Z","2019-06-03T14:37Z",500,500,
"eca99705-b4ae-474d-9851-7586afb084a0","D01","HOPB","HOPB.AOS.S2","2019-06-03T14:01Z","HOPB.SS.20190603",,"Sample condition ok","HOPB.SS.20190603.H2O.2","A00000033480",,,,,,,,"2019-06-03T14:40Z",,,
"29278940-e735-45ad-83ac-7e330c09ea8d","D01","HOPB","HOPB.AOS.S2","2019-06-03T14:01Z","HOPB.SS.20190603",,"Sample condition ok","HOPB.SS.20190603.H2O.3","A00000033481",,,,,,,,"2019-06-03T14:44Z",,,
"162895d7-e911-4cc2-b994-62f6d85a4b2b","D01","HOPB","HOPB.AOS.S2","2019-06-24T13:20Z","HOPB.SS.20190624",,"Sample condition ok","HOPB.SS.20190624.H2O.1","A00000066942","Sample condition ok","HOPB.SS.20190624.POM.2","A00000033438","Sample condition ok","HOPB.SS.20190624.POM.1","A00000033439","2019-06-24T16:40Z","2019-06-24T13:41Z",600,600,
