uid,domainID,siteID,namedLocation,collectDate,sampleID,sampleCode,sampleCondition,laboratoryName,analysisDate,analyzedBy,sampleType,replicate,sampleVolumeFiltered,filterSize,percentFilterAnalyzed,analyte,analyteConcentration,plantAlgaeLabUnits,method,externalRemarks,externalLabDataQF
"1c1784f4-5b3e-4966-a9e1-ebab4f08fa63","D08","BLWA","BLWA.AOS.buoy.c0","2017-08-01","BLWA.C0.20170801.POM.1",,"condition ok","SIRFER Lab at University of Utah","2018-03-22","ElFtGy1kV49xqNP00HfxQA==","POM","1",100,25,100,"d13C",-30.92,"perMill","Revesz & Coplen 2012a",,
"df680549-fc71-4945-8a0f-5ca562b05521","D08","BLWA","BLWA.AOS.buoy.c0","2017-08-01","BLWA.C0.20170801.POM.1",,"condition ok","SIRFER Lab at University of Utah","2018-03-22","ElFtGy1kV49xqNP00HfxQA==","POM","1",100,25,100,"nitrogen",168.84,"microgramsPerLiter","Revesz & Coplen 2012a",,
"134deed3-70d2-4d6e-8e4b-792588e07893","D08","BLWA","BLWA.AOS.buoy.c0","2017-08-01","BLWA.C0.20170801.POM.1",,"condition ok","SIRFER Lab at University of Utah","2018-03-22","ElFtGy1kV49xqNP00HfxQA==","POM","1",100,25,100,"carbon",1006.15,"microgramsPerLiter","Revesz & Coplen 2012a",,
"d977a399-7cd4-4e1a-9bca-d64b9d4616fc","D08","BLWA","BLWA.AOS.buoy.c0","2017-08-01","BLWA.C0.20170801.POM.1",,"condition ok","SIRFER Lab at University of Utah","2018-03-22","ElFtGy1kV49xqNP00HfxQA==","POM","1",100,25,100,"d15N",18.88,"perMill","Revesz & Coplen 2012a",,
"1a0cde5f-0b6d-4873-98c3-707a34e86101","D08","BLWA","BLWA.AOS.buoy.c0","2017-08-15","BLWA.C0.20170815.POM.1",,"condition ok","SIRFER Lab at University of Utah","2018-03-22","ElFtGy1kV49xqNP00HfxQA==","POM","1",100,25,100,"nitrogen",239.61,"microgramsPerLiter","Revesz & Coplen 2012a",,
"c0a1d376-1381-4951-966c-a9ace29a6607","D08","BLWA","BLWA.AOS.buoy.c0","2017-08-15","BLWA.C0.20170815.POM.1",,"condition ok","SIRFER Lab at University of Utah","2018-03-22","ElFtGy1kV49xqNP00HfxQA==","POM","1",100,25,100,"d13C",-32.54,"perMill","Revesz & Coplen 2012a",,
"f2dd95ad-b10e-4ae1-a0cf-514ac1c24ff3","D08","BLWA","BLWA.AOS.buoy.c0","2017-08-15","BLWA.C0.20170815.POM.1",,"condition ok","SIRFER Lab at University of Utah","2018-03-22","ElFtGy1kV49xqNP00HfxQA==","POM","1",100,25,100,"d15N",19.46,"perMill","Revesz & Coplen 2012a",,
"10a16ae8-b0a7-4eac-ade0-15eb537bbbaa","D08","BLWA","BLWA.AOS.buoy.c0","2017-08-15","BLWA.C0.20170815.POM.1",,"condition ok","SIRFER Lab at University of Utah","2018-03-22","ElFtGy1kV49xqNP00HfxQA==","POM","1",100,25,100,"carbon",1394.08,"microgramsPerLiter","Revesz & Coplen 2012a",,
