uid,domainID,siteID,namedLocation,collectDate,sampleID,sampleCode,sampleCondition,laboratoryName,analysisDate,analyzedBy,sampleType,replicate,sampleVolumeFiltered,filterSize,percentFilterAnalyzed,analyte,analyteConcentration,plantAlgaeLabUnits,method,externalRemarks,externalLabDataQF
"3fdbad08-a37d-4d06-be8a-ac2a5dd89ed5","D10","ARIK","ARIK.AOS.S2","2018-10-02","ARIK.SS.20181002.POM.1","A00000051014","condition ok","SIRFER Lab at University of Utah","2018-11-07","ElFtGy1kV49xqNP00HfxQA==","POM","1",100,25,100,"carbon",6348.62,"microgramsPerLiter","Revesz & Coplen 2012a",,
"93492498-46e6-4562-9476-76b7cb6252f4","D10","ARIK","ARIK.AOS.S2","2018-10-02","ARIK.SS.20181002.POM.1","A00000051014","condition ok","SIRFER Lab at University of Utah","2018-11-07","ElFtGy1kV49xqNP00HfxQA==","POM","1",100,25,100,"d13C",-31.78,"perMill","Revesz & Coplen 2012a",,
"686c5235-6539-4d38-9e2d-aba6d6b7a9e0","D10","ARIK","ARIK.AOS.S2","2018-10-02","ARIK.SS.20181002.POM.1","A00000051014","condition ok","SIRFER Lab at University of Utah","2018-11-07","ElFtGy1kV49xqNP00HfxQA==","POM","1",100,25,100,"d15N",9.00,"perMill","Revesz & Coplen 2012a",,
"55296eb6-6540-4476-a41e-e12abab21695","D10","ARIK","ARIK.AOS.S2","2018-10-02","ARIK.SS.20181002.POM.1","A00000051014","condition ok","SIRFER Lab at University of Utah","2018-11-07","ElFtGy1kV49xqNP00HfxQA==","POM","1",100,25,100,"nitrogen",710.03,"microgramsPerLiter","Revesz & Coplen 2012a",,
