uid,domainID,siteID,namedLocation,collectDate,sampleID,sampleCode,sampleCondition,laboratoryName,analysisDate,analyzedBy,sampleType,replicate,sampleVolumeFiltered,filterSize,percentFilterAnalyzed,analyte,analyteConcentration,plantAlgaeLabUnits,method,externalRemarks,externalLabDataQF
"50e1ba4b-1c40-4a5d-a789-1a4b7b212a41","D02","POSE","POSE.AOS.S2","2016-03-03","POSE.SS.20160303.POM.2",,"condition ok","Academy of Natural Sciences of Drexel University","2016-09-01","OKgcKejxXbI=","13C15N","2",600,25,100,"d13C",-27.94,"perMill",,,"Audit Failed. Document: A00036_DREX_AlgalChem_DocAudit_20170407.pdf & A00036_DREX_AlgalChem_VisitAudit_20170407.pdf"
"335e6406-ba0c-4d68-9ffd-957063ea3a1e","D02","POSE","POSE.AOS.S2","2016-03-03","POSE.SS.20160303.POM.1",,"condition ok","Academy of Natural Sciences of Drexel University","2016-08-29","OKgcKejxXbI=","13C15N","1",600,25,100,"d13C",-29.46,"perMill",,,"Audit Failed. Document: A00036_DREX_AlgalChem_DocAudit_20170407.pdf & A00036_DREX_AlgalChem_VisitAudit_20170407.pdf"
"5ed941d6-6ab2-489a-9831-426e418aac2d","D02","POSE","POSE.AOS.S2","2016-03-03","POSE.SS.20160303.POM.2",,"condition ok","Academy of Natural Sciences of Drexel University","2016-09-01","OKgcKejxXbI=","13C15N","2",600,25,100,"d15N",7.52,"perMill",,,"Audit Failed. Document: A00036_DREX_AlgalChem_DocAudit_20170407.pdf & A00036_DREX_AlgalChem_VisitAudit_20170407.pdf"
"69f564e9-49cd-4887-bf90-108048269827","D02","POSE","POSE.AOS.S2","2016-03-03","POSE.SS.20160303.POM.1",,"condition ok","Academy of Natural Sciences of Drexel University","2016-08-29","OKgcKejxXbI=","13C15N","1",600,25,100,"d15N",3.92,"perMill",,,"Audit Failed. Document: A00036_DREX_AlgalChem_DocAudit_20170407.pdf & A00036_DREX_AlgalChem_VisitAudit_20170407.pdf"
"021f7829-ccd0-4e92-a81c-cf7944d31a1c","D02","POSE","POSE.AOS.S2","2016-03-03","POSE.SS.20160303.POM.1",,"condition ok","Academy of Natural Sciences of Drexel University","2016-08-29","OKgcKejxXbI=","13C15N","1",,,100,"d13C",-29.46,"perMill",,,
"0c2281b5-2523-4533-8889-d853bf7f2072","D02","POSE","POSE.AOS.S2","2016-03-03","POSE.SS.20160303.POM.2",,"condition ok","Academy of Natural Sciences of Drexel University","2016-09-01","OKgcKejxXbI=","13C15N","2",,,100,"d13C",-27.94,"perMill",,,
"0f55bb36-f59a-4745-a458-52104651ab42","D02","POSE","POSE.AOS.S2","2016-03-03","POSE.SS.20160303.POM.1",,"condition ok","Academy of Natural Sciences of Drexel University","2016-08-29","OKgcKejxXbI=","13C15N","1",,,100,"d15N",3.92,"perMill",,,
"7c5f1918-d744-4731-850c-9e7bc4b4e667","D02","POSE","POSE.AOS.S2","2016-03-03","POSE.SS.20160303.POM.2",,"condition ok","Academy of Natural Sciences of Drexel University","2016-09-01","OKgcKejxXbI=","13C15N","2",,,100,"d15N",7.52,"perMill",,,
"efc97ed5-81ca-4e56-bdef-85b66d89d182","D02","POSE","POSE.AOS.S2","2016-03-15","POSE.SS.20160315.POM.1",,"condition ok","Academy of Natural Sciences of Drexel University","2016-08-29","OKgcKejxXbI=","13C15N","1",,,100,"d15N",4.44,"perMill",,,
"6e4bc28d-3f85-4fc2-9d1d-d95d60c89f6f","D02","POSE","POSE.AOS.S2","2016-03-15","POSE.SS.20160315.POM.2",,"condition ok","Academy of Natural Sciences of Drexel University","2016-09-01","OKgcKejxXbI=","13C15N","2",,,100,"d13C",-27.82,"perMill",,,
"d26ee21a-9c22-4fbe-add3-502808cfc861","D02","POSE","POSE.AOS.S2","2016-03-15","POSE.SS.20160315.POM.2",,"condition ok","Academy of Natural Sciences of Drexel University","2016-09-01","OKgcKejxXbI=","13C15N","2",,,100,"d15N",4.52,"perMill",,,
"c11f9bb5-22ab-48b4-82b1-b2e63cb59034","D02","POSE","POSE.AOS.S2","2016-03-15","POSE.SS.20160315.POM.2",,"condition ok","Academy of Natural Sciences of Drexel University","2016-09-01","OKgcKejxXbI=","13C15N","2",300,25,100,"d15N",4.52,"perMill",,,"Audit Failed. Document: A00036_DREX_AlgalChem_DocAudit_20170407.pdf & A00036_DREX_AlgalChem_VisitAudit_20170407.pdf"
"4e64d12a-18fb-46de-8416-04770f4ba367","D02","POSE","POSE.AOS.S2","2016-03-15","POSE.SS.20160315.POM.2",,"condition ok","Academy of Natural Sciences of Drexel University","2016-09-01","OKgcKejxXbI=","13C15N","2",300,25,100,"d13C",-27.82,"perMill",,,"Audit Failed. Document: A00036_DREX_AlgalChem_DocAudit_20170407.pdf & A00036_DREX_AlgalChem_VisitAudit_20170407.pdf"
"d1d50dd8-c557-41d8-806a-01302dcdf7bc","D02","POSE","POSE.AOS.S2","2016-03-15","POSE.SS.20160315.POM.1",,"condition ok","Academy of Natural Sciences of Drexel University","2016-08-29","OKgcKejxXbI=","13C15N","1",300,25,100,"d15N",4.44,"perMill",,,"Audit Failed. Document: A00036_DREX_AlgalChem_DocAudit_20170407.pdf & A00036_DREX_AlgalChem_VisitAudit_20170407.pdf"
"d3e908cb-2d89-42d1-b6f0-787bd7d8bb90","D02","POSE","POSE.AOS.S2","2016-03-15","POSE.SS.20160315.POM.1",,"condition ok","Academy of Natural Sciences of Drexel University","2016-08-29","OKgcKejxXbI=","13C15N","1",300,25,100,"d13C",-27.99,"perMill",,,"Audit Failed. Document: A00036_DREX_AlgalChem_DocAudit_20170407.pdf & A00036_DREX_AlgalChem_VisitAudit_20170407.pdf"
"e07f1e58-02ca-495f-a22d-5e73e66034e1","D02","POSE","POSE.AOS.S2","2016-03-15","POSE.SS.20160315.POM.1",,"condition ok","Academy of Natural Sciences of Drexel University","2016-08-29","OKgcKejxXbI=","13C15N","1",,,100,"d13C",-27.99,"perMill",,,
"92ee8765-b126-4267-b4be-4d9529109c51","D02","POSE","POSE.AOS.S2","2016-03-22","POSE.SS.20160322.POM.1",,"condition ok","Academy of Natural Sciences of Drexel University","2016-08-29","OKgcKejxXbI=","13C15N","1",600,25,100,"d13C",-27.66,"perMill",,,"Audit Failed. Document: A00036_DREX_AlgalChem_DocAudit_20170407.pdf & A00036_DREX_AlgalChem_VisitAudit_20170407.pdf"
"0886d6c8-6223-49a9-8881-4b586ba4e901","D02","POSE","POSE.AOS.S2","2016-03-22","POSE.SS.20160322.POM.1",,"condition ok","Academy of Natural Sciences of Drexel University","2016-08-29","OKgcKejxXbI=","13C15N","1",600,25,100,"d15N",4.37,"perMill",,,"Audit Failed. Document: A00036_DREX_AlgalChem_DocAudit_20170407.pdf & A00036_DREX_AlgalChem_VisitAudit_20170407.pdf"
"ec93eebb-a60f-48f9-bdb3-eb4fa2c8bfe1","D02","POSE","POSE.AOS.S2","2016-03-22","POSE.SS.20160322.POM.2",,"condition ok","Academy of Natural Sciences of Drexel University","2016-09-01","OKgcKejxXbI=","13C15N","2",600,25,100,"d15N",4.86,"perMill",,,"Audit Failed. Document: A00036_DREX_AlgalChem_DocAudit_20170407.pdf & A00036_DREX_AlgalChem_VisitAudit_20170407.pdf"
"1523fea4-f57a-42f9-a51e-f57f95f26cd2","D02","POSE","POSE.AOS.S2","2016-03-22","POSE.SS.20160322.POM.2",,"condition ok","Academy of Natural Sciences of Drexel University","2016-09-01","OKgcKejxXbI=","13C15N","2",600,25,100,"d13C",-27.93,"perMill",,,"Audit Failed. Document: A00036_DREX_AlgalChem_DocAudit_20170407.pdf & A00036_DREX_AlgalChem_VisitAudit_20170407.pdf"
"41c5d3c0-a26f-4ff5-8679-48ff6a9b3973","D02","POSE","POSE.AOS.S2","2016-03-22","POSE.SS.20160322.POM.2",,"condition ok","Academy of Natural Sciences of Drexel University","2016-09-01","OKgcKejxXbI=","13C15N","2",,,100,"d13C",-27.93,"perMill",,,
"e8b11a20-4a19-4e98-bb27-e5fe79c0cfe0","D02","POSE","POSE.AOS.S2","2016-03-22","POSE.SS.20160322.POM.1",,"condition ok","Academy of Natural Sciences of Drexel University","2016-08-29","OKgcKejxXbI=","13C15N","1",,,100,"d15N",4.37,"perMill",,,
"349e8755-9669-495f-8660-15ec97889a9e","D02","POSE","POSE.AOS.S2","2016-03-22","POSE.SS.20160322.POM.1",,"condition ok","Academy of Natural Sciences of Drexel University","2016-08-29","OKgcKejxXbI=","13C15N","1",,,100,"d13C",-27.66,"perMill",,,
"a447f4a7-9270-4bf4-8208-f677b0ee437a","D02","POSE","POSE.AOS.S2","2016-03-22","POSE.SS.20160322.POM.2",,"condition ok","Academy of Natural Sciences of Drexel University","2016-09-01","OKgcKejxXbI=","13C15N","2",,,100,"d15N",4.86,"perMill",,,
