uid,domainID,siteID,namedLocation,collectDate,sampleID,sampleCode,sampleCondition,laboratoryName,analysisDate,analyzedBy,sampleType,replicate,sampleVolumeFiltered,filterSize,percentFilterAnalyzed,analyte,analyteConcentration,plantAlgaeLabUnits,method,externalRemarks,externalLabDataQF
"e431f5b5-c4e5-4a2a-81fa-b548e89134f2","D08","MAYF","MAYF.AOS.S2","2016-07-12","MAYF.SS.20160712.POM.2",,"condition ok","Academy of Natural Sciences of Drexel University","2017-02-13","OKgcKejxXbI=","13C15N","2",,,100,"d13C",-28.03,"perMill",,,
"8e874bc6-9885-4411-afe0-eab867b94b3c","D08","MAYF","MAYF.AOS.S2","2016-07-12","MAYF.SS.20160712.POM.2",,"condition ok","Academy of Natural Sciences of Drexel University","2017-02-13","OKgcKejxXbI=","13C15N","2",,,100,"d15N",2.44,"perMill",,,
"1a473b99-597f-421d-9546-8605645dae8e","D08","MAYF","MAYF.AOS.S2","2016-07-12","MAYF.SS.20160712.POM.1",,"condition ok","Academy of Natural Sciences of Drexel University","2017-01-24","OKgcKejxXbI=","13C15N","1",,,100,"d13C",-27.97,"perMill",,,
"2a322d36-1fa8-4984-aafc-9584566439b3","D08","MAYF","MAYF.AOS.S2","2016-07-12","MAYF.SS.20160712.POM.1",,"condition ok","Academy of Natural Sciences of Drexel University","2017-01-24","OKgcKejxXbI=","13C15N","1",,,100,"d15N",7.60,"perMill",,,
