uid,domainID,siteID,namedLocation,collectDate,sampleID,sampleCode,sampleCondition,laboratoryName,analysisDate,analyzedBy,sampleType,replicate,sampleVolumeFiltered,filterSize,percentFilterAnalyzed,analyte,analyteConcentration,plantAlgaeLabUnits,method,externalRemarks,externalLabDataQF
"b9ea345c-2467-45aa-bb87-7d99920b7649","D07","WALK","WALK.AOS.S2","2018-05-01","WALK.SS.20180501.POM.1","A00000011589","condition ok","SIRFER Lab at University of Utah","2018-08-31","ElFtGy1kV49xqNP00HfxQA==","POM","1",1000,25,100,"nitrogen",9.58,"microgramsPerLiter","Revesz & Coplen 2012a",,
"d6d08da9-fdd7-4666-be49-979733a6b2f3","D07","WALK","WALK.AOS.S2","2018-05-01","WALK.SS.20180501.POM.1","A00000011589","condition ok","SIRFER Lab at University of Utah","2018-08-31","ElFtGy1kV49xqNP00HfxQA==","POM","1",1000,25,100,"carbon",142.67,"microgramsPerLiter","Revesz & Coplen 2012a",,
"4333821f-0113-404d-a2af-09be12c47676","D07","WALK","WALK.AOS.S2","2018-05-01","WALK.SS.20180501.POM.1","A00000011589","condition ok","SIRFER Lab at University of Utah","2018-08-31","ElFtGy1kV49xqNP00HfxQA==","POM","1",1000,25,100,"d15N",1.98,"perMill","Revesz & Coplen 2012a",,
"4a5241d1-5536-4f12-880f-226caedde588","D07","WALK","WALK.AOS.S2","2018-05-01","WALK.SS.20180501.POM.1","A00000011589","condition ok","SIRFER Lab at University of Utah","2018-08-31","ElFtGy1kV49xqNP00HfxQA==","POM","1",1000,25,100,"d13C",-29.54,"perMill","Revesz & Coplen 2012a",,
"bf46a160-6fd3-4a7d-b60d-e0004c349637","D07","WALK","WALK.AOS.S2","2018-05-07","WALK.SS.20180507.POM.1","A00000011593","condition ok","SIRFER Lab at University of Utah","2018-08-31","ElFtGy1kV49xqNP00HfxQA==","POM","1",1100,25,100,"nitrogen",10.05,"microgramsPerLiter","Revesz & Coplen 2012a",,
"25139ae7-9572-4c46-901e-ef0477a41386","D07","WALK","WALK.AOS.S2","2018-05-07","WALK.SS.20180507.POM.1","A00000011593","condition ok","SIRFER Lab at University of Utah","2018-08-31","ElFtGy1kV49xqNP00HfxQA==","POM","1",1100,25,100,"d15N",0.44,"perMill","Revesz & Coplen 2012a",,
"bf929f50-fc2c-48fb-9dc5-9a2aec244be7","D07","WALK","WALK.AOS.S2","2018-05-07","WALK.SS.20180507.POM.1","A00000011593","condition ok","SIRFER Lab at University of Utah","2018-08-31","ElFtGy1kV49xqNP00HfxQA==","POM","1",1100,25,100,"carbon",162.76,"microgramsPerLiter","Revesz & Coplen 2012a",,
"f1ffebf7-0210-443e-a4cb-edad4465c38d","D07","WALK","WALK.AOS.S2","2018-05-07","WALK.SS.20180507.POM.1","A00000011593","condition ok","SIRFER Lab at University of Utah","2018-08-31","ElFtGy1kV49xqNP00HfxQA==","POM","1",1100,25,100,"d13C",-30.23,"perMill","Revesz & Coplen 2012a",,
"9dafb3f9-248b-4298-bfdc-b7b2d51b8303","D07","WALK","WALK.AOS.S2","2018-05-29","WALK.SS.20180529.POM.1","A00000011477","condition ok","SIRFER Lab at University of Utah","2018-08-31","ElFtGy1kV49xqNP00HfxQA==","POM","1",500,25,50,"nitrogen",41.42,"microgramsPerLiter","Revesz & Coplen 2012a",,
"bc300015-240f-4bcc-8cd9-80d36e41e326","D07","WALK","WALK.AOS.S2","2018-05-29","WALK.SS.20180529.POM.1","A00000011477","condition ok","SIRFER Lab at University of Utah","2018-08-31","ElFtGy1kV49xqNP00HfxQA==","POM","1",500,25,50,"d15N",0.50,"perMill","Revesz & Coplen 2012a",,
"499dfc83-83fa-4ed7-8dd1-48362cfecc61","D07","WALK","WALK.AOS.S2","2018-05-29","WALK.SS.20180529.POM.1","A00000011477","condition ok","SIRFER Lab at University of Utah","2018-08-31","ElFtGy1kV49xqNP00HfxQA==","POM","1",500,25,50,"d13C",-28.15,"perMill","Revesz & Coplen 2012a",,
"f40904d1-2e27-4ef1-9819-a3b93707401f","D07","WALK","WALK.AOS.S2","2018-05-29","WALK.SS.20180529.POM.1","A00000011477","condition ok","SIRFER Lab at University of Utah","2018-08-31","ElFtGy1kV49xqNP00HfxQA==","POM","1",500,25,50,"carbon",894.10,"microgramsPerLiter","Revesz & Coplen 2012a",,
