uid,domainID,siteID,namedLocation,collectDate,sampleID,sampleCode,sampleCondition,laboratoryName,analysisDate,analyzedBy,sampleType,replicate,sampleVolumeFiltered,filterSize,percentFilterAnalyzed,analyte,analyteConcentration,plantAlgaeLabUnits,method,externalRemarks,externalLabDataQF
"43e68e0f-a419-49b4-9e94-e16fb176485d","D10","ARIK","ARIK.AOS.S2","2018-03-06","ARIK.SS.20180306.POM.1",,"condition ok","SIRFER Lab at University of Utah","2018-08-08","ElFtGy1kV49xqNP00HfxQA==","POM","1",640,25,100,"carbon",334.85,"microgramsPerLiter","Revesz & Coplen 2012a",,
"6f7590e2-6c7c-4b59-afb2-cfa69d660e76","D10","ARIK","ARIK.AOS.S2","2018-03-06","ARIK.SS.20180306.POM.1",,"condition ok","SIRFER Lab at University of Utah","2018-08-08","ElFtGy1kV49xqNP00HfxQA==","POM","1",640,25,100,"d13C",-30.01,"perMill","Revesz & Coplen 2012a",,
"f8fe1c50-274c-4899-8d9e-c26b8372c146","D10","ARIK","ARIK.AOS.S2","2018-03-06","ARIK.SS.20180306.POM.1",,"condition ok","SIRFER Lab at University of Utah","2018-08-08","ElFtGy1kV49xqNP00HfxQA==","POM","1",640,25,100,"d15N",4.23,"perMill","Revesz & Coplen 2012a",,
"e566b127-0ee1-4e29-a3ec-30042cf51c48","D10","ARIK","ARIK.AOS.S2","2018-03-06","ARIK.SS.20180306.POM.1",,"condition ok","SIRFER Lab at University of Utah","2018-08-08","ElFtGy1kV49xqNP00HfxQA==","POM","1",640,25,100,"nitrogen",43.52,"microgramsPerLiter","Revesz & Coplen 2012a",,
"432f96aa-8955-4fbf-b99d-8807eedac541","D10","ARIK","ARIK.AOS.S2","2018-03-13","ARIK.SS.20180313.POM.1",,"condition ok","SIRFER Lab at University of Utah","2018-08-08","ElFtGy1kV49xqNP00HfxQA==","POM","1",500,25,100,"d15N",4.22,"perMill","Revesz & Coplen 2012a",,
"3ae22b77-83f1-4e4f-bf84-107d7c4af3d8","D10","ARIK","ARIK.AOS.S2","2018-03-13","ARIK.SS.20180313.POM.1",,"condition ok","SIRFER Lab at University of Utah","2018-08-08","ElFtGy1kV49xqNP00HfxQA==","POM","1",500,25,100,"nitrogen",39.40,"microgramsPerLiter","Revesz & Coplen 2012a",,
"bc3f9362-06e4-43b3-917d-00037957562e","D10","ARIK","ARIK.AOS.S2","2018-03-13","ARIK.SS.20180313.POM.1",,"condition ok","SIRFER Lab at University of Utah","2018-08-08","ElFtGy1kV49xqNP00HfxQA==","POM","1",500,25,100,"carbon",329.44,"microgramsPerLiter","Revesz & Coplen 2012a",,
"ce70415c-e6df-4570-9a6c-ef0853da21c5","D10","ARIK","ARIK.AOS.S2","2018-03-13","ARIK.SS.20180313.POM.1",,"condition ok","SIRFER Lab at University of Utah","2018-08-08","ElFtGy1kV49xqNP00HfxQA==","POM","1",500,25,100,"d13C",-30.17,"perMill","Revesz & Coplen 2012a",,
"996b9d55-8082-4ad4-9553-b64cfc1e0354","D10","ARIK","ARIK.AOS.S2","2018-03-27","ARIK.SS.20180327.POM.1","A00000017614","condition ok","SIRFER Lab at University of Utah","2018-08-08","ElFtGy1kV49xqNP00HfxQA==","POM","1",500,25,100,"nitrogen",41.68,"microgramsPerLiter","Revesz & Coplen 2012a",,
"aa614676-b095-4287-bd43-a7edb4fc2f95","D10","ARIK","ARIK.AOS.S2","2018-03-27","ARIK.SS.20180327.POM.1","A00000017614","condition ok","SIRFER Lab at University of Utah","2018-08-08","ElFtGy1kV49xqNP00HfxQA==","POM","1",500,25,100,"d13C",-30.18,"perMill","Revesz & Coplen 2012a",,
"f4bf45cd-9f07-4918-91a7-b0f321583f8e","D10","ARIK","ARIK.AOS.S2","2018-03-27","ARIK.SS.20180327.POM.1","A00000017614","condition ok","SIRFER Lab at University of Utah","2018-08-08","ElFtGy1kV49xqNP00HfxQA==","POM","1",500,25,100,"d15N",5.54,"perMill","Revesz & Coplen 2012a",,
"bbd58832-b44d-4d6a-88df-97e70f3f9e6e","D10","ARIK","ARIK.AOS.S2","2018-03-27","ARIK.SS.20180327.POM.1","A00000017614","condition ok","SIRFER Lab at University of Utah","2018-08-08","ElFtGy1kV49xqNP00HfxQA==","POM","1",500,25,100,"carbon",365.30,"microgramsPerLiter","Revesz & Coplen 2012a",,
