uid,domainID,siteID,namedLocation,collectDate,sampleID,sampleCode,sampleCondition,laboratoryName,analysisDate,analyzedBy,sampleType,replicate,sampleVolumeFiltered,filterSize,percentFilterAnalyzed,analyte,analyteConcentration,plantAlgaeLabUnits,method,externalRemarks,externalLabDataQF
"1e37651a-9926-473e-91ba-d1054ad15fec","D08","BLWA","BLWA.AOS.buoy.c0","2017-10-25","BLWA.C0.20171025.POM.1",,"condition ok","SIRFER Lab at University of Utah","2018-03-14","ElFtGy1kV49xqNP00HfxQA==","POM","1",100,25,100,"nitrogen",113.61,"microgramsPerLiter","Revesz & Coplen 2012a",,
"c832e302-352c-412a-ab59-a950ba9b8c90","D08","BLWA","BLWA.AOS.buoy.c0","2017-10-25","BLWA.C0.20171025.POM.1",,"condition ok","SIRFER Lab at University of Utah","2018-03-14","ElFtGy1kV49xqNP00HfxQA==","POM","1",100,25,100,"carbon",850.60,"microgramsPerLiter","Revesz & Coplen 2012a",,
"b3a12c29-8c5c-431b-b989-a8b087d7efe7","D08","BLWA","BLWA.AOS.buoy.c0","2017-10-25","BLWA.C0.20171025.POM.1",,"condition ok","SIRFER Lab at University of Utah","2018-03-14","ElFtGy1kV49xqNP00HfxQA==","POM","1",100,25,100,"d15N",18.80,"perMill","Revesz & Coplen 2012a",,
"a8e7f26f-6b74-4f3a-9adf-cf7c6e169fc6","D08","BLWA","BLWA.AOS.buoy.c0","2017-10-25","BLWA.C0.20171025.POM.1",,"condition ok","SIRFER Lab at University of Utah","2018-03-14","ElFtGy1kV49xqNP00HfxQA==","POM","1",100,25,100,"d13C",-29.44,"perMill","Revesz & Coplen 2012a",,
