uid,domainID,siteID,namedLocation,decimalLatitude,decimalLongitude,coordinateUncertainty,additionalCoordUncertainty,elevation,elevationUncertainty,geodeticDatum,altLocation,altLatitude,altLongitude,altCoordinateUncertainty,altGeodeticDatum,collectDate,aquaticSiteType,samplingImpractical,parentSampleID,parentSampleCode,eventID,samplerType,dissolvedOxygen,dissolvedOxygenSaturation,specificConductance,waterTemp,asiSamplingProtocolVersion,lowerSegmentDepth,upperSegmentDepth,maxDepth,lakeSampleDepth1,lakeSampleDepth2,aCollectedBy,bCollectedBy,remarks,fieldDataQF
"c555d5fb-b3ed-41ae-b8c6-7d9e4a8a9db3","D17","BIGC","BIGC.AOS.S2",37.057667,-119.255374,0.1,10.0,1128.1,0.0,"WGS84",,,,,,"2018-04-03T16:34Z","stream",,"BIGC.SS.20180403",,"BIGC.20180403","Grab",10.30,87.70,92.20,8.20,"NEON.DOC.001886vF",,,,,,"zlafaver@battelleecology.org","jschnebelen@battelleecology.org",,
"d51165a7-4694-4043-849a-24fc2b3b84dd","D17","BIGC","BIGC.AOS.S2",37.057667,-119.255374,0.1,10.0,1128.1,0.0,"WGS84",,,,,,"2018-04-10T17:35Z","stream",,"BIGC.SS.20180410",,"BIGC.20180410","Grab",10.01,88.80,90.10,10.00,"NEON.DOC.001886vF",,,,,,"zlafaver@battelleecology.org","hbull@battelleecology.org",,
"9207b2b0-fd0c-46ab-a204-98f56d4ee013","D17","BIGC","BIGC.AOS.S2",37.057667,-119.255374,0.1,10.0,1128.1,0.0,"WGS84",,,,,,"2018-04-23T17:05Z","stream",,"BIGC.SS.20180423",,"BIGC.20180423","Grab",11.79,102.50,101.80,9.20,"NEON.DOC.001886vF",,,,,,"zlafaver@battelleecology.org","jschnebelen@battelleecology.org",,
"e1e22b01-4a3c-47b9-b1b4-56081a9797e9","D17","BIGC","BIGC.AOS.S2",37.057667,-119.255374,0.1,10.0,1128.1,0.0,"WGS84",,,,,,"2018-04-30T16:58Z","stream",,"BIGC.SS.20180430",,"BIGC.20180430","Grab",10.44,89.10,105.20,8.40,"NEON.DOC.001886vF",,,,,,"zlafaver@battelleecology.org","hbull@battelleecology.org",,
