uid,domainID,siteID,namedLocation,collectDate,parentSampleID,parentSampleCode,isotopeH2OSampleCond,isotopeH2OSampleID,isotopeH2OSampleCode,isotopePOMRep2SampleCond,isotopePOMRep2SampleID,isotopePOMRep2SampleCode,isotopePOMSampleCond,isotopePOMSampleID,isotopePOMSampleCode,processedDateFilters,processedDateH2OIsotopes,sampleVolumeFilteredPOMRep1,sampleVolumeFilteredPOMRep2,fieldDataQF
"d78cba86-05ef-4eac-87ee-a0048cda7fbb","D17","BIGC","BIGC.AOS.S2","2018-04-03T16:34Z","BIGC.SS.20180403",,"Sample condition ok","BIGC.SS.20180403.H2O.1","A00000025646","Sample condition ok","BIGC.SS.20180403.POM.2","A00000025632","Sample condition ok","BIGC.SS.20180403.POM.1","A00000025664","2018-04-03T20:04Z","2018-04-03T16:19Z",2000,2000,
"9de4eac4-e83c-41f6-8235-fa255725093c","D17","BIGC","BIGC.AOS.S2","2018-04-10T17:35Z","BIGC.SS.20180410",,"Sample condition ok","BIGC.SS.20180410.H2O.1","A00000025815","Sample condition ok","BIGC.SS.20180410.POM.2","A00000025817","Sample condition ok","BIGC.SS.20180410.POM.1","A00000025816","2018-04-10T10:43Z","2018-04-10T17:43Z",1750,1750,
"335577e8-2bdf-4948-90a6-6622ee99e527","D17","BIGC","BIGC.AOS.S2","2018-04-23T17:05Z","BIGC.SS.20180423",,"Sample condition ok","BIGC.SS.20180423.H2O.1","A00000025820","Sample condition ok","BIGC.SS.20180423.POM.2","A00000025826","Sample condition ok","BIGC.SS.20180423.POM.1","A00000025825","2018-04-23T20:20Z","2018-04-23T16:57Z",2000,2000,
"aa296956-6304-4916-a45a-12c49ec3c28d","D17","BIGC","BIGC.AOS.S2","2018-04-30T16:58Z","BIGC.SS.20180430",,"Sample condition ok","BIGC.SS.20180430.H2O.1","A00000025830","Sample condition ok","BIGC.SS.20180430.POM.2","A00000025833","Sample condition ok","BIGC.SS.20180430.POM.1","A00000025832","2018-04-30T20:44Z","2018-04-30T17:08Z",2000,2000,
