uid,domainID,siteID,namedLocation,collectDate,analysisDate,isotopeH2OSampleID,isotopeH2OSampleCode,instrumentSN,d18OWater,d2HWater,d18OsdWater,d2HsdWater,isotopeH2OExternalLabQF,laboratoryName,analyzedBy,sampleCondition,externalRemarks,externalLabDataQF
"786c3b2e-da18-4d40-8876-d9b33cfd0fbd","D17","BIGC","BIGC.AOS.S2","2018-04-03","2018-07-30","BIGC.SS.20180403.H2O.1","A00000025646","HIDS2046",-11.39,-79.45,0.03,0.19,0,"SIRFER Lab at University of Utah","OlSmE6RRn5QQH8tvUHmK5i/poYiQr6sd","OK",,
"a4c09511-7464-4755-a3db-467f84fd6eeb","D17","BIGC","BIGC.AOS.S2","2018-04-10","2018-07-30","BIGC.SS.20180410.H2O.1","A00000025815","HIDS2046",-11.44,-79.21,0.05,0.09,0,"SIRFER Lab at University of Utah","OlSmE6RRn5QQH8tvUHmK5i/poYiQr6sd","OK",,
"0d795f39-1024-48b7-9a26-711bf4f73376","D17","BIGC","BIGC.AOS.S2","2018-04-23","2018-07-30","BIGC.SS.20180423.H2O.1","A00000025820","HIDS2046",-11.49,-79.47,0.06,0.35,0,"SIRFER Lab at University of Utah","OlSmE6RRn5QQH8tvUHmK5i/poYiQr6sd","Sample Damaged or Lost","Loose cap vial leaked",
"cf78d953-2060-4fb8-8991-7bb54ceea7df","D17","BIGC","BIGC.AOS.S2","2018-04-30","2018-07-30","BIGC.SS.20180430.H2O.1","A00000025830","HIDS2046",-11.31,-78.85,0.06,0.21,0,"SIRFER Lab at University of Utah","OlSmE6RRn5QQH8tvUHmK5i/poYiQr6sd","Sample Damaged or Lost","Loose cap vial leaked",
