uid,domainID,siteID,namedLocation,collectDate,sampleID,sampleCode,sampleCondition,laboratoryName,analysisDate,analyzedBy,sampleType,replicate,sampleVolumeFiltered,filterSize,percentFilterAnalyzed,analyte,analyteConcentration,plantAlgaeLabUnits,method,externalRemarks,externalLabDataQF
"0416cd88-6267-4ce0-a2d6-780b18a2cc1a","D17","BIGC","BIGC.AOS.S2","2018-04-03","BIGC.SS.20180403.POM.1","A00000025664","condition ok","SIRFER Lab at University of Utah","2018-01-08","ElFtGy1kV49xqNP00HfxQA==","POM","1",2000,25,100,"d13C",-27.09,"perMill","Revesz & Coplen 2012a",,
"9b3ef79e-e823-4d06-a898-65414ec38634","D17","BIGC","BIGC.AOS.S2","2018-04-03","BIGC.SS.20180403.POM.1","A00000025664","condition ok","SIRFER Lab at University of Utah","2018-01-08","ElFtGy1kV49xqNP00HfxQA==","POM","1",2000,25,100,"nitrogen",9.97,"microgramsPerLiter","Revesz & Coplen 2012a",,
"c4716d61-0a9d-4c04-8447-9894b0bce00d","D17","BIGC","BIGC.AOS.S2","2018-04-03","BIGC.SS.20180403.POM.1","A00000025664","condition ok","SIRFER Lab at University of Utah","2018-01-08","ElFtGy1kV49xqNP00HfxQA==","POM","1",2000,25,100,"carbon",127.05,"microgramsPerLiter","Revesz & Coplen 2012a",,
"a92f6361-74d8-4ffe-80d8-f4749b4ddc87","D17","BIGC","BIGC.AOS.S2","2018-04-03","BIGC.SS.20180403.POM.1","A00000025664","condition ok","SIRFER Lab at University of Utah","2018-01-08","ElFtGy1kV49xqNP00HfxQA==","POM","1",2000,25,100,"d15N",1.08,"perMill","Revesz & Coplen 2012a",,
"705708bc-ae22-49bc-9945-d343993135a1","D17","BIGC","BIGC.AOS.S2","2018-04-10","BIGC.SS.20180410.POM.1","A00000025816","condition ok","SIRFER Lab at University of Utah","2018-01-08","ElFtGy1kV49xqNP00HfxQA==","POM","1",1750,25,100,"carbon",195.08,"microgramsPerLiter","Revesz & Coplen 2012a",,
"40f61ffd-9bbd-44c4-a902-c86d32b5711f","D17","BIGC","BIGC.AOS.S2","2018-04-10","BIGC.SS.20180410.POM.1","A00000025816","condition ok","SIRFER Lab at University of Utah","2018-01-08","ElFtGy1kV49xqNP00HfxQA==","POM","1",1750,25,100,"d15N",-0.20,"perMill","Revesz & Coplen 2012a",,
"59bb8d19-e630-4319-8a2e-ef5f760173e8","D17","BIGC","BIGC.AOS.S2","2018-04-10","BIGC.SS.20180410.POM.1","A00000025816","condition ok","SIRFER Lab at University of Utah","2018-01-08","ElFtGy1kV49xqNP00HfxQA==","POM","1",1750,25,100,"d13C",-27.29,"perMill","Revesz & Coplen 2012a",,
"322fba7e-22d9-4534-8d2e-58e1a3adc371","D17","BIGC","BIGC.AOS.S2","2018-04-10","BIGC.SS.20180410.POM.1","A00000025816","condition ok","SIRFER Lab at University of Utah","2018-01-08","ElFtGy1kV49xqNP00HfxQA==","POM","1",1750,25,100,"nitrogen",14.02,"microgramsPerLiter","Revesz & Coplen 2012a",,
"c5b8b1f0-9ef0-4430-a94f-428bbf833b10","D17","BIGC","BIGC.AOS.S2","2018-04-23","BIGC.SS.20180423.POM.1","A00000025825","condition ok","SIRFER Lab at University of Utah","2018-01-08","ElFtGy1kV49xqNP00HfxQA==","POM","1",2000,25,100,"d15N",-8.77,"perMill","Revesz & Coplen 2012a",,
"1cd2a863-593c-4353-ad9b-77728550108c","D17","BIGC","BIGC.AOS.S2","2018-04-23","BIGC.SS.20180423.POM.1","A00000025825","condition ok","SIRFER Lab at University of Utah","2018-01-08","ElFtGy1kV49xqNP00HfxQA==","POM","1",2000,25,100,"carbon",95.19,"microgramsPerLiter","Revesz & Coplen 2012a",,
"10ba3dd3-8ea6-49a4-84a6-3ee1e480bfc7","D17","BIGC","BIGC.AOS.S2","2018-04-23","BIGC.SS.20180423.POM.1","A00000025825","condition ok","SIRFER Lab at University of Utah","2018-01-08","ElFtGy1kV49xqNP00HfxQA==","POM","1",2000,25,100,"d13C",-26.58,"perMill","Revesz & Coplen 2012a",,
"4a89ce28-8f8b-45e9-b71d-faf19bd89f9e","D17","BIGC","BIGC.AOS.S2","2018-04-23","BIGC.SS.20180423.POM.1","A00000025825","condition ok","SIRFER Lab at University of Utah","2018-01-08","ElFtGy1kV49xqNP00HfxQA==","POM","1",2000,25,100,"nitrogen",7.71,"microgramsPerLiter","Revesz & Coplen 2012a",,
"621afae8-005c-4da2-9490-3c5c2b411b9a","D17","BIGC","BIGC.AOS.S2","2018-04-30","BIGC.SS.20180430.POM.1","A00000025832","condition ok","SIRFER Lab at University of Utah","2018-01-08","ElFtGy1kV49xqNP00HfxQA==","POM","1",2000,25,100,"carbon",72.16,"microgramsPerLiter","Revesz & Coplen 2012a",,
"9897152f-8400-4538-aaff-25f2514eb837","D17","BIGC","BIGC.AOS.S2","2018-04-30","BIGC.SS.20180430.POM.1","A00000025832","condition ok","SIRFER Lab at University of Utah","2018-01-08","ElFtGy1kV49xqNP00HfxQA==","POM","1",2000,25,100,"d15N",1.44,"perMill","Revesz & Coplen 2012a",,
"27ec1644-debf-4c4c-8ca7-a59717484d7d","D17","BIGC","BIGC.AOS.S2","2018-04-30","BIGC.SS.20180430.POM.1","A00000025832","condition ok","SIRFER Lab at University of Utah","2018-01-08","ElFtGy1kV49xqNP00HfxQA==","POM","1",2000,25,100,"d13C",-27.50,"perMill","Revesz & Coplen 2012a",,
"40842730-3234-44cd-a3eb-55b75ab129a5","D17","BIGC","BIGC.AOS.S2","2018-04-30","BIGC.SS.20180430.POM.1","A00000025832","condition ok","SIRFER Lab at University of Utah","2018-01-08","ElFtGy1kV49xqNP00HfxQA==","POM","1",2000,25,100,"nitrogen",6.06,"microgramsPerLiter","Revesz & Coplen 2012a",,
