uid,domainID,siteID,namedLocation,collectDate,sampleID,sampleCode,sampleCondition,laboratoryName,analysisDate,analyzedBy,sampleType,replicate,sampleVolumeFiltered,filterSize,percentFilterAnalyzed,analyte,analyteConcentration,plantAlgaeLabUnits,method,externalRemarks,externalLabDataQF
"0452ecd2-9227-45a0-81d0-5a76389e1a87","D15","REDB","REDB.AOS.S2","2018-12-04","REDB.SS.20181204.POM.1","A00000057066","condition ok","SIRFER Lab at University of Utah","2019-05-01","ElFtGy1kV49xqNP00HfxQA==","POM","1",250,25,100,"d13C",-24.98,"perMill","Revesz & Coplen 2012a",,
"173ce4d0-c78f-40e5-94d0-85c957c59fc0","D15","REDB","REDB.AOS.S2","2018-12-04","REDB.SS.20181204.POM.1","A00000057066","condition ok","SIRFER Lab at University of Utah","2019-05-01","ElFtGy1kV49xqNP00HfxQA==","POM","1",250,25,100,"d15N",2.98,"perMill","Revesz & Coplen 2012a",,
"eabbcd78-ee76-438b-bf5f-19eae98ce309","D15","REDB","REDB.AOS.S2","2018-12-04","REDB.SS.20181204.POM.1","A00000057066","condition ok","SIRFER Lab at University of Utah","2019-05-01","ElFtGy1kV49xqNP00HfxQA==","POM","1",250,25,100,"carbon",285.09,"microgramsPerLiter","Revesz & Coplen 2012a",,
"fa32609d-902d-4555-ba3f-cbea42f24a43","D15","REDB","REDB.AOS.S2","2018-12-04","REDB.SS.20181204.POM.1","A00000057066","condition ok","SIRFER Lab at University of Utah","2019-05-01","ElFtGy1kV49xqNP00HfxQA==","POM","1",250,25,100,"nitrogen",83.93,"microgramsPerLiter","Revesz & Coplen 2012a",,
