uid,domainID,siteID,namedLocation,collectDate,analysisDate,isotopeH2OSampleID,isotopeH2OSampleCode,instrumentSN,d18OWater,d2HWater,d18OsdWater,d2HsdWater,isotopeH2OExternalLabQF,laboratoryName,analyzedBy,sampleCondition,externalRemarks,externalLabDataQF
"503634cc-27e2-4936-940b-30f50c28a31a","D05","CRAM","CRAM.AOS.buoy.c1","2018-10-02","2018-10-29","CRAM.C1.20181002.H2O.1","A00000007394","HIDS2052",-4.35,-45.65,0.05,0.24,0,"SIRFER Lab at University of Utah","OlSmE6RRn5QQH8tvUHmK5i/poYiQr6sd","OK",,
"a7b8dca2-b0ca-4b02-900e-37dd0cec5fb9","D05","CRAM","CRAM.AOS.buoy.c2","2018-10-02","2018-10-29","CRAM.C2.20181002.H2O.1","A00000007377","HIDS2052",-4.34,-46.10,0.08,0.33,0,"SIRFER Lab at University of Utah","OlSmE6RRn5QQH8tvUHmK5i/poYiQr6sd","OK",,
"e875791b-e5a9-4188-abf5-b6d7ecb904f1","D05","CRAM","CRAM.AOS.buoy.c1","2018-10-16","2019-01-03","CRAM.C1.20181016.H2O.1","A00000040805","HIDS2052",-4.58,-45.93,0.04,0.20,0,"SIRFER Lab at University of Utah","OlSmE6RRn5QQH8tvUHmK5i/poYiQr6sd","OK",,
"99fdcef1-05b8-43ff-b2b3-ae32834145c2","D05","CRAM","CRAM.AOS.buoy.c2","2018-10-16","2019-01-03","CRAM.C2.20181016.H2O.1","A00000040788","HIDS2052",-5.08,-50.02,0.03,0.18,0,"SIRFER Lab at University of Utah","OlSmE6RRn5QQH8tvUHmK5i/poYiQr6sd","OK",,
