uid,domainID,siteID,namedLocation,collectDate,parentSampleID,parentSampleCode,isotopeH2OSampleCond,isotopeH2OSampleID,isotopeH2OSampleCode,isotopePOMRep2SampleCond,isotopePOMRep2SampleID,isotopePOMRep2SampleCode,isotopePOMSampleCond,isotopePOMSampleID,isotopePOMSampleCode,processedDateFilters,processedDateH2OIsotopes,sampleVolumeFilteredPOMRep1,sampleVolumeFilteredPOMRep2,fieldDataQF
"406bc6d6-14d4-4947-ae6a-91f24a2bb65f","D05","CRAM","CRAM.AOS.buoy.c1","2018-10-02T15:58Z","CRAM.C1.20181002",,"Sample condition ok","CRAM.C1.20181002.H2O.1","A00000007394","Sample condition ok","CRAM.C1.20181002.POM.2","A00000007395","Sample condition ok","CRAM.C1.20181002.POM.1","A00000007379","2018-10-02T17:35Z","2018-10-02T17:28Z",150,150,
"3cc53f29-3689-4e21-8794-cbe8b81a47f3","D05","CRAM","CRAM.AOS.buoy.c2","2018-10-02T15:59Z","CRAM.C2.20181002",,"Sample condition ok","CRAM.C2.20181002.H2O.1","A00000007377","Sample condition ok","CRAM.C2.20181002.POM.2","A00000007364","Sample condition ok","CRAM.C2.20181002.POM.1","A00000007397","2018-10-02T17:36Z","2018-10-02T17:29Z",150,150,
"7b011e5d-4d75-428f-b9b9-f285e6fcbabd","D05","CRAM","CRAM.AOS.buoy.c1","2018-10-16T16:35Z","CRAM.C1.20181016",,"Sample condition ok","CRAM.C1.20181016.H2O.1","A00000040805","Sample condition ok","CRAM.C1.20181016.POM.2","A00000040773","Sample condition ok","CRAM.C1.20181016.POM.1","A00000040772","2018-10-17T20:55Z","2018-10-16T19:18Z",200,200,
"df57ff15-df8b-435d-909e-482e8a3a4c3c","D05","CRAM","CRAM.AOS.buoy.c2","2018-10-16T16:49Z","CRAM.C2.20181016",,"Sample condition ok","CRAM.C2.20181016.H2O.1","A00000040788","Sample condition ok","CRAM.C2.20181016.POM.2","A00000040775","Sample condition ok","CRAM.C2.20181016.POM.1","A00000040774","2018-10-17T21:07Z","2018-10-16T19:17Z",100,100,
