uid,domainID,siteID,namedLocation,decimalLatitude,decimalLongitude,coordinateUncertainty,additionalCoordUncertainty,elevation,elevationUncertainty,geodeticDatum,altLocation,altLatitude,altLongitude,altCoordinateUncertainty,altGeodeticDatum,collectDate,aquaticSiteType,samplingImpractical,parentSampleID,parentSampleCode,eventID,samplerType,dissolvedOxygen,dissolvedOxygenSaturation,specificConductance,waterTemp,asiSamplingProtocolVersion,lowerSegmentDepth,upperSegmentDepth,maxDepth,lakeSampleDepth1,lakeSampleDepth2,aCollectedBy,bCollectedBy,remarks,fieldDataQF
"f6e32b90-c5ee-49a6-ac08-1687ea83319b","D05","CRAM","CRAM.AOS.buoy.c1",46.210592,-89.476861,10.0,10.0,509.0,10.0,"WGS84",,,,,,"2018-10-02T15:58Z","lake",,"CRAM.C1.20181002",,"CRAM.20181002",,8.99,90.30,10.30,13.10,"NEON.DOC.001886vF",6.0,0.0,16.5,0.5,,"jbuza@battelleecology.org","hbeeler@battelleecology.org",,
"7129c170-fe52-4580-8880-cc3e3c49e0fe","D05","CRAM","CRAM.AOS.buoy.c2",46.210592,-89.476861,10.0,10.0,509.0,10.0,"WGS84",,,,,,"2018-10-02T15:59Z","lake",,"CRAM.C2.20181002",,"CRAM.20181002",,,,,,"NEON.DOC.001886vF",16.5,9.0,16.5,10.9,14.6,"jbuza@battelleecology.org","hbeeler@battelleecology.org",,
"e40b51da-0cf9-4b78-ad78-1fa39d028ba3","D05","CRAM","CRAM.AOS.buoy.c1",46.210592,-89.476861,10.0,10.0,509.0,10.0,"WGS84",,,,,,"2018-10-16T16:35Z","lake",,"CRAM.C1.20181016",,"CRAM.20181016","Kemmerer",9.77,86.80,10.60,7.70,"NEON.DOC.001886vF",9.5,0.0,17.5,0.5,,"hbeeler@battelleecology.org","cslemmons@BattelleEcology.org",,
"f52151a2-8cbd-4f7d-9fa7-e3e9c2f58e82","D05","CRAM","CRAM.AOS.buoy.c2",46.210592,-89.476861,10.0,10.0,509.0,10.0,"WGS84",,,,,,"2018-10-16T16:49Z","lake",,"CRAM.C2.20181016",,"CRAM.20181016","Kemmerer",,,,,"NEON.DOC.001886vF",17.5,11.0,17.5,12.6,15.9,"hbeeler@battelleecology.org","cslemmons@BattelleEcology.org",,
