uid,domainID,siteID,namedLocation,collectDate,sampleID,sampleCode,sampleCondition,laboratoryName,analysisDate,analyzedBy,sampleType,replicate,sampleVolumeFiltered,filterSize,percentFilterAnalyzed,analyte,analyteConcentration,plantAlgaeLabUnits,method,externalRemarks,externalLabDataQF
"bd693049-4117-4e48-9e87-b55dc13664ca","D05","CRAM","CRAM.AOS.buoy.c1","2018-10-02","CRAM.C1.20181002.POM.1","A00000007379","condition ok","SIRFER Lab at University of Utah","2018-11-13","ElFtGy1kV49xqNP00HfxQA==","POM","1",150,25,100,"carbon",399.93,"microgramsPerLiter","Revesz & Coplen 2012a",,
"84acabda-7128-4603-bdbc-df55b6ae1777","D05","CRAM","CRAM.AOS.buoy.c1","2018-10-02","CRAM.C1.20181002.POM.1","A00000007379","condition ok","SIRFER Lab at University of Utah","2018-11-13","ElFtGy1kV49xqNP00HfxQA==","POM","1",150,25,100,"d13C",-30.01,"perMill","Revesz & Coplen 2012a",,
"622c615b-3494-45d0-bf5d-5f4b8659e60f","D05","CRAM","CRAM.AOS.buoy.c1","2018-10-02","CRAM.C1.20181002.POM.1","A00000007379","condition ok","SIRFER Lab at University of Utah","2018-11-13","ElFtGy1kV49xqNP00HfxQA==","POM","1",150,25,100,"nitrogen",46.28,"microgramsPerLiter","Revesz & Coplen 2012a",,
"f92ebd6e-3bd4-4f72-b111-f6f4fb750643","D05","CRAM","CRAM.AOS.buoy.c1","2018-10-02","CRAM.C1.20181002.POM.1","A00000007379","condition ok","SIRFER Lab at University of Utah","2018-11-13","ElFtGy1kV49xqNP00HfxQA==","POM","1",150,25,100,"d15N",-0.59,"perMill","Revesz & Coplen 2012a",,
"f9496790-8ab7-46fc-be78-b1cf4bbcb6a6","D05","CRAM","CRAM.AOS.buoy.c2","2018-10-02","CRAM.C2.20181002.POM.1","A00000007397","condition ok","SIRFER Lab at University of Utah","2018-11-13","ElFtGy1kV49xqNP00HfxQA==","POM","1",150,25,100,"d13C",-33.89,"perMill","Revesz & Coplen 2012a",,
"d659003a-4ead-413a-9ce0-329bd45a473d","D05","CRAM","CRAM.AOS.buoy.c2","2018-10-02","CRAM.C2.20181002.POM.1","A00000007397","condition ok","SIRFER Lab at University of Utah","2018-11-13","ElFtGy1kV49xqNP00HfxQA==","POM","1",150,25,100,"nitrogen",128.31,"microgramsPerLiter","Revesz & Coplen 2012a",,
"baf31cee-207f-40cf-9d22-171358ef022b","D05","CRAM","CRAM.AOS.buoy.c2","2018-10-02","CRAM.C2.20181002.POM.1","A00000007397","condition ok","SIRFER Lab at University of Utah","2018-11-13","ElFtGy1kV49xqNP00HfxQA==","POM","1",150,25,100,"carbon",1028.44,"microgramsPerLiter","Revesz & Coplen 2012a",,
"42b6f965-8ba6-477a-b872-3fd1a51aaa2f","D05","CRAM","CRAM.AOS.buoy.c2","2018-10-02","CRAM.C2.20181002.POM.1","A00000007397","condition ok","SIRFER Lab at University of Utah","2018-11-13","ElFtGy1kV49xqNP00HfxQA==","POM","1",150,25,100,"d15N",-3.09,"perMill","Revesz & Coplen 2012a",,
