uid,domainID,siteID,namedLocation,collectDate,sampleID,sampleCode,sampleCondition,laboratoryName,analysisDate,analyzedBy,sampleType,replicate,sampleVolumeFiltered,filterSize,percentFilterAnalyzed,analyte,analyteConcentration,plantAlgaeLabUnits,method,externalRemarks,externalLabDataQF
"e00ed2db-6032-42fe-8f03-5ff38c9b0797","D18","TOOK","TOOK.AOS.buoy.c1","2016-07-27","TOOK.C1.20160727.POM.1",,"condition ok","Academy of Natural Sciences of Drexel University","2017-04-03","OKgcKejxXbI=","13C15N","1",,,100,"d15N",3.92,"perMill",,,
"9316bcf2-a24b-4f51-9691-89e4927373e6","D18","TOOK","TOOK.AOS.buoy.c1","2016-07-27","TOOK.C1.20160727.POM.2",,"other","Academy of Natural Sciences of Drexel University","2017-05-23","OKgcKejxXbI=","13C15N","2",,,100,"d15N",,"perMill",,"analysis corrupted during analysis, not enough sample for analysis",
"2b68fc30-c029-48ab-ae02-903250d0903f","D18","TOOK","TOOK.AOS.buoy.c1","2016-07-27","TOOK.C1.20160727.POM.1",,"condition ok","Academy of Natural Sciences of Drexel University","2017-04-03","OKgcKejxXbI=","13C15N","1",,,100,"d13C",-31.70,"perMill",,,
"057005fb-7c21-4df3-b79a-0b8ae0022d5d","D18","TOOK","TOOK.AOS.buoy.c1","2016-07-27","TOOK.C1.20160727.POM.2",,"condition ok","Academy of Natural Sciences of Drexel University","2017-05-23","OKgcKejxXbI=","13C15N","2",,,100,"d13C",-32.31,"perMill",,,
"202e0386-b6a9-4668-b31b-8cec490cbd90","D18","TOOK","TOOK.AOS.buoy.c2","2016-07-27","TOOK.C2.20160727.POM.2",,"condition ok","Academy of Natural Sciences of Drexel University","2017-05-23","OKgcKejxXbI=","13C15N","2",,,100,"d13C",-33.26,"perMill",,,
"0ccbcb58-77d4-4de4-b157-4ea1cbdb3ae9","D18","TOOK","TOOK.AOS.buoy.c2","2016-07-27","TOOK.C2.20160727.POM.1",,"condition ok","Academy of Natural Sciences of Drexel University","2017-04-03","OKgcKejxXbI=","13C15N","1",,,100,"d13C",-33.07,"perMill",,,
"2a8d6be7-8464-42e6-933e-60a290fa4557","D18","TOOK","TOOK.AOS.buoy.c2","2016-07-27","TOOK.C2.20160727.POM.1",,"condition ok","Academy of Natural Sciences of Drexel University","2017-04-03","OKgcKejxXbI=","13C15N","1",,,100,"d15N",3.67,"perMill",,,
"2ca09dd0-d689-44aa-be24-8549e4042d18","D18","TOOK","TOOK.AOS.buoy.c2","2016-07-27","TOOK.C2.20160727.POM.2",,"other","Academy of Natural Sciences of Drexel University","2017-05-23","OKgcKejxXbI=","13C15N","2",,,100,"d15N",,"perMill",,"analysis corrupted during analysis, not enough sample for analysis",
"81d176e6-2f1a-4677-890f-a0ad7716b2c9","D18","TOOK","TOOK.AOS.outlet","2016-07-27","TOOK.OT.20160727.POM.2",,"condition ok","Academy of Natural Sciences of Drexel University","2017-05-23","OKgcKejxXbI=","13C15N","2",,,100,"d13C",-32.87,"perMill",,,
"838453c0-030c-4212-ac1d-da048584d325","D18","TOOK","TOOK.AOS.outlet","2016-07-27","TOOK.OT.20160727.POM.2",,"other","Academy of Natural Sciences of Drexel University","2017-05-23","OKgcKejxXbI=","13C15N","2",,,100,"d15N",,"perMill",,"analysis corrupted during analysis, not enough sample for analysis",
"8c1c26e9-6d88-4fd6-911b-92d471f9a695","D18","TOOK","TOOK.AOS.outlet","2016-07-27","TOOK.OT.20160727.POM.1",,"condition ok","Academy of Natural Sciences of Drexel University","2017-04-03","OKgcKejxXbI=","13C15N","1",,,100,"d13C",-32.52,"perMill",,,
"7e1db770-761b-41c7-a502-5e0e695e5d2b","D18","TOOK","TOOK.AOS.outlet","2016-07-27","TOOK.OT.20160727.POM.1",,"condition ok","Academy of Natural Sciences of Drexel University","2017-04-03","OKgcKejxXbI=","13C15N","1",,,100,"d15N",3.83,"perMill",,,
"26d66bc1-76cd-4964-838b-d452d3984b18","D18","TOOK","TOOK.AOS.inlet","2016-07-27","TOOK.IN.20160727.POM.1",,"condition ok","Academy of Natural Sciences of Drexel University","2017-04-03","OKgcKejxXbI=","13C15N","1",,,100,"d13C",-31.67,"perMill",,,
"c42ec4c8-6750-4fec-8154-b57729f9f049","D18","TOOK","TOOK.AOS.inlet","2016-07-27","TOOK.IN.20160727.POM.2",,"other","Academy of Natural Sciences of Drexel University","2017-05-23","OKgcKejxXbI=","13C15N","2",,,100,"d15N",,"perMill",,"analysis corrupted during analysis, not enough sample for analysis",
"130968ea-14ec-4f22-a8dd-3c11715d21b3","D18","TOOK","TOOK.AOS.inlet","2016-07-27","TOOK.IN.20160727.POM.2",,"condition ok","Academy of Natural Sciences of Drexel University","2017-05-23","OKgcKejxXbI=","13C15N","2",,,100,"d13C",-32.29,"perMill",,,
"648d7537-030c-4307-8873-826c8467bc99","D18","TOOK","TOOK.AOS.inlet","2016-07-27","TOOK.IN.20160727.POM.1",,"condition ok","Academy of Natural Sciences of Drexel University","2017-04-03","OKgcKejxXbI=","13C15N","1",,,100,"d15N",4.04,"perMill",,,
