uid,domainID,siteID,namedLocation,decimalLatitude,decimalLongitude,coordinateUncertainty,additionalCoordUncertainty,elevation,elevationUncertainty,geodeticDatum,altLocation,altLatitude,altLongitude,altCoordinateUncertainty,altGeodeticDatum,collectDate,aquaticSiteType,samplingImpractical,parentSampleID,parentSampleCode,eventID,samplerType,dissolvedOxygen,dissolvedOxygenSaturation,specificConductance,waterTemp,asiSamplingProtocolVersion,lowerSegmentDepth,upperSegmentDepth,maxDepth,lakeSampleDepth1,lakeSampleDepth2,aCollectedBy,bCollectedBy,remarks,fieldDataQF
"e4e331a5-6e3f-4831-a77c-18ebc0ae65cd","D18","TOOK","TOOK.AOS.buoy.c1",68.630699,-149.611405,10.0,10.0,715.0,10.0,"WGS84",,,,,,"2016-07-27T18:20Z","lake",,"TOOK.C1.20160727",,"TOOK.20160727","Kemmerer",9.77,100.30,90.80,12.70,"NEON.DOC.001886vD",,,18.0,0.5,,"jcelmer@neoninc.org","ahuff@field-ops.org",,
"4b273c82-15c8-4d35-81e5-2829f31ffc75","D18","TOOK","TOOK.AOS.buoy.c2",68.630699,-149.611405,10.0,10.0,715.0,10.0,"WGS84",,,,,,"2016-07-27T19:15Z","lake",,"TOOK.C2.20160727",,"TOOK.20160727","Kemmerer",9.77,100.30,90.80,12.70,"NEON.DOC.001886vD",15.3,10.8,18.0,10.8,15.3,"jcelmer@neoninc.org","ahuff@field-ops.org",,
"6a872d0f-64a4-4084-bc9a-e32db1fadbbd","D18","TOOK","TOOK.AOS.outlet",68.640502,-149.596089,0.1,10.0,717.0,0.0,"WGS84",,,,,,"2016-07-27T20:28Z","lake",,"TOOK.OT.20160727",,"TOOK.20160727","Kemmerer",9.85,101.20,90.40,12.40,"NEON.DOC.001886vD",,,,0.5,,"jcelmer@neoninc.org","ahuff@field-ops.org",,
"80666d89-c5e4-40a8-92cd-bb17c644e1f6","D18","TOOK","TOOK.AOS.inlet",68.625566,-149.595360,0.1,10.0,717.3,0.0,"WGS84",,,,,,"2016-07-27T23:16Z","lake",,"TOOK.IN.20160727",,"TOOK.20160727","Kemmerer",9.41,97.00,107.30,12.50,"NEON.DOC.001886vD",,,,0.5,,"jcelmer@neoninc.org","ahuff@field-ops.org",,
