uid,domainID,siteID,namedLocation,collectDate,parentSampleID,parentSampleCode,isotopeH2OSampleCond,isotopeH2OSampleID,isotopeH2OSampleCode,isotopePOMRep2SampleCond,isotopePOMRep2SampleID,isotopePOMRep2SampleCode,isotopePOMSampleCond,isotopePOMSampleID,isotopePOMSampleCode,processedDateFilters,processedDateH2OIsotopes,sampleVolumeFilteredPOMRep1,sampleVolumeFilteredPOMRep2,fieldDataQF
"21cc2b09-7b73-4d74-b9d9-bf02ab23b81c","D18","TOOK","TOOK.AOS.buoy.c1","2016-07-27T18:20Z","TOOK.C1.20160727",,,"TOOK.C1.20160727.H2O.1",,,"TOOK.C1.20160727.POM.2",,,"TOOK.C1.20160727.POM.1",,"2016-07-27T14:58Z","2016-07-27T10:20Z",600,600,
"a03939da-c7c1-474b-9f4e-d1b71a274538","D18","TOOK","TOOK.AOS.buoy.c2","2016-07-27T19:15Z","TOOK.C2.20160727",,,"TOOK.C2.20160727.H2O.1",,,"TOOK.C2.20160727.POM.2",,,"TOOK.C2.20160727.POM.1",,"2016-07-27T16:20Z","2016-07-27T11:15Z",600,600,
"1a4dd7ac-460a-4807-955e-5420c1f15c22","D18","TOOK","TOOK.AOS.outlet","2016-07-27T20:28Z","TOOK.OT.20160727",,,"TOOK.OT.20160727.H2O.1",,,"TOOK.OT.20160727.POM.2",,,"TOOK.OT.20160727.POM.1",,"2016-07-27T16:56Z","2016-07-27T12:28Z",750,750,
"7215def7-a4e6-4066-8f91-2c2a327cda7a","D18","TOOK","TOOK.AOS.inlet","2016-07-27T23:16Z","TOOK.IN.20160727",,,"TOOK.IN.20160727.H2O.1",,,"TOOK.IN.20160727.POM.2",,,"TOOK.IN.20160727.POM.1",,"2016-07-27T17:42Z","2016-07-27T15:16Z",800,800,
