uid,domainID,siteID,namedLocation,collectDate,analysisDate,isotopeH2OSampleID,isotopeH2OSampleCode,instrumentSN,d18OWater,d2HWater,d18OsdWater,d2HsdWater,isotopeH2OExternalLabQF,laboratoryName,analyzedBy,sampleCondition,externalRemarks,externalLabDataQF
"962d7290-4d2d-44c9-a6a2-c3de8469cc21","D18","TOOK","TOOK.AOS.buoy.c1","2016-07-27","2016-10-06","TOOK.C1.20160727.H2O.1",,"HIDS2052",-19.96,-155.43,0.02,0.10,0,"SIRFER Lab at University of Utah","OlSmE6RRn5QQH8tvUHmK5i/poYiQr6sd","OK","On the vials label all the station ids are capital letters but on electronic version they are lower case.Neon said station IDs should be lower case.",
"5b697d94-a2bc-4b7d-ac9d-acace4bfad48","D18","TOOK","TOOK.AOS.buoy.c2","2016-07-27","2016-10-06","TOOK.C2.20160727.H2O.1",,"HIDS2052",-19.78,-155.66,0.05,0.15,0,"SIRFER Lab at University of Utah","OlSmE6RRn5QQH8tvUHmK5i/poYiQr6sd","OK","Missing. before H2O.1 in vial. Neon said . should be there.",
"ddc65e6e-80f2-4492-b669-f393aa2567b1","D18","TOOK","TOOK.AOS.outlet","2016-07-27","2016-10-06","TOOK.OT.20160727.H2O.1",,"HIDS2052",-19.41,-153.51,0.04,0.11,0,"SIRFER Lab at University of Utah","OlSmE6RRn5QQH8tvUHmK5i/poYiQr6sd","OK",,
"836a4b58-efeb-4994-9792-d7ba7e195336","D18","TOOK","TOOK.AOS.inlet","2016-07-27","2016-10-06","TOOK.IN.20160727.H2O.1",,"HIDS2052",-19.52,-153.47,0.02,0.11,0,"SIRFER Lab at University of Utah","OlSmE6RRn5QQH8tvUHmK5i/poYiQr6sd","OK",,
