uid,domainID,siteID,namedLocation,collectDate,sampleID,sampleCode,sampleCondition,laboratoryName,analysisDate,analyzedBy,sampleType,replicate,sampleVolumeFiltered,filterSize,percentFilterAnalyzed,analyte,analyteConcentration,plantAlgaeLabUnits,method,externalRemarks,externalLabDataQF
"0b2152a7-5eee-4d95-b839-3832dc371298","D08","MAYF","MAYF.AOS.S2","2017-04-06","MAYF.SS.20170406.POM.1",,"condition ok","SIRFER Lab at University of Utah","2018-03-14","ElFtGy1kV49xqNP00HfxQA==","POM","1",50,25,100,"d13C",-26.89,"perMill","Revesz & Coplen 2012a",,
"5c8f7c76-6d61-4bb3-a133-d29aa7ebd2a0","D08","MAYF","MAYF.AOS.S2","2017-04-06","MAYF.SS.20170406.POM.1",,"condition ok","SIRFER Lab at University of Utah","2018-03-14","ElFtGy1kV49xqNP00HfxQA==","POM","1",50,25,100,"d15N",13.47,"perMill","Revesz & Coplen 2012a",,
"e84088c4-32f4-4a93-8fe8-e216807ad985","D08","MAYF","MAYF.AOS.S2","2017-04-06","MAYF.SS.20170406.POM.1",,"condition ok","SIRFER Lab at University of Utah","2018-03-14","ElFtGy1kV49xqNP00HfxQA==","POM","1",50,25,100,"carbon",925.13,"microgramsPerLiter","Revesz & Coplen 2012a",,
"7c1a64b0-8bb8-417b-969f-e4e24f9f1859","D08","MAYF","MAYF.AOS.S2","2017-04-06","MAYF.SS.20170406.POM.1",,"condition ok","SIRFER Lab at University of Utah","2018-03-14","ElFtGy1kV49xqNP00HfxQA==","POM","1",50,25,100,"nitrogen",69.21,"microgramsPerLiter","Revesz & Coplen 2012a",,
"fab61617-8af8-4a89-8705-2b8b3e227ff3","D08","MAYF","MAYF.AOS.S2","2017-04-18","MAYF.SS.20170418.POM.1",,"condition ok","SIRFER Lab at University of Utah","2018-03-14","ElFtGy1kV49xqNP00HfxQA==","POM","1",50,25,100,"carbon",2020.30,"microgramsPerLiter","Revesz & Coplen 2012a",,
"ab084bb6-6010-4338-888a-61f089418862","D08","MAYF","MAYF.AOS.S2","2017-04-18","MAYF.SS.20170418.POM.1",,"condition ok","SIRFER Lab at University of Utah","2018-03-14","ElFtGy1kV49xqNP00HfxQA==","POM","1",50,25,100,"d13C",-28.75,"perMill","Revesz & Coplen 2012a",,
"4aec45b3-d9e0-4f6a-9ee9-5d5fac3a7c7b","D08","MAYF","MAYF.AOS.S2","2017-04-18","MAYF.SS.20170418.POM.1",,"condition ok","SIRFER Lab at University of Utah","2018-03-14","ElFtGy1kV49xqNP00HfxQA==","POM","1",50,25,100,"nitrogen",115.47,"microgramsPerLiter","Revesz & Coplen 2012a",,
"f726705f-e80c-4440-b3a7-325df843a500","D08","MAYF","MAYF.AOS.S2","2017-04-18","MAYF.SS.20170418.POM.1",,"condition ok","SIRFER Lab at University of Utah","2018-03-14","ElFtGy1kV49xqNP00HfxQA==","POM","1",50,25,100,"d15N",8.18,"perMill","Revesz & Coplen 2012a",,
