uid,domainID,siteID,namedLocation,decimalLatitude,decimalLongitude,coordinateUncertainty,additionalCoordUncertainty,elevation,elevationUncertainty,geodeticDatum,altLocation,altLatitude,altLongitude,altCoordinateUncertainty,altGeodeticDatum,collectDate,aquaticSiteType,samplingImpractical,parentSampleID,parentSampleCode,eventID,samplerType,dissolvedOxygen,dissolvedOxygenSaturation,specificConductance,waterTemp,asiSamplingProtocolVersion,lowerSegmentDepth,upperSegmentDepth,maxDepth,lakeSampleDepth1,lakeSampleDepth2,aCollectedBy,bCollectedBy,remarks,fieldDataQF
"ff02f7db-fd15-4ccb-ad3b-e2eaecd81e84","D05","CRAM","CRAM.AOS.outlet",46.211998,-89.474475,0.1,10.0,511.8,0.1,"WGS84",,,,,,"2016-05-10T14:25Z","lake",,"CRAM.OT.20160510",,"CRAM.20160510","Kemmerer",9.80,100.00,14.70,13.80,"NEON.DOC.001886vD",1.0,0.0,1.0,0.5,,"jhudson@neoninc.org","ekrulc@field-ops.org","PCN not collected",
"f820fff3-d7e4-44f7-be31-fd22cb8fa52b","D05","CRAM","CRAM.AOS.inlet",46.207952,-89.476174,0.1,10.0,511.7,0.1,"WGS84",,,,,,"2016-05-10T14:50Z","lake",,"CRAM.IN.20160510",,"CRAM.20160510","Kemmerer",10.10,104.00,14.80,14.10,"NEON.DOC.001886vD",1.0,0.0,1.0,0.5,,"jhudson@neoninc.org","ekrulc@field-ops.org","PCN not collected",
"f9580848-8b71-4b69-ab16-9fe43c2e06f2","D05","CRAM","CRAM.AOS.buoy.c1",46.210592,-89.476861,10.0,10.0,509.0,10.0,"WGS84",,,,,,"2016-05-10T15:45Z","lake",,"CRAM.C1.20160510",,"CRAM.20160510","Kemmerer",10.00,103.00,15.10,13.90,"NEON.DOC.001886vD",3.5,0.0,16.5,0.5,,"jhudson@neoninc.org","ekrulc@field-ops.org","PCN not collected",
"f231e1e3-1c80-4676-b095-7682592ab79e","D05","CRAM","CRAM.AOS.buoy.c2",46.210592,-89.476861,10.0,10.0,509.0,10.0,"WGS84",,,,,,"2016-05-10T16:00Z","lake",,"CRAM.C2.20160510",,"CRAM.20160510","Kemmerer",7.10,59.00,16.10,5.10,"NEON.DOC.001886vD",16.5,6.0,16.5,8.6,13.9,"jhudson@neoninc.org","ekrulc@field-ops.org","in situ measurements taken at 11.0 m. PCN not collected.",
