uid,domainID,siteID,namedLocation,collectDate,analysisDate,isotopeH2OSampleID,isotopeH2OSampleCode,instrumentSN,d18OWater,d2HWater,d18OsdWater,d2HsdWater,isotopeH2OExternalLabQF,laboratoryName,analyzedBy,sampleCondition,externalRemarks,externalLabDataQF
"1f0d05aa-ff36-4055-b500-bba8a537946f","D05","CRAM","CRAM.AOS.outlet","2016-05-10","2016-09-07","CRAM.OT.20160510.H2O.1",,"HIDS2052",-5.31,-53.39,0.11,0.24,0,"SIRFER Lab at University of Utah","OlSmE6RRn5QQH8tvUHmK5i/poYiQr6sd","OK","sample Id inconsistent (after date had , not .)",
"7fedbd7d-5ae3-44d4-ba34-9be36ea66091","D05","CRAM","CRAM.AOS.inlet","2016-05-10","2016-09-07","CRAM.IN.20160510.H2O.1",,"HIDS2052",-5.34,-53.48,0.16,0.36,0,"SIRFER Lab at University of Utah","OlSmE6RRn5QQH8tvUHmK5i/poYiQr6sd","OK",,
"fef7d0cd-e734-4c9f-bb40-1ff669343a37","D05","CRAM","CRAM.AOS.buoy.c1","2016-05-10","2016-09-07","CRAM.C1.20160510.H2O.1",,"HIDS2052",-5.35,-53.47,0.12,0.31,0,"SIRFER Lab at University of Utah","OlSmE6RRn5QQH8tvUHmK5i/poYiQr6sd","OK",,
"6a340c93-90f8-414f-bf72-ea0db4d4b615","D05","CRAM","CRAM.AOS.buoy.c2","2016-05-10","2016-09-07","CRAM.C2.20160510.H2O.1",,"HIDS2052",-5.47,-54.00,0.05,0.09,0,"SIRFER Lab at University of Utah","OlSmE6RRn5QQH8tvUHmK5i/poYiQr6sd","OK",,
