uid,domainID,siteID,namedLocation,collectDate,sampleID,sampleCode,sampleCondition,laboratoryName,analysisDate,analyzedBy,sampleType,replicate,sampleVolumeFiltered,filterSize,percentFilterAnalyzed,analyte,analyteConcentration,plantAlgaeLabUnits,method,externalRemarks,externalLabDataQF
"a6ed5b0b-96e9-41f0-b6cf-2c5834c6aa6c","D05","CRAM","CRAM.AOS.outlet","2016-05-10","CRAM.OT.20160510.POM.1",,"other","Academy of Natural Sciences of Drexel University","2016-08-29","OKgcKejxXbI=","13C15N","2",,,100,"d13C",-34.34,"perMill",,"filter tinted blue",
"d05c6764-577b-45f6-9967-3f4101c4e9a9","D05","CRAM","CRAM.AOS.outlet","2016-05-10","CRAM.OT.20160510.POM.1",,"other","Academy of Natural Sciences of Drexel University","2016-08-29","OKgcKejxXbI=","13C15N","1",,,100,"d15N",-1.13,"perMill",,"filter tinted blue",
"c6930626-ee85-4d8e-93c5-5560f5bdb86e","D05","CRAM","CRAM.AOS.outlet","2016-05-10","CRAM.OT.20160510.POM.2",,"other","Academy of Natural Sciences of Drexel University","2016-08-29","OKgcKejxXbI=","13C15N","1",,,100,"d15N",0.10,"perMill",,"filter tinted blue",
"f3003509-c2b9-4e71-8798-6ae8caa0ee56","D05","CRAM","CRAM.AOS.outlet","2016-05-10","CRAM.OT.20160510.POM.2",,"other","Academy of Natural Sciences of Drexel University","2016-08-29","OKgcKejxXbI=","13C15N","2",,,100,"d13C",-31.27,"perMill",,"filter tinted blue",
"b17c8ecb-6778-476d-96fe-9196256c3b3a","D05","CRAM","CRAM.AOS.inlet","2016-05-10","CRAM.IN.20160510.POM.1",,"condition ok","Academy of Natural Sciences of Drexel University","2016-08-29","OKgcKejxXbI=","13C15N","1",,,100,"d15N",-0.29,"perMill",,,
"eda84271-55f0-4dd8-9a35-cf9b10b8363f","D05","CRAM","CRAM.AOS.inlet","2016-05-10","CRAM.IN.20160510.POM.2",,"condition ok","Academy of Natural Sciences of Drexel University","2016-08-29","OKgcKejxXbI=","13C15N","2",,,100,"d13C",-30.03,"perMill",,"Difference in volume filtered",
"f4fec134-93c6-4a53-9161-971d4109decf","D05","CRAM","CRAM.AOS.inlet","2016-05-10","CRAM.IN.20160510.POM.2",,"condition ok","Academy of Natural Sciences of Drexel University","2016-08-29","OKgcKejxXbI=","13C15N","1",,,100,"d15N",1.27,"perMill",,"Difference in volume filtered",
"57741ccb-3e2e-4199-9359-95a82d05d626","D05","CRAM","CRAM.AOS.inlet","2016-05-10","CRAM.IN.20160510.POM.1",,"condition ok","Academy of Natural Sciences of Drexel University","2016-08-29","OKgcKejxXbI=","13C15N","2",,,100,"d13C",-30.28,"perMill",,,
"b82176cf-3abc-40a2-928f-df8f5ecd38e4","D05","CRAM","CRAM.AOS.buoy.c1","2016-05-10","CRAM.C1.20160510.POM.1",,"other","Academy of Natural Sciences of Drexel University","2016-08-29","OKgcKejxXbI=","13C15N","2",,,100,"d13C",-34.97,"perMill",,"Difference in volume filtered, filters tinted blue",
"0d7a435a-b34d-44f0-b1e7-1e75d36cc41a","D05","CRAM","CRAM.AOS.buoy.c1","2016-05-10","CRAM.C1.20160510.POM.2",,"other","Academy of Natural Sciences of Drexel University","2016-08-29","OKgcKejxXbI=","13C15N","1",,,100,"d15N",0.30,"perMill",,"Difference in volume filtered, filters tinted blue",
"e816232d-5f70-4c4f-b54d-b74a8e0dacd7","D05","CRAM","CRAM.AOS.buoy.c1","2016-05-10","CRAM.C1.20160510.POM.1",,"other","Academy of Natural Sciences of Drexel University","2016-08-29","OKgcKejxXbI=","13C15N","1",,,100,"d15N",-1.12,"perMill",,"Difference in volume filtered, filters tinted blue",
"a57d6cb3-8499-4271-a9dd-91fef50d8855","D05","CRAM","CRAM.AOS.buoy.c1","2016-05-10","CRAM.C1.20160510.POM.2",,"other","Academy of Natural Sciences of Drexel University","2016-08-29","OKgcKejxXbI=","13C15N","2",,,100,"d13C",-32.08,"perMill",,"Difference in volume filtered, filters tinted blue",
"15d27d5b-967a-4db5-a216-2114494d6d9e","D05","CRAM","CRAM.AOS.buoy.c2","2016-05-10","CRAM.C2.20160510.POM.2",,"other","Academy of Natural Sciences of Drexel University","2016-08-29","OKgcKejxXbI=","13C15N","2",,,100,"d13C",-35.24,"perMill",,"Difference in volume filtered, filters tinted blue",
"a7741ff6-b006-4e4e-9a84-b35655a5f7ab","D05","CRAM","CRAM.AOS.buoy.c2","2016-05-10","CRAM.C2.20160510.POM.1",,"other","Academy of Natural Sciences of Drexel University","2016-08-29","OKgcKejxXbI=","13C15N","1",,,100,"d15N",1.77,"perMill",,"Difference in volume filtered, filters tinted blue",
"e1200bc6-27f7-4ecd-b38c-c026eb079f0d","D05","CRAM","CRAM.AOS.buoy.c2","2016-05-10","CRAM.C2.20160510.POM.2",,"other","Academy of Natural Sciences of Drexel University","2016-08-29","OKgcKejxXbI=","13C15N","1",,,100,"d15N",3.19,"perMill",,"Difference in volume filtered, filters tinted blue",
"d0806e6b-c299-4623-932f-0610b0d608e0","D05","CRAM","CRAM.AOS.buoy.c2","2016-05-10","CRAM.C2.20160510.POM.1",,"other","Academy of Natural Sciences of Drexel University","2016-08-29","OKgcKejxXbI=","13C15N","2",,,100,"d13C",-37.27,"perMill",,"Difference in volume filtered, filters tinted blue",
