uid,domainID,siteID,namedLocation,collectDate,parentSampleID,parentSampleCode,isotopeH2OSampleCond,isotopeH2OSampleID,isotopeH2OSampleCode,isotopePOMRep2SampleCond,isotopePOMRep2SampleID,isotopePOMRep2SampleCode,isotopePOMSampleCond,isotopePOMSampleID,isotopePOMSampleCode,processedDateFilters,processedDateH2OIsotopes,sampleVolumeFilteredPOMRep1,sampleVolumeFilteredPOMRep2,fieldDataQF
"e1e7812e-b7a0-42d1-af87-84c6fe37b8db","D05","CRAM","CRAM.AOS.outlet","2016-05-10T14:25Z","CRAM.OT.20160510",,,"CRAM.OT.20160510.H2O.1",,,"CRAM.OT.20160510.POM.2",,,"CRAM.OT.20160510.POM.1",,"2016-05-10T18:20Z","2016-05-10T18:50Z",400,400,
"6e484517-eef6-4fb9-b271-37788a77998f","D05","CRAM","CRAM.AOS.inlet","2016-05-10T14:50Z","CRAM.IN.20160510",,,"CRAM.IN.20160510.H2O.1",,,"CRAM.IN.20160510.POM.2",,,"CRAM.IN.20160510.POM.1",,"2016-05-10T18:20Z","2016-05-10T18:57Z",400,300,
"d46ab5b4-eaab-45a1-bc57-3e6cd989aad8","D05","CRAM","CRAM.AOS.buoy.c1","2016-05-10T15:45Z","CRAM.C1.20160510",,,"CRAM.C1.20160510.H2O.1",,,"CRAM.C1.20160510.POM.2",,,"CRAM.C1.20160510.POM.1",,"2016-05-10T18:50Z","2016-05-10T19:07Z",350,350,
"89a04d85-34fa-4ef6-9068-2b8d04b6e49f","D05","CRAM","CRAM.AOS.buoy.c2","2016-05-10T16:00Z","CRAM.C2.20160510",,,"CRAM.C2.20160510.H2O.1",,,"CRAM.C2.20160510.POM.2",,,"CRAM.C2.20160510.POM.1",,"2016-05-10T19:20Z","2016-05-10T19:15Z",400,300,
