uid,domainID,siteID,namedLocation,collectDate,analysisDate,isotopeH2OSampleID,isotopeH2OSampleCode,instrumentSN,d18OWater,d2HWater,d18OsdWater,d2HsdWater,isotopeH2OExternalLabQF,laboratoryName,analyzedBy,sampleCondition,externalRemarks,externalLabDataQF
"49ddd581-2254-4635-88df-80e69c18201c","D13","COMO","COMO.AOS.S2","2019-07-08","2019-10-14","COMO.SS.20190708.H2O.1","A00000091019","HIDS2052",-18.08,-132.75,0.06,0.17,0,"SIRFER Lab at University of Utah","OlSmE6RRn5QQH8tvUHmK5i/poYiQr6sd","OK",,
"28412678-430a-42bd-99d0-51c5c2ebdfd0","D13","COMO","COMO.AOS.S2","2019-07-11","2019-10-14","COMO.SS.20190711.H2O.1","A00000091035","HIDS2052",-18.03,-132.55,0.04,0.25,0,"SIRFER Lab at University of Utah","OlSmE6RRn5QQH8tvUHmK5i/poYiQr6sd","OK",,
"f5f3e295-4bda-4034-bfd6-4f65c312cf75","D13","COMO","COMO.AOS.S2","2019-07-16","2019-10-14","COMO.SS.20190716.H2O.1","A00000091113","HIDS2052",-17.99,-132.07,0.05,0.15,0,"SIRFER Lab at University of Utah","OlSmE6RRn5QQH8tvUHmK5i/poYiQr6sd","OK",,
"1d177a25-44fc-48cf-a461-c9a17bdc8bff","D13","COMO","COMO.AOS.S2","2019-07-22","2019-10-14","COMO.SS.20190722.H2O.1","A00000091008","HIDS2052",-17.47,-129.41,0.05,0.27,0,"SIRFER Lab at University of Utah","OlSmE6RRn5QQH8tvUHmK5i/poYiQr6sd","OK",,
