uid,domainID,siteID,namedLocation,collectDate,parentSampleID,parentSampleCode,isotopeH2OSampleCond,isotopeH2OSampleID,isotopeH2OSampleCode,isotopePOMRep2SampleCond,isotopePOMRep2SampleID,isotopePOMRep2SampleCode,isotopePOMSampleCond,isotopePOMSampleID,isotopePOMSampleCode,processedDateFilters,processedDateH2OIsotopes,sampleVolumeFilteredPOMRep1,sampleVolumeFilteredPOMRep2,fieldDataQF
"2af24b1f-4d3d-429b-becf-2dfaed1c7431","D13","COMO","COMO.AOS.S2","2019-07-08T16:17Z","COMO.SS.20190708",,"Sample condition ok","COMO.SS.20190708.H2O.1","A00000091019","Sample condition ok","COMO.SS.20190708.POM.2","A00000051631","Sample condition ok","COMO.SS.20190708.POM.1","A00000090674","2019-07-08T16:17Z","2019-07-08T16:22Z",600,600,
"d8d9f767-7ee0-48b3-ba88-7559e0efde98","D13","COMO","COMO.AOS.S2","2019-07-11T14:59Z","COMO.SS.20190711",,"Sample condition ok","COMO.SS.20190711.H2O.1","A00000091035","Sample condition ok","COMO.SS.20190711.POM.2","A00000090764","Sample condition ok","COMO.SS.20190711.POM.1","A00000090731","2019-07-11T16:00Z","2019-07-11T15:35Z",900,900,
"27eb289b-cb3b-4799-ba41-074b80b3a8d2","D13","COMO","COMO.AOS.S2","2019-07-16T16:50Z","COMO.SS.20190716",,"Sample condition ok","COMO.SS.20190716.H2O.1","A00000091113","Sample condition ok","COMO.SS.20190716.POM.2","A00000090767","Sample condition ok","COMO.SS.20190716.POM.1","A00000090752","2019-07-16T18:48Z","2019-07-16T18:14Z",800,800,
"265c9931-8fc3-4b92-b386-00f1abc31db0","D13","COMO","COMO.AOS.S2","2019-07-22T15:34Z","COMO.SS.20190722",,"Sample condition ok","COMO.SS.20190722.H2O.1","A00000091008","Sample condition ok","COMO.SS.20190722.POM.2","A00000091449","Sample condition ok","COMO.SS.20190722.POM.1","A00000091450","2019-07-22T16:27Z","2019-07-22T15:36Z",700,700,
