uid,domainID,siteID,namedLocation,decimalLatitude,decimalLongitude,coordinateUncertainty,additionalCoordUncertainty,elevation,elevationUncertainty,geodeticDatum,altLocation,altLatitude,altLongitude,altCoordinateUncertainty,altGeodeticDatum,collectDate,aquaticSiteType,samplingImpractical,parentSampleID,parentSampleCode,eventID,samplerType,dissolvedOxygen,dissolvedOxygenSaturation,specificConductance,waterTemp,asiSamplingProtocolVersion,lowerSegmentDepth,upperSegmentDepth,maxDepth,lakeSampleDepth1,lakeSampleDepth2,aCollectedBy,bCollectedBy,remarks,fieldDataQF
"be2e412f-26c7-453c-a761-14a7b785b07f","D13","COMO","COMO.AOS.S2",40.034953,-105.544407,0.1,10.0,3022.5,0.0,"WGS84",,,,,,"2019-07-08T16:17Z","stream",,"COMO.SS.20190708",,"COMO.20190708","Grab",8.90,107.20,15.80,8.10,"NEON.DOC.001886vF",,,,,,"0000-0002-7071-0855","0000-0003-4673-1215",,
"e659151b-15a9-4d03-a457-fd8105818a3d","D13","COMO","COMO.AOS.S2",40.034953,-105.544407,0.1,10.0,3022.5,0.0,"WGS84",,,,,,"2019-07-11T14:59Z","stream",,"COMO.SS.20190711",,"COMO.20190711","Grab",8.63,108.00,16.60,7.70,"NEON.DOC.001886vF",,,,,,"0000-0003-3415-3067","0000-0001-7092-2850",,
"5a59f833-1252-41d0-aac3-63ee7e5f88ce","D13","COMO","COMO.AOS.S2",40.034953,-105.544407,0.1,10.0,3022.5,0.0,"WGS84",,,,,,"2019-07-16T16:50Z","stream",,"COMO.SS.20190716",,"COMO.20190716","Grab",8.21,99.80,16.50,8.60,"NEON.DOC.001886vF",,,,,,"0000-0003-3415-3067","0000-0001-6869-2611",,
"d559be9b-75d6-42b3-a054-3694c6e13adc","D13","COMO","COMO.AOS.S2",40.034953,-105.544407,0.1,10.0,3022.5,0.0,"WGS84",,,,,,"2019-07-22T15:34Z","stream",,"COMO.SS.20190722",,"COMO.20190722","Grab",8.30,102.90,19.10,9.20,"NEON.DOC.001886vF",,,,,,"0000-0001-6869-2611","0000-0001-7092-2850",,
