uid,domainID,siteID,namedLocation,collectDate,sampleID,sampleCode,sampleCondition,laboratoryName,analysisDate,analyzedBy,sampleType,replicate,sampleVolumeFiltered,filterSize,percentFilterAnalyzed,analyte,analyteConcentration,plantAlgaeLabUnits,method,externalRemarks,externalLabDataQF
"933a3ed0-84d8-4ba2-bcb2-8bb5afa77eab","D18","TOOK","TOOK.AOS.buoy.c0","2018-06-05","TOOK.C0.20180605.POM.1","A00000030288","condition ok","SIRFER Lab at University of Utah","2018-08-02","ElFtGy1kV49xqNP00HfxQA==","POM","1",750,25,100,"nitrogen",23.07,"microgramsPerLiter","Revesz & Coplen 2012a",,
"dcb3038e-93d5-4291-a698-6a564c95f3a1","D18","TOOK","TOOK.AOS.buoy.c0","2018-06-05","TOOK.C0.20180605.POM.1","A00000030288","condition ok","SIRFER Lab at University of Utah","2018-08-02","ElFtGy1kV49xqNP00HfxQA==","POM","1",750,25,100,"d13C",-27.43,"perMill","Revesz & Coplen 2012a",,
"f1b48a85-7253-4b8b-a99c-cae4b97698d6","D18","TOOK","TOOK.AOS.buoy.c0","2018-06-05","TOOK.C0.20180605.POM.1","A00000030288","condition ok","SIRFER Lab at University of Utah","2018-08-02","ElFtGy1kV49xqNP00HfxQA==","POM","1",750,25,100,"carbon",183.90,"microgramsPerLiter","Revesz & Coplen 2012a",,
"a064355b-c04e-4132-91e5-05fdcb8e4f74","D18","TOOK","TOOK.AOS.buoy.c0","2018-06-05","TOOK.C0.20180605.POM.1","A00000030288","condition ok","SIRFER Lab at University of Utah","2018-08-02","ElFtGy1kV49xqNP00HfxQA==","POM","1",750,25,100,"d15N",5.50,"perMill","Revesz & Coplen 2012a",,
"1dfb07d3-17c4-4f1b-a15d-ba910c33da3a","D18","TOOK","TOOK.AOS.outlet","2018-06-05","TOOK.OT.20180605.POM.1","A00000030295","condition ok","SIRFER Lab at University of Utah","2018-08-02","ElFtGy1kV49xqNP00HfxQA==","POM","1",400,25,100,"d15N",8.02,"perMill","Revesz & Coplen 2012a",,
"8440b138-2895-4395-ba5c-e1f6e33f519f","D18","TOOK","TOOK.AOS.outlet","2018-06-05","TOOK.OT.20180605.POM.1","A00000030295","condition ok","SIRFER Lab at University of Utah","2018-08-02","ElFtGy1kV49xqNP00HfxQA==","POM","1",400,25,100,"carbon",614.14,"microgramsPerLiter","Revesz & Coplen 2012a",,
"b5771975-fbef-4cae-ac70-d47d7d0e549e","D18","TOOK","TOOK.AOS.outlet","2018-06-05","TOOK.OT.20180605.POM.1","A00000030295","condition ok","SIRFER Lab at University of Utah","2018-08-02","ElFtGy1kV49xqNP00HfxQA==","POM","1",400,25,100,"d13C",-25.13,"perMill","Revesz & Coplen 2012a",,
"bf716872-332d-4e36-a0dd-a3572079c29f","D18","TOOK","TOOK.AOS.outlet","2018-06-05","TOOK.OT.20180605.POM.1","A00000030295","condition ok","SIRFER Lab at University of Utah","2018-08-02","ElFtGy1kV49xqNP00HfxQA==","POM","1",400,25,100,"nitrogen",31.14,"microgramsPerLiter","Revesz & Coplen 2012a",,
"33f9bbaf-6cb6-4eb8-8b50-fc5aaab896de","D18","TOOK","TOOK.AOS.inlet","2018-06-05","TOOK.IN.20180605.POM.1","A00000030269","condition ok","SIRFER Lab at University of Utah","2018-08-02","ElFtGy1kV49xqNP00HfxQA==","POM","1",500,25,100,"d13C",-27.88,"perMill","Revesz & Coplen 2012a",,
"ca07986d-0168-4a15-9020-28bb3d26eb25","D18","TOOK","TOOK.AOS.inlet","2018-06-05","TOOK.IN.20180605.POM.1","A00000030269","condition ok","SIRFER Lab at University of Utah","2018-08-02","ElFtGy1kV49xqNP00HfxQA==","POM","1",500,25,100,"carbon",242.02,"microgramsPerLiter","Revesz & Coplen 2012a",,
"82269032-a101-4d3e-ba4f-34fc015d255f","D18","TOOK","TOOK.AOS.inlet","2018-06-05","TOOK.IN.20180605.POM.1","A00000030269","condition ok","SIRFER Lab at University of Utah","2018-08-02","ElFtGy1kV49xqNP00HfxQA==","POM","1",500,25,100,"nitrogen",27.64,"microgramsPerLiter","Revesz & Coplen 2012a",,
"057f3ae4-13e3-405c-9ea9-e064a6618ac6","D18","TOOK","TOOK.AOS.inlet","2018-06-05","TOOK.IN.20180605.POM.1","A00000030269","condition ok","SIRFER Lab at University of Utah","2018-08-02","ElFtGy1kV49xqNP00HfxQA==","POM","1",500,25,100,"d15N",4.43,"perMill","Revesz & Coplen 2012a",,
