uid,domainID,siteID,namedLocation,collectDate,sampleID,sampleCode,sampleCondition,laboratoryName,analysisDate,analyzedBy,sampleType,replicate,sampleVolumeFiltered,filterSize,percentFilterAnalyzed,analyte,analyteConcentration,plantAlgaeLabUnits,method,externalRemarks,externalLabDataQF
"f1ccf767-54f2-41e4-a5b9-5405f96899d7","D09","PRLA","PRLA.AOS.inlet","2016-01-07","PRLA.IN.20160107.POM.2",,"condition ok","Academy of Natural Sciences of Drexel University","2017-02-15","OKgcKejxXbI=","13C15N","2",,,100,"d15N",0.31,"perMill",,,
"744d3d8b-c277-43ff-b665-bc3d10a25d89","D09","PRLA","PRLA.AOS.inlet","2016-01-07","PRLA.IN.20160107.POM.2",,"condition ok","Academy of Natural Sciences of Drexel University","2017-02-15","OKgcKejxXbI=","13C15N","2",,,100,"d13C",-29.20,"perMill",,,
"ac6490c0-2391-4fc1-b541-6fa286a657ba","D09","PRLA","PRLA.AOS.inlet","2016-01-07","PRLA.IN.20160107.POM.1",,"condition ok","Academy of Natural Sciences of Drexel University","2017-01-31","OKgcKejxXbI=","13C15N","1",,,100,"d15N",0.48,"perMill",,,
"630b9d3b-6693-40da-af40-0e2f8f472b96","D09","PRLA","PRLA.AOS.inlet","2016-01-07","PRLA.IN.20160107.POM.1",,"condition ok","Academy of Natural Sciences of Drexel University","2017-01-31","OKgcKejxXbI=","13C15N","1",,,100,"d13C",-29.58,"perMill",,,
"de05dc33-f7f8-4489-bf4a-2d6a82a5173f","D09","PRLA","PRLA.AOS.buoy.c0","2016-01-07","PRLA.C0.20160107.POM.2",,"other","Academy of Natural Sciences of Drexel University","2017-02-15","OKgcKejxXbI=","13C15N","2",,,100,"d15N",-5.79,"perMill",,"Filter stained purple",
"8764a363-8dd1-4783-9197-f0dcab1abe18","D09","PRLA","PRLA.AOS.buoy.c0","2016-01-07","PRLA.C0.20160107.POM.1",,"other","Academy of Natural Sciences of Drexel University","2017-01-31","OKgcKejxXbI=","13C15N","1",,,100,"d15N",-5.13,"perMill",,"Filter stained purple",
"6296198a-d888-4cc2-8c4f-df6d36fa7892","D09","PRLA","PRLA.AOS.buoy.c0","2016-01-07","PRLA.C0.20160107.POM.1",,"other","Academy of Natural Sciences of Drexel University","2017-01-31","OKgcKejxXbI=","13C15N","1",,,100,"d13C",-31.70,"perMill",,"Filter stained purple",
"76aa6c66-4934-4d49-b64c-90180b3126ed","D09","PRLA","PRLA.AOS.buoy.c0","2016-01-07","PRLA.C0.20160107.POM.2",,"other","Academy of Natural Sciences of Drexel University","2017-02-15","OKgcKejxXbI=","13C15N","2",,,100,"d13C",-31.74,"perMill",,"Filter stained purple",
"482e5494-2bbb-4752-9757-ad0249cace3e","D09","PRLA","PRLA.AOS.outlet","2016-01-07","PRLA.OT.20160107.POM.1",,"other","Academy of Natural Sciences of Drexel University","2017-01-31","OKgcKejxXbI=","13C15N","1",,,100,"d15N",-1.58,"perMill",,"Filter stained purple",
"712b7bd8-74d2-4839-8292-122246a536cf","D09","PRLA","PRLA.AOS.outlet","2016-01-07","PRLA.OT.20160107.POM.1",,"other","Academy of Natural Sciences of Drexel University","2017-01-31","OKgcKejxXbI=","13C15N","1",,,100,"d13C",-30.77,"perMill",,"Filter stained purple",
"2c46295d-8c5f-4db2-96e2-6ccc2ab9901b","D09","PRLA","PRLA.AOS.outlet","2016-01-07","PRLA.OT.20160107.POM.2",,"other","Academy of Natural Sciences of Drexel University","2017-02-15","OKgcKejxXbI=","13C15N","2",,,100,"d13C",-30.16,"perMill",,"Filter stained purple",
"30e3e6b2-51ea-42c2-85f2-ac7446578dc3","D09","PRLA","PRLA.AOS.outlet","2016-01-07","PRLA.OT.20160107.POM.2",,"other","Academy of Natural Sciences of Drexel University","2017-02-15","OKgcKejxXbI=","13C15N","2",,,100,"d15N",-0.51,"perMill",,"Filter stained purple",
