uid,domainID,siteID,namedLocation,collectDate,sampleID,sampleCode,sampleCondition,laboratoryName,analysisDate,analyzedBy,sampleType,replicate,sampleVolumeFiltered,filterSize,percentFilterAnalyzed,analyte,analyteConcentration,plantAlgaeLabUnits,method,externalRemarks,externalLabDataQF
"272b579f-fb17-4948-ab24-81a63ca78bdb","D15","REDB","REDB.AOS.S2","2017-01-10","REDB.SS.20170110.POM.1",,"condition ok","Academy of Natural Sciences of Drexel University","2017-04-08","OKgcKejxXbI=","13C15N","1",,,100,"d13C",-27.95,"perMill",,,
"fe68c8b1-bcf9-4dbf-aa8d-9f4f95644d8c","D15","REDB","REDB.AOS.S2","2017-01-10","REDB.SS.20170110.POM.2",,"other","Academy of Natural Sciences of Drexel University","2017-05-23","OKgcKejxXbI=","13C15N","2",,,100,"d13C",-26.36,"perMill",,"Slight leakage",
"f2e07124-eec1-4475-bbab-1351a4e10f74","D15","REDB","REDB.AOS.S2","2017-01-10","REDB.SS.20170110.POM.1",,"condition ok","Academy of Natural Sciences of Drexel University","2017-04-08","OKgcKejxXbI=","13C15N","1",,,100,"d15N",4.60,"perMill",,,
"705e4b15-5f83-4309-97d9-c285baaa8f4b","D15","REDB","REDB.AOS.S2","2017-01-10","REDB.SS.20170110.POM.2",,"other","Academy of Natural Sciences of Drexel University","2017-05-23","OKgcKejxXbI=","13C15N","2",,,100,"d15N",4.36,"perMill",,"Slight leakage",
