uid,domainID,siteID,namedLocation,collectDate,sampleID,sampleCode,sampleCondition,laboratoryName,analysisDate,analyzedBy,sampleType,replicate,sampleVolumeFiltered,filterSize,percentFilterAnalyzed,analyte,analyteConcentration,plantAlgaeLabUnits,method,externalRemarks,externalLabDataQF
"3a939f91-2e8f-4435-9b43-d5b2975af90d","D07","WALK","WALK.AOS.S2","2019-02-12","WALK.SS.20190212.POM.1","A00000044963","condition ok","SIRFER Lab at University of Utah","2019-04-22","ElFtGy1kV49xqNP00HfxQA==","POM","1",1000,25,100,"nitrogen",24.09,"microgramsPerLiter","Revesz & Coplen 2012a",,
"6a9598a6-89e1-411d-a092-4fe97d236cd0","D07","WALK","WALK.AOS.S2","2019-02-12","WALK.SS.20190212.POM.1","A00000044963","condition ok","SIRFER Lab at University of Utah","2019-04-22","ElFtGy1kV49xqNP00HfxQA==","POM","1",1000,25,100,"d15N",2.64,"perMill","Revesz & Coplen 2012a",,
"e5693c77-5442-4e97-9fcc-c96ffd3e54ec","D07","WALK","WALK.AOS.S2","2019-02-12","WALK.SS.20190212.POM.1","A00000044963","condition ok","SIRFER Lab at University of Utah","2019-04-22","ElFtGy1kV49xqNP00HfxQA==","POM","1",1000,25,100,"carbon",349.76,"microgramsPerLiter","Revesz & Coplen 2012a",,
"b89d8d3d-6acc-4c17-9508-1cb4a3af15c3","D07","WALK","WALK.AOS.S2","2019-02-12","WALK.SS.20190212.POM.1","A00000044963","condition ok","SIRFER Lab at University of Utah","2019-04-22","ElFtGy1kV49xqNP00HfxQA==","POM","1",1000,25,100,"d13C",-27.74,"perMill","Revesz & Coplen 2012a",,
"ff669b92-2196-406a-952c-b87b7684b599","D07","WALK","WALK.AOS.S2","2019-02-18","WALK.SS.20190218.POM.1","A00000046161","condition ok","SIRFER Lab at University of Utah","2019-04-22","ElFtGy1kV49xqNP00HfxQA==","POM","1",1000,25,100,"carbon",143.14,"microgramsPerLiter","Revesz & Coplen 2012a",,
"0cec7604-9e68-46a6-8850-fe0eb712ad5a","D07","WALK","WALK.AOS.S2","2019-02-18","WALK.SS.20190218.POM.1","A00000046161","condition ok","SIRFER Lab at University of Utah","2019-04-22","ElFtGy1kV49xqNP00HfxQA==","POM","1",1000,25,100,"d13C",-27.23,"perMill","Revesz & Coplen 2012a",,
"dac1b47a-1248-4e99-a4b5-35661f8fc681","D07","WALK","WALK.AOS.S2","2019-02-18","WALK.SS.20190218.POM.1","A00000046161","condition ok","SIRFER Lab at University of Utah","2019-04-22","ElFtGy1kV49xqNP00HfxQA==","POM","1",1000,25,100,"nitrogen",7.86,"microgramsPerLiter","Revesz & Coplen 2012a",,
"5901d157-e5da-4ddf-93d1-fa5907d5fa2e","D07","WALK","WALK.AOS.S2","2019-02-18","WALK.SS.20190218.POM.1","A00000046161","condition ok","SIRFER Lab at University of Utah","2019-04-22","ElFtGy1kV49xqNP00HfxQA==","POM","1",1000,25,100,"d15N",2.63,"perMill","Revesz & Coplen 2012a",,
