uid,domainID,siteID,namedLocation,collectDate,sampleID,sampleCode,sampleCondition,laboratoryName,analysisDate,analyzedBy,sampleType,replicate,sampleVolumeFiltered,filterSize,percentFilterAnalyzed,analyte,analyteConcentration,plantAlgaeLabUnits,method,externalRemarks,externalLabDataQF
"d0b17bf2-1511-4bf7-86e9-ceba527d350f","D18","TOOK","TOOK.AOS.buoy.c0","2017-03-07","TOOK.C0.20170307.POM.2",,"condition ok","SIRFER Lab at University of Utah","2018-05-10","ElFtGy1kV49xqNP00HfxQA==","POM","1",600,25,100,"nitrogen",17.27,"microgramsPerLiter","Revesz & Coplen 2012a",,
"f9bd0613-2a2d-4631-986e-71cc542fbb53","D18","TOOK","TOOK.AOS.buoy.c0","2017-03-07","TOOK.C0.20170307.POM.2",,"condition ok","SIRFER Lab at University of Utah","2018-05-10","ElFtGy1kV49xqNP00HfxQA==","POM","1",600,25,100,"d15N",11.95,"perMill","Revesz & Coplen 2012a",,
"69652d4f-420b-44cd-8999-ce78f6a4092f","D18","TOOK","TOOK.AOS.buoy.c0","2017-03-07","TOOK.C0.20170307.POM.2",,"condition ok","SIRFER Lab at University of Utah","2018-05-10","ElFtGy1kV49xqNP00HfxQA==","POM","1",600,25,100,"carbon",143.09,"microgramsPerLiter","Revesz & Coplen 2012a",,
"ebdee379-7a68-4a80-bc35-655da067a04a","D18","TOOK","TOOK.AOS.buoy.c0","2017-03-07","TOOK.C0.20170307.POM.2",,"condition ok","SIRFER Lab at University of Utah","2018-05-10","ElFtGy1kV49xqNP00HfxQA==","POM","1",600,25,100,"d13C",-26.96,"perMill","Revesz & Coplen 2012a",,
