uid,domainID,siteID,namedLocation,collectDate,sampleID,sampleCode,sampleCondition,laboratoryName,analysisDate,analyzedBy,sampleType,replicate,sampleVolumeFiltered,filterSize,percentFilterAnalyzed,analyte,analyteConcentration,plantAlgaeLabUnits,method,externalRemarks,externalLabDataQF
"cf72dfd7-3618-41b6-b725-4e47d41db142","D13","COMO","COMO.AOS.S2","2019-04-23","COMO.SS.20190423.POM.1","A00000089689","condition ok","SIRFER Lab at University of Utah","2019-09-23","ElFtGy1kV49xqNP00HfxQA==","POM","1",600,25,100,"nitrogen",57.63,"microgramsPerLiter","Revesz & Coplen 2012a",,
"6b084085-8376-43d5-9964-3a4fcbeef6f7","D13","COMO","COMO.AOS.S2","2019-04-23","COMO.SS.20190423.POM.1","A00000089689","condition ok","SIRFER Lab at University of Utah","2019-09-23","ElFtGy1kV49xqNP00HfxQA==","POM","1",600,25,100,"d13C",-27.05,"perMill","Revesz & Coplen 2012a",,
"2be1fd09-5f12-4475-9cd5-08606e38c889","D13","COMO","COMO.AOS.S2","2019-04-23","COMO.SS.20190423.POM.1","A00000089689","condition ok","SIRFER Lab at University of Utah","2019-09-23","ElFtGy1kV49xqNP00HfxQA==","POM","1",600,25,100,"carbon",936.47,"microgramsPerLiter","Revesz & Coplen 2012a",,
"ce77f4ca-450a-4e28-96f9-618d14e1459d","D13","COMO","COMO.AOS.S2","2019-04-23","COMO.SS.20190423.POM.1","A00000089689","condition ok","SIRFER Lab at University of Utah","2019-09-23","ElFtGy1kV49xqNP00HfxQA==","POM","1",600,25,100,"d15N",2.82,"perMill","Revesz & Coplen 2012a",,
