uid,domainID,siteID,namedLocation,collectDate,sampleID,sampleCode,sampleCondition,laboratoryName,analysisDate,analyzedBy,sampleType,replicate,sampleVolumeFiltered,filterSize,percentFilterAnalyzed,analyte,analyteConcentration,plantAlgaeLabUnits,method,externalRemarks,externalLabDataQF
"c56ee5a0-2eaa-46cd-ad91-bf2cada36152","D08","MAYF","MAYF.AOS.S2","2017-09-05","MAYF.SS.20170905.POM.1",,"condition ok","SIRFER Lab at University of Utah","2018-03-23","ElFtGy1kV49xqNP00HfxQA==","POM","1",50,25,100,"d15N",9.49,"perMill","Revesz & Coplen 2012a",,
"8aace21e-221c-4f02-81bd-d822640100b7","D08","MAYF","MAYF.AOS.S2","2017-09-05","MAYF.SS.20170905.POM.1",,"condition ok","SIRFER Lab at University of Utah","2018-03-23","ElFtGy1kV49xqNP00HfxQA==","POM","1",50,25,100,"nitrogen",99.74,"microgramsPerLiter","Revesz & Coplen 2012a",,
"6f046034-1c95-45b8-81ee-f84322f83d77","D08","MAYF","MAYF.AOS.S2","2017-09-05","MAYF.SS.20170905.POM.1",,"condition ok","SIRFER Lab at University of Utah","2018-03-23","ElFtGy1kV49xqNP00HfxQA==","POM","1",50,25,100,"carbon",1553.13,"microgramsPerLiter","Revesz & Coplen 2012a",,
"33daa48c-2d0a-4221-aef8-a266ce0e82a2","D08","MAYF","MAYF.AOS.S2","2017-09-05","MAYF.SS.20170905.POM.1",,"condition ok","SIRFER Lab at University of Utah","2018-03-23","ElFtGy1kV49xqNP00HfxQA==","POM","1",50,25,100,"d13C",-28.14,"perMill","Revesz & Coplen 2012a",,
"38743d6a-2e18-492a-bb38-11ea9f8cbf17","D08","MAYF","MAYF.AOS.S2","2017-09-13","MAYF.SS.20170913.POM.1",,"condition ok","SIRFER Lab at University of Utah","2018-03-23","ElFtGy1kV49xqNP00HfxQA==","POM","1",50,25,100,"d13C",-27.23,"perMill","Revesz & Coplen 2012a",,
"5ddda89c-7fb1-40f6-b5b1-bb0541f587be","D08","MAYF","MAYF.AOS.S2","2017-09-13","MAYF.SS.20170913.POM.1",,"condition ok","SIRFER Lab at University of Utah","2018-03-23","ElFtGy1kV49xqNP00HfxQA==","POM","1",50,25,100,"carbon",1227.88,"microgramsPerLiter","Revesz & Coplen 2012a",,
"5b6c2a91-79e5-4606-abd4-6bc98bd9c29b","D08","MAYF","MAYF.AOS.S2","2017-09-13","MAYF.SS.20170913.POM.1",,"condition ok","SIRFER Lab at University of Utah","2018-03-23","ElFtGy1kV49xqNP00HfxQA==","POM","1",50,25,100,"nitrogen",103.28,"microgramsPerLiter","Revesz & Coplen 2012a",,
"60bbb5cf-bbf6-4d25-8ab6-342d058b9bba","D08","MAYF","MAYF.AOS.S2","2017-09-13","MAYF.SS.20170913.POM.1",,"condition ok","SIRFER Lab at University of Utah","2018-03-23","ElFtGy1kV49xqNP00HfxQA==","POM","1",50,25,100,"d15N",10.15,"perMill","Revesz & Coplen 2012a",,
