uid,domainID,siteID,namedLocation,collectDate,sampleID,sampleCode,sampleCondition,laboratoryName,analysisDate,analyzedBy,sampleType,replicate,sampleVolumeFiltered,filterSize,percentFilterAnalyzed,analyte,analyteConcentration,plantAlgaeLabUnits,method,externalRemarks,externalLabDataQF
"20d00d07-6d4c-403e-86ae-1fb88d7991cb","D02","POSE","POSE.AOS.S2","2017-07-24","POSE.SS.20170724.POM.1",,"condition ok","SIRFER Lab at University of Utah","2018-03-09","ElFtGy1kV49xqNP00HfxQA==","POM","1",200,25,100,"nitrogen",232.34,"percent","Revesz & Coplen 2012a",,
"17151a46-30a1-482e-96c0-6a2409a123c1","D02","POSE","POSE.AOS.S2","2017-07-24","POSE.SS.20170724.POM.1",,"condition ok","SIRFER Lab at University of Utah","2018-03-09","ElFtGy1kV49xqNP00HfxQA==","POM","1",200,25,100,"d13C",-27.42,"perMill","Revesz & Coplen 2012a",,
"66f8fe88-003a-4bb2-a924-f44f32a3e320","D02","POSE","POSE.AOS.S2","2017-07-24","POSE.SS.20170724.POM.1",,"condition ok","SIRFER Lab at University of Utah","2018-03-09","ElFtGy1kV49xqNP00HfxQA==","POM","1",200,25,100,"d15N",3.47,"perMill","Revesz & Coplen 2012a",,
"eb0b84dc-62db-4467-91fa-b4e36d18e4e1","D02","POSE","POSE.AOS.S2","2017-07-24","POSE.SS.20170724.POM.1",,"condition ok","SIRFER Lab at University of Utah","2018-03-09","ElFtGy1kV49xqNP00HfxQA==","POM","1",200,25,100,"carbon",3525.04,"percent","Revesz & Coplen 2012a",,
