uid,domainID,siteID,namedLocation,collectDate,sampleID,sampleCode,sampleCondition,laboratoryName,analysisDate,analyzedBy,sampleType,replicate,sampleVolumeFiltered,filterSize,percentFilterAnalyzed,analyte,analyteConcentration,plantAlgaeLabUnits,method,externalRemarks,externalLabDataQF
"912a6744-c2a0-440a-92aa-bdce5c909a45","D07","LECO","LECO.AOS.S2","2018-07-16","LECO.SS.20180716.POM.1","A00000012005","condition ok","SIRFER Lab at University of Utah","2018-08-30","ElFtGy1kV49xqNP00HfxQA==","POM","1",800,25,100,"carbon",740.56,"microgramsPerLiter","Revesz & Coplen 2012a",,
"93abfea3-b798-4d28-b3aa-2823c9f6801a","D07","LECO","LECO.AOS.S2","2018-07-16","LECO.SS.20180716.POM.1","A00000012005","condition ok","SIRFER Lab at University of Utah","2018-08-30","ElFtGy1kV49xqNP00HfxQA==","POM","1",800,25,100,"d13C",-29.26,"perMill","Revesz & Coplen 2012a",,
"126b9568-41cc-4dbe-bd6c-f9615fd7d012","D07","LECO","LECO.AOS.S2","2018-07-16","LECO.SS.20180716.POM.1","A00000012005","condition ok","SIRFER Lab at University of Utah","2018-08-30","ElFtGy1kV49xqNP00HfxQA==","POM","1",800,25,100,"nitrogen",69.66,"microgramsPerLiter","Revesz & Coplen 2012a",,
"045b0089-c76c-4b55-83a6-823c0e255cb1","D07","LECO","LECO.AOS.S2","2018-07-16","LECO.SS.20180716.POM.1","A00000012005","condition ok","SIRFER Lab at University of Utah","2018-08-30","ElFtGy1kV49xqNP00HfxQA==","POM","1",800,25,100,"d15N",1.57,"perMill","Revesz & Coplen 2012a",,
