uid,domainID,siteID,namedLocation,collectDate,sampleID,sampleCode,sampleCondition,laboratoryName,analysisDate,analyzedBy,sampleType,replicate,sampleVolumeFiltered,filterSize,percentFilterAnalyzed,analyte,analyteConcentration,plantAlgaeLabUnits,method,externalRemarks,externalLabDataQF
"afd67cfb-484c-4b7c-bf08-116d5b3bd90b","D03","FLNT","FLNT.AOS.buoy.c0","2017-04-11","FLIN.C0.20170411.POM.2",,"condition ok","SIRFER Lab at University of Utah","2018-05-22","ElFtGy1kV49xqNP00HfxQA==","POM","1",,,100,"d13C",-27.40,"perMill","Revesz & Coplen 2012a",,
"efc5d568-61a9-497a-b1e7-9117ae62e90f","D03","FLNT","FLNT.AOS.buoy.c0","2017-04-11","FLIN.C0.20170411.POM.2",,"condition ok","SIRFER Lab at University of Utah","2018-05-22","ElFtGy1kV49xqNP00HfxQA==","POM","1",,,100,"carbon",430.09,"microgramsPerLiter","Revesz & Coplen 2012a",,
"5474721b-61d3-45d4-97ff-a7f2550e03af","D03","FLNT","FLNT.AOS.buoy.c0","2017-04-11","FLIN.C0.20170411.POM.2",,"condition ok","SIRFER Lab at University of Utah","2018-05-22","ElFtGy1kV49xqNP00HfxQA==","POM","1",,,100,"d15N",12.73,"perMill","Revesz & Coplen 2012a",,
"9aabfc57-0a32-4dc4-bdcc-0d161cb0b4d4","D03","FLNT","FLNT.AOS.buoy.c0","2017-04-11","FLIN.C0.20170411.POM.2",,"condition ok","SIRFER Lab at University of Utah","2018-05-22","ElFtGy1kV49xqNP00HfxQA==","POM","1",,,100,"nitrogen",43.02,"microgramsPerLiter","Revesz & Coplen 2012a",,
"41f5a866-20c0-4fa4-aa07-ef69ee7fb887","D03","FLNT","FLNT.AOS.buoy.c0","2017-04-18","FLIN.C0.20170418.POM.2",,"condition ok","SIRFER Lab at University of Utah","2018-05-26","ElFtGy1kV49xqNP00HfxQA==","POM","1",,,100,"d15N",10.41,"perMill","Revesz & Coplen 2012a",,
"cc30413b-df0b-4b05-a974-327c7d0e8d78","D03","FLNT","FLNT.AOS.buoy.c0","2017-04-18","FLIN.C0.20170418.POM.2",,"condition ok","SIRFER Lab at University of Utah","2018-05-26","ElFtGy1kV49xqNP00HfxQA==","POM","1",,,100,"carbon",447.71,"microgramsPerLiter","Revesz & Coplen 2012a",,
"70004aa5-4a21-450a-a5ee-33e2bb156611","D03","FLNT","FLNT.AOS.buoy.c0","2017-04-18","FLIN.C0.20170418.POM.2",,"condition ok","SIRFER Lab at University of Utah","2018-05-26","ElFtGy1kV49xqNP00HfxQA==","POM","1",,,100,"nitrogen",40.70,"microgramsPerLiter","Revesz & Coplen 2012a",,
"1b80a666-6065-4643-9963-578fee27d2da","D03","FLNT","FLNT.AOS.buoy.c0","2017-04-18","FLIN.C0.20170418.POM.2",,"condition ok","SIRFER Lab at University of Utah","2018-05-26","ElFtGy1kV49xqNP00HfxQA==","POM","1",,,100,"d13C",-26.63,"perMill","Revesz & Coplen 2012a",,
"15472c76-9a67-4bed-b7b5-9833f30932db","D03","FLNT","FLNT.AOS.buoy.c0","2017-04-25","FLNT.C0.20170425.POM.2",,"condition ok","SIRFER Lab at University of Utah","2018-05-26","ElFtGy1kV49xqNP00HfxQA==","POM","1",,,100,"d13C",-28.01,"perMill","Revesz & Coplen 2012a",,
"03a5881b-d0d1-4bf5-954f-7a0e357abadd","D03","FLNT","FLNT.AOS.buoy.c0","2017-04-25","FLNT.C0.20170425.POM.2",,"condition ok","SIRFER Lab at University of Utah","2018-05-26","ElFtGy1kV49xqNP00HfxQA==","POM","1",,,100,"carbon",421.87,"microgramsPerLiter","Revesz & Coplen 2012a",,
"3f8a59ec-201a-4976-b9f5-b57740bfd747","D03","FLNT","FLNT.AOS.buoy.c0","2017-04-25","FLNT.C0.20170425.POM.2",,"condition ok","SIRFER Lab at University of Utah","2018-05-26","ElFtGy1kV49xqNP00HfxQA==","POM","1",,,100,"d15N",12.02,"perMill","Revesz & Coplen 2012a",,
"1d66c2fb-7bee-4462-8553-9f5f9043072b","D03","FLNT","FLNT.AOS.buoy.c0","2017-04-25","FLNT.C0.20170425.POM.2",,"condition ok","SIRFER Lab at University of Utah","2018-05-26","ElFtGy1kV49xqNP00HfxQA==","POM","1",,,100,"nitrogen",37.93,"microgramsPerLiter","Revesz & Coplen 2012a",,
