uid,domainID,siteID,namedLocation,collectDate,sampleID,sampleCode,sampleCondition,laboratoryName,analysisDate,analyzedBy,sampleType,replicate,sampleVolumeFiltered,filterSize,percentFilterAnalyzed,analyte,analyteConcentration,plantAlgaeLabUnits,method,externalRemarks,externalLabDataQF
"5b5f7c8c-4411-4aaf-9e9a-a5961fd967b8","D06","MCDI","MCDI.AOS.S2","2017-08-08","MCDI.SS.20170808.POM.1",,"condition ok","SIRFER Lab at University of Utah","2018-03-07","ElFtGy1kV49xqNP00HfxQA==","POM","1",,,100,"nitrogen",80.73,"microgramsPerLiter","Revesz & Coplen 2012a",,
"1c97f819-9513-4ef4-935d-3966244dceee","D06","MCDI","MCDI.AOS.S2","2017-08-08","MCDI.SS.20170808.POM.1",,"condition ok","SIRFER Lab at University of Utah","2018-03-07","ElFtGy1kV49xqNP00HfxQA==","POM","1",,,100,"carbon",529.52,"microgramsPerLiter","Revesz & Coplen 2012a",,
"9f4c3172-995f-4e9c-94ed-d0a6feef0009","D06","MCDI","MCDI.AOS.S2","2017-08-08","MCDI.SS.20170808.POM.1",,"condition ok","SIRFER Lab at University of Utah","2018-03-07","ElFtGy1kV49xqNP00HfxQA==","POM","1",,,100,"d15N",4.49,"perMill","Revesz & Coplen 2012a",,
"04e37aa6-0990-4bd3-a270-028f632ba18d","D06","MCDI","MCDI.AOS.S2","2017-08-08","MCDI.SS.20170808.POM.1",,"condition ok","SIRFER Lab at University of Utah","2018-03-07","ElFtGy1kV49xqNP00HfxQA==","POM","1",,,100,"d13C",-26.17,"perMill","Revesz & Coplen 2012a",,
"618a4c8c-eb22-481d-b57b-361ccec1ccfe","D06","MCDI","MCDI.AOS.S2","2017-08-15","MCDI.SS.20170815.POM.1",,"condition ok","SIRFER Lab at University of Utah","2018-03-07","ElFtGy1kV49xqNP00HfxQA==","POM","1",,,100,"nitrogen",28.46,"percent","Revesz & Coplen 2012a",,
"6c04408e-72ec-4ac4-81af-4745b8477e5e","D06","MCDI","MCDI.AOS.S2","2017-08-15","MCDI.SS.20170815.POM.1",,"condition ok","SIRFER Lab at University of Utah","2018-03-07","ElFtGy1kV49xqNP00HfxQA==","POM","1",,,100,"carbon",212.08,"percent","Revesz & Coplen 2012a",,
"ee0dddc6-bce9-4bab-a9d2-6c9cb5e5392e","D06","MCDI","MCDI.AOS.S2","2017-08-15","MCDI.SS.20170815.POM.1",,"condition ok","SIRFER Lab at University of Utah","2018-03-07","ElFtGy1kV49xqNP00HfxQA==","POM","1",,,100,"d15N",5.69,"perMill","Revesz & Coplen 2012a",,
"f9da3639-bd4c-4b7b-a45f-4508037b62d4","D06","MCDI","MCDI.AOS.S2","2017-08-15","MCDI.SS.20170815.POM.1",,"condition ok","SIRFER Lab at University of Utah","2018-03-07","ElFtGy1kV49xqNP00HfxQA==","POM","1",,,100,"d13C",-22.76,"perMill","Revesz & Coplen 2012a",,
