uid,domainID,siteID,namedLocation,collectDate,sampleID,sampleCode,sampleCondition,laboratoryName,analysisDate,analyzedBy,sampleType,replicate,sampleVolumeFiltered,filterSize,percentFilterAnalyzed,analyte,analyteConcentration,plantAlgaeLabUnits,method,externalRemarks,externalLabDataQF
"1f6359a3-5868-458b-a229-b5d44cc9f1d2","D12","BLDE","BLDE.AOS.S2","2019-06-13","BLDE.SS.20190613.POM.1","A00000053833","condition ok","SIRFER Lab at University of Utah","2019-10-25","ElFtGy1kV49xqNP00HfxQA==","POM","1",200,25,100,"carbon",999.80,"microgramsPerLiter","Revesz & Coplen 2012a",,
"447d81ad-0517-4a5f-9285-af2ad4902a3c","D12","BLDE","BLDE.AOS.S2","2019-06-13","BLDE.SS.20190613.POM.1","A00000053833","condition ok","SIRFER Lab at University of Utah","2019-10-25","ElFtGy1kV49xqNP00HfxQA==","POM","1",200,25,100,"d13C",-26.17,"perMill","Revesz & Coplen 2012a",,
"2b128d27-73bc-46d5-be8a-64393f095df1","D12","BLDE","BLDE.AOS.S2","2019-06-13","BLDE.SS.20190613.POM.1","A00000053833","condition ok","SIRFER Lab at University of Utah","2019-10-25","ElFtGy1kV49xqNP00HfxQA==","POM","1",200,25,100,"nitrogen",76.06,"microgramsPerLiter","Revesz & Coplen 2012a",,
"bf670efe-7080-4d1c-833f-29f9473bf931","D12","BLDE","BLDE.AOS.S2","2019-06-13","BLDE.SS.20190613.POM.1","A00000053833","condition ok","SIRFER Lab at University of Utah","2019-10-25","ElFtGy1kV49xqNP00HfxQA==","POM","1",200,25,100,"d15N",2.50,"perMill","Revesz & Coplen 2012a",,
"907d21fb-49f6-4bc5-a9d5-ca089d0e4416","D12","BLDE","BLDE.AOS.S2","2019-06-17","BLDE.SS.20190617.POM.1","A00000054195","condition ok","SIRFER Lab at University of Utah","2019-10-25","ElFtGy1kV49xqNP00HfxQA==","POM","1",400,25,100,"d15N",2.15,"perMill","Revesz & Coplen 2012a",,
"c4be061f-36fb-4bc7-a7f5-abedb8bba61f","D12","BLDE","BLDE.AOS.S2","2019-06-17","BLDE.SS.20190617.POM.1","A00000054195","condition ok","SIRFER Lab at University of Utah","2019-10-25","ElFtGy1kV49xqNP00HfxQA==","POM","1",400,25,100,"d13C",-25.99,"perMill","Revesz & Coplen 2012a",,
"be74c997-0a28-48c6-b0e9-04f37dbad8fd","D12","BLDE","BLDE.AOS.S2","2019-06-17","BLDE.SS.20190617.POM.1","A00000054195","condition ok","SIRFER Lab at University of Utah","2019-10-25","ElFtGy1kV49xqNP00HfxQA==","POM","1",400,25,100,"nitrogen",35.10,"microgramsPerLiter","Revesz & Coplen 2012a",,
"d920e49e-5500-4106-a110-a0388c2cedf3","D12","BLDE","BLDE.AOS.S2","2019-06-17","BLDE.SS.20190617.POM.1","A00000054195","condition ok","SIRFER Lab at University of Utah","2019-10-25","ElFtGy1kV49xqNP00HfxQA==","POM","1",400,25,100,"carbon",467.38,"microgramsPerLiter","Revesz & Coplen 2012a",,
"e4cae553-e670-427f-8be7-21f83b4cce7c","D12","BLDE","BLDE.AOS.S2","2019-06-20","BLDE.SS.20190620.POM.1","A00000054412","condition ok","SIRFER Lab at University of Utah","2019-10-25","ElFtGy1kV49xqNP00HfxQA==","POM","1",550,25,100,"nitrogen",33.84,"microgramsPerLiter","Revesz & Coplen 2012a",,
"83afdb84-54fe-4104-88bc-c96d4ff4e8a3","D12","BLDE","BLDE.AOS.S2","2019-06-20","BLDE.SS.20190620.POM.1","A00000054412","condition ok","SIRFER Lab at University of Utah","2019-10-25","ElFtGy1kV49xqNP00HfxQA==","POM","1",550,25,100,"d15N",3.01,"perMill","Revesz & Coplen 2012a",,
"a5def1a4-72e5-46f8-9423-f67c4f4cac91","D12","BLDE","BLDE.AOS.S2","2019-06-20","BLDE.SS.20190620.POM.1","A00000054412","condition ok","SIRFER Lab at University of Utah","2019-10-25","ElFtGy1kV49xqNP00HfxQA==","POM","1",550,25,100,"carbon",444.28,"microgramsPerLiter","Revesz & Coplen 2012a",,
"90433dab-0fe1-4d60-b345-780ec9cb955f","D12","BLDE","BLDE.AOS.S2","2019-06-20","BLDE.SS.20190620.POM.1","A00000054412","condition ok","SIRFER Lab at University of Utah","2019-10-25","ElFtGy1kV49xqNP00HfxQA==","POM","1",550,25,100,"d13C",-26.37,"perMill","Revesz & Coplen 2012a",,
"5d64169b-213c-434a-9fa5-5373d55ac0de","D12","BLDE","BLDE.AOS.S2","2019-06-25","BLDE.SS.20190625.POM.1","A00000054376","condition ok","SIRFER Lab at University of Utah","2019-10-25","ElFtGy1kV49xqNP00HfxQA==","POM","1",600,25,100,"d13C",-26.39,"perMill","Revesz & Coplen 2012a",,
"7f4fd858-5462-47a5-88ef-e8438b0c955c","D12","BLDE","BLDE.AOS.S2","2019-06-25","BLDE.SS.20190625.POM.1","A00000054376","condition ok","SIRFER Lab at University of Utah","2019-10-25","ElFtGy1kV49xqNP00HfxQA==","POM","1",600,25,100,"carbon",568.34,"microgramsPerLiter","Revesz & Coplen 2012a",,
"eace4a1d-1d16-4854-8ea5-2b00e12d4dbe","D12","BLDE","BLDE.AOS.S2","2019-06-25","BLDE.SS.20190625.POM.1","A00000054376","condition ok","SIRFER Lab at University of Utah","2019-10-25","ElFtGy1kV49xqNP00HfxQA==","POM","1",600,25,100,"d15N",0.55,"perMill","Revesz & Coplen 2012a",,
"e1cc598f-9784-4c9b-af71-dbd67eb6b2df","D12","BLDE","BLDE.AOS.S2","2019-06-25","BLDE.SS.20190625.POM.1","A00000054376","condition ok","SIRFER Lab at University of Utah","2019-10-25","ElFtGy1kV49xqNP00HfxQA==","POM","1",600,25,100,"nitrogen",41.62,"microgramsPerLiter","Revesz & Coplen 2012a",,
