uid,domainID,siteID,namedLocation,decimalLatitude,decimalLongitude,coordinateUncertainty,additionalCoordUncertainty,elevation,elevationUncertainty,geodeticDatum,altLocation,altLatitude,altLongitude,altCoordinateUncertainty,altGeodeticDatum,collectDate,aquaticSiteType,samplingImpractical,parentSampleID,parentSampleCode,eventID,samplerType,dissolvedOxygen,dissolvedOxygenSaturation,specificConductance,waterTemp,asiSamplingProtocolVersion,lowerSegmentDepth,upperSegmentDepth,maxDepth,lakeSampleDepth1,lakeSampleDepth2,aCollectedBy,bCollectedBy,remarks,fieldDataQF
"7f1f2351-a69c-4986-8ed8-c77e6d45bd0e","D12","BLDE","BLDE.AOS.S2",44.953606,-110.589396,0.1,10.0,2023.3,0.1,"WGS84",,,,,,"2019-06-04T15:51Z","stream",,"BLDE.SS.20190604",,"BLDE.20190604","Grab",12.32,98.40,55.30,5.70,"NEON.DOC.001886vG",,,,,,"0000-0003-0371-727X","0000-0002-5114-0770","Water from East Fork Blacktail Deer Creek floodplain flowing into Blacktail Deer creek upstream of sample collection.",
"6c6bb9fc-49b8-4fe1-8e26-6ee21d6dd4a8","D12","BLDE","BLDE.AOS.S2",44.953606,-110.589396,0.1,10.0,2023.3,0.1,"WGS84",,,,,,"2019-06-10T16:59Z","stream",,"BLDE.SS.20190610",,"BLDE.20190610","Grab",10.96,85.20,61.40,4.70,"NEON.DOC.001886vG",,,,,,"0000-0003-0371-727X","0000-0002-4260-8503","Water from East Fork Blacktail Deer Creek floodplain flowing into Blacktail Deer creek upstream of sample collection.",
"6fc63f8c-4dfe-4851-a42f-e58130d4a8bc","D12","BLDE","BLDE.AOS.S2",44.953606,-110.589396,0.1,10.0,2023.3,0.1,"WGS84",,,,,,"2019-06-13T16:25Z","stream",,"BLDE.SS.20190613",,"BLDE.20190613","Grab",10.05,86.40,71.00,8.70,"NEON.DOC.001886vG",,,,,,"0000-0003-0371-727X","0000-0002-8294-0383","Water from East Fork Blacktail Deer Creek floodplain flowing into Blacktail Deer creek upstream of sample collection.",
"abb5dd9a-f4cc-43aa-bf7b-65b8068b7e17","D12","BLDE","BLDE.AOS.S2",44.953606,-110.589396,0.1,10.0,2023.3,0.1,"WGS84",,,,,,"2019-06-17T17:30Z","stream",,"BLDE.SS.20190617",,"BLDE.20190617","Grab",10.82,91.60,65.40,8.10,"NEON.DOC.001886vG",,,,,,"0000-0003-0371-727X","0000-0002-8751-835X","Water from East Fork Blacktail Deer Creek floodplain flowing into Blacktail Deer creek upstream of sample collection.",
"6fcf003d-ffcc-4c68-9b3a-3a82eb6f0e44","D12","BLDE","BLDE.AOS.S2",44.953606,-110.589396,0.1,10.0,2023.3,0.1,"WGS84",,,,,,"2019-06-20T18:30Z","stream",,"BLDE.SS.20190620",,"BLDE.20190620","Grab",10.41,84.90,66.30,6.60,"NEON.DOC.001886vG",,,,,,"0000-0003-0371-727X","0000-0002-8751-835X","Water from East Fork Blacktail Deer Creek floodplain flowing into Blacktail Deer creek upstream of sample collection.",
"5cdab37e-6867-4b06-b4be-db69c766be2c","D12","BLDE","BLDE.AOS.S2",44.953606,-110.589396,0.1,10.0,2023.3,0.1,"WGS84",,,,,,"2019-06-25T17:46Z","stream",,"BLDE.SS.20190625",,"BLDE.20190625","Grab",10.82,90.80,71.80,7.70,"NEON.DOC.001886vG",,,,,,"0000-0003-4208-4989","0000-0001-5523-6326",,
