uid,domainID,siteID,namedLocation,collectDate,analysisDate,isotopeH2OSampleID,isotopeH2OSampleCode,instrumentSN,d18OWater,d2HWater,d18OsdWater,d2HsdWater,isotopeH2OExternalLabQF,laboratoryName,analyzedBy,sampleCondition,externalRemarks,externalLabDataQF
"07ef5e04-ddee-4135-a6a0-3849f2fe0240","D12","BLDE","BLDE.AOS.S2","2019-06-04","2019-07-08","BLDE.SS.20190604.H2O.1","A00000054156","HIDS2052",-19.28,-145.13,0.06,0.18,0,"SIRFER Lab at University of Utah","OlSmE6RRn5QQH8tvUHmK5i/poYiQr6sd","OK",,
"187cf7b6-1d61-4e95-8a69-98ab15d8f2f9","D12","BLDE","BLDE.AOS.S2","2019-06-10","2019-07-08","BLDE.SS.20190610.H2O.1","A00000053849","HIDS2052",-19.19,-144.12,0.04,0.17,0,"SIRFER Lab at University of Utah","OlSmE6RRn5QQH8tvUHmK5i/poYiQr6sd","OK",,
"b3670e64-ee7a-4ea9-8c17-b2c520f0c315","D12","BLDE","BLDE.AOS.S2","2019-06-13","2019-09-25","BLDE.SS.20190613.H2O.1","A00000053867","HIDS2052",-18.74,-141.38,0.06,0.15,0,"SIRFER Lab at University of Utah","OlSmE6RRn5QQH8tvUHmK5i/poYiQr6sd","OK",,
"5c8fbf78-e0b3-46d6-a5ad-23159aa0404c","D12","BLDE","BLDE.AOS.S2","2019-06-17","2019-09-25","BLDE.SS.20190617.H2O.1","A00000053866","HIDS2052",-19.07,-143.27,0.02,0.20,0,"SIRFER Lab at University of Utah","OlSmE6RRn5QQH8tvUHmK5i/poYiQr6sd","OK",,
"55255a2c-32c5-4b03-a53b-93f5ac6d850f","D12","BLDE","BLDE.AOS.S2","2019-06-20","2019-09-25","BLDE.SS.20190620.H2O.1","A00000054214","HIDS2052",-19.12,-143.78,0.01,0.14,0,"SIRFER Lab at University of Utah","OlSmE6RRn5QQH8tvUHmK5i/poYiQr6sd","OK",,
"7184ea73-f76b-477b-9355-e7366e51d3b2","D12","BLDE","BLDE.AOS.S2","2019-06-25","2019-09-25","BLDE.SS.20190625.H2O.1","A00000054215","HIDS2052",-19.13,-144.11,0.03,0.09,0,"SIRFER Lab at University of Utah","OlSmE6RRn5QQH8tvUHmK5i/poYiQr6sd","OK",,
