uid,domainID,siteID,namedLocation,collectDate,parentSampleID,parentSampleCode,isotopeH2OSampleCond,isotopeH2OSampleID,isotopeH2OSampleCode,isotopePOMRep2SampleCond,isotopePOMRep2SampleID,isotopePOMRep2SampleCode,isotopePOMSampleCond,isotopePOMSampleID,isotopePOMSampleCode,processedDateFilters,processedDateH2OIsotopes,sampleVolumeFilteredPOMRep1,sampleVolumeFilteredPOMRep2,fieldDataQF
"333bbaba-257d-431b-b312-2ac938380426","D12","BLDE","BLDE.AOS.S2","2019-06-04T15:51Z","BLDE.SS.20190604",,"Sample condition ok","BLDE.SS.20190604.H2O.1","A00000054156","Sample condition ok","BLDE.SS.20190604.POM.2","A00000054158","Sample condition ok","BLDE.SS.20190604.POM.1","A00000054105",,,300,300,
"da0b74ee-864a-45f5-ba0f-e496687e30dc","D12","BLDE","BLDE.AOS.S2","2019-06-10T16:59Z","BLDE.SS.20190610",,"Sample condition ok","BLDE.SS.20190610.H2O.1","A00000053849","Sample condition ok","BLDE.SS.20190610.POM.2","A00000054228","Sample condition ok","BLDE.SS.20190610.POM.1","A00000054210","2019-06-10T19:33Z","2019-06-10T19:33Z",300,300,
"e959b6ef-4478-4936-be34-3c46f9832cae","D12","BLDE","BLDE.AOS.S2","2019-06-13T16:25Z","BLDE.SS.20190613",,"Sample condition ok","BLDE.SS.20190613.H2O.1","A00000053867","Sample condition ok","BLDE.SS.20190613.POM.2","A00000053832","Sample condition ok","BLDE.SS.20190613.POM.1","A00000053833",,"2019-06-13T19:15Z",200,200,
"dad276cf-cf2e-4ed8-804d-5ebf37bd3e2b","D12","BLDE","BLDE.AOS.S2","2019-06-17T17:30Z","BLDE.SS.20190617",,"Sample condition ok","BLDE.SS.20190617.H2O.1","A00000053866","Sample condition ok","BLDE.SS.20190617.POM.2","A00000054178","Sample condition ok","BLDE.SS.20190617.POM.1","A00000054195","2019-06-17T20:05Z","2019-06-17T20:05Z",400,400,
"8eae8fd1-9dde-4df3-90ae-7408241cdd6f","D12","BLDE","BLDE.AOS.S2","2019-06-20T18:30Z","BLDE.SS.20190620",,"Sample condition ok","BLDE.SS.20190620.H2O.1","A00000054214","Sample condition ok","BLDE.SS.20190620.POM.2","A00000054411","Sample condition ok","BLDE.SS.20190620.POM.1","A00000054412","2019-06-20T21:00Z","2019-06-20T21:00Z",550,550,
"62bd0ee0-9f2b-4772-b61b-1eb0bd83a085","D12","BLDE","BLDE.AOS.S2","2019-06-25T17:46Z","BLDE.SS.20190625",,"Sample condition ok","BLDE.SS.20190625.H2O.1","A00000054215","Sample condition ok","BLDE.SS.20190625.POM.2","A00000054374","Sample condition ok","BLDE.SS.20190625.POM.1","A00000054376","2019-06-25T20:45Z","2019-06-25T20:45Z",600,600,
