uid,domainID,siteID,namedLocation,collectDate,sampleID,sampleCode,sampleCondition,laboratoryName,analysisDate,analyzedBy,sampleType,replicate,sampleVolumeFiltered,filterSize,percentFilterAnalyzed,analyte,analyteConcentration,plantAlgaeLabUnits,method,externalRemarks,externalLabDataQF
"b4f95ddb-8fcb-4b00-b12a-12e326ec813b","D03","SUGG","SUGG.AOS.buoy.c0","2018-04-02","SUGG.C0.20180402.POM.1",,"condition ok","SIRFER Lab at University of Utah","2018-07-31","ElFtGy1kV49xqNP00HfxQA==","POM","1",400,25,100,"d15N",2.19,"perMill","Revesz & Coplen 2012a",,
"a3e19132-0914-4d1c-9350-8b42e81715f6","D03","SUGG","SUGG.AOS.buoy.c0","2018-04-02","SUGG.C0.20180402.POM.1",,"condition ok","SIRFER Lab at University of Utah","2018-07-31","ElFtGy1kV49xqNP00HfxQA==","POM","1",400,25,100,"carbon",547.56,"microgramsPerLiter","Revesz & Coplen 2012a",,
"fe292ed8-dcaa-4d76-91c2-e209308432f9","D03","SUGG","SUGG.AOS.buoy.c0","2018-04-02","SUGG.C0.20180402.POM.1",,"condition ok","SIRFER Lab at University of Utah","2018-07-31","ElFtGy1kV49xqNP00HfxQA==","POM","1",400,25,100,"nitrogen",69.19,"microgramsPerLiter","Revesz & Coplen 2012a",,
"620edeb0-6cee-485a-904a-45f3a316d13f","D03","SUGG","SUGG.AOS.buoy.c0","2018-04-02","SUGG.C0.20180402.POM.1",,"condition ok","SIRFER Lab at University of Utah","2018-07-31","ElFtGy1kV49xqNP00HfxQA==","POM","1",400,25,100,"d13C",-29.37,"perMill","Revesz & Coplen 2012a",,
"a401dcba-776e-4e95-95ac-7300d8fbbe77","D03","SUGG","SUGG.AOS.buoy.c0","2018-04-30","SUGG.C0.20180430.POM.1","A00000003843","condition ok","SIRFER Lab at University of Utah","2018-07-27","ElFtGy1kV49xqNP00HfxQA==","POM","1",500,25,100,"nitrogen",38.34,"microgramsPerLiter","Revesz & Coplen 2012a",,
"8bcdfbbe-848f-4362-853b-274068f15e23","D03","SUGG","SUGG.AOS.buoy.c0","2018-04-30","SUGG.C0.20180430.POM.1","A00000003843","condition ok","SIRFER Lab at University of Utah","2018-07-27","ElFtGy1kV49xqNP00HfxQA==","POM","1",500,25,100,"d13C",-30.65,"perMill","Revesz & Coplen 2012a",,
"285afa7e-d099-4c86-8b6d-81583dd97bed","D03","SUGG","SUGG.AOS.buoy.c0","2018-04-30","SUGG.C0.20180430.POM.1","A00000003843","condition ok","SIRFER Lab at University of Utah","2018-07-27","ElFtGy1kV49xqNP00HfxQA==","POM","1",500,25,100,"carbon",307.31,"microgramsPerLiter","Revesz & Coplen 2012a",,
"9b604529-c1f3-449b-8eb6-ec4f3cf23997","D03","SUGG","SUGG.AOS.buoy.c0","2018-04-30","SUGG.C0.20180430.POM.1","A00000003843","condition ok","SIRFER Lab at University of Utah","2018-07-27","ElFtGy1kV49xqNP00HfxQA==","POM","1",500,25,100,"d15N",-2.38,"perMill","Revesz & Coplen 2012a",,
