uid,domainID,siteID,namedLocation,collectDate,sampleID,sampleCode,sampleCondition,laboratoryName,analysisDate,analyzedBy,sampleType,replicate,sampleVolumeFiltered,filterSize,percentFilterAnalyzed,analyte,analyteConcentration,plantAlgaeLabUnits,method,externalRemarks,externalLabDataQF
"7d54f388-0dfb-4db4-ab3c-11613676e3fb","D03","FLNT","FLNT.AOS.buoy.c0","2019-05-15","FLNT.C0.20190515.POM.1","A00000073132","condition ok","SIRFER Lab at University of Utah","2019-09-19","ElFtGy1kV49xqNP00HfxQA==","POM","1",300,25,100,"d13C",-29.02,"perMill","Revesz & Coplen 2012a",,
"4b50c434-5b39-4262-837f-36d5d06086af","D03","FLNT","FLNT.AOS.buoy.c0","2019-05-15","FLNT.C0.20190515.POM.1","A00000073132","condition ok","SIRFER Lab at University of Utah","2019-09-19","ElFtGy1kV49xqNP00HfxQA==","POM","1",300,25,100,"carbon",405.21,"microgramsPerLiter","Revesz & Coplen 2012a",,
"1536d644-65e2-4c53-b03f-4035755e3813","D03","FLNT","FLNT.AOS.buoy.c0","2019-05-15","FLNT.C0.20190515.POM.1","A00000073132","condition ok","SIRFER Lab at University of Utah","2019-09-19","ElFtGy1kV49xqNP00HfxQA==","POM","1",300,25,100,"d15N",8.10,"perMill","Revesz & Coplen 2012a",,
"bae81af1-e235-4570-8b7e-2504c0149b01","D03","FLNT","FLNT.AOS.buoy.c0","2019-05-15","FLNT.C0.20190515.POM.1","A00000073132","condition ok","SIRFER Lab at University of Utah","2019-09-19","ElFtGy1kV49xqNP00HfxQA==","POM","1",300,25,100,"nitrogen",45.66,"microgramsPerLiter","Revesz & Coplen 2012a",,
