uid,domainID,siteID,namedLocation,decimalLatitude,decimalLongitude,coordinateUncertainty,additionalCoordUncertainty,elevation,elevationUncertainty,geodeticDatum,altLocation,altLatitude,altLongitude,altCoordinateUncertainty,altGeodeticDatum,collectDate,aquaticSiteType,samplingImpractical,parentSampleID,parentSampleCode,eventID,samplerType,dissolvedOxygen,dissolvedOxygenSaturation,specificConductance,waterTemp,asiSamplingProtocolVersion,lowerSegmentDepth,upperSegmentDepth,maxDepth,lakeSampleDepth1,lakeSampleDepth2,aCollectedBy,bCollectedBy,remarks,fieldDataQF
"8fbb0bdc-ee51-49dd-9fd8-d0451a2007e4","D18","TOOK","TOOK.AOS.inlet",68.625566,-149.595360,0.1,,717.3,0.0,"WGS84",,,,,,"2017-07-04T19:48Z","lake",,"TOOK.IN.20170704",,"TOOK.20170704","Grab",10.20,103.00,106.30,12.50,"NEON.DOC.001886vE",,,0.4,0.5,,"Ahuff@battelleecology.org","Hmasters@battelleecology.org",,
"8a006303-8dfc-45c2-9d0d-4879e830d238","D18","TOOK","TOOK.AOS.buoy.c1",68.630699,-149.611405,10.0,,715.0,10.0,"WGS84",,,,,,"2017-07-05T01:22Z","lake",,"TOOK.C1.20170704",,"TOOK.20170704","Kemmerer",10.00,105.00,97.60,14.20,"NEON.DOC.001886vE",4.0,0.0,16.0,0.5,,"Hmasters@battelleecology.org","Ahuff@battelleecology.org",,
"8594df0d-e0bd-4101-84bd-de673081fd5b","D18","TOOK","TOOK.AOS.buoy.c2",68.630699,-149.611405,10.0,10.0,715.0,10.0,"WGS84",,,,,,"2017-07-05T02:04Z","lake",,"TOOK.C2.20170704",,"TOOK.20170704","Kemmerer",10.50,92.00,98.20,6.20,"NEON.DOC.001886vE",16.0,8.0,16.0,10.0,14.0,"Ahuff@battelleecology.org","Hmasters@battelleecology.org",,
"9e4c5064-6597-4cbd-9cc0-d5d478b582db","D18","TOOK","TOOK.AOS.outlet",68.640502,-149.596089,0.1,10.0,717.0,0.0,"WGS84",,,,,,"2017-07-05T05:33Z","lake",,"TOOK.OT.20170704",,"TOOK.20170704","Grab",9.90,107.00,96.50,15.50,"NEON.DOC.001886vE",,,1.0,0.5,,"Ahuff@battelleecology.org","Hmasters@battelleecology.org","No archive microbe sample",
