uid,domainID,siteID,namedLocation,collectDate,parentSampleID,parentSampleCode,isotopeH2OSampleCond,isotopeH2OSampleID,isotopeH2OSampleCode,isotopePOMRep2SampleCond,isotopePOMRep2SampleID,isotopePOMRep2SampleCode,isotopePOMSampleCond,isotopePOMSampleID,isotopePOMSampleCode,processedDateFilters,processedDateH2OIsotopes,sampleVolumeFilteredPOMRep1,sampleVolumeFilteredPOMRep2,fieldDataQF
"3f749e79-f523-4d83-bc5a-6635371420dd","D18","TOOK","TOOK.AOS.inlet","2017-07-04T19:48Z","TOOK.IN.20170704",,"Sample condition ok","TOOK.IN.20170704.H2O.1",,"Sample condition ok","TOOK.IN.20170704.POM.2",,"Sample condition ok","TOOK.IN.20170704.POM.1",,"2017-07-04T21:15Z","2017-07-04T21:15Z",600,600,
"f01ce662-6ad6-48cd-a7a5-1a646e577d94","D18","TOOK","TOOK.AOS.buoy.c1","2017-07-05T01:22Z","TOOK.C1.20170704",,"Sample condition ok","TOOK.C1.20170704.H2O.1",,"Sample condition ok","TOOK.C1.20170704.POM.2",,"Sample condition ok","TOOK.C1.20170704.POM.1",,"2017-07-05T01:26Z","2017-07-05T01:26Z",600,600,
"6bb7e5a5-f1c5-4b8a-ab36-40d340e4cc7e","D18","TOOK","TOOK.AOS.buoy.c2","2017-07-05T02:04Z","TOOK.C2.20170704",,"Sample condition ok","TOOK.C2.20170704.H2O.1",,"Sample condition ok","TOOK.C2.20170704.POM.2",,"Sample condition ok","TOOK.C2.20170704.POM.1",,"2017-07-05T03:24Z","2017-07-05T03:24Z",600,600,
"3d10cb43-4a43-4979-8f9d-1578f01feffc","D18","TOOK","TOOK.AOS.outlet","2017-07-05T05:33Z","TOOK.OT.20170704",,"Sample condition ok","TOOK.OT.20170704.H2O.1",,"Sample condition ok","TOOK.OT.20170704.POM.2",,"Sample condition ok","TOOK.OT.20170704.POM.1",,"2017-07-05T06:24Z","2017-07-05T06:24Z",600,600,
