uid,domainID,siteID,namedLocation,collectDate,sampleID,sampleCode,sampleCondition,laboratoryName,analysisDate,analyzedBy,sampleType,replicate,sampleVolumeFiltered,filterSize,percentFilterAnalyzed,analyte,analyteConcentration,plantAlgaeLabUnits,method,externalRemarks,externalLabDataQF
"feeeab12-0b67-4346-8ca4-a88e6e4cf841","D18","TOOK","TOOK.AOS.inlet","2017-07-04","TOOK.IN.20170704.POM.1",,"condition ok","SIRFER Lab at University of Utah","2018-03-29","ElFtGy1kV49xqNP00HfxQA==","POM","1",600,25,100,"carbon",161.08,"microgramsPerLiter","Revesz & Coplen 2012a",,
"fac39e56-c58d-490d-b276-0934acea4ea8","D18","TOOK","TOOK.AOS.inlet","2017-07-04","TOOK.IN.20170704.POM.1",,"condition ok","SIRFER Lab at University of Utah","2018-03-29","ElFtGy1kV49xqNP00HfxQA==","POM","1",600,25,100,"d13C",-32.23,"perMill","Revesz & Coplen 2012a",,
"6f59f7e9-64a0-46eb-bd36-012ef9889491","D18","TOOK","TOOK.AOS.inlet","2017-07-04","TOOK.IN.20170704.POM.1",,"condition ok","SIRFER Lab at University of Utah","2018-03-29","ElFtGy1kV49xqNP00HfxQA==","POM","1",600,25,100,"d15N",-0.29,"perMill","Revesz & Coplen 2012a",,
"e37b6655-d10e-4e0b-8c7d-37cac9869105","D18","TOOK","TOOK.AOS.inlet","2017-07-04","TOOK.IN.20170704.POM.1",,"condition ok","SIRFER Lab at University of Utah","2018-03-29","ElFtGy1kV49xqNP00HfxQA==","POM","1",600,25,100,"nitrogen",17.52,"microgramsPerLiter","Revesz & Coplen 2012a",,
"eaa27e94-db52-4bbb-bca9-750a231a1c1e","D18","TOOK","TOOK.AOS.buoy.c1","2017-07-05","TOOK.C1.20170704.POM.1",,"condition ok","SIRFER Lab at University of Utah","2018-03-29","ElFtGy1kV49xqNP00HfxQA==","POM","1",600,25,100,"carbon",107.27,"microgramsPerLiter","Revesz & Coplen 2012a",,
"02fbe0dd-6cd6-443d-bce3-fe78b35bb9de","D18","TOOK","TOOK.AOS.buoy.c1","2017-07-05","TOOK.C1.20170704.POM.1",,"condition ok","SIRFER Lab at University of Utah","2018-03-29","ElFtGy1kV49xqNP00HfxQA==","POM","1",600,25,100,"d13C",-34.33,"perMill","Revesz & Coplen 2012a",,
"3da1890b-49f0-46b7-a418-e6ffde35cde4","D18","TOOK","TOOK.AOS.buoy.c1","2017-07-05","TOOK.C1.20170704.POM.1",,"condition ok","SIRFER Lab at University of Utah","2018-03-29","ElFtGy1kV49xqNP00HfxQA==","POM","1",600,25,100,"nitrogen",23.08,"microgramsPerLiter","Revesz & Coplen 2012a",,
"2d7dcbc8-196b-486c-a7e2-d94905f14d1f","D18","TOOK","TOOK.AOS.buoy.c1","2017-07-05","TOOK.C1.20170704.POM.1",,"condition ok","SIRFER Lab at University of Utah","2018-03-29","ElFtGy1kV49xqNP00HfxQA==","POM","1",600,25,100,"d15N",4.14,"perMill","Revesz & Coplen 2012a",,
"dd344522-c230-4ebe-b835-4542af9e8236","D18","TOOK","TOOK.AOS.buoy.c2","2017-07-05","TOOK.C2.20170704.POM.1",,"condition ok","SIRFER Lab at University of Utah","2018-03-29","ElFtGy1kV49xqNP00HfxQA==","POM","1",600,25,100,"carbon",344.24,"microgramsPerLiter","Revesz & Coplen 2012a",,
"6ef16c2b-1c5c-49c3-bb2b-24652d1c121a","D18","TOOK","TOOK.AOS.buoy.c2","2017-07-05","TOOK.C2.20170704.POM.1",,"condition ok","SIRFER Lab at University of Utah","2018-03-29","ElFtGy1kV49xqNP00HfxQA==","POM","1",600,25,100,"nitrogen",13.15,"microgramsPerLiter","Revesz & Coplen 2012a",,
"b8bf5637-05f3-43d4-bcb9-720d4300694d","D18","TOOK","TOOK.AOS.buoy.c2","2017-07-05","TOOK.C2.20170704.POM.1",,"condition ok","SIRFER Lab at University of Utah","2018-03-29","ElFtGy1kV49xqNP00HfxQA==","POM","1",600,25,100,"d13C",-28.60,"perMill","Revesz & Coplen 2012a",,
"9e80de8a-eb97-4e15-aa53-b7f08e8b6e8a","D18","TOOK","TOOK.AOS.buoy.c2","2017-07-05","TOOK.C2.20170704.POM.1",,"condition ok","SIRFER Lab at University of Utah","2018-03-29","ElFtGy1kV49xqNP00HfxQA==","POM","1",600,25,100,"d15N",4.52,"perMill","Revesz & Coplen 2012a",,
"5a2bc9e7-6736-4f30-9168-f7790f04fe2e","D18","TOOK","TOOK.AOS.outlet","2017-07-05","TOOK.OT.20170704.POM.1",,"condition ok","SIRFER Lab at University of Utah","2018-03-29","ElFtGy1kV49xqNP00HfxQA==","POM","1",600,25,100,"d15N",5.24,"perMill","Revesz & Coplen 2012a",,
"7284a2dd-bba2-487e-ac6d-123bb70ebe20","D18","TOOK","TOOK.AOS.outlet","2017-07-05","TOOK.OT.20170704.POM.1",,"condition ok","SIRFER Lab at University of Utah","2018-03-29","ElFtGy1kV49xqNP00HfxQA==","POM","1",600,25,100,"carbon",261.10,"microgramsPerLiter","Revesz & Coplen 2012a",,
"1452b8f6-d80f-4d5b-b928-3335c2389287","D18","TOOK","TOOK.AOS.outlet","2017-07-05","TOOK.OT.20170704.POM.1",,"condition ok","SIRFER Lab at University of Utah","2018-03-29","ElFtGy1kV49xqNP00HfxQA==","POM","1",600,25,100,"nitrogen",31.28,"microgramsPerLiter","Revesz & Coplen 2012a",,
"48dc6ba3-7583-4bbf-94ea-deb61c678672","D18","TOOK","TOOK.AOS.outlet","2017-07-05","TOOK.OT.20170704.POM.1",,"condition ok","SIRFER Lab at University of Utah","2018-03-29","ElFtGy1kV49xqNP00HfxQA==","POM","1",600,25,100,"d13C",-31.89,"perMill","Revesz & Coplen 2012a",,
