uid,domainID,siteID,namedLocation,collectDate,sampleID,sampleCode,sampleCondition,laboratoryName,analysisDate,analyzedBy,sampleType,replicate,sampleVolumeFiltered,filterSize,percentFilterAnalyzed,analyte,analyteConcentration,plantAlgaeLabUnits,method,externalRemarks,externalLabDataQF
"cbc7638e-590e-45c9-b010-0c843ca8fb2e","D05","CRAM","CRAM.AOS.outlet","2015-10-26","CRAM.OT.20151026.POM.1",,"condition ok","Academy of Natural Sciences of Drexel University","2016-09-13","OKgcKejxXbI=","13C15N","1",400,25,100,"d13C",-30.70,"perMill",,,"Audit Failed. Document: A00036_DREX_AlgalChem_DocAudit_20170407.pdf & A00036_DREX_AlgalChem_VisitAudit_20170407.pdf"
"4a240195-4ca8-4a38-9497-c37d488d60a2","D05","CRAM","CRAM.AOS.outlet","2015-10-26","CRAM.OT.20151026.POM.2",,"condition ok","Academy of Natural Sciences of Drexel University","2017-01-17","OKgcKejxXbI=","13C15N","2",400,25,100,"d15N",2.51,"perMill",,,"Audit Failed. Document: A00036_DREX_AlgalChem_DocAudit_20170407.pdf & A00036_DREX_AlgalChem_VisitAudit_20170407.pdf"
"212685e0-863a-4155-96a8-0de5018c7709","D05","CRAM","CRAM.AOS.outlet","2015-10-26","CRAM.OT.20151026.POM.2",,"condition ok","Academy of Natural Sciences of Drexel University","2017-01-17","OKgcKejxXbI=","13C15N","2",400,25,100,"d13C",-30.73,"perMill",,,"Audit Failed. Document: A00036_DREX_AlgalChem_DocAudit_20170407.pdf & A00036_DREX_AlgalChem_VisitAudit_20170407.pdf"
"62c3f2ad-1b26-48e2-b3e6-affcbe27037e","D05","CRAM","CRAM.AOS.outlet","2015-10-26","CRAM.OT.20151026.POM.1",,"condition ok","Academy of Natural Sciences of Drexel University","2016-09-13","OKgcKejxXbI=","13C15N","1",400,25,100,"d15N",2.40,"perMill",,,"Audit Failed. Document: A00036_DREX_AlgalChem_DocAudit_20170407.pdf & A00036_DREX_AlgalChem_VisitAudit_20170407.pdf"
"f205cdca-cee4-4cc0-8255-3b6e09abac08","D05","CRAM","CRAM.AOS.outlet","2015-10-26","CRAM.OT.20151026.POM.1",,"condition ok","Academy of Natural Sciences of Drexel University","2016-09-13","OKgcKejxXbI=","13C15N","1",,,100,"d13C",-30.70,"perMill",,,
"a64bae38-d10f-414d-8131-1ab16ab732c4","D05","CRAM","CRAM.AOS.outlet","2015-10-26","CRAM.OT.20151026.POM.2",,"condition ok","Academy of Natural Sciences of Drexel University","2017-01-17","OKgcKejxXbI=","13C15N","2",,,100,"d13C",-30.73,"perMill",,,
"167983d5-e1de-422e-b9cd-b5e7e118e2a4","D05","CRAM","CRAM.AOS.outlet","2015-10-26","CRAM.OT.20151026.POM.2",,"condition ok","Academy of Natural Sciences of Drexel University","2017-01-17","OKgcKejxXbI=","13C15N","2",,,100,"d15N",2.51,"perMill",,,
"80852cc6-cf1c-4e24-a011-2edbb5d2e6fe","D05","CRAM","CRAM.AOS.outlet","2015-10-26","CRAM.OT.20151026.POM.1",,"condition ok","Academy of Natural Sciences of Drexel University","2016-09-13","OKgcKejxXbI=","13C15N","1",,,100,"d15N",2.40,"perMill",,,
"4122067a-c8e0-4586-8b84-2cffcee17df7","D05","CRAM","CRAM.AOS.buoy.c1","2015-10-26","CRAM.C1.20151026.POM.1",,"condition ok","Academy of Natural Sciences of Drexel University","2016-09-13","OKgcKejxXbI=","13C15N","1",400,25,100,"d15N",1.65,"perMill",,,"Audit Failed. Document: A00036_DREX_AlgalChem_DocAudit_20170407.pdf & A00036_DREX_AlgalChem_VisitAudit_20170407.pdf"
"71323534-4532-42b6-a865-4e73d3c2106f","D05","CRAM","CRAM.AOS.inlet","2015-10-26","CRAM.IN.20151026.POM.1",,"condition ok","Academy of Natural Sciences of Drexel University","2016-09-13","OKgcKejxXbI=","13C15N","1",,,100,"d13C",-32.53,"perMill",,,
"879f7ac2-6d42-4086-890c-8ccdc815d5aa","D05","CRAM","CRAM.AOS.buoy.c1","2015-10-26","CRAM.C1.20151026.POM.2",,"condition ok","Academy of Natural Sciences of Drexel University","2017-01-17","OKgcKejxXbI=","13C15N","2",400,25,100,"d13C",-33.24,"perMill",,,"Audit Failed. Document: A00036_DREX_AlgalChem_DocAudit_20170407.pdf & A00036_DREX_AlgalChem_VisitAudit_20170407.pdf"
"fff25521-47c6-4852-9552-c2844764b741","D05","CRAM","CRAM.AOS.buoy.c1","2015-10-26","CRAM.C1.20151026.POM.2",,"condition ok","Academy of Natural Sciences of Drexel University","2017-01-17","OKgcKejxXbI=","13C15N","2",400,25,100,"d15N",1.40,"perMill",,,"Audit Failed. Document: A00036_DREX_AlgalChem_DocAudit_20170407.pdf & A00036_DREX_AlgalChem_VisitAudit_20170407.pdf"
"67fdd112-78d6-4247-b006-48b5932bcece","D05","CRAM","CRAM.AOS.inlet","2015-10-26","CRAM.IN.20151026.POM.1",,"condition ok","Academy of Natural Sciences of Drexel University","2016-09-13","OKgcKejxXbI=","13C15N","1",400,25,100,"d13C",-32.53,"perMill",,,"Audit Failed. Document: A00036_DREX_AlgalChem_DocAudit_20170407.pdf & A00036_DREX_AlgalChem_VisitAudit_20170407.pdf"
"258c8d11-9438-4ba4-bf3f-c8dfa13e7f6a","D05","CRAM","CRAM.AOS.inlet","2015-10-26","CRAM.IN.20151026.POM.2",,"condition ok","Academy of Natural Sciences of Drexel University","2017-01-17","OKgcKejxXbI=","13C15N","2",400,25,100,"d15N",2.52,"perMill",,,"Audit Failed. Document: A00036_DREX_AlgalChem_DocAudit_20170407.pdf & A00036_DREX_AlgalChem_VisitAudit_20170407.pdf"
"95b6e63e-2f3d-4c11-bf34-8626a0f64ccb","D05","CRAM","CRAM.AOS.inlet","2015-10-26","CRAM.IN.20151026.POM.1",,"condition ok","Academy of Natural Sciences of Drexel University","2016-09-13","OKgcKejxXbI=","13C15N","1",400,25,100,"d15N",1.87,"perMill",,,"Audit Failed. Document: A00036_DREX_AlgalChem_DocAudit_20170407.pdf & A00036_DREX_AlgalChem_VisitAudit_20170407.pdf"
"b55ba24e-7229-4fc6-b343-7d32759dc9d0","D05","CRAM","CRAM.AOS.inlet","2015-10-26","CRAM.IN.20151026.POM.2",,"condition ok","Academy of Natural Sciences of Drexel University","2017-01-17","OKgcKejxXbI=","13C15N","2",400,25,100,"d13C",-32.27,"perMill",,,"Audit Failed. Document: A00036_DREX_AlgalChem_DocAudit_20170407.pdf & A00036_DREX_AlgalChem_VisitAudit_20170407.pdf"
"e3144e3d-5765-4437-a8aa-645fbbd40080","D05","CRAM","CRAM.AOS.buoy.c1","2015-10-26","CRAM.C1.20151026.POM.2",,"condition ok","Academy of Natural Sciences of Drexel University","2017-01-17","OKgcKejxXbI=","13C15N","2",,,100,"d15N",1.40,"perMill",,,
"3a67339e-b924-4848-a13a-57a678b58973","D05","CRAM","CRAM.AOS.inlet","2015-10-26","CRAM.IN.20151026.POM.2",,"condition ok","Academy of Natural Sciences of Drexel University","2017-01-17","OKgcKejxXbI=","13C15N","2",,,100,"d15N",2.52,"perMill",,,
"8c610555-59e2-44a3-a409-e803738d57e3","D05","CRAM","CRAM.AOS.inlet","2015-10-26","CRAM.IN.20151026.POM.2",,"condition ok","Academy of Natural Sciences of Drexel University","2017-01-17","OKgcKejxXbI=","13C15N","2",,,100,"d13C",-32.27,"perMill",,,
"f544120b-9ceb-4bf0-a1cf-e71243130f59","D05","CRAM","CRAM.AOS.inlet","2015-10-26","CRAM.IN.20151026.POM.1",,"condition ok","Academy of Natural Sciences of Drexel University","2016-09-13","OKgcKejxXbI=","13C15N","1",,,100,"d15N",1.87,"perMill",,,
"e9f099b3-5593-427c-8d28-a18f6656e961","D05","CRAM","CRAM.AOS.buoy.c1","2015-10-26","CRAM.C1.20151026.POM.2",,"condition ok","Academy of Natural Sciences of Drexel University","2017-01-17","OKgcKejxXbI=","13C15N","2",,,100,"d13C",-33.24,"perMill",,,
"6e57286b-ce1d-48d5-989d-96382bed2479","D05","CRAM","CRAM.AOS.buoy.c1","2015-10-26","CRAM.C1.20151026.POM.1",,"condition ok","Academy of Natural Sciences of Drexel University","2016-09-13","OKgcKejxXbI=","13C15N","1",,,100,"d15N",1.65,"perMill",,,
"fef065b1-f6fd-46ab-8860-292e44fb1d47","D05","CRAM","CRAM.AOS.buoy.c1","2015-10-26","CRAM.C1.20151026.POM.1",,"condition ok","Academy of Natural Sciences of Drexel University","2016-09-13","OKgcKejxXbI=","13C15N","1",,,100,"d13C",-33.01,"perMill",,,
"8e20b423-b43d-4d56-a57c-9ae7601f0bd9","D05","CRAM","CRAM.AOS.buoy.c1","2015-10-26","CRAM.C1.20151026.POM.1",,"condition ok","Academy of Natural Sciences of Drexel University","2016-09-13","OKgcKejxXbI=","13C15N","1",400,25,100,"d13C",-33.01,"perMill",,,"Audit Failed. Document: A00036_DREX_AlgalChem_DocAudit_20170407.pdf & A00036_DREX_AlgalChem_VisitAudit_20170407.pdf"
