uid,domainID,siteID,namedLocation,decimalLatitude,decimalLongitude,coordinateUncertainty,additionalCoordUncertainty,elevation,elevationUncertainty,geodeticDatum,altLocation,altLatitude,altLongitude,altCoordinateUncertainty,altGeodeticDatum,collectDate,aquaticSiteType,samplingImpractical,parentSampleID,parentSampleCode,eventID,samplerType,dissolvedOxygen,dissolvedOxygenSaturation,specificConductance,waterTemp,asiSamplingProtocolVersion,lowerSegmentDepth,upperSegmentDepth,maxDepth,lakeSampleDepth1,lakeSampleDepth2,aCollectedBy,bCollectedBy,remarks,fieldDataQF
"4aa49453-2c89-4673-b5bd-4cec28046fc7","D05","CRAM","CRAM.AOS.outlet",46.211998,-89.474475,0.1,10.0,511.8,0.1,"WGS84",,,,,,"2015-10-26T15:00Z","lake",,"CRAM.OT.20151026",,"CRAM.20151026","Kemmerer",9.10,83.00,14.80,9.10,"NEON.DOC.001886vB",,0.0,,0.5,,"jhudson@neoninc.org","cblumbergs@field-ops.org","Total depth not taken. PCN not collected",
"6221a7c7-ef2a-4d44-99b9-7cbd0ff53349","D05","CRAM","CRAM.AOS.buoy.c1",46.210592,-89.476861,10.0,10.0,509.0,10.0,"WGS84",,,,,,"2015-10-26T16:00Z","lake",,"CRAM.C1.20151026",,"CRAM.20151026","Kemmerer",9.20,83.00,14.00,9.30,"NEON.DOC.001886vB",9.0,0.0,12.5,0.5,,"jhudson@neoninc.org","cblumbergs@neoninc.org",,
"789f1b69-6814-4b12-ac5c-1c308c7681f3","D05","CRAM","CRAM.AOS.inlet",46.207952,-89.476174,0.1,10.0,511.7,0.1,"WGS84",,,,,,"2015-10-26T16:00Z","lake",,"CRAM.IN.20151026",,"CRAM.20151026","Kemmerer",9.40,84.00,14.00,9.10,"NEON.DOC.001886vB",,0.0,,0.5,,"jhudson@neoninc.org","cblumbergs@field-ops.org","Total depth not taken. PCN not collected",
"123ae97d-60b2-4f0e-8ad5-09579191ec75","D05","CRAM","CRAM.AOS.buoy.c2",46.210592,-89.476861,10.0,10.0,509.0,10.0,"WGS84",,,,,,"2015-10-26T16:45Z","lake",,"CRAM.C2.20151026",,"CRAM.20151026","Kemmerer",0.10,1.00,21.90,5.70,"NEON.DOC.001886vB",12.5,10.5,12.5,11.0,,"jhudson@neoninc.org","cblumbergs@neoninc.org",,
