uid,domainID,siteID,namedLocation,collectDate,parentSampleID,parentSampleCode,isotopeH2OSampleCond,isotopeH2OSampleID,isotopeH2OSampleCode,isotopePOMRep2SampleCond,isotopePOMRep2SampleID,isotopePOMRep2SampleCode,isotopePOMSampleCond,isotopePOMSampleID,isotopePOMSampleCode,processedDateFilters,processedDateH2OIsotopes,sampleVolumeFilteredPOMRep1,sampleVolumeFilteredPOMRep2,fieldDataQF
"92102695-a65d-4bee-8340-ecd770cd51f6","D05","CRAM","CRAM.AOS.outlet","2015-10-26T15:00Z","CRAM.OT.20151026",,,"CRAM.OT.20151026.H2O.1",,,"CRAM.OT.20151026.POM.2",,,"CRAM.OT.20151026.POM.1",,"2015-10-26T19:45Z","2015-10-26T15:20Z",400,400,
"5eeb758c-038e-4ef8-9ecf-1a975deb26f0","D05","CRAM","CRAM.AOS.buoy.c1","2015-10-26T16:00Z","CRAM.C1.20151026",,"Sample condition ok","CRAM.C1.20151026.H2O.1",,"Sample condition ok","CRAM.C1.20151026.POM.2",,"Sample condition ok","CRAM.C1.20151026.POM.1",,"2015-10-26T18:45Z","2015-10-26T16:00Z",393,400,
"bf8bc5d6-6b38-40cc-8d86-8e19361f164b","D05","CRAM","CRAM.AOS.inlet","2015-10-26T16:00Z","CRAM.IN.20151026",,,"CRAM.IN.20151026.H2O.1",,,"CRAM.IN.20151026.POM.2",,,"CRAM.IN.20151026.POM.1",,"2015-10-26T18:45Z","2015-10-26T16:05Z",400,400,
"6f591ad8-8f5b-442b-b34f-ad28fe117e0a","D05","CRAM","CRAM.AOS.buoy.c2","2015-10-26T16:45Z","CRAM.C2.20151026",,"Sample condition ok","CRAM.C2.20151026.H2O.1",,"Sample condition ok","CRAM.C2.20151026.POM.2",,"Sample condition ok","CRAM.C2.20151026.POM.1",,"2015-10-26T18:45Z","2015-10-26T16:45Z",400,400,
