uid,domainID,siteID,namedLocation,collectDate,sampleID,sampleCode,sampleCondition,laboratoryName,analysisDate,analyzedBy,sampleType,replicate,sampleVolumeFiltered,filterSize,percentFilterAnalyzed,analyte,analyteConcentration,plantAlgaeLabUnits,method,externalRemarks,externalLabDataQF
"6e5222bf-e57e-433c-b3e8-ff82ec3c7868","D07","LECO","LECO.AOS.S2","2016-07-11","LECO.SS.20160711.POM.2",,"other","Academy of Natural Sciences of Drexel University","2017-06-01","OKgcKejxXbI=","13C15N","2",,,100,"d15N",3.10,"perMill",,"filter poorly folded, sample loss",
"211953fb-b0ae-410d-b2cc-d9d3551a4873","D07","LECO","LECO.AOS.S2","2016-07-11","LECO.SS.20160711.POM.1",,"other","Academy of Natural Sciences of Drexel University","2017-02-23","OKgcKejxXbI=","13C15N","1",,,100,"d13C",-31.01,"perMill",,"filter poorly folded, sample loss",
"75faff40-2abf-4bb5-b9c8-9c4338820f80","D07","LECO","LECO.AOS.S2","2016-07-11","LECO.SS.20160711.POM.2",,"other","Academy of Natural Sciences of Drexel University","2017-06-01","OKgcKejxXbI=","13C15N","2",,,100,"d13C",-28.16,"perMill",,"filter poorly folded, sample loss",
"f6acd7e6-0bc7-4884-9f6b-bab1600ecf45","D07","LECO","LECO.AOS.S2","2016-07-11","LECO.SS.20160711.POM.1",,"other","Academy of Natural Sciences of Drexel University","2017-02-23","OKgcKejxXbI=","13C15N","1",,,100,"d15N",0.77,"perMill",,"filter poorly folded, sample loss",
