uid,domainID,siteID,namedLocation,collectDate,sampleID,sampleCode,sampleCondition,laboratoryName,analysisDate,analyzedBy,sampleType,replicate,sampleVolumeFiltered,filterSize,percentFilterAnalyzed,analyte,analyteConcentration,plantAlgaeLabUnits,method,externalRemarks,externalLabDataQF
"0e88432c-9edc-4376-94d9-3cd71051b2c8","D03","FLNT","FLNT.AOS.buoy.c0","2017-10-17","FLNT.C0.20171017.POM.1",,"condition ok","SIRFER Lab at University of Utah","2018-03-28","ElFtGy1kV49xqNP00HfxQA==","POM","1",,,100,"carbon",216.46,"microgramsPerLiter","Revesz & Coplen 2012a",,
"c554dde6-5262-4e55-ae57-0faf75ff47ef","D03","FLNT","FLNT.AOS.buoy.c0","2017-10-17","FLNT.C0.20171017.POM.1",,"condition ok","SIRFER Lab at University of Utah","2018-03-28","ElFtGy1kV49xqNP00HfxQA==","POM","1",,,100,"d13C",-30.53,"perMill","Revesz & Coplen 2012a",,
"c32771bf-2dae-491e-b906-c29848de6027","D03","FLNT","FLNT.AOS.buoy.c0","2017-10-17","FLNT.C0.20171017.POM.1",,"condition ok","SIRFER Lab at University of Utah","2018-03-28","ElFtGy1kV49xqNP00HfxQA==","POM","1",,,100,"nitrogen",294.04,"microgramsPerLiter","Revesz & Coplen 2012a",,
"209efc88-2b3e-40ab-8379-3b3ff280b07a","D03","FLNT","FLNT.AOS.buoy.c0","2017-10-17","FLNT.C0.20171017.POM.1",,"condition ok","SIRFER Lab at University of Utah","2018-03-28","ElFtGy1kV49xqNP00HfxQA==","POM","1",,,100,"d15N",10.82,"perMill","Revesz & Coplen 2012a",,
