uid,domainID,siteID,namedLocation,collectDate,sampleID,sampleCode,sampleCondition,laboratoryName,analysisDate,analyzedBy,sampleType,replicate,sampleVolumeFiltered,filterSize,percentFilterAnalyzed,analyte,analyteConcentration,plantAlgaeLabUnits,method,externalRemarks,externalLabDataQF
"73e933cd-b920-4ad8-8e8e-cefa32b84963","D02","POSE","POSE.AOS.S2","2015-04-07","POSE.SS.20150407.POM.1",,,"Academy of Natural Sciences of Drexel University","2015-08-30","OKgcKejxXbI=","CN iso","1",300,25,100,"d15N",3.63,"perMill",,,"Audit Failed. Document: A00036_DREX_AlgalChem_DocAudit_20170407.pdf & A00036_DREX_AlgalChem_VisitAudit_20170407.pdf"
"75ed8252-6f95-4ce0-a27d-440b6bf04c6d","D02","POSE","POSE.AOS.S2","2015-04-07","POSE.SS.20150407.POM.2",,,"Academy of Natural Sciences of Drexel University","2015-08-30","OKgcKejxXbI=","CN iso","2",300,25,100,"d15N",3.93,"perMill",,,"Audit Failed. Document: A00036_DREX_AlgalChem_DocAudit_20170407.pdf & A00036_DREX_AlgalChem_VisitAudit_20170407.pdf"
"a22f5fee-1ae5-4b63-a715-294d7893762c","D02","POSE","POSE.AOS.S2","2015-04-07","POSE.SS.20150407.POM.2",,,"Academy of Natural Sciences of Drexel University","2015-08-30","OKgcKejxXbI=","CN iso","2",300,25,100,"d13C",-28.32,"perMill",,,"Audit Failed. Document: A00036_DREX_AlgalChem_DocAudit_20170407.pdf & A00036_DREX_AlgalChem_VisitAudit_20170407.pdf"
"588781d5-54c6-40ee-8ac5-97c138e584dc","D02","POSE","POSE.AOS.S2","2015-04-07","POSE.SS.20150407.POM.1",,,"Academy of Natural Sciences of Drexel University","2015-08-30","OKgcKejxXbI=","13C15N","1",,,100,"d13C",-28.15,"perMill",,,
"7ec22ace-7f0b-4154-b3ca-575d738471e1","D02","POSE","POSE.AOS.S2","2015-04-07","POSE.SS.20150407.POM.1",,,"Academy of Natural Sciences of Drexel University","2015-08-30","OKgcKejxXbI=","13C15N","1",,,100,"d15N",3.63,"perMill",,,
"c613e760-0d8f-482e-bd84-9fa2a493d09f","D02","POSE","POSE.AOS.S2","2015-04-07","POSE.SS.20150407.POM.2",,,"Academy of Natural Sciences of Drexel University","2015-08-30","OKgcKejxXbI=","13C15N","2",,,100,"d13C",-28.32,"perMill",,,
"8b5fac53-8298-4442-aa0c-e58255f1a374","D02","POSE","POSE.AOS.S2","2015-04-07","POSE.SS.20150407.POM.2",,,"Academy of Natural Sciences of Drexel University","2015-08-30","OKgcKejxXbI=","13C15N","2",,,100,"d15N",3.93,"perMill",,,
"ad82d217-a716-464c-8bb7-c41980b26928","D02","POSE","POSE.AOS.S2","2015-04-07","POSE.SS.20150407.POM.1",,,"Academy of Natural Sciences of Drexel University","2015-08-30","OKgcKejxXbI=","CN iso","1",300,25,100,"d13C",-28.15,"perMill",,,"Audit Failed. Document: A00036_DREX_AlgalChem_DocAudit_20170407.pdf & A00036_DREX_AlgalChem_VisitAudit_20170407.pdf"
"300811e9-a776-4224-a5f6-550a256a1fa7","D02","POSE","POSE.AOS.S2","2015-04-14","POSE.SS.20150414.POM.2",,,"Academy of Natural Sciences of Drexel University","2015-08-30","OKgcKejxXbI=","13C15N","2",,,100,"d13C",-29.03,"perMill",,,
"d49fdfb7-d5c6-49bf-8ceb-f5a64ef4138a","D02","POSE","POSE.AOS.S2","2015-04-14","POSE.SS.20150414.POM.1",,,"Academy of Natural Sciences of Drexel University","2015-08-30","OKgcKejxXbI=","13C15N","1",,,100,"d15N",2.31,"perMill",,,
"5a77e68f-910c-40ed-804d-1824ec19a80c","D02","POSE","POSE.AOS.S2","2015-04-14","POSE.SS.20150414.POM.1",,,"Academy of Natural Sciences of Drexel University","2015-08-30","OKgcKejxXbI=","CN iso","1",300,25,100,"d13C",-28.17,"perMill",,,"Audit Failed. Document: A00036_DREX_AlgalChem_DocAudit_20170407.pdf & A00036_DREX_AlgalChem_VisitAudit_20170407.pdf"
"403a5396-9acc-4450-b127-6de7ffb7ee8e","D02","POSE","POSE.AOS.S2","2015-04-14","POSE.SS.20150414.POM.1",,,"Academy of Natural Sciences of Drexel University","2015-08-30","OKgcKejxXbI=","CN iso","1",300,25,100,"d15N",2.31,"perMill",,,"Audit Failed. Document: A00036_DREX_AlgalChem_DocAudit_20170407.pdf & A00036_DREX_AlgalChem_VisitAudit_20170407.pdf"
"0f9abc19-c973-436a-ac19-34381f889abe","D02","POSE","POSE.AOS.S2","2015-04-14","POSE.SS.20150414.POM.2",,,"Academy of Natural Sciences of Drexel University","2015-08-30","OKgcKejxXbI=","CN iso","2",300,25,100,"d13C",-29.03,"perMill",,,"Audit Failed. Document: A00036_DREX_AlgalChem_DocAudit_20170407.pdf & A00036_DREX_AlgalChem_VisitAudit_20170407.pdf"
"9d5c1701-bd80-4e25-907e-dc7411f7cbe7","D02","POSE","POSE.AOS.S2","2015-04-14","POSE.SS.20150414.POM.2",,,"Academy of Natural Sciences of Drexel University","2015-08-30","OKgcKejxXbI=","CN iso","2",300,25,100,"d15N",2.95,"perMill",,,"Audit Failed. Document: A00036_DREX_AlgalChem_DocAudit_20170407.pdf & A00036_DREX_AlgalChem_VisitAudit_20170407.pdf"
"f2e8de9b-7441-49f3-beda-584959a0ccc5","D02","POSE","POSE.AOS.S2","2015-04-14","POSE.SS.20150414.POM.2",,,"Academy of Natural Sciences of Drexel University","2015-08-30","OKgcKejxXbI=","13C15N","2",,,100,"d15N",2.95,"perMill",,,
"1f30e6a3-9a18-4f22-b005-3b0bafd97b6e","D02","POSE","POSE.AOS.S2","2015-04-14","POSE.SS.20150414.POM.1",,,"Academy of Natural Sciences of Drexel University","2015-08-30","OKgcKejxXbI=","13C15N","1",,,100,"d13C",-28.17,"perMill",,,
"1cc2a2dc-6fe5-4e3c-b8fc-3c9cc01f38b9","D02","POSE","POSE.AOS.S2","2015-04-21","POSE.SS.20150421.POM.2",,,"Academy of Natural Sciences of Drexel University","2015-08-30","OKgcKejxXbI=","13C15N","2",,,100,"d13C",-27.74,"perMill",,,
"98b97f1a-83bd-4e0f-afd9-971051407806","D02","POSE","POSE.AOS.S2","2015-04-21","POSE.SS.20150421.POM.2",,,"Academy of Natural Sciences of Drexel University","2015-08-30","OKgcKejxXbI=","CN iso","2",164,25,100,"d13C",-27.74,"perMill",,,"Audit Failed. Document: A00036_DREX_AlgalChem_DocAudit_20170407.pdf & A00036_DREX_AlgalChem_VisitAudit_20170407.pdf"
"8d8d01b7-5641-462b-9a4b-a70c2044d161","D02","POSE","POSE.AOS.S2","2015-04-21","POSE.SS.20150421.POM.2",,,"Academy of Natural Sciences of Drexel University","2015-08-30","OKgcKejxXbI=","CN iso","2",164,25,100,"d15N",,"perMill",,"bad data","Audit Failed. Document: A00036_DREX_AlgalChem_DocAudit_20170407.pdf & A00036_DREX_AlgalChem_VisitAudit_20170407.pdf"
"11421264-32d4-4fb3-95a4-3a506781d7be","D02","POSE","POSE.AOS.S2","2015-04-21","POSE.SS.20150421.POM.1",,,"Academy of Natural Sciences of Drexel University","2015-08-30","OKgcKejxXbI=","CN iso","1",164,25,100,"d13C",-30.22,"perMill",,,"Audit Failed. Document: A00036_DREX_AlgalChem_DocAudit_20170407.pdf & A00036_DREX_AlgalChem_VisitAudit_20170407.pdf"
"e9a88649-3c48-4842-aad4-fed6999d8eb7","D02","POSE","POSE.AOS.S2","2015-04-21","POSE.SS.20150421.POM.1",,,"Academy of Natural Sciences of Drexel University","2015-08-30","OKgcKejxXbI=","13C15N","1",,,100,"d13C",-30.22,"perMill",,,
"09eba7fa-37f0-468d-b9f1-6fdf9040113d","D02","POSE","POSE.AOS.S2","2015-04-21","POSE.SS.20150421.POM.2",,"other","Academy of Natural Sciences of Drexel University","2015-08-30","OKgcKejxXbI=","13C15N","2",,,100,"d15N",,"perMill",,"no data",
"34c795b2-7d2e-458f-a008-ec1afdb3cbf3","D02","POSE","POSE.AOS.S2","2015-04-21","POSE.SS.20150421.POM.1",,,"Academy of Natural Sciences of Drexel University","2015-08-30","OKgcKejxXbI=","13C15N","1",,,100,"d15N",4.15,"perMill",,,
"6ea151a2-949a-4409-bf04-d57537624ca8","D02","POSE","POSE.AOS.S2","2015-04-21","POSE.SS.20150421.POM.1",,,"Academy of Natural Sciences of Drexel University","2015-08-30","OKgcKejxXbI=","CN iso","1",164,25,100,"d15N",4.15,"perMill",,,"Audit Failed. Document: A00036_DREX_AlgalChem_DocAudit_20170407.pdf & A00036_DREX_AlgalChem_VisitAudit_20170407.pdf"
