uid,domainID,siteID,namedLocation,collectDate,sampleID,sampleCode,sampleCondition,laboratoryName,analysisDate,analyzedBy,sampleType,replicate,sampleVolumeFiltered,filterSize,percentFilterAnalyzed,analyte,analyteConcentration,plantAlgaeLabUnits,method,externalRemarks,externalLabDataQF
"367dd5af-de40-4f5f-b2a9-3b65f09a68c0","D09","PRPO","PRPO.AOS.inlet","2017-04-11","PRPO.IN.20170411.POM.1",,"condition ok","SIRFER Lab at University of Utah","2018-03-14","ElFtGy1kV49xqNP00HfxQA==","POM","1",50,25,100,"d13C",-32.90,"perMill","Revesz & Coplen 2012a",,
"cadef957-3093-475b-883a-629a5bb2be59","D09","PRPO","PRPO.AOS.inlet","2017-04-11","PRPO.IN.20170411.POM.1",,"condition ok","SIRFER Lab at University of Utah","2018-03-14","ElFtGy1kV49xqNP00HfxQA==","POM","1",50,25,100,"d15N",3.20,"perMill","Revesz & Coplen 2012a",,
"04656d6a-449f-4ea5-87b1-8dbbc9bb7c32","D09","PRPO","PRPO.AOS.inlet","2017-04-11","PRPO.IN.20170411.POM.1",,"condition ok","SIRFER Lab at University of Utah","2018-03-14","ElFtGy1kV49xqNP00HfxQA==","POM","1",50,25,100,"nitrogen",742.20,"microgramsPerLiter","Revesz & Coplen 2012a",,
"85d02894-6866-491d-b837-635d013aa6c2","D09","PRPO","PRPO.AOS.inlet","2017-04-11","PRPO.IN.20170411.POM.1",,"condition ok","SIRFER Lab at University of Utah","2018-03-14","ElFtGy1kV49xqNP00HfxQA==","POM","1",50,25,100,"carbon",6517.90,"microgramsPerLiter","Revesz & Coplen 2012a",,
"b7deae19-bfd4-4375-917e-1860a1f6ced7","D09","PRPO","PRPO.AOS.buoy.c0","2017-04-11","PRPO.C0.20170411.POM.1",,"condition ok","SIRFER Lab at University of Utah","2018-03-14","ElFtGy1kV49xqNP00HfxQA==","POM","1",50,25,100,"d15N",5.80,"perMill","Revesz & Coplen 2012a",,
"cb1fdbe0-6a07-42a2-8059-936f4325d40b","D09","PRPO","PRPO.AOS.buoy.c0","2017-04-11","PRPO.C0.20170411.POM.1",,"condition ok","SIRFER Lab at University of Utah","2018-03-14","ElFtGy1kV49xqNP00HfxQA==","POM","1",50,25,100,"d13C",-32.30,"perMill","Revesz & Coplen 2012a",,
"9a9fca6f-6386-45f1-910f-460d40488cfa","D09","PRPO","PRPO.AOS.buoy.c0","2017-04-11","PRPO.C0.20170411.POM.1",,"condition ok","SIRFER Lab at University of Utah","2018-03-14","ElFtGy1kV49xqNP00HfxQA==","POM","1",50,25,100,"carbon",5743.90,"microgramsPerLiter","Revesz & Coplen 2012a",,
"8d0ff9ec-ba6d-45bd-95ec-42378b69314f","D09","PRPO","PRPO.AOS.buoy.c0","2017-04-11","PRPO.C0.20170411.POM.1",,"condition ok","SIRFER Lab at University of Utah","2018-03-14","ElFtGy1kV49xqNP00HfxQA==","POM","1",50,25,100,"nitrogen",693.00,"microgramsPerLiter","Revesz & Coplen 2012a",,
"d10f3313-b72c-471c-b5a0-f7f4c2d6b1ab","D09","PRPO","PRPO.AOS.outlet","2017-04-11","PRPO.OT.20170411.POM.1",,"condition ok","SIRFER Lab at University of Utah","2018-03-14","ElFtGy1kV49xqNP00HfxQA==","POM","1",50,25,100,"carbon",6224.00,"microgramsPerLiter","Revesz & Coplen 2012a",,
"aedad856-de34-447b-a365-fffdd16327a1","D09","PRPO","PRPO.AOS.outlet","2017-04-11","PRPO.OT.20170411.POM.1",,"condition ok","SIRFER Lab at University of Utah","2018-03-14","ElFtGy1kV49xqNP00HfxQA==","POM","1",50,25,100,"d15N",-0.60,"perMill","Revesz & Coplen 2012a",,
"ded440d2-160c-42cb-93b8-2277a4743dab","D09","PRPO","PRPO.AOS.outlet","2017-04-11","PRPO.OT.20170411.POM.1",,"condition ok","SIRFER Lab at University of Utah","2018-03-14","ElFtGy1kV49xqNP00HfxQA==","POM","1",50,25,100,"d13C",-32.90,"perMill","Revesz & Coplen 2012a",,
"e501c522-5367-4f53-9543-b80cd5d517c2","D09","PRPO","PRPO.AOS.outlet","2017-04-11","PRPO.OT.20170411.POM.1",,"condition ok","SIRFER Lab at University of Utah","2018-03-14","ElFtGy1kV49xqNP00HfxQA==","POM","1",50,25,100,"nitrogen",677.40,"microgramsPerLiter","Revesz & Coplen 2012a",,
