uid,domainID,siteID,namedLocation,collectDate,sampleID,sampleCode,sampleCondition,laboratoryName,analysisDate,analyzedBy,sampleType,replicate,sampleVolumeFiltered,filterSize,percentFilterAnalyzed,analyte,analyteConcentration,plantAlgaeLabUnits,method,externalRemarks,externalLabDataQF
"36084e40-570a-47b2-a76c-0bc51bedee43","D06","KING","KING.AOS.S2","2016-01-07","KING.SS.20160107.POM.1",,"other","Academy of Natural Sciences of Drexel University","2016-08-29","OKgcKejxXbI=","13C15N","1",,,100,"d13C",-26.91,"perMill",,"poor folding, sample loss",
"0ba943cd-85df-47da-af65-b26320369a19","D06","KING","KING.AOS.S2","2016-01-07","KING.SS.20160107.POM.1",,"other","Academy of Natural Sciences of Drexel University","2016-08-29","OKgcKejxXbI=","13C15N","1",,,100,"d15N",5.24,"perMill",,"poor folding, sample loss",
"17083777-b192-4469-8c1f-487bd106ddf6","D06","KING","KING.AOS.S2","2016-01-07","KING.SS.20160107.POM.2",,"other","Academy of Natural Sciences of Drexel University","2016-08-29","OKgcKejxXbI=","13C15N","2",,,100,"d13C",-22.48,"perMill",,"poor folding, sample loss",
"c39e95d1-1051-4391-b2c3-ab06f2cf9b61","D06","KING","KING.AOS.S2","2016-01-07","KING.SS.20160107.POM.2",,"other","Academy of Natural Sciences of Drexel University","2016-08-29","OKgcKejxXbI=","13C15N","2",,,100,"d15N",5.63,"perMill",,"poor folding, sample loss",
