uid,domainID,siteID,namedLocation,collectDate,sampleID,sampleCode,sampleCondition,laboratoryName,analysisDate,analyzedBy,sampleType,replicate,sampleVolumeFiltered,filterSize,percentFilterAnalyzed,analyte,analyteConcentration,plantAlgaeLabUnits,method,externalRemarks,externalLabDataQF
"0527a4ed-a2e7-469b-8775-12cdb703f9cb","D06","MCDI","MCDI.AOS.S2","2017-03-06","MCDI.SS.20170306.POM.2",,"condition ok","SIRFER Lab at University of Utah","2018-03-07","ElFtGy1kV49xqNP00HfxQA==","POM","1",,,100,"nitrogen",25.25,"microgramsPerLiter","Revesz & Coplen 2012a",,
"0e2f5e99-de4e-4815-b015-4cdbad9e740d","D06","MCDI","MCDI.AOS.S2","2017-03-06","MCDI.SS.20170306.POM.2",,"condition ok","SIRFER Lab at University of Utah","2018-03-07","ElFtGy1kV49xqNP00HfxQA==","POM","1",,,100,"d15N",0.51,"perMill","Revesz & Coplen 2012a",,
"7303892d-59f5-4867-97ac-87a9106e6cda","D06","MCDI","MCDI.AOS.S2","2017-03-06","MCDI.SS.20170306.POM.2",,"condition ok","SIRFER Lab at University of Utah","2018-03-07","ElFtGy1kV49xqNP00HfxQA==","POM","1",,,100,"carbon",237.48,"microgramsPerLiter","Revesz & Coplen 2012a",,
"49665970-d555-4578-8936-e6f861b34bf2","D06","MCDI","MCDI.AOS.S2","2017-03-06","MCDI.SS.20170306.POM.2",,"condition ok","SIRFER Lab at University of Utah","2018-03-07","ElFtGy1kV49xqNP00HfxQA==","POM","1",,,100,"d13C",-2.74,"perMill","Revesz & Coplen 2012a",,
"f951574e-a04f-4309-a158-ba4d98ba2342","D06","MCDI","MCDI.AOS.S2","2017-03-14","MCDI.SS.20170314.POM.2",,"condition ok","SIRFER Lab at University of Utah","2018-03-07","ElFtGy1kV49xqNP00HfxQA==","POM","1",,,100,"d13C",-26.39,"perMill","Revesz & Coplen 2012a",,
"510692ec-312f-4130-ae31-91b01598fe84","D06","MCDI","MCDI.AOS.S2","2017-03-14","MCDI.SS.20170314.POM.2",,"condition ok","SIRFER Lab at University of Utah","2018-03-07","ElFtGy1kV49xqNP00HfxQA==","POM","1",,,100,"carbon",132.76,"microgramsPerLiter","Revesz & Coplen 2012a",,
"6dc5771b-5e73-46e4-8471-7e59f84d6257","D06","MCDI","MCDI.AOS.S2","2017-03-14","MCDI.SS.20170314.POM.2",,"condition ok","SIRFER Lab at University of Utah","2018-03-07","ElFtGy1kV49xqNP00HfxQA==","POM","1",,,100,"nitrogen",12.96,"microgramsPerLiter","Revesz & Coplen 2012a",,
"71fbc054-12e5-44b7-aa15-897506311f64","D06","MCDI","MCDI.AOS.S2","2017-03-14","MCDI.SS.20170314.POM.2",,"condition ok","SIRFER Lab at University of Utah","2018-03-07","ElFtGy1kV49xqNP00HfxQA==","POM","1",,,100,"d15N",-5.80,"perMill","Revesz & Coplen 2012a",,
