uid,domainID,siteID,namedLocation,collectDate,sampleID,sampleCode,sampleCondition,laboratoryName,analysisDate,analyzedBy,sampleType,replicate,sampleVolumeFiltered,filterSize,percentFilterAnalyzed,analyte,analyteConcentration,plantAlgaeLabUnits,method,externalRemarks,externalLabDataQF
"d3dc9ad6-7a35-4d65-8e97-9aa4e61209b2","D08","TOMB","TOMB.AOS.buoy.c0","2019-03-14","TOMB.C0.20190314.POM.1","A00000048485","condition ok","SIRFER Lab at University of Utah","2019-05-09","ElFtGy1kV49xqNP00HfxQA==","POM","1",50,25,100,"d13C",-28.19,"perMill","Revesz & Coplen 2012a",,
"9721c305-7cba-4f03-81fd-3497eaf75a30","D08","TOMB","TOMB.AOS.buoy.c0","2019-03-14","TOMB.C0.20190314.POM.1","A00000048485","condition ok","SIRFER Lab at University of Utah","2019-05-09","ElFtGy1kV49xqNP00HfxQA==","POM","1",50,25,100,"d15N",5.05,"perMill","Revesz & Coplen 2012a",,
"a9a303f4-4ddd-4a15-a2ac-7a4d43602d5b","D08","TOMB","TOMB.AOS.buoy.c0","2019-03-14","TOMB.C0.20190314.POM.1","A00000048485","condition ok","SIRFER Lab at University of Utah","2019-05-09","ElFtGy1kV49xqNP00HfxQA==","POM","1",50,25,100,"nitrogen",192.48,"microgramsPerLiter","Revesz & Coplen 2012a",,
"1d387a29-b20e-43d5-9b1e-c5860616067b","D08","TOMB","TOMB.AOS.buoy.c0","2019-03-14","TOMB.C0.20190314.POM.1","A00000048485","condition ok","SIRFER Lab at University of Utah","2019-05-09","ElFtGy1kV49xqNP00HfxQA==","POM","1",50,25,100,"carbon",1937.78,"microgramsPerLiter","Revesz & Coplen 2012a",,
"96bdfb42-eed4-4bef-b69b-ee5891855a27","D08","TOMB","TOMB.AOS.buoy.c0","2019-03-18","TOMB.C0.20190318.POM.1","A00000048504","condition ok","SIRFER Lab at University of Utah","2019-05-09","ElFtGy1kV49xqNP00HfxQA==","POM","1",50,25,100,"carbon",1935.09,"microgramsPerLiter","Revesz & Coplen 2012a",,
"a08e4bf1-e56e-4cbe-b667-2b078739520a","D08","TOMB","TOMB.AOS.buoy.c0","2019-03-18","TOMB.C0.20190318.POM.1","A00000048504","condition ok","SIRFER Lab at University of Utah","2019-05-09","ElFtGy1kV49xqNP00HfxQA==","POM","1",50,25,100,"d13C",-29.34,"perMill","Revesz & Coplen 2012a",,
"3a0f4e89-9dce-4892-b624-c49e443589f3","D08","TOMB","TOMB.AOS.buoy.c0","2019-03-18","TOMB.C0.20190318.POM.1","A00000048504","condition ok","SIRFER Lab at University of Utah","2019-05-09","ElFtGy1kV49xqNP00HfxQA==","POM","1",50,25,100,"d15N",4.14,"perMill","Revesz & Coplen 2012a",,
"9ec45042-2598-4716-94e8-9df606cf66dd","D08","TOMB","TOMB.AOS.buoy.c0","2019-03-18","TOMB.C0.20190318.POM.1","A00000048504","condition ok","SIRFER Lab at University of Utah","2019-05-09","ElFtGy1kV49xqNP00HfxQA==","POM","1",50,25,100,"nitrogen",191.47,"microgramsPerLiter","Revesz & Coplen 2012a",,
"9d669102-b344-4301-8c7a-fbd20b48a5b0","D08","TOMB","TOMB.AOS.buoy.c0","2019-03-20","TOMB.C0.20190320.POM.1","A00000048612","condition ok","SIRFER Lab at University of Utah","2019-05-09","ElFtGy1kV49xqNP00HfxQA==","POM","1",50,25,100,"nitrogen",128.79,"microgramsPerLiter","Revesz & Coplen 2012a",,
"fbe3ba71-18e1-49a2-84e9-1e19d8203231","D08","TOMB","TOMB.AOS.buoy.c0","2019-03-20","TOMB.C0.20190320.POM.1","A00000048612","condition ok","SIRFER Lab at University of Utah","2019-05-09","ElFtGy1kV49xqNP00HfxQA==","POM","1",50,25,100,"d13C",-27.51,"perMill","Revesz & Coplen 2012a",,
"1677d29e-66df-4f02-828b-7ee854d0f8e2","D08","TOMB","TOMB.AOS.buoy.c0","2019-03-20","TOMB.C0.20190320.POM.1","A00000048612","condition ok","SIRFER Lab at University of Utah","2019-05-09","ElFtGy1kV49xqNP00HfxQA==","POM","1",50,25,100,"d15N",6.36,"perMill","Revesz & Coplen 2012a",,
"f2797c26-d0ef-451d-934c-00882d53c687","D08","TOMB","TOMB.AOS.buoy.c0","2019-03-20","TOMB.C0.20190320.POM.1","A00000048612","condition ok","SIRFER Lab at University of Utah","2019-05-09","ElFtGy1kV49xqNP00HfxQA==","POM","1",50,25,100,"carbon",1261.88,"microgramsPerLiter","Revesz & Coplen 2012a",,
