uid,domainID,siteID,namedLocation,collectDate,sampleID,sampleCode,sampleCondition,laboratoryName,analysisDate,analyzedBy,sampleType,replicate,sampleVolumeFiltered,filterSize,percentFilterAnalyzed,analyte,analyteConcentration,plantAlgaeLabUnits,method,externalRemarks,externalLabDataQF
"8c447f63-9d02-4819-836c-547332ad76a2","D02","LEWI","LEWI.AOS.S2","2016-10-05","LEWI.SS.20161005.POM.1",,"condition ok","Academy of Natural Sciences of Drexel University","2017-04-03","OKgcKejxXbI=","13C15N","1",,,100,"d15N",5.66,"perMill",,,
"9107b5cf-c9e3-46d6-b1b0-7a9cd41e8f5b","D02","LEWI","LEWI.AOS.S2","2016-10-05","LEWI.SS.20161005.POM.2",,"condition ok","Academy of Natural Sciences of Drexel University","2017-05-18","OKgcKejxXbI=","13C15N","2",,,100,"d13C",-22.06,"perMill",,,
"8763939c-89f3-4a2d-95f3-70942b97dda3","D02","LEWI","LEWI.AOS.S2","2016-10-05","LEWI.SS.20161005.POM.1",,"condition ok","Academy of Natural Sciences of Drexel University","2017-04-03","OKgcKejxXbI=","13C15N","1",,,100,"d13C",-22.52,"perMill",,,
"c9541cdf-b5d1-4ce0-899d-dc31bda521ff","D02","LEWI","LEWI.AOS.S2","2016-10-05","LEWI.SS.20161005.POM.2",,"condition ok","Academy of Natural Sciences of Drexel University","2017-05-18","OKgcKejxXbI=","13C15N","2",,,100,"d15N",5.49,"perMill",,,
"3229907c-3df5-4a9f-852e-c71d420ffdc8","D02","LEWI","LEWI.AOS.S2","2016-10-19","LEWI.SS.20161019.POM.1",,"condition ok","Academy of Natural Sciences of Drexel University","2017-04-03","OKgcKejxXbI=","13C15N","1",,,100,"d13C",-22.30,"perMill",,,
"266c84e9-f021-4989-8897-1b79a604d370","D02","LEWI","LEWI.AOS.S2","2016-10-19","LEWI.SS.20161019.POM.2",,"condition ok","Academy of Natural Sciences of Drexel University","2017-05-18","OKgcKejxXbI=","13C15N","2",,,100,"d15N",6.25,"perMill",,,
"9aa9f0ca-d923-412b-b1d3-c280df760c56","D02","LEWI","LEWI.AOS.S2","2016-10-19","LEWI.SS.20161019.POM.1",,"condition ok","Academy of Natural Sciences of Drexel University","2017-04-03","OKgcKejxXbI=","13C15N","1",,,100,"d15N",7.58,"perMill",,,
"69fe36c7-a345-4e97-a089-f4a77b9f3fba","D02","LEWI","LEWI.AOS.S2","2016-10-19","LEWI.SS.20161019.POM.2",,"condition ok","Academy of Natural Sciences of Drexel University","2017-05-18","OKgcKejxXbI=","13C15N","2",,,100,"d13C",-22.55,"perMill",,,
