uid,domainID,siteID,namedLocation,collectDate,analysisDate,isotopeH2OSampleID,isotopeH2OSampleCode,instrumentSN,d18OWater,d2HWater,d18OsdWater,d2HsdWater,isotopeH2OExternalLabQF,laboratoryName,analyzedBy,sampleCondition,externalRemarks,externalLabDataQF
"980ab893-3240-4766-973a-ff3aa089d559","D08","MAYF","MAYF.AOS.S2","2019-04-02","2019-07-09","MAYF.SS.20190402.H2O.1","A00000048582","HIDS2046",-4.06,-20.22,0.04,0.13,0,"SIRFER Lab at University of Utah","OlSmE6RRn5QQH8tvUHmK5i/poYiQr6sd","OK",,
"683c067a-57dc-4a69-9380-315e48203bf4","D08","MAYF","MAYF.AOS.S2","2019-04-04","2019-07-09","MAYF.SS.20190404.H2O.1","A00000081830","HIDS2046",-4.01,-20.04,0.04,0.08,0,"SIRFER Lab at University of Utah","OlSmE6RRn5QQH8tvUHmK5i/poYiQr6sd","OK",,
"b4798599-dd34-46f4-8806-fe7bce395921","D08","MAYF","MAYF.AOS.S2","2019-04-18","2019-07-09","MAYF.SS.20190418.H2O.1","A00000048579","HIDS2046",-4.01,-18.66,0.06,0.31,0,"SIRFER Lab at University of Utah","OlSmE6RRn5QQH8tvUHmK5i/poYiQr6sd","OK",,
"4e4e523e-0be6-4304-a8fe-a2b1715152aa","D08","MAYF","MAYF.AOS.S2","2019-04-30","2019-07-09","MAYF.SS.20190430.H2O.1","A00000081774","HIDS2046",-4.00,-19.12,0.16,0.64,0,"SIRFER Lab at University of Utah","OlSmE6RRn5QQH8tvUHmK5i/poYiQr6sd","OK",,
