uid,domainID,siteID,namedLocation,collectDate,sampleID,sampleCode,sampleCondition,laboratoryName,analysisDate,analyzedBy,sampleType,replicate,sampleVolumeFiltered,filterSize,percentFilterAnalyzed,analyte,analyteConcentration,plantAlgaeLabUnits,method,externalRemarks,externalLabDataQF
"c12316c8-108c-485a-979b-e7d160c04e0c","D08","MAYF","MAYF.AOS.S2","2019-04-02","MAYF.SS.20190402.POM.1","A00000048570","condition ok","SIRFER Lab at University of Utah","2019-05-09","ElFtGy1kV49xqNP00HfxQA==","POM","1",50,25,100,"d15N",,"perMill","Revesz & Coplen 2012a",,
"837188eb-fbcb-4e77-98ca-e4ef10052eae","D08","MAYF","MAYF.AOS.S2","2019-04-02","MAYF.SS.20190402.POM.1","A00000048570","condition ok","SIRFER Lab at University of Utah","2019-05-09","ElFtGy1kV49xqNP00HfxQA==","POM","1",50,25,100,"nitrogen",,"microgramsPerLiter","Revesz & Coplen 2012a",,
"41913866-1e93-4d3e-8fc6-86e03978e567","D08","MAYF","MAYF.AOS.S2","2019-04-02","MAYF.SS.20190402.POM.1","A00000048570","condition ok","SIRFER Lab at University of Utah","2019-05-09","ElFtGy1kV49xqNP00HfxQA==","POM","1",50,25,100,"d13C",-27.61,"perMill","Revesz & Coplen 2012a",,
"8ea519c7-e7d5-48ac-8d4e-e26fed20a707","D08","MAYF","MAYF.AOS.S2","2019-04-02","MAYF.SS.20190402.POM.1","A00000048570","condition ok","SIRFER Lab at University of Utah","2019-05-09","ElFtGy1kV49xqNP00HfxQA==","POM","1",50,25,100,"carbon",1074.50,"microgramsPerLiter","Revesz & Coplen 2012a",,
"da50a9ab-ad6d-466d-bada-25aa7964c697","D08","MAYF","MAYF.AOS.S2","2019-04-04","MAYF.SS.20190404.POM.1","A00000048572","condition ok","SIRFER Lab at University of Utah","2019-05-09","ElFtGy1kV49xqNP00HfxQA==","POM","1",50,25,100,"carbon",1286.96,"microgramsPerLiter","Revesz & Coplen 2012a",,
"eecbe649-3038-42b7-b1a8-b56720ced880","D08","MAYF","MAYF.AOS.S2","2019-04-04","MAYF.SS.20190404.POM.1","A00000048572","condition ok","SIRFER Lab at University of Utah","2019-05-09","ElFtGy1kV49xqNP00HfxQA==","POM","1",50,25,100,"nitrogen",,"microgramsPerLiter","Revesz & Coplen 2012a",,
"df6b9399-e7c5-42a5-815b-8ba461259f57","D08","MAYF","MAYF.AOS.S2","2019-04-04","MAYF.SS.20190404.POM.1","A00000048572","condition ok","SIRFER Lab at University of Utah","2019-05-09","ElFtGy1kV49xqNP00HfxQA==","POM","1",50,25,100,"d13C",-28.46,"perMill","Revesz & Coplen 2012a",,
"d94786b9-80ce-4b62-be30-2cad1451dfe6","D08","MAYF","MAYF.AOS.S2","2019-04-04","MAYF.SS.20190404.POM.1","A00000048572","condition ok","SIRFER Lab at University of Utah","2019-05-09","ElFtGy1kV49xqNP00HfxQA==","POM","1",50,25,100,"d15N",,"perMill","Revesz & Coplen 2012a",,
