uid,domainID,siteID,namedLocation,decimalLatitude,decimalLongitude,coordinateUncertainty,additionalCoordUncertainty,elevation,elevationUncertainty,geodeticDatum,altLocation,altLatitude,altLongitude,altCoordinateUncertainty,altGeodeticDatum,collectDate,aquaticSiteType,samplingImpractical,parentSampleID,parentSampleCode,eventID,samplerType,dissolvedOxygen,dissolvedOxygenSaturation,specificConductance,waterTemp,asiSamplingProtocolVersion,lowerSegmentDepth,upperSegmentDepth,maxDepth,lakeSampleDepth1,lakeSampleDepth2,aCollectedBy,bCollectedBy,remarks,fieldDataQF
"8312b761-c874-4872-8e48-14016f378618","D08","MAYF","MAYF.AOS.S2",32.961588,-87.408214,0.1,10.0,69.8,0.1,"WGS84",,,,,,"2019-04-02T14:30Z","stream",,"MAYF.SS.20190402",,"MAYF.20190402","Grab",10.58,98.20,11.90,11.80,"NEON.DOC.001886vF",,,,,,"0000-0002-9743-3915","0000-0002-4103-6144",,
"baa68362-8752-4d5a-a9af-0f502c7e2ce7","D08","MAYF","MAYF.AOS.S2",32.961588,-87.408214,0.1,10.0,69.8,0.1,"WGS84",,,,,,"2019-04-04T14:00Z","stream",,"MAYF.SS.20190404",,"MAYF.20190404","Grab",10.10,94.70,13.10,12.60,"NEON.DOC.001886vF",,,,,,"0000-0002-4103-6144","0000-0002-4103-6144",,
"a7d01847-5739-4085-afc4-bc3fa1375823","D08","MAYF","MAYF.AOS.S2",32.961588,-87.408214,0.1,10.0,69.8,0.1,"WGS84",,,,,,"2019-04-18T13:37Z","stream",,"MAYF.SS.20190418",,"MAYF.20190418","Grab",6.44,66.70,13.90,16.70,"NEON.DOC.001886vF",,,,,,"0000-0002-9743-3915","0000-0003-1561-0904","YSI DO calibration under",
"4fa14d9b-0597-4a9e-80d1-ecde42e4331c","D08","MAYF","MAYF.AOS.S2",32.961588,-87.408214,0.1,10.0,69.8,0.1,"WGS84",,,,,,"2019-04-30T14:00Z","stream",,"MAYF.SS.20190430",,"MAYF.20190430","Grab",8.82,90.10,13.40,16.40,"NEON.DOC.001886vF",,,,,,"0000-0003-1561-0904","0000-0003-1334-3275",,
