uid,domainID,siteID,namedLocation,collectDate,parentSampleID,parentSampleCode,isotopeH2OSampleCond,isotopeH2OSampleID,isotopeH2OSampleCode,isotopePOMRep2SampleCond,isotopePOMRep2SampleID,isotopePOMRep2SampleCode,isotopePOMSampleCond,isotopePOMSampleID,isotopePOMSampleCode,processedDateFilters,processedDateH2OIsotopes,sampleVolumeFilteredPOMRep1,sampleVolumeFilteredPOMRep2,fieldDataQF
"f7039bfa-b34c-4655-b1a6-892d80e08e59","D08","MAYF","MAYF.AOS.S2","2019-04-02T14:30Z","MAYF.SS.20190402",,"Sample condition ok","MAYF.SS.20190402.H2O.1","A00000048582","Sample condition ok","MAYF.SS.20190402.POM.2","A00000048571","Sample condition ok","MAYF.SS.20190402.POM.1","A00000048570","2019-04-02T14:30Z","2019-04-02T14:30Z",50,50,
"2b29b4c3-568f-4bfe-8130-749353ecbfc4","D08","MAYF","MAYF.AOS.S2","2019-04-04T14:00Z","MAYF.SS.20190404",,"Sample condition ok","MAYF.SS.20190404.H2O.1","A00000081830","Sample condition ok","MAYF.SS.20190404.POM.2","A00000048576","Sample condition ok","MAYF.SS.20190404.POM.1","A00000048572","2019-04-04T15:00Z","2019-04-04T15:03Z",50,50,
"1238374e-2a30-4d8a-933c-99e2d0a909c7","D08","MAYF","MAYF.AOS.S2","2019-04-18T13:37Z","MAYF.SS.20190418",,"Sample condition ok","MAYF.SS.20190418.H2O.1","A00000048579","Sample condition ok","MAYF.SS.20190418.POM.2","A00000081787","Sample condition ok","MAYF.SS.20190418.POM.1","A00000081786","2019-04-18T14:08Z","2019-04-18T14:14Z",75,75,
"4ba9727a-0ff6-444f-874c-b6d3d92a9d62","D08","MAYF","MAYF.AOS.S2","2019-04-30T14:00Z","MAYF.SS.20190430",,"Sample condition ok","MAYF.SS.20190430.H2O.1","A00000081774","Sample condition ok","MAYF.SS.20190430.POM.2","A00000081780","Sample condition ok","MAYF.SS.20190430.POM.1","A00000081779","2019-04-30T14:00Z","2019-04-30T14:30Z",50,50,
