uid,domainID,siteID,namedLocation,collectDate,sampleID,sampleCode,sampleCondition,laboratoryName,analysisDate,analyzedBy,sampleType,replicate,sampleVolumeFiltered,filterSize,percentFilterAnalyzed,analyte,analyteConcentration,plantAlgaeLabUnits,method,externalRemarks,externalLabDataQF
"e04e0ca5-47f5-46ee-9cee-099c89cc71a4","D08","TOMB","TOMB.AOS.buoy.c0","2017-03-02","TOMB.C0.20170302.POM.1",,"condition ok","SIRFER Lab at University of Utah","2018-03-26","ElFtGy1kV49xqNP00HfxQA==","POM","1",100,25,100,"carbon",2724.01,"microgramsPerLiter","Revesz & Coplen 2012a",,
"4e48ec97-288e-4fc1-a4d0-b245150c4855","D08","TOMB","TOMB.AOS.buoy.c0","2017-03-02","TOMB.C0.20170302.POM.1",,"condition ok","SIRFER Lab at University of Utah","2018-03-26","ElFtGy1kV49xqNP00HfxQA==","POM","1",100,25,100,"nitrogen",595.51,"microgramsPerLiter","Revesz & Coplen 2012a",,
"682b0246-860e-49c8-a139-1ae413da3e25","D08","TOMB","TOMB.AOS.buoy.c0","2017-03-02","TOMB.C0.20170302.POM.1",,"condition ok","SIRFER Lab at University of Utah","2018-03-26","ElFtGy1kV49xqNP00HfxQA==","POM","1",100,25,100,"d15N",10.82,"perMill","Revesz & Coplen 2012a",,
"948d9987-c2fa-4879-9b7b-cc57a29672d4","D08","TOMB","TOMB.AOS.buoy.c0","2017-03-02","TOMB.C0.20170302.POM.1",,"condition ok","SIRFER Lab at University of Utah","2018-03-26","ElFtGy1kV49xqNP00HfxQA==","POM","1",100,25,100,"d13C",-29.14,"perMill","Revesz & Coplen 2012a",,
"091482d1-7128-4bf2-9208-b8922838da12","D08","TOMB","TOMB.AOS.buoy.c0","2017-03-07","TOMB.C0.20170307.POM.1",,"condition ok","SIRFER Lab at University of Utah","2018-03-26","ElFtGy1kV49xqNP00HfxQA==","POM","1",100,25,100,"carbon",810.01,"microgramsPerLiter","Revesz & Coplen 2012a",,
"3699274a-68b5-4e6b-ae2c-26e38d6c04ad","D08","TOMB","TOMB.AOS.buoy.c0","2017-03-07","TOMB.C0.20170307.POM.1",,"condition ok","SIRFER Lab at University of Utah","2018-03-26","ElFtGy1kV49xqNP00HfxQA==","POM","1",100,25,100,"d15N",11.00,"perMill","Revesz & Coplen 2012a",,
"b3e96ccd-ae79-46bc-a8cf-9484f69ece0e","D08","TOMB","TOMB.AOS.buoy.c0","2017-03-07","TOMB.C0.20170307.POM.1",,"condition ok","SIRFER Lab at University of Utah","2018-03-26","ElFtGy1kV49xqNP00HfxQA==","POM","1",100,25,100,"nitrogen",109.96,"microgramsPerLiter","Revesz & Coplen 2012a",,
"bd5c23a5-df75-4fcd-b9ba-f8beeb288fab","D08","TOMB","TOMB.AOS.buoy.c0","2017-03-07","TOMB.C0.20170307.POM.1",,"condition ok","SIRFER Lab at University of Utah","2018-03-26","ElFtGy1kV49xqNP00HfxQA==","POM","1",100,25,100,"d13C",-30.53,"perMill","Revesz & Coplen 2012a",,
"bb539797-ebbb-48c3-bf4e-649241247730","D08","TOMB","TOMB.AOS.buoy.c0","2017-03-22","TOMB.C0.20170322.POM.1",,"condition ok","SIRFER Lab at University of Utah","2018-03-26","ElFtGy1kV49xqNP00HfxQA==","POM","1",100,25,100,"nitrogen",136.85,"microgramsPerLiter","Revesz & Coplen 2012a",,
"a2bf6cad-3ec3-4a7f-8c2b-0c7c158fe280","D08","TOMB","TOMB.AOS.buoy.c0","2017-03-22","TOMB.C0.20170322.POM.1",,"condition ok","SIRFER Lab at University of Utah","2018-03-26","ElFtGy1kV49xqNP00HfxQA==","POM","1",100,25,100,"d13C",-29.47,"perMill","Revesz & Coplen 2012a",,
"3753269c-1b83-42bf-a292-e932259d94b3","D08","TOMB","TOMB.AOS.buoy.c0","2017-03-22","TOMB.C0.20170322.POM.1",,"condition ok","SIRFER Lab at University of Utah","2018-03-26","ElFtGy1kV49xqNP00HfxQA==","POM","1",100,25,100,"carbon",857.23,"microgramsPerLiter","Revesz & Coplen 2012a",,
"c0877ad6-cdc4-46d0-a94a-4bf4bee4df71","D08","TOMB","TOMB.AOS.buoy.c0","2017-03-22","TOMB.C0.20170322.POM.1",,"condition ok","SIRFER Lab at University of Utah","2018-03-26","ElFtGy1kV49xqNP00HfxQA==","POM","1",100,25,100,"d15N",3.01,"perMill","Revesz & Coplen 2012a",,
