uid,domainID,siteID,namedLocation,collectDate,sampleID,sampleCode,sampleCondition,laboratoryName,analysisDate,analyzedBy,sampleType,replicate,sampleVolumeFiltered,filterSize,percentFilterAnalyzed,analyte,analyteConcentration,plantAlgaeLabUnits,method,externalRemarks,externalLabDataQF
"5726fde3-2670-480f-9359-e9ae0015c042","D13","COMO","COMO.AOS.S2","2017-09-11","COMO.SS.20170911.POM.1",,"condition ok","SIRFER Lab at University of Utah","2018-04-06","ElFtGy1kV49xqNP00HfxQA==","POM","1",300,25,100,"nitrogen",36.95,"microgramsPerLiter","Revesz & Coplen 2012a",,
"a01fc1fc-9bae-4fe6-80c4-77457672e69f","D13","COMO","COMO.AOS.S2","2017-09-11","COMO.SS.20170911.POM.1",,"condition ok","SIRFER Lab at University of Utah","2018-04-06","ElFtGy1kV49xqNP00HfxQA==","POM","1",300,25,100,"d13C",-26.03,"perMill","Revesz & Coplen 2012a",,
"658e0d93-0766-4c18-a233-9a5c77cdf4f9","D13","COMO","COMO.AOS.S2","2017-09-11","COMO.SS.20170911.POM.1",,"condition ok","SIRFER Lab at University of Utah","2018-04-06","ElFtGy1kV49xqNP00HfxQA==","POM","1",300,25,100,"carbon",488.81,"microgramsPerLiter","Revesz & Coplen 2012a",,
"b7bc5b40-9eb6-4af5-b296-4f16174a13cb","D13","COMO","COMO.AOS.S2","2017-09-11","COMO.SS.20170911.POM.1",,"condition ok","SIRFER Lab at University of Utah","2018-04-06","ElFtGy1kV49xqNP00HfxQA==","POM","1",300,25,100,"d15N",10.70,"perMill","Revesz & Coplen 2012a",,
"c0f5c713-5d9f-4fa7-98b9-9176b85e465f","D13","COMO","COMO.AOS.S2","2017-09-25","COMO.SS.20170925.POM.1",,"condition ok","SIRFER Lab at University of Utah","2018-04-06","ElFtGy1kV49xqNP00HfxQA==","POM","1",750,25,100,"d15N",9.37,"perMill","Revesz & Coplen 2012a",,
"c49cb2a7-60ca-4380-a91c-f4c71d6c2ec3","D13","COMO","COMO.AOS.S2","2017-09-25","COMO.SS.20170925.POM.1",,"condition ok","SIRFER Lab at University of Utah","2018-04-06","ElFtGy1kV49xqNP00HfxQA==","POM","1",750,25,100,"carbon",195.87,"microgramsPerLiter","Revesz & Coplen 2012a",,
"79513c3e-00b8-4cfe-a60d-2a381c50b4f1","D13","COMO","COMO.AOS.S2","2017-09-25","COMO.SS.20170925.POM.1",,"condition ok","SIRFER Lab at University of Utah","2018-04-06","ElFtGy1kV49xqNP00HfxQA==","POM","1",750,25,100,"d13C",-25.05,"perMill","Revesz & Coplen 2012a",,
"7b7c50c5-bd6b-4fe9-a665-958d0cd66db9","D13","COMO","COMO.AOS.S2","2017-09-25","COMO.SS.20170925.POM.1",,"condition ok","SIRFER Lab at University of Utah","2018-04-06","ElFtGy1kV49xqNP00HfxQA==","POM","1",750,25,100,"nitrogen",17.30,"microgramsPerLiter","Revesz & Coplen 2012a",,
