uid,domainID,siteID,namedLocation,collectDate,sampleID,sampleCode,sampleCondition,laboratoryName,analysisDate,analyzedBy,sampleType,replicate,sampleVolumeFiltered,filterSize,percentFilterAnalyzed,analyte,analyteConcentration,plantAlgaeLabUnits,method,externalRemarks,externalLabDataQF
"a2d1f993-d120-49f3-8047-d090a9908109","D02","LEWI","LEWI.AOS.S2","2018-05-02","LEWI.SS.20180502.POM.1","A00000002028","condition ok","SIRFER Lab at University of Utah","2018-08-13","ElFtGy1kV49xqNP00HfxQA==","POM","1",600,25,100,"nitrogen",26.22,"microgramsPerLiter","Revesz & Coplen 2012a",,
"2d66b7c1-c0b9-48f4-a1be-8811eff1914a","D02","LEWI","LEWI.AOS.S2","2018-05-02","LEWI.SS.20180502.POM.1","A00000002028","condition ok","SIRFER Lab at University of Utah","2018-08-13","ElFtGy1kV49xqNP00HfxQA==","POM","1",600,25,100,"d13C",-25.61,"perMill","Revesz & Coplen 2012a",,
"140fe01b-f09a-4a0a-9ea1-d5895bad68eb","D02","LEWI","LEWI.AOS.S2","2018-05-02","LEWI.SS.20180502.POM.1","A00000002028","condition ok","SIRFER Lab at University of Utah","2018-08-13","ElFtGy1kV49xqNP00HfxQA==","POM","1",600,25,100,"d15N",5.14,"perMill","Revesz & Coplen 2012a",,
"fbabda20-2385-4122-8007-b5cd3763abbf","D02","LEWI","LEWI.AOS.S2","2018-05-02","LEWI.SS.20180502.POM.1","A00000002028","condition ok","SIRFER Lab at University of Utah","2018-08-13","ElFtGy1kV49xqNP00HfxQA==","POM","1",600,25,100,"carbon",280.99,"microgramsPerLiter","Revesz & Coplen 2012a",,
"3b4b7ce4-7749-4089-8fe8-b7fabf029bdb","D02","LEWI","LEWI.AOS.S2","2018-05-09","LEWI.SS.20180509.POM.1","A00000002042","condition ok","SIRFER Lab at University of Utah","2018-08-13","ElFtGy1kV49xqNP00HfxQA==","POM","1",600,25,100,"carbon",421.87,"microgramsPerLiter","Revesz & Coplen 2012a",,
"a4e53d84-975a-421e-911c-1b4ec1c725c9","D02","LEWI","LEWI.AOS.S2","2018-05-09","LEWI.SS.20180509.POM.1","A00000002042","condition ok","SIRFER Lab at University of Utah","2018-08-13","ElFtGy1kV49xqNP00HfxQA==","POM","1",600,25,100,"d13C",-24.23,"perMill","Revesz & Coplen 2012a",,
"cb25a141-aed8-48fd-a10f-ce223c1d37d6","D02","LEWI","LEWI.AOS.S2","2018-05-09","LEWI.SS.20180509.POM.1","A00000002042","condition ok","SIRFER Lab at University of Utah","2018-08-13","ElFtGy1kV49xqNP00HfxQA==","POM","1",600,25,100,"d15N",5.02,"perMill","Revesz & Coplen 2012a",,
"d3843027-99d6-48cb-890c-1b9948ddd7b1","D02","LEWI","LEWI.AOS.S2","2018-05-09","LEWI.SS.20180509.POM.1","A00000002042","condition ok","SIRFER Lab at University of Utah","2018-08-13","ElFtGy1kV49xqNP00HfxQA==","POM","1",600,25,100,"nitrogen",31.65,"microgramsPerLiter","Revesz & Coplen 2012a",,
"c8a42878-15a4-48bc-9c84-dfe153c8dca8","D02","LEWI","LEWI.AOS.S2","2018-05-23","LEWI.SS.20180523.POM.1","A00000002287","condition ok","SIRFER Lab at University of Utah","2018-08-13","ElFtGy1kV49xqNP00HfxQA==","POM","1",300,25,100,"carbon",2298.84,"microgramsPerLiter","Revesz & Coplen 2012a",,
"7cc64112-f6ad-4fc8-a184-0b6da658e447","D02","LEWI","LEWI.AOS.S2","2018-05-23","LEWI.SS.20180523.POM.1","A00000002287","condition ok","SIRFER Lab at University of Utah","2018-08-13","ElFtGy1kV49xqNP00HfxQA==","POM","1",300,25,100,"nitrogen",211.45,"microgramsPerLiter","Revesz & Coplen 2012a",,
"729e02ee-3047-42bf-baa4-48e2cc81a8f8","D02","LEWI","LEWI.AOS.S2","2018-05-23","LEWI.SS.20180523.POM.1","A00000002287","condition ok","SIRFER Lab at University of Utah","2018-08-13","ElFtGy1kV49xqNP00HfxQA==","POM","1",300,25,100,"d15N",5.08,"perMill","Revesz & Coplen 2012a",,
"96393697-1ffa-44ca-a47e-4df9929761be","D02","LEWI","LEWI.AOS.S2","2018-05-23","LEWI.SS.20180523.POM.1","A00000002287","condition ok","SIRFER Lab at University of Utah","2018-08-13","ElFtGy1kV49xqNP00HfxQA==","POM","1",300,25,100,"d13C",-21.72,"perMill","Revesz & Coplen 2012a",,
