uid,domainID,siteID,namedLocation,collectDate,sampleID,sampleCode,sampleCondition,laboratoryName,analysisDate,analyzedBy,sampleType,replicate,sampleVolumeFiltered,filterSize,percentFilterAnalyzed,analyte,analyteConcentration,plantAlgaeLabUnits,method,externalRemarks,externalLabDataQF
"2fada2cb-7bf3-4a94-a32d-25c568ed669f","D09","PRPO","PRPO.AOS.buoy.c0","2016-12-21","PRPO.C0.20161221.POM.2",,"other","Academy of Natural Sciences of Drexel University","2017-06-01","OKgcKejxXbI=","13C15N","2",,,100,"d13C",-29.52,"perMill",,"filter folded poorly, sample loss",
"75c5aaa2-bf1f-49fd-9b9c-7eba9fc4796d","D09","PRPO","PRPO.AOS.buoy.c0","2016-12-21","PRPO.C0.20161221.POM.1",,"other","Academy of Natural Sciences of Drexel University","2017-04-12","OKgcKejxXbI=","13C15N","1",,,100,"d15N",4.64,"perMill",,"filter folded poorly, sample loss",
"d42e606f-10d6-4075-90ca-0566be0f728a","D09","PRPO","PRPO.AOS.buoy.c0","2016-12-21","PRPO.C0.20161221.POM.1",,"other","Academy of Natural Sciences of Drexel University","2017-04-12","OKgcKejxXbI=","13C15N","1",,,100,"d13C",-29.43,"perMill",,"filter folded poorly, sample loss",
"be89f6ea-a892-4a0d-a5bc-159583a5cf13","D09","PRPO","PRPO.AOS.buoy.c0","2016-12-21","PRPO.C0.20161221.POM.2",,"other","Academy of Natural Sciences of Drexel University","2017-06-01","OKgcKejxXbI=","13C15N","2",,,100,"d15N",2.88,"perMill",,"filter folded poorly, sample loss",
