uid,domainID,siteID,namedLocation,collectDate,sampleID,sampleCode,sampleCondition,laboratoryName,analysisDate,analyzedBy,sampleType,replicate,sampleVolumeFiltered,filterSize,percentFilterAnalyzed,analyte,analyteConcentration,plantAlgaeLabUnits,method,externalRemarks,externalLabDataQF
"7dfe8ee9-1a04-436c-9a34-1306e03d0ce0","D06","KING","KING.AOS.S2","2017-03-07","KING.SS.20170307.POM.1",,"condition ok","SIRFER Lab at University of Utah","2018-03-01","ElFtGy1kV49xqNP00HfxQA==","POM","1",500,25,100,"d13C",-22.49,"perMill","Revesz & Coplen 2012a",,
"475d8cf3-8db5-4666-8400-d2eb0a719865","D06","KING","KING.AOS.S2","2017-03-07","KING.SS.20170307.POM.1",,"condition ok","SIRFER Lab at University of Utah","2018-03-01","ElFtGy1kV49xqNP00HfxQA==","POM","1",500,25,100,"nitrogen",16.96,"microgramsPerLiter","Revesz & Coplen 2012a",,
"2b1c4377-54e5-4774-bed7-84e5f4be0bc3","D06","KING","KING.AOS.S2","2017-03-07","KING.SS.20170307.POM.1",,"condition ok","SIRFER Lab at University of Utah","2018-03-01","ElFtGy1kV49xqNP00HfxQA==","POM","1",500,25,100,"carbon",181.84,"microgramsPerLiter","Revesz & Coplen 2012a",,
"43bb5158-707d-4c28-af05-f70034d2b45c","D06","KING","KING.AOS.S2","2017-03-07","KING.SS.20170307.POM.1",,"condition ok","SIRFER Lab at University of Utah","2018-03-01","ElFtGy1kV49xqNP00HfxQA==","POM","1",500,25,100,"d15N",16.97,"perMill","Revesz & Coplen 2012a",,
"55906d00-8d99-45aa-8626-511ab10320e6","D06","KING","KING.AOS.S2","2017-03-13","KING.SS.20170313.POM.1",,"condition ok","SIRFER Lab at University of Utah","2018-02-28","ElFtGy1kV49xqNP00HfxQA==","POM","1",500,25,100,"nitrogen",14.84,"microgramsPerLiter","Revesz & Coplen 2012a",,
"8e7c1807-d705-4207-a290-75daea837138","D06","KING","KING.AOS.S2","2017-03-13","KING.SS.20170313.POM.1",,"condition ok","SIRFER Lab at University of Utah","2018-02-28","ElFtGy1kV49xqNP00HfxQA==","POM","1",500,25,100,"d15N",19.82,"perMill","Revesz & Coplen 2012a",,
"8b158eb6-03d9-4c76-a0a4-7f0a5912d775","D06","KING","KING.AOS.S2","2017-03-13","KING.SS.20170313.POM.1",,"condition ok","SIRFER Lab at University of Utah","2018-02-28","ElFtGy1kV49xqNP00HfxQA==","POM","1",500,25,100,"d13C",-28.25,"perMill","Revesz & Coplen 2012a",,
"881a33dc-100a-49ad-9665-83ffd25ba302","D06","KING","KING.AOS.S2","2017-03-13","KING.SS.20170313.POM.1",,"condition ok","SIRFER Lab at University of Utah","2018-02-28","ElFtGy1kV49xqNP00HfxQA==","POM","1",500,25,100,"carbon",120.85,"microgramsPerLiter","Revesz & Coplen 2012a",,
"6fee384d-a0df-46fd-ad55-f6d88d1bff82","D06","KING","KING.AOS.S2","2017-03-28","KING.SS.20170328.POM.1",,"condition ok","SIRFER Lab at University of Utah","2018-02-28","ElFtGy1kV49xqNP00HfxQA==","POM","1",500,25,100,"nitrogen",19.00,"microgramsPerLiter","Revesz & Coplen 2012a",,
"bc43cc24-17ec-4fa9-9e0e-349dc80c83e3","D06","KING","KING.AOS.S2","2017-03-28","KING.SS.20170328.POM.1",,"condition ok","SIRFER Lab at University of Utah","2018-02-28","ElFtGy1kV49xqNP00HfxQA==","POM","1",500,25,100,"d15N",15.48,"perMill","Revesz & Coplen 2012a",,
"7583d3d3-0436-45fa-bc86-8e7288c61c1c","D06","KING","KING.AOS.S2","2017-03-28","KING.SS.20170328.POM.1",,"condition ok","SIRFER Lab at University of Utah","2018-02-28","ElFtGy1kV49xqNP00HfxQA==","POM","1",500,25,100,"carbon",181.31,"microgramsPerLiter","Revesz & Coplen 2012a",,
"30ba9b4c-c0c2-49cb-8535-206f1906e948","D06","KING","KING.AOS.S2","2017-03-28","KING.SS.20170328.POM.1",,"condition ok","SIRFER Lab at University of Utah","2018-02-28","ElFtGy1kV49xqNP00HfxQA==","POM","1",500,25,100,"d13C",-29.56,"perMill","Revesz & Coplen 2012a",,
