uid,domainID,siteID,namedLocation,collectDate,sampleID,sampleCode,sampleCondition,laboratoryName,analysisDate,analyzedBy,sampleType,replicate,sampleVolumeFiltered,filterSize,percentFilterAnalyzed,analyte,analyteConcentration,plantAlgaeLabUnits,method,externalRemarks,externalLabDataQF
"07b49662-879d-4834-9769-a175bb535823","D02","LEWI","LEWI.AOS.S2","2018-07-02","LEWI.SS.20180702.POM.1","A00000002775","condition ok","SIRFER Lab at University of Utah","2018-11-14","ElFtGy1kV49xqNP00HfxQA==","POM","1",200,25,100,"d15N",,"perMill","Revesz & Coplen 2012a",,
"5a86f453-6b85-4b4d-b7e8-6a43385877d8","D02","LEWI","LEWI.AOS.S2","2018-07-02","LEWI.SS.20180702.POM.1","A00000002775","condition ok","SIRFER Lab at University of Utah","2018-11-14","ElFtGy1kV49xqNP00HfxQA==","POM","1",200,25,100,"d13C",,"perMill","Revesz & Coplen 2012a",,
"ae052af3-89fe-4e9d-a222-ba62458034a6","D02","LEWI","LEWI.AOS.S2","2018-07-02","LEWI.SS.20180702.POM.1","A00000002775","condition ok","SIRFER Lab at University of Utah","2018-11-14","ElFtGy1kV49xqNP00HfxQA==","POM","1",200,25,100,"carbon",,"microgramsPerLiter","Revesz & Coplen 2012a",,
"1aeb2031-8fa7-4b0e-b08a-7d998e43a543","D02","LEWI","LEWI.AOS.S2","2018-07-02","LEWI.SS.20180702.POM.1","A00000002775","condition ok","SIRFER Lab at University of Utah","2018-11-14","ElFtGy1kV49xqNP00HfxQA==","POM","1",200,25,100,"nitrogen",,"microgramsPerLiter","Revesz & Coplen 2012a",,
"92a1f8d8-2914-43f9-98d2-8f5f028211bf","D02","LEWI","LEWI.AOS.S2","2018-07-25","LEWI.SS.20180725.POM.1","A00000002614","condition ok","SIRFER Lab at University of Utah","2018-11-14","ElFtGy1kV49xqNP00HfxQA==","POM","1",150,25,100,"d15N",,"perMill","Revesz & Coplen 2012b",,
"ae1a3218-ddba-4fb2-b77e-484b333b3f5b","D02","LEWI","LEWI.AOS.S2","2018-07-25","LEWI.SS.20180725.POM.1","A00000002614","condition ok","SIRFER Lab at University of Utah","2018-11-14","ElFtGy1kV49xqNP00HfxQA==","POM","1",150,25,100,"nitrogen",,"microgramsPerLiter","Revesz & Coplen 2012a",,
"2a1bc483-e4d7-4865-aa94-8fb33fa8b0c5","D02","LEWI","LEWI.AOS.S2","2018-07-25","LEWI.SS.20180725.POM.1","A00000002614","condition ok","SIRFER Lab at University of Utah","2018-11-14","ElFtGy1kV49xqNP00HfxQA==","POM","1",150,25,100,"carbon",,"microgramsPerLiter","Revesz & Coplen 2012b",,
"e2e4d2d9-2386-4611-8efe-a7cdb445bc30","D02","LEWI","LEWI.AOS.S2","2018-07-25","LEWI.SS.20180725.POM.1","A00000002614","condition ok","SIRFER Lab at University of Utah","2018-11-14","ElFtGy1kV49xqNP00HfxQA==","POM","1",150,25,100,"d13C",,"perMill","Revesz & Coplen 2012a",,
