uid,domainID,siteID,namedLocation,collectDate,sampleID,sampleCode,sampleCondition,laboratoryName,analysisDate,analyzedBy,sampleType,replicate,sampleVolumeFiltered,filterSize,percentFilterAnalyzed,analyte,analyteConcentration,plantAlgaeLabUnits,method,externalRemarks,externalLabDataQF
"f2786a59-b1c0-40a3-a178-c8f5512a5ed8","D12","BLDE","BLDE.AOS.S2","2019-02-05","BLDE.SS.20190205.POM.1","A00000053844","condition ok","SIRFER Lab at University of Utah","2019-04-17","ElFtGy1kV49xqNP00HfxQA==","POM","1",600,25,100,"nitrogen",25.62,"microgramsPerLiter","Revesz & Coplen 2012a",,
"042a7fb1-d1dd-4337-8cfb-42c6598e45f6","D12","BLDE","BLDE.AOS.S2","2019-02-05","BLDE.SS.20190205.POM.1","A00000053844","condition ok","SIRFER Lab at University of Utah","2019-04-17","ElFtGy1kV49xqNP00HfxQA==","POM","1",600,25,100,"d15N",3.26,"perMill","Revesz & Coplen 2012a",,
"15bd210e-39ff-4b5c-999c-31fe5a0072fa","D12","BLDE","BLDE.AOS.S2","2019-02-05","BLDE.SS.20190205.POM.1","A00000053844","condition ok","SIRFER Lab at University of Utah","2019-04-17","ElFtGy1kV49xqNP00HfxQA==","POM","1",600,25,100,"d13C",-29.11,"perMill","Revesz & Coplen 2012a",,
"bbdbb16d-7bb3-4430-9b81-40ee030cbb76","D12","BLDE","BLDE.AOS.S2","2019-02-05","BLDE.SS.20190205.POM.1","A00000053844","condition ok","SIRFER Lab at University of Utah","2019-04-17","ElFtGy1kV49xqNP00HfxQA==","POM","1",600,25,100,"carbon",290.44,"microgramsPerLiter","Revesz & Coplen 2012a",,
