uid,domainID,siteID,namedLocation,collectDate,sampleID,sampleCode,sampleCondition,laboratoryName,analysisDate,analyzedBy,sampleType,replicate,sampleVolumeFiltered,filterSize,percentFilterAnalyzed,analyte,analyteConcentration,plantAlgaeLabUnits,method,externalRemarks,externalLabDataQF
"9b638a45-e149-498b-93d9-333f11d79317","D03","BARC","BARC.AOS.buoy.c0","2016-10-12","BARC.C0.20161012.POM.1",,"condition ok","Academy of Natural Sciences of Drexel University","2017-03-29","OKgcKejxXbI=","13C15N","1",,,100,"d13C",-32.91,"perMill",,,
"ef8a6c21-f49e-495b-9d0a-cd67bbd27ebd","D03","BARC","BARC.AOS.buoy.c0","2016-10-12","BARC.C0.20161012.POM.2",,"condition ok","Academy of Natural Sciences of Drexel University","2017-05-10","OKgcKejxXbI=","13C15N","2",,,100,"d13C",-32.65,"perMill",,,
"38646b1a-e611-44fb-91ec-393b4018ad90","D03","BARC","BARC.AOS.buoy.c0","2016-10-12","BARC.C0.20161012.POM.1",,"condition ok","Academy of Natural Sciences of Drexel University","2017-03-29","OKgcKejxXbI=","13C15N","1",,,100,"d15N",1.07,"perMill",,,
"c551f8f3-6e60-4ac5-ada2-c2314a1b0fa7","D03","BARC","BARC.AOS.buoy.c0","2016-10-12","BARC.C0.20161012.POM.2",,"condition ok","Academy of Natural Sciences of Drexel University","2017-05-10","OKgcKejxXbI=","13C15N","2",,,100,"d15N",1.25,"perMill",,,
"a7e5b73f-87a1-403b-84ef-4f606f908779","D03","BARC","BARC.AOS.inlet","2016-10-12","BARC.IN.20161012.POM.2",,"other","Academy of Natural Sciences of Drexel University","2017-05-10","OKgcKejxXbI=","13C15N","2",,,100,"d15N",2.37,"perMill",,"filter poorly folded, sample loss",
"39b96da6-50a7-49be-ac6e-aeaf3dd8bbaf","D03","BARC","BARC.AOS.inlet","2016-10-12","BARC.IN.20161012.POM.1",,"other","Academy of Natural Sciences of Drexel University","2017-03-29","OKgcKejxXbI=","13C15N","1",,,100,"d13C",-32.12,"perMill",,"filter poorly folded, sample loss",
"f221406e-54b8-4d35-9546-0ddfc7dabf6f","D03","BARC","BARC.AOS.inlet","2016-10-12","BARC.IN.20161012.POM.1",,"other","Academy of Natural Sciences of Drexel University","2017-03-29","OKgcKejxXbI=","13C15N","1",,,100,"d15N",0.60,"perMill",,"filter poorly folded, sample loss",
"6c808470-e6ac-4fd5-9368-240eaf035393","D03","BARC","BARC.AOS.inlet","2016-10-12","BARC.IN.20161012.POM.2",,"other","Academy of Natural Sciences of Drexel University","2017-05-10","OKgcKejxXbI=","13C15N","2",,,100,"d13C",-31.09,"perMill",,"filter poorly folded, sample loss",
"8e0c62e1-741d-40a3-a424-6f3b06d6cdff","D03","BARC","BARC.AOS.outlet","2016-10-12","BARC.OT.20161012.POM.1",,"condition ok","Academy of Natural Sciences of Drexel University","2017-03-29","OKgcKejxXbI=","13C15N","1",,,100,"d15N",1.12,"perMill",,,
"1dea5294-7fc5-480e-81dd-2aabe49fe613","D03","BARC","BARC.AOS.outlet","2016-10-12","BARC.OT.20161012.POM.2",,"condition ok","Academy of Natural Sciences of Drexel University","2017-05-10","OKgcKejxXbI=","13C15N","2",,,100,"d13C",-33.13,"perMill",,,
"633d5778-b4dc-4af9-813e-e77e4bb98f23","D03","BARC","BARC.AOS.outlet","2016-10-12","BARC.OT.20161012.POM.2",,"condition ok","Academy of Natural Sciences of Drexel University","2017-05-10","OKgcKejxXbI=","13C15N","2",,,100,"d15N",1.53,"perMill",,,
"c685bd2a-1463-46a0-bacb-840cd8efa6c8","D03","BARC","BARC.AOS.outlet","2016-10-12","BARC.OT.20161012.POM.1",,"condition ok","Academy of Natural Sciences of Drexel University","2017-03-29","OKgcKejxXbI=","13C15N","1",,,100,"d13C",-33.80,"perMill",,,
