uid,domainID,siteID,namedLocation,collectDate,sampleID,sampleCode,sampleCondition,laboratoryName,analysisDate,analyzedBy,sampleType,replicate,sampleVolumeFiltered,filterSize,percentFilterAnalyzed,analyte,analyteConcentration,plantAlgaeLabUnits,method,externalRemarks,externalLabDataQF
"3e2ffc37-0da1-4b50-91f2-25bfec1cf60a","D18","TOOK","TOOK.AOS.buoy.c0","2018-03-06","TOOK.C0.20180306.POM.1",,"condition ok","SIRFER Lab at University of Utah","2018-08-01","ElFtGy1kV49xqNP00HfxQA==","POM","1",750,25,100,"carbon",184.74,"microgramsPerLiter","Revesz & Coplen 2012a",,
"b6dd094b-1694-4506-b014-505fe9fcd78d","D18","TOOK","TOOK.AOS.buoy.c0","2018-03-06","TOOK.C0.20180306.POM.1",,"condition ok","SIRFER Lab at University of Utah","2018-08-01","ElFtGy1kV49xqNP00HfxQA==","POM","1",750,25,100,"nitrogen",20.37,"microgramsPerLiter","Revesz & Coplen 2012a",,
"bd3455c1-d757-492f-9bca-0550d322453e","D18","TOOK","TOOK.AOS.buoy.c0","2018-03-06","TOOK.C0.20180306.POM.1",,"condition ok","SIRFER Lab at University of Utah","2018-08-01","ElFtGy1kV49xqNP00HfxQA==","POM","1",750,25,100,"d15N",-7.73,"perMill","Revesz & Coplen 2012a",,
"3941bae3-fe47-41b3-941c-e5103baf25b4","D18","TOOK","TOOK.AOS.buoy.c0","2018-03-06","TOOK.C0.20180306.POM.1",,"condition ok","SIRFER Lab at University of Utah","2018-08-01","ElFtGy1kV49xqNP00HfxQA==","POM","1",750,25,100,"d13C",-29.55,"perMill","Revesz & Coplen 2012a",,
