uid,domainID,siteID,namedLocation,collectDate,sampleID,sampleCode,sampleCondition,laboratoryName,analysisDate,analyzedBy,sampleType,replicate,sampleVolumeFiltered,filterSize,percentFilterAnalyzed,analyte,analyteConcentration,plantAlgaeLabUnits,method,externalRemarks,externalLabDataQF
"810c9b75-987f-4360-b6b7-06c245859015","D11","PRIN","PRIN.AOS.S2","2019-07-10","PRIN.SS.20190710.POM.1","A00000104941","condition ok","SIRFER Lab at University of Utah","2019-11-25","ElFtGy1kV49xqNP00HfxQA==","POM","1",500,25,100,"nitrogen",68.59,"microgramsPerLiter","Revesz & Coplen 2012a",,
"8ca5aa07-6246-41fc-af10-500596d7026d","D11","PRIN","PRIN.AOS.S2","2019-07-10","PRIN.SS.20190710.POM.1","A00000104941","condition ok","SIRFER Lab at University of Utah","2019-11-25","ElFtGy1kV49xqNP00HfxQA==","POM","1",500,25,100,"d13C",-25.58,"perMill","Revesz & Coplen 2012a",,
"bfb95617-c26a-42e9-a120-7c49a13e6440","D11","PRIN","PRIN.AOS.S2","2019-07-10","PRIN.SS.20190710.POM.1","A00000104941","condition ok","SIRFER Lab at University of Utah","2019-11-25","ElFtGy1kV49xqNP00HfxQA==","POM","1",500,25,100,"carbon",489.46,"microgramsPerLiter","Revesz & Coplen 2012a",,
"63848ca9-5807-41f0-8b4d-f72260b53e58","D11","PRIN","PRIN.AOS.S2","2019-07-10","PRIN.SS.20190710.POM.1","A00000104941","condition ok","SIRFER Lab at University of Utah","2019-11-25","ElFtGy1kV49xqNP00HfxQA==","POM","1",500,25,100,"d15N",5.12,"perMill","Revesz & Coplen 2012a",,
