uid,domainID,siteID,namedLocation,collectDate,parentSampleID,parentSampleCode,isotopeH2OSampleCond,isotopeH2OSampleID,isotopeH2OSampleCode,isotopePOMRep2SampleCond,isotopePOMRep2SampleID,isotopePOMRep2SampleCode,isotopePOMSampleCond,isotopePOMSampleID,isotopePOMSampleCode,processedDateFilters,processedDateH2OIsotopes,sampleVolumeFilteredPOMRep1,sampleVolumeFilteredPOMRep2,fieldDataQF
"4e44f701-211c-42be-a4d0-05a15c474b0c","D09","PRPO","PRPO.AOS.inlet","2016-03-01T17:20Z","PRPO.IN.20160301",,,"PRPO.IN.20160301.H2O.1",,,"PRPO.IN.20160301.POM.2",,,"PRPO.IN.20160301.POM.1",,"2016-03-01T19:33Z","2016-03-01T20:10Z",200,200,
"2e745d3a-5880-49d4-aad9-2c67d639bf74","D09","PRPO","PRPO.AOS.buoy.c0","2016-03-01T17:30Z","PRPO.C0.20160301",,,"PRPO.C0.20160301.H2O.1",,,"PRPO.C0.20160301.POM.2",,,"PRPO.C0.20160301.POM.1",,"2016-03-01T19:36Z","2016-03-01T20:10Z",200,200,
"a28f86f0-23a9-4be4-9bab-e43e047cbc70","D09","PRPO","PRPO.AOS.outlet","2016-03-01T17:45Z","PRPO.OT.20160301",,,"PRPO.OT.20160301.H2O.1",,,"PRPO.OT.20160301.POM.2",,,"PRPO.OT.20160301.POM.1",,"2016-03-01T19:58Z","2016-03-01T20:10Z",200,200,
"f6777617-5121-40d3-9127-da7de79837cb","D09","PRPO","PRPO.AOS.inlet","2016-03-23T15:00Z","PRPO.IN.20160323",,,"PRPO.IN.20160323.H2O.1",,,"PRPO.IN.20160323.POM.2",,,"PRPO.IN.20160323.POM.1",,"2016-03-23T18:00Z","2016-03-23T18:05Z",200,200,
"85626580-7e35-488e-9299-ea93588fef60","D09","PRPO","PRPO.AOS.buoy.c0","2016-03-23T15:25Z","PRPO.C0.20160323",,,"PRPO.C0.20160323.H2O.1",,,"PRPO.C0.20160323.POM.2",,,"PRPO.C0.20160323.POM.1",,"2016-03-23T18:20Z","2016-03-23T18:25Z",200,200,
"5737ae04-566b-4162-9cfe-9dea096d7f9d","D09","PRPO","PRPO.AOS.outlet","2016-03-23T15:50Z","PRPO.OT.20160323",,,"PRPO.OT.20160323.H2O.1",,,"PRPO.OT.20160323.POM.2",,,"PRPO.OT.20160323.POM.1",,"2016-03-23T18:40Z","2016-03-23T18:45Z",200,200,
