uid,domainID,siteID,namedLocation,collectDate,analysisDate,isotopeH2OSampleID,isotopeH2OSampleCode,instrumentSN,d18OWater,d2HWater,d18OsdWater,d2HsdWater,isotopeH2OExternalLabQF,laboratoryName,analyzedBy,sampleCondition,externalRemarks,externalLabDataQF
"2b671db4-0582-4dc1-9536-a3c1bd82ec1c","D09","PRPO","PRPO.AOS.inlet","2016-03-01","2016-09-02","PRPO.IN.20160301.H2O.1",,"HIDS2046",-5.36,-55.90,0.08,0.30,0,"SIRFER Lab at University of Utah","OlSmE6RRn5QQH8tvUHmK5i/poYiQr6sd","OK",,
"1caac262-4e54-4dba-9381-29c80e7ae874","D09","PRPO","PRPO.AOS.buoy.c0","2016-03-01","2016-09-02","PRPO.C0.20160301.H2O.1",,"HIDS2046",-3.67,-48.54,0.08,0.21,0,"SIRFER Lab at University of Utah","OlSmE6RRn5QQH8tvUHmK5i/poYiQr6sd","OK",,
"2b03f7a4-6c28-4ee3-8f56-62a5b3c17249","D09","PRPO","PRPO.AOS.outlet","2016-03-01","2016-09-02","PRPO.OT.20160301.H2O.1",,"HIDS2046",-3.53,-46.46,0.06,0.23,0,"SIRFER Lab at University of Utah","OlSmE6RRn5QQH8tvUHmK5i/poYiQr6sd","OK",,
"43ea8f71-5da0-467b-810c-12c3d0010b2d","D09","PRPO","PRPO.AOS.inlet","2016-03-23","2016-09-02","PRPO.IN.20160323.H2O.1",,"HIDS2046",-3.54,-47.08,0.08,0.37,0,"SIRFER Lab at University of Utah","OlSmE6RRn5QQH8tvUHmK5i/poYiQr6sd","OK",,
"1e4876ea-47e9-4b3e-9979-8d957f5948db","D09","PRPO","PRPO.AOS.buoy.c0","2016-03-23","2016-09-02","PRPO.C0.20160323.H2O.1",,"HIDS2046",-3.42,-46.75,0.04,0.30,0,"SIRFER Lab at University of Utah","OlSmE6RRn5QQH8tvUHmK5i/poYiQr6sd","OK",,
"5e6111cc-75f9-4d5e-936f-d00a22752940","D09","PRPO","PRPO.AOS.outlet","2016-03-23","2016-09-02","PRPO.OT.20160323.H2O.1",,"HIDS2046",-3.60,-47.04,0.07,0.59,0,"SIRFER Lab at University of Utah","OlSmE6RRn5QQH8tvUHmK5i/poYiQr6sd","OK",,
