uid,domainID,siteID,namedLocation,collectDate,sampleID,sampleCode,sampleCondition,laboratoryName,analysisDate,analyzedBy,sampleType,replicate,sampleVolumeFiltered,filterSize,percentFilterAnalyzed,analyte,analyteConcentration,plantAlgaeLabUnits,method,externalRemarks,externalLabDataQF
"d50b98ea-4c30-4a67-9f3e-2a6b54baf28d","D09","PRPO","PRPO.AOS.inlet","2016-03-01","PRPO.IN.20160301.POM.2",,"condition ok","Academy of Natural Sciences of Drexel University","2017-02-13","OKgcKejxXbI=","13C15N","2",,,100,"d13C",-30.21,"perMill",,,
"404d091b-952a-4c48-bb9d-10c4ea2f3002","D09","PRPO","PRPO.AOS.inlet","2016-03-01","PRPO.IN.20160301.POM.2",,"condition ok","Academy of Natural Sciences of Drexel University","2017-02-13","OKgcKejxXbI=","13C15N","2",,,100,"d15N",3.79,"perMill",,,
"af7d45c5-bfa9-4bd1-b38a-0c1a33a300e7","D09","PRPO","PRPO.AOS.inlet","2016-03-01","PRPO.IN.20160301.POM.1",,"condition ok","Academy of Natural Sciences of Drexel University","2017-01-31","OKgcKejxXbI=","13C15N","1",,,100,"d15N",3.19,"perMill",,,
"953cdbd8-dbbf-4740-8426-22c4115e6fcb","D09","PRPO","PRPO.AOS.inlet","2016-03-01","PRPO.IN.20160301.POM.1",,"condition ok","Academy of Natural Sciences of Drexel University","2017-01-31","OKgcKejxXbI=","13C15N","1",,,100,"d13C",-29.98,"perMill",,,
"2b6153bd-9e61-48e4-b715-ac6e34ad7109","D09","PRPO","PRPO.AOS.buoy.c0","2016-03-01","PRPO.C0.20160301.POM.2",,"condition ok","Academy of Natural Sciences of Drexel University","2017-02-13","OKgcKejxXbI=","13C15N","2",,,100,"d13C",-36.61,"perMill",,,
"c9807a9a-f767-455e-9464-1f1fe9b320b0","D09","PRPO","PRPO.AOS.buoy.c0","2016-03-01","PRPO.C0.20160301.POM.1",,"condition ok","Academy of Natural Sciences of Drexel University","2017-01-31","OKgcKejxXbI=","13C15N","1",,,100,"d15N",4.47,"perMill",,,
"fe87285a-3d2c-40d5-aeeb-2c857511b8a7","D09","PRPO","PRPO.AOS.buoy.c0","2016-03-01","PRPO.C0.20160301.POM.1",,"condition ok","Academy of Natural Sciences of Drexel University","2017-01-31","OKgcKejxXbI=","13C15N","1",,,100,"d13C",-37.16,"perMill",,,
"6ddf81fa-106b-44f3-a3cd-c5d4b2f28a05","D09","PRPO","PRPO.AOS.buoy.c0","2016-03-01","PRPO.C0.20160301.POM.2",,"condition ok","Academy of Natural Sciences of Drexel University","2017-02-13","OKgcKejxXbI=","13C15N","2",,,100,"d15N",3.19,"perMill",,,
"89ae548c-a8db-4859-af72-c99556742085","D09","PRPO","PRPO.AOS.outlet","2016-03-01","PRPO.OT.20160301.POM.2",,"condition ok","Academy of Natural Sciences of Drexel University","2017-02-13","OKgcKejxXbI=","13C15N","2",,,100,"d13C",-31.28,"perMill",,,
"2f3ea4ee-e3f8-4bce-a9af-39c2847c7f35","D09","PRPO","PRPO.AOS.outlet","2016-03-01","PRPO.OT.20160301.POM.2",,"condition ok","Academy of Natural Sciences of Drexel University","2017-02-13","OKgcKejxXbI=","13C15N","2",,,100,"d15N",8.42,"perMill",,,
"11bf5958-da41-4ba3-b14d-2e2ed3612ea7","D09","PRPO","PRPO.AOS.outlet","2016-03-01","PRPO.OT.20160301.POM.1",,"condition ok","Academy of Natural Sciences of Drexel University","2017-01-31","OKgcKejxXbI=","13C15N","1",,,100,"d13C",-31.13,"perMill",,,
"211b9fb3-16cf-424a-9c6b-f0c6ff4d54d6","D09","PRPO","PRPO.AOS.outlet","2016-03-01","PRPO.OT.20160301.POM.1",,"condition ok","Academy of Natural Sciences of Drexel University","2017-01-31","OKgcKejxXbI=","13C15N","1",,,100,"d15N",9.42,"perMill",,,
"62e5949b-93ca-4b85-831d-34e9eb87e883","D09","PRPO","PRPO.AOS.inlet","2016-03-23","PRPO.IN.20160323.POM.2",,"condition ok","Academy of Natural Sciences of Drexel University","2017-02-13","OKgcKejxXbI=","13C15N","2",,,100,"d15N",6.20,"perMill",,,
"642a9319-9fdc-4fc3-92fd-c0f35a1ae01b","D09","PRPO","PRPO.AOS.inlet","2016-03-23","PRPO.IN.20160323.POM.1",,"condition ok","Academy of Natural Sciences of Drexel University","2017-01-31","OKgcKejxXbI=","13C15N","1",,,100,"d15N",7.69,"perMill",,,
"1c532554-e87b-4394-a441-b1e126d25303","D09","PRPO","PRPO.AOS.inlet","2016-03-23","PRPO.IN.20160323.POM.1",,"condition ok","Academy of Natural Sciences of Drexel University","2017-01-31","OKgcKejxXbI=","13C15N","1",,,100,"d13C",-30.60,"perMill",,,
"6a026e50-3c2c-45b8-b5c0-8d9aab3e34e8","D09","PRPO","PRPO.AOS.inlet","2016-03-23","PRPO.IN.20160323.POM.2",,"condition ok","Academy of Natural Sciences of Drexel University","2017-02-13","OKgcKejxXbI=","13C15N","2",,,100,"d13C",-31.35,"perMill",,,
"88701072-bbd9-4e88-aa41-270faf72895f","D09","PRPO","PRPO.AOS.buoy.c0","2016-03-23","PRPO.C0.20160323.POM.1",,"condition ok","Academy of Natural Sciences of Drexel University","2017-01-31","OKgcKejxXbI=","13C15N","1",,,100,"d15N",4.32,"perMill",,,
"0be430bb-9be3-484b-879e-b765f429573f","D09","PRPO","PRPO.AOS.buoy.c0","2016-03-23","PRPO.C0.20160323.POM.2",,"condition ok","Academy of Natural Sciences of Drexel University","2017-02-13","OKgcKejxXbI=","13C15N","2",,,100,"d15N",4.04,"perMill",,,
"534fa001-9883-43ce-8f35-c89b592557bf","D09","PRPO","PRPO.AOS.buoy.c0","2016-03-23","PRPO.C0.20160323.POM.1",,"condition ok","Academy of Natural Sciences of Drexel University","2017-01-31","OKgcKejxXbI=","13C15N","1",,,100,"d13C",-29.34,"perMill",,,
"6b2e2110-40fe-4041-99ae-f69f5a455c68","D09","PRPO","PRPO.AOS.buoy.c0","2016-03-23","PRPO.C0.20160323.POM.2",,"condition ok","Academy of Natural Sciences of Drexel University","2017-02-13","OKgcKejxXbI=","13C15N","2",,,100,"d13C",-29.48,"perMill",,,
"5f7b5527-4e1c-4a17-aa10-4913ce85bc12","D09","PRPO","PRPO.AOS.outlet","2016-03-23","PRPO.OT.20160323.POM.2",,"condition ok","Academy of Natural Sciences of Drexel University","2017-02-13","OKgcKejxXbI=","13C15N","2",,,100,"d15N",6.01,"perMill",,,
"afea19eb-20ef-434b-be05-9db506086edf","D09","PRPO","PRPO.AOS.outlet","2016-03-23","PRPO.OT.20160323.POM.1",,"condition ok","Academy of Natural Sciences of Drexel University","2017-01-31","OKgcKejxXbI=","13C15N","1",,,100,"d13C",-29.50,"perMill",,,
"26fc5279-eb27-46bd-9971-09bcba870851","D09","PRPO","PRPO.AOS.outlet","2016-03-23","PRPO.OT.20160323.POM.1",,"condition ok","Academy of Natural Sciences of Drexel University","2017-01-31","OKgcKejxXbI=","13C15N","1",,,100,"d15N",7.64,"perMill",,,
"bc055e2c-a93e-477f-9c73-f6cf9b1a1a27","D09","PRPO","PRPO.AOS.outlet","2016-03-23","PRPO.OT.20160323.POM.2",,"condition ok","Academy of Natural Sciences of Drexel University","2017-02-13","OKgcKejxXbI=","13C15N","2",,,100,"d13C",-32.03,"perMill",,,
