uid,domainID,siteID,namedLocation,decimalLatitude,decimalLongitude,coordinateUncertainty,additionalCoordUncertainty,elevation,elevationUncertainty,geodeticDatum,altLocation,altLatitude,altLongitude,altCoordinateUncertainty,altGeodeticDatum,collectDate,aquaticSiteType,samplingImpractical,parentSampleID,parentSampleCode,eventID,samplerType,dissolvedOxygen,dissolvedOxygenSaturation,specificConductance,waterTemp,asiSamplingProtocolVersion,lowerSegmentDepth,upperSegmentDepth,maxDepth,lakeSampleDepth1,lakeSampleDepth2,aCollectedBy,bCollectedBy,remarks,fieldDataQF
"bd3f40de-cf6f-420d-b3b0-e44238f32a30","D09","PRPO","PRPO.AOS.inlet",47.129671,-99.254694,0.1,10.0,591.0,0.1,"WGS84",,,,,,"2016-03-01T17:20Z","lake",,"PRPO.IN.20160301",,"PRPO.20160301","Kemmerer",5.95,49.00,3630.00,3.90,"NEON.DOC.001886vD",,,,0.5,0.5,"jeldridge@neoninc.org","totto@neoninc.org","Some particulates floating in the water column.",
"098e916b-116a-48c5-ad9f-ac57a31e2d16","D09","PRPO","PRPO.AOS.buoy.c0",47.130692,-99.253482,10.0,10.0,590.0,10.0,"WGS84",,,,,,"2016-03-01T17:30Z","lake",,"PRPO.C0.20160301",,"PRPO.20160301","Kemmerer",4.43,35.90,3646.00,3.30,"NEON.DOC.001886vD",,,,0.5,0.5,"jeldridge@neoninc.org","totto@neoninc.org","Floating particulates in water column.",
"51337940-3af1-46f1-a2ae-d9c2c6183dc7","D09","PRPO","PRPO.AOS.outlet",47.131108,-99.250809,0.1,10.0,591.2,0.1,"WGS84",,,,,,"2016-03-01T17:45Z","lake",,"PRPO.OT.20160301",,"PRPO.20160301","Kemmerer",5.18,42.50,3637.00,3.70,"NEON.DOC.001886vD",,,,0.5,0.5,"jeldridge@neoninc.org","totto@neoninc.org","Floating particulates in water column.",
"b92dd8e3-3ccb-4e72-92ef-891eed1388a3","D09","PRPO","PRPO.AOS.inlet",47.129671,-99.254694,0.1,10.0,591.0,0.1,"WGS84",,,,,,"2016-03-23T15:00Z","lake",,"PRPO.IN.20160323",,"PRPO.20160323","Kemmerer",12.32,96.20,2983.00,2.00,"NEON.DOC.001886vD",0.9,0.0,0.9,0.5,,"jeldridge@neoninc.org","aanteau@neoninc.org","water collected for isotopes only| no external lab processing|large Daphnia on filter",
"59421462-beab-4932-a45a-11e76c5d4e2d","D09","PRPO","PRPO.AOS.buoy.c0",47.130692,-99.253482,10.0,10.0,590.0,10.0,"WGS84",,,,,,"2016-03-23T15:25Z","lake",,"PRPO.C0.20160323",,"PRPO.20160323","Kemmerer",12.17,95.40,2988.00,2.10,"NEON.DOC.001886vD",2.5,0.0,2.5,0.5,,"jeldridge@neoninc.org","aanteau@neoninc.org","No external lab processing",
"19eb6f16-de8a-4178-a0ee-3c0ff5106d05","D09","PRPO","PRPO.AOS.outlet",47.131108,-99.250809,0.1,10.0,591.2,0.1,"WGS84",,,,,,"2016-03-23T15:50Z","lake",,"PRPO.OT.20160323",,"PRPO.20160323","Kemmerer",12.33,97.50,2982.00,2.60,"NEON.DOC.001886vD",0.8,0.0,0.8,0.5,,"jeldridge@neoninc.org","aanteau@neoninc.org","thin ice along bank| collected for isotopes only| no external lab processing|large Daphnia on filter",
