uid,domainID,siteID,namedLocation,collectDate,sampleID,sampleCode,sampleCondition,laboratoryName,analysisDate,analyzedBy,sampleType,replicate,sampleVolumeFiltered,filterSize,percentFilterAnalyzed,analyte,analyteConcentration,plantAlgaeLabUnits,method,externalRemarks,externalLabDataQF
"1308145d-1a0a-4160-bfd2-4b21f619dcee","D03","SUGG","SUGG.AOS.buoy.c0","2017-12-04","SUGG.C0.20171204.POM.1",,"condition ok","SIRFER Lab at University of Utah","2018-07-28","ElFtGy1kV49xqNP00HfxQA==","POM","1",500,25,100,"nitrogen",34.82,"microgramsPerLiter","Revesz & Coplen 2012a",,
"9a478d0c-b226-4190-b669-268dd779028b","D03","SUGG","SUGG.AOS.buoy.c0","2017-12-04","SUGG.C0.20171204.POM.1",,"condition ok","SIRFER Lab at University of Utah","2018-07-28","ElFtGy1kV49xqNP00HfxQA==","POM","1",500,25,100,"d15N",1.90,"perMill","Revesz & Coplen 2012a",,
"bd0b22d3-8afc-47ad-bab1-a79fde4e52ef","D03","SUGG","SUGG.AOS.buoy.c0","2017-12-04","SUGG.C0.20171204.POM.1",,"condition ok","SIRFER Lab at University of Utah","2018-07-28","ElFtGy1kV49xqNP00HfxQA==","POM","1",500,25,100,"d13C",-30.46,"perMill","Revesz & Coplen 2012a",,
"f37199ac-25c6-49e9-994b-bd5d8a5fb9c8","D03","SUGG","SUGG.AOS.buoy.c0","2017-12-04","SUGG.C0.20171204.POM.1",,"condition ok","SIRFER Lab at University of Utah","2018-07-28","ElFtGy1kV49xqNP00HfxQA==","POM","1",500,25,100,"carbon",324.16,"microgramsPerLiter","Revesz & Coplen 2012a",,
"316ca4ae-0cf1-4aae-ab7d-d0ba3c317335","D03","SUGG","SUGG.AOS.inlet","2017-12-04","SUGG.IN.20171204.POM.1",,"condition ok","SIRFER Lab at University of Utah","2018-07-27","ElFtGy1kV49xqNP00HfxQA==","POM","1",300,25,100,"nitrogen",47.11,"microgramsPerLiter","Revesz & Coplen 2012a",,
"605a6497-8db2-4ff0-b65c-141120bdf6d3","D03","SUGG","SUGG.AOS.inlet","2017-12-04","SUGG.IN.20171204.POM.1",,"condition ok","SIRFER Lab at University of Utah","2018-07-27","ElFtGy1kV49xqNP00HfxQA==","POM","1",300,25,100,"d15N",0.51,"perMill","Revesz & Coplen 2012a",,
"553f82d9-0d2a-4749-a943-1fc73fb1bec6","D03","SUGG","SUGG.AOS.inlet","2017-12-04","SUGG.IN.20171204.POM.1",,"condition ok","SIRFER Lab at University of Utah","2018-07-27","ElFtGy1kV49xqNP00HfxQA==","POM","1",300,25,100,"d13C",-29.81,"perMill","Revesz & Coplen 2012a",,
"52d5b395-95b8-47f9-b3bd-6e895c2d53fc","D03","SUGG","SUGG.AOS.inlet","2017-12-04","SUGG.IN.20171204.POM.1",,"condition ok","SIRFER Lab at University of Utah","2018-07-27","ElFtGy1kV49xqNP00HfxQA==","POM","1",300,25,100,"carbon",482.57,"microgramsPerLiter","Revesz & Coplen 2012a",,
"ed16cf36-a168-4f0e-90a6-b37478060b56","D03","SUGG","SUGG.AOS.outlet","2017-12-04","SUGG.OT.20171204.POM.1",,"condition ok","SIRFER Lab at University of Utah","2018-07-27","ElFtGy1kV49xqNP00HfxQA==","POM","1",300,25,100,"nitrogen",44.52,"microgramsPerLiter","Revesz & Coplen 2012a",,
"9e58494b-af99-410f-b691-d838936d3c4f","D03","SUGG","SUGG.AOS.outlet","2017-12-04","SUGG.OT.20171204.POM.1",,"condition ok","SIRFER Lab at University of Utah","2018-07-27","ElFtGy1kV49xqNP00HfxQA==","POM","1",300,25,100,"carbon",448.28,"microgramsPerLiter","Revesz & Coplen 2012a",,
"a85c0498-0edc-495b-bfdb-2ba90c41922e","D03","SUGG","SUGG.AOS.outlet","2017-12-04","SUGG.OT.20171204.POM.1",,"condition ok","SIRFER Lab at University of Utah","2018-07-27","ElFtGy1kV49xqNP00HfxQA==","POM","1",300,25,100,"d15N",14.64,"perMill","Revesz & Coplen 2012a",,
"61235bbb-39c5-4ad1-8d52-d979647d3268","D03","SUGG","SUGG.AOS.outlet","2017-12-04","SUGG.OT.20171204.POM.1",,"condition ok","SIRFER Lab at University of Utah","2018-07-27","ElFtGy1kV49xqNP00HfxQA==","POM","1",300,25,100,"d13C",-29.79,"perMill","Revesz & Coplen 2012a",,
