uid,domainID,siteID,namedLocation,collectDate,sampleID,sampleCode,sampleCondition,laboratoryName,analysisDate,analyzedBy,sampleType,replicate,sampleVolumeFiltered,filterSize,percentFilterAnalyzed,analyte,analyteConcentration,plantAlgaeLabUnits,method,externalRemarks,externalLabDataQF
"509d26b5-d6aa-48d3-8d88-7deb0a7b8e41","D13","COMO","COMO.AOS.S2","2018-10-17","COMO.SS.20181017.POM.1","A00000051076","condition ok","SIRFER Lab at University of Utah","2018-11-07","ElFtGy1kV49xqNP00HfxQA==","POM","1",1000,25,100,"d13C",-28.23,"perMill","Revesz & Coplen 2012a",,
"40806b0a-c957-444a-8e39-ede3487b8208","D13","COMO","COMO.AOS.S2","2018-10-17","COMO.SS.20181017.POM.1","A00000051076","condition ok","SIRFER Lab at University of Utah","2018-11-07","ElFtGy1kV49xqNP00HfxQA==","POM","1",1000,25,100,"nitrogen",17.72,"microgramsPerLiter","Revesz & Coplen 2012a",,
"081f7127-3ce2-498e-ab7e-4c3e4d4085a1","D13","COMO","COMO.AOS.S2","2018-10-17","COMO.SS.20181017.POM.1","A00000051076","condition ok","SIRFER Lab at University of Utah","2018-11-07","ElFtGy1kV49xqNP00HfxQA==","POM","1",1000,25,100,"d15N",3.25,"perMill","Revesz & Coplen 2012a",,
"97ae9765-e98b-433e-ac9c-748a59cd7796","D13","COMO","COMO.AOS.S2","2018-10-17","COMO.SS.20181017.POM.1","A00000051076","condition ok","SIRFER Lab at University of Utah","2018-11-07","ElFtGy1kV49xqNP00HfxQA==","POM","1",1000,25,100,"carbon",177.33,"microgramsPerLiter","Revesz & Coplen 2012a",,
