uid,domainID,siteID,namedLocation,collectDate,sampleID,sampleCode,sampleCondition,laboratoryName,analysisDate,analyzedBy,sampleType,replicate,sampleVolumeFiltered,filterSize,percentFilterAnalyzed,analyte,analyteConcentration,plantAlgaeLabUnits,method,externalRemarks,externalLabDataQF
"e5901498-aa95-41e9-a23b-530027a49544","D16","MCRA","MCRA.AOS.S2","2018-05-01","MCRA.SS.20180501.POM.1","A00000024139","condition ok","SIRFER Lab at University of Utah","2018-07-26","ElFtGy1kV49xqNP00HfxQA==","POM","1",1500,25,100,"d15N",2.66,"perMill","Revesz & Coplen 2012a",,
"b7a4e9e3-d0fc-4da5-927d-20752a965aee","D16","MCRA","MCRA.AOS.S2","2018-05-01","MCRA.SS.20180501.POM.1","A00000024139","condition ok","SIRFER Lab at University of Utah","2018-07-26","ElFtGy1kV49xqNP00HfxQA==","POM","1",1500,25,100,"carbon",93.02,"microgramsPerLiter","Revesz & Coplen 2012a",,
"6e284edf-fcc2-43f1-8a3d-465523cdbe36","D16","MCRA","MCRA.AOS.S2","2018-05-01","MCRA.SS.20180501.POM.1","A00000024139","condition ok","SIRFER Lab at University of Utah","2018-07-26","ElFtGy1kV49xqNP00HfxQA==","POM","1",1500,25,100,"nitrogen",6.03,"microgramsPerLiter","Revesz & Coplen 2012a",,
"dd7341cd-4c7f-4d89-bc80-0da767177987","D16","MCRA","MCRA.AOS.S2","2018-05-01","MCRA.SS.20180501.POM.1","A00000024139","condition ok","SIRFER Lab at University of Utah","2018-07-26","ElFtGy1kV49xqNP00HfxQA==","POM","1",1500,25,100,"d13C",-26.70,"perMill","Revesz & Coplen 2012a",,
"7fe95028-7d25-4d3c-88e8-dc2e73e485c7","D16","MCRA","MCRA.AOS.S2","2018-05-16","MCRA.SS.20180516.POM.1","A00000024162","condition ok","SIRFER Lab at University of Utah","2018-07-20","ElFtGy1kV49xqNP00HfxQA==","POM","1",1500,25,100,"carbon",118.06,"microgramsPerLiter","Revesz & Coplen 2012a",,
"a5338b38-358b-460d-8925-ed4278237e48","D16","MCRA","MCRA.AOS.S2","2018-05-16","MCRA.SS.20180516.POM.1","A00000024162","condition ok","SIRFER Lab at University of Utah","2018-07-20","ElFtGy1kV49xqNP00HfxQA==","POM","1",1500,25,100,"nitrogen",5.94,"microgramsPerLiter","Revesz & Coplen 2012a",,
"5b9c4f47-c76b-457e-b0d6-bafd50e63c2d","D16","MCRA","MCRA.AOS.S2","2018-05-16","MCRA.SS.20180516.POM.1","A00000024162","condition ok","SIRFER Lab at University of Utah","2018-07-20","ElFtGy1kV49xqNP00HfxQA==","POM","1",1500,25,100,"d13C",-27.66,"perMill","Revesz & Coplen 2012a",,
"415c3ee2-785e-45ed-98a2-1be2d53140f0","D16","MCRA","MCRA.AOS.S2","2018-05-16","MCRA.SS.20180516.POM.1","A00000024162","condition ok","SIRFER Lab at University of Utah","2018-07-20","ElFtGy1kV49xqNP00HfxQA==","POM","1",1500,25,100,"d15N",0.51,"perMill","Revesz & Coplen 2012a",,
"2a160a3c-6110-4cb1-85bc-55a629895300","D16","MCRA","MCRA.AOS.S2","2018-05-22","MCRA.SS.20180522.POM.1","A00000024592","condition ok","SIRFER Lab at University of Utah","2018-07-26","ElFtGy1kV49xqNP00HfxQA==","POM","1",1500,25,100,"d13C",-26.98,"perMill","Revesz & Coplen 2012a",,
"7718b6ea-c1bb-4a3e-a4b3-90401723192d","D16","MCRA","MCRA.AOS.S2","2018-05-22","MCRA.SS.20180522.POM.1","A00000024592","condition ok","SIRFER Lab at University of Utah","2018-07-26","ElFtGy1kV49xqNP00HfxQA==","POM","1",1500,25,100,"carbon",108.25,"microgramsPerLiter","Revesz & Coplen 2012a",,
"33ca8e87-4449-4ecf-acc3-c00d23289bc1","D16","MCRA","MCRA.AOS.S2","2018-05-22","MCRA.SS.20180522.POM.1","A00000024592","condition ok","SIRFER Lab at University of Utah","2018-07-26","ElFtGy1kV49xqNP00HfxQA==","POM","1",1500,25,100,"d15N",1.67,"perMill","Revesz & Coplen 2012a",,
"8ac23601-7a63-4fbd-b1a6-55942d22aad6","D16","MCRA","MCRA.AOS.S2","2018-05-22","MCRA.SS.20180522.POM.1","A00000024592","condition ok","SIRFER Lab at University of Utah","2018-07-26","ElFtGy1kV49xqNP00HfxQA==","POM","1",1500,25,100,"nitrogen",5.30,"microgramsPerLiter","Revesz & Coplen 2012a",,
