uid,domainID,siteID,namedLocation,collectDate,sampleID,sampleCode,sampleCondition,laboratoryName,analysisDate,analyzedBy,sampleType,replicate,sampleVolumeFiltered,filterSize,percentFilterAnalyzed,analyte,analyteConcentration,plantAlgaeLabUnits,method,externalRemarks,externalLabDataQF
"d665883f-c1b3-4b98-a417-611d5e771a91","D03","SUGG","SUGG.AOS.buoy.c0","2018-09-04","SUGG.C0.20180904.POM.1","A00000005267","condition ok","SIRFER Lab at University of Utah","2018-11-07","ElFtGy1kV49xqNP00HfxQA==","POM","1",450,25,100,"nitrogen",49.32,"microgramsPerLiter","Revesz & Coplen 2012a",,
"58c2d706-d652-4b84-bfbf-003e1cdabf50","D03","SUGG","SUGG.AOS.buoy.c0","2018-09-04","SUGG.C0.20180904.POM.1","A00000005267","condition ok","SIRFER Lab at University of Utah","2018-11-07","ElFtGy1kV49xqNP00HfxQA==","POM","1",450,25,100,"d15N",-5.02,"perMill","Revesz & Coplen 2012a",,
"d328f987-544d-4ca3-8716-1fe57a43c383","D03","SUGG","SUGG.AOS.buoy.c0","2018-09-04","SUGG.C0.20180904.POM.1","A00000005267","condition ok","SIRFER Lab at University of Utah","2018-11-07","ElFtGy1kV49xqNP00HfxQA==","POM","1",450,25,100,"d13C",-34.12,"perMill","Revesz & Coplen 2012a",,
"2c64b63b-d6c3-435f-89f9-e16811865a5b","D03","SUGG","SUGG.AOS.buoy.c0","2018-09-04","SUGG.C0.20180904.POM.1","A00000005267","condition ok","SIRFER Lab at University of Utah","2018-11-07","ElFtGy1kV49xqNP00HfxQA==","POM","1",450,25,100,"carbon",344.34,"microgramsPerLiter","Revesz & Coplen 2012a",,
