uid,domainID,siteID,namedLocation,collectDate,sampleID,sampleCode,sampleCondition,laboratoryName,analysisDate,analyzedBy,sampleType,replicate,sampleVolumeFiltered,filterSize,percentFilterAnalyzed,analyte,analyteConcentration,plantAlgaeLabUnits,method,externalRemarks,externalLabDataQF
"8ad607df-1fa5-4c52-be3e-8c734f894cde","D03","SUGG","SUGG.AOS.buoy.c0","2018-06-04","SUGG.C0.20180604.POM.1","A00000003769","condition ok","SIRFER Lab at University of Utah","2018-07-27","ElFtGy1kV49xqNP00HfxQA==","POM","1",450,25,100,"d15N",-0.20,"perMill","Revesz & Coplen 2012a",,
"f52706d7-fe7d-4f34-8b88-185f01d62226","D03","SUGG","SUGG.AOS.buoy.c0","2018-06-04","SUGG.C0.20180604.POM.1","A00000003769","condition ok","SIRFER Lab at University of Utah","2018-07-27","ElFtGy1kV49xqNP00HfxQA==","POM","1",450,25,100,"carbon",348.81,"microgramsPerLiter","Revesz & Coplen 2012a",,
"df11cda1-8b32-4c73-ad59-7c5c59f08c59","D03","SUGG","SUGG.AOS.buoy.c0","2018-06-04","SUGG.C0.20180604.POM.1","A00000003769","condition ok","SIRFER Lab at University of Utah","2018-07-27","ElFtGy1kV49xqNP00HfxQA==","POM","1",450,25,100,"nitrogen",51.41,"microgramsPerLiter","Revesz & Coplen 2012a",,
"61f40469-53c1-4e87-89bf-21dcfb5f7217","D03","SUGG","SUGG.AOS.buoy.c0","2018-06-04","SUGG.C0.20180604.POM.1","A00000003769","condition ok","SIRFER Lab at University of Utah","2018-07-27","ElFtGy1kV49xqNP00HfxQA==","POM","1",450,25,100,"d13C",-30.87,"perMill","Revesz & Coplen 2012a",,
