uid,domainID,siteID,namedLocation,collectDate,parentSampleID,parentSampleCode,isotopeH2OSampleCond,isotopeH2OSampleID,isotopeH2OSampleCode,isotopePOMRep2SampleCond,isotopePOMRep2SampleID,isotopePOMRep2SampleCode,isotopePOMSampleCond,isotopePOMSampleID,isotopePOMSampleCode,processedDateFilters,processedDateH2OIsotopes,sampleVolumeFilteredPOMRep1,sampleVolumeFilteredPOMRep2,fieldDataQF
"3a3d968d-ef67-4841-a800-ea24aa666b7e","D17","BIGC","BIGC.AOS.S2","2018-06-04T18:27Z","BIGC.SS.20180604",,"Sample condition ok","BIGC.SS.20180604.H2O.1","A00000026055","Sample condition ok","BIGC.SS.20180604.POM.2","A00000026037","Sample condition ok","BIGC.SS.20180604.POM.1","A00000026054",,"2018-06-04T21:12Z",1750,1750,
"7e81f96b-b004-46d7-8165-ab4926a10004","D17","BIGC","BIGC.AOS.S2","2018-06-05T17:25Z","BIGC.SS.20180605",,"Sample condition ok","BIGC.SS.20180605.H2O.1","A00000026056","Sample condition ok","BIGC.SS.20180605.POM.2","A00000026089","Sample condition ok","BIGC.SS.20180605.POM.1","A00000026041","2018-06-05T17:25Z","2018-06-05T17:25Z",1750,1750,
"764fd0f8-56a2-4302-8374-56d2d0a68939","D17","BIGC","BIGC.AOS.S2","2018-06-13T06:28Z","BIGC.SS.20180612",,"Sample condition ok","BIGC.SS.20180612.H2O.1","A00000026015","Sample condition ok","BIGC.SS.20180612.POM.2","A00000026045","Sample condition ok","BIGC.SS.20180612.POM.1","A00000026044","2018-06-12T21:04Z","2018-06-12T21:04Z",2000,2000,
"5c985aa5-59aa-4133-b430-f4e4df0ca0d1","D17","BIGC","BIGC.AOS.S2","2018-06-25T16:31Z","BIGC.SS.20180625",,"Sample condition ok","BIGC.SS.20180625.H2O.2","A00000026107",,,,,,,,"2018-06-25T16:31Z",,,
"c1b47399-c096-4f9c-82aa-5ad4db06b368","D17","BIGC","BIGC.AOS.S2","2018-06-25T16:31Z","BIGC.SS.20180625",,"Sample condition ok","BIGC.SS.20180625.H2O.1","A00000026105","Sample condition ok","BIGC.SS.20180625.POM.2","A00000026129","Sample condition ok","BIGC.SS.20180625.POM.1","A00000026128","2018-06-25T19:15Z","2018-06-25T16:31Z",2000,2000,
"2a4363ee-60d0-4915-8a14-a74e8914b4d1","D17","BIGC","BIGC.AOS.S2","2018-06-25T16:31Z","BIGC.SS.20180625",,"Sample condition ok","BIGC.SS.20180625.H2O.3","A00000026106",,,,,,,,"2018-06-25T16:31Z",,,
