uid,domainID,siteID,namedLocation,decimalLatitude,decimalLongitude,coordinateUncertainty,additionalCoordUncertainty,elevation,elevationUncertainty,geodeticDatum,altLocation,altLatitude,altLongitude,altCoordinateUncertainty,altGeodeticDatum,collectDate,aquaticSiteType,samplingImpractical,parentSampleID,parentSampleCode,eventID,samplerType,dissolvedOxygen,dissolvedOxygenSaturation,specificConductance,waterTemp,asiSamplingProtocolVersion,lowerSegmentDepth,upperSegmentDepth,maxDepth,lakeSampleDepth1,lakeSampleDepth2,aCollectedBy,bCollectedBy,remarks,fieldDataQF
"6dbeb47f-5acc-4b11-8633-e8ae924ec466","D17","BIGC","BIGC.AOS.S2",37.057667,-119.255374,0.1,10.0,1128.1,0.0,"WGS84",,,,,,"2018-06-04T18:27Z","stream",,"BIGC.SS.20180604",,"BIGC.20180604",,10.83,101.10,125.70,12.40,"NEON.DOC.001886vF",,,,,,"zlafaver@battelleecology.org","ecrandall@battelleecology.org","DO not calibrated",
"7785bce7-45e1-4726-9fd7-4184838be68e","D17","BIGC","BIGC.AOS.S2",37.057667,-119.255374,0.1,10.0,1128.1,0.0,"WGS84",,,,,,"2018-06-05T17:25Z","stream",,"BIGC.SS.20180605",,"BIGC.20180605",,10.91,102.70,126.80,12.50,"NEON.DOC.001886vF",,,,,,"ecrandall@battelleecology.org","zlafaver@battelleecology.org","DO not calibrated",
"40baf36a-a8c1-4cc3-84b7-9c449c32d2ea","D17","BIGC","BIGC.AOS.S2",37.057667,-119.255374,0.1,10.0,1128.1,0.0,"WGS84",,,,,,"2018-06-13T06:28Z","stream",,"BIGC.SS.20180612",,"BIGC.20180612","Grab",8.15,76.80,101.70,12.70,"NEON.DOC.001886vF",,,,,,"hbull@battelleecology.org","hbull@battelleecology.org",,
"3e665b1c-d3b6-44bf-ac22-e826c2a0cd47","D17","BIGC","BIGC.AOS.S2",37.057667,-119.255374,0.1,10.0,1128.1,0.0,"WGS84",,,,,,"2018-06-25T16:31Z","stream",,"BIGC.SS.20180625",,"BIGC.20180625","Grab",8.64,84.10,142.80,14.30,"NEON.DOC.001886vF",,,,,,"ecrandall@battelleecology.org","hbull@battelleecology.org",,
