uid,domainID,siteID,namedLocation,collectDate,sampleID,sampleCode,sampleCondition,laboratoryName,analysisDate,analyzedBy,sampleType,replicate,sampleVolumeFiltered,filterSize,percentFilterAnalyzed,analyte,analyteConcentration,plantAlgaeLabUnits,method,externalRemarks,externalLabDataQF
"5f40e025-9703-464a-a007-5e23b320462e","D17","BIGC","BIGC.AOS.S2","2018-06-04","BIGC.SS.20180604.POM.1","A00000026054","condition ok","SIRFER Lab at University of Utah","2018-01-08","ElFtGy1kV49xqNP00HfxQA==","POM","1",1750,25,100,"d15N",3.67,"perMill","Revesz & Coplen 2012a",,
"871697c5-7f12-4c09-b3b5-55e618a28375","D17","BIGC","BIGC.AOS.S2","2018-06-04","BIGC.SS.20180604.POM.1","A00000026054","condition ok","SIRFER Lab at University of Utah","2018-01-08","ElFtGy1kV49xqNP00HfxQA==","POM","1",1750,25,100,"carbon",104.71,"microgramsPerLiter","Revesz & Coplen 2012a",,
"d51d690c-0e54-46c3-81f7-36073c420293","D17","BIGC","BIGC.AOS.S2","2018-06-04","BIGC.SS.20180604.POM.1","A00000026054","condition ok","SIRFER Lab at University of Utah","2018-01-08","ElFtGy1kV49xqNP00HfxQA==","POM","1",1750,25,100,"d13C",-27.00,"perMill","Revesz & Coplen 2012a",,
"a30a6a0e-dacf-490b-a4f1-a2d8630a54ff","D17","BIGC","BIGC.AOS.S2","2018-06-04","BIGC.SS.20180604.POM.1","A00000026054","condition ok","SIRFER Lab at University of Utah","2018-01-08","ElFtGy1kV49xqNP00HfxQA==","POM","1",1750,25,100,"nitrogen",9.99,"microgramsPerLiter","Revesz & Coplen 2012a",,
"d9e29eae-24f9-4495-a9ab-9487edd7c6b9","D17","BIGC","BIGC.AOS.S2","2018-06-05","BIGC.SS.20180605.POM.1","A00000026041","condition ok","SIRFER Lab at University of Utah","2018-01-08","ElFtGy1kV49xqNP00HfxQA==","POM","1",1750,25,100,"carbon",96.33,"microgramsPerLiter","Revesz & Coplen 2012a",,
"c4a986f8-e54d-4cfa-b93f-d4cafd12dc34","D17","BIGC","BIGC.AOS.S2","2018-06-05","BIGC.SS.20180605.POM.1","A00000026041","condition ok","SIRFER Lab at University of Utah","2018-01-08","ElFtGy1kV49xqNP00HfxQA==","POM","1",1750,25,100,"d15N",2.50,"perMill","Revesz & Coplen 2012a",,
"716290fb-6568-4c08-bc53-3cbd1c087547","D17","BIGC","BIGC.AOS.S2","2018-06-05","BIGC.SS.20180605.POM.1","A00000026041","condition ok","SIRFER Lab at University of Utah","2018-01-08","ElFtGy1kV49xqNP00HfxQA==","POM","1",1750,25,100,"nitrogen",10.45,"microgramsPerLiter","Revesz & Coplen 2012a",,
"841aff24-4028-48aa-98d9-21410fe07db4","D17","BIGC","BIGC.AOS.S2","2018-06-05","BIGC.SS.20180605.POM.1","A00000026041","condition ok","SIRFER Lab at University of Utah","2018-01-08","ElFtGy1kV49xqNP00HfxQA==","POM","1",1750,25,100,"d13C",-26.05,"perMill","Revesz & Coplen 2012a",,
"f8bcaac5-ce5d-4ff3-abe7-d6dda56f0d03","D17","BIGC","BIGC.AOS.S2","2018-06-13","BIGC.SS.20180612.POM.1","A00000026044","condition ok","SIRFER Lab at University of Utah","2018-12-12","ElFtGy1kV49xqNP00HfxQA==","POM","1",2000,25,100,"nitrogen",,"microgramsPerLiter","Revesz & Coplen 2012a",,
"5d13abd4-18c6-49de-bcee-b27cbd71abe7","D17","BIGC","BIGC.AOS.S2","2018-06-13","BIGC.SS.20180612.POM.1","A00000026044","condition ok","SIRFER Lab at University of Utah","2018-12-12","ElFtGy1kV49xqNP00HfxQA==","POM","1",2000,25,100,"carbon",,"microgramsPerLiter","Revesz & Coplen 2012a",,
"5f4271f6-c592-4029-b8a1-e76f99d2cdc6","D17","BIGC","BIGC.AOS.S2","2018-06-13","BIGC.SS.20180612.POM.1","A00000026044","condition ok","SIRFER Lab at University of Utah","2018-12-12","ElFtGy1kV49xqNP00HfxQA==","POM","1",2000,25,100,"d15N",,"perMill","Revesz & Coplen 2012a",,
"12bd5ad4-0528-4ad9-9979-0e9327601c82","D17","BIGC","BIGC.AOS.S2","2018-06-13","BIGC.SS.20180612.POM.1","A00000026044","condition ok","SIRFER Lab at University of Utah","2018-12-12","ElFtGy1kV49xqNP00HfxQA==","POM","1",2000,25,100,"d13C",,"perMill","Revesz & Coplen 2012a",,
"3c7366e6-4320-4b1b-a34e-abeaec2e7c17","D17","BIGC","BIGC.AOS.S2","2018-06-25","BIGC.SS.20180625.POM.1","A00000026128","condition ok","SIRFER Lab at University of Utah","2018-12-12","ElFtGy1kV49xqNP00HfxQA==","POM","1",2000,25,100,"d13C",,"perMill","Revesz & Coplen 2012a",,
"32938b4a-9111-4260-9956-29b78e1c76ce","D17","BIGC","BIGC.AOS.S2","2018-06-25","BIGC.SS.20180625.POM.1","A00000026128","condition ok","SIRFER Lab at University of Utah","2018-12-12","ElFtGy1kV49xqNP00HfxQA==","POM","1",2000,25,100,"carbon",,"microgramsPerLiter","Revesz & Coplen 2012a",,
"fc643692-c164-4ab3-8b85-7ef0d139cdc5","D17","BIGC","BIGC.AOS.S2","2018-06-25","BIGC.SS.20180625.POM.1","A00000026128","condition ok","SIRFER Lab at University of Utah","2018-12-12","ElFtGy1kV49xqNP00HfxQA==","POM","1",2000,25,100,"d15N",,"perMill","Revesz & Coplen 2012a",,
"d494a772-421d-47e8-81d3-6999da1822b7","D17","BIGC","BIGC.AOS.S2","2018-06-25","BIGC.SS.20180625.POM.1","A00000026128","condition ok","SIRFER Lab at University of Utah","2018-12-12","ElFtGy1kV49xqNP00HfxQA==","POM","1",2000,25,100,"nitrogen",,"microgramsPerLiter","Revesz & Coplen 2012a",,
