uid,domainID,siteID,namedLocation,collectDate,analysisDate,isotopeH2OSampleID,isotopeH2OSampleCode,instrumentSN,d18OWater,d2HWater,d18OsdWater,d2HsdWater,isotopeH2OExternalLabQF,laboratoryName,analyzedBy,sampleCondition,externalRemarks,externalLabDataQF
"9046833a-52a2-4ec8-b0e7-d1a2c564f39d","D17","BIGC","BIGC.AOS.S2","2018-06-04","2018-07-30","BIGC.SS.20180604.H2O.1","A00000026055","HIDS2046",-11.69,-80.24,0.05,0.15,0,"SIRFER Lab at University of Utah","OlSmE6RRn5QQH8tvUHmK5i/poYiQr6sd","OK",,
"7acc6708-47dd-463a-8ef8-412925fb9815","D17","BIGC","BIGC.AOS.S2","2018-06-05","2018-07-30","BIGC.SS.20180605.H2O.1","A00000026056","HIDS2046",-11.55,-79.95,0.02,0.18,0,"SIRFER Lab at University of Utah","OlSmE6RRn5QQH8tvUHmK5i/poYiQr6sd","OK",,
"607858b8-f38f-4ccd-99b1-e5747528482e","D17","BIGC","BIGC.AOS.S2","2018-06-13","2018-07-30","BIGC.SS.20180612.H2O.1","A00000026015","HIDS2046",-11.50,-79.76,0.03,0.05,0,"SIRFER Lab at University of Utah","OlSmE6RRn5QQH8tvUHmK5i/poYiQr6sd","OK",,
"67e687cd-ebfe-4ab8-8a3c-91f979fed475","D17","BIGC","BIGC.AOS.S2","2018-06-25","2018-07-30","BIGC.SS.20180625.H2O.2","A00000026107","HIDS2046",-11.57,-80.38,0.05,0.11,0,"SIRFER Lab at University of Utah","OlSmE6RRn5QQH8tvUHmK5i/poYiQr6sd","OK",,
"245c5cef-5630-4ec2-aa56-70bca752936f","D17","BIGC","BIGC.AOS.S2","2018-06-25","2018-07-30","BIGC.SS.20180625.H2O.1","A00000026105","HIDS2046",-11.70,-80.79,0.05,0.15,0,"SIRFER Lab at University of Utah","OlSmE6RRn5QQH8tvUHmK5i/poYiQr6sd","OK",,
"8e7b1b9e-6f19-4ebc-853a-3f98f7024aae","D17","BIGC","BIGC.AOS.S2","2018-06-25","2018-07-30","BIGC.SS.20180625.H2O.3","A00000026106","HIDS2046",-11.62,-80.41,0.05,0.06,0,"SIRFER Lab at University of Utah","OlSmE6RRn5QQH8tvUHmK5i/poYiQr6sd","OK",,
