uid,domainID,siteID,namedLocation,collectDate,sampleID,sampleCode,sampleCondition,laboratoryName,analysisDate,analyzedBy,sampleType,replicate,sampleVolumeFiltered,filterSize,percentFilterAnalyzed,analyte,analyteConcentration,plantAlgaeLabUnits,method,externalRemarks,externalLabDataQF
"0d42d994-c955-44fa-93c2-61d6c1a97f6c","D15","REDB","REDB.AOS.S2","2019-01-08","REDB.SS.20190108.POM.1","A00000057061","condition ok","SIRFER Lab at University of Utah","2019-05-01","ElFtGy1kV49xqNP00HfxQA==","POM","1",300,25,100,"carbon",186.87,"microgramsPerLiter","Revesz & Coplen 2012a",,
"49752276-e9a4-46e5-9c38-16b0dc0db28a","D15","REDB","REDB.AOS.S2","2019-01-08","REDB.SS.20190108.POM.1","A00000057061","condition ok","SIRFER Lab at University of Utah","2019-05-01","ElFtGy1kV49xqNP00HfxQA==","POM","1",300,25,100,"nitrogen",11.41,"microgramsPerLiter","Revesz & Coplen 2012a",,
"409023ad-5dd2-4f59-a4f9-20465e82a04b","D15","REDB","REDB.AOS.S2","2019-01-08","REDB.SS.20190108.POM.1","A00000057061","condition ok","SIRFER Lab at University of Utah","2019-05-01","ElFtGy1kV49xqNP00HfxQA==","POM","1",300,25,100,"d15N",0.93,"perMill","Revesz & Coplen 2012a",,
"ea4b9fa6-81a1-4af8-8c61-2fb141d79ae6","D15","REDB","REDB.AOS.S2","2019-01-08","REDB.SS.20190108.POM.1","A00000057061","condition ok","SIRFER Lab at University of Utah","2019-05-01","ElFtGy1kV49xqNP00HfxQA==","POM","1",300,25,100,"d13C",-25.84,"perMill","Revesz & Coplen 2012a",,
