uid,domainID,siteID,namedLocation,collectDate,sampleID,sampleCode,sampleCondition,laboratoryName,analysisDate,analyzedBy,sampleType,replicate,sampleVolumeFiltered,filterSize,percentFilterAnalyzed,analyte,analyteConcentration,plantAlgaeLabUnits,method,externalRemarks,externalLabDataQF
"6872af72-ea22-4fbc-926c-ebf65b96e732","D03","SUGG","SUGG.AOS.buoy.c0","2019-02-04","SUGG.C0.20190204.POM.1","A00000037141","condition ok","SIRFER Lab at University of Utah","2019-04-30","ElFtGy1kV49xqNP00HfxQA==","POM","1",500,25,100,"d15N",0.92,"perMill","Revesz & Coplen 2012a",,
"b337b28b-56bf-43c7-84dc-1797cab17089","D03","SUGG","SUGG.AOS.buoy.c0","2019-02-04","SUGG.C0.20190204.POM.1","A00000037141","condition ok","SIRFER Lab at University of Utah","2019-04-30","ElFtGy1kV49xqNP00HfxQA==","POM","1",500,25,100,"carbon",382.91,"microgramsPerLiter","Revesz & Coplen 2012a",,
"89545a9d-cd7c-4481-849f-63b8855bffc6","D03","SUGG","SUGG.AOS.buoy.c0","2019-02-04","SUGG.C0.20190204.POM.1","A00000037141","condition ok","SIRFER Lab at University of Utah","2019-04-30","ElFtGy1kV49xqNP00HfxQA==","POM","1",500,25,100,"nitrogen",37.77,"microgramsPerLiter","Revesz & Coplen 2012a",,
"21da4dba-8abb-4e4b-9860-84205db5e297","D03","SUGG","SUGG.AOS.buoy.c0","2019-02-04","SUGG.C0.20190204.POM.1","A00000037141","condition ok","SIRFER Lab at University of Utah","2019-04-30","ElFtGy1kV49xqNP00HfxQA==","POM","1",500,25,100,"d13C",-31.83,"perMill","Revesz & Coplen 2012a",,
