uid,domainID,siteID,namedLocation,collectDate,sampleID,sampleCode,sampleCondition,laboratoryName,analysisDate,analyzedBy,sampleType,replicate,sampleVolumeFiltered,filterSize,percentFilterAnalyzed,analyte,analyteConcentration,plantAlgaeLabUnits,method,externalRemarks,externalLabDataQF
"47701c31-a619-4572-90f6-1f4ac3e018d7","D16","MART","MART.AOS.S2","2018-05-08","MART.SS.20180508.POM.1","A00000024190","condition ok","SIRFER Lab at University of Utah","2018-07-20","ElFtGy1kV49xqNP00HfxQA==","POM","1",1500,25,100,"d13C",-27.51,"perMill","Revesz & Coplen 2012a",,
"a1a71665-88f4-4ca8-ba6f-0fa53b64a558","D16","MART","MART.AOS.S2","2018-05-08","MART.SS.20180508.POM.1","A00000024190","condition ok","SIRFER Lab at University of Utah","2018-07-20","ElFtGy1kV49xqNP00HfxQA==","POM","1",1500,25,100,"d15N",0.42,"perMill","Revesz & Coplen 2012a",,
"eb7f8e3b-7b7a-4c1b-aff0-f751296a3976","D16","MART","MART.AOS.S2","2018-05-08","MART.SS.20180508.POM.1","A00000024190","condition ok","SIRFER Lab at University of Utah","2018-07-20","ElFtGy1kV49xqNP00HfxQA==","POM","1",1500,25,100,"carbon",56.32,"microgramsPerLiter","Revesz & Coplen 2012a",,
"fc871129-99db-4740-ad51-a48d2d8c37a0","D16","MART","MART.AOS.S2","2018-05-08","MART.SS.20180508.POM.1","A00000024190","condition ok","SIRFER Lab at University of Utah","2018-07-20","ElFtGy1kV49xqNP00HfxQA==","POM","1",1500,25,100,"nitrogen",4.76,"microgramsPerLiter","Revesz & Coplen 2012a",,
"cc4f085c-6c66-42e8-8ab7-2c2945e32692","D16","MART","MART.AOS.S2","2018-05-17","MART.SS.20180517.POM.1","A00000024542","condition ok","SIRFER Lab at University of Utah","2018-07-20","ElFtGy1kV49xqNP00HfxQA==","POM","1",1500,25,100,"carbon",69.62,"microgramsPerLiter","Revesz & Coplen 2012a",,
"22b3dc9d-68f3-40b9-bf47-3a4e2da15c3d","D16","MART","MART.AOS.S2","2018-05-17","MART.SS.20180517.POM.1","A00000024542","condition ok","SIRFER Lab at University of Utah","2018-07-20","ElFtGy1kV49xqNP00HfxQA==","POM","1",1500,25,100,"d13C",-28.55,"perMill","Revesz & Coplen 2012a",,
"968a47fa-d15f-439e-8027-4b57b807b7d5","D16","MART","MART.AOS.S2","2018-05-17","MART.SS.20180517.POM.1","A00000024542","condition ok","SIRFER Lab at University of Utah","2018-07-20","ElFtGy1kV49xqNP00HfxQA==","POM","1",1500,25,100,"nitrogen",5.03,"microgramsPerLiter","Revesz & Coplen 2012a",,
"ac1395ef-565d-4bf4-a98e-8454424ec7a0","D16","MART","MART.AOS.S2","2018-05-17","MART.SS.20180517.POM.1","A00000024542","condition ok","SIRFER Lab at University of Utah","2018-07-20","ElFtGy1kV49xqNP00HfxQA==","POM","1",1500,25,100,"d15N",-9.30,"perMill","Revesz & Coplen 2012a",,
