uid,domainID,siteID,namedLocation,collectDate,sampleID,sampleCode,sampleCondition,laboratoryName,analysisDate,analyzedBy,sampleType,replicate,sampleVolumeFiltered,filterSize,percentFilterAnalyzed,analyte,analyteConcentration,plantAlgaeLabUnits,method,externalRemarks,externalLabDataQF
"4ac6c79a-1bda-41c8-9793-e2acac76b596","D06","KING","KING.AOS.reach","2018-01-02","KING.RE.20180102.POM.1",,"condition ok","SIRFER Lab at University of Utah","2018-08-02","ElFtGy1kV49xqNP00HfxQA==","POM","1",431,25,100,"d15N",3.51,"perMill","Revesz & Coplen 2012a",,
"c24adb00-5f80-498c-87c1-bb12508f7ac6","D06","KING","KING.AOS.reach","2018-01-02","KING.RE.20180102.POM.1",,"condition ok","SIRFER Lab at University of Utah","2018-08-02","ElFtGy1kV49xqNP00HfxQA==","POM","1",431,25,100,"d13C",-30.32,"perMill","Revesz & Coplen 2012a",,
"eafd4d87-6e2b-4fe5-8b09-4dd57917ceb2","D06","KING","KING.AOS.reach","2018-01-02","KING.RE.20180102.POM.1",,"condition ok","SIRFER Lab at University of Utah","2018-08-02","ElFtGy1kV49xqNP00HfxQA==","POM","1",431,25,100,"carbon",268.38,"microgramsPerLiter","Revesz & Coplen 2012a",,
"dc58548d-79ac-4a96-99be-f41dd41baec0","D06","KING","KING.AOS.reach","2018-01-02","KING.RE.20180102.POM.1",,"condition ok","SIRFER Lab at University of Utah","2018-08-02","ElFtGy1kV49xqNP00HfxQA==","POM","1",431,25,100,"nitrogen",44.11,"microgramsPerLiter","Revesz & Coplen 2012a",,
