uid,domainID,siteID,namedLocation,collectDate,sampleID,sampleCode,sampleCondition,laboratoryName,analysisDate,analyzedBy,sampleType,replicate,sampleVolumeFiltered,filterSize,percentFilterAnalyzed,analyte,analyteConcentration,plantAlgaeLabUnits,method,externalRemarks,externalLabDataQF
"be6ab0e5-4f36-47b2-8d54-0435f5c5a7e6","D07","WALK","WALK.AOS.S2","2016-08-22","WALK.SS.20160822.POM.2",,"other","Academy of Natural Sciences of Drexel University","2017-06-01","OKgcKejxXbI=","13C15N","2",,,100,"d15N",0.16,"perMill",,"filter poorly folded, sample loss",
"0ad0db01-ab65-44e5-8ca7-93e381d6f22c","D07","WALK","WALK.AOS.S2","2016-08-22","WALK.SS.20160822.POM.1",,"other","Academy of Natural Sciences of Drexel University","2017-02-23","OKgcKejxXbI=","13C15N","1",,,100,"d13C",-28.64,"perMill",,"filter poorly folded, sample loss",
"4eff5e8b-7de5-44f7-9795-25c06c55d608","D07","WALK","WALK.AOS.S2","2016-08-22","WALK.SS.20160822.POM.2",,"other","Academy of Natural Sciences of Drexel University","2017-06-01","OKgcKejxXbI=","13C15N","2",,,100,"d13C",-29.06,"perMill",,"filter poorly folded, sample loss",
"874d449e-2fb3-465b-8f18-ac3fcad0c623","D07","WALK","WALK.AOS.S2","2016-08-22","WALK.SS.20160822.POM.1",,"other","Academy of Natural Sciences of Drexel University","2017-02-23","OKgcKejxXbI=","13C15N","1",,,100,"d15N",3.32,"perMill",,"filter poorly folded, sample loss",
