uid,domainID,siteID,namedLocation,collectDate,sampleID,sampleCode,sampleCondition,laboratoryName,analysisDate,analyzedBy,sampleType,replicate,sampleVolumeFiltered,filterSize,percentFilterAnalyzed,analyte,analyteConcentration,plantAlgaeLabUnits,method,externalRemarks,externalLabDataQF
"9aacc981-6f69-45e0-9013-0079f1a22b83","D02","POSE","POSE.AOS.S2","2019-01-22","POSE.SS.20190122.POM.1","A00000034308","condition ok","SIRFER Lab at University of Utah","2019-07-16","ElFtGy1kV49xqNP00HfxQA==","POM","1",600,25,100,"carbon",509.12,"microgramsPerLiter","Revesz & Coplen 2012a",,
"2b1ec179-014d-4727-91f2-e71dc2b32770","D02","POSE","POSE.AOS.S2","2019-01-22","POSE.SS.20190122.POM.1","A00000034308","condition ok","SIRFER Lab at University of Utah","2019-07-16","ElFtGy1kV49xqNP00HfxQA==","POM","1",600,25,100,"d15N",4.89,"perMill","Revesz & Coplen 2012a",,
"0138503c-372e-4b73-abb3-41b560e44e86","D02","POSE","POSE.AOS.S2","2019-01-22","POSE.SS.20190122.POM.1","A00000034308","condition ok","SIRFER Lab at University of Utah","2019-07-16","ElFtGy1kV49xqNP00HfxQA==","POM","1",600,25,100,"d13C",-27.82,"perMill","Revesz & Coplen 2012a",,
"380dd453-a6c1-4ffd-a46c-29e8c5fce598","D02","POSE","POSE.AOS.S2","2019-01-22","POSE.SS.20190122.POM.1","A00000034308","condition ok","SIRFER Lab at University of Utah","2019-07-16","ElFtGy1kV49xqNP00HfxQA==","POM","1",600,25,100,"nitrogen",41.46,"microgramsPerLiter","Revesz & Coplen 2012a",,
