uid,domainID,siteID,namedLocation,collectDate,parentSampleID,parentSampleCode,isotopeH2OSampleCond,isotopeH2OSampleID,isotopeH2OSampleCode,isotopePOMRep2SampleCond,isotopePOMRep2SampleID,isotopePOMRep2SampleCode,isotopePOMSampleCond,isotopePOMSampleID,isotopePOMSampleCode,processedDateFilters,processedDateH2OIsotopes,sampleVolumeFilteredPOMRep1,sampleVolumeFilteredPOMRep2,fieldDataQF
"23ccdf6c-1a15-4629-8496-6f709f4e1710","D13","COMO","COMO.AOS.S2","2019-06-03T16:41Z","COMO.SS.20190603",,"Sample condition ok","COMO.SS.20190603.H2O.1","A00000089868","Sample condition ok","COMO.SS.20190603.POM.2","A00000089913","Sample condition ok","COMO.SS.20190603.POM.1","A00000089895","2019-06-03T17:41Z","2019-06-03T16:41Z",500,500,
"e52e2cba-77e2-4c23-921a-6e3e7330a51f","D13","COMO","COMO.AOS.S2","2019-06-10T16:52Z","COMO.SS.20190610",,"Sample condition ok","COMO.SS.20190610.H2O.1","A00000090633","Sample condition ok","COMO.SS.20190610.POM.2","A00000090670","Sample condition ok","COMO.SS.20190610.POM.1","A00000090668","2019-06-10T18:03Z","2019-06-10T18:09Z",560,560,
"d026491f-90f5-4b39-aa05-33217dac0648","D13","COMO","COMO.AOS.S2","2019-06-12T16:16Z","COMO.SS.20190612",,"Sample condition ok","COMO.SS.20190612.H2O.1","A00000089885","Sample condition ok","COMO.SS.20190612.POM.2","A00000090673","Sample condition ok","COMO.SS.20190612.POM.1","A00000090672","2019-06-12T17:32Z","2019-06-12T16:29Z",750,750,
"98d12255-0019-4c53-badb-f02b2d7a9f1d","D13","COMO","COMO.AOS.S2","2019-06-18T16:29Z","COMO.SS.20190618",,"Sample condition ok","COMO.SS.20190618.H2O.1","A00000089905","Sample condition ok","COMO.SS.20190618.POM.2","A00000090041","Sample condition ok","COMO.SS.20190618.POM.1","A00000090040","2019-06-18T17:30Z","2019-06-18T16:31Z",750,750,
"249fb13c-be65-4401-adb8-23f0f91ffcad","D13","COMO","COMO.AOS.S2","2019-06-20T15:41Z","COMO.SS.20190620",,"Sample condition ok","COMO.SS.20190620.H2O.1","A00000090775","Sample condition ok","COMO.SS.20190620.POM.2","A00000090005","Sample condition ok","COMO.SS.20190620.POM.1","A00000090006","2019-06-20T15:41Z","2019-06-20T15:41Z",700,700,
"a4975a48-bdd5-46f7-b29b-a0e5654f38b7","D13","COMO","COMO.AOS.S2","2019-06-25T15:49Z","COMO.SS.20190625",,"Sample condition ok","COMO.SS.20190625.H2O.1","A00000090773","Sample condition ok","COMO.SS.20190625.POM.2","A00000090730","Sample condition ok","COMO.SS.20190625.POM.1","A00000090729","2019-06-25T16:35Z","2019-06-25T16:20Z",950,950,
"dfd2d114-0301-4b4a-9189-509860992dcc","D13","COMO","COMO.AOS.S2","2019-06-27T16:10Z","COMO.SS.20190627",,"Sample condition ok","COMO.SS.20190627.H2O.1","A00000090753","Sample condition ok","COMO.SS.20190627.POM.2","A00000090745","Sample condition ok","COMO.SS.20190627.POM.1","A00000090043","2019-06-27T18:48Z","2019-06-27T16:14Z",1000,1000,
