uid,domainID,siteID,namedLocation,collectDate,sampleID,sampleCode,sampleCondition,laboratoryName,analysisDate,analyzedBy,sampleType,replicate,sampleVolumeFiltered,filterSize,percentFilterAnalyzed,analyte,analyteConcentration,plantAlgaeLabUnits,method,externalRemarks,externalLabDataQF
"b079d70d-970f-4b57-a752-b4de0887f37e","D13","COMO","COMO.AOS.S2","2019-06-03","COMO.SS.20190603.POM.1","A00000089895","condition ok","SIRFER Lab at University of Utah","2019-09-23","ElFtGy1kV49xqNP00HfxQA==","POM","1",500,25,100,"d13C",-25.45,"perMill","Revesz & Coplen 2012a",,
"abecef21-e43d-445a-8d3f-92c4907bca73","D13","COMO","COMO.AOS.S2","2019-06-03","COMO.SS.20190603.POM.1","A00000089895","condition ok","SIRFER Lab at University of Utah","2019-09-23","ElFtGy1kV49xqNP00HfxQA==","POM","1",500,25,100,"d15N",2.26,"perMill","Revesz & Coplen 2012a",,
"adb6f388-a325-4892-863a-2cf8db977c24","D13","COMO","COMO.AOS.S2","2019-06-03","COMO.SS.20190603.POM.1","A00000089895","condition ok","SIRFER Lab at University of Utah","2019-09-23","ElFtGy1kV49xqNP00HfxQA==","POM","1",500,25,100,"nitrogen",23.64,"microgramsPerLiter","Revesz & Coplen 2012a",,
"c83b7b54-a2ed-46b7-9f4e-d5548b95ab06","D13","COMO","COMO.AOS.S2","2019-06-03","COMO.SS.20190603.POM.1","A00000089895","condition ok","SIRFER Lab at University of Utah","2019-09-23","ElFtGy1kV49xqNP00HfxQA==","POM","1",500,25,100,"carbon",252.95,"microgramsPerLiter","Revesz & Coplen 2012a",,
