uid,domainID,siteID,namedLocation,collectDate,analysisDate,isotopeH2OSampleID,isotopeH2OSampleCode,instrumentSN,d18OWater,d2HWater,d18OsdWater,d2HsdWater,isotopeH2OExternalLabQF,laboratoryName,analyzedBy,sampleCondition,externalRemarks,externalLabDataQF
"bf1a65ae-63f0-49f7-8220-08b5be0c9bf7","D13","COMO","COMO.AOS.S2","2019-06-03","2019-07-22","COMO.SS.20190603.H2O.1","A00000089868","HIDS2052",-17.88,-133.08,0.06,0.13,0,"SIRFER Lab at University of Utah","OlSmE6RRn5QQH8tvUHmK5i/poYiQr6sd","OK",,
"cf78eed2-f2fb-4b6d-b879-3b6313ae1bce","D13","COMO","COMO.AOS.S2","2019-06-10","2019-07-22","COMO.SS.20190610.H2O.1","A00000090633","HIDS2052",-17.68,-131.98,0.02,0.12,0,"SIRFER Lab at University of Utah","OlSmE6RRn5QQH8tvUHmK5i/poYiQr6sd","OK",,
"0a6a5bdc-390e-4e79-825c-f7c7c6d7ba2b","D13","COMO","COMO.AOS.S2","2019-06-12","2019-07-22","COMO.SS.20190612.H2O.1","A00000089885","HIDS2052",-17.85,-133.27,0.02,0.11,0,"SIRFER Lab at University of Utah","OlSmE6RRn5QQH8tvUHmK5i/poYiQr6sd","OK",,
"b4bc1fcc-d6ad-4285-b387-6b3b5f9110b3","D13","COMO","COMO.AOS.S2","2019-06-18","2019-07-22","COMO.SS.20190618.H2O.1","A00000089905","HIDS2052",-18.05,-134.06,0.03,0.03,0,"SIRFER Lab at University of Utah","OlSmE6RRn5QQH8tvUHmK5i/poYiQr6sd","OK",,
"037faff4-2fcc-47a1-958f-23aed8b4fb48","D13","COMO","COMO.AOS.S2","2019-06-20","2019-07-22","COMO.SS.20190620.H2O.1","A00000090775","HIDS2052",-16.32,-128.57,0.03,0.06,0,"SIRFER Lab at University of Utah","OlSmE6RRn5QQH8tvUHmK5i/poYiQr6sd","OK",,
"9b4871fa-6c18-4352-bf79-319be90d7a4c","D13","COMO","COMO.AOS.S2","2019-06-25","2019-07-22","COMO.SS.20190625.H2O.1","A00000090773","HIDS2052",-17.85,-132.27,0.02,0.11,0,"SIRFER Lab at University of Utah","OlSmE6RRn5QQH8tvUHmK5i/poYiQr6sd","OK",,
"fa421730-d5a7-4012-b923-83c17678cb4f","D13","COMO","COMO.AOS.S2","2019-06-27","2019-07-22","COMO.SS.20190627.H2O.1","A00000090753","HIDS2052",-17.86,-132.50,0.02,0.12,0,"SIRFER Lab at University of Utah","OlSmE6RRn5QQH8tvUHmK5i/poYiQr6sd","OK",,
