uid,domainID,siteID,namedLocation,decimalLatitude,decimalLongitude,coordinateUncertainty,additionalCoordUncertainty,elevation,elevationUncertainty,geodeticDatum,altLocation,altLatitude,altLongitude,altCoordinateUncertainty,altGeodeticDatum,collectDate,aquaticSiteType,samplingImpractical,parentSampleID,parentSampleCode,eventID,samplerType,dissolvedOxygen,dissolvedOxygenSaturation,specificConductance,waterTemp,asiSamplingProtocolVersion,lowerSegmentDepth,upperSegmentDepth,maxDepth,lakeSampleDepth1,lakeSampleDepth2,aCollectedBy,bCollectedBy,remarks,fieldDataQF
"939c8463-7c87-4e66-a583-c1c41bae6d76","D13","COMO","COMO.AOS.S2",40.034953,-105.544407,0.1,10.0,3022.5,0.0,"WGS84",,,,,,"2019-06-03T16:41Z","stream",,"COMO.SS.20190603",,"COMO.20190603","Grab",9.45,95.50,22.50,1.10,"NEON.DOC.001886vF",,,,,,"0000-0001-7092-2850","0000-0003-3415-3067",,
"46a74018-4905-40cf-81a3-da88780afcf2","D13","COMO","COMO.AOS.S2",40.034953,-105.544407,0.1,10.0,3022.5,0.0,"WGS84",,,,,,"2019-06-10T16:52Z","stream",,"COMO.SS.20190610",,"COMO.20190610","Grab",9.32,95.60,17.10,2.10,"NEON.DOC.001886vF",,,,,,"0000-0003-3415-3067","0000-0001-7092-2850",,
"b3f4548d-0135-4373-a718-a49eefbfc62c","D13","COMO","COMO.AOS.S2",40.034953,-105.544407,0.1,10.0,3022.5,0.0,"WGS84",,,,,,"2019-06-12T16:16Z","stream",,"COMO.SS.20190612",,"COMO.20190612","Grab",10.77,112.50,16.30,2.60,"NEON.DOC.001886vF",,,,,,"0000-0002-7071-0855","0000-0001-6869-2611",,
"5dc9b5a4-f620-4499-9745-7d29e71d25d9","D13","COMO","COMO.AOS.S2",40.034953,-105.544407,0.1,10.0,3022.5,0.0,"WGS84",,,,,,"2019-06-18T16:29Z","stream",,"COMO.SS.20190618",,"COMO.20190618","Grab",9.56,102.50,14.30,3.40,"NEON.DOC.001886vF",,,,,,"0000-0001-6869-2611","0000-0002-8159-7966",,
"31154908-03d2-484a-82af-9e978802bde7","D13","COMO","COMO.AOS.S2",40.034953,-105.544407,0.1,10.0,3022.5,0.0,"WGS84",,,,,,"2019-06-20T15:41Z","stream",,"COMO.SS.20190620",,"COMO.20190620","Grab",9.99,109.60,14.10,3.80,"NEON.DOC.001886vF",,,,,,"0000-0003-3415-3067","0000-0001-7092-2850",,
"079e68c9-b4dd-44d0-a587-bc20c6b51733","D13","COMO","COMO.AOS.S2",40.034953,-105.544407,0.1,10.0,3022.5,0.0,"WGS84",,,,,,"2019-06-25T15:49Z","stream",,"COMO.SS.20190625",,"COMO.20190625","Grab",9.44,99.50,15.50,2.80,"NEON.DOC.001886vF",,,,,,"0000-0001-6869-2611","0000-0003-3415-3067",,
"cc60f34f-f1e6-4c0a-9ba5-d879fd3f462e","D13","COMO","COMO.AOS.S2",40.034953,-105.544407,0.1,10.0,3022.5,0.0,"WGS84",,,,,,"2019-06-27T16:10Z","stream",,"COMO.SS.20190627",,"COMO.20190627","Grab",9.93,110.80,15.80,4.90,"NEON.DOC.001886vF",,,,,,"0000-0002-7071-0855","0000-0001-6869-2611",,
