uid,domainID,siteID,namedLocation,collectDate,sampleID,sampleCode,sampleCondition,laboratoryName,analysisDate,analyzedBy,sampleType,replicate,sampleVolumeFiltered,filterSize,percentFilterAnalyzed,analyte,analyteConcentration,plantAlgaeLabUnits,method,externalRemarks,externalLabDataQF
"ba6ce6c6-c66b-481c-8d8c-25bb97d7ecfa","D16","MART","MART.AOS.S2","2019-04-09","MART.SS.20190409.POM.1","A00000059825","condition ok","SIRFER Lab at University of Utah","2019-09-06","ElFtGy1kV49xqNP00HfxQA==","POM","1",750,25,100,"d15N",8.94,"perMill","Revesz & Coplen 2012a",,
"352426cf-6612-4f81-895d-ba0435dcf2c4","D16","MART","MART.AOS.S2","2019-04-09","MART.SS.20190409.POM.1","A00000059825","condition ok","SIRFER Lab at University of Utah","2019-09-06","ElFtGy1kV49xqNP00HfxQA==","POM","1",750,25,100,"d13C",-27.28,"perMill","Revesz & Coplen 2012a",,
"c36635bc-e8fc-4310-8587-65d0af2da976","D16","MART","MART.AOS.S2","2019-04-09","MART.SS.20190409.POM.1","A00000059825","condition ok","SIRFER Lab at University of Utah","2019-09-06","ElFtGy1kV49xqNP00HfxQA==","POM","1",750,25,100,"nitrogen",7.83,"microgramsPerLiter","Revesz & Coplen 2012a",,
"4efe2e07-b137-4a7c-ad99-d33606a1856d","D16","MART","MART.AOS.S2","2019-04-09","MART.SS.20190409.POM.1","A00000059825","condition ok","SIRFER Lab at University of Utah","2019-09-06","ElFtGy1kV49xqNP00HfxQA==","POM","1",750,25,100,"carbon",116.88,"microgramsPerLiter","Revesz & Coplen 2012a",,
"d7ea2e70-36e0-456b-93c2-141df6ebf4da","D16","MART","MART.AOS.S2","2019-04-11","MART.SS.20190411.POM.1","A00000060981","condition ok","SIRFER Lab at University of Utah","2019-09-06","ElFtGy1kV49xqNP00HfxQA==","POM","1",750,25,100,"d15N",2.51,"perMill","Revesz & Coplen 2012a",,
"1cb6e1dc-625b-422c-a06a-456192dc4263","D16","MART","MART.AOS.S2","2019-04-11","MART.SS.20190411.POM.1","A00000060981","condition ok","SIRFER Lab at University of Utah","2019-09-06","ElFtGy1kV49xqNP00HfxQA==","POM","1",750,25,100,"d13C",-28.73,"perMill","Revesz & Coplen 2012a",,
"8336e767-2cef-436d-b643-43ee1c0d0b6d","D16","MART","MART.AOS.S2","2019-04-11","MART.SS.20190411.POM.1","A00000060981","condition ok","SIRFER Lab at University of Utah","2019-09-06","ElFtGy1kV49xqNP00HfxQA==","POM","1",750,25,100,"carbon",342.11,"microgramsPerLiter","Revesz & Coplen 2012a",,
"99732fb3-c0ca-49d1-9ca2-b7d6179bc49d","D16","MART","MART.AOS.S2","2019-04-11","MART.SS.20190411.POM.1","A00000060981","condition ok","SIRFER Lab at University of Utah","2019-09-06","ElFtGy1kV49xqNP00HfxQA==","POM","1",750,25,100,"nitrogen",4.68,"microgramsPerLiter","Revesz & Coplen 2012a",,
"1ed32e53-5bd3-406c-9f1c-201bb989e094","D16","MART","MART.AOS.S2","2019-04-16","MART.SS.20190416.POM.1","A00000060792","condition ok","SIRFER Lab at University of Utah","2019-09-06","ElFtGy1kV49xqNP00HfxQA==","POM","1",1750,25,100,"carbon",42.46,"microgramsPerLiter","Revesz & Coplen 2012a",,
"b80e4862-9f41-4256-9270-bee1ba9d4217","D16","MART","MART.AOS.S2","2019-04-16","MART.SS.20190416.POM.1","A00000060792","condition ok","SIRFER Lab at University of Utah","2019-09-06","ElFtGy1kV49xqNP00HfxQA==","POM","1",1750,25,100,"d13C",-27.12,"perMill","Revesz & Coplen 2012a",,
"707ec36f-9920-415b-8412-2b9c288375d2","D16","MART","MART.AOS.S2","2019-04-16","MART.SS.20190416.POM.1","A00000060792","condition ok","SIRFER Lab at University of Utah","2019-09-06","ElFtGy1kV49xqNP00HfxQA==","POM","1",1750,25,100,"nitrogen",2.95,"microgramsPerLiter","Revesz & Coplen 2012a",,
"48f03944-ee0d-4e3d-9e85-9673f059596c","D16","MART","MART.AOS.S2","2019-04-16","MART.SS.20190416.POM.1","A00000060792","condition ok","SIRFER Lab at University of Utah","2019-09-06","ElFtGy1kV49xqNP00HfxQA==","POM","1",1750,25,100,"d15N",0.14,"perMill","Revesz & Coplen 2012a",,
"69591229-8f90-4bec-a1c0-ef18ab5acecd","D16","MART","MART.AOS.S2","2019-04-25","MART.SS.20190425.POM.1","A00000061071","condition ok","SIRFER Lab at University of Utah","2019-09-06","ElFtGy1kV49xqNP00HfxQA==","POM","1",1500,25,100,"d13C",-29.07,"perMill","Revesz & Coplen 2012a",,
"5be83d72-59ff-4d6c-82de-afd75f9ba01d","D16","MART","MART.AOS.S2","2019-04-25","MART.SS.20190425.POM.1","A00000061071","condition ok","SIRFER Lab at University of Utah","2019-09-06","ElFtGy1kV49xqNP00HfxQA==","POM","1",1500,25,100,"d15N",4.26,"perMill","Revesz & Coplen 2012a",,
"dc5ef2d7-92c3-4684-992e-5151c9320c1e","D16","MART","MART.AOS.S2","2019-04-25","MART.SS.20190425.POM.1","A00000061071","condition ok","SIRFER Lab at University of Utah","2019-09-06","ElFtGy1kV49xqNP00HfxQA==","POM","1",1500,25,100,"nitrogen",2.84,"microgramsPerLiter","Revesz & Coplen 2012a",,
"a9a49dba-b51e-44c7-b0b4-e67dfca347fb","D16","MART","MART.AOS.S2","2019-04-25","MART.SS.20190425.POM.1","A00000061071","condition ok","SIRFER Lab at University of Utah","2019-09-06","ElFtGy1kV49xqNP00HfxQA==","POM","1",1500,25,100,"carbon",53.01,"microgramsPerLiter","Revesz & Coplen 2012a",,
