uid,domainID,siteID,namedLocation,decimalLatitude,decimalLongitude,coordinateUncertainty,additionalCoordUncertainty,elevation,elevationUncertainty,geodeticDatum,altLocation,altLatitude,altLongitude,altCoordinateUncertainty,altGeodeticDatum,collectDate,aquaticSiteType,samplingImpractical,parentSampleID,parentSampleCode,eventID,samplerType,dissolvedOxygen,dissolvedOxygenSaturation,specificConductance,waterTemp,asiSamplingProtocolVersion,lowerSegmentDepth,upperSegmentDepth,maxDepth,lakeSampleDepth1,lakeSampleDepth2,aCollectedBy,bCollectedBy,remarks,fieldDataQF
"0099760d-d32f-470b-ade6-9454094f99eb","D16","MART","MART.AOS.S2",45.792330,-121.929416,0.1,10.0,333.7,0.0,"WGS84",,,,,,"2019-04-09T18:15Z","stream",,"MART.SS.20190409",,"MART.20190409","Grab",12.48,102.20,30.00,5.80,"NEON.DOC.001886vF",,,,,,"0000-0002-2939-423X","0000-0002-2939-423X",,
"dedacd7e-1942-48d3-8d30-6503d6fce286","D16","MART","MART.AOS.S2",45.792330,-121.929416,0.1,10.0,333.7,0.0,"WGS84",,,,,,"2019-04-11T17:31Z","stream",,"MART.SS.20190411",,"MART.20190411","Grab",13.24,108.50,31.40,5.90,"NEON.DOC.001886vF",,,,,,"0000-0002-7203-5072","0000-0002-7203-5072",,
"d1f3328a-b093-41dc-bdad-1a3529d8ae3d","D16","MART","MART.AOS.S2",45.792330,-121.929416,0.1,10.0,333.7,0.0,"WGS84",,,,,,"2019-04-16T18:00Z","stream",,"MART.SS.20190416",,"MART.20190416","Grab",12.68,105.10,32.50,6.20,"NEON.DOC.001886vF",,,,,,"0000-0002-2939-423X","0000-0002-2939-423X","Collected and recorded by Kiersten Miller and Maria Viggiano",
"1a5c45ec-e4cc-41ba-b142-6da96655592f","D16","MART","MART.AOS.S2",45.792330,-121.929416,0.1,10.0,333.7,0.0,"WGS84",,,,,,"2019-04-25T17:05Z","stream",,"MART.SS.20190425",,"MART.20190425","Grab",12.32,103.70,28.70,7.00,"NEON.DOC.001886vF",,,,,,"0000-0002-9181-2463","0000-0002-4299-7043",,
