uid,domainID,siteID,namedLocation,collectDate,analysisDate,isotopeH2OSampleID,isotopeH2OSampleCode,instrumentSN,d18OWater,d2HWater,d18OsdWater,d2HsdWater,isotopeH2OExternalLabQF,laboratoryName,analyzedBy,sampleCondition,externalRemarks,externalLabDataQF
"c103b47a-2897-4139-bf78-79b8e933612e","D16","MART","MART.AOS.S2","2019-04-09","2019-06-03","MART.SS.20190409.H2O.1","A00000059824","HIDS2046",-10.49,-72.97,0.02,0.09,0,"SIRFER Lab at University of Utah","OlSmE6RRn5QQH8tvUHmK5i/poYiQr6sd","OK",,
"ffe59698-2dd9-4bc6-995b-9df584aa1125","D16","MART","MART.AOS.S2","2019-04-11","2019-06-03","MART.SS.20190411.H2O.1","A00000059845","HIDS2046",-10.77,-73.68,0.02,0.13,0,"SIRFER Lab at University of Utah","OlSmE6RRn5QQH8tvUHmK5i/poYiQr6sd","OK",,
"88b02e74-2c99-47e0-8c67-d0bf45bd6ef0","D16","MART","MART.AOS.S2","2019-04-16","2019-06-03","MART.SS.20190416.H2O.1","A00000060984","HIDS2046",-8.43,-67.84,0.02,0.13,0,"SIRFER Lab at University of Utah","OlSmE6RRn5QQH8tvUHmK5i/poYiQr6sd","OK",,
"634716c8-9ab1-488d-8198-aa48fdff0f32","D16","MART","MART.AOS.S2","2019-04-25","2019-06-03","MART.SS.20190425.H2O.1","A00000061069","HIDS2046",-8.76,-68.43,0.02,0.09,0,"SIRFER Lab at University of Utah","OlSmE6RRn5QQH8tvUHmK5i/poYiQr6sd","OK",,
