uid,domainID,siteID,namedLocation,collectDate,parentSampleID,parentSampleCode,isotopeH2OSampleCond,isotopeH2OSampleID,isotopeH2OSampleCode,isotopePOMRep2SampleCond,isotopePOMRep2SampleID,isotopePOMRep2SampleCode,isotopePOMSampleCond,isotopePOMSampleID,isotopePOMSampleCode,processedDateFilters,processedDateH2OIsotopes,sampleVolumeFilteredPOMRep1,sampleVolumeFilteredPOMRep2,fieldDataQF
"1ecc7f45-700c-4cae-bc3d-2efb7c4894f5","D16","MART","MART.AOS.S2","2019-04-09T18:15Z","MART.SS.20190409",,"Sample condition ok","MART.SS.20190409.H2O.1","A00000059824","Sample condition ok","MART.SS.20190409.POM.2","A00000059839","Sample condition ok","MART.SS.20190409.POM.1","A00000059825","2019-04-09T21:10Z","2019-04-09T21:10Z",750,750,
"fdf0ebb8-32e7-426a-b73e-0f798d33af7b","D16","MART","MART.AOS.S2","2019-04-11T17:31Z","MART.SS.20190411",,"Sample condition ok","MART.SS.20190411.H2O.1","A00000059845","Sample condition ok","MART.SS.20190411.POM.2","A00000059855","Sample condition ok","MART.SS.20190411.POM.1","A00000060981","2019-04-11T21:07Z","2019-04-11T18:00Z",750,750,
"70cb4f2c-fbec-409d-b28b-70e09ddfca03","D16","MART","MART.AOS.S2","2019-04-16T18:00Z","MART.SS.20190416",,"Sample condition ok","MART.SS.20190416.H2O.1","A00000060984","Sample condition ok","MART.SS.20190416.POM.2","A00000060793","Sample condition ok","MART.SS.20190416.POM.1","A00000060792","2019-04-16T21:45Z","2019-04-16T18:00Z",1750,1750,
"c73b8608-2b32-4043-864b-07a5182ba33f","D16","MART","MART.AOS.S2","2019-04-25T17:05Z","MART.SS.20190425",,"Sample condition ok","MART.SS.20190425.H2O.1","A00000061069","Sample condition ok","MART.SS.20190425.POM.2","A00000061072","Sample condition ok","MART.SS.20190425.POM.1","A00000061071",,"2019-04-25T17:34Z",1500,1500,
