uid,domainID,siteID,namedLocation,collectDate,sampleID,sampleCode,sampleCondition,laboratoryName,analysisDate,analyzedBy,sampleType,replicate,sampleVolumeFiltered,filterSize,percentFilterAnalyzed,analyte,analyteConcentration,plantAlgaeLabUnits,method,externalRemarks,externalLabDataQF
"7a7e2cba-ef61-45c5-ba5f-da3c6af715fa","D11","BLUE","BLUE.AOS.S2","2017-11-20","BLUE.SS.20171120.POM.1",,"condition ok","SIRFER Lab at University of Utah","2018-08-24","ElFtGy1kV49xqNP00HfxQA==","POM","1",600,25,100,"carbon",221.23,"microgramsPerLiter","Revesz & Coplen 2012a",,
"74d924a9-d90e-43ef-8489-6be78c4506e2","D11","BLUE","BLUE.AOS.S2","2017-11-20","BLUE.SS.20171120.POM.1",,"condition ok","SIRFER Lab at University of Utah","2018-08-24","ElFtGy1kV49xqNP00HfxQA==","POM","1",600,25,100,"nitrogen",24.12,"microgramsPerLiter","Revesz & Coplen 2012a",,
"ff389462-a80d-4345-943f-4b700d6a2f88","D11","BLUE","BLUE.AOS.S2","2017-11-20","BLUE.SS.20171120.POM.1",,"condition ok","SIRFER Lab at University of Utah","2018-08-24","ElFtGy1kV49xqNP00HfxQA==","POM","1",600,25,100,"d15N",4.73,"perMill","Revesz & Coplen 2012a",,
"1f6d1da4-2c48-4104-abc7-6556b4591ca6","D11","BLUE","BLUE.AOS.S2","2017-11-20","BLUE.SS.20171120.POM.1",,"condition ok","SIRFER Lab at University of Utah","2018-08-24","ElFtGy1kV49xqNP00HfxQA==","POM","1",600,25,100,"d13C",-25.06,"perMill","Revesz & Coplen 2012a",,
"516817a6-bea3-41bd-8f2e-fd5615d47470","D11","BLUE","BLUE.AOS.S2","2017-11-21","BLUE.SS.20171121.POM.1",,"condition ok","SIRFER Lab at University of Utah","2018-08-24","ElFtGy1kV49xqNP00HfxQA==","POM","1",700,25,100,"nitrogen",29.72,"microgramsPerLiter","Revesz & Coplen 2012a",,
"ea82c232-26ec-4990-8bb0-8cad4c44dbe7","D11","BLUE","BLUE.AOS.S2","2017-11-21","BLUE.SS.20171121.POM.1",,"condition ok","SIRFER Lab at University of Utah","2018-08-24","ElFtGy1kV49xqNP00HfxQA==","POM","1",700,25,100,"d15N",6.56,"perMill","Revesz & Coplen 2012a",,
"965565eb-5b37-4aeb-aecc-49ba652942da","D11","BLUE","BLUE.AOS.S2","2017-11-21","BLUE.SS.20171121.POM.1",,"condition ok","SIRFER Lab at University of Utah","2018-08-24","ElFtGy1kV49xqNP00HfxQA==","POM","1",700,25,100,"carbon",289.24,"microgramsPerLiter","Revesz & Coplen 2012a",,
"946a9c9c-9b95-4919-accf-dbd969c43c52","D11","BLUE","BLUE.AOS.S2","2017-11-21","BLUE.SS.20171121.POM.1",,"condition ok","SIRFER Lab at University of Utah","2018-08-24","ElFtGy1kV49xqNP00HfxQA==","POM","1",700,25,100,"d13C",-23.36,"perMill","Revesz & Coplen 2012a",,
