uid,domainID,siteID,namedLocation,collectDate,sampleID,sampleCode,sampleCondition,laboratoryName,analysisDate,analyzedBy,sampleType,replicate,sampleVolumeFiltered,filterSize,percentFilterAnalyzed,analyte,analyteConcentration,plantAlgaeLabUnits,method,externalRemarks,externalLabDataQF
"9b0e52cb-3717-46c2-868d-45c67818a045","D15","REDB","REDB.AOS.S2","2016-11-08","REDB.SS.20161108.POM.2",,"other","Academy of Natural Sciences of Drexel University","2017-05-18","OKgcKejxXbI=","13C15N","2",,,100,"d15N",,"perMill",,"sample too samll for analysis",
"333f9e21-547e-4717-b275-5ba83e8fbf34","D15","REDB","REDB.AOS.S2","2016-11-08","REDB.SS.20161108.POM.2",,"condition ok","Academy of Natural Sciences of Drexel University","2017-05-18","OKgcKejxXbI=","13C15N","2",,,100,"d13C",-24.39,"perMill",,,
"a62be682-d559-44c7-91c5-d6e6ebc430f8","D15","REDB","REDB.AOS.S2","2016-11-08","REDB.SS.20161108.POM.1",,"condition ok","Academy of Natural Sciences of Drexel University","2017-04-03","OKgcKejxXbI=","13C15N","1",,,100,"d15N",2.82,"perMill",,,
"06a5e658-4afb-41bd-82bc-3ec2a9f273ea","D15","REDB","REDB.AOS.S2","2016-11-08","REDB.SS.20161108.POM.1",,"condition ok","Academy of Natural Sciences of Drexel University","2017-04-03","OKgcKejxXbI=","13C15N","1",,,100,"d13C",-21.10,"perMill",,,
