uid,domainID,siteID,namedLocation,collectDate,analysisDate,isotopeH2OSampleID,isotopeH2OSampleCode,instrumentSN,d18OWater,d2HWater,d18OsdWater,d2HsdWater,isotopeH2OExternalLabQF,laboratoryName,analyzedBy,sampleCondition,externalRemarks,externalLabDataQF
"c3fbdf14-2f25-4d58-853f-df342c36778c","D03","SUGG","SUGG.AOS.buoy.c0","2018-07-09","2018-09-07","SUGG.C0.20180709.H2O.1","A00000003605","HIDS2052",-1.36,-8.46,0.02,0.07,0,"SIRFER Lab at University of Utah","OlSmE6RRn5QQH8tvUHmK5i/poYiQr6sd","OK",,
"2bfee666-e87a-4944-a426-83c6c757669e","D03","SUGG","SUGG.AOS.buoy.c0","2018-07-30","2018-09-07","SUGG.C0.20180730.H2O.2","A00000003529","HIDS2052",-1.38,-8.20,0.03,0.06,0,"SIRFER Lab at University of Utah","OlSmE6RRn5QQH8tvUHmK5i/poYiQr6sd","OK",,
"3f734dd4-64f2-4359-947b-0b119b498fc8","D03","SUGG","SUGG.AOS.buoy.c0","2018-07-30","2018-09-07","SUGG.C0.20180730.H2O.1","A00000003523","HIDS2052",-1.28,-7.31,0.05,0.22,0,"SIRFER Lab at University of Utah","OlSmE6RRn5QQH8tvUHmK5i/poYiQr6sd","OK",,
"c8f41a7e-449b-4a43-ae90-be46b0dce068","D03","SUGG","SUGG.AOS.buoy.c0","2018-07-30","2018-09-07","SUGG.C0.20180730.H2O.3","A00000003533","HIDS2052",-1.33,-8.04,0.04,0.12,0,"SIRFER Lab at University of Utah","OlSmE6RRn5QQH8tvUHmK5i/poYiQr6sd","OK",,
