uid,domainID,siteID,namedLocation,collectDate,sampleID,sampleCode,sampleCondition,laboratoryName,analysisDate,analyzedBy,sampleType,replicate,sampleVolumeFiltered,filterSize,percentFilterAnalyzed,analyte,analyteConcentration,plantAlgaeLabUnits,method,externalRemarks,externalLabDataQF
"c7a2c759-6988-44e7-b749-403fe4d6f67c","D03","SUGG","SUGG.AOS.buoy.c0","2018-07-09","SUGG.C0.20180709.POM.1","A00000003602","condition ok","SIRFER Lab at University of Utah","2018-08-22","ElFtGy1kV49xqNP00HfxQA==","POM","1",500,25,100,"d13C",-31.31,"perMill","Revesz & Coplen 2012a",,
"7f73a54a-a7a8-4ac7-bc30-02e47343f7b0","D03","SUGG","SUGG.AOS.buoy.c0","2018-07-09","SUGG.C0.20180709.POM.1","A00000003602","condition ok","SIRFER Lab at University of Utah","2018-08-22","ElFtGy1kV49xqNP00HfxQA==","POM","1",500,25,100,"d15N",0.95,"perMill","Revesz & Coplen 2012a",,
"69fdfccf-e7c1-4886-a9ba-e50249f090c2","D03","SUGG","SUGG.AOS.buoy.c0","2018-07-09","SUGG.C0.20180709.POM.1","A00000003602","condition ok","SIRFER Lab at University of Utah","2018-08-22","ElFtGy1kV49xqNP00HfxQA==","POM","1",500,25,100,"carbon",416.40,"microgramsPerLiter","Revesz & Coplen 2012a",,
"cd23d432-7c04-4de2-9c59-503fa2879ce5","D03","SUGG","SUGG.AOS.buoy.c0","2018-07-09","SUGG.C0.20180709.POM.1","A00000003602","condition ok","SIRFER Lab at University of Utah","2018-08-22","ElFtGy1kV49xqNP00HfxQA==","POM","1",500,25,100,"nitrogen",53.80,"microgramsPerLiter","Revesz & Coplen 2012a",,
"d6a26010-b8b9-42c9-be58-aae9c734fdf3","D03","SUGG","SUGG.AOS.buoy.c0","2018-07-30","SUGG.C0.20180730.POM.1","A00000003520","condition ok","SIRFER Lab at University of Utah","2018-11-07","ElFtGy1kV49xqNP00HfxQA==","POM","1",500,25,100,"nitrogen",61.15,"microgramsPerLiter","Revesz & Coplen 2012a",,
"24117ef2-2076-4129-8d7a-71c1b6182aca","D03","SUGG","SUGG.AOS.buoy.c0","2018-07-30","SUGG.C0.20180730.POM.1","A00000003520","condition ok","SIRFER Lab at University of Utah","2018-11-07","ElFtGy1kV49xqNP00HfxQA==","POM","1",500,25,100,"carbon",483.51,"microgramsPerLiter","Revesz & Coplen 2012a",,
"85485e48-62fc-407a-b444-640895a02c25","D03","SUGG","SUGG.AOS.buoy.c0","2018-07-30","SUGG.C0.20180730.POM.1","A00000003520","condition ok","SIRFER Lab at University of Utah","2018-11-07","ElFtGy1kV49xqNP00HfxQA==","POM","1",500,25,100,"d13C",-31.90,"perMill","Revesz & Coplen 2012a",,
"5c353e5d-c5d8-4c60-9f64-c74133cec533","D03","SUGG","SUGG.AOS.buoy.c0","2018-07-30","SUGG.C0.20180730.POM.1","A00000003520","condition ok","SIRFER Lab at University of Utah","2018-11-07","ElFtGy1kV49xqNP00HfxQA==","POM","1",500,25,100,"d15N",-0.98,"perMill","Revesz & Coplen 2012a",,
"8c93cca4-dbfb-4f6b-82d2-817edc0a62be","D03","SUGG","SUGG.AOS.buoy.c0","2018-07-30","SUGG.C0.20180730.POM.1","A00000003520","condition ok","SIRFER Lab at University of Utah","2018-08-22","ElFtGy1kV49xqNP00HfxQA==","POM","1",500,25,100,"d15N",3.12,"perMill","Revesz & Coplen 2012a",,
"8ea498c4-dd99-4387-8538-ce7a4b36bd22","D03","SUGG","SUGG.AOS.buoy.c0","2018-07-30","SUGG.C0.20180730.POM.1","A00000003520","condition ok","SIRFER Lab at University of Utah","2018-08-22","ElFtGy1kV49xqNP00HfxQA==","POM","1",500,25,100,"carbon",1137.17,"microgramsPerLiter","Revesz & Coplen 2012a",,
"0bda873d-6ce3-49b3-b079-63b1e1b18883","D03","SUGG","SUGG.AOS.buoy.c0","2018-07-30","SUGG.C0.20180730.POM.1","A00000003520","condition ok","SIRFER Lab at University of Utah","2018-08-22","ElFtGy1kV49xqNP00HfxQA==","POM","1",500,25,100,"d13C",-27.62,"perMill","Revesz & Coplen 2012a",,
"11719fbc-e6ca-4aa0-b447-14b277cb4edb","D03","SUGG","SUGG.AOS.buoy.c0","2018-07-30","SUGG.C0.20180730.POM.1","A00000003520","condition ok","SIRFER Lab at University of Utah","2018-08-22","ElFtGy1kV49xqNP00HfxQA==","POM","1",500,25,100,"nitrogen",136.39,"microgramsPerLiter","Revesz & Coplen 2012a",,
