uid,domainID,siteID,namedLocation,collectDate,parentSampleID,parentSampleCode,isotopeH2OSampleCond,isotopeH2OSampleID,isotopeH2OSampleCode,isotopePOMRep2SampleCond,isotopePOMRep2SampleID,isotopePOMRep2SampleCode,isotopePOMSampleCond,isotopePOMSampleID,isotopePOMSampleCode,processedDateFilters,processedDateH2OIsotopes,sampleVolumeFilteredPOMRep1,sampleVolumeFilteredPOMRep2,fieldDataQF
"85d08ab7-24b4-4b6f-a376-e9d6e725d832","D03","SUGG","SUGG.AOS.buoy.c0","2018-07-09T14:09Z","SUGG.C0.20180709",,"Sample condition ok","SUGG.C0.20180709.H2O.1","A00000003605","Sample condition ok","SUGG.C0.20180709.POM.2","A00000003601","Sample condition ok","SUGG.C0.20180709.POM.1","A00000003602","2018-07-09T17:50Z","2018-07-09T16:31Z",500,500,
"3a4fd442-77f7-4a3e-9a54-34153c4164ce","D03","SUGG","SUGG.AOS.buoy.c0","2018-07-30T14:30Z","SUGG.C0.20180730",,"Sample condition ok","SUGG.C0.20180730.H2O.3","A00000003533",,,,,,,,"2018-07-30T17:45Z",,,
"6b7a989c-e5f2-4bbb-842b-3b08b075eb71","D03","SUGG","SUGG.AOS.buoy.c0","2018-07-30T14:30Z","SUGG.C0.20180730",,"Sample condition ok","SUGG.C0.20180730.H2O.1","A00000003523","Sample condition ok","SUGG.C0.20180730.POM.2","A00000003521","Sample condition ok","SUGG.C0.20180730.POM.1","A00000003520",,"2018-07-30T16:59Z",500,500,
"698b38f1-10bb-4dea-b9d3-ef7f7bf4b2d5","D03","SUGG","SUGG.AOS.buoy.c0","2018-07-30T14:30Z","SUGG.C0.20180730",,"Sample condition ok","SUGG.C0.20180730.H2O.2","A00000003529",,,,,,,,"2018-07-30T17:01Z",,,
