uid,domainID,siteID,namedLocation,collectDate,sampleID,sampleCode,sampleCondition,laboratoryName,analysisDate,analyzedBy,sampleType,replicate,sampleVolumeFiltered,filterSize,percentFilterAnalyzed,analyte,analyteConcentration,plantAlgaeLabUnits,method,externalRemarks,externalLabDataQF
"1ac2e63c-1434-416a-b537-d26f8a6e6cf6","D10","ARIK","ARIK.AOS.S2","2015-07-07","ARIK.SS.20150707.POM.1",,"condition ok","Academy of Natural Sciences of Drexel University","2016-09-13","OKgcKejxXbI=","13C15N","1",200,25,100,"d15N",5.71,"perMill",,,"Audit Failed. Document: A00036_DREX_AlgalChem_DocAudit_20170407.pdf & A00036_DREX_AlgalChem_VisitAudit_20170407.pdf"
"5fb75da6-952c-4b93-9271-b89bb9d14638","D10","ARIK","ARIK.AOS.S2","2015-07-07","ARIK.SS.20150707.POM.1",,"condition ok","Academy of Natural Sciences of Drexel University","2016-09-13","OKgcKejxXbI=","13C15N","1",,,100,"d13C",-26.93,"perMill",,,
"298358cc-9747-446b-abbd-49a40b8e6725","D10","ARIK","ARIK.AOS.S2","2015-07-07","ARIK.SS.20150707.POM.2",,"condition ok","Academy of Natural Sciences of Drexel University","2017-01-17","OKgcKejxXbI=","13C15N","2",,,100,"d13C",-28.62,"perMill",,,
"a1d2c310-43be-4b79-87be-1ff96959adfc","D10","ARIK","ARIK.AOS.S2","2015-07-07","ARIK.SS.20150707.POM.1",,"condition ok","Academy of Natural Sciences of Drexel University","2016-09-13","OKgcKejxXbI=","13C15N","1",,,100,"d15N",5.71,"perMill",,,
"7eedd53d-36c5-4b29-97d3-c8ddb643d4da","D10","ARIK","ARIK.AOS.S2","2015-07-07","ARIK.SS.20150707.POM.2",,"condition ok","Academy of Natural Sciences of Drexel University","2017-01-17","OKgcKejxXbI=","13C15N","2",,,100,"d15N",4.88,"perMill",,,
"e92a303b-b939-466a-881f-89a3ae88c60d","D10","ARIK","ARIK.AOS.S2","2015-07-07","ARIK.SS.20150707.POM.1",,"condition ok","Academy of Natural Sciences of Drexel University","2016-09-13","OKgcKejxXbI=","13C15N","1",200,25,100,"d13C",-26.93,"perMill",,,"Audit Failed. Document: A00036_DREX_AlgalChem_DocAudit_20170407.pdf & A00036_DREX_AlgalChem_VisitAudit_20170407.pdf"
"ada870f3-6cb9-49fa-8962-0811f35e84a5","D10","ARIK","ARIK.AOS.S2","2015-07-07","ARIK.SS.20150707.POM.2",,"condition ok","Academy of Natural Sciences of Drexel University","2017-01-17","OKgcKejxXbI=","13C15N","2",200,25,100,"d13C",-28.62,"perMill",,,"Audit Failed. Document: A00036_DREX_AlgalChem_DocAudit_20170407.pdf & A00036_DREX_AlgalChem_VisitAudit_20170407.pdf"
"2448ea10-b0b6-4290-b50c-a4c1ea96e9d9","D10","ARIK","ARIK.AOS.S2","2015-07-07","ARIK.SS.20150707.POM.2",,"condition ok","Academy of Natural Sciences of Drexel University","2017-01-17","OKgcKejxXbI=","13C15N","2",200,25,100,"d15N",4.88,"perMill",,,"Audit Failed. Document: A00036_DREX_AlgalChem_DocAudit_20170407.pdf & A00036_DREX_AlgalChem_VisitAudit_20170407.pdf"
"eb2177d5-7ef3-4557-9968-b5f52be62e3f","D10","ARIK","ARIK.AOS.S2","2015-07-21","ARIK.SS.20150721.POM.2",,"condition ok","Academy of Natural Sciences of Drexel University","2017-01-17","OKgcKejxXbI=","13C15N","2",,,100,"d15N",9.08,"perMill",,,
"a0311144-d1d6-43f5-a44b-db6dc877db78","D10","ARIK","ARIK.AOS.S2","2015-07-21","ARIK.SS.20150721.POM.1",,"condition ok","Academy of Natural Sciences of Drexel University","2016-09-13","OKgcKejxXbI=","13C15N","1",,,100,"d15N",4.88,"perMill",,,
"bf6c0f30-c0be-4771-ad29-50e954aa17ef","D10","ARIK","ARIK.AOS.S2","2015-07-21","ARIK.SS.20150721.POM.1",,"condition ok","Academy of Natural Sciences of Drexel University","2016-09-13","OKgcKejxXbI=","13C15N","1",,,100,"d13C",-28.85,"perMill",,,
"10d1a240-56d3-4bc5-aa0b-8f336eb2dc0b","D10","ARIK","ARIK.AOS.S2","2015-07-21","ARIK.SS.20150721.POM.2",,"condition ok","Academy of Natural Sciences of Drexel University","2017-01-17","OKgcKejxXbI=","13C15N","2",,,100,"d13C",-28.33,"perMill",,,
"d41ed4bb-e07c-4369-9594-f8bd8909f22b","D10","ARIK","ARIK.AOS.S2","2015-07-21","ARIK.SS.20150721.POM.1",,"condition ok","Academy of Natural Sciences of Drexel University","2016-09-13","OKgcKejxXbI=","13C15N","1",250,25,100,"d13C",-28.85,"perMill",,,"Audit Failed. Document: A00036_DREX_AlgalChem_DocAudit_20170407.pdf & A00036_DREX_AlgalChem_VisitAudit_20170407.pdf"
"722ca0ab-a969-426f-9d36-791d2a7917b4","D10","ARIK","ARIK.AOS.S2","2015-07-21","ARIK.SS.20150721.POM.1",,"condition ok","Academy of Natural Sciences of Drexel University","2016-09-13","OKgcKejxXbI=","13C15N","1",250,25,100,"d15N",4.88,"perMill",,,"Audit Failed. Document: A00036_DREX_AlgalChem_DocAudit_20170407.pdf & A00036_DREX_AlgalChem_VisitAudit_20170407.pdf"
"31188469-6deb-4904-b85b-e2fb3f602dbf","D10","ARIK","ARIK.AOS.S2","2015-07-21","ARIK.SS.20150721.POM.2",,"condition ok","Academy of Natural Sciences of Drexel University","2017-01-17","OKgcKejxXbI=","13C15N","2",250,25,100,"d15N",9.08,"perMill",,,"Audit Failed. Document: A00036_DREX_AlgalChem_DocAudit_20170407.pdf & A00036_DREX_AlgalChem_VisitAudit_20170407.pdf"
"51bd8061-721f-493a-8635-1531a5b764d6","D10","ARIK","ARIK.AOS.S2","2015-07-21","ARIK.SS.20150721.POM.2",,"condition ok","Academy of Natural Sciences of Drexel University","2017-01-17","OKgcKejxXbI=","13C15N","2",250,25,100,"d13C",-28.33,"perMill",,,"Audit Failed. Document: A00036_DREX_AlgalChem_DocAudit_20170407.pdf & A00036_DREX_AlgalChem_VisitAudit_20170407.pdf"
