uid,domainID,siteID,namedLocation,decimalLatitude,decimalLongitude,coordinateUncertainty,additionalCoordUncertainty,elevation,elevationUncertainty,geodeticDatum,altLocation,altLatitude,altLongitude,altCoordinateUncertainty,altGeodeticDatum,collectDate,aquaticSiteType,samplingImpractical,parentSampleID,parentSampleCode,eventID,samplerType,dissolvedOxygen,dissolvedOxygenSaturation,specificConductance,waterTemp,asiSamplingProtocolVersion,lowerSegmentDepth,upperSegmentDepth,maxDepth,lakeSampleDepth1,lakeSampleDepth2,aCollectedBy,bCollectedBy,remarks,fieldDataQF
"5dcb2ff3-45fd-4b6c-b446-68f7db81d969","D06","MCDI","MCDI.AOS.S2",38.946553,-96.442948,0.1,10.0,371.2,0.1,"WGS84",,,,,,"2019-05-01T19:59Z","stream",,"MCDI.SS.20190501",,"MCDI.20190501","Grab",10.68,102.80,399.30,13.60,"NEON.DOC.001886vF",,,,,,"0000-0003-1449-7081","0000-0003-4984-7205",,
"98cc00e9-1ab8-405c-aa74-cc258ee500b4","D06","MCDI","MCDI.AOS.reach",38.945861,-96.443022,10.0,,396.0,10.0,"WGS84","Storm flow",,,,"WGS84","2019-05-07T14:25Z","stream",,"MCDI.RE.20190507",,"MCDI.20190507","Grab",10.94,110.60,206.80,14.40,"NEON.DOC.001886vF",,,,,,"0000-0003-1449-7081","0000-0001-9594-9689",,
"e6566a54-f613-4d6f-9142-04c877616960","D06","MCDI","MCDI.AOS.S2",38.946553,-96.442948,0.1,10.0,371.2,0.1,"WGS84",,,,,,"2019-05-13T18:08Z","stream",,"MCDI.SS.20190513",,"MCDI.20190513","Grab",9.23,97.00,409.70,15.80,"NEON.DOC.001886vF",,,,,,"0000-0001-9594-9689","0000-0003-1449-7081",,
"836587eb-5586-42f2-8e56-b671db22f3b4","D06","MCDI","MCDI.AOS.S2",38.946553,-96.442948,0.1,10.0,371.2,0.1,"WGS84",,,,,,"2019-05-15T16:23Z","stream",,"MCDI.SS.20190515",,"MCDI.20190515","Grab",9.73,102.60,429.00,15.80,"NEON.DOC.001886vF",,,,,,"0000-0001-9594-9689","0000-0003-1449-7081",,
"643eeeb4-7ea1-4498-85cc-13ca9bddc0c0","D06","MCDI","MCDI.AOS.reach",38.945861,-96.443022,10.0,,396.0,10.0,"WGS84","Couldn't cross stream high flow velocity",,,,"WGS84","2019-05-21T17:12Z","stream",,"MCDI.RE.20190521",,"MCDI.20190521","Grab",11.23,111.80,176.80,12.60,"NEON.DOC.001886vF",,,,,,"0000-0003-1449-7081","0000-0002-2356-973X",,
