uid,domainID,siteID,namedLocation,collectDate,parentSampleID,parentSampleCode,isotopeH2OSampleCond,isotopeH2OSampleID,isotopeH2OSampleCode,isotopePOMRep2SampleCond,isotopePOMRep2SampleID,isotopePOMRep2SampleCode,isotopePOMSampleCond,isotopePOMSampleID,isotopePOMSampleCode,processedDateFilters,processedDateH2OIsotopes,sampleVolumeFilteredPOMRep1,sampleVolumeFilteredPOMRep2,fieldDataQF
"02ed6249-4365-4879-9e6e-039e0838ac5f","D06","MCDI","MCDI.AOS.S2","2019-05-01T19:59Z","MCDI.SS.20190501",,"Sample condition ok","MCDI.SS.20190501.H2O.1","A00000042431","Sample condition ok","MCDI.SS.20190501.POM.2",,"Sample condition ok","MCDI.SS.20190501.POM.1","A00000042380","2019-05-01T21:30Z","2019-05-01T21:39Z",151,151,
"c799f49c-3aad-47b8-9eb0-4f627c4cb8fd","D06","MCDI","MCDI.AOS.reach","2019-05-07T14:25Z","MCDI.RE.20190507",,"Sample condition ok","MCDI.RE.20190507.H2O.1","A00000042386","Sample condition ok","MCDI.RE.20190507.POM.2","A00000042391","Sample condition ok","MCDI.RE.20190507.POM.1","A00000042390","2019-05-07T16:05Z","2019-05-07T16:04Z",25,25,
"c8ea768a-c351-4b58-bb1e-28351604d6d3","D06","MCDI","MCDI.AOS.S2","2019-05-13T18:08Z","MCDI.SS.20190513",,"Sample condition ok","MCDI.SS.20190513.H2O.1","A00000042499","Sample condition ok","MCDI.SS.20190513.POM.2","A00000042504","Sample condition ok","MCDI.SS.20190513.POM.1","A00000042511","2019-05-13T19:37Z","2019-05-13T19:34Z",270,270,
"34f9be75-b902-4724-81d1-0ac84766b3e7","D06","MCDI","MCDI.AOS.S2","2019-05-15T16:23Z","MCDI.SS.20190515",,"Sample condition ok","MCDI.SS.20190515.H2O.1","A00000042531","Sample condition ok","MCDI.SS.20190515.POM.2","A00000042519","Sample condition ok","MCDI.SS.20190515.POM.1","A00000042520","2019-05-15T17:46Z","2019-05-15T17:50Z",400,402,
"301e0ebe-b9ea-45be-af4e-a69bff64e2d3","D06","MCDI","MCDI.AOS.reach","2019-05-21T17:12Z","MCDI.RE.20190521",,"Sample condition ok","MCDI.RE.20190521.H2O.1","A00000042718","Sample condition ok","MCDI.RE.20190521.POM.2","A00000042719","Sample condition ok","MCDI.RE.20190521.POM.1","A00000042720","2019-05-21T18:25Z","2019-05-21T18:20Z",40,40,
