uid,domainID,siteID,namedLocation,collectDate,analysisDate,isotopeH2OSampleID,isotopeH2OSampleCode,instrumentSN,d18OWater,d2HWater,d18OsdWater,d2HsdWater,isotopeH2OExternalLabQF,laboratoryName,analyzedBy,sampleCondition,externalRemarks,externalLabDataQF
"d3d614b9-8ef5-44d6-b254-e7b05bdbf752","D06","MCDI","MCDI.AOS.S2","2019-05-01","2019-06-20","MCDI.SS.20190501.H2O.1","A00000042431","HIDS2052",-5.22,-36.98,0.03,0.10,0,"SIRFER Lab at University of Utah","OlSmE6RRn5QQH8tvUHmK5i/poYiQr6sd","OK",,
"04ebdc63-219e-42ea-b724-3533e83db6a7","D06","MCDI","MCDI.AOS.reach","2019-05-07","2019-06-20","MCDI.RE.20190507.H2O.1","A00000042386","HIDS2052",-6.69,-41.67,0.04,0.03,0,"SIRFER Lab at University of Utah","OlSmE6RRn5QQH8tvUHmK5i/poYiQr6sd","OK",,
"9c169af2-88f2-4cb5-8275-441b5a49f80f","D06","MCDI","MCDI.AOS.S2","2019-05-13","2019-06-20","MCDI.SS.20190513.H2O.1","A00000042499","HIDS2052",-7.39,-47.84,0.04,0.07,0,"SIRFER Lab at University of Utah","OlSmE6RRn5QQH8tvUHmK5i/poYiQr6sd","OK",,
"02a37d6d-5daf-4c5e-b139-b41786b4dad7","D06","MCDI","MCDI.AOS.S2","2019-05-15","2019-07-29","MCDI.SS.20190515.H2O.1","A00000042531","HIDS2052",-7.22,-46.89,0.02,0.14,0,"SIRFER Lab at University of Utah","OlSmE6RRn5QQH8tvUHmK5i/poYiQr6sd","OK",,
"be2ce998-91df-4a3a-8edd-881e5a7b90f6","D06","MCDI","MCDI.AOS.reach","2019-05-21","2019-07-29","MCDI.RE.20190521.H2O.1","A00000042718","HIDS2052",-7.55,-52.12,0.05,0.26,0,"SIRFER Lab at University of Utah","OlSmE6RRn5QQH8tvUHmK5i/poYiQr6sd","OK",,
