uid,domainID,siteID,namedLocation,collectDate,sampleID,sampleCode,sampleCondition,laboratoryName,analysisDate,analyzedBy,sampleType,replicate,sampleVolumeFiltered,filterSize,percentFilterAnalyzed,analyte,analyteConcentration,plantAlgaeLabUnits,method,externalRemarks,externalLabDataQF
"f37b6f09-9720-426c-814b-7635b5df9f29","D06","KING","KING.AOS.reach","2018-04-03","KING.RE.20180403.POM.1",,"condition ok","SIRFER Lab at University of Utah","2018-08-02","ElFtGy1kV49xqNP00HfxQA==","POM","1",500,25,100,"carbon",384.10,"microgramsPerLiter","Revesz & Coplen 2012a",,
"36c267e4-4f75-41f7-b02e-b51baf0d2322","D06","KING","KING.AOS.reach","2018-04-03","KING.RE.20180403.POM.1",,"condition ok","SIRFER Lab at University of Utah","2018-08-02","ElFtGy1kV49xqNP00HfxQA==","POM","1",500,25,100,"nitrogen",52.98,"microgramsPerLiter","Revesz & Coplen 2012a",,
"643429ec-947d-4c98-b8c5-9b7a9f601788","D06","KING","KING.AOS.reach","2018-04-03","KING.RE.20180403.POM.1",,"condition ok","SIRFER Lab at University of Utah","2018-08-02","ElFtGy1kV49xqNP00HfxQA==","POM","1",500,25,100,"d13C",-32.53,"perMill","Revesz & Coplen 2012a",,
"522757d6-6667-4fdd-afb5-8f394ec5ea46","D06","KING","KING.AOS.reach","2018-04-03","KING.RE.20180403.POM.1",,"condition ok","SIRFER Lab at University of Utah","2018-08-02","ElFtGy1kV49xqNP00HfxQA==","POM","1",500,25,100,"d15N",11.48,"perMill","Revesz & Coplen 2012a",,
"62ce303e-17a7-45b0-b572-b6b4e058063d","D06","KING","KING.AOS.reach","2018-04-10","KING.RE.20180410.POM.1","A00000010622","condition ok","SIRFER Lab at University of Utah","2018-08-02","ElFtGy1kV49xqNP00HfxQA==","POM","1",500,25,100,"nitrogen",57.66,"microgramsPerLiter","Revesz & Coplen 2012a",,
"299054af-062e-4786-8bbe-1b357201cd74","D06","KING","KING.AOS.reach","2018-04-10","KING.RE.20180410.POM.1","A00000010622","condition ok","SIRFER Lab at University of Utah","2018-08-02","ElFtGy1kV49xqNP00HfxQA==","POM","1",500,25,100,"carbon",358.95,"microgramsPerLiter","Revesz & Coplen 2012a",,
"57e07e60-2a52-4125-8b82-9b9dba63fe18","D06","KING","KING.AOS.reach","2018-04-10","KING.RE.20180410.POM.1","A00000010622","condition ok","SIRFER Lab at University of Utah","2018-08-02","ElFtGy1kV49xqNP00HfxQA==","POM","1",500,25,100,"d13C",-34.15,"perMill","Revesz & Coplen 2012a",,
"ab82cd85-fab9-46b1-b002-edbe738544ad","D06","KING","KING.AOS.reach","2018-04-10","KING.RE.20180410.POM.1","A00000010622","condition ok","SIRFER Lab at University of Utah","2018-08-02","ElFtGy1kV49xqNP00HfxQA==","POM","1",500,25,100,"d15N",4.69,"perMill","Revesz & Coplen 2012a",,
"a870b876-b274-4e69-80e6-b3d63701a7ce","D06","KING","KING.AOS.reach","2018-04-16","KING.RE.20180416.POM.1","A00000010605","condition ok","SIRFER Lab at University of Utah","2018-08-02","ElFtGy1kV49xqNP00HfxQA==","POM","1",500,25,100,"d13C",-28.27,"perMill","Revesz & Coplen 2012a",,
"406bf666-aa10-42a8-949a-253eb69d31ad","D06","KING","KING.AOS.reach","2018-04-16","KING.RE.20180416.POM.1","A00000010605","condition ok","SIRFER Lab at University of Utah","2018-08-02","ElFtGy1kV49xqNP00HfxQA==","POM","1",500,25,100,"d15N",2.65,"perMill","Revesz & Coplen 2012a",,
"6f52485a-a32a-49e7-b223-9d3b7069c76c","D06","KING","KING.AOS.reach","2018-04-16","KING.RE.20180416.POM.1","A00000010605","condition ok","SIRFER Lab at University of Utah","2018-08-02","ElFtGy1kV49xqNP00HfxQA==","POM","1",500,25,100,"carbon",270.72,"microgramsPerLiter","Revesz & Coplen 2012a",,
"caccd5e9-8249-4448-ad98-dffe1e3a0b7e","D06","KING","KING.AOS.reach","2018-04-16","KING.RE.20180416.POM.1","A00000010605","condition ok","SIRFER Lab at University of Utah","2018-08-02","ElFtGy1kV49xqNP00HfxQA==","POM","1",500,25,100,"nitrogen",34.53,"microgramsPerLiter","Revesz & Coplen 2012a",,
"a4d10a04-fe5e-4fe2-b9b5-5ba53495768e","D06","KING","KING.AOS.reach","2018-04-23","KING.RE.20180423.POM.1","A00000010596","condition ok","SIRFER Lab at University of Utah","2018-08-02","ElFtGy1kV49xqNP00HfxQA==","POM","1",425,25,100,"nitrogen",71.88,"microgramsPerLiter","Revesz & Coplen 2012a",,
"cd27e1ea-129f-484a-adef-18dc11845677","D06","KING","KING.AOS.reach","2018-04-23","KING.RE.20180423.POM.1","A00000010596","condition ok","SIRFER Lab at University of Utah","2018-08-02","ElFtGy1kV49xqNP00HfxQA==","POM","1",425,25,100,"d15N",3.72,"perMill","Revesz & Coplen 2012a",,
"67f5b0a5-31ba-47eb-b1ad-59060bd3688d","D06","KING","KING.AOS.reach","2018-04-23","KING.RE.20180423.POM.1","A00000010596","condition ok","SIRFER Lab at University of Utah","2018-08-02","ElFtGy1kV49xqNP00HfxQA==","POM","1",425,25,100,"carbon",428.62,"microgramsPerLiter","Revesz & Coplen 2012a",,
"8323d6f9-ebe2-4d61-af20-ab8a6d60a069","D06","KING","KING.AOS.reach","2018-04-23","KING.RE.20180423.POM.1","A00000010596","condition ok","SIRFER Lab at University of Utah","2018-08-02","ElFtGy1kV49xqNP00HfxQA==","POM","1",425,25,100,"d13C",-31.82,"perMill","Revesz & Coplen 2012a",,
