uid,domainID,siteID,namedLocation,decimalLatitude,decimalLongitude,coordinateUncertainty,additionalCoordUncertainty,elevation,elevationUncertainty,geodeticDatum,altLocation,altLatitude,altLongitude,altCoordinateUncertainty,altGeodeticDatum,collectDate,aquaticSiteType,samplingImpractical,parentSampleID,parentSampleCode,eventID,samplerType,dissolvedOxygen,dissolvedOxygenSaturation,specificConductance,waterTemp,asiSamplingProtocolVersion,lowerSegmentDepth,upperSegmentDepth,maxDepth,lakeSampleDepth1,lakeSampleDepth2,aCollectedBy,bCollectedBy,remarks,fieldDataQF
"b013f96c-870c-4cd5-9885-63b68048ed14","D06","KING","KING.AOS.reach",39.105061,-96.603829,10.0,,324.4,10.0,"WGS84","507 m downstream from SS location",39.105554,-96.605017,0.7,"WGS84","2018-04-03T16:05Z","stream",,"KING.RE.20180403",,"KING.20180403","Grab",5.76,54.00,660.00,9.80,"NEON.DOC.001886vF",,,,,,"jkukulski@battelleecology.org","egawanda@battelleecology.org",,
"4696a2a5-544d-460d-9942-92594875b9dd","D06","KING","KING.AOS.reach",39.105061,-96.603829,10.0,,324.4,10.0,"WGS84","507m downstream from SS location",39.105554,-96.605017,0.7,"WGS84","2018-04-10T17:00Z","stream",,"KING.RE.20180410",,"KING.20180410","Grab",7.34,67.80,668.00,10.30,"NEON.DOC.001886vF",,,,,,"jcoats@battelleecology.org","jflavin@battelleecology.org",,
"5a465094-08a5-41dc-af41-4f78dc4f74a8","D06","KING","KING.AOS.reach",39.105061,-96.603829,10.0,,324.4,10.0,"WGS84","507 m downstream from SS location",39.105554,-96.605017,0.7,"WGS84","2018-04-16T13:26Z","stream",,"KING.RE.20180416",,"KING.20180416","Grab",6.29,55.00,660.00,8.30,"NEON.DOC.001886vF",,,,,,"jkukulski@battelleecology.org","egawanda@battelleecology.org",,
"ed0d3252-c11a-4e0f-8afc-b1dc41ec9dab","D06","KING","KING.AOS.reach",39.105061,-96.603829,10.0,,324.4,10.0,"WGS84","507m downstream from SS location",39.105554,-96.605017,0.7,"WGS84","2018-04-23T14:20Z","stream",,"KING.RE.20180423",,"KING.20180423","Grab",4.93,47.80,654.00,12.80,"NEON.DOC.001886vF",,,,,,"jkukulski@battelleecology.org","egawanda@battelleecology.org",,
