uid,domainID,siteID,namedLocation,collectDate,analysisDate,isotopeH2OSampleID,isotopeH2OSampleCode,instrumentSN,d18OWater,d2HWater,d18OsdWater,d2HsdWater,isotopeH2OExternalLabQF,laboratoryName,analyzedBy,sampleCondition,externalRemarks,externalLabDataQF
"4c2ed087-b07f-4703-8980-5425ce7219b0","D06","KING","KING.AOS.reach","2018-04-03","2018-05-24","KING.RE.20180403.H2O.1",,"HIDS2046",-6.11,-38.39,0.05,0.15,0,"SIRFER Lab at University of Utah","OlSmE6RRn5QQH8tvUHmK5i/poYiQr6sd","OK",,
"e6f719bd-23d6-41ab-a08c-32f06b99a722","D06","KING","KING.AOS.reach","2018-04-10","2018-05-24","KING.RE.20180410.H2O.1","A00000010624","HIDS2046",-6.05,-38.46,0.03,0.08,0,"SIRFER Lab at University of Utah","OlSmE6RRn5QQH8tvUHmK5i/poYiQr6sd","OK",,
"587ec932-d5ee-4f7f-9897-e6d6e811dc2a","D06","KING","KING.AOS.reach","2018-04-16","2018-05-24","KING.RE.20180416.H2O.1","A00000010620","HIDS2046",-6.05,-38.53,0.01,0.13,0,"SIRFER Lab at University of Utah","OlSmE6RRn5QQH8tvUHmK5i/poYiQr6sd","OK",,
"b57655a5-8606-43b7-986e-f8909b7fac2c","D06","KING","KING.AOS.reach","2018-04-23","2018-05-24","KING.RE.20180423.H2O.1","A00000010600","HIDS2046",-6.08,-38.89,0.07,0.25,0,"SIRFER Lab at University of Utah","OlSmE6RRn5QQH8tvUHmK5i/poYiQr6sd","OK",,
