uid,domainID,siteID,namedLocation,collectDate,parentSampleID,parentSampleCode,isotopeH2OSampleCond,isotopeH2OSampleID,isotopeH2OSampleCode,isotopePOMRep2SampleCond,isotopePOMRep2SampleID,isotopePOMRep2SampleCode,isotopePOMSampleCond,isotopePOMSampleID,isotopePOMSampleCode,processedDateFilters,processedDateH2OIsotopes,sampleVolumeFilteredPOMRep1,sampleVolumeFilteredPOMRep2,fieldDataQF
"5de0c7bf-d73a-4c4a-85ef-3d2d5010f778","D06","KING","KING.AOS.reach","2018-04-03T16:05Z","KING.RE.20180403",,"Sample condition ok","KING.RE.20180403.H2O.1",,"Sample condition ok","KING.RE.20180403.POM.2",,"Sample condition ok","KING.RE.20180403.POM.1",,"2018-04-03T17:49Z","2018-04-03T17:18Z",500,500,
"d5acb3c4-3e4f-46c9-adbf-87162907e4c7","D06","KING","KING.AOS.reach","2018-04-10T17:00Z","KING.RE.20180410",,"Sample condition ok","KING.RE.20180410.H2O.1","A00000010624","Sample condition ok","KING.RE.20180410.POM.2","A00000010621","Sample condition ok","KING.RE.20180410.POM.1","A00000010622","2018-04-10T18:50Z","2018-04-10T18:31Z",500,500,
"77e90911-4db8-4138-8b80-93e9ba959e5f","D06","KING","KING.AOS.reach","2018-04-16T13:26Z","KING.RE.20180416",,"Sample condition ok","KING.RE.20180416.H2O.1","A00000010620","Sample condition ok","KING.RE.20180416.POM.2","A00000010604","Sample condition ok","KING.RE.20180416.POM.1","A00000010605","2018-04-16T14:40Z","2018-04-16T14:40Z",500,500,
"d678a8ef-e69f-45d8-a244-83defb274460","D06","KING","KING.AOS.reach","2018-04-23T14:20Z","KING.RE.20180423",,"Sample condition ok","KING.RE.20180423.H2O.1","A00000010600","Sample condition ok","KING.RE.20180423.POM.2","A00000010595","Sample condition ok","KING.RE.20180423.POM.1","A00000010596","2018-04-23T15:51Z","2018-04-23T15:36Z",425,430,
