uid,domainID,siteID,namedLocation,collectDate,sampleID,sampleCode,sampleCondition,laboratoryName,analysisDate,analyzedBy,sampleType,replicate,sampleVolumeFiltered,filterSize,percentFilterAnalyzed,analyte,analyteConcentration,plantAlgaeLabUnits,method,externalRemarks,externalLabDataQF
"6f3ab922-1169-4d71-a6e0-bdfe0e77e94a","D03","BARC","BARC.AOS.buoy.c0","2018-04-02","BARC.C0.20180402.POM.1",,"condition ok","SIRFER Lab at University of Utah","2018-07-28","ElFtGy1kV49xqNP00HfxQA==","POM","1",400,25,100,"d13C",-27.43,"perMill","Revesz & Coplen 2012a",,
"cf5e7255-12ab-4d1d-bbd6-f54fea86f8c6","D03","BARC","BARC.AOS.buoy.c0","2018-04-02","BARC.C0.20180402.POM.1",,"condition ok","SIRFER Lab at University of Utah","2018-07-28","ElFtGy1kV49xqNP00HfxQA==","POM","1",400,25,100,"carbon",444.33,"microgramsPerLiter","Revesz & Coplen 2012a",,
"cbed9f03-0aab-4696-8a32-dab9cac25b20","D03","BARC","BARC.AOS.buoy.c0","2018-04-02","BARC.C0.20180402.POM.1",,"condition ok","SIRFER Lab at University of Utah","2018-07-28","ElFtGy1kV49xqNP00HfxQA==","POM","1",400,25,100,"d15N",2.11,"perMill","Revesz & Coplen 2012a",,
"7f0a5eba-d252-4d61-948d-4cc4bcd329ee","D03","BARC","BARC.AOS.buoy.c0","2018-04-02","BARC.C0.20180402.POM.1",,"condition ok","SIRFER Lab at University of Utah","2018-07-28","ElFtGy1kV49xqNP00HfxQA==","POM","1",400,25,100,"nitrogen",45.24,"microgramsPerLiter","Revesz & Coplen 2012a",,
"703881f6-2ba6-4536-91bf-e1950ce1fcc9","D03","BARC","BARC.AOS.buoy.c0","2018-04-30","BARC.C0.20180430.POM.1","A00000003847","condition ok","SIRFER Lab at University of Utah","2018-07-28","ElFtGy1kV49xqNP00HfxQA==","POM","1",300,25,100,"d15N",2.91,"perMill","Revesz & Coplen 2012a",,
"9c8d7411-b8c4-46ce-8188-636df1a4bd3d","D03","BARC","BARC.AOS.buoy.c0","2018-04-30","BARC.C0.20180430.POM.1","A00000003847","condition ok","SIRFER Lab at University of Utah","2018-07-28","ElFtGy1kV49xqNP00HfxQA==","POM","1",300,25,100,"nitrogen",46.26,"microgramsPerLiter","Revesz & Coplen 2012a",,
"9355e2a2-7934-4eab-96b6-c856586412d0","D03","BARC","BARC.AOS.buoy.c0","2018-04-30","BARC.C0.20180430.POM.1","A00000003847","condition ok","SIRFER Lab at University of Utah","2018-07-28","ElFtGy1kV49xqNP00HfxQA==","POM","1",300,25,100,"d13C",-32.09,"perMill","Revesz & Coplen 2012a",,
"caedf39b-93b0-4d95-89d7-1329487a2724","D03","BARC","BARC.AOS.buoy.c0","2018-04-30","BARC.C0.20180430.POM.1","A00000003847","condition ok","SIRFER Lab at University of Utah","2018-07-28","ElFtGy1kV49xqNP00HfxQA==","POM","1",300,25,100,"carbon",352.59,"microgramsPerLiter","Revesz & Coplen 2012a",,
