uid,domainID,siteID,namedLocation,collectDate,sampleID,sampleCode,sampleCondition,laboratoryName,analysisDate,analyzedBy,sampleType,replicate,sampleVolumeFiltered,filterSize,percentFilterAnalyzed,analyte,analyteConcentration,plantAlgaeLabUnits,method,externalRemarks,externalLabDataQF
"2d09ce9f-d1a7-43a8-9430-3c257edcb192","D02","POSE","POSE.AOS.S2","2015-07-14","POSE.SS.20150714.POM.2",,"condition ok","Academy of Natural Sciences of Drexel University","2016-03-29","OKgcKejxXbI=","13C15N","2",,,100,"d15N",3.70,"perMill",,,
"4f8b279b-de9f-42c9-bdd1-811d534c5741","D02","POSE","POSE.AOS.S2","2015-07-14","POSE.SS.20150714.POM.1",,"condition ok","Academy of Natural Sciences of Drexel University","2016-03-29","OKgcKejxXbI=","13C15N","1",100,25,100,"d13C",-27.76,"perMill",,,"Audit Failed. Document: A00036_DREX_AlgalChem_DocAudit_20170407.pdf & A00036_DREX_AlgalChem_VisitAudit_20170407.pdf"
"21a82007-8e99-43fb-821d-012b37c8b42f","D02","POSE","POSE.AOS.S2","2015-07-14","POSE.SS.20150714.POM.2",,"condition ok","Academy of Natural Sciences of Drexel University","2016-03-29","OKgcKejxXbI=","13C15N","2",100,25,100,"d13C",-27.75,"perMill",,,"Audit Failed. Document: A00036_DREX_AlgalChem_DocAudit_20170407.pdf & A00036_DREX_AlgalChem_VisitAudit_20170407.pdf"
"d514fcde-5b5e-440b-8048-3091687a3ea3","D02","POSE","POSE.AOS.S2","2015-07-14","POSE.SS.20150714.POM.2",,"condition ok","Academy of Natural Sciences of Drexel University","2016-03-29","OKgcKejxXbI=","13C15N","2",100,25,100,"d15N",3.70,"perMill",,,"Audit Failed. Document: A00036_DREX_AlgalChem_DocAudit_20170407.pdf & A00036_DREX_AlgalChem_VisitAudit_20170407.pdf"
"4acb668d-1824-47e6-b5d7-1e290512b3aa","D02","POSE","POSE.AOS.S2","2015-07-14","POSE.SS.20150714.POM.1",,"condition ok","Academy of Natural Sciences of Drexel University","2016-03-29","OKgcKejxXbI=","13C15N","1",100,25,100,"d15N",3.72,"perMill",,,"Audit Failed. Document: A00036_DREX_AlgalChem_DocAudit_20170407.pdf & A00036_DREX_AlgalChem_VisitAudit_20170407.pdf"
"263131fe-3676-4b16-9976-a00711b9044e","D02","POSE","POSE.AOS.S2","2015-07-14","POSE.SS.20150714.POM.1",,"condition ok","Academy of Natural Sciences of Drexel University","2016-03-29","OKgcKejxXbI=","13C15N","1",,,100,"d13C",-27.76,"perMill",,,
"e9d06688-144f-4149-8954-416f052348b0","D02","POSE","POSE.AOS.S2","2015-07-14","POSE.SS.20150714.POM.2",,"condition ok","Academy of Natural Sciences of Drexel University","2016-03-29","OKgcKejxXbI=","13C15N","2",,,100,"d13C",-27.75,"perMill",,,
"22f07ef0-1bf4-4506-9ad1-4fc849abe442","D02","POSE","POSE.AOS.S2","2015-07-14","POSE.SS.20150714.POM.1",,"condition ok","Academy of Natural Sciences of Drexel University","2016-03-29","OKgcKejxXbI=","13C15N","1",,,100,"d15N",3.72,"perMill",,,
