uid,domainID,siteID,namedLocation,collectDate,sampleID,sampleCode,sampleCondition,laboratoryName,analysisDate,analyzedBy,sampleType,replicate,sampleVolumeFiltered,filterSize,percentFilterAnalyzed,analyte,analyteConcentration,plantAlgaeLabUnits,method,externalRemarks,externalLabDataQF
"0fad6cfc-d325-429f-bbfa-8d74dc0673b1","D18","TOOK","TOOK.AOS.buoy.c0","2017-11-07","TOOK.C0.20171107.POM.1",,"condition ok","SIRFER Lab at University of Utah","2018-08-01","ElFtGy1kV49xqNP00HfxQA==","POM","1",750,25,100,"carbon",267.08,"microgramsPerLiter","Revesz & Coplen 2012a",,
"e7060d02-e5fd-4438-ad90-11d7c2d1046d","D18","TOOK","TOOK.AOS.buoy.c0","2017-11-07","TOOK.C0.20171107.POM.1",,"condition ok","SIRFER Lab at University of Utah","2018-08-01","ElFtGy1kV49xqNP00HfxQA==","POM","1",750,25,100,"d15N",3.19,"perMill","Revesz & Coplen 2012a",,
"f17237a7-de60-4f8e-8dd2-f56a70f35371","D18","TOOK","TOOK.AOS.buoy.c0","2017-11-07","TOOK.C0.20171107.POM.1",,"condition ok","SIRFER Lab at University of Utah","2018-08-01","ElFtGy1kV49xqNP00HfxQA==","POM","1",750,25,100,"d13C",-31.61,"perMill","Revesz & Coplen 2012a",,
"c1988c36-8099-47d0-a381-88dd64072f1a","D18","TOOK","TOOK.AOS.buoy.c0","2017-11-07","TOOK.C0.20171107.POM.1",,"condition ok","SIRFER Lab at University of Utah","2018-08-01","ElFtGy1kV49xqNP00HfxQA==","POM","1",750,25,100,"nitrogen",35.23,"microgramsPerLiter","Revesz & Coplen 2012a",,
