uid,domainID,siteID,namedLocation,collectDate,sampleID,sampleCode,sampleCondition,laboratoryName,analysisDate,analyzedBy,sampleType,replicate,sampleVolumeFiltered,filterSize,percentFilterAnalyzed,analyte,analyteConcentration,plantAlgaeLabUnits,method,externalRemarks,externalLabDataQF
"1739e8c9-c67d-47d1-b088-1f873ab926d8","D04","GUIL","GUIL.AOS.S2","2016-12-13","GUIL.SS.20161213.POM.2",,"other","Academy of Natural Sciences of Drexel University","2017-06-14","OKgcKejxXbI=","13C15N","2",,,100,"d15N",,"perMill",,"analysis corrupted during run",
"7b122c24-5aef-49d0-8e5d-630b39856012","D04","GUIL","GUIL.AOS.S2","2016-12-13","GUIL.SS.20161213.POM.2",,"other","Academy of Natural Sciences of Drexel University","2017-06-14","OKgcKejxXbI=","13C15N","2",,,100,"d13C",,"perMill",,"analysis corrupted during run",
"d5d1532a-2bb5-4f8b-9db0-86db20a7b08d","D04","GUIL","GUIL.AOS.S2","2016-12-13","GUIL.SS.20161213.POM.1",,"condition ok","Academy of Natural Sciences of Drexel University","2017-05-25","OKgcKejxXbI=","13C15N","1",,,100,"d13C",-27.57,"perMill",,,
"e5442227-1761-4e5f-b4cc-f8f42952193a","D04","GUIL","GUIL.AOS.S2","2016-12-13","GUIL.SS.20161213.POM.1",,"condition ok","Academy of Natural Sciences of Drexel University","2017-05-25","OKgcKejxXbI=","13C15N","1",,,100,"d15N",2.50,"perMill",,,
