uid,domainID,siteID,namedLocation,collectDate,sampleID,sampleCode,sampleCondition,laboratoryName,analysisDate,analyzedBy,sampleType,replicate,sampleVolumeFiltered,filterSize,percentFilterAnalyzed,analyte,analyteConcentration,plantAlgaeLabUnits,method,externalRemarks,externalLabDataQF
"7405b646-e93b-4ad1-9179-d7c2fd9ce0c8","D06","KING","KING.AOS.reach","2018-09-04","KING.RE.20180904.POM.1","A00000041292","condition ok","SIRFER Lab at University of Utah","2018-10-16","ElFtGy1kV49xqNP00HfxQA==","POM","1",350,25,100,"d15N",2.92,"perMill","Revesz & Coplen 2012a",,
"0a48ce98-6465-46d2-9029-5a09e907a769","D06","KING","KING.AOS.reach","2018-09-04","KING.RE.20180904.POM.1","A00000041292","condition ok","SIRFER Lab at University of Utah","2018-10-16","ElFtGy1kV49xqNP00HfxQA==","POM","1",350,25,100,"nitrogen",39.68,"microgramsPerLiter","Revesz & Coplen 2012a",,
"0b7bfbe7-948d-4139-872d-683d0af091dc","D06","KING","KING.AOS.reach","2018-09-04","KING.RE.20180904.POM.1","A00000041292","condition ok","SIRFER Lab at University of Utah","2018-10-16","ElFtGy1kV49xqNP00HfxQA==","POM","1",350,25,100,"d13C",-25.71,"perMill","Revesz & Coplen 2012a",,
"95d46546-5b02-4c72-845c-2b26514eafbd","D06","KING","KING.AOS.reach","2018-09-04","KING.RE.20180904.POM.1","A00000041292","condition ok","SIRFER Lab at University of Utah","2018-10-16","ElFtGy1kV49xqNP00HfxQA==","POM","1",350,25,100,"carbon",260.38,"microgramsPerLiter","Revesz & Coplen 2012a",,
