uid,domainID,siteID,namedLocation,collectDate,sampleID,sampleCode,sampleCondition,laboratoryName,analysisDate,analyzedBy,sampleType,replicate,sampleVolumeFiltered,filterSize,percentFilterAnalyzed,analyte,analyteConcentration,plantAlgaeLabUnits,method,externalRemarks,externalLabDataQF
"26d05fad-f41b-4dde-a678-3b264ea35f35","D08","BLWA","BLWA.AOS.buoy.c0","2019-02-14","BLWA.C0.20190214.POM.1","A00000048015","condition ok","SIRFER Lab at University of Utah","2019-04-18","ElFtGy1kV49xqNP00HfxQA==","POM","1",100,25,100,"carbon",1359.86,"microgramsPerLiter","Revesz & Coplen 2012a",,
"f5fca9c8-574f-4513-bf4e-391d1361df0f","D08","BLWA","BLWA.AOS.buoy.c0","2019-02-14","BLWA.C0.20190214.POM.1","A00000048015","condition ok","SIRFER Lab at University of Utah","2019-04-18","ElFtGy1kV49xqNP00HfxQA==","POM","1",100,25,100,"nitrogen",155.78,"microgramsPerLiter","Revesz & Coplen 2012a",,
"2d26b565-cc4a-454f-a6c5-9c02b451c1f0","D08","BLWA","BLWA.AOS.buoy.c0","2019-02-14","BLWA.C0.20190214.POM.1","A00000048015","condition ok","SIRFER Lab at University of Utah","2019-04-18","ElFtGy1kV49xqNP00HfxQA==","POM","1",100,25,100,"d15N",7.20,"perMill","Revesz & Coplen 2012a",,
"e879a875-3eb5-4411-9f3d-b2a0ceee44e6","D08","BLWA","BLWA.AOS.buoy.c0","2019-02-14","BLWA.C0.20190214.POM.1","A00000048015","condition ok","SIRFER Lab at University of Utah","2019-04-18","ElFtGy1kV49xqNP00HfxQA==","POM","1",100,25,100,"d13C",-27.01,"perMill","Revesz & Coplen 2012a",,
"7439cccf-5be9-4133-bbe5-574761bfcbc7","D08","BLWA","BLWA.AOS.buoy.c0","2019-02-18","BLWA.C0.20190218.POM.1","A00000048018","condition ok","SIRFER Lab at University of Utah","2019-04-18","ElFtGy1kV49xqNP00HfxQA==","POM","1",100,25,100,"d13C",-28.63,"perMill","Revesz & Coplen 2012a",,
"9d52f108-edec-4adc-9ca4-1ebf0aad7072","D08","BLWA","BLWA.AOS.buoy.c0","2019-02-18","BLWA.C0.20190218.POM.1","A00000048018","condition ok","SIRFER Lab at University of Utah","2019-04-18","ElFtGy1kV49xqNP00HfxQA==","POM","1",100,25,100,"d15N",9.15,"perMill","Revesz & Coplen 2012a",,
"d39456e2-4e63-4705-85b3-3fc88000c82d","D08","BLWA","BLWA.AOS.buoy.c0","2019-02-18","BLWA.C0.20190218.POM.1","A00000048018","condition ok","SIRFER Lab at University of Utah","2019-04-18","ElFtGy1kV49xqNP00HfxQA==","POM","1",100,25,100,"carbon",750.92,"microgramsPerLiter","Revesz & Coplen 2012a",,
"248bd2a2-f39e-4f01-9e24-46bcc7ff3a72","D08","BLWA","BLWA.AOS.buoy.c0","2019-02-18","BLWA.C0.20190218.POM.1","A00000048018","condition ok","SIRFER Lab at University of Utah","2019-04-18","ElFtGy1kV49xqNP00HfxQA==","POM","1",100,25,100,"nitrogen",83.24,"microgramsPerLiter","Revesz & Coplen 2012a",,
