uid,domainID,siteID,namedLocation,collectDate,sampleID,sampleCode,sampleCondition,laboratoryName,analysisDate,analyzedBy,sampleType,replicate,sampleVolumeFiltered,filterSize,percentFilterAnalyzed,analyte,analyteConcentration,plantAlgaeLabUnits,method,externalRemarks,externalLabDataQF
"7fed9c25-33e2-427d-810b-3747f3eb0fbc","D02","POSE","POSE.AOS.S2","2018-06-05","POSE.SS.20180605.POM.1","A00000002649","condition ok","SIRFER Lab at University of Utah","2018-08-13","ElFtGy1kV49xqNP00HfxQA==","POM","1",400,25,100,"d13C",-27.45,"perMill","Revesz & Coplen 2012a",,
"7f2bbbaa-f2ea-4578-98bd-9f9b12e1a01d","D02","POSE","POSE.AOS.S2","2018-06-05","POSE.SS.20180605.POM.1","A00000002649","condition ok","SIRFER Lab at University of Utah","2018-08-13","ElFtGy1kV49xqNP00HfxQA==","POM","1",400,25,100,"d15N",4.06,"perMill","Revesz & Coplen 2012a",,
"39897311-6c53-4249-82fe-d9cbec863bee","D02","POSE","POSE.AOS.S2","2018-06-05","POSE.SS.20180605.POM.1","A00000002649","condition ok","SIRFER Lab at University of Utah","2018-08-13","ElFtGy1kV49xqNP00HfxQA==","POM","1",400,25,100,"nitrogen",56.75,"microgramsPerLiter","Revesz & Coplen 2012a",,
"40fdfaa9-113e-4448-b097-c2ab0c38518c","D02","POSE","POSE.AOS.S2","2018-06-05","POSE.SS.20180605.POM.1","A00000002649","condition ok","SIRFER Lab at University of Utah","2018-08-13","ElFtGy1kV49xqNP00HfxQA==","POM","1",400,25,100,"carbon",641.48,"microgramsPerLiter","Revesz & Coplen 2012a",,
"b94fa108-f569-4f6b-a0dd-515427d407d2","D02","POSE","POSE.AOS.S2","2018-06-12","POSE.SS.20180612.POM.1","A00000002672","condition ok","SIRFER Lab at University of Utah","2018-08-13","ElFtGy1kV49xqNP00HfxQA==","POM","1",200,25,100,"nitrogen",122.87,"microgramsPerLiter","Revesz & Coplen 2012a",,
"33fb902f-e1f4-4e55-9137-a41492952c7d","D02","POSE","POSE.AOS.S2","2018-06-12","POSE.SS.20180612.POM.1","A00000002672","condition ok","SIRFER Lab at University of Utah","2018-08-13","ElFtGy1kV49xqNP00HfxQA==","POM","1",200,25,100,"d15N",-2.09,"perMill","Revesz & Coplen 2012a",,
"302c58d0-f742-45bd-bfdd-a21a96645724","D02","POSE","POSE.AOS.S2","2018-06-12","POSE.SS.20180612.POM.1","A00000002672","condition ok","SIRFER Lab at University of Utah","2018-08-13","ElFtGy1kV49xqNP00HfxQA==","POM","1",200,25,100,"d13C",-26.28,"perMill","Revesz & Coplen 2012a",,
"7d2b4b5c-45c1-430d-87d7-ee1fa1e81efd","D02","POSE","POSE.AOS.S2","2018-06-12","POSE.SS.20180612.POM.1","A00000002672","condition ok","SIRFER Lab at University of Utah","2018-08-13","ElFtGy1kV49xqNP00HfxQA==","POM","1",200,25,100,"carbon",722.85,"microgramsPerLiter","Revesz & Coplen 2012a",,
