uid,domainID,siteID,namedLocation,collectDate,sampleID,sampleCode,sampleCondition,laboratoryName,analysisDate,analyzedBy,sampleType,replicate,sampleVolumeFiltered,filterSize,percentFilterAnalyzed,analyte,analyteConcentration,plantAlgaeLabUnits,method,externalRemarks,externalLabDataQF
"dd8fb32e-af29-45d8-bb75-fc4bb449a017","D11","PRIN","PRIN.AOS.S2","2017-09-05","PRIN.SS.20170905.POM.1",,"condition ok","SIRFER Lab at University of Utah","2018-04-20","ElFtGy1kV49xqNP00HfxQA==","POM","1",500,25,100,"nitrogen",21.98,"microgramsPerLiter","Revesz & Coplen 2012a",,
"dcb9d7ff-b8e4-4677-a357-0e89a3d6a36e","D11","PRIN","PRIN.AOS.S2","2017-09-05","PRIN.SS.20170905.POM.1",,"condition ok","SIRFER Lab at University of Utah","2018-04-20","ElFtGy1kV49xqNP00HfxQA==","POM","1",500,25,100,"d15N",12.27,"perMill","Revesz & Coplen 2012a",,
"1f5c349e-2f36-42a2-a199-a5750d32e4a4","D11","PRIN","PRIN.AOS.S2","2017-09-05","PRIN.SS.20170905.POM.1",,"condition ok","SIRFER Lab at University of Utah","2018-04-20","ElFtGy1kV49xqNP00HfxQA==","POM","1",500,25,100,"d13C",-27.03,"perMill","Revesz & Coplen 2012a",,
"c669441f-d9f0-453a-9766-9f6e265544bd","D11","PRIN","PRIN.AOS.S2","2017-09-05","PRIN.SS.20170905.POM.1",,"condition ok","SIRFER Lab at University of Utah","2018-04-20","ElFtGy1kV49xqNP00HfxQA==","POM","1",500,25,100,"carbon",250.10,"microgramsPerLiter","Revesz & Coplen 2012a",,
"c57bad9a-8f67-49e0-b064-409f3878ad4c","D11","PRIN","PRIN.AOS.S2","2017-09-18","PRIN.SS.20170918.POM.1",,"condition ok","SIRFER Lab at University of Utah","2018-04-20","ElFtGy1kV49xqNP00HfxQA==","POM","1",150,25,100,"carbon",1370.27,"microgramsPerLiter","Revesz & Coplen 2012a",,
"a10baeef-6fdc-4e7c-b301-1a45598e2038","D11","PRIN","PRIN.AOS.S2","2017-09-18","PRIN.SS.20170918.POM.1",,"condition ok","SIRFER Lab at University of Utah","2018-04-20","ElFtGy1kV49xqNP00HfxQA==","POM","1",150,25,100,"nitrogen",134.30,"microgramsPerLiter","Revesz & Coplen 2012a",,
"c3f4bba2-e15c-4538-8357-f77721a24ae6","D11","PRIN","PRIN.AOS.S2","2017-09-18","PRIN.SS.20170918.POM.1",,"condition ok","SIRFER Lab at University of Utah","2018-04-20","ElFtGy1kV49xqNP00HfxQA==","POM","1",150,25,100,"d13C",-21.66,"perMill","Revesz & Coplen 2012a",,
"ade2f69c-b9af-4005-ad50-c401dba5d712","D11","PRIN","PRIN.AOS.S2","2017-09-18","PRIN.SS.20170918.POM.1",,"condition ok","SIRFER Lab at University of Utah","2018-04-20","ElFtGy1kV49xqNP00HfxQA==","POM","1",150,25,100,"d15N",8.87,"perMill","Revesz & Coplen 2012a",,
"44394a06-5928-4d26-a8c4-8d823db16a1c","D11","PRIN","PRIN.AOS.S2","2017-09-26","PRIN.SS.20170926.POM.1",,"condition ok","SIRFER Lab at University of Utah","2018-04-20","ElFtGy1kV49xqNP00HfxQA==","POM","1",150,25,100,"nitrogen",570.46,"microgramsPerLiter","Revesz & Coplen 2012a",,
"e78fe2da-4ee6-441b-bedd-10b01419618a","D11","PRIN","PRIN.AOS.S2","2017-09-26","PRIN.SS.20170926.POM.1",,"condition ok","SIRFER Lab at University of Utah","2018-04-20","ElFtGy1kV49xqNP00HfxQA==","POM","1",150,25,100,"carbon",2486.85,"microgramsPerLiter","Revesz & Coplen 2012a",,
"323a1070-90ff-4bc0-ba2d-54bd35c59e52","D11","PRIN","PRIN.AOS.S2","2017-09-26","PRIN.SS.20170926.POM.1",,"condition ok","SIRFER Lab at University of Utah","2018-04-20","ElFtGy1kV49xqNP00HfxQA==","POM","1",150,25,100,"d15N",11.39,"perMill","Revesz & Coplen 2012a",,
"b5f8f993-4205-40e7-a06a-e452d99277de","D11","PRIN","PRIN.AOS.S2","2017-09-26","PRIN.SS.20170926.POM.1",,"condition ok","SIRFER Lab at University of Utah","2018-04-20","ElFtGy1kV49xqNP00HfxQA==","POM","1",150,25,100,"d13C",-23.51,"perMill","Revesz & Coplen 2012a",,
