uid,domainID,siteID,namedLocation,collectDate,sampleID,sampleCode,sampleCondition,laboratoryName,analysisDate,analyzedBy,sampleType,replicate,sampleVolumeFiltered,filterSize,percentFilterAnalyzed,analyte,analyteConcentration,plantAlgaeLabUnits,method,externalRemarks,externalLabDataQF
"64c03f96-8933-4717-a7c1-57b2c647d3c4","D09","PRPO","PRPO.AOS.inlet","2015-09-01","PRPO.IN.20150901.POM.1",,"other","Academy of Natural Sciences of Drexel University","2017-01-31","OKgcKejxXbI=","13C15N","1",,,100,"d15N",7.12,"perMill",,"Difference in volume filtered, filter stained blue and folded poorly which led to spillage",
"514498fd-b181-41c0-9298-0ea224530b56","D09","PRPO","PRPO.AOS.inlet","2015-09-01","PRPO.IN.20150901.POM.2",,"other","Academy of Natural Sciences of Drexel University","2017-05-17","OKgcKejxXbI=","13C15N","2",,,100,"d15N",6.34,"perMill",,"Difference in volume filtered, filter stained blue and folded poorly which led to spillage",
"4c74e7db-570c-4037-9cd3-a5b2abfce420","D09","PRPO","PRPO.AOS.inlet","2015-09-01","PRPO.IN.20150901.POM.1",,"other","Academy of Natural Sciences of Drexel University","2017-01-31","OKgcKejxXbI=","13C15N","1",,,100,"d13C",-27.29,"perMill",,"Difference in volume filtered, filter stained blue and folded poorly which led to spillage",
"9de08ca5-af56-4dff-b7ca-851ed7d39733","D09","PRPO","PRPO.AOS.inlet","2015-09-01","PRPO.IN.20150901.POM.2",,"other","Academy of Natural Sciences of Drexel University","2017-05-17","OKgcKejxXbI=","13C15N","2",,,100,"d13C",-27.50,"perMill",,"Difference in volume filtered, filter stained blue and folded poorly which led to spillage",
"f344c656-881e-4bbf-8031-931d9452df7a","D09","PRPO","PRPO.AOS.buoy.c0","2015-09-01","PRPO.C0.20150901.POM.2",,"other","Academy of Natural Sciences of Drexel University","2017-05-17","OKgcKejxXbI=","13C15N","2",,,100,"d15N",8.01,"perMill",,"Difference in volume filtered, filter stained blue and folded poorly which led to spillage",
"29e773b3-f8a6-4516-b299-9577494f108a","D09","PRPO","PRPO.AOS.buoy.c0","2015-09-01","PRPO.C0.20150901.POM.1",,"other","Academy of Natural Sciences of Drexel University","2017-01-31","OKgcKejxXbI=","13C15N","1",,,100,"d13C",-27.38,"perMill",,"Difference in volume filtered, filter stained blue and folded poorly which led to spillage",
"809eea56-8ef2-4e46-9dc7-de237a3b78f5","D09","PRPO","PRPO.AOS.buoy.c0","2015-09-01","PRPO.C0.20150901.POM.2",,"other","Academy of Natural Sciences of Drexel University","2017-05-17","OKgcKejxXbI=","13C15N","2",,,100,"d13C",-26.86,"perMill",,"Difference in volume filtered, filter stained blue and folded poorly which led to spillage",
"d534f498-6a02-4622-8db7-3840604311e4","D09","PRPO","PRPO.AOS.buoy.c0","2015-09-01","PRPO.C0.20150901.POM.1",,"other","Academy of Natural Sciences of Drexel University","2017-01-31","OKgcKejxXbI=","13C15N","1",,,100,"d15N",10.28,"perMill",,"Difference in volume filtered, filter stained blue and folded poorly which led to spillage",
"37314bd7-4639-4011-9dbf-3cda6801765b","D09","PRPO","PRPO.AOS.outlet","2015-09-01","PRPO.OT.20150901.POM.2",,"other","Academy of Natural Sciences of Drexel University","2017-05-17","OKgcKejxXbI=","13C15N","2",,,50,"d13C",-28.32,"perMill",,"Difference in volume filtered, filter stained blue and folded poorly which led to spillage",
"bb69c3b4-2266-40b4-bc35-78123336e209","D09","PRPO","PRPO.AOS.outlet","2015-09-01","PRPO.OT.20150901.POM.1",,"other","Academy of Natural Sciences of Drexel University","2017-01-31","OKgcKejxXbI=","13C15N","1",,,100,"d15N",10.69,"perMill",,"Difference in volume filtered, filter stained blue and folded poorly which led to spillage",
"f09cce6c-ee24-432b-bf86-c4a6cac72d8b","D09","PRPO","PRPO.AOS.outlet","2015-09-01","PRPO.OT.20150901.POM.2",,"other","Academy of Natural Sciences of Drexel University","2017-05-17","OKgcKejxXbI=","13C15N","2",,,50,"d15N",8.20,"perMill",,"Difference in volume filtered, filter stained blue and folded poorly which led to spillage",
"60f7480d-3032-4819-9569-494b9607e074","D09","PRPO","PRPO.AOS.outlet","2015-09-01","PRPO.OT.20150901.POM.1",,"other","Academy of Natural Sciences of Drexel University","2017-01-31","OKgcKejxXbI=","13C15N","1",,,100,"d13C",,"perMill",,"Filter stained blue, sample maxed out collector",
