uid,domainID,siteID,namedLocation,collectDate,sampleID,sampleCode,sampleCondition,laboratoryName,analysisDate,analyzedBy,sampleType,replicate,sampleVolumeFiltered,filterSize,percentFilterAnalyzed,analyte,analyteConcentration,plantAlgaeLabUnits,method,externalRemarks,externalLabDataQF
"884d9852-aa26-4fbc-90a0-e3682f75c259","D03","SUGG","SUGG.AOS.buoy.c0","2019-04-11","SUGG.C0.20190411.POM.1","A00000037472","condition ok","SIRFER Lab at University of Utah","2019-09-19","ElFtGy1kV49xqNP00HfxQA==","POM","1",300,25,100,"nitrogen",62.56,"microgramsPerLiter","Revesz & Coplen 2012a",,
"c6762f5f-47c3-4972-a0c1-b248e3a480ec","D03","SUGG","SUGG.AOS.buoy.c0","2019-04-11","SUGG.C0.20190411.POM.1","A00000037472","condition ok","SIRFER Lab at University of Utah","2019-09-19","ElFtGy1kV49xqNP00HfxQA==","POM","1",300,25,100,"d15N",2.31,"perMill","Revesz & Coplen 2012a",,
"c4238cc5-4658-4262-8860-ca20d1a377c3","D03","SUGG","SUGG.AOS.buoy.c0","2019-04-11","SUGG.C0.20190411.POM.1","A00000037472","condition ok","SIRFER Lab at University of Utah","2019-09-19","ElFtGy1kV49xqNP00HfxQA==","POM","1",300,25,100,"d13C",-30.23,"perMill","Revesz & Coplen 2012a",,
"e32b7674-fdff-4c50-be81-f627767ba20d","D03","SUGG","SUGG.AOS.buoy.c0","2019-04-11","SUGG.C0.20190411.POM.1","A00000037472","condition ok","SIRFER Lab at University of Utah","2019-09-19","ElFtGy1kV49xqNP00HfxQA==","POM","1",300,25,100,"carbon",446.08,"microgramsPerLiter","Revesz & Coplen 2012a",,
