uid,domainID,siteID,namedLocation,collectDate,sampleID,sampleCode,sampleCondition,laboratoryName,analysisDate,analyzedBy,sampleType,replicate,sampleVolumeFiltered,filterSize,percentFilterAnalyzed,analyte,analyteConcentration,plantAlgaeLabUnits,method,externalRemarks,externalLabDataQF
"12906253-417f-4f7c-a370-a6b116be1a77","D16","MCRA","MCRA.AOS.S2","2018-08-28","MCRA.SS.20180828.POM.1",,"condition ok","SIRFER Lab at University of Utah","2018-11-13","ElFtGy1kV49xqNP00HfxQA==","POM","1",1500,25,100,"nitrogen",10.85,"microgramsPerLiter","Revesz & Coplen 2012a",,
"4c7088ad-5c77-4fd7-9a9b-7c4dc24266a9","D16","MCRA","MCRA.AOS.S2","2018-08-28","MCRA.SS.20180828.POM.1",,"condition ok","SIRFER Lab at University of Utah","2018-11-13","ElFtGy1kV49xqNP00HfxQA==","POM","1",1500,25,100,"d13C",-26.95,"perMill","Revesz & Coplen 2012a",,
"1368cc1b-5bdd-4859-8336-db72d03a6cdc","D16","MCRA","MCRA.AOS.S2","2018-08-28","MCRA.SS.20180828.POM.1",,"condition ok","SIRFER Lab at University of Utah","2018-11-13","ElFtGy1kV49xqNP00HfxQA==","POM","1",1500,25,100,"d15N",-3.03,"perMill","Revesz & Coplen 2012a",,
"148fbf1f-a44f-4f43-a77e-b618fc65dbf4","D16","MCRA","MCRA.AOS.S2","2018-08-28","MCRA.SS.20180828.POM.1",,"condition ok","SIRFER Lab at University of Utah","2018-11-13","ElFtGy1kV49xqNP00HfxQA==","POM","1",1500,25,100,"carbon",279.38,"microgramsPerLiter","Revesz & Coplen 2012a",,
