uid,domainID,siteID,namedLocation,collectDate,sampleID,sampleCode,sampleCondition,laboratoryName,analysisDate,analyzedBy,sampleType,replicate,sampleVolumeFiltered,filterSize,percentFilterAnalyzed,analyte,analyteConcentration,plantAlgaeLabUnits,method,externalRemarks,externalLabDataQF
"96a4dd1a-74a2-41c1-940c-e955dbde3ae9","D03","BARC","BARC.AOS.buoy.c0","2019-05-08","BARC.C0.20190508.POM.1","A00000037495","condition ok","SIRFER Lab at University of Utah","2019-09-19","ElFtGy1kV49xqNP00HfxQA==","POM","1",300,25,100,"d15N",2.15,"perMill","Revesz & Coplen 2012a",,
"53bf6bcd-4113-4990-8e14-2fd23c921de0","D03","BARC","BARC.AOS.buoy.c0","2019-05-08","BARC.C0.20190508.POM.1","A00000037495","condition ok","SIRFER Lab at University of Utah","2019-09-19","ElFtGy1kV49xqNP00HfxQA==","POM","1",300,25,100,"d13C",-32.26,"perMill","Revesz & Coplen 2012a",,
"16ac3c3e-5e75-4f68-8316-b64b11dc6a84","D03","BARC","BARC.AOS.buoy.c0","2019-05-08","BARC.C0.20190508.POM.1","A00000037495","condition ok","SIRFER Lab at University of Utah","2019-09-19","ElFtGy1kV49xqNP00HfxQA==","POM","1",300,25,100,"carbon",334.42,"microgramsPerLiter","Revesz & Coplen 2012a",,
"98758041-bab5-4274-87a1-31dbb517e6de","D03","BARC","BARC.AOS.buoy.c0","2019-05-08","BARC.C0.20190508.POM.1","A00000037495","condition ok","SIRFER Lab at University of Utah","2019-09-19","ElFtGy1kV49xqNP00HfxQA==","POM","1",300,25,100,"nitrogen",47.14,"microgramsPerLiter","Revesz & Coplen 2012a",,
