uid,domainID,siteID,namedLocation,collectDate,sampleID,sampleCode,sampleCondition,laboratoryName,analysisDate,analyzedBy,sampleType,replicate,sampleVolumeFiltered,filterSize,percentFilterAnalyzed,analyte,analyteConcentration,plantAlgaeLabUnits,method,externalRemarks,externalLabDataQF
"b94ba6a6-4b3d-493c-8d77-38a0b25fb89b","D03","SUGG","SUGG.AOS.buoy.c0","2017-10-03","SUGG.C0.20171003.POM.1",,"condition ok","SIRFER Lab at University of Utah","2018-03-28","ElFtGy1kV49xqNP00HfxQA==","POM","1",,,100,"d13C",-34.64,"perMill","Revesz & Coplen 2012a",,
"eb16a0d3-1793-4330-b7a4-f94d5dc1b315","D03","SUGG","SUGG.AOS.buoy.c0","2017-10-03","SUGG.C0.20171003.POM.1",,"condition ok","SIRFER Lab at University of Utah","2018-03-28","ElFtGy1kV49xqNP00HfxQA==","POM","1",,,100,"carbon",484.82,"microgramsPerLiter","Revesz & Coplen 2012a",,
"c33233e5-f653-49ab-a63c-b5260257ab00","D03","SUGG","SUGG.AOS.buoy.c0","2017-10-03","SUGG.C0.20171003.POM.1",,"condition ok","SIRFER Lab at University of Utah","2018-03-28","ElFtGy1kV49xqNP00HfxQA==","POM","1",,,100,"d15N",-2.22,"perMill","Revesz & Coplen 2012a",,
"14e4069a-1cea-4b68-928c-c170807b2656","D03","SUGG","SUGG.AOS.buoy.c0","2017-10-03","SUGG.C0.20171003.POM.1",,"condition ok","SIRFER Lab at University of Utah","2018-03-28","ElFtGy1kV49xqNP00HfxQA==","POM","1",,,100,"nitrogen",1113.60,"microgramsPerLiter","Revesz & Coplen 2012a",,
"a7d0ca6c-698a-460c-87f3-3ef79455ef23","D03","SUGG","SUGG.AOS.inlet","2017-10-03","SUGG.IN.20171003.POM.1",,"condition ok","SIRFER Lab at University of Utah","2018-03-28","ElFtGy1kV49xqNP00HfxQA==","POM","1",,,100,"carbon",440.84,"microgramsPerLiter","Revesz & Coplen 2012a",,
"0222209e-2fc6-4d02-bad7-c5ba78ced720","D03","SUGG","SUGG.AOS.inlet","2017-10-03","SUGG.IN.20171003.POM.1",,"condition ok","SIRFER Lab at University of Utah","2018-03-28","ElFtGy1kV49xqNP00HfxQA==","POM","1",,,100,"d15N",-0.82,"perMill","Revesz & Coplen 2012a",,
"f81010f9-5540-43e7-9f41-e802330076fd","D03","SUGG","SUGG.AOS.inlet","2017-10-03","SUGG.IN.20171003.POM.1",,"condition ok","SIRFER Lab at University of Utah","2018-03-28","ElFtGy1kV49xqNP00HfxQA==","POM","1",,,100,"d13C",-33.21,"perMill","Revesz & Coplen 2012a",,
"58700ba9-0899-44bb-8e3e-d8fe5bf0d844","D03","SUGG","SUGG.AOS.inlet","2017-10-03","SUGG.IN.20171003.POM.1",,"condition ok","SIRFER Lab at University of Utah","2018-03-28","ElFtGy1kV49xqNP00HfxQA==","POM","1",,,100,"nitrogen",1078.29,"microgramsPerLiter","Revesz & Coplen 2012a",,
"d947a877-5530-4c9d-9109-184eb921f60d","D03","SUGG","SUGG.AOS.outlet","2017-10-03","SUGG.OT.20171003.POM.1",,"condition ok","SIRFER Lab at University of Utah","2018-03-28","ElFtGy1kV49xqNP00HfxQA==","POM","1",,,100,"d13C",-33.93,"perMill","Revesz & Coplen 2012a",,
"da6953f9-44b8-4656-aaed-6e679192ca5c","D03","SUGG","SUGG.AOS.outlet","2017-10-03","SUGG.OT.20171003.POM.1",,"condition ok","SIRFER Lab at University of Utah","2018-03-28","ElFtGy1kV49xqNP00HfxQA==","POM","1",,,100,"nitrogen",1283.75,"microgramsPerLiter","Revesz & Coplen 2012a",,
"fbf9aef0-5496-4877-8a1d-654cd73f439f","D03","SUGG","SUGG.AOS.outlet","2017-10-03","SUGG.OT.20171003.POM.1",,"condition ok","SIRFER Lab at University of Utah","2018-03-28","ElFtGy1kV49xqNP00HfxQA==","POM","1",,,100,"carbon",443.82,"microgramsPerLiter","Revesz & Coplen 2012a",,
"3edd62c3-f4d0-439f-873f-350d25403b5a","D03","SUGG","SUGG.AOS.outlet","2017-10-03","SUGG.OT.20171003.POM.1",,"condition ok","SIRFER Lab at University of Utah","2018-03-28","ElFtGy1kV49xqNP00HfxQA==","POM","1",,,100,"d15N",-0.04,"perMill","Revesz & Coplen 2012a",,
