uid,domainID,siteID,namedLocation,collectDate,sampleID,sampleCode,sampleCondition,laboratoryName,analysisDate,analyzedBy,sampleType,replicate,sampleVolumeFiltered,filterSize,percentFilterAnalyzed,analyte,analyteConcentration,plantAlgaeLabUnits,method,externalRemarks,externalLabDataQF
"b7f4a1a7-daf3-4a70-ad11-aced74b7585c","D11","PRIN","PRIN.AOS.S2","2016-11-01","PRIN.SS.20161101.POM.1",,"other","Academy of Natural Sciences of Drexel University","2017-04-08","OKgcKejxXbI=","13C15N","1",,,100,"d15N",,"perMill",,"not enough sample for analysis",
"6cf60081-68cc-41cb-93d7-ab41ca1e7dc2","D11","PRIN","PRIN.AOS.S2","2016-11-01","PRIN.SS.20161101.POM.2",,"other","Academy of Natural Sciences of Drexel University","2017-05-18","OKgcKejxXbI=","13C15N","2",,,100,"d13C",-30.42,"perMill",,"poor folding, sample loss",
"4e8affae-44b8-4bba-911c-46944d77011c","D11","PRIN","PRIN.AOS.S2","2016-11-01","PRIN.SS.20161101.POM.1",,"condition ok","Academy of Natural Sciences of Drexel University","2017-04-08","OKgcKejxXbI=","13C15N","1",,,100,"d13C",-27.21,"perMill",,,
"3f3a7e26-1ca8-4358-8db4-0dc63f26a358","D11","PRIN","PRIN.AOS.S2","2016-11-01","PRIN.SS.20161101.POM.2",,"other","Academy of Natural Sciences of Drexel University","2017-05-18","OKgcKejxXbI=","13C15N","2",,,100,"d15N",,"perMill",,"not enough sample for analysis",
"03cd2890-8724-45ec-9311-2c19bff5deaa","D11","PRIN","PRIN.AOS.S2","2016-11-08","PRIN.SS.20161108.POM.1",,"condition ok","Academy of Natural Sciences of Drexel University","2017-04-08","OKgcKejxXbI=","13C15N","1",,,100,"d13C",-23.60,"perMill",,,
"bca30218-a757-43fd-9f5a-eda4583e073e","D11","PRIN","PRIN.AOS.S2","2016-11-08","PRIN.SS.20161108.POM.1",,"condition ok","Academy of Natural Sciences of Drexel University","2017-04-08","OKgcKejxXbI=","13C15N","1",,,100,"d15N",6.19,"perMill",,,
"fa9cb7b2-e95f-4148-9511-b49c5e5a3596","D11","PRIN","PRIN.AOS.S2","2016-11-08","PRIN.SS.20161108.POM.2",,"condition ok","Academy of Natural Sciences of Drexel University","2017-05-18","OKgcKejxXbI=","13C15N","2",,,100,"d13C",-23.90,"perMill",,,
"a5ffc8f2-473b-4adf-8b3c-8c9e6e3f3848","D11","PRIN","PRIN.AOS.S2","2016-11-08","PRIN.SS.20161108.POM.2",,"other","Academy of Natural Sciences of Drexel University","2017-05-18","OKgcKejxXbI=","13C15N","2",,,100,"d15N",,"perMill",,"not enough sample for analysis",
