uid,domainID,siteID,namedLocation,collectDate,sampleID,sampleCode,sampleCondition,laboratoryName,analysisDate,analyzedBy,sampleType,replicate,sampleVolumeFiltered,filterSize,percentFilterAnalyzed,analyte,analyteConcentration,plantAlgaeLabUnits,method,externalRemarks,externalLabDataQF
"de6a5240-5f20-401a-b676-34467a4973f4","D10","ARIK","ARIK.AOS.S2","2016-08-02","ARIK.SS.20160802.POM.1",,"condition ok","Academy of Natural Sciences of Drexel University","2017-02-10","OKgcKejxXbI=","13C15N","1",,,100,"d13C",-28.28,"perMill",,,
"b244ce90-592d-481b-b320-69601c997425","D10","ARIK","ARIK.AOS.S2","2016-08-02","ARIK.SS.20160802.POM.1",,"condition ok","Academy of Natural Sciences of Drexel University","2017-02-10","OKgcKejxXbI=","13C15N","1",,,100,"d15N",2.96,"perMill",,,
"3fd1b435-897c-40e9-9cae-029c08060b37","D10","ARIK","ARIK.AOS.S2","2016-08-02","ARIK.SS.20160802.POM.2",,"condition ok","Academy of Natural Sciences of Drexel University","2017-02-22","OKgcKejxXbI=","13C15N","2",,,100,"d13C",-29.21,"perMill",,,
"4e1b8a6b-8d5d-4ce8-b2d0-d943f3f416d4","D10","ARIK","ARIK.AOS.S2","2016-08-02","ARIK.SS.20160802.POM.2",,"condition ok","Academy of Natural Sciences of Drexel University","2017-02-22","OKgcKejxXbI=","13C15N","2",,,100,"d15N",5.56,"perMill",,,
"ed7e151b-afab-48fb-aa13-3eeb9ff96c50","D10","ARIK","ARIK.AOS.S2","2016-08-16","ARIK.SS.20160816.POM.1",,"condition ok","Academy of Natural Sciences of Drexel University","2017-03-03","OKgcKejxXbI=","13C15N","1",,,100,"d13C",-29.16,"perMill",,,
"30f03026-0a2f-4d3a-aff5-8cdcc49cdc05","D10","ARIK","ARIK.AOS.S2","2016-08-16","ARIK.SS.20160816.POM.2",,"condition ok","Academy of Natural Sciences of Drexel University","2017-06-01","OKgcKejxXbI=","13C15N","2",,,100,"d15N",4.29,"perMill",,,
"ff7b52a9-2c95-48df-8559-49c9db9a781c","D10","ARIK","ARIK.AOS.S2","2016-08-16","ARIK.SS.20160816.POM.1",,"condition ok","Academy of Natural Sciences of Drexel University","2017-03-03","OKgcKejxXbI=","13C15N","1",,,100,"d15N",4.06,"perMill",,,
"05b41cf3-97f1-43b0-9d3f-e05c7bd935bb","D10","ARIK","ARIK.AOS.S2","2016-08-16","ARIK.SS.20160816.POM.2",,"condition ok","Academy of Natural Sciences of Drexel University","2017-06-01","OKgcKejxXbI=","13C15N","2",,,100,"d13C",-29.33,"perMill",,,
