uid,domainID,siteID,namedLocation,collectDate,sampleID,sampleCode,sampleCondition,laboratoryName,analysisDate,analyzedBy,sampleType,replicate,sampleVolumeFiltered,filterSize,percentFilterAnalyzed,analyte,analyteConcentration,plantAlgaeLabUnits,method,externalRemarks,externalLabDataQF
"9174fbdb-f74a-4fb3-8da3-355a009d85e0","D05","LIRO","LIRO.AOS.buoy.c1","2018-09-04","LIRO.C1.20180904.POM.1","A00000007468","condition ok","SIRFER Lab at University of Utah","2018-11-13","ElFtGy1kV49xqNP00HfxQA==","POM","1",250,25,100,"d13C",-30.30,"perMill","Revesz & Coplen 2012a",,
"339fa894-5dd6-4caa-bc1f-08d55902be73","D05","LIRO","LIRO.AOS.buoy.c1","2018-09-04","LIRO.C1.20180904.POM.1","A00000007468","condition ok","SIRFER Lab at University of Utah","2018-11-13","ElFtGy1kV49xqNP00HfxQA==","POM","1",250,25,100,"carbon",349.25,"microgramsPerLiter","Revesz & Coplen 2012a",,
"dae5cf3a-8dfa-4283-8c5f-4ac37f2a5b11","D05","LIRO","LIRO.AOS.buoy.c1","2018-09-04","LIRO.C1.20180904.POM.1","A00000007468","condition ok","SIRFER Lab at University of Utah","2018-11-13","ElFtGy1kV49xqNP00HfxQA==","POM","1",250,25,100,"nitrogen",39.89,"microgramsPerLiter","Revesz & Coplen 2012a",,
"1ebf9fff-dee9-4c38-b798-482272297dde","D05","LIRO","LIRO.AOS.buoy.c1","2018-09-04","LIRO.C1.20180904.POM.1","A00000007468","condition ok","SIRFER Lab at University of Utah","2018-11-13","ElFtGy1kV49xqNP00HfxQA==","POM","1",250,25,100,"d15N",-4.32,"perMill","Revesz & Coplen 2012a",,
