uid,domainID,siteID,namedLocation,collectDate,sampleID,sampleCode,sampleCondition,laboratoryName,analysisDate,analyzedBy,sampleType,replicate,sampleVolumeFiltered,filterSize,percentFilterAnalyzed,analyte,analyteConcentration,plantAlgaeLabUnits,method,externalRemarks,externalLabDataQF
"8febce8d-ae21-4b3b-9deb-8872406e925a","D02","LEWI","LEWI.AOS.S2","2017-10-11","LEWI.SS.20171011.POM.1",,"condition ok","SIRFER Lab at University of Utah","2018-03-05","ElFtGy1kV49xqNP00HfxQA==","POM","1",1000,25,100,"carbon",213.09,"percent","Revesz & Coplen 2012a",,
"822ccf5f-a35c-4117-8b4e-64347b1adb10","D02","LEWI","LEWI.AOS.S2","2017-10-11","LEWI.SS.20171011.POM.1",,"condition ok","SIRFER Lab at University of Utah","2018-03-05","ElFtGy1kV49xqNP00HfxQA==","POM","1",1000,25,100,"d13C",-24.88,"perMill","Revesz & Coplen 2012a",,
"f2d94bbb-20e9-4c5d-aaff-8d79fb533ff0","D02","LEWI","LEWI.AOS.S2","2017-10-11","LEWI.SS.20171011.POM.1",,"condition ok","SIRFER Lab at University of Utah","2018-03-05","ElFtGy1kV49xqNP00HfxQA==","POM","1",1000,25,100,"d15N",5.51,"perMill","Revesz & Coplen 2012a",,
"d4f4699d-3f51-4ce3-948f-16d266200dc5","D02","LEWI","LEWI.AOS.S2","2017-10-11","LEWI.SS.20171011.POM.1",,"condition ok","SIRFER Lab at University of Utah","2018-03-05","ElFtGy1kV49xqNP00HfxQA==","POM","1",1000,25,100,"nitrogen",23.19,"percent","Revesz & Coplen 2012a",,
"d1d4ba52-cb87-4e86-accb-c1ca15cfe015","D02","LEWI","LEWI.AOS.S2","2017-10-18","LEWI.SS.20171018.POM.1",,"condition ok","SIRFER Lab at University of Utah","2018-03-05","ElFtGy1kV49xqNP00HfxQA==","POM","1",1200,25,100,"d13C",-29.23,"perMill","Revesz & Coplen 2012a",,
"c4646de4-3d29-4017-9e70-2486c04047f7","D02","LEWI","LEWI.AOS.S2","2017-10-18","LEWI.SS.20171018.POM.1",,"condition ok","SIRFER Lab at University of Utah","2018-03-05","ElFtGy1kV49xqNP00HfxQA==","POM","1",1200,25,100,"d15N",5.87,"perMill","Revesz & Coplen 2012a",,
"ee1ae373-15a4-47bc-837f-40d1d867aa07","D02","LEWI","LEWI.AOS.S2","2017-10-18","LEWI.SS.20171018.POM.1",,"condition ok","SIRFER Lab at University of Utah","2018-03-05","ElFtGy1kV49xqNP00HfxQA==","POM","1",1200,25,100,"carbon",175.84,"percent","Revesz & Coplen 2012a",,
"d74633fb-8b68-4163-bf7c-d3dd1c8c29f1","D02","LEWI","LEWI.AOS.S2","2017-10-18","LEWI.SS.20171018.POM.1",,"condition ok","SIRFER Lab at University of Utah","2018-03-05","ElFtGy1kV49xqNP00HfxQA==","POM","1",1200,25,100,"nitrogen",11.93,"percent","Revesz & Coplen 2012a",,
