uid,domainID,siteID,namedLocation,collectDate,sampleID,sampleCode,sampleCondition,laboratoryName,analysisDate,analyzedBy,sampleType,replicate,sampleVolumeFiltered,filterSize,percentFilterAnalyzed,analyte,analyteConcentration,plantAlgaeLabUnits,method,externalRemarks,externalLabDataQF
"6c779b7c-bd89-43f9-b9e1-868538fc3446","D08","TOMB","TOMB.AOS.buoy.c0","2018-03-01","TOMB.C0.20180301.POM.1",,"condition ok","SIRFER Lab at University of Utah","2018-08-28","ElFtGy1kV49xqNP00HfxQA==","POM","1",50,25,100,"d15N",3.34,"perMill","Revesz & Coplen 2012a",,
"f7d3ea85-7740-4501-b22b-27cca3f33d3b","D08","TOMB","TOMB.AOS.buoy.c0","2018-03-01","TOMB.C0.20180301.POM.1",,"condition ok","SIRFER Lab at University of Utah","2018-08-28","ElFtGy1kV49xqNP00HfxQA==","POM","1",50,25,100,"nitrogen",437.15,"microgramsPerLiter","Revesz & Coplen 2012a",,
"20eed2f9-4e4d-488a-8682-ea41606c99fa","D08","TOMB","TOMB.AOS.buoy.c0","2018-03-01","TOMB.C0.20180301.POM.1",,"condition ok","SIRFER Lab at University of Utah","2018-08-28","ElFtGy1kV49xqNP00HfxQA==","POM","1",50,25,100,"d13C",-26.18,"perMill","Revesz & Coplen 2012a",,
"56fe3719-1e76-4686-9b36-80bbab4c2c9a","D08","TOMB","TOMB.AOS.buoy.c0","2018-03-01","TOMB.C0.20180301.POM.1",,"condition ok","SIRFER Lab at University of Utah","2018-08-28","ElFtGy1kV49xqNP00HfxQA==","POM","1",50,25,100,"carbon",3637.76,"microgramsPerLiter","Revesz & Coplen 2012a",,
"092a752c-b7a6-4572-8cf9-9e3d31b17042","D08","TOMB","TOMB.AOS.buoy.c0","2018-03-07","TOMB.C0.20180307.POM.1",,"condition ok","SIRFER Lab at University of Utah","2018-08-28","ElFtGy1kV49xqNP00HfxQA==","POM","1",50,25,100,"d15N",2.50,"perMill","Revesz & Coplen 2012a",,
"98c44fa7-bc57-4a49-8cec-1a6c8af63725","D08","TOMB","TOMB.AOS.buoy.c0","2018-03-07","TOMB.C0.20180307.POM.1",,"condition ok","SIRFER Lab at University of Utah","2018-08-28","ElFtGy1kV49xqNP00HfxQA==","POM","1",50,25,100,"nitrogen",255.59,"microgramsPerLiter","Revesz & Coplen 2012a",,
"4777663d-d733-4cc4-a0a0-fcede0c0fe70","D08","TOMB","TOMB.AOS.buoy.c0","2018-03-07","TOMB.C0.20180307.POM.1",,"condition ok","SIRFER Lab at University of Utah","2018-08-28","ElFtGy1kV49xqNP00HfxQA==","POM","1",50,25,100,"d13C",-27.03,"perMill","Revesz & Coplen 2012a",,
"0c0b3737-cc4c-4dfc-b08d-331990f91744","D08","TOMB","TOMB.AOS.buoy.c0","2018-03-07","TOMB.C0.20180307.POM.1",,"condition ok","SIRFER Lab at University of Utah","2018-08-28","ElFtGy1kV49xqNP00HfxQA==","POM","1",50,25,100,"carbon",2147.99,"microgramsPerLiter","Revesz & Coplen 2012a",,
"38f391b9-d58d-4da9-aca0-8fec9d097547","D08","TOMB","TOMB.AOS.buoy.c0","2018-03-21","TOMB.C0.20180321.POM.1",,"condition ok","SIRFER Lab at University of Utah","2018-08-28","ElFtGy1kV49xqNP00HfxQA==","POM","1",100,25,100,"carbon",1168.68,"microgramsPerLiter","Revesz & Coplen 2012a",,
"9edd9951-5d44-492e-88b7-4aa379a23a2a","D08","TOMB","TOMB.AOS.buoy.c0","2018-03-21","TOMB.C0.20180321.POM.1",,"condition ok","SIRFER Lab at University of Utah","2018-08-28","ElFtGy1kV49xqNP00HfxQA==","POM","1",100,25,100,"d13C",-27.40,"perMill","Revesz & Coplen 2012a",,
"a551e4ba-b02f-4d4d-8001-bc53f61a7cda","D08","TOMB","TOMB.AOS.buoy.c0","2018-03-21","TOMB.C0.20180321.POM.1",,"condition ok","SIRFER Lab at University of Utah","2018-08-28","ElFtGy1kV49xqNP00HfxQA==","POM","1",100,25,100,"nitrogen",160.00,"microgramsPerLiter","Revesz & Coplen 2012a",,
"04f3987c-1bb0-4680-b90e-c7fcd6f152bc","D08","TOMB","TOMB.AOS.buoy.c0","2018-03-21","TOMB.C0.20180321.POM.1",,"condition ok","SIRFER Lab at University of Utah","2018-08-28","ElFtGy1kV49xqNP00HfxQA==","POM","1",100,25,100,"d15N",4.74,"perMill","Revesz & Coplen 2012a",,
"4ae9fccc-dcb8-4c62-9e72-d5f080737858","D08","TOMB","TOMB.AOS.buoy.c0","2018-03-27","TOMB.C0.20180327.POM.1","A00000013265","condition ok","SIRFER Lab at University of Utah","2018-08-28","ElFtGy1kV49xqNP00HfxQA==","POM","1",100,25,100,"d15N",6.67,"perMill","Revesz & Coplen 2012a",,
"1a334314-70f3-4d29-9eed-9482b0a49da6","D08","TOMB","TOMB.AOS.buoy.c0","2018-03-27","TOMB.C0.20180327.POM.1","A00000013265","condition ok","SIRFER Lab at University of Utah","2018-08-28","ElFtGy1kV49xqNP00HfxQA==","POM","1",100,25,100,"nitrogen",121.22,"microgramsPerLiter","Revesz & Coplen 2012a",,
"f583b470-8f95-498b-919b-12cbc07bf7ea","D08","TOMB","TOMB.AOS.buoy.c0","2018-03-27","TOMB.C0.20180327.POM.1","A00000013265","condition ok","SIRFER Lab at University of Utah","2018-08-28","ElFtGy1kV49xqNP00HfxQA==","POM","1",100,25,100,"d13C",-28.33,"perMill","Revesz & Coplen 2012a",,
"d4473248-e3d9-4744-b9dd-b6fb4756829f","D08","TOMB","TOMB.AOS.buoy.c0","2018-03-27","TOMB.C0.20180327.POM.1","A00000013265","condition ok","SIRFER Lab at University of Utah","2018-08-28","ElFtGy1kV49xqNP00HfxQA==","POM","1",100,25,100,"carbon",923.37,"microgramsPerLiter","Revesz & Coplen 2012a",,
