uid,domainID,siteID,namedLocation,decimalLatitude,decimalLongitude,coordinateUncertainty,additionalCoordUncertainty,elevation,elevationUncertainty,geodeticDatum,altLocation,altLatitude,altLongitude,altCoordinateUncertainty,altGeodeticDatum,collectDate,aquaticSiteType,samplingImpractical,parentSampleID,parentSampleCode,eventID,samplerType,dissolvedOxygen,dissolvedOxygenSaturation,specificConductance,waterTemp,asiSamplingProtocolVersion,lowerSegmentDepth,upperSegmentDepth,maxDepth,lakeSampleDepth1,lakeSampleDepth2,aCollectedBy,bCollectedBy,remarks,fieldDataQF
"55c26a5a-cdcd-4269-b137-3f81ecf40331","D08","TOMB","TOMB.AOS.buoy.c0",31.853820,-88.157300,5.0,10.0,20.0,10.0,"WGS84",,,,,,"2018-03-01T16:45Z","river",,"TOMB.C0.20180301",,"TOMB.20180301","Kemmerer",8.60,89.00,130.30,17.00,"NEON.DOC.001886vF",,,3.0,0.5,,"churak@battelleecology.org","kmiller@battelleecology.org","Fast flow",
"a401d134-201b-42c9-a5d8-945a59973e9d","D08","TOMB","TOMB.AOS.buoy.c0",31.853820,-88.157300,5.0,10.0,20.0,10.0,"WGS84",,,,,,"2018-03-07T14:43Z","river",,"TOMB.C0.20180307",,"TOMB.20180307","Kemmerer",8.10,82.00,192.90,16.00,"NEON.DOC.001886vF",,,4.8,0.5,,"churak@battelleecology.org","kmiller@battelleecology.org",,
"c632ee1b-85bf-4af7-b47f-2993ba333ee0","D08","TOMB","TOMB.AOS.buoy.c0",31.853820,-88.157300,5.0,10.0,20.0,10.0,"WGS84",,,,,,"2018-03-21T17:26Z","river",,"TOMB.C0.20180321",,"TOMB.20180321","Kemmerer",10.79,107.90,149.20,15.20,"NEON.DOC.001886vF",,,7.7,0.5,,"kmiller@battelleecology.org","churak@battelleecology.org",,
"57c5c20d-b6b9-41d8-a873-30a18ef39266","D08","TOMB","TOMB.AOS.buoy.c0",31.853820,-88.157300,5.0,10.0,20.0,10.0,"WGS84",,,,,,"2018-03-27T15:20Z","river",,"TOMB.C0.20180327",,"TOMB.20180327","Kemmerer",9.56,97.50,195.60,16.40,"NEON.DOC.001886vF",,,7.9,0.5,,"kmiller@battelleecology.org","churak@battelleecology.org",,
