uid,domainID,siteID,namedLocation,collectDate,parentSampleID,parentSampleCode,isotopeH2OSampleCond,isotopeH2OSampleID,isotopeH2OSampleCode,isotopePOMRep2SampleCond,isotopePOMRep2SampleID,isotopePOMRep2SampleCode,isotopePOMSampleCond,isotopePOMSampleID,isotopePOMSampleCode,processedDateFilters,processedDateH2OIsotopes,sampleVolumeFilteredPOMRep1,sampleVolumeFilteredPOMRep2,fieldDataQF
"43d8dee4-e772-4f86-9d01-d3828a863f4d","D08","TOMB","TOMB.AOS.buoy.c0","2018-03-01T16:45Z","TOMB.C0.20180301",,"Sample condition ok","TOMB.C0.20180301.H2O.1",,"Sample condition ok","TOMB.C0.20180301.POM.2",,"Sample condition ok","TOMB.C0.20180301.POM.1",,"2018-03-01T20:30Z","2018-03-01T16:45Z",50,50,
"2e66a942-3bfa-46b9-8949-a3c86c541482","D08","TOMB","TOMB.AOS.buoy.c0","2018-03-07T14:43Z","TOMB.C0.20180307",,"Sample condition ok","TOMB.C0.20180307.H2O.1",,"Sample condition ok","TOMB.C0.20180307.POM.2",,"Sample condition ok","TOMB.C0.20180307.POM.1",,"2018-03-07T14:43Z","2018-03-07T14:43Z",50,50,
"ce01f8db-ab6d-47a1-a4bb-5ff6b8416513","D08","TOMB","TOMB.AOS.buoy.c0","2018-03-21T17:26Z","TOMB.C0.20180321",,"Sample condition ok","TOMB.C0.20180321.H2O.1",,"Sample condition ok","TOMB.C0.20180321.POM.2",,"Sample condition ok","TOMB.C0.20180321.POM.1",,"2018-03-21T17:26Z","2018-03-21T17:26Z",100,100,
"d25387eb-fa61-4346-abbf-7d375158e29f","D08","TOMB","TOMB.AOS.buoy.c0","2018-03-27T15:20Z","TOMB.C0.20180327",,"Sample condition ok","TOMB.C0.20180327.H2O.1","A00000013291","Sample condition ok","TOMB.C0.20180327.POM.2","A00000013266","Sample condition ok","TOMB.C0.20180327.POM.1","A00000013265","2018-03-27T15:20Z","2018-03-27T15:20Z",100,100,
