uid,domainID,siteID,namedLocation,collectDate,sampleID,sampleCode,sampleCondition,laboratoryName,analysisDate,analyzedBy,sampleType,replicate,sampleVolumeFiltered,filterSize,percentFilterAnalyzed,analyte,analyteConcentration,plantAlgaeLabUnits,method,externalRemarks,externalLabDataQF
"8b4a34c6-282d-4d36-9352-31d9b4c1d5c0","D17","BIGC","BIGC.AOS.S2","2018-08-14","BIGC.SS.20180814.POM.1","A00000025693","condition ok","SIRFER Lab at University of Utah","2018-12-13","ElFtGy1kV49xqNP00HfxQA==","POM","1",1500,25,100,"d15N",,"perMill","Revesz & Coplen 2012a",,
"52465ea5-2859-447c-b5f2-606b462d4af6","D17","BIGC","BIGC.AOS.S2","2018-08-14","BIGC.SS.20180814.POM.1","A00000025693","condition ok","SIRFER Lab at University of Utah","2018-12-13","ElFtGy1kV49xqNP00HfxQA==","POM","1",1500,25,100,"carbon",,"microgramsPerLiter","Revesz & Coplen 2012a",,
"ae780801-cbd1-4017-a3eb-775506762119","D17","BIGC","BIGC.AOS.S2","2018-08-14","BIGC.SS.20180814.POM.1","A00000025693","condition ok","SIRFER Lab at University of Utah","2018-12-13","ElFtGy1kV49xqNP00HfxQA==","POM","1",1500,25,100,"d13C",,"perMill","Revesz & Coplen 2012a",,
"1bdb0487-bb1e-41ef-b3f9-0c3d79b14027","D17","BIGC","BIGC.AOS.S2","2018-08-14","BIGC.SS.20180814.POM.1","A00000025693","condition ok","SIRFER Lab at University of Utah","2018-12-13","ElFtGy1kV49xqNP00HfxQA==","POM","1",1500,25,100,"nitrogen",,"microgramsPerLiter","Revesz & Coplen 2012a",,
