uid,domainID,siteID,namedLocation,collectDate,sampleID,sampleCode,sampleCondition,laboratoryName,analysisDate,analyzedBy,sampleType,replicate,sampleVolumeFiltered,filterSize,percentFilterAnalyzed,analyte,analyteConcentration,plantAlgaeLabUnits,method,externalRemarks,externalLabDataQF
"e14138f9-405f-4e76-b754-2c251de707a6","D03","SUGG","SUGG.AOS.buoy.c0","2017-04-03","SUGG.C0.20170403.POM.2",,"condition ok","SIRFER Lab at University of Utah","2018-05-26","ElFtGy1kV49xqNP00HfxQA==","POM","1",,,100,"d15N",8.72,"perMill","Revesz & Coplen 2012a",,
"9cb11556-b206-42ec-9004-13860479b87e","D03","SUGG","SUGG.AOS.buoy.c0","2017-04-03","SUGG.C0.20170403.POM.2",,"condition ok","SIRFER Lab at University of Utah","2018-05-26","ElFtGy1kV49xqNP00HfxQA==","POM","1",,,100,"d13C",-30.15,"perMill","Revesz & Coplen 2012a",,
"8b672fd0-0d34-4de6-8627-1c862bb61e79","D03","SUGG","SUGG.AOS.buoy.c0","2017-04-03","SUGG.C0.20170403.POM.2",,"condition ok","SIRFER Lab at University of Utah","2018-05-26","ElFtGy1kV49xqNP00HfxQA==","POM","1",,,100,"carbon",511.80,"microgramsPerLiter","Revesz & Coplen 2012a",,
"20c98ae6-bf3f-4818-9b84-ef8cd3371ad5","D03","SUGG","SUGG.AOS.buoy.c0","2017-04-03","SUGG.C0.20170403.POM.2",,"condition ok","SIRFER Lab at University of Utah","2018-05-26","ElFtGy1kV49xqNP00HfxQA==","POM","1",,,100,"nitrogen",50.98,"microgramsPerLiter","Revesz & Coplen 2012a",,
"3c51c917-50e7-4d37-a344-6f2e3c77a42f","D03","SUGG","SUGG.AOS.inlet","2017-04-03","SUGG.IN.20170403.POM.2",,"condition ok","SIRFER Lab at University of Utah","2018-05-26","ElFtGy1kV49xqNP00HfxQA==","POM","1",,,100,"nitrogen",48.42,"microgramsPerLiter","Revesz & Coplen 2012a",,
"741bef90-811b-4378-a579-ea068560a611","D03","SUGG","SUGG.AOS.inlet","2017-04-03","SUGG.IN.20170403.POM.2",,"condition ok","SIRFER Lab at University of Utah","2018-05-26","ElFtGy1kV49xqNP00HfxQA==","POM","1",,,100,"carbon",534.80,"microgramsPerLiter","Revesz & Coplen 2012a",,
"cf33398a-b6a3-4e5c-a5cc-a6a59d89d619","D03","SUGG","SUGG.AOS.inlet","2017-04-03","SUGG.IN.20170403.POM.2",,"condition ok","SIRFER Lab at University of Utah","2018-05-26","ElFtGy1kV49xqNP00HfxQA==","POM","1",,,100,"d15N",10.10,"perMill","Revesz & Coplen 2012a",,
"e0f620ec-48fa-4de8-9502-ab84cfe71aa1","D03","SUGG","SUGG.AOS.inlet","2017-04-03","SUGG.IN.20170403.POM.2",,"condition ok","SIRFER Lab at University of Utah","2018-05-26","ElFtGy1kV49xqNP00HfxQA==","POM","1",,,100,"d13C",-30.61,"perMill","Revesz & Coplen 2012a",,
"e824cf28-de7e-499f-bba9-e643badabae8","D03","SUGG","SUGG.AOS.outlet","2017-04-03","SUGG.OT.20170403.POM.2",,"condition ok","SIRFER Lab at University of Utah","2018-05-26","ElFtGy1kV49xqNP00HfxQA==","POM","1",,,100,"carbon",606.79,"microgramsPerLiter","Revesz & Coplen 2012a",,
"69088eaa-027c-4c74-ba66-325f172b7bc4","D03","SUGG","SUGG.AOS.outlet","2017-04-03","SUGG.OT.20170403.POM.2",,"condition ok","SIRFER Lab at University of Utah","2018-05-26","ElFtGy1kV49xqNP00HfxQA==","POM","1",,,100,"nitrogen",67.87,"microgramsPerLiter","Revesz & Coplen 2012a",,
"4dc38c48-ca6b-4b84-a6b8-acdbb0810e04","D03","SUGG","SUGG.AOS.outlet","2017-04-03","SUGG.OT.20170403.POM.2",,"condition ok","SIRFER Lab at University of Utah","2018-05-26","ElFtGy1kV49xqNP00HfxQA==","POM","1",,,100,"d15N",8.38,"perMill","Revesz & Coplen 2012a",,
"b2f871e7-0892-4799-add9-4702bd3e18f8","D03","SUGG","SUGG.AOS.outlet","2017-04-03","SUGG.OT.20170403.POM.2",,"condition ok","SIRFER Lab at University of Utah","2018-05-26","ElFtGy1kV49xqNP00HfxQA==","POM","1",,,100,"d13C",-30.94,"perMill","Revesz & Coplen 2012a",,
