uid,domainID,siteID,namedLocation,collectDate,sampleID,sampleCode,sampleCondition,laboratoryName,analysisDate,analyzedBy,sampleType,replicate,sampleVolumeFiltered,filterSize,percentFilterAnalyzed,analyte,analyteConcentration,plantAlgaeLabUnits,method,externalRemarks,externalLabDataQF
"79195737-40a6-4fb1-9de5-b6e66a0f512e","D13","WLOU","WLOU.AOS.S2","2019-01-08","WLOU.SS.20190108.POM.1","A00000050826","condition ok","SIRFER Lab at University of Utah","2019-04-26","ElFtGy1kV49xqNP00HfxQA==","POM","1",2000,25,100,"nitrogen",4.69,"microgramsPerLiter","Revesz & Coplen 2012a",,
"6c0a0601-abaf-4b8e-9f25-a71ddc0a1781","D13","WLOU","WLOU.AOS.S2","2019-01-08","WLOU.SS.20190108.POM.1","A00000050826","condition ok","SIRFER Lab at University of Utah","2019-04-26","ElFtGy1kV49xqNP00HfxQA==","POM","1",2000,25,100,"d15N",2.33,"perMill","Revesz & Coplen 2012a",,
"2bae104a-64ef-4833-8a50-20490ca87b3b","D13","WLOU","WLOU.AOS.S2","2019-01-08","WLOU.SS.20190108.POM.1","A00000050826","condition ok","SIRFER Lab at University of Utah","2019-04-26","ElFtGy1kV49xqNP00HfxQA==","POM","1",2000,25,100,"d13C",-25.98,"perMill","Revesz & Coplen 2012a",,
"197c1924-0126-46f9-8893-8db81e4bca19","D13","WLOU","WLOU.AOS.S2","2019-01-08","WLOU.SS.20190108.POM.1","A00000050826","condition ok","SIRFER Lab at University of Utah","2019-04-26","ElFtGy1kV49xqNP00HfxQA==","POM","1",2000,25,100,"carbon",61.96,"microgramsPerLiter","Revesz & Coplen 2012a",,
