uid,domainID,siteID,namedLocation,collectDate,sampleID,sampleCode,sampleCondition,laboratoryName,analysisDate,analyzedBy,sampleType,replicate,sampleVolumeFiltered,filterSize,percentFilterAnalyzed,analyte,analyteConcentration,plantAlgaeLabUnits,method,externalRemarks,externalLabDataQF
"ccce7182-1331-46d6-b3a6-0baaef1aab63","D03","FLNT","FLNT.AOS.buoy.c0","2017-12-28","FLNT.C0.20171228.POM.1",,"condition ok","SIRFER Lab at University of Utah","2018-07-28","ElFtGy1kV49xqNP00HfxQA==","POM","1",315,25,100,"d15N",8.89,"perMill","Revesz & Coplen 2012a",,
"20fe5c6e-8355-469d-8c96-b4e82f9acaa1","D03","FLNT","FLNT.AOS.buoy.c0","2017-12-28","FLNT.C0.20171228.POM.1",,"condition ok","SIRFER Lab at University of Utah","2018-07-28","ElFtGy1kV49xqNP00HfxQA==","POM","1",315,25,100,"carbon",283.89,"microgramsPerLiter","Revesz & Coplen 2012a",,
"007cdff9-3002-4e34-a58d-1464fa82e43c","D03","FLNT","FLNT.AOS.buoy.c0","2017-12-28","FLNT.C0.20171228.POM.1",,"condition ok","SIRFER Lab at University of Utah","2018-07-28","ElFtGy1kV49xqNP00HfxQA==","POM","1",315,25,100,"d13C",-29.51,"perMill","Revesz & Coplen 2012a",,
"cb30e755-7480-4e51-bfe8-cb4cee418bb7","D03","FLNT","FLNT.AOS.buoy.c0","2017-12-28","FLNT.C0.20171228.POM.1",,"condition ok","SIRFER Lab at University of Utah","2018-07-28","ElFtGy1kV49xqNP00HfxQA==","POM","1",315,25,100,"nitrogen",24.06,"microgramsPerLiter","Revesz & Coplen 2012a",,
