uid,domainID,siteID,namedLocation,collectDate,sampleID,sampleCode,sampleCondition,laboratoryName,analysisDate,analyzedBy,sampleType,replicate,sampleVolumeFiltered,filterSize,percentFilterAnalyzed,analyte,analyteConcentration,plantAlgaeLabUnits,method,externalRemarks,externalLabDataQF
"661216f2-396f-4328-8502-15b871bc69e8","D15","REDB","REDB.AOS.S2","2019-06-04","REDB.SS.20190604.POM.1","A00000057757","condition ok","SIRFER Lab at University of Utah","2019-09-24","ElFtGy1kV49xqNP00HfxQA==","POM","1",200,25,100,"d13C",-24.90,"perMill","Revesz & Coplen 2012a",,
"83e4ae87-6a17-4730-9e8e-b9ae79064e01","D15","REDB","REDB.AOS.S2","2019-06-04","REDB.SS.20190604.POM.1","A00000057757","condition ok","SIRFER Lab at University of Utah","2019-09-24","ElFtGy1kV49xqNP00HfxQA==","POM","1",200,25,100,"nitrogen",91.78,"microgramsPerLiter","Revesz & Coplen 2012a",,
"086979de-cb2c-46bc-b162-f63094f825f4","D15","REDB","REDB.AOS.S2","2019-06-04","REDB.SS.20190604.POM.1","A00000057757","condition ok","SIRFER Lab at University of Utah","2019-09-24","ElFtGy1kV49xqNP00HfxQA==","POM","1",200,25,100,"carbon",1405.78,"microgramsPerLiter","Revesz & Coplen 2012a",,
"3a08028b-2d01-40e3-8aea-bf8b84bd7b07","D15","REDB","REDB.AOS.S2","2019-06-04","REDB.SS.20190604.POM.1","A00000057757","condition ok","SIRFER Lab at University of Utah","2019-09-24","ElFtGy1kV49xqNP00HfxQA==","POM","1",200,25,100,"d15N",4.43,"perMill","Revesz & Coplen 2012a",,
"ba7a78d6-d1d1-4b66-9294-def23ee2a622","D15","REDB","REDB.AOS.S2","2019-06-12","REDB.SS.20190612.POM.1","A00000057760","condition ok","SIRFER Lab at University of Utah","2019-10-25","ElFtGy1kV49xqNP00HfxQA==","POM","1",200,25,100,"carbon",2656.95,"microgramsPerLiter","Revesz & Coplen 2012a",,
"4f265458-5cb0-429f-8b25-186b0528be51","D15","REDB","REDB.AOS.S2","2019-06-12","REDB.SS.20190612.POM.1","A00000057760","condition ok","SIRFER Lab at University of Utah","2019-10-25","ElFtGy1kV49xqNP00HfxQA==","POM","1",200,25,100,"d13C",-24.15,"perMill","Revesz & Coplen 2012a",,
"a62f9b52-5a57-4283-b737-b178c1792b7e","D15","REDB","REDB.AOS.S2","2019-06-12","REDB.SS.20190612.POM.1","A00000057760","condition ok","SIRFER Lab at University of Utah","2019-10-25","ElFtGy1kV49xqNP00HfxQA==","POM","1",200,25,100,"nitrogen",146.76,"microgramsPerLiter","Revesz & Coplen 2012a",,
"2f3bb885-a7f3-4e6b-afe8-0c8995344efc","D15","REDB","REDB.AOS.S2","2019-06-12","REDB.SS.20190612.POM.1","A00000057760","condition ok","SIRFER Lab at University of Utah","2019-10-25","ElFtGy1kV49xqNP00HfxQA==","POM","1",200,25,100,"d15N",5.22,"perMill","Revesz & Coplen 2012a",,
"8c6f4c92-8ed6-47a5-b2b4-40dc493e7dd0","D15","REDB","REDB.AOS.S2","2019-06-25","REDB.SS.20190625.POM.1","A00000057761","condition ok","SIRFER Lab at University of Utah","2019-10-25","ElFtGy1kV49xqNP00HfxQA==","POM","1",200,25,100,"d15N",2.20,"perMill","Revesz & Coplen 2012a",,
"0fc35f4b-cdac-4c12-aba0-4750453a9a5d","D15","REDB","REDB.AOS.S2","2019-06-25","REDB.SS.20190625.POM.1","A00000057761","condition ok","SIRFER Lab at University of Utah","2019-10-25","ElFtGy1kV49xqNP00HfxQA==","POM","1",200,25,100,"d13C",-23.87,"perMill","Revesz & Coplen 2012a",,
"5e4a9514-56f9-4da0-81be-cd0e221ca773","D15","REDB","REDB.AOS.S2","2019-06-25","REDB.SS.20190625.POM.1","A00000057761","condition ok","SIRFER Lab at University of Utah","2019-10-25","ElFtGy1kV49xqNP00HfxQA==","POM","1",200,25,100,"nitrogen",93.07,"microgramsPerLiter","Revesz & Coplen 2012a",,
"5d017cdb-926a-4d97-8062-fcde88d5f2c7","D15","REDB","REDB.AOS.S2","2019-06-25","REDB.SS.20190625.POM.1","A00000057761","condition ok","SIRFER Lab at University of Utah","2019-10-25","ElFtGy1kV49xqNP00HfxQA==","POM","1",200,25,100,"carbon",1546.41,"microgramsPerLiter","Revesz & Coplen 2012a",,
