uid,domainID,siteID,namedLocation,collectDate,parentSampleID,parentSampleCode,isotopeH2OSampleCond,isotopeH2OSampleID,isotopeH2OSampleCode,isotopePOMRep2SampleCond,isotopePOMRep2SampleID,isotopePOMRep2SampleCode,isotopePOMSampleCond,isotopePOMSampleID,isotopePOMSampleCode,processedDateFilters,processedDateH2OIsotopes,sampleVolumeFilteredPOMRep1,sampleVolumeFilteredPOMRep2,fieldDataQF
"6795dda6-2e40-44cd-a6bb-0449ee9df8bb","D15","REDB","REDB.AOS.S2","2019-06-04T14:47Z","REDB.SS.20190604",,"Sample condition ok","REDB.SS.20190604.H2O.1","A00000057759","Sample condition ok","REDB.SS.20190604.POM.2","A00000057758","Sample condition ok","REDB.SS.20190604.POM.1","A00000057757","2019-06-04T16:11Z","2019-06-04T16:11Z",200,200,
"bfe29dd1-ddd2-4fc7-9528-8041bb47e2d2","D15","REDB","REDB.AOS.S2","2019-06-12T17:32Z","REDB.SS.20190612",,"Sample condition ok","REDB.SS.20190612.H2O.1","A00000058240","Sample condition ok","REDB.SS.20190612.POM.2","A00000058261","Sample condition ok","REDB.SS.20190612.POM.1","A00000057760","2019-06-12T19:28Z","2019-06-12T18:36Z",200,200,
"148ae2aa-99be-419b-a511-3ce3ceebcbc8","D15","REDB","REDB.AOS.S2","2019-06-12T17:32Z","REDB.SS.20190612",,"Sample condition ok","REDB.SS.20190612.H2O.3","A00000058223",,,,,,,,"2019-06-12T18:43Z",,,
"7c30d8df-65d4-4acf-8433-4bdd0eae39e2","D15","REDB","REDB.AOS.S2","2019-06-12T17:32Z","REDB.SS.20190612",,"Sample condition ok","REDB.SS.20190612.H2O.2","A00000058206",,,,,,,,"2019-06-12T18:40Z",,,
"10f6c1a4-3ffe-4d2b-aea0-511036e6fca6","D15","REDB","REDB.AOS.S2","2019-06-25T17:06Z","REDB.SS.20190625",,"Sample condition ok","REDB.SS.20190625.H2O.1","A00000058499","Sample condition ok","REDB.SS.20190625.POM.2","A00000057762","Sample condition ok","REDB.SS.20190625.POM.1","A00000057761","2019-06-25T19:32Z","2019-06-25T17:36Z",200,200,
