uid,domainID,siteID,namedLocation,collectDate,analysisDate,isotopeH2OSampleID,isotopeH2OSampleCode,instrumentSN,d18OWater,d2HWater,d18OsdWater,d2HsdWater,isotopeH2OExternalLabQF,laboratoryName,analyzedBy,sampleCondition,externalRemarks,externalLabDataQF
"b3cc85c0-8f9a-49c1-8037-03dd14a26a21","D15","REDB","REDB.AOS.S2","2019-06-04","2019-07-29","REDB.SS.20190604.H2O.1","A00000057759","HIDS2052",-16.62,-123.75,0.09,0.56,0,"SIRFER Lab at University of Utah","OlSmE6RRn5QQH8tvUHmK5i/poYiQr6sd","OK",,
"b26eb8e9-2ffe-4bdc-bc08-ee2effd72b40","D15","REDB","REDB.AOS.S2","2019-06-12","2019-09-12","REDB.SS.20190612.H2O.2","A00000058206","HIDS2052",-16.50,-123.19,0.03,0.15,0,"SIRFER Lab at University of Utah","OlSmE6RRn5QQH8tvUHmK5i/poYiQr6sd","OK",,
"76f23cad-cf1b-47af-bdf1-829f04488302","D15","REDB","REDB.AOS.S2","2019-06-12","2019-09-12","REDB.SS.20190612.H2O.3","A00000058223","HIDS2052",-16.57,-123.87,0.03,0.08,0,"SIRFER Lab at University of Utah","OlSmE6RRn5QQH8tvUHmK5i/poYiQr6sd","OK",,
"f53d2b63-7328-40a5-b46e-30294398923a","D15","REDB","REDB.AOS.S2","2019-06-12","2019-09-12","REDB.SS.20190612.H2O.1","A00000058240","HIDS2052",-16.59,-123.31,0.05,0.06,0,"SIRFER Lab at University of Utah","OlSmE6RRn5QQH8tvUHmK5i/poYiQr6sd","OK",,
"36ed7937-e468-4bc9-8a82-a8b2d2a145d2","D15","REDB","REDB.AOS.S2","2019-06-25","2019-09-12","REDB.SS.20190625.H2O.1","A00000058499","HIDS2052",-16.41,-123.65,0.03,0.14,0,"SIRFER Lab at University of Utah","OlSmE6RRn5QQH8tvUHmK5i/poYiQr6sd","OK",,
