uid,domainID,siteID,namedLocation,collectDate,analysisDate,isotopeH2OSampleID,isotopeH2OSampleCode,instrumentSN,d18OWater,d2HWater,d18OsdWater,d2HsdWater,isotopeH2OExternalLabQF,laboratoryName,analyzedBy,sampleCondition,externalRemarks,externalLabDataQF
"ce315ec5-0120-43f9-8951-08bad014bd88","D04","CUPE","CUPE.AOS.S2","2018-10-03","2018-12-11","CUPE.SS.20181003.H2O.1","A00000038912","HIDS2052",-2.91,-10.22,0.04,0.17,0,"SIRFER Lab at University of Utah","OlSmE6RRn5QQH8tvUHmK5i/poYiQr6sd","OK",,
"53218239-d825-470e-925b-628416c49df0","D04","CUPE","CUPE.AOS.S2","2018-10-16","2018-12-11","CUPE.SS.20181016.H2O.1","A00000039116","HIDS2052",-2.93,-10.44,0.03,0.07,0,"SIRFER Lab at University of Utah","OlSmE6RRn5QQH8tvUHmK5i/poYiQr6sd","OK",,
"3aa18f0d-05a5-47f2-a56d-5032285dbac7","D04","CUPE","CUPE.AOS.S2","2018-10-23","2018-12-11","CUPE.SS.20181023.H2O.1","A00000039047","HIDS2052",-2.76,-9.65,0.01,0.09,0,"SIRFER Lab at University of Utah","OlSmE6RRn5QQH8tvUHmK5i/poYiQr6sd","OK",,
"bebdc512-1ec3-4224-af12-93e8d4ed8c94","D04","CUPE","CUPE.AOS.S2","2018-10-29","2018-12-11","CUPE.SS.20181029.H2O.1","A00000039155","HIDS2052",-3.09,-10.67,0.07,0.39,0,"SIRFER Lab at University of Utah","OlSmE6RRn5QQH8tvUHmK5i/poYiQr6sd","OK",,
