uid,domainID,siteID,namedLocation,collectDate,parentSampleID,parentSampleCode,isotopeH2OSampleCond,isotopeH2OSampleID,isotopeH2OSampleCode,isotopePOMRep2SampleCond,isotopePOMRep2SampleID,isotopePOMRep2SampleCode,isotopePOMSampleCond,isotopePOMSampleID,isotopePOMSampleCode,processedDateFilters,processedDateH2OIsotopes,sampleVolumeFilteredPOMRep1,sampleVolumeFilteredPOMRep2,fieldDataQF
"dd762cf5-dad1-45ee-b9f4-a53e9552f4d7","D04","CUPE","CUPE.AOS.S2","2018-10-03T11:36Z","CUPE.SS.20181003",,"Sample condition ok","CUPE.SS.20181003.H2O.1","A00000038912","Sample condition ok","CUPE.SS.20181003.POM.2","A00000038914","Sample condition ok","CUPE.SS.20181003.POM.1","A00000038913","2018-10-03T12:50Z","2018-10-03T11:45Z",500,500,
"89d8e53b-f137-481d-a4a3-730f2f89eb32","D04","CUPE","CUPE.AOS.S2","2018-10-16T11:28Z","CUPE.SS.20181016",,"Sample condition ok","CUPE.SS.20181016.H2O.1","A00000039116","Sample condition ok","CUPE.SS.20181016.POM.2","A00000039130","Sample condition ok","CUPE.SS.20181016.POM.1","A00000039129","2018-10-16T13:27Z","2018-10-16T11:45Z",1000,1000,
"6687e8a6-d702-4ad0-afa1-ef07d1107eca","D04","CUPE","CUPE.AOS.S2","2018-10-23T11:24Z","CUPE.SS.20181023",,"Sample condition ok","CUPE.SS.20181023.H2O.1","A00000039047","Sample condition ok","CUPE.SS.20181023.POM.2","A00000039508","Sample condition ok","CUPE.SS.20181023.POM.1","A00000039509","2018-10-23T12:10Z","2018-10-23T11:31Z",1000,1000,
"4ceb7d01-18dd-46c9-8059-eba20025eb3b","D04","CUPE","CUPE.AOS.S2","2018-10-29T11:31Z","CUPE.SS.20181029",,"Sample condition ok","CUPE.SS.20181029.H2O.1","A00000039155","Sample condition ok","CUPE.SS.20181029.POM.2","A00000039230","Sample condition ok","CUPE.SS.20181029.POM.1","A00000039231","2018-10-29T12:14Z","2018-10-29T11:41Z",1000,1000,
