uid,domainID,siteID,namedLocation,decimalLatitude,decimalLongitude,coordinateUncertainty,additionalCoordUncertainty,elevation,elevationUncertainty,geodeticDatum,altLocation,altLatitude,altLongitude,altCoordinateUncertainty,altGeodeticDatum,collectDate,aquaticSiteType,samplingImpractical,parentSampleID,parentSampleCode,eventID,samplerType,dissolvedOxygen,dissolvedOxygenSaturation,specificConductance,waterTemp,asiSamplingProtocolVersion,lowerSegmentDepth,upperSegmentDepth,maxDepth,lakeSampleDepth1,lakeSampleDepth2,aCollectedBy,bCollectedBy,remarks,fieldDataQF
"5700f04e-d089-49ae-854b-6fea88065727","D04","CUPE","CUPE.AOS.S2",,,,10.0,,,,,,,,,"2018-10-03T11:36Z","stream",,"CUPE.SS.20181003",,"CUPE.20181003","Grab",8.12,95.20,195.80,22.30,"NEON.DOC.001886vF",,,,,,"mviggiano@battelleecology.org","iortiz@battelleecology.org",,
"511fd9e4-de64-4ece-9855-a7c14d07002b","D04","CUPE","CUPE.AOS.S2",,,,10.0,,,,,,,,,"2018-10-16T11:28Z","stream",,"CUPE.SS.20181016",,"CUPE.20181016","Grab",7.80,91.90,286.20,22.70,"NEON.DOC.001886vF",,,,,,"Mpagan@battelleecology.org","mviggiano@battelleecology.org",,
"8e8ead99-108f-40f3-8eb6-9ca14d587a9f","D04","CUPE","CUPE.AOS.S2",,,,10.0,,,,,,,,,"2018-10-23T11:24Z","stream",,"CUPE.SS.20181023",,"CUPE.20181023","Grab",7.90,93.40,288.30,23.00,"NEON.DOC.001886vF",,,,,,"tvelazquez-rojas@battelleecology.org","iortiz@battelleecology.org",,
"f731a248-011c-4aaf-8a2d-821c7f2b4183","D04","CUPE","CUPE.AOS.S2",,,,10.0,,,,,,,,,"2018-10-29T11:31Z","stream",,"CUPE.SS.20181029",,"CUPE.20181029","Grab",8.35,98.00,292.30,22.50,"NEON.DOC.001886vF",,,,,,"mpagan@neoninc.org","iortiz@battelleecology.org",,
