uid,domainID,siteID,namedLocation,collectDate,sampleID,sampleCode,sampleCondition,laboratoryName,analysisDate,analyzedBy,sampleType,replicate,sampleVolumeFiltered,filterSize,percentFilterAnalyzed,analyte,analyteConcentration,plantAlgaeLabUnits,method,externalRemarks,externalLabDataQF
"6ec9fb9a-677e-4115-bc43-86b070325627","D13","WLOU","WLOU.AOS.S2","2018-01-09","WLOU.SS.20180109.POM.1",,"condition ok","SIRFER Lab at University of Utah","2018-08-08","ElFtGy1kV49xqNP00HfxQA==","POM","1",2750,25,100,"nitrogen",3.29,"microgramsPerLiter","Revesz & Coplen 2012a",,
"eadcd6a7-e155-4045-a3be-0d3743443e5f","D13","WLOU","WLOU.AOS.S2","2018-01-09","WLOU.SS.20180109.POM.1",,"condition ok","SIRFER Lab at University of Utah","2018-08-08","ElFtGy1kV49xqNP00HfxQA==","POM","1",2750,25,100,"d13C",-26.44,"perMill","Revesz & Coplen 2012a",,
"d5dbf9ce-9fb4-4d38-b2cb-ab145a9a41ed","D13","WLOU","WLOU.AOS.S2","2018-01-09","WLOU.SS.20180109.POM.1",,"condition ok","SIRFER Lab at University of Utah","2018-08-08","ElFtGy1kV49xqNP00HfxQA==","POM","1",2750,25,100,"carbon",42.83,"microgramsPerLiter","Revesz & Coplen 2012a",,
"6a386970-8c77-434c-89b4-33c2e0a1de44","D13","WLOU","WLOU.AOS.S2","2018-01-09","WLOU.SS.20180109.POM.1",,"condition ok","SIRFER Lab at University of Utah","2018-08-08","ElFtGy1kV49xqNP00HfxQA==","POM","1",2750,25,100,"d15N",2.73,"perMill","Revesz & Coplen 2012a",,
