uid,domainID,siteID,namedLocation,collectDate,sampleID,sampleCode,sampleCondition,laboratoryName,analysisDate,analyzedBy,sampleType,replicate,sampleVolumeFiltered,filterSize,percentFilterAnalyzed,analyte,analyteConcentration,plantAlgaeLabUnits,method,externalRemarks,externalLabDataQF
"da0b4574-2011-4542-92b4-6e43e2279901","D03","BARC","BARC.AOS.buoy.c0","2017-11-07","BARC.C0.20171107.POM.1",,"condition ok","SIRFER Lab at University of Utah","2018-07-27","ElFtGy1kV49xqNP00HfxQA==","POM","1",400,25,100,"d15N",2.02,"perMill","Revesz & Coplen 2012a",,
"a0d80b15-8880-48f1-845e-edc2c1224073","D03","BARC","BARC.AOS.buoy.c0","2017-11-07","BARC.C0.20171107.POM.1",,"condition ok","SIRFER Lab at University of Utah","2018-07-27","ElFtGy1kV49xqNP00HfxQA==","POM","1",400,25,100,"nitrogen",28.13,"microgramsPerLiter","Revesz & Coplen 2012a",,
"32862352-518a-4f0b-b623-6e48bd02e0a0","D03","BARC","BARC.AOS.buoy.c0","2017-11-07","BARC.C0.20171107.POM.1",,"condition ok","SIRFER Lab at University of Utah","2018-07-27","ElFtGy1kV49xqNP00HfxQA==","POM","1",400,25,100,"d13C",-33.00,"perMill","Revesz & Coplen 2012a",,
"e8d00814-e78e-4de4-a6e5-6a655eae8527","D03","BARC","BARC.AOS.buoy.c0","2017-11-07","BARC.C0.20171107.POM.1",,"condition ok","SIRFER Lab at University of Utah","2018-07-27","ElFtGy1kV49xqNP00HfxQA==","POM","1",400,25,100,"carbon",273.14,"microgramsPerLiter","Revesz & Coplen 2012a",,
"2a0dd651-5c35-4bd1-bc00-5651d16ace31","D03","BARC","BARC.AOS.inlet","2017-11-07","BARC.IN.20171107.POM.1",,"condition ok","SIRFER Lab at University of Utah","2018-07-31","ElFtGy1kV49xqNP00HfxQA==","POM","1",300,25,100,"nitrogen",46.18,"microgramsPerLiter","Revesz & Coplen 2012a",,
"3093c633-68f5-4cbb-adb3-a207fe1d857a","D03","BARC","BARC.AOS.inlet","2017-11-07","BARC.IN.20171107.POM.1",,"condition ok","SIRFER Lab at University of Utah","2018-07-31","ElFtGy1kV49xqNP00HfxQA==","POM","1",300,25,100,"carbon",366.16,"microgramsPerLiter","Revesz & Coplen 2012a",,
"220bf8a6-068e-496c-a10f-e5cfdb1e9b11","D03","BARC","BARC.AOS.inlet","2017-11-07","BARC.IN.20171107.POM.1",,"condition ok","SIRFER Lab at University of Utah","2018-07-31","ElFtGy1kV49xqNP00HfxQA==","POM","1",300,25,100,"d15N",3.79,"perMill","Revesz & Coplen 2012a",,
"4715cea0-9aa0-4a25-83fd-b7bb57b3c982","D03","BARC","BARC.AOS.inlet","2017-11-07","BARC.IN.20171107.POM.1",,"condition ok","SIRFER Lab at University of Utah","2018-07-31","ElFtGy1kV49xqNP00HfxQA==","POM","1",300,25,100,"d13C",-31.77,"perMill","Revesz & Coplen 2012a",,
"aa23780e-dd6f-4dd4-9907-cb15e12c625b","D03","BARC","BARC.AOS.outlet","2017-11-07","BARC.OT.20171107.POM.1",,"condition ok","SIRFER Lab at University of Utah","2018-07-31","ElFtGy1kV49xqNP00HfxQA==","POM","1",250,25,100,"nitrogen",42.89,"microgramsPerLiter","Revesz & Coplen 2012a",,
"d4ebd021-e5d3-4ce0-84d3-aaa85bf21a2c","D03","BARC","BARC.AOS.outlet","2017-11-07","BARC.OT.20171107.POM.1",,"condition ok","SIRFER Lab at University of Utah","2018-07-31","ElFtGy1kV49xqNP00HfxQA==","POM","1",250,25,100,"d15N",3.23,"perMill","Revesz & Coplen 2012a",,
"821880c3-bd71-48ff-9aca-a8fcece3017b","D03","BARC","BARC.AOS.outlet","2017-11-07","BARC.OT.20171107.POM.1",,"condition ok","SIRFER Lab at University of Utah","2018-07-31","ElFtGy1kV49xqNP00HfxQA==","POM","1",250,25,100,"d13C",-31.75,"perMill","Revesz & Coplen 2012a",,
"765f2bb6-00c5-4f8a-b1d5-2da1eca317a2","D03","BARC","BARC.AOS.outlet","2017-11-07","BARC.OT.20171107.POM.1",,"condition ok","SIRFER Lab at University of Utah","2018-07-31","ElFtGy1kV49xqNP00HfxQA==","POM","1",250,25,100,"carbon",406.91,"microgramsPerLiter","Revesz & Coplen 2012a",,
