uid,domainID,siteID,namedLocation,collectDate,sampleID,sampleCode,sampleCondition,laboratoryName,analysisDate,analyzedBy,sampleType,replicate,sampleVolumeFiltered,filterSize,percentFilterAnalyzed,analyte,analyteConcentration,plantAlgaeLabUnits,method,externalRemarks,externalLabDataQF
"877575c9-d3a6-4400-b9f3-798991eb4a15","D09","PRPO","PRPO.AOS.buoy.c0","2019-02-11","PRPO.C0.20190211.POM.1","A00000049925","condition ok","SIRFER Lab at University of Utah","2019-04-18","ElFtGy1kV49xqNP00HfxQA==","POM","1",50,25,100,"d15N",5.33,"perMill","Revesz & Coplen 2012a",,
"4f8509d3-0202-4460-a4da-94f96b270949","D09","PRPO","PRPO.AOS.buoy.c0","2019-02-11","PRPO.C0.20190211.POM.1","A00000049925","condition ok","SIRFER Lab at University of Utah","2019-04-18","ElFtGy1kV49xqNP00HfxQA==","POM","1",50,25,100,"nitrogen",498.45,"microgramsPerLiter","Revesz & Coplen 2012a",,
"ba14a396-42c8-4356-99be-52b52837ee11","D09","PRPO","PRPO.AOS.buoy.c0","2019-02-11","PRPO.C0.20190211.POM.1","A00000049925","condition ok","SIRFER Lab at University of Utah","2019-04-18","ElFtGy1kV49xqNP00HfxQA==","POM","1",50,25,100,"d13C",-27.00,"perMill","Revesz & Coplen 2012a",,
"6fa8028c-7fdf-4749-b889-dcfbd1ee6460","D09","PRPO","PRPO.AOS.buoy.c0","2019-02-11","PRPO.C0.20190211.POM.1","A00000049925","condition ok","SIRFER Lab at University of Utah","2019-04-18","ElFtGy1kV49xqNP00HfxQA==","POM","1",50,25,100,"carbon",4684.15,"microgramsPerLiter","Revesz & Coplen 2012a",,
