uid,domainID,siteID,namedLocation,collectDate,sampleID,sampleCode,sampleCondition,laboratoryName,analysisDate,analyzedBy,sampleType,replicate,sampleVolumeFiltered,filterSize,percentFilterAnalyzed,analyte,analyteConcentration,plantAlgaeLabUnits,method,externalRemarks,externalLabDataQF
"9859b623-96fa-4188-9737-429de575a4b0","D04","CUPE","CUPE.AOS.S2","2017-01-17","CUPE.SS.20170117.POM.2",,"other","Academy of Natural Sciences of Drexel University","2017-06-14","OKgcKejxXbI=","13C15N","2",,,100,"d13C",,"perMill",,"analysis corrupted during run",
"440b3999-8527-4b90-b1f8-c33855d58a43","D04","CUPE","CUPE.AOS.S2","2017-01-17","CUPE.SS.20170117.POM.2",,"other","Academy of Natural Sciences of Drexel University","2017-06-14","OKgcKejxXbI=","13C15N","2",,,100,"d15N",,"perMill",,"analysis corrupted during run",
"3970bcad-d2ef-4332-9f3d-839b23802cf0","D04","CUPE","CUPE.AOS.S2","2017-01-17","CUPE.SS.20170117.POM.1",,"condition ok","Academy of Natural Sciences of Drexel University","2017-05-25","OKgcKejxXbI=","13C15N","1",,,100,"d13C",-27.22,"perMill",,,
"ed199f94-070d-4449-8bb6-3a4910444620","D04","CUPE","CUPE.AOS.S2","2017-01-17","CUPE.SS.20170117.POM.1",,"condition ok","Academy of Natural Sciences of Drexel University","2017-05-25","OKgcKejxXbI=","13C15N","1",,,100,"d15N",1.92,"perMill",,,
