uid,domainID,siteID,namedLocation,collectDate,sampleID,sampleCode,sampleCondition,laboratoryName,analysisDate,analyzedBy,sampleType,replicate,sampleVolumeFiltered,filterSize,percentFilterAnalyzed,analyte,analyteConcentration,plantAlgaeLabUnits,method,externalRemarks,externalLabDataQF
"ff648f68-6120-42e0-bfa7-fbbf2d7e4795","D09","PRPO","PRPO.AOS.inlet","2016-07-06","PRPO.IN.20160706.POM.1",,"condition ok","Academy of Natural Sciences of Drexel University","2017-01-24","OKgcKejxXbI=","13C15N","1",,,100,"d13C",-29.42,"perMill",,,
"09bec51b-1acf-417c-a5b6-43d622ede4c7","D09","PRPO","PRPO.AOS.inlet","2016-07-06","PRPO.IN.20160706.POM.2",,"condition ok","Academy of Natural Sciences of Drexel University","2017-02-15","OKgcKejxXbI=","13C15N","2",,,100,"d15N",9.05,"perMill",,,
"89bb8a68-48bb-4172-b394-f25b67f0c17f","D09","PRPO","PRPO.AOS.inlet","2016-07-06","PRPO.IN.20160706.POM.1",,"condition ok","Academy of Natural Sciences of Drexel University","2017-01-24","OKgcKejxXbI=","13C15N","1",,,100,"d15N",9.20,"perMill",,,
"73c0e8ea-7839-48ce-aaa6-38f030cea071","D09","PRPO","PRPO.AOS.inlet","2016-07-06","PRPO.IN.20160706.POM.2",,"condition ok","Academy of Natural Sciences of Drexel University","2017-02-15","OKgcKejxXbI=","13C15N","2",,,100,"d13C",-29.05,"perMill",,,
"d6139960-3593-422a-ba29-ddea45fb2a3f","D09","PRPO","PRPO.AOS.buoy.c0","2016-07-06","PRPO.C0.20160706.POM.1",,"condition ok","Academy of Natural Sciences of Drexel University","2017-01-24","OKgcKejxXbI=","13C15N","1",,,100,"d13C",-31.38,"perMill",,,
"4dc7c457-894d-46a5-839d-64ed7a0b001f","D09","PRPO","PRPO.AOS.buoy.c0","2016-07-06","PRPO.C0.20160706.POM.2",,"condition ok","Academy of Natural Sciences of Drexel University","2017-02-15","OKgcKejxXbI=","13C15N","2",,,100,"d15N",10.96,"perMill",,,
"797b5a2a-ae4a-44c2-b06e-aa8572c59bf7","D09","PRPO","PRPO.AOS.buoy.c0","2016-07-06","PRPO.C0.20160706.POM.1",,"condition ok","Academy of Natural Sciences of Drexel University","2017-01-24","OKgcKejxXbI=","13C15N","1",,,100,"d15N",11.20,"perMill",,,
"eb355786-1608-4591-89b5-5e8776cb25be","D09","PRPO","PRPO.AOS.buoy.c0","2016-07-06","PRPO.C0.20160706.POM.2",,"condition ok","Academy of Natural Sciences of Drexel University","2017-02-15","OKgcKejxXbI=","13C15N","2",,,100,"d13C",-31.30,"perMill",,,
"840110ef-96ea-40c7-84f5-0a698e3e69b3","D09","PRPO","PRPO.AOS.outlet","2016-07-06","PRPO.OT.20160706.POM.2",,"condition ok","Academy of Natural Sciences of Drexel University","2017-02-15","OKgcKejxXbI=","13C15N","2",,,100,"d13C",-31.46,"perMill",,,
"fa4ee95d-57d3-46ea-a76c-ea8392438b10","D09","PRPO","PRPO.AOS.outlet","2016-07-06","PRPO.OT.20160706.POM.1",,"condition ok","Academy of Natural Sciences of Drexel University","2017-01-24","OKgcKejxXbI=","13C15N","1",,,100,"d13C",-32.38,"perMill",,,
"e07c77cf-801c-4101-996c-8c252d1496c5","D09","PRPO","PRPO.AOS.outlet","2016-07-06","PRPO.OT.20160706.POM.2",,"condition ok","Academy of Natural Sciences of Drexel University","2017-02-15","OKgcKejxXbI=","13C15N","2",,,100,"d15N",12.27,"perMill",,,
"29e45f71-3854-43c0-977e-27aca9631a90","D09","PRPO","PRPO.AOS.outlet","2016-07-06","PRPO.OT.20160706.POM.1",,"condition ok","Academy of Natural Sciences of Drexel University","2017-01-24","OKgcKejxXbI=","13C15N","1",,,100,"d15N",11.66,"perMill",,,
