uid,domainID,siteID,namedLocation,collectDate,sampleID,sampleCode,sampleCondition,laboratoryName,analysisDate,analyzedBy,sampleType,replicate,sampleVolumeFiltered,filterSize,percentFilterAnalyzed,analyte,analyteConcentration,plantAlgaeLabUnits,method,externalRemarks,externalLabDataQF
"25fb1e98-47a7-49f7-8bdb-635432f62e19","D13","COMO","COMO.AOS.S2","2016-06-20","COMO.SS.20160620.POM.1",,"condition ok","Academy of Natural Sciences of Drexel University","2017-02-10","OKgcKejxXbI=","13C15N","1",,,100,"d15N",3.48,"perMill",,,
"f0384cae-a97b-4557-8f91-2281d505bc5c","D13","COMO","COMO.AOS.S2","2016-06-20","COMO.SS.20160620.POM.2",,"condition ok","Academy of Natural Sciences of Drexel University","2017-02-22","OKgcKejxXbI=","13C15N","2",,,100,"d13C",-25.54,"perMill",,,
"3444c3b0-1ec7-427d-bafc-e617dcd0f968","D13","COMO","COMO.AOS.S2","2016-06-20","COMO.SS.20160620.POM.2",,"condition ok","Academy of Natural Sciences of Drexel University","2017-02-22","OKgcKejxXbI=","13C15N","2",,,100,"d15N",3.00,"perMill",,,
"cd352172-26cc-46ac-ab75-86d71215246e","D13","COMO","COMO.AOS.S2","2016-06-20","COMO.SS.20160620.POM.1",,"condition ok","Academy of Natural Sciences of Drexel University","2017-02-10","OKgcKejxXbI=","13C15N","1",,,100,"d13C",-25.08,"perMill",,,
"9ea266b8-128d-4de6-b0b8-b18d36770434","D13","COMO","COMO.AOS.S2","2016-06-27","COMO.SS.20160627.POM.2",,"condition ok","Academy of Natural Sciences of Drexel University","2017-02-22","OKgcKejxXbI=","13C15N","2",,,100,"d15N",4.22,"perMill",,,
"3ddf3a45-a655-4c3e-b6a5-cd312577efd2","D13","COMO","COMO.AOS.S2","2016-06-27","COMO.SS.20160627.POM.1",,"condition ok","Academy of Natural Sciences of Drexel University","2017-02-10","OKgcKejxXbI=","13C15N","1",,,100,"d13C",-26.00,"perMill",,,
"1fac88be-1deb-4799-a3c9-c800990e4ecc","D13","COMO","COMO.AOS.S2","2016-06-27","COMO.SS.20160627.POM.2",,"condition ok","Academy of Natural Sciences of Drexel University","2017-02-22","OKgcKejxXbI=","13C15N","2",,,100,"d13C",-26.47,"perMill",,,
"d782dc14-6a57-4b77-b7ce-fed1e86aca0a","D13","COMO","COMO.AOS.S2","2016-06-27","COMO.SS.20160627.POM.1",,"condition ok","Academy of Natural Sciences of Drexel University","2017-02-10","OKgcKejxXbI=","13C15N","1",,,100,"d15N",3.46,"perMill",,,
"074187ba-0fff-41cd-8fe7-c4a6e8bff24c","D13","COMO","COMO.AOS.S2","2016-06-30","COMO.SS.20160630.POM.1",,"condition ok","Academy of Natural Sciences of Drexel University","2017-02-10","OKgcKejxXbI=","13C15N","1",,,100,"d15N",3.87,"perMill",,,
"a3b9525c-423b-4d15-b16e-860437cf8e1c","D13","COMO","COMO.AOS.S2","2016-06-30","COMO.SS.20160630.POM.2",,"condition ok","Academy of Natural Sciences of Drexel University","2017-02-22","OKgcKejxXbI=","13C15N","2",,,100,"d13C",-26.07,"perMill",,,
"a31301d6-eec9-4fba-8891-25b6c3b1dc90","D13","COMO","COMO.AOS.S2","2016-06-30","COMO.SS.20160630.POM.1",,"condition ok","Academy of Natural Sciences of Drexel University","2017-02-10","OKgcKejxXbI=","13C15N","1",,,100,"d13C",-25.66,"perMill",,,
"79254b9f-feed-4761-b396-9184bc7b9f53","D13","COMO","COMO.AOS.S2","2016-06-30","COMO.SS.20160630.POM.2",,"condition ok","Academy of Natural Sciences of Drexel University","2017-02-22","OKgcKejxXbI=","13C15N","2",,,100,"d15N",4.55,"perMill",,,
