uid,domainID,siteID,namedLocation,collectDate,analysisDate,isotopeH2OSampleID,isotopeH2OSampleCode,instrumentSN,d18OWater,d2HWater,d18OsdWater,d2HsdWater,isotopeH2OExternalLabQF,laboratoryName,analyzedBy,sampleCondition,externalRemarks,externalLabDataQF
"439c0a7e-a66e-419e-89d1-f16f81149bf6","D13","COMO","COMO.AOS.S2","2016-06-06","2016-09-22","COMO.SS.20160606.H2O.1",,"HIDS2052",-17.59,-130.12,0.07,0.27,0,"SIRFER Lab at University of Utah","OlSmE6RRn5QQH8tvUHmK5i/poYiQr6sd","OK",,
"e0323251-f0d2-4793-b004-a9e2f93079e4","D13","COMO","COMO.AOS.S2","2016-06-09","2016-09-22","COMO.SS.20160609.H2O.1",,"HIDS2052",-17.34,-128.86,0.03,0.06,0,"SIRFER Lab at University of Utah","OlSmE6RRn5QQH8tvUHmK5i/poYiQr6sd","OK",,
"6058922d-e7e3-456d-b647-7bbd2cda5424","D13","COMO","COMO.AOS.S2","2016-06-14","2016-09-22","COMO.SS.20160614.H2O.1",,"HIDS2052",-17.21,-126.59,0.03,0.15,0,"SIRFER Lab at University of Utah","OlSmE6RRn5QQH8tvUHmK5i/poYiQr6sd","OK",,
"616f66c7-30b1-4681-97f7-f6f4c30d0131","D13","COMO","COMO.AOS.S2","2016-06-20","2016-09-22","COMO.SS.20160620.H2O.1",,"HIDS2052",-17.54,-129.28,0.04,0.12,0,"SIRFER Lab at University of Utah","OlSmE6RRn5QQH8tvUHmK5i/poYiQr6sd","OK",,
"16d1ee45-3419-4ed8-ab46-78f812e02f8a","D13","COMO","COMO.AOS.S2","2016-06-27","2016-09-22","COMO.SS.20160627.H2O.1",,"HIDS2052",-17.47,-128.59,0.01,0.05,0,"SIRFER Lab at University of Utah","OlSmE6RRn5QQH8tvUHmK5i/poYiQr6sd","OK",,
"70de1d08-1e27-45ca-8ac8-f8ad32abb4ac","D13","COMO","COMO.AOS.S2","2016-06-30","2016-09-22","COMO.SS.20160630.H2O.1",,"HIDS2052",-16.98,-126.81,0.02,0.14,0,"SIRFER Lab at University of Utah","OlSmE6RRn5QQH8tvUHmK5i/poYiQr6sd","OK",,
