uid,domainID,siteID,namedLocation,collectDate,parentSampleID,parentSampleCode,isotopeH2OSampleCond,isotopeH2OSampleID,isotopeH2OSampleCode,isotopePOMRep2SampleCond,isotopePOMRep2SampleID,isotopePOMRep2SampleCode,isotopePOMSampleCond,isotopePOMSampleID,isotopePOMSampleCode,processedDateFilters,processedDateH2OIsotopes,sampleVolumeFilteredPOMRep1,sampleVolumeFilteredPOMRep2,fieldDataQF
"4e185cde-2332-4dda-81da-be0a624461f9","D13","COMO","COMO.AOS.S2","2016-06-06T18:03Z","COMO.SS.20160606",,,"COMO.SS.20160606.H2O.1",,,"COMO.SS.20160606.POM.2",,,"COMO.SS.20160606.POM.1",,"2016-06-06T20:26Z","2016-06-06T20:26Z",600,600,
"a63109f6-f512-4012-819d-cbd2c3dc20e0","D13","COMO","COMO.AOS.S2","2016-06-09T18:42Z","COMO.SS.20160609",,,"COMO.SS.20160609.H2O.1",,,"COMO.SS.20160609.POM.2",,,"COMO.SS.20160609.POM.1",,"2016-06-09T21:30Z","2016-06-09T21:30Z",600,600,
"ed59aa9e-ac67-42bf-820b-8a5c23d17ac8","D13","COMO","COMO.AOS.S2","2016-06-14T20:13Z","COMO.SS.20160614",,,"COMO.SS.20160614.H2O.1",,,"COMO.SS.20160614.POM.2",,,"COMO.SS.20160614.POM.1",,"2016-06-14T22:00Z","2016-06-14T22:00Z",600,600,
"bef128e0-cf5e-48ff-aaf7-57577e0e69f1","D13","COMO","COMO.AOS.S2","2016-06-20T18:14Z","COMO.SS.20160620",,,"COMO.SS.20160620.H2O.1",,,"COMO.SS.20160620.POM.2",,,"COMO.SS.20160620.POM.1",,"2016-06-20T19:59Z","2016-06-20T19:59Z",600,600,
"7d811835-af8d-4e82-b82c-5db54bd0ce45","D13","COMO","COMO.AOS.S2","2016-06-27T20:29Z","COMO.SS.20160627",,,"COMO.SS.20160627.H2O.1",,,"COMO.SS.20160627.POM.2",,,"COMO.SS.20160627.POM.1",,"2016-06-27T22:19Z","2016-06-27T22:19Z",500,500,
"ff499dbe-7d32-4fc8-b3fd-e747c1d6c5bc","D13","COMO","COMO.AOS.S2","2016-06-30T15:09Z","COMO.SS.20160630",,,"COMO.SS.20160630.H2O.1",,,"COMO.SS.20160630.POM.2",,,"COMO.SS.20160630.POM.1",,"2016-06-30T16:40Z","2016-06-30T16:40Z",500,500,
