uid,domainID,siteID,namedLocation,decimalLatitude,decimalLongitude,coordinateUncertainty,additionalCoordUncertainty,elevation,elevationUncertainty,geodeticDatum,altLocation,altLatitude,altLongitude,altCoordinateUncertainty,altGeodeticDatum,collectDate,aquaticSiteType,samplingImpractical,parentSampleID,parentSampleCode,eventID,samplerType,dissolvedOxygen,dissolvedOxygenSaturation,specificConductance,waterTemp,asiSamplingProtocolVersion,lowerSegmentDepth,upperSegmentDepth,maxDepth,lakeSampleDepth1,lakeSampleDepth2,aCollectedBy,bCollectedBy,remarks,fieldDataQF
"59c1888f-9297-42d8-8ef9-06da5185259f","D13","COMO","COMO.AOS.S2",40.034953,-105.544407,0.1,10.0,3022.5,0.0,"WGS84",,,,,,"2016-06-06T18:03Z","stream",,"COMO.SS.20160606",,"COMO.20160606","Grab",,,,,"NEON.DOC.001886vD",,,,,,"dmonahan@neoninc.org","glacivita@field-ops.org","two H2O samples collected for commissioning|storage water may have been exposed to sun before temperature was recorded|storage water may have been exposed to sun before temperature was recorded",
"b5948410-91f5-4679-8d98-35350181e134","D13","COMO","COMO.AOS.S2",40.034953,-105.544407,0.1,10.0,3022.5,0.0,"WGS84",,,,,,"2016-06-09T18:42Z","stream",,"COMO.SS.20160609",,"COMO.20160609","Grab",9.00,100.10,15.40,4.20,"NEON.DOC.001886vD",,,,,,"dmonahan@neoninc.org","rshowalter@field-ops.org","stream over bankfull Protocol C - NOT B| C is not an option|two H2O samples collected for commissioning",
"c9529707-2aee-4f1e-90d7-8a1f6a1d5b5c","D13","COMO","COMO.AOS.S2",40.034953,-105.544407,0.1,10.0,3022.5,0.0,"WGS84",,,,,,"2016-06-14T20:13Z","stream",,"COMO.SS.20160614",,"COMO.20160614","Grab",8.50,96.20,17.40,5.40,"NEON.DOC.001886vD",,,,,,"dmonahan@neoninc.org","hschartel@neoninc.org","Protocol 002905.C",
"03687a06-c0df-44a3-b1fb-13dc99ad1805","D13","COMO","COMO.AOS.S2",40.034953,-105.544407,0.1,10.0,3022.5,0.0,"WGS84",,,,,,"2016-06-20T18:14Z","stream",,"COMO.SS.20160620",,"COMO.20160620","Grab",8.61,102.30,17.80,8.30,"NEON.DOC.001886vD",,,,,,"jjensen@field-ops.org","hschartel@neoninc.org","two H20 samples taken for commissioning",
"871fc503-eb84-48ce-9258-374fe828cb2f","D13","COMO","COMO.AOS.S2",40.034953,-105.544407,0.1,10.0,3022.5,0.0,"WGS84",,,,,,"2016-06-27T20:29Z","stream",,"COMO.SS.20160627",,"COMO.20160627","Grab",8.07,104.60,17.80,11.60,"NEON.DOC.001886vD",,,,,,"dmonahan@neoninc.org","hschartel@neoninc.org",,
"e520f579-f922-49bd-aacf-d8341664e4bb","D13","COMO","COMO.AOS.S2",40.034953,-105.544407,0.1,10.0,3022.5,0.0,"WGS84",,,,,,"2016-06-30T15:09Z","stream",,"COMO.SS.20160630",,"COMO.20160630","Grab",8.06,97.60,21.00,8.10,"NEON.DOC.001886vD",,,,,,"jjensen@field-ops.org","bnance@field-ops.org",,
