uid,domainID,siteID,namedLocation,collectDate,sampleID,sampleCode,sampleCondition,laboratoryName,analysisDate,analyzedBy,sampleType,replicate,sampleVolumeFiltered,filterSize,percentFilterAnalyzed,analyte,analyteConcentration,plantAlgaeLabUnits,method,externalRemarks,externalLabDataQF
"089f8939-ff53-4f89-8fcc-d1e2a2001337","D11","BLUE","BLUE.AOS.S2","2018-11-19","BLUE.SS.20181119.POM.1","A00000052595","condition ok","SIRFER Lab at University of Utah","2019-04-23","ElFtGy1kV49xqNP00HfxQA==","POM","1",500,25,100,"carbon",305.24,"microgramsPerLiter","Revesz & Coplen 2012a",,
"a02e9854-cac8-4797-b400-0f4ffa886333","D11","BLUE","BLUE.AOS.S2","2018-11-19","BLUE.SS.20181119.POM.1","A00000052595","condition ok","SIRFER Lab at University of Utah","2019-04-23","ElFtGy1kV49xqNP00HfxQA==","POM","1",500,25,100,"d13C",-29.49,"perMill","Revesz & Coplen 2012a",,
"3063305e-670a-466d-80c0-0b061e36abd2","D11","BLUE","BLUE.AOS.S2","2018-11-19","BLUE.SS.20181119.POM.1","A00000052595","condition ok","SIRFER Lab at University of Utah","2019-04-23","ElFtGy1kV49xqNP00HfxQA==","POM","1",500,25,100,"nitrogen",45.36,"microgramsPerLiter","Revesz & Coplen 2012a",,
"9ca6e31d-1914-462f-94c0-c6207dd6bb9b","D11","BLUE","BLUE.AOS.S2","2018-11-19","BLUE.SS.20181119.POM.1","A00000052595","condition ok","SIRFER Lab at University of Utah","2019-04-23","ElFtGy1kV49xqNP00HfxQA==","POM","1",500,25,100,"d15N",5.63,"perMill","Revesz & Coplen 2012a",,
"071d7525-ac9d-4d63-a081-64fec04fe005","D11","BLUE","BLUE.AOS.S2","2018-11-20","BLUE.SS.20181120.POM.1","A00000052589","condition ok","SIRFER Lab at University of Utah","2019-04-23","ElFtGy1kV49xqNP00HfxQA==","POM","1",500,25,100,"d15N",5.20,"perMill","Revesz & Coplen 2012a",,
"72c178e0-2c6d-42a0-bd15-732172a640ed","D11","BLUE","BLUE.AOS.S2","2018-11-20","BLUE.SS.20181120.POM.1","A00000052589","condition ok","SIRFER Lab at University of Utah","2019-04-23","ElFtGy1kV49xqNP00HfxQA==","POM","1",500,25,100,"carbon",323.58,"microgramsPerLiter","Revesz & Coplen 2012a",,
"98fce33c-c764-4ab5-8200-c914b566762c","D11","BLUE","BLUE.AOS.S2","2018-11-20","BLUE.SS.20181120.POM.1","A00000052589","condition ok","SIRFER Lab at University of Utah","2019-04-23","ElFtGy1kV49xqNP00HfxQA==","POM","1",500,25,100,"nitrogen",48.32,"microgramsPerLiter","Revesz & Coplen 2012a",,
"1618d791-1fe8-4563-b575-0f8db846a0a0","D11","BLUE","BLUE.AOS.S2","2018-11-20","BLUE.SS.20181120.POM.1","A00000052589","condition ok","SIRFER Lab at University of Utah","2019-04-23","ElFtGy1kV49xqNP00HfxQA==","POM","1",500,25,100,"d13C",-31.43,"perMill","Revesz & Coplen 2012a",,
