uid,domainID,siteID,namedLocation,collectDate,sampleID,sampleCode,sampleCondition,laboratoryName,analysisDate,analyzedBy,sampleType,replicate,sampleVolumeFiltered,filterSize,percentFilterAnalyzed,analyte,analyteConcentration,plantAlgaeLabUnits,method,externalRemarks,externalLabDataQF
"01744263-e02b-474b-8b6b-0c3c378f0a21","D02","POSE","POSE.AOS.S2","2019-03-25","POSE.SS.20190325.POM.1","A00000034025","condition ok","SIRFER Lab at University of Utah","2019-08-08","ElFtGy1kV49xqNP00HfxQA==","POM","1",400,25,100,"carbon",1032.99,"microgramsPerLiter","Revesz & Coplen 2012a",,
"ce3dc5ef-b753-4ca6-91fd-67a1d4488b38","D02","POSE","POSE.AOS.S2","2019-03-25","POSE.SS.20190325.POM.1","A00000034025","condition ok","SIRFER Lab at University of Utah","2019-08-08","ElFtGy1kV49xqNP00HfxQA==","POM","1",400,25,100,"nitrogen",87.63,"microgramsPerLiter","Revesz & Coplen 2012a",,
"9ff0e8d2-0225-4930-89a0-8e5a021f6a7e","D02","POSE","POSE.AOS.S2","2019-03-25","POSE.SS.20190325.POM.1","A00000034025","condition ok","SIRFER Lab at University of Utah","2019-08-08","ElFtGy1kV49xqNP00HfxQA==","POM","1",400,25,100,"d13C",-27.54,"perMill","Revesz & Coplen 2012a",,
"d3606171-2e18-40f2-96b6-8dd891b3aa40","D02","POSE","POSE.AOS.S2","2019-03-25","POSE.SS.20190325.POM.1","A00000034025","condition ok","SIRFER Lab at University of Utah","2019-08-08","ElFtGy1kV49xqNP00HfxQA==","POM","1",400,25,100,"d15N",5.28,"perMill","Revesz & Coplen 2012a",,
