uid,domainID,siteID,namedLocation,collectDate,sampleID,sampleCode,sampleCondition,laboratoryName,analysisDate,analyzedBy,sampleType,replicate,sampleVolumeFiltered,filterSize,percentFilterAnalyzed,analyte,analyteConcentration,plantAlgaeLabUnits,method,externalRemarks,externalLabDataQF
"7bf37442-8952-4fe9-b8ea-e558a1219186","D09","PRLA","PRLA.AOS.buoy.c0","2018-08-07","PRLA.C0.20180807.POM.1","B00000027907","condition ok","SIRFER Lab at University of Utah","2019-01-09","ElFtGy1kV49xqNP00HfxQA==","POM","1",70,25,100,"d13C",,"perMill","Revesz & Coplen 2012a",,
"4843585f-1188-43fa-ab7e-27991c3c01ad","D09","PRLA","PRLA.AOS.buoy.c0","2018-08-07","PRLA.C0.20180807.POM.1","B00000027907","condition ok","SIRFER Lab at University of Utah","2019-01-09","ElFtGy1kV49xqNP00HfxQA==","POM","1",70,25,100,"nitrogen",,"microgramsPerLiter","Revesz & Coplen 2012a",,
"f0255b16-8a34-450d-b72a-ef5a26c354eb","D09","PRLA","PRLA.AOS.buoy.c0","2018-08-07","PRLA.C0.20180807.POM.1","B00000027907","condition ok","SIRFER Lab at University of Utah","2019-01-09","ElFtGy1kV49xqNP00HfxQA==","POM","1",70,25,100,"d15N",,"perMill","Revesz & Coplen 2012a",,
"095a0511-8aef-4858-80b7-07e352d90aff","D09","PRLA","PRLA.AOS.buoy.c0","2018-08-07","PRLA.C0.20180807.POM.1","B00000027907","condition ok","SIRFER Lab at University of Utah","2019-01-09","ElFtGy1kV49xqNP00HfxQA==","POM","1",70,25,100,"carbon",,"microgramsPerLiter","Revesz & Coplen 2012a",,
