uid,domainID,siteID,namedLocation,collectDate,sampleID,sampleCode,sampleCondition,laboratoryName,analysisDate,analyzedBy,sampleType,replicate,sampleVolumeFiltered,filterSize,percentFilterAnalyzed,analyte,analyteConcentration,plantAlgaeLabUnits,method,externalRemarks,externalLabDataQF
"4e4598e4-98b5-4cf9-94cc-6bbe98a76bb3","D13","COMO","COMO.AOS.S2","2015-08-24","COMO.SS.20150824.POM.2",,"condition ok","Academy of Natural Sciences of Drexel University","2017-01-17","OKgcKejxXbI=","13C15N","2",300,25,100,"d13C",-26.95,"perMill",,,"Audit Failed. Document: A00036_DREX_AlgalChem_DocAudit_20170407.pdf & A00036_DREX_AlgalChem_VisitAudit_20170407.pdf"
"065adc44-d7b9-423e-baa9-7e9fa80db65b","D13","COMO","COMO.AOS.S2","2015-08-24","COMO.SS.20150824.POM.1",,"condition ok","Academy of Natural Sciences of Drexel University","2016-09-13","OKgcKejxXbI=","13C15N","1",,,100,"d15N",3.94,"perMill",,,
"94b7d47c-6e32-42da-9a31-9d1ac644d9a0","D13","COMO","COMO.AOS.S2","2015-08-24","COMO.SS.20150824.POM.1",,"condition ok","Academy of Natural Sciences of Drexel University","2016-09-13","OKgcKejxXbI=","13C15N","1",300,25,100,"d15N",3.94,"perMill",,,"Audit Failed. Document: A00036_DREX_AlgalChem_DocAudit_20170407.pdf & A00036_DREX_AlgalChem_VisitAudit_20170407.pdf"
"0633d16b-f286-46d0-8acc-128b2e3a1c96","D13","COMO","COMO.AOS.S2","2015-08-24","COMO.SS.20150824.POM.1",,"condition ok","Academy of Natural Sciences of Drexel University","2016-09-13","OKgcKejxXbI=","13C15N","1",300,25,100,"d13C",-26.61,"perMill",,,"Audit Failed. Document: A00036_DREX_AlgalChem_DocAudit_20170407.pdf & A00036_DREX_AlgalChem_VisitAudit_20170407.pdf"
"1980578c-1105-483f-958b-e6ecdc922a0f","D13","COMO","COMO.AOS.S2","2015-08-24","COMO.SS.20150824.POM.2",,"condition ok","Academy of Natural Sciences of Drexel University","2017-01-17","OKgcKejxXbI=","13C15N","2",300,25,100,"d15N",2.65,"perMill",,,"Audit Failed. Document: A00036_DREX_AlgalChem_DocAudit_20170407.pdf & A00036_DREX_AlgalChem_VisitAudit_20170407.pdf"
"76b58b0b-629b-4cbe-9f8e-b996e0a04a11","D13","COMO","COMO.AOS.S2","2015-08-24","COMO.SS.20150824.POM.1",,"condition ok","Academy of Natural Sciences of Drexel University","2016-09-13","OKgcKejxXbI=","13C15N","1",,,100,"d13C",-26.61,"perMill",,,
"e410fe8a-fd66-4de6-a78c-5b2e4afb51c8","D13","COMO","COMO.AOS.S2","2015-08-24","COMO.SS.20150824.POM.2",,"condition ok","Academy of Natural Sciences of Drexel University","2017-01-17","OKgcKejxXbI=","13C15N","2",,,100,"d15N",2.65,"perMill",,,
"891ca876-365d-47df-9a77-201cff9affb7","D13","COMO","COMO.AOS.S2","2015-08-24","COMO.SS.20150824.POM.2",,"condition ok","Academy of Natural Sciences of Drexel University","2017-01-17","OKgcKejxXbI=","13C15N","2",,,100,"d13C",-26.95,"perMill",,,
