uid,domainID,siteID,namedLocation,collectDate,parentSampleID,parentSampleCode,isotopeH2OSampleCond,isotopeH2OSampleID,isotopeH2OSampleCode,isotopePOMRep2SampleCond,isotopePOMRep2SampleID,isotopePOMRep2SampleCode,isotopePOMSampleCond,isotopePOMSampleID,isotopePOMSampleCode,processedDateFilters,processedDateH2OIsotopes,sampleVolumeFilteredPOMRep1,sampleVolumeFilteredPOMRep2,fieldDataQF
"283f64fc-d95e-430f-b98d-9bd8e4840774","D01","HOPB","HOPB.AOS.S2","2018-12-04T14:57Z","HOPB.SS.20181204",,"Sample condition ok","HOPB.SS.20181204.H2O.1","A00000032990","Sample condition ok","HOPB.SS.20181204.POM.2","A00000033003","Sample condition ok","HOPB.SS.20181204.POM.1","A00000033004","2018-12-04T17:10Z","2018-12-04T15:23Z",650,650,
"fae43f8f-fc18-4a3c-a8c4-47cf769e1e9d","D01","HOPB","HOPB.AOS.S2","2018-12-10T14:51Z","HOPB.SS.20181210",,"Sample condition ok","HOPB.SS.20181210.H2O.1","A00000032887","Sample condition ok","HOPB.SS.20181210.POM.2","A00000032954","Sample condition ok","HOPB.SS.20181210.POM.1","A00000032937","2018-12-10T17:30Z","2018-12-10T15:24Z",750,750,
"beb8f448-7e2a-4f14-b693-1bd3d11a8c3c","D01","HOPB","HOPB.AOS.S2","2018-12-10T14:51Z","HOPB.SS.20181210",,"Sample condition ok","HOPB.SS.20181210.H2O.2","A00000032904",,,,,,,,"2018-12-10T15:28Z",,,
"f8d235c0-faf9-406f-a23f-ac3d2c3dfa0d","D01","HOPB","HOPB.AOS.S2","2018-12-10T14:51Z","HOPB.SS.20181210",,"Sample condition ok","HOPB.SS.20181210.H2O.3","A00000032921",,,,,,,,"2018-12-10T15:33Z",,,
