uid,domainID,siteID,namedLocation,collectDate,analysisDate,isotopeH2OSampleID,isotopeH2OSampleCode,instrumentSN,d18OWater,d2HWater,d18OsdWater,d2HsdWater,isotopeH2OExternalLabQF,laboratoryName,analyzedBy,sampleCondition,externalRemarks,externalLabDataQF
"bf7f539a-6d20-4bd1-8063-2efbc199f497","D01","HOPB","HOPB.AOS.S2","2018-12-04","2019-01-17","HOPB.SS.20181204.H2O.1","A00000032990","HIDS2052",-8.40,-51.86,0.01,0.03,0,"SIRFER Lab at University of Utah","OlSmE6RRn5QQH8tvUHmK5i/poYiQr6sd","OK",,
"7e6115a7-e31f-4b35-b850-0db2635aadce","D01","HOPB","HOPB.AOS.S2","2018-12-10","2019-01-17","HOPB.SS.20181210.H2O.3","A00000032921","HIDS2052",-8.31,-50.96,0.06,0.27,0,"SIRFER Lab at University of Utah","OlSmE6RRn5QQH8tvUHmK5i/poYiQr6sd","OK",,
"6bbc139a-5727-49e7-ad1d-237c09143969","D01","HOPB","HOPB.AOS.S2","2018-12-10","2019-01-17","HOPB.SS.20181210.H2O.1","A00000032887","HIDS2052",-8.24,-50.61,0.04,0.27,0,"SIRFER Lab at University of Utah","OlSmE6RRn5QQH8tvUHmK5i/poYiQr6sd","OK",,
"b5db542d-b603-4f44-aa56-4925f8b2951f","D01","HOPB","HOPB.AOS.S2","2018-12-10","2019-01-17","HOPB.SS.20181210.H2O.2","A00000032904","HIDS2052",-8.25,-51.01,0.04,0.26,0,"SIRFER Lab at University of Utah","OlSmE6RRn5QQH8tvUHmK5i/poYiQr6sd","OK",,
