uid,domainID,siteID,namedLocation,collectDate,sampleID,sampleCode,sampleCondition,laboratoryName,analysisDate,analyzedBy,sampleType,replicate,sampleVolumeFiltered,filterSize,percentFilterAnalyzed,analyte,analyteConcentration,plantAlgaeLabUnits,method,externalRemarks,externalLabDataQF
"fbfbf6f9-0e0e-4150-a023-c6636192a14a","D12","BLDE","BLDE.AOS.S2","2019-03-05","BLDE.SS.20190305.POM.1","A00000053888","condition ok","SIRFER Lab at University of Utah","2019-04-17","ElFtGy1kV49xqNP00HfxQA==","POM","1",700,25,100,"d15N",1.51,"perMill","Revesz & Coplen 2012a",,
"3d576867-0953-4ca7-992f-b5b3cb21fa8d","D12","BLDE","BLDE.AOS.S2","2019-03-05","BLDE.SS.20190305.POM.1","A00000053888","condition ok","SIRFER Lab at University of Utah","2019-04-17","ElFtGy1kV49xqNP00HfxQA==","POM","1",700,25,100,"d13C",-26.37,"perMill","Revesz & Coplen 2012a",,
"b605b75f-5f4d-4348-b62b-c86c35eebac6","D12","BLDE","BLDE.AOS.S2","2019-03-05","BLDE.SS.20190305.POM.1","A00000053888","condition ok","SIRFER Lab at University of Utah","2019-04-17","ElFtGy1kV49xqNP00HfxQA==","POM","1",700,25,100,"carbon",203.61,"microgramsPerLiter","Revesz & Coplen 2012a",,
"290668a6-16a2-4103-bde4-aa0debda8074","D12","BLDE","BLDE.AOS.S2","2019-03-05","BLDE.SS.20190305.POM.1","A00000053888","condition ok","SIRFER Lab at University of Utah","2019-04-17","ElFtGy1kV49xqNP00HfxQA==","POM","1",700,25,100,"nitrogen",15.57,"microgramsPerLiter","Revesz & Coplen 2012a",,
"74fb2fc4-f9e8-4017-8929-a651d959bcd5","D12","BLDE","BLDE.AOS.S2","2019-03-12","BLDE.SS.20190312.POM.1","A00000053822","condition ok","SIRFER Lab at University of Utah","2019-04-17","ElFtGy1kV49xqNP00HfxQA==","POM","1",900,25,100,"nitrogen",13.93,"microgramsPerLiter","Revesz & Coplen 2012a",,
"be155037-e22f-4bf2-aa3c-88e0345b3bd5","D12","BLDE","BLDE.AOS.S2","2019-03-12","BLDE.SS.20190312.POM.1","A00000053822","condition ok","SIRFER Lab at University of Utah","2019-04-17","ElFtGy1kV49xqNP00HfxQA==","POM","1",900,25,100,"d13C",-28.79,"perMill","Revesz & Coplen 2012a",,
"48ab34d6-b722-48e0-85db-9bcc40511a18","D12","BLDE","BLDE.AOS.S2","2019-03-12","BLDE.SS.20190312.POM.1","A00000053822","condition ok","SIRFER Lab at University of Utah","2019-04-17","ElFtGy1kV49xqNP00HfxQA==","POM","1",900,25,100,"d15N",2.35,"perMill","Revesz & Coplen 2012a",,
"82ade149-71cf-4437-9317-cb81c5852521","D12","BLDE","BLDE.AOS.S2","2019-03-12","BLDE.SS.20190312.POM.1","A00000053822","condition ok","SIRFER Lab at University of Utah","2019-04-17","ElFtGy1kV49xqNP00HfxQA==","POM","1",900,25,100,"carbon",168.42,"microgramsPerLiter","Revesz & Coplen 2012a",,
