uid,domainID,siteID,namedLocation,collectDate,sampleID,sampleCode,sampleCondition,laboratoryName,analysisDate,analyzedBy,sampleType,replicate,sampleVolumeFiltered,filterSize,percentFilterAnalyzed,analyte,analyteConcentration,plantAlgaeLabUnits,method,externalRemarks,externalLabDataQF
"385b0c50-563f-4950-b276-416d2d0da4d7","D02","LEWI","LEWI.AOS.S2","2016-11-09","LEWI.SS.20161109.POM.1",,"condition ok","SIRFER Lab at University of Utah","2018-03-05","ElFtGy1kV49xqNP00HfxQA==","POM","1",1200,25,100,"nitrogen",19.20,"microgramsPerLiter","Revesz & Coplen 2012a",,
"726ce135-f3a7-42b6-b0d2-a65a3b9dfc13","D02","LEWI","LEWI.AOS.S2","2016-11-09","LEWI.SS.20161109.POM.1",,"condition ok","SIRFER Lab at University of Utah","2018-03-05","ElFtGy1kV49xqNP00HfxQA==","POM","1",1200,25,100,"carbon",157.97,"microgramsPerLiter","Revesz & Coplen 2012a",,
"0bb1f780-4d67-49a5-924f-da3d5b14ab47","D02","LEWI","LEWI.AOS.S2","2016-11-09","LEWI.SS.20161109.POM.1",,"condition ok","SIRFER Lab at University of Utah","2018-03-05","ElFtGy1kV49xqNP00HfxQA==","POM","1",1200,25,100,"d15N",6.14,"perMill","Revesz & Coplen 2012a",,
"c5f28cad-6d60-446e-b697-f4c537c7c5c5","D02","LEWI","LEWI.AOS.S2","2016-11-09","LEWI.SS.20161109.POM.1",,"condition ok","SIRFER Lab at University of Utah","2018-03-05","ElFtGy1kV49xqNP00HfxQA==","POM","1",1200,25,100,"d13C",-25.11,"perMill","Revesz & Coplen 2012a",,
"3a1dfe76-ae6a-40fe-bd96-9a21bf9f8ea3","D02","LEWI","LEWI.AOS.S2","2016-11-30","LEWI.SS.20161130.POM.1",,"condition ok","SIRFER Lab at University of Utah","2018-03-05","ElFtGy1kV49xqNP00HfxQA==","POM","1",800,25,100,"carbon",375.34,"microgramsPerLiter","Revesz & Coplen 2012a",,
"7744ce30-dd0e-4342-9234-203758628761","D02","LEWI","LEWI.AOS.S2","2016-11-30","LEWI.SS.20161130.POM.1",,"condition ok","SIRFER Lab at University of Utah","2018-03-05","ElFtGy1kV49xqNP00HfxQA==","POM","1",800,25,100,"nitrogen",41.08,"microgramsPerLiter","Revesz & Coplen 2012a",,
"c04b4745-6408-4e29-a174-9615d353c27a","D02","LEWI","LEWI.AOS.S2","2016-11-30","LEWI.SS.20161130.POM.1",,"condition ok","SIRFER Lab at University of Utah","2018-03-05","ElFtGy1kV49xqNP00HfxQA==","POM","1",800,25,100,"d13C",-25.98,"perMill","Revesz & Coplen 2012a",,
"97223bf9-84a0-4b30-b86f-5ac5dd5da720","D02","LEWI","LEWI.AOS.S2","2016-11-30","LEWI.SS.20161130.POM.1",,"condition ok","SIRFER Lab at University of Utah","2018-03-05","ElFtGy1kV49xqNP00HfxQA==","POM","1",800,25,100,"d15N",1.95,"perMill","Revesz & Coplen 2012a",,
