uid,domainID,siteID,namedLocation,collectDate,sampleID,sampleCode,sampleCondition,laboratoryName,analysisDate,analyzedBy,sampleType,replicate,sampleVolumeFiltered,filterSize,percentFilterAnalyzed,analyte,analyteConcentration,plantAlgaeLabUnits,method,externalRemarks,externalLabDataQF
"0b784fb2-1a4d-42c6-9dac-1ff677eb96a4","D10","ARIK","ARIK.AOS.S2","2016-04-05","ARIK.SS.20160405.POM.1",,"condition ok","Academy of Natural Sciences of Drexel University","2017-03-29","OKgcKejxXbI=","13C15N","1",,,100,"d15N",3.88,"perMill",,,
"82e19300-573a-4fe5-9ec7-872690eea966","D10","ARIK","ARIK.AOS.S2","2016-04-05","ARIK.SS.20160405.POM.2",,"other","Academy of Natural Sciences of Drexel University","2015-05-10","OKgcKejxXbI=","13C15N","2",,,100,"d15N",,"perMill",,"sample corrupted during analysis",
"26486f12-29fd-40ce-967a-641ee013e316","D10","ARIK","ARIK.AOS.S2","2016-04-05","ARIK.SS.20160405.POM.2",,"other","Academy of Natural Sciences of Drexel University","2015-05-10","OKgcKejxXbI=","13C15N","2",,,100,"d13C",,"perMill",,"sample corrupted during analysis",
"21211fee-959e-4127-86c5-b37b44c39fd1","D10","ARIK","ARIK.AOS.S2","2016-04-05","ARIK.SS.20160405.POM.1",,"condition ok","Academy of Natural Sciences of Drexel University","2017-03-29","OKgcKejxXbI=","13C15N","1",,,100,"d13C",-22.70,"perMill",,,
