uid,domainID,siteID,namedLocation,collectDate,sampleID,sampleCode,sampleCondition,laboratoryName,analysisDate,analyzedBy,sampleType,replicate,sampleVolumeFiltered,filterSize,percentFilterAnalyzed,analyte,analyteConcentration,plantAlgaeLabUnits,method,externalRemarks,externalLabDataQF
"690cd7c9-1b4a-4dfb-ad73-5692f8c42d77","D09","PRLA","PRLA.AOS.buoy.c0","2018-09-04","PRLA.C0.20180904.POM.1","A00000049191","condition ok","SIRFER Lab at University of Utah","2019-01-09","ElFtGy1kV49xqNP00HfxQA==","POM","1",80,25,100,"carbon",,"microgramsPerLiter","Revesz & Coplen 2012a",,
"4454c018-32a2-444b-b88a-d51e82078cf5","D09","PRLA","PRLA.AOS.buoy.c0","2018-09-04","PRLA.C0.20180904.POM.1","A00000049191","condition ok","SIRFER Lab at University of Utah","2019-01-09","ElFtGy1kV49xqNP00HfxQA==","POM","1",80,25,100,"d15N",,"perMill","Revesz & Coplen 2012a",,
"84fa80d3-51bd-47a3-a70c-1ba2719c1c0a","D09","PRLA","PRLA.AOS.buoy.c0","2018-09-04","PRLA.C0.20180904.POM.1","A00000049191","condition ok","SIRFER Lab at University of Utah","2019-01-09","ElFtGy1kV49xqNP00HfxQA==","POM","1",80,25,100,"nitrogen",,"microgramsPerLiter","Revesz & Coplen 2012a",,
"2833c361-9300-4e6d-9624-4d5f98bb8388","D09","PRLA","PRLA.AOS.buoy.c0","2018-09-04","PRLA.C0.20180904.POM.1","A00000049191","condition ok","SIRFER Lab at University of Utah","2019-01-09","ElFtGy1kV49xqNP00HfxQA==","POM","1",80,25,100,"d13C",,"perMill","Revesz & Coplen 2012a",,
