uid,domainID,siteID,namedLocation,collectDate,sampleID,sampleCode,sampleCondition,laboratoryName,analysisDate,analyzedBy,sampleType,replicate,sampleVolumeFiltered,filterSize,percentFilterAnalyzed,analyte,analyteConcentration,plantAlgaeLabUnits,method,externalRemarks,externalLabDataQF
"4f3e3321-31a3-46d8-b79b-c288f129985b","D02","POSE","POSE.AOS.S2","2016-04-05","POSE.SS.20160405.POM.2",,"condition ok","Academy of Natural Sciences of Drexel University","2016-09-01","OKgcKejxXbI=","13C15N","2",,,100,"d13C",-28.19,"perMill",,,
"a6dc24b7-1207-4547-ac47-e80d0bc01c61","D02","POSE","POSE.AOS.S2","2016-04-05","POSE.SS.20160405.POM.1",,"condition ok","Academy of Natural Sciences of Drexel University","2016-08-29","OKgcKejxXbI=","13C15N","1",,,100,"d13C",-28.00,"perMill",,,
"ee7cd4e0-bdae-4d8e-b095-1b787f276f98","D02","POSE","POSE.AOS.S2","2016-04-05","POSE.SS.20160405.POM.1",,"condition ok","Academy of Natural Sciences of Drexel University","2016-08-29","OKgcKejxXbI=","13C15N","1",,,100,"d15N",4.38,"perMill",,,
"df41bae0-a08a-4c20-a76e-bbc65a511981","D02","POSE","POSE.AOS.S2","2016-04-05","POSE.SS.20160405.POM.2",,"condition ok","Academy of Natural Sciences of Drexel University","2016-09-01","OKgcKejxXbI=","13C15N","2",,,100,"d15N",3.78,"perMill",,,
"1b41728a-0ca9-4a59-89cb-731f73aca6a6","D02","POSE","POSE.AOS.S2","2016-04-05","POSE.SS.20160405.POM.2",,"condition ok","Academy of Natural Sciences of Drexel University","2016-09-01","OKgcKejxXbI=","13C15N","2",500,25,100,"d15N",3.78,"perMill",,,"Audit Failed. Document: A00036_DREX_AlgalChem_DocAudit_20170407.pdf & A00036_DREX_AlgalChem_VisitAudit_20170407.pdf"
"2a0cc5f0-d120-433a-a3d7-8b96a25a6cf3","D02","POSE","POSE.AOS.S2","2016-04-05","POSE.SS.20160405.POM.1",,"condition ok","Academy of Natural Sciences of Drexel University","2016-08-29","OKgcKejxXbI=","13C15N","1",500,25,100,"d15N",4.38,"perMill",,,"Audit Failed. Document: A00036_DREX_AlgalChem_DocAudit_20170407.pdf & A00036_DREX_AlgalChem_VisitAudit_20170407.pdf"
"9b5bca7a-79ad-4b6a-9eae-2a47feea7083","D02","POSE","POSE.AOS.S2","2016-04-05","POSE.SS.20160405.POM.1",,"condition ok","Academy of Natural Sciences of Drexel University","2016-08-29","OKgcKejxXbI=","13C15N","1",500,25,100,"d13C",-28.00,"perMill",,,"Audit Failed. Document: A00036_DREX_AlgalChem_DocAudit_20170407.pdf & A00036_DREX_AlgalChem_VisitAudit_20170407.pdf"
"dddc4560-f3d5-4d08-97a6-30bb23303ff7","D02","POSE","POSE.AOS.S2","2016-04-05","POSE.SS.20160405.POM.2",,"condition ok","Academy of Natural Sciences of Drexel University","2016-09-01","OKgcKejxXbI=","13C15N","2",500,25,100,"d13C",-28.19,"perMill",,,"Audit Failed. Document: A00036_DREX_AlgalChem_DocAudit_20170407.pdf & A00036_DREX_AlgalChem_VisitAudit_20170407.pdf"
"75df89a1-6868-4f19-adef-5518f1dedff2","D02","POSE","POSE.AOS.S2","2016-04-12","POSE.SS.20160412.POM.1",,"other","Academy of Natural Sciences of Drexel University","2017-01-24","OKgcKejxXbI=","13C15N","1",,,100,"d13C",-28.08,"perMill",,"filter folded poorly, sample loss",
"fe6593c2-53f0-4ba9-aa8f-bf2311b6543b","D02","POSE","POSE.AOS.S2","2016-04-12","POSE.SS.20160412.POM.1",,"other","Academy of Natural Sciences of Drexel University","2017-01-24","OKgcKejxXbI=","13C15N","1",,,100,"d15N",3.19,"perMill",,"filter folded poorly, sample loss",
"b951064a-fa3e-4e21-8ea0-9d712ce5d46c","D02","POSE","POSE.AOS.S2","2016-04-12","POSE.SS.20160412.POM.2",,"other","Academy of Natural Sciences of Drexel University","2017-02-15","OKgcKejxXbI=","13C15N","2",,,100,"d13C",-27.91,"perMill",,"filter folded poorly, sample loss",
"1a5350d0-68f4-48f3-b2bf-9c95bfa13b84","D02","POSE","POSE.AOS.S2","2016-04-12","POSE.SS.20160412.POM.2",,"other","Academy of Natural Sciences of Drexel University","2017-02-15","OKgcKejxXbI=","13C15N","2",,,100,"d15N",3.15,"perMill",,"filter folded poorly, sample loss",
"61b6d0b0-a198-4e76-a944-68c1a051e0bd","D02","POSE","POSE.AOS.S2","2016-04-19","POSE.SS.20160419.POM.1",,"other","Academy of Natural Sciences of Drexel University","2017-01-24","OKgcKejxXbI=","13C15N","1",,,100,"d15N",4.37,"perMill",,"filter folded poorly, sample loss",
"e896439d-9448-469a-a415-976bb54421f7","D02","POSE","POSE.AOS.S2","2016-04-19","POSE.SS.20160419.POM.2",,"other","Academy of Natural Sciences of Drexel University","2017-02-15","OKgcKejxXbI=","13C15N","2",,,100,"d15N",0.40,"perMill",,"filter folded poorly, sample loss",
"744cfc4c-c3c3-45e3-b16a-d393c65a3bba","D02","POSE","POSE.AOS.S2","2016-04-19","POSE.SS.20160419.POM.2",,"other","Academy of Natural Sciences of Drexel University","2017-02-15","OKgcKejxXbI=","13C15N","2",,,100,"d13C",-28.99,"perMill",,"filter folded poorly, sample loss",
"dba335ae-a64b-45b6-bc5e-96aa28c718c3","D02","POSE","POSE.AOS.S2","2016-04-19","POSE.SS.20160419.POM.1",,"other","Academy of Natural Sciences of Drexel University","2017-01-24","OKgcKejxXbI=","13C15N","1",,,100,"d13C",-28.32,"perMill",,"filter folded poorly, sample loss",
