uid,domainID,siteID,namedLocation,collectDate,sampleID,sampleCode,sampleCondition,laboratoryName,analysisDate,analyzedBy,sampleType,replicate,sampleVolumeFiltered,filterSize,percentFilterAnalyzed,analyte,analyteConcentration,plantAlgaeLabUnits,method,externalRemarks,externalLabDataQF
"94280b55-7f07-472c-9b13-c134e7d3360f","D12","BLDE","BLDE.AOS.S2","2019-01-30","BLDE.SS.20190130.POM.1","A00000054037","condition ok","SIRFER Lab at University of Utah","2019-04-17","ElFtGy1kV49xqNP00HfxQA==","POM","1",600,25,100,"d13C",-27.05,"perMill","Revesz & Coplen 2012a",,
"092814c5-c2ff-42ec-a337-b012bdf1b460","D12","BLDE","BLDE.AOS.S2","2019-01-30","BLDE.SS.20190130.POM.1","A00000054037","condition ok","SIRFER Lab at University of Utah","2019-04-17","ElFtGy1kV49xqNP00HfxQA==","POM","1",600,25,100,"nitrogen",22.95,"microgramsPerLiter","Revesz & Coplen 2012a",,
"d41bc942-b8a3-4b93-88e7-2be3b6828e6b","D12","BLDE","BLDE.AOS.S2","2019-01-30","BLDE.SS.20190130.POM.1","A00000054037","condition ok","SIRFER Lab at University of Utah","2019-04-17","ElFtGy1kV49xqNP00HfxQA==","POM","1",600,25,100,"carbon",292.10,"microgramsPerLiter","Revesz & Coplen 2012a",,
"8c5240b6-82e4-413c-b668-e563216d79df","D12","BLDE","BLDE.AOS.S2","2019-01-30","BLDE.SS.20190130.POM.1","A00000054037","condition ok","SIRFER Lab at University of Utah","2019-04-17","ElFtGy1kV49xqNP00HfxQA==","POM","1",600,25,100,"d15N",0.82,"perMill","Revesz & Coplen 2012a",,
