uid,domainID,siteID,namedLocation,collectDate,sampleID,sampleCode,sampleCondition,laboratoryName,analysisDate,analyzedBy,sampleType,replicate,sampleVolumeFiltered,filterSize,percentFilterAnalyzed,analyte,analyteConcentration,plantAlgaeLabUnits,method,externalRemarks,externalLabDataQF
"0043b437-cc3c-4b81-913a-5b335d63199e","D08","BLWA","BLWA.AOS.buoy.c0","2017-05-02","BLWA.C0.20170502.POM.1",,"condition ok","SIRFER Lab at University of Utah","2018-03-22","ElFtGy1kV49xqNP00HfxQA==","POM","1",75,25,100,"d15N",9.47,"perMill","Revesz & Coplen 2012a",,
"9af9b4e2-1007-48ab-b9f5-e2390e469d8c","D08","BLWA","BLWA.AOS.buoy.c0","2017-05-02","BLWA.C0.20170502.POM.1",,"condition ok","SIRFER Lab at University of Utah","2018-03-22","ElFtGy1kV49xqNP00HfxQA==","POM","1",75,25,100,"nitrogen",168.71,"microgramsPerLiter","Revesz & Coplen 2012a",,
"6e6a3268-68c4-416d-8478-5e25c32a6f78","D08","BLWA","BLWA.AOS.buoy.c0","2017-05-02","BLWA.C0.20170502.POM.1",,"condition ok","SIRFER Lab at University of Utah","2018-03-22","ElFtGy1kV49xqNP00HfxQA==","POM","1",75,25,100,"d13C",-28.00,"perMill","Revesz & Coplen 2012a",,
"079ec44e-cc56-4d12-ae25-eb9d892937a2","D08","BLWA","BLWA.AOS.buoy.c0","2017-05-02","BLWA.C0.20170502.POM.1",,"condition ok","SIRFER Lab at University of Utah","2018-03-22","ElFtGy1kV49xqNP00HfxQA==","POM","1",75,25,100,"carbon",1159.09,"microgramsPerLiter","Revesz & Coplen 2012a",,
"2dc1368f-e489-4b83-b969-7d3939467f2b","D08","BLWA","BLWA.AOS.buoy.c0","2017-05-16","BLWA.C0.20170516.POM.1",,"condition ok","SIRFER Lab at University of Utah","2018-03-22","ElFtGy1kV49xqNP00HfxQA==","POM","1",100,25,100,"d15N",8.18,"perMill","Revesz & Coplen 2012a",,
"c02a5759-c190-495e-9a3b-aca4524a8156","D08","BLWA","BLWA.AOS.buoy.c0","2017-05-16","BLWA.C0.20170516.POM.1",,"condition ok","SIRFER Lab at University of Utah","2018-03-22","ElFtGy1kV49xqNP00HfxQA==","POM","1",100,25,100,"nitrogen",212.83,"microgramsPerLiter","Revesz & Coplen 2012a",,
"e27e5862-901b-49a6-8112-bf1d7108960c","D08","BLWA","BLWA.AOS.buoy.c0","2017-05-16","BLWA.C0.20170516.POM.1",,"condition ok","SIRFER Lab at University of Utah","2018-03-22","ElFtGy1kV49xqNP00HfxQA==","POM","1",100,25,100,"d13C",-32.83,"perMill","Revesz & Coplen 2012a",,
"6030954a-e063-4d3d-b870-017ce7e69b79","D08","BLWA","BLWA.AOS.buoy.c0","2017-05-16","BLWA.C0.20170516.POM.1",,"condition ok","SIRFER Lab at University of Utah","2018-03-22","ElFtGy1kV49xqNP00HfxQA==","POM","1",100,25,100,"carbon",1630.35,"microgramsPerLiter","Revesz & Coplen 2012a",,
"ec12ae75-d8b9-41bc-9bec-9dfb0afbc7ef","D08","BLWA","BLWA.AOS.buoy.c0","2017-05-23","BLWA.C0.20170523.POM.1",,"condition ok","SIRFER Lab at University of Utah","2018-03-22","ElFtGy1kV49xqNP00HfxQA==","POM","1",100,25,100,"d15N",11.56,"perMill","Revesz & Coplen 2012a",,
"b652593d-0481-4031-b46f-4e34b9a2f0c2","D08","BLWA","BLWA.AOS.buoy.c0","2017-05-23","BLWA.C0.20170523.POM.1",,"condition ok","SIRFER Lab at University of Utah","2018-03-22","ElFtGy1kV49xqNP00HfxQA==","POM","1",100,25,100,"d13C",-29.29,"perMill","Revesz & Coplen 2012a",,
"cf23c045-1205-4a40-a4d8-c58bc0c71ebf","D08","BLWA","BLWA.AOS.buoy.c0","2017-05-23","BLWA.C0.20170523.POM.1",,"condition ok","SIRFER Lab at University of Utah","2018-03-22","ElFtGy1kV49xqNP00HfxQA==","POM","1",100,25,100,"carbon",888.45,"microgramsPerLiter","Revesz & Coplen 2012a",,
"849e7763-a99f-4e9e-9da6-9bf52d4b4d68","D08","BLWA","BLWA.AOS.buoy.c0","2017-05-23","BLWA.C0.20170523.POM.1",,"condition ok","SIRFER Lab at University of Utah","2018-03-22","ElFtGy1kV49xqNP00HfxQA==","POM","1",100,25,100,"nitrogen",130.71,"microgramsPerLiter","Revesz & Coplen 2012a",,
