uid,domainID,siteID,namedLocation,collectDate,parentSampleID,parentSampleCode,isotopeH2OSampleCond,isotopeH2OSampleID,isotopeH2OSampleCode,isotopePOMRep2SampleCond,isotopePOMRep2SampleID,isotopePOMRep2SampleCode,isotopePOMSampleCond,isotopePOMSampleID,isotopePOMSampleCode,processedDateFilters,processedDateH2OIsotopes,sampleVolumeFilteredPOMRep1,sampleVolumeFilteredPOMRep2,fieldDataQF
"0588b534-1dcd-4058-b14e-62a08c70ff0a","D01","HOPB","HOPB.AOS.S2","2018-11-06T14:26Z","HOPB.SS.20181106",,"Sample condition ok","HOPB.SS.20181106.H2O.2","A00000032854",,,,,,,,"2018-11-06T14:32Z",,,
"309b5eae-5212-424d-9b38-adfcbc7e6524","D01","HOPB","HOPB.AOS.S2","2018-11-06T14:26Z","HOPB.SS.20181106",,"Sample condition ok","HOPB.SS.20181106.H2O.1","A00000032853","Sample condition ok","HOPB.SS.20181106.POM.2","A00000032862","Sample condition ok","HOPB.SS.20181106.POM.1","A00000032861","2018-11-06T16:56Z","2018-11-06T14:25Z",450,450,
"3eb4c05a-e7d8-4040-9954-5baee817d48c","D01","HOPB","HOPB.AOS.S2","2018-11-06T14:26Z","HOPB.SS.20181106",,"Sample condition ok","HOPB.SS.20181106.H2O.3","A00000032855",,,,,,,,"2018-11-06T14:39Z",,,
"04dce99c-b7dd-4dbe-972c-a8fd4457317e","D01","HOPB","HOPB.AOS.S2","2018-11-13T15:44Z","HOPB.SS.20181113",,"Sample condition ok","HOPB.SS.20181113.H2O.2","A00000032889",,,,,,,,"2018-11-13T18:06Z",,,
"35d1914f-76d8-4b8e-98b8-f7a637622bc6","D01","HOPB","HOPB.AOS.S2","2018-11-13T15:44Z","HOPB.SS.20181113",,"Sample condition ok","HOPB.SS.20181113.H2O.1","A00000032906","Sample condition ok","HOPB.SS.20181113.POM.2","A00000032923","Sample condition ok","HOPB.SS.20181113.POM.1","A00000032940","2018-11-13T19:16Z","2018-11-13T18:01Z",300,300,
"96cfdec4-e7f7-4bc2-900e-10bb13398d6b","D01","HOPB","HOPB.AOS.S2","2018-11-13T15:44Z","HOPB.SS.20181113",,"Sample condition ok","HOPB.SS.20181113.H2O.3","A00000033007",,,,,,,,"2018-11-13T18:10Z",,,
