uid,domainID,siteID,namedLocation,collectDate,analysisDate,isotopeH2OSampleID,isotopeH2OSampleCode,instrumentSN,d18OWater,d2HWater,d18OsdWater,d2HsdWater,isotopeH2OExternalLabQF,laboratoryName,analyzedBy,sampleCondition,externalRemarks,externalLabDataQF
"f93a119c-8855-44ce-9821-ed062e259c3b","D01","HOPB","HOPB.AOS.S2","2018-11-06","2019-01-17","HOPB.SS.20181106.H2O.3","A00000032855","HIDS2052",-7.76,-47.19,0.05,0.16,0,"SIRFER Lab at University of Utah","OlSmE6RRn5QQH8tvUHmK5i/poYiQr6sd","OK",,
"7397b118-1427-4302-ab4b-f5d3ee2f8ea2","D01","HOPB","HOPB.AOS.S2","2018-11-06","2019-01-17","HOPB.SS.20181106.H2O.1","A00000032853","HIDS2052",-7.88,-47.71,0.09,0.59,0,"SIRFER Lab at University of Utah","OlSmE6RRn5QQH8tvUHmK5i/poYiQr6sd","OK",,
"49748b4c-22ca-4f54-823c-34f734531e50","D01","HOPB","HOPB.AOS.S2","2018-11-06","2019-01-17","HOPB.SS.20181106.H2O.2","A00000032854","HIDS2052",-7.81,-47.32,0.04,0.22,0,"SIRFER Lab at University of Utah","OlSmE6RRn5QQH8tvUHmK5i/poYiQr6sd","OK",,
"96643c93-d518-4f0b-8cdd-8a591818f47d","D01","HOPB","HOPB.AOS.S2","2018-11-13","2019-01-17","HOPB.SS.20181113.H2O.3","A00000033007","HIDS2052",-8.65,-53.01,0.04,0.14,0,"SIRFER Lab at University of Utah","OlSmE6RRn5QQH8tvUHmK5i/poYiQr6sd","OK",,
"f2bd9f52-6576-4b5b-bd51-d4429c5ce963","D01","HOPB","HOPB.AOS.S2","2018-11-13","2019-01-17","HOPB.SS.20181113.H2O.2","A00000032889","HIDS2052",-8.59,-52.62,0.04,0.22,0,"SIRFER Lab at University of Utah","OlSmE6RRn5QQH8tvUHmK5i/poYiQr6sd","OK",,
"f722a4c8-5e44-408e-8518-4d95a08eec7a","D01","HOPB","HOPB.AOS.S2","2018-11-13","2019-01-17","HOPB.SS.20181113.H2O.1","A00000032906","HIDS2052",-8.66,-52.93,0.02,0.11,0,"SIRFER Lab at University of Utah","OlSmE6RRn5QQH8tvUHmK5i/poYiQr6sd","OK",,
