uid,domainID,siteID,namedLocation,decimalLatitude,decimalLongitude,coordinateUncertainty,additionalCoordUncertainty,elevation,elevationUncertainty,geodeticDatum,altLocation,altLatitude,altLongitude,altCoordinateUncertainty,altGeodeticDatum,collectDate,aquaticSiteType,samplingImpractical,parentSampleID,parentSampleCode,eventID,samplerType,dissolvedOxygen,dissolvedOxygenSaturation,specificConductance,waterTemp,asiSamplingProtocolVersion,lowerSegmentDepth,upperSegmentDepth,maxDepth,lakeSampleDepth1,lakeSampleDepth2,aCollectedBy,bCollectedBy,remarks,fieldDataQF
"8ba86b03-be5a-4bbf-9456-6638fbad0e0f","D08","MAYF","MAYF.AOS.S2",32.961588,-87.408214,0.1,10.0,69.8,0.1,"WGS84",,,,,,"2017-10-03T15:19Z","stream",,"MAYF.SS.20171003",,"MAYF.20171003","Grab",7.66,86.60,13.10,20.50,"NEON.DOC.001886vF",,,,,,"jgalloway@battelleecology.org","kbrown01@battelleecology.org",,
"a264149e-2c11-427f-9d44-29a9d33f2bbe","D08","MAYF","MAYF.AOS.S2",32.961588,-87.408214,0.1,10.0,69.8,0.1,"WGS84",,,,,,"2017-10-09T14:22Z","stream",,"MAYF.SS.20171009",,"MAYF.20171009","Grab",7.84,90.60,15.20,21.80,"NEON.DOC.001886vF",,,,,,"mlabelle@battelleecology.org","churak@battelleecology.org",,
"6ac0aff6-f407-424c-888b-e3aea894ffdf","D08","MAYF","MAYF.AOS.S2",32.961588,-87.408214,0.1,10.0,69.8,0.1,"WGS84",,,,,,"2017-10-19T18:29Z","stream",,"MAYF.SS.20171019",,"MAYF.20171019","Grab",12.30,121.20,13.50,15.20,"NEON.DOC.001886vF",,,,,,"mlabelle@battelleecology.org","kbrown01@battelleecology.org",,
"87adf46e-3638-4b54-983c-b0a27ea6efce","D08","MAYF","MAYF.AOS.S2",32.961588,-87.408214,0.1,10.0,69.8,0.1,"WGS84",,,,,,"2017-10-23T19:50Z","stream",,"MAYF.SS.20171023",,"MAYF.20171023","Grab",4.86,52.00,13.80,18.20,"NEON.DOC.001886vF",,,,,,"kbrown01@battelleecology.org","kbrown01@battelleecology.org",,
