uid,domainID,siteID,namedLocation,collectDate,parentSampleID,parentSampleCode,isotopeH2OSampleCond,isotopeH2OSampleID,isotopeH2OSampleCode,isotopePOMRep2SampleCond,isotopePOMRep2SampleID,isotopePOMRep2SampleCode,isotopePOMSampleCond,isotopePOMSampleID,isotopePOMSampleCode,processedDateFilters,processedDateH2OIsotopes,sampleVolumeFilteredPOMRep1,sampleVolumeFilteredPOMRep2,fieldDataQF
"9f9351c7-1039-4024-8787-d313df1350b3","D08","MAYF","MAYF.AOS.S2","2017-10-03T15:19Z","MAYF.SS.20171003",,"Sample condition ok","MAYF.SS.20171003.H2O.1",,"Sample condition ok",,,"Sample condition ok","MAYF.SS.20171003.POM.1",,"2017-10-03T15:19Z","2017-10-03T15:19Z",50,,
"c7e88416-5799-4b84-a76a-c9e710e6df6a","D08","MAYF","MAYF.AOS.S2","2017-10-09T14:22Z","MAYF.SS.20171009",,"Sample condition ok","MAYF.SS.20171009.H2O.1",,"Sample condition ok","MAYF.SS.20171009.POM.2",,"Sample condition ok","MAYF.SS.20171009.POM.1",,"2017-10-09T15:20Z","2017-10-09T15:20Z",50,50,
"2331414a-2d89-4248-91b0-4437c3373ffa","D08","MAYF","MAYF.AOS.S2","2017-10-19T18:29Z","MAYF.SS.20171019",,"Sample condition ok","MAYF.SS.20171019.H2O.1",,"Sample condition ok","MAYF.SS.20171019.POM.2",,"Sample condition ok","MAYF.SS.20171019.POM.1",,"2017-10-19T19:24Z","2017-10-19T19:15Z",50,50,
"ca279656-06d0-4254-b98f-18bca7ffd1bf","D08","MAYF","MAYF.AOS.S2","2017-10-23T19:50Z","MAYF.SS.20171023",,"Sample condition ok","MAYF.SS.20171023.H2O.1",,"Sample condition ok","MAYF.SS.20171023.POM.2",,"Sample condition ok","MAYF.SS.20171023.POM.1",,"2017-10-23T20:05Z","2017-10-23T20:05Z",50,50,
