uid,domainID,siteID,namedLocation,collectDate,sampleID,sampleCode,sampleCondition,laboratoryName,analysisDate,analyzedBy,sampleType,replicate,sampleVolumeFiltered,filterSize,percentFilterAnalyzed,analyte,analyteConcentration,plantAlgaeLabUnits,method,externalRemarks,externalLabDataQF
"3348830c-33b1-4814-8b88-58050a96a45c","D08","MAYF","MAYF.AOS.S2","2017-10-03","MAYF.SS.20171003.POM.1",,"condition ok","SIRFER Lab at University of Utah","2018-03-23","ElFtGy1kV49xqNP00HfxQA==","POM","1",50,25,100,"carbon",1735.40,"microgramsPerLiter","Revesz & Coplen 2012a",,
"df33929e-1797-4453-89c8-497712cca1f7","D08","MAYF","MAYF.AOS.S2","2017-10-03","MAYF.SS.20171003.POM.1",,"condition ok","SIRFER Lab at University of Utah","2018-03-23","ElFtGy1kV49xqNP00HfxQA==","POM","1",50,25,100,"d15N",8.79,"perMill","Revesz & Coplen 2012a",,
"d5e62dc6-765f-4c35-9499-c28cad5e970c","D08","MAYF","MAYF.AOS.S2","2017-10-03","MAYF.SS.20171003.POM.1",,"condition ok","SIRFER Lab at University of Utah","2018-03-23","ElFtGy1kV49xqNP00HfxQA==","POM","1",50,25,100,"d13C",-29.04,"perMill","Revesz & Coplen 2012a",,
"a09587fa-01ef-42d0-8bd4-27b281910566","D08","MAYF","MAYF.AOS.S2","2017-10-03","MAYF.SS.20171003.POM.1",,"condition ok","SIRFER Lab at University of Utah","2018-03-23","ElFtGy1kV49xqNP00HfxQA==","POM","1",50,25,100,"nitrogen",119.15,"microgramsPerLiter","Revesz & Coplen 2012a",,
"b33482dd-9b8d-445c-816f-c00bf19bfd2e","D08","MAYF","MAYF.AOS.S2","2017-10-09","MAYF.SS.20171009.POM.1",,"condition ok","SIRFER Lab at University of Utah","2018-03-23","ElFtGy1kV49xqNP00HfxQA==","POM","1",50,25,100,"nitrogen",121.60,"microgramsPerLiter","Revesz & Coplen 2012a",,
"e5beb0ff-a5c7-4270-9b26-5d9723c7248d","D08","MAYF","MAYF.AOS.S2","2017-10-09","MAYF.SS.20171009.POM.1",,"condition ok","SIRFER Lab at University of Utah","2018-03-23","ElFtGy1kV49xqNP00HfxQA==","POM","1",50,25,100,"d13C",-27.63,"perMill","Revesz & Coplen 2012a",,
"1d8933e3-e815-4d6d-be15-cdb7e3748339","D08","MAYF","MAYF.AOS.S2","2017-10-09","MAYF.SS.20171009.POM.1",,"condition ok","SIRFER Lab at University of Utah","2018-03-23","ElFtGy1kV49xqNP00HfxQA==","POM","1",50,25,100,"d15N",9.45,"perMill","Revesz & Coplen 2012a",,
"7736f22b-0faf-4ebf-ab01-6a2448ea7160","D08","MAYF","MAYF.AOS.S2","2017-10-09","MAYF.SS.20171009.POM.1",,"condition ok","SIRFER Lab at University of Utah","2018-03-23","ElFtGy1kV49xqNP00HfxQA==","POM","1",50,25,100,"carbon",1561.14,"microgramsPerLiter","Revesz & Coplen 2012a",,
"72db0598-3072-4e48-928f-ad6d72e74cbb","D08","MAYF","MAYF.AOS.S2","2017-10-19","MAYF.SS.20171019.POM.1",,"condition ok","SIRFER Lab at University of Utah","2018-03-26","ElFtGy1kV49xqNP00HfxQA==","POM","1",50,25,100,"d13C",-28.64,"perMill","Revesz & Coplen 2012a",,
"01820a0d-e0bf-41ad-be2e-2341aeb4d492","D08","MAYF","MAYF.AOS.S2","2017-10-19","MAYF.SS.20171019.POM.1",,"condition ok","SIRFER Lab at University of Utah","2018-03-26","ElFtGy1kV49xqNP00HfxQA==","POM","1",50,25,100,"d15N",15.36,"perMill","Revesz & Coplen 2012a",,
"63ece7d5-61f5-424f-ba7f-cafd3ff687f6","D08","MAYF","MAYF.AOS.S2","2017-10-19","MAYF.SS.20171019.POM.1",,"condition ok","SIRFER Lab at University of Utah","2018-03-26","ElFtGy1kV49xqNP00HfxQA==","POM","1",50,25,100,"nitrogen",110.25,"microgramsPerLiter","Revesz & Coplen 2012a",,
"60981e98-6d99-4c50-83c4-7228970cf310","D08","MAYF","MAYF.AOS.S2","2017-10-19","MAYF.SS.20171019.POM.1",,"condition ok","SIRFER Lab at University of Utah","2018-03-26","ElFtGy1kV49xqNP00HfxQA==","POM","1",50,25,100,"carbon",1533.09,"microgramsPerLiter","Revesz & Coplen 2012a",,
"28113f17-5067-4415-b01d-6d89a109cf9b","D08","MAYF","MAYF.AOS.S2","2017-10-23","MAYF.SS.20171023.POM.1",,"condition ok","SIRFER Lab at University of Utah","2018-03-26","ElFtGy1kV49xqNP00HfxQA==","POM","1",50,25,100,"d15N",11.23,"perMill","Revesz & Coplen 2012a",,
"6a7cf7ad-3838-4e08-a4c9-3e30df3ecd2f","D08","MAYF","MAYF.AOS.S2","2017-10-23","MAYF.SS.20171023.POM.1",,"condition ok","SIRFER Lab at University of Utah","2018-03-26","ElFtGy1kV49xqNP00HfxQA==","POM","1",50,25,100,"nitrogen",116.95,"microgramsPerLiter","Revesz & Coplen 2012a",,
"61daed10-e43f-4d23-a00a-22a036c66295","D08","MAYF","MAYF.AOS.S2","2017-10-23","MAYF.SS.20171023.POM.1",,"condition ok","SIRFER Lab at University of Utah","2018-03-26","ElFtGy1kV49xqNP00HfxQA==","POM","1",50,25,100,"carbon",1947.72,"microgramsPerLiter","Revesz & Coplen 2012a",,
"f33dd749-f021-4862-bac9-4b94e2629458","D08","MAYF","MAYF.AOS.S2","2017-10-23","MAYF.SS.20171023.POM.1",,"condition ok","SIRFER Lab at University of Utah","2018-03-26","ElFtGy1kV49xqNP00HfxQA==","POM","1",50,25,100,"d13C",-29.11,"perMill","Revesz & Coplen 2012a",,
