uid,domainID,siteID,namedLocation,collectDate,sampleID,sampleCode,sampleCondition,laboratoryName,analysisDate,analyzedBy,sampleType,replicate,sampleVolumeFiltered,filterSize,percentFilterAnalyzed,analyte,analyteConcentration,plantAlgaeLabUnits,method,externalRemarks,externalLabDataQF
"3c2eeba4-512c-4ca9-bdd9-4a53b5d3be64","D01","HOPB","HOPB.AOS.S2","2017-07-10","HOPB.SS.20170710.POM.2",,"condition ok","SIRFER Lab at University of Utah","2018-02-20","ElFtGy1kV49xqNP00HfxQA==","POM","1",400,25,100,"d15N",4.51,"perMill","Revesz & Coplen 2012a",,
"aac3cbf6-2bd4-46e0-8cf2-7cae12e19a62","D01","HOPB","HOPB.AOS.S2","2017-07-10","HOPB.SS.20170710.POM.2",,"condition ok","SIRFER Lab at University of Utah","2018-02-20","ElFtGy1kV49xqNP00HfxQA==","POM","1",400,25,100,"nitrogen",55.79,"microgramsPerLiter","Revesz & Coplen 2012a",,
"db395240-7ff1-43d4-a8c9-feda26c55f4e","D01","HOPB","HOPB.AOS.S2","2017-07-10","HOPB.SS.20170710.POM.2",,"condition ok","SIRFER Lab at University of Utah","2018-02-20","ElFtGy1kV49xqNP00HfxQA==","POM","1",400,25,100,"d13C",-29.53,"perMill","Revesz & Coplen 2012a",,
"c43e2271-5a37-4234-b9ca-df6372d67c33","D01","HOPB","HOPB.AOS.S2","2017-07-10","HOPB.SS.20170710.POM.2",,"condition ok","SIRFER Lab at University of Utah","2018-02-20","ElFtGy1kV49xqNP00HfxQA==","POM","1",400,25,100,"carbon",840.14,"microgramsPerLiter","Revesz & Coplen 2012a",,
"27eb17bc-bcff-415e-8cc3-91214b80ef71","D01","HOPB","HOPB.AOS.S2","2017-07-25","HOPB.SS.20170725.POM.2",,"condition ok","SIRFER Lab at University of Utah","2018-02-20","ElFtGy1kV49xqNP00HfxQA==","POM","1",300,25,100,"d15N",3.98,"perMill","Revesz & Coplen 2012a",,
"128149d9-7139-4ae7-8ff8-4a1216eb7301","D01","HOPB","HOPB.AOS.S2","2017-07-25","HOPB.SS.20170725.POM.2",,"condition ok","SIRFER Lab at University of Utah","2018-02-20","ElFtGy1kV49xqNP00HfxQA==","POM","1",300,25,100,"nitrogen",75.15,"microgramsPerLiter","Revesz & Coplen 2012a",,
"564f7ec1-37d1-491e-a4ef-8f7f92d4e3b6","D01","HOPB","HOPB.AOS.S2","2017-07-25","HOPB.SS.20170725.POM.2",,"condition ok","SIRFER Lab at University of Utah","2018-02-20","ElFtGy1kV49xqNP00HfxQA==","POM","1",300,25,100,"d13C",-29.01,"perMill","Revesz & Coplen 2012a",,
"6447b56c-f333-4928-b464-b830036567a0","D01","HOPB","HOPB.AOS.S2","2017-07-25","HOPB.SS.20170725.POM.2",,"condition ok","SIRFER Lab at University of Utah","2018-02-20","ElFtGy1kV49xqNP00HfxQA==","POM","1",300,25,100,"carbon",857.25,"microgramsPerLiter","Revesz & Coplen 2012a",,
