uid,domainID,siteID,namedLocation,collectDate,sampleID,sampleCode,sampleCondition,laboratoryName,analysisDate,analyzedBy,sampleType,replicate,sampleVolumeFiltered,filterSize,percentFilterAnalyzed,analyte,analyteConcentration,plantAlgaeLabUnits,method,externalRemarks,externalLabDataQF
"d58ad3d2-00a1-4429-a2fe-2fc00e6d79bd","D08","MAYF","MAYF.AOS.S2","2016-05-11","MAYF.SS.20160511.POM.1",,"condition ok","Academy of Natural Sciences of Drexel University","2016-09-01","OKgcKejxXbI=","13C15N","1",,,100,"d15N",5.19,"perMill",,"Difference in volume filtered",
"044c1045-6737-443d-97ed-f0cb2967496e","D08","MAYF","MAYF.AOS.S2","2016-05-11","MAYF.SS.20160511.POM.1",,"condition ok","Academy of Natural Sciences of Drexel University","2016-09-01","OKgcKejxXbI=","13C15N","1",,,100,"d13C",-30.24,"perMill",,"Difference in volume filtered",
"34bf6b20-1ca1-4dfc-b14a-e6c0de4257af","D08","MAYF","MAYF.AOS.S2","2016-05-11","MAYF.SS.20160511.POM.2",,"condition ok","Academy of Natural Sciences of Drexel University","2016-09-01","OKgcKejxXbI=","13C15N","2",,,100,"d13C",-28.44,"perMill",,"Difference in volume filtered",
"dfea9383-27a5-4fdc-9edf-4df226225260","D08","MAYF","MAYF.AOS.S2","2016-05-11","MAYF.SS.20160511.POM.2",,"condition ok","Academy of Natural Sciences of Drexel University","2016-09-01","OKgcKejxXbI=","13C15N","2",,,100,"d15N",4.00,"perMill",,"Difference in volume filtered",
"fd3ecc33-c192-4c74-ab2e-493ca913a1e4","D08","MAYF","MAYF.AOS.S2","2016-05-24","MAYF.SS.20160524.POM.2",,"condition ok","Academy of Natural Sciences of Drexel University","2016-09-01","OKgcKejxXbI=","13C15N","2",,,100,"d15N",5.25,"perMill",,"Difference in volume filtered",
"12835937-8a6c-4a60-b36d-3facb70f81a1","D08","MAYF","MAYF.AOS.S2","2016-05-24","MAYF.SS.20160524.POM.1",,"condition ok","Academy of Natural Sciences of Drexel University","2016-09-01","OKgcKejxXbI=","13C15N","1",,,100,"d13C",-30.64,"perMill",,"Difference in volume filtered",
"508a31f4-1cbd-40ec-a3a9-3435c6576302","D08","MAYF","MAYF.AOS.S2","2016-05-24","MAYF.SS.20160524.POM.1",,"condition ok","Academy of Natural Sciences of Drexel University","2016-09-01","OKgcKejxXbI=","13C15N","1",,,100,"d15N",5.82,"perMill",,"Difference in volume filtered",
"db3b9bd6-e6f1-402a-9cd2-a4f9bcd772ce","D08","MAYF","MAYF.AOS.S2","2016-05-24","MAYF.SS.20160524.POM.2",,"condition ok","Academy of Natural Sciences of Drexel University","2016-09-01","OKgcKejxXbI=","13C15N","2",,,100,"d13C",-28.31,"perMill",,"Difference in volume filtered",
