uid,domainID,siteID,namedLocation,collectDate,sampleID,sampleCode,sampleCondition,laboratoryName,analysisDate,analyzedBy,sampleType,replicate,sampleVolumeFiltered,filterSize,percentFilterAnalyzed,analyte,analyteConcentration,plantAlgaeLabUnits,method,externalRemarks,externalLabDataQF
"057a10e4-5652-4b60-af88-7f1bec524940","D06","KING","KING.AOS.S2","2019-03-27","KING.SS.20190327.POM.1","A00000042022","condition ok","SIRFER Lab at University of Utah","2019-08-16","ElFtGy1kV49xqNP00HfxQA==","POM","1",950,25,100,"carbon",251.33,"microgramsPerLiter","Revesz & Coplen 2012a",,
"176708fa-6e1b-4fa0-b644-b0f12951bbf6","D06","KING","KING.AOS.S2","2019-03-27","KING.SS.20190327.POM.1","A00000042022","condition ok","SIRFER Lab at University of Utah","2019-08-16","ElFtGy1kV49xqNP00HfxQA==","POM","1",950,25,100,"d15N",4.53,"perMill","Revesz & Coplen 2012a",,
"f9d65a49-8ee5-431a-8642-dd52670d0b93","D06","KING","KING.AOS.S2","2019-03-27","KING.SS.20190327.POM.1","A00000042022","condition ok","SIRFER Lab at University of Utah","2019-08-16","ElFtGy1kV49xqNP00HfxQA==","POM","1",950,25,100,"d13C",-31.31,"perMill","Revesz & Coplen 2012a",,
"730edad4-318d-4400-9006-76aa34a10b46","D06","KING","KING.AOS.S2","2019-03-27","KING.SS.20190327.POM.1","A00000042022","condition ok","SIRFER Lab at University of Utah","2019-08-16","ElFtGy1kV49xqNP00HfxQA==","POM","1",950,25,100,"nitrogen",23.08,"microgramsPerLiter","Revesz & Coplen 2012a",,
