uid,domainID,siteID,namedLocation,collectDate,parentSampleID,parentSampleCode,isotopeH2OSampleCond,isotopeH2OSampleID,isotopeH2OSampleCode,isotopePOMRep2SampleCond,isotopePOMRep2SampleID,isotopePOMRep2SampleCode,isotopePOMSampleCond,isotopePOMSampleID,isotopePOMSampleCode,processedDateFilters,processedDateH2OIsotopes,sampleVolumeFilteredPOMRep1,sampleVolumeFilteredPOMRep2,fieldDataQF
"062f640e-d719-4ea6-89c2-10a629cf6d65","D06","KING","KING.AOS.S2","2019-03-04T16:35Z","KING.SS.20190304",,"Sample condition ok","KING.SS.20190304.H2O.2","A00000041682",,,,,,,,"2019-03-04T17:56Z",,,
"4d3237c6-1ec5-4182-8ad0-eb73cb203d86","D06","KING","KING.AOS.S2","2019-03-04T16:35Z","KING.SS.20190304",,"Sample condition ok","KING.SS.20190304.H2O.1","A00000041681","Sample condition ok","KING.SS.20190304.POM.2","A00000041697","Sample condition ok","KING.SS.20190304.POM.1","A00000041698",,"2019-03-04T17:48Z",1000,1000,
"b2afd333-4c91-4558-a4b2-e607b59eff4d","D06","KING","KING.AOS.S2","2019-03-12T14:55Z","KING.SS.20190312",,"Sample condition ok","KING.SS.20190312.H2O.1","A00000041690","Sample condition ok","KING.SS.20190312.POM.2","A00000041694","Sample condition ok","KING.SS.20190312.POM.1","A00000041695","2019-03-12T15:49Z","2019-03-12T15:37Z",800,800,
"ba899d32-8356-4992-9e07-d1ba24cb6658","D06","KING","KING.AOS.S2","2019-03-27T15:06Z","KING.SS.20190327",,"Sample condition ok","KING.SS.20190327.H2O.1","A00000042028","Sample condition ok","KING.SS.20190327.POM.2","A00000042021","Sample condition ok","KING.SS.20190327.POM.1","A00000042022","2019-03-27T16:06Z","2019-03-27T15:55Z",950,950,
