uid,domainID,siteID,namedLocation,collectDate,analysisDate,isotopeH2OSampleID,isotopeH2OSampleCode,instrumentSN,d18OWater,d2HWater,d18OsdWater,d2HsdWater,isotopeH2OExternalLabQF,laboratoryName,analyzedBy,sampleCondition,externalRemarks,externalLabDataQF
"ac970a28-d622-4f1f-aa2f-eafec8d31730","D06","KING","KING.AOS.S2","2019-03-04","2019-04-11","KING.SS.20190304.H2O.1","A00000041681","HIDS2052",-6.37,-40.65,0.02,0.24,0,"SIRFER Lab at University of Utah","OlSmE6RRn5QQH8tvUHmK5i/poYiQr6sd","OK",,
"ed171a90-ff53-4a7f-89f1-65cc716778ac","D06","KING","KING.AOS.S2","2019-03-04","2019-04-11","KING.SS.20190304.H2O.2","A00000041682","HIDS2052",-6.43,-41.24,0.05,0.21,0,"SIRFER Lab at University of Utah","OlSmE6RRn5QQH8tvUHmK5i/poYiQr6sd","OK",,
"0c2acc59-6ed6-4010-b413-ff68197708a3","D06","KING","KING.AOS.S2","2019-03-12","2019-04-11","KING.SS.20190312.H2O.1","A00000041690","HIDS2052",-6.44,-41.16,0.03,0.17,0,"SIRFER Lab at University of Utah","OlSmE6RRn5QQH8tvUHmK5i/poYiQr6sd","OK",,
"20a4a4ae-58c7-4590-875e-7dace4bd623b","D06","KING","KING.AOS.S2","2019-03-27","2019-06-20","KING.SS.20190327.H2O.1","A00000042028","HIDS2052",-5.80,-39.32,0.04,0.28,0,"SIRFER Lab at University of Utah","OlSmE6RRn5QQH8tvUHmK5i/poYiQr6sd","OK",,
