uid,domainID,siteID,namedLocation,collectDate,parentSampleID,parentSampleCode,isotopeH2OSampleCond,isotopeH2OSampleID,isotopeH2OSampleCode,isotopePOMRep2SampleCond,isotopePOMRep2SampleID,isotopePOMRep2SampleCode,isotopePOMSampleCond,isotopePOMSampleID,isotopePOMSampleCode,processedDateFilters,processedDateH2OIsotopes,sampleVolumeFilteredPOMRep1,sampleVolumeFilteredPOMRep2,fieldDataQF
"e8888d55-ecf1-4add-90b2-5b5000ded870","D08","TOMB","TOMB.AOS.buoy.c0","2017-04-11T14:14Z","TOMB.C0.20170411",,,"TOMB.C0.20170411.H2O.1",,,"TOMB.C0.20170411.POM.2",,,"TOMB.C0.20170411.POM.1",,"2017-04-11T09:34Z","2017-04-11T09:34Z",50,50,
"820b9d55-1e99-4952-aa89-cbeba8646277","D08","TOMB","TOMB.AOS.buoy.c0","2017-04-20T14:28Z","TOMB.C0.20170420",,,"TOMB.C0.20170420.H2O.1",,,"TOMB.C0.20170420.POM.2",,,"TOMB.C0.20170420.POM.1",,"2017-04-20T09:52Z","2017-04-20T09:52Z",100,100,
"061b1903-dc76-4dcd-bcfe-247af0e977a7","D08","TOMB","TOMB.AOS.buoy.c0","2017-04-25T11:18Z","TOMB.C0.20170425",,"Sample condition ok","TOMB.C0.20170425.H2O.1",,"Sample condition ok","TOMB.C0.20170425.POM.2",,"Sample condition ok","TOMB.C0.20170425.POM.1",,"2017-04-25T11:41Z","2017-04-27T11:45Z",100,100,
"684fe0fd-1498-4596-8d57-b8b7936ffda9","D08","TOMB","TOMB.AOS.buoy.c0","2017-04-27T09:03Z","TOMB.C0.20170427",,"Sample condition ok","TOMB.C0.20170427.H2O.1",,"Sample condition ok","TOMB.C0.20170427.POM.2",,"Sample condition ok","TOMB.C0.20170427.POM.1",,"2017-04-27T09:23Z","2017-04-27T09:23Z",100,100,
