uid,domainID,siteID,namedLocation,collectDate,sampleID,sampleCode,sampleCondition,laboratoryName,analysisDate,analyzedBy,sampleType,replicate,sampleVolumeFiltered,filterSize,percentFilterAnalyzed,analyte,analyteConcentration,plantAlgaeLabUnits,method,externalRemarks,externalLabDataQF
"0b1daef3-b1cb-4bb7-a8ca-0fcdfd84f19f","D08","TOMB","TOMB.AOS.buoy.c0","2017-04-11","TOMB.C0.20170411.POM.1",,"condition ok","SIRFER Lab at University of Utah","2018-03-26","ElFtGy1kV49xqNP00HfxQA==","POM","1",50,25,100,"nitrogen",181.54,"microgramsPerLiter","Revesz & Coplen 2012a",,
"8db30ca1-0ce4-4df2-bd6c-3d962015e4b4","D08","TOMB","TOMB.AOS.buoy.c0","2017-04-11","TOMB.C0.20170411.POM.1",,"condition ok","SIRFER Lab at University of Utah","2018-03-26","ElFtGy1kV49xqNP00HfxQA==","POM","1",50,25,100,"carbon",1158.34,"microgramsPerLiter","Revesz & Coplen 2012a",,
"f425cf7e-c16a-44a7-a1de-c492f05465d4","D08","TOMB","TOMB.AOS.buoy.c0","2017-04-11","TOMB.C0.20170411.POM.1",,"condition ok","SIRFER Lab at University of Utah","2018-03-26","ElFtGy1kV49xqNP00HfxQA==","POM","1",50,25,100,"d15N",18.65,"perMill","Revesz & Coplen 2012a",,
"5e6e3241-9f13-45fd-9f65-8f5c3034968e","D08","TOMB","TOMB.AOS.buoy.c0","2017-04-11","TOMB.C0.20170411.POM.1",,"condition ok","SIRFER Lab at University of Utah","2018-03-26","ElFtGy1kV49xqNP00HfxQA==","POM","1",50,25,100,"d13C",-27.80,"perMill","Revesz & Coplen 2012a",,
"ce41cd4d-6caf-46db-9140-d271039cd122","D08","TOMB","TOMB.AOS.buoy.c0","2017-04-20","TOMB.C0.20170420.POM.1",,"condition ok","SIRFER Lab at University of Utah","2018-03-26","ElFtGy1kV49xqNP00HfxQA==","POM","1",100,25,100,"carbon",537.04,"microgramsPerLiter","Revesz & Coplen 2012a",,
"6c84d804-0447-4f18-99f9-5dc79d3bcb5f","D08","TOMB","TOMB.AOS.buoy.c0","2017-04-20","TOMB.C0.20170420.POM.1",,"condition ok","SIRFER Lab at University of Utah","2018-03-26","ElFtGy1kV49xqNP00HfxQA==","POM","1",100,25,100,"nitrogen",580.69,"microgramsPerLiter","Revesz & Coplen 2012a",,
"2a3e5d9a-9448-40dc-8af1-1bceeec9c99c","D08","TOMB","TOMB.AOS.buoy.c0","2017-04-20","TOMB.C0.20170420.POM.1",,"condition ok","SIRFER Lab at University of Utah","2018-03-26","ElFtGy1kV49xqNP00HfxQA==","POM","1",100,25,100,"d15N",3.66,"perMill","Revesz & Coplen 2012a",,
"5fcf8623-b63f-4957-8f64-0b0219cbd2ac","D08","TOMB","TOMB.AOS.buoy.c0","2017-04-20","TOMB.C0.20170420.POM.1",,"condition ok","SIRFER Lab at University of Utah","2018-03-26","ElFtGy1kV49xqNP00HfxQA==","POM","1",100,25,100,"d13C",-28.64,"perMill","Revesz & Coplen 2012a",,
"91da482a-771e-4299-b04a-e798062348b7","D08","TOMB","TOMB.AOS.buoy.c0","2017-04-25","TOMB.C0.20170425.POM.1",,"condition ok","SIRFER Lab at University of Utah","2018-03-26","ElFtGy1kV49xqNP00HfxQA==","POM","1",100,25,100,"nitrogen",92.97,"microgramsPerLiter","Revesz & Coplen 2012a",,
"7ce85708-6e04-4b3a-8256-3acc1952264c","D08","TOMB","TOMB.AOS.buoy.c0","2017-04-25","TOMB.C0.20170425.POM.1",,"condition ok","SIRFER Lab at University of Utah","2018-03-26","ElFtGy1kV49xqNP00HfxQA==","POM","1",100,25,100,"d15N",11.78,"perMill","Revesz & Coplen 2012a",,
"c038e538-0c0a-4506-86b2-93339905e2af","D08","TOMB","TOMB.AOS.buoy.c0","2017-04-25","TOMB.C0.20170425.POM.1",,"condition ok","SIRFER Lab at University of Utah","2018-03-26","ElFtGy1kV49xqNP00HfxQA==","POM","1",100,25,100,"d13C",-30.73,"perMill","Revesz & Coplen 2012a",,
"827e683e-f12f-49ee-9067-c66e9bfa2456","D08","TOMB","TOMB.AOS.buoy.c0","2017-04-25","TOMB.C0.20170425.POM.1",,"condition ok","SIRFER Lab at University of Utah","2018-03-26","ElFtGy1kV49xqNP00HfxQA==","POM","1",100,25,100,"carbon",586.04,"microgramsPerLiter","Revesz & Coplen 2012a",,
"3117289b-5940-405f-b916-804188cc6f4c","D08","TOMB","TOMB.AOS.buoy.c0","2017-04-27","TOMB.C0.20170427.POM.1",,"condition ok","SIRFER Lab at University of Utah","2018-03-26","ElFtGy1kV49xqNP00HfxQA==","POM","1",100,25,100,"nitrogen",104.08,"microgramsPerLiter","Revesz & Coplen 2012a",,
"bb5de3bb-3e3a-4e50-9309-ae823f576e4c","D08","TOMB","TOMB.AOS.buoy.c0","2017-04-27","TOMB.C0.20170427.POM.1",,"condition ok","SIRFER Lab at University of Utah","2018-03-26","ElFtGy1kV49xqNP00HfxQA==","POM","1",100,25,100,"d15N",12.09,"perMill","Revesz & Coplen 2012a",,
"81d137aa-5ad8-4d47-87e9-11460248a7ed","D08","TOMB","TOMB.AOS.buoy.c0","2017-04-27","TOMB.C0.20170427.POM.1",,"condition ok","SIRFER Lab at University of Utah","2018-03-26","ElFtGy1kV49xqNP00HfxQA==","POM","1",100,25,100,"carbon",649.99,"microgramsPerLiter","Revesz & Coplen 2012a",,
"fe550292-df64-41fe-bdbb-3e981e56c161","D08","TOMB","TOMB.AOS.buoy.c0","2017-04-27","TOMB.C0.20170427.POM.1",,"condition ok","SIRFER Lab at University of Utah","2018-03-26","ElFtGy1kV49xqNP00HfxQA==","POM","1",100,25,100,"d13C",-31.31,"perMill","Revesz & Coplen 2012a",,
