uid,domainID,siteID,namedLocation,decimalLatitude,decimalLongitude,coordinateUncertainty,additionalCoordUncertainty,elevation,elevationUncertainty,geodeticDatum,altLocation,altLatitude,altLongitude,altCoordinateUncertainty,altGeodeticDatum,collectDate,aquaticSiteType,samplingImpractical,parentSampleID,parentSampleCode,eventID,samplerType,dissolvedOxygen,dissolvedOxygenSaturation,specificConductance,waterTemp,asiSamplingProtocolVersion,lowerSegmentDepth,upperSegmentDepth,maxDepth,lakeSampleDepth1,lakeSampleDepth2,aCollectedBy,bCollectedBy,remarks,fieldDataQF
"4dda2bd8-0118-4c8f-a226-a5de756d75dd","D08","TOMB","TOMB.AOS.buoy.c0",31.853820,-88.157300,5.0,10.0,20.0,10.0,"WGS84",,,,,,"2017-04-11T14:14Z","river",,"TOMB.C0.20170411",,"TOMB.20170411","Kemmerer",6.89,73.60,116.80,19.00,"NEON.DOC.001886vE",,,,,,"churak@neoninc.org","kbrown@neoninc.org",,
"6f7046e4-96fd-44d9-84c5-24493747499d","D08","TOMB","TOMB.AOS.buoy.c0",31.853820,-88.157300,5.0,10.0,20.0,10.0,"WGS84",,,,,,"2017-04-20T14:28Z","river",,"TOMB.C0.20170420",,"TOMB.20170420","Kemmerer",6.53,75.10,119.10,22.50,"NEON.DOC.001886vE",,,6.9,,,"jgalloway@neoninc.org","mlabelle@neoninc.org",,
"694d16ef-8626-4446-b617-3ffcc160d55e","D08","TOMB","TOMB.AOS.buoy.c0",31.853820,-88.157300,5.0,,20.0,10.0,"WGS84",,,,,,"2017-04-25T11:18Z","river",,"TOMB.C0.20170425",,"TOMB.20170425","Kemmerer",6.71,78.80,118.80,23.40,"NEON.DOC.001886vE",,,,,,"churak@battelleecology.org","mlabelle@battelleecology.org",,
"ec8c2b96-6e87-4ee4-96b7-de73d650e74c","D08","TOMB","TOMB.AOS.buoy.c0",31.853820,-88.157300,5.0,,20.0,10.0,"WGS84",,,,,,"2017-04-27T09:03Z","river",,"TOMB.C0.20170427",,"TOMB.20170427","Kemmerer",6.82,81.30,118.80,23.50,"NEON.DOC.001886vE",,,,,,"churak@battelleecology.org","kbrown@neoninc.org",,
