uid,domainID,siteID,namedLocation,collectDate,sampleID,sampleCode,sampleCondition,laboratoryName,analysisDate,analyzedBy,sampleType,replicate,sampleVolumeFiltered,filterSize,percentFilterAnalyzed,analyte,analyteConcentration,plantAlgaeLabUnits,method,externalRemarks,externalLabDataQF
"d5754c45-a97a-451f-b012-24f33b9064cd","D09","PRLA","PRLA.AOS.inlet","2016-08-03","PRLA.IN.20160803.POM.2",,"condition ok","Academy of Natural Sciences of Drexel University","2017-06-01","OKgcKejxXbI=","13C15N","2",,,100,"d13C",-26.67,"perMill",,,
"625e90b8-3372-4585-a14d-5f2e7d05bb6e","D09","PRLA","PRLA.AOS.inlet","2016-08-03","PRLA.IN.20160803.POM.1",,"other","Academy of Natural Sciences of Drexel University","2017-03-28","OKgcKejxXbI=","13C15N","1",,,100,"d13C",-26.07,"perMill",,"Poor folding, slight leakage",
"2b00123b-f3eb-4d26-8afa-346fb0b9efbc","D09","PRLA","PRLA.AOS.inlet","2016-08-03","PRLA.IN.20160803.POM.1",,"other","Academy of Natural Sciences of Drexel University","2017-03-28","OKgcKejxXbI=","13C15N","1",,,100,"d15N",3.72,"perMill",,"Poor folding, slight leakage",
"80a43b7d-fd28-4a32-b547-c491ee65befa","D09","PRLA","PRLA.AOS.inlet","2016-08-03","PRLA.IN.20160803.POM.2",,"condition ok","Academy of Natural Sciences of Drexel University","2017-06-01","OKgcKejxXbI=","13C15N","2",,,100,"d15N",3.79,"perMill",,,
"57569059-e99d-491f-9c2d-0f0acf5b0013","D09","PRLA","PRLA.AOS.buoy.c0","2016-08-03","PRLA.C0.20160803.POM.1",,"condition ok","Academy of Natural Sciences of Drexel University","2017-03-28","OKgcKejxXbI=","13C15N","1",,,100,"d15N",3.51,"perMill",,,
"cdc6972e-dd4a-4288-8b94-4c991806ea10","D09","PRLA","PRLA.AOS.buoy.c0","2016-08-03","PRLA.C0.20160803.POM.2",,"other","Academy of Natural Sciences of Drexel University","2017-06-01","OKgcKejxXbI=","13C15N","2",,,50,"d15N",3.81,"perMill",,"Poor folding, slight leakage",
"d5a10c23-6eff-4a1a-80cd-2db32157b059","D09","PRLA","PRLA.AOS.buoy.c0","2016-08-03","PRLA.C0.20160803.POM.2",,"other","Academy of Natural Sciences of Drexel University","2017-06-01","OKgcKejxXbI=","13C15N","2",,,50,"d13C",,"perMill",,"sample maxed out collector, Poor folding, slight leakage",
"76e48818-cd3c-4d5c-a90a-28a4abb86453","D09","PRLA","PRLA.AOS.buoy.c0","2016-08-03","PRLA.C0.20160803.POM.1",,"condition ok","Academy of Natural Sciences of Drexel University","2017-03-28","OKgcKejxXbI=","13C15N","1",,,100,"d13C",,"perMill",,"sample maxed out collector",
"4ce34293-9433-40eb-b303-2443a2ad5b76","D09","PRLA","PRLA.AOS.outlet","2016-08-03","PRLA.OT.20160803.POM.1",,"condition ok","Academy of Natural Sciences of Drexel University","2017-03-28","OKgcKejxXbI=","13C15N","1",,,100,"d13C",,"perMill",,"sample maxed out collector",
"cc02ff47-0dac-4c26-88eb-c9e1f73ac3dc","D09","PRLA","PRLA.AOS.outlet","2016-08-03","PRLA.OT.20160803.POM.2",,"condition ok","Academy of Natural Sciences of Drexel University","2017-06-01","OKgcKejxXbI=","13C15N","2",,,50,"d15N",4.26,"perMill",,,
"01c3c6f8-1c9b-4418-92fd-64da4fee2e5c","D09","PRLA","PRLA.AOS.outlet","2016-08-03","PRLA.OT.20160803.POM.1",,"condition ok","Academy of Natural Sciences of Drexel University","2017-03-28","OKgcKejxXbI=","13C15N","1",,,100,"d15N",4.52,"perMill",,,
"28629a60-fe7a-43a8-b331-c2ef7ba59b0f","D09","PRLA","PRLA.AOS.outlet","2016-08-03","PRLA.OT.20160803.POM.2",,"condition ok","Academy of Natural Sciences of Drexel University","2017-06-01","OKgcKejxXbI=","13C15N","2",,,50,"d13C",,"perMill",,"sample maxed out collector",
