uid,domainID,siteID,namedLocation,collectDate,sampleID,sampleCode,sampleCondition,laboratoryName,analysisDate,analyzedBy,sampleType,replicate,sampleVolumeFiltered,filterSize,percentFilterAnalyzed,analyte,analyteConcentration,plantAlgaeLabUnits,method,externalRemarks,externalLabDataQF
"05dde869-9424-4838-9206-977c7d4a9c39","D04","GUIL","GUIL.AOS.S2","2017-03-28","GUIL.SS.20170328.POM.2",,"condition ok","SIRFER Lab at University of Utah","2018-05-29","ElFtGy1kV49xqNP00HfxQA==","POM","1",1000,25,100,"d15N",14.00,"perMill","Revesz & Coplen 2012a",,
"efe62557-8843-4b28-b690-0a78760f5e2c","D04","GUIL","GUIL.AOS.S2","2017-03-28","GUIL.SS.20170328.POM.2",,"condition ok","SIRFER Lab at University of Utah","2018-05-29","ElFtGy1kV49xqNP00HfxQA==","POM","1",1000,25,100,"carbon",124.48,"microgramsPerLiter","Revesz & Coplen 2012a",,
"120d2467-28d6-4cf2-bc25-6e007ce4ad05","D04","GUIL","GUIL.AOS.S2","2017-03-28","GUIL.SS.20170328.POM.2",,"condition ok","SIRFER Lab at University of Utah","2018-05-29","ElFtGy1kV49xqNP00HfxQA==","POM","1",1000,25,100,"d13C",-24.24,"perMill","Revesz & Coplen 2012a",,
"5e76b56e-df17-471a-8047-84d71b6daaa4","D04","GUIL","GUIL.AOS.S2","2017-03-28","GUIL.SS.20170328.POM.2",,"condition ok","SIRFER Lab at University of Utah","2018-05-29","ElFtGy1kV49xqNP00HfxQA==","POM","1",1000,25,100,"nitrogen",11.88,"microgramsPerLiter","Revesz & Coplen 2012a",,
