uid,domainID,siteID,namedLocation,collectDate,sampleID,sampleCode,sampleCondition,laboratoryName,analysisDate,analyzedBy,sampleType,replicate,sampleVolumeFiltered,filterSize,percentFilterAnalyzed,analyte,analyteConcentration,plantAlgaeLabUnits,method,externalRemarks,externalLabDataQF
"225e2bcc-ef27-4d38-a2db-ab7ea28a1cbb","D11","BLUE","BLUE.AOS.S2","2017-10-10","BLUE.SS.20171010.POM.1",,"condition ok","SIRFER Lab at University of Utah","2018-04-17","ElFtGy1kV49xqNP00HfxQA==","POM","1",700,25,100,"d15N",6.72,"perMill","Revesz & Coplen 2012a",,
"a145015b-d2be-4c5d-9320-c245dca9e5f0","D11","BLUE","BLUE.AOS.S2","2017-10-10","BLUE.SS.20171010.POM.1",,"condition ok","SIRFER Lab at University of Utah","2018-04-17","ElFtGy1kV49xqNP00HfxQA==","POM","1",700,25,100,"nitrogen",21.96,"microgramsPerLiter","Revesz & Coplen 2012a",,
"e7844ce9-b7f9-46af-9b76-92e82ffce9a5","D11","BLUE","BLUE.AOS.S2","2017-10-10","BLUE.SS.20171010.POM.1",,"condition ok","SIRFER Lab at University of Utah","2018-04-17","ElFtGy1kV49xqNP00HfxQA==","POM","1",700,25,100,"carbon",167.64,"microgramsPerLiter","Revesz & Coplen 2012a",,
"45fbd9e0-7bca-40fa-8a61-bcb9d7abfd86","D11","BLUE","BLUE.AOS.S2","2017-10-10","BLUE.SS.20171010.POM.1",,"condition ok","SIRFER Lab at University of Utah","2018-04-17","ElFtGy1kV49xqNP00HfxQA==","POM","1",700,25,100,"d13C",-24.97,"perMill","Revesz & Coplen 2012a",,
"f67483f3-ac0b-4525-b6ea-7824fa9f92bc","D11","BLUE","BLUE.AOS.S2","2017-10-11","BLUE.SS.20171011.POM.1",,"condition ok","SIRFER Lab at University of Utah","2018-04-17","ElFtGy1kV49xqNP00HfxQA==","POM","1",500,25,100,"carbon",207.00,"microgramsPerLiter","Revesz & Coplen 2012a",,
"bbadcfa3-dbc0-4ee1-9a63-535ecb3fe936","D11","BLUE","BLUE.AOS.S2","2017-10-11","BLUE.SS.20171011.POM.1",,"condition ok","SIRFER Lab at University of Utah","2018-04-17","ElFtGy1kV49xqNP00HfxQA==","POM","1",500,25,100,"d13C",-22.54,"perMill","Revesz & Coplen 2012a",,
"a603faa5-5623-4e29-a623-f6ee23b0c9b4","D11","BLUE","BLUE.AOS.S2","2017-10-11","BLUE.SS.20171011.POM.1",,"condition ok","SIRFER Lab at University of Utah","2018-04-17","ElFtGy1kV49xqNP00HfxQA==","POM","1",500,25,100,"nitrogen",25.56,"microgramsPerLiter","Revesz & Coplen 2012a",,
"c89e6d2b-010a-4ef7-acb3-1e1c0f0d5d18","D11","BLUE","BLUE.AOS.S2","2017-10-11","BLUE.SS.20171011.POM.1",,"condition ok","SIRFER Lab at University of Utah","2018-04-17","ElFtGy1kV49xqNP00HfxQA==","POM","1",500,25,100,"d15N",7.53,"perMill","Revesz & Coplen 2012a",,
