uid,domainID,siteID,namedLocation,collectDate,sampleID,sampleCode,sampleCondition,laboratoryName,analysisDate,analyzedBy,sampleType,replicate,sampleVolumeFiltered,filterSize,percentFilterAnalyzed,analyte,analyteConcentration,plantAlgaeLabUnits,method,externalRemarks,externalLabDataQF
"76380d6e-8f15-4338-ad8d-e8056245a638","D10","ARIK","ARIK.AOS.S2","2017-07-05","ARIK.SS.20170705.POM.1",,"condition ok","SIRFER Lab at University of Utah","2018-04-06","ElFtGy1kV49xqNP00HfxQA==","POM","1",300,25,100,"nitrogen",,"microgramsPerLiter","Revesz & Coplen 2012a",,
"7b6350e5-f46d-4d6d-8a2c-87060eba6f8a","D10","ARIK","ARIK.AOS.S2","2017-07-05","ARIK.SS.20170705.POM.1",,"condition ok","SIRFER Lab at University of Utah","2018-04-06","ElFtGy1kV49xqNP00HfxQA==","POM","1",300,25,100,"d13C",,"perMill","Revesz & Coplen 2012a",,
"a45e1de1-2f0a-4338-8775-b1e2ee886490","D10","ARIK","ARIK.AOS.S2","2017-07-05","ARIK.SS.20170705.POM.1",,"condition ok","SIRFER Lab at University of Utah","2018-04-06","ElFtGy1kV49xqNP00HfxQA==","POM","1",300,25,100,"d15N",,"perMill","Revesz & Coplen 2012a",,
"149d30b8-451e-4be3-aee3-549047c391ef","D10","ARIK","ARIK.AOS.S2","2017-07-05","ARIK.SS.20170705.POM.1",,"condition ok","SIRFER Lab at University of Utah","2018-04-06","ElFtGy1kV49xqNP00HfxQA==","POM","1",300,25,100,"carbon",,"microgramsPerLiter","Revesz & Coplen 2012a",,
"71c7f7b5-f465-47df-9027-5e3fd684f52b","D10","ARIK","ARIK.AOS.S2","2017-07-19","ARIK.SS.20170719.POM.1",,"condition ok","SIRFER Lab at University of Utah","2018-04-06","ElFtGy1kV49xqNP00HfxQA==","POM","1",200,25,100,"carbon",860.48,"microgramsPerLiter","Revesz & Coplen 2012a",,
"9b3b379c-5ae3-4e1f-a93b-192c1a7293fd","D10","ARIK","ARIK.AOS.S2","2017-07-19","ARIK.SS.20170719.POM.1",,"condition ok","SIRFER Lab at University of Utah","2018-04-06","ElFtGy1kV49xqNP00HfxQA==","POM","1",200,25,100,"nitrogen",119.88,"microgramsPerLiter","Revesz & Coplen 2012a",,
"44466032-2322-404c-88e4-5e6a8e551fd7","D10","ARIK","ARIK.AOS.S2","2017-07-19","ARIK.SS.20170719.POM.1",,"condition ok","SIRFER Lab at University of Utah","2018-04-06","ElFtGy1kV49xqNP00HfxQA==","POM","1",200,25,100,"d13C",-29.39,"perMill","Revesz & Coplen 2012a",,
"2a0ed2d8-0b98-4ad3-abc1-c4b63dbdaff3","D10","ARIK","ARIK.AOS.S2","2017-07-19","ARIK.SS.20170719.POM.1",,"condition ok","SIRFER Lab at University of Utah","2018-04-06","ElFtGy1kV49xqNP00HfxQA==","POM","1",200,25,100,"d15N",5.01,"perMill","Revesz & Coplen 2012a",,
