uid,domainID,siteID,namedLocation,collectDate,sampleID,sampleCode,sampleCondition,laboratoryName,analysisDate,analyzedBy,sampleType,replicate,sampleVolumeFiltered,filterSize,percentFilterAnalyzed,analyte,analyteConcentration,plantAlgaeLabUnits,method,externalRemarks,externalLabDataQF
"7c263cde-8ab8-474e-8dd9-2ac594bc8ed9","D15","REDB","REDB.AOS.S2","2016-10-04","REDB.SS.20161004.POM.2",,"other","Academy of Natural Sciences of Drexel University","2017-05-18","OKgcKejxXbI=","13C15N","2",,,100,"d13C",-24.61,"perMill",,"Slightly poor folding",
"7336f53b-ec2a-479a-bd8e-3196471b9a3f","D15","REDB","REDB.AOS.S2","2016-10-04","REDB.SS.20161004.POM.1",,"other","Academy of Natural Sciences of Drexel University","2017-04-03","OKgcKejxXbI=","13C15N","1",,,100,"d13C",-24.35,"perMill",,"Slightly poor folding",
"b18733ae-fc06-4e3a-9fc3-0274353ad1a1","D15","REDB","REDB.AOS.S2","2016-10-04","REDB.SS.20161004.POM.2",,"other","Academy of Natural Sciences of Drexel University","2017-05-18","OKgcKejxXbI=","13C15N","2",,,100,"d15N",,"perMill",,"Slightly poor folding, sample too samll for analysis",
"643a6507-fdb5-4bfd-8119-1b855bf772a0","D15","REDB","REDB.AOS.S2","2016-10-04","REDB.SS.20161004.POM.1",,"other","Academy of Natural Sciences of Drexel University","2017-04-03","OKgcKejxXbI=","13C15N","1",,,100,"d15N",2.80,"perMill",,"Slightly poor folding",
"1a9785bc-5185-437f-92d9-def3aa30d63a","D15","REDB","REDB.AOS.S2","2016-10-25","REDB.SS.20161025.POM.2",,"condition ok","Academy of Natural Sciences of Drexel University","2017-05-18","OKgcKejxXbI=","13C15N","2",,,100,"d13C",-24.82,"perMill",,,
"7c51accb-8083-4f45-8da0-3c29c3c6cd5e","D15","REDB","REDB.AOS.S2","2016-10-25","REDB.SS.20161025.POM.1",,"other","Academy of Natural Sciences of Drexel University","2017-04-03","OKgcKejxXbI=","13C15N","1",,,100,"d15N",,"perMill",,"sample too samll for analysis",
"582e32b8-3d6b-4ee8-9fc7-c7fb41198712","D15","REDB","REDB.AOS.S2","2016-10-25","REDB.SS.20161025.POM.1",,"condition ok","Academy of Natural Sciences of Drexel University","2017-04-03","OKgcKejxXbI=","13C15N","1",,,100,"d13C",-25.59,"perMill",,,
"15c20061-c734-439a-b1db-a238b4a26ce3","D15","REDB","REDB.AOS.S2","2016-10-25","REDB.SS.20161025.POM.2",,"condition ok","Academy of Natural Sciences of Drexel University","2017-05-18","OKgcKejxXbI=","13C15N","2",,,100,"d15N",2.45,"perMill",,,
