uid,domainID,siteID,namedLocation,collectDate,sampleID,sampleCode,sampleCondition,laboratoryName,analysisDate,analyzedBy,sampleType,replicate,sampleVolumeFiltered,filterSize,percentFilterAnalyzed,analyte,analyteConcentration,plantAlgaeLabUnits,method,externalRemarks,externalLabDataQF
"dcd97c5f-a0cf-40e3-9011-bf2563e1ea8e","D04","GUIL","GUIL.AOS.S2","2018-02-14","GUIL.SS.20180214.POM.1",,"condition ok","SIRFER Lab at University of Utah","2018-08-10","ElFtGy1kV49xqNP00HfxQA==","POM","1",750,25,100,"d13C",-27.37,"perMill","Revesz & Coplen 2012a",,
"65f87928-6c19-4009-a275-da009e450337","D04","GUIL","GUIL.AOS.S2","2018-02-14","GUIL.SS.20180214.POM.1",,"condition ok","SIRFER Lab at University of Utah","2018-08-10","ElFtGy1kV49xqNP00HfxQA==","POM","1",750,25,100,"nitrogen",12.12,"microgramsPerLiter","Revesz & Coplen 2012a",,
"814cc7db-26ba-4211-9ffe-b1ce8105c1e4","D04","GUIL","GUIL.AOS.S2","2018-02-14","GUIL.SS.20180214.POM.1",,"condition ok","SIRFER Lab at University of Utah","2018-08-10","ElFtGy1kV49xqNP00HfxQA==","POM","1",750,25,100,"d15N",1.69,"perMill","Revesz & Coplen 2012a",,
"71010fc3-5fb0-423d-8901-ae30c21a0736","D04","GUIL","GUIL.AOS.S2","2018-02-14","GUIL.SS.20180214.POM.1",,"condition ok","SIRFER Lab at University of Utah","2018-08-10","ElFtGy1kV49xqNP00HfxQA==","POM","1",750,25,100,"carbon",90.91,"microgramsPerLiter","Revesz & Coplen 2012a",,
"b8955fbd-fe92-4c29-bc47-58350b97e0b0","D04","GUIL","GUIL.AOS.S2","2018-02-27","GUIL.SS.20180227.POM.1",,"condition ok","SIRFER Lab at University of Utah","2018-08-10","ElFtGy1kV49xqNP00HfxQA==","POM","1",750,25,100,"d13C",-26.86,"perMill","Revesz & Coplen 2012a",,
"43ba6f98-7a6c-4154-819e-d50408e09292","D04","GUIL","GUIL.AOS.S2","2018-02-27","GUIL.SS.20180227.POM.1",,"condition ok","SIRFER Lab at University of Utah","2018-08-10","ElFtGy1kV49xqNP00HfxQA==","POM","1",750,25,100,"nitrogen",11.17,"microgramsPerLiter","Revesz & Coplen 2012a",,
"b4b84693-2501-4c10-afe1-84025d0719fd","D04","GUIL","GUIL.AOS.S2","2018-02-27","GUIL.SS.20180227.POM.1",,"condition ok","SIRFER Lab at University of Utah","2018-08-10","ElFtGy1kV49xqNP00HfxQA==","POM","1",750,25,100,"d15N",1.09,"perMill","Revesz & Coplen 2012a",,
"2f0acce9-661f-4616-b613-a836027155c9","D04","GUIL","GUIL.AOS.S2","2018-02-27","GUIL.SS.20180227.POM.1",,"condition ok","SIRFER Lab at University of Utah","2018-08-10","ElFtGy1kV49xqNP00HfxQA==","POM","1",750,25,100,"carbon",91.20,"microgramsPerLiter","Revesz & Coplen 2012a",,
