uid,domainID,siteID,namedLocation,collectDate,sampleID,sampleCode,sampleCondition,laboratoryName,analysisDate,analyzedBy,sampleType,replicate,sampleVolumeFiltered,filterSize,percentFilterAnalyzed,analyte,analyteConcentration,plantAlgaeLabUnits,method,externalRemarks,externalLabDataQF
"8fb6f9a6-d960-4dd8-b506-37a230d9391c","D08","MAYF","MAYF.AOS.S2","2017-07-05","MAYF.SS.20170705.POM.1",,"condition ok","SIRFER Lab at University of Utah","2018-03-23","ElFtGy1kV49xqNP00HfxQA==","POM","1",50,25,100,"carbon",1580.57,"microgramsPerLiter","Revesz & Coplen 2012a",,
"27615b0b-f293-4f3c-9cee-9e986fa3b340","D08","MAYF","MAYF.AOS.S2","2017-07-05","MAYF.SS.20170705.POM.1",,"condition ok","SIRFER Lab at University of Utah","2018-03-23","ElFtGy1kV49xqNP00HfxQA==","POM","1",50,25,100,"d15N",14.47,"perMill","Revesz & Coplen 2012a",,
"5cb3215d-0c7f-4429-8f2d-597e0e04b092","D08","MAYF","MAYF.AOS.S2","2017-07-05","MAYF.SS.20170705.POM.1",,"condition ok","SIRFER Lab at University of Utah","2018-03-23","ElFtGy1kV49xqNP00HfxQA==","POM","1",50,25,100,"nitrogen",103.91,"microgramsPerLiter","Revesz & Coplen 2012a",,
"92f10b4a-e66e-49f7-adb0-8a2a3b604d6d","D08","MAYF","MAYF.AOS.S2","2017-07-05","MAYF.SS.20170705.POM.1",,"condition ok","SIRFER Lab at University of Utah","2018-03-23","ElFtGy1kV49xqNP00HfxQA==","POM","1",50,25,100,"d13C",-28.60,"perMill","Revesz & Coplen 2012a",,
"461395b3-66d8-4331-bb02-a164b140d068","D08","MAYF","MAYF.AOS.S2","2017-07-13","MAYF.SS.20170713.POM.1",,"condition ok","SIRFER Lab at University of Utah","2018-03-23","ElFtGy1kV49xqNP00HfxQA==","POM","1",50,25,100,"nitrogen",85.60,"microgramsPerLiter","Revesz & Coplen 2012a",,
"a04571d2-dfdc-4624-9310-6d1182deeaa4","D08","MAYF","MAYF.AOS.S2","2017-07-13","MAYF.SS.20170713.POM.1",,"condition ok","SIRFER Lab at University of Utah","2018-03-23","ElFtGy1kV49xqNP00HfxQA==","POM","1",50,25,100,"d15N",11.92,"perMill","Revesz & Coplen 2012a",,
"733d2d63-fb8b-4753-8516-59f23ee79ef7","D08","MAYF","MAYF.AOS.S2","2017-07-13","MAYF.SS.20170713.POM.1",,"condition ok","SIRFER Lab at University of Utah","2018-03-23","ElFtGy1kV49xqNP00HfxQA==","POM","1",50,25,100,"carbon",1202.40,"microgramsPerLiter","Revesz & Coplen 2012a",,
"38b60c1e-fd1b-49c3-8930-4a249142ed96","D08","MAYF","MAYF.AOS.S2","2017-07-13","MAYF.SS.20170713.POM.1",,"condition ok","SIRFER Lab at University of Utah","2018-03-23","ElFtGy1kV49xqNP00HfxQA==","POM","1",50,25,100,"d13C",-28.70,"perMill","Revesz & Coplen 2012a",,
"b8d0e2f9-3f06-4155-b599-d95cbc966d53","D08","MAYF","MAYF.AOS.S2","2017-07-17","MAYF.SS.20170717.POM.1",,"condition ok","SIRFER Lab at University of Utah","2018-03-23","ElFtGy1kV49xqNP00HfxQA==","POM","1",50,25,100,"d15N",11.92,"perMill","Revesz & Coplen 2012a",,
"c279e79a-0212-4279-b8af-32b348b01d1e","D08","MAYF","MAYF.AOS.S2","2017-07-17","MAYF.SS.20170717.POM.1",,"condition ok","SIRFER Lab at University of Utah","2018-03-23","ElFtGy1kV49xqNP00HfxQA==","POM","1",50,25,100,"nitrogen",114.88,"microgramsPerLiter","Revesz & Coplen 2012a",,
"b23a7e7e-4b3b-429c-85c8-7563bf74c588","D08","MAYF","MAYF.AOS.S2","2017-07-17","MAYF.SS.20170717.POM.1",,"condition ok","SIRFER Lab at University of Utah","2018-03-23","ElFtGy1kV49xqNP00HfxQA==","POM","1",50,25,100,"carbon",1407.18,"microgramsPerLiter","Revesz & Coplen 2012a",,
"ab6d972b-1217-488a-818e-6df22413ce12","D08","MAYF","MAYF.AOS.S2","2017-07-17","MAYF.SS.20170717.POM.1",,"condition ok","SIRFER Lab at University of Utah","2018-03-23","ElFtGy1kV49xqNP00HfxQA==","POM","1",50,25,100,"d13C",-27.90,"perMill","Revesz & Coplen 2012a",,
