uid,domainID,siteID,namedLocation,collectDate,sampleID,sampleCode,sampleCondition,laboratoryName,analysisDate,analyzedBy,sampleType,replicate,sampleVolumeFiltered,filterSize,percentFilterAnalyzed,analyte,analyteConcentration,plantAlgaeLabUnits,method,externalRemarks,externalLabDataQF
"30ba4415-668a-4026-8683-90442a115f3e","D13","WLOU","WLOU.AOS.S2","2018-03-13","WLOU.SS.20180313.POM.1",,"condition ok","SIRFER Lab at University of Utah","2018-08-08","ElFtGy1kV49xqNP00HfxQA==","POM","1",1000,25,100,"d13C",-26.55,"perMill","Revesz & Coplen 2012a",,
"0f2e0490-d113-42b5-9c8c-6e9c8b6ecaad","D13","WLOU","WLOU.AOS.S2","2018-03-13","WLOU.SS.20180313.POM.1",,"condition ok","SIRFER Lab at University of Utah","2018-08-08","ElFtGy1kV49xqNP00HfxQA==","POM","1",1000,25,100,"carbon",88.72,"microgramsPerLiter","Revesz & Coplen 2012a",,
"e2f4b217-d324-468e-bfdc-01a0baaada25","D13","WLOU","WLOU.AOS.S2","2018-03-13","WLOU.SS.20180313.POM.1",,"condition ok","SIRFER Lab at University of Utah","2018-08-08","ElFtGy1kV49xqNP00HfxQA==","POM","1",1000,25,100,"nitrogen",4.86,"microgramsPerLiter","Revesz & Coplen 2012a",,
"58fe23a8-ad09-4a80-a2d6-907774ce0b1b","D13","WLOU","WLOU.AOS.S2","2018-03-13","WLOU.SS.20180313.POM.1",,"condition ok","SIRFER Lab at University of Utah","2018-08-08","ElFtGy1kV49xqNP00HfxQA==","POM","1",1000,25,100,"d15N",2.41,"perMill","Revesz & Coplen 2012a",,
"21eb7fd1-8d86-41e7-acd0-4edce3b0c197","D13","WLOU","WLOU.AOS.S2","2018-03-22","WLOU.SS.20180322.POM.1",,"condition ok","SIRFER Lab at University of Utah","2018-08-08","ElFtGy1kV49xqNP00HfxQA==","POM","1",1500,25,100,"d13C",-26.89,"perMill","Revesz & Coplen 2012a",,
"3b1ca56d-641c-46e2-b67e-adb831c51a68","D13","WLOU","WLOU.AOS.S2","2018-03-22","WLOU.SS.20180322.POM.1",,"condition ok","SIRFER Lab at University of Utah","2018-08-08","ElFtGy1kV49xqNP00HfxQA==","POM","1",1500,25,100,"carbon",56.58,"microgramsPerLiter","Revesz & Coplen 2012a",,
"f05029a1-4f28-4b32-8f3c-f440cb53d99b","D13","WLOU","WLOU.AOS.S2","2018-03-22","WLOU.SS.20180322.POM.1",,"condition ok","SIRFER Lab at University of Utah","2018-08-08","ElFtGy1kV49xqNP00HfxQA==","POM","1",1500,25,100,"nitrogen",3.32,"microgramsPerLiter","Revesz & Coplen 2012a",,
"359e02c6-17e4-40ab-9653-a6bad1752fd6","D13","WLOU","WLOU.AOS.S2","2018-03-22","WLOU.SS.20180322.POM.1",,"condition ok","SIRFER Lab at University of Utah","2018-08-08","ElFtGy1kV49xqNP00HfxQA==","POM","1",1500,25,100,"d15N",1.81,"perMill","Revesz & Coplen 2012a",,
