uid,domainID,siteID,namedLocation,collectDate,sampleID,sampleCode,sampleCondition,laboratoryName,analysisDate,analyzedBy,sampleType,replicate,sampleVolumeFiltered,filterSize,percentFilterAnalyzed,analyte,analyteConcentration,plantAlgaeLabUnits,method,externalRemarks,externalLabDataQF
"026842ed-f7e5-4f32-a651-d2ad141525ae","D17","BIGC","BIGC.AOS.S2","2018-02-19","BIGC.SS.20180219.POM.1",,"condition ok","SIRFER Lab at University of Utah","2018-01-08","ElFtGy1kV49xqNP00HfxQA==","POM","1",1325,25,100,"carbon",156.54,"microgramsPerLiter","Revesz & Coplen 2012a",,
"2dce0910-164a-49d4-8814-6bfdff3e5ad5","D17","BIGC","BIGC.AOS.S2","2018-02-19","BIGC.SS.20180219.POM.1",,"condition ok","SIRFER Lab at University of Utah","2018-01-08","ElFtGy1kV49xqNP00HfxQA==","POM","1",1325,25,100,"d15N",0.91,"perMill","Revesz & Coplen 2012a",,
"b289e34c-7d49-48c7-b9b5-c0e43b360965","D17","BIGC","BIGC.AOS.S2","2018-02-19","BIGC.SS.20180219.POM.1",,"condition ok","SIRFER Lab at University of Utah","2018-01-08","ElFtGy1kV49xqNP00HfxQA==","POM","1",1325,25,100,"d13C",-28.10,"perMill","Revesz & Coplen 2012a",,
"a9543770-e63b-498c-9ecf-f7167b7278a8","D17","BIGC","BIGC.AOS.S2","2018-02-19","BIGC.SS.20180219.POM.1",,"condition ok","SIRFER Lab at University of Utah","2018-01-08","ElFtGy1kV49xqNP00HfxQA==","POM","1",1325,25,100,"nitrogen",10.86,"microgramsPerLiter","Revesz & Coplen 2012a",,
