uid,domainID,siteID,namedLocation,collectDate,sampleID,sampleCode,sampleCondition,laboratoryName,analysisDate,analyzedBy,sampleType,replicate,sampleVolumeFiltered,filterSize,percentFilterAnalyzed,analyte,analyteConcentration,plantAlgaeLabUnits,method,externalRemarks,externalLabDataQF
"0089f99f-bd02-4650-8eb2-f67a7174b579","D04","CUPE","CUPE.AOS.S2","2016-02-09","CUPE.SS.20160209.POM.1",,"condition ok","Academy of Natural Sciences of Drexel University","2017-01-24","OKgcKejxXbI=","13C15N","1",,,100,"d15N",1.54,"perMill",,,
"470382dd-ced2-4576-8a94-ab49c4182c48","D04","CUPE","CUPE.AOS.S2","2016-02-09","CUPE.SS.20160209.POM.1",,"condition ok","Academy of Natural Sciences of Drexel University","2017-01-24","OKgcKejxXbI=","13C15N","1",,,100,"d13C",-29.63,"perMill",,,
"367e5dbb-b5fb-4784-aade-8983aa09b0f6","D04","CUPE","CUPE.AOS.S2","2016-02-09","CUPE.SS.20160209.POM.2",,"condition ok","Academy of Natural Sciences of Drexel University","2017-02-13","OKgcKejxXbI=","13C15N","2",,,100,"d13C",-28.45,"perMill",,,
"cb7e82d7-5663-4ff3-82d5-8806fb9697cb","D04","CUPE","CUPE.AOS.S2","2016-02-09","CUPE.SS.20160209.POM.2",,"condition ok","Academy of Natural Sciences of Drexel University","2017-02-13","OKgcKejxXbI=","13C15N","2",,,100,"d15N",1.46,"perMill",,,
"1da58f94-9fe4-400f-a026-e321cf9c37cd","D04","CUPE","CUPE.AOS.S2","2016-02-23","CUPE.SS.20160223.POM.1",,"condition ok","Academy of Natural Sciences of Drexel University","2017-01-24","OKgcKejxXbI=","13C15N","1",,,100,"d13C",-28.14,"perMill",,,
"7d57d988-ecf2-42d6-aeeb-f2cbaa72a749","D04","CUPE","CUPE.AOS.S2","2016-02-23","CUPE.SS.20160223.POM.2",,"condition ok","Academy of Natural Sciences of Drexel University","2017-02-13","OKgcKejxXbI=","13C15N","2",,,100,"d15N",0.52,"perMill",,,
"1d79555c-fa3d-4482-a1c8-2ac09a62a034","D04","CUPE","CUPE.AOS.S2","2016-02-23","CUPE.SS.20160223.POM.2",,"condition ok","Academy of Natural Sciences of Drexel University","2017-02-13","OKgcKejxXbI=","13C15N","2",,,100,"d13C",-28.20,"perMill",,,
"e5563748-2d7a-4d10-889a-19d29b42f6c4","D04","CUPE","CUPE.AOS.S2","2016-02-23","CUPE.SS.20160223.POM.1",,"condition ok","Academy of Natural Sciences of Drexel University","2017-01-24","OKgcKejxXbI=","13C15N","1",,,100,"d15N",0.82,"perMill",,,
