uid,domainID,siteID,namedLocation,collectDate,sampleID,sampleCode,sampleCondition,laboratoryName,analysisDate,analyzedBy,sampleType,replicate,sampleVolumeFiltered,filterSize,percentFilterAnalyzed,analyte,analyteConcentration,plantAlgaeLabUnits,method,externalRemarks,externalLabDataQF
"075476bb-495b-49e4-96a9-2b6b51c2c49c","D08","TOMB","TOMB.AOS.buoy.c0","2018-07-16","TOMB.C0.20180716.POM.1","A00000014312","condition ok","SIRFER Lab at University of Utah","2018-10-30","ElFtGy1kV49xqNP00HfxQA==","POM","1",100,25,100,"carbon",803.12,"microgramsPerLiter","Revesz & Coplen 2012a",,
"e761ab51-b666-4e7a-8930-ab5d26a34587","D08","TOMB","TOMB.AOS.buoy.c0","2018-07-16","TOMB.C0.20180716.POM.1","A00000014312","condition ok","SIRFER Lab at University of Utah","2018-10-30","ElFtGy1kV49xqNP00HfxQA==","POM","1",100,25,100,"nitrogen",114.39,"microgramsPerLiter","Revesz & Coplen 2012a",,
"90e629e3-b6b9-4c53-8ff4-3c72e79e5c2c","D08","TOMB","TOMB.AOS.buoy.c0","2018-07-16","TOMB.C0.20180716.POM.1","A00000014312","condition ok","SIRFER Lab at University of Utah","2018-10-30","ElFtGy1kV49xqNP00HfxQA==","POM","1",100,25,100,"d13C",-28.71,"perMill","Revesz & Coplen 2012a",,
"28f8fa9b-a40e-4dc0-a262-265dee19861d","D08","TOMB","TOMB.AOS.buoy.c0","2018-07-16","TOMB.C0.20180716.POM.1","A00000014312","condition ok","SIRFER Lab at University of Utah","2018-10-30","ElFtGy1kV49xqNP00HfxQA==","POM","1",100,25,100,"d15N",5.29,"perMill","Revesz & Coplen 2012a",,
"11f01dd4-3ab8-421b-8eea-cdb3e7ed2eb3","D08","TOMB","TOMB.AOS.buoy.c0","2018-07-24","TOMB.C0.20180724.POM.1","A00000014320","condition ok","SIRFER Lab at University of Utah","2018-10-30","ElFtGy1kV49xqNP00HfxQA==","POM","1",100,25,100,"d15N",8.41,"perMill","Revesz & Coplen 2012a",,
"8e7befc8-06e9-4b46-a385-8bb527fe29f1","D08","TOMB","TOMB.AOS.buoy.c0","2018-07-24","TOMB.C0.20180724.POM.1","A00000014320","condition ok","SIRFER Lab at University of Utah","2018-10-30","ElFtGy1kV49xqNP00HfxQA==","POM","1",100,25,100,"d13C",-29.17,"perMill","Revesz & Coplen 2012a",,
"34bfc287-5017-4331-8d3e-68105b44e112","D08","TOMB","TOMB.AOS.buoy.c0","2018-07-24","TOMB.C0.20180724.POM.1","A00000014320","condition ok","SIRFER Lab at University of Utah","2018-10-30","ElFtGy1kV49xqNP00HfxQA==","POM","1",100,25,100,"nitrogen",173.52,"microgramsPerLiter","Revesz & Coplen 2012a",,
"d9a5566f-9d82-4d8a-af70-0f8e38cca954","D08","TOMB","TOMB.AOS.buoy.c0","2018-07-24","TOMB.C0.20180724.POM.1","A00000014320","condition ok","SIRFER Lab at University of Utah","2018-10-30","ElFtGy1kV49xqNP00HfxQA==","POM","1",100,25,100,"carbon",1153.44,"microgramsPerLiter","Revesz & Coplen 2012a",,
