uid,domainID,siteID,namedLocation,collectDate,sampleID,sampleCode,sampleCondition,laboratoryName,analysisDate,analyzedBy,sampleType,replicate,sampleVolumeFiltered,filterSize,percentFilterAnalyzed,analyte,analyteConcentration,plantAlgaeLabUnits,method,externalRemarks,externalLabDataQF
"37274fb1-cce6-4b83-af65-dbb1720d08d4","D10","ARIK","ARIK.AOS.S2","2017-08-01","ARIK.SS.20170801.POM.1",,"condition ok","SIRFER Lab at University of Utah","2018-04-06","ElFtGy1kV49xqNP00HfxQA==","POM","1",250,25,100,"d13C",-28.43,"perMill","Revesz & Coplen 2012a",,
"99b76a91-5df8-4b0d-8ea0-9ea3e290e743","D10","ARIK","ARIK.AOS.S2","2017-08-01","ARIK.SS.20170801.POM.1",,"condition ok","SIRFER Lab at University of Utah","2018-04-06","ElFtGy1kV49xqNP00HfxQA==","POM","1",250,25,100,"d15N",6.22,"perMill","Revesz & Coplen 2012a",,
"3de1df9c-89fc-4ed1-bcc8-f7846ac2e222","D10","ARIK","ARIK.AOS.S2","2017-08-01","ARIK.SS.20170801.POM.1",,"condition ok","SIRFER Lab at University of Utah","2018-04-06","ElFtGy1kV49xqNP00HfxQA==","POM","1",250,25,100,"nitrogen",151.46,"microgramsPerLiter","Revesz & Coplen 2012a",,
"9753273b-470c-4b62-9950-8ab0d44d4048","D10","ARIK","ARIK.AOS.S2","2017-08-01","ARIK.SS.20170801.POM.1",,"condition ok","SIRFER Lab at University of Utah","2018-04-06","ElFtGy1kV49xqNP00HfxQA==","POM","1",250,25,100,"carbon",1327.73,"microgramsPerLiter","Revesz & Coplen 2012a",,
"3cbb0ea0-ca26-4439-9b68-340c4bc9c03f","D10","ARIK","ARIK.AOS.S2","2017-08-16","ARIK.SS.20170816.POM.1",,"condition ok","SIRFER Lab at University of Utah","2018-04-06","ElFtGy1kV49xqNP00HfxQA==","POM","1",300,25,100,"d13C",-33.28,"perMill","Revesz & Coplen 2012a",,
"cfb38172-9f41-4bf0-a9d7-6a7e125c7409","D10","ARIK","ARIK.AOS.S2","2017-08-16","ARIK.SS.20170816.POM.1",,"condition ok","SIRFER Lab at University of Utah","2018-04-06","ElFtGy1kV49xqNP00HfxQA==","POM","1",300,25,100,"d15N",6.77,"perMill","Revesz & Coplen 2012a",,
"d043348e-4f93-4270-a2d1-3f9e8a0bdb0e","D10","ARIK","ARIK.AOS.S2","2017-08-16","ARIK.SS.20170816.POM.1",,"condition ok","SIRFER Lab at University of Utah","2018-04-06","ElFtGy1kV49xqNP00HfxQA==","POM","1",300,25,100,"carbon",456.16,"microgramsPerLiter","Revesz & Coplen 2012a",,
"5936c220-8fe8-4484-a6a4-f146962a06e4","D10","ARIK","ARIK.AOS.S2","2017-08-16","ARIK.SS.20170816.POM.1",,"condition ok","SIRFER Lab at University of Utah","2018-04-06","ElFtGy1kV49xqNP00HfxQA==","POM","1",300,25,100,"nitrogen",49.03,"microgramsPerLiter","Revesz & Coplen 2012a",,
