uid,domainID,siteID,namedLocation,collectDate,sampleID,sampleCode,sampleCondition,laboratoryName,analysisDate,analyzedBy,sampleType,replicate,sampleVolumeFiltered,filterSize,percentFilterAnalyzed,analyte,analyteConcentration,plantAlgaeLabUnits,method,externalRemarks,externalLabDataQF
"0c670f82-e9f7-488c-831e-a4c674c50114","D06","MCDI","MCDI.AOS.S2","2017-10-10","MCDI.SS.20171010.POM.1",,"condition ok","SIRFER Lab at University of Utah","2018-03-07","ElFtGy1kV49xqNP00HfxQA==","POM","1",,,100,"carbon",159.59,"percent","Revesz & Coplen 2012a",,
"0746f25f-7f16-4c92-9c46-87b11d3c4291","D06","MCDI","MCDI.AOS.S2","2017-10-10","MCDI.SS.20171010.POM.1",,"condition ok","SIRFER Lab at University of Utah","2018-03-07","ElFtGy1kV49xqNP00HfxQA==","POM","1",,,100,"d13C",-25.42,"perMill","Revesz & Coplen 2012a",,
"4652e94a-ea1b-4de2-9473-6d3298c3a845","D06","MCDI","MCDI.AOS.S2","2017-10-10","MCDI.SS.20171010.POM.1",,"condition ok","SIRFER Lab at University of Utah","2018-03-07","ElFtGy1kV49xqNP00HfxQA==","POM","1",,,100,"nitrogen",21.45,"percent","Revesz & Coplen 2012a",,
"f1dbe2fc-d05e-475c-8c27-ab61e56ec5eb","D06","MCDI","MCDI.AOS.S2","2017-10-10","MCDI.SS.20171010.POM.1",,"condition ok","SIRFER Lab at University of Utah","2018-03-07","ElFtGy1kV49xqNP00HfxQA==","POM","1",,,100,"d15N",5.08,"perMill","Revesz & Coplen 2012a",,
"53e054eb-26e0-4666-882c-a725bbcbf3aa","D06","MCDI","MCDI.AOS.S2","2017-10-31","MCDI.SS.20171031.POM.1",,"condition ok","SIRFER Lab at University of Utah","2018-03-07","ElFtGy1kV49xqNP00HfxQA==","POM","1",,,100,"carbon",263.63,"percent","Revesz & Coplen 2012a",,
"8b1d854c-fc21-411c-b575-a5c477d0a7e7","D06","MCDI","MCDI.AOS.S2","2017-10-31","MCDI.SS.20171031.POM.1",,"condition ok","SIRFER Lab at University of Utah","2018-03-07","ElFtGy1kV49xqNP00HfxQA==","POM","1",,,100,"d13C",-24.30,"perMill","Revesz & Coplen 2012a",,
"0a656e28-cf01-4fd6-a488-c0ab3dff87a4","D06","MCDI","MCDI.AOS.S2","2017-10-31","MCDI.SS.20171031.POM.1",,"condition ok","SIRFER Lab at University of Utah","2018-03-07","ElFtGy1kV49xqNP00HfxQA==","POM","1",,,100,"d15N",4.62,"perMill","Revesz & Coplen 2012a",,
"21bd2cb5-88cf-4a9d-8f99-be33a6d48347","D06","MCDI","MCDI.AOS.S2","2017-10-31","MCDI.SS.20171031.POM.1",,"condition ok","SIRFER Lab at University of Utah","2018-03-07","ElFtGy1kV49xqNP00HfxQA==","POM","1",,,100,"nitrogen",27.80,"percent","Revesz & Coplen 2012a",,
