uid,domainID,siteID,namedLocation,collectDate,sampleID,sampleCode,sampleCondition,laboratoryName,analysisDate,analyzedBy,sampleType,replicate,sampleVolumeFiltered,filterSize,percentFilterAnalyzed,analyte,analyteConcentration,plantAlgaeLabUnits,method,externalRemarks,externalLabDataQF
"f33c6621-567d-47b6-bb9c-9eee4907b20b","D09","PRPO","PRPO.AOS.buoy.c0","2018-01-02","PRPO.C0.20180102.POM.1",,"condition ok","SIRFER Lab at University of Utah","2018-10-18","ElFtGy1kV49xqNP00HfxQA==","POM","1",40,25,100,"nitrogen",,"microgramsPerLiter","Revesz & Coplen 2012a",,
"2d8dd9da-688e-4784-b786-4a21d7406d83","D09","PRPO","PRPO.AOS.buoy.c0","2018-01-02","PRPO.C0.20180102.POM.1",,"condition ok","SIRFER Lab at University of Utah","2018-10-18","ElFtGy1kV49xqNP00HfxQA==","POM","1",40,25,100,"d13C",,"perMill","Revesz & Coplen 2012a",,
"96aed4f3-903c-4c10-b183-5bbb8af43f33","D09","PRPO","PRPO.AOS.buoy.c0","2018-01-02","PRPO.C0.20180102.POM.1",,"condition ok","SIRFER Lab at University of Utah","2018-10-18","ElFtGy1kV49xqNP00HfxQA==","POM","1",40,25,100,"d15N",,"perMill","Revesz & Coplen 2012a",,
"454b401a-3ccc-4d62-9f51-4d040216e77e","D09","PRPO","PRPO.AOS.buoy.c0","2018-01-02","PRPO.C0.20180102.POM.1",,"condition ok","SIRFER Lab at University of Utah","2018-10-18","ElFtGy1kV49xqNP00HfxQA==","POM","1",40,25,100,"carbon",,"microgramsPerLiter","Revesz & Coplen 2012a",,
