uid,domainID,siteID,namedLocation,collectDate,sampleID,sampleCode,sampleCondition,laboratoryName,analysisDate,analyzedBy,sampleType,replicate,sampleVolumeFiltered,filterSize,percentFilterAnalyzed,analyte,analyteConcentration,plantAlgaeLabUnits,method,externalRemarks,externalLabDataQF
"61b267b6-ca6d-4967-b70a-c07af4761d6d","D14","SYCA","SYCA.AOS.S2","2017-08-01","SYCA.SS.20170801.POM.1",,"condition ok","SIRFER Lab at University of Utah","2018-03-26","ElFtGy1kV49xqNP00HfxQA==","CNS","1",,,100,"d15N",8.22,"perMill","Revesz & Coplen 2012a",,
"14c59872-e299-40d9-847c-83ff14a35567","D14","SYCA","SYCA.AOS.S2","2017-08-01","SYCA.SS.20170801.POM.1",,"condition ok","SIRFER Lab at University of Utah","2018-03-26","ElFtGy1kV49xqNP00HfxQA==","CNS","1",,,100,"d13C",-28.26,"perMill","Revesz & Coplen 2012a",,
"acc9b2a9-ee72-4e87-8e86-abf3bfafeba7","D14","SYCA","SYCA.AOS.S2","2017-08-01","SYCA.SS.20170801.POM.1",,"condition ok","SIRFER Lab at University of Utah","2018-03-26","ElFtGy1kV49xqNP00HfxQA==","CNS","1",,,100,"carbon",146.50,"microgramsPerLiter","Revesz & Coplen 2012a",,
"8630fbe1-1cf4-4675-88bc-a61484d034fa","D14","SYCA","SYCA.AOS.S2","2017-08-01","SYCA.SS.20170801.POM.1",,"condition ok","SIRFER Lab at University of Utah","2018-03-26","ElFtGy1kV49xqNP00HfxQA==","CNS","1",,,100,"nitrogen",17.22,"microgramsPerLiter","Revesz & Coplen 2012a",,
