uid,domainID,siteID,namedLocation,collectDate,sampleID,sampleCode,sampleCondition,laboratoryName,analysisDate,analyzedBy,sampleType,replicate,sampleVolumeFiltered,filterSize,percentFilterAnalyzed,analyte,analyteConcentration,plantAlgaeLabUnits,method,externalRemarks,externalLabDataQF
"88523c74-7e4d-4e6c-a79e-02081968aad8","D13","WLOU","WLOU.AOS.S2","2019-02-11","WLOU.SS.20190211.POM.1","A00000051469","condition ok","SIRFER Lab at University of Utah","2019-04-26","ElFtGy1kV49xqNP00HfxQA==","POM","1",1000,25,100,"d15N",2.08,"perMill","Revesz & Coplen 2012a",,
"bb132f31-873a-4f74-b1ac-48a2cf327f01","D13","WLOU","WLOU.AOS.S2","2019-02-11","WLOU.SS.20190211.POM.1","A00000051469","condition ok","SIRFER Lab at University of Utah","2019-04-26","ElFtGy1kV49xqNP00HfxQA==","POM","1",1000,25,100,"nitrogen",5.69,"microgramsPerLiter","Revesz & Coplen 2012a",,
"71a27efd-206d-4ee7-8429-6ebe97263981","D13","WLOU","WLOU.AOS.S2","2019-02-11","WLOU.SS.20190211.POM.1","A00000051469","condition ok","SIRFER Lab at University of Utah","2019-04-26","ElFtGy1kV49xqNP00HfxQA==","POM","1",1000,25,100,"carbon",74.86,"microgramsPerLiter","Revesz & Coplen 2012a",,
"b8174b42-3fc3-4c61-9a46-896661e4af53","D13","WLOU","WLOU.AOS.S2","2019-02-11","WLOU.SS.20190211.POM.1","A00000051469","condition ok","SIRFER Lab at University of Utah","2019-04-26","ElFtGy1kV49xqNP00HfxQA==","POM","1",1000,25,100,"d13C",-24.11,"perMill","Revesz & Coplen 2012a",,
