uid,domainID,siteID,namedLocation,collectDate,sampleID,sampleCode,sampleCondition,laboratoryName,analysisDate,analyzedBy,sampleType,replicate,sampleVolumeFiltered,filterSize,percentFilterAnalyzed,analyte,analyteConcentration,plantAlgaeLabUnits,method,externalRemarks,externalLabDataQF
"ab944db7-5db9-441b-a924-0ed6fd18c4e8","D09","PRLA","PRLA.AOS.inlet","2015-08-03","PRLA.IN.20150803.POM.2",,"other","Academy of Natural Sciences of Drexel University","2017-05-17","OKgcKejxXbI=","13C15N","2",,,50,"d15N",8.13,"perMill",,"Filter stained blue",
"ece88caa-bbf6-4a6e-8b05-d4c9bc78a1b6","D09","PRLA","PRLA.AOS.inlet","2015-08-03","PRLA.IN.20150803.POM.1",,"other","Academy of Natural Sciences of Drexel University","2017-01-31","OKgcKejxXbI=","13C15N","1",,,100,"d15N",4.07,"perMill",,"Filter stained blue",
"2fd6be5f-906e-433a-a453-d9913ba29907","D09","PRLA","PRLA.AOS.inlet","2015-08-03","PRLA.IN.20150803.POM.1",,"other","Academy of Natural Sciences of Drexel University","2017-01-31","OKgcKejxXbI=","13C15N","1",,,100,"d13C",,"perMill",,"Filter stained blue, sample maxed out collector",
"a105b72f-1308-4837-9961-05f497074249","D09","PRLA","PRLA.AOS.inlet","2015-08-03","PRLA.IN.20150803.POM.2",,"other","Academy of Natural Sciences of Drexel University","2017-05-17","OKgcKejxXbI=","13C15N","2",,,50,"d13C",,"perMill",,"Filter stained blue",
"cdeac982-fd6b-4312-b414-db4e9966f581","D09","PRLA","PRLA.AOS.buoy.c0","2015-08-03","PRLA.C0.20150803.POM.2",,"other","Academy of Natural Sciences of Drexel University","2017-05-17","OKgcKejxXbI=","13C15N","2",,,50,"d13C",,"perMill",,"Filter stained blue and folded poorly which led to spillage",
"fcdfe08c-8f75-4c6f-a397-810f7190bf10","D09","PRLA","PRLA.AOS.buoy.c0","2015-08-03","PRLA.C0.20150803.POM.1",,"other","Academy of Natural Sciences of Drexel University","2017-01-31","OKgcKejxXbI=","13C15N","1",,,100,"d15N",3.76,"perMill",,"Filter stained blue and folded poorly which led to spillage",
"6ba24b20-0674-46a9-906b-207e4797acdd","D09","PRLA","PRLA.AOS.buoy.c0","2015-08-03","PRLA.C0.20150803.POM.2",,"other","Academy of Natural Sciences of Drexel University","2017-05-17","OKgcKejxXbI=","13C15N","2",,,50,"d15N",3.83,"perMill",,"Filter stained blue and folded poorly which led to spillage",
"548e39d9-cea5-474c-a14f-5a43435e5b80","D09","PRLA","PRLA.AOS.buoy.c0","2015-08-03","PRLA.C0.20150803.POM.1",,"other","Academy of Natural Sciences of Drexel University","2017-01-31","OKgcKejxXbI=","13C15N","1",,,100,"d13C",,"perMill",,"Filter stained blue, sample maxed out collector",
"49436cb7-e8a7-475a-80f8-c008d8cee924","D09","PRLA","PRLA.AOS.outlet","2015-08-03","PRLA.OT.20150803.POM.2",,"other","Academy of Natural Sciences of Drexel University","2017-05-17","OKgcKejxXbI=","13C15N","2",,,50,"d15N",5.53,"perMill",,"Filter stained blue",
"ceeeb8c9-5ebf-4b2c-be6d-b9d7a974d239","D09","PRLA","PRLA.AOS.outlet","2015-08-03","PRLA.OT.20150803.POM.2",,"other","Academy of Natural Sciences of Drexel University","2017-05-17","OKgcKejxXbI=","13C15N","2",,,50,"d13C",,"perMill",,"Filter stained blue",
"5d89a4da-3b1a-4f06-be69-8a6580674d31","D09","PRLA","PRLA.AOS.outlet","2015-08-03","PRLA.OT.20150803.POM.1",,"other","Academy of Natural Sciences of Drexel University","2017-01-31","OKgcKejxXbI=","13C15N","1",,,100,"d13C",,"perMill",,"Filter stained blue, sample maxed out collector",
"0aa04aef-86ea-48e2-926e-311bcf55dcde","D09","PRLA","PRLA.AOS.outlet","2015-08-03","PRLA.OT.20150803.POM.1",,"other","Academy of Natural Sciences of Drexel University","2017-01-31","OKgcKejxXbI=","13C15N","1",,,100,"d15N",4.45,"perMill",,"Filter stained blue",
