uid,domainID,siteID,namedLocation,collectDate,sampleID,sampleCode,sampleCondition,laboratoryName,analysisDate,analyzedBy,sampleType,replicate,sampleVolumeFiltered,filterSize,percentFilterAnalyzed,analyte,analyteConcentration,plantAlgaeLabUnits,method,externalRemarks,externalLabDataQF
"900a5f39-bf0a-4b14-8412-6e61b2a91821","D02","POSE","POSE.AOS.S2","2017-02-14","POSE.SS.20170214.POM.1",,"condition ok","SIRFER Lab at University of Utah","2018-03-08","ElFtGy1kV49xqNP00HfxQA==","POM","1",600,25,100,"carbon",364.33,"microgramsPerLiter","Revesz & Coplen 2012a",,
"7f2b8e95-dbeb-4da3-b074-dbd9743680d8","D02","POSE","POSE.AOS.S2","2017-02-14","POSE.SS.20170214.POM.1",,"condition ok","SIRFER Lab at University of Utah","2018-03-08","ElFtGy1kV49xqNP00HfxQA==","POM","1",600,25,100,"nitrogen",24.02,"microgramsPerLiter","Revesz & Coplen 2012a",,
"a12ae962-f16d-45d1-9fc8-7c005007b4ba","D02","POSE","POSE.AOS.S2","2017-02-14","POSE.SS.20170214.POM.1",,"condition ok","SIRFER Lab at University of Utah","2018-03-08","ElFtGy1kV49xqNP00HfxQA==","POM","1",600,25,100,"d15N",8.50,"perMill","Revesz & Coplen 2012a",,
"497f796c-a6d7-4858-b325-fc13f25971e9","D02","POSE","POSE.AOS.S2","2017-02-14","POSE.SS.20170214.POM.1",,"condition ok","SIRFER Lab at University of Utah","2018-03-08","ElFtGy1kV49xqNP00HfxQA==","POM","1",600,25,100,"d13C",-28.66,"perMill","Revesz & Coplen 2012a",,
"4e0a381c-3994-4487-b342-dd810a49edf9","D02","POSE","POSE.AOS.S2","2017-02-28","POSE.SS.20170228.POM.1",,"condition ok","SIRFER Lab at University of Utah","2018-03-08","ElFtGy1kV49xqNP00HfxQA==","POM","1",400,25,100,"nitrogen",59.43,"microgramsPerLiter","Revesz & Coplen 2012a",,
"89469057-af1c-4a17-a2a5-e77497f0c23f","D02","POSE","POSE.AOS.S2","2017-02-28","POSE.SS.20170228.POM.1",,"condition ok","SIRFER Lab at University of Utah","2018-03-08","ElFtGy1kV49xqNP00HfxQA==","POM","1",400,25,100,"d15N",3.57,"perMill","Revesz & Coplen 2012a",,
"c4a410f3-f63d-46f5-aaf4-00de5be2f0fb","D02","POSE","POSE.AOS.S2","2017-02-28","POSE.SS.20170228.POM.1",,"condition ok","SIRFER Lab at University of Utah","2018-03-08","ElFtGy1kV49xqNP00HfxQA==","POM","1",400,25,100,"d13C",-27.96,"perMill","Revesz & Coplen 2012a",,
"e6e914d9-c499-4b76-b70d-42df8f9b3b45","D02","POSE","POSE.AOS.S2","2017-02-28","POSE.SS.20170228.POM.1",,"condition ok","SIRFER Lab at University of Utah","2018-03-08","ElFtGy1kV49xqNP00HfxQA==","POM","1",400,25,100,"carbon",896.01,"microgramsPerLiter","Revesz & Coplen 2012a",,
