uid,domainID,siteID,namedLocation,collectDate,sampleID,sampleCode,sampleCondition,laboratoryName,analysisDate,analyzedBy,sampleType,replicate,sampleVolumeFiltered,filterSize,percentFilterAnalyzed,analyte,analyteConcentration,plantAlgaeLabUnits,method,externalRemarks,externalLabDataQF
"63dce9b5-f8d1-409c-b934-99d8c4495453","D06","KING","KING.AOS.S2","2017-07-05","KING.SS.20170705.POM.1",,"condition ok","SIRFER Lab at University of Utah","2018-03-01","ElFtGy1kV49xqNP00HfxQA==","POM","1",1500,25,100,"nitrogen",9.20,"microgramsPerLiter","Revesz & Coplen 2012a",,
"e06cabcb-d4da-4e6c-8dd7-3cb641163c65","D06","KING","KING.AOS.S2","2017-07-05","KING.SS.20170705.POM.1",,"condition ok","SIRFER Lab at University of Utah","2018-03-01","ElFtGy1kV49xqNP00HfxQA==","POM","1",1500,25,100,"d15N",10.42,"perMill","Revesz & Coplen 2012a",,
"e1cbda18-84a0-45a4-82ae-465539307de4","D06","KING","KING.AOS.S2","2017-07-05","KING.SS.20170705.POM.1",,"condition ok","SIRFER Lab at University of Utah","2018-03-01","ElFtGy1kV49xqNP00HfxQA==","POM","1",1500,25,100,"d13C",-28.48,"perMill","Revesz & Coplen 2012a",,
"e4a13717-5dc5-46ad-9f66-aac8afb5bd73","D06","KING","KING.AOS.S2","2017-07-05","KING.SS.20170705.POM.1",,"condition ok","SIRFER Lab at University of Utah","2018-03-01","ElFtGy1kV49xqNP00HfxQA==","POM","1",1500,25,100,"carbon",75.46,"microgramsPerLiter","Revesz & Coplen 2012a",,
"ebdbe6b0-ee9f-4cab-9b45-9ec4eaa20010","D06","KING","KING.AOS.S2","2017-07-17","KING.SS.20170717.POM.1",,"condition ok","SIRFER Lab at University of Utah","2018-02-28","ElFtGy1kV49xqNP00HfxQA==","POM","1",1550,25,100,"carbon",55.28,"microgramsPerLiter","Revesz & Coplen 2012a",,
"f744a6f0-ce97-4f87-84ab-52452f474890","D06","KING","KING.AOS.S2","2017-07-17","KING.SS.20170717.POM.1",,"condition ok","SIRFER Lab at University of Utah","2018-02-28","ElFtGy1kV49xqNP00HfxQA==","POM","1",1550,25,100,"d15N",14.14,"perMill","Revesz & Coplen 2012a",,
"7f0f337e-648a-4ab8-848c-439992d68afa","D06","KING","KING.AOS.S2","2017-07-17","KING.SS.20170717.POM.1",,"condition ok","SIRFER Lab at University of Utah","2018-02-28","ElFtGy1kV49xqNP00HfxQA==","POM","1",1550,25,100,"d13C",-28.96,"perMill","Revesz & Coplen 2012a",,
"124996ac-c6c5-4dc8-94de-a368c7cd4fdf","D06","KING","KING.AOS.S2","2017-07-17","KING.SS.20170717.POM.1",,"condition ok","SIRFER Lab at University of Utah","2018-02-28","ElFtGy1kV49xqNP00HfxQA==","POM","1",1550,25,100,"nitrogen",6.44,"microgramsPerLiter","Revesz & Coplen 2012a",,
