uid,domainID,siteID,namedLocation,collectDate,sampleID,sampleCode,sampleCondition,laboratoryName,analysisDate,analyzedBy,sampleType,replicate,sampleVolumeFiltered,filterSize,percentFilterAnalyzed,analyte,analyteConcentration,plantAlgaeLabUnits,method,externalRemarks,externalLabDataQF
"0b255b4f-c127-4fa0-8a4a-d6a124612555","D08","MAYF","MAYF.AOS.S2","2016-10-03","MAYF.SS.20161003.POM.1",,"other","Academy of Natural Sciences of Drexel University","2017-04-08","OKgcKejxXbI=","13C15N","1",,,100,"d15N",,"perMill",,"sample too small for analysis",
"2eaff16c-dbb0-41fb-89ea-35349a23a658","D08","MAYF","MAYF.AOS.S2","2016-10-03","MAYF.SS.20161003.POM.2",,"other","Academy of Natural Sciences of Drexel University","2017-05-18","OKgcKejxXbI=","13C15N","2",,,100,"d15N",,"perMill",,"sample too small for analysis",
"7698b697-bdb0-447a-9c61-61ef75296970","D08","MAYF","MAYF.AOS.S2","2016-10-03","MAYF.SS.20161003.POM.2",,"condition ok","Academy of Natural Sciences of Drexel University","2017-05-18","OKgcKejxXbI=","13C15N","2",,,100,"d13C",-27.76,"perMill",,,
"e10c82c3-ad3d-4220-9b2d-b9b22f1972ed","D08","MAYF","MAYF.AOS.S2","2016-10-03","MAYF.SS.20161003.POM.1",,"condition ok","Academy of Natural Sciences of Drexel University","2017-04-08","OKgcKejxXbI=","13C15N","1",,,100,"d13C",-27.25,"perMill",,,
"dff0128c-330f-470d-8170-903cb932cbee","D08","MAYF","MAYF.AOS.S2","2016-10-10","MAYF.SS.20161010.POM.1",,"condition ok","Academy of Natural Sciences of Drexel University","2017-04-08","OKgcKejxXbI=","13C15N","1",,,100,"d13C",-27.89,"perMill",,,
"432b488f-6aec-4f85-9147-2f2326a4efbc","D08","MAYF","MAYF.AOS.S2","2016-10-10","MAYF.SS.20161010.POM.2",,"other","Academy of Natural Sciences of Drexel University","2017-05-18","OKgcKejxXbI=","13C15N","2",,,100,"d15N",,"perMill",,"sample too small for analysis",
"2c3b3a60-15f3-4e81-9cac-a78b6230edc2","D08","MAYF","MAYF.AOS.S2","2016-10-10","MAYF.SS.20161010.POM.2",,"condition ok","Academy of Natural Sciences of Drexel University","2017-05-18","OKgcKejxXbI=","13C15N","2",,,100,"d13C",-28.06,"perMill",,,
"a0c3c91c-cf60-4f42-a603-4b5f59fc36a2","D08","MAYF","MAYF.AOS.S2","2016-10-10","MAYF.SS.20161010.POM.1",,"other","Academy of Natural Sciences of Drexel University","2017-04-08","OKgcKejxXbI=","13C15N","1",,,100,"d15N",,"perMill",,"sample too small for analysis",
"4af4ff24-745b-4c71-8f44-095aeed6919a","D08","MAYF","MAYF.AOS.S2","2016-10-18","MAYF.SS.20161018.POM.1",,"other","Academy of Natural Sciences of Drexel University","2017-04-08","OKgcKejxXbI=","13C15N","1",,,100,"d15N",,"perMill",,"sample too small for analysis",
"45521a4a-0ecc-4dfa-a93b-d0e2b72b3591","D08","MAYF","MAYF.AOS.S2","2016-10-18","MAYF.SS.20161018.POM.2",,"condition ok","Academy of Natural Sciences of Drexel University","2017-05-18","OKgcKejxXbI=","13C15N","2",,,100,"d13C",-27.01,"perMill",,,
"57c22d35-3973-4d1f-9f26-5cfb6be9b5cd","D08","MAYF","MAYF.AOS.S2","2016-10-18","MAYF.SS.20161018.POM.1",,"condition ok","Academy of Natural Sciences of Drexel University","2017-04-08","OKgcKejxXbI=","13C15N","1",,,100,"d13C",-27.88,"perMill",,,
"38777322-2a5b-4bdc-b7b3-205f4b9eb995","D08","MAYF","MAYF.AOS.S2","2016-10-18","MAYF.SS.20161018.POM.2",,"other","Academy of Natural Sciences of Drexel University","2017-05-18","OKgcKejxXbI=","13C15N","2",,,100,"d15N",,"perMill",,"sample too small for analysis",
