uid,domainID,siteID,namedLocation,collectDate,sampleID,sampleCode,sampleCondition,laboratoryName,analysisDate,analyzedBy,sampleType,replicate,sampleVolumeFiltered,filterSize,percentFilterAnalyzed,analyte,analyteConcentration,plantAlgaeLabUnits,method,externalRemarks,externalLabDataQF
"55cf51ee-301f-4d32-b94d-7b4c1059e255","D17","BIGC","BIGC.AOS.S2","2018-07-02","BIGC.SS.20180702.POM.1","A00000027046","condition ok","SIRFER Lab at University of Utah","2018-12-12","ElFtGy1kV49xqNP00HfxQA==","POM","1",2000,25,100,"d15N",,"perMill","Revesz & Coplen 2012a",,
"090bf05c-4770-41f7-98e0-0598fa992d4d","D17","BIGC","BIGC.AOS.S2","2018-07-02","BIGC.SS.20180702.POM.1","A00000027046","condition ok","SIRFER Lab at University of Utah","2018-12-12","ElFtGy1kV49xqNP00HfxQA==","POM","1",2000,25,100,"nitrogen",,"microgramsPerLiter","Revesz & Coplen 2012a",,
"38ebb74a-5650-4ae0-94da-233f70b51b04","D17","BIGC","BIGC.AOS.S2","2018-07-02","BIGC.SS.20180702.POM.1","A00000027046","condition ok","SIRFER Lab at University of Utah","2018-12-12","ElFtGy1kV49xqNP00HfxQA==","POM","1",2000,25,100,"carbon",,"microgramsPerLiter","Revesz & Coplen 2012a",,
"96c5ef2c-96b7-40c8-a3a8-9436ddbddf8a","D17","BIGC","BIGC.AOS.S2","2018-07-02","BIGC.SS.20180702.POM.1","A00000027046","condition ok","SIRFER Lab at University of Utah","2018-12-12","ElFtGy1kV49xqNP00HfxQA==","POM","1",2000,25,100,"d13C",,"perMill","Revesz & Coplen 2012a",,
