uid,domainID,siteID,namedLocation,decimalLatitude,decimalLongitude,coordinateUncertainty,additionalCoordUncertainty,elevation,elevationUncertainty,geodeticDatum,altLocation,altLatitude,altLongitude,altCoordinateUncertainty,altGeodeticDatum,collectDate,aquaticSiteType,samplingImpractical,parentSampleID,parentSampleCode,eventID,samplerType,dissolvedOxygen,dissolvedOxygenSaturation,specificConductance,waterTemp,asiSamplingProtocolVersion,lowerSegmentDepth,upperSegmentDepth,maxDepth,lakeSampleDepth1,lakeSampleDepth2,aCollectedBy,bCollectedBy,remarks,fieldDataQF
"34e85bc0-c726-4fe9-a2ea-2010304c67fd","D05","CRAM","CRAM.AOS.outlet",46.211998,-89.474475,0.1,10.0,511.8,0.1,"WGS84",,,,,,"2016-09-07T14:50Z","lake",,"CRAM.OT.20160907",,"CRAM.20160907","Kemmerer",7.20,87.00,13.00,21.40,"NEON.DOC.001886vD",1.8,0.0,1.8,0.5,,"jhudson@neoninc.org","ekrulc@field-ops.org","PCN not filtered. Collection moved to updated inlet and outlet locations.|ot, in, and c1 storage vials stored in part DI, part water from c1 location",
"1a6e62e7-5d40-4ad2-af9e-2a2d3d560f07","D05","CRAM","CRAM.AOS.inlet",46.207952,-89.476174,0.1,10.0,511.7,0.1,"WGS84",,,,,,"2016-09-07T15:20Z","lake",,"CRAM.IN.20160907",,"CRAM.20160907","Kemmerer",7.30,87.00,13.10,21.40,"NEON.DOC.001886vD",1.4,0.0,1.4,0.5,,"jhudson@neoninc.org","ekrulc@field-ops.org","PCN not filtered. Collected at updated inlet and outlet locations.|ot, in, and c1 storage vials stored in part DI, part water from c1 location",
"68319022-aee1-4add-8aac-fd2ef14c4f0a","D05","CRAM","CRAM.AOS.buoy.c1",46.210592,-89.476861,10.0,10.0,509.0,10.0,"WGS84",,,,,,"2016-09-07T16:15Z","lake",,"CRAM.C1.20160907",,"CRAM.20160907","Kemmerer",7.40,89.00,13.10,21.40,"NEON.DOC.001886vD",4.0,0.0,15.9,0.5,,"jhudson@neoninc.org","ekrulc@field-ops.org","PCN not filtered|ot, in, and c1 storage vials stored in part DI, part water from c1 location",
"3c2b7a7e-7305-4a05-b444-276bb6e74f83","D05","CRAM","CRAM.AOS.buoy.c2",46.210592,-89.476861,10.0,10.0,509.0,10.0,"WGS84",,,,,,"2016-09-07T16:45Z","lake",,"CRAM.C2.20160907",,"CRAM.20160907","Kemmerer",0.00,0.00,18.40,5.60,"NEON.DOC.001886vD",15.9,8.5,15.9,10.3,14.0,"jhudson@neoninc.org","ekrulc@field-ops.org","PCN not filtered|ot, in, and c1 storage vials stored in part DI, part water from c1 location; using updated in and ot locations",
"d9715677-9bb3-4e30-a42a-9ea2e152d6af","D05","CRAM","CRAM.AOS.outlet",46.211998,-89.474475,0.1,10.0,511.8,0.1,"WGS84",,,,,,"2016-09-27T15:57Z","lake",,"CRAM.OT.20160927",,"CRAM.20160927","Kemmerer",7.70,85.00,,16.50,"NEON.DOC.001886vD",1.4,0.0,1.4,0.5,,"jhudson@neoninc.org","ekrulc@field-ops.org","PCN not collected. Specific conductivity not collected.",
"d4e0d4ec-99bf-417d-9db2-84876f5bb5fd","D05","CRAM","CRAM.AOS.inlet",46.207952,-89.476174,0.1,10.0,511.7,0.1,"WGS84",,,,,,"2016-09-27T16:30Z","lake",,"CRAM.IN.20160927",,"CRAM.20160927","Kemmerer",7.50,82.00,,16.40,"NEON.DOC.001886vD",2.0,0.0,2.0,0.5,,"jhudson@neoninc.org","ekrulc@field-ops.org","PCN not collected. Specific conductivity not taken.",
"a76eacbc-b983-4309-bc82-188a7f3321f5","D05","CRAM","CRAM.AOS.buoy.c1",46.210592,-89.476861,10.0,10.0,509.0,10.0,"WGS84",,,,,,"2016-09-27T17:20Z","lake",,"CRAM.C1.20160927",,"CRAM.20160927","Kemmerer",7.80,86.00,,16.50,"NEON.DOC.001886vD",5.5,0.0,16.8,0.5,,"jhudson@neoninc.org","ekrulc@field-ops.org","PCN not collected. Conductivity not collected.",
"b9eac882-8b81-44ab-a7f0-5896578423f2","D05","CRAM","CRAM.AOS.buoy.c2",46.210592,-89.476861,10.0,10.0,509.0,10.0,"WGS84",,,,,,"2016-09-27T17:35Z","lake",,"CRAM.C2.20160927",,"CRAM.20160927","Kemmerer",0.00,0.00,,5.60,"NEON.DOC.001886vD",16.8,9.5,16.8,11.3,14.0,"jhudson@neoninc.org","ekrulc@field-ops.org","In-situ taken at 13.0 meters. Integrated sample taken at 11.25 and 14.0 m. PCN not collected. Specific conductivity not taken|Depths should technically have been taken at 11.25 m and 15.0 m. Floating material found in sample at 15.0 m, so taken at 14.0 m.|Depths should technically have been taken at 11.25 m and 15.0 m. Floating material found in sample at 15.0 m, so taken at 14.0 m.|Depths should technically have been taken at 11.25 m and 15.0 m. Floating material found in sample at 15.0 m, so taken at 14.0 m.",
