uid,domainID,siteID,namedLocation,collectDate,sampleID,sampleCode,sampleCondition,laboratoryName,analysisDate,analyzedBy,sampleType,replicate,sampleVolumeFiltered,filterSize,percentFilterAnalyzed,analyte,analyteConcentration,plantAlgaeLabUnits,method,externalRemarks,externalLabDataQF
"ae0c0a15-bf0b-4c27-9dc8-8494d860fc4c","D05","CRAM","CRAM.AOS.outlet","2016-09-07","CRAM.OT.20160907.POM.1",,"condition ok","Academy of Natural Sciences of Drexel University","2017-03-29","OKgcKejxXbI=","13C15N","1",,,100,"d15N",2.06,"perMill",,,
"d40afbd4-bade-435f-ad0d-ef5b74581b6d","D05","CRAM","CRAM.AOS.outlet","2016-09-07","CRAM.OT.20160907.POM.2",,"other","Academy of Natural Sciences of Drexel University","2017-06-14","OKgcKejxXbI=","13C15N","2",,,100,"d15N",,"perMill",,"filter corrupted during run",
"90deb4b2-140f-49b6-923c-81636cf5f040","D05","CRAM","CRAM.AOS.outlet","2016-09-07","CRAM.OT.20160907.POM.2",,"other","Academy of Natural Sciences of Drexel University","2017-06-14","OKgcKejxXbI=","13C15N","2",,,100,"d13C",,"perMill",,"filter corrupted during run",
"e5884d3f-158a-4092-ad67-f8ed400f12a5","D05","CRAM","CRAM.AOS.outlet","2016-09-07","CRAM.OT.20160907.POM.1",,"condition ok","Academy of Natural Sciences of Drexel University","2017-03-29","OKgcKejxXbI=","13C15N","1",,,100,"d13C",-29.30,"perMill",,,
"e8f5bb14-8ddb-4c18-b495-e406e55a0eb8","D05","CRAM","CRAM.AOS.inlet","2016-09-07","CRAM.IN.20160907.POM.2",,"other","Academy of Natural Sciences of Drexel University","2017-06-14","OKgcKejxXbI=","13C15N","2",,,100,"d15N",,"perMill",,"filter corrupted during run",
"4254539f-c498-426c-9283-679b80f9119b","D05","CRAM","CRAM.AOS.inlet","2016-09-07","CRAM.IN.20160907.POM.1",,"condition ok","Academy of Natural Sciences of Drexel University","2017-03-29","OKgcKejxXbI=","13C15N","1",,,100,"d15N",2.56,"perMill",,,
"7da2ef06-55b5-4323-9055-3d40f98c495d","D05","CRAM","CRAM.AOS.inlet","2016-09-07","CRAM.IN.20160907.POM.1",,"condition ok","Academy of Natural Sciences of Drexel University","2017-03-29","OKgcKejxXbI=","13C15N","1",,,100,"d13C",-30.30,"perMill",,,
"157fd197-c3ba-4623-ac1f-cf2d28a2371b","D05","CRAM","CRAM.AOS.inlet","2016-09-07","CRAM.IN.20160907.POM.2",,"other","Academy of Natural Sciences of Drexel University","2017-06-14","OKgcKejxXbI=","13C15N","2",,,100,"d13C",,"perMill",,"filter corrupted during run",
"f9824a24-cc49-45a1-a03b-3e36fe1e770e","D05","CRAM","CRAM.AOS.buoy.c1","2016-09-07","CRAM.C1.20160907.POM.2",,"other","Academy of Natural Sciences of Drexel University","2017-06-14","OKgcKejxXbI=","13C15N","2",,,100,"d13C",,"perMill",,"filter corrupted during run",
"79f5a108-a88a-4e00-904e-1e00a7100392","D05","CRAM","CRAM.AOS.buoy.c1","2016-09-07","CRAM.C1.20160907.POM.1",,"condition ok","Academy of Natural Sciences of Drexel University","2017-03-29","OKgcKejxXbI=","13C15N","1",,,100,"d13C",-29.80,"perMill",,,
"7cd81cb5-6fdc-4d78-8b31-5684b4762ec8","D05","CRAM","CRAM.AOS.buoy.c1","2016-09-07","CRAM.C1.20160907.POM.1",,"condition ok","Academy of Natural Sciences of Drexel University","2017-03-29","OKgcKejxXbI=","13C15N","1",,,100,"d15N",0.78,"perMill",,,
"b3a32d33-1fe0-488e-b5dd-69f6f7468e6a","D05","CRAM","CRAM.AOS.buoy.c1","2016-09-07","CRAM.C1.20160907.POM.2",,"other","Academy of Natural Sciences of Drexel University","2017-06-14","OKgcKejxXbI=","13C15N","2",,,100,"d15N",,"perMill",,"filter corrupted during run",
"964f8639-82e6-4918-9aaf-151a6468040b","D05","CRAM","CRAM.AOS.buoy.c2","2016-09-07","CRAM.C2.20160907.POM.1",,"condition ok","Academy of Natural Sciences of Drexel University","2017-03-29","OKgcKejxXbI=","13C15N","1",,,100,"d15N",-0.85,"perMill",,,
"0e3f0492-b3b2-4950-b019-c4efd64779c3","D05","CRAM","CRAM.AOS.buoy.c2","2016-09-07","CRAM.C2.20160907.POM.1",,"condition ok","Academy of Natural Sciences of Drexel University","2017-03-29","OKgcKejxXbI=","13C15N","1",,,100,"d13C",-33.01,"perMill",,,
"dba8283e-5d09-493c-84de-3a2fafb276af","D05","CRAM","CRAM.AOS.buoy.c2","2016-09-07","CRAM.C2.20160907.POM.2",,"other","Academy of Natural Sciences of Drexel University","2017-06-14","OKgcKejxXbI=","13C15N","2",,,100,"d13C",,"perMill",,"filter corrupted during run",
"e329965f-8aa1-4092-a746-c58b65258e37","D05","CRAM","CRAM.AOS.buoy.c2","2016-09-07","CRAM.C2.20160907.POM.2",,"other","Academy of Natural Sciences of Drexel University","2017-06-14","OKgcKejxXbI=","13C15N","2",,,100,"d15N",,"perMill",,"filter corrupted during run",
"37501b2d-88c1-40d7-ae8f-11159b50eafd","D05","CRAM","CRAM.AOS.outlet","2016-09-27","CRAM.OT.20160927.POM.1",,"condition ok","Academy of Natural Sciences of Drexel University","2017-03-29","OKgcKejxXbI=","13C15N","1",,,100,"d15N",0.05,"perMill",,"Difference in volume filtered",
"44fe4931-9c42-4ef9-a5d1-455b125b0bc8","D05","CRAM","CRAM.AOS.outlet","2016-09-27","CRAM.OT.20160927.POM.2",,"other","Academy of Natural Sciences of Drexel University","2017-06-14","OKgcKejxXbI=","13C15N","2",,,100,"d13C",,"perMill",,"filter corrupted during run",
"568be678-8531-4a20-bc75-aea3163cd4c6","D05","CRAM","CRAM.AOS.outlet","2016-09-27","CRAM.OT.20160927.POM.1",,"condition ok","Academy of Natural Sciences of Drexel University","2017-03-29","OKgcKejxXbI=","13C15N","1",,,100,"d13C",-32.05,"perMill",,"Difference in volume filtered",
"309f68ec-de49-4d48-bf2d-725b9c8acccf","D05","CRAM","CRAM.AOS.outlet","2016-09-27","CRAM.OT.20160927.POM.2",,"other","Academy of Natural Sciences of Drexel University","2017-06-14","OKgcKejxXbI=","13C15N","2",,,100,"d15N",,"perMill",,"filter corrupted during run",
"63b9ccec-a742-4551-99f8-33424b55ab06","D05","CRAM","CRAM.AOS.inlet","2016-09-27","CRAM.IN.20160927.POM.2",,"other","Academy of Natural Sciences of Drexel University","2017-06-14","OKgcKejxXbI=","13C15N","2",,,100,"d15N",,"perMill",,"filter corrupted during run",
"f8c5df4d-53db-4564-b98e-ffb139e587c9","D05","CRAM","CRAM.AOS.inlet","2016-09-27","CRAM.IN.20160927.POM.1",,"condition ok","Academy of Natural Sciences of Drexel University","2017-03-29","OKgcKejxXbI=","13C15N","1",,,100,"d13C",-32.05,"perMill",,,
"71ccb96b-5cb1-408d-a933-adc8b8d234c1","D05","CRAM","CRAM.AOS.inlet","2016-09-27","CRAM.IN.20160927.POM.2",,"other","Academy of Natural Sciences of Drexel University","2017-06-14","OKgcKejxXbI=","13C15N","2",,,100,"d13C",,"perMill",,"filter corrupted during run",
"acaa4541-158b-4934-b6e4-d9826b34c3b9","D05","CRAM","CRAM.AOS.inlet","2016-09-27","CRAM.IN.20160927.POM.1",,"condition ok","Academy of Natural Sciences of Drexel University","2017-03-29","OKgcKejxXbI=","13C15N","1",,,100,"d15N",0.39,"perMill",,,
"cec5b2aa-9c4d-4bbb-b64c-355f7d81e0a2","D05","CRAM","CRAM.AOS.buoy.c1","2016-09-27","CRAM.C1.20160927.POM.2",,"other","Academy of Natural Sciences of Drexel University","2017-06-14","OKgcKejxXbI=","13C15N","2",,,100,"d15N",,"perMill",,"filter corrupted during run",
"e45c5c0f-3d73-486e-be6a-6271b276d239","D05","CRAM","CRAM.AOS.buoy.c1","2016-09-27","CRAM.C1.20160927.POM.1",,"condition ok","Academy of Natural Sciences of Drexel University","2017-03-29","OKgcKejxXbI=","13C15N","1",,,100,"d15N",-0.10,"perMill",,,
"2185b8a7-2ce3-4fab-9064-bcaad45576f4","D05","CRAM","CRAM.AOS.buoy.c1","2016-09-27","CRAM.C1.20160927.POM.1",,"condition ok","Academy of Natural Sciences of Drexel University","2017-03-29","OKgcKejxXbI=","13C15N","1",,,100,"d13C",-32.49,"perMill",,,
"61975738-3244-471f-b696-4e2528f29210","D05","CRAM","CRAM.AOS.buoy.c1","2016-09-27","CRAM.C1.20160927.POM.2",,"other","Academy of Natural Sciences of Drexel University","2017-06-14","OKgcKejxXbI=","13C15N","2",,,100,"d13C",,"perMill",,"filter corrupted during run",
"edd9c50d-8f03-430d-8e88-04bcf5fff3f5","D05","CRAM","CRAM.AOS.buoy.c2","2016-09-27","CRAM.C2.20160927.POM.1",,"condition ok","Academy of Natural Sciences of Drexel University","2017-03-29","OKgcKejxXbI=","13C15N","1",,,100,"d15N",-1.75,"perMill",,,
"5a813c8a-886a-4367-b07e-10cbd1f06a17","D05","CRAM","CRAM.AOS.buoy.c2","2016-09-27","CRAM.C2.20160927.POM.2",,"other","Academy of Natural Sciences of Drexel University","2017-06-14","OKgcKejxXbI=","13C15N","2",,,100,"d13C",,"perMill",,"filter corrupted during run",
"8626215a-8976-4446-9298-28714590c17b","D05","CRAM","CRAM.AOS.buoy.c2","2016-09-27","CRAM.C2.20160927.POM.1",,"condition ok","Academy of Natural Sciences of Drexel University","2017-03-29","OKgcKejxXbI=","13C15N","1",,,100,"d13C",-34.10,"perMill",,,
"0fd07c2a-259a-419f-8ae9-37ce6e8ca2c8","D05","CRAM","CRAM.AOS.buoy.c2","2016-09-27","CRAM.C2.20160927.POM.2",,"other","Academy of Natural Sciences of Drexel University","2017-06-14","OKgcKejxXbI=","13C15N","2",,,100,"d15N",,"perMill",,"filter corrupted during run",
