uid,domainID,siteID,namedLocation,collectDate,parentSampleID,parentSampleCode,isotopeH2OSampleCond,isotopeH2OSampleID,isotopeH2OSampleCode,isotopePOMRep2SampleCond,isotopePOMRep2SampleID,isotopePOMRep2SampleCode,isotopePOMSampleCond,isotopePOMSampleID,isotopePOMSampleCode,processedDateFilters,processedDateH2OIsotopes,sampleVolumeFilteredPOMRep1,sampleVolumeFilteredPOMRep2,fieldDataQF
"9131bf1e-c2de-4ace-8578-b69819c2c538","D05","CRAM","CRAM.AOS.outlet","2016-09-07T14:50Z","CRAM.OT.20160907",,,"CRAM.OT.20160907.H2O.1",,,"CRAM.OT.20160907.POM.2",,,"CRAM.OT.20160907.POM.1",,"2016-09-07T19:00Z","2016-09-07T20:40Z",300,300,
"62838f96-63ff-4d74-a350-440099bac083","D05","CRAM","CRAM.AOS.inlet","2016-09-07T15:20Z","CRAM.IN.20160907",,,"CRAM.IN.20160907.H2O.1",,,"CRAM.IN.20160907.POM.2",,,"CRAM.IN.20160907.POM.1",,"2016-09-07T19:10Z","2016-09-07T20:50Z",300,300,
"9fdb7d89-93e4-4668-9833-53452c40d38b","D05","CRAM","CRAM.AOS.buoy.c1","2016-09-07T16:15Z","CRAM.C1.20160907",,,"CRAM.C1.20160907.H2O.1",,,"CRAM.C1.20160907.POM.2",,,"CRAM.C1.20160907.POM.1",,"2016-09-07T19:45Z","2016-09-07T21:00Z",300,300,
"8df71bd2-ca70-4f9f-a123-3b9fc5178577","D05","CRAM","CRAM.AOS.buoy.c2","2016-09-07T16:45Z","CRAM.C2.20160907",,,"CRAM.C2.20160907.H2O.1",,,"CRAM.C2.20160907.POM.2",,,"CRAM.C2.20160907.POM.1",,"2016-09-07T20:45Z","2016-09-07T21:10Z",200,200,
"c6303719-2859-4cec-9235-cd278c92377c","D05","CRAM","CRAM.AOS.outlet","2016-09-27T15:57Z","CRAM.OT.20160927",,,"CRAM.OT.20160927.H2O.1",,,"CRAM.OT.20160927.POM.2",,,"CRAM.OT.20160927.POM.1",,"2016-09-27T19:20Z","2016-09-27T21:52Z",301,300,
"de868bbd-0ad1-4797-9a57-d1983c860e99","D05","CRAM","CRAM.AOS.inlet","2016-09-27T16:30Z","CRAM.IN.20160927",,,"CRAM.IN.20160927.H2O.1",,,"CRAM.IN.20160927.POM.2",,,"CRAM.IN.20160927.POM.1",,"2016-09-27T19:20Z","2016-09-27T22:09Z",300,300,
"3b9cb636-b91c-491b-8024-ac826f8c253e","D05","CRAM","CRAM.AOS.buoy.c1","2016-09-27T17:20Z","CRAM.C1.20160927",,,"CRAM.C1.20160927.H2O.1",,,"CRAM.C1.20160927.POM.2",,,"CRAM.C1.20160927.POM.1",,"2016-09-27T20:40Z","2016-09-27T22:01Z",250,250,
"60d903cd-7c86-408c-952f-58534d29b576","D05","CRAM","CRAM.AOS.buoy.c2","2016-09-27T17:35Z","CRAM.C2.20160927",,,"CRAM.C2.20160927.H2O.1",,,"CRAM.C2.20160927.POM.2",,,"CRAM.C2.20160927.POM.1",,"2016-09-27T21:20Z","2016-09-27T22:20Z",150,150,
