uid,domainID,siteID,namedLocation,collectDate,sampleID,sampleCode,sampleCondition,laboratoryName,analysisDate,analyzedBy,sampleType,replicate,sampleVolumeFiltered,filterSize,percentFilterAnalyzed,analyte,analyteConcentration,plantAlgaeLabUnits,method,externalRemarks,externalLabDataQF
"bb129f67-88a7-4b62-930a-dcd1ebce5d0c","D03","SUGG","SUGG.AOS.buoy.c0","2019-03-04","SUGG.C0.20190304.POM.1","A00000037181","condition ok","SIRFER Lab at University of Utah","2019-04-30","ElFtGy1kV49xqNP00HfxQA==","POM","1",300,25,100,"nitrogen",56.41,"microgramsPerLiter","Revesz & Coplen 2012a",,
"266f9587-b4e9-483d-8db7-7f39c47ff0c1","D03","SUGG","SUGG.AOS.buoy.c0","2019-03-04","SUGG.C0.20190304.POM.1","A00000037181","condition ok","SIRFER Lab at University of Utah","2019-04-30","ElFtGy1kV49xqNP00HfxQA==","POM","1",300,25,100,"d15N",2.67,"perMill","Revesz & Coplen 2012a",,
"e447fc2e-6ef7-4880-8150-9dac7364cc92","D03","SUGG","SUGG.AOS.buoy.c0","2019-03-04","SUGG.C0.20190304.POM.1","A00000037181","condition ok","SIRFER Lab at University of Utah","2019-04-30","ElFtGy1kV49xqNP00HfxQA==","POM","1",300,25,100,"d13C",-29.64,"perMill","Revesz & Coplen 2012a",,
"14762d82-b043-41e7-aa5f-f20a97cd0b47","D03","SUGG","SUGG.AOS.buoy.c0","2019-03-04","SUGG.C0.20190304.POM.1","A00000037181","condition ok","SIRFER Lab at University of Utah","2019-04-30","ElFtGy1kV49xqNP00HfxQA==","POM","1",300,25,100,"carbon",585.19,"microgramsPerLiter","Revesz & Coplen 2012a",,
