uid,domainID,siteID,namedLocation,collectDate,sampleID,sampleCode,sampleCondition,laboratoryName,analysisDate,analyzedBy,sampleType,replicate,sampleVolumeFiltered,filterSize,percentFilterAnalyzed,analyte,analyteConcentration,plantAlgaeLabUnits,method,externalRemarks,externalLabDataQF
"9e4d4b97-a381-44e3-a6d4-85067e7f8cc5","D06","MCDI","MCDI.AOS.S2","2018-09-10","MCDI.SS.20180910.POM.1","A00000041247","condition ok","SIRFER Lab at University of Utah","2018-10-16","ElFtGy1kV49xqNP00HfxQA==","POM","1",500,25,100,"d15N",6.97,"perMill","Revesz & Coplen 2012a",,
"ef6c793c-6396-4920-a738-1115d77e6eec","D06","MCDI","MCDI.AOS.S2","2018-09-10","MCDI.SS.20180910.POM.1","A00000041247","condition ok","SIRFER Lab at University of Utah","2018-10-16","ElFtGy1kV49xqNP00HfxQA==","POM","1",500,25,100,"carbon",564.89,"microgramsPerLiter","Revesz & Coplen 2012a",,
"8cf58202-a50a-4500-857a-5d6d0b99104a","D06","MCDI","MCDI.AOS.S2","2018-09-10","MCDI.SS.20180910.POM.1","A00000041247","condition ok","SIRFER Lab at University of Utah","2018-10-16","ElFtGy1kV49xqNP00HfxQA==","POM","1",500,25,100,"nitrogen",96.60,"microgramsPerLiter","Revesz & Coplen 2012a",,
"95fcff07-594d-4a25-ba58-ff8b1ab4f4e0","D06","MCDI","MCDI.AOS.S2","2018-09-10","MCDI.SS.20180910.POM.1","A00000041247","condition ok","SIRFER Lab at University of Utah","2018-10-16","ElFtGy1kV49xqNP00HfxQA==","POM","1",500,25,100,"d13C",-34.32,"perMill","Revesz & Coplen 2012a",,
