uid,domainID,siteID,namedLocation,decimalLatitude,decimalLongitude,coordinateUncertainty,additionalCoordUncertainty,elevation,elevationUncertainty,geodeticDatum,altLocation,altLatitude,altLongitude,altCoordinateUncertainty,altGeodeticDatum,collectDate,aquaticSiteType,samplingImpractical,parentSampleID,parentSampleCode,eventID,samplerType,dissolvedOxygen,dissolvedOxygenSaturation,specificConductance,waterTemp,asiSamplingProtocolVersion,lowerSegmentDepth,upperSegmentDepth,maxDepth,lakeSampleDepth1,lakeSampleDepth2,aCollectedBy,bCollectedBy,remarks,fieldDataQF
"3e97786d-67d6-43c3-8992-ff9f3b54b869","D08","TOMB","TOMB.AOS.buoy.c0",31.853820,-88.157300,5.0,10.0,20.0,10.0,"WGS84",,,,,,"2018-04-10T15:47Z","river",,"TOMB.C0.20180410",,"TOMB.20180410","Kemmerer",8.96,93.00,144.00,17.10,"NEON.DOC.001886vF",,,8.4,0.5,,"kmiller@battelleecology.org","dshipman@battelleecology.org",,
"42736ce9-85b0-4a7f-b471-9c48c8da7d76","D08","TOMB","TOMB.AOS.buoy.c0",31.853820,-88.157300,5.0,10.0,20.0,10.0,"WGS84",,,,,,"2018-04-12T16:03Z","river",,"TOMB.C0.20180412",,"TOMB.20180412","Kemmerer",9.33,96.80,142.30,17.20,"NEON.DOC.001886vF",,,8.5,0.5,,"kmiller@battelleecology.org","jgalloway@battelleecology.org",,
"5e1777d8-adaf-4d4a-8366-fdce8ddcc2fc","D08","TOMB","TOMB.AOS.buoy.c0",31.853820,-88.157300,5.0,10.0,20.0,10.0,"WGS84",,,,,,"2018-04-17T15:17Z","river",,"TOMB.C0.20180417",,"TOMB.20180417","Kemmerer",8.78,90.90,128.20,17.00,"NEON.DOC.001886vF",,,9.8,0.5,,"jgalloway@battelleecology.org","kmiller@battelleecology.org","High flow and flood warning",
"65e4e108-a1ac-48ec-b344-1c5c261d1e26","D08","TOMB","TOMB.AOS.buoy.c0",31.853820,-88.157300,5.0,10.0,20.0,10.0,"WGS84",,,,,,"2018-04-25T15:42Z","river",,"TOMB.C0.20180425",,"TOMB.20180425","Kemmerer",9.26,97.30,133.80,17.80,"NEON.DOC.001886vF",,,7.5,0.5,,"jgalloway@battelleecology.org","kmiller@battelleecology.org","High flow",
