uid,domainID,siteID,namedLocation,collectDate,sampleID,sampleCode,sampleCondition,laboratoryName,analysisDate,analyzedBy,sampleType,replicate,sampleVolumeFiltered,filterSize,percentFilterAnalyzed,analyte,analyteConcentration,plantAlgaeLabUnits,method,externalRemarks,externalLabDataQF
"932c1d80-0eaa-4955-ab42-256b6bb172b5","D08","TOMB","TOMB.AOS.buoy.c0","2018-04-10","TOMB.C0.20180410.POM.1","A00000015413","condition ok","SIRFER Lab at University of Utah","2018-08-28","ElFtGy1kV49xqNP00HfxQA==","POM","1",50,25,100,"nitrogen",301.81,"microgramsPerLiter","Revesz & Coplen 2012a",,
"c9c3e226-bab8-45ad-bdb5-f56fed229e3b","D08","TOMB","TOMB.AOS.buoy.c0","2018-04-10","TOMB.C0.20180410.POM.1","A00000015413","condition ok","SIRFER Lab at University of Utah","2018-08-28","ElFtGy1kV49xqNP00HfxQA==","POM","1",50,25,100,"d13C",-26.32,"perMill","Revesz & Coplen 2012a",,
"610087d7-39da-4bf3-a565-c75884f5f11a","D08","TOMB","TOMB.AOS.buoy.c0","2018-04-10","TOMB.C0.20180410.POM.1","A00000015413","condition ok","SIRFER Lab at University of Utah","2018-08-28","ElFtGy1kV49xqNP00HfxQA==","POM","1",50,25,100,"d15N",4.00,"perMill","Revesz & Coplen 2012a",,
"106028b0-cb41-4d5e-a769-0474a375d308","D08","TOMB","TOMB.AOS.buoy.c0","2018-04-10","TOMB.C0.20180410.POM.1","A00000015413","condition ok","SIRFER Lab at University of Utah","2018-08-28","ElFtGy1kV49xqNP00HfxQA==","POM","1",50,25,100,"carbon",2505.99,"microgramsPerLiter","Revesz & Coplen 2012a",,
"c83f3e44-a8b3-4dd4-b8d5-c78ef5102ca0","D08","TOMB","TOMB.AOS.buoy.c0","2018-04-12","TOMB.C0.20180412.POM.1","A00000015398","condition ok","SIRFER Lab at University of Utah","2018-08-30","ElFtGy1kV49xqNP00HfxQA==","POM","1",50,25,100,"nitrogen",203.65,"microgramsPerLiter","Revesz & Coplen 2012a",,
"dcfa5253-c75f-4569-ac2b-e7a9ba6eb84b","D08","TOMB","TOMB.AOS.buoy.c0","2018-04-12","TOMB.C0.20180412.POM.1","A00000015398","condition ok","SIRFER Lab at University of Utah","2018-08-30","ElFtGy1kV49xqNP00HfxQA==","POM","1",50,25,100,"carbon",2119.65,"microgramsPerLiter","Revesz & Coplen 2012a",,
"42a6c881-a38b-45ad-8fac-c83cfa6e9528","D08","TOMB","TOMB.AOS.buoy.c0","2018-04-12","TOMB.C0.20180412.POM.1","A00000015398","condition ok","SIRFER Lab at University of Utah","2018-08-30","ElFtGy1kV49xqNP00HfxQA==","POM","1",50,25,100,"d13C",-29.68,"perMill","Revesz & Coplen 2012a",,
"f9bfe5b4-9891-4362-a486-795ef231d1de","D08","TOMB","TOMB.AOS.buoy.c0","2018-04-12","TOMB.C0.20180412.POM.1","A00000015398","condition ok","SIRFER Lab at University of Utah","2018-08-30","ElFtGy1kV49xqNP00HfxQA==","POM","1",50,25,100,"d15N",2.65,"perMill","Revesz & Coplen 2012a",,
"65608bca-c653-48f4-9798-8bcf93550cb6","D08","TOMB","TOMB.AOS.buoy.c0","2018-04-17","TOMB.C0.20180417.POM.1","A00000015403","condition ok","SIRFER Lab at University of Utah","2018-08-30","ElFtGy1kV49xqNP00HfxQA==","POM","1",50,25,100,"nitrogen",245.87,"microgramsPerLiter","Revesz & Coplen 2012a",,
"db67cde2-a963-46d7-a5d2-58c9f3dea6f3","D08","TOMB","TOMB.AOS.buoy.c0","2018-04-17","TOMB.C0.20180417.POM.1","A00000015403","condition ok","SIRFER Lab at University of Utah","2018-08-30","ElFtGy1kV49xqNP00HfxQA==","POM","1",50,25,100,"carbon",2136.33,"microgramsPerLiter","Revesz & Coplen 2012a",,
"69b7a71f-3293-47ee-b87b-1adf94581642","D08","TOMB","TOMB.AOS.buoy.c0","2018-04-17","TOMB.C0.20180417.POM.1","A00000015403","condition ok","SIRFER Lab at University of Utah","2018-08-30","ElFtGy1kV49xqNP00HfxQA==","POM","1",50,25,100,"d15N",5.12,"perMill","Revesz & Coplen 2012a",,
"e726a994-e3d6-43c5-9176-e5e113f62272","D08","TOMB","TOMB.AOS.buoy.c0","2018-04-17","TOMB.C0.20180417.POM.1","A00000015403","condition ok","SIRFER Lab at University of Utah","2018-08-30","ElFtGy1kV49xqNP00HfxQA==","POM","1",50,25,100,"d13C",-28.93,"perMill","Revesz & Coplen 2012a",,
"d4318c4a-75b6-4a53-a19b-c940891dce47","D08","TOMB","TOMB.AOS.buoy.c0","2018-04-25","TOMB.C0.20180425.POM.1","A00000015406","condition ok","SIRFER Lab at University of Utah","2018-08-30","ElFtGy1kV49xqNP00HfxQA==","POM","1",50,25,100,"d15N",2.95,"perMill","Revesz & Coplen 2012a",,
"8b262a05-0b94-4cb4-a921-0d73345a2abf","D08","TOMB","TOMB.AOS.buoy.c0","2018-04-25","TOMB.C0.20180425.POM.1","A00000015406","condition ok","SIRFER Lab at University of Utah","2018-08-30","ElFtGy1kV49xqNP00HfxQA==","POM","1",50,25,100,"d13C",-29.19,"perMill","Revesz & Coplen 2012a",,
"4e082e0f-e02f-4854-8c53-431a6412c040","D08","TOMB","TOMB.AOS.buoy.c0","2018-04-25","TOMB.C0.20180425.POM.1","A00000015406","condition ok","SIRFER Lab at University of Utah","2018-08-30","ElFtGy1kV49xqNP00HfxQA==","POM","1",50,25,100,"carbon",1807.62,"microgramsPerLiter","Revesz & Coplen 2012a",,
"9c3e8be6-f049-4985-bf9a-5bbe4bc7a381","D08","TOMB","TOMB.AOS.buoy.c0","2018-04-25","TOMB.C0.20180425.POM.1","A00000015406","condition ok","SIRFER Lab at University of Utah","2018-08-30","ElFtGy1kV49xqNP00HfxQA==","POM","1",50,25,100,"nitrogen",70.28,"microgramsPerLiter","Revesz & Coplen 2012a",,
