uid,domainID,siteID,namedLocation,collectDate,analysisDate,isotopeH2OSampleID,isotopeH2OSampleCode,instrumentSN,d18OWater,d2HWater,d18OsdWater,d2HsdWater,isotopeH2OExternalLabQF,laboratoryName,analyzedBy,sampleCondition,externalRemarks,externalLabDataQF
"248491c6-8e54-45cb-828e-ce20a73934b9","D08","TOMB","TOMB.AOS.buoy.c0","2018-04-10","2018-06-04","TOMB.C0.20180410.H2O.1","A00000015300","HIDS2052",-4.07,-20.65,0.05,0.39,0,"SIRFER Lab at University of Utah","OlSmE6RRn5QQH8tvUHmK5i/poYiQr6sd","OK",,
"cb95b7a7-aff4-4f51-8507-f4a974113fc2","D08","TOMB","TOMB.AOS.buoy.c0","2018-04-12","2018-06-04","TOMB.C0.20180412.H2O.1","A00000013259","HIDS2052",-4.19,-21.27,0.03,0.19,0,"SIRFER Lab at University of Utah","OlSmE6RRn5QQH8tvUHmK5i/poYiQr6sd","OK",,
"324483a8-5d55-40d5-a87d-6f2056b8ed36","D08","TOMB","TOMB.AOS.buoy.c0","2018-04-17","2018-06-04","TOMB.C0.20180417.H2O.1","A00000013528","HIDS2052",-3.43,-21.36,0.04,0.14,0,"SIRFER Lab at University of Utah","OlSmE6RRn5QQH8tvUHmK5i/poYiQr6sd","Sample Damaged or Lost","Loose cap vial leaked; isotope data suggest possible evaporation during shipping",
"7dbcb64f-9bf1-4fd5-a2ee-f466e387d103","D08","TOMB","TOMB.AOS.buoy.c0","2018-04-25","2018-06-04","TOMB.C0.20180425.H2O.1","A00000013279","HIDS2052",-4.30,-23.41,0.01,0.08,0,"SIRFER Lab at University of Utah","OlSmE6RRn5QQH8tvUHmK5i/poYiQr6sd","OK",,
