uid,domainID,siteID,namedLocation,collectDate,parentSampleID,parentSampleCode,isotopeH2OSampleCond,isotopeH2OSampleID,isotopeH2OSampleCode,isotopePOMRep2SampleCond,isotopePOMRep2SampleID,isotopePOMRep2SampleCode,isotopePOMSampleCond,isotopePOMSampleID,isotopePOMSampleCode,processedDateFilters,processedDateH2OIsotopes,sampleVolumeFilteredPOMRep1,sampleVolumeFilteredPOMRep2,fieldDataQF
"8b45b846-4d3f-45f1-8508-9c5e6b1e8536","D08","TOMB","TOMB.AOS.buoy.c0","2018-04-10T15:47Z","TOMB.C0.20180410",,"Sample condition ok","TOMB.C0.20180410.H2O.1","A00000015300","Sample condition ok","TOMB.C0.20180410.POM.2","A00000015414","Sample condition ok","TOMB.C0.20180410.POM.1","A00000015413","2018-04-10T15:47Z","2018-04-10T15:47Z",50,50,
"bf966136-df34-4f6a-ae76-4c0c7b3c6682","D08","TOMB","TOMB.AOS.buoy.c0","2018-04-12T16:03Z","TOMB.C0.20180412",,"Sample condition ok","TOMB.C0.20180412.H2O.1","A00000013259","Sample condition ok","TOMB.C0.20180412.POM.2","A00000015416","Sample condition ok","TOMB.C0.20180412.POM.1","A00000015398","2018-04-12T16:03Z","2018-04-12T16:03Z",50,50,
"c3965a3a-ecaf-41b2-a8f0-c20961d5ff00","D08","TOMB","TOMB.AOS.buoy.c0","2018-04-17T15:17Z","TOMB.C0.20180417",,"Sample condition ok","TOMB.C0.20180417.H2O.1","A00000013528","Sample condition ok","TOMB.C0.20180417.POM.2","A00000015404","Sample condition ok","TOMB.C0.20180417.POM.1","A00000015403","2018-04-17T15:17Z","2018-04-17T15:17Z",50,50,
"d878df3d-62ec-4668-a444-258bdafab5e3","D08","TOMB","TOMB.AOS.buoy.c0","2018-04-25T15:42Z","TOMB.C0.20180425",,"Sample condition ok","TOMB.C0.20180425.H2O.1","A00000013279","Sample condition ok","TOMB.C0.20180425.POM.2","A00000015423","Sample condition ok","TOMB.C0.20180425.POM.1","A00000015406","2018-04-25T15:42Z","2018-04-25T15:42Z",50,50,
