uid,domainID,siteID,namedLocation,decimalLatitude,decimalLongitude,coordinateUncertainty,additionalCoordUncertainty,elevation,elevationUncertainty,geodeticDatum,altLocation,altLatitude,altLongitude,altCoordinateUncertainty,altGeodeticDatum,collectDate,aquaticSiteType,samplingImpractical,parentSampleID,parentSampleCode,eventID,samplerType,dissolvedOxygen,dissolvedOxygenSaturation,specificConductance,waterTemp,asiSamplingProtocolVersion,lowerSegmentDepth,upperSegmentDepth,maxDepth,lakeSampleDepth1,lakeSampleDepth2,aCollectedBy,bCollectedBy,remarks,fieldDataQF
"058a2929-daf1-4440-9ca3-78bcd2489a4a","D13","COMO","COMO.AOS.S2",40.034953,-105.544407,0.1,10.0,3022.5,0.0,"WGS84",,,,,,"2018-06-04T18:10Z","stream",,"COMO.SS.20180604",,"COMO.20180604","Grab",9.32,74.30,14.00,5.60,"NEON.DOC.001886vF",,,,,,"jen.roquemore@battelleecology.org","Hschartel@battelleecology.org",,
"40d6ac1d-ba25-4e58-a4a4-714b40cd2d5a","D13","COMO","COMO.AOS.S2",40.034953,-105.544407,0.1,10.0,3022.5,0.0,"WGS84",,,,,,"2018-06-11T15:15Z","stream",,"COMO.SS.20180611",,"COMO.20180611","Grab",10.08,77.60,13.70,5.50,"NEON.DOC.001886vF",,,,,,"rlehrter@battelleecology.org","Jswenson@battelleecology.org",,
"35fd0483-a265-486c-9dfc-8f4201fd378f","D13","COMO","COMO.AOS.S2",40.034953,-105.544407,0.1,10.0,3022.5,0.0,"WGS84",,,,,,"2018-06-13T15:24Z","stream",,"COMO.SS.20180613",,"COMO.20180613","Grab",9.34,75.20,14.60,6.40,"NEON.DOC.001886vF",,,,,,"jen.roquemore@battelleecology.org","jen.roquemore@battelleecology.org",,
"923cacfe-1aa1-4231-8119-fac7b3bc951a","D13","COMO","COMO.AOS.S2",40.034953,-105.544407,0.1,10.0,3022.5,0.0,"WGS84",,,,,,"2018-06-19T15:51Z","stream",,"COMO.SS.20180619",,"COMO.20180619","Grab",9.26,78.00,14.70,8.20,"NEON.DOC.001886vF",,,,,,"Jswenson@battelleecology.org","Jswenson@battelleecology.org",,
"51671087-4075-41a4-b15b-81e04c2d388d","D13","COMO","COMO.AOS.S2",40.034953,-105.544407,0.1,10.0,3022.5,0.0,"WGS84",,,,,,"2018-06-21T16:05Z","stream",,"COMO.SS.20180621",,"COMO.20180621","Grab",10.92,91.30,15.50,7.60,"NEON.DOC.001886vF",,,,,,"Hschartel@battelleecology.org","Hschartel@battelleecology.org",,
"c2c3029d-44b7-40a4-80e7-c949de188e95","D13","COMO","COMO.AOS.S2",40.034953,-105.544407,0.1,10.0,3022.5,0.0,"WGS84",,,,,,"2018-06-26T15:25Z","stream",,"COMO.SS.20180626",,"COMO.20180626","Grab",9.88,78.40,17.00,6.80,"NEON.DOC.001886vF",,,,,,"jen.roquemore@battelleecology.org","jen.roquemore@battelleecology.org",,
"90bb42ad-c8a3-4833-b0b5-8318cf110cda","D13","COMO","COMO.AOS.S2",40.034953,-105.544407,0.1,10.0,3022.5,0.0,"WGS84",,,,,,"2018-06-28T17:11Z","stream",,"COMO.SS.20180628",,"COMO.20180628","Grab",9.38,80.50,19.80,9.10,"NEON.DOC.001886vF",,,,,,"Jswenson@battelleecology.org","rlehrter@battelleecology.org",,
