uid,domainID,siteID,namedLocation,collectDate,sampleID,sampleCode,sampleCondition,laboratoryName,analysisDate,analyzedBy,sampleType,replicate,sampleVolumeFiltered,filterSize,percentFilterAnalyzed,analyte,analyteConcentration,plantAlgaeLabUnits,method,externalRemarks,externalLabDataQF
"bc08fba2-07c4-4877-8c9c-6a4cc6568102","D13","COMO","COMO.AOS.S2","2018-06-04","COMO.SS.20180604.POM.1","A00000018504","condition ok","SIRFER Lab at University of Utah","2018-08-09","ElFtGy1kV49xqNP00HfxQA==","POM","1",1000,25,100,"carbon",420.66,"microgramsPerLiter","Revesz & Coplen 2012a",,
"83bed7c2-5f7e-43d9-8629-cb10bc000037","D13","COMO","COMO.AOS.S2","2018-06-04","COMO.SS.20180604.POM.1","A00000018504","condition ok","SIRFER Lab at University of Utah","2018-08-09","ElFtGy1kV49xqNP00HfxQA==","POM","1",1000,25,100,"nitrogen",39.29,"microgramsPerLiter","Revesz & Coplen 2012a",,
"90107eef-1130-4b8e-94c0-c3009f475504","D13","COMO","COMO.AOS.S2","2018-06-04","COMO.SS.20180604.POM.1","A00000018504","condition ok","SIRFER Lab at University of Utah","2018-08-09","ElFtGy1kV49xqNP00HfxQA==","POM","1",1000,25,100,"d13C",-25.16,"perMill","Revesz & Coplen 2012a",,
"6cc9d056-d281-4f47-8d74-91411fd450f6","D13","COMO","COMO.AOS.S2","2018-06-04","COMO.SS.20180604.POM.1","A00000018504","condition ok","SIRFER Lab at University of Utah","2018-08-09","ElFtGy1kV49xqNP00HfxQA==","POM","1",1000,25,100,"d15N",4.96,"perMill","Revesz & Coplen 2012a",,
"a8e12d24-c1e5-4441-95ae-14eaaf426a54","D13","COMO","COMO.AOS.S2","2018-06-11","COMO.SS.20180611.POM.1","A00000018826","condition ok","SIRFER Lab at University of Utah","2018-08-09","ElFtGy1kV49xqNP00HfxQA==","POM","1",750,25,100,"nitrogen",30.01,"microgramsPerLiter","Revesz & Coplen 2012a",,
"87ec5bfc-ef68-44b2-abef-2e60a5823e1b","D13","COMO","COMO.AOS.S2","2018-06-11","COMO.SS.20180611.POM.1","A00000018826","condition ok","SIRFER Lab at University of Utah","2018-08-09","ElFtGy1kV49xqNP00HfxQA==","POM","1",750,25,100,"carbon",394.27,"microgramsPerLiter","Revesz & Coplen 2012a",,
"8afd7aec-fe76-4a0d-aaa6-b4e67ee4948e","D13","COMO","COMO.AOS.S2","2018-06-11","COMO.SS.20180611.POM.1","A00000018826","condition ok","SIRFER Lab at University of Utah","2018-08-09","ElFtGy1kV49xqNP00HfxQA==","POM","1",750,25,100,"d13C",-26.04,"perMill","Revesz & Coplen 2012a",,
"96959083-d816-410b-ac14-ce91483af2a0","D13","COMO","COMO.AOS.S2","2018-06-11","COMO.SS.20180611.POM.1","A00000018826","condition ok","SIRFER Lab at University of Utah","2018-08-09","ElFtGy1kV49xqNP00HfxQA==","POM","1",750,25,100,"d15N",3.76,"perMill","Revesz & Coplen 2012a",,
"3e6ce58d-0c2a-4abe-80bd-e17f3af31070","D13","COMO","COMO.AOS.S2","2018-06-13","COMO.SS.20180613.POM.1","A00000018749","condition ok","SIRFER Lab at University of Utah","2018-08-09","ElFtGy1kV49xqNP00HfxQA==","POM","1",1000,25,100,"nitrogen",17.97,"microgramsPerLiter","Revesz & Coplen 2012a",,
"1f57b2b2-deda-4906-a5b8-511ae841e2fa","D13","COMO","COMO.AOS.S2","2018-06-13","COMO.SS.20180613.POM.1","A00000018749","condition ok","SIRFER Lab at University of Utah","2018-08-09","ElFtGy1kV49xqNP00HfxQA==","POM","1",1000,25,100,"d15N",4.15,"perMill","Revesz & Coplen 2012a",,
"77d1deeb-9ce7-4553-a35a-ea09aaba1883","D13","COMO","COMO.AOS.S2","2018-06-13","COMO.SS.20180613.POM.1","A00000018749","condition ok","SIRFER Lab at University of Utah","2018-08-09","ElFtGy1kV49xqNP00HfxQA==","POM","1",1000,25,100,"carbon",208.61,"microgramsPerLiter","Revesz & Coplen 2012a",,
"d956a143-15ea-4a27-9fb4-e8eb241e7d6c","D13","COMO","COMO.AOS.S2","2018-06-13","COMO.SS.20180613.POM.1","A00000018749","condition ok","SIRFER Lab at University of Utah","2018-08-09","ElFtGy1kV49xqNP00HfxQA==","POM","1",1000,25,100,"d13C",-25.83,"perMill","Revesz & Coplen 2012a",,
"07f4f6a3-f69d-4b13-88a3-1550a5dbfefc","D13","COMO","COMO.AOS.S2","2018-06-19","COMO.SS.20180619.POM.1","A00000018773","condition ok","SIRFER Lab at University of Utah","2018-09-06","ElFtGy1kV49xqNP00HfxQA==","POM","1",750,25,100,"d15N",3.41,"perMill","Revesz & Coplen 2012a",,
"3c6f4e6e-807c-452b-92d3-be247165afcc","D13","COMO","COMO.AOS.S2","2018-06-19","COMO.SS.20180619.POM.1","A00000018773","condition ok","SIRFER Lab at University of Utah","2018-09-06","ElFtGy1kV49xqNP00HfxQA==","POM","1",750,25,100,"d13C",-25.60,"perMill","Revesz & Coplen 2012a",,
"cc715f48-8154-46d8-a20a-2725f44b5598","D13","COMO","COMO.AOS.S2","2018-06-19","COMO.SS.20180619.POM.1","A00000018773","condition ok","SIRFER Lab at University of Utah","2018-09-06","ElFtGy1kV49xqNP00HfxQA==","POM","1",750,25,100,"nitrogen",16.95,"microgramsPerLiter","Revesz & Coplen 2012a",,
"d2462fdb-dd71-4083-960e-849c37278e81","D13","COMO","COMO.AOS.S2","2018-06-19","COMO.SS.20180619.POM.1","A00000018773","condition ok","SIRFER Lab at University of Utah","2018-09-06","ElFtGy1kV49xqNP00HfxQA==","POM","1",750,25,100,"carbon",186.75,"microgramsPerLiter","Revesz & Coplen 2012a",,
"8ac2a19d-dfee-4565-a5bb-7bf2fc3c2baa","D13","COMO","COMO.AOS.S2","2018-06-21","COMO.SS.20180621.POM.1","A00000019223","condition ok","SIRFER Lab at University of Utah","2018-09-07","ElFtGy1kV49xqNP00HfxQA==","POM","1",1000,25,100,"nitrogen",20.47,"microgramsPerLiter","Revesz & Coplen 2012a",,
"f0d4fbf4-2e28-4347-9fcf-40852f36720b","D13","COMO","COMO.AOS.S2","2018-06-21","COMO.SS.20180621.POM.1","A00000019223","condition ok","SIRFER Lab at University of Utah","2018-09-07","ElFtGy1kV49xqNP00HfxQA==","POM","1",1000,25,100,"d13C",-25.96,"perMill","Revesz & Coplen 2012a",,
"968e26ee-7466-4061-a21c-49816051f5c0","D13","COMO","COMO.AOS.S2","2018-06-21","COMO.SS.20180621.POM.1","A00000019223","condition ok","SIRFER Lab at University of Utah","2018-09-07","ElFtGy1kV49xqNP00HfxQA==","POM","1",1000,25,100,"carbon",247.41,"microgramsPerLiter","Revesz & Coplen 2012a",,
"e48e9357-fc38-49b8-9b05-e9fc54d042cd","D13","COMO","COMO.AOS.S2","2018-06-21","COMO.SS.20180621.POM.1","A00000019223","condition ok","SIRFER Lab at University of Utah","2018-09-07","ElFtGy1kV49xqNP00HfxQA==","POM","1",1000,25,100,"d15N",6.79,"perMill","Revesz & Coplen 2012a",,
"a5e78b68-ec65-4aa1-8c6c-f5ee2ccd2473","D13","COMO","COMO.AOS.S2","2018-06-26","COMO.SS.20180626.POM.1","A00000019226","condition ok","SIRFER Lab at University of Utah","2018-09-06","ElFtGy1kV49xqNP00HfxQA==","POM","1",750,25,100,"d15N",2.70,"perMill","Revesz & Coplen 2012a",,
"b67c97a3-3227-4eca-8e19-bd7ad677c602","D13","COMO","COMO.AOS.S2","2018-06-26","COMO.SS.20180626.POM.1","A00000019226","condition ok","SIRFER Lab at University of Utah","2018-09-06","ElFtGy1kV49xqNP00HfxQA==","POM","1",750,25,100,"carbon",425.68,"microgramsPerLiter","Revesz & Coplen 2012a",,
"a5778e31-1915-4a79-9231-d85656ca005a","D13","COMO","COMO.AOS.S2","2018-06-26","COMO.SS.20180626.POM.1","A00000019226","condition ok","SIRFER Lab at University of Utah","2018-09-06","ElFtGy1kV49xqNP00HfxQA==","POM","1",750,25,100,"d13C",-26.08,"perMill","Revesz & Coplen 2012a",,
"5777fa04-fd26-4ecb-9ce2-b468587522bd","D13","COMO","COMO.AOS.S2","2018-06-26","COMO.SS.20180626.POM.1","A00000019226","condition ok","SIRFER Lab at University of Utah","2018-09-06","ElFtGy1kV49xqNP00HfxQA==","POM","1",750,25,100,"nitrogen",32.33,"microgramsPerLiter","Revesz & Coplen 2012a",,
"f62d619b-f8dc-438a-b068-ec281dd57143","D13","COMO","COMO.AOS.S2","2018-06-28","COMO.SS.20180628.POM.1","A00000018528","condition ok","SIRFER Lab at University of Utah","2018-09-07","ElFtGy1kV49xqNP00HfxQA==","POM","1",750,25,100,"d15N",3.58,"perMill","Revesz & Coplen 2012a",,
"3f23e4cd-6713-430d-bf7b-d9f84f4bc672","D13","COMO","COMO.AOS.S2","2018-06-28","COMO.SS.20180628.POM.1","A00000018528","condition ok","SIRFER Lab at University of Utah","2018-09-07","ElFtGy1kV49xqNP00HfxQA==","POM","1",750,25,100,"carbon",558.53,"microgramsPerLiter","Revesz & Coplen 2012a",,
"ffef4aac-6a32-4b2f-a0ef-96c9d4f46fcd","D13","COMO","COMO.AOS.S2","2018-06-28","COMO.SS.20180628.POM.1","A00000018528","condition ok","SIRFER Lab at University of Utah","2018-09-07","ElFtGy1kV49xqNP00HfxQA==","POM","1",750,25,100,"d13C",-26.02,"perMill","Revesz & Coplen 2012a",,
"9c0ac4a6-e92c-4f24-88ce-a61a63ab26bd","D13","COMO","COMO.AOS.S2","2018-06-28","COMO.SS.20180628.POM.1","A00000018528","condition ok","SIRFER Lab at University of Utah","2018-09-07","ElFtGy1kV49xqNP00HfxQA==","POM","1",750,25,100,"nitrogen",40.87,"microgramsPerLiter","Revesz & Coplen 2012a",,
