uid,domainID,siteID,namedLocation,collectDate,parentSampleID,parentSampleCode,isotopeH2OSampleCond,isotopeH2OSampleID,isotopeH2OSampleCode,isotopePOMRep2SampleCond,isotopePOMRep2SampleID,isotopePOMRep2SampleCode,isotopePOMSampleCond,isotopePOMSampleID,isotopePOMSampleCode,processedDateFilters,processedDateH2OIsotopes,sampleVolumeFilteredPOMRep1,sampleVolumeFilteredPOMRep2,fieldDataQF
"8eac92ae-5769-47ec-be5d-a132faef7960","D13","COMO","COMO.AOS.S2","2018-06-04T18:10Z","COMO.SS.20180604",,"Sample condition ok","COMO.SS.20180604.H2O.1","A00000018500","Sample condition ok","COMO.SS.20180604.POM.2","A00000018505","Sample condition ok","COMO.SS.20180604.POM.1","A00000018504","2018-06-04T20:04Z","2018-06-04T17:49Z",1000,1000,
"346b505a-a807-4d5d-8b2b-51629ae3392d","D13","COMO","COMO.AOS.S2","2018-06-11T15:15Z","COMO.SS.20180611",,"Sample condition ok","COMO.SS.20180611.H2O.1","A00000018697","Sample condition ok","COMO.SS.20180611.POM.2","A00000018827","Sample condition ok","COMO.SS.20180611.POM.1","A00000018826","2018-06-11T17:03Z","2018-06-11T15:15Z",750,750,
"e80706f9-d1b8-402a-82da-a5d3eef8dc74","D13","COMO","COMO.AOS.S2","2018-06-13T15:24Z","COMO.SS.20180613",,"Sample condition ok","COMO.SS.20180613.H2O.1","A00000018819","Sample condition ok","COMO.SS.20180613.POM.2","A00000018748","Sample condition ok","COMO.SS.20180613.POM.1","A00000018749","2018-06-13T17:27Z","2018-06-15T15:24Z",1000,1000,
"0c1f53d7-4fd1-40f7-aa53-ea4fe766732c","D13","COMO","COMO.AOS.S2","2018-06-19T15:51Z","COMO.SS.20180619",,"Sample condition ok","COMO.SS.20180619.H2O.1","A00000019168","Sample condition ok","COMO.SS.20180619.POM.2","A00000018774","Sample condition ok","COMO.SS.20180619.POM.1","A00000018773","2018-06-19T18:21Z","2018-06-19T15:35Z",750,750,
"b0dc5612-5137-4511-857c-bf2fd804f3bc","D13","COMO","COMO.AOS.S2","2018-06-21T16:05Z","COMO.SS.20180621",,"Sample condition ok","COMO.SS.20180621.H2O.1","A00000018780","Sample condition ok","COMO.SS.20180621.POM.2","A00000019224","Sample condition ok","COMO.SS.20180621.POM.1","A00000019223","2018-06-21T18:28Z","2018-06-21T15:49Z",1000,1000,
"12c4c59f-7bb3-4657-8738-7127b56073dc","D13","COMO","COMO.AOS.S2","2018-06-26T15:25Z","COMO.SS.20180626",,"Sample condition ok","COMO.SS.20180626.H2O.1","A00000019172","Sample condition ok","COMO.SS.20180626.POM.2","A00000019228","Sample condition ok","COMO.SS.20180626.POM.1","A00000019226","2018-06-26T15:25Z","2018-06-26T15:25Z",750,750,
"30f265c0-723e-4813-a587-14d0795547a6","D13","COMO","COMO.AOS.S2","2018-06-28T17:11Z","COMO.SS.20180628",,"Sample condition ok","COMO.SS.20180628.H2O.1","A00000018869","Sample condition ok","COMO.SS.20180628.POM.2","A00000018527","Sample condition ok","COMO.SS.20180628.POM.1","A00000018528","2018-06-28T17:45Z","2018-06-28T17:45Z",750,750,
