uid,domainID,siteID,namedLocation,collectDate,analysisDate,isotopeH2OSampleID,isotopeH2OSampleCode,instrumentSN,d18OWater,d2HWater,d18OsdWater,d2HsdWater,isotopeH2OExternalLabQF,laboratoryName,analyzedBy,sampleCondition,externalRemarks,externalLabDataQF
"a2a9b834-96e3-4fb3-ad6a-3589d0f51e3c","D13","COMO","COMO.AOS.S2","2018-06-04","2018-08-08","COMO.SS.20180604.H2O.1","A00000018500","HIDS2052",-18.11,-134.51,0.03,0.13,0,"SIRFER Lab at University of Utah","OlSmE6RRn5QQH8tvUHmK5i/poYiQr6sd","OK",,
"240479da-9bfa-40e6-b57a-0b40d4578396","D13","COMO","COMO.AOS.S2","2018-06-11","2018-08-08","COMO.SS.20180611.H2O.1","A00000018697","HIDS2052",-17.70,-133.00,0.17,0.49,0,"SIRFER Lab at University of Utah","OlSmE6RRn5QQH8tvUHmK5i/poYiQr6sd","OK",,
"5e49bf85-8215-4234-827a-65ea6f5cf093","D13","COMO","COMO.AOS.S2","2018-06-13","2018-08-08","COMO.SS.20180613.H2O.1","A00000018819","HIDS2052",-17.85,-133.30,0.17,0.46,0,"SIRFER Lab at University of Utah","OlSmE6RRn5QQH8tvUHmK5i/poYiQr6sd","OK",,
"78973bc7-2294-4d93-8051-42f705f9ad35","D13","COMO","COMO.AOS.S2","2018-06-19","2018-08-08","COMO.SS.20180619.H2O.1","A00000019168","HIDS2052",-17.17,-128.17,0.17,0.53,0,"SIRFER Lab at University of Utah","OlSmE6RRn5QQH8tvUHmK5i/poYiQr6sd","OK",,
"48fcec38-2053-4e8a-92c1-6cbdf5da8a27","D13","COMO","COMO.AOS.S2","2018-06-21","2018-08-08","COMO.SS.20180621.H2O.1","A00000018780","HIDS2052",-17.28,-129.10,0.02,0.04,0,"SIRFER Lab at University of Utah","OlSmE6RRn5QQH8tvUHmK5i/poYiQr6sd","OK",,
"e225477b-27c2-4167-b39c-e0175b217cac","D13","COMO","COMO.AOS.S2","2018-06-26","2018-08-08","COMO.SS.20180626.H2O.1","A00000019172","HIDS2052",-17.37,-129.54,0.04,0.05,0,"SIRFER Lab at University of Utah","OlSmE6RRn5QQH8tvUHmK5i/poYiQr6sd","OK",,
"25f27d34-a899-4e8d-8d1e-468cc425d695","D13","COMO","COMO.AOS.S2","2018-06-28","2018-08-08","COMO.SS.20180628.H2O.1","A00000018869","HIDS2052",-17.50,-129.79,0.02,0.22,0,"SIRFER Lab at University of Utah","OlSmE6RRn5QQH8tvUHmK5i/poYiQr6sd","OK",,
