uid,domainID,siteID,namedLocation,collectDate,sampleID,sampleCode,sampleCondition,laboratoryName,analysisDate,analyzedBy,sampleType,replicate,sampleVolumeFiltered,filterSize,percentFilterAnalyzed,analyte,analyteConcentration,plantAlgaeLabUnits,method,externalRemarks,externalLabDataQF
"da141589-516a-4b8b-854c-328a00d22715","D07","WALK","WALK.AOS.S2","2017-10-11","WALK.SS.20171011.POM.2",,"condition ok","SIRFER Lab at University of Utah","2018-03-12","ElFtGy1kV49xqNP00HfxQA==","POM","1",,,100,"nitrogen",11.80,"microgramsPerLiter","Revesz & Coplen 2012a",,
"fc6187f7-4479-46bb-941f-03481d5e91cf","D07","WALK","WALK.AOS.S2","2017-10-11","WALK.SS.20171011.POM.2",,"condition ok","SIRFER Lab at University of Utah","2018-03-12","ElFtGy1kV49xqNP00HfxQA==","POM","1",,,100,"carbon",161.57,"microgramsPerLiter","Revesz & Coplen 2012a",,
"57bd506f-8eb0-427c-b873-04b7b29d9efb","D07","WALK","WALK.AOS.S2","2017-10-11","WALK.SS.20171011.POM.2",,"condition ok","SIRFER Lab at University of Utah","2018-03-12","ElFtGy1kV49xqNP00HfxQA==","POM","1",,,100,"d15N",8.15,"perMill","Revesz & Coplen 2012a",,
"0331969c-ee25-435b-aea2-4c1477633fb3","D07","WALK","WALK.AOS.S2","2017-10-11","WALK.SS.20171011.POM.2",,"condition ok","SIRFER Lab at University of Utah","2018-03-12","ElFtGy1kV49xqNP00HfxQA==","POM","1",,,100,"d13C",-28.52,"perMill","Revesz & Coplen 2012a",,
