uid,domainID,siteID,namedLocation,collectDate,sampleID,sampleCode,sampleCondition,laboratoryName,analysisDate,analyzedBy,sampleType,replicate,sampleVolumeFiltered,filterSize,percentFilterAnalyzed,analyte,analyteConcentration,plantAlgaeLabUnits,method,externalRemarks,externalLabDataQF
"1b6d4412-8be3-462e-b481-c240e37d3e42","D08","MAYF","MAYF.AOS.S2","2017-08-10","MAYF.SS.20170810.POM.1",,"condition ok","SIRFER Lab at University of Utah","2018-03-23","ElFtGy1kV49xqNP00HfxQA==","POM","1",50,25,100,"d15N",15.00,"perMill","Revesz & Coplen 2012a",,
"69d9a0d5-62ae-4433-a37d-b53c707ef554","D08","MAYF","MAYF.AOS.S2","2017-08-10","MAYF.SS.20170810.POM.1",,"condition ok","SIRFER Lab at University of Utah","2018-03-23","ElFtGy1kV49xqNP00HfxQA==","POM","1",50,25,100,"nitrogen",70.84,"microgramsPerLiter","Revesz & Coplen 2012a",,
"3f756d08-7f91-43ee-b024-55d261cbcdf8","D08","MAYF","MAYF.AOS.S2","2017-08-10","MAYF.SS.20170810.POM.1",,"condition ok","SIRFER Lab at University of Utah","2018-03-23","ElFtGy1kV49xqNP00HfxQA==","POM","1",50,25,100,"carbon",895.00,"microgramsPerLiter","Revesz & Coplen 2012a",,
"4dd36aec-d159-4b84-961d-71c3f0f24907","D08","MAYF","MAYF.AOS.S2","2017-08-10","MAYF.SS.20170810.POM.1",,"condition ok","SIRFER Lab at University of Utah","2018-03-23","ElFtGy1kV49xqNP00HfxQA==","POM","1",50,25,100,"d13C",-27.16,"perMill","Revesz & Coplen 2012a",,
"9d7c43a9-b14e-4c60-a548-bc485b4711e2","D08","MAYF","MAYF.AOS.S2","2017-08-22","MAYF.SS.20170822.POM.1",,"condition ok","SIRFER Lab at University of Utah","2018-03-23","ElFtGy1kV49xqNP00HfxQA==","POM","1",50,25,100,"d15N",10.00,"perMill","Revesz & Coplen 2012a",,
"ae5df228-7c7f-460b-8495-628ecf83f347","D08","MAYF","MAYF.AOS.S2","2017-08-22","MAYF.SS.20170822.POM.1",,"condition ok","SIRFER Lab at University of Utah","2018-03-23","ElFtGy1kV49xqNP00HfxQA==","POM","1",50,25,100,"d13C",-28.43,"perMill","Revesz & Coplen 2012a",,
"8303cd80-d4f1-483b-93b9-b51d7029ca3c","D08","MAYF","MAYF.AOS.S2","2017-08-22","MAYF.SS.20170822.POM.1",,"condition ok","SIRFER Lab at University of Utah","2018-03-23","ElFtGy1kV49xqNP00HfxQA==","POM","1",50,25,100,"nitrogen",111.77,"microgramsPerLiter","Revesz & Coplen 2012a",,
"21121121-2309-4925-a0e6-7fcc4069febd","D08","MAYF","MAYF.AOS.S2","2017-08-22","MAYF.SS.20170822.POM.1",,"condition ok","SIRFER Lab at University of Utah","2018-03-23","ElFtGy1kV49xqNP00HfxQA==","POM","1",50,25,100,"carbon",1488.83,"microgramsPerLiter","Revesz & Coplen 2012a",,
