uid,domainID,siteID,namedLocation,collectDate,sampleID,sampleCode,sampleCondition,laboratoryName,analysisDate,analyzedBy,sampleType,replicate,sampleVolumeFiltered,filterSize,percentFilterAnalyzed,analyte,analyteConcentration,plantAlgaeLabUnits,method,externalRemarks,externalLabDataQF
"3834af6e-6c8b-4c48-91af-544f19c4df0a","D09","PRLA","PRLA.AOS.buoy.c0","2018-12-04","PRLA.C0.20181204.POM.1","A00000049895","condition ok","SIRFER Lab at University of Utah","2019-04-18","ElFtGy1kV49xqNP00HfxQA==","POM","1",52,25,100,"d15N",2.33,"perMill","Revesz & Coplen 2012a",,
"d6e4aabe-9d93-4fd1-9d52-ec5e1e67ebdc","D09","PRLA","PRLA.AOS.buoy.c0","2018-12-04","PRLA.C0.20181204.POM.1","A00000049895","condition ok","SIRFER Lab at University of Utah","2019-04-18","ElFtGy1kV49xqNP00HfxQA==","POM","1",52,25,100,"nitrogen",497.15,"microgramsPerLiter","Revesz & Coplen 2012a",,
"2dbd9c9f-694b-4345-a849-bca7d953f140","D09","PRLA","PRLA.AOS.buoy.c0","2018-12-04","PRLA.C0.20181204.POM.1","A00000049895","condition ok","SIRFER Lab at University of Utah","2019-04-18","ElFtGy1kV49xqNP00HfxQA==","POM","1",52,25,100,"carbon",4680.21,"microgramsPerLiter","Revesz & Coplen 2012a",,
"922d14b3-d51e-43f5-a843-07908c03143e","D09","PRLA","PRLA.AOS.buoy.c0","2018-12-04","PRLA.C0.20181204.POM.1","A00000049895","condition ok","SIRFER Lab at University of Utah","2019-04-18","ElFtGy1kV49xqNP00HfxQA==","POM","1",52,25,100,"d13C",-29.54,"perMill","Revesz & Coplen 2012a",,
