uid,domainID,siteID,namedLocation,collectDate,sampleID,sampleCode,sampleCondition,laboratoryName,analysisDate,analyzedBy,sampleType,replicate,sampleVolumeFiltered,filterSize,percentFilterAnalyzed,analyte,analyteConcentration,plantAlgaeLabUnits,method,externalRemarks,externalLabDataQF
"4d70bd36-e4ee-4fd5-8e52-b7a6a6c1f70e","D03","SUGG","SUGG.AOS.buoy.c0","2017-02-28","SUGG.C0.20170228.POM.2",,"condition ok","SIRFER Lab at University of Utah","2018-05-26","ElFtGy1kV49xqNP00HfxQA==","POM","1",,,100,"nitrogen",44.16,"microgramsPerLiter","Revesz & Coplen 2012a",,
"6d66b95e-af7d-4d84-9281-ea4a46a2d91a","D03","SUGG","SUGG.AOS.buoy.c0","2017-02-28","SUGG.C0.20170228.POM.2",,"condition ok","SIRFER Lab at University of Utah","2018-05-26","ElFtGy1kV49xqNP00HfxQA==","POM","1",,,100,"d15N",6.35,"perMill","Revesz & Coplen 2012a",,
"973442c8-b268-4ca4-993c-85f62d2b4a49","D03","SUGG","SUGG.AOS.buoy.c0","2017-02-28","SUGG.C0.20170228.POM.2",,"condition ok","SIRFER Lab at University of Utah","2018-05-26","ElFtGy1kV49xqNP00HfxQA==","POM","1",,,100,"carbon",481.44,"microgramsPerLiter","Revesz & Coplen 2012a",,
"94b3a7ab-3893-49d5-a975-8a528890af9a","D03","SUGG","SUGG.AOS.buoy.c0","2017-02-28","SUGG.C0.20170228.POM.2",,"condition ok","SIRFER Lab at University of Utah","2018-05-26","ElFtGy1kV49xqNP00HfxQA==","POM","1",,,100,"d13C",-30.83,"perMill","Revesz & Coplen 2012a",,
"89375fcb-7aa2-49e0-8825-51697fb5e831","D03","SUGG","SUGG.AOS.inlet","2017-02-28","SUGG.IN.20170228.POM.2",,"condition ok","SIRFER Lab at University of Utah","2018-05-26","ElFtGy1kV49xqNP00HfxQA==","POM","1",,,100,"d15N",9.93,"perMill","Revesz & Coplen 2012a",,
"d401b4b0-b9a1-49e0-9534-0484a00c18e0","D03","SUGG","SUGG.AOS.inlet","2017-02-28","SUGG.IN.20170228.POM.2",,"condition ok","SIRFER Lab at University of Utah","2018-05-26","ElFtGy1kV49xqNP00HfxQA==","POM","1",,,100,"nitrogen",62.03,"microgramsPerLiter","Revesz & Coplen 2012a",,
"9c933fc8-596b-4766-8371-7d329fecda65","D03","SUGG","SUGG.AOS.inlet","2017-02-28","SUGG.IN.20170228.POM.2",,"condition ok","SIRFER Lab at University of Utah","2018-05-26","ElFtGy1kV49xqNP00HfxQA==","POM","1",,,100,"carbon",568.96,"microgramsPerLiter","Revesz & Coplen 2012a",,
"9dfcb761-a5e2-41b1-95a7-a2ad8f43b2bd","D03","SUGG","SUGG.AOS.inlet","2017-02-28","SUGG.IN.20170228.POM.2",,"condition ok","SIRFER Lab at University of Utah","2018-05-26","ElFtGy1kV49xqNP00HfxQA==","POM","1",,,100,"d13C",-30.67,"perMill","Revesz & Coplen 2012a",,
"93fa7751-e4d5-4905-8042-1d5072fd8907","D03","SUGG","SUGG.AOS.outlet","2017-02-28","SUGG.OT.20170228.POM.2",,"condition ok","SIRFER Lab at University of Utah","2018-05-26","ElFtGy1kV49xqNP00HfxQA==","POM","1",,,100,"carbon",552.23,"microgramsPerLiter","Revesz & Coplen 2012a",,
"dda4ca04-8b6f-4b4a-aa25-cb3bf20c9a93","D03","SUGG","SUGG.AOS.outlet","2017-02-28","SUGG.OT.20170228.POM.2",,"condition ok","SIRFER Lab at University of Utah","2018-05-26","ElFtGy1kV49xqNP00HfxQA==","POM","1",,,100,"nitrogen",56.73,"microgramsPerLiter","Revesz & Coplen 2012a",,
"6d48277c-e8cd-49f3-ba69-418408f37e36","D03","SUGG","SUGG.AOS.outlet","2017-02-28","SUGG.OT.20170228.POM.2",,"condition ok","SIRFER Lab at University of Utah","2018-05-26","ElFtGy1kV49xqNP00HfxQA==","POM","1",,,100,"d15N",9.07,"perMill","Revesz & Coplen 2012a",,
"5afa5ae1-ab92-40c5-bf27-7454a8fdd517","D03","SUGG","SUGG.AOS.outlet","2017-02-28","SUGG.OT.20170228.POM.2",,"condition ok","SIRFER Lab at University of Utah","2018-05-26","ElFtGy1kV49xqNP00HfxQA==","POM","1",,,100,"d13C",-30.77,"perMill","Revesz & Coplen 2012a",,
