uid,domainID,siteID,namedLocation,collectDate,sampleID,sampleCode,sampleCondition,laboratoryName,analysisDate,analyzedBy,sampleType,replicate,sampleVolumeFiltered,filterSize,percentFilterAnalyzed,analyte,analyteConcentration,plantAlgaeLabUnits,method,externalRemarks,externalLabDataQF
"f3bb95a8-08b9-4809-9dc1-25b67bc54682","D08","MAYF","MAYF.AOS.S2","2018-07-02","MAYF.SS.20180702.POM.1","A00000014340","condition ok","SIRFER Lab at University of Utah","2018-10-30","ElFtGy1kV49xqNP00HfxQA==","POM","1",50,25,100,"nitrogen",88.11,"microgramsPerLiter","Revesz & Coplen 2012a",,
"a1d90334-5160-4b97-80d1-25902d0d38ad","D08","MAYF","MAYF.AOS.S2","2018-07-02","MAYF.SS.20180702.POM.1","A00000014340","condition ok","SIRFER Lab at University of Utah","2018-10-30","ElFtGy1kV49xqNP00HfxQA==","POM","1",50,25,100,"d13C",-28.31,"perMill","Revesz & Coplen 2012a",,
"7e421442-679b-4944-8c22-e39a6adf2f08","D08","MAYF","MAYF.AOS.S2","2018-07-02","MAYF.SS.20180702.POM.1","A00000014340","condition ok","SIRFER Lab at University of Utah","2018-10-30","ElFtGy1kV49xqNP00HfxQA==","POM","1",50,25,100,"carbon",1590.99,"microgramsPerLiter","Revesz & Coplen 2012a",,
"3938e780-752b-498c-a5d0-bb5f794def48","D08","MAYF","MAYF.AOS.S2","2018-07-02","MAYF.SS.20180702.POM.1","A00000014340","condition ok","SIRFER Lab at University of Utah","2018-10-30","ElFtGy1kV49xqNP00HfxQA==","POM","1",50,25,100,"d15N",3.11,"perMill","Revesz & Coplen 2012a",,
"76672612-034c-413c-ab99-5af760ca9347","D08","MAYF","MAYF.AOS.S2","2018-07-12","MAYF.SS.20180712.POM.1","A00000014290","condition ok","SIRFER Lab at University of Utah","2018-10-30","ElFtGy1kV49xqNP00HfxQA==","POM","1",50,25,100,"d15N",5.36,"perMill","Revesz & Coplen 2012a",,
"c29974ec-cc46-4bcd-a55a-8595e09f5d22","D08","MAYF","MAYF.AOS.S2","2018-07-12","MAYF.SS.20180712.POM.1","A00000014290","condition ok","SIRFER Lab at University of Utah","2018-10-30","ElFtGy1kV49xqNP00HfxQA==","POM","1",50,25,100,"d13C",-26.18,"perMill","Revesz & Coplen 2012a",,
"6d7dc353-b487-47b7-8fc0-9d064a4f58ef","D08","MAYF","MAYF.AOS.S2","2018-07-12","MAYF.SS.20180712.POM.1","A00000014290","condition ok","SIRFER Lab at University of Utah","2018-10-30","ElFtGy1kV49xqNP00HfxQA==","POM","1",50,25,100,"carbon",1196.84,"microgramsPerLiter","Revesz & Coplen 2012a",,
"5dfc117e-3971-492c-b7b5-f9c0cef4e0fb","D08","MAYF","MAYF.AOS.S2","2018-07-12","MAYF.SS.20180712.POM.1","A00000014290","condition ok","SIRFER Lab at University of Utah","2018-10-30","ElFtGy1kV49xqNP00HfxQA==","POM","1",50,25,100,"nitrogen",86.71,"microgramsPerLiter","Revesz & Coplen 2012a",,
