uid,domainID,siteID,namedLocation,collectDate,sampleID,sampleCode,sampleCondition,laboratoryName,analysisDate,analyzedBy,sampleType,replicate,sampleVolumeFiltered,filterSize,percentFilterAnalyzed,analyte,analyteConcentration,plantAlgaeLabUnits,method,externalRemarks,externalLabDataQF
"0b393259-7b41-4699-b5da-161812c051e6","D05","CRAM","CRAM.AOS.buoy.c0","2019-02-18","CRAM.C0.20190218.POM.1","A00000007385","condition ok","SIRFER Lab at University of Utah","2019-07-10","ElFtGy1kV49xqNP00HfxQA==","POM","1",200,25,100,"nitrogen",25886.31,"microgramsPerLiter","Revesz & Coplen 2012a",,
"7667f894-8a20-4f28-8a9b-870a66b7b78c","D05","CRAM","CRAM.AOS.buoy.c0","2019-02-18","CRAM.C0.20190218.POM.1","A00000007385","condition ok","SIRFER Lab at University of Utah","2019-07-10","ElFtGy1kV49xqNP00HfxQA==","POM","1",200,25,100,"d15N",3.08,"perMill","Revesz & Coplen 2012a",,
"4d41713a-9ac4-46ed-b481-4c00a0682cf0","D05","CRAM","CRAM.AOS.buoy.c0","2019-02-18","CRAM.C0.20190218.POM.1","A00000007385","condition ok","SIRFER Lab at University of Utah","2019-07-10","ElFtGy1kV49xqNP00HfxQA==","POM","1",200,25,100,"carbon",234217.23,"microgramsPerLiter","Revesz & Coplen 2012a",,
"2cc57e7b-6b1f-4e0d-b53a-4080e32c5a6a","D05","CRAM","CRAM.AOS.buoy.c0","2019-02-18","CRAM.C0.20190218.POM.1","A00000007385","condition ok","SIRFER Lab at University of Utah","2019-07-10","ElFtGy1kV49xqNP00HfxQA==","POM","1",200,25,100,"d13C",-34.79,"perMill","Revesz & Coplen 2012a",,
