uid,domainID,siteID,namedLocation,collectDate,sampleID,sampleCode,sampleCondition,laboratoryName,analysisDate,analyzedBy,sampleType,replicate,sampleVolumeFiltered,filterSize,percentFilterAnalyzed,analyte,analyteConcentration,plantAlgaeLabUnits,method,externalRemarks,externalLabDataQF
"7655cf3e-5ebd-40c0-962a-d777c4aed0ab","D02","LEWI","LEWI.AOS.S2","2017-11-29","LEWI.SS.20171129.POM.1",,"condition ok","SIRFER Lab at University of Utah","2018-08-10","ElFtGy1kV49xqNP00HfxQA==","POM","1",1000,25,100,"d13C",-27.76,"perMill","Revesz & Coplen 2012a",,
"1d4c608e-a782-40cb-aa6d-8e92fe4fb099","D02","LEWI","LEWI.AOS.S2","2017-11-29","LEWI.SS.20171129.POM.1",,"condition ok","SIRFER Lab at University of Utah","2018-08-10","ElFtGy1kV49xqNP00HfxQA==","POM","1",1000,25,100,"nitrogen",17.39,"microgramsPerLiter","Revesz & Coplen 2012a",,
"78e24551-ebca-4638-8f77-8e7784b54658","D02","LEWI","LEWI.AOS.S2","2017-11-29","LEWI.SS.20171129.POM.1",,"condition ok","SIRFER Lab at University of Utah","2018-08-10","ElFtGy1kV49xqNP00HfxQA==","POM","1",1000,25,100,"d15N",6.29,"perMill","Revesz & Coplen 2012a",,
"7353cb1f-e482-4b93-a539-247e29f27759","D02","LEWI","LEWI.AOS.S2","2017-11-29","LEWI.SS.20171129.POM.1",,"condition ok","SIRFER Lab at University of Utah","2018-08-10","ElFtGy1kV49xqNP00HfxQA==","POM","1",1000,25,100,"carbon",149.55,"microgramsPerLiter","Revesz & Coplen 2012a",,
