uid,domainID,siteID,namedLocation,collectDate,parentSampleID,parentSampleCode,isotopeH2OSampleCond,isotopeH2OSampleID,isotopeH2OSampleCode,isotopePOMRep2SampleCond,isotopePOMRep2SampleID,isotopePOMRep2SampleCode,isotopePOMSampleCond,isotopePOMSampleID,isotopePOMSampleCode,processedDateFilters,processedDateH2OIsotopes,sampleVolumeFilteredPOMRep1,sampleVolumeFilteredPOMRep2,fieldDataQF
"b9707bf6-5138-478e-9657-ee33c6fd98c4","D18","OKSR","OKSR.AOS.S2","2019-08-06T19:50Z","OKSR.SS.20190806",,"Sample condition ok","OKSR.SS.20190806.H2O.1","A00000099646","Sample condition ok","OKSR.SS.20190806.POM.2","A00000099346","Sample condition ok","OKSR.SS.20190806.POM.1","A00000099342","2019-08-06T23:27Z","2019-08-06T23:27Z",750,750,
"e2f3df25-9544-4ab1-a083-1ea0a5f3d95b","D18","OKSR","OKSR.AOS.S2","2019-08-13T21:19Z","OKSR.SS.20190813",,"Sample condition ok","OKSR.SS.20190813.H2O.1","A00000099307","Sample condition ok","OKSR.SS.20190813.POM.2","A00000099306","Sample condition ok","OKSR.SS.20190813.POM.1","A00000099305","2019-08-13T23:41Z",,750,750,
"024ce3d9-5314-457c-85fd-0a073c6d82e2","D18","OKSR","OKSR.AOS.S2","2019-08-20T19:55Z","OKSR.SS.20190820",,"Sample condition ok","OKSR.SS.20190820.H2O.1","A00000099298","Sample condition ok","OKSR.SS.20190820.POM.2","A00000099299","Sample condition ok","OKSR.SS.20190820.POM.1","A00000099300","2019-08-20T22:30Z","2019-08-20T22:30Z",750,750,
"f370729f-a989-4b98-96b8-7454e288adf2","D18","OKSR","OKSR.AOS.S2","2019-08-27T19:59Z","OKSR.SS.20190827",,"Sample condition ok","OKSR.SS.20190827.H2O.1","A00000099253","Sample condition ok","OKSR.SS.20190827.POM.2","A00000099250","Sample condition ok","OKSR.SS.20190827.POM.1","A00000099249","2019-08-27T23:19Z","2019-08-27T23:19Z",750,750,
