uid,domainID,siteID,namedLocation,decimalLatitude,decimalLongitude,coordinateUncertainty,additionalCoordUncertainty,elevation,elevationUncertainty,geodeticDatum,altLocation,altLatitude,altLongitude,altCoordinateUncertainty,altGeodeticDatum,collectDate,aquaticSiteType,samplingImpractical,parentSampleID,parentSampleCode,eventID,samplerType,dissolvedOxygen,dissolvedOxygenSaturation,specificConductance,waterTemp,asiSamplingProtocolVersion,lowerSegmentDepth,upperSegmentDepth,maxDepth,lakeSampleDepth1,lakeSampleDepth2,aCollectedBy,bCollectedBy,remarks,fieldDataQF
"501e3317-8e6d-4b63-88f8-444502c5bfff","D18","OKSR","OKSR.AOS.S2",68.669659,-149.143501,0.1,10.0,767.4,0.0,"WGS84",,,,,,"2019-08-06T19:50Z","stream",,"OKSR.SS.20190806",,"OKSR.20190806","Grab",13.11,114.00,41.60,9.30,"NEON.DOC.001886vF",,,,,,"0000-0001-9124-8148","0000-0001-9124-8148",,
"0a1048f8-731c-4e45-8844-d3ca492cf96c","D18","OKSR","OKSR.AOS.S2",68.669659,-149.143501,0.1,10.0,767.4,0.0,"WGS84",,,,,,"2019-08-13T21:19Z","stream",,"OKSR.SS.20190813",,"OKSR.20190813","Grab",10.27,91.00,45.80,10.00,"NEON.DOC.001886vF",,,,,,"0000-0001-5131-1181","0000-0003-1651-3911",,
"fed34826-82d7-4ab6-9b7b-831201f30f92","D18","OKSR","OKSR.AOS.S2",68.669659,-149.143501,0.1,10.0,767.4,0.0,"WGS84",,,,,,"2019-08-20T19:55Z","stream",,"OKSR.SS.20190820",,"OKSR.20190820","Grab",10.95,84.20,49.70,4.30,"NEON.DOC.001886vF",,,,,,"0000-0001-5131-1181","0000-0002-9744-1448",,
"3daa8ef2-de54-45df-84d6-2dc8bb60166d","D18","OKSR","OKSR.AOS.S2",68.669659,-149.143501,0.1,10.0,767.4,0.0,"WGS84",,,,,,"2019-08-27T19:59Z","stream",,"OKSR.SS.20190827",,"OKSR.20190827","Grab",10.80,95.00,44.20,5.60,"NEON.DOC.001886vF",,,,,,,"0000-0002-4754-3665",,
