uid,domainID,siteID,namedLocation,decimalLatitude,decimalLongitude,coordinateUncertainty,additionalCoordUncertainty,elevation,elevationUncertainty,geodeticDatum,altLocation,altLatitude,altLongitude,altCoordinateUncertainty,altGeodeticDatum,collectDate,aquaticSiteType,samplingImpractical,parentSampleID,parentSampleCode,eventID,samplerType,dissolvedOxygen,dissolvedOxygenSaturation,specificConductance,waterTemp,asiSamplingProtocolVersion,lowerSegmentDepth,upperSegmentDepth,maxDepth,lakeSampleDepth1,lakeSampleDepth2,aCollectedBy,bCollectedBy,remarks,fieldDataQF
"499a2dd2-577d-4260-a045-76587f3b6659","D18","OKSR","OKSR.AOS.S2",68.669659,-149.143501,0.1,10.0,767.4,0.0,"WGS84",,,,,,"2019-05-07T17:30Z","stream","location frozen","OKSR.SS.20190507",,"OKSR.20190507",,,,,,"NEON.DOC.001886vF",,,,,,"0000-0001-9124-8148",,,
"657ddaf0-e328-4968-97f4-d85498c2c6fd","D18","OKSR","OKSR.AOS.reach",68.669753,-149.143018,10.0,,766.0,10.0,"WGS84","Ice",68.630870,-149.612050,,"WGS84","2019-05-14T18:39Z","stream",,"OKSR.RE.20190514",,"OKSR.20190514","Grab",12.22,82.60,63.80,0.00,"NEON.DOC.001886vF",,,,,,"0000-0001-5131-1181","0000-0003-1651-3911","Snow melt on top of ice",
"efd79e15-d170-4284-a0ea-2cfed0e3070d","D18","OKSR","OKSR.AOS.S2",68.669659,-149.143501,0.1,10.0,767.4,0.0,"WGS84",,,,,,"2019-05-21T17:53Z","stream",,"OKSR.SS.20190521",,"OKSR.20190521","Grab",13.99,99.60,29.00,1.50,"NEON.DOC.001886vF",,,,,,"0000-0001-5131-1181",,,
"590c1088-31c6-40ec-b773-fb16982a1ea6","D18","OKSR","OKSR.AOS.S2",68.669659,-149.143501,0.1,10.0,767.4,0.0,"WGS84",,,,,,"2019-05-28T18:00Z","stream",,"OKSR.SS.20190528",,"OKSR.20190528","Grab",12.75,101.30,40.50,5.80,"NEON.DOC.001886vF",,,,,,"0000-0001-5131-1181",,,
