uid,domainID,siteID,namedLocation,collectDate,parentSampleID,parentSampleCode,isotopeH2OSampleCond,isotopeH2OSampleID,isotopeH2OSampleCode,isotopePOMRep2SampleCond,isotopePOMRep2SampleID,isotopePOMRep2SampleCode,isotopePOMSampleCond,isotopePOMSampleID,isotopePOMSampleCode,processedDateFilters,processedDateH2OIsotopes,sampleVolumeFilteredPOMRep1,sampleVolumeFilteredPOMRep2,fieldDataQF
"2a9c6a0b-1e52-4baf-a7b2-42de992cde00","D06","KING","KING.AOS.S2","2019-09-04T16:35Z","KING.SS.20190904",,"Sample condition ok","KING.SS.20190904.H2O.1","A00000080298","Sample condition ok","KING.SS.20190904.POM.2","A00000080302","Sample condition ok","KING.SS.20190904.POM.1","A00000080300","2019-09-04T17:21Z","2019-09-04T17:21Z",2000,2000,
"b4180861-e0fb-45cc-a946-5d04eea2c4e5","D06","KING","KING.AOS.S2","2019-09-30T17:31Z","KING.SS.20190930",,"Sample condition ok","KING.SS.20190930.H2O.3","B00000058209",,,,,,,,"2019-09-30T18:44Z",,,
"345dd187-fc71-4ebe-b546-d52c3e655b4f","D06","KING","KING.AOS.S2","2019-09-30T17:31Z","KING.SS.20190930",,"Sample condition ok","KING.SS.20190930.H2O.2","B00000058211",,,,,,,,"2019-09-30T18:44Z",,,
"a3747397-f64c-4a25-a08b-aebee0a7985f","D06","KING","KING.AOS.S2","2019-09-30T17:31Z","KING.SS.20190930",,"Sample condition ok","KING.SS.20190930.H2O.1","B00000058210","Sample condition ok","KING.SS.20190930.POM.2","A00000137390","Sample condition ok","KING.SS.20190930.POM.1","A00000137391","2019-09-30T18:44Z","2019-09-30T18:44Z",1750,2000,
