uid,domainID,siteID,namedLocation,collectDate,sampleID,sampleCode,sampleCondition,laboratoryName,analysisDate,analyzedBy,sampleType,replicate,sampleVolumeFiltered,filterSize,percentFilterAnalyzed,analyte,analyteConcentration,plantAlgaeLabUnits,method,externalRemarks,externalLabDataQF
"460c7919-ccc4-4a37-a4cb-e8911f1fbede","D10","ARIK","ARIK.AOS.S2","2015-08-04","ARIK.SS.20150804.POM.1",,"condition ok","Academy of Natural Sciences of Drexel University","2016-09-13","OKgcKejxXbI=","13C15N","1",200,25,100,"d15N",4.92,"perMill",,,"Audit Failed. Document: A00036_DREX_AlgalChem_DocAudit_20170407.pdf & A00036_DREX_AlgalChem_VisitAudit_20170407.pdf"
"dc3d7069-a10e-4dd1-a0ab-b02c93183ef3","D10","ARIK","ARIK.AOS.S2","2015-08-04","ARIK.SS.20150804.POM.2",,"condition ok","Academy of Natural Sciences of Drexel University","2017-01-17","OKgcKejxXbI=","13C15N","2",200,25,100,"d13C",-32.76,"perMill",,,"Audit Failed. Document: A00036_DREX_AlgalChem_DocAudit_20170407.pdf & A00036_DREX_AlgalChem_VisitAudit_20170407.pdf"
"71615653-9fbe-4165-bfa6-ceb94c4f6510","D10","ARIK","ARIK.AOS.S2","2015-08-04","ARIK.SS.20150804.POM.2",,"condition ok","Academy of Natural Sciences of Drexel University","2017-01-17","OKgcKejxXbI=","13C15N","2",200,25,100,"d15N",4.02,"perMill",,,"Audit Failed. Document: A00036_DREX_AlgalChem_DocAudit_20170407.pdf & A00036_DREX_AlgalChem_VisitAudit_20170407.pdf"
"fa154c08-0359-4240-ab89-22f78d5beecd","D10","ARIK","ARIK.AOS.S2","2015-08-04","ARIK.SS.20150804.POM.1",,"condition ok","Academy of Natural Sciences of Drexel University","2016-09-13","OKgcKejxXbI=","13C15N","1",200,25,100,"d13C",-30.65,"perMill",,,"Audit Failed. Document: A00036_DREX_AlgalChem_DocAudit_20170407.pdf & A00036_DREX_AlgalChem_VisitAudit_20170407.pdf"
"4af66245-54fe-43dd-92a2-1644f4d96924","D10","ARIK","ARIK.AOS.S2","2015-08-04","ARIK.SS.20150804.POM.2",,"condition ok","Academy of Natural Sciences of Drexel University","2017-01-17","OKgcKejxXbI=","13C15N","2",,,100,"d15N",4.02,"perMill",,,
"93e8acc4-79f9-4826-96a7-4ba1239bbc61","D10","ARIK","ARIK.AOS.S2","2015-08-04","ARIK.SS.20150804.POM.2",,"condition ok","Academy of Natural Sciences of Drexel University","2017-01-17","OKgcKejxXbI=","13C15N","2",,,100,"d13C",-32.76,"perMill",,,
"467e89e5-3c6f-43c5-ac19-ea71623ad05d","D10","ARIK","ARIK.AOS.S2","2015-08-04","ARIK.SS.20150804.POM.1",,"condition ok","Academy of Natural Sciences of Drexel University","2016-09-13","OKgcKejxXbI=","13C15N","1",,,100,"d13C",-30.65,"perMill",,,
"4834627a-2090-488d-a037-b73611fd0edb","D10","ARIK","ARIK.AOS.S2","2015-08-04","ARIK.SS.20150804.POM.1",,"condition ok","Academy of Natural Sciences of Drexel University","2016-09-13","OKgcKejxXbI=","13C15N","1",,,100,"d15N",4.92,"perMill",,,
"b37060e2-1eee-492e-ad85-82270fd3d896","D10","ARIK","ARIK.AOS.S2","2015-08-06","ARIK.SS.20150806.POM.2",,"condition ok","Academy of Natural Sciences of Drexel University","2017-01-17","OKgcKejxXbI=","13C15N","2",,,100,"d15N",4.23,"perMill",,"Difference in volume filtered",
"6f140996-e14c-4f1b-b27c-30239115ca38","D10","ARIK","ARIK.AOS.S2","2015-08-06","ARIK.SS.20150806.POM.2",,"condition ok","Academy of Natural Sciences of Drexel University","2017-01-17","OKgcKejxXbI=","13C15N","2",,,100,"d13C",-31.19,"perMill",,"Difference in volume filtered",
"399afc61-a876-43b8-985f-c4620dc07353","D10","ARIK","ARIK.AOS.S2","2015-08-06","ARIK.SS.20150806.POM.1",,"condition ok","Academy of Natural Sciences of Drexel University","2016-09-13","OKgcKejxXbI=","13C15N","1",,,100,"d13C",-30.82,"perMill",,"Difference in volume filtered",
"4c5d29c3-0c1c-48d9-aa13-8010c0cfafa7","D10","ARIK","ARIK.AOS.S2","2015-08-06","ARIK.SS.20150806.POM.2",,"condition ok","Academy of Natural Sciences of Drexel University","2017-01-17","OKgcKejxXbI=","13C15N","2",100,25,100,"d13C",-31.19,"perMill",,"Difference in volume filtered","Audit Failed. Document: A00036_DREX_AlgalChem_DocAudit_20170407.pdf & A00036_DREX_AlgalChem_VisitAudit_20170407.pdf"
"3ba1891a-8827-49d0-8fc6-a66d91f468f0","D10","ARIK","ARIK.AOS.S2","2015-08-06","ARIK.SS.20150806.POM.2",,"condition ok","Academy of Natural Sciences of Drexel University","2017-01-17","OKgcKejxXbI=","13C15N","2",100,25,100,"d15N",4.23,"perMill",,"Difference in volume filtered","Audit Failed. Document: A00036_DREX_AlgalChem_DocAudit_20170407.pdf & A00036_DREX_AlgalChem_VisitAudit_20170407.pdf"
"31520160-03ff-4be3-a91f-647d4d3981c6","D10","ARIK","ARIK.AOS.S2","2015-08-06","ARIK.SS.20150806.POM.1",,"condition ok","Academy of Natural Sciences of Drexel University","2016-09-13","OKgcKejxXbI=","13C15N","1",200,25,100,"d13C",-30.82,"perMill",,"Difference in volume filtered","Audit Failed. Document: A00036_DREX_AlgalChem_DocAudit_20170407.pdf & A00036_DREX_AlgalChem_VisitAudit_20170407.pdf"
"ac230107-2136-4ef0-ae53-37132ec13ece","D10","ARIK","ARIK.AOS.S2","2015-08-06","ARIK.SS.20150806.POM.1",,"condition ok","Academy of Natural Sciences of Drexel University","2016-09-13","OKgcKejxXbI=","13C15N","1",200,25,100,"d15N",4.84,"perMill",,"Difference in volume filtered","Audit Failed. Document: A00036_DREX_AlgalChem_DocAudit_20170407.pdf & A00036_DREX_AlgalChem_VisitAudit_20170407.pdf"
"7e8834f9-fa4a-47b1-a492-f5afa0d505da","D10","ARIK","ARIK.AOS.S2","2015-08-06","ARIK.SS.20150806.POM.1",,"condition ok","Academy of Natural Sciences of Drexel University","2016-09-13","OKgcKejxXbI=","13C15N","1",,,100,"d15N",4.84,"perMill",,"Difference in volume filtered",
"e198aeed-b7f8-4d1c-ab50-d0e6089a2989","D10","ARIK","ARIK.AOS.S2","2015-08-18","ARIK.SS.20150818.POM.1",,"condition ok","Academy of Natural Sciences of Drexel University","2016-09-13","OKgcKejxXbI=","13C15N","1",200,25,100,"d15N",4.81,"perMill",,,"Audit Failed. Document: A00036_DREX_AlgalChem_DocAudit_20170407.pdf & A00036_DREX_AlgalChem_VisitAudit_20170407.pdf"
"640218de-bbfb-4b83-b96d-c8c6808ea1fb","D10","ARIK","ARIK.AOS.S2","2015-08-18","ARIK.SS.20150818.POM.2",,"condition ok","Academy of Natural Sciences of Drexel University","2017-01-17","OKgcKejxXbI=","13C15N","2",200,25,100,"d15N",4.23,"perMill",,,"Audit Failed. Document: A00036_DREX_AlgalChem_DocAudit_20170407.pdf & A00036_DREX_AlgalChem_VisitAudit_20170407.pdf"
"0bac1cee-d890-444a-b66c-fd20c3a9bed2","D10","ARIK","ARIK.AOS.S2","2015-08-18","ARIK.SS.20150818.POM.2",,"other","Academy of Natural Sciences of Drexel University","2017-01-17","OKgcKejxXbI=","13C15N","2",200,25,100,"d13C",,"perMill",,"sample maxed out collector","Audit Failed. Document: A00036_DREX_AlgalChem_DocAudit_20170407.pdf & A00036_DREX_AlgalChem_VisitAudit_20170407.pdf"
"7c951321-d760-4f36-9743-3d1c9e9441bb","D10","ARIK","ARIK.AOS.S2","2015-08-18","ARIK.SS.20150818.POM.1",,"other","Academy of Natural Sciences of Drexel University","2016-09-13","OKgcKejxXbI=","13C15N","1",200,25,100,"d13C",,"perMill",,"sample maxed out collector","Audit Failed. Document: A00036_DREX_AlgalChem_DocAudit_20170407.pdf & A00036_DREX_AlgalChem_VisitAudit_20170407.pdf"
"b236c183-051a-40fb-a2ba-73da2f0ada88","D10","ARIK","ARIK.AOS.S2","2015-08-18","ARIK.SS.20150818.POM.1",,"condition ok","Academy of Natural Sciences of Drexel University","2016-09-13","OKgcKejxXbI=","13C15N","1",,,100,"d15N",4.81,"perMill",,,
"69133f1a-c888-4678-9ec0-4318a53de4f9","D10","ARIK","ARIK.AOS.S2","2015-08-18","ARIK.SS.20150818.POM.2",,"other","Academy of Natural Sciences of Drexel University","2017-01-17","OKgcKejxXbI=","13C15N","2",,,100,"d13C",,"perMill",,"sample maxed out collector",
"200745ae-50f8-4351-a15e-21abddf54a65","D10","ARIK","ARIK.AOS.S2","2015-08-18","ARIK.SS.20150818.POM.2",,"condition ok","Academy of Natural Sciences of Drexel University","2017-01-17","OKgcKejxXbI=","13C15N","2",,,100,"d15N",4.23,"perMill",,,
"4def5063-9871-41f6-878b-d84714ba7321","D10","ARIK","ARIK.AOS.S2","2015-08-18","ARIK.SS.20150818.POM.1",,"other","Academy of Natural Sciences of Drexel University","2016-09-13","OKgcKejxXbI=","13C15N","1",,,100,"d13C",,"perMill",,"sample maxed out collector",
"8964617d-53c1-4737-b1ec-4b8cbea2ea28","D10","ARIK","ARIK.AOS.S2","2015-08-31","ARIK.SS.20150831.POM.2",,"condition ok","Academy of Natural Sciences of Drexel University","2017-01-17","OKgcKejxXbI=","13C15N","2",200,25,100,"d13C",-32.58,"perMill",,,"Audit Failed. Document: A00036_DREX_AlgalChem_DocAudit_20170407.pdf & A00036_DREX_AlgalChem_VisitAudit_20170407.pdf"
"57e902f5-a95e-4f47-8af1-874a2cf992e1","D10","ARIK","ARIK.AOS.S2","2015-08-31","ARIK.SS.20150831.POM.1",,"condition ok","Academy of Natural Sciences of Drexel University","2016-09-13","OKgcKejxXbI=","13C15N","1",200,25,100,"d15N",5.96,"perMill",,,"Audit Failed. Document: A00036_DREX_AlgalChem_DocAudit_20170407.pdf & A00036_DREX_AlgalChem_VisitAudit_20170407.pdf"
"d0427d37-9daf-45c9-ba48-31bc7c1e1355","D10","ARIK","ARIK.AOS.S2","2015-08-31","ARIK.SS.20150831.POM.1",,"condition ok","Academy of Natural Sciences of Drexel University","2016-09-13","OKgcKejxXbI=","13C15N","1",200,25,100,"d13C",-31.88,"perMill",,,"Audit Failed. Document: A00036_DREX_AlgalChem_DocAudit_20170407.pdf & A00036_DREX_AlgalChem_VisitAudit_20170407.pdf"
"e2a44f99-d86b-4012-9bec-22938ea00009","D10","ARIK","ARIK.AOS.S2","2015-08-31","ARIK.SS.20150831.POM.2",,"condition ok","Academy of Natural Sciences of Drexel University","2017-01-17","OKgcKejxXbI=","13C15N","2",200,25,100,"d15N",4.54,"perMill",,,"Audit Failed. Document: A00036_DREX_AlgalChem_DocAudit_20170407.pdf & A00036_DREX_AlgalChem_VisitAudit_20170407.pdf"
"5eae2980-ce58-4c75-bb5c-ac9d6424742f","D10","ARIK","ARIK.AOS.S2","2015-08-31","ARIK.SS.20150831.POM.2",,"condition ok","Academy of Natural Sciences of Drexel University","2017-01-17","OKgcKejxXbI=","13C15N","2",,,100,"d15N",4.54,"perMill",,,
"14ee22b7-c174-4c20-8e86-ce5e4f2b7109","D10","ARIK","ARIK.AOS.S2","2015-08-31","ARIK.SS.20150831.POM.1",,"condition ok","Academy of Natural Sciences of Drexel University","2016-09-13","OKgcKejxXbI=","13C15N","1",,,100,"d15N",5.96,"perMill",,,
"1f42b0a2-ad4b-454a-841c-916f1a675487","D10","ARIK","ARIK.AOS.S2","2015-08-31","ARIK.SS.20150831.POM.1",,"condition ok","Academy of Natural Sciences of Drexel University","2016-09-13","OKgcKejxXbI=","13C15N","1",,,100,"d13C",-31.88,"perMill",,,
"83c311a1-a521-4815-be69-fc9b91a547de","D10","ARIK","ARIK.AOS.S2","2015-08-31","ARIK.SS.20150831.POM.2",,"condition ok","Academy of Natural Sciences of Drexel University","2017-01-17","OKgcKejxXbI=","13C15N","2",,,100,"d13C",-32.58,"perMill",,,
