uid,domainID,siteID,namedLocation,decimalLatitude,decimalLongitude,coordinateUncertainty,additionalCoordUncertainty,elevation,elevationUncertainty,geodeticDatum,altLocation,altLatitude,altLongitude,altCoordinateUncertainty,altGeodeticDatum,collectDate,aquaticSiteType,samplingImpractical,parentSampleID,parentSampleCode,eventID,samplerType,dissolvedOxygen,dissolvedOxygenSaturation,specificConductance,waterTemp,asiSamplingProtocolVersion,lowerSegmentDepth,upperSegmentDepth,maxDepth,lakeSampleDepth1,lakeSampleDepth2,aCollectedBy,bCollectedBy,remarks,fieldDataQF
"51df0480-9c71-4cdc-b1dd-322d9c2a5f05","D10","ARIK","ARIK.AOS.S2",39.758363,-102.448598,0.1,10.0,1176.4,0.1,"WGS84",,,,,,"2015-08-04T22:42Z","stream",,"ARIK.SS.20150804",,"ARIK.20150804","Grab",1.43,19.00,535.00,22.40,"NEON.DOC.001886vB",,,,,,"hschartel@neoninc.org","dstetson@neoninc.org","TPCN was not filtered.|As per guidance, NEON 10 was directed not to collect any samples with a holding time of two weeks or less, so H2O was not collected.|As per guidance, NEON 10 was directed not to collect any samples with a holding time of two weeks or less, so H2O was not collected.",
"e2cbaeaa-e1d5-4673-8674-4366694cd37b","D10","ARIK","ARIK.AOS.S2",39.758363,-102.448598,0.1,10.0,1176.4,0.1,"WGS84",,,,,,"2015-08-06T17:40Z","stream",,"ARIK.SS.20150806",,"ARIK.20150806","Grab",1.26,17.20,379.50,21.70,"NEON.DOC.001886vB",,,,,,"hschartel@neoninc.org","kkooi@field-ops.org","TPCN was not collected|As per guidance, NEON 10 was directed not to collect any samples with a holding time of two weeks or less, so H2O was not collected.|As per guidance, NEON 10 was directed not to collect any samples with a holding time of two weeks or less, so H2O was not collected.",
"c569b594-2e9d-49a9-bed5-359806e5afbc","D10","ARIK","ARIK.AOS.S2",39.758363,-102.448598,0.1,10.0,1176.4,0.1,"WGS84",,,,,,"2015-08-18T18:24Z","stream",,"ARIK.SS.20150818",,"ARIK.20150818","Grab",0.25,3.00,807.00,21.20,"NEON.DOC.001886vB",,,,,,"dmonahan@neoninc.org","hschartel@neoninc.org","TPCN filter not collected. Little to no flow. Intermittent stream conditions.|As per guidance, NEON 10 was directed not to collect any samples with a holding time of two weeks or less, so H2O was not collected.|As per guidance, NEON 10 was directed not to collect any samples with a holding time of two weeks or less, so H2O was not collected.",
"fd41cfa0-4a38-4fd9-b5d4-c15142a7fba1","D10","ARIK","ARIK.AOS.S2",39.758363,-102.448598,0.1,10.0,1176.4,0.1,"WGS84",,,,,,"2015-08-31T17:22Z","stream",,"ARIK.SS.20150831",,"ARIK.20150831","Grab",1.53,16.80,902.00,18.70,"NEON.DOC.001886vB",,,,,,"dmonahan@neoninc.org","cemerson@neoninc.org","No TPCN collected| water samples were collected in a shallow pool and it was difficult to not disturbed sediment.|As per guidance, NEON 10 was directed not to collect any samples with a holding time of two weeks or less, so H2O was not collected.|As per guidance, NEON 10 was directed not to collect any samples with a holding time of two weeks or less, so H2O was not collected.",
