uid,domainID,siteID,namedLocation,collectDate,parentSampleID,parentSampleCode,isotopeH2OSampleCond,isotopeH2OSampleID,isotopeH2OSampleCode,isotopePOMRep2SampleCond,isotopePOMRep2SampleID,isotopePOMRep2SampleCode,isotopePOMSampleCond,isotopePOMSampleID,isotopePOMSampleCode,processedDateFilters,processedDateH2OIsotopes,sampleVolumeFilteredPOMRep1,sampleVolumeFilteredPOMRep2,fieldDataQF
"754055ce-df5a-4573-88cb-f4c9ce9b10f0","D10","ARIK","ARIK.AOS.S2","2015-08-04T22:42Z","ARIK.SS.20150804",,,,,,"ARIK.SS.20150804.POM.2",,,"ARIK.SS.20150804.POM.1",,"2015-08-04T23:20Z","2015-08-04T23:30Z",200,200,
"f4714bcc-1efd-4042-823e-c0d886917406","D10","ARIK","ARIK.AOS.S2","2015-08-06T17:40Z","ARIK.SS.20150806",,,,,,"ARIK.SS.20150806.POM.2",,,"ARIK.SS.20150806.POM.1",,"2015-08-06T18:30Z","2015-08-06T18:30Z",200,100,
"2e618dea-63c1-4e4a-85c7-61dbf40e463d","D10","ARIK","ARIK.AOS.S2","2015-08-18T18:24Z","ARIK.SS.20150818",,,,,,"ARIK.SS.20150818.POM.2",,,"ARIK.SS.20150818.POM.1",,"2015-08-18T20:10Z","2015-08-18T20:10Z",200,200,
"4706ffc2-59bf-43a7-b3cb-68f5a9e3225f","D10","ARIK","ARIK.AOS.S2","2015-08-31T17:22Z","ARIK.SS.20150831",,,,,,"ARIK.SS.20150831.POM.2",,,"ARIK.SS.20150831.POM.1",,"2015-08-31T19:19Z","2015-08-31T19:19Z",200,200,
