uid,domainID,siteID,namedLocation,collectDate,sampleID,sampleCode,sampleCondition,laboratoryName,analysisDate,analyzedBy,sampleType,replicate,sampleVolumeFiltered,filterSize,percentFilterAnalyzed,analyte,analyteConcentration,plantAlgaeLabUnits,method,externalRemarks,externalLabDataQF
"779b11f4-e070-4398-b7ef-679b3eff164a","D02","LEWI","LEWI.AOS.S2","2018-09-12","LEWI.SS.20180912.POM.1","A00000035466","condition ok","SIRFER Lab at University of Utah","2018-11-09","ElFtGy1kV49xqNP00HfxQA==","POM","1",300,25,100,"d15N",4.85,"perMill","Revesz & Coplen 2012a",,
"2a011772-ee3f-4574-8094-930b8b667e50","D02","LEWI","LEWI.AOS.S2","2018-09-12","LEWI.SS.20180912.POM.1","A00000035466","condition ok","SIRFER Lab at University of Utah","2018-11-09","ElFtGy1kV49xqNP00HfxQA==","POM","1",300,25,100,"nitrogen",115.10,"microgramsPerLiter","Revesz & Coplen 2012a",,
"249cdac1-752d-41de-8f73-fda3ce33cf3e","D02","LEWI","LEWI.AOS.S2","2018-09-12","LEWI.SS.20180912.POM.1","A00000035466","condition ok","SIRFER Lab at University of Utah","2018-11-09","ElFtGy1kV49xqNP00HfxQA==","POM","1",300,25,100,"d13C",-24.07,"perMill","Revesz & Coplen 2012a",,
"61e15ff3-c276-49e6-bc83-e50e45fb0766","D02","LEWI","LEWI.AOS.S2","2018-09-12","LEWI.SS.20180912.POM.1","A00000035466","condition ok","SIRFER Lab at University of Utah","2018-11-09","ElFtGy1kV49xqNP00HfxQA==","POM","1",300,25,100,"carbon",1659.38,"microgramsPerLiter","Revesz & Coplen 2012a",,
"5882011f-6663-4397-9acc-90e782678e27","D02","LEWI","LEWI.AOS.S2","2018-09-19","LEWI.SS.20180919.POM.1","A00000035487","condition ok","SIRFER Lab at University of Utah","2018-11-09","ElFtGy1kV49xqNP00HfxQA==","POM","1",400,25,100,"d13C",-23.84,"perMill","Revesz & Coplen 2012a",,
"f3b9889f-1399-428a-b4ab-d157c0edcdf9","D02","LEWI","LEWI.AOS.S2","2018-09-19","LEWI.SS.20180919.POM.1","A00000035487","condition ok","SIRFER Lab at University of Utah","2018-11-09","ElFtGy1kV49xqNP00HfxQA==","POM","1",400,25,100,"nitrogen",60.24,"microgramsPerLiter","Revesz & Coplen 2012a",,
"d01a6ffa-7a6e-4caa-80dd-0244dd265dd6","D02","LEWI","LEWI.AOS.S2","2018-09-19","LEWI.SS.20180919.POM.1","A00000035487","condition ok","SIRFER Lab at University of Utah","2018-11-09","ElFtGy1kV49xqNP00HfxQA==","POM","1",400,25,100,"d15N",5.08,"perMill","Revesz & Coplen 2012a",,
"c0cdefd5-194f-47ab-94b4-729e6cd3bbce","D02","LEWI","LEWI.AOS.S2","2018-09-19","LEWI.SS.20180919.POM.1","A00000035487","condition ok","SIRFER Lab at University of Utah","2018-11-09","ElFtGy1kV49xqNP00HfxQA==","POM","1",400,25,100,"carbon",884.62,"microgramsPerLiter","Revesz & Coplen 2012a",,
