uid,domainID,siteID,namedLocation,collectDate,sampleID,sampleCode,sampleCondition,laboratoryName,analysisDate,analyzedBy,sampleType,replicate,sampleVolumeFiltered,filterSize,percentFilterAnalyzed,analyte,analyteConcentration,plantAlgaeLabUnits,method,externalRemarks,externalLabDataQF
"52591f08-7de4-4ca2-9e1c-f3f17038f1b1","D13","COMO","COMO.AOS.S2","2018-02-20","COMO.SS.20180220.POM.1",,"condition ok","SIRFER Lab at University of Utah","2018-08-09","ElFtGy1kV49xqNP00HfxQA==","POM","1",1000,25,100,"d13C",-28.51,"perMill","Revesz & Coplen 2012a",,
"2bc00077-9b2d-40f8-9175-48bb9b52ecf4","D13","COMO","COMO.AOS.S2","2018-02-20","COMO.SS.20180220.POM.1",,"condition ok","SIRFER Lab at University of Utah","2018-08-09","ElFtGy1kV49xqNP00HfxQA==","POM","1",1000,25,100,"carbon",160.82,"microgramsPerLiter","Revesz & Coplen 2012a",,
"abe5707f-ad3e-4c0f-97f5-8d5601aa6e04","D13","COMO","COMO.AOS.S2","2018-02-20","COMO.SS.20180220.POM.1",,"condition ok","SIRFER Lab at University of Utah","2018-08-09","ElFtGy1kV49xqNP00HfxQA==","POM","1",1000,25,100,"nitrogen",12.74,"microgramsPerLiter","Revesz & Coplen 2012a",,
"cc4ed85e-d75f-4034-a21e-8edfee8fb8e4","D13","COMO","COMO.AOS.S2","2018-02-20","COMO.SS.20180220.POM.1",,"condition ok","SIRFER Lab at University of Utah","2018-08-09","ElFtGy1kV49xqNP00HfxQA==","POM","1",1000,25,100,"d15N",4.43,"perMill","Revesz & Coplen 2012a",,
