uid,domainID,siteID,namedLocation,collectDate,sampleID,sampleCode,sampleCondition,laboratoryName,analysisDate,analyzedBy,sampleType,replicate,sampleVolumeFiltered,filterSize,percentFilterAnalyzed,analyte,analyteConcentration,plantAlgaeLabUnits,method,externalRemarks,externalLabDataQF
"3e156521-8e59-4724-b7a8-0c9df6c25d55","D07","LECO","LECO.AOS.S2","2016-03-07","LECO.SS.20160307.POM.1",,"other","Academy of Natural Sciences of Drexel University","2016-08-29","OKgcKejxXbI=","13C15N","1",,,100,"d15N",1.21,"perMill",,"Sample stored longer than 2 months",
"4bec3c1b-4e3d-403e-9541-f373d48390a2","D07","LECO","LECO.AOS.S2","2016-03-07","LECO.SS.20160307.POM.2",,"condition ok","Academy of Natural Sciences of Drexel University","2016-08-29","OKgcKejxXbI=","13C15N","2",,,100,"d13C",-27.89,"perMill",,"Sample stored longer than 2 months",
"f1d296e8-39aa-4ec5-8ee0-cf3194335ae6","D07","LECO","LECO.AOS.S2","2016-03-07","LECO.SS.20160307.POM.2",,"other","Academy of Natural Sciences of Drexel University","2016-08-29","OKgcKejxXbI=","13C15N","2",,,100,"d15N",2.82,"perMill",,"Sample stored longer than 2 months",
"76ae0513-8f93-4b2a-b2fb-ec517207e07b","D07","LECO","LECO.AOS.S2","2016-03-07","LECO.SS.20160307.POM.1",,"other","Academy of Natural Sciences of Drexel University","2016-08-29","OKgcKejxXbI=","13C15N","1",,,100,"d13C",-28.04,"perMill",,"Sample stored longer than 2 months",
"c4083c1e-a94a-42fa-a3bf-64f91ea72efd","D07","LECO","LECO.AOS.S2","2016-03-15","LECO.SS.20160315.POM.2",,"condition ok","Academy of Natural Sciences of Drexel University","2016-08-29","OKgcKejxXbI=","13C15N","2",,,100,"d15N",3.36,"perMill",,"Difference in volume filtered",
"6b052430-1f5f-469a-8719-7a2762c20c9d","D07","LECO","LECO.AOS.S2","2016-03-15","LECO.SS.20160315.POM.1",,"condition ok","Academy of Natural Sciences of Drexel University","2016-08-29","OKgcKejxXbI=","13C15N","1",,,100,"d13C",-29.31,"perMill",,"Difference in volume filtered",
"e67dabfb-dbf2-4093-8992-57e84b78533a","D07","LECO","LECO.AOS.S2","2016-03-15","LECO.SS.20160315.POM.1",,"condition ok","Academy of Natural Sciences of Drexel University","2016-08-29","OKgcKejxXbI=","13C15N","1",,,100,"d15N",2.01,"perMill",,"Difference in volume filtered",
"59f25072-3843-4ac2-a677-f9777a532f01","D07","LECO","LECO.AOS.S2","2016-03-15","LECO.SS.20160315.POM.2",,"condition ok","Academy of Natural Sciences of Drexel University","2016-08-29","OKgcKejxXbI=","13C15N","2",,,100,"d13C",-27.46,"perMill",,"Difference in volume filtered",
"8b39ad3c-9fbc-4d8d-98fb-c85fc8573131","D07","LECO","LECO.AOS.S2","2016-03-28","LECO.SS.20160328.POM.2",,"condition ok","Academy of Natural Sciences of Drexel University","2016-08-29","OKgcKejxXbI=","13C15N","2",,,100,"d15N",2.12,"perMill",,,
"c7c48099-035f-476e-bd67-463a74a54acb","D07","LECO","LECO.AOS.S2","2016-03-28","LECO.SS.20160328.POM.2",,"condition ok","Academy of Natural Sciences of Drexel University","2016-08-29","OKgcKejxXbI=","13C15N","2",,,100,"d13C",-27.98,"perMill",,,
"9fb8901a-b132-4dfd-a40e-de0f9e3a4a16","D07","LECO","LECO.AOS.S2","2016-03-28","LECO.SS.20160328.POM.1",,"condition ok","Academy of Natural Sciences of Drexel University","2016-08-29","OKgcKejxXbI=","13C15N","1",,,100,"d15N",1.54,"perMill",,,
"5b2d2a88-4919-4d93-a024-f456a6fca6af","D07","LECO","LECO.AOS.S2","2016-03-28","LECO.SS.20160328.POM.1",,"condition ok","Academy of Natural Sciences of Drexel University","2016-08-29","OKgcKejxXbI=","13C15N","1",,,100,"d13C",-28.68,"perMill",,,
