uid,domainID,siteID,namedLocation,collectDate,sampleID,sampleCode,sampleCondition,laboratoryName,analysisDate,analyzedBy,sampleType,replicate,sampleVolumeFiltered,filterSize,percentFilterAnalyzed,analyte,analyteConcentration,plantAlgaeLabUnits,method,externalRemarks,externalLabDataQF
"ce772760-f778-4f09-8e70-7db00528ecbc","D11","PRIN","PRIN.AOS.S2","2018-03-06","PRIN.SS.20180306.POM.1",,"condition ok","SIRFER Lab at University of Utah","2018-08-16","ElFtGy1kV49xqNP00HfxQA==","POM","1",250,25,100,"d13C",-23.53,"perMill","Revesz & Coplen 2012a",,
"dc54ca5d-038e-4289-90e9-3c9c29f408e8","D11","PRIN","PRIN.AOS.S2","2018-03-06","PRIN.SS.20180306.POM.1",,"condition ok","SIRFER Lab at University of Utah","2018-08-16","ElFtGy1kV49xqNP00HfxQA==","POM","1",250,25,100,"nitrogen",85.08,"microgramsPerLiter","Revesz & Coplen 2012a",,
"1c6576d1-f92b-4694-b2b3-0da08584307d","D11","PRIN","PRIN.AOS.S2","2018-03-06","PRIN.SS.20180306.POM.1",,"condition ok","SIRFER Lab at University of Utah","2018-08-16","ElFtGy1kV49xqNP00HfxQA==","POM","1",250,25,100,"d15N",8.74,"perMill","Revesz & Coplen 2012a",,
"51464f4c-18e2-4668-861b-54b9aa073c90","D11","PRIN","PRIN.AOS.S2","2018-03-06","PRIN.SS.20180306.POM.1",,"condition ok","SIRFER Lab at University of Utah","2018-08-16","ElFtGy1kV49xqNP00HfxQA==","POM","1",250,25,100,"carbon",1862.28,"microgramsPerLiter","Revesz & Coplen 2012a",,
"a88df43b-a256-47fe-b0d4-ce8fd3b415f6","D11","PRIN","PRIN.AOS.S2","2018-03-15","PRIN.SS.20180315.POM.1",,"condition ok","SIRFER Lab at University of Utah","2018-08-16","ElFtGy1kV49xqNP00HfxQA==","POM","1",500,25,100,"carbon",145.39,"microgramsPerLiter","Revesz & Coplen 2012a",,
"93beb523-fdba-4e7e-9a6d-5204da49f522","D11","PRIN","PRIN.AOS.S2","2018-03-15","PRIN.SS.20180315.POM.1",,"condition ok","SIRFER Lab at University of Utah","2018-08-16","ElFtGy1kV49xqNP00HfxQA==","POM","1",500,25,100,"d13C",-23.85,"perMill","Revesz & Coplen 2012a",,
"0a34eff4-52ec-48a4-a516-d8963dda8a3a","D11","PRIN","PRIN.AOS.S2","2018-03-15","PRIN.SS.20180315.POM.1",,"condition ok","SIRFER Lab at University of Utah","2018-08-16","ElFtGy1kV49xqNP00HfxQA==","POM","1",500,25,100,"d15N",7.54,"perMill","Revesz & Coplen 2012a",,
"34caa961-1efe-480d-a1dd-41d87d68377b","D11","PRIN","PRIN.AOS.S2","2018-03-15","PRIN.SS.20180315.POM.1",,"condition ok","SIRFER Lab at University of Utah","2018-08-16","ElFtGy1kV49xqNP00HfxQA==","POM","1",500,25,100,"nitrogen",16.60,"microgramsPerLiter","Revesz & Coplen 2012a",,
