uid,domainID,siteID,namedLocation,collectDate,analysisDate,isotopeH2OSampleID,isotopeH2OSampleCode,instrumentSN,d18OWater,d2HWater,d18OsdWater,d2HsdWater,isotopeH2OExternalLabQF,laboratoryName,analyzedBy,sampleCondition,externalRemarks,externalLabDataQF
"82954b94-5829-4e15-8a51-985d67c07a93","D05","CRAM","CRAM.AOS.outlet","2016-11-08","2017-02-13","CRAM.OT.20161108.H2O.1",,"HIDS2052",-4.91,-49.50,0.05,0.13,0,"SIRFER Lab at University of Utah","OlSmE6RRn5QQH8tvUHmK5i/poYiQr6sd","OK",,
"4bd586dc-8883-4599-85ce-c552c0fd82b2","D05","CRAM","CRAM.AOS.inlet","2016-11-08","2017-02-13","CRAM.IN.20161108.H2O.1",,"HIDS2052",-4.77,-48.68,0.02,0.08,0,"SIRFER Lab at University of Utah","OlSmE6RRn5QQH8tvUHmK5i/poYiQr6sd","OK",,
"dd12f6f5-467a-4beb-a89c-92fa78c79065","D05","CRAM","CRAM.AOS.buoy.c1","2016-11-08","2017-02-13","CRAM.C1.20161108.H2O.1",,"HIDS2052",-4.14,-48.17,0.02,0.08,0,"SIRFER Lab at University of Utah","OlSmE6RRn5QQH8tvUHmK5i/poYiQr6sd","OK",,
"67f09aed-602b-487d-a424-3404ed34b48e","D05","CRAM","CRAM.AOS.buoy.c2","2016-11-08","2017-02-13","CRAM.C2.20161108.H2O.1",,"HIDS2052",-5.69,-55.03,0.02,0.10,0,"SIRFER Lab at University of Utah","OlSmE6RRn5QQH8tvUHmK5i/poYiQr6sd","OK",,
"d9be8c96-fb55-45b1-b3d7-d31bad8a084a","D05","CRAM","CRAM.AOS.inlet","2016-11-21","2017-02-13","CRAM.IN.20161121.H2O.1",,"HIDS2052",-4.59,-48.30,0.03,0.04,0,"SIRFER Lab at University of Utah","OlSmE6RRn5QQH8tvUHmK5i/poYiQr6sd","OK",,
"859e46bf-2519-4210-aceb-f776a7830f20","D05","CRAM","CRAM.AOS.buoy.c0","2016-11-21","2017-02-13","CRAM.C0.20161121.H2O.1",,"HIDS2052",-4.35,-47.85,0.03,0.09,0,"SIRFER Lab at University of Utah","OlSmE6RRn5QQH8tvUHmK5i/poYiQr6sd","OK",,
