uid,domainID,siteID,namedLocation,collectDate,parentSampleID,parentSampleCode,isotopeH2OSampleCond,isotopeH2OSampleID,isotopeH2OSampleCode,isotopePOMRep2SampleCond,isotopePOMRep2SampleID,isotopePOMRep2SampleCode,isotopePOMSampleCond,isotopePOMSampleID,isotopePOMSampleCode,processedDateFilters,processedDateH2OIsotopes,sampleVolumeFilteredPOMRep1,sampleVolumeFilteredPOMRep2,fieldDataQF
"7b1bff77-6212-4ef7-803b-edf18df318fc","D05","CRAM","CRAM.AOS.outlet","2016-11-08T15:55Z","CRAM.OT.20161108",,,"CRAM.OT.20161108.H2O.1",,,"CRAM.OT.20161108.POM.2",,,"CRAM.OT.20161108.POM.1",,"2016-11-08T18:55Z","2016-11-08T21:22Z",250,250,
"ece52e95-816c-42b5-9288-c6cecbfb92f9","D05","CRAM","CRAM.AOS.inlet","2016-11-08T16:20Z","CRAM.IN.20161108",,,"CRAM.IN.20161108.H2O.1",,,"CRAM.IN.20161108.POM.2",,,"CRAM.IN.20161108.POM.1",,"2016-11-08T19:25Z","2016-11-08T21:40Z",250,250,
"6bd87c02-7260-4504-add8-1029e7621ea1","D05","CRAM","CRAM.AOS.buoy.c1","2016-11-08T17:15Z","CRAM.C1.20161108",,,"CRAM.C1.20161108.H2O.1",,,"CRAM.C1.20161108.POM.2",,,"CRAM.C1.20161108.POM.1",,"2016-11-08T19:50Z","2016-11-08T21:45Z",200,200,
"25415318-e428-47b6-926c-7d5b56153cf4","D05","CRAM","CRAM.AOS.buoy.c2","2016-11-08T17:45Z","CRAM.C2.20161108",,,"CRAM.C2.20161108.H2O.1",,,"CRAM.C2.20161108.POM.2",,,"CRAM.C2.20161108.POM.1",,"2016-11-08T20:15Z","2016-11-08T21:55Z",200,200,
"ba58f9f2-0281-4165-b675-529e03ee186f","D05","CRAM","CRAM.AOS.outlet","2016-11-21T15:10Z","CRAM.OT.20161121",,,"CRAM.OT.20161121.H2O.1",,,"CRAM.OT.20161121.POM.2",,,"CRAM.OT.20161121.POM.1",,"2016-11-21T17:45Z","2016-11-21T20:05Z",350,350,
"ce335075-b0e8-49d8-9288-82dc107620bb","D05","CRAM","CRAM.AOS.inlet","2016-11-21T15:35Z","CRAM.IN.20161121",,,"CRAM.IN.20161121.H2O.1",,,"CRAM.IN.20161121.POM.2",,,"CRAM.IN.20161121.POM.1",,"2016-11-21T18:45Z","2016-11-21T20:15Z",200,200,
"ced8cc6c-0e22-46f7-a2a9-0abb85d53c4b","D05","CRAM","CRAM.AOS.buoy.c0","2016-11-21T16:15Z","CRAM.C0.20161121",,,"CRAM.C0.20161121.H2O.1",,,"CRAM.C0.20161121.POM.2",,,"CRAM.C0.20161121.POM.1",,"2016-11-21T19:15Z","2016-11-21T20:25Z",200,200,
