uid,domainID,siteID,namedLocation,decimalLatitude,decimalLongitude,coordinateUncertainty,additionalCoordUncertainty,elevation,elevationUncertainty,geodeticDatum,altLocation,altLatitude,altLongitude,altCoordinateUncertainty,altGeodeticDatum,collectDate,aquaticSiteType,samplingImpractical,parentSampleID,parentSampleCode,eventID,samplerType,dissolvedOxygen,dissolvedOxygenSaturation,specificConductance,waterTemp,asiSamplingProtocolVersion,lowerSegmentDepth,upperSegmentDepth,maxDepth,lakeSampleDepth1,lakeSampleDepth2,aCollectedBy,bCollectedBy,remarks,fieldDataQF
"cd48cef5-2684-4f83-ac60-22eef86284c6","D05","CRAM","CRAM.AOS.outlet",46.211998,-89.474475,0.1,10.0,511.8,0.1,"WGS84",,,,,,"2016-11-08T15:55Z","lake",,"CRAM.OT.20161108",,"CRAM.20161108","Kemmerer",11.90,103.00,,9.00,"NEON.DOC.001886vD",,0.0,,0.5,,"jhudson@neoninc.org","cslemmons@neoninc.org","Conductivity probe not working. Did not record depth at location.",
"66db678f-e4d5-4508-9ba2-17742bf681d5","D05","CRAM","CRAM.AOS.inlet",46.207952,-89.476174,0.1,10.0,511.7,0.1,"WGS84",,,,,,"2016-11-08T16:20Z","lake",,"CRAM.IN.20161108",,"CRAM.20161108","Kemmerer",12.00,104.00,,8.70,"NEON.DOC.001886vD",1.1,0.0,1.1,0.5,,"jhudson@neoninc.org","cslemmons@neoninc.org","Conductivity probe not working.",
"d0ec9643-660b-4a59-b781-48ba3494b378","D05","CRAM","CRAM.AOS.buoy.c1",46.210592,-89.476861,10.0,10.0,509.0,10.0,"WGS84",,,,,,"2016-11-08T17:15Z","lake",,"CRAM.C1.20161108",,"CRAM.20161108","Kemmerer",11.70,101.50,,8.90,"NEON.DOC.001886vD",10.0,0.0,16.1,0.5,,"jhudson@neoninc.org","cslemmons@neoninc.org","Conductivity probe broken.",
"e1619018-8c85-4031-8bb3-194fee7aa856","D05","CRAM","CRAM.AOS.buoy.c2",46.210592,-89.476861,10.0,10.0,509.0,10.0,"WGS84",,,,,,"2016-11-08T17:45Z","lake",,"CRAM.C2.20161108",,"CRAM.20161108","Kemmerer",0.00,0.00,,5.70,"NEON.DOC.001886vD",16.1,11.0,16.1,12.3,14.0,"jhudson@neoninc.org","cslemmons@neoninc.org","Conductivity probe not working.",
"c0acb9a9-9207-4bdd-b189-0821b40bc0b7","D05","CRAM","CRAM.AOS.outlet",46.211998,-89.474475,0.1,10.0,511.8,0.1,"WGS84",,,,,,"2016-11-21T15:10Z","lake",,"CRAM.OT.20161121",,"CRAM.20161121","Kemmerer",10.90,86.00,,5.30,"NEON.DOC.001886vD",1.8,0.0,1.8,0.5,,"jhudson@neoninc.org","cslemmons@neoninc.org","Conductivity probe would not calibrate. Conductance not taken.",
"deb85dda-ac3b-4aea-87b4-b53eea4c4f67","D05","CRAM","CRAM.AOS.inlet",46.207952,-89.476174,0.1,10.0,511.7,0.1,"WGS84",,,,,,"2016-11-21T15:35Z","lake",,"CRAM.IN.20161121",,"CRAM.20161121","Kemmerer",10.70,83.50,,5.00,"NEON.DOC.001886vD",1.1,0.0,1.1,0.5,,"jhudson@neoninc.org","cslemmons@neoninc.org","Conductivity probe would not calibrate. Conductance not taken.",
"7e027f7f-50f1-4afd-a34e-ae8a655a8ce5","D05","CRAM","CRAM.AOS.buoy.c0",46.210592,-89.476861,10.0,10.0,509.0,10.0,"WGS84",,,,,,"2016-11-21T16:15Z","lake",,"CRAM.C0.20161121",,"CRAM.20161121","Kemmerer",10.40,82.00,,5.40,"NEON.DOC.001886vD",18.1,0.0,18.1,0.5,,"jhudson@neoninc.org","cslemmons@neoninc.org","Conductivity probe would not calibrate. Conductance not taken.",
