uid,domainID,siteID,namedLocation,collectDate,sampleID,sampleCode,sampleCondition,laboratoryName,analysisDate,analyzedBy,sampleType,replicate,sampleVolumeFiltered,filterSize,percentFilterAnalyzed,analyte,analyteConcentration,plantAlgaeLabUnits,method,externalRemarks,externalLabDataQF
"13908b20-47af-4fac-bb98-e1ae31ec3dd1","D05","CRAM","CRAM.AOS.outlet","2016-11-08","CRAM.OT.20161108.POM.2",,"other","Academy of Natural Sciences of Drexel University","2017-06-14","OKgcKejxXbI=","13C15N","2",,,100,"d13C",,"perMill",,"analysis corrupted during run",
"d2a4c02c-ce66-426a-b246-fe7c912a86b2","D05","CRAM","CRAM.AOS.outlet","2016-11-08","CRAM.OT.20161108.POM.1",,"condition ok","Academy of Natural Sciences of Drexel University","2017-05-25","OKgcKejxXbI=","13C15N","1",,,100,"d15N",-0.43,"perMill",,,
"92da3131-d6e0-446a-9e27-41b41f6efed9","D05","CRAM","CRAM.AOS.outlet","2016-11-08","CRAM.OT.20161108.POM.2",,"other","Academy of Natural Sciences of Drexel University","2017-06-14","OKgcKejxXbI=","13C15N","2",,,100,"d15N",,"perMill",,"analysis corrupted during run",
"6848bb41-4e09-4993-a6cd-b609be8a2387","D05","CRAM","CRAM.AOS.outlet","2016-11-08","CRAM.OT.20161108.POM.1",,"condition ok","Academy of Natural Sciences of Drexel University","2017-05-25","OKgcKejxXbI=","13C15N","1",,,100,"d13C",-33.64,"perMill",,,
"c61af4c0-c964-4d34-919a-d0829cb8b8d8","D05","CRAM","CRAM.AOS.inlet","2016-11-08","CRAM.IN.20161108.POM.1",,"condition ok","Academy of Natural Sciences of Drexel University","2017-05-25","OKgcKejxXbI=","13C15N","1",,,100,"d13C",-34.83,"perMill",,,
"93470edd-6620-44e6-a22a-fcd3920605d8","D05","CRAM","CRAM.AOS.inlet","2016-11-08","CRAM.IN.20161108.POM.2",,"other","Academy of Natural Sciences of Drexel University","2017-06-14","OKgcKejxXbI=","13C15N","2",,,100,"d15N",,"perMill",,"analysis corrupted during run",
"2b8f4b0b-4b47-4a0b-88ed-7ba7117b6511","D05","CRAM","CRAM.AOS.inlet","2016-11-08","CRAM.IN.20161108.POM.2",,"other","Academy of Natural Sciences of Drexel University","2017-06-14","OKgcKejxXbI=","13C15N","2",,,100,"d13C",,"perMill",,"analysis corrupted during run",
"aa98cc6e-5db9-4b4b-a071-f8c91450a618","D05","CRAM","CRAM.AOS.inlet","2016-11-08","CRAM.IN.20161108.POM.1",,"condition ok","Academy of Natural Sciences of Drexel University","2017-05-25","OKgcKejxXbI=","13C15N","1",,,100,"d15N",-3.09,"perMill",,,
"ccb8c6c8-2cfb-454f-9d40-e338a1f36e66","D05","CRAM","CRAM.AOS.buoy.c1","2016-11-08","CRAM.C1.20161108.POM.2",,"other","Academy of Natural Sciences of Drexel University","2017-06-14","OKgcKejxXbI=","13C15N","2",,,100,"d13C",,"perMill",,"analysis corrupted during run",
"d048d8b0-912f-437a-b729-9877178ce043","D05","CRAM","CRAM.AOS.buoy.c1","2016-11-08","CRAM.C1.20161108.POM.2",,"other","Academy of Natural Sciences of Drexel University","2017-06-14","OKgcKejxXbI=","13C15N","2",,,100,"d15N",,"perMill",,"analysis corrupted during run",
"bf76d119-0cbe-485d-b50a-de604c84e1d5","D05","CRAM","CRAM.AOS.buoy.c1","2016-11-08","CRAM.C1.20161108.POM.1",,"other","Academy of Natural Sciences of Drexel University","2017-05-25","OKgcKejxXbI=","13C15N","1",,,100,"d13C",-33.11,"perMill",,"filter torn significant sample loss",
"0626f91d-f076-4aaa-84cc-0f4b96617883","D05","CRAM","CRAM.AOS.buoy.c1","2016-11-08","CRAM.C1.20161108.POM.1",,"other","Academy of Natural Sciences of Drexel University","2017-05-25","OKgcKejxXbI=","13C15N","1",,,100,"d15N",5.76,"perMill",,"filter torn significant sample loss",
"e35f7a0b-e681-43c1-ab42-5c90aa31bc79","D05","CRAM","CRAM.AOS.buoy.c2","2016-11-08","CRAM.C2.20161108.POM.2",,"other","Academy of Natural Sciences of Drexel University","2017-06-14","OKgcKejxXbI=","13C15N","2",,,100,"d13C",,"perMill",,"analysis corrupted during run",
"1744a8d2-b6e9-402c-872b-2ed5f802563b","D05","CRAM","CRAM.AOS.buoy.c2","2016-11-08","CRAM.C2.20161108.POM.1",,"condition ok","Academy of Natural Sciences of Drexel University","2017-05-25","OKgcKejxXbI=","13C15N","1",,,100,"d15N",-3.80,"perMill",,,
"f04aa480-c8f7-42f1-8b00-b05249c88424","D05","CRAM","CRAM.AOS.buoy.c2","2016-11-08","CRAM.C2.20161108.POM.2",,"other","Academy of Natural Sciences of Drexel University","2017-06-14","OKgcKejxXbI=","13C15N","2",,,100,"d15N",,"perMill",,"analysis corrupted during run",
"68678113-a716-4c6d-ac3e-ef19b5ca2e1c","D05","CRAM","CRAM.AOS.buoy.c2","2016-11-08","CRAM.C2.20161108.POM.1",,"condition ok","Academy of Natural Sciences of Drexel University","2017-05-25","OKgcKejxXbI=","13C15N","1",,,100,"d13C",-34.25,"perMill",,,
"e96c5a03-e87f-4bd1-b31c-3293edf094dd","D05","CRAM","CRAM.AOS.outlet","2016-11-21","CRAM.OT.20161121.POM.2",,"other","Academy of Natural Sciences of Drexel University","2017-06-14","OKgcKejxXbI=","13C15N","2",,,100,"d15N",,"perMill",,"analysis corrupted during run",
"0ee6e16c-3003-4b07-ae1d-159ae04a97ba","D05","CRAM","CRAM.AOS.outlet","2016-11-21","CRAM.OT.20161121.POM.1",,"other","Academy of Natural Sciences of Drexel University","2017-05-25","OKgcKejxXbI=","13C15N","1",,,100,"d13C",-34.27,"perMill",,"filter torn significant sample loss",
"2f6538f1-1416-4a33-9537-239dac31c656","D05","CRAM","CRAM.AOS.outlet","2016-11-21","CRAM.OT.20161121.POM.1",,"other","Academy of Natural Sciences of Drexel University","2017-05-25","OKgcKejxXbI=","13C15N","1",,,100,"d15N",-3.93,"perMill",,"filter torn significant sample loss",
"639fd8e0-00aa-49c5-aa11-7d2de0485f07","D05","CRAM","CRAM.AOS.outlet","2016-11-21","CRAM.OT.20161121.POM.2",,"other","Academy of Natural Sciences of Drexel University","2017-06-14","OKgcKejxXbI=","13C15N","2",,,100,"d13C",,"perMill",,"analysis corrupted during run",
"3a58271f-d9c6-47ec-b41b-61190160d5d9","D05","CRAM","CRAM.AOS.inlet","2016-11-21","CRAM.IN.20161121.POM.2",,"other","Academy of Natural Sciences of Drexel University","2017-06-14","OKgcKejxXbI=","13C15N","2",,,100,"d13C",,"perMill",,"analysis corrupted during run",
"a490d811-2a91-4d78-b7f1-fecc781396ca","D05","CRAM","CRAM.AOS.inlet","2016-11-21","CRAM.IN.20161121.POM.1",,"other","Academy of Natural Sciences of Drexel University","2017-05-25","OKgcKejxXbI=","13C15N","1",,,100,"d15N",7.50,"perMill",,"filter torn significant sample loss",
"92574eaf-d132-4a04-b10d-c38909a0751b","D05","CRAM","CRAM.AOS.inlet","2016-11-21","CRAM.IN.20161121.POM.2",,"other","Academy of Natural Sciences of Drexel University","2017-06-14","OKgcKejxXbI=","13C15N","2",,,100,"d15N",,"perMill",,"analysis corrupted during run",
"6c5b887b-9023-483c-bbea-7838c92031e3","D05","CRAM","CRAM.AOS.inlet","2016-11-21","CRAM.IN.20161121.POM.1",,"other","Academy of Natural Sciences of Drexel University","2017-05-25","OKgcKejxXbI=","13C15N","1",,,100,"d13C",-32.67,"perMill",,"filter torn significant sample loss",
"a8e71a6d-fc6f-455b-8a59-5f0888ea334f","D05","CRAM","CRAM.AOS.buoy.c0","2016-11-21","CRAM.C0.20161121.POM.1",,"other","Academy of Natural Sciences of Drexel University","2017-05-25","OKgcKejxXbI=","13C15N","1",,,100,"d15N",,"perMill",,"filter not included",
"40408b63-5791-4584-bd50-4cc242f4f01b","D05","CRAM","CRAM.AOS.buoy.c0","2016-11-21","CRAM.C0.20161121.POM.1",,"other","Academy of Natural Sciences of Drexel University","2017-05-25","OKgcKejxXbI=","13C15N","1",,,100,"d13C",,"perMill",,"filter not included",
"ca302fd1-b8ad-434a-969b-fa010b9a4990","D05","CRAM","CRAM.AOS.buoy.c0","2016-11-21","CRAM.C0.20161121.POM.2",,"other","Academy of Natural Sciences of Drexel University","2017-06-14","OKgcKejxXbI=","13C15N","2",,,100,"d15N",5.98,"perMill",,,
"e7820e68-64f5-4f8f-807f-313689390149","D05","CRAM","CRAM.AOS.buoy.c0","2016-11-21","CRAM.C0.20161121.POM.2",,"other","Academy of Natural Sciences of Drexel University","2017-06-14","OKgcKejxXbI=","13C15N","2",,,100,"d13C",-33.10,"perMill",,,
