uid,domainID,siteID,namedLocation,collectDate,sampleID,sampleCode,sampleCondition,laboratoryName,analysisDate,analyzedBy,sampleType,replicate,sampleVolumeFiltered,filterSize,percentFilterAnalyzed,analyte,analyteConcentration,plantAlgaeLabUnits,method,externalRemarks,externalLabDataQF
"1bff7388-f4c0-40d4-b273-bd1abe22ef4c","D10","ARIK","ARIK.AOS.S2","2015-09-24","ARIK.SS.20150924.POM.2",,"condition ok","Academy of Natural Sciences of Drexel University","2017-01-17","OKgcKejxXbI=","13C15N","2",50,25,100,"d13C",-29.04,"perMill",,,"Audit Failed. Document: A00036_DREX_AlgalChem_DocAudit_20170407.pdf & A00036_DREX_AlgalChem_VisitAudit_20170407.pdf"
"f6d42a40-bd75-4607-a0eb-9db0c97491b0","D10","ARIK","ARIK.AOS.S2","2015-09-24","ARIK.SS.20150924.POM.1",,"condition ok","Academy of Natural Sciences of Drexel University","2016-09-13","OKgcKejxXbI=","13C15N","1",,,100,"d13C",-27.89,"perMill",,,
"0220bc13-ee9c-489a-8cbd-999626c50dc7","D10","ARIK","ARIK.AOS.S2","2015-09-24","ARIK.SS.20150924.POM.1",,"condition ok","Academy of Natural Sciences of Drexel University","2016-09-13","OKgcKejxXbI=","13C15N","1",50,25,100,"d15N",3.83,"perMill",,,"Audit Failed. Document: A00036_DREX_AlgalChem_DocAudit_20170407.pdf & A00036_DREX_AlgalChem_VisitAudit_20170407.pdf"
"be24e55b-6f7c-47a5-9ea7-a64f2b2e7729","D10","ARIK","ARIK.AOS.S2","2015-09-24","ARIK.SS.20150924.POM.2",,"condition ok","Academy of Natural Sciences of Drexel University","2017-01-17","OKgcKejxXbI=","13C15N","2",50,25,100,"d15N",3.18,"perMill",,,"Audit Failed. Document: A00036_DREX_AlgalChem_DocAudit_20170407.pdf & A00036_DREX_AlgalChem_VisitAudit_20170407.pdf"
"49888e94-8e23-4685-9ca5-9b95488599d8","D10","ARIK","ARIK.AOS.S2","2015-09-24","ARIK.SS.20150924.POM.1",,"condition ok","Academy of Natural Sciences of Drexel University","2016-09-13","OKgcKejxXbI=","13C15N","1",50,25,100,"d13C",-27.89,"perMill",,,"Audit Failed. Document: A00036_DREX_AlgalChem_DocAudit_20170407.pdf & A00036_DREX_AlgalChem_VisitAudit_20170407.pdf"
"d2132043-f400-464d-933a-b2e2d0105521","D10","ARIK","ARIK.AOS.S2","2015-09-24","ARIK.SS.20150924.POM.1",,"condition ok","Academy of Natural Sciences of Drexel University","2016-09-13","OKgcKejxXbI=","13C15N","1",,,100,"d15N",3.83,"perMill",,,
"57329b15-c8b6-4e53-bcc3-01e7bba77664","D10","ARIK","ARIK.AOS.S2","2015-09-24","ARIK.SS.20150924.POM.2",,"condition ok","Academy of Natural Sciences of Drexel University","2017-01-17","OKgcKejxXbI=","13C15N","2",,,100,"d13C",-29.04,"perMill",,,
"3e440fd4-5a1a-461f-9f3f-17293f739b84","D10","ARIK","ARIK.AOS.S2","2015-09-24","ARIK.SS.20150924.POM.2",,"condition ok","Academy of Natural Sciences of Drexel University","2017-01-17","OKgcKejxXbI=","13C15N","2",,,100,"d15N",3.18,"perMill",,,
