uid,domainID,siteID,namedLocation,decimalLatitude,decimalLongitude,coordinateUncertainty,additionalCoordUncertainty,elevation,elevationUncertainty,geodeticDatum,altLocation,altLatitude,altLongitude,altCoordinateUncertainty,altGeodeticDatum,collectDate,aquaticSiteType,samplingImpractical,parentSampleID,parentSampleCode,eventID,samplerType,dissolvedOxygen,dissolvedOxygenSaturation,specificConductance,waterTemp,asiSamplingProtocolVersion,lowerSegmentDepth,upperSegmentDepth,maxDepth,lakeSampleDepth1,lakeSampleDepth2,aCollectedBy,bCollectedBy,remarks,fieldDataQF
"fe02748d-d5a9-4a42-b34f-fcaa9523428a","D02","POSE","POSE.AOS.S2",38.895193,-78.147862,0.3,10.0,271.9,0.3,"WGS84",,,,,,"2017-03-06T13:33Z","stream",,"POSE.SS.20170306",,"POSE.20170306","Grab",15.25,108.90,110.40,1.60,"NEON.DOC.001886vE",,,,,,"jcoloso@neoninc.org","kgeiger@neoninc.org",,
"3b3bd612-23ec-44d0-bd52-1cf6ef333b7e","D02","POSE","POSE.AOS.S2",38.895193,-78.147862,0.3,10.0,271.9,0.3,"WGS84",,,,,,"2017-03-13T17:11Z","stream",,"POSE.SS.20170313",,"POSE.20170313","Grab",11.87,88.30,108.30,3.10,"NEON.DOC.001886vE",,,,,,"bdowner@neoninc.org","kgeiger@neoninc.org",,
"4efaa6ed-2d89-4a77-b899-b4d4d2f89d85","D02","POSE","POSE.AOS.S2",38.895193,-78.147862,0.3,10.0,271.9,0.3,"WGS84",,,,,,"2017-03-20T15:11Z","stream",,"POSE.SS.20170320",,"POSE.20170320","Grab",14.26,111.10,90.40,4.90,"NEON.DOC.001886vE",,,,,,"kgeiger@neoninc.org","jcoloso@neoninc.org",,
"de9f7ff2-e3d3-4598-a4ee-c46508536b9e","D02","POSE","POSE.AOS.S2",38.895193,-78.147862,0.3,10.0,271.9,0.3,"WGS84",,,,,,"2017-03-28T13:15Z","stream",,"POSE.SS.20170328",,"POSE.20170328","Grab",10.82,97.80,87.40,10.80,"NEON.DOC.001886vE",,,,,,"kgeiger@neoninc.org","jcoloso@neoninc.org",,
