uid,domainID,siteID,namedLocation,collectDate,parentSampleID,parentSampleCode,isotopeH2OSampleCond,isotopeH2OSampleID,isotopeH2OSampleCode,isotopePOMRep2SampleCond,isotopePOMRep2SampleID,isotopePOMRep2SampleCode,isotopePOMSampleCond,isotopePOMSampleID,isotopePOMSampleCode,processedDateFilters,processedDateH2OIsotopes,sampleVolumeFilteredPOMRep1,sampleVolumeFilteredPOMRep2,fieldDataQF
"d2167520-1b34-4908-8bad-57fc55af24c5","D02","POSE","POSE.AOS.S2","2017-03-06T13:33Z","POSE.SS.20170306",,,"POSE.SS.20170306.H2O.1",,,"POSE.SS.20170306.POM.2",,,"POSE.SS.20170306.POM.1",,"2017-03-06T14:55Z","2017-03-06T15:11Z",600,600,
"83dc2fb9-cfee-4211-8847-c84fc1809b5b","D02","POSE","POSE.AOS.S2","2017-03-13T17:11Z","POSE.SS.20170313",,,"POSE.SS.20170313.H2O.1",,,"POSE.SS.20170313.POM.2",,,"POSE.SS.20170313.POM.1",,"2017-03-13T20:00Z","2017-03-13T17:41Z",500,500,
"de75fc4a-dfcf-4b1c-a15c-204279a1b5f7","D02","POSE","POSE.AOS.S2","2017-03-20T15:11Z","POSE.SS.20170320",,,"POSE.SS.20170320.H2O.1",,,"POSE.SS.20170320.POM.2",,,"POSE.SS.20170320.POM.1",,"2017-03-20T16:40Z","2017-03-20T16:25Z",400,400,
"a0627aa9-4c68-4f55-bd8b-dbffe77d9563","D02","POSE","POSE.AOS.S2","2017-03-28T13:15Z","POSE.SS.20170328",,,"POSE.SS.20170328.H2O.1",,,"POSE.SS.20170328.POM.2",,,"POSE.SS.20170328.POM.1",,"2017-03-28T14:30Z","2017-03-28T14:28Z",200,200,
