uid,domainID,siteID,namedLocation,collectDate,analysisDate,isotopeH2OSampleID,isotopeH2OSampleCode,instrumentSN,d18OWater,d2HWater,d18OsdWater,d2HsdWater,isotopeH2OExternalLabQF,laboratoryName,analyzedBy,sampleCondition,externalRemarks,externalLabDataQF
"585c3a88-77fb-4690-985b-722d755a4601","D02","POSE","POSE.AOS.S2","2017-03-06","2017-04-17","POSE.SS.20170306.H2O.1",,"HIDS2046",-7.88,-48.40,0.01,0.22,0,"SIRFER Lab at University of Utah","OlSmE6RRn5QQH8tvUHmK5i/poYiQr6sd","OK",,
"6690edeb-dd0e-4229-984b-1ead06ec3f39","D02","POSE","POSE.AOS.S2","2017-03-13","2017-04-17","POSE.SS.20170313.H2O.1",,"HIDS2046",-7.81,-48.11,0.01,0.10,0,"SIRFER Lab at University of Utah","OlSmE6RRn5QQH8tvUHmK5i/poYiQr6sd","OK",,
"fd5bf3d5-d717-4126-a371-7d23a019d353","D02","POSE","POSE.AOS.S2","2017-03-20","2017-04-17","POSE.SS.20170320.H2O.1",,"HIDS2046",-8.12,-50.11,0.02,0.12,0,"SIRFER Lab at University of Utah","OlSmE6RRn5QQH8tvUHmK5i/poYiQr6sd","OK",,
"258f2a7c-3418-4732-990f-29e35b51e53a","D02","POSE","POSE.AOS.S2","2017-03-28","2017-04-17","POSE.SS.20170328.H2O.1",,"HIDS2046",-7.85,-47.68,0.03,0.12,0,"SIRFER Lab at University of Utah","OlSmE6RRn5QQH8tvUHmK5i/poYiQr6sd","OK",,
