uid,domainID,siteID,namedLocation,collectDate,sampleID,sampleCode,sampleCondition,laboratoryName,analysisDate,analyzedBy,sampleType,replicate,sampleVolumeFiltered,filterSize,percentFilterAnalyzed,analyte,analyteConcentration,plantAlgaeLabUnits,method,externalRemarks,externalLabDataQF
"9787c61d-e2a1-433f-9283-d2d7f227c5a2","D02","POSE","POSE.AOS.S2","2017-03-06","POSE.SS.20170306.POM.1",,"condition ok","SIRFER Lab at University of Utah","2018-03-08","ElFtGy1kV49xqNP00HfxQA==","POM","1",600,25,100,"nitrogen",22.42,"microgramsPerLiter","Revesz & Coplen 2012a",,
"5d320a53-1c60-476f-a96d-f5ed69b033fd","D02","POSE","POSE.AOS.S2","2017-03-06","POSE.SS.20170306.POM.1",,"condition ok","SIRFER Lab at University of Utah","2018-03-08","ElFtGy1kV49xqNP00HfxQA==","POM","1",600,25,100,"carbon",329.09,"microgramsPerLiter","Revesz & Coplen 2012a",,
"352dedfb-e89c-489d-9f4a-14729ddfce61","D02","POSE","POSE.AOS.S2","2017-03-06","POSE.SS.20170306.POM.1",,"condition ok","SIRFER Lab at University of Utah","2018-03-08","ElFtGy1kV49xqNP00HfxQA==","POM","1",600,25,100,"d15N",6.65,"perMill","Revesz & Coplen 2012a",,
"c1bd739d-5983-4d83-9dc5-637f1c3e06cb","D02","POSE","POSE.AOS.S2","2017-03-06","POSE.SS.20170306.POM.1",,"condition ok","SIRFER Lab at University of Utah","2018-03-08","ElFtGy1kV49xqNP00HfxQA==","POM","1",600,25,100,"d13C",-28.56,"perMill","Revesz & Coplen 2012a",,
"22a9abe2-b1f6-46f3-bd0f-8218e8176cac","D02","POSE","POSE.AOS.S2","2017-03-13","POSE.SS.20170313.POM.1",,"condition ok","SIRFER Lab at University of Utah","2018-03-08","ElFtGy1kV49xqNP00HfxQA==","POM","1",500,25,100,"d13C",-27.84,"perMill","Revesz & Coplen 2012a",,
"09be1ff5-85b8-4654-9cb8-32a0dd1618bd","D02","POSE","POSE.AOS.S2","2017-03-13","POSE.SS.20170313.POM.1",,"condition ok","SIRFER Lab at University of Utah","2018-03-08","ElFtGy1kV49xqNP00HfxQA==","POM","1",500,25,100,"carbon",287.07,"microgramsPerLiter","Revesz & Coplen 2012a",,
"e56d9c2d-df52-4f76-8750-9e5b255afae2","D02","POSE","POSE.AOS.S2","2017-03-13","POSE.SS.20170313.POM.1",,"condition ok","SIRFER Lab at University of Utah","2018-03-08","ElFtGy1kV49xqNP00HfxQA==","POM","1",500,25,100,"nitrogen",20.98,"microgramsPerLiter","Revesz & Coplen 2012a",,
"2e294b3e-b729-4685-82a3-b14a13e1d719","D02","POSE","POSE.AOS.S2","2017-03-13","POSE.SS.20170313.POM.1",,"condition ok","SIRFER Lab at University of Utah","2018-03-08","ElFtGy1kV49xqNP00HfxQA==","POM","1",500,25,100,"d15N",9.89,"perMill","Revesz & Coplen 2012a",,
"0b09050f-500d-4e22-841f-3a0f23a046f8","D02","POSE","POSE.AOS.S2","2017-03-20","POSE.SS.20170320.POM.1",,"condition ok","SIRFER Lab at University of Utah","2018-03-08","ElFtGy1kV49xqNP00HfxQA==","POM","1",400,25,100,"d15N",7.74,"perMill","Revesz & Coplen 2012a",,
"ad3be5ff-2c99-4a83-b238-a0e8b1522f4a","D02","POSE","POSE.AOS.S2","2017-03-20","POSE.SS.20170320.POM.1",,"condition ok","SIRFER Lab at University of Utah","2018-03-08","ElFtGy1kV49xqNP00HfxQA==","POM","1",400,25,100,"nitrogen",56.89,"microgramsPerLiter","Revesz & Coplen 2012a",,
"18d2eadd-78bf-4fea-8732-1c80327339a1","D02","POSE","POSE.AOS.S2","2017-03-20","POSE.SS.20170320.POM.1",,"condition ok","SIRFER Lab at University of Utah","2018-03-08","ElFtGy1kV49xqNP00HfxQA==","POM","1",400,25,100,"carbon",672.34,"microgramsPerLiter","Revesz & Coplen 2012a",,
"d0259a18-8bc1-4fc3-9ce8-eb8faa35747e","D02","POSE","POSE.AOS.S2","2017-03-20","POSE.SS.20170320.POM.1",,"condition ok","SIRFER Lab at University of Utah","2018-03-08","ElFtGy1kV49xqNP00HfxQA==","POM","1",400,25,100,"d13C",-27.61,"perMill","Revesz & Coplen 2012a",,
"ba5960a9-0e5d-4b7c-80dc-80dca1659963","D02","POSE","POSE.AOS.S2","2017-03-28","POSE.SS.20170328.POM.1",,"condition ok","SIRFER Lab at University of Utah","2018-03-08","ElFtGy1kV49xqNP00HfxQA==","POM","1",200,25,100,"d13C",-28.02,"perMill","Revesz & Coplen 2012a",,
"c5d8ddc3-1d04-4cd9-8534-13455345fc3f","D02","POSE","POSE.AOS.S2","2017-03-28","POSE.SS.20170328.POM.1",,"condition ok","SIRFER Lab at University of Utah","2018-03-08","ElFtGy1kV49xqNP00HfxQA==","POM","1",200,25,100,"d15N",3.87,"perMill","Revesz & Coplen 2012a",,
"9d2d3b8a-3117-404b-921e-d64400e2647b","D02","POSE","POSE.AOS.S2","2017-03-28","POSE.SS.20170328.POM.1",,"condition ok","SIRFER Lab at University of Utah","2018-03-08","ElFtGy1kV49xqNP00HfxQA==","POM","1",200,25,100,"carbon",2036.45,"microgramsPerLiter","Revesz & Coplen 2012a",,
"ee98b109-9aae-4ae7-b71b-999aa86529f5","D02","POSE","POSE.AOS.S2","2017-03-28","POSE.SS.20170328.POM.1",,"condition ok","SIRFER Lab at University of Utah","2018-03-08","ElFtGy1kV49xqNP00HfxQA==","POM","1",200,25,100,"nitrogen",156.49,"microgramsPerLiter","Revesz & Coplen 2012a",,
