uid,domainID,siteID,namedLocation,collectDate,sampleID,sampleCode,sampleCondition,laboratoryName,analysisDate,analyzedBy,sampleType,replicate,sampleVolumeFiltered,filterSize,percentFilterAnalyzed,analyte,analyteConcentration,plantAlgaeLabUnits,method,externalRemarks,externalLabDataQF
"c5ff3607-957b-4e78-8e69-259eac4b46e7","D16","MCRA","MCRA.AOS.S2","2018-02-07","MCRA.SS.20180207.POM.1",,"condition ok","SIRFER Lab at University of Utah","2018-07-23","ElFtGy1kV49xqNP00HfxQA==","POM","1",1500,25,100,"nitrogen",2.59,"microgramsPerLiter","Revesz & Coplen 2012a",,
"32f3ca0c-0a80-4448-8093-fb40b838f8cd","D16","MCRA","MCRA.AOS.S2","2018-02-07","MCRA.SS.20180207.POM.1",,"condition ok","SIRFER Lab at University of Utah","2018-07-23","ElFtGy1kV49xqNP00HfxQA==","POM","1",1500,25,100,"carbon",49.79,"microgramsPerLiter","Revesz & Coplen 2012a",,
"c2db8af9-03f3-46a5-a9bc-3de438b2fe85","D16","MCRA","MCRA.AOS.S2","2018-02-07","MCRA.SS.20180207.POM.1",,"condition ok","SIRFER Lab at University of Utah","2018-07-23","ElFtGy1kV49xqNP00HfxQA==","POM","1",1500,25,100,"d15N",1.81,"perMill","Revesz & Coplen 2012a",,
"482e353b-b3df-4f4a-8ad8-19b82b129630","D16","MCRA","MCRA.AOS.S2","2018-02-07","MCRA.SS.20180207.POM.1",,"condition ok","SIRFER Lab at University of Utah","2018-07-23","ElFtGy1kV49xqNP00HfxQA==","POM","1",1500,25,100,"d13C",-27.05,"perMill","Revesz & Coplen 2012a",,
"7e403f2f-bdba-4f62-8e19-1eec968c692a","D16","MCRA","MCRA.AOS.S2","2018-02-21","MCRA.SS.20180221.POM.1",,"condition ok","SIRFER Lab at University of Utah","2018-07-20","ElFtGy1kV49xqNP00HfxQA==","POM","1",1750,25,100,"d15N",-9.25,"perMill","Revesz & Coplen 2012a",,
"e6c82778-9170-4c43-8e06-b20cf6ff42a1","D16","MCRA","MCRA.AOS.S2","2018-02-21","MCRA.SS.20180221.POM.1",,"condition ok","SIRFER Lab at University of Utah","2018-07-20","ElFtGy1kV49xqNP00HfxQA==","POM","1",1750,25,100,"carbon",35.78,"microgramsPerLiter","Revesz & Coplen 2012a",,
"4a97975d-3498-4f6e-943e-ff0f45c92ecd","D16","MCRA","MCRA.AOS.S2","2018-02-21","MCRA.SS.20180221.POM.1",,"condition ok","SIRFER Lab at University of Utah","2018-07-20","ElFtGy1kV49xqNP00HfxQA==","POM","1",1750,25,100,"d13C",-27.28,"perMill","Revesz & Coplen 2012a",,
"9edfefc7-d2a9-4ced-9d29-2b8a200d37dc","D16","MCRA","MCRA.AOS.S2","2018-02-21","MCRA.SS.20180221.POM.1",,"condition ok","SIRFER Lab at University of Utah","2018-07-20","ElFtGy1kV49xqNP00HfxQA==","POM","1",1750,25,100,"nitrogen",1.87,"microgramsPerLiter","Revesz & Coplen 2012a",,
