uid,domainID,siteID,namedLocation,collectDate,sampleID,sampleCode,sampleCondition,laboratoryName,analysisDate,analyzedBy,sampleType,replicate,sampleVolumeFiltered,filterSize,percentFilterAnalyzed,analyte,analyteConcentration,plantAlgaeLabUnits,method,externalRemarks,externalLabDataQF
"e8c70844-792e-48c1-ad6b-2587e91721c0","D03","SUGG","SUGG.AOS.buoy.c0","2015-11-10","SUGG.C0.20151110.POM.2",,"condition ok","Academy of Natural Sciences of Drexel University","2017-01-17","OKgcKejxXbI=","13C15N","2",,,100,"d15N",2.44,"perMill",,,
"50e7ae6e-5939-4d66-86f2-99f1cfaf875c","D03","SUGG","SUGG.AOS.inlet","2015-11-10","SUGG.IN.20151110.POM.1",,"condition ok","Academy of Natural Sciences of Drexel University","2016-09-13","OKgcKejxXbI=","13C15N","1",,,100,"d13C",-29.58,"perMill",,,
"94e1dbbf-ed48-4ba7-a948-3573f1df63ac","D03","SUGG","SUGG.AOS.buoy.c0","2015-11-10","SUGG.C0.20151110.POM.1",,"condition ok","Academy of Natural Sciences of Drexel University","2016-09-13","OKgcKejxXbI=","13C15N","1",,,100,"d13C",-29.02,"perMill",,,
"a1c58f01-a5d6-4949-9134-fdbcead965fb","D03","SUGG","SUGG.AOS.outlet","2015-11-10","SUGG.OT.20151110.POM.1",,"condition ok","Academy of Natural Sciences of Drexel University","2016-09-13","OKgcKejxXbI=","13C15N","1",,,100,"d13C",-28.92,"perMill",,,
"272c3362-3518-4b08-a736-5db75e1fdb85","D03","SUGG","SUGG.AOS.buoy.c0","2015-11-10","SUGG.C0.20151110.POM.1",,"condition ok","Academy of Natural Sciences of Drexel University","2016-09-13","OKgcKejxXbI=","13C15N","1",,,100,"d15N",3.58,"perMill",,,
"a3ffeae9-f64d-4af6-91fe-884b363006df","D03","SUGG","SUGG.AOS.inlet","2015-11-10","SUGG.IN.20151110.POM.2",,"condition ok","Academy of Natural Sciences of Drexel University","2017-01-17","OKgcKejxXbI=","13C15N","2",,,100,"d15N",3.01,"perMill",,,
"f9f4fb11-4ee6-46d9-b032-abfb987e6982","D03","SUGG","SUGG.AOS.inlet","2015-11-10","SUGG.IN.20151110.POM.2",,"condition ok","Academy of Natural Sciences of Drexel University","2017-01-17","OKgcKejxXbI=","13C15N","2",,,100,"d13C",-32.29,"perMill",,,
"fce847f1-e089-4973-9d2b-3aa5916d394b","D03","SUGG","SUGG.AOS.outlet","2015-11-10","SUGG.OT.20151110.POM.2",,"condition ok","Academy of Natural Sciences of Drexel University","2017-01-17","OKgcKejxXbI=","13C15N","2",,,100,"d15N",3.93,"perMill",,,
"f9324a45-bbb3-45e1-ab9b-edaaab7e9b36","D03","SUGG","SUGG.AOS.outlet","2015-11-10","SUGG.OT.20151110.POM.2",,"condition ok","Academy of Natural Sciences of Drexel University","2017-01-17","OKgcKejxXbI=","13C15N","2",,,100,"d13C",-29.36,"perMill",,,
"39e0ea46-51e7-498f-bbbe-6c911bab963e","D03","SUGG","SUGG.AOS.inlet","2015-11-10","SUGG.IN.20151110.POM.1",,"condition ok","Academy of Natural Sciences of Drexel University","2016-09-13","OKgcKejxXbI=","13C15N","1",,,100,"d15N",2.77,"perMill",,,
"c76ba3bc-0370-4e67-80e4-7f09ff6c332e","D03","SUGG","SUGG.AOS.buoy.c0","2015-11-10","SUGG.C0.20151110.POM.2",,"condition ok","Academy of Natural Sciences of Drexel University","2017-01-17","OKgcKejxXbI=","13C15N","2",,,100,"d13C",-30.60,"perMill",,,
"544a0fba-7ac8-4212-9f78-81e80e059e6c","D03","SUGG","SUGG.AOS.outlet","2015-11-10","SUGG.OT.20151110.POM.1",,"condition ok","Academy of Natural Sciences of Drexel University","2016-09-13","OKgcKejxXbI=","13C15N","1",,,100,"d15N",3.68,"perMill",,,
