uid,domainID,siteID,namedLocation,collectDate,sampleID,sampleCode,sampleCondition,laboratoryName,analysisDate,analyzedBy,sampleType,replicate,sampleVolumeFiltered,filterSize,percentFilterAnalyzed,analyte,analyteConcentration,plantAlgaeLabUnits,method,externalRemarks,externalLabDataQF
"60670976-33e0-4ecb-9916-7e9bd5e48e97","D05","LIRO","LIRO.AOS.outlet","2017-06-05","LIRO.OT.20170605.POM.1",,"condition ok","SIRFER Lab at University of Utah","2018-03-29","ElFtGy1kV49xqNP00HfxQA==","POM","1",150,25,100,"d13C",-30.07,"perMill","Revesz & Coplen 2012a",,
"1fd6b169-41bc-471a-902f-1bd26282d937","D05","LIRO","LIRO.AOS.outlet","2017-06-05","LIRO.OT.20170605.POM.1",,"condition ok","SIRFER Lab at University of Utah","2018-03-29","ElFtGy1kV49xqNP00HfxQA==","POM","1",150,25,100,"nitrogen",83.38,"microgramsPerLiter","Revesz & Coplen 2012a",,
"ed5389fc-7acd-49a8-a107-51d30294db16","D05","LIRO","LIRO.AOS.outlet","2017-06-05","LIRO.OT.20170605.POM.1",,"condition ok","SIRFER Lab at University of Utah","2018-03-29","ElFtGy1kV49xqNP00HfxQA==","POM","1",150,25,100,"carbon",892.58,"microgramsPerLiter","Revesz & Coplen 2012a",,
"2ef57cc3-86d1-46e5-8519-33e19e6fa77a","D05","LIRO","LIRO.AOS.outlet","2017-06-05","LIRO.OT.20170605.POM.1",,"condition ok","SIRFER Lab at University of Utah","2018-03-29","ElFtGy1kV49xqNP00HfxQA==","POM","1",150,25,100,"d15N",9.76,"perMill","Revesz & Coplen 2012a",,
"3df683dd-b5e6-467e-9849-9d11d4cba9d1","D05","LIRO","LIRO.AOS.inlet","2017-06-05","LIRO.IN.20170605.POM.1",,"condition ok","SIRFER Lab at University of Utah","2018-03-29","ElFtGy1kV49xqNP00HfxQA==","POM","1",150,25,100,"d15N",5.93,"perMill","Revesz & Coplen 2012a",,
"512e5898-3dd1-49ed-9fb8-48006222280c","D05","LIRO","LIRO.AOS.inlet","2017-06-05","LIRO.IN.20170605.POM.1",,"condition ok","SIRFER Lab at University of Utah","2018-03-29","ElFtGy1kV49xqNP00HfxQA==","POM","1",150,25,100,"carbon",801.31,"microgramsPerLiter","Revesz & Coplen 2012a",,
"4291e1e8-ad2a-49ce-a9d7-bf8332f2ba2f","D05","LIRO","LIRO.AOS.inlet","2017-06-05","LIRO.IN.20170605.POM.1",,"condition ok","SIRFER Lab at University of Utah","2018-03-29","ElFtGy1kV49xqNP00HfxQA==","POM","1",150,25,100,"d13C",-30.19,"perMill","Revesz & Coplen 2012a",,
"4f88dcba-7cc3-4bd0-bb1c-15f85b50251b","D05","LIRO","LIRO.AOS.inlet","2017-06-05","LIRO.IN.20170605.POM.1",,"condition ok","SIRFER Lab at University of Utah","2018-03-29","ElFtGy1kV49xqNP00HfxQA==","POM","1",150,25,100,"nitrogen",73.92,"microgramsPerLiter","Revesz & Coplen 2012a",,
"0e116683-ec9f-4ae2-b65a-4977be337472","D05","LIRO","LIRO.AOS.buoy.c1","2017-06-05","LIRO.C1.20170605.POM.1",,"condition ok","SIRFER Lab at University of Utah","2018-03-28","ElFtGy1kV49xqNP00HfxQA==","POM","1",150,25,100,"nitrogen",,"microgramsPerLiter","Revesz & Coplen 2012a",,
"5aefc64a-5dde-45b5-9073-9f91f1dc9c39","D05","LIRO","LIRO.AOS.buoy.c1","2017-06-05","LIRO.C1.20170605.POM.1",,"condition ok","SIRFER Lab at University of Utah","2018-03-28","ElFtGy1kV49xqNP00HfxQA==","POM","1",150,25,100,"carbon",,"microgramsPerLiter","Revesz & Coplen 2012a",,
"b70fce83-c08c-44e3-b902-75a9cf86828f","D05","LIRO","LIRO.AOS.buoy.c1","2017-06-05","LIRO.C1.20170605.POM.1",,"condition ok","SIRFER Lab at University of Utah","2018-03-28","ElFtGy1kV49xqNP00HfxQA==","POM","1",150,25,100,"d15N",,"perMill","Revesz & Coplen 2012a",,
"d0c00e2d-e936-4394-a069-98ed29830982","D05","LIRO","LIRO.AOS.buoy.c1","2017-06-05","LIRO.C1.20170605.POM.1",,"condition ok","SIRFER Lab at University of Utah","2018-03-28","ElFtGy1kV49xqNP00HfxQA==","POM","1",150,25,100,"d13C",,"perMill","Revesz & Coplen 2012a",,
