uid,domainID,siteID,namedLocation,collectDate,sampleID,sampleCode,sampleCondition,laboratoryName,analysisDate,analyzedBy,sampleType,replicate,sampleVolumeFiltered,filterSize,percentFilterAnalyzed,analyte,analyteConcentration,plantAlgaeLabUnits,method,externalRemarks,externalLabDataQF
"f1662789-9e15-4d0a-bbb9-f30b1a7f9f4f","D12","BLDE","BLDE.AOS.S2","2018-08-07","BLDE.SS.20180807.POM.1","A00000031449","condition ok","SIRFER Lab at University of Utah","2018-08-15","ElFtGy1kV49xqNP00HfxQA==","POM","1",600,25,100,"nitrogen",87.63,"microgramsPerLiter","Revesz & Coplen 2012a",,
"ec24d1a2-6c72-4592-9ba6-2520d0fb72f9","D12","BLDE","BLDE.AOS.S2","2018-08-07","BLDE.SS.20180807.POM.1","A00000031449","condition ok","SIRFER Lab at University of Utah","2018-08-15","ElFtGy1kV49xqNP00HfxQA==","POM","1",600,25,100,"d13C",-27.58,"perMill","Revesz & Coplen 2012a",,
"8eec60c1-2bb6-4a30-a7d2-308f34c5c7a6","D12","BLDE","BLDE.AOS.S2","2018-08-07","BLDE.SS.20180807.POM.1","A00000031449","condition ok","SIRFER Lab at University of Utah","2018-08-15","ElFtGy1kV49xqNP00HfxQA==","POM","1",600,25,100,"carbon",1037.10,"microgramsPerLiter","Revesz & Coplen 2012a",,
"139f89bc-97db-4a0c-b1df-41889584584a","D12","BLDE","BLDE.AOS.S2","2018-08-07","BLDE.SS.20180807.POM.1","A00000031449","condition ok","SIRFER Lab at University of Utah","2018-08-15","ElFtGy1kV49xqNP00HfxQA==","POM","1",600,25,100,"d15N",-1.53,"perMill","Revesz & Coplen 2012a",,
"43fb9dbb-5e8e-4507-8f94-ff2d1b9b3e58","D12","BLDE","BLDE.AOS.S2","2018-08-14","BLDE.SS.20180814.POM.1","A00000031406","condition ok","SIRFER Lab at University of Utah","2019-01-09","ElFtGy1kV49xqNP00HfxQA==","POM","1",350,25,100,"d13C",,"perMill","Revesz & Coplen 2012a",,
"0de872bf-aded-4131-a7f1-1847e73ab7a6","D12","BLDE","BLDE.AOS.S2","2018-08-14","BLDE.SS.20180814.POM.1","A00000031406","condition ok","SIRFER Lab at University of Utah","2019-01-09","ElFtGy1kV49xqNP00HfxQA==","POM","1",350,25,100,"carbon",,"microgramsPerLiter","Revesz & Coplen 2012a",,
"eca51352-a715-4807-9266-b639e5469282","D12","BLDE","BLDE.AOS.S2","2018-08-14","BLDE.SS.20180814.POM.1","A00000031406","condition ok","SIRFER Lab at University of Utah","2019-01-09","ElFtGy1kV49xqNP00HfxQA==","POM","1",350,25,100,"nitrogen",,"microgramsPerLiter","Revesz & Coplen 2012a",,
"074c6a9b-f204-462d-b985-826d1700627b","D12","BLDE","BLDE.AOS.S2","2018-08-14","BLDE.SS.20180814.POM.1","A00000031406","condition ok","SIRFER Lab at University of Utah","2019-01-09","ElFtGy1kV49xqNP00HfxQA==","POM","1",350,25,100,"d15N",,"perMill","Revesz & Coplen 2012a",,
