uid,domainID,siteID,namedLocation,collectDate,sampleID,sampleCode,sampleCondition,laboratoryName,analysisDate,analyzedBy,sampleType,replicate,sampleVolumeFiltered,filterSize,percentFilterAnalyzed,analyte,analyteConcentration,plantAlgaeLabUnits,method,externalRemarks,externalLabDataQF
"73b2822a-4f12-441e-a8f9-3ac587812d1e","D18","TOOK","TOOK.AOS.inlet","2017-06-06","TOOK.IN.20170606.POM.2",,"condition ok","SIRFER Lab at University of Utah","2018-05-10","ElFtGy1kV49xqNP00HfxQA==","POM","1",600,25,100,"d15N",14.83,"perMill","Revesz & Coplen 2012a",,
"a59ee738-f7b8-413d-a838-85a7ebea1e48","D18","TOOK","TOOK.AOS.inlet","2017-06-06","TOOK.IN.20170606.POM.2",,"condition ok","SIRFER Lab at University of Utah","2018-05-10","ElFtGy1kV49xqNP00HfxQA==","POM","1",600,25,100,"carbon",85.32,"microgramsPerLiter","Revesz & Coplen 2012a",,
"7bef38a0-37f1-48d1-b1ab-915fba676db5","D18","TOOK","TOOK.AOS.inlet","2017-06-06","TOOK.IN.20170606.POM.2",,"condition ok","SIRFER Lab at University of Utah","2018-05-10","ElFtGy1kV49xqNP00HfxQA==","POM","1",600,25,100,"nitrogen",10.36,"microgramsPerLiter","Revesz & Coplen 2012a",,
"e3d8ebab-c5c7-43b8-bc69-f4dcfcba9024","D18","TOOK","TOOK.AOS.inlet","2017-06-06","TOOK.IN.20170606.POM.2",,"condition ok","SIRFER Lab at University of Utah","2018-05-10","ElFtGy1kV49xqNP00HfxQA==","POM","1",600,25,100,"d13C",-30.17,"perMill","Revesz & Coplen 2012a",,
"b0394ff8-14db-4b6b-ba53-9d39b1b66e63","D18","TOOK","TOOK.AOS.buoy.c1","2017-06-27","TOOK.C1.20170627.POM.1",,"condition ok","SIRFER Lab at University of Utah","2018-05-10","ElFtGy1kV49xqNP00HfxQA==","POM","1",700,25,100,"d15N",9.00,"perMill","Revesz & Coplen 2012a",,
"8b2d6603-61bf-49ba-8e7a-78ec54702033","D18","TOOK","TOOK.AOS.buoy.c1","2017-06-27","TOOK.C1.20170627.POM.1",,"condition ok","SIRFER Lab at University of Utah","2018-05-10","ElFtGy1kV49xqNP00HfxQA==","POM","1",700,25,100,"d13C",-32.96,"perMill","Revesz & Coplen 2012a",,
"925405b5-69ca-45c3-b1c9-528677c3dd58","D18","TOOK","TOOK.AOS.buoy.c1","2017-06-27","TOOK.C1.20170627.POM.1",,"condition ok","SIRFER Lab at University of Utah","2018-05-10","ElFtGy1kV49xqNP00HfxQA==","POM","1",700,25,100,"nitrogen",20.07,"microgramsPerLiter","Revesz & Coplen 2012a",,
"d1554c0a-1e32-42ba-bbca-36e2f4d92ab1","D18","TOOK","TOOK.AOS.buoy.c1","2017-06-27","TOOK.C1.20170627.POM.1",,"condition ok","SIRFER Lab at University of Utah","2018-05-10","ElFtGy1kV49xqNP00HfxQA==","POM","1",700,25,100,"carbon",162.37,"microgramsPerLiter","Revesz & Coplen 2012a",,
"a6619a31-defc-4555-b110-6b53e755a382","D18","TOOK","TOOK.AOS.buoy.c2","2017-06-27","TOOK.C2.20170627.POM.1",,"condition ok","SIRFER Lab at University of Utah","2018-05-10","ElFtGy1kV49xqNP00HfxQA==","POM","1",600,25,100,"d13C",-32.98,"perMill","Revesz & Coplen 2012a",,
"cf929728-5bec-4291-9346-d609711b9a8e","D18","TOOK","TOOK.AOS.buoy.c2","2017-06-27","TOOK.C2.20170627.POM.1",,"condition ok","SIRFER Lab at University of Utah","2018-05-10","ElFtGy1kV49xqNP00HfxQA==","POM","1",600,25,100,"nitrogen",23.52,"microgramsPerLiter","Revesz & Coplen 2012a",,
"c34eb7c6-aed2-4400-8d0d-2fa28ec48f4a","D18","TOOK","TOOK.AOS.buoy.c2","2017-06-27","TOOK.C2.20170627.POM.1",,"condition ok","SIRFER Lab at University of Utah","2018-05-10","ElFtGy1kV49xqNP00HfxQA==","POM","1",600,25,100,"d15N",10.44,"perMill","Revesz & Coplen 2012a",,
"463b95f4-6db8-4576-bbb0-d0271e4ab9f2","D18","TOOK","TOOK.AOS.buoy.c2","2017-06-27","TOOK.C2.20170627.POM.1",,"condition ok","SIRFER Lab at University of Utah","2018-05-10","ElFtGy1kV49xqNP00HfxQA==","POM","1",600,25,100,"carbon",210.43,"microgramsPerLiter","Revesz & Coplen 2012a",,
"bcba9d51-f397-4cd2-bb00-e71e59c518a5","D18","TOOK","TOOK.AOS.outlet","2017-06-27","TOOK.OT.20170627.POM.1",,"condition ok","SIRFER Lab at University of Utah","2018-05-10","ElFtGy1kV49xqNP00HfxQA==","POM","1",600,25,100,"nitrogen",22.18,"microgramsPerLiter","Revesz & Coplen 2012a",,
"968e0900-364e-436f-85fd-b2dfbc8f93b4","D18","TOOK","TOOK.AOS.outlet","2017-06-27","TOOK.OT.20170627.POM.1",,"condition ok","SIRFER Lab at University of Utah","2018-05-10","ElFtGy1kV49xqNP00HfxQA==","POM","1",600,25,100,"carbon",195.04,"microgramsPerLiter","Revesz & Coplen 2012a",,
"41396894-6e10-4cd9-a790-1526cfed8b61","D18","TOOK","TOOK.AOS.outlet","2017-06-27","TOOK.OT.20170627.POM.1",,"condition ok","SIRFER Lab at University of Utah","2018-05-10","ElFtGy1kV49xqNP00HfxQA==","POM","1",600,25,100,"d15N",11.18,"perMill","Revesz & Coplen 2012a",,
"4a873838-89f4-4ef8-909e-686bdab445ac","D18","TOOK","TOOK.AOS.outlet","2017-06-27","TOOK.OT.20170627.POM.1",,"condition ok","SIRFER Lab at University of Utah","2018-05-10","ElFtGy1kV49xqNP00HfxQA==","POM","1",600,25,100,"d13C",-34.30,"perMill","Revesz & Coplen 2012a",,
"09200a30-248f-4bad-a4ae-6f7cddb98955","D18","TOOK","TOOK.AOS.inlet","2017-06-28","TOOK.IN.20170627.POM.1",,"condition ok","SIRFER Lab at University of Utah","2018-05-10","ElFtGy1kV49xqNP00HfxQA==","POM","1",750,25,100,"d13C",-33.67,"perMill","Revesz & Coplen 2012a",,
"17577989-da74-46c7-b28c-1a0de57aec09","D18","TOOK","TOOK.AOS.inlet","2017-06-28","TOOK.IN.20170627.POM.1",,"condition ok","SIRFER Lab at University of Utah","2018-05-10","ElFtGy1kV49xqNP00HfxQA==","POM","1",750,25,100,"carbon",97.92,"microgramsPerLiter","Revesz & Coplen 2012a",,
"eda6aa7c-e373-4fba-afe6-b6315435e408","D18","TOOK","TOOK.AOS.inlet","2017-06-28","TOOK.IN.20170627.POM.1",,"condition ok","SIRFER Lab at University of Utah","2018-05-10","ElFtGy1kV49xqNP00HfxQA==","POM","1",750,25,100,"d15N",14.41,"perMill","Revesz & Coplen 2012a",,
"e2ab5184-0522-4d62-af74-08f0ae579221","D18","TOOK","TOOK.AOS.inlet","2017-06-28","TOOK.IN.20170627.POM.1",,"condition ok","SIRFER Lab at University of Utah","2018-05-10","ElFtGy1kV49xqNP00HfxQA==","POM","1",750,25,100,"nitrogen",9.12,"microgramsPerLiter","Revesz & Coplen 2012a",,
