uid,domainID,siteID,namedLocation,decimalLatitude,decimalLongitude,coordinateUncertainty,additionalCoordUncertainty,elevation,elevationUncertainty,geodeticDatum,altLocation,altLatitude,altLongitude,altCoordinateUncertainty,altGeodeticDatum,collectDate,aquaticSiteType,samplingImpractical,parentSampleID,parentSampleCode,eventID,samplerType,dissolvedOxygen,dissolvedOxygenSaturation,specificConductance,waterTemp,asiSamplingProtocolVersion,lowerSegmentDepth,upperSegmentDepth,maxDepth,lakeSampleDepth1,lakeSampleDepth2,aCollectedBy,bCollectedBy,remarks,fieldDataQF
"84023973-3153-4c32-b170-12e7a340620f","D18","TOOK","TOOK.AOS.inlet",68.625566,-149.595360,0.1,10.0,717.3,0.0,"WGS84",,,,,,"2017-06-06T22:48Z","lake",,"TOOK.IN.20170606",,"TOOK.20170606","Grab",10.40,93.00,55.20,7.50,"NEON.DOC.001886vE",,,0.5,0.5,,"ahuff@battelleecology.org","ahuff@battelleecology.org",,
"168318bc-085c-4020-a806-cf839afbc823","D18","TOOK","TOOK.AOS.buoy.c1",68.630699,-149.611405,10.0,10.0,715.0,10.0,"WGS84",,,,,,"2017-06-27T18:22Z","lake",,"TOOK.C1.20170627",,"TOOK.20170627","Kemmerer",11.50,117.00,96.90,12.30,"NEON.DOC.001886vE",0.5,0.0,19.5,0.5,,"Jcelmer@battelleecology.org","ahuff@field-ops.org",,
"ec4d3aeb-a726-4e61-91f5-433090b96faf","D18","TOOK","TOOK.AOS.buoy.c2",68.630699,-149.611405,10.0,10.0,715.0,10.0,"WGS84",,,,,,"2017-06-27T19:48Z","lake",,"TOOK.C2.20170627",,"TOOK.20170627","Kemmerer",11.40,101.00,97.40,6.50,"NEON.DOC.001886vE",19.5,5.0,19.5,8.6,15.9,"Jcelmer@battelleecology.org","ahuff@field-ops.org",,
"9ce339ae-7f0f-4a0e-be7f-f155a662d2ef","D18","TOOK","TOOK.AOS.outlet",68.640502,-149.596089,0.1,10.0,717.0,0.0,"WGS84",,,,,,"2017-06-27T21:44Z","lake",,"TOOK.OT.20170627",,"TOOK.20170627","Kemmerer",12.30,120.00,97.00,11.20,"NEON.DOC.001886vE",,,1.5,0.5,,"Jcelmer@battelleecology.org","fbernadac@neoninc.org",,
"58cd3d8c-1b53-44e6-a467-b41089a80795","D18","TOOK","TOOK.AOS.inlet",68.625566,-149.595360,0.1,10.0,717.3,0.0,"WGS84",,,,,,"2017-06-28T00:11Z","lake",,"TOOK.IN.20170627",,"TOOK.20170627","Grab",8.68,93.00,90.10,14.80,"NEON.DOC.001886vE",,,,0.5,,"ahuff@field-ops.org","ahuff@field-ops.org",,
