uid,domainID,siteID,namedLocation,collectDate,parentSampleID,parentSampleCode,isotopeH2OSampleCond,isotopeH2OSampleID,isotopeH2OSampleCode,isotopePOMRep2SampleCond,isotopePOMRep2SampleID,isotopePOMRep2SampleCode,isotopePOMSampleCond,isotopePOMSampleID,isotopePOMSampleCode,processedDateFilters,processedDateH2OIsotopes,sampleVolumeFilteredPOMRep1,sampleVolumeFilteredPOMRep2,fieldDataQF
"53d3d494-a875-4af7-824c-4cb00bb17227","D18","TOOK","TOOK.AOS.inlet","2017-06-06T22:48Z","TOOK.IN.20170606",,"Sample condition ok","TOOK.IN.20170606.H2O.1",,"Sample condition ok","TOOK.IN.20170606.POM.2",,"Sample condition ok","TOOK.IN.20170606.POM.1",,"2017-06-07T00:05Z","2017-06-07T00:05Z",600,600,
"6293d803-1e13-4f71-a399-798b677a1782","D18","TOOK","TOOK.AOS.buoy.c1","2017-06-27T18:22Z","TOOK.C1.20170627",,"Sample condition ok","TOOK.C1.20170627.H2O.1",,"Sample condition ok",,,"Sample condition ok","TOOK.C1.20170627.POM.1",,"2017-06-27T22:50Z","2017-06-27T22:50Z",700,,
"531da1ec-bfd9-47a2-b8fb-f9aa2192377d","D18","TOOK","TOOK.AOS.buoy.c2","2017-06-27T19:48Z","TOOK.C2.20170627",,"Sample condition ok","TOOK.C2.20170627.H2O.1",,"Sample condition ok",,,"Sample condition ok","TOOK.C2.20170627.POM.1",,"2017-06-27T23:23Z","2017-06-27T23:23Z",600,,
"274bd4d9-9928-4cdd-aea3-3c155145bd3f","D18","TOOK","TOOK.AOS.outlet","2017-06-27T21:44Z","TOOK.OT.20170627",,"Sample condition ok","TOOK.OT.20170627.H2O.1",,"Sample condition ok",,,"Sample condition ok","TOOK.OT.20170627.POM.1",,"2017-06-28T00:01Z","2017-06-28T00:01Z",600,,
"ff3ccf5e-0e17-4d26-925d-8ecd2923c2d3","D18","TOOK","TOOK.AOS.inlet","2017-06-28T00:11Z","TOOK.IN.20170627",,"Sample condition ok","TOOK.IN.20170627.H2O.1",,"Sample condition ok",,,"Sample condition ok","TOOK.IN.20170627.POM.1",,"2017-06-28T01:50Z","2017-06-28T01:50Z",750,,
