uid,domainID,siteID,namedLocation,collectDate,sampleID,sampleCode,sampleCondition,laboratoryName,analysisDate,analyzedBy,sampleType,replicate,sampleVolumeFiltered,filterSize,percentFilterAnalyzed,analyte,analyteConcentration,plantAlgaeLabUnits,method,externalRemarks,externalLabDataQF
"1ac8c5db-fc7a-436d-a8eb-7041fbfbac37","D07","LECO","LECO.AOS.S2","2018-01-09","LECO.SS.20180109.POM.1",,"condition ok","SIRFER Lab at University of Utah","2018-08-30","ElFtGy1kV49xqNP00HfxQA==","POM","1",1000,25,100,"d13C",-28.48,"perMill","Revesz & Coplen 2012a",,
"cee67577-0ba6-4e92-a665-106e35123812","D07","LECO","LECO.AOS.S2","2018-01-09","LECO.SS.20180109.POM.1",,"condition ok","SIRFER Lab at University of Utah","2018-08-30","ElFtGy1kV49xqNP00HfxQA==","POM","1",1000,25,100,"d15N",1.70,"perMill","Revesz & Coplen 2012a",,
"b4e80aab-df7c-43da-b7d2-c6912cbd1ea5","D07","LECO","LECO.AOS.S2","2018-01-09","LECO.SS.20180109.POM.1",,"condition ok","SIRFER Lab at University of Utah","2018-08-30","ElFtGy1kV49xqNP00HfxQA==","POM","1",1000,25,100,"nitrogen",12.46,"microgramsPerLiter","Revesz & Coplen 2012a",,
"c3575be7-4050-48c4-85b7-b93744ed945a","D07","LECO","LECO.AOS.S2","2018-01-09","LECO.SS.20180109.POM.1",,"condition ok","SIRFER Lab at University of Utah","2018-08-30","ElFtGy1kV49xqNP00HfxQA==","POM","1",1000,25,100,"carbon",191.83,"microgramsPerLiter","Revesz & Coplen 2012a",,
"a551219a-fe25-4c64-a36e-beab9955461b","D07","LECO","LECO.AOS.S2","2018-01-23","LECO.SS.20180123.POM.1",,"condition ok","SIRFER Lab at University of Utah","2018-08-30","ElFtGy1kV49xqNP00HfxQA==","POM","1",1000,25,100,"d15N",2.94,"perMill","Revesz & Coplen 2012a",,
"c19a9e00-3ac1-4ba1-9ec2-17059018d2df","D07","LECO","LECO.AOS.S2","2018-01-23","LECO.SS.20180123.POM.1",,"condition ok","SIRFER Lab at University of Utah","2018-08-30","ElFtGy1kV49xqNP00HfxQA==","POM","1",1000,25,100,"nitrogen",16.87,"microgramsPerLiter","Revesz & Coplen 2012a",,
"26cca6c0-c7b0-4a28-a964-d1567f42f7f3","D07","LECO","LECO.AOS.S2","2018-01-23","LECO.SS.20180123.POM.1",,"condition ok","SIRFER Lab at University of Utah","2018-08-30","ElFtGy1kV49xqNP00HfxQA==","POM","1",1000,25,100,"carbon",250.58,"microgramsPerLiter","Revesz & Coplen 2012a",,
"54afc23e-8f51-438a-88a6-f52cb794de17","D07","LECO","LECO.AOS.S2","2018-01-23","LECO.SS.20180123.POM.1",,"condition ok","SIRFER Lab at University of Utah","2018-08-30","ElFtGy1kV49xqNP00HfxQA==","POM","1",1000,25,100,"d13C",-28.34,"perMill","Revesz & Coplen 2012a",,
"231b9ed2-275b-473c-8e0a-4f3d03ea2b00","D07","LECO","LECO.AOS.S2","2018-01-30","LECO.SS.20180130.POM.1",,"condition ok","SIRFER Lab at University of Utah","2018-08-30","ElFtGy1kV49xqNP00HfxQA==","POM","1",1000,25,100,"d13C",-28.43,"perMill","Revesz & Coplen 2012a",,
"2388a761-1946-4d06-8669-45f564f4ebfc","D07","LECO","LECO.AOS.S2","2018-01-30","LECO.SS.20180130.POM.1",,"condition ok","SIRFER Lab at University of Utah","2018-08-30","ElFtGy1kV49xqNP00HfxQA==","POM","1",1000,25,100,"carbon",195.69,"microgramsPerLiter","Revesz & Coplen 2012a",,
"026094d6-b770-4558-8dd3-482d14c1025b","D07","LECO","LECO.AOS.S2","2018-01-30","LECO.SS.20180130.POM.1",,"condition ok","SIRFER Lab at University of Utah","2018-08-30","ElFtGy1kV49xqNP00HfxQA==","POM","1",1000,25,100,"d15N",-1.79,"perMill","Revesz & Coplen 2012a",,
"297d66bb-93a6-4044-91af-d41c18fb3d16","D07","LECO","LECO.AOS.S2","2018-01-30","LECO.SS.20180130.POM.1",,"condition ok","SIRFER Lab at University of Utah","2018-08-30","ElFtGy1kV49xqNP00HfxQA==","POM","1",1000,25,100,"nitrogen",13.30,"microgramsPerLiter","Revesz & Coplen 2012a",,
