uid,domainID,siteID,namedLocation,collectDate,sampleID,sampleCode,sampleCondition,laboratoryName,analysisDate,analyzedBy,sampleType,replicate,sampleVolumeFiltered,filterSize,percentFilterAnalyzed,analyte,analyteConcentration,plantAlgaeLabUnits,method,externalRemarks,externalLabDataQF
"3152c045-0af7-4f1a-bdbe-879e1628151f","D19","CARI","CARI.AOS.S2","2017-08-07","CARI.SS.20170807.POM.1",,"condition ok","SIRFER Lab at University of Utah","2018-03-29","ElFtGy1kV49xqNP00HfxQA==","POM","1",600,25,100,"carbon",146.35,"microgramsPerLiter","Revesz & Coplen 2012a",,
"a003f198-3361-455a-826c-013c8592a9bb","D19","CARI","CARI.AOS.S2","2017-08-07","CARI.SS.20170807.POM.1",,"condition ok","SIRFER Lab at University of Utah","2018-03-29","ElFtGy1kV49xqNP00HfxQA==","POM","1",600,25,100,"d15N",10.04,"perMill","Revesz & Coplen 2012a",,
"9c26e7cc-1ce0-4551-9bd5-852210b2f527","D19","CARI","CARI.AOS.S2","2017-08-07","CARI.SS.20170807.POM.1",,"condition ok","SIRFER Lab at University of Utah","2018-03-29","ElFtGy1kV49xqNP00HfxQA==","POM","1",600,25,100,"nitrogen",12.47,"microgramsPerLiter","Revesz & Coplen 2012a",,
"21dd685b-1279-4f2a-bc27-455319a16993","D19","CARI","CARI.AOS.S2","2017-08-07","CARI.SS.20170807.POM.1",,"condition ok","SIRFER Lab at University of Utah","2018-03-29","ElFtGy1kV49xqNP00HfxQA==","POM","1",600,25,100,"d13C",-27.71,"perMill","Revesz & Coplen 2012a",,
"689eb497-5c09-4601-bf64-7bc15eee2e48","D19","CARI","CARI.AOS.S2","2017-08-15","CARI.SS.20170815.POM.1",,"condition ok","SIRFER Lab at University of Utah","2018-03-29","ElFtGy1kV49xqNP00HfxQA==","POM","1",600,25,100,"d13C",-27.28,"perMill","Revesz & Coplen 2012a",,
"62b28bef-0c26-4725-be32-238522dacd4d","D19","CARI","CARI.AOS.S2","2017-08-15","CARI.SS.20170815.POM.1",,"condition ok","SIRFER Lab at University of Utah","2018-03-29","ElFtGy1kV49xqNP00HfxQA==","POM","1",600,25,100,"carbon",291.69,"microgramsPerLiter","Revesz & Coplen 2012a",,
"6d55b078-2887-4d52-807a-c98414ef0895","D19","CARI","CARI.AOS.S2","2017-08-15","CARI.SS.20170815.POM.1",,"condition ok","SIRFER Lab at University of Utah","2018-03-29","ElFtGy1kV49xqNP00HfxQA==","POM","1",600,25,100,"nitrogen",23.56,"microgramsPerLiter","Revesz & Coplen 2012a",,
"a5fef6cc-677c-4199-8a77-01c42a87e521","D19","CARI","CARI.AOS.S2","2017-08-15","CARI.SS.20170815.POM.1",,"condition ok","SIRFER Lab at University of Utah","2018-03-29","ElFtGy1kV49xqNP00HfxQA==","POM","1",600,25,100,"d15N",7.18,"perMill","Revesz & Coplen 2012a",,
"1fb8150d-34ee-4272-9cb9-dc8421d55ed1","D19","CARI","CARI.AOS.S2","2017-08-23","CARI.SS.20170823.POM.1",,"condition ok","SIRFER Lab at University of Utah","2018-03-29","ElFtGy1kV49xqNP00HfxQA==","POM","1",500,25,100,"carbon",325.50,"microgramsPerLiter","Revesz & Coplen 2012a",,
"461af01e-7133-4c7c-8d3d-e8c65c2b9bb5","D19","CARI","CARI.AOS.S2","2017-08-23","CARI.SS.20170823.POM.1",,"condition ok","SIRFER Lab at University of Utah","2018-03-29","ElFtGy1kV49xqNP00HfxQA==","POM","1",500,25,100,"d13C",-27.35,"perMill","Revesz & Coplen 2012a",,
"57c50102-6ddf-4d72-a568-dbe5c9e69715","D19","CARI","CARI.AOS.S2","2017-08-23","CARI.SS.20170823.POM.1",,"condition ok","SIRFER Lab at University of Utah","2018-03-29","ElFtGy1kV49xqNP00HfxQA==","POM","1",500,25,100,"d15N",7.36,"perMill","Revesz & Coplen 2012a",,
"ee868329-64ab-41f3-af40-d06ffbcad36b","D19","CARI","CARI.AOS.S2","2017-08-23","CARI.SS.20170823.POM.1",,"condition ok","SIRFER Lab at University of Utah","2018-03-29","ElFtGy1kV49xqNP00HfxQA==","POM","1",500,25,100,"nitrogen",22.63,"microgramsPerLiter","Revesz & Coplen 2012a",,
