uid,domainID,siteID,namedLocation,collectDate,sampleID,sampleCode,sampleCondition,laboratoryName,analysisDate,analyzedBy,sampleType,replicate,sampleVolumeFiltered,filterSize,percentFilterAnalyzed,analyte,analyteConcentration,plantAlgaeLabUnits,method,externalRemarks,externalLabDataQF
"ffbb04cc-6f95-41ea-841a-072d432cae25","D08","MAYF","MAYF.AOS.S2","2015-06-04","MAYF.SS.20150604.POM.1",,"condition ok","Academy of Natural Sciences of Drexel University","2016-09-13","OKgcKejxXbI=","13C15N","1",25,25,100,"d13C",-27.33,"perMill",,,"Audit Failed. Document: A00036_DREX_AlgalChem_DocAudit_20170407.pdf & A00036_DREX_AlgalChem_VisitAudit_20170407.pdf"
"6f49d6e8-4984-477e-9e54-0c3398b9ef95","D08","MAYF","MAYF.AOS.S2","2015-06-04","MAYF.SS.20150604.POM.2",,"condition ok","Academy of Natural Sciences of Drexel University","2017-01-17","OKgcKejxXbI=","13C15N","2",,,100,"d13C",-27.10,"perMill",,,
"c09e6715-a19e-4a71-a199-4409ee71112f","D08","MAYF","MAYF.AOS.S2","2015-06-04","MAYF.SS.20150604.POM.1",,"condition ok","Academy of Natural Sciences of Drexel University","2016-09-13","OKgcKejxXbI=","13C15N","1",,,100,"d15N",3.37,"perMill",,,
"29ce5d0b-b816-4bff-96c9-64c1e938a688","D08","MAYF","MAYF.AOS.S2","2015-06-04","MAYF.SS.20150604.POM.1",,"condition ok","Academy of Natural Sciences of Drexel University","2016-09-13","OKgcKejxXbI=","13C15N","1",,,100,"d13C",-27.33,"perMill",,,
"b536dc8f-7ad2-44bd-8df9-5191c612d876","D08","MAYF","MAYF.AOS.S2","2015-06-04","MAYF.SS.20150604.POM.2",,"condition ok","Academy of Natural Sciences of Drexel University","2017-01-17","OKgcKejxXbI=","13C15N","2",,,100,"d15N",3.18,"perMill",,,
"5fb39926-59ac-4257-80ed-1cabdb154800","D08","MAYF","MAYF.AOS.S2","2015-06-04","MAYF.SS.20150604.POM.2",,"condition ok","Academy of Natural Sciences of Drexel University","2017-01-17","OKgcKejxXbI=","13C15N","2",25,25,100,"d15N",3.18,"perMill",,,"Audit Failed. Document: A00036_DREX_AlgalChem_DocAudit_20170407.pdf & A00036_DREX_AlgalChem_VisitAudit_20170407.pdf"
"7df53225-1288-41fd-b282-fce0580db213","D08","MAYF","MAYF.AOS.S2","2015-06-04","MAYF.SS.20150604.POM.2",,"condition ok","Academy of Natural Sciences of Drexel University","2017-01-17","OKgcKejxXbI=","13C15N","2",25,25,100,"d13C",-27.10,"perMill",,,"Audit Failed. Document: A00036_DREX_AlgalChem_DocAudit_20170407.pdf & A00036_DREX_AlgalChem_VisitAudit_20170407.pdf"
"c73ab511-0d66-4a29-a37a-ff8b13d0fa12","D08","MAYF","MAYF.AOS.S2","2015-06-04","MAYF.SS.20150604.POM.1",,"condition ok","Academy of Natural Sciences of Drexel University","2016-09-13","OKgcKejxXbI=","13C15N","1",25,25,100,"d15N",3.37,"perMill",,,"Audit Failed. Document: A00036_DREX_AlgalChem_DocAudit_20170407.pdf & A00036_DREX_AlgalChem_VisitAudit_20170407.pdf"
"60317d0b-5706-4e96-8d5d-91f6cd115b66","D08","MAYF","MAYF.AOS.S2","2015-06-23","MAYF.SS.20150623.POM.1",,"condition ok","Academy of Natural Sciences of Drexel University","2016-09-13","OKgcKejxXbI=","13C15N","1",,,100,"d15N",3.65,"perMill",,,
"90b9b21a-3489-49ca-98a1-77ec807cba9b","D08","MAYF","MAYF.AOS.S2","2015-06-23","MAYF.SS.20150623.POM.1",,"condition ok","Academy of Natural Sciences of Drexel University","2016-09-13","OKgcKejxXbI=","13C15N","1",,,100,"d13C",-27.95,"perMill",,,
"7de55049-0ab3-425f-9816-d327340599f4","D08","MAYF","MAYF.AOS.S2","2015-06-23","MAYF.SS.20150623.POM.2",,"condition ok","Academy of Natural Sciences of Drexel University","2017-01-17","OKgcKejxXbI=","13C15N","2",,,100,"d15N",4.51,"perMill",,,
"c77073c2-b37d-45cb-b014-44e276489c9b","D08","MAYF","MAYF.AOS.S2","2015-06-23","MAYF.SS.20150623.POM.2",,"condition ok","Academy of Natural Sciences of Drexel University","2017-01-17","OKgcKejxXbI=","13C15N","2",,,100,"d13C",-27.89,"perMill",,,
"7f81ddb7-0c35-494c-a4e9-a6930ef66eb2","D08","MAYF","MAYF.AOS.S2","2015-06-23","MAYF.SS.20150623.POM.1",,"condition ok","Academy of Natural Sciences of Drexel University","2016-09-13","OKgcKejxXbI=","13C15N","1",25,25,100,"d15N",3.65,"perMill",,,"Audit Failed. Document: A00036_DREX_AlgalChem_DocAudit_20170407.pdf & A00036_DREX_AlgalChem_VisitAudit_20170407.pdf"
"2a200c8f-3168-4ab9-9a6b-d8f3669e3be9","D08","MAYF","MAYF.AOS.S2","2015-06-23","MAYF.SS.20150623.POM.2",,"condition ok","Academy of Natural Sciences of Drexel University","2017-01-17","OKgcKejxXbI=","13C15N","2",25,25,100,"d15N",4.51,"perMill",,,"Audit Failed. Document: A00036_DREX_AlgalChem_DocAudit_20170407.pdf & A00036_DREX_AlgalChem_VisitAudit_20170407.pdf"
"9fa74f57-3238-4067-8d73-59189a1a1309","D08","MAYF","MAYF.AOS.S2","2015-06-23","MAYF.SS.20150623.POM.1",,"condition ok","Academy of Natural Sciences of Drexel University","2016-09-13","OKgcKejxXbI=","13C15N","1",25,25,100,"d13C",-27.95,"perMill",,,"Audit Failed. Document: A00036_DREX_AlgalChem_DocAudit_20170407.pdf & A00036_DREX_AlgalChem_VisitAudit_20170407.pdf"
"19dcad3d-42ed-40ce-812f-66bdf189dc46","D08","MAYF","MAYF.AOS.S2","2015-06-23","MAYF.SS.20150623.POM.2",,"condition ok","Academy of Natural Sciences of Drexel University","2017-01-17","OKgcKejxXbI=","13C15N","2",25,25,100,"d13C",-27.89,"perMill",,,"Audit Failed. Document: A00036_DREX_AlgalChem_DocAudit_20170407.pdf & A00036_DREX_AlgalChem_VisitAudit_20170407.pdf"
