uid,domainID,siteID,namedLocation,collectDate,sampleID,sampleCode,sampleCondition,laboratoryName,analysisDate,analyzedBy,sampleType,replicate,sampleVolumeFiltered,filterSize,percentFilterAnalyzed,analyte,analyteConcentration,plantAlgaeLabUnits,method,externalRemarks,externalLabDataQF
"c0b10463-684a-4d9c-b8f5-a710512730cb","D03","BARC","BARC.AOS.buoy.c0","2018-07-10","BARC.C0.20180709.POM.1","A00000003599","condition ok","SIRFER Lab at University of Utah","2018-08-22","ElFtGy1kV49xqNP00HfxQA==","POM","1",300,25,100,"d13C",-32.52,"perMill","Revesz & Coplen 2012a",,
"3b40cd8e-ef4e-4452-9727-530336c88eb4","D03","BARC","BARC.AOS.buoy.c0","2018-07-10","BARC.C0.20180709.POM.1","A00000003599","condition ok","SIRFER Lab at University of Utah","2018-08-22","ElFtGy1kV49xqNP00HfxQA==","POM","1",300,25,100,"d15N",3.21,"perMill","Revesz & Coplen 2012a",,
"2866eadd-4bb4-4d28-89d5-5e4d57836b27","D03","BARC","BARC.AOS.buoy.c0","2018-07-10","BARC.C0.20180709.POM.1","A00000003599","condition ok","SIRFER Lab at University of Utah","2018-08-22","ElFtGy1kV49xqNP00HfxQA==","POM","1",300,25,100,"nitrogen",49.69,"microgramsPerLiter","Revesz & Coplen 2012a",,
"b340c221-2144-44a1-9597-6c5861942609","D03","BARC","BARC.AOS.buoy.c0","2018-07-10","BARC.C0.20180709.POM.1","A00000003599","condition ok","SIRFER Lab at University of Utah","2018-08-22","ElFtGy1kV49xqNP00HfxQA==","POM","1",300,25,100,"carbon",476.16,"microgramsPerLiter","Revesz & Coplen 2012a",,
"e53e4694-f973-4e23-9098-6fbb2c7d9a81","D03","BARC","BARC.AOS.buoy.c0","2018-07-31","BARC.C0.20180731.POM.1","A00000003542","condition ok","SIRFER Lab at University of Utah","2018-11-07","ElFtGy1kV49xqNP00HfxQA==","POM","1",200,25,100,"d15N",2.85,"perMill","Revesz & Coplen 2012a",,
"1b1cd6a1-fd34-4ea9-a1a7-c2acdf45b5b6","D03","BARC","BARC.AOS.buoy.c0","2018-07-31","BARC.C0.20180731.POM.1","A00000003542","condition ok","SIRFER Lab at University of Utah","2018-11-07","ElFtGy1kV49xqNP00HfxQA==","POM","1",200,25,100,"carbon",486.78,"microgramsPerLiter","Revesz & Coplen 2012a",,
"f4288215-44b1-4a42-aadb-fa59a283a4d9","D03","BARC","BARC.AOS.buoy.c0","2018-07-31","BARC.C0.20180731.POM.1","A00000003542","condition ok","SIRFER Lab at University of Utah","2018-11-07","ElFtGy1kV49xqNP00HfxQA==","POM","1",200,25,100,"d13C",-33.26,"perMill","Revesz & Coplen 2012a",,
"f5609da4-541d-417c-9076-04bdc77130b9","D03","BARC","BARC.AOS.buoy.c0","2018-07-31","BARC.C0.20180731.POM.1","A00000003542","condition ok","SIRFER Lab at University of Utah","2018-11-07","ElFtGy1kV49xqNP00HfxQA==","POM","1",200,25,100,"nitrogen",43.17,"microgramsPerLiter","Revesz & Coplen 2012a",,
