uid,domainID,siteID,namedLocation,collectDate,parentSampleID,parentSampleCode,isotopeH2OSampleCond,isotopeH2OSampleID,isotopeH2OSampleCode,isotopePOMRep2SampleCond,isotopePOMRep2SampleID,isotopePOMRep2SampleCode,isotopePOMSampleCond,isotopePOMSampleID,isotopePOMSampleCode,processedDateFilters,processedDateH2OIsotopes,sampleVolumeFilteredPOMRep1,sampleVolumeFilteredPOMRep2,fieldDataQF
"cd87c884-9c24-4be0-8af7-82de61dad5cb","D03","BARC","BARC.AOS.buoy.c0","2018-07-10T03:27Z","BARC.C0.20180709",,"Sample condition ok","BARC.C0.20180709.H2O.1","A00000003604","Sample condition ok","BARC.C0.20180709.POM.2","A00000003600","Sample condition ok","BARC.C0.20180709.POM.1","A00000003599","2018-07-09T17:23Z","2018-07-09T16:31Z",300,300,
"34c2ba17-4f7d-48b7-b6cc-085be46db0a3","D03","BARC","BARC.AOS.buoy.c0","2018-07-31T14:30Z","BARC.C0.20180731",,"Sample condition ok","BARC.C0.20180731.H2O.3","A00000003559",,,,,,,,"2018-07-31T16:05Z",,,
"329a6dc0-cdc6-40a6-a2da-3edd5ecba333","D03","BARC","BARC.AOS.buoy.c0","2018-07-31T14:30Z","BARC.C0.20180731",,"Sample condition ok","BARC.C0.20180731.H2O.1","A00000003561","Sample condition ok","BARC.C0.20180731.POM.2","A00000003543","Sample condition ok","BARC.C0.20180731.POM.1","A00000003542","2018-07-31T16:05Z","2018-07-31T16:05Z",200,200,
"a119e523-dae1-466b-a14f-b2179cb64660","D03","BARC","BARC.AOS.buoy.c0","2018-07-31T14:30Z","BARC.C0.20180731",,"Sample condition ok","BARC.C0.20180731.H2O.2","A00000003560",,,,,,,,"2018-07-31T16:05Z",,,
