uid,domainID,siteID,namedLocation,collectDate,analysisDate,isotopeH2OSampleID,isotopeH2OSampleCode,instrumentSN,d18OWater,d2HWater,d18OsdWater,d2HsdWater,isotopeH2OExternalLabQF,laboratoryName,analyzedBy,sampleCondition,externalRemarks,externalLabDataQF
"ebf38dcb-bff5-445d-88db-d0747fbc4f4b","D03","BARC","BARC.AOS.buoy.c0","2018-07-10","2018-09-07","BARC.C0.20180709.H2O.1","A00000003604","HIDS2052",1.39,4.18,0.03,0.05,0,"SIRFER Lab at University of Utah","OlSmE6RRn5QQH8tvUHmK5i/poYiQr6sd","OK",,
"ed59ec48-eb44-4750-8b74-2b51bee98c00","D03","BARC","BARC.AOS.buoy.c0","2018-07-31","2018-09-07","BARC.C0.20180731.H2O.3","A00000003559","HIDS2052",1.36,3.68,0.05,0.10,0,"SIRFER Lab at University of Utah","OlSmE6RRn5QQH8tvUHmK5i/poYiQr6sd","OK",,
"a05691b6-3395-45de-aaed-91b798822814","D03","BARC","BARC.AOS.buoy.c0","2018-07-31","2018-09-07","BARC.C0.20180731.H2O.1","A00000003561","HIDS2052",1.48,4.48,0.05,0.27,0,"SIRFER Lab at University of Utah","OlSmE6RRn5QQH8tvUHmK5i/poYiQr6sd","OK",,
"ec3d21ac-1096-4494-8524-22ef7d789cf9","D03","BARC","BARC.AOS.buoy.c0","2018-07-31","2018-09-07","BARC.C0.20180731.H2O.2","A00000003560","HIDS2052",1.38,4.21,0.04,0.20,0,"SIRFER Lab at University of Utah","OlSmE6RRn5QQH8tvUHmK5i/poYiQr6sd","OK",,
