uid,domainID,siteID,namedLocation,collectDate,parentSampleID,parentSampleCode,isotopeH2OSampleCond,isotopeH2OSampleID,isotopeH2OSampleCode,isotopePOMRep2SampleCond,isotopePOMRep2SampleID,isotopePOMRep2SampleCode,isotopePOMSampleCond,isotopePOMSampleID,isotopePOMSampleCode,processedDateFilters,processedDateH2OIsotopes,sampleVolumeFilteredPOMRep1,sampleVolumeFilteredPOMRep2,fieldDataQF
"762da9b3-6094-4f8b-8e60-985882dcfa64","D11","BLUE","BLUE.AOS.S2","2017-05-02T12:45Z","BLUE.SS.20170502",,"Sample condition ok","BLUE.SS.20170502.H2O.1",,"Sample condition ok","BLUE.SS.20170502.POM.2",,"Sample condition ok","BLUE.SS.20170502.POM.1",,"2017-05-02T16:50Z","2017-05-02T12:56Z",500,500,
"84a3213c-4ce9-48f4-9d29-fc9394bb791a","D11","BLUE","BLUE.AOS.S2","2017-05-03T15:19Z","BLUE.SS.20170503",,"Sample condition ok","BLUE.SS.20170503.H2O.1",,"Sample condition ok","BLUE.SS.20170503.POM.2",,"Sample condition ok","BLUE.SS.20170503.POM.1",,"2017-05-03T16:30Z","2017-05-03T15:20Z",400,400,
"e7465831-0ae6-4121-ae29-25c8796486f6","D11","BLUE","BLUE.AOS.S2","2017-05-11T11:12Z","BLUE.SS.20170511",,"Sample condition ok","BLUE.SS.20170511.H2O.1",,"Sample condition ok","BLUE.SS.20170511.POM.2",,"Sample condition ok","BLUE.SS.20170511.POM.1",,"2017-05-11T14:35Z","2017-05-11T11:35Z",200,200,
"2c1b613d-13e1-46c7-ab15-8c95d11ee710","D11","BLUE","BLUE.AOS.S2","2017-05-22T12:00Z","BLUE.SS.20170522",,"Sample condition ok","BLUE.SS.20170522.H2O.1",,"Sample condition ok","BLUE.SS.20170522.POM.2",,"Sample condition ok","BLUE.SS.20170522.POM.1",,"2017-05-22T17:34Z","2017-05-22T14:31Z",125,125,
"2e8ad1b4-c783-4116-b669-3a177d885917","D11","BLUE","BLUE.AOS.S2","2017-05-31T09:40Z","BLUE.SS.20170531",,"Sample condition ok","BLUE.SS.20170531.H2O.1",,"Sample condition ok","BLUE.SS.20170531.POM.2",,"Sample condition ok","BLUE.SS.20170531.POM.1",,"2017-05-31T13:30Z","2017-05-31T10:10Z",300,300,
