uid,domainID,siteID,namedLocation,decimalLatitude,decimalLongitude,coordinateUncertainty,additionalCoordUncertainty,elevation,elevationUncertainty,geodeticDatum,altLocation,altLatitude,altLongitude,altCoordinateUncertainty,altGeodeticDatum,collectDate,aquaticSiteType,samplingImpractical,parentSampleID,parentSampleCode,eventID,samplerType,dissolvedOxygen,dissolvedOxygenSaturation,specificConductance,waterTemp,asiSamplingProtocolVersion,lowerSegmentDepth,upperSegmentDepth,maxDepth,lakeSampleDepth1,lakeSampleDepth2,aCollectedBy,bCollectedBy,remarks,fieldDataQF
"ba99a43a-fed3-4ce4-9fb5-77e479987717","D11","BLUE","BLUE.AOS.S2",34.443439,-96.623887,0.1,,286.7,0.1,"WGS84",,,,,,"2017-05-02T12:45Z","stream",,"BLUE.SS.20170502",,"BLUE.20170502",,10.81,120.80,568.00,19.30,"NEON.DOC.001886vE",,,,,,"cburton@battelleecology.org","Lhostert@Battelleecology.org",,
"e8a15f88-4d67-4912-8781-16af576af842","D11","BLUE","BLUE.AOS.S2",34.443439,-96.623887,0.1,,286.7,0.1,"WGS84",,,,,,"2017-05-03T15:19Z","stream",,"BLUE.SS.20170503",,"BLUE.20170503",,9.36,106.30,574.00,19.80,"NEON.DOC.001886vE",,,,,,"cburton@battelleecology.org","Lhostert@Battelleecology.org",,
"07205d46-ee08-4aa4-9b75-9ceac4ce4766","D11","BLUE","BLUE.AOS.S2",34.443439,-96.623887,0.1,,286.7,0.1,"WGS84",,,,,,"2017-05-11T11:12Z","stream",,"BLUE.SS.20170511",,"BLUE.20170511",,8.41,97.20,572.00,20.60,"NEON.DOC.001886vE",,,,,,"cburton@battelleecology.org","jbagley@field-ops.org",,
"9c279b9c-4ecb-433c-8180-a007df486904","D11","BLUE","BLUE.AOS.S2",34.443439,-96.623887,0.1,,286.7,0.1,"WGS84",,,,,,"2017-05-22T12:00Z","stream",,"BLUE.SS.20170522",,"BLUE.20170522",,8.41,97.10,468.00,20.30,"NEON.DOC.001886vE",,,,,,"cburton@battelleecology.org","szaunbrecher@battelleecology.org",,
"adbb1be4-b77b-48a6-adc2-adb03db7320d","D11","BLUE","BLUE.AOS.S2",34.443439,-96.623887,0.1,,286.7,0.1,"WGS84",,,,,,"2017-05-31T09:40Z","stream",,"BLUE.SS.20170531",,"BLUE.20170531","Grab",8.03,90.60,551.00,19.90,"NEON.DOC.001886vE",,,,,,"ghenson@battelleecology.org","cburton@battelleecology.org","SUV upstream in river. sensors down. Gage missing.",
