uid,domainID,siteID,namedLocation,collectDate,sampleID,sampleCode,sampleCondition,laboratoryName,analysisDate,analyzedBy,sampleType,replicate,sampleVolumeFiltered,filterSize,percentFilterAnalyzed,analyte,analyteConcentration,plantAlgaeLabUnits,method,externalRemarks,externalLabDataQF
"fae72fb7-3b28-48d8-acea-9ba399e35f8e","D11","BLUE","BLUE.AOS.S2","2017-05-02","BLUE.SS.20170502.POM.1",,"condition ok","SIRFER Lab at University of Utah","2018-04-17","ElFtGy1kV49xqNP00HfxQA==","POM","1",500,25,100,"nitrogen",69.05,"microgramsPerLiter","Revesz & Coplen 2012a",,
"b8aa46c6-1689-4cda-ae14-8b1b9ff8f4ec","D11","BLUE","BLUE.AOS.S2","2017-05-02","BLUE.SS.20170502.POM.1",,"condition ok","SIRFER Lab at University of Utah","2018-04-17","ElFtGy1kV49xqNP00HfxQA==","POM","1",500,25,100,"carbon",493.07,"microgramsPerLiter","Revesz & Coplen 2012a",,
"71982ec3-fb86-430b-bdf6-cb0aa6577c68","D11","BLUE","BLUE.AOS.S2","2017-05-02","BLUE.SS.20170502.POM.1",,"condition ok","SIRFER Lab at University of Utah","2018-04-17","ElFtGy1kV49xqNP00HfxQA==","POM","1",500,25,100,"d13C",-28.17,"perMill","Revesz & Coplen 2012a",,
"29decc14-e314-4098-b3f9-f8ddd7d5c1b3","D11","BLUE","BLUE.AOS.S2","2017-05-02","BLUE.SS.20170502.POM.1",,"condition ok","SIRFER Lab at University of Utah","2018-04-17","ElFtGy1kV49xqNP00HfxQA==","POM","1",500,25,100,"d15N",7.02,"perMill","Revesz & Coplen 2012a",,
"1e4435b1-dbaf-4d2b-a6f4-7b728a6bd90e","D11","BLUE","BLUE.AOS.S2","2017-05-03","BLUE.SS.20170503.POM.1",,"condition ok","SIRFER Lab at University of Utah","2018-04-17","ElFtGy1kV49xqNP00HfxQA==","POM","1",400,25,100,"carbon",1379.85,"microgramsPerLiter","Revesz & Coplen 2012a",,
"7d9e94be-4086-40fe-a0cb-7b74ae836520","D11","BLUE","BLUE.AOS.S2","2017-05-03","BLUE.SS.20170503.POM.1",,"condition ok","SIRFER Lab at University of Utah","2018-04-17","ElFtGy1kV49xqNP00HfxQA==","POM","1",400,25,100,"nitrogen",208.29,"microgramsPerLiter","Revesz & Coplen 2012a",,
"d2d10e63-dcd5-45bf-b8c2-4f62b1c6f12d","D11","BLUE","BLUE.AOS.S2","2017-05-03","BLUE.SS.20170503.POM.1",,"condition ok","SIRFER Lab at University of Utah","2018-04-17","ElFtGy1kV49xqNP00HfxQA==","POM","1",400,25,100,"d15N",-2.24,"perMill","Revesz & Coplen 2012a",,
"336436ca-e9b1-4be9-b129-2d2c269b2eb6","D11","BLUE","BLUE.AOS.S2","2017-05-03","BLUE.SS.20170503.POM.1",,"condition ok","SIRFER Lab at University of Utah","2018-04-17","ElFtGy1kV49xqNP00HfxQA==","POM","1",400,25,100,"d13C",-26.47,"perMill","Revesz & Coplen 2012a",,
"a6159f5a-095b-4229-b1d3-5a7154f27b77","D11","BLUE","BLUE.AOS.S2","2017-05-11","BLUE.SS.20170511.POM.1",,"condition ok","SIRFER Lab at University of Utah","2018-04-17","ElFtGy1kV49xqNP00HfxQA==","POM","1",200,25,100,"carbon",820.11,"microgramsPerLiter","Revesz & Coplen 2012a",,
"cb33d5d6-67c9-4f48-8926-9d75ac5e56d3","D11","BLUE","BLUE.AOS.S2","2017-05-11","BLUE.SS.20170511.POM.1",,"condition ok","SIRFER Lab at University of Utah","2018-04-17","ElFtGy1kV49xqNP00HfxQA==","POM","1",200,25,100,"d15N",-3.43,"perMill","Revesz & Coplen 2012a",,
"a736be36-b268-4464-a37d-0d74b597d95d","D11","BLUE","BLUE.AOS.S2","2017-05-11","BLUE.SS.20170511.POM.1",,"condition ok","SIRFER Lab at University of Utah","2018-04-17","ElFtGy1kV49xqNP00HfxQA==","POM","1",200,25,100,"d13C",-29.76,"perMill","Revesz & Coplen 2012a",,
"7b33207d-e60e-487d-beae-7075efd6d172","D11","BLUE","BLUE.AOS.S2","2017-05-11","BLUE.SS.20170511.POM.1",,"condition ok","SIRFER Lab at University of Utah","2018-04-17","ElFtGy1kV49xqNP00HfxQA==","POM","1",200,25,100,"nitrogen",206.09,"microgramsPerLiter","Revesz & Coplen 2012a",,
"29b6f635-9d42-405e-bdb6-0c204243138b","D11","BLUE","BLUE.AOS.S2","2017-05-22","BLUE.SS.20170522.POM.1",,"condition ok","SIRFER Lab at University of Utah","2018-04-17","ElFtGy1kV49xqNP00HfxQA==","POM","1",125,25,100,"d15N",7.13,"perMill","Revesz & Coplen 2012a",,
"ef83c758-6694-4ef9-a06a-c040daa6b87e","D11","BLUE","BLUE.AOS.S2","2017-05-22","BLUE.SS.20170522.POM.1",,"condition ok","SIRFER Lab at University of Utah","2018-04-17","ElFtGy1kV49xqNP00HfxQA==","POM","1",125,25,100,"d13C",-22.26,"perMill","Revesz & Coplen 2012a",,
"758d2416-2119-4310-b533-9a7b4aa2506b","D11","BLUE","BLUE.AOS.S2","2017-05-22","BLUE.SS.20170522.POM.1",,"condition ok","SIRFER Lab at University of Utah","2018-04-17","ElFtGy1kV49xqNP00HfxQA==","POM","1",125,25,100,"nitrogen",97.05,"microgramsPerLiter","Revesz & Coplen 2012a",,
"176a5838-94a8-4bde-88a2-48297f2516eb","D11","BLUE","BLUE.AOS.S2","2017-05-22","BLUE.SS.20170522.POM.1",,"condition ok","SIRFER Lab at University of Utah","2018-04-17","ElFtGy1kV49xqNP00HfxQA==","POM","1",125,25,100,"carbon",838.05,"microgramsPerLiter","Revesz & Coplen 2012a",,
"a2e86fcd-2fd9-44e9-97f8-59c9ea791f3a","D11","BLUE","BLUE.AOS.S2","2017-05-31","BLUE.SS.20170531.POM.1",,"condition ok","SIRFER Lab at University of Utah","2018-04-17","ElFtGy1kV49xqNP00HfxQA==","POM","1",300,25,100,"nitrogen",41.55,"microgramsPerLiter","Revesz & Coplen 2012a",,
"77d5e46e-d946-4605-a7d6-2b0302d1cafa","D11","BLUE","BLUE.AOS.S2","2017-05-31","BLUE.SS.20170531.POM.1",,"condition ok","SIRFER Lab at University of Utah","2018-04-17","ElFtGy1kV49xqNP00HfxQA==","POM","1",300,25,100,"d15N",8.12,"perMill","Revesz & Coplen 2012a",,
"ffc90d8d-c546-478c-9798-79eac68ad832","D11","BLUE","BLUE.AOS.S2","2017-05-31","BLUE.SS.20170531.POM.1",,"condition ok","SIRFER Lab at University of Utah","2018-04-17","ElFtGy1kV49xqNP00HfxQA==","POM","1",300,25,100,"carbon",331.65,"microgramsPerLiter","Revesz & Coplen 2012a",,
"cd1c5e6f-fed8-4163-926b-75bf8519298b","D11","BLUE","BLUE.AOS.S2","2017-05-31","BLUE.SS.20170531.POM.1",,"condition ok","SIRFER Lab at University of Utah","2018-04-17","ElFtGy1kV49xqNP00HfxQA==","POM","1",300,25,100,"d13C",-24.25,"perMill","Revesz & Coplen 2012a",,
