uid,domainID,siteID,namedLocation,collectDate,sampleID,sampleCode,sampleCondition,laboratoryName,analysisDate,analyzedBy,sampleType,replicate,sampleVolumeFiltered,filterSize,percentFilterAnalyzed,analyte,analyteConcentration,plantAlgaeLabUnits,method,externalRemarks,externalLabDataQF
"72d74ea4-786d-4251-b9a7-728cc8208d93","D08","MAYF","MAYF.AOS.S2","2017-12-12","MAYF.SS.20171212.POM.1",,"condition ok","SIRFER Lab at University of Utah","2018-08-28","ElFtGy1kV49xqNP00HfxQA==","POM","1",50,25,100,"d15N",-1.13,"perMill","Revesz & Coplen 2012a",,
"a3abe262-30e9-4614-8fdf-8bf504195396","D08","MAYF","MAYF.AOS.S2","2017-12-12","MAYF.SS.20171212.POM.1",,"condition ok","SIRFER Lab at University of Utah","2018-08-28","ElFtGy1kV49xqNP00HfxQA==","POM","1",50,25,100,"carbon",989.60,"microgramsPerLiter","Revesz & Coplen 2012a",,
"f370efdb-0a01-4609-9dd6-88b84b384505","D08","MAYF","MAYF.AOS.S2","2017-12-12","MAYF.SS.20171212.POM.1",,"condition ok","SIRFER Lab at University of Utah","2018-08-28","ElFtGy1kV49xqNP00HfxQA==","POM","1",50,25,100,"d13C",-28.28,"perMill","Revesz & Coplen 2012a",,
"b33fccf4-ad4b-4edb-a86c-c6ec57d7651d","D08","MAYF","MAYF.AOS.S2","2017-12-12","MAYF.SS.20171212.POM.1",,"condition ok","SIRFER Lab at University of Utah","2018-08-28","ElFtGy1kV49xqNP00HfxQA==","POM","1",50,25,100,"nitrogen",88.46,"microgramsPerLiter","Revesz & Coplen 2012a",,
