uid,domainID,siteID,namedLocation,collectDate,sampleID,sampleCode,sampleCondition,laboratoryName,analysisDate,analyzedBy,sampleType,replicate,sampleVolumeFiltered,filterSize,percentFilterAnalyzed,analyte,analyteConcentration,plantAlgaeLabUnits,method,externalRemarks,externalLabDataQF
"c4902368-ab43-4a94-856e-74deeb18b84a","D07","LECO","LECO.AOS.S2","2016-04-05","LECO.SS.20160405.POM.1",,"condition ok","Academy of Natural Sciences of Drexel University","2016-08-29","OKgcKejxXbI=","13C15N","1",,,100,"d13C",-28.69,"perMill",,"Difference in volume filtered",
"a22543f9-f329-47d0-9ea6-c51f716e97c6","D07","LECO","LECO.AOS.S2","2016-04-05","LECO.SS.20160405.POM.1",,"condition ok","Academy of Natural Sciences of Drexel University","2016-08-29","OKgcKejxXbI=","13C15N","1",,,100,"d15N",3.11,"perMill",,"Difference in volume filtered",
"a2be64d8-d950-4f82-96d5-70138576cb8f","D07","LECO","LECO.AOS.S2","2016-04-05","LECO.SS.20160405.POM.2",,"condition ok","Academy of Natural Sciences of Drexel University","2016-08-29","OKgcKejxXbI=","13C15N","2",,,100,"d15N",2.97,"perMill",,"Difference in volume filtered",
"f6ef8d29-e27c-46a2-bd9f-b648e4350991","D07","LECO","LECO.AOS.S2","2016-04-05","LECO.SS.20160405.POM.2",,"condition ok","Academy of Natural Sciences of Drexel University","2016-08-29","OKgcKejxXbI=","13C15N","2",,,100,"d13C",-27.57,"perMill",,"Difference in volume filtered",
"27bd20af-95f2-4a48-bf85-44ab223490c0","D07","LECO","LECO.AOS.S2","2016-04-12","LECO.SS.20160412.POM.2",,"condition ok","Academy of Natural Sciences of Drexel University","2016-08-29","OKgcKejxXbI=","13C15N","2",,,100,"d15N",2.75,"perMill",,,
"df1bdacd-d511-4382-9db8-8204797bc787","D07","LECO","LECO.AOS.S2","2016-04-12","LECO.SS.20160412.POM.2",,"condition ok","Academy of Natural Sciences of Drexel University","2016-08-29","OKgcKejxXbI=","13C15N","2",,,100,"d13C",-28.04,"perMill",,,
"6c7ae279-796c-40bd-b64d-15c98928bf0b","D07","LECO","LECO.AOS.S2","2016-04-12","LECO.SS.20160412.POM.1",,"condition ok","Academy of Natural Sciences of Drexel University","2016-08-29","OKgcKejxXbI=","13C15N","1",,,100,"d13C",-29.08,"perMill",,,
"7a9516e6-99f1-4640-bac8-30199f038502","D07","LECO","LECO.AOS.S2","2016-04-12","LECO.SS.20160412.POM.1",,"condition ok","Academy of Natural Sciences of Drexel University","2016-08-29","OKgcKejxXbI=","13C15N","1",,,100,"d15N",1.45,"perMill",,,
"3f56e5c1-962c-426f-9ff1-979a1d7c24e8","D07","LECO","LECO.AOS.S2","2016-04-26","LECO.SS.20160426.POM.1",,"condition ok","Academy of Natural Sciences of Drexel University","2016-08-29","OKgcKejxXbI=","13C15N","1",,,100,"d15N",2.52,"perMill",,,
"9112a481-2db1-49e5-bb40-5e9201e1b6fd","D07","LECO","LECO.AOS.S2","2016-04-26","LECO.SS.20160426.POM.1",,"condition ok","Academy of Natural Sciences of Drexel University","2016-08-29","OKgcKejxXbI=","13C15N","1",,,100,"d13C",-28.20,"perMill",,,
"5f4732b8-9133-4976-ad6a-cc0d4e2467a5","D07","LECO","LECO.AOS.S2","2016-04-26","LECO.SS.20160426.POM.2",,"condition ok","Academy of Natural Sciences of Drexel University","2016-08-29","OKgcKejxXbI=","13C15N","2",,,100,"d15N",2.65,"perMill",,,
"ef63ebd3-9feb-4a4b-995b-7b2f86480196","D07","LECO","LECO.AOS.S2","2016-04-26","LECO.SS.20160426.POM.2",,"condition ok","Academy of Natural Sciences of Drexel University","2016-08-29","OKgcKejxXbI=","13C15N","2",,,100,"d13C",-27.94,"perMill",,,
