uid,domainID,siteID,namedLocation,collectDate,sampleID,sampleCode,sampleCondition,laboratoryName,analysisDate,analyzedBy,sampleType,replicate,sampleVolumeFiltered,filterSize,percentFilterAnalyzed,analyte,analyteConcentration,plantAlgaeLabUnits,method,externalRemarks,externalLabDataQF
"7fc3e73e-d7ad-41dd-bb63-f0e3abb5ed2c","D07","WALK","WALK.AOS.S2","2018-04-02","WALK.SS.20180402.POM.1","A00000011138","condition ok","SIRFER Lab at University of Utah","2018-08-31","ElFtGy1kV49xqNP00HfxQA==","POM","1",1000,25,100,"d15N",2.72,"perMill","Revesz & Coplen 2012a",,
"35f2a38a-1144-4cb1-9b11-de68a3d93c67","D07","WALK","WALK.AOS.S2","2018-04-02","WALK.SS.20180402.POM.1","A00000011138","condition ok","SIRFER Lab at University of Utah","2018-08-31","ElFtGy1kV49xqNP00HfxQA==","POM","1",1000,25,100,"carbon",125.07,"microgramsPerLiter","Revesz & Coplen 2012a",,
"150ff6c7-4f64-41dd-bbbb-afd1cca4892a","D07","WALK","WALK.AOS.S2","2018-04-02","WALK.SS.20180402.POM.1","A00000011138","condition ok","SIRFER Lab at University of Utah","2018-08-31","ElFtGy1kV49xqNP00HfxQA==","POM","1",1000,25,100,"d13C",-28.96,"perMill","Revesz & Coplen 2012a",,
"5be6e2af-69c2-4edb-8e50-61ac14487d04","D07","WALK","WALK.AOS.S2","2018-04-02","WALK.SS.20180402.POM.1","A00000011138","condition ok","SIRFER Lab at University of Utah","2018-08-31","ElFtGy1kV49xqNP00HfxQA==","POM","1",1000,25,100,"nitrogen",9.49,"microgramsPerLiter","Revesz & Coplen 2012a",,
"fa3cfd17-5b7d-40e2-8690-e5712a98dd66","D07","WALK","WALK.AOS.S2","2018-04-16","WALK.SS.20180416.POM.1","A00000012710","condition ok","SIRFER Lab at University of Utah","2018-08-31","ElFtGy1kV49xqNP00HfxQA==","POM","1",750,25,100,"carbon",414.88,"microgramsPerLiter","Revesz & Coplen 2012a",,
"72a545d0-ce19-4739-89c5-1b19ff34bf74","D07","WALK","WALK.AOS.S2","2018-04-16","WALK.SS.20180416.POM.1","A00000012710","condition ok","SIRFER Lab at University of Utah","2018-08-31","ElFtGy1kV49xqNP00HfxQA==","POM","1",750,25,100,"d15N",1.97,"perMill","Revesz & Coplen 2012a",,
"ea3c4189-15ee-4a32-bb0b-3f0f38a41b62","D07","WALK","WALK.AOS.S2","2018-04-16","WALK.SS.20180416.POM.1","A00000012710","condition ok","SIRFER Lab at University of Utah","2018-08-31","ElFtGy1kV49xqNP00HfxQA==","POM","1",750,25,100,"nitrogen",27.40,"microgramsPerLiter","Revesz & Coplen 2012a",,
"767f472e-da89-40f9-882e-132cb6ac6252","D07","WALK","WALK.AOS.S2","2018-04-16","WALK.SS.20180416.POM.1","A00000012710","condition ok","SIRFER Lab at University of Utah","2018-08-31","ElFtGy1kV49xqNP00HfxQA==","POM","1",750,25,100,"d13C",-28.54,"perMill","Revesz & Coplen 2012a",,
"8e6ef316-1ea1-4541-bb4b-2e0c63ec1750","D07","WALK","WALK.AOS.S2","2018-04-23","WALK.SS.20180423.POM.1","A00000011192","condition ok","SIRFER Lab at University of Utah","2018-08-31","ElFtGy1kV49xqNP00HfxQA==","POM","1",1000,25,100,"nitrogen",12.98,"microgramsPerLiter","Revesz & Coplen 2012a",,
"d357798d-38d5-4e0c-abe6-cb1c3212af63","D07","WALK","WALK.AOS.S2","2018-04-23","WALK.SS.20180423.POM.1","A00000011192","condition ok","SIRFER Lab at University of Utah","2018-08-31","ElFtGy1kV49xqNP00HfxQA==","POM","1",1000,25,100,"carbon",154.20,"microgramsPerLiter","Revesz & Coplen 2012a",,
"5168d50d-a2e2-49c3-a57c-a148b46ef317","D07","WALK","WALK.AOS.S2","2018-04-23","WALK.SS.20180423.POM.1","A00000011192","condition ok","SIRFER Lab at University of Utah","2018-08-31","ElFtGy1kV49xqNP00HfxQA==","POM","1",1000,25,100,"d15N",2.58,"perMill","Revesz & Coplen 2012a",,
"d6d290f3-82c4-4e22-ac44-fd69fc101c8b","D07","WALK","WALK.AOS.S2","2018-04-23","WALK.SS.20180423.POM.1","A00000011192","condition ok","SIRFER Lab at University of Utah","2018-08-31","ElFtGy1kV49xqNP00HfxQA==","POM","1",1000,25,100,"d13C",-29.37,"perMill","Revesz & Coplen 2012a",,
