uid,domainID,siteID,namedLocation,collectDate,analysisDate,isotopeH2OSampleID,isotopeH2OSampleCode,instrumentSN,d18OWater,d2HWater,d18OsdWater,d2HsdWater,isotopeH2OExternalLabQF,laboratoryName,analyzedBy,sampleCondition,externalRemarks,externalLabDataQF
"f005a02f-476c-4fb9-b5f9-a663028f7a07","D15","REDB","REDB.AOS.S2","2018-07-02","2018-08-22","REDB.SS.20180702.H2O.1","A00000023620","HIDS2052",-16.50,-122.88,0.05,0.33,0,"SIRFER Lab at University of Utah","OlSmE6RRn5QQH8tvUHmK5i/poYiQr6sd","OK",,
"498f8b7f-921d-496a-8793-beeafe13a3bc","D15","REDB","REDB.AOS.S2","2018-07-24","2018-08-22","REDB.SS.20180724.H2O.1","A00000023732","HIDS2052",-16.52,-122.89,0.08,0.36,0,"SIRFER Lab at University of Utah","OlSmE6RRn5QQH8tvUHmK5i/poYiQr6sd","OK",,
"a49965f0-7a6d-493c-a258-67abe274c6b3","D15","REDB","REDB.AOS.S2","2018-07-24","2018-08-22","REDB.SS.20180724.H2O.3","A00000023733","HIDS2052",-16.51,-122.78,0.02,0.27,0,"SIRFER Lab at University of Utah","OlSmE6RRn5QQH8tvUHmK5i/poYiQr6sd","OK",,
"3b77377e-cb06-4f90-8ed6-79a01ee5a124","D15","REDB","REDB.AOS.S2","2018-07-24","2018-08-22","REDB.SS.20180724.H2O.2","A00000023734","HIDS2052",-16.58,-123.06,0.05,0.29,0,"SIRFER Lab at University of Utah","OlSmE6RRn5QQH8tvUHmK5i/poYiQr6sd","OK",,
