uid,domainID,siteID,namedLocation,collectDate,parentSampleID,parentSampleCode,isotopeH2OSampleCond,isotopeH2OSampleID,isotopeH2OSampleCode,isotopePOMRep2SampleCond,isotopePOMRep2SampleID,isotopePOMRep2SampleCode,isotopePOMSampleCond,isotopePOMSampleID,isotopePOMSampleCode,processedDateFilters,processedDateH2OIsotopes,sampleVolumeFilteredPOMRep1,sampleVolumeFilteredPOMRep2,fieldDataQF
"567e099e-4de3-410e-b4b9-eb94f4d0b4f3","D15","REDB","REDB.AOS.S2","2018-07-02T16:25Z","REDB.SS.20180702",,"Sample condition ok","REDB.SS.20180702.H2O.1","A00000023620","Sample condition ok","REDB.SS.20180702.POM.2","A00000023712","Sample condition ok","REDB.SS.20180702.POM.1","A00000023711","2018-07-02T16:25Z","2018-07-02T16:43Z",500,500,
"b7950ba8-4841-4a08-a2ad-cbbd9e7e5641","D15","REDB","REDB.AOS.S2","2018-07-24T16:25Z","REDB.SS.20180724",,"Sample condition ok","REDB.SS.20180724.H2O.1","A00000023732","Sample condition ok","REDB.SS.20180724.POM.2","A00000023720","Sample condition ok","REDB.SS.20180724.POM.1","A00000023716","2018-07-24T17:53Z","2018-07-24T16:26Z",250,250,
"4900bbc1-ef44-47b8-9690-d0e48a7d75f8","D15","REDB","REDB.AOS.S2","2018-07-24T16:25Z","REDB.SS.20180724",,"Sample condition ok","REDB.SS.20180724.H2O.2","A00000023734",,,,,,,,"2018-07-24T16:30Z",,,
"104e6292-ade8-4073-8a3a-ac43b48209ae","D15","REDB","REDB.AOS.S2","2018-07-24T16:25Z","REDB.SS.20180724",,"Sample condition ok","REDB.SS.20180724.H2O.3","A00000023733",,,,,,,,"2018-07-24T16:34Z",,,
