uid,domainID,siteID,namedLocation,collectDate,sampleID,sampleCode,sampleCondition,laboratoryName,analysisDate,analyzedBy,sampleType,replicate,sampleVolumeFiltered,filterSize,percentFilterAnalyzed,analyte,analyteConcentration,plantAlgaeLabUnits,method,externalRemarks,externalLabDataQF
"9a3daf3f-f242-4fb5-8090-60e0fe850669","D15","REDB","REDB.AOS.S2","2018-07-02","REDB.SS.20180702.POM.1","A00000023711","condition ok","SIRFER Lab at University of Utah","2018-09-24","ElFtGy1kV49xqNP00HfxQA==","POM","1",500,25,100,"nitrogen",44.89,"microgramsPerLiter","Revesz & Coplen 2012a",,
"060a1c6a-7556-4dc0-aa72-75db5e42db08","D15","REDB","REDB.AOS.S2","2018-07-02","REDB.SS.20180702.POM.1","A00000023711","condition ok","SIRFER Lab at University of Utah","2018-09-24","ElFtGy1kV49xqNP00HfxQA==","POM","1",500,25,100,"carbon",588.65,"microgramsPerLiter","Revesz & Coplen 2012a",,
"bba4f7cb-106f-4036-b094-fbca55b6c98b","D15","REDB","REDB.AOS.S2","2018-07-02","REDB.SS.20180702.POM.1","A00000023711","condition ok","SIRFER Lab at University of Utah","2018-09-24","ElFtGy1kV49xqNP00HfxQA==","POM","1",500,25,100,"d15N",1.30,"perMill","Revesz & Coplen 2012a",,
"1285e9d6-8987-4918-9c84-fdbf71c54f11","D15","REDB","REDB.AOS.S2","2018-07-02","REDB.SS.20180702.POM.1","A00000023711","condition ok","SIRFER Lab at University of Utah","2018-09-24","ElFtGy1kV49xqNP00HfxQA==","POM","1",500,25,100,"d13C",-24.30,"perMill","Revesz & Coplen 2012a",,
"95396afa-ce2b-4af8-9d27-ae2b2e83b95c","D15","REDB","REDB.AOS.S2","2018-07-24","REDB.SS.20180724.POM.1","A00000023716","condition ok","SIRFER Lab at University of Utah","2018-09-24","ElFtGy1kV49xqNP00HfxQA==","POM","1",250,25,100,"d15N",2.41,"perMill","Revesz & Coplen 2012a",,
"7da20596-3ba5-4402-887c-05407e5436ab","D15","REDB","REDB.AOS.S2","2018-07-24","REDB.SS.20180724.POM.1","A00000023716","condition ok","SIRFER Lab at University of Utah","2018-09-24","ElFtGy1kV49xqNP00HfxQA==","POM","1",250,25,100,"d13C",-27.61,"perMill","Revesz & Coplen 2012a",,
"4f7a8427-d1b1-4449-8e97-f70ab10c3f81","D15","REDB","REDB.AOS.S2","2018-07-24","REDB.SS.20180724.POM.1","A00000023716","condition ok","SIRFER Lab at University of Utah","2018-09-24","ElFtGy1kV49xqNP00HfxQA==","POM","1",250,25,100,"nitrogen",148.70,"microgramsPerLiter","Revesz & Coplen 2012a",,
"2e11ad43-3dcb-4de7-820e-770cefd34622","D15","REDB","REDB.AOS.S2","2018-07-24","REDB.SS.20180724.POM.1","A00000023716","condition ok","SIRFER Lab at University of Utah","2018-09-24","ElFtGy1kV49xqNP00HfxQA==","POM","1",250,25,100,"carbon",2500.08,"microgramsPerLiter","Revesz & Coplen 2012a",,
