uid,domainID,siteID,namedLocation,collectDate,sampleID,sampleCode,sampleCondition,laboratoryName,analysisDate,analyzedBy,sampleType,replicate,sampleVolumeFiltered,filterSize,percentFilterAnalyzed,analyte,analyteConcentration,plantAlgaeLabUnits,method,externalRemarks,externalLabDataQF
"8613cc47-ea61-42f6-b375-9fa0d436ee4e","D06","KING","KING.AOS.S2","2016-07-05","KING.SS.20160705.POM.1",,"condition ok","Academy of Natural Sciences of Drexel University","2017-03-28","OKgcKejxXbI=","13C15N","1",,,100,"d15N",-0.43,"perMill",,,
"e65e1f04-22bd-4b37-b80b-11afaf4be8e4","D06","KING","KING.AOS.S2","2016-07-05","KING.SS.20160705.POM.2",,"other","Academy of Natural Sciences of Drexel University","2017-05-10","OKgcKejxXbI=","13C15N","2",,,100,"d13C",,"perMill",,"sample corrupted during analysis",
"240bf6e7-0a0d-4949-bb8d-c5f475226c30","D06","KING","KING.AOS.S2","2016-07-05","KING.SS.20160705.POM.1",,"condition ok","Academy of Natural Sciences of Drexel University","2017-03-28","OKgcKejxXbI=","13C15N","1",,,100,"d13C",-28.07,"perMill",,,
"54f44589-71a6-4fcb-91bc-71bcb3374150","D06","KING","KING.AOS.S2","2016-07-05","KING.SS.20160705.POM.2",,"other","Academy of Natural Sciences of Drexel University","2017-05-10","OKgcKejxXbI=","13C15N","2",,,100,"d15N",,"perMill",,"sample corrupted during analysis",
"c1ca5cae-85a3-45b4-aee9-4c19031f14ff","D06","KING","KING.AOS.S2","2016-07-18","KING.SS.20160718.POM.2",,"other","Academy of Natural Sciences of Drexel University","2017-05-10","OKgcKejxXbI=","13C15N","2",,,100,"d15N",,"perMill",,"sample corrupted during analysis",
"f2b56b97-af73-4235-a6af-919c12c3d200","D06","KING","KING.AOS.S2","2016-07-18","KING.SS.20160718.POM.1",,"condition ok","Academy of Natural Sciences of Drexel University","2017-03-28","OKgcKejxXbI=","13C15N","1",,,100,"d15N",0.29,"perMill",,,
"eb569207-2447-487f-9493-5de16799ed10","D06","KING","KING.AOS.S2","2016-07-18","KING.SS.20160718.POM.2",,"other","Academy of Natural Sciences of Drexel University","2017-05-10","OKgcKejxXbI=","13C15N","2",,,100,"d13C",,"perMill",,"sample corrupted during analysis",
"ba7d0750-3f89-44f5-a235-ca6b15397b0d","D06","KING","KING.AOS.S2","2016-07-18","KING.SS.20160718.POM.1",,"condition ok","Academy of Natural Sciences of Drexel University","2017-03-28","OKgcKejxXbI=","13C15N","1",,,100,"d13C",-25.07,"perMill",,,
