uid,domainID,siteID,namedLocation,collectDate,sampleID,sampleCode,sampleCondition,laboratoryName,analysisDate,analyzedBy,sampleType,replicate,sampleVolumeFiltered,filterSize,percentFilterAnalyzed,analyte,analyteConcentration,plantAlgaeLabUnits,method,externalRemarks,externalLabDataQF
"f3bc5e88-8f47-4751-ad51-d3b6ac27eed9","D09","PRLA","PRLA.AOS.inlet","2017-08-03","PRLA.IN.20170803.POM.1",,"condition ok","SIRFER Lab at University of Utah","2018-03-14","ElFtGy1kV49xqNP00HfxQA==","POM","1",80,25,100,"d13C",-27.40,"perMill","Revesz & Coplen 2012a",,
"c02421f8-03be-4e25-b65e-11be59dd2a6d","D09","PRLA","PRLA.AOS.inlet","2017-08-03","PRLA.IN.20170803.POM.1",,"condition ok","SIRFER Lab at University of Utah","2018-03-14","ElFtGy1kV49xqNP00HfxQA==","POM","1",80,25,100,"nitrogen",2500.90,"microgramsPerLiter","Revesz & Coplen 2012a",,
"d9ec93e8-d66c-4d42-9457-b723543ba021","D09","PRLA","PRLA.AOS.inlet","2017-08-03","PRLA.IN.20170803.POM.1",,"condition ok","SIRFER Lab at University of Utah","2018-03-14","ElFtGy1kV49xqNP00HfxQA==","POM","1",80,25,100,"d15N",5.10,"perMill","Revesz & Coplen 2012a",,
"bb139a0b-80de-4936-87e5-07a4843464ea","D09","PRLA","PRLA.AOS.inlet","2017-08-03","PRLA.IN.20170803.POM.1",,"condition ok","SIRFER Lab at University of Utah","2018-03-14","ElFtGy1kV49xqNP00HfxQA==","POM","1",80,25,100,"carbon",6015.50,"microgramsPerLiter","Revesz & Coplen 2012a",,
"1826a0dc-6a85-4e84-9c65-cb81dfd3541a","D09","PRLA","PRLA.AOS.buoy.c0","2017-08-03","PRLA.C0.20170803.POM.1",,"condition ok","SIRFER Lab at University of Utah","2018-03-14","ElFtGy1kV49xqNP00HfxQA==","POM","1",80,25,100,"d13C",-27.50,"perMill","Revesz & Coplen 2012a",,
"e25237c1-39fc-40c5-82fe-1c06a28e41d3","D09","PRLA","PRLA.AOS.buoy.c0","2017-08-03","PRLA.C0.20170803.POM.1",,"condition ok","SIRFER Lab at University of Utah","2018-03-14","ElFtGy1kV49xqNP00HfxQA==","POM","1",80,25,100,"carbon",9341.90,"microgramsPerLiter","Revesz & Coplen 2012a",,
"653fcc58-506e-4a67-a32d-ca1f0de9844c","D09","PRLA","PRLA.AOS.buoy.c0","2017-08-03","PRLA.C0.20170803.POM.1",,"condition ok","SIRFER Lab at University of Utah","2018-03-14","ElFtGy1kV49xqNP00HfxQA==","POM","1",80,25,100,"d15N",10.70,"perMill","Revesz & Coplen 2012a",,
"b78c596a-e7b0-43df-b77d-122548e5d67f","D09","PRLA","PRLA.AOS.buoy.c0","2017-08-03","PRLA.C0.20170803.POM.1",,"condition ok","SIRFER Lab at University of Utah","2018-03-14","ElFtGy1kV49xqNP00HfxQA==","POM","1",80,25,100,"nitrogen",1790.10,"microgramsPerLiter","Revesz & Coplen 2012a",,
"62baf5b9-bdda-4843-b071-92c342c15ffb","D09","PRLA","PRLA.AOS.outlet","2017-08-03","PRLA.OT.20170803.POM.1",,"condition ok","SIRFER Lab at University of Utah","2018-03-14","ElFtGy1kV49xqNP00HfxQA==","POM","1",80,25,100,"d15N",5.50,"perMill","Revesz & Coplen 2012a",,
"8cb692b3-a3e3-44c3-b46e-894878cd5cf2","D09","PRLA","PRLA.AOS.outlet","2017-08-03","PRLA.OT.20170803.POM.1",,"condition ok","SIRFER Lab at University of Utah","2018-03-14","ElFtGy1kV49xqNP00HfxQA==","POM","1",80,25,100,"carbon",10799.80,"microgramsPerLiter","Revesz & Coplen 2012a",,
"a250c130-1be0-47f9-b539-750af01d11ca","D09","PRLA","PRLA.AOS.outlet","2017-08-03","PRLA.OT.20170803.POM.1",,"condition ok","SIRFER Lab at University of Utah","2018-03-14","ElFtGy1kV49xqNP00HfxQA==","POM","1",80,25,100,"nitrogen",899.60,"microgramsPerLiter","Revesz & Coplen 2012a",,
"461e694e-5c50-469b-b7de-f4bb560588f5","D09","PRLA","PRLA.AOS.outlet","2017-08-03","PRLA.OT.20170803.POM.1",,"condition ok","SIRFER Lab at University of Utah","2018-03-14","ElFtGy1kV49xqNP00HfxQA==","POM","1",80,25,100,"d13C",-27.30,"perMill","Revesz & Coplen 2012a",,
