uid,domainID,siteID,namedLocation,collectDate,sampleID,sampleCode,sampleCondition,laboratoryName,analysisDate,analyzedBy,sampleType,replicate,sampleVolumeFiltered,filterSize,percentFilterAnalyzed,analyte,analyteConcentration,plantAlgaeLabUnits,method,externalRemarks,externalLabDataQF
"0d3aef71-afe4-44d9-bac6-79cb3af554c7","D15","REDB","REDB.AOS.S2","2017-08-01","REDB.SS.20170801.POM.1",,"condition ok","SIRFER Lab at University of Utah","2018-07-05","ElFtGy1kV49xqNP00HfxQA==","POM","1",400,25,100,"nitrogen",27.70,"microgramsPerLiter","Revesz & Coplen 2012a",,
"f8a8c3e5-81bc-47da-bec4-54fe1bc5ae97","D15","REDB","REDB.AOS.S2","2017-08-01","REDB.SS.20170801.POM.1",,"condition ok","SIRFER Lab at University of Utah","2018-07-05","ElFtGy1kV49xqNP00HfxQA==","POM","1",400,25,100,"carbon",517.56,"microgramsPerLiter","Revesz & Coplen 2012a",,
"16908568-4a0d-45cd-81b6-3c2addb61710","D15","REDB","REDB.AOS.S2","2017-08-01","REDB.SS.20170801.POM.1",,"condition ok","SIRFER Lab at University of Utah","2018-07-05","ElFtGy1kV49xqNP00HfxQA==","POM","1",400,25,100,"d13C",-22.74,"perMill","Revesz & Coplen 2012a",,
"24d68c5a-bc0d-49f3-99b2-a5b7beb48718","D15","REDB","REDB.AOS.S2","2017-08-01","REDB.SS.20170801.POM.1",,"condition ok","SIRFER Lab at University of Utah","2018-07-05","ElFtGy1kV49xqNP00HfxQA==","POM","1",400,25,100,"d15N",3.25,"perMill","Revesz & Coplen 2012a",,
