uid,domainID,siteID,namedLocation,collectDate,sampleID,sampleCode,sampleCondition,laboratoryName,analysisDate,analyzedBy,sampleType,replicate,sampleVolumeFiltered,filterSize,percentFilterAnalyzed,analyte,analyteConcentration,plantAlgaeLabUnits,method,externalRemarks,externalLabDataQF
"1cbf9d30-de8a-414e-94bd-d6a88449f71b","D03","FLNT","FLNT.AOS.buoy.c0","2019-01-22","FLNT.C0.20190122.POM.1","A00000037353","condition ok","SIRFER Lab at University of Utah","2019-04-30","ElFtGy1kV49xqNP00HfxQA==","POM","1",400,25,100,"d15N",4.44,"perMill","Revesz & Coplen 2012a",,
"faa03fe7-a682-470f-b7b7-161b0abb669c","D03","FLNT","FLNT.AOS.buoy.c0","2019-01-22","FLNT.C0.20190122.POM.1","A00000037353","condition ok","SIRFER Lab at University of Utah","2019-04-30","ElFtGy1kV49xqNP00HfxQA==","POM","1",400,25,100,"d13C",-28.53,"perMill","Revesz & Coplen 2012a",,
"c85fdcfe-1f9d-4597-8074-3ea44248a189","D03","FLNT","FLNT.AOS.buoy.c0","2019-01-22","FLNT.C0.20190122.POM.1","A00000037353","condition ok","SIRFER Lab at University of Utah","2019-04-30","ElFtGy1kV49xqNP00HfxQA==","POM","1",400,25,100,"nitrogen",49.54,"microgramsPerLiter","Revesz & Coplen 2012a",,
"5d2ca34c-68de-4a42-a7bf-7a4e308e674f","D03","FLNT","FLNT.AOS.buoy.c0","2019-01-22","FLNT.C0.20190122.POM.1","A00000037353","condition ok","SIRFER Lab at University of Utah","2019-04-30","ElFtGy1kV49xqNP00HfxQA==","POM","1",400,25,100,"carbon",521.94,"microgramsPerLiter","Revesz & Coplen 2012a",,
