uid,domainID,siteID,namedLocation,collectDate,sampleID,sampleCode,sampleCondition,laboratoryName,analysisDate,analyzedBy,sampleType,replicate,sampleVolumeFiltered,filterSize,percentFilterAnalyzed,analyte,analyteConcentration,plantAlgaeLabUnits,method,externalRemarks,externalLabDataQF
"5494dc83-1896-4911-a7a3-e27832835775","D19","CARI","CARI.AOS.S2","2017-10-12","CARI.SS.20171011.POM.1",,"condition ok","SIRFER Lab at University of Utah","2018-03-29","ElFtGy1kV49xqNP00HfxQA==","POM","1",600,25,100,"carbon",1345.76,"microgramsPerLiter","Revesz & Coplen 2012a",,
"ffa83218-d748-43d5-86b1-17f9a00f6095","D19","CARI","CARI.AOS.S2","2017-10-12","CARI.SS.20171011.POM.1",,"condition ok","SIRFER Lab at University of Utah","2018-03-29","ElFtGy1kV49xqNP00HfxQA==","POM","1",600,25,100,"d13C",-27.71,"perMill","Revesz & Coplen 2012a",,
"27186826-8686-41fc-802c-f1711088f433","D19","CARI","CARI.AOS.S2","2017-10-12","CARI.SS.20171011.POM.1",,"condition ok","SIRFER Lab at University of Utah","2018-03-29","ElFtGy1kV49xqNP00HfxQA==","POM","1",600,25,100,"d15N",1.56,"perMill","Revesz & Coplen 2012a",,
"cfbb1348-9e88-473c-9872-74da41b956ed","D19","CARI","CARI.AOS.S2","2017-10-12","CARI.SS.20171011.POM.1",,"condition ok","SIRFER Lab at University of Utah","2018-03-29","ElFtGy1kV49xqNP00HfxQA==","POM","1",600,25,100,"nitrogen",105.45,"microgramsPerLiter","Revesz & Coplen 2012a",,
"70370c38-e11f-485a-be8f-15308a7b73c7","D19","CARI","CARI.AOS.S2","2017-10-17","CARI.SS.20171017.POM.1",,"condition ok","SIRFER Lab at University of Utah","2018-03-29","ElFtGy1kV49xqNP00HfxQA==","POM","1",600,25,100,"d15N",6.53,"perMill","Revesz & Coplen 2012a",,
"d09148f0-744c-4dcb-b625-5456385afc8a","D19","CARI","CARI.AOS.S2","2017-10-17","CARI.SS.20171017.POM.1",,"condition ok","SIRFER Lab at University of Utah","2018-03-29","ElFtGy1kV49xqNP00HfxQA==","POM","1",600,25,100,"d13C",-27.34,"perMill","Revesz & Coplen 2012a",,
"079e1d5c-be36-4b51-a6a6-66a94c00f459","D19","CARI","CARI.AOS.S2","2017-10-17","CARI.SS.20171017.POM.1",,"condition ok","SIRFER Lab at University of Utah","2018-03-29","ElFtGy1kV49xqNP00HfxQA==","POM","1",600,25,100,"carbon",226.36,"microgramsPerLiter","Revesz & Coplen 2012a",,
"317eb410-aeb1-4397-a03b-3f6a2e67599f","D19","CARI","CARI.AOS.S2","2017-10-17","CARI.SS.20171017.POM.1",,"condition ok","SIRFER Lab at University of Utah","2018-03-29","ElFtGy1kV49xqNP00HfxQA==","POM","1",600,25,100,"nitrogen",16.52,"microgramsPerLiter","Revesz & Coplen 2012a",,
