uid,domainID,siteID,namedLocation,collectDate,sampleID,sampleCode,sampleCondition,laboratoryName,analysisDate,analyzedBy,sampleType,replicate,sampleVolumeFiltered,filterSize,percentFilterAnalyzed,analyte,analyteConcentration,plantAlgaeLabUnits,method,externalRemarks,externalLabDataQF
"0e8faa82-4d70-4aa7-918b-24f54ad7f486","D06","KING","KING.AOS.reach","2018-07-02","KING.RE.20180702.POM.1","A00000009958","condition ok","SIRFER Lab at University of Utah","2018-09-24","ElFtGy1kV49xqNP00HfxQA==","POM","1",65,25,100,"d15N",4.97,"perMill","Revesz & Coplen 2012a",,
"900885f6-dd00-4c43-9fd9-0d085ab86e43","D06","KING","KING.AOS.reach","2018-07-02","KING.RE.20180702.POM.1","A00000009958","condition ok","SIRFER Lab at University of Utah","2018-09-24","ElFtGy1kV49xqNP00HfxQA==","POM","1",65,25,100,"d13C",-33.90,"perMill","Revesz & Coplen 2012a",,
"12f2c991-edb0-419f-b798-c70e0e6057f3","D06","KING","KING.AOS.reach","2018-07-02","KING.RE.20180702.POM.1","A00000009958","condition ok","SIRFER Lab at University of Utah","2018-09-24","ElFtGy1kV49xqNP00HfxQA==","POM","1",65,25,100,"carbon",6619.61,"microgramsPerLiter","Revesz & Coplen 2012a",,
"e0b6e99c-08ca-4c10-93fe-54e8cce0b039","D06","KING","KING.AOS.reach","2018-07-02","KING.RE.20180702.POM.1","A00000009958","condition ok","SIRFER Lab at University of Utah","2018-09-24","ElFtGy1kV49xqNP00HfxQA==","POM","1",65,25,100,"nitrogen",698.59,"microgramsPerLiter","Revesz & Coplen 2012a",,
"1ff86250-4733-4e21-9383-3eb644a7dbc4","D06","KING","KING.AOS.reach","2018-07-09","KING.RE.20180709.POM.1",,"condition ok","SIRFER Lab at University of Utah","2018-09-24","ElFtGy1kV49xqNP00HfxQA==","POM","1",75,25,100,"nitrogen",818.33,"microgramsPerLiter","Revesz & Coplen 2012a",,
"3d876a19-af4c-47af-8cdc-b75533aba99a","D06","KING","KING.AOS.reach","2018-07-09","KING.RE.20180709.POM.1",,"condition ok","SIRFER Lab at University of Utah","2018-09-24","ElFtGy1kV49xqNP00HfxQA==","POM","1",75,25,100,"carbon",6167.94,"microgramsPerLiter","Revesz & Coplen 2012a",,
"b97b2bcb-3dd7-46e2-b3bb-93e1dd4ff305","D06","KING","KING.AOS.reach","2018-07-09","KING.RE.20180709.POM.1",,"condition ok","SIRFER Lab at University of Utah","2018-09-24","ElFtGy1kV49xqNP00HfxQA==","POM","1",75,25,100,"d13C",-32.45,"perMill","Revesz & Coplen 2012a",,
"1d1e8610-7239-46f0-8f36-4511e70bd2e2","D06","KING","KING.AOS.reach","2018-07-09","KING.RE.20180709.POM.1",,"condition ok","SIRFER Lab at University of Utah","2018-09-24","ElFtGy1kV49xqNP00HfxQA==","POM","1",75,25,100,"d15N",5.06,"perMill","Revesz & Coplen 2012a",,
"a463f2d9-2ac8-44cb-a167-e28c025d2770","D06","KING","KING.AOS.reach","2018-07-17","KING.RE.20180717.POM.1","A00000010100","condition ok","SIRFER Lab at University of Utah","2018-10-16","ElFtGy1kV49xqNP00HfxQA==","POM","1",50,25,100,"d15N",3.10,"perMill","Revesz & Coplen 2012a",,
"ef7fcde8-690e-4232-998f-9f94c7c360e4","D06","KING","KING.AOS.reach","2018-07-17","KING.RE.20180717.POM.1","A00000010100","condition ok","SIRFER Lab at University of Utah","2018-10-16","ElFtGy1kV49xqNP00HfxQA==","POM","1",50,25,100,"carbon",5553.80,"microgramsPerLiter","Revesz & Coplen 2012a",,
"cee80101-e2e9-43de-bad1-6551c2974561","D06","KING","KING.AOS.reach","2018-07-17","KING.RE.20180717.POM.1","A00000010100","condition ok","SIRFER Lab at University of Utah","2018-10-16","ElFtGy1kV49xqNP00HfxQA==","POM","1",50,25,100,"nitrogen",728.16,"microgramsPerLiter","Revesz & Coplen 2012a",,
"d45de81e-db3f-4ec6-ac06-a6c8f2d52786","D06","KING","KING.AOS.reach","2018-07-17","KING.RE.20180717.POM.1","A00000010100","condition ok","SIRFER Lab at University of Utah","2018-10-16","ElFtGy1kV49xqNP00HfxQA==","POM","1",50,25,100,"d13C",-30.57,"perMill","Revesz & Coplen 2012a",,
