uid,domainID,siteID,namedLocation,collectDate,sampleID,sampleCode,sampleCondition,laboratoryName,analysisDate,analyzedBy,sampleType,replicate,sampleVolumeFiltered,filterSize,percentFilterAnalyzed,analyte,analyteConcentration,plantAlgaeLabUnits,method,externalRemarks,externalLabDataQF
"91979f39-6762-498c-9cdc-22a3e8e267a7","D18","TOOK","TOOK.AOS.buoy.c0","2017-02-07","TOOK.C0.20170207.POM.2",,"condition ok","SIRFER Lab at University of Utah","2018-05-09","ElFtGy1kV49xqNP00HfxQA==","POM","1",600,25,100,"d13C",-29.11,"perMill","Revesz & Coplen 2012a",,
"6c2af29e-05c2-4878-83ce-7d21cdba107a","D18","TOOK","TOOK.AOS.buoy.c0","2017-02-07","TOOK.C0.20170207.POM.2",,"condition ok","SIRFER Lab at University of Utah","2018-05-09","ElFtGy1kV49xqNP00HfxQA==","POM","1",600,25,100,"nitrogen",11.20,"microgramsPerLiter","Revesz & Coplen 2012a",,
"41d1b764-aff8-4912-b0ac-667a335c766d","D18","TOOK","TOOK.AOS.buoy.c0","2017-02-07","TOOK.C0.20170207.POM.2",,"condition ok","SIRFER Lab at University of Utah","2018-05-09","ElFtGy1kV49xqNP00HfxQA==","POM","1",600,25,100,"carbon",130.58,"microgramsPerLiter","Revesz & Coplen 2012a",,
"db79933a-7501-4f48-bd3b-9ba342d4afe7","D18","TOOK","TOOK.AOS.buoy.c0","2017-02-07","TOOK.C0.20170207.POM.2",,"condition ok","SIRFER Lab at University of Utah","2018-05-09","ElFtGy1kV49xqNP00HfxQA==","POM","1",600,25,100,"d15N",6.82,"perMill","Revesz & Coplen 2012a",,
