uid,domainID,siteID,namedLocation,collectDate,sampleID,sampleCode,sampleCondition,laboratoryName,analysisDate,analyzedBy,sampleType,replicate,sampleVolumeFiltered,filterSize,percentFilterAnalyzed,analyte,analyteConcentration,plantAlgaeLabUnits,method,externalRemarks,externalLabDataQF
"e321992b-010c-44d1-bbe9-3a411bc3be82","D07","WALK","WALK.AOS.S2","2019-03-18","WALK.SS.20190318.POM.1","A00000045063","condition ok","SIRFER Lab at University of Utah","2019-08-12","ElFtGy1kV49xqNP00HfxQA==","POM","1",1000,25,100,"carbon",104.08,"microgramsPerLiter","Revesz & Coplen 2012a",,
"78caf7d0-45d6-4a3b-aa04-da9a02e6bef6","D07","WALK","WALK.AOS.S2","2019-03-18","WALK.SS.20190318.POM.1","A00000045063","condition ok","SIRFER Lab at University of Utah","2019-08-12","ElFtGy1kV49xqNP00HfxQA==","POM","1",1000,25,100,"nitrogen",7.57,"microgramsPerLiter","Revesz & Coplen 2012a",,
"795a8267-3263-48ba-85be-918b8881844c","D07","WALK","WALK.AOS.S2","2019-03-18","WALK.SS.20190318.POM.1","A00000045063","condition ok","SIRFER Lab at University of Utah","2019-08-12","ElFtGy1kV49xqNP00HfxQA==","POM","1",1000,25,100,"d13C",-27.52,"perMill","Revesz & Coplen 2012a",,
"d9eac1f4-745c-460a-9e64-47756700e320","D07","WALK","WALK.AOS.S2","2019-03-18","WALK.SS.20190318.POM.1","A00000045063","condition ok","SIRFER Lab at University of Utah","2019-08-12","ElFtGy1kV49xqNP00HfxQA==","POM","1",1000,25,100,"d15N",1.76,"perMill","Revesz & Coplen 2012a",,
