uid,domainID,siteID,namedLocation,collectDate,sampleID,sampleCode,sampleCondition,laboratoryName,analysisDate,analyzedBy,sampleType,replicate,sampleVolumeFiltered,filterSize,percentFilterAnalyzed,analyte,analyteConcentration,plantAlgaeLabUnits,method,externalRemarks,externalLabDataQF
"42abdd5b-e32e-4225-8d3f-a3edeb52ce5c","D06","KING","KING.AOS.S2","2019-04-01","KING.SS.20190401.POM.1","A00000042170","condition ok","SIRFER Lab at University of Utah","2019-08-16","ElFtGy1kV49xqNP00HfxQA==","POM","1",1000,25,100,"nitrogen",13.47,"microgramsPerLiter","Revesz & Coplen 2012a",,
"ccdb22c7-7909-4c18-8adf-180b26b8fe60","D06","KING","KING.AOS.S2","2019-04-01","KING.SS.20190401.POM.1","A00000042170","condition ok","SIRFER Lab at University of Utah","2019-08-16","ElFtGy1kV49xqNP00HfxQA==","POM","1",1000,25,100,"carbon",155.22,"microgramsPerLiter","Revesz & Coplen 2012a",,
"083e0bb1-a80b-4bb6-883c-32efdb96db07","D06","KING","KING.AOS.S2","2019-04-01","KING.SS.20190401.POM.1","A00000042170","condition ok","SIRFER Lab at University of Utah","2019-08-16","ElFtGy1kV49xqNP00HfxQA==","POM","1",1000,25,100,"d13C",-28.21,"perMill","Revesz & Coplen 2012a",,
"f8c33584-d6bc-48a1-b120-ee99aeb99930","D06","KING","KING.AOS.S2","2019-04-01","KING.SS.20190401.POM.1","A00000042170","condition ok","SIRFER Lab at University of Utah","2019-08-16","ElFtGy1kV49xqNP00HfxQA==","POM","1",1000,25,100,"d15N",2.96,"perMill","Revesz & Coplen 2012a",,
"d443f2df-7a80-409b-861b-752a81213deb","D06","KING","KING.AOS.S2","2019-04-08","KING.SS.20190408.POM.1","A00000042404","condition ok","SIRFER Lab at University of Utah","2019-08-16","ElFtGy1kV49xqNP00HfxQA==","POM","1",850,25,100,"d13C",-29.42,"perMill","Revesz & Coplen 2012a",,
"4f17ca07-e810-467d-a448-ca2e2cfacda6","D06","KING","KING.AOS.S2","2019-04-08","KING.SS.20190408.POM.1","A00000042404","condition ok","SIRFER Lab at University of Utah","2019-08-16","ElFtGy1kV49xqNP00HfxQA==","POM","1",850,25,100,"d15N",8.15,"perMill","Revesz & Coplen 2012a",,
"55ae005a-a630-415b-8959-91733ec1a1cb","D06","KING","KING.AOS.S2","2019-04-08","KING.SS.20190408.POM.1","A00000042404","condition ok","SIRFER Lab at University of Utah","2019-08-16","ElFtGy1kV49xqNP00HfxQA==","POM","1",850,25,100,"nitrogen",11.35,"microgramsPerLiter","Revesz & Coplen 2012a",,
"36ff9c09-619d-40b2-a0c4-a2bc1df03bc7","D06","KING","KING.AOS.S2","2019-04-08","KING.SS.20190408.POM.1","A00000042404","condition ok","SIRFER Lab at University of Utah","2019-08-16","ElFtGy1kV49xqNP00HfxQA==","POM","1",850,25,100,"carbon",130.46,"microgramsPerLiter","Revesz & Coplen 2012a",,
"06e36e7b-a272-45f1-87a5-2610c1db378d","D06","KING","KING.AOS.S2","2019-04-15","KING.SS.20190415.POM.1","A00000042363","condition ok","SIRFER Lab at University of Utah","2019-08-16","ElFtGy1kV49xqNP00HfxQA==","POM","1",1050,25,100,"nitrogen",16.38,"microgramsPerLiter","Revesz & Coplen 2012a",,
"89faa76a-e208-4d18-9a29-805d5a487a1f","D06","KING","KING.AOS.S2","2019-04-15","KING.SS.20190415.POM.1","A00000042363","condition ok","SIRFER Lab at University of Utah","2019-08-16","ElFtGy1kV49xqNP00HfxQA==","POM","1",1050,25,100,"d15N",3.92,"perMill","Revesz & Coplen 2012a",,
"e935a03f-bae2-4ee9-a1b7-4d8d8982a213","D06","KING","KING.AOS.S2","2019-04-15","KING.SS.20190415.POM.1","A00000042363","condition ok","SIRFER Lab at University of Utah","2019-08-16","ElFtGy1kV49xqNP00HfxQA==","POM","1",1050,25,100,"d13C",-30.02,"perMill","Revesz & Coplen 2012a",,
"045ed345-ea16-4ec5-812a-3c42d8204980","D06","KING","KING.AOS.S2","2019-04-15","KING.SS.20190415.POM.1","A00000042363","condition ok","SIRFER Lab at University of Utah","2019-08-16","ElFtGy1kV49xqNP00HfxQA==","POM","1",1050,25,100,"carbon",165.51,"microgramsPerLiter","Revesz & Coplen 2012a",,
