uid,domainID,siteID,namedLocation,collectDate,parentSampleID,parentSampleCode,isotopeH2OSampleCond,isotopeH2OSampleID,isotopeH2OSampleCode,isotopePOMRep2SampleCond,isotopePOMRep2SampleID,isotopePOMRep2SampleCode,isotopePOMSampleCond,isotopePOMSampleID,isotopePOMSampleCode,processedDateFilters,processedDateH2OIsotopes,sampleVolumeFilteredPOMRep1,sampleVolumeFilteredPOMRep2,fieldDataQF
"321b6bf8-95ab-4e9a-8b0b-40457bd21ed5","D06","KING","KING.AOS.S2","2019-04-01T15:55Z","KING.SS.20190401",,"Sample condition ok","KING.SS.20190401.H2O.1","A00000042001","Sample condition ok","KING.SS.20190401.POM.2","A00000042169","Sample condition ok","KING.SS.20190401.POM.1","A00000042170","2019-04-01T17:04Z","2019-04-01T17:10Z",1000,1000,
"49aed24c-97b4-4f6b-bc43-9a90c34a5b85","D06","KING","KING.AOS.S2","2019-04-08T15:45Z","KING.SS.20190408",,"Sample condition ok","KING.SS.20190408.H2O.1","A00000042400","Sample condition ok","KING.SS.20190408.POM.2","A00000042405","Sample condition ok","KING.SS.20190408.POM.1","A00000042404","2019-04-08T16:50Z","2019-04-08T16:45Z",850,850,
"a82d2e01-a64c-40ef-988b-b0a43517ad7c","D06","KING","KING.AOS.S2","2019-04-15T13:42Z","KING.SS.20190415",,"Sample condition ok","KING.SS.20190415.H2O.1","A00000042359","Sample condition ok","KING.SS.20190415.POM.2","A00000042364","Sample condition ok","KING.SS.20190415.POM.1","A00000042363","2019-04-15T15:15Z","2019-04-15T14:51Z",1050,1050,
"8644e3e0-398a-4293-b3e7-27639c54c7f1","D06","KING","KING.AOS.S2","2019-04-30T14:35Z","KING.SS.20190430",,"Sample condition ok","KING.SS.20190430.H2O.1","A00000042373","Sample condition ok","KING.SS.20190430.POM.2","A00000042417","Sample condition ok","KING.SS.20190430.POM.1","A00000042416","2019-04-30T15:42Z","2019-04-30T15:49Z",800,800,
