uid,domainID,siteID,namedLocation,decimalLatitude,decimalLongitude,coordinateUncertainty,additionalCoordUncertainty,elevation,elevationUncertainty,geodeticDatum,altLocation,altLatitude,altLongitude,altCoordinateUncertainty,altGeodeticDatum,collectDate,aquaticSiteType,samplingImpractical,parentSampleID,parentSampleCode,eventID,samplerType,dissolvedOxygen,dissolvedOxygenSaturation,specificConductance,waterTemp,asiSamplingProtocolVersion,lowerSegmentDepth,upperSegmentDepth,maxDepth,lakeSampleDepth1,lakeSampleDepth2,aCollectedBy,bCollectedBy,remarks,fieldDataQF
"18a59d42-9660-430f-a13b-f55ced1cabc2","D06","KING","KING.AOS.S2",39.105069,-96.603387,0.1,10.0,324.9,0.1,"WGS84",,,,,,"2019-04-01T15:55Z","stream",,"KING.SS.20190401",,"KING.20190401","Grab",11.83,102.10,580.00,7.80,"NEON.DOC.001886vF",,,,,,"0000-0002-2135-1091","0000-0002-3172-0145",,
"04feb854-bd40-4a82-a64c-a83d1f74b8a7","D06","KING","KING.AOS.S2",39.105069,-96.603387,0.1,10.0,324.9,0.1,"WGS84",,,,,,"2019-04-08T15:45Z","stream",,"KING.SS.20190408",,"KING.20190408","Grab",10.96,103.70,578.00,11.30,"NEON.DOC.001886vF",,,,,,"0000-0002-2135-1091","0000-0002-3172-0145",,
"e3daff1a-d3b5-4dac-aff0-ff0becf59d48","D06","KING","KING.AOS.S2",39.105069,-96.603387,0.1,10.0,324.9,0.1,"WGS84",,,,,,"2019-04-15T13:42Z","stream",,"KING.SS.20190415",,"KING.20190415","Grab",11.57,108.40,600.00,10.10,"NEON.DOC.001886vF",,,,,,"0000-0001-9594-9689","0000-0002-3172-0145",,
"bbee59d8-bdae-4e72-b746-7acfd7fdcdbe","D06","KING","KING.AOS.S2",39.105069,-96.603387,0.1,10.0,324.9,0.1,"WGS84",,,,,,"2019-04-30T14:35Z","stream",,"KING.SS.20190430",,"KING.20190430","Grab",11.70,112.00,610.00,11.80,"NEON.DOC.001886vF",,,,,,"0000-0001-9594-9689","0000-0003-1449-7081",,
