uid,domainID,siteID,namedLocation,collectDate,analysisDate,isotopeH2OSampleID,isotopeH2OSampleCode,instrumentSN,d18OWater,d2HWater,d18OsdWater,d2HsdWater,isotopeH2OExternalLabQF,laboratoryName,analyzedBy,sampleCondition,externalRemarks,externalLabDataQF
"4a0a4c1b-7a9e-49c6-b345-e764330f8de1","D06","KING","KING.AOS.S2","2019-04-01","2019-06-20","KING.SS.20190401.H2O.1","A00000042001","HIDS2052",-5.86,-39.44,0.03,0.12,0,"SIRFER Lab at University of Utah","OlSmE6RRn5QQH8tvUHmK5i/poYiQr6sd","OK",,
"63e7c423-c8a1-444d-92a2-56c3b0fcb498","D06","KING","KING.AOS.S2","2019-04-08","2019-06-20","KING.SS.20190408.H2O.1","A00000042400","HIDS2052",-6.23,-40.04,0.06,0.15,0,"SIRFER Lab at University of Utah","OlSmE6RRn5QQH8tvUHmK5i/poYiQr6sd","OK",,
"3782406e-1088-4f6e-a1f2-c552b6ec0b39","D06","KING","KING.AOS.S2","2019-04-15","2019-06-20","KING.SS.20190415.H2O.1","A00000042359","HIDS2052",-6.31,-40.18,0.06,0.14,0,"SIRFER Lab at University of Utah","OlSmE6RRn5QQH8tvUHmK5i/poYiQr6sd","OK",,
"201a74fe-60b6-48ce-81ca-7c6b941e5afd","D06","KING","KING.AOS.S2","2019-04-30","2019-06-20","KING.SS.20190430.H2O.1","A00000042373","HIDS2052",-6.26,-40.04,0.03,0.24,0,"SIRFER Lab at University of Utah","OlSmE6RRn5QQH8tvUHmK5i/poYiQr6sd","OK",,
