uid,domainID,siteID,namedLocation,collectDate,sampleID,sampleCode,sampleCondition,laboratoryName,analysisDate,analyzedBy,sampleType,replicate,sampleVolumeFiltered,filterSize,percentFilterAnalyzed,analyte,analyteConcentration,plantAlgaeLabUnits,method,externalRemarks,externalLabDataQF
"23b31580-108c-4ce3-8263-6d9e97bb2e8c","D03","BARC","BARC.AOS.buoy.c0","2016-06-14","BARC.C0.20160614.POM.2",,"condition ok","Academy of Natural Sciences of Drexel University","2017-05-18","OKgcKejxXbI=","13C15N","2",,,100,"d15N",3.34,"perMill",,,
"5df8792a-862f-4b55-8c59-4e8980ef5266","D03","BARC","BARC.AOS.buoy.c0","2016-06-14","BARC.C0.20160614.POM.1",,"condition ok","Academy of Natural Sciences of Drexel University","2017-03-03","OKgcKejxXbI=","13C15N","1",,,100,"d13C",-30.05,"perMill",,,
"3e5a6fa5-ea25-4c84-8a9e-c47d5c0f0cd4","D03","BARC","BARC.AOS.buoy.c0","2016-06-14","BARC.C0.20160614.POM.2",,"condition ok","Academy of Natural Sciences of Drexel University","2017-05-18","OKgcKejxXbI=","13C15N","2",,,100,"d13C",-30.05,"perMill",,,
"50807b78-2a8d-4023-81f7-57c088190b72","D03","BARC","BARC.AOS.buoy.c0","2016-06-14","BARC.C0.20160614.POM.1",,"condition ok","Academy of Natural Sciences of Drexel University","2017-03-03","OKgcKejxXbI=","13C15N","1",,,100,"d15N",2.90,"perMill",,,
"9054e18a-05b3-4fad-b651-ac3c4398fd77","D03","BARC","BARC.AOS.inlet","2016-06-14","BARC.IN.20160614.POM.1",,"condition ok","Academy of Natural Sciences of Drexel University","2017-03-03","OKgcKejxXbI=","13C15N","1",,,100,"d15N",3.79,"perMill",,,
"71ffeab5-c2bd-4ea1-a545-0deab6c20b0b","D03","BARC","BARC.AOS.inlet","2016-06-14","BARC.IN.20160614.POM.2",,"condition ok","Academy of Natural Sciences of Drexel University","2017-05-18","OKgcKejxXbI=","13C15N","2",,,100,"d15N",3.43,"perMill",,,
"0f39233d-0d84-441c-a56c-b0b9f8f3c322","D03","BARC","BARC.AOS.inlet","2016-06-14","BARC.IN.20160614.POM.1",,"condition ok","Academy of Natural Sciences of Drexel University","2017-03-03","OKgcKejxXbI=","13C15N","1",,,100,"d13C",-28.76,"perMill",,,
"b3d76e3e-1b4e-4c87-841f-80bf2daed233","D03","BARC","BARC.AOS.inlet","2016-06-14","BARC.IN.20160614.POM.2",,"condition ok","Academy of Natural Sciences of Drexel University","2017-05-18","OKgcKejxXbI=","13C15N","2",,,100,"d13C",-29.01,"perMill",,,
"ef1e6d0d-b08a-413f-98e6-e78ef7def9bd","D03","BARC","BARC.AOS.outlet","2016-06-14","BARC.OT.20160614.POM.1",,"condition ok","Academy of Natural Sciences of Drexel University","2017-03-03","OKgcKejxXbI=","13C15N","1",,,100,"d13C",-29.30,"perMill",,,
"ad25781c-672b-4a3c-9e16-d6e460b1084e","D03","BARC","BARC.AOS.outlet","2016-06-14","BARC.OT.20160614.POM.2",,"condition ok","Academy of Natural Sciences of Drexel University","2017-05-18","OKgcKejxXbI=","13C15N","2",,,100,"d13C",-29.62,"perMill",,,
"3c168daf-54a6-4bed-8735-53d7748d72f9","D03","BARC","BARC.AOS.outlet","2016-06-14","BARC.OT.20160614.POM.2",,"condition ok","Academy of Natural Sciences of Drexel University","2017-05-18","OKgcKejxXbI=","13C15N","2",,,100,"d15N",2.07,"perMill",,,
"f414a1d0-932a-4aef-8bf0-1fdd8496399d","D03","BARC","BARC.AOS.outlet","2016-06-14","BARC.OT.20160614.POM.1",,"condition ok","Academy of Natural Sciences of Drexel University","2017-03-03","OKgcKejxXbI=","13C15N","1",,,100,"d15N",2.44,"perMill",,,
