uid,domainID,siteID,namedLocation,collectDate,sampleID,sampleCode,sampleCondition,laboratoryName,analysisDate,analyzedBy,sampleType,replicate,sampleVolumeFiltered,filterSize,percentFilterAnalyzed,analyte,analyteConcentration,plantAlgaeLabUnits,method,externalRemarks,externalLabDataQF
"28b0160d-c2ff-4d55-aa7d-8a8d69e008da","D08","MAYF","MAYF.AOS.S2","2015-03-17","MAYF.SS.20150317.POM.1",,"condition ok","Academy of Natural Sciences of Drexel University","2016-09-13","OKgcKejxXbI=","13C15N","1",,,100,"d13C",-28.36,"perMill",,,
"790e9107-c145-46a6-8aab-7b8a3451baf9","D08","MAYF","MAYF.AOS.S2","2015-03-17","MAYF.SS.20150317.POM.2",,"condition ok","Academy of Natural Sciences of Drexel University","2017-01-17","OKgcKejxXbI=","13C15N","2",50,25,100,"d13C",-28.49,"perMill",,,"Audit Failed. Document: A00036_DREX_AlgalChem_DocAudit_20170407.pdf & A00036_DREX_AlgalChem_VisitAudit_20170407.pdf"
"fc61e540-2066-4983-850c-a599b71478ea","D08","MAYF","MAYF.AOS.S2","2015-03-17","MAYF.SS.20150317.POM.1",,"condition ok","Academy of Natural Sciences of Drexel University","2016-09-13","OKgcKejxXbI=","13C15N","1",50,25,100,"d15N",13.63,"perMill",,,"Audit Failed. Document: A00036_DREX_AlgalChem_DocAudit_20170407.pdf & A00036_DREX_AlgalChem_VisitAudit_20170407.pdf"
"d31ee4d5-0b06-4651-be1e-6c1179a72e19","D08","MAYF","MAYF.AOS.S2","2015-03-17","MAYF.SS.20150317.POM.1",,"condition ok","Academy of Natural Sciences of Drexel University","2016-09-13","OKgcKejxXbI=","13C15N","1",50,25,100,"d13C",-28.36,"perMill",,,"Audit Failed. Document: A00036_DREX_AlgalChem_DocAudit_20170407.pdf & A00036_DREX_AlgalChem_VisitAudit_20170407.pdf"
"1bfea93b-78c3-4d15-854d-0a994e3a518c","D08","MAYF","MAYF.AOS.S2","2015-03-17","MAYF.SS.20150317.POM.2",,"condition ok","Academy of Natural Sciences of Drexel University","2017-01-17","OKgcKejxXbI=","13C15N","2",50,25,100,"d15N",4.65,"perMill",,,"Audit Failed. Document: A00036_DREX_AlgalChem_DocAudit_20170407.pdf & A00036_DREX_AlgalChem_VisitAudit_20170407.pdf"
"0c2da83e-833a-4076-835d-cc3a521a2d71","D08","MAYF","MAYF.AOS.S2","2015-03-17","MAYF.SS.20150317.POM.1",,"condition ok","Academy of Natural Sciences of Drexel University","2016-09-13","OKgcKejxXbI=","13C15N","1",,,100,"d15N",13.63,"perMill",,,
"19284396-b11b-4bfb-a1ad-1bacdef7713a","D08","MAYF","MAYF.AOS.S2","2015-03-17","MAYF.SS.20150317.POM.2",,"condition ok","Academy of Natural Sciences of Drexel University","2017-01-17","OKgcKejxXbI=","13C15N","2",,,100,"d13C",-28.49,"perMill",,,
"c60b0c2f-31e8-4b97-a0d7-a2eb7028d08e","D08","MAYF","MAYF.AOS.S2","2015-03-17","MAYF.SS.20150317.POM.2",,"condition ok","Academy of Natural Sciences of Drexel University","2017-01-17","OKgcKejxXbI=","13C15N","2",,,100,"d15N",4.65,"perMill",,,
