uid,domainID,siteID,namedLocation,collectDate,sampleID,sampleCode,sampleCondition,laboratoryName,analysisDate,analyzedBy,sampleType,replicate,sampleVolumeFiltered,filterSize,percentFilterAnalyzed,analyte,analyteConcentration,plantAlgaeLabUnits,method,externalRemarks,externalLabDataQF
"eb41522e-7b96-4880-a2ad-a58bc1d01968","D01","HOPB","HOPB.AOS.S2","2018-06-04","HOPB.SS.20180604.POM.1","A00000001050","condition ok","SIRFER Lab at University of Utah","2018-07-25","ElFtGy1kV49xqNP00HfxQA==","POM","1",150,25,100,"d15N",-2.70,"perMill","Revesz & Coplen 2012a",,
"0ec624e4-1958-4567-9791-b72242dee38f","D01","HOPB","HOPB.AOS.S2","2018-06-04","HOPB.SS.20180604.POM.1","A00000001050","condition ok","SIRFER Lab at University of Utah","2018-07-25","ElFtGy1kV49xqNP00HfxQA==","POM","1",150,25,100,"nitrogen",84.64,"microgramsPerLiter","Revesz & Coplen 2012a",,
"f3ec74cd-41f3-4d27-89b9-ec6508593088","D01","HOPB","HOPB.AOS.S2","2018-06-04","HOPB.SS.20180604.POM.1","A00000001050","condition ok","SIRFER Lab at University of Utah","2018-07-25","ElFtGy1kV49xqNP00HfxQA==","POM","1",150,25,100,"carbon",1282.47,"microgramsPerLiter","Revesz & Coplen 2012a",,
"e7b68e87-dcce-4ee2-88f0-e61626b1a300","D01","HOPB","HOPB.AOS.S2","2018-06-04","HOPB.SS.20180604.POM.1","A00000001050","condition ok","SIRFER Lab at University of Utah","2018-07-25","ElFtGy1kV49xqNP00HfxQA==","POM","1",150,25,100,"d13C",-26.98,"perMill","Revesz & Coplen 2012a",,
"762f9e16-e5d6-4dff-aba0-2c78788249bb","D01","HOPB","HOPB.AOS.S2","2018-06-19","HOPB.SS.20180619.POM.1","A00000000528","condition ok","SIRFER Lab at University of Utah","2018-12-03","ElFtGy1kV49xqNP00HfxQA==","POM","1",200,25,100,"nitrogen",,"microgramsPerLiter","Revesz & Coplen 2012a",,
"b183fe21-df9a-4deb-a139-a80041c90dc7","D01","HOPB","HOPB.AOS.S2","2018-06-19","HOPB.SS.20180619.POM.1","A00000000528","condition ok","SIRFER Lab at University of Utah","2018-12-03","ElFtGy1kV49xqNP00HfxQA==","POM","1",200,25,100,"carbon",,"microgramsPerLiter","Revesz & Coplen 2012a",,
"0f1f71ec-62ad-4388-914a-09014483bce2","D01","HOPB","HOPB.AOS.S2","2018-06-19","HOPB.SS.20180619.POM.1","A00000000528","condition ok","SIRFER Lab at University of Utah","2018-12-03","ElFtGy1kV49xqNP00HfxQA==","POM","1",200,25,100,"d13C",,"perMill","Revesz & Coplen 2012a",,
"e5f84808-c156-4eb0-a3a8-a10ed2448ff6","D01","HOPB","HOPB.AOS.S2","2018-06-19","HOPB.SS.20180619.POM.1","A00000000528","condition ok","SIRFER Lab at University of Utah","2018-12-03","ElFtGy1kV49xqNP00HfxQA==","POM","1",200,25,100,"d15N",,"perMill","Revesz & Coplen 2012a",,
