uid,domainID,siteID,namedLocation,collectDate,sampleID,sampleCode,sampleCondition,laboratoryName,analysisDate,analyzedBy,sampleType,replicate,sampleVolumeFiltered,filterSize,percentFilterAnalyzed,analyte,analyteConcentration,plantAlgaeLabUnits,method,externalRemarks,externalLabDataQF
"d73ae152-1cf5-496e-b36a-d1b4f5f8ea18","D07","WALK","WALK.AOS.S2","2017-04-11","WALK.SS.20170411.POM.2",,"condition ok","SIRFER Lab at University of Utah","2018-03-12","ElFtGy1kV49xqNP00HfxQA==","POM","1",,,100,"carbon",203.14,"microgramsPerLiter","Revesz & Coplen 2012a",,
"e6851c91-6b96-407a-b932-1f1ce0ae17c3","D07","WALK","WALK.AOS.S2","2017-04-11","WALK.SS.20170411.POM.2",,"condition ok","SIRFER Lab at University of Utah","2018-03-12","ElFtGy1kV49xqNP00HfxQA==","POM","1",,,100,"d13C",-28.67,"perMill","Revesz & Coplen 2012a",,
"98a61d14-ae13-404f-8ea9-87e4e4265285","D07","WALK","WALK.AOS.S2","2017-04-11","WALK.SS.20170411.POM.2",,"condition ok","SIRFER Lab at University of Utah","2018-03-12","ElFtGy1kV49xqNP00HfxQA==","POM","1",,,100,"nitrogen",13.12,"microgramsPerLiter","Revesz & Coplen 2012a",,
"ee651eb7-8507-4c16-ada7-053778b89607","D07","WALK","WALK.AOS.S2","2017-04-11","WALK.SS.20170411.POM.2",,"condition ok","SIRFER Lab at University of Utah","2018-03-12","ElFtGy1kV49xqNP00HfxQA==","POM","1",,,100,"d15N",9.00,"perMill","Revesz & Coplen 2012a",,
"d0582a35-3ff3-45be-80f7-81169dd70b9a","D07","WALK","WALK.AOS.S2","2017-04-17","WALK.SS.20170417.POM.2",,"condition ok","SIRFER Lab at University of Utah","2018-03-12","ElFtGy1kV49xqNP00HfxQA==","POM","1",,,100,"carbon",166.43,"microgramsPerLiter","Revesz & Coplen 2012a",,
"738d00ea-7a5c-4af4-85af-136ccf209315","D07","WALK","WALK.AOS.S2","2017-04-17","WALK.SS.20170417.POM.2",,"condition ok","SIRFER Lab at University of Utah","2018-03-12","ElFtGy1kV49xqNP00HfxQA==","POM","1",,,100,"nitrogen",12.77,"microgramsPerLiter","Revesz & Coplen 2012a",,
"2aa45047-0b82-4631-9e80-535f13540243","D07","WALK","WALK.AOS.S2","2017-04-17","WALK.SS.20170417.POM.2",,"condition ok","SIRFER Lab at University of Utah","2018-03-12","ElFtGy1kV49xqNP00HfxQA==","POM","1",,,100,"d13C",-28.75,"perMill","Revesz & Coplen 2012a",,
"c057af0b-a046-4a14-8d08-a16c4720b40f","D07","WALK","WALK.AOS.S2","2017-04-17","WALK.SS.20170417.POM.2",,"condition ok","SIRFER Lab at University of Utah","2018-03-12","ElFtGy1kV49xqNP00HfxQA==","POM","1",,,100,"d15N",2.05,"perMill","Revesz & Coplen 2012a",,
"1945627d-dfbd-43d1-8bb6-620e8ca3defe","D07","WALK","WALK.AOS.S2","2017-04-25","WALK.SS.20170425.POM.2",,"condition ok","SIRFER Lab at University of Utah","2018-03-12","ElFtGy1kV49xqNP00HfxQA==","POM","1",,,100,"nitrogen",12.22,"microgramsPerLiter","Revesz & Coplen 2012a",,
"69baaaaa-9685-4cd4-b43b-805ba7c7e519","D07","WALK","WALK.AOS.S2","2017-04-25","WALK.SS.20170425.POM.2",,"condition ok","SIRFER Lab at University of Utah","2018-03-12","ElFtGy1kV49xqNP00HfxQA==","POM","1",,,100,"carbon",173.37,"microgramsPerLiter","Revesz & Coplen 2012a",,
"046e31b0-0ba5-44e3-90c3-0d74e856baad","D07","WALK","WALK.AOS.S2","2017-04-25","WALK.SS.20170425.POM.2",,"condition ok","SIRFER Lab at University of Utah","2018-03-12","ElFtGy1kV49xqNP00HfxQA==","POM","1",,,100,"d15N",10.19,"perMill","Revesz & Coplen 2012a",,
"1ed7e09f-ed83-4e1e-92b0-7549a9391f4d","D07","WALK","WALK.AOS.S2","2017-04-25","WALK.SS.20170425.POM.2",,"condition ok","SIRFER Lab at University of Utah","2018-03-12","ElFtGy1kV49xqNP00HfxQA==","POM","1",,,100,"d13C",-27.98,"perMill","Revesz & Coplen 2012a",,
