uid,domainID,siteID,namedLocation,collectDate,sampleID,sampleCode,sampleCondition,laboratoryName,analysisDate,analyzedBy,sampleType,replicate,sampleVolumeFiltered,filterSize,percentFilterAnalyzed,analyte,analyteConcentration,plantAlgaeLabUnits,method,externalRemarks,externalLabDataQF
"8756aff8-aef9-4cab-998f-a1a08ae3f1da","D17","BIGC","BIGC.AOS.S2","2019-01-28","BIGC.SS.20190128.POM.1","A00000062049","condition ok","SIRFER Lab at University of Utah","2019-05-09","ElFtGy1kV49xqNP00HfxQA==","POM","1",1500,25,100,"d13C",-27.82,"perMill","Revesz & Coplen 2012a",,
"dcd7feb4-8e31-4307-b026-091b4cfe0fb3","D17","BIGC","BIGC.AOS.S2","2019-01-28","BIGC.SS.20190128.POM.1","A00000062049","condition ok","SIRFER Lab at University of Utah","2019-05-09","ElFtGy1kV49xqNP00HfxQA==","POM","1",1500,25,100,"d15N",-0.47,"perMill","Revesz & Coplen 2012a",,
"8388f1ed-9d7f-4490-b424-f364eaa76bb2","D17","BIGC","BIGC.AOS.S2","2019-01-28","BIGC.SS.20190128.POM.1","A00000062049","condition ok","SIRFER Lab at University of Utah","2019-05-09","ElFtGy1kV49xqNP00HfxQA==","POM","1",1500,25,100,"nitrogen",7.78,"microgramsPerLiter","Revesz & Coplen 2012a",,
"d54dc634-b21d-4ddb-8a27-0493088c52de","D17","BIGC","BIGC.AOS.S2","2019-01-28","BIGC.SS.20190128.POM.1","A00000062049","condition ok","SIRFER Lab at University of Utah","2019-05-09","ElFtGy1kV49xqNP00HfxQA==","POM","1",1500,25,100,"carbon",90.09,"microgramsPerLiter","Revesz & Coplen 2012a",,
