uid,domainID,siteID,namedLocation,collectDate,sampleID,sampleCode,sampleCondition,laboratoryName,analysisDate,analyzedBy,sampleType,replicate,sampleVolumeFiltered,filterSize,percentFilterAnalyzed,analyte,analyteConcentration,plantAlgaeLabUnits,method,externalRemarks,externalLabDataQF
"5b61f3c6-b872-4c7c-8f98-ea1e279ba99e","D03","FLNT","FLNT.AOS.buoy.c0","2018-07-24","FLNT.C0.20180724.POM.1","A00000003501","condition ok","SIRFER Lab at University of Utah","2018-08-22","ElFtGy1kV49xqNP00HfxQA==","POM","1",300,25,100,"d15N",7.63,"perMill","Revesz & Coplen 2012a",,
"90d18ff8-f134-4e62-965c-b9e3dbf41b6f","D03","FLNT","FLNT.AOS.buoy.c0","2018-07-24","FLNT.C0.20180724.POM.1","A00000003501","condition ok","SIRFER Lab at University of Utah","2018-08-22","ElFtGy1kV49xqNP00HfxQA==","POM","1",300,25,100,"carbon",928.73,"microgramsPerLiter","Revesz & Coplen 2012a",,
"6c6009f2-4dcb-4f6a-9fee-efe22b7e321b","D03","FLNT","FLNT.AOS.buoy.c0","2018-07-24","FLNT.C0.20180724.POM.1","A00000003501","condition ok","SIRFER Lab at University of Utah","2018-08-22","ElFtGy1kV49xqNP00HfxQA==","POM","1",300,25,100,"d13C",-29.55,"perMill","Revesz & Coplen 2012a",,
"7458af82-4a07-4bcc-a198-4b5a0442a07a","D03","FLNT","FLNT.AOS.buoy.c0","2018-07-24","FLNT.C0.20180724.POM.1","A00000003501","condition ok","SIRFER Lab at University of Utah","2018-08-22","ElFtGy1kV49xqNP00HfxQA==","POM","1",300,25,100,"nitrogen",92.91,"microgramsPerLiter","Revesz & Coplen 2012a",,
