uid,domainID,siteID,namedLocation,collectDate,sampleID,sampleCode,sampleCondition,laboratoryName,analysisDate,analyzedBy,sampleType,replicate,sampleVolumeFiltered,filterSize,percentFilterAnalyzed,analyte,analyteConcentration,plantAlgaeLabUnits,method,externalRemarks,externalLabDataQF
"ca5dfaa9-3a01-41b2-ab48-f9cff91274ed","D16","MART","MART.AOS.S2","2019-05-07","MART.SS.20190507.POM.1","A00000061090","condition ok","SIRFER Lab at University of Utah","2019-09-06","ElFtGy1kV49xqNP00HfxQA==","POM","1",1500,25,100,"d15N",-2.05,"perMill","Revesz & Coplen 2012a",,
"a70a7a4c-ca40-4e5c-ad42-6ecb7da7535b","D16","MART","MART.AOS.S2","2019-05-07","MART.SS.20190507.POM.1","A00000061090","condition ok","SIRFER Lab at University of Utah","2019-09-06","ElFtGy1kV49xqNP00HfxQA==","POM","1",1500,25,100,"nitrogen",5.82,"microgramsPerLiter","Revesz & Coplen 2012a",,
"be8c8da2-d96a-41c9-aacc-fbb9c4a37c2b","D16","MART","MART.AOS.S2","2019-05-07","MART.SS.20190507.POM.1","A00000061090","condition ok","SIRFER Lab at University of Utah","2019-09-06","ElFtGy1kV49xqNP00HfxQA==","POM","1",1500,25,100,"carbon",64.03,"microgramsPerLiter","Revesz & Coplen 2012a",,
"d87f1ca4-ede3-4c70-b305-7303d659d720","D16","MART","MART.AOS.S2","2019-05-07","MART.SS.20190507.POM.1","A00000061090","condition ok","SIRFER Lab at University of Utah","2019-09-06","ElFtGy1kV49xqNP00HfxQA==","POM","1",1500,25,100,"d13C",-29.75,"perMill","Revesz & Coplen 2012a",,
"528405b9-36f6-4ca5-9fca-f248fa052b49","D16","MART","MART.AOS.S2","2019-05-16","MART.SS.20190516.POM.1","A00000060886","condition ok","SIRFER Lab at University of Utah","2019-10-08","ElFtGy1kV49xqNP00HfxQA==","POM","1",1500,25,100,"nitrogen",18.92,"microgramsPerLiter","Revesz & Coplen 2012a",,
"ac00fd45-e31f-4e11-bfa6-9f8ef16a3015","D16","MART","MART.AOS.S2","2019-05-16","MART.SS.20190516.POM.1","A00000060886","condition ok","SIRFER Lab at University of Utah","2019-10-08","ElFtGy1kV49xqNP00HfxQA==","POM","1",1500,25,100,"d15N",-1.36,"perMill","Revesz & Coplen 2012a",,
"ef905ada-e7b1-4243-83be-40cfa4083268","D16","MART","MART.AOS.S2","2019-05-16","MART.SS.20190516.POM.1","A00000060886","condition ok","SIRFER Lab at University of Utah","2019-10-08","ElFtGy1kV49xqNP00HfxQA==","POM","1",1500,25,100,"d13C",-27.56,"perMill","Revesz & Coplen 2012a",,
"d47b15a5-06fa-4663-8f66-6d0e9d200ecf","D16","MART","MART.AOS.S2","2019-05-16","MART.SS.20190516.POM.1","A00000060886","condition ok","SIRFER Lab at University of Utah","2019-10-08","ElFtGy1kV49xqNP00HfxQA==","POM","1",1500,25,100,"carbon",244.66,"microgramsPerLiter","Revesz & Coplen 2012a",,
