uid,domainID,siteID,namedLocation,collectDate,sampleID,sampleCode,sampleCondition,laboratoryName,analysisDate,analyzedBy,sampleType,replicate,sampleVolumeFiltered,filterSize,percentFilterAnalyzed,analyte,analyteConcentration,plantAlgaeLabUnits,method,externalRemarks,externalLabDataQF
"b08b1810-9bd6-4890-9fc9-fac3452fd21d","D18","TOOK","TOOK.AOS.buoy.c0","2018-05-01","TOOK.C0.20180501.POM.1","A00000030260","condition ok","SIRFER Lab at University of Utah","2018-07-16","ElFtGy1kV49xqNP00HfxQA==","POM","1",750,25,100,"carbon",225.43,"microgramsPerLiter","Revesz & Coplen 2012a",,
"7dbc3995-4054-48b1-8f99-45e7a723d994","D18","TOOK","TOOK.AOS.buoy.c0","2018-05-01","TOOK.C0.20180501.POM.1","A00000030260","condition ok","SIRFER Lab at University of Utah","2018-07-16","ElFtGy1kV49xqNP00HfxQA==","POM","1",750,25,100,"d13C",-30.04,"perMill","Revesz & Coplen 2012a",,
"a26c451b-bbab-4f20-8ed6-64734f7882d9","D18","TOOK","TOOK.AOS.buoy.c0","2018-05-01","TOOK.C0.20180501.POM.1","A00000030260","condition ok","SIRFER Lab at University of Utah","2018-07-16","ElFtGy1kV49xqNP00HfxQA==","POM","1",750,25,100,"d15N",7.83,"perMill","Revesz & Coplen 2012a",,
"10e7b73e-903f-4f19-879b-4425c04c14c8","D18","TOOK","TOOK.AOS.buoy.c0","2018-05-01","TOOK.C0.20180501.POM.1","A00000030260","condition ok","SIRFER Lab at University of Utah","2018-07-16","ElFtGy1kV49xqNP00HfxQA==","POM","1",750,25,100,"nitrogen",30.51,"microgramsPerLiter","Revesz & Coplen 2012a",,
