uid,domainID,siteID,namedLocation,decimalLatitude,decimalLongitude,coordinateUncertainty,additionalCoordUncertainty,elevation,elevationUncertainty,geodeticDatum,altLocation,altLatitude,altLongitude,altCoordinateUncertainty,altGeodeticDatum,collectDate,aquaticSiteType,samplingImpractical,parentSampleID,parentSampleCode,eventID,samplerType,dissolvedOxygen,dissolvedOxygenSaturation,specificConductance,waterTemp,asiSamplingProtocolVersion,lowerSegmentDepth,upperSegmentDepth,maxDepth,lakeSampleDepth1,lakeSampleDepth2,aCollectedBy,bCollectedBy,remarks,fieldDataQF
"4ac93bd9-01df-4fef-95ea-7ee54ccb9aee","D01","HOPB","HOPB.AOS.S2",42.471802,-72.330656,0.3,10.0,213.1,0.3,"WGS84",,,,,,"2018-03-06T14:34Z","stream",,"HOPB.SS.20180306",,"HOPB.20180306","Grab",13.10,96.00,107.40,1.90,"NEON.DOC.001886vF",,,,,,"rwilliams@battelleecology.org","rwilliams@battelleecology.org",,
"284cdce2-070f-43c6-b004-fcf48bdd609c","D01","HOPB","HOPB.AOS.S2",42.471802,-72.330656,0.3,10.0,213.1,0.3,"WGS84",,,,,,"2018-03-12T14:52Z","stream",,"HOPB.SS.20180312",,"HOPB.20180312","Grab",13.00,95.00,108.70,2.10,"NEON.DOC.001886vF",,,,,,"rwilliams@battelleecology.org","llukas@battelleecology.org",,
"bac4fb6d-090b-4e4a-988e-84c150bb167a","D01","HOPB","HOPB.AOS.S2",42.471802,-72.330656,0.3,10.0,213.1,0.3,"WGS84",,,,,,"2018-03-19T14:21Z","stream",,"HOPB.SS.20180319",,"HOPB.20180319","Grab",14.30,100.00,123.00,0.00,"NEON.DOC.001886vF",,,,,,"rwilliams@battelleecology.org","rwilliams@battelleecology.org",,
"3883b82f-77bd-4ca3-9ed0-eaecc0e7d640","D01","HOPB","HOPB.AOS.S2",42.471802,-72.330656,0.3,10.0,213.1,0.3,"WGS84",,,,,,"2018-03-29T14:10Z","stream",,"HOPB.SS.20180329",,"HOPB.20180329","Grab",12.60,98.00,102.90,4.30,"NEON.DOC.001886vF",,,,,,"jlerner@battelleecology.org","rwilliams@battelleecology.org",,
