uid,domainID,siteID,namedLocation,collectDate,sampleID,sampleCode,sampleCondition,laboratoryName,analysisDate,analyzedBy,sampleType,replicate,sampleVolumeFiltered,filterSize,percentFilterAnalyzed,analyte,analyteConcentration,plantAlgaeLabUnits,method,externalRemarks,externalLabDataQF
"fa6e2a60-3a6b-46f8-868c-95421db55fbd","D01","HOPB","HOPB.AOS.S2","2018-03-06","HOPB.SS.20180306.POM.1",,"condition ok","SIRFER Lab at University of Utah","2018-07-25","ElFtGy1kV49xqNP00HfxQA==","POM","1",1000,25,100,"d15N",10.54,"perMill","Revesz & Coplen 2012a",,
"719c38d8-14f7-4ddf-9207-1531aec24ccd","D01","HOPB","HOPB.AOS.S2","2018-03-06","HOPB.SS.20180306.POM.1",,"condition ok","SIRFER Lab at University of Utah","2018-07-25","ElFtGy1kV49xqNP00HfxQA==","POM","1",1000,25,100,"d13C",-28.18,"perMill","Revesz & Coplen 2012a",,
"3048cc24-e1b0-4bfc-a0aa-0e7ca293a7f3","D01","HOPB","HOPB.AOS.S2","2018-03-06","HOPB.SS.20180306.POM.1",,"condition ok","SIRFER Lab at University of Utah","2018-07-25","ElFtGy1kV49xqNP00HfxQA==","POM","1",1000,25,100,"carbon",131.57,"microgramsPerLiter","Revesz & Coplen 2012a",,
"e8f25981-aa42-403a-ab27-7de55a933196","D01","HOPB","HOPB.AOS.S2","2018-03-06","HOPB.SS.20180306.POM.1",,"condition ok","SIRFER Lab at University of Utah","2018-07-25","ElFtGy1kV49xqNP00HfxQA==","POM","1",1000,25,100,"nitrogen",10.86,"microgramsPerLiter","Revesz & Coplen 2012a",,
"d806dd85-f374-4ab5-8b27-3b829a08ee64","D01","HOPB","HOPB.AOS.S2","2018-03-12","HOPB.SS.20180312.POM.1",,"condition ok","SIRFER Lab at University of Utah","2018-07-25","ElFtGy1kV49xqNP00HfxQA==","POM","1",850,25,100,"d15N",0.63,"perMill","Revesz & Coplen 2012a",,
"f86f7374-1e91-484b-9620-157ab1acfdb6","D01","HOPB","HOPB.AOS.S2","2018-03-12","HOPB.SS.20180312.POM.1",,"condition ok","SIRFER Lab at University of Utah","2018-07-25","ElFtGy1kV49xqNP00HfxQA==","POM","1",850,25,100,"carbon",108.20,"microgramsPerLiter","Revesz & Coplen 2012a",,
"c1200d6b-9595-40ba-bdd9-180daeed8d0e","D01","HOPB","HOPB.AOS.S2","2018-03-12","HOPB.SS.20180312.POM.1",,"condition ok","SIRFER Lab at University of Utah","2018-07-25","ElFtGy1kV49xqNP00HfxQA==","POM","1",850,25,100,"d13C",-28.35,"perMill","Revesz & Coplen 2012a",,
"5d343dac-8446-4a3a-8228-95b2f26d2b78","D01","HOPB","HOPB.AOS.S2","2018-03-12","HOPB.SS.20180312.POM.1",,"condition ok","SIRFER Lab at University of Utah","2018-07-25","ElFtGy1kV49xqNP00HfxQA==","POM","1",850,25,100,"nitrogen",8.56,"microgramsPerLiter","Revesz & Coplen 2012a",,
"3976e358-625c-422a-8da0-31bbbb66ce6b","D01","HOPB","HOPB.AOS.S2","2018-03-19","HOPB.SS.20180319.POM.1",,"condition ok","SIRFER Lab at University of Utah","2018-07-25","ElFtGy1kV49xqNP00HfxQA==","POM","1",700,25,100,"carbon",233.90,"microgramsPerLiter","Revesz & Coplen 2012a",,
"65ce222e-c0d9-45f3-8405-64b4caf85d6c","D01","HOPB","HOPB.AOS.S2","2018-03-19","HOPB.SS.20180319.POM.1",,"condition ok","SIRFER Lab at University of Utah","2018-07-25","ElFtGy1kV49xqNP00HfxQA==","POM","1",700,25,100,"nitrogen",19.85,"microgramsPerLiter","Revesz & Coplen 2012a",,
"3b1143f5-b7da-4154-a36c-20c63401c243","D01","HOPB","HOPB.AOS.S2","2018-03-19","HOPB.SS.20180319.POM.1",,"condition ok","SIRFER Lab at University of Utah","2018-07-25","ElFtGy1kV49xqNP00HfxQA==","POM","1",700,25,100,"d13C",-27.76,"perMill","Revesz & Coplen 2012a",,
"50eb0b63-f0bf-400b-aeea-accc0ff755d5","D01","HOPB","HOPB.AOS.S2","2018-03-19","HOPB.SS.20180319.POM.1",,"condition ok","SIRFER Lab at University of Utah","2018-07-25","ElFtGy1kV49xqNP00HfxQA==","POM","1",700,25,100,"d15N",9.82,"perMill","Revesz & Coplen 2012a",,
"21ab7c5b-0295-4df7-a4a3-0e159a6fc6c6","D01","HOPB","HOPB.AOS.S2","2018-03-29","HOPB.SS.20180329.POM.1","A00000001194","condition ok","SIRFER Lab at University of Utah","2018-07-25","ElFtGy1kV49xqNP00HfxQA==","POM","1",900,25,100,"d13C",-28.34,"perMill","Revesz & Coplen 2012a",,
"00e18182-e4ff-4873-86c0-bd0bdb8e138e","D01","HOPB","HOPB.AOS.S2","2018-03-29","HOPB.SS.20180329.POM.1","A00000001194","condition ok","SIRFER Lab at University of Utah","2018-07-25","ElFtGy1kV49xqNP00HfxQA==","POM","1",900,25,100,"d15N",15.47,"perMill","Revesz & Coplen 2012a",,
"31b97918-aca6-46aa-9cb7-6535a51d5899","D01","HOPB","HOPB.AOS.S2","2018-03-29","HOPB.SS.20180329.POM.1","A00000001194","condition ok","SIRFER Lab at University of Utah","2018-07-25","ElFtGy1kV49xqNP00HfxQA==","POM","1",900,25,100,"carbon",223.64,"microgramsPerLiter","Revesz & Coplen 2012a",,
"06f469b3-38a8-4e3b-802f-0debcfc2e953","D01","HOPB","HOPB.AOS.S2","2018-03-29","HOPB.SS.20180329.POM.1","A00000001194","condition ok","SIRFER Lab at University of Utah","2018-07-25","ElFtGy1kV49xqNP00HfxQA==","POM","1",900,25,100,"nitrogen",17.50,"microgramsPerLiter","Revesz & Coplen 2012a",,
