uid,domainID,siteID,namedLocation,collectDate,parentSampleID,parentSampleCode,isotopeH2OSampleCond,isotopeH2OSampleID,isotopeH2OSampleCode,isotopePOMRep2SampleCond,isotopePOMRep2SampleID,isotopePOMRep2SampleCode,isotopePOMSampleCond,isotopePOMSampleID,isotopePOMSampleCode,processedDateFilters,processedDateH2OIsotopes,sampleVolumeFilteredPOMRep1,sampleVolumeFilteredPOMRep2,fieldDataQF
"27f3a012-d6bc-4dc1-946d-5852ff2c3bfc","D01","HOPB","HOPB.AOS.S2","2018-03-06T14:34Z","HOPB.SS.20180306",,"Sample condition ok","HOPB.SS.20180306.H2O.1",,"Sample condition ok","HOPB.SS.20180306.POM.2",,"Sample condition ok","HOPB.SS.20180306.POM.1",,"2018-03-06T16:33Z","2018-03-06T14:49Z",1000,1000,
"faf85f8a-5038-4a02-bc11-cb9898a02556","D01","HOPB","HOPB.AOS.S2","2018-03-12T14:52Z","HOPB.SS.20180312",,"Sample condition ok","HOPB.SS.20180312.H2O.1",,"Sample condition ok","HOPB.SS.20180312.POM.2",,"Sample condition ok","HOPB.SS.20180312.POM.1",,"2018-03-12T17:40Z","2018-03-12T15:17Z",850,850,
"1e867079-37aa-471e-a8ee-ff29ec5ad43d","D01","HOPB","HOPB.AOS.S2","2018-03-19T14:21Z","HOPB.SS.20180319",,"Sample condition ok","HOPB.SS.20180319.H2O.1",,"Sample condition ok","HOPB.SS.20180319.POM.2",,"Sample condition ok","HOPB.SS.20180319.POM.1",,"2018-03-19T18:50Z","2018-03-19T14:15Z",700,700,
"ea0915a7-02a9-41b3-952b-8143ab6c7c77","D01","HOPB","HOPB.AOS.S2","2018-03-29T14:10Z","HOPB.SS.20180329",,"Sample condition ok","HOPB.SS.20180329.H2O.1","A00000001190","Sample condition ok","HOPB.SS.20180329.POM.2","A00000001195","Sample condition ok","HOPB.SS.20180329.POM.1","A00000001194","2018-03-29T16:17Z","2018-03-29T14:30Z",900,900,
