uid,domainID,siteID,namedLocation,collectDate,sampleID,sampleCode,sampleCondition,laboratoryName,analysisDate,analyzedBy,sampleType,replicate,sampleVolumeFiltered,filterSize,percentFilterAnalyzed,analyte,analyteConcentration,plantAlgaeLabUnits,method,externalRemarks,externalLabDataQF
"fdef4b2a-9088-455d-8378-d04a5bbf319b","D18","TOOK","TOOK.AOS.buoy.c0","2019-04-02","TOOK.C0.20190402.POM.1","A00000064551","condition ok","SIRFER Lab at University of Utah","2019-04-30","ElFtGy1kV49xqNP00HfxQA==","POM","1",700,25,100,"nitrogen",39.00,"microgramsPerLiter","Revesz & Coplen 2012a",,
"da6fbc43-8c38-4203-8870-3f6886a75713","D18","TOOK","TOOK.AOS.buoy.c0","2019-04-02","TOOK.C0.20190402.POM.1","A00000064551","condition ok","SIRFER Lab at University of Utah","2019-04-30","ElFtGy1kV49xqNP00HfxQA==","POM","1",700,25,100,"d13C",-27.78,"perMill","Revesz & Coplen 2012a",,
"cb91ae3a-d786-4ac5-84e5-8a9447eab188","D18","TOOK","TOOK.AOS.buoy.c0","2019-04-02","TOOK.C0.20190402.POM.1","A00000064551","condition ok","SIRFER Lab at University of Utah","2019-04-30","ElFtGy1kV49xqNP00HfxQA==","POM","1",700,25,100,"carbon",235.48,"microgramsPerLiter","Revesz & Coplen 2012a",,
"ac814936-f872-41ab-8873-93c0c36f0f5b","D18","TOOK","TOOK.AOS.buoy.c0","2019-04-02","TOOK.C0.20190402.POM.1","A00000064551","condition ok","SIRFER Lab at University of Utah","2019-04-30","ElFtGy1kV49xqNP00HfxQA==","POM","1",700,25,100,"d15N",8.21,"perMill","Revesz & Coplen 2012a",,
