uid,domainID,siteID,namedLocation,collectDate,sampleID,sampleCode,sampleCondition,laboratoryName,analysisDate,analyzedBy,sampleType,replicate,sampleVolumeFiltered,filterSize,percentFilterAnalyzed,analyte,analyteConcentration,plantAlgaeLabUnits,method,externalRemarks,externalLabDataQF
"9483e75c-a0ce-4abc-ad31-5e20ea80da55","D07","WALK","WALK.AOS.S2","2016-01-05","WALK.SS.20160105.POM.2",,"other","Academy of Natural Sciences of Drexel University","2016-08-29","OKgcKejxXbI=","13C15N","2",,,100,"d13C",-28.13,"perMill",,"Sample stored longer than 2 months, difference in volume filtered",
"f15b37b6-8ba8-4334-8024-e5dd56fc0c5e","D07","WALK","WALK.AOS.S2","2016-01-05","WALK.SS.20160105.POM.1",,"other","Academy of Natural Sciences of Drexel University","2016-08-29","OKgcKejxXbI=","13C15N","1",,,100,"d15N",4.02,"perMill",,"Sample stored longer than 2 months, difference in volume filtered",
"49f1afbe-9347-46e6-a59f-aa23597f59ea","D07","WALK","WALK.AOS.S2","2016-01-05","WALK.SS.20160105.POM.2",,"other","Academy of Natural Sciences of Drexel University","2016-08-29","OKgcKejxXbI=","13C15N","2",,,100,"d15N",3.30,"perMill",,"Sample stored longer than 2 months, difference in volume filtered",
"04c0adca-be69-45eb-bc3f-32b07056f648","D07","WALK","WALK.AOS.S2","2016-01-05","WALK.SS.20160105.POM.1",,"other","Academy of Natural Sciences of Drexel University","2016-08-29","OKgcKejxXbI=","13C15N","1",,,100,"d13C",-29.64,"perMill",,"Sample stored longer than 2 months, difference in volume filtered",
"8649647a-ea41-4087-b07f-f7dc24f010ef","D07","WALK","WALK.AOS.S2","2016-01-12","WALK.SS.20160112.POM.2",,"other","Academy of Natural Sciences of Drexel University","2016-08-29","OKgcKejxXbI=","13C15N","2",,,100,"d13C",-29.18,"perMill",,"Sample stored longer than 2 months",
"0b9a2468-ce31-495e-bc4b-71723d9f90c9","D07","WALK","WALK.AOS.S2","2016-01-12","WALK.SS.20160112.POM.2",,"other","Academy of Natural Sciences of Drexel University","2016-08-29","OKgcKejxXbI=","13C15N","2",,,100,"d15N",1.95,"perMill",,"Sample stored longer than 2 months",
"2bcc89a8-48f4-4d17-a0b4-b84ddd0272aa","D07","WALK","WALK.AOS.S2","2016-01-12","WALK.SS.20160112.POM.1",,"other","Academy of Natural Sciences of Drexel University","2016-08-29","OKgcKejxXbI=","13C15N","1",,,100,"d13C",-30.20,"perMill",,"Sample stored longer than 2 months",
"573715e5-4eab-4028-b19d-8a62e1579ab5","D07","WALK","WALK.AOS.S2","2016-01-12","WALK.SS.20160112.POM.1",,"other","Academy of Natural Sciences of Drexel University","2016-08-29","OKgcKejxXbI=","13C15N","1",,,100,"d15N",2.33,"perMill",,"Sample stored longer than 2 months",
"2b122ece-9eda-4675-9d43-38b8238d0819","D07","WALK","WALK.AOS.S2","2016-01-26","WALK.SS.20160126.POM.2",,"other","Academy of Natural Sciences of Drexel University","2016-08-29","OKgcKejxXbI=","13C15N","2",,,100,"d13C",-28.61,"perMill",,"Sample stored longer than 2 months",
"30e28dcd-5c96-4880-90f2-f0ecc255d279","D07","WALK","WALK.AOS.S2","2016-01-26","WALK.SS.20160126.POM.1",,"other","Academy of Natural Sciences of Drexel University","2016-08-29","OKgcKejxXbI=","13C15N","1",,,100,"d15N",2.10,"perMill",,"Sample stored longer than 2 months",
"37f2c94c-af73-40b9-bfdf-935f41522878","D07","WALK","WALK.AOS.S2","2016-01-26","WALK.SS.20160126.POM.2",,"other","Academy of Natural Sciences of Drexel University","2016-08-29","OKgcKejxXbI=","13C15N","2",,,100,"d15N",2.18,"perMill",,"Sample stored longer than 2 months",
"0bfb93c6-231f-43c6-8f4f-fce1439048c7","D07","WALK","WALK.AOS.S2","2016-01-26","WALK.SS.20160126.POM.1",,"other","Academy of Natural Sciences of Drexel University","2016-08-29","OKgcKejxXbI=","13C15N","1",,,100,"d13C",-28.74,"perMill",,"Sample stored longer than 2 months",
