uid,domainID,siteID,namedLocation,collectDate,sampleID,sampleCode,sampleCondition,laboratoryName,analysisDate,analyzedBy,sampleType,replicate,sampleVolumeFiltered,filterSize,percentFilterAnalyzed,analyte,analyteConcentration,plantAlgaeLabUnits,method,externalRemarks,externalLabDataQF
"c0a5f5b3-cd6a-41bb-b4e8-3918a1f9aec5","D19","CARI","CARI.AOS.S2","2016-10-04","CARI.SS.20161004.POM.2",,"other","Academy of Natural Sciences of Drexel University","2017-05-23","OKgcKejxXbI=","13C15N","2",,,100,"d15N",,"perMill",,"analysis corrupted during analysis, not enough sample for analysis",
"e884a831-82e2-4e73-ac4d-5e0c5fdf55bc","D19","CARI","CARI.AOS.S2","2016-10-04","CARI.SS.20161004.POM.1",,"condition ok","Academy of Natural Sciences of Drexel University","2017-04-03","OKgcKejxXbI=","13C15N","1",,,100,"d13C",-27.04,"perMill",,,
"c9fb3f02-8be8-416f-9842-83e3c05c44ba","D19","CARI","CARI.AOS.S2","2016-10-04","CARI.SS.20161004.POM.2",,"condition ok","Academy of Natural Sciences of Drexel University","2017-05-23","OKgcKejxXbI=","13C15N","2",,,100,"d13C",-27.33,"perMill",,,
"44cb1e94-2167-436f-924b-d67919dc36f7","D19","CARI","CARI.AOS.S2","2016-10-04","CARI.SS.20161004.POM.1",,"condition ok","Academy of Natural Sciences of Drexel University","2017-04-03","OKgcKejxXbI=","13C15N","1",,,100,"d15N",3.69,"perMill",,,
"b7c6f4e0-aa69-4b9c-9507-b0f11109d61f","D19","CARI","CARI.AOS.S2","2016-10-11","CARI.SS.20161011.POM.2",,"other","Academy of Natural Sciences of Drexel University","2017-05-23","OKgcKejxXbI=","13C15N","2",,,100,"d15N",,"perMill",,"analysis corrupted during analysis, not enough sample for analysis",
"f63d5f8d-22db-4ab3-8053-71f40ae70bbf","D19","CARI","CARI.AOS.S2","2016-10-11","CARI.SS.20161011.POM.1",,"condition ok","Academy of Natural Sciences of Drexel University","2017-04-03","OKgcKejxXbI=","13C15N","1",,,100,"d13C",-27.40,"perMill",,,
"a02ead74-0d95-4f2a-a818-3e419660c38c","D19","CARI","CARI.AOS.S2","2016-10-11","CARI.SS.20161011.POM.2",,"condition ok","Academy of Natural Sciences of Drexel University","2017-05-23","OKgcKejxXbI=","13C15N","2",,,100,"d13C",-28.01,"perMill",,,
"366cc07d-1862-455a-8175-c9b9b53b4ad3","D19","CARI","CARI.AOS.S2","2016-10-11","CARI.SS.20161011.POM.1",,"condition ok","Academy of Natural Sciences of Drexel University","2017-04-03","OKgcKejxXbI=","13C15N","1",,,100,"d15N",3.25,"perMill",,,
