uid,domainID,siteID,namedLocation,collectDate,sampleID,sampleCode,sampleCondition,laboratoryName,analysisDate,analyzedBy,sampleType,replicate,sampleVolumeFiltered,filterSize,percentFilterAnalyzed,analyte,analyteConcentration,plantAlgaeLabUnits,method,externalRemarks,externalLabDataQF
"b35f91a2-810f-4b8a-a4f4-00703c1ec619","D18","OKSR","OKSR.AOS.S2","2017-09-05","OKSR.SS.20170905.POM.1",,"condition ok","SIRFER Lab at University of Utah","2018-03-28","ElFtGy1kV49xqNP00HfxQA==","POM","1",650,25,100,"d13C",-28.80,"perMill","Revesz & Coplen 2012a",,
"a0965f24-d43e-4f59-be96-6313f2fc9719","D18","OKSR","OKSR.AOS.S2","2017-09-05","OKSR.SS.20170905.POM.1",,"condition ok","SIRFER Lab at University of Utah","2018-03-28","ElFtGy1kV49xqNP00HfxQA==","POM","1",650,25,100,"d15N",9.00,"perMill","Revesz & Coplen 2012a",,
"9823a782-6389-49c2-9d53-8bf647237e6e","D18","OKSR","OKSR.AOS.S2","2017-09-05","OKSR.SS.20170905.POM.1",,"condition ok","SIRFER Lab at University of Utah","2018-03-28","ElFtGy1kV49xqNP00HfxQA==","POM","1",650,25,100,"nitrogen",14.49,"microgramsPerLiter","Revesz & Coplen 2012a",,
"c7aa1fd1-42d8-4961-9032-19e844c65bf7","D18","OKSR","OKSR.AOS.S2","2017-09-05","OKSR.SS.20170905.POM.1",,"condition ok","SIRFER Lab at University of Utah","2018-03-28","ElFtGy1kV49xqNP00HfxQA==","POM","1",650,25,100,"carbon",130.74,"microgramsPerLiter","Revesz & Coplen 2012a",,
"8a49b779-9236-4da7-87de-b21f07a7a429","D18","OKSR","OKSR.AOS.S2","2017-09-12","OKSR.SS.20170912.POM.1",,"condition ok","SIRFER Lab at University of Utah","2018-03-28","ElFtGy1kV49xqNP00HfxQA==","POM","1",650,25,100,"d15N",9.52,"perMill","Revesz & Coplen 2012a",,
"282c2bac-1e0b-409f-b977-e05036313114","D18","OKSR","OKSR.AOS.S2","2017-09-12","OKSR.SS.20170912.POM.1",,"condition ok","SIRFER Lab at University of Utah","2018-03-28","ElFtGy1kV49xqNP00HfxQA==","POM","1",650,25,100,"d13C",-29.32,"perMill","Revesz & Coplen 2012a",,
"6cd563fc-81b5-448d-96d8-c24cadec9a14","D18","OKSR","OKSR.AOS.S2","2017-09-12","OKSR.SS.20170912.POM.1",,"condition ok","SIRFER Lab at University of Utah","2018-03-28","ElFtGy1kV49xqNP00HfxQA==","POM","1",650,25,100,"nitrogen",17.75,"microgramsPerLiter","Revesz & Coplen 2012a",,
"e04f0e83-c2ca-421d-8f7f-1409769fb2b7","D18","OKSR","OKSR.AOS.S2","2017-09-12","OKSR.SS.20170912.POM.1",,"condition ok","SIRFER Lab at University of Utah","2018-03-28","ElFtGy1kV49xqNP00HfxQA==","POM","1",650,25,100,"carbon",147.70,"microgramsPerLiter","Revesz & Coplen 2012a",,
