uid,domainID,siteID,namedLocation,collectDate,sampleID,sampleCode,sampleCondition,laboratoryName,analysisDate,analyzedBy,sampleType,replicate,sampleVolumeFiltered,filterSize,percentFilterAnalyzed,analyte,analyteConcentration,plantAlgaeLabUnits,method,externalRemarks,externalLabDataQF
"e3a5b25f-84c1-401d-ade7-1e29377bf8b4","D08","BLWA","BLWA.AOS.buoy.c0","2017-11-02","BLWA.C0.20171102.POM.1",,"condition ok","SIRFER Lab at University of Utah","2018-08-28","ElFtGy1kV49xqNP00HfxQA==","POM","1",100,25,100,"d13C",-33.26,"perMill","Revesz & Coplen 2012a",,
"062e2b6d-2885-4f17-a8d5-a6790cd267b2","D08","BLWA","BLWA.AOS.buoy.c0","2017-11-02","BLWA.C0.20171102.POM.1",,"condition ok","SIRFER Lab at University of Utah","2018-08-28","ElFtGy1kV49xqNP00HfxQA==","POM","1",100,25,100,"carbon",1499.52,"microgramsPerLiter","Revesz & Coplen 2012a",,
"53401aa5-82fd-4c0d-a023-147b4a502942","D08","BLWA","BLWA.AOS.buoy.c0","2017-11-02","BLWA.C0.20171102.POM.1",,"condition ok","SIRFER Lab at University of Utah","2018-08-28","ElFtGy1kV49xqNP00HfxQA==","POM","1",100,25,100,"d15N",14.03,"perMill","Revesz & Coplen 2012a",,
"c3697960-a011-4397-8f4d-5b4101edd379","D08","BLWA","BLWA.AOS.buoy.c0","2017-11-02","BLWA.C0.20171102.POM.1",,"condition ok","SIRFER Lab at University of Utah","2018-08-28","ElFtGy1kV49xqNP00HfxQA==","POM","1",100,25,100,"nitrogen",200.82,"microgramsPerLiter","Revesz & Coplen 2012a",,
"e252b4bd-bd25-4a89-bdeb-6492b269ec4a","D08","BLWA","BLWA.AOS.buoy.c0","2017-11-21","BLWA.C0.20171121.POM.1",,"condition ok","SIRFER Lab at University of Utah","2018-08-28","ElFtGy1kV49xqNP00HfxQA==","POM","1",100,25,100,"d15N",9.09,"perMill","Revesz & Coplen 2012a",,
"4ef480ba-0551-408a-933b-76d1d0f14f83","D08","BLWA","BLWA.AOS.buoy.c0","2017-11-21","BLWA.C0.20171121.POM.1",,"condition ok","SIRFER Lab at University of Utah","2018-08-28","ElFtGy1kV49xqNP00HfxQA==","POM","1",100,25,100,"nitrogen",83.32,"microgramsPerLiter","Revesz & Coplen 2012a",,
"e88ffff5-c56c-4120-a61c-2476d87a1c0c","D08","BLWA","BLWA.AOS.buoy.c0","2017-11-21","BLWA.C0.20171121.POM.1",,"condition ok","SIRFER Lab at University of Utah","2018-08-28","ElFtGy1kV49xqNP00HfxQA==","POM","1",100,25,100,"carbon",662.15,"microgramsPerLiter","Revesz & Coplen 2012a",,
"f17bea1f-4f3b-4a8e-aa13-4c17460cac89","D08","BLWA","BLWA.AOS.buoy.c0","2017-11-21","BLWA.C0.20171121.POM.1",,"condition ok","SIRFER Lab at University of Utah","2018-08-28","ElFtGy1kV49xqNP00HfxQA==","POM","1",100,25,100,"d13C",-31.64,"perMill","Revesz & Coplen 2012a",,
