uid,domainID,siteID,namedLocation,collectDate,sampleID,sampleCode,sampleCondition,laboratoryName,analysisDate,analyzedBy,sampleType,replicate,sampleVolumeFiltered,filterSize,percentFilterAnalyzed,analyte,analyteConcentration,plantAlgaeLabUnits,method,externalRemarks,externalLabDataQF
"13ce491f-69a5-4cff-8f3b-cb43fdff5e82","D10","ARIK","ARIK.AOS.S2","2017-05-02","ARIK.SS.20170502.POM.2",,"condition ok","SIRFER Lab at University of Utah","2018-04-04","ElFtGy1kV49xqNP00HfxQA==","POM","1",300,25,100,"d13C",-29.59,"perMill","Revesz & Coplen 2012a",,
"2fef7e1f-00ee-4c2c-a194-c584d72ce42f","D10","ARIK","ARIK.AOS.S2","2017-05-02","ARIK.SS.20170502.POM.2",,"condition ok","SIRFER Lab at University of Utah","2018-04-04","ElFtGy1kV49xqNP00HfxQA==","POM","1",300,25,100,"carbon",1038.45,"microgramsPerLiter","Revesz & Coplen 2012a",,
"b588a765-65a1-48d1-9389-5fe18885a4d7","D10","ARIK","ARIK.AOS.S2","2017-05-02","ARIK.SS.20170502.POM.2",,"condition ok","SIRFER Lab at University of Utah","2018-04-04","ElFtGy1kV49xqNP00HfxQA==","POM","1",300,25,100,"d15N",7.56,"perMill","Revesz & Coplen 2012a",,
"a6c35e44-dec2-47c7-aec8-21376bae8bb4","D10","ARIK","ARIK.AOS.S2","2017-05-02","ARIK.SS.20170502.POM.2",,"condition ok","SIRFER Lab at University of Utah","2018-04-04","ElFtGy1kV49xqNP00HfxQA==","POM","1",300,25,100,"nitrogen",142.25,"microgramsPerLiter","Revesz & Coplen 2012a",,
"47155027-9bad-4bb2-8ee2-28632d17873a","D10","ARIK","ARIK.AOS.S2","2017-05-16","ARIK.SS.20170516.POM.2",,"condition ok","SIRFER Lab at University of Utah","2018-04-04","ElFtGy1kV49xqNP00HfxQA==","POM","1",370,25,100,"nitrogen",119.65,"microgramsPerLiter","Revesz & Coplen 2012a",,
"ff9e0caf-151a-494f-a362-7b2ac5b9d46e","D10","ARIK","ARIK.AOS.S2","2017-05-16","ARIK.SS.20170516.POM.2",,"condition ok","SIRFER Lab at University of Utah","2018-04-04","ElFtGy1kV49xqNP00HfxQA==","POM","1",370,25,100,"d13C",-29.70,"perMill","Revesz & Coplen 2012a",,
"594e9fec-8272-4089-8803-0e569fa7f2c0","D10","ARIK","ARIK.AOS.S2","2017-05-16","ARIK.SS.20170516.POM.2",,"condition ok","SIRFER Lab at University of Utah","2018-04-04","ElFtGy1kV49xqNP00HfxQA==","POM","1",370,25,100,"d15N",4.29,"perMill","Revesz & Coplen 2012a",,
"4e4c8f46-0d37-4b28-96bb-d809ec34e466","D10","ARIK","ARIK.AOS.S2","2017-05-16","ARIK.SS.20170516.POM.2",,"condition ok","SIRFER Lab at University of Utah","2018-04-04","ElFtGy1kV49xqNP00HfxQA==","POM","1",370,25,100,"carbon",853.54,"microgramsPerLiter","Revesz & Coplen 2012a",,
"6fd6dedf-7f05-4fee-bd96-cacc422f1db4","D10","ARIK","ARIK.AOS.S2","2017-05-31","ARIK.SS.20170531.POM.1",,"condition ok","SIRFER Lab at University of Utah","2018-04-04","ElFtGy1kV49xqNP00HfxQA==","POM","1",500,25,100,"d13C",-29.34,"perMill","Revesz & Coplen 2012a",,
"7037128d-c85f-4f8d-9bb2-ab04486880d9","D10","ARIK","ARIK.AOS.S2","2017-05-31","ARIK.SS.20170531.POM.1",,"condition ok","SIRFER Lab at University of Utah","2018-04-04","ElFtGy1kV49xqNP00HfxQA==","POM","1",500,25,100,"nitrogen",251.40,"microgramsPerLiter","Revesz & Coplen 2012a",,
"fa34a2b9-c47a-402b-a929-c1dc03c3895b","D10","ARIK","ARIK.AOS.S2","2017-05-31","ARIK.SS.20170531.POM.1",,"condition ok","SIRFER Lab at University of Utah","2018-04-04","ElFtGy1kV49xqNP00HfxQA==","POM","1",500,25,100,"d15N",0.25,"perMill","Revesz & Coplen 2012a",,
"56afdad8-510c-465e-90b8-274ea187b0e3","D10","ARIK","ARIK.AOS.S2","2017-05-31","ARIK.SS.20170531.POM.1",,"condition ok","SIRFER Lab at University of Utah","2018-04-04","ElFtGy1kV49xqNP00HfxQA==","POM","1",500,25,100,"carbon",1426.71,"microgramsPerLiter","Revesz & Coplen 2012a",,
