uid,domainID,siteID,namedLocation,collectDate,parentSampleID,parentSampleCode,isotopeH2OSampleCond,isotopeH2OSampleID,isotopeH2OSampleCode,isotopePOMRep2SampleCond,isotopePOMRep2SampleID,isotopePOMRep2SampleCode,isotopePOMSampleCond,isotopePOMSampleID,isotopePOMSampleCode,processedDateFilters,processedDateH2OIsotopes,sampleVolumeFilteredPOMRep1,sampleVolumeFilteredPOMRep2,fieldDataQF
"081af6b4-612a-4b93-a558-c4a7df3fae62","D10","ARIK","ARIK.AOS.S2","2017-05-02T17:36Z","ARIK.SS.20170502",,"Sample condition ok","ARIK.SS.20170502.H2O.1",,"Sample condition ok","ARIK.SS.20170502.POM.2",,"Sample condition ok","ARIK.SS.20170502.POM.1",,"2017-05-05T19:30Z","2017-05-02T18:04Z",300,300,
"f9e08521-2118-4252-81c8-f66104e1d3d9","D10","ARIK","ARIK.AOS.S2","2017-05-16T15:40Z","ARIK.SS.20170516",,"Sample condition ok","ARIK.SS.20170516.H2O.1",,"Sample condition ok","ARIK.SS.20170516.POM.2",,"Sample condition ok","ARIK.SS.20170516.POM.1",,"2017-05-16T17:51Z","2017-05-16T17:33Z",370,370,
"226abcd9-003f-4d11-8c9b-a151f655517a","D10","ARIK","ARIK.AOS.S2","2017-05-31T17:19Z","ARIK.SS.20170531",,"Sample condition ok",,,"Sample condition ok",,,"Sample condition ok",,,"2017-06-14T18:00Z","2017-06-14T18:00Z",,,
"eb18a0de-51e7-43a4-827a-0df984590ba7","D10","ARIK","ARIK.AOS.S2","2017-05-31T17:19Z","ARIK.SS.20170531",,"Sample condition ok","ARIK.SS.20170531.H2O.1",,"Sample condition ok",,,"Sample condition ok","ARIK.SS.20170531.POM.1",,"2017-05-31T18:46Z","2017-05-31T19:00Z",500,,
