uid,domainID,siteID,namedLocation,collectDate,sampleID,sampleCode,sampleCondition,laboratoryName,analysisDate,analyzedBy,sampleType,replicate,sampleVolumeFiltered,filterSize,percentFilterAnalyzed,analyte,analyteConcentration,plantAlgaeLabUnits,method,externalRemarks,externalLabDataQF
"1dfe1963-cf30-47c4-b1fa-0db9ad55146b","D19","CARI","CARI.AOS.S2","2016-07-19","CARI.SS.20160719.POM.2",,"condition ok","Academy of Natural Sciences of Drexel University","2017-05-23","OKgcKejxXbI=","13C15N","2",,,100,"d13C",-26.59,"perMill",,,
"c0cca4c9-7fbb-419e-b32d-61507e2ac9a4","D19","CARI","CARI.AOS.S2","2016-07-19","CARI.SS.20160719.POM.1",,"condition ok","Academy of Natural Sciences of Drexel University","2017-04-03","OKgcKejxXbI=","13C15N","1",,,100,"d13C",-26.40,"perMill",,,
"0ce230cb-c443-47a2-8f55-6a33b2b29a8a","D19","CARI","CARI.AOS.S2","2016-07-19","CARI.SS.20160719.POM.1",,"condition ok","Academy of Natural Sciences of Drexel University","2017-04-03","OKgcKejxXbI=","13C15N","1",,,100,"d15N",2.78,"perMill",,,
"5b0caba2-7800-40c4-b970-c8bc712b845b","D19","CARI","CARI.AOS.S2","2016-07-19","CARI.SS.20160719.POM.2",,"other","Academy of Natural Sciences of Drexel University","2017-05-23","OKgcKejxXbI=","13C15N","2",,,100,"d15N",,"perMill",,"analysis corrupted during analysis, not enough sample for analysis",
