uid,domainID,siteID,namedLocation,collectDate,parentSampleID,parentSampleCode,isotopeH2OSampleCond,isotopeH2OSampleID,isotopeH2OSampleCode,isotopePOMRep2SampleCond,isotopePOMRep2SampleID,isotopePOMRep2SampleCode,isotopePOMSampleCond,isotopePOMSampleID,isotopePOMSampleCode,processedDateFilters,processedDateH2OIsotopes,sampleVolumeFilteredPOMRep1,sampleVolumeFilteredPOMRep2,fieldDataQF
"e61b6fcc-2941-48e3-aa37-5952f53efc12","D03","BARC","BARC.AOS.buoy.c0","2017-06-08T14:04Z","BARC.C0.20170608",,"Sample condition ok","BARC.C0.20170608.H2O.1",,"Sample condition ok",,,"Sample condition ok","BARC.C0.20170608.POM.1",,"2017-06-08T17:17Z","2017-06-08T17:17Z",300,,
"a9967e0e-54bc-4508-b2d4-4d4e8ccc6b4f","D03","BARC","BARC.AOS.inlet","2017-06-08T14:30Z","BARC.IN.20170608",,"Sample condition ok","BARC.IN.20170608.H2O.1",,"Sample condition ok",,,"Sample condition ok","BARC.IN.20170608.POM.1",,"2017-06-08T17:44Z","2017-06-08T17:44Z",250,,
"9c7bae46-8b25-471b-a05b-22c08554534f","D03","BARC","BARC.AOS.outlet","2017-06-08T15:00Z","BARC.OT.20170608",,"Sample condition ok","BARC.OT.20170608.H2O.1",,"Sample condition ok",,,"Sample condition ok","BARC.OT.20170608.POM.1",,"2017-06-08T18:18Z","2017-06-08T18:19Z",250,,
"a16e6c88-0148-41d9-b33a-c0e7c4024cce","D03","BARC","BARC.AOS.buoy.c0","2017-06-27T12:51Z","BARC.C0.20170627",,"Sample condition ok","BARC.C0.20170627.H2O.1",,"Sample condition ok",,,"Sample condition ok","BARC.C0.20170627.POM.1",,"2017-06-27T15:39Z","2017-06-27T15:30Z",300,,
"3576682f-9a77-45c8-a752-115bb0e437a2","D03","BARC","BARC.AOS.inlet","2017-06-27T13:17Z","BARC.IN.20170627",,"Sample condition ok","BARC.IN.20170627.H2O.1",,"Sample condition ok",,,"Sample condition ok","BARC.IN.20170627.POM.1",,,"2017-06-27T16:10Z",250,,
"b2cdefa6-87e8-4325-b9c2-a2d61ef99911","D03","BARC","BARC.AOS.outlet","2017-06-27T13:45Z","BARC.OT.20170627",,"Sample condition ok","BARC.OT.20170627.H2O.1",,"Sample condition ok",,,"Sample condition ok","BARC.OT.20170627.POM.1",,"2017-06-27T16:28Z","2017-06-27T16:27Z",250,,
