uid,domainID,siteID,namedLocation,collectDate,sampleID,sampleCode,sampleCondition,laboratoryName,analysisDate,analyzedBy,sampleType,replicate,sampleVolumeFiltered,filterSize,percentFilterAnalyzed,analyte,analyteConcentration,plantAlgaeLabUnits,method,externalRemarks,externalLabDataQF
"b8353cec-9ca7-4987-904a-eb857dcd8c87","D03","BARC","BARC.AOS.buoy.c0","2017-06-08","BARC.C0.20170608.POM.1",,"condition ok","SIRFER Lab at University of Utah","2018-05-22","ElFtGy1kV49xqNP00HfxQA==","POM","1",,,100,"d13C",-32.44,"perMill","Revesz & Coplen 2012a",,
"113b25f0-ff61-472c-8f45-edc8c7b03049","D03","BARC","BARC.AOS.buoy.c0","2017-06-08","BARC.C0.20170608.POM.1",,"condition ok","SIRFER Lab at University of Utah","2018-05-22","ElFtGy1kV49xqNP00HfxQA==","POM","1",,,100,"nitrogen",35.14,"microgramsPerLiter","Revesz & Coplen 2012a",,
"175c8b7c-55e3-4830-8095-adf3fc712a15","D03","BARC","BARC.AOS.buoy.c0","2017-06-08","BARC.C0.20170608.POM.1",,"condition ok","SIRFER Lab at University of Utah","2018-05-22","ElFtGy1kV49xqNP00HfxQA==","POM","1",,,100,"d15N",10.39,"perMill","Revesz & Coplen 2012a",,
"4a322b8c-c7b2-482c-b141-84ce19236c39","D03","BARC","BARC.AOS.buoy.c0","2017-06-08","BARC.C0.20170608.POM.1",,"condition ok","SIRFER Lab at University of Utah","2018-05-22","ElFtGy1kV49xqNP00HfxQA==","POM","1",,,100,"carbon",455.25,"microgramsPerLiter","Revesz & Coplen 2012a",,
"2337de2b-0318-422e-8c8a-5ae706376909","D03","BARC","BARC.AOS.inlet","2017-06-08","BARC.IN.20170608.POM.1",,"condition ok","SIRFER Lab at University of Utah","2018-05-22","ElFtGy1kV49xqNP00HfxQA==","POM","1",,,100,"nitrogen",43.91,"microgramsPerLiter","Revesz & Coplen 2012a",,
"8f69c008-5ad9-4e87-adea-f3dad8f14336","D03","BARC","BARC.AOS.inlet","2017-06-08","BARC.IN.20170608.POM.1",,"condition ok","SIRFER Lab at University of Utah","2018-05-22","ElFtGy1kV49xqNP00HfxQA==","POM","1",,,100,"d13C",-30.89,"perMill","Revesz & Coplen 2012a",,
"3631d114-6c49-4ba3-9d61-79cc39e5eeae","D03","BARC","BARC.AOS.inlet","2017-06-08","BARC.IN.20170608.POM.1",,"condition ok","SIRFER Lab at University of Utah","2018-05-22","ElFtGy1kV49xqNP00HfxQA==","POM","1",,,100,"d15N",9.92,"perMill","Revesz & Coplen 2012a",,
"91de3a16-4aba-44c1-8ea1-66ec8ddbe250","D03","BARC","BARC.AOS.inlet","2017-06-08","BARC.IN.20170608.POM.1",,"condition ok","SIRFER Lab at University of Utah","2018-05-22","ElFtGy1kV49xqNP00HfxQA==","POM","1",,,100,"carbon",584.29,"microgramsPerLiter","Revesz & Coplen 2012a",,
"9fb4e76f-7801-4e34-b5cf-24df92891ec2","D03","BARC","BARC.AOS.outlet","2017-06-08","BARC.OT.20170608.POM.1",,"condition ok","SIRFER Lab at University of Utah","2018-05-22","ElFtGy1kV49xqNP00HfxQA==","POM","1",,,100,"carbon",597.57,"microgramsPerLiter","Revesz & Coplen 2012a",,
"c4bb3168-2bbc-42b3-9105-366a9dc48df2","D03","BARC","BARC.AOS.outlet","2017-06-08","BARC.OT.20170608.POM.1",,"condition ok","SIRFER Lab at University of Utah","2018-05-22","ElFtGy1kV49xqNP00HfxQA==","POM","1",,,100,"d15N",7.87,"perMill","Revesz & Coplen 2012a",,
"528e3779-5171-4c5c-88ef-8ae1f74a6da8","D03","BARC","BARC.AOS.outlet","2017-06-08","BARC.OT.20170608.POM.1",,"condition ok","SIRFER Lab at University of Utah","2018-05-22","ElFtGy1kV49xqNP00HfxQA==","POM","1",,,100,"nitrogen",49.66,"microgramsPerLiter","Revesz & Coplen 2012a",,
"e7722695-1a1f-479f-af6d-3be262bb901f","D03","BARC","BARC.AOS.outlet","2017-06-08","BARC.OT.20170608.POM.1",,"condition ok","SIRFER Lab at University of Utah","2018-05-22","ElFtGy1kV49xqNP00HfxQA==","POM","1",,,100,"d13C",-31.30,"perMill","Revesz & Coplen 2012a",,
"f8ac773f-d5e1-456a-9ee7-00192cd01607","D03","BARC","BARC.AOS.buoy.c0","2017-06-27","BARC.C0.20170627.POM.1",,"condition ok","SIRFER Lab at University of Utah","2018-05-08","ElFtGy1kV49xqNP00HfxQA==","POM","1",,,100,"carbon",667.56,"microgramsPerLiter","Revesz & Coplen 2012a",,
"f1e15234-a6fe-456d-bcf6-5824e47b0f4f","D03","BARC","BARC.AOS.buoy.c0","2017-06-27","BARC.C0.20170627.POM.1",,"condition ok","SIRFER Lab at University of Utah","2018-05-08","ElFtGy1kV49xqNP00HfxQA==","POM","1",,,100,"nitrogen",57.45,"microgramsPerLiter","Revesz & Coplen 2012a",,
"d8040e9b-9f35-46aa-8ce3-800f1e3ba5a9","D03","BARC","BARC.AOS.buoy.c0","2017-06-27","BARC.C0.20170627.POM.1",,"condition ok","SIRFER Lab at University of Utah","2018-05-08","ElFtGy1kV49xqNP00HfxQA==","POM","1",,,100,"d15N",6.89,"perMill","Revesz & Coplen 2012a",,
"55fa0259-33b0-4427-a29f-cb2f116d2854","D03","BARC","BARC.AOS.buoy.c0","2017-06-27","BARC.C0.20170627.POM.1",,"condition ok","SIRFER Lab at University of Utah","2018-05-08","ElFtGy1kV49xqNP00HfxQA==","POM","1",,,100,"d13C",-31.35,"perMill","Revesz & Coplen 2012a",,
"0fdb139a-f8b7-4e8a-b131-58ee836c36f8","D03","BARC","BARC.AOS.inlet","2017-06-27","BARC.IN.20170627.POM.1",,"condition ok","SIRFER Lab at University of Utah","2018-05-08","ElFtGy1kV49xqNP00HfxQA==","POM","1",,,100,"carbon",613.98,"microgramsPerLiter","Revesz & Coplen 2012a",,
"31174865-98a9-4ed2-83a3-3fbb2e486f26","D03","BARC","BARC.AOS.inlet","2017-06-27","BARC.IN.20170627.POM.1",,"condition ok","SIRFER Lab at University of Utah","2018-05-08","ElFtGy1kV49xqNP00HfxQA==","POM","1",,,100,"nitrogen",52.99,"microgramsPerLiter","Revesz & Coplen 2012a",,
"6dd07cd7-3181-43ea-bb14-54cb475e1850","D03","BARC","BARC.AOS.inlet","2017-06-27","BARC.IN.20170627.POM.1",,"condition ok","SIRFER Lab at University of Utah","2018-05-08","ElFtGy1kV49xqNP00HfxQA==","POM","1",,,100,"d15N",8.20,"perMill","Revesz & Coplen 2012a",,
"a5a9c500-eeef-4f1d-8413-1429628a1971","D03","BARC","BARC.AOS.inlet","2017-06-27","BARC.IN.20170627.POM.1",,"condition ok","SIRFER Lab at University of Utah","2018-05-08","ElFtGy1kV49xqNP00HfxQA==","POM","1",,,100,"d13C",-29.71,"perMill","Revesz & Coplen 2012a",,
"cc9ebf9b-7361-4eee-96e3-c3a95261107a","D03","BARC","BARC.AOS.outlet","2017-06-27","BARC.OT.20170627.POM.1",,"condition ok","SIRFER Lab at University of Utah","2018-05-08","ElFtGy1kV49xqNP00HfxQA==","POM","1",,,100,"d13C",-30.38,"perMill","Revesz & Coplen 2012a",,
"a98dbd5c-8b6f-4851-8cca-40468e8b4863","D03","BARC","BARC.AOS.outlet","2017-06-27","BARC.OT.20170627.POM.1",,"condition ok","SIRFER Lab at University of Utah","2018-05-08","ElFtGy1kV49xqNP00HfxQA==","POM","1",,,100,"carbon",661.94,"microgramsPerLiter","Revesz & Coplen 2012a",,
"abc14b6d-1634-4933-8605-681db81b7a9e","D03","BARC","BARC.AOS.outlet","2017-06-27","BARC.OT.20170627.POM.1",,"condition ok","SIRFER Lab at University of Utah","2018-05-08","ElFtGy1kV49xqNP00HfxQA==","POM","1",,,100,"d15N",7.58,"perMill","Revesz & Coplen 2012a",,
"48546980-0b45-49a8-a4ee-36532470f234","D03","BARC","BARC.AOS.outlet","2017-06-27","BARC.OT.20170627.POM.1",,"condition ok","SIRFER Lab at University of Utah","2018-05-08","ElFtGy1kV49xqNP00HfxQA==","POM","1",,,100,"nitrogen",56.68,"microgramsPerLiter","Revesz & Coplen 2012a",,
