uid,domainID,siteID,namedLocation,decimalLatitude,decimalLongitude,coordinateUncertainty,additionalCoordUncertainty,elevation,elevationUncertainty,geodeticDatum,altLocation,altLatitude,altLongitude,altCoordinateUncertainty,altGeodeticDatum,collectDate,aquaticSiteType,samplingImpractical,parentSampleID,parentSampleCode,eventID,samplerType,dissolvedOxygen,dissolvedOxygenSaturation,specificConductance,waterTemp,asiSamplingProtocolVersion,lowerSegmentDepth,upperSegmentDepth,maxDepth,lakeSampleDepth1,lakeSampleDepth2,aCollectedBy,bCollectedBy,remarks,fieldDataQF
"05ef4ac3-d918-4289-8dca-2dfeb7356b93","D03","BARC","BARC.AOS.buoy.c0",29.675982,-82.008414,10.0,10.0,27.0,10.0,"WGS84",,,,,,"2017-06-08T14:04Z","lake",,"BARC.C0.20170608",,"BARC.20170608","Kemmerer",6.76,85.50,43.30,27.60,"NEON.DOC.001886vE",,,4.5,0.5,,"jcampbell@field-ops.org","kludwig@field-ops.org",,
"9f8a79f4-9182-49f8-a344-39d80adb047b","D03","BARC","BARC.AOS.inlet",29.677477,-82.007714,0.3,10.0,26.9,0.3,"WGS84",,,,,,"2017-06-08T14:30Z","lake",,"BARC.IN.20170608",,"BARC.20170608","Kemmerer",7.34,92.70,44.00,27.20,"NEON.DOC.001886vE",,,0.9,0.5,,"jcampbell@field-ops.org","kludwig@field-ops.org",,
"229d6bf5-de06-4d52-acd5-3d4e04e5eb48","D03","BARC","BARC.AOS.outlet",29.674748,-82.008404,0.3,10.0,27.1,0.3,"WGS84",,,,,,"2017-06-08T15:00Z","lake",,"BARC.OT.20170608",,"BARC.20170608","Kemmerer",6.33,79.50,43.90,27.00,"NEON.DOC.001886vE",,,0.9,0.5,,"jcampbell@field-ops.org","kludwig@field-ops.org",,
"5a97c8b3-b262-40a7-9b1e-0028271fc9cb","D03","BARC","BARC.AOS.buoy.c0",29.675982,-82.008414,10.0,10.0,27.0,10.0,"WGS84",,,,,,"2017-06-27T12:51Z","lake",,"BARC.C0.20170627",,"BARC.20170627","Kemmerer",6.00,80.80,41.30,30.90,"NEON.DOC.001886vE",,,4.8,0.5,,"kludwig@field-ops.org","echartrand@neoninc.org",,
"16c98ca4-3910-4282-bfb7-165107d560ac","D03","BARC","BARC.AOS.inlet",29.677477,-82.007714,0.3,10.0,26.9,0.3,"WGS84",,,,,,"2017-06-27T13:17Z","lake",,"BARC.IN.20170627",,"BARC.20170627","Kemmerer",6.02,81.20,41.70,30.70,"NEON.DOC.001886vE",,,1.0,0.5,,"kludwig@field-ops.org","echartrand@neoninc.org",,
"ab7e7f0f-33cc-4303-a5b6-1841e27dac4e","D03","BARC","BARC.AOS.outlet",29.674748,-82.008404,0.3,10.0,27.1,0.3,"WGS84",,,,,,"2017-06-27T13:45Z","lake",,"BARC.OT.20170627",,"BARC.20170627","Kemmerer",6.27,84.20,41.50,30.60,"NEON.DOC.001886vE",,,0.7,0.5,,"kludwig@field-ops.org","echartrand@neoninc.org",,
