uid,domainID,siteID,namedLocation,collectDate,sampleID,sampleCode,sampleCondition,laboratoryName,analysisDate,analyzedBy,sampleType,replicate,sampleVolumeFiltered,filterSize,percentFilterAnalyzed,analyte,analyteConcentration,plantAlgaeLabUnits,method,externalRemarks,externalLabDataQF
"0b8e92dd-f4c2-4a39-a4bc-a1278d1cbefd","D14","SYCA","SYCA.AOS.reach","2017-10-03","SYCA.RE.20171003.POM.1",,"condition ok","SIRFER Lab at University of Utah","2018-03-26","ElFtGy1kV49xqNP00HfxQA==","CNS","1",,,100,"carbon",281.56,"microgramsPerLiter","Revesz & Coplen 2012a",,
"995cdda2-a72b-42c3-be1c-4e4cad2e7a1d","D14","SYCA","SYCA.AOS.reach","2017-10-03","SYCA.RE.20171003.POM.1",,"condition ok","SIRFER Lab at University of Utah","2018-03-26","ElFtGy1kV49xqNP00HfxQA==","CNS","1",,,100,"d13C",-28.56,"perMill","Revesz & Coplen 2012a",,
"a2057159-7bed-4fb1-ae1e-6c28337e5e07","D14","SYCA","SYCA.AOS.reach","2017-10-03","SYCA.RE.20171003.POM.1",,"condition ok","SIRFER Lab at University of Utah","2018-03-26","ElFtGy1kV49xqNP00HfxQA==","CNS","1",,,100,"d15N",6.44,"perMill","Revesz & Coplen 2012a",,
"4eb18607-01c4-42db-afb9-aa79bddd98a1","D14","SYCA","SYCA.AOS.reach","2017-10-03","SYCA.RE.20171003.POM.1",,"condition ok","SIRFER Lab at University of Utah","2018-03-26","ElFtGy1kV49xqNP00HfxQA==","CNS","1",,,100,"nitrogen",32.46,"microgramsPerLiter","Revesz & Coplen 2012a",,
