uid,domainID,siteID,namedLocation,collectDate,parentSampleID,parentSampleCode,isotopeH2OSampleCond,isotopeH2OSampleID,isotopeH2OSampleCode,isotopePOMRep2SampleCond,isotopePOMRep2SampleID,isotopePOMRep2SampleCode,isotopePOMSampleCond,isotopePOMSampleID,isotopePOMSampleCode,processedDateFilters,processedDateH2OIsotopes,sampleVolumeFilteredPOMRep1,sampleVolumeFilteredPOMRep2,fieldDataQF
"05edd219-5ec1-4bdb-9023-f5972cad8393","D18","OKSR","OKSR.AOS.S2","2019-09-03T17:53Z","OKSR.SS.20190903",,"Sample condition ok","OKSR.SS.20190903.H2O.1","A00000101751","Sample condition ok","OKSR.SS.20190903.POM.2","A00000101783","Sample condition ok","OKSR.SS.20190903.POM.1","A00000101767","2019-09-03T19:24Z","2019-09-03T19:24Z",750,750,
"a31be59b-d43b-4437-9b8d-84b8ed3138d1","D18","OKSR","OKSR.AOS.S2","2019-09-10T18:27Z","OKSR.SS.20190910",,"Sample condition ok","OKSR.SS.20190910.H2O.1","A00000100892","Sample condition ok","OKSR.SS.20190910.POM.2","A00000100877","Sample condition ok","OKSR.SS.20190910.POM.1","A00000100879","2019-09-10T21:45Z","2019-09-10T22:16Z",750,750,
"4af6008b-8d39-4a84-afb5-53c98e8483b5","D18","OKSR","OKSR.AOS.S2","2019-09-17T18:55Z","OKSR.SS.20190917",,"Sample condition ok","OKSR.SS.20190917.H2O.1","A00000101794","Sample condition ok","OKSR.SS.20190917.POM.2","A00000100931","Sample condition ok","OKSR.SS.20190917.POM.1","A00000100930","2019-09-18T06:55Z","2019-09-18T06:55Z",750,750,
"e2ebe29a-27c0-4bb0-bf40-ddc706d3a38c","D18","OKSR","OKSR.AOS.S2","2019-09-24T19:45Z","OKSR.SS.20190924",,"Sample condition ok","OKSR.SS.20190924.H2O.1","A00000100962","Sample condition ok","OKSR.SS.20190924.POM.2","A00000100942","Sample condition ok","OKSR.SS.20190924.POM.1","A00000100976","2019-09-24T21:24Z","2019-09-24T21:24Z",750,750,
