uid,domainID,siteID,namedLocation,decimalLatitude,decimalLongitude,coordinateUncertainty,additionalCoordUncertainty,elevation,elevationUncertainty,geodeticDatum,altLocation,altLatitude,altLongitude,altCoordinateUncertainty,altGeodeticDatum,collectDate,aquaticSiteType,samplingImpractical,parentSampleID,parentSampleCode,eventID,samplerType,dissolvedOxygen,dissolvedOxygenSaturation,specificConductance,waterTemp,asiSamplingProtocolVersion,lowerSegmentDepth,upperSegmentDepth,maxDepth,lakeSampleDepth1,lakeSampleDepth2,aCollectedBy,bCollectedBy,remarks,fieldDataQF
"17c73d71-0a63-48b1-8955-6b43b3aeafb6","D18","OKSR","OKSR.AOS.S2",68.669659,-149.143501,0.1,10.0,767.4,0.0,"WGS84",,,,,,"2019-09-03T17:53Z","stream",,"OKSR.SS.20190903",,"OKSR.20190903","Grab",11.23,90.40,67.10,5.40,"NEON.DOC.001886vF",,,,,,"0000-0002-2848-7952","0000-0001-5131-1181",,
"679087f5-46bc-4c9c-849a-4de2dd3b1c05","D18","OKSR","OKSR.AOS.S2",68.669659,-149.143501,0.1,10.0,767.4,0.0,"WGS84",,,,,,"2019-09-10T18:27Z","stream",,"OKSR.SS.20190910",,"OKSR.20190910","Grab",10.92,88.00,71.70,6.10,"NEON.DOC.001886vF",,,,,,"0000-0003-1651-3911","0000-0003-1651-3911",,
"b596f193-cea8-405a-a56d-2448ad41abaf","D18","OKSR","OKSR.AOS.S2",68.669659,-149.143501,0.1,10.0,767.4,0.0,"WGS84",,,,,,"2019-09-17T18:55Z","stream",,"OKSR.SS.20190917",,"OKSR.20190917","Grab",12.88,90.80,62.60,1.10,"NEON.DOC.001886vF",,,,,,"0000-0002-9744-1448","0000-0002-9744-1448",,
"3b03f34a-0575-4852-ac82-6fd2a860ef27","D18","OKSR","OKSR.AOS.S2",68.669659,-149.143501,0.1,10.0,767.4,0.0,"WGS84",,,,,,"2019-09-24T19:45Z","stream",,"OKSR.SS.20190924",,"OKSR.20190924","Grab",13.04,89.20,83.00,0.00,"NEON.DOC.001886vF",,,,,,"0000-0002-9744-1448","0000-0002-2848-7952",,
